Running on jalapeno
 FRESCOX - version 7.2-4-g8e5699f: Coupled Reaction Channels             on gfortran                      

 Assuming NAMELIST input.

 12C(d,p)13C(3.089 MeV,1/2+) CCBA                                                                                        

   0.100  20.000   0.200   0.200  20.000   0.000   0.000   0.000   0.000   0.000

 Centre-of-mass Range is    202 * 0.1000 fm., Maximum at  20.00 fm., Interpolating NL forms every  0.20 fm.
 Non - locality width is    101 * 0.2000 fm., Maximum of  20.00 fm., Centred at  0.00 fm.
 2-Nucleon Separation of      0 * 0.2000 fm., Maximum of   0.00 fm., Minimum at  0.00 fm.
 Maximum single particle bins of 20.0000 fm.
               M,Mint =          201         201


 Range of total J is     0.0 <= J <=    18.0 (at least     0.0) and Absorbtion =>     0.0000 mb.
 Dry Run = F, CC set limits =  0  0, Relativistic kinematics =   , Both/Far/Near Analyses =  1                     

 Cross Sections (and up to T0 for 0=projectile) for Theta from   0.0 to 180.0 in steps of  0.5 degrees, DGAM=0, grace=T,  Coordinates = 1 (Mads,Tran)

 Lower Radial Cutoff = maximum of -1.60*L*h &       0.0 fm.,  Lower Cutoff for Couplings =   0.0  fm.


 Iterate Couplings between   1 and 100 times, to  0.010 % if sooner.            Convergence failures are fatal
  Block solved exactly =   8 chs., with Pade = 1 & Isocen =  =0, NOSOL = F, CCREAL = F, initwf =  0
    Small channels are  0.00E+00 and small couplings are  1.00E-12 of unitarity

  NL quadrature with   48 Gaussian points, Calculate multipoles up to    28 from   0
  M-transfers for lp+lt greater than or equal to  6, Angular Integration Cutoff below  0.3906 %


 Trace switches are :  CHANS =  1, LISTCC =  1, TRENEG =  0, CDETR =  0, SMATS =  1, XSTABL =  3, NLPL =  0

                       WAVES =  0, LAMPL = -2, VEFF =  1, KFUS =  0, WDISK =  2, BPM =  2, MELFIL =  0

                       CDCC =  0, NFUS =  0, TCFILE =  0

 CAUTION: WAVE FUNCTIONS ARE NOT IMPROVED BY PADE ACCELERATION - ONLY THE S-MATRIX ELEMENTS.

          WAVE FUNCTIONS SIMPLY RESCALED BY S-MATRIX CORRECTIONS

 Using unit mass = 1.000000 amu and 1/fine-structure constant = 137.03599 ( 1.000000 * true ) with hc = 197.32705 MeV.fm,
  thus 2*amu/hbar^2 = 0.0478450 = 1/20.9008 and Coulomb constant = 0.1574855 so e^2 =  1.43996515, and nuclear magneton= 0.1261183

 Now pre-scan input and save to file 3



 *********** PARTITION NUMBER  1 ******************************************************************************************

   PROJ=2H         MASS=  2.0141 Z=   1.0,        # STATES=    2T, TARG=12C      MASS= 12.0000 Z=   6.0,     Q-VALUE =   0.0000 MeV

   MIXPOT =  0: no couplings (default)

     1:  J= 1.0+ (B# 1), E=  0.0000, K= 0.0              Potl#  1       J= 0.0+ (B# 1), E=  0.0000, K= 0.0    

     2:  J= 1.0+ (B# 1), E=  0.0000, K= 0.0              Potl#  1       J= 2.0+ (B# 1), E=  4.4389, K= 0.0    
                                  (Just State  1)


 *********** PARTITION NUMBER  2 ******************************************************************************************

   PROJ=1H         MASS=  1.0078 Z=   1.0,        # STATES=    3T, TARG=13C      MASS= 13.0033 Z=   6.0,     Q-VALUE =   2.7220 MeV

   MIXPOT =  0: no couplings (default)

     1:  J= 0.5+ (B# 1), E=  0.0000, K= 0.5              Potl#  2       J= 0.5+ (B# 1), E=  3.0890, K= 0.5    

     2:  J= 0.5+ (B# 1), E=  0.0000, K= 0.5              Potl#  2       J= 0.5+ (B# 1), E=  3.0890, K= 0.5    
                                  (Just State  1)

     3:  J= 0.5+ (B# 1), E=  0.0000, K= 0.5              Potl#  2       J= 0.5+ (B# 1), E=  3.0890, K= 0.5    
                                  (Just State  1)


 ************************************************************************************************************************************

 The following POTENTIALS are defined :

  KP#       TYPE      IT    SHAPE      at     V1        r1        a1        V2        r2        a2        A-in     A-used


                                            A#1       A#2        r0c       ac                                                h @ 1
    1    0=Coulomb       0=CHARGE (WS)  1    12.000     0.000    1.3000    0.0000    0.0000    0.0000     0.000    12.000   0.10000

                                           Mn(E1)    Mn(E2)    Mn(E3)  .....
    1   13=Targ. table  10=derivatives  2    0.0000   -6.1600    0.0000    0.0000    0.0000    0.0000     0.000     2.976= RADIUS

          Coulomb reduced matrix element   2 <-  1 of k = 2 (at   2 from   1 p)  ==   -6.1600
              Step 2 <- 1 of k =  2 (Potl. beta =-0.48549)  1 @   2
                                     Beta of targ. =-0.48549 (using radius of 2.976 fm.).
              Step 1 <- 2 of k =  2 (Potl. beta =-0.00000)  1 @   2
              Step 2 <- 2 of k =  2 (Potl. beta = 0.00000)  1 @   2

    1    1=Volume        0=Woods-Saxon  3  119.6000    0.9000    0.8000    0.0000    0.0000    0.0000     0.000    12.000

    1    2=Surface       0=Woods-Saxon  3    0.0000    0.0000    0.0000   11.6000    1.4520    0.6210     0.000    12.000

                                            Def1      Def2      Def3   .....
    1   13=Targ. table  11=quadrat,k>0  4    0.0000   -1.4400    0.0000    0.0000    0.0000    0.0000     0.000     3.324= RADIUS

          Nuclear reduced matrix element   2 <-  1 of k = 2 (at   4 from   3 p)  ==   -1.4400
              Step 2 <- 1 of k =  2 (Potl. beta =-0.43318)  1 @   4
                                     Beta of targ. =-0.43318 (using radius of 3.324 fm.).
              Step 1 <- 2 of k =  2 (Potl. beta =-0.00000)  1 @   4
              Step 2 <- 2 of k =  2 (Potl. beta = 0.00000)  1 @   4

    1    3=Projtl S.O.   0=Woods-Saxon  5    1.3000    0.9000    0.8000    0.0000    0.0000    0.0000     0.000    12.000
   --------------------------------------------------------------------------------------------------------------------

                                            A#1       A#2        r0c       ac                                                h @ 2
    2    0=Coulomb       0=CHARGE (WS)  6    13.000     0.000    1.1230    0.0000    0.0000    0.0000     0.000    13.000   0.10000

    2    1=Volume        0=Woods-Saxon  7   55.1000    1.1230    0.5700    0.0000    0.0000    0.0000     0.000    13.000

    2    2=Surface       0=Woods-Saxon  8    0.0000    0.0000    0.0000    8.0000    1.1230    0.5000     0.000    13.000

    2    3=Projtl S.O.   0=Woods-Saxon  9    5.5000    1.1230    0.5700    0.0000    0.0000    0.0000     0.000    13.000
   --------------------------------------------------------------------------------------------------------------------

                                            A#1       A#2        r0c       ac                                                h @ 0
    3    0=Coulomb       0=CHARGE (WS) 10     1.000     0.000    1.2500    0.0000    0.0000    0.0000     0.000     1.000   0.10000

    3    1=Volume        5=RSC T=0     11    1.0000    0.0000    1.0000    0.0000    0.0000    0.0000     0.000     1.000

    3    3=Projtl S.O.   5=RSC T=0     12    1.0000    0.0000    1.0000    0.0000    0.0000    0.0000     0.000     1.000

    3    4=Target S.O.   5=RSC T=0     13    1.0000    0.0000    1.0000    0.0000    0.0000    0.0000     0.000     1.000

    3    7=Prj+Targ Tr   5=RSC T=0     14    1.0000    0.0000    1.0000    0.0000    0.0000    0.0000     0.000     1.000
   --------------------------------------------------------------------------------------------------------------------

                                            A#1       A#2        r0c       ac                                                h @ 0
    4    0=Coulomb       0=CHARGE (WS) 15    13.000     0.000    1.3000    0.0000    0.0000    0.0000     0.000    13.000   0.10000

    4    1=Volume        0=Woods-Saxon 16   60.0000    1.3000    0.7000    0.0000    0.0000    0.0000     0.000    13.000

    4    3=Projtl S.O.   0=Woods-Saxon 17    6.5000    1.3000    0.7000    0.0000    0.0000    0.0000     0.000    13.000


 ************************************************************************************************************************************

 The following    real SINGLE-PARTICLE FORM FACTORS are  constructed:


 No.   P1 P2 IN KIND T N  L  S1 IA J/S  IB BIND XFER  BE    SC PC FIL AFRAC Adjust  to  Z  Mass   K     Norm    rms      D0     D   ANC/Gsp

 The following  2 components are in a group labelled    1 for   1.0+

    1:  2  1  1  3   * 1  0 0.5  1 0.5   1   3   0   2.2336  0  0  0 0.0000 BE  2.2336; 0. 1.009 0.2321 0.9670  3.980 -125.4 -129.2  0.8790

    2:  2  1  1  3     1  2 0.5  1 1.5   1   3   0   2.2336  0  0  0 0.0000 BE  2.2336; 0. 1.009 0.2321 0.2546  2.417   -7.6   -8.3  0.0231

 Overall sq,rms norms & radius =  1.0000  1.0000,  3.8976, & Overall D0 & D =  -132.93  -137.52
 ------------------------------------------------------------------------------------------------------------------------------------

    Parameters      Mismatch   Nodes -> 2 in ch  1

      1.000000    10.68970931     2    55
      0.991271     5.18822894     2    55
      0.975281     2.43955776     2    55
      0.948515     1.07089226     2    55
      0.911276     0.40201915     2    55
      0.875602     0.10391639     2    55
      0.858899     0.01087574     2    55
      0.856720     0.00014407     2    55
      0.856691     0.00000003     2    55

 For Channel #  1 with l = 0,  j =  0.5, around core state #  1

   R    Y(R)
   0.00  -0.0000E+00,    0.20   1.0947E-01,    0.40   2.0957E-01,    0.60   2.9183E-01,    0.80   3.4943E-01,    1.00   3.7780E-01, 
   1.20   3.7496E-01,    1.40   3.4166E-01,    1.60   2.8122E-01,    1.80   1.9905E-01,    2.00   1.0205E-01,    2.20  -2.2507E-03, 
   2.40  -1.0648E-01,    2.60  -2.0421E-01,    2.80  -2.9054E-01,    3.00  -3.6235E-01,    3.20  -4.1831E-01,    3.40  -4.5863E-01, 
   3.60  -4.8465E-01,    3.80  -4.9837E-01,    4.00  -5.0207E-01,    4.20  -4.9796E-01,    4.40  -4.8806E-01,    4.60  -4.7404E-01, 
   4.80  -4.5727E-01,    5.00  -4.3880E-01,    5.20  -4.1940E-01,    5.40  -3.9967E-01,    5.60  -3.8000E-01,    5.80  -3.6069E-01, 
   6.00  -3.4192E-01,    6.20  -3.2381E-01,    6.40  -3.0643E-01,    6.60  -2.8983E-01,    6.80  -2.7402E-01,    7.00  -2.5898E-01, 
   7.20  -2.4472E-01,    7.40  -2.3120E-01,    7.60  -2.1840E-01,    7.80  -2.0628E-01,    8.00  -1.9483E-01,    8.20  -1.8400E-01, 
   8.40  -1.7376E-01,    8.60  -1.6409E-01,    8.80  -1.5495E-01,    9.00  -1.4632E-01,    9.20  -1.3817E-01,    9.40  -1.3047E-01, 
   9.60  -1.2320E-01,    9.80  -1.1634E-01,   10.00  -1.0985E-01,   10.20  -1.0373E-01,   10.40  -9.7946E-02,   10.60  -9.2486E-02, 
  10.80  -8.7330E-02,   11.00  -8.2462E-02,   11.20  -7.7865E-02,   11.40  -7.3524E-02,   11.60  -6.9426E-02,   11.80  -6.5555E-02, 
  12.00  -6.1901E-02,   12.20  -5.8450E-02,   12.40  -5.5191E-02,   12.60  -5.2114E-02,   12.80  -4.9209E-02,   13.00  -4.6466E-02, 
  13.20  -4.3875E-02,   13.40  -4.1429E-02,   13.60  -3.9120E-02,   13.80  -3.6939E-02,   14.00  -3.4880E-02,   14.20  -3.2935E-02, 
  14.40  -3.1099E-02,   14.60  -2.9365E-02,   14.80  -2.7728E-02,   15.00  -2.6182E-02,   15.20  -2.4723E-02,   15.40  -2.3344E-02, 
  15.60  -2.2043E-02,   15.80  -2.0814E-02,   16.00  -1.9654E-02,   16.20  -1.8558E-02,   16.40  -1.7523E-02,   16.60  -1.6547E-02, 
  16.80  -1.5624E-02,   17.00  -1.4753E-02,   17.20  -1.3931E-02,   17.40  -1.3154E-02,   17.60  -1.2421E-02,   17.80  -1.1728E-02, 
  18.00  -1.1074E-02,   18.20  -1.0457E-02,   18.40  -9.8740E-03,   18.60  -9.3236E-03,   18.80  -8.8038E-03,   19.00  -8.3130E-03, 
  19.20  -7.8496E-03,   19.40  -7.4119E-03,   19.60  -6.9987E-03,   19.80  -6.6086E-03,   20.00  -6.2401E-03, 

    At R=   19.900, ANC in ch  2 is    -1.93396

    2:  1  2  2  0     2  0 0.5  1 0.5   0   4   0   1.8570  1  3  0 0.0000 VR  0.8567; 0. 1.003 0.2868 1.0000  5.044  113.1  154.8 -1.9340

    Parameters      Mismatch   Nodes -> 1 in ch  1

      1.000000    -0.11469888     1    40
      1.023138     0.00990774     1    40
      1.021446     0.00006356     1    40

 For Channel #  1 with l = 2,  j =  2.5, around core state #  1

   R    Y(R)
   0.00   0.0000E+00,    0.20   1.0048E-03,    0.40   7.8640E-03,    0.60   2.5612E-02,    0.80   5.7767E-02,    1.00   1.0583E-01, 
   1.20   1.6904E-01,    1.40   2.4443E-01,    1.60   3.2720E-01,    1.80   4.1135E-01,    2.00   4.9045E-01,    2.20   5.5853E-01, 
   2.40   6.1090E-01,    2.60   6.4464E-01,    2.80   6.5892E-01,    3.00   6.5483E-01,    3.20   6.3501E-01,    3.40   6.0298E-01, 
   3.60   5.6255E-01,    3.80   5.1729E-01,    4.00   4.7020E-01,    4.20   4.2354E-01,    4.40   3.7891E-01,    4.60   3.3726E-01, 
   4.80   2.9910E-01,    5.00   2.6460E-01,    5.20   2.3370E-01,    5.40   2.0622E-01,    5.60   1.8189E-01,    5.80   1.6042E-01, 
   6.00   1.4151E-01,    6.20   1.2487E-01,    6.40   1.1025E-01,    6.60   9.7389E-02,    6.80   8.6084E-02,    7.00   7.6141E-02, 
   7.20   6.7389E-02,    7.40   5.9682E-02,    7.60   5.2889E-02,    7.80   4.6898E-02,    8.00   4.1609E-02,    8.20   3.6938E-02, 
   8.40   3.2809E-02,    8.60   2.9156E-02,    8.80   2.5922E-02,    9.00   2.3058E-02,    9.20   2.0519E-02,    9.40   1.8267E-02, 
   9.60   1.6269E-02,    9.80   1.4494E-02,   10.00   1.2918E-02,   10.20   1.1517E-02,   10.40   1.0271E-02,   10.60   9.1631E-03, 
  10.80   8.1768E-03,   11.00   7.2986E-03,   11.20   6.5164E-03,   11.40   5.8195E-03,   11.60   5.1984E-03,   11.80   4.6446E-03, 
  12.00   4.1507E-03,   12.20   3.7101E-03,   12.40   3.3169E-03,   12.60   2.9659E-03,   12.80   2.6525E-03,   13.00   2.3727E-03, 
  13.20   2.1227E-03,   13.40   1.8994E-03,   13.60   1.6998E-03,   13.80   1.5214E-03,   14.00   1.3619E-03,   14.20   1.2193E-03, 
  14.40   1.0918E-03,   14.60   9.7774E-04,   14.80   8.7570E-04,   15.00   7.8439E-04,   15.20   7.0268E-04,   15.40   6.2955E-04, 
  15.60   5.6409E-04,   15.80   5.0549E-04,   16.00   4.5302E-04,   16.20   4.0603E-04,   16.40   3.6395E-04,   16.60   3.2625E-04, 
  16.80   2.9249E-04,   17.00   2.6224E-04,   17.20   2.3514E-04,   17.40   2.1085E-04,   17.60   1.8909E-04,   17.80   1.6958E-04, 
  18.00   1.5210E-04,   18.20   1.3643E-04,   18.40   1.2238E-04,   18.60   1.0979E-04,   18.80   9.8492E-05,   19.00   8.8366E-05, 
  19.20   7.9285E-05,   19.40   7.1141E-05,   19.60   6.3837E-05,   19.80   5.7287E-05,   20.00   5.1410E-05, 

    At R=   19.900, ANC in ch  3 is     1.51566

    3:  1  2  2  0     1  2 0.5  1 2.5   0   4   0   6.2959  1  3  0 0.0000 VR  1.0214; 0. 1.003 0.5281 1.0000  3.362  -42.2  -73.8  1.5157

 ************************************************************************************************************************************

 TWO-way COUPLING # 1 for partitions  2 <-  1 of KIND  7,   0 -2  0 -1 -1 & P1,P2 =    0.0000   0.0000 : for J <=    18.5 & R <  19.7 fm.


 data =  1  1  1  1  1.0000,  so  < [2H       #  1] / [1H       #  1]  * Eigen-form #  1>  =   1.0000            BE =  2.234     1

 data =  2  1  1  2 -0.8974,  so  < [13C      #  1] / [12C      #  1]  * Eigen-form #  2>  =  -0.8974            BE =  1.857     2

 data =  2  1  2  3  0.3124,  so  < [13C      #  1] / [12C      #  2]  * Eigen-form #  3>  =   0.3124            BE =  6.296     3

 data =  2  2  1  2 -0.8974,  so  < [13C      #  2] / [12C      #  1]  * Eigen-form #  2>  =  -0.8974            BE =  1.857     2

 data =  2  2  2  3  0.0000,  so  < [13C      #  2] / [12C      #  2]  * Eigen-form #  3>  =   0.0000            BE =  6.296     3

 data =  2  3  1  2  0.0000,  so  < [13C      #  3] / [12C      #  1]  * Eigen-form #  2>  =   0.0000            BE =  1.857     2

 data =  2  3  2  3  0.3124,  so  < [13C      #  3] / [12C      #  2]  * Eigen-form #  3>  =   0.3124            BE =  6.296     3
  LOCF =           17
  USED(1,*) =  T F F
  USED(2,*) =  F T T
 KNT =   2, KNP =   1: NK,NG,loc=   1   1   1      18  T  T  F
 KNT =   2, KNP =   1: NK,NG,loc=   1   1   1      18
 KNT =   3, KNP =   1: NK,NG,loc=   2   2   2      19  T  T  F
 KNT =   3, KNP =   1: NK,NG,loc=   2   2   2      19

     So FINITE-RANGE TRANSFER : IP1 = 0 (POST    ), IP2=-2 =NONO+COMPLEX,  for   2 pairs of bound states summed into   2 pairs
      The main coupling potential is that binding the transferred particle to the 1H       core.

          Using between 1H       & 12C      the potential No.   2, and subtracting optical potential No.  2

   A real*8 is            8  bytes
   NLL,NLN,NLO =          99         101         101
0File   9 needs RL =   19998    REAL*8 numbers, and NR =    59. i.e.    9.44 Megabytes
   File            9  RECL =      161600
0RECOMMENDED NON-LOCAL WIDTH IS GREATER THAN    8.20 FM.,  RECOMMENDED CENTRATION   0.10, after    0.06 secs.
0Relative non-local usages (rms) are
    0.000   0.000   0.000   0.000   0.000   0.000   0.000   0.000   0.000   0.000   0.000   0.000   0.000   0.000   0.000
    0.000   0.000   0.000   0.000   0.000   0.000   0.000   0.000   0.000   0.000   0.002   0.005   0.009   0.016   0.026
    0.041   0.061   0.089   0.123   0.162   0.202   0.238   0.268   0.293   0.322   0.364   0.429   0.531   0.739   1.338
    3.315   9.733  27.901  56.857  52.215 100.000  57.881  33.088  18.672   8.513   3.569   1.377   0.728   0.586   0.505
    0.427   0.354   0.292   0.239   0.195   0.159   0.130   0.106   0.086   0.071   0.058   0.047   0.039   0.032   0.026
    0.021   0.017   0.014   0.012   0.010   0.008   0.006   0.005   0.004   0.004   0.003   0.002   0.002   0.002   0.001
    0.001   0.001   0.001   0.001   0.001   0.000   0.000   0.000   0.000   0.000   0.000
0Binding Energies: (2H       # 1 / 1H       # 1)(BE =  2.234)-(13C      # 1 / 12C      # 1)(BE =  1.857)- DISCREPANCY = -0.0096
0Binding Energies: (2H       # 1 / 1H       # 1)(BE =  2.234)-(13C      # 2 / 12C      # 1)(BE =  1.857)- DISCREPANCY = -0.0096
0Binding Energies: (2H       # 1 / 1H       # 1)(BE =  2.234)-(13C      # 1 / 12C      # 2)(BE =  6.296)- DISCREPANCY = -0.0096
0Binding Energies: (2H       # 1 / 1H       # 1)(BE =  2.234)-(13C      # 3 / 12C      # 2)(BE =  6.296)- DISCREPANCY = -0.0096

 ************************************************************************************************************************************

 TWO-way COUPLING # 2 for partitions  2 <-  1 of KIND  8,   0  0  0***  0 & P1,P2 =    0.0000   0.0000 : for J <=    18.5 & R <  19.7 fm.

  LOCF =           17
  USED(1,*) =  T F F
  USED(2,*) =  F T T
 KNT =   2, KNP =   1: NK,NG,loc=   1   1   1      18  T  T  F
 KNT =   2, KNP =   1: NK,NG,loc=   1   1   1      18
 KNT =   3, KNP =   1: NK,NG,loc=   2   2   2      19  T  T  F
 KNT =   3, KNP =   1: NK,NG,loc=   2   2   2      19

     So NON-ORTHOGONALITY SUPPLEMENT for an  IC7=0 (POST)  coupling

   A real*8 is            8  bytes
   NLL,NLN,NLO =          99         101         101
0File  11 needs RL =    9999    REAL*8 numbers, and NR =    59. i.e.    4.72 Megabytes
   File           11  RECL =       80800
0RECOMMENDED NON-LOCAL WIDTH IS GREATER THAN   17.00 FM.,  RECOMMENDED CENTRATION  -1.70, after    0.03 secs.
0Relative non-local usages (rms) are
    0.061   0.096   0.127   0.158   0.191   0.226   0.266   0.309   0.359   0.415   0.477   0.547   0.626   0.715   0.816
    0.930   1.059   1.206   1.373   1.563   1.780   2.026   2.305   2.622   2.980   3.385   3.839   4.348   4.913   5.537
    6.221   6.962   7.758   8.607   9.511  10.484  11.564  12.836  14.449  16.638  19.714  24.042  29.992  37.916  48.123
   60.793  75.635  90.727 100.000  95.019  82.729  74.452  65.966  55.107  47.360  41.896  36.374  30.413  24.548  19.303
   14.929  11.445   8.743   6.678   5.109   3.920   3.016   2.329   1.804   1.401   1.092   0.853   0.667   0.524   0.412
    0.324   0.256   0.202   0.160   0.127   0.101   0.080   0.064   0.051   0.040   0.032   0.026   0.020   0.016   0.013
    0.010   0.008   0.007   0.005   0.004   0.003   0.002   0.002   0.001   0.001   0.001

 Incoming partition  1 in excitation state # 1,   Laboratory Energy given for partition  1 Nucleus 1 in Excitation pair 1

0Lab. ENERGY ranges :

   from    16.0000     to   0.00000     in        0 intervals
   from    0.00000     to   0.00000     in        0 intervals
   from    0.00000     to   0.00000     in        0 intervals

 Largest real,imaginary parts of any form factor at R=   19.00 are   7.58E-02  5.06E-10 MeV
 Finished all Couplings @    9.81310010E-02

 Non-symmetric Hamiltonian
1***********************************************************************************************************************************
************************************************************************************************************************************

        INCOMING 2H       ;    LABORATORY 2H       ENERGY =   16.000     MeV.

 ***********************************************************************************************************************************
 ***********************************************************************************************************************************

 Allocate arrays for            6  channels, of which            6  need wfs.

 #########################################################################################################################
 #                                                                                                                       #
 # Total SPIN and PARITY =     0.0 -,      6 channels,    6 in 1st block.  Rmin & Coul turning =    0.0 6.306E-01 fm.    #
 #                                                                                                                       #
 #########################################################################################################################



    C Projectl Target   #   EX.   (L  Proj) J  + Targ = Jtotal     E-cm      Re K     Re Eta     RM*K            CH                     G-REL
    1 2H       12C      #    1: I   1 1.0    0.0  0.0     0.0    13.70049   1.06325   0.33525   21.2650   0.10941   0.49259 1 1 1   1  1.00000
    2 2H       12C      #    2:     1 1.0    2.0  2.0     0.0     9.26159   0.87420   0.40775   17.4840  -0.42787  -0.27173 1 1 1   2  1.00000
    3 2H       12C      #    2:     3 1.0    2.0  2.0     0.0     9.26159   0.87420   0.40775   17.4840   0.18907   0.47507 1 1 1   2  1.00000
    4 1H       13C      #    1:     1 0.5    0.5  0.5     0.0    13.33349   0.77245   0.25026   15.4489  -0.29641   0.40913 2 1 2   1  1.00000
    5 1H       13C      #    2:     1 0.5    0.5  0.5     0.0    13.33349   0.77245   0.25026   15.4489  -0.29641   0.40913 2 1 2   2  1.00000
    6 1H       13C      #    3:     1 0.5    0.5  0.5     0.0    13.33349   0.77245   0.25026   15.4489  -0.29641   0.40913 2 1 2   3  1.00000

L-couplings:

   1  4  2  1   18  1  0  0.5  1  1  0.0  0.5   1  1.00000  1.00000 -0.89740  1.00000-8.974000220000E-01  0.28209   -0.253

   1  5  2  1   18  1  0  0.5  1  1  0.0  0.5   1  1.00000  1.00000 -0.89740  1.00000-8.974000220000E-01  0.28209   -0.253

   2  4  3  1   19  2  2  2.5  1  1  2.0  0.5   1  1.00000  0.69282  0.31240  1.00000 2.164370779205E-01 -0.39894   -0.086

   2  6  3  1   19  2  2  2.5  1  1  2.0  0.5   1  1.00000  0.69282  0.31240  1.00000 2.164370779205E-01 -0.39894   -0.086

   3  4  3  1   19  2  2  2.5  3  1  2.0  0.5   3  1.00000  0.17638  0.31240  1.00000 5.510218293142E-02  0.31987    0.018

   3  6  3  1   19  2  2  2.5  3  1  2.0  0.5   3  1.00000  0.17638  0.31240  1.00000 5.510218293142E-02  0.31987    0.018

L-couplings:

   1  4  2  1   18  1  0  0.5  1  1  0.0  0.5   1  1.00000  1.00000 -0.89740  1.00000-8.974000220000E-01  0.28209   -0.253

   1  5  2  1   18  1  0  0.5  1  1  0.0  0.5   1  1.00000  1.00000 -0.89740  1.00000-8.974000220000E-01  0.28209   -0.253

   2  4  3  1   19  2  2  2.5  1  1  2.0  0.5   1  1.00000  0.69282  0.31240  1.00000 2.164370779205E-01 -0.39894   -0.086

   2  6  3  1   19  2  2  2.5  1  1  2.0  0.5   1  1.00000  0.69282  0.31240  1.00000 2.164370779205E-01 -0.39894   -0.086

   3  4  3  1   19  2  2  2.5  3  1  2.0  0.5   3  1.00000  0.17638  0.31240  1.00000 5.510218293142E-02  0.31987    0.018

   3  6  3  1   19  2  2  2.5  3  1  2.0  0.5   3  1.00000  0.17638  0.31240  1.00000 5.510218293142E-02  0.31987    0.018
 Src-osrc corr   4   1 o,n=  20.18055  19.11618
 Src-osrc corr   5   1 o,n=  16.88355  16.05708
 Src-osrc corr   4   2 o,n=  19.11618  18.75998
 Src-osrc corr   6   2 o,n=   3.65978  11.82088
 Src-osrc corr   4   3 o,n=  18.75998  19.31672
 Src-osrc corr   6   3 o,n=  11.82088  14.35225
 Src-osrc corr   4   1 o,n=  20.18055  19.11618
 Src-osrc corr   5   1 o,n=  16.88355  16.05708
 Src-osrc corr   4   2 o,n=  19.11618  18.75998
 Src-osrc corr   6   2 o,n=   3.65978  11.82088
 Src-osrc corr   4   3 o,n=  18.75998  19.31672
 Src-osrc corr   6   3 o,n=  11.82088  14.35225
 Src-osrc corr   4   1 o,n=  22.58318  22.01598
 Src-osrc corr   5   1 o,n=  18.71219  18.39870
 Src-osrc corr   4   2 o,n=  22.01598  21.29198
 Src-osrc corr   6   2 o,n=   4.17128  11.91322
 Src-osrc corr   4   3 o,n=  21.29198  21.66315
 Src-osrc corr   6   3 o,n=  11.91322  14.37962
 Psi(EL) renorm. by  8.13E-01-3.05E-01, Conv =  0.53788 %
 Src-osrc corr   4   1 o,n=  24.70466  24.67693
 Src-osrc corr   5   1 o,n=  20.83157  21.05578
 Src-osrc corr   4   2 o,n=  24.67693  23.68742
 Src-osrc corr   6   2 o,n=   4.10014  11.93984
 Src-osrc corr   4   3 o,n=  23.68742  23.98435
 Src-osrc corr   6   3 o,n=  11.93984  14.41868
 Src-osrc corr   4   1 o,n=  24.15653  24.22836
 Src-osrc corr   5   1 o,n=  20.38877  20.70137
 Src-osrc corr   4   2 o,n=  24.22836  23.10195
 Src-osrc corr   6   2 o,n=   3.97683  11.63986
 Src-osrc corr   4   3 o,n=  23.10195  23.33699
 Src-osrc corr   6   3 o,n=  11.63986  14.07015
 Psi(EL) renorm. by  1.10E+00-7.51E-02, Conv =  0.44672 %
 Src-osrc corr   4   1 o,n=  24.59860  24.90632
 Src-osrc corr   5   1 o,n=  20.84241  21.38959
 Src-osrc corr   4   2 o,n=  24.90632  23.63344
 Src-osrc corr   6   2 o,n=   3.94676  11.44573
 Src-osrc corr   4   3 o,n=  23.63344  23.78593
 Src-osrc corr   6   3 o,n=  11.44573  13.83359
 Psi(EL) renorm. by  1.02E+00-1.04E-01, Conv =  0.22556 %
 Src-osrc corr   4   1 o,n=  24.90878  25.37138
 Src-osrc corr   5   1 o,n=  21.17711  21.87947
 Src-osrc corr   4   2 o,n=  25.37138  23.95972
 Src-osrc corr   6   2 o,n=   3.91328  11.32120
 Src-osrc corr   4   3 o,n=  23.95972  24.06920
 Src-osrc corr   6   3 o,n=  11.32120  13.68181
 Src-osrc corr   4   1 o,n=  24.49827  24.99614
 Src-osrc corr   5   1 o,n=  20.83208  21.56562
 Src-osrc corr   4   2 o,n=  24.99614  23.50630
 Src-osrc corr   6   2 o,n=   3.84096  11.14734
 Src-osrc corr   4   3 o,n=  23.50630  23.57950
 Src-osrc corr   6   3 o,n=  11.14734  13.47871
 Src-osrc corr   4   1 o,n=  24.46321  25.04190
 Src-osrc corr   5   1 o,n=  20.82778  21.64088
 Src-osrc corr   4   2 o,n=  25.04190  23.46544
 Src-osrc corr   6   2 o,n=   3.80556  11.03036
 Src-osrc corr   4   3 o,n=  23.46544  23.50648
 Src-osrc corr   6   3 o,n=  11.03036  13.33694
 Src-osrc corr   4   1 o,n=  24.40180  25.01966
 Src-osrc corr   5   1 o,n=  20.78811  21.64046
 Src-osrc corr   4   2 o,n=  25.01966  23.37093
 Src-osrc corr   6   2 o,n=   3.78150  10.95847
 Src-osrc corr   4   3 o,n=  23.37093  23.39665
 Src-osrc corr   6   3 o,n=  10.95847  13.24965
 Src-osrc corr   4   1 o,n=  24.15838  24.77744
 Src-osrc corr   5   1 o,n=  20.57372  21.42615
 Src-osrc corr   4   2 o,n=  24.77744  23.08882
 Src-osrc corr   6   2 o,n=   3.75083  10.88992
 Src-osrc corr   4   3 o,n=  23.08882  23.10461
 Src-osrc corr   6   3 o,n=  10.88992  13.16884
 Src-osrc corr   4   1 o,n=  24.07213  24.71264
 Src-osrc corr   5   1 o,n=  20.50285  21.37651
 Src-osrc corr   4   2 o,n=  24.71264  22.97683
 Src-osrc corr   6   2 o,n=   3.73440  10.84299
 Src-osrc corr   4   3 o,n=  22.97683  22.98622
 Src-osrc corr   6   3 o,n=  10.84299  13.11084
 Src-osrc corr   4   1 o,n=  24.00061  24.64743
 Src-osrc corr   5   1 o,n=  20.44037  21.32059
 Src-osrc corr   4   2 o,n=  24.64743  22.87770
 Src-osrc corr   6   2 o,n=   3.72479  10.81737
 Src-osrc corr   4   3 o,n=  22.87770  22.88617
 Src-osrc corr   6   3 o,n=  10.81737  13.07892
 Reaction Xsec     0.0-/ 1 @ 1 =     8.619 , Out:   0.000#   0.649    0.686    0.466    0.021    6.797f
 Allocate arrays for           13  channels, of which           13  need wfs.

 Total SPIN, PARITY =     1.0 +,     13 chs,     13 cc.  Rmin & Coul turning =    0.1    1.7
 Src-osrc corr   8   1 o,n=  11.89084  11.84266
 Src-osrc corr  10   1 o,n=  10.36591  10.69400
 Src-osrc corr   9   4 o,n=   0.06551   0.69726
 Src-osrc corr  13   4 o,n=   0.06551   1.34994
 Src-osrc corr   8   5 o,n=  11.84266  11.14290
 Src-osrc corr   9   5 o,n=   0.69726   3.04927
 Src-osrc corr  12   5 o,n=   3.80841   7.31245
 Src-osrc corr  13   5 o,n=   1.34994   6.06094
 Src-osrc corr   8   6 o,n=  11.14290  13.20456
 Src-osrc corr   9   6 o,n=   3.04927   0.69522
 Src-osrc corr  12   6 o,n=   7.31245  24.19445
 Src-osrc corr  13   6 o,n=   6.06094   1.35490
 Src-osrc corr   8   1 o,n=  11.89084  11.84266
 Src-osrc corr  10   1 o,n=  10.36591  10.69400
 Src-osrc corr   9   4 o,n=   0.06551   0.69726
 Src-osrc corr  13   4 o,n=   0.06551   1.34994
 Src-osrc corr   8   5 o,n=  11.84266  11.14290
 Src-osrc corr   9   5 o,n=   0.69726   3.04927
 Src-osrc corr  12   5 o,n=   3.80841   7.31245
 Src-osrc corr  13   5 o,n=   1.34994   6.06094
 Src-osrc corr   8   6 o,n=  11.14290  13.20456
 Src-osrc corr   9   6 o,n=   3.04927   0.69522
 Src-osrc corr  12   6 o,n=   7.31245  24.19445
 Src-osrc corr  13   6 o,n=   6.06094   1.35490
 Src-osrc corr   8   1 o,n=  13.32787  13.58423
 Src-osrc corr  10   1 o,n=  10.72133  11.52676
 Src-osrc corr   9   2 o,n=   0.07135   0.05959
 Src-osrc corr  11   2 o,n=   0.15216   0.14881
 Src-osrc corr   9   3 o,n=   0.05959   0.06788
 Src-osrc corr  13   3 o,n=   0.11812   0.13696
 Src-osrc corr   9   4 o,n=   0.06788   0.67685
 Src-osrc corr  13   4 o,n=   0.13696   1.36911
 Src-osrc corr   8   5 o,n=  13.58423  12.98674
 Src-osrc corr   9   5 o,n=   0.67685   3.05232
 Src-osrc corr  12   5 o,n=   5.15878   8.41609
 Src-osrc corr  13   5 o,n=   1.36911   6.09265
 Src-osrc corr   8   6 o,n=  12.98674  14.73614
 Src-osrc corr   9   6 o,n=   3.05232   0.69620
 Src-osrc corr  12   6 o,n=   8.41609  25.12780
 Src-osrc corr  13   6 o,n=   6.09265   1.41152
 Src-osrc corr   9   7 o,n=   0.69620   0.69909
 Src-osrc corr  13   7 o,n=   1.41152   1.41703
 Src-osrc corr   8   1 o,n=  14.56872  15.19096
 Src-osrc corr  10   1 o,n=  11.29228  12.59203
 Src-osrc corr   9   2 o,n=   0.03902   0.05815
 Src-osrc corr  11   2 o,n=   0.11649   0.12346
 Src-osrc corr   9   3 o,n=   0.05815   0.06785
 Src-osrc corr  13   3 o,n=   0.13808   0.15564
 Src-osrc corr   9   4 o,n=   0.06785   0.65701
 Src-osrc corr  13   4 o,n=   0.15564   1.39092
 Src-osrc corr   8   5 o,n=  15.19096  14.78785
 Src-osrc corr   9   5 o,n=   0.65701   3.18043
 Src-osrc corr  12   5 o,n=   5.55324   8.96906
 Src-osrc corr  13   5 o,n=   1.39092   6.31224
 Src-osrc corr   8   6 o,n=  14.78785  16.83816
 Src-osrc corr   9   6 o,n=   3.18043   0.74715
 Src-osrc corr  12   6 o,n=   8.96906  26.44019
 Src-osrc corr  13   6 o,n=   6.31224   1.49566
 Src-osrc corr   9   7 o,n=   0.74715   0.75146
 Src-osrc corr  13   7 o,n=   1.49566   1.50325
 Src-osrc corr   8   1 o,n=  14.04678  14.88420
 Src-osrc corr  10   1 o,n=  10.85529  12.34630
 Src-osrc corr   9   2 o,n=   0.05889   0.07016
 Src-osrc corr  11   2 o,n=   0.10232   0.11528
 Src-osrc corr   9   3 o,n=   0.07016   0.07683
 Src-osrc corr  13   3 o,n=   0.13639   0.14653
 Src-osrc corr   9   4 o,n=   0.07683   0.66741
 Src-osrc corr  13   4 o,n=   0.14653   1.37618
 Src-osrc corr   8   5 o,n=  14.88420  14.47769
 Src-osrc corr   9   5 o,n=   0.66741   3.12944
 Src-osrc corr  12   5 o,n=   5.46080   8.80160
 Src-osrc corr  13   5 o,n=   1.37618   6.19752
 Src-osrc corr   8   6 o,n=  14.47769  16.34417
 Src-osrc corr   9   6 o,n=   3.12944   0.73574
 Src-osrc corr  12   6 o,n=   8.80160  26.00460
 Src-osrc corr  13   6 o,n=   6.19752   1.45242
 Src-osrc corr   9   7 o,n=   0.73574   0.73923
 Src-osrc corr  13   7 o,n=   1.45242   1.45858
 Src-osrc corr   8   1 o,n=  13.86114  15.14893
 Src-osrc corr  10   1 o,n=  10.49005  12.46398
 Src-osrc corr   9   2 o,n=   0.03422   0.05424
 Src-osrc corr  11   2 o,n=   0.15299   0.16511
 Src-osrc corr   9   3 o,n=   0.05424   0.06066
 Src-osrc corr  13   3 o,n=   0.13043   0.15080
 Src-osrc corr   9   4 o,n=   0.06066   0.62635
 Src-osrc corr  13   4 o,n=   0.15080   1.34772
 Src-osrc corr   8   5 o,n=  15.14893  14.82309
 Src-osrc corr   9   5 o,n=   0.62635   3.09031
 Src-osrc corr  12   5 o,n=   5.57960   8.87365
 Src-osrc corr  13   5 o,n=   1.34772   6.12763
 Src-osrc corr   8   6 o,n=  14.82309  16.62210
 Src-osrc corr   9   6 o,n=   3.09031   0.72551
 Src-osrc corr  12   6 o,n=   8.87365  25.90308
 Src-osrc corr  13   6 o,n=   6.12763   1.45594
 Src-osrc corr   9   7 o,n=   0.72551   0.73056
 Src-osrc corr  13   7 o,n=   1.45594   1.46490
 Src-osrc corr   8   1 o,n=  14.29806  15.82380
 Src-osrc corr  10   1 o,n=  10.49113  12.78480
 Src-osrc corr   9   2 o,n=   0.04211   0.06915
 Src-osrc corr  11   2 o,n=   0.13207   0.14479
 Src-osrc corr   9   3 o,n=   0.06915   0.07833
 Src-osrc corr  13   3 o,n=   0.15338   0.17337
 Src-osrc corr   9   4 o,n=   0.07833   0.63758
 Src-osrc corr  13   4 o,n=   0.17337   1.36927
 Src-osrc corr   8   5 o,n=  15.82380  15.67342
 Src-osrc corr   9   5 o,n=   0.63758   3.12986
 Src-osrc corr  12   5 o,n=   5.86243   9.24095
 Src-osrc corr  13   5 o,n=   1.36927   6.19902
 Src-osrc corr   8   6 o,n=  15.67342  17.89056
 Src-osrc corr   9   6 o,n=   3.12986   0.74700
 Src-osrc corr  12   6 o,n=   9.24095  26.77171
 Src-osrc corr  13   6 o,n=   6.19902   1.48595
 Src-osrc corr   9   7 o,n=   0.74700   0.75216
 Src-osrc corr  13   7 o,n=   1.48595   1.49504
 Src-osrc corr   8   1 o,n=  13.74498  15.56544
 Src-osrc corr  10   1 o,n=  10.08156  12.65830
 Src-osrc corr   9   2 o,n=   0.04451   0.07140
 Src-osrc corr  11   2 o,n=   0.13365   0.15093
 Src-osrc corr   9   3 o,n=   0.07140   0.07871
 Src-osrc corr  13   3 o,n=   0.14968   0.16621
 Src-osrc corr   9   4 o,n=   0.07871   0.63261
 Src-osrc corr  13   4 o,n=   0.16621   1.34990
 Src-osrc corr   8   5 o,n=  15.56544  15.41002
 Src-osrc corr   9   5 o,n=   0.63261   3.07575
 Src-osrc corr  12   5 o,n=   5.75414   9.06380
 Src-osrc corr  13   5 o,n=   1.34990   6.09065
 Src-osrc corr   8   6 o,n=  15.41002  17.48616
 Src-osrc corr   9   6 o,n=   3.07575   0.73134
 Src-osrc corr  12   6 o,n=   9.06380  26.33195
 Src-osrc corr  13   6 o,n=   6.09065   1.45153
 Src-osrc corr   9   7 o,n=   0.73134   0.73620
 Src-osrc corr  13   7 o,n=   1.45153   1.46010
 Psi(EL) renorm. by  1.16E+00-3.08E-02, Conv =  0.63735 %
 Src-osrc corr   8   1 o,n=  13.37303  15.69277
 Src-osrc corr  10   1 o,n=   9.55001  12.66386
 Src-osrc corr   9   2 o,n=   0.02344   0.05688
 Src-osrc corr  11   2 o,n=   0.15295   0.17078
 Src-osrc corr   9   3 o,n=   0.05688   0.06366
 Src-osrc corr  13   3 o,n=   0.14896   0.16904
 Src-osrc corr   9   4 o,n=   0.06366   0.60207
 Src-osrc corr  13   4 o,n=   0.16904   1.32416
 Src-osrc corr   8   5 o,n=  15.69277  15.61194
 Src-osrc corr   9   5 o,n=   0.60207   3.02044
 Src-osrc corr  12   5 o,n=   5.78279   9.05264
 Src-osrc corr  13   5 o,n=   1.32416   5.98820
 Src-osrc corr   8   6 o,n=  15.61194  17.71343
 Src-osrc corr   9   6 o,n=   3.02044   0.71356
 Src-osrc corr  12   6 o,n=   9.05264  26.18099
 Src-osrc corr  13   6 o,n=   5.98820   1.43524
 Src-osrc corr   9   7 o,n=   0.71356   0.71890
 Src-osrc corr  13   7 o,n=   1.43524   1.44464
 Src-osrc corr   8   1 o,n=  13.68121  16.28529
 Src-osrc corr  10   1 o,n=   9.41314  12.89030
 Src-osrc corr   9   2 o,n=   0.04835   0.07902
 Src-osrc corr  11   2 o,n=   0.13988   0.15704
 Src-osrc corr   9   3 o,n=   0.07902   0.08769
 Src-osrc corr  13   3 o,n=   0.16871   0.18850
 Src-osrc corr   9   4 o,n=   0.08769   0.61912
 Src-osrc corr  13   4 o,n=   0.18850   1.33711
 Src-osrc corr   8   5 o,n=  16.28529  16.34942
 Src-osrc corr   9   5 o,n=   0.61912   3.04275
 Src-osrc corr  12   5 o,n=   5.97567   9.33726
 Src-osrc corr  13   5 o,n=   1.33711   6.01521
 Src-osrc corr   8   6 o,n=  16.34942  18.84876
 Src-osrc corr   9   6 o,n=   3.04275   0.73424
 Src-osrc corr  12   6 o,n=   9.33726  26.92229
 Src-osrc corr  13   6 o,n=   6.01521   1.45191
 Src-osrc corr   9   7 o,n=   0.73424   0.73979
 Src-osrc corr  13   7 o,n=   1.45191   1.46170
 Psi(EL) renorm. by  9.81E-01 1.25E-01, Conv =  0.69825 %
 Src-osrc corr   8   1 o,n=  13.09124  16.04726
 Src-osrc corr  10   1 o,n=   8.98213  12.80651
 Src-osrc corr   9   2 o,n=   0.04239   0.07571
 Src-osrc corr  11   2 o,n=   0.14162   0.16169
 Src-osrc corr   9   3 o,n=   0.07571   0.08322
 Src-osrc corr  13   3 o,n=   0.16334   0.18152
 Src-osrc corr   9   4 o,n=   0.08322   0.60562
 Src-osrc corr  13   4 o,n=   0.18152   1.31190
 Src-osrc corr   8   5 o,n=  16.04726  16.10452
 Src-osrc corr   9   5 o,n=   0.60562   2.98026
 Src-osrc corr  12   5 o,n=   5.84881   9.14123
 Src-osrc corr  13   5 o,n=   1.31190   5.89594
 Src-osrc corr   8   6 o,n=  16.10452  18.47912
 Src-osrc corr   9   6 o,n=   2.98026   0.71592
 Src-osrc corr  12   6 o,n=   9.14123  26.44789
 Src-osrc corr  13   6 o,n=   5.89594   1.41879
 Src-osrc corr   9   7 o,n=   0.71592   0.72132
 Src-osrc corr  13   7 o,n=   1.41879   1.42826
 Psi(EL) renorm. by  8.30E-01 3.70E-02, Conv =  0.90012 %
 Src-osrc corr   8   1 o,n=  12.79621  16.29860
 Src-osrc corr  10   1 o,n=   8.43678  12.86410
 Src-osrc corr   9   2 o,n=   0.03605   0.07066
 Src-osrc corr  11   2 o,n=   0.15228   0.17286
 Src-osrc corr   9   3 o,n=   0.07066   0.07775
 Src-osrc corr  13   3 o,n=   0.16766   0.18705
 Src-osrc corr   9   4 o,n=   0.07775   0.58517
 Src-osrc corr  13   4 o,n=   0.18705   1.28765
 Src-osrc corr   8   5 o,n=  16.29860  16.42759
 Src-osrc corr   9   5 o,n=   0.58517   2.91966
 Src-osrc corr  12   5 o,n=   5.85317   9.12417
 Src-osrc corr  13   5 o,n=   1.28765   5.77788
 Src-osrc corr   8   6 o,n=  16.42759  18.88403
 Src-osrc corr   9   6 o,n=   2.91966   0.70125
 Src-osrc corr  12   6 o,n=   9.12417  26.34683
 Src-osrc corr  13   6 o,n=   5.77788   1.39622
 Src-osrc corr   9   7 o,n=   0.70125   0.70682
 Src-osrc corr  13   7 o,n=   1.39622   1.40592
 Psi(EL) renorm. by  1.00E+00-3.18E-01, Conv =  2.02631 %
 Src-osrc corr   8   1 o,n=  13.08824  16.93020
 Src-osrc corr  10   1 o,n=   8.30073  13.14258
 Src-osrc corr   9   2 o,n=   0.06109   0.09064
 Src-osrc corr  11   2 o,n=   0.14378   0.16376
 Src-osrc corr   9   3 o,n=   0.09064   0.09900
 Src-osrc corr  13   3 o,n=   0.18444   0.20378
 Src-osrc corr   9   4 o,n=   0.09900   0.59690
 Src-osrc corr  13   4 o,n=   0.20378   1.29170
 Src-osrc corr   8   5 o,n=  16.93020  17.17590
 Src-osrc corr   9   5 o,n=   0.59690   2.92665
 Src-osrc corr  12   5 o,n=   5.98337   9.35473
 Src-osrc corr  13   5 o,n=   1.29170   5.76984
 Src-osrc corr   8   6 o,n=  17.17590  19.97782
 Src-osrc corr   9   6 o,n=   2.92665   0.71677
 Src-osrc corr  12   6 o,n=   9.35473  26.98460
 Src-osrc corr  13   6 o,n=   5.76984   1.40418
 Src-osrc corr   9   7 o,n=   0.71677   0.72257
 Src-osrc corr  13   7 o,n=   1.40418   1.41435
 Psi(EL) renorm. by  8.33E-01-7.76E-02, Conv =  1.64674 %
 Src-osrc corr   8   1 o,n=  12.48785  16.72953
 Src-osrc corr  10   1 o,n=   7.82111  13.06633
 Src-osrc corr   9   2 o,n=   0.05373   0.08511
 Src-osrc corr  11   2 o,n=   0.14418   0.16642
 Src-osrc corr   9   3 o,n=   0.08511   0.09250
 Src-osrc corr  13   3 o,n=   0.17915   0.19719
 Src-osrc corr   9   4 o,n=   0.09250   0.57907
 Src-osrc corr  13   4 o,n=   0.19719   1.26115
 Src-osrc corr   8   5 o,n=  16.72953  16.96821
 Src-osrc corr   9   5 o,n=   0.57907   2.85269
 Src-osrc corr  12   5 o,n=   5.83284   9.13662
 Src-osrc corr  13   5 o,n=   1.26115   5.63004
 Src-osrc corr   8   6 o,n=  16.96821  19.65632
 Src-osrc corr   9   6 o,n=   2.85269   0.69559
 Src-osrc corr  12   6 o,n=   9.13662  26.46066
 Src-osrc corr  13   6 o,n=   5.63004   1.36760
 Src-osrc corr   9   7 o,n=   0.69559   0.70125
 Src-osrc corr  13   7 o,n=   1.36760   1.37751
 Psi(EL) renorm. by  8.09E-01-3.80E-02, Conv =  0.31250 %
 Src-osrc corr   8   1 o,n=  12.38805  17.20263
 Src-osrc corr  10   1 o,n=   7.41969  13.28484
 Src-osrc corr   9   2 o,n=   0.05732   0.08723
 Src-osrc corr  11   2 o,n=   0.15244   0.17510
 Src-osrc corr   9   3 o,n=   0.08723   0.09433
 Src-osrc corr  13   3 o,n=   0.18662   0.20530
 Src-osrc corr   9   4 o,n=   0.09433   0.56292
 Src-osrc corr  13   4 o,n=   0.20530   1.23566
 Src-osrc corr   8   5 o,n=  17.20263  17.50941
 Src-osrc corr   9   5 o,n=   0.56292   2.78903
 Src-osrc corr  12   5 o,n=   5.81898   9.12648
 Src-osrc corr  13   5 o,n=   1.23566   5.49853
 Src-osrc corr   8   6 o,n=  17.50941  20.31562
 Src-osrc corr   9   6 o,n=   2.78903   0.68427
 Src-osrc corr  12   6 o,n=   9.12648  26.41274
 Src-osrc corr  13   6 o,n=   5.49853   1.34279
 Src-osrc corr   9   7 o,n=   0.68427   0.69003
 Src-osrc corr  13   7 o,n=   1.34279   1.35284
 Psi(EL) renorm. by  8.01E-01-6.85E-02, Conv =  0.18682 %
 Src-osrc corr   8   1 o,n=  12.70091  17.89243
 Src-osrc corr  10   1 o,n=   7.47112  13.73824
 Src-osrc corr   9   2 o,n=   0.07945   0.10513
 Src-osrc corr  11   2 o,n=   0.14541   0.16764
 Src-osrc corr   9   3 o,n=   0.10513   0.11308
 Src-osrc corr  13   3 o,n=   0.20092   0.21948
 Src-osrc corr   9   4 o,n=   0.11308   0.56867
 Src-osrc corr  13   4 o,n=   0.21948   1.23131
 Src-osrc corr   8   5 o,n=  17.89243  18.29174
 Src-osrc corr   9   5 o,n=   0.56867   2.77790
 Src-osrc corr  12   5 o,n=   5.89186   9.30544
 Src-osrc corr  13   5 o,n=   1.23131   5.45661
 Src-osrc corr   8   6 o,n=  18.29174  21.38654
 Src-osrc corr   9   6 o,n=   2.77790   0.69468
 Src-osrc corr  12   6 o,n=   9.30544  26.94706
 Src-osrc corr  13   6 o,n=   5.45661   1.34251
 Src-osrc corr   9   7 o,n=   0.69468   0.70064
 Src-osrc corr  13   7 o,n=   1.34251   1.35298
 Psi(EL) renorm. by  7.83E-01-6.96E-02, Conv =  0.17198 %
 Src-osrc corr   8   1 o,n=  12.18217  17.79883
 Src-osrc corr  10   1 o,n=   7.17708  13.81231
 Src-osrc corr   9   2 o,n=   0.07283   0.09903
 Src-osrc corr  11   2 o,n=   0.14574   0.16999
 Src-osrc corr   9   3 o,n=   0.09903   0.10606
 Src-osrc corr  13   3 o,n=   0.19658   0.21386
 Src-osrc corr   9   4 o,n=   0.10606   0.54799
 Src-osrc corr  13   4 o,n=   0.21386   1.19592
 Src-osrc corr   8   5 o,n=  17.79883  18.19164
 Src-osrc corr   9   5 o,n=   0.54799   2.69249
 Src-osrc corr  12   5 o,n=   5.71654   9.07237
 Src-osrc corr  13   5 o,n=   1.19592   5.29445
 Src-osrc corr   8   6 o,n=  18.19164  21.18491
 Src-osrc corr   9   6 o,n=   2.69249   0.67097
 Src-osrc corr  12   6 o,n=   9.07237  26.38781
 Src-osrc corr  13   6 o,n=   5.29445   1.30183
 Src-osrc corr   9   7 o,n=   0.67097   0.67679
 Src-osrc corr  13   7 o,n=   1.30183   1.31203
 Psi(EL) renorm. by  7.77E-01-9.32E-02, Conv =  0.30586 %
 Src-osrc corr   8   1 o,n=  12.37495  18.56398
 Src-osrc corr  10   1 o,n=   7.53306  14.68363
 Src-osrc corr   9   2 o,n=   0.08168   0.10666
 Src-osrc corr  11   2 o,n=   0.15260   0.17714
 Src-osrc corr   9   3 o,n=   0.10666   0.11374
 Src-osrc corr  13   3 o,n=   0.20624   0.22403
 Src-osrc corr   9   4 o,n=   0.11374   0.53309
 Src-osrc corr  13   4 o,n=   0.22403   1.16817
 Src-osrc corr   8   5 o,n=  18.56398  19.01931
 Src-osrc corr   9   5 o,n=   0.53309   2.62430
 Src-osrc corr  12   5 o,n=   5.68407   9.07649
 Src-osrc corr  13   5 o,n=   1.16817   5.14970
 Src-osrc corr   8   6 o,n=  19.01931  22.15129
 Src-osrc corr   9   6 o,n=   2.62430   0.66236
 Src-osrc corr  12   6 o,n=   9.07649  26.40297
 Src-osrc corr  13   6 o,n=   5.14970   1.27607
 Src-osrc corr   9   7 o,n=   0.66236   0.66828
 Src-osrc corr  13   7 o,n=   1.27607   1.28646
 Psi(EL) renorm. by  7.30E-01-1.71E-01, Conv =  0.55181 %
 Src-osrc corr   8   1 o,n=  12.73563  19.32710
 Src-osrc corr  10   1 o,n=   7.97207  15.49339
 Src-osrc corr   9   2 o,n=   0.10096   0.12320
 Src-osrc corr  11   2 o,n=   0.14570   0.17002
 Src-osrc corr   9   3 o,n=   0.12320   0.13068
 Src-osrc corr  13   3 o,n=   0.21843   0.23586
 Src-osrc corr   9   4 o,n=   0.13068   0.53361
 Src-osrc corr  13   4 o,n=   0.23586   1.15600
 Src-osrc corr   8   5 o,n=  19.32710  19.85198
 Src-osrc corr   9   5 o,n=   0.53361   2.59529
 Src-osrc corr  12   5 o,n=   5.70240   9.21039
 Src-osrc corr  13   5 o,n=   1.15600   5.07532
 Src-osrc corr   8   6 o,n=  19.85198  23.21557
 Src-osrc corr   9   6 o,n=   2.59529   0.66828
 Src-osrc corr  12   6 o,n=   9.21039  26.83619
 Src-osrc corr  13   6 o,n=   5.07532   1.26811
 Src-osrc corr   9   7 o,n=   0.66828   0.67437
 Src-osrc corr  13   7 o,n=   1.26811   1.27886
 Psi(EL) renorm. by  7.41E-01-1.83E-01, Conv =  0.25888 %
 Src-osrc corr   8   1 o,n=  12.43030  19.44670
 Src-osrc corr  10   1 o,n=   8.24556  16.08200
 Src-osrc corr   9   2 o,n=   0.09538   0.11724
 Src-osrc corr  11   2 o,n=   0.14654   0.17269
 Src-osrc corr   9   3 o,n=   0.11724   0.12404
 Src-osrc corr  13   3 o,n=   0.21544   0.23167
 Src-osrc corr   9   4 o,n=   0.12404   0.51058
 Src-osrc corr  13   4 o,n=   0.23167   1.11624
 Src-osrc corr   8   5 o,n=  19.44670  19.96384
 Src-osrc corr   9   5 o,n=   0.51058   2.49938
 Src-osrc corr  12   5 o,n=   5.50353   8.97173
 Src-osrc corr  13   5 o,n=   1.11624   4.89236
 Src-osrc corr   8   6 o,n=  19.96384  23.23576
 Src-osrc corr   9   6 o,n=   2.49938   0.64264
 Src-osrc corr  12   6 o,n=   8.97173  26.26216
 Src-osrc corr  13   6 o,n=   4.89236   1.22420
 Src-osrc corr   9   7 o,n=   0.64264   0.64856
 Src-osrc corr  13   7 o,n=   1.22420   1.23465
 Psi(EL) renorm. by  7.05E-01-1.51E-01, Conv =  0.14153 %
 Src-osrc corr   8   1 o,n=  12.94247  20.54391
 Src-osrc corr  10   1 o,n=   9.01943  17.37262
 Src-osrc corr   9   2 o,n=   0.10746   0.12962
 Src-osrc corr  11   2 o,n=   0.15181   0.17810
 Src-osrc corr   9   3 o,n=   0.12962   0.13653
 Src-osrc corr  13   3 o,n=   0.22666   0.24331
 Src-osrc corr   9   4 o,n=   0.13653   0.49584
 Src-osrc corr  13   4 o,n=   0.24331   1.08603
 Src-osrc corr   8   5 o,n=  20.54391  21.11896
 Src-osrc corr   9   5 o,n=   0.49584   2.42653
 Src-osrc corr  12   5 o,n=   5.45196   8.99296
 Src-osrc corr  13   5 o,n=   1.08603   4.73560
 Src-osrc corr   8   6 o,n=  21.11896  24.52970
 Src-osrc corr   9   6 o,n=   2.42653   0.63599
 Src-osrc corr  12   6 o,n=   8.99296  26.34294
 Src-osrc corr  13   6 o,n=   4.73560   1.19774
 Src-osrc corr   9   7 o,n=   0.63599   0.64202
 Src-osrc corr  13   7 o,n=   1.19774   1.20840
 Psi(EL) renorm. by  7.02E-01-1.43E-01, Conv =  0.02617 %
 Src-osrc corr   8   1 o,n=  13.36173  21.37160
 Src-osrc corr  10   1 o,n=   9.54542  18.27922
 Src-osrc corr   9   2 o,n=   0.12389   0.14370
 Src-osrc corr  11   2 o,n=   0.14476   0.17100
 Src-osrc corr   9   3 o,n=   0.14370   0.15065
 Src-osrc corr  13   3 o,n=   0.23699   0.25304
 Src-osrc corr   9   4 o,n=   0.15065   0.49167
 Src-osrc corr  13   4 o,n=   0.25304   1.06671
 Src-osrc corr   8   5 o,n=  21.37160  22.00649
 Src-osrc corr   9   5 o,n=   0.49167   2.38101
 Src-osrc corr  12   5 o,n=   5.41893   9.07972
 Src-osrc corr  13   5 o,n=   1.06671   4.63161
 Src-osrc corr   8   6 o,n=  22.00649  25.61100
 Src-osrc corr   9   6 o,n=   2.38101   0.63654
 Src-osrc corr  12   6 o,n=   9.07972  26.68008
 Src-osrc corr  13   6 o,n=   4.63161   1.18213
 Src-osrc corr   9   7 o,n=   0.63654   0.64267
 Src-osrc corr  13   7 o,n=   1.18213   1.19304
 Psi(EL) renorm. by  6.97E-01-1.14E-01, Conv =  0.01376 %
 Src-osrc corr   8   1 o,n=  13.35034  21.75628
 Src-osrc corr  10   1 o,n=  10.03208  19.08693
 Src-osrc corr   9   2 o,n=   0.11962   0.13897
 Src-osrc corr  11   2 o,n=   0.14616   0.17399
 Src-osrc corr   9   3 o,n=   0.13897   0.14548
 Src-osrc corr  13   3 o,n=   0.23555   0.25054
 Src-osrc corr   9   4 o,n=   0.14548   0.46681
 Src-osrc corr  13   4 o,n=   0.25054   1.02322
 Src-osrc corr   8   5 o,n=  21.75628  22.38833
 Src-osrc corr   9   5 o,n=   0.46681   2.27655
 Src-osrc corr  12   5 o,n=   5.19969   8.83382
 Src-osrc corr  13   5 o,n=   1.02322   4.43151
 Src-osrc corr   8   6 o,n=  22.38833  25.92725
 Src-osrc corr   9   6 o,n=   2.27655   0.61015
 Src-osrc corr  12   6 o,n=   8.83382  26.11200
 Src-osrc corr  13   6 o,n=   4.43151   1.13600
 Src-osrc corr   9   7 o,n=   0.61015   0.61608
 Src-osrc corr  13   7 o,n=   1.13600   1.14659
 Psi(EL) renorm. by  6.84E-01-9.85E-02, Conv =  0.01228 %
 Src-osrc corr   8   1 o,n=  14.10445  23.03520
 Src-osrc corr  10   1 o,n=  10.88074  20.41620
 Src-osrc corr   9   2 o,n=   0.13362   0.15349
 Src-osrc corr  11   2 o,n=   0.14965   0.17745
 Src-osrc corr   9   3 o,n=   0.15349   0.16016
 Src-osrc corr  13   3 o,n=   0.24776   0.26306
 Src-osrc corr   9   4 o,n=   0.16016   0.45186
 Src-osrc corr  13   4 o,n=   0.26306   0.99089
 Src-osrc corr   8   5 o,n=  23.03520  23.72961
 Src-osrc corr   9   5 o,n=   0.45186   2.20033
 Src-osrc corr  12   5 o,n=   5.13020   8.85909
 Src-osrc corr  13   5 o,n=   0.99089   4.26612
 Src-osrc corr   8   6 o,n=  23.72961  27.45140
 Src-osrc corr   9   6 o,n=   2.20033   0.60430
 Src-osrc corr  12   6 o,n=   8.85909  26.25698
 Src-osrc corr  13   6 o,n=   4.26612   1.10872
 Src-osrc corr   9   7 o,n=   0.60430   0.61031
 Src-osrc corr  13   7 o,n=   1.10872   1.11949
 Psi(EL) renorm. by  6.82E-01-8.47E-02, Conv =  0.00093 %
 Reaction Xsec     1.0+/ 0 @ 1 =    25.894 , Out:   0.023/   0.986    0.171    0.250    0.032   24.455f
 Src-osrc corr   9   2 o,n=   7.88676   8.56631
 Src-osrc corr  11   2 o,n=   9.47369   9.88556
 Src-osrc corr   9   3 o,n=   8.56631   8.80488
 Src-osrc corr  13   3 o,n=   2.62116   4.22433
 Src-osrc corr   9   4 o,n=   8.80488   8.63689
 Src-osrc corr  13   4 o,n=   4.22433   5.00417
 Src-osrc corr   8   5 o,n=   0.09126   1.40075
 Src-osrc corr   9   5 o,n=   8.63689   9.14500
 Src-osrc corr  12   5 o,n=   0.09126   4.04917
 Src-osrc corr  13   5 o,n=   5.00417  10.35908
 Src-osrc corr   8   6 o,n=   1.40075   0.10784
 Src-osrc corr   9   6 o,n=   9.14500   9.48230
 Src-osrc corr  12   6 o,n=   4.04917   0.10784
 Src-osrc corr  13   6 o,n=  10.35908  11.40276
 Src-osrc corr   9   7 o,n=   9.48230   9.55784
 Src-osrc corr  13   7 o,n=  11.40276  12.58478
 Src-osrc corr   9   2 o,n=   7.88676   8.56631
 Src-osrc corr  11   2 o,n=   9.47369   9.88556
 Src-osrc corr   9   3 o,n=   8.56631   8.80488
 Src-osrc corr  13   3 o,n=   2.62116   4.22433
 Src-osrc corr   9   4 o,n=   8.80488   8.63689
 Src-osrc corr  13   4 o,n=   4.22433   5.00417
 Src-osrc corr   8   5 o,n=   0.09126   1.40075
 Src-osrc corr   9   5 o,n=   8.63689   9.14500
 Src-osrc corr  12   5 o,n=   0.09126   4.04917
 Src-osrc corr  13   5 o,n=   5.00417  10.35908
 Src-osrc corr   8   6 o,n=   1.40075   0.10784
 Src-osrc corr   9   6 o,n=   9.14500   9.48230
 Src-osrc corr  12   6 o,n=   4.04917   0.10784
 Src-osrc corr  13   6 o,n=  10.35908  11.40276
 Src-osrc corr   9   7 o,n=   9.48230   9.55784
 Src-osrc corr  13   7 o,n=  11.40276  12.58478
 Src-osrc corr   8   1 o,n=   0.10989   0.11145
 Src-osrc corr  10   1 o,n=   0.00644   0.00863
 Src-osrc corr   9   2 o,n=   8.20792   9.48152
 Src-osrc corr  11   2 o,n=   9.98549  10.94231
 Src-osrc corr   9   3 o,n=   9.48152   9.68645
 Src-osrc corr  13   3 o,n=   2.82132   4.20877
 Src-osrc corr   9   4 o,n=   9.68645   9.50654
 Src-osrc corr  13   4 o,n=   4.20877   4.92772
 Src-osrc corr   8   5 o,n=   0.11145   1.33239
 Src-osrc corr   9   5 o,n=   9.50654   9.49553
 Src-osrc corr  12   5 o,n=   0.10518   3.82051
 Src-osrc corr  13   5 o,n=   4.92772   9.90938
 Src-osrc corr   8   6 o,n=   1.33239   0.12641
 Src-osrc corr   9   6 o,n=   9.49553   9.73371
 Src-osrc corr  12   6 o,n=   3.82051   0.12203
 Src-osrc corr  13   6 o,n=   9.90938  10.88430
 Src-osrc corr   9   7 o,n=   9.73371   9.70172
 Src-osrc corr  13   7 o,n=  10.88430  12.02840
 Src-osrc corr   8   1 o,n=   0.11803   0.12178
 Src-osrc corr  10   1 o,n=   0.01347   0.01887
 Src-osrc corr   9   2 o,n=   9.33926  10.85615
 Src-osrc corr  11   2 o,n=  11.07959  12.28905
 Src-osrc corr   9   3 o,n=  10.85615  11.04744
 Src-osrc corr  13   3 o,n=   2.72396   4.22568
 Src-osrc corr   9   4 o,n=  11.04744  10.85202
 Src-osrc corr  13   4 o,n=   4.22568   4.97294
 Src-osrc corr   8   5 o,n=   0.12178   1.36849
 Src-osrc corr   9   5 o,n=  10.85202  10.75226
 Src-osrc corr  12   5 o,n=   0.10851   3.91250
 Src-osrc corr  13   5 o,n=   4.97294  10.11687
 Src-osrc corr   8   6 o,n=   1.36849   0.14178
 Src-osrc corr   9   6 o,n=  10.75226  10.98733
 Src-osrc corr  12   6 o,n=   3.91250   0.13586
 Src-osrc corr  13   6 o,n=  10.11687  11.12214
 Src-osrc corr   9   7 o,n=  10.98733  10.93969
 Src-osrc corr  13   7 o,n=  11.12214  12.31026
 Src-osrc corr   8   1 o,n=   0.09889   0.10246
 Src-osrc corr  10   1 o,n=   0.01207   0.01723
 Src-osrc corr   9   2 o,n=   9.63372  11.17085
 Src-osrc corr  11   2 o,n=  11.32909  12.56491
 Src-osrc corr   9   3 o,n=  11.17085  11.33773
 Src-osrc corr  13   3 o,n=   2.61707   4.12710
 Src-osrc corr   9   4 o,n=  11.33773  11.13051
 Src-osrc corr  13   4 o,n=   4.12710   4.86301
 Src-osrc corr   8   5 o,n=   0.10246   1.32799
 Src-osrc corr   9   5 o,n=  11.13051  10.91045
 Src-osrc corr  12   5 o,n=   0.09587   3.82573
 Src-osrc corr  13   5 o,n=   4.86301   9.92045
 Src-osrc corr   8   6 o,n=   1.32799   0.11918
 Src-osrc corr   9   6 o,n=  10.91045  11.13329
 Src-osrc corr  12   6 o,n=   3.82573   0.11951
 Src-osrc corr  13   6 o,n=   9.92045  10.90741
 Src-osrc corr   9   7 o,n=  11.13329  11.06379
 Src-osrc corr  13   7 o,n=  10.90741  12.08280
 Src-osrc corr   8   1 o,n=   0.10281   0.10994
 Src-osrc corr  10   1 o,n=   0.02335   0.03224
 Src-osrc corr   9   2 o,n=   9.96902  11.63768
 Src-osrc corr  11   2 o,n=  11.64774  13.01884
 Src-osrc corr   9   3 o,n=  11.63768  11.79312
 Src-osrc corr  13   3 o,n=   2.59188   4.06507
 Src-osrc corr   9   4 o,n=  11.79312  11.58479
 Src-osrc corr  13   4 o,n=   4.06507   4.78773
 Src-osrc corr   8   5 o,n=   0.10994   1.30540
 Src-osrc corr   9   5 o,n=  11.58479  11.24743
 Src-osrc corr  12   5 o,n=   0.09469   3.75726
 Src-osrc corr  13   5 o,n=   4.78773   9.75500
 Src-osrc corr   8   6 o,n=   1.30540   0.12817
 Src-osrc corr   9   6 o,n=  11.24743  11.44264
 Src-osrc corr  12   6 o,n=   3.75726   0.12955
 Src-osrc corr  13   6 o,n=   9.75500  10.72427
 Src-osrc corr   9   7 o,n=  11.44264  11.34291
 Src-osrc corr  13   7 o,n=  10.72427  11.88626
 Src-osrc corr   8   1 o,n=   0.10641   0.11487
 Src-osrc corr  10   1 o,n=   0.02541   0.03633
 Src-osrc corr   9   2 o,n=  10.30308  11.99137
 Src-osrc corr  11   2 o,n=  11.95896  13.35823
 Src-osrc corr   9   3 o,n=  11.99137  12.13851
 Src-osrc corr  13   3 o,n=   2.56111   4.05145
 Src-osrc corr   9   4 o,n=  12.13851  11.92482
 Src-osrc corr  13   4 o,n=   4.05145   4.77551
 Src-osrc corr   8   5 o,n=   0.11487   1.30472
 Src-osrc corr   9   5 o,n=  11.92482  11.55631
 Src-osrc corr  12   5 o,n=   0.09600   3.75460
 Src-osrc corr  13   5 o,n=   4.77551   9.74846
 Src-osrc corr   8   6 o,n=   1.30472   0.13615
 Src-osrc corr   9   6 o,n=  11.55631  11.75219
 Src-osrc corr  12   6 o,n=   3.75460   0.13819
 Src-osrc corr  13   6 o,n=   9.74846  10.71923
 Src-osrc corr   9   7 o,n=  11.75219  11.64731
 Src-osrc corr  13   7 o,n=  10.71923  11.88027
 Src-osrc corr   8   1 o,n=   0.09484   0.10316
 Src-osrc corr  10   1 o,n=   0.02520   0.03600
 Src-osrc corr   9   2 o,n=  10.44520  12.13148
 Src-osrc corr  11   2 o,n=  12.07501  13.47806
 Src-osrc corr   9   3 o,n=  12.13148  12.26736
 Src-osrc corr  13   3 o,n=   2.51755   4.00986
 Src-osrc corr   9   4 o,n=  12.26736  12.04946
 Src-osrc corr  13   4 o,n=   4.00986   4.72854
 Src-osrc corr   8   5 o,n=   0.10316   1.28514
 Src-osrc corr   9   5 o,n=  12.04946  11.62964
 Src-osrc corr  12   5 o,n=   0.09005   3.71622
 Src-osrc corr  13   5 o,n=   4.72854   9.66258
 Src-osrc corr   8   6 o,n=   1.28514   0.12237
 Src-osrc corr   9   6 o,n=  11.62964  11.82137
 Src-osrc corr  12   6 o,n=   3.71622   0.13068
 Src-osrc corr  13   6 o,n=   9.66258  10.62477
 Src-osrc corr   9   7 o,n=  11.82137  11.70741
 Src-osrc corr  13   7 o,n=  10.62477  11.77904
 Src-osrc corr   8   1 o,n=   0.09529   0.10668
 Src-osrc corr  10   1 o,n=   0.03300   0.04711
 Src-osrc corr   9   2 o,n=  10.55301  12.25257
 Src-osrc corr  11   2 o,n=  12.17285  13.59275
 Src-osrc corr   9   3 o,n=  12.25257  12.38402
 Src-osrc corr  13   3 o,n=   2.50856   3.99512
 Src-osrc corr   9   4 o,n=  12.38402  12.16502
 Src-osrc corr  13   4 o,n=   3.99512   4.71104
 Src-osrc corr   8   5 o,n=   0.10668   1.27825
 Src-osrc corr   9   5 o,n=  12.16502  11.72099
 Src-osrc corr  12   5 o,n=   0.08889   3.70045
 Src-osrc corr  13   5 o,n=   4.71104   9.62697
 Src-osrc corr   8   6 o,n=   1.27825   0.12815
 Src-osrc corr   9   6 o,n=  11.72099  11.90901
 Src-osrc corr  12   6 o,n=   3.70045   0.14029
 Src-osrc corr  13   6 o,n=   9.62697  10.58544
 Src-osrc corr   9   7 o,n=  11.90901  11.78942
 Src-osrc corr  13   7 o,n=  10.58544  11.73502
 Src-osrc corr   8   1 o,n=   0.09652   0.10935
 Src-osrc corr  10   1 o,n=   0.03522   0.05098
 Src-osrc corr   9   2 o,n=  10.64940  12.33593
 Src-osrc corr  11   2 o,n=  12.25854  13.66967
 Src-osrc corr   9   3 o,n=  12.33593  12.46359
 Src-osrc corr  13   3 o,n=   2.49827   3.99113
 Src-osrc corr   9   4 o,n=  12.46359  12.24233
 Src-osrc corr  13   4 o,n=   3.99113   4.70759
 Src-osrc corr   8   5 o,n=   0.10935   1.27748
 Src-osrc corr   9   5 o,n=  12.24233  11.79388
 Src-osrc corr  12   5 o,n=   0.08890   3.69949
 Src-osrc corr  13   5 o,n=   4.70759   9.62609
 Src-osrc corr   8   6 o,n=   1.27748   0.13293
 Src-osrc corr   9   6 o,n=  11.79388  11.98511
 Src-osrc corr  12   6 o,n=   3.69949   0.14677
 Src-osrc corr  13   6 o,n=   9.62609  10.58540
 Src-osrc corr   9   7 o,n=  11.98511  11.86598
 Src-osrc corr  13   7 o,n=  10.58540  11.73298
 Src-osrc corr   8   1 o,n=   0.08944   0.10228
 Src-osrc corr  10   1 o,n=   0.03589   0.05172
 Src-osrc corr   9   2 o,n=  10.68511  12.36365
 Src-osrc corr  11   2 o,n=  12.28557  13.69107
 Src-osrc corr   9   3 o,n=  12.36365  12.48754
 Src-osrc corr  13   3 o,n=   2.48685   3.98006
 Src-osrc corr   9   4 o,n=  12.48754  12.26499
 Src-osrc corr  13   4 o,n=   3.98006   4.69489
 Src-osrc corr   8   5 o,n=   0.10228   1.27007
 Src-osrc corr   9   5 o,n=  12.26499  11.80377
 Src-osrc corr  12   5 o,n=   0.08610   3.68858
 Src-osrc corr  13   5 o,n=   4.69489   9.60287
 Src-osrc corr   8   6 o,n=   1.27007   0.12485
 Src-osrc corr   9   6 o,n=  11.80377  11.99492
 Src-osrc corr  12   6 o,n=   3.68858   0.14396
 Src-osrc corr  13   6 o,n=   9.60287  10.55941
 Src-osrc corr   9   7 o,n=  11.99492  11.87392
 Src-osrc corr  13   7 o,n=  10.55941  11.70439
 Src-osrc corr   8   1 o,n=   0.08839   0.10416
 Src-osrc corr  10   1 o,n=   0.04244   0.06139
 Src-osrc corr   9   2 o,n=  10.70561  12.37772
 Src-osrc corr  11   2 o,n=  12.30272  13.70332
 Src-osrc corr   9   3 o,n=  12.37772  12.50025
 Src-osrc corr  13   3 o,n=   2.48632   3.97907
 Src-osrc corr   9   4 o,n=  12.50025  12.27722
 Src-osrc corr  13   4 o,n=   3.97907   4.69357
 Src-osrc corr   8   5 o,n=   0.10416   1.26739
 Src-osrc corr   9   5 o,n=  12.27722  11.81438
 Src-osrc corr  12   5 o,n=   0.08454   3.68626
 Src-osrc corr  13   5 o,n=   4.69357   9.60053
 Src-osrc corr   8   6 o,n=   1.26739   0.12907
 Src-osrc corr   9   6 o,n=  11.81438  12.00657
 Src-osrc corr  12   6 o,n=   3.68626   0.15263
 Src-osrc corr  13   6 o,n=   9.60053  10.55654
 Src-osrc corr   9   7 o,n=  12.00657  11.88555
 Src-osrc corr  13   7 o,n=  10.55654  11.70006
 Reaction Xsec     1.0+/ 2 @ 2 =    26.327 , Out:   0.015/   0.900    0.202    0.358    0.024   24.844f

 Total SPIN, PARITY =     1.0 -,     11 chs,     11 cc.  Rmin & Coul turning =    0.1    1.7
 Src-osrc corr   6   1 o,n=  16.17997  15.32985
 Src-osrc corr   7   1 o,n=  12.07066  11.52617
 Src-osrc corr   8   1 o,n=  13.24048  12.60891
 Src-osrc corr   9   1 o,n=  10.33783   9.90181
 Src-osrc corr   7   2 o,n=  11.52617  11.07274
 Src-osrc corr  11   2 o,n=   2.02862   3.40033
 Src-osrc corr   6   3 o,n=  15.32985  14.42653
 Src-osrc corr   7   3 o,n=  11.07274  13.39493
 Src-osrc corr  10   3 o,n=   3.24301   7.79147
 Src-osrc corr  11   3 o,n=   3.40033  12.84318
 Src-osrc corr   6   4 o,n=  14.42653  14.63437
 Src-osrc corr   7   4 o,n=  13.39493  14.06103
 Src-osrc corr  10   4 o,n=   7.79147   6.90465
 Src-osrc corr  11   4 o,n=  12.84318  14.74837
 Src-osrc corr   6   5 o,n=  14.63437  15.31887
 Src-osrc corr   7   5 o,n=  14.06103  13.39213
 Src-osrc corr  10   5 o,n=   6.90465  17.87923
 Src-osrc corr  11   5 o,n=  14.74837  12.84013
 Src-osrc corr   6   1 o,n=  16.17997  15.32985
 Src-osrc corr   7   1 o,n=  12.07066  11.52617
 Src-osrc corr   8   1 o,n=  13.24048  12.60891
 Src-osrc corr   9   1 o,n=  10.33783   9.90181
 Src-osrc corr   7   2 o,n=  11.52617  11.07274
 Src-osrc corr  11   2 o,n=   2.02862   3.40033
 Src-osrc corr   6   3 o,n=  15.32985  14.42653
 Src-osrc corr   7   3 o,n=  11.07274  13.39493
 Src-osrc corr  10   3 o,n=   3.24301   7.79147
 Src-osrc corr  11   3 o,n=   3.40033  12.84318
 Src-osrc corr   6   4 o,n=  14.42653  14.63437
 Src-osrc corr   7   4 o,n=  13.39493  14.06103
 Src-osrc corr  10   4 o,n=   7.79147   6.90465
 Src-osrc corr  11   4 o,n=  12.84318  14.74837
 Src-osrc corr   6   5 o,n=  14.63437  15.31887
 Src-osrc corr   7   5 o,n=  14.06103  13.39213
 Src-osrc corr  10   5 o,n=   6.90465  17.87923
 Src-osrc corr  11   5 o,n=  14.74837  12.84013
 Src-osrc corr   6   1 o,n=  19.09425  18.58841
 Src-osrc corr   7   1 o,n=  13.59506  13.32681
 Src-osrc corr   8   1 o,n=  15.23251  14.99600
 Src-osrc corr   9   1 o,n=  11.46818  11.31680
 Src-osrc corr   7   2 o,n=  13.32681  12.90083
 Src-osrc corr  11   2 o,n=   2.38244   3.64869
 Src-osrc corr   6   3 o,n=  18.58841  17.69837
 Src-osrc corr   7   3 o,n=  12.90083  14.86412
 Src-osrc corr  10   3 o,n=   4.15171   8.37250
 Src-osrc corr  11   3 o,n=   3.64869  12.96469
 Src-osrc corr   6   4 o,n=  17.69837  17.90267
 Src-osrc corr   7   4 o,n=  14.86412  15.46295
 Src-osrc corr  10   4 o,n=   8.37250   7.50040
 Src-osrc corr  11   4 o,n=  12.96469  14.85138
 Src-osrc corr   6   5 o,n=  17.90267  18.25044
 Src-osrc corr   7   5 o,n=  15.46295  14.84985
 Src-osrc corr  10   5 o,n=   7.50040  18.36910
 Src-osrc corr  11   5 o,n=  14.85138  12.95518
 Psi(EL) renorm. by  8.56E-01-2.41E-01, Conv =  0.71009 %
 Src-osrc corr   6   1 o,n=  20.95410  20.80567
 Src-osrc corr   7   1 o,n=  14.50549  14.51689
 Src-osrc corr   8   1 o,n=  16.85521  16.99265
 Src-osrc corr   9   1 o,n=  12.37460  12.49695
 Src-osrc corr   7   2 o,n=  14.51689  14.07563
 Src-osrc corr  11   2 o,n=   2.30528   3.64566
 Src-osrc corr   6   3 o,n=  20.80567  19.85842
 Src-osrc corr   7   3 o,n=  14.07563  15.93687
 Src-osrc corr  10   3 o,n=   4.31435   8.61141
 Src-osrc corr  11   3 o,n=   3.64566  13.14742
 Src-osrc corr   6   4 o,n=  19.85842  20.05646
 Src-osrc corr   7   4 o,n=  15.93687  16.52507
 Src-osrc corr  10   4 o,n=   8.61141   7.72217
 Src-osrc corr  11   4 o,n=  13.14742  15.05579
 Src-osrc corr   6   5 o,n=  20.05646  20.40649
 Src-osrc corr   7   5 o,n=  16.52507  15.91751
 Src-osrc corr  10   5 o,n=   7.72217  18.77505
 Src-osrc corr  11   5 o,n=  15.05579  13.13054
 Src-osrc corr   6   1 o,n=  20.66181  20.63122
 Src-osrc corr   7   1 o,n=  14.20057  14.27623
 Src-osrc corr   8   1 o,n=  16.66346  16.90530
 Src-osrc corr   9   1 o,n=  12.11351  12.29572
 Src-osrc corr   7   2 o,n=  14.27623  13.82301
 Src-osrc corr  11   2 o,n=   2.24257   3.55224
 Src-osrc corr   6   3 o,n=  20.63122  19.67191
 Src-osrc corr   7   3 o,n=  13.82301  15.52132
 Src-osrc corr  10   3 o,n=   4.20184   8.40293
 Src-osrc corr  11   3 o,n=   3.55224  12.83275
 Src-osrc corr   6   4 o,n=  19.67191  19.88090
 Src-osrc corr   7   4 o,n=  15.52132  16.08020
 Src-osrc corr  10   4 o,n=   8.40293   7.53303
 Src-osrc corr  11   4 o,n=  12.83275  14.70347
 Src-osrc corr   6   5 o,n=  19.88090  20.04202
 Src-osrc corr   7   5 o,n=  16.08020  15.50348
 Src-osrc corr  10   5 o,n=   7.53303  18.35608
 Src-osrc corr  11   5 o,n=  14.70347  12.81714
 Psi(EL) renorm. by  1.08E+00-8.32E-02, Conv =  0.58946 %
 Src-osrc corr   6   1 o,n=  21.25552  21.39746
 Src-osrc corr   7   1 o,n=  14.47164  14.66675
 Src-osrc corr   8   1 o,n=  17.21262  17.62517
 Src-osrc corr   9   1 o,n=  12.36265  12.66455
 Src-osrc corr   7   2 o,n=  14.66675  14.22062
 Src-osrc corr  11   2 o,n=   2.24597   3.54550
 Src-osrc corr   6   3 o,n=  21.39746  20.44563
 Src-osrc corr   7   3 o,n=  14.22062  15.80485
 Src-osrc corr  10   3 o,n=   4.24082   8.39998
 Src-osrc corr  11   3 o,n=   3.54550  12.76720
 Src-osrc corr   6   4 o,n=  20.44563  20.65227
 Src-osrc corr   7   4 o,n=  15.80485  16.33926
 Src-osrc corr  10   4 o,n=   8.39998   7.53654
 Src-osrc corr  11   4 o,n=  12.76720  14.62561
 Src-osrc corr   6   5 o,n=  20.65227  20.72123
 Src-osrc corr   7   5 o,n=  16.33926  15.78616
 Src-osrc corr  10   5 o,n=   7.53654  18.28401
 Src-osrc corr  11   5 o,n=  14.62561  12.75114
 Src-osrc corr   6   1 o,n=  21.37764  21.61675
 Src-osrc corr   7   1 o,n=  14.48911  14.74877
 Src-osrc corr   8   1 o,n=  17.36082  17.86709
 Src-osrc corr   9   1 o,n=  12.38569  12.75165
 Src-osrc corr   7   2 o,n=  14.74877  14.28903
 Src-osrc corr  11   2 o,n=   2.22778   3.52218
 Src-osrc corr   6   3 o,n=  21.61675  20.62942
 Src-osrc corr   7   3 o,n=  14.28903  15.79456
 Src-osrc corr  10   3 o,n=   4.20863   8.35078
 Src-osrc corr  11   3 o,n=   3.52218  12.69850
 Src-osrc corr   6   4 o,n=  20.62942  20.83906
 Src-osrc corr   7   4 o,n=  15.79456  16.32085
 Src-osrc corr  10   4 o,n=   8.35078   7.49265
 Src-osrc corr  11   4 o,n=  12.69850  14.54282
 Src-osrc corr   6   5 o,n=  20.83906  20.88069
 Src-osrc corr   7   5 o,n=  16.32085  15.77587
 Src-osrc corr  10   5 o,n=   7.49265  18.16200
 Src-osrc corr  11   5 o,n=  14.54282  12.68252
 Src-osrc corr   6   1 o,n=  21.12467  21.41299
 Src-osrc corr   7   1 o,n=  14.27208  14.55505
 Src-osrc corr   8   1 o,n=  17.17808  17.72590
 Src-osrc corr   9   1 o,n=  12.19601  12.58373
 Src-osrc corr   7   2 o,n=  14.55505  14.08913
 Src-osrc corr  11   2 o,n=   2.19190   3.46816
 Src-osrc corr   6   3 o,n=  21.41299  20.42163
 Src-osrc corr   7   3 o,n=  14.08913  15.50755
 Src-osrc corr  10   3 o,n=   4.13500   8.22444
 Src-osrc corr  11   3 o,n=   3.46816  12.51753
 Src-osrc corr   6   4 o,n=  20.42163  20.63657
 Src-osrc corr   7   4 o,n=  15.50755  16.01791
 Src-osrc corr  10   4 o,n=   8.22444   7.37743
 Src-osrc corr  11   4 o,n=  12.51753  14.34019
 Src-osrc corr   6   5 o,n=  20.63657  20.57569
 Src-osrc corr   7   5 o,n=  16.01791  15.48974
 Src-osrc corr  10   5 o,n=   7.37743  17.91552
 Src-osrc corr  11   5 o,n=  14.34019  12.50227
 Src-osrc corr   6   1 o,n=  21.11579  21.44867
 Src-osrc corr   7   1 o,n=  14.22318  14.53269
 Src-osrc corr   8   1 o,n=  17.18618  17.77522
 Src-osrc corr   9   1 o,n=  12.15025  12.56431
 Src-osrc corr   7   2 o,n=  14.53269  14.06418
 Src-osrc corr  11   2 o,n=   2.18256   3.45471
 Src-osrc corr   6   3 o,n=  21.44867  20.45053
 Src-osrc corr   7   3 o,n=  14.06418  15.44310
 Src-osrc corr  10   3 o,n=   4.11675   8.19228
 Src-osrc corr  11   3 o,n=   3.45471  12.46870
 Src-osrc corr   6   4 o,n=  20.45053  20.66528
 Src-osrc corr   7   4 o,n=  15.44310  15.94674
 Src-osrc corr  10   4 o,n=   8.19228   7.34917
 Src-osrc corr  11   4 o,n=  12.46870  14.28275
 Src-osrc corr   6   5 o,n=  20.66528  20.58520
 Src-osrc corr   7   5 o,n=  15.94674  15.42533
 Src-osrc corr  10   5 o,n=   7.34917  17.83779
 Src-osrc corr  11   5 o,n=  14.28275  12.45352
 Src-osrc corr   6   1 o,n=  20.95973  21.31326
 Src-osrc corr   7   1 o,n=  14.09986  14.41837
 Src-osrc corr   8   1 o,n=  17.06651  17.67348
 Src-osrc corr   9   1 o,n=  12.03619  12.45903
 Src-osrc corr   7   2 o,n=  14.41837  13.93929
 Src-osrc corr  11   2 o,n=   2.16873   3.43442
 Src-osrc corr   6   3 o,n=  21.31326  20.29203
 Src-osrc corr   7   3 o,n=  13.93929  15.27917
 Src-osrc corr  10   3 o,n=   4.07940   8.13981
 Src-osrc corr  11   3 o,n=   3.43442  12.40605
 Src-osrc corr   6   4 o,n=  20.29203  20.51015
 Src-osrc corr   7   4 o,n=  15.27917  15.78033
 Src-osrc corr  10   4 o,n=   8.13981   7.30106
 Src-osrc corr  11   4 o,n=  12.40605  14.20971
 Src-osrc corr   6   5 o,n=  20.51015  20.41377
 Src-osrc corr   7   5 o,n=  15.78033  15.26176
 Src-osrc corr  10   5 o,n=   7.30106  17.73082
 Src-osrc corr  11   5 o,n=  14.20971  12.39118
 Src-osrc corr   6   1 o,n=  20.79317  21.15208
 Src-osrc corr   7   1 o,n=  13.97580  14.29274
 Src-osrc corr   8   1 o,n=  16.93154  17.54099
 Src-osrc corr   9   1 o,n=  11.92370  12.34452
 Src-osrc corr   7   2 o,n=  14.29274  13.81048
 Src-osrc corr  11   2 o,n=   2.15460   3.41360
 Src-osrc corr   6   3 o,n=  21.15208  20.12821
 Src-osrc corr   7   3 o,n=  13.81048  15.12300
 Src-osrc corr  10   3 o,n=   4.04738   8.08945
 Src-osrc corr  11   3 o,n=   3.41360  12.33837
 Src-osrc corr   6   4 o,n=  20.12821  20.34849
 Src-osrc corr   7   4 o,n=  15.12300  15.61942
 Src-osrc corr  10   4 o,n=   8.08945   7.25483
 Src-osrc corr  11   4 o,n=  12.33837  14.13395
 Src-osrc corr   6   5 o,n=  20.34849  20.21680
 Src-osrc corr   7   5 o,n=  15.61942  15.10596
 Src-osrc corr  10   5 o,n=   7.25483  17.63601
 Src-osrc corr  11   5 o,n=  14.13395  12.32379
 Src-osrc corr   6   1 o,n=  20.68896  21.04779
 Src-osrc corr   7   1 o,n=  13.89527  14.20902
 Src-osrc corr   8   1 o,n=  16.84040  17.44825
 Src-osrc corr   9   1 o,n=  11.84571  12.26323
 Src-osrc corr   7   2 o,n=  14.20902  13.72304
 Src-osrc corr  11   2 o,n=   2.15024   3.40878
 Src-osrc corr   6   3 o,n=  21.04779  20.01519
 Src-osrc corr   7   3 o,n=  13.72304  15.02987
 Src-osrc corr  10   3 o,n=   4.03432   8.07571
 Src-osrc corr  11   3 o,n=   3.40878  12.32499
 Src-osrc corr   6   4 o,n=  20.01519  20.23563
 Src-osrc corr   7   4 o,n=  15.02987  15.52668
 Src-osrc corr  10   4 o,n=   8.07571   7.24231
 Src-osrc corr  11   4 o,n=  12.32499  14.11728
 Src-osrc corr   6   5 o,n=  20.23563  20.11250
 Src-osrc corr   7   5 o,n=  15.52668  15.01292
 Src-osrc corr  10   5 o,n=   7.24231  17.60616
 Src-osrc corr  11   5 o,n=  14.11728  12.31047
 Src-osrc corr   6   1 o,n=  20.57355  20.93241
 Src-osrc corr   7   1 o,n=  13.81461  14.12548
 Src-osrc corr   8   1 o,n=  16.74382  17.35059
 Src-osrc corr   9   1 o,n=  11.76934  12.18394
 Src-osrc corr   7   2 o,n=  14.12548  13.63377
 Src-osrc corr  11   2 o,n=   2.14446   3.39999
 Src-osrc corr   6   3 o,n=  20.93241  19.88750
 Src-osrc corr   7   3 o,n=  13.63377  14.92733
 Src-osrc corr  10   3 o,n=   4.01555   8.05101
 Src-osrc corr  11   3 o,n=   3.39999  12.29776
 Src-osrc corr   6   4 o,n=  19.88750  20.10978
 Src-osrc corr   7   4 o,n=  14.92733  15.42420
 Src-osrc corr  10   4 o,n=   8.05101   7.21958
 Src-osrc corr  11   4 o,n=  12.29776  14.08525
 Src-osrc corr   6   5 o,n=  20.10978  19.98399
 Src-osrc corr   7   5 o,n=  15.42420  14.91057
 Src-osrc corr  10   5 o,n=   7.21958  17.55662
 Src-osrc corr  11   5 o,n=  14.08525  12.28341
 Src-osrc corr   6   1 o,n=  20.49254  20.84392
 Src-osrc corr   7   1 o,n=  13.76029  14.06401
 Src-osrc corr   8   1 o,n=  16.67161  17.27013
 Src-osrc corr   9   1 o,n=  11.71780  12.12512
 Src-osrc corr   7   2 o,n=  14.06401  13.57098
 Src-osrc corr  11   2 o,n=   2.14130   3.39578
 Src-osrc corr   6   3 o,n=  20.84392  19.79724
 Src-osrc corr   7   3 o,n=  13.57098  14.86331
 Src-osrc corr  10   3 o,n=   4.00673   8.03986
 Src-osrc corr  11   3 o,n=   3.39578  12.28525
 Src-osrc corr   6   4 o,n=  19.79724  20.02002
 Src-osrc corr   7   4 o,n=  14.86331  15.36011
 Src-osrc corr  10   4 o,n=   8.03986   7.20924
 Src-osrc corr  11   4 o,n=  12.28525  14.07108
 Src-osrc corr   6   5 o,n=  20.02002  19.89119
 Src-osrc corr   7   5 o,n=  15.36011  14.84665
 Src-osrc corr  10   5 o,n=   7.20924  17.53676
 Src-osrc corr  11   5 o,n=  14.07108  12.27095
 Reaction Xsec     1.0-/ 1 @ 1 =    25.591 , Out:   0.000#   2.252    2.169    1.367    0.093   19.711f

 Total SPIN, PARITY =     2.0 +,     13 chs,     13 cc.  Rmin & Coul turning =    0.3    2.6
 Src-osrc corr   8   1 o,n=   6.09999   6.70091
 Src-osrc corr   9   1 o,n=  10.36282   9.92618
 Src-osrc corr  10   1 o,n=   7.49778   7.82155
 Src-osrc corr  11   1 o,n=  10.76752  10.33865
 Src-osrc corr   8   2 o,n=   6.70091   6.74311
 Src-osrc corr   9   2 o,n=   9.92618  10.61003
 Src-osrc corr  12   2 o,n=   2.22740   2.58165
 Src-osrc corr  13   2 o,n=   1.39584   4.49357
 Src-osrc corr   8   3 o,n=   6.74311   6.81000
 Src-osrc corr   9   3 o,n=  10.61003  10.88672
 Src-osrc corr  12   3 o,n=   2.58165   2.53596
 Src-osrc corr  13   3 o,n=   4.49357   5.97588
 Src-osrc corr   8   4 o,n=   6.81000   6.57707
 Src-osrc corr  12   4 o,n=   2.53596   2.92954
 Src-osrc corr   8   5 o,n=   6.57707   6.31922
 Src-osrc corr   9   5 o,n=  10.88672  12.35207
 Src-osrc corr  12   5 o,n=   2.92954   4.51485
 Src-osrc corr  13   5 o,n=   5.97588  10.25609
 Src-osrc corr   8   6 o,n=   6.31922   6.58671
 Src-osrc corr   9   6 o,n=  12.35207  12.44214
 Src-osrc corr  12   6 o,n=   4.51485   4.21013
 Src-osrc corr  13   6 o,n=  10.25609  10.67510
 Src-osrc corr   8   7 o,n=   6.58671   6.20993
 Src-osrc corr  12   7 o,n=   4.21013   9.08774
 Src-osrc corr   8   1 o,n=   6.09999   6.70091
 Src-osrc corr   9   1 o,n=  10.36282   9.92618
 Src-osrc corr  10   1 o,n=   7.49778   7.82155
 Src-osrc corr  11   1 o,n=  10.76752  10.33865
 Src-osrc corr   8   2 o,n=   6.70091   6.74311
 Src-osrc corr   9   2 o,n=   9.92618  10.61003
 Src-osrc corr  12   2 o,n=   2.22740   2.58165
 Src-osrc corr  13   2 o,n=   1.39584   4.49357
 Src-osrc corr   8   3 o,n=   6.74311   6.81000
 Src-osrc corr   9   3 o,n=  10.61003  10.88672
 Src-osrc corr  12   3 o,n=   2.58165   2.53596
 Src-osrc corr  13   3 o,n=   4.49357   5.97588
 Src-osrc corr   8   4 o,n=   6.81000   6.57707
 Src-osrc corr  12   4 o,n=   2.53596   2.92954
 Src-osrc corr   8   5 o,n=   6.57707   6.31922
 Src-osrc corr   9   5 o,n=  10.88672  12.35207
 Src-osrc corr  12   5 o,n=   2.92954   4.51485
 Src-osrc corr  13   5 o,n=   5.97588  10.25609
 Src-osrc corr   8   6 o,n=   6.31922   6.58671
 Src-osrc corr   9   6 o,n=  12.35207  12.44214
 Src-osrc corr  12   6 o,n=   4.51485   4.21013
 Src-osrc corr  13   6 o,n=  10.25609  10.67510
 Src-osrc corr   8   7 o,n=   6.58671   6.20993
 Src-osrc corr  12   7 o,n=   4.21013   9.08774
 Src-osrc corr   8   1 o,n=   5.88756   6.91749
 Src-osrc corr   9   1 o,n=  10.54585  10.36164
 Src-osrc corr  10   1 o,n=   7.51370   8.19373
 Src-osrc corr  11   1 o,n=  10.97221  10.78095
 Src-osrc corr   8   2 o,n=   6.91749   6.96005
 Src-osrc corr   9   2 o,n=  10.36164  11.00538
 Src-osrc corr  12   2 o,n=   2.64442   2.87160
 Src-osrc corr  13   2 o,n=   1.51921   4.36839
 Src-osrc corr   8   3 o,n=   6.96005   7.02127
 Src-osrc corr   9   3 o,n=  11.00538  11.20772
 Src-osrc corr  12   3 o,n=   2.87160   2.90646
 Src-osrc corr  13   3 o,n=   4.36839   5.77852
 Src-osrc corr   8   4 o,n=   7.02127   6.80631
 Src-osrc corr  12   4 o,n=   2.90646   3.16582
 Src-osrc corr   8   5 o,n=   6.80631   6.56165
 Src-osrc corr   9   5 o,n=  11.20772  12.46539
 Src-osrc corr  12   5 o,n=   3.16582   4.62653
 Src-osrc corr  13   5 o,n=   5.77852   9.84908
 Src-osrc corr   8   6 o,n=   6.56165   6.82030
 Src-osrc corr   9   6 o,n=  12.46539  12.52779
 Src-osrc corr  12   6 o,n=   4.62653   4.33566
 Src-osrc corr  13   6 o,n=   9.84908  10.26405
 Src-osrc corr   8   7 o,n=   6.82030   6.01948
 Src-osrc corr  12   7 o,n=   4.33566   9.06754
 Src-osrc corr   8   1 o,n=   6.49866   7.69806
 Src-osrc corr   9   1 o,n=  11.28223  11.21913
 Src-osrc corr  10   1 o,n=   8.10970   8.97802
 Src-osrc corr  11   1 o,n=  11.69169  11.62200
 Src-osrc corr   8   2 o,n=   7.69806   7.73874
 Src-osrc corr   9   2 o,n=  11.21913  11.87024
 Src-osrc corr  12   2 o,n=   2.61810   2.84995
 Src-osrc corr  13   2 o,n=   1.52418   4.44382
 Src-osrc corr   8   3 o,n=   7.73874   7.80080
 Src-osrc corr   9   3 o,n=  11.87024  12.07732
 Src-osrc corr  12   3 o,n=   2.84995   2.86950
 Src-osrc corr  13   3 o,n=   4.44382   5.89339
 Src-osrc corr   8   4 o,n=   7.80080   7.58383
 Src-osrc corr  12   4 o,n=   2.86950   3.15997
 Src-osrc corr   8   5 o,n=   7.58383   7.33664
 Src-osrc corr   9   5 o,n=  12.07732  13.34742
 Src-osrc corr  12   5 o,n=   3.15997   4.66289
 Src-osrc corr  13   5 o,n=   5.89339  10.06736
 Src-osrc corr   8   6 o,n=   7.33664   7.59467
 Src-osrc corr   9   6 o,n=  13.34742  13.40955
 Src-osrc corr  12   6 o,n=   4.66289   4.35585
 Src-osrc corr  13   6 o,n=  10.06736  10.49183
 Src-osrc corr   8   7 o,n=   7.59467   6.75520
 Src-osrc corr  12   7 o,n=   4.35585   9.21987
 Src-osrc corr   8   1 o,n=   6.64035   7.87114
 Src-osrc corr   9   1 o,n=  11.18432  11.14661
 Src-osrc corr  10   1 o,n=   8.18223   9.08954
 Src-osrc corr  11   1 o,n=  11.60423  11.55475
 Src-osrc corr   8   2 o,n=   7.87114   7.90759
 Src-osrc corr   9   2 o,n=  11.14661  11.75972
 Src-osrc corr  12   2 o,n=   2.49810   2.74317
 Src-osrc corr  13   2 o,n=   1.47758   4.37065
 Src-osrc corr   8   3 o,n=   7.90759   7.96986
 Src-osrc corr   9   3 o,n=  11.75972  11.93656
 Src-osrc corr  12   3 o,n=   2.74317   2.75864
 Src-osrc corr  13   3 o,n=   4.37065   5.79262
 Src-osrc corr   8   4 o,n=   7.96986   7.75152
 Src-osrc corr  12   4 o,n=   2.75864   3.05033
 Src-osrc corr   8   5 o,n=   7.75152   7.49661
 Src-osrc corr   9   5 o,n=  11.93656  13.13626
 Src-osrc corr  12   5 o,n=   3.05033   4.53021
 Src-osrc corr  13   5 o,n=   5.79262   9.88369
 Src-osrc corr   8   6 o,n=   7.49661   7.75707
 Src-osrc corr   9   6 o,n=  13.13626  13.19150
 Src-osrc corr  12   6 o,n=   4.53021   4.22062
 Src-osrc corr  13   6 o,n=   9.88369  10.30634
 Src-osrc corr   8   7 o,n=   7.75707   6.78832
 Src-osrc corr  12   7 o,n=   4.22062   9.01168
 Src-osrc corr   8   1 o,n=   6.70819   8.04624
 Src-osrc corr   9   1 o,n=  11.21301  11.25342
 Src-osrc corr  10   1 o,n=   8.22743   9.24015
 Src-osrc corr  11   1 o,n=  11.63738  11.66107
 Src-osrc corr   8   2 o,n=   8.04624   8.08119
 Src-osrc corr   9   2 o,n=  11.25342  11.84950
 Src-osrc corr  12   2 o,n=   2.48419   2.71513
 Src-osrc corr  13   2 o,n=   1.46277   4.29722
 Src-osrc corr   8   3 o,n=   8.08119   8.14196
 Src-osrc corr   9   3 o,n=  11.84950  12.00461
 Src-osrc corr  12   3 o,n=   2.71513   2.73845
 Src-osrc corr  13   3 o,n=   4.29722   5.69514
 Src-osrc corr   8   4 o,n=   8.14196   7.92857
 Src-osrc corr  12   4 o,n=   2.73845   3.01343
 Src-osrc corr   8   5 o,n=   7.92857   7.67762
 Src-osrc corr   9   5 o,n=  12.00461  13.13394
 Src-osrc corr  12   5 o,n=   3.01343   4.46277
 Src-osrc corr  13   5 o,n=   5.69514   9.71171
 Src-osrc corr   8   6 o,n=   7.67762   7.93599
 Src-osrc corr   9   6 o,n=  13.13394  13.18000
 Src-osrc corr  12   6 o,n=   4.46277   4.15306
 Src-osrc corr  13   6 o,n=   9.71171  10.13329
 Src-osrc corr   8   7 o,n=   7.93599   6.85334
 Src-osrc corr  12   7 o,n=   4.15306   8.89347
 Src-osrc corr   8   1 o,n=   6.89043   8.25211
 Src-osrc corr   9   1 o,n=  11.37319  11.43294
 Src-osrc corr  10   1 o,n=   8.40588   9.44808
 Src-osrc corr  11   1 o,n=  11.79231  11.83719
 Src-osrc corr   8   2 o,n=   8.25211   8.28589
 Src-osrc corr   9   2 o,n=  11.43294  12.01895
 Src-osrc corr  12   2 o,n=   2.46725   2.70135
 Src-osrc corr  13   2 o,n=   1.45706   4.29543
 Src-osrc corr   8   3 o,n=   8.28589   8.34710
 Src-osrc corr   9   3 o,n=  12.01895  12.16862
 Src-osrc corr  12   3 o,n=   2.70135   2.72237
 Src-osrc corr  13   3 o,n=   4.29543   5.69318
 Src-osrc corr   8   4 o,n=   8.34710   8.13208
 Src-osrc corr  12   4 o,n=   2.72237   3.00078
 Src-osrc corr   8   5 o,n=   8.13208   7.87850
 Src-osrc corr   9   5 o,n=  12.16862  13.28818
 Src-osrc corr  12   5 o,n=   3.00078   4.45137
 Src-osrc corr  13   5 o,n=   5.69318   9.70896
 Src-osrc corr   8   6 o,n=   7.87850   8.13779
 Src-osrc corr   9   6 o,n=  13.28818  13.33296
 Src-osrc corr  12   6 o,n=   4.45137   4.14132
 Src-osrc corr  13   6 o,n=   9.70896  10.12998
 Src-osrc corr   8   7 o,n=   8.13779   7.02595
 Src-osrc corr  12   7 o,n=   4.14132   8.87328
 Src-osrc corr   8   1 o,n=   7.01468   8.38532
 Src-osrc corr   9   1 o,n=  11.37827  11.44928
 Src-osrc corr  10   1 o,n=   8.49587   9.55413
 Src-osrc corr  11   1 o,n=  11.79540  11.85104
 Src-osrc corr   8   2 o,n=   8.38532   8.41706
 Src-osrc corr   9   2 o,n=  11.44928  12.01438
 Src-osrc corr  12   2 o,n=   2.41316   2.65528
 Src-osrc corr  13   2 o,n=   1.43569   4.26524
 Src-osrc corr   8   3 o,n=   8.41706   8.47840
 Src-osrc corr   9   3 o,n=  12.01438  12.14940
 Src-osrc corr  12   3 o,n=   2.65528   2.67295
 Src-osrc corr  13   3 o,n=   4.26524   5.65088
 Src-osrc corr   8   4 o,n=   8.47840   8.26262
 Src-osrc corr  12   4 o,n=   2.67295   2.95376
 Src-osrc corr   8   5 o,n=   8.26262   8.00588
 Src-osrc corr   9   5 o,n=  12.14940  13.23650
 Src-osrc corr  12   5 o,n=   2.95376   4.39456
 Src-osrc corr  13   5 o,n=   5.65088   9.63081
 Src-osrc corr   8   6 o,n=   8.00588   8.26654
 Src-osrc corr   9   6 o,n=  13.23650  13.27820
 Src-osrc corr  12   6 o,n=   4.39456   4.08333
 Src-osrc corr  13   6 o,n=   9.63081  10.05089
 Src-osrc corr   8   7 o,n=   8.26654   7.09269
 Src-osrc corr  12   7 o,n=   4.08333   8.78317
 Src-osrc corr   8   1 o,n=   7.06350   8.45398
 Src-osrc corr   9   1 o,n=  11.40057  11.48837
 Src-osrc corr  10   1 o,n=   8.53422   9.61439
 Src-osrc corr  11   1 o,n=  11.81506  11.88715
 Src-osrc corr   8   2 o,n=   8.45398   8.48495
 Src-osrc corr   9   2 o,n=  11.48837  12.04483
 Src-osrc corr  12   2 o,n=   2.39862   2.63996
 Src-osrc corr  13   2 o,n=   1.42857   4.24479
 Src-osrc corr   8   3 o,n=   8.48495   8.54605
 Src-osrc corr   9   3 o,n=  12.04483  12.17270
 Src-osrc corr  12   3 o,n=   2.63996   2.65783
 Src-osrc corr  13   3 o,n=   4.24479   5.62330
 Src-osrc corr   8   4 o,n=   8.54605   8.33099
 Src-osrc corr  12   4 o,n=   2.65783   2.93673
 Src-osrc corr   8   5 o,n=   8.33099   8.07446
 Src-osrc corr   9   5 o,n=  12.17270  13.23966
 Src-osrc corr  12   5 o,n=   2.93673   4.36963
 Src-osrc corr  13   5 o,n=   5.62330   9.58152
 Src-osrc corr   8   6 o,n=   8.07446   8.33510
 Src-osrc corr   9   6 o,n=  13.23966  13.27891
 Src-osrc corr  12   6 o,n=   4.36963   4.05829
 Src-osrc corr  13   6 o,n=   9.58152  10.00096
 Src-osrc corr   8   7 o,n=   8.33510   7.12693
 Src-osrc corr  12   7 o,n=   4.05829   8.74069
 Src-osrc corr   8   1 o,n=   7.13188   8.51954
 Src-osrc corr   9   1 o,n=  11.45532  11.54290
 Src-osrc corr  10   1 o,n=   8.60079   9.68107
 Src-osrc corr  11   1 o,n=  11.86444  11.93775
 Src-osrc corr   8   2 o,n=   8.51954   8.54982
 Src-osrc corr   9   2 o,n=  11.54290  12.09238
 Src-osrc corr  12   2 o,n=   2.38805   2.63243
 Src-osrc corr  13   2 o,n=   1.42533   4.24427
 Src-osrc corr   8   3 o,n=   8.54982   8.61123
 Src-osrc corr   9   3 o,n=  12.09238  12.21733
 Src-osrc corr  12   3 o,n=   2.63243   2.64861
 Src-osrc corr  13   3 o,n=   4.24427   5.62204
 Src-osrc corr   8   4 o,n=   8.61123   8.39500
 Src-osrc corr  12   4 o,n=   2.64861   2.92982
 Src-osrc corr   8   5 o,n=   8.39500   8.13663
 Src-osrc corr   9   5 o,n=  12.21733  13.28110
 Src-osrc corr  12   5 o,n=   2.92982   4.36310
 Src-osrc corr  13   5 o,n=   5.62204   9.57853
 Src-osrc corr   8   6 o,n=   8.13663   8.39817
 Src-osrc corr   9   6 o,n=  13.28110  13.32010
 Src-osrc corr  12   6 o,n=   4.36310   4.05204
 Src-osrc corr  13   6 o,n=   9.57853   9.99732
 Src-osrc corr   8   7 o,n=   8.39817   7.17752
 Src-osrc corr  12   7 o,n=   4.05204   8.72675
 Src-osrc corr   8   1 o,n=   7.18078   8.56786
 Src-osrc corr   9   1 o,n=  11.46917  11.55840
 Src-osrc corr  10   1 o,n=   8.64043   9.72286
 Src-osrc corr  11   1 o,n=  11.87538  11.95076
 Src-osrc corr   8   2 o,n=   8.56786   8.59738
 Src-osrc corr   9   2 o,n=  11.55840  12.09964
 Src-osrc corr  12   2 o,n=   2.37084   2.61844
 Src-osrc corr  13   2 o,n=   1.41892   4.23611
 Src-osrc corr   8   3 o,n=   8.59738   8.65890
 Src-osrc corr   9   3 o,n=  12.09964  12.21965
 Src-osrc corr  12   3 o,n=   2.61844   2.63317
 Src-osrc corr  13   3 o,n=   4.23611   5.61020
 Src-osrc corr   8   4 o,n=   8.65890   8.44216
 Src-osrc corr  12   4 o,n=   2.63317   2.91570
 Src-osrc corr   8   5 o,n=   8.44216   8.18245
 Src-osrc corr   9   5 o,n=  12.21965  13.27372
 Src-osrc corr  12   5 o,n=   2.91570   4.34622
 Src-osrc corr  13   5 o,n=   5.61020   9.55607
 Src-osrc corr   8   6 o,n=   8.18245   8.44470
 Src-osrc corr   9   6 o,n=  13.27372  13.31187
 Src-osrc corr  12   6 o,n=   4.34622   4.03500
 Src-osrc corr  13   6 o,n=   9.55607   9.97438
 Src-osrc corr   8   7 o,n=   8.44470   7.20358
 Src-osrc corr  12   7 o,n=   4.03500   8.69850
 Src-osrc corr   8   1 o,n=   7.19561   8.58289
 Src-osrc corr   9   1 o,n=  11.48068  11.57109
 Src-osrc corr  10   1 o,n=   8.65411   9.73758
 Src-osrc corr  11   1 o,n=  11.88437  11.96132
 Src-osrc corr   8   2 o,n=   8.58289   8.61211
 Src-osrc corr   9   2 o,n=  11.57109  12.10905
 Src-osrc corr  12   2 o,n=   2.36705   2.61507
 Src-osrc corr  13   2 o,n=   1.41748   4.23247
 Src-osrc corr   8   3 o,n=   8.61211   8.67366
 Src-osrc corr   9   3 o,n=  12.10905  12.22728
 Src-osrc corr  12   3 o,n=   2.61507   2.62947
 Src-osrc corr  13   3 o,n=   4.23247   5.60505
 Src-osrc corr   8   4 o,n=   8.67366   8.45678
 Src-osrc corr  12   4 o,n=   2.62947   2.91211
 Src-osrc corr   8   5 o,n=   8.45678   8.19670
 Src-osrc corr   9   5 o,n=  12.22728  13.27758
 Src-osrc corr  12   5 o,n=   2.91211   4.34114
 Src-osrc corr  13   5 o,n=   5.60505   9.54652
 Src-osrc corr   8   6 o,n=   8.19670   8.45921
 Src-osrc corr   9   6 o,n=  13.27758  13.31531
 Src-osrc corr  12   6 o,n=   4.34114   4.03010
 Src-osrc corr  13   6 o,n=   9.54652   9.96448
 Src-osrc corr   8   7 o,n=   8.45921   7.21009
 Src-osrc corr  12   7 o,n=   4.03010   8.68837
 Reaction Xsec     2.0+/ 2 @ 1 =    44.346 , Out:   0.000#   1.402    0.880    1.122    0.048   40.894f
 Allocate arrays for           15  channels, of which           15  need wfs.

 Total SPIN, PARITY =     2.0 -,     15 chs,     15 cc.  Rmin & Coul turning =    0.3    2.6
 Src-osrc corr  10   1 o,n=  20.09496  19.18434
 Src-osrc corr  12   1 o,n=  16.40277  15.73118
 Src-osrc corr  11   3 o,n=   0.03431   0.45422
 Src-osrc corr  15   3 o,n=   0.03431   0.90238
 Src-osrc corr  10   4 o,n=  19.18434  18.97012
 Src-osrc corr  11   4 o,n=   0.45422   1.18330
 Src-osrc corr  14   4 o,n=   4.06206   3.97195
 Src-osrc corr  15   4 o,n=   0.90238   2.35981
 Src-osrc corr  10   5 o,n=  18.97012  18.52643
 Src-osrc corr  11   5 o,n=   1.18330   0.46944
 Src-osrc corr  14   5 o,n=   3.97195   6.07174
 Src-osrc corr  15   5 o,n=   2.35981   0.92146
 Src-osrc corr  10   6 o,n=  18.52643  18.57982
 Src-osrc corr  11   6 o,n=   0.46944   0.35439
 Src-osrc corr  14   6 o,n=   6.07174   5.88828
 Src-osrc corr  15   6 o,n=   0.92146   0.68876
 Src-osrc corr  10   7 o,n=  18.57982  18.39652
 Src-osrc corr  11   7 o,n=   0.35439   1.32675
 Src-osrc corr  14   7 o,n=   5.88828   6.56284
 Src-osrc corr  15   7 o,n=   0.68876   2.64214
 Src-osrc corr  10   8 o,n=  18.39652  19.11491
 Src-osrc corr  11   8 o,n=   1.32675   0.46623
 Src-osrc corr  14   8 o,n=   6.56284  22.78516
 Src-osrc corr  15   8 o,n=   2.64214   0.91837
 Src-osrc corr  10   1 o,n=  20.09496  19.18434
 Src-osrc corr  12   1 o,n=  16.40277  15.73118
 Src-osrc corr  11   3 o,n=   0.03431   0.45422
 Src-osrc corr  15   3 o,n=   0.03431   0.90238
 Src-osrc corr  10   4 o,n=  19.18434  18.97012
 Src-osrc corr  11   4 o,n=   0.45422   1.18330
 Src-osrc corr  14   4 o,n=   4.06206   3.97195
 Src-osrc corr  15   4 o,n=   0.90238   2.35981
 Src-osrc corr  10   5 o,n=  18.97012  18.52643
 Src-osrc corr  11   5 o,n=   1.18330   0.46944
 Src-osrc corr  14   5 o,n=   3.97195   6.07174
 Src-osrc corr  15   5 o,n=   2.35981   0.92146
 Src-osrc corr  10   6 o,n=  18.52643  18.57982
 Src-osrc corr  11   6 o,n=   0.46944   0.35439
 Src-osrc corr  14   6 o,n=   6.07174   5.88828
 Src-osrc corr  15   6 o,n=   0.92146   0.68876
 Src-osrc corr  10   7 o,n=  18.57982  18.39652
 Src-osrc corr  11   7 o,n=   0.35439   1.32675
 Src-osrc corr  14   7 o,n=   5.88828   6.56284
 Src-osrc corr  15   7 o,n=   0.68876   2.64214
 Src-osrc corr  10   8 o,n=  18.39652  19.11491
 Src-osrc corr  11   8 o,n=   1.32675   0.46623
 Src-osrc corr  14   8 o,n=   6.56284  22.78516
 Src-osrc corr  15   8 o,n=   2.64214   0.91837
 Src-osrc corr  10   1 o,n=  23.20355  22.74764
 Src-osrc corr  12   1 o,n=  17.91494  17.77389
 Src-osrc corr  11   2 o,n=   0.01245   0.01785
 Src-osrc corr  13   2 o,n=   0.06724   0.05766
 Src-osrc corr  11   3 o,n=   0.01785   0.43733
 Src-osrc corr  15   3 o,n=   0.05758   0.90005
 Src-osrc corr  10   4 o,n=  22.74764  22.53652
 Src-osrc corr  11   4 o,n=   0.43733   1.13448
 Src-osrc corr  14   4 o,n=   5.58679   5.32367
 Src-osrc corr  15   4 o,n=   0.90005   2.29979
 Src-osrc corr  10   5 o,n=  22.53652  22.08989
 Src-osrc corr  11   5 o,n=   1.13448   0.43378
 Src-osrc corr  14   5 o,n=   5.32367   7.15447
 Src-osrc corr  15   5 o,n=   2.29979   0.89705
 Src-osrc corr  10   6 o,n=  22.08989  22.14451
 Src-osrc corr  11   6 o,n=   0.43378   0.32221
 Src-osrc corr  14   6 o,n=   7.15447   6.98079
 Src-osrc corr  15   6 o,n=   0.89705   0.66430
 Src-osrc corr  10   7 o,n=  22.14451  21.97163
 Src-osrc corr  11   7 o,n=   0.32221   1.28301
 Src-osrc corr  14   7 o,n=   6.98079   7.62701
 Src-osrc corr  15   7 o,n=   0.66430   2.59688
 Src-osrc corr  10   8 o,n=  21.97163  22.32710
 Src-osrc corr  11   8 o,n=   1.28301   0.42360
 Src-osrc corr  14   8 o,n=   7.62701  23.67295
 Src-osrc corr  15   8 o,n=   2.59688   0.88159
 Src-osrc corr  11   9 o,n=   0.42360   0.42608
 Src-osrc corr  15   9 o,n=   0.88159   0.88675
 Psi(EL) renorm. by  8.05E-01-1.38E-01, Conv =  1.18209 %
 Src-osrc corr  10   1 o,n=  25.58069  25.53609
 Src-osrc corr  12   1 o,n=  19.67416  19.97744
 Src-osrc corr  11   2 o,n=   0.04822   0.03977
 Src-osrc corr  13   2 o,n=   0.01954   0.01466
 Src-osrc corr  11   3 o,n=   0.03977   0.45002
 Src-osrc corr  15   3 o,n=   0.04082   0.88814
 Src-osrc corr  10   4 o,n=  25.53609  25.33021
 Src-osrc corr  11   4 o,n=   0.45002   1.14855
 Src-osrc corr  14   4 o,n=   6.10574   5.87634
 Src-osrc corr  15   4 o,n=   0.88814   2.28579
 Src-osrc corr  10   5 o,n=  25.33021  24.89837
 Src-osrc corr  11   5 o,n=   1.14855   0.45206
 Src-osrc corr  14   5 o,n=   5.87634   7.60137
 Src-osrc corr  15   5 o,n=   2.28579   0.88775
 Src-osrc corr  10   6 o,n=  24.89837  24.93882
 Src-osrc corr  11   6 o,n=   0.45206   0.34613
 Src-osrc corr  14   6 o,n=   7.60137   7.42800
 Src-osrc corr  15   6 o,n=   0.88775   0.67844
 Src-osrc corr  10   7 o,n=  24.93882  24.80750
 Src-osrc corr  11   7 o,n=   0.34613   1.30940
 Src-osrc corr  14   7 o,n=   7.42800   8.07921
 Src-osrc corr  15   7 o,n=   0.67844   2.60325
 Src-osrc corr  10   8 o,n=  24.80750  25.50847
 Src-osrc corr  11   8 o,n=   1.30940   0.45280
 Src-osrc corr  14   8 o,n=   8.07921  24.25794
 Src-osrc corr  15   8 o,n=   2.60325   0.89769
 Src-osrc corr  11   9 o,n=   0.45280   0.45440
 Src-osrc corr  15   9 o,n=   0.89769   0.90094
 Psi(EL) renorm. by  1.06E+00-9.77E-02, Conv =  1.75056 %
 Src-osrc corr  10   1 o,n=  25.10035  25.15205
 Src-osrc corr  12   1 o,n=  19.32092  19.71593
 Src-osrc corr  11   2 o,n=   0.04085   0.03053
 Src-osrc corr  13   2 o,n=   0.00973   0.01113
 Src-osrc corr  11   3 o,n=   0.03053   0.44038
 Src-osrc corr  15   3 o,n=   0.03609   0.87112
 Src-osrc corr  10   4 o,n=  25.15205  24.94617
 Src-osrc corr  11   4 o,n=   0.44038   1.12662
 Src-osrc corr  14   4 o,n=   5.97406   5.75188
 Src-osrc corr  15   4 o,n=   0.87112   2.24474
 Src-osrc corr  10   5 o,n=  24.94617  24.50923
 Src-osrc corr  11   5 o,n=   1.12662   0.44180
 Src-osrc corr  14   5 o,n=   5.75188   7.44932
 Src-osrc corr  15   5 o,n=   2.24474   0.87039
 Src-osrc corr  10   6 o,n=  24.50923  24.55096
 Src-osrc corr  11   6 o,n=   0.44180   0.33666
 Src-osrc corr  14   6 o,n=   7.44932   7.27799
 Src-osrc corr  15   6 o,n=   0.87039   0.66178
 Src-osrc corr  10   7 o,n=  24.55096  24.41436
 Src-osrc corr  11   7 o,n=   0.33666   1.28875
 Src-osrc corr  14   7 o,n=   7.27799   7.91759
 Src-osrc corr  15   7 o,n=   0.66178   2.56506
 Src-osrc corr  10   8 o,n=  24.41436  24.93938
 Src-osrc corr  11   8 o,n=   1.28875   0.44191
 Src-osrc corr  14   8 o,n=   7.91759  23.85728
 Src-osrc corr  15   8 o,n=   2.56506   0.87738
 Src-osrc corr  11   9 o,n=   0.44191   0.44344
 Src-osrc corr  15   9 o,n=   0.87738   0.88049
 Src-osrc corr  10   1 o,n=  25.42808  25.72714
 Src-osrc corr  12   1 o,n=  19.66456  20.29986
 Src-osrc corr  11   2 o,n=   0.03475   0.02794
 Src-osrc corr  13   2 o,n=   0.01840   0.01519
 Src-osrc corr  11   3 o,n=   0.02794   0.42925
 Src-osrc corr  15   3 o,n=   0.03089   0.85632
 Src-osrc corr  10   4 o,n=  25.72714  25.52806
 Src-osrc corr  11   4 o,n=   0.42925   1.10817
 Src-osrc corr  14   4 o,n=   5.95844   5.75323
 Src-osrc corr  15   4 o,n=   0.85632   2.21138
 Src-osrc corr  10   5 o,n=  25.52806  25.10423
 Src-osrc corr  11   5 o,n=   1.10817   0.43194
 Src-osrc corr  14   5 o,n=   5.75323   7.42180
 Src-osrc corr  15   5 o,n=   2.21138   0.85608
 Src-osrc corr  10   6 o,n=  25.10423  25.14297
 Src-osrc corr  11   6 o,n=   0.43194   0.33070
 Src-osrc corr  14   6 o,n=   7.42180   7.25422
 Src-osrc corr  15   6 o,n=   0.85608   0.65474
 Src-osrc corr  10   7 o,n=  25.14297  25.01656
 Src-osrc corr  11   7 o,n=   0.33070   1.27178
 Src-osrc corr  14   7 o,n=   7.25422   7.88587
 Src-osrc corr  15   7 o,n=   0.65474   2.53666
 Src-osrc corr  10   8 o,n=  25.01656  25.45608
 Src-osrc corr  11   8 o,n=   1.27178   0.43312
 Src-osrc corr  14   8 o,n=   7.88587  23.64611
 Src-osrc corr  15   8 o,n=   2.53666   0.86598
 Src-osrc corr  11   9 o,n=   0.43312   0.43459
 Src-osrc corr  15   9 o,n=   0.86598   0.86897
 Src-osrc corr  10   1 o,n=  25.46723  25.86712
 Src-osrc corr  12   1 o,n=  19.69190  20.41672
 Src-osrc corr  11   2 o,n=   0.04031   0.03175
 Src-osrc corr  13   2 o,n=   0.01258   0.00933
 Src-osrc corr  11   3 o,n=   0.03175   0.43273
 Src-osrc corr  15   3 o,n=   0.03085   0.85680
 Src-osrc corr  10   4 o,n=  25.86712  25.67009
 Src-osrc corr  11   4 o,n=   0.43273   1.11084
 Src-osrc corr  14   4 o,n=   5.97565   5.78974
 Src-osrc corr  15   4 o,n=   0.85680   2.21225
 Src-osrc corr  10   5 o,n=  25.67009  25.25250
 Src-osrc corr  11   5 o,n=   1.11084   0.43451
 Src-osrc corr  14   5 o,n=   5.78974   7.45652
 Src-osrc corr  15   5 o,n=   2.21225   0.85592
 Src-osrc corr  10   6 o,n=  25.25250  25.28726
 Src-osrc corr  11   6 o,n=   0.43451   0.33529
 Src-osrc corr  14   6 o,n=   7.45652   7.28838
 Src-osrc corr  15   6 o,n=   0.85592   0.65975
 Src-osrc corr  10   7 o,n=  25.28726  25.17429
 Src-osrc corr  11   7 o,n=   0.33529   1.26959
 Src-osrc corr  14   7 o,n=   7.28838   7.92026
 Src-osrc corr  15   7 o,n=   0.65975   2.52694
 Src-osrc corr  10   8 o,n=  25.17429  25.77530
 Src-osrc corr  11   8 o,n=   1.26959   0.43556
 Src-osrc corr  14   8 o,n=   7.92026  23.65497
 Src-osrc corr  15   8 o,n=   2.52694   0.86567
 Src-osrc corr  11   9 o,n=   0.43556   0.43692
 Src-osrc corr  15   9 o,n=   0.86567   0.86845
 Src-osrc corr  10   1 o,n=  24.99791  25.42563
 Src-osrc corr  12   1 o,n=  19.33067  20.08146
 Src-osrc corr  11   2 o,n=   0.02829   0.02152
 Src-osrc corr  13   2 o,n=   0.00904   0.01004
 Src-osrc corr  11   3 o,n=   0.02152   0.42387
 Src-osrc corr  15   3 o,n=   0.02731   0.84774
 Src-osrc corr  10   4 o,n=  25.42563  25.22797
 Src-osrc corr  11   4 o,n=   0.42387   1.09684
 Src-osrc corr  14   4 o,n=   5.87226   5.69049
 Src-osrc corr  15   4 o,n=   0.84774   2.19195
 Src-osrc corr  10   5 o,n=  25.22797  24.80565
 Src-osrc corr  11   5 o,n=   1.09684   0.42561
 Src-osrc corr  14   5 o,n=   5.69049   7.34934
 Src-osrc corr  15   5 o,n=   2.19195   0.84718
 Src-osrc corr  10   6 o,n=  24.80565  24.84136
 Src-osrc corr  11   6 o,n=   0.42561   0.32688
 Src-osrc corr  14   6 o,n=   7.34934   7.18238
 Src-osrc corr  15   6 o,n=   0.84718   0.65085
 Src-osrc corr  10   7 o,n=  24.84136  24.72494
 Src-osrc corr  11   7 o,n=   0.32688   1.25486
 Src-osrc corr  14   7 o,n=   7.18238   7.80820
 Src-osrc corr  15   7 o,n=   0.65085   2.50597
 Src-osrc corr  10   8 o,n=  24.72494  25.23356
 Src-osrc corr  11   8 o,n=   1.25486   0.42610
 Src-osrc corr  14   8 o,n=   7.80820  23.40905
 Src-osrc corr  15   8 o,n=   2.50597   0.85498
 Src-osrc corr  11   9 o,n=   0.42610   0.42756
 Src-osrc corr  15   9 o,n=   0.85498   0.85798
 Src-osrc corr  10   1 o,n=  24.77632  25.25982
 Src-osrc corr  12   1 o,n=  19.16165  19.95945
 Src-osrc corr  11   2 o,n=   0.02825   0.02263
 Src-osrc corr  13   2 o,n=   0.01223   0.01157
 Src-osrc corr  11   3 o,n=   0.02263   0.42113
 Src-osrc corr  15   3 o,n=   0.02469   0.84279
 Src-osrc corr  10   4 o,n=  25.25982  25.06428
 Src-osrc corr  11   4 o,n=   0.42113   1.09252
 Src-osrc corr  14   4 o,n=   5.82748   5.65736
 Src-osrc corr  15   4 o,n=   0.84279   2.18227
 Src-osrc corr  10   5 o,n=  25.06428  24.64591
 Src-osrc corr  11   5 o,n=   1.09252   0.42388
 Src-osrc corr  14   5 o,n=   5.65736   7.31444
 Src-osrc corr  15   5 o,n=   2.18227   0.84291
 Src-osrc corr  10   6 o,n=  24.64591  24.68061
 Src-osrc corr  11   6 o,n=   0.42388   0.32668
 Src-osrc corr  14   6 o,n=   7.31444   7.14853
 Src-osrc corr  15   6 o,n=   0.84291   0.64972
 Src-osrc corr  10   7 o,n=  24.68061  24.56774
 Src-osrc corr  11   7 o,n=   0.32668   1.24982
 Src-osrc corr  14   7 o,n=   7.14853   7.77190
 Src-osrc corr  15   7 o,n=   0.64972   2.49498
 Src-osrc corr  10   8 o,n=  24.56774  25.08182
 Src-osrc corr  11   8 o,n=   1.24982   0.42485
 Src-osrc corr  14   8 o,n=   7.77190  23.30808
 Src-osrc corr  15   8 o,n=   2.49498   0.85183
 Src-osrc corr  11   9 o,n=   0.42485   0.42624
 Src-osrc corr  15   9 o,n=   0.85183   0.85467
 Src-osrc corr  10   1 o,n=  24.46610  24.95493
 Src-osrc corr  12   1 o,n=  18.88818  19.68393
 Src-osrc corr  11   2 o,n=   0.02944   0.02317
 Src-osrc corr  13   2 o,n=   0.00899   0.00847
 Src-osrc corr  11   3 o,n=   0.02317   0.42211
 Src-osrc corr  15   3 o,n=   0.02409   0.84308
 Src-osrc corr  10   4 o,n=  24.95493  24.75912
 Src-osrc corr  11   4 o,n=   0.42211   1.09369
 Src-osrc corr  14   4 o,n=   5.79961   5.64024
 Src-osrc corr  15   4 o,n=   0.84308   2.18378
 Src-osrc corr  10   5 o,n=  24.75912  24.34088
 Src-osrc corr  11   5 o,n=   1.09369   0.42453
 Src-osrc corr  14   5 o,n=   5.64024   7.30278
 Src-osrc corr  15   5 o,n=   2.18378   0.84322
 Src-osrc corr  10   6 o,n=  24.34088  24.37411
 Src-osrc corr  11   6 o,n=   0.42453   0.32845
 Src-osrc corr  14   6 o,n=   7.30278   7.13666
 Src-osrc corr  15   6 o,n=   0.84322   0.65235
 Src-osrc corr  10   7 o,n=  24.37411  24.26641
 Src-osrc corr  11   7 o,n=   0.32845   1.24765
 Src-osrc corr  14   7 o,n=   7.13666   7.76048
 Src-osrc corr  15   7 o,n=   0.65235   2.48962
 Src-osrc corr  10   8 o,n=  24.26641  24.86433
 Src-osrc corr  11   8 o,n=   1.24765   0.42553
 Src-osrc corr  14   8 o,n=   7.76048  23.28167
 Src-osrc corr  15   8 o,n=   2.48962   0.85222
 Src-osrc corr  11   9 o,n=   0.42553   0.42685
 Src-osrc corr  15   9 o,n=   0.85222   0.85492
 Src-osrc corr  10   1 o,n=  24.16956  24.64416
 Src-osrc corr  12   1 o,n=  18.63993  19.42079
 Src-osrc corr  11   2 o,n=   0.02439   0.01946
 Src-osrc corr  13   2 o,n=   0.00964   0.01017
 Src-osrc corr  11   3 o,n=   0.01946   0.41903
 Src-osrc corr  15   3 o,n=   0.02225   0.84046
 Src-osrc corr  10   4 o,n=  24.64416  24.44770
 Src-osrc corr  11   4 o,n=   0.41903   1.08969
 Src-osrc corr  14   4 o,n=   5.75544   5.59830
 Src-osrc corr  15   4 o,n=   0.84046   2.17872
 Src-osrc corr  10   5 o,n=  24.44770  24.02707
 Src-osrc corr  11   5 o,n=   1.08969   0.42170
 Src-osrc corr  14   5 o,n=   5.59830   7.26157
 Src-osrc corr  15   5 o,n=   2.17872   0.84083
 Src-osrc corr  10   6 o,n=  24.02707  24.06059
 Src-osrc corr  11   6 o,n=   0.42170   0.32580
 Src-osrc corr  14   6 o,n=   7.26157   7.09577
 Src-osrc corr  15   6 o,n=   0.84083   0.64991
 Src-osrc corr  10   7 o,n=  24.06059  23.95187
 Src-osrc corr  11   7 o,n=   0.32580   1.24282
 Src-osrc corr  14   7 o,n=   7.09577   7.71794
 Src-osrc corr  15   7 o,n=   0.64991   2.48318
 Src-osrc corr  10   8 o,n=  23.95187  24.52701
 Src-osrc corr  11   8 o,n=   1.24282   0.42250
 Src-osrc corr  14   8 o,n=   7.71794  23.20084
 Src-osrc corr  15   8 o,n=   2.48318   0.84917
 Src-osrc corr  11   9 o,n=   0.42250   0.42387
 Src-osrc corr  15   9 o,n=   0.84917   0.85199
 Src-osrc corr  10   1 o,n=  23.93394  24.39536
 Src-osrc corr  12   1 o,n=  18.42490  19.18755
 Src-osrc corr  11   2 o,n=   0.02456   0.02019
 Src-osrc corr  13   2 o,n=   0.01054   0.01063
 Src-osrc corr  11   3 o,n=   0.02019   0.41926
 Src-osrc corr  15   3 o,n=   0.02108   0.84064
 Src-osrc corr  10   4 o,n=  24.39536  24.19961
 Src-osrc corr  11   4 o,n=   0.41926   1.09084
 Src-osrc corr  14   4 o,n=   5.74019   5.58989
 Src-osrc corr  15   4 o,n=   0.84064   2.18046
 Src-osrc corr  10   5 o,n=  24.19961  23.78088
 Src-osrc corr  11   5 o,n=   1.09084   0.42218
 Src-osrc corr  14   5 o,n=   5.58989   7.25890
 Src-osrc corr  15   5 o,n=   2.18046   0.84120
 Src-osrc corr  10   6 o,n=  23.78088  23.81366
 Src-osrc corr  11   6 o,n=   0.42218   0.32696
 Src-osrc corr  14   6 o,n=   7.25890   7.09302
 Src-osrc corr  15   6 o,n=   0.84120   0.65168
 Src-osrc corr  10   7 o,n=  23.81366  23.70765
 Src-osrc corr  11   7 o,n=   0.32696   1.24284
 Src-osrc corr  14   7 o,n=   7.09302   7.71581
 Src-osrc corr  15   7 o,n=   0.65168   2.48237
 Src-osrc corr  10   8 o,n=  23.70765  24.32157
 Src-osrc corr  11   8 o,n=   1.24284   0.42305
 Src-osrc corr  14   8 o,n=   7.71581  23.20817
 Src-osrc corr  15   8 o,n=   2.48237   0.84976
 Src-osrc corr  11   9 o,n=   0.42305   0.42441
 Src-osrc corr  15   9 o,n=   0.84976   0.85255
 Src-osrc corr  10   1 o,n=  23.71279  24.15643
 Src-osrc corr  12   1 o,n=  18.22064  18.96180
 Src-osrc corr  11   2 o,n=   0.02464   0.02012
 Src-osrc corr  13   2 o,n=   0.00921   0.00947
 Src-osrc corr  11   3 o,n=   0.02012   0.42005
 Src-osrc corr  15   3 o,n=   0.02083   0.84189
 Src-osrc corr  10   4 o,n=  24.15643  23.96058
 Src-osrc corr  11   4 o,n=   0.42005   1.09259
 Src-osrc corr  14   4 o,n=   5.72872   5.58431
 Src-osrc corr  15   4 o,n=   0.84189   2.18402
 Src-osrc corr  10   5 o,n=  23.96058  23.54210
 Src-osrc corr  11   5 o,n=   1.09259   0.42278
 Src-osrc corr  14   5 o,n=   5.58431   7.25919
 Src-osrc corr  15   5 o,n=   2.18402   0.84242
 Src-osrc corr  10   6 o,n=  23.54210  23.57408
 Src-osrc corr  11   6 o,n=   0.42278   0.32813
 Src-osrc corr  14   6 o,n=   7.25919   7.09297
 Src-osrc corr  15   6 o,n=   0.84242   0.65401
 Src-osrc corr  10   7 o,n=  23.57408  23.47098
 Src-osrc corr  11   7 o,n=   0.32813   1.24263
 Src-osrc corr  14   7 o,n=   7.09297   7.71680
 Src-osrc corr  15   7 o,n=   0.65401   2.48191
 Src-osrc corr  10   8 o,n=  23.47098  24.14037
 Src-osrc corr  11   8 o,n=   1.24263   0.42362
 Src-osrc corr  14   8 o,n=   7.71680  23.22110
 Src-osrc corr  15   8 o,n=   2.48191   0.85094
 Src-osrc corr  11   9 o,n=   0.42362   0.42496
 Src-osrc corr  15   9 o,n=   0.85094   0.85369
 Src-osrc corr  10   1 o,n=  23.57680  23.99769
 Src-osrc corr  12   1 o,n=  18.09218  18.80966
 Src-osrc corr  11   2 o,n=   0.02287   0.01895
 Src-osrc corr  13   2 o,n=   0.00963   0.01015
 Src-osrc corr  11   3 o,n=   0.01895   0.41967
 Src-osrc corr  15   3 o,n=   0.01998   0.84222
 Src-osrc corr  10   4 o,n=  23.99769  23.80176
 Src-osrc corr  11   4 o,n=   0.41967   1.09291
 Src-osrc corr  14   4 o,n=   5.72227   5.57935
 Src-osrc corr  15   4 o,n=   0.84222   2.18558
 Src-osrc corr  10   5 o,n=  23.80176  23.38315
 Src-osrc corr  11   5 o,n=   1.09291   0.42245
 Src-osrc corr  14   5 o,n=   5.57935   7.25750
 Src-osrc corr  15   5 o,n=   2.18558   0.84280
 Src-osrc corr  10   6 o,n=  23.38315  23.41504
 Src-osrc corr  11   6 o,n=   0.42245   0.32792
 Src-osrc corr  14   6 o,n=   7.25750   7.09114
 Src-osrc corr  15   6 o,n=   0.84280   0.65449
 Src-osrc corr  10   7 o,n=  23.41504  23.31235
 Src-osrc corr  11   7 o,n=   0.32792   1.24240
 Src-osrc corr  14   7 o,n=   7.09114   7.71536
 Src-osrc corr  15   7 o,n=   0.65449   2.48241
 Src-osrc corr  10   8 o,n=  23.31235  23.99140
 Src-osrc corr  11   8 o,n=   1.24240   0.42319
 Src-osrc corr  14   8 o,n=   7.71536  23.23009
 Src-osrc corr  15   8 o,n=   2.48241   0.85108
 Src-osrc corr  11   9 o,n=   0.42319   0.42456
 Src-osrc corr  15   9 o,n=   0.85108   0.85388
 Src-osrc corr  10   1 o,n=  23.43844  23.83600
 Src-osrc corr  12   1 o,n=  17.95203  18.64284
 Src-osrc corr  11   2 o,n=   0.02299   0.01932
 Src-osrc corr  13   2 o,n=   0.00982   0.01023
 Src-osrc corr  11   3 o,n=   0.01932   0.42061
 Src-osrc corr  15   3 o,n=   0.01947   0.84384
 Src-osrc corr  10   4 o,n=  23.83600  23.64063
 Src-osrc corr  11   4 o,n=   0.42061   1.09534
 Src-osrc corr  14   4 o,n=   5.72631   5.58758
 Src-osrc corr  15   4 o,n=   0.84384   2.19022
 Src-osrc corr  10   5 o,n=  23.64063  23.22391
 Src-osrc corr  11   5 o,n=   1.09534   0.42337
 Src-osrc corr  14   5 o,n=   5.58758   7.27168
 Src-osrc corr  15   5 o,n=   2.19022   0.84440
 Src-osrc corr  10   6 o,n=  23.22391  23.25518
 Src-osrc corr  11   6 o,n=   0.42337   0.32924
 Src-osrc corr  14   6 o,n=   7.27168   7.10496
 Src-osrc corr  15   6 o,n=   0.84440   0.65690
 Src-osrc corr  10   7 o,n=  23.25518  23.15477
 Src-osrc corr  11   7 o,n=   0.32924   1.24403
 Src-osrc corr  14   7 o,n=   7.10496   7.73064
 Src-osrc corr  15   7 o,n=   0.65690   2.48518
 Src-osrc corr  10   8 o,n=  23.15477  23.87493
 Src-osrc corr  11   8 o,n=   1.24403   0.42410
 Src-osrc corr  14   8 o,n=   7.73064  23.27859
 Src-osrc corr  15   8 o,n=   2.48518   0.85272
 Src-osrc corr  11   9 o,n=   0.42410   0.42547
 Src-osrc corr  15   9 o,n=   0.85272   0.85553
 Src-osrc corr  10   1 o,n=  23.33439  23.71639
 Src-osrc corr  12   1 o,n=  17.84785  18.52067
 Src-osrc corr  11   2 o,n=   0.02300   0.01935
 Src-osrc corr  13   2 o,n=   0.00940   0.00988
 Src-osrc corr  11   3 o,n=   0.01935   0.42137
 Src-osrc corr  15   3 o,n=   0.01941   0.84523
 Src-osrc corr  10   4 o,n=  23.71639  23.52125
 Src-osrc corr  11   4 o,n=   0.42137   1.09710
 Src-osrc corr  14   4 o,n=   5.72869   5.59328
 Src-osrc corr  15   4 o,n=   0.84523   2.19382
 Src-osrc corr  10   5 o,n=  23.52125  23.10554
 Src-osrc corr  11   5 o,n=   1.09710   0.42397
 Src-osrc corr  14   5 o,n=   5.59328   7.28170
 Src-osrc corr  15   5 o,n=   2.19382   0.84570
 Src-osrc corr  10   6 o,n=  23.10554  23.13630
 Src-osrc corr  11   6 o,n=   0.42397   0.33017
 Src-osrc corr  14   6 o,n=   7.28170   7.11466
 Src-osrc corr  15   6 o,n=   0.84570   0.65883
 Src-osrc corr  10   7 o,n=  23.13630  23.03784
 Src-osrc corr  11   7 o,n=   0.33017   1.24480
 Src-osrc corr  14   7 o,n=   7.11466   7.74143
 Src-osrc corr  15   7 o,n=   0.65883   2.48672
 Src-osrc corr  10   8 o,n=  23.03784  23.79549
 Src-osrc corr  11   8 o,n=   1.24480   0.42465
 Src-osrc corr  14   8 o,n=   7.74143  23.31115
 Src-osrc corr  15   8 o,n=   2.48672   0.85394
 Src-osrc corr  11   9 o,n=   0.42465   0.42601
 Src-osrc corr  15   9 o,n=   0.85394   0.85674
 Src-osrc corr  10   1 o,n=  23.28821  23.65273
 Src-osrc corr  12   1 o,n=  17.79314  18.44713
 Src-osrc corr  11   2 o,n=   0.02243   0.01902
 Src-osrc corr  13   2 o,n=   0.00954   0.01009
 Src-osrc corr  11   3 o,n=   0.01902   0.42178
 Src-osrc corr  15   3 o,n=   0.01903   0.84631
 Src-osrc corr  10   4 o,n=  23.65273  23.45791
 Src-osrc corr  11   4 o,n=   0.42178   1.09849
 Src-osrc corr  14   4 o,n=   5.73691   5.60271
 Src-osrc corr  15   4 o,n=   0.84631   2.19687
 Src-osrc corr  10   5 o,n=  23.45791  23.04331
 Src-osrc corr  11   5 o,n=   1.09849   0.42433
 Src-osrc corr  14   5 o,n=   5.60271   7.29425
 Src-osrc corr  15   5 o,n=   2.19687   0.84674
 Src-osrc corr  10   6 o,n=  23.04331  23.07384
 Src-osrc corr  11   6 o,n=   0.42433   0.33065
 Src-osrc corr  14   6 o,n=   7.29425   7.12696
 Src-osrc corr  15   6 o,n=   0.84674   0.66009
 Src-osrc corr  10   7 o,n=  23.07384  22.97628
 Src-osrc corr  11   7 o,n=   0.33065   1.24594
 Src-osrc corr  14   7 o,n=   7.12696   7.75465
 Src-osrc corr  15   7 o,n=   0.66009   2.48923
 Src-osrc corr  10   8 o,n=  22.97628  23.75155
 Src-osrc corr  11   8 o,n=   1.24594   0.42495
 Src-osrc corr  14   8 o,n=   7.75465  23.34897
 Src-osrc corr  15   8 o,n=   2.48923   0.85489
 Src-osrc corr  11   9 o,n=   0.42495   0.42633
 Src-osrc corr  15   9 o,n=   0.85489   0.85772
 Src-osrc corr  10   1 o,n=  23.22238  23.56985
 Src-osrc corr  12   1 o,n=  17.71833  18.35280
 Src-osrc corr  11   2 o,n=   0.02250   0.01923
 Src-osrc corr  13   2 o,n=   0.00958   0.01011
 Src-osrc corr  11   3 o,n=   0.01923   0.42262
 Src-osrc corr  15   3 o,n=   0.01883   0.84783
 Src-osrc corr  10   4 o,n=  23.56985  23.37561
 Src-osrc corr  11   4 o,n=   0.42262   1.10055
 Src-osrc corr  14   4 o,n=   5.74666   5.61514
 Src-osrc corr  15   4 o,n=   0.84783   2.20093
 Src-osrc corr  10   5 o,n=  23.37561  22.96289
 Src-osrc corr  11   5 o,n=   1.10055   0.42510
 Src-osrc corr  14   5 o,n=   5.61514   7.31097
 Src-osrc corr  15   5 o,n=   2.20093   0.84819
 Src-osrc corr  10   6 o,n=  22.96289  22.99296
 Src-osrc corr  11   6 o,n=   0.42510   0.33168
 Src-osrc corr  14   6 o,n=   7.31097   7.14335
 Src-osrc corr  15   6 o,n=   0.84819   0.66209
 Src-osrc corr  10   7 o,n=  22.99296  22.89713
 Src-osrc corr  11   7 o,n=   0.33168   1.24759
 Src-osrc corr  14   7 o,n=   7.14335   7.77235
 Src-osrc corr  15   7 o,n=   0.66209   2.49225
 Src-osrc corr  10   8 o,n=  22.89713  23.70392
 Src-osrc corr  11   8 o,n=   1.24759   0.42569
 Src-osrc corr  14   8 o,n=   7.77235  23.39874
 Src-osrc corr  15   8 o,n=   2.49225   0.85634
 Src-osrc corr  11   9 o,n=   0.42569   0.42707
 Src-osrc corr  15   9 o,n=   0.85634   0.85917
 Src-osrc corr  10   1 o,n=  23.18389  23.52194
 Src-osrc corr  12   1 o,n=  17.67353  18.29676
 Src-osrc corr  11   2 o,n=   0.02255   0.01934
 Src-osrc corr  13   2 o,n=   0.00948   0.01004
 Src-osrc corr  11   3 o,n=   0.01934   0.42322
 Src-osrc corr  15   3 o,n=   0.01882   0.84890
 Src-osrc corr  10   4 o,n=  23.52194  23.32810
 Src-osrc corr  11   4 o,n=   0.42322   1.10190
 Src-osrc corr  14   4 o,n=   5.75373   5.62419
 Src-osrc corr  15   4 o,n=   0.84890   2.20363
 Src-osrc corr  10   5 o,n=  23.32810  22.91669
 Src-osrc corr  11   5 o,n=   1.10190   0.42558
 Src-osrc corr  14   5 o,n=   5.62419   7.32277
 Src-osrc corr  15   5 o,n=   2.20363   0.84917
 Src-osrc corr  10   6 o,n=  22.91669  22.94642
 Src-osrc corr  11   6 o,n=   0.42558   0.33237
 Src-osrc corr  14   6 o,n=   7.32277   7.15491
 Src-osrc corr  15   6 o,n=   0.84917   0.66349
 Src-osrc corr  10   7 o,n=  22.94642  22.85191
 Src-osrc corr  11   7 o,n=   0.33237   1.24853
 Src-osrc corr  14   7 o,n=   7.15491   7.78477
 Src-osrc corr  15   7 o,n=   0.66349   2.49405
 Src-osrc corr  10   8 o,n=  22.85191  23.68271
 Src-osrc corr  11   8 o,n=   1.24853   0.42612
 Src-osrc corr  14   8 o,n=   7.78477  23.43167
 Src-osrc corr  15   8 o,n=   2.49405   0.85725
 Src-osrc corr  11   9 o,n=   0.42612   0.42751
 Src-osrc corr  15   9 o,n=   0.85725   0.86008
 Reaction Xsec     2.0-/ 1 @ 1 =    41.112 , Out:   0.016/   3.155    3.033    1.558    0.247   33.119f
 Src-osrc corr  11   2 o,n=  19.88325  18.06801
 Src-osrc corr  13   2 o,n=  18.68380  16.92488
 Src-osrc corr  11   3 o,n=  18.06801  18.10863
 Src-osrc corr  15   3 o,n=   1.24205   1.71899
 Src-osrc corr  10   4 o,n=   0.09824   0.32264
 Src-osrc corr  11   4 o,n=  18.10863  18.23141
 Src-osrc corr  14   4 o,n=   0.09824   0.80972
 Src-osrc corr  15   4 o,n=   1.71899   3.07958
 Src-osrc corr  10   5 o,n=   0.32264   0.09922
 Src-osrc corr  11   5 o,n=  18.23141  18.26058
 Src-osrc corr  14   5 o,n=   0.80972   0.09922
 Src-osrc corr  15   5 o,n=   3.07958   3.34383
 Src-osrc corr  10   6 o,n=   0.09922   0.42971
 Src-osrc corr  11   6 o,n=  18.26058  18.03113
 Src-osrc corr  14   6 o,n=   0.09922   1.14746
 Src-osrc corr  15   6 o,n=   3.34383   5.20861
 Src-osrc corr  10   7 o,n=   0.42971   0.75085
 Src-osrc corr  11   7 o,n=  18.03113  18.50814
 Src-osrc corr  14   7 o,n=   1.14746   2.09950
 Src-osrc corr  15   7 o,n=   5.20861   7.42449
 Src-osrc corr  10   8 o,n=   0.75085   0.11997
 Src-osrc corr  11   8 o,n=  18.50814  18.55870
 Src-osrc corr  14   8 o,n=   2.09950   0.11997
 Src-osrc corr  15   8 o,n=   7.42449   7.61159
 Src-osrc corr  11   9 o,n=  18.55870  18.10138
 Src-osrc corr  15   9 o,n=   7.61159   7.37865
 Src-osrc corr  11   2 o,n=  19.88325  18.06801
 Src-osrc corr  13   2 o,n=  18.68380  16.92488
 Src-osrc corr  11   3 o,n=  18.06801  18.10863
 Src-osrc corr  15   3 o,n=   1.24205   1.71899
 Src-osrc corr  10   4 o,n=   0.09824   0.32264
 Src-osrc corr  11   4 o,n=  18.10863  18.23141
 Src-osrc corr  14   4 o,n=   0.09824   0.80972
 Src-osrc corr  15   4 o,n=   1.71899   3.07958
 Src-osrc corr  10   5 o,n=   0.32264   0.09922
 Src-osrc corr  11   5 o,n=  18.23141  18.26058
 Src-osrc corr  14   5 o,n=   0.80972   0.09922
 Src-osrc corr  15   5 o,n=   3.07958   3.34383
 Src-osrc corr  10   6 o,n=   0.09922   0.42971
 Src-osrc corr  11   6 o,n=  18.26058  18.03113
 Src-osrc corr  14   6 o,n=   0.09922   1.14746
 Src-osrc corr  15   6 o,n=   3.34383   5.20861
 Src-osrc corr  10   7 o,n=   0.42971   0.75085
 Src-osrc corr  11   7 o,n=  18.03113  18.50814
 Src-osrc corr  14   7 o,n=   1.14746   2.09950
 Src-osrc corr  15   7 o,n=   5.20861   7.42449
 Src-osrc corr  10   8 o,n=   0.75085   0.11997
 Src-osrc corr  11   8 o,n=  18.50814  18.55870
 Src-osrc corr  14   8 o,n=   2.09950   0.11997
 Src-osrc corr  15   8 o,n=   7.42449   7.61159
 Src-osrc corr  11   9 o,n=  18.55870  18.10138
 Src-osrc corr  15   9 o,n=   7.61159   7.37865
 Src-osrc corr  10   1 o,n=   0.09571   0.09761
 Src-osrc corr  12   1 o,n=   0.00826   0.01035
 Src-osrc corr  11   2 o,n=  19.49101  17.86958
 Src-osrc corr  13   2 o,n=  18.27174  16.69628
 Src-osrc corr  11   3 o,n=  17.86958  17.91425
 Src-osrc corr  15   3 o,n=   1.26501   1.70606
 Src-osrc corr  10   4 o,n=   0.09761   0.31703
 Src-osrc corr  11   4 o,n=  17.91425  18.04365
 Src-osrc corr  14   4 o,n=   0.09182   0.77957
 Src-osrc corr  15   4 o,n=   1.70606   3.00234
 Src-osrc corr  10   5 o,n=   0.31703   0.09825
 Src-osrc corr  11   5 o,n=  18.04365  18.07130
 Src-osrc corr  14   5 o,n=   0.77957   0.09291
 Src-osrc corr  15   5 o,n=   3.00234   3.25397
 Src-osrc corr  10   6 o,n=   0.09825   0.41680
 Src-osrc corr  11   6 o,n=  18.07130  17.77480
 Src-osrc corr  14   6 o,n=   0.09291   1.10199
 Src-osrc corr  15   6 o,n=   3.25397   5.03069
 Src-osrc corr  10   7 o,n=   0.41680   0.72173
 Src-osrc corr  11   7 o,n=  17.77480  18.17854
 Src-osrc corr  14   7 o,n=   1.10199   2.01219
 Src-osrc corr  15   7 o,n=   5.03069   7.14698
 Src-osrc corr  10   8 o,n=   0.72173   0.11821
 Src-osrc corr  11   8 o,n=  18.17854  18.22272
 Src-osrc corr  14   8 o,n=   2.01219   0.11447
 Src-osrc corr  15   8 o,n=   7.14698   7.32532
 Src-osrc corr  11   9 o,n=  18.22272  17.81555
 Src-osrc corr  15   9 o,n=   7.32532   7.10232
 Psi(EL) renorm. by  5.19E-01-3.26E-01, Conv =  0.89896 %
 Src-osrc corr  10   1 o,n=   0.08810   0.09229
 Src-osrc corr  12   1 o,n=   0.01387   0.01945
 Src-osrc corr  11   2 o,n=  20.48233  19.08111
 Src-osrc corr  13   2 o,n=  19.36499  17.99775
 Src-osrc corr  11   3 o,n=  19.08111  19.13420
 Src-osrc corr  15   3 o,n=   1.16602   1.61914
 Src-osrc corr  10   4 o,n=   0.09229   0.31010
 Src-osrc corr  11   4 o,n=  19.13420  19.28243
 Src-osrc corr  14   4 o,n=   0.08506   0.77770
 Src-osrc corr  15   4 o,n=   1.61914   2.94171
 Src-osrc corr  10   5 o,n=   0.31010   0.09381
 Src-osrc corr  11   5 o,n=  19.28243  19.31381
 Src-osrc corr  14   5 o,n=   0.77770   0.08799
 Src-osrc corr  15   5 o,n=   2.94171   3.19875
 Src-osrc corr  10   6 o,n=   0.09381   0.40460
 Src-osrc corr  11   6 o,n=  19.31381  19.05615
 Src-osrc corr  14   6 o,n=   0.08799   1.08347
 Src-osrc corr  15   6 o,n=   3.19875   5.00052
 Src-osrc corr  10   7 o,n=   0.40460   0.70730
 Src-osrc corr  11   7 o,n=  19.05615  19.45332
 Src-osrc corr  14   7 o,n=   1.08347   1.98565
 Src-osrc corr  15   7 o,n=   5.00052   7.14828
 Src-osrc corr  10   8 o,n=   0.70730   0.11605
 Src-osrc corr  11   8 o,n=  19.45332  19.49611
 Src-osrc corr  14   8 o,n=   1.98565   0.11800
 Src-osrc corr  15   8 o,n=   7.14828   7.32824
 Src-osrc corr  11   9 o,n=  19.49611  19.12385
 Src-osrc corr  15   9 o,n=   7.32824   7.12847
 Psi(EL) renorm. by  9.07E-01-7.68E-02, Conv =  0.77146 %
 Src-osrc corr  10   1 o,n=   0.08270   0.08636
 Src-osrc corr  12   1 o,n=   0.01331   0.01903
 Src-osrc corr  11   2 o,n=  20.10641  18.68420
 Src-osrc corr  13   2 o,n=  18.99957  17.61070
 Src-osrc corr  11   3 o,n=  18.68420  18.73886
 Src-osrc corr  15   3 o,n=   1.15660   1.61400
 Src-osrc corr  10   4 o,n=   0.08636   0.30580
 Src-osrc corr  11   4 o,n=  18.73886  18.89145
 Src-osrc corr  14   4 o,n=   0.08534   0.77882
 Src-osrc corr  15   4 o,n=   1.61400   2.94372
 Src-osrc corr  10   5 o,n=   0.30580   0.08781
 Src-osrc corr  11   5 o,n=  18.89145  18.92444
 Src-osrc corr  14   5 o,n=   0.77882   0.08807
 Src-osrc corr  15   5 o,n=   2.94372   3.20206
 Src-osrc corr  10   6 o,n=   0.08781   0.40149
 Src-osrc corr  11   6 o,n=  18.92444  18.69603
 Src-osrc corr  14   6 o,n=   0.08807   1.08556
 Src-osrc corr  15   6 o,n=   3.20206   5.00790
 Src-osrc corr  10   7 o,n=   0.40149   0.70519
 Src-osrc corr  11   7 o,n=  18.69603  19.10552
 Src-osrc corr  14   7 o,n=   1.08556   1.98965
 Src-osrc corr  15   7 o,n=   5.00790   7.15920
 Src-osrc corr  10   8 o,n=   0.70519   0.11000
 Src-osrc corr  11   8 o,n=  19.10552  19.14926
 Src-osrc corr  14   8 o,n=   1.98965   0.11799
 Src-osrc corr  15   8 o,n=   7.15920   7.33953
 Src-osrc corr  11   9 o,n=  19.14926  18.77955
 Src-osrc corr  15   9 o,n=   7.33953   7.13684
 Src-osrc corr  10   1 o,n=   0.08305   0.08830
 Src-osrc corr  12   1 o,n=   0.01908   0.02604
 Src-osrc corr  11   2 o,n=  19.81698  18.41700
 Src-osrc corr  13   2 o,n=  18.72771  17.35933
 Src-osrc corr  11   3 o,n=  18.41700  18.47278
 Src-osrc corr  15   3 o,n=   1.14386   1.60057
 Src-osrc corr  10   4 o,n=   0.08830   0.30626
 Src-osrc corr  11   4 o,n=  18.47278  18.62890
 Src-osrc corr  14   4 o,n=   0.08475   0.77484
 Src-osrc corr  15   4 o,n=   1.60057   2.92764
 Src-osrc corr  10   5 o,n=   0.30626   0.08982
 Src-osrc corr  11   5 o,n=  18.62890  18.66262
 Src-osrc corr  14   5 o,n=   0.77484   0.08793
 Src-osrc corr  15   5 o,n=   2.92764   3.18524
 Src-osrc corr  10   6 o,n=   0.08982   0.40105
 Src-osrc corr  11   6 o,n=  18.66262  18.44423
 Src-osrc corr  14   6 o,n=   0.08793   1.08024
 Src-osrc corr  15   6 o,n=   3.18524   4.98162
 Src-osrc corr  10   7 o,n=   0.40105   0.70285
 Src-osrc corr  11   7 o,n=  18.44423  18.85397
 Src-osrc corr  14   7 o,n=   1.08024   1.97963
 Src-osrc corr  15   7 o,n=   4.98162   7.11926
 Src-osrc corr  10   8 o,n=   0.70285   0.11208
 Src-osrc corr  11   8 o,n=  18.85397  18.89746
 Src-osrc corr  14   8 o,n=   1.97963   0.11901
 Src-osrc corr  15   8 o,n=   7.11926   7.29838
 Src-osrc corr  11   9 o,n=  18.89746  18.53431
 Src-osrc corr  15   9 o,n=   7.29838   7.09551
 Src-osrc corr  10   1 o,n=   0.08115   0.08705
 Src-osrc corr  12   1 o,n=   0.01870   0.02689
 Src-osrc corr  11   2 o,n=  19.92039  18.54325
 Src-osrc corr  13   2 o,n=  18.83652  17.49021
 Src-osrc corr  11   3 o,n=  18.54325  18.59920
 Src-osrc corr  15   3 o,n=   1.13904   1.59370
 Src-osrc corr  10   4 o,n=   0.08705   0.30447
 Src-osrc corr  11   4 o,n=  18.59920  18.75547
 Src-osrc corr  14   4 o,n=   0.08488   0.77332
 Src-osrc corr  15   4 o,n=   1.59370   2.91510
 Src-osrc corr  10   5 o,n=   0.30447   0.08892
 Src-osrc corr  11   5 o,n=  18.75547  18.78908
 Src-osrc corr  14   5 o,n=   0.77332   0.08869
 Src-osrc corr  15   5 o,n=   2.91510   3.17181
 Src-osrc corr  10   6 o,n=   0.08892   0.39833
 Src-osrc corr  11   6 o,n=  18.78908  18.56766
 Src-osrc corr  14   6 o,n=   0.08869   1.07580
 Src-osrc corr  15   6 o,n=   3.17181   4.96375
 Src-osrc corr  10   7 o,n=   0.39833   0.69896
 Src-osrc corr  11   7 o,n=  18.56766  18.97186
 Src-osrc corr  14   7 o,n=   1.07580   1.97145
 Src-osrc corr  15   7 o,n=   4.96375   7.09746
 Src-osrc corr  10   8 o,n=   0.69896   0.11324
 Src-osrc corr  11   8 o,n=  18.97186  19.01480
 Src-osrc corr  14   8 o,n=   1.97145   0.12519
 Src-osrc corr  15   8 o,n=   7.09746   7.27597
 Src-osrc corr  11   9 o,n=  19.01480  18.65628
 Src-osrc corr  15   9 o,n=   7.27597   7.07821
 Src-osrc corr  10   1 o,n=   0.07812   0.08397
 Src-osrc corr  12   1 o,n=   0.01948   0.02783
 Src-osrc corr  11   2 o,n=  19.83410  18.44661
 Src-osrc corr  13   2 o,n=  18.75057  17.39392
 Src-osrc corr  11   3 o,n=  18.44661  18.50273
 Src-osrc corr  15   3 o,n=   1.13857   1.59403
 Src-osrc corr  10   4 o,n=   0.08397   0.30231
 Src-osrc corr  11   4 o,n=  18.50273  18.65945
 Src-osrc corr  14   4 o,n=   0.08481   0.77377
 Src-osrc corr  15   4 o,n=   1.59403   2.91721
 Src-osrc corr  10   5 o,n=   0.30231   0.08583
 Src-osrc corr  11   5 o,n=  18.65945  18.69337
 Src-osrc corr  14   5 o,n=   0.77377   0.08859
 Src-osrc corr  15   5 o,n=   2.91721   3.17423
 Src-osrc corr  10   6 o,n=   0.08583   0.39672
 Src-osrc corr  11   6 o,n=  18.69337  18.47815
 Src-osrc corr  14   6 o,n=   0.08859   1.07661
 Src-osrc corr  15   6 o,n=   3.17423   4.96796
 Src-osrc corr  10   7 o,n=   0.39672   0.69777
 Src-osrc corr  11   7 o,n=  18.47815  18.88557
 Src-osrc corr  14   7 o,n=   1.07661   1.97301
 Src-osrc corr  15   7 o,n=   4.96796   7.10340
 Src-osrc corr  10   8 o,n=   0.69777   0.11023
 Src-osrc corr  11   8 o,n=  18.88557  18.92877
 Src-osrc corr  14   8 o,n=   1.97301   0.12549
 Src-osrc corr  15   8 o,n=   7.10340   7.28202
 Src-osrc corr  11   9 o,n=  18.92877  18.57011
 Src-osrc corr  15   9 o,n=   7.28202   7.08382
 Src-osrc corr  10   1 o,n=   0.07748   0.08399
 Src-osrc corr  12   1 o,n=   0.02124   0.03027
 Src-osrc corr  11   2 o,n=  19.76560  18.37968
 Src-osrc corr  13   2 o,n=  18.68501  17.32965
 Src-osrc corr  11   3 o,n=  18.37968  18.43613
 Src-osrc corr  15   3 o,n=   1.13643   1.59231
 Src-osrc corr  10   4 o,n=   0.08399   0.30212
 Src-osrc corr  11   4 o,n=  18.43613  18.59390
 Src-osrc corr  14   4 o,n=   0.08485   0.77344
 Src-osrc corr  15   4 o,n=   1.59231   2.91601
 Src-osrc corr  10   5 o,n=   0.30212   0.08594
 Src-osrc corr  11   5 o,n=  18.59390  18.62811
 Src-osrc corr  14   5 o,n=   0.77344   0.08895
 Src-osrc corr  15   5 o,n=   2.91601   3.17309
 Src-osrc corr  10   6 o,n=   0.08594   0.39631
 Src-osrc corr  11   6 o,n=  18.62811  18.41718
 Src-osrc corr  14   6 o,n=   0.08895   1.07601
 Src-osrc corr  15   6 o,n=   3.17309   4.96610
 Src-osrc corr  10   7 o,n=   0.39631   0.69717
 Src-osrc corr  11   7 o,n=  18.41718  18.82595
 Src-osrc corr  14   7 o,n=   1.07601   1.97192
 Src-osrc corr  15   7 o,n=   4.96610   7.10020
 Src-osrc corr  10   8 o,n=   0.69717   0.11070
 Src-osrc corr  11   8 o,n=  18.82595  18.86916
 Src-osrc corr  14   8 o,n=   1.97192   0.12726
 Src-osrc corr  15   8 o,n=   7.10020   7.27864
 Src-osrc corr  11   9 o,n=  18.86916  18.51151
 Src-osrc corr  15   9 o,n=   7.27864   7.07985
 Reaction Xsec     2.0-/ 3 @ 2 =    45.972 , Out:   0.025/   1.823    2.305    2.021    9.949/  39.813f
 Allocate arrays for           16  channels, of which           16  need wfs.

 Total SPIN, PARITY =     3.0 +,     16 chs,     16 cc.  Rmin & Coul turning =    0.4    3.6
 Src-osrc corr  11   1 o,n=  15.77389  15.01242
 Src-osrc corr  13   1 o,n=  16.37092  15.64364
 Src-osrc corr  11   3 o,n=  15.01242  15.05122
 Src-osrc corr  15   3 o,n=   2.65074   2.65399
 Src-osrc corr  11   4 o,n=  15.05122  15.05979
 Src-osrc corr  12   4 o,n=   0.01130   0.24358
 Src-osrc corr  15   4 o,n=   2.65399   2.68908
 Src-osrc corr  16   4 o,n=   0.01130   0.48731
 Src-osrc corr  12   5 o,n=   0.24358   0.03977
 Src-osrc corr  16   5 o,n=   0.48731   0.07701
 Src-osrc corr  11   6 o,n=  15.05979  14.85900
 Src-osrc corr  12   6 o,n=   0.03977   0.29142
 Src-osrc corr  15   6 o,n=   2.68908   4.80600
 Src-osrc corr  16   6 o,n=   0.07701   0.57580
 Src-osrc corr  11   7 o,n=  14.85900  14.87322
 Src-osrc corr  12   7 o,n=   0.29142   0.34764
 Src-osrc corr  15   7 o,n=   4.80600   4.74871
 Src-osrc corr  16   7 o,n=   0.57580   0.68991
 Src-osrc corr  12   8 o,n=   0.34764   0.31103
 Src-osrc corr  16   8 o,n=   0.68991   0.61573
 Src-osrc corr  11   9 o,n=  14.87322  16.09210
 Src-osrc corr  12   9 o,n=   0.31103   0.47730
 Src-osrc corr  15   9 o,n=   4.74871  18.26256
 Src-osrc corr  16   9 o,n=   0.61573   0.94935
 Src-osrc corr  11   1 o,n=  15.77389  15.01242
 Src-osrc corr  13   1 o,n=  16.37092  15.64364
 Src-osrc corr  11   3 o,n=  15.01242  15.05122
 Src-osrc corr  15   3 o,n=   2.65074   2.65399
 Src-osrc corr  11   4 o,n=  15.05122  15.05979
 Src-osrc corr  12   4 o,n=   0.01130   0.24358
 Src-osrc corr  15   4 o,n=   2.65399   2.68908
 Src-osrc corr  16   4 o,n=   0.01130   0.48731
 Src-osrc corr  12   5 o,n=   0.24358   0.03977
 Src-osrc corr  16   5 o,n=   0.48731   0.07701
 Src-osrc corr  11   6 o,n=  15.05979  14.85900
 Src-osrc corr  12   6 o,n=   0.03977   0.29142
 Src-osrc corr  15   6 o,n=   2.68908   4.80600
 Src-osrc corr  16   6 o,n=   0.07701   0.57580
 Src-osrc corr  11   7 o,n=  14.85900  14.87322
 Src-osrc corr  12   7 o,n=   0.29142   0.34764
 Src-osrc corr  15   7 o,n=   4.80600   4.74871
 Src-osrc corr  16   7 o,n=   0.57580   0.68991
 Src-osrc corr  12   8 o,n=   0.34764   0.31103
 Src-osrc corr  16   8 o,n=   0.68991   0.61573
 Src-osrc corr  11   9 o,n=  14.87322  16.09210
 Src-osrc corr  12   9 o,n=   0.31103   0.47730
 Src-osrc corr  15   9 o,n=   4.74871  18.26256
 Src-osrc corr  16   9 o,n=   0.61573   0.94935
 Src-osrc corr  11   1 o,n=  15.02037  14.60834
 Src-osrc corr  13   1 o,n=  15.86467  15.39944
 Src-osrc corr  12   2 o,n=   0.07336   0.07068
 Src-osrc corr  14   2 o,n=   0.08090   0.07509
 Src-osrc corr  11   3 o,n=  14.60834  14.65990
 Src-osrc corr  15   3 o,n=   3.80029   3.81274
 Src-osrc corr  11   4 o,n=  14.65990  14.66703
 Src-osrc corr  12   4 o,n=   0.07068   0.25792
 Src-osrc corr  15   4 o,n=   3.81274   3.84559
 Src-osrc corr  16   4 o,n=   0.00985   0.45496
 Src-osrc corr  12   5 o,n=   0.25792   0.08564
 Src-osrc corr  16   5 o,n=   0.45496   0.07127
 Src-osrc corr  11   6 o,n=  14.66703  14.49814
 Src-osrc corr  12   6 o,n=   0.08564   0.29914
 Src-osrc corr  15   6 o,n=   3.84559   5.51915
 Src-osrc corr  16   6 o,n=   0.07127   0.53667
 Src-osrc corr  11   7 o,n=  14.49814  14.51183
 Src-osrc corr  12   7 o,n=   0.29914   0.35427
 Src-osrc corr  15   7 o,n=   5.51915   5.46678
 Src-osrc corr  16   7 o,n=   0.53667   0.64890
 Src-osrc corr  12   8 o,n=   0.35427   0.31546
 Src-osrc corr  16   8 o,n=   0.64890   0.57072
 Src-osrc corr  11   9 o,n=  14.51183  15.41679
 Src-osrc corr  12   9 o,n=   0.31546   0.48019
 Src-osrc corr  15   9 o,n=   5.46678  18.73425
 Src-osrc corr  16   9 o,n=   0.57072   0.90162
 Src-osrc corr  12  10 o,n=   0.48019   0.48208
 Src-osrc corr  16  10 o,n=   0.90162   0.90564
 Psi(EL) renorm. by  1.15E+00-1.40E-04, Conv =  1.06858 %
 Src-osrc corr  11   1 o,n=  16.30711  16.04535
 Src-osrc corr  13   1 o,n=  16.93232  16.66506
 Src-osrc corr  12   2 o,n=   0.02566   0.02687
 Src-osrc corr  14   2 o,n=   0.03293   0.02907
 Src-osrc corr  11   3 o,n=  16.04535  16.09927
 Src-osrc corr  15   3 o,n=   4.51126   4.50507
 Src-osrc corr  11   4 o,n=  16.09927  16.10496
 Src-osrc corr  12   4 o,n=   0.02687   0.23083
 Src-osrc corr  15   4 o,n=   4.50507   4.53253
 Src-osrc corr  16   4 o,n=   0.03262   0.45610
 Src-osrc corr  12   5 o,n=   0.23083   0.03691
 Src-osrc corr  16   5 o,n=   0.45610   0.07180
 Src-osrc corr  11   6 o,n=  16.10496  15.98870
 Src-osrc corr  12   6 o,n=   0.03691   0.27252
 Src-osrc corr  15   6 o,n=   4.53253   6.07579
 Src-osrc corr  16   6 o,n=   0.07180   0.53597
 Src-osrc corr  11   7 o,n=  15.98870  16.00347
 Src-osrc corr  12   7 o,n=   0.27252   0.33291
 Src-osrc corr  15   7 o,n=   6.07579   6.02346
 Src-osrc corr  16   7 o,n=   0.53597   0.65715
 Src-osrc corr  12   8 o,n=   0.33291   0.29167
 Src-osrc corr  16   8 o,n=   0.65715   0.57980
 Src-osrc corr  11   9 o,n=  16.00347  17.13027
 Src-osrc corr  12   9 o,n=   0.29167   0.46444
 Src-osrc corr  15   9 o,n=   6.02346  19.39716
 Src-osrc corr  16   9 o,n=   0.57980   0.91898
 Src-osrc corr  12  10 o,n=   0.46444   0.46408
 Src-osrc corr  16  10 o,n=   0.91898   0.91818
 Src-osrc corr  11   1 o,n=  15.91611  15.73317
 Src-osrc corr  13   1 o,n=  16.67393  16.45479
 Src-osrc corr  12   2 o,n=   0.02071   0.01939
 Src-osrc corr  14   2 o,n=   0.01946   0.01771
 Src-osrc corr  11   3 o,n=  15.73317  15.78744
 Src-osrc corr  15   3 o,n=   4.36701   4.36673
 Src-osrc corr  11   4 o,n=  15.78744  15.79329
 Src-osrc corr  12   4 o,n=   0.01939   0.22405
 Src-osrc corr  15   4 o,n=   4.36673   4.39434
 Src-osrc corr  16   4 o,n=   0.03025   0.44751
 Src-osrc corr  12   5 o,n=   0.22405   0.03219
 Src-osrc corr  16   5 o,n=   0.44751   0.07096
 Src-osrc corr  11   6 o,n=  15.79329  15.66660
 Src-osrc corr  12   6 o,n=   0.03219   0.26541
 Src-osrc corr  15   6 o,n=   4.39434   5.91220
 Src-osrc corr  16   6 o,n=   0.07096   0.52609
 Src-osrc corr  11   7 o,n=  15.66660  15.68218
 Src-osrc corr  12   7 o,n=   0.26541   0.32631
 Src-osrc corr  15   7 o,n=   5.91220   5.86034
 Src-osrc corr  16   7 o,n=   0.52609   0.64855
 Src-osrc corr  12   8 o,n=   0.32631   0.28254
 Src-osrc corr  16   8 o,n=   0.64855   0.56577
 Src-osrc corr  11   9 o,n=  15.68218  16.64120
 Src-osrc corr  12   9 o,n=   0.28254   0.45683
 Src-osrc corr  15   9 o,n=   5.86034  19.07596
 Src-osrc corr  16   9 o,n=   0.56577   0.90839
 Src-osrc corr  12  10 o,n=   0.45683   0.45617
 Src-osrc corr  16  10 o,n=   0.90839   0.90700
 Src-osrc corr  11   1 o,n=  15.31923  15.30928
 Src-osrc corr  13   1 o,n=  16.25215  16.14436
 Src-osrc corr  12   2 o,n=   0.02503   0.02650
 Src-osrc corr  14   2 o,n=   0.03306   0.03155
 Src-osrc corr  11   3 o,n=  15.30928  15.36715
 Src-osrc corr  15   3 o,n=   4.29553   4.30456
 Src-osrc corr  11   4 o,n=  15.36715  15.37246
 Src-osrc corr  12   4 o,n=   0.02650   0.21895
 Src-osrc corr  15   4 o,n=   4.30456   4.33141
 Src-osrc corr  16   4 o,n=   0.03139   0.43270
 Src-osrc corr  12   5 o,n=   0.21895   0.03908
 Src-osrc corr  16   5 o,n=   0.43270   0.07159
 Src-osrc corr  11   6 o,n=  15.37246  15.25650
 Src-osrc corr  12   6 o,n=   0.03908   0.25827
 Src-osrc corr  15   6 o,n=   4.33141   5.79341
 Src-osrc corr  16   6 o,n=   0.07159   0.50826
 Src-osrc corr  11   7 o,n=  15.25650  15.27234
 Src-osrc corr  12   7 o,n=   0.25827   0.32044
 Src-osrc corr  15   7 o,n=   5.79341   5.74194
 Src-osrc corr  16   7 o,n=   0.50826   0.63299
 Src-osrc corr  12   8 o,n=   0.32044   0.27384
 Src-osrc corr  16   8 o,n=   0.63299   0.54570
 Src-osrc corr  11   9 o,n=  15.27234  16.05265
 Src-osrc corr  12   9 o,n=   0.27384   0.45011
 Src-osrc corr  15   9 o,n=   5.74194  18.82516
 Src-osrc corr  16   9 o,n=   0.54570   0.89113
 Src-osrc corr  12  10 o,n=   0.45011   0.44974
 Src-osrc corr  16  10 o,n=   0.89113   0.89033
 Src-osrc corr  11   1 o,n=  15.37754  15.44191
 Src-osrc corr  13   1 o,n=  16.38131  16.33742
 Src-osrc corr  12   2 o,n=   0.03127   0.03123
 Src-osrc corr  14   2 o,n=   0.03115   0.02822
 Src-osrc corr  11   3 o,n=  15.44191  15.50070
 Src-osrc corr  15   3 o,n=   4.33096   4.33899
 Src-osrc corr  11   4 o,n=  15.50070  15.50580
 Src-osrc corr  12   4 o,n=   0.03123   0.21928
 Src-osrc corr  15   4 o,n=   4.33899   4.36591
 Src-osrc corr  16   4 o,n=   0.03141   0.42870
 Src-osrc corr  12   5 o,n=   0.21928   0.04218
 Src-osrc corr  16   5 o,n=   0.42870   0.07074
 Src-osrc corr  11   6 o,n=  15.50580  15.39694
 Src-osrc corr  12   6 o,n=   0.04218   0.25801
 Src-osrc corr  15   6 o,n=   4.36591   5.80465
 Src-osrc corr  16   6 o,n=   0.07074   0.50346
 Src-osrc corr  11   7 o,n=  15.39694  15.41284
 Src-osrc corr  12   7 o,n=   0.25801   0.32083
 Src-osrc corr  15   7 o,n=   5.80465   5.75354
 Src-osrc corr  16   7 o,n=   0.50346   0.62917
 Src-osrc corr  12   8 o,n=   0.32083   0.27338
 Src-osrc corr  16   8 o,n=   0.62917   0.54095
 Src-osrc corr  11   9 o,n=  15.41284  16.16159
 Src-osrc corr  12   9 o,n=   0.27338   0.45065
 Src-osrc corr  15   9 o,n=   5.75354  18.79386
 Src-osrc corr  16   9 o,n=   0.54095   0.88759
 Src-osrc corr  12  10 o,n=   0.45065   0.45019
 Src-osrc corr  16  10 o,n=   0.88759   0.88662
 Src-osrc corr  11   1 o,n=  15.34581  15.45673
 Src-osrc corr  13   1 o,n=  16.39201  16.38897
 Src-osrc corr  12   2 o,n=   0.02880   0.02792
 Src-osrc corr  14   2 o,n=   0.02652   0.02407
 Src-osrc corr  11   3 o,n=  15.45673  15.51466
 Src-osrc corr  15   3 o,n=   4.23340   4.24453
 Src-osrc corr  11   4 o,n=  15.51466  15.51995
 Src-osrc corr  12   4 o,n=   0.02792   0.21664
 Src-osrc corr  15   4 o,n=   4.24453   4.27127
 Src-osrc corr  16   4 o,n=   0.02951   0.42542
 Src-osrc corr  12   5 o,n=   0.21664   0.03991
 Src-osrc corr  16   5 o,n=   0.42542   0.06998
 Src-osrc corr  11   6 o,n=  15.51995  15.40191
 Src-osrc corr  12   6 o,n=   0.03991   0.25531
 Src-osrc corr  15   6 o,n=   4.27127   5.70708
 Src-osrc corr  16   6 o,n=   0.06998   0.49983
 Src-osrc corr  11   7 o,n=  15.40191  15.41818
 Src-osrc corr  12   7 o,n=   0.25531   0.31848
 Src-osrc corr  15   7 o,n=   5.70708   5.65597
 Src-osrc corr  16   7 o,n=   0.49983   0.62632
 Src-osrc corr  12   8 o,n=   0.31848   0.26941
 Src-osrc corr  16   8 o,n=   0.62632   0.53464
 Src-osrc corr  11   9 o,n=  15.41818  16.06752
 Src-osrc corr  12   9 o,n=   0.26941   0.44775
 Src-osrc corr  15   9 o,n=   5.65597  18.61910
 Src-osrc corr  16   9 o,n=   0.53464   0.88368
 Src-osrc corr  12  10 o,n=   0.44775   0.44724
 Src-osrc corr  16  10 o,n=   0.88368   0.88258
 Src-osrc corr  11   1 o,n=  15.23515  15.40433
 Src-osrc corr  13   1 o,n=  16.32530  16.36769
 Src-osrc corr  12   2 o,n=   0.02838   0.02801
 Src-osrc corr  14   2 o,n=   0.02813   0.02633
 Src-osrc corr  11   3 o,n=  15.40433  15.46233
 Src-osrc corr  15   3 o,n=   4.16307   4.17770
 Src-osrc corr  11   4 o,n=  15.46233  15.46761
 Src-osrc corr  12   4 o,n=   0.02801   0.21454
 Src-osrc corr  15   4 o,n=   4.17770   4.20404
 Src-osrc corr  16   4 o,n=   0.02868   0.42096
 Src-osrc corr  12   5 o,n=   0.21454   0.04085
 Src-osrc corr  16   5 o,n=   0.42096   0.06964
 Src-osrc corr  11   6 o,n=  15.46761  15.34719
 Src-osrc corr  12   6 o,n=   0.04085   0.25277
 Src-osrc corr  15   6 o,n=   4.20404   5.63085
 Src-osrc corr  16   6 o,n=   0.06964   0.49462
 Src-osrc corr  11   7 o,n=  15.34719  15.36369
 Src-osrc corr  12   7 o,n=   0.25277   0.31647
 Src-osrc corr  15   7 o,n=   5.63085   5.57985
 Src-osrc corr  16   7 o,n=   0.49462   0.62206
 Src-osrc corr  12   8 o,n=   0.31647   0.26581
 Src-osrc corr  16   8 o,n=   0.62206   0.52740
 Src-osrc corr  11   9 o,n=  15.36369  15.92800
 Src-osrc corr  12   9 o,n=   0.26581   0.44536
 Src-osrc corr  15   9 o,n=   5.57985  18.48356
 Src-osrc corr  16   9 o,n=   0.52740   0.87865
 Src-osrc corr  12  10 o,n=   0.44536   0.44483
 Src-osrc corr  16  10 o,n=   0.87865   0.87753
 Src-osrc corr  11   1 o,n=  15.28651  15.47958
 Src-osrc corr  13   1 o,n=  16.38776  16.45356
 Src-osrc corr  12   2 o,n=   0.03029   0.02970
 Src-osrc corr  14   2 o,n=   0.02893   0.02667
 Src-osrc corr  11   3 o,n=  15.47958  15.53709
 Src-osrc corr  15   3 o,n=   4.14135   4.15657
 Src-osrc corr  11   4 o,n=  15.53709  15.54243
 Src-osrc corr  12   4 o,n=   0.02970   0.21484
 Src-osrc corr  15   4 o,n=   4.15657   4.18284
 Src-osrc corr  16   4 o,n=   0.02791   0.41946
 Src-osrc corr  12   5 o,n=   0.21484   0.04240
 Src-osrc corr  16   5 o,n=   0.41946   0.06903
 Src-osrc corr  11   6 o,n=  15.54243  15.41901
 Src-osrc corr  12   6 o,n=   0.04240   0.25291
 Src-osrc corr  15   6 o,n=   4.18284   5.60637
 Src-osrc corr  16   6 o,n=   0.06903   0.49292
 Src-osrc corr  11   7 o,n=  15.41901  15.43561
 Src-osrc corr  12   7 o,n=   0.25291   0.31682
 Src-osrc corr  15   7 o,n=   5.60637   5.55543
 Src-osrc corr  16   7 o,n=   0.49292   0.62071
 Src-osrc corr  12   8 o,n=   0.31682   0.26555
 Src-osrc corr  16   8 o,n=   0.62071   0.52493
 Src-osrc corr  11   9 o,n=  15.43561  15.96156
 Src-osrc corr  12   9 o,n=   0.26555   0.44552
 Src-osrc corr  15   9 o,n=   5.55543  18.42311
 Src-osrc corr  16   9 o,n=   0.52493   0.87692
 Src-osrc corr  12  10 o,n=   0.44552   0.44501
 Src-osrc corr  16  10 o,n=   0.87692   0.87585
 Src-osrc corr  11   1 o,n=  15.34266  15.55012
 Src-osrc corr  13   1 o,n=  16.44620  16.52824
 Src-osrc corr  12   2 o,n=   0.02953   0.02867
 Src-osrc corr  14   2 o,n=   0.02767   0.02546
 Src-osrc corr  11   3 o,n=  15.55012  15.60678
 Src-osrc corr  15   3 o,n=   4.10461   4.12081
 Src-osrc corr  11   4 o,n=  15.60678  15.61226
 Src-osrc corr  12   4 o,n=   0.02867   0.21426
 Src-osrc corr  15   4 o,n=   4.12081   4.14702
 Src-osrc corr  16   4 o,n=   0.02698   0.41870
 Src-osrc corr  12   5 o,n=   0.21426   0.04172
 Src-osrc corr  16   5 o,n=   0.41870   0.06863
 Src-osrc corr  11   6 o,n=  15.61226  15.48300
 Src-osrc corr  12   6 o,n=   0.04172   0.25237
 Src-osrc corr  15   6 o,n=   4.14702   5.57143
 Src-osrc corr  16   6 o,n=   0.06863   0.49214
 Src-osrc corr  11   7 o,n=  15.48300  15.49976
 Src-osrc corr  12   7 o,n=   0.25237   0.31636
 Src-osrc corr  15   7 o,n=   5.57143   5.52047
 Src-osrc corr  16   7 o,n=   0.49214   0.62015
 Src-osrc corr  12   8 o,n=   0.31636   0.26452
 Src-osrc corr  16   8 o,n=   0.62015   0.52309
 Src-osrc corr  11   9 o,n=  15.49976  15.98303
 Src-osrc corr  12   9 o,n=   0.26452   0.44479
 Src-osrc corr  15   9 o,n=   5.52047  18.35363
 Src-osrc corr  16   9 o,n=   0.52309   0.87583
 Src-osrc corr  12  10 o,n=   0.44479   0.44427
 Src-osrc corr  16  10 o,n=   0.87583   0.87475
 Src-osrc corr  11   1 o,n=  15.35674  15.57728
 Src-osrc corr  13   1 o,n=  16.46342  16.55803
 Src-osrc corr  12   2 o,n=   0.02901   0.02823
 Src-osrc corr  14   2 o,n=   0.02776   0.02577
 Src-osrc corr  11   3 o,n=  15.57728  15.63350
 Src-osrc corr  15   3 o,n=   4.07808   4.09527
 Src-osrc corr  11   4 o,n=  15.63350  15.63905
 Src-osrc corr  12   4 o,n=   0.02823   0.21373
 Src-osrc corr  15   4 o,n=   4.09527   4.12138
 Src-osrc corr  16   4 o,n=   0.02644   0.41777
 Src-osrc corr  12   5 o,n=   0.21373   0.04163
 Src-osrc corr  16   5 o,n=   0.41777   0.06840
 Src-osrc corr  11   6 o,n=  15.63905  15.50654
 Src-osrc corr  12   6 o,n=   0.04163   0.25178
 Src-osrc corr  15   6 o,n=   4.12138   5.54544
 Src-osrc corr  16   6 o,n=   0.06840   0.49110
 Src-osrc corr  11   7 o,n=  15.50654  15.52342
 Src-osrc corr  12   7 o,n=   0.25178   0.31589
 Src-osrc corr  15   7 o,n=   5.54544   5.49451
 Src-osrc corr  16   7 o,n=   0.49110   0.61932
 Src-osrc corr  12   8 o,n=   0.31589   0.26355
 Src-osrc corr  16   8 o,n=   0.61932   0.52126
 Src-osrc corr  11   9 o,n=  15.52342  15.97479
 Src-osrc corr  12   9 o,n=   0.26355   0.44413
 Src-osrc corr  15   9 o,n=   5.49451  18.30362
 Src-osrc corr  16   9 o,n=   0.52126   0.87464
 Src-osrc corr  12  10 o,n=   0.44413   0.44361
 Src-osrc corr  16  10 o,n=   0.87464   0.87354
 Src-osrc corr  11   1 o,n=  15.39455  15.61813
 Src-osrc corr  13   1 o,n=  16.49696  16.59632
 Src-osrc corr  12   2 o,n=   0.02926   0.02845
 Src-osrc corr  14   2 o,n=   0.02806   0.02597
 Src-osrc corr  11   3 o,n=  15.61813  15.67386
 Src-osrc corr  15   3 o,n=   4.06713   4.08451
 Src-osrc corr  11   4 o,n=  15.67386  15.67947
 Src-osrc corr  12   4 o,n=   0.02845   0.21382
 Src-osrc corr  15   4 o,n=   4.08451   4.11060
 Src-osrc corr  16   4 o,n=   0.02605   0.41749
 Src-osrc corr  12   5 o,n=   0.21382   0.04190
 Src-osrc corr  16   5 o,n=   0.41749   0.06816
 Src-osrc corr  11   6 o,n=  15.67947  15.54418
 Src-osrc corr  12   6 o,n=   0.04190   0.25186
 Src-osrc corr  15   6 o,n=   4.11060   5.53488
 Src-osrc corr  16   6 o,n=   0.06816   0.49081
 Src-osrc corr  11   7 o,n=  15.54418  15.56113
 Src-osrc corr  12   7 o,n=   0.25186   0.31599
 Src-osrc corr  15   7 o,n=   5.53488   5.48398
 Src-osrc corr  16   7 o,n=   0.49081   0.61906
 Src-osrc corr  12   8 o,n=   0.31599   0.26347
 Src-osrc corr  16   8 o,n=   0.61906   0.52062
 Src-osrc corr  11   9 o,n=  15.56113  15.99581
 Src-osrc corr  12   9 o,n=   0.26347   0.44409
 Src-osrc corr  15   9 o,n=   5.48398  18.27551
 Src-osrc corr  16   9 o,n=   0.52062   0.87413
 Src-osrc corr  12  10 o,n=   0.44409   0.44358
 Src-osrc corr  16  10 o,n=   0.87413   0.87304
 Reaction Xsec     3.0+/ 2 @ 1 =    62.300 , Out:   0.015/   1.408    1.673    2.153    0.139   56.928f
 Src-osrc corr  12   2 o,n=  16.19654  14.05302
 Src-osrc corr  14   2 o,n=  15.95680  13.78711
 Src-osrc corr  11   4 o,n=   0.07875   0.11786
 Src-osrc corr  12   4 o,n=  14.05302  13.75757
 Src-osrc corr  15   4 o,n=   0.07875   0.23076
 Src-osrc corr  16   4 o,n=   0.36215   1.60486
 Src-osrc corr  12   5 o,n=  13.75757  13.73188
 Src-osrc corr  16   5 o,n=   1.60486   1.90816
 Src-osrc corr  11   6 o,n=   0.11786   0.07865
 Src-osrc corr  12   6 o,n=  13.73188  13.72777
 Src-osrc corr  15   6 o,n=   0.23076   0.07865
 Src-osrc corr  16   6 o,n=   1.90816   1.96551
 Src-osrc corr  11   7 o,n=   0.07865   0.41380
 Src-osrc corr  12   7 o,n=  13.72777  13.64218
 Src-osrc corr  15   7 o,n=   0.07865   1.15639
 Src-osrc corr  16   7 o,n=   1.96551   1.36649
 Src-osrc corr  12   8 o,n=  13.64218  13.66915
 Src-osrc corr  16   8 o,n=   1.36649   1.43746
 Src-osrc corr  11   9 o,n=   0.41380   0.09465
 Src-osrc corr  12   9 o,n=  13.66915  13.67253
 Src-osrc corr  15   9 o,n=   1.15639   0.09465
 Src-osrc corr  16   9 o,n=   1.43746   1.44921
 Src-osrc corr  12  10 o,n=  13.67253  13.86756
 Src-osrc corr  16  10 o,n=   1.44921   2.69228
 Src-osrc corr  12   2 o,n=  16.19654  14.05302
 Src-osrc corr  14   2 o,n=  15.95680  13.78711
 Src-osrc corr  11   4 o,n=   0.07875   0.11786
 Src-osrc corr  12   4 o,n=  14.05302  13.75757
 Src-osrc corr  15   4 o,n=   0.07875   0.23076
 Src-osrc corr  16   4 o,n=   0.36215   1.60486
 Src-osrc corr  12   5 o,n=  13.75757  13.73188
 Src-osrc corr  16   5 o,n=   1.60486   1.90816
 Src-osrc corr  11   6 o,n=   0.11786   0.07865
 Src-osrc corr  12   6 o,n=  13.73188  13.72777
 Src-osrc corr  15   6 o,n=   0.23076   0.07865
 Src-osrc corr  16   6 o,n=   1.90816   1.96551
 Src-osrc corr  11   7 o,n=   0.07865   0.41380
 Src-osrc corr  12   7 o,n=  13.72777  13.64218
 Src-osrc corr  15   7 o,n=   0.07865   1.15639
 Src-osrc corr  16   7 o,n=   1.96551   1.36649
 Src-osrc corr  12   8 o,n=  13.64218  13.66915
 Src-osrc corr  16   8 o,n=   1.36649   1.43746
 Src-osrc corr  11   9 o,n=   0.41380   0.09465
 Src-osrc corr  12   9 o,n=  13.66915  13.67253
 Src-osrc corr  15   9 o,n=   1.15639   0.09465
 Src-osrc corr  16   9 o,n=   1.43746   1.44921
 Src-osrc corr  12  10 o,n=  13.67253  13.86756
 Src-osrc corr  16  10 o,n=   1.44921   2.69228
 Src-osrc corr  11   1 o,n=   0.08490   0.08681
 Src-osrc corr  13   1 o,n=   0.00754   0.00941
 Src-osrc corr  12   2 o,n=  15.57278  13.49441
 Src-osrc corr  14   2 o,n=  15.35874  13.25068
 Src-osrc corr  11   3 o,n=   0.08681   0.08685
 Src-osrc corr  15   3 o,n=   0.08298   0.08305
 Src-osrc corr  11   4 o,n=   0.08685   0.12078
 Src-osrc corr  12   4 o,n=  13.49441  13.23965
 Src-osrc corr  15   4 o,n=   0.08305   0.23012
 Src-osrc corr  16   4 o,n=   0.36417   1.58335
 Src-osrc corr  12   5 o,n=  13.23965  13.22274
 Src-osrc corr  16   5 o,n=   1.58335   1.88281
 Src-osrc corr  11   6 o,n=   0.12078   0.08690
 Src-osrc corr  12   6 o,n=  13.22274  13.22033
 Src-osrc corr  15   6 o,n=   0.23012   0.08378
 Src-osrc corr  16   6 o,n=   1.88281   1.93942
 Src-osrc corr  11   7 o,n=   0.08690   0.41082
 Src-osrc corr  12   7 o,n=  13.22033  13.10908
 Src-osrc corr  15   7 o,n=   0.08378   1.14351
 Src-osrc corr  16   7 o,n=   1.93942   1.32898
 Src-osrc corr  12   8 o,n=  13.10908  13.12862
 Src-osrc corr  16   8 o,n=   1.32898   1.39667
 Src-osrc corr  11   9 o,n=   0.41082   0.10357
 Src-osrc corr  12   9 o,n=  13.12862  13.13129
 Src-osrc corr  15   9 o,n=   1.14351   0.10221
 Src-osrc corr  16   9 o,n=   1.39667   1.40827
 Src-osrc corr  12  10 o,n=  13.13129  13.35658
 Src-osrc corr  16  10 o,n=   1.40827   2.63699
 Src-osrc corr  11   1 o,n=   0.08827   0.09156
 Src-osrc corr  13   1 o,n=   0.01226   0.01570
 Src-osrc corr  12   2 o,n=  16.10971  14.05908
 Src-osrc corr  14   2 o,n=  15.90416  13.82281
 Src-osrc corr  11   3 o,n=   0.09156   0.09158
 Src-osrc corr  15   3 o,n=   0.08031   0.08035
 Src-osrc corr  11   4 o,n=   0.09158   0.12280
 Src-osrc corr  12   4 o,n=  14.05908  13.81465
 Src-osrc corr  15   4 o,n=   0.08035   0.22742
 Src-osrc corr  16   4 o,n=   0.35517   1.54984
 Src-osrc corr  12   5 o,n=  13.81465  13.79836
 Src-osrc corr  16   5 o,n=   1.54984   1.84366
 Src-osrc corr  11   6 o,n=   0.12280   0.09201
 Src-osrc corr  12   6 o,n=  13.79836  13.79602
 Src-osrc corr  15   6 o,n=   0.22742   0.08180
 Src-osrc corr  16   6 o,n=   1.84366   1.89904
 Src-osrc corr  11   7 o,n=   0.09201   0.40741
 Src-osrc corr  12   7 o,n=  13.79602  13.69161
 Src-osrc corr  15   7 o,n=   0.08180   1.13098
 Src-osrc corr  16   7 o,n=   1.89904   1.31779
 Src-osrc corr  12   8 o,n=  13.69161  13.70782
 Src-osrc corr  16   8 o,n=   1.31779   1.39537
 Src-osrc corr  11   9 o,n=   0.40741   0.11041
 Src-osrc corr  12   9 o,n=  13.70782  13.71016
 Src-osrc corr  15   9 o,n=   1.13098   0.10445
 Src-osrc corr  16   9 o,n=   1.39537   1.40824
 Src-osrc corr  12  10 o,n=  13.71016  13.94504
 Src-osrc corr  16  10 o,n=   1.40824   2.62507
 Src-osrc corr  11   1 o,n=   0.08543   0.08888
 Src-osrc corr  13   1 o,n=   0.01258   0.01621
 Src-osrc corr  12   2 o,n=  16.08379  14.02736
 Src-osrc corr  14   2 o,n=  15.87699  13.78982
 Src-osrc corr  11   3 o,n=   0.08888   0.08892
 Src-osrc corr  15   3 o,n=   0.07927   0.07934
 Src-osrc corr  11   4 o,n=   0.08892   0.11996
 Src-osrc corr  12   4 o,n=  14.02736  13.78013
 Src-osrc corr  15   4 o,n=   0.07934   0.22691
 Src-osrc corr  16   4 o,n=   0.35649   1.55276
 Src-osrc corr  12   5 o,n=  13.78013  13.76337
 Src-osrc corr  16   5 o,n=   1.55276   1.84707
 Src-osrc corr  11   6 o,n=   0.11996   0.08932
 Src-osrc corr  12   6 o,n=  13.76337  13.76097
 Src-osrc corr  15   6 o,n=   0.22691   0.08098
 Src-osrc corr  16   6 o,n=   1.84707   1.90258
 Src-osrc corr  11   7 o,n=   0.08932   0.40590
 Src-osrc corr  12   7 o,n=  13.76097  13.65829
 Src-osrc corr  15   7 o,n=   0.08098   1.13237
 Src-osrc corr  16   7 o,n=   1.90258   1.32017
 Src-osrc corr  12   8 o,n=  13.65829  13.67519
 Src-osrc corr  16   8 o,n=   1.32017   1.39755
 Src-osrc corr  11   9 o,n=   0.40590   0.10716
 Src-osrc corr  12   9 o,n=  13.67519  13.67756
 Src-osrc corr  15   9 o,n=   1.13237   0.10315
 Src-osrc corr  16   9 o,n=   1.39755   1.41041
 Src-osrc corr  12  10 o,n=  13.67756  13.91091
 Src-osrc corr  16  10 o,n=   1.41041   2.62996
 Src-osrc corr  11   1 o,n=   0.08451   0.08883
 Src-osrc corr  13   1 o,n=   0.01554   0.02016
 Src-osrc corr  12   2 o,n=  15.98862  13.93524
 Src-osrc corr  14   2 o,n=  15.78405  13.69987
 Src-osrc corr  11   3 o,n=   0.08883   0.08889
 Src-osrc corr  15   3 o,n=   0.07840   0.07852
 Src-osrc corr  11   4 o,n=   0.08889   0.11830
 Src-osrc corr  12   4 o,n=  13.93524  13.69165
 Src-osrc corr  15   4 o,n=   0.07852   0.22595
 Src-osrc corr  16   4 o,n=   0.35592   1.55055
 Src-osrc corr  12   5 o,n=  13.69165  13.67568
 Src-osrc corr  16   5 o,n=   1.55055   1.84444
 Src-osrc corr  11   6 o,n=   0.11830   0.08937
 Src-osrc corr  12   6 o,n=  13.67568  13.67347
 Src-osrc corr  15   6 o,n=   0.22595   0.08065
 Src-osrc corr  16   6 o,n=   1.84444   1.89988
 Src-osrc corr  11   7 o,n=   0.08937   0.40373
 Src-osrc corr  12   7 o,n=  13.67347  13.56835
 Src-osrc corr  15   7 o,n=   0.08065   1.13020
 Src-osrc corr  16   7 o,n=   1.89988   1.31764
 Src-osrc corr  12   8 o,n=  13.56835  13.58464
 Src-osrc corr  16   8 o,n=   1.31764   1.39459
 Src-osrc corr  11   9 o,n=   0.40373   0.10705
 Src-osrc corr  12   9 o,n=  13.58464  13.58693
 Src-osrc corr  15   9 o,n=   1.13020   0.10369
 Src-osrc corr  16   9 o,n=   1.39459   1.40750
 Src-osrc corr  12  10 o,n=  13.58693  13.82298
 Src-osrc corr  16  10 o,n=   1.40750   2.62556
 Src-osrc corr  11   1 o,n=   0.08445   0.08907
 Src-osrc corr  13   1 o,n=   0.01655   0.02150
 Src-osrc corr  12   2 o,n=  16.01324  13.96269
 Src-osrc corr  14   2 o,n=  15.80910  13.72772
 Src-osrc corr  11   3 o,n=   0.08907   0.08913
 Src-osrc corr  15   3 o,n=   0.07820   0.07833
 Src-osrc corr  11   4 o,n=   0.08913   0.11796
 Src-osrc corr  12   4 o,n=  13.96269  13.72038
 Src-osrc corr  15   4 o,n=   0.07833   0.22564
 Src-osrc corr  16   4 o,n=   0.35539   1.54769
 Src-osrc corr  12   5 o,n=  13.72038  13.70453
 Src-osrc corr  16   5 o,n=   1.54769   1.84103
 Src-osrc corr  11   6 o,n=   0.11796   0.08964
 Src-osrc corr  12   6 o,n=  13.70453  13.70236
 Src-osrc corr  15   6 o,n=   0.22564   0.08062
 Src-osrc corr  16   6 o,n=   1.84103   1.89637
 Src-osrc corr  11   7 o,n=   0.08964   0.40274
 Src-osrc corr  12   7 o,n=  13.70236  13.59720
 Src-osrc corr  15   7 o,n=   0.08062   1.12865
 Src-osrc corr  16   7 o,n=   1.89637   1.31561
 Src-osrc corr  12   8 o,n=  13.59720  13.61314
 Src-osrc corr  16   8 o,n=   1.31561   1.39294
 Src-osrc corr  11   9 o,n=   0.40274   0.10732
 Src-osrc corr  12   9 o,n=  13.61314  13.61539
 Src-osrc corr  15   9 o,n=   1.12865   0.10396
 Src-osrc corr  16   9 o,n=   1.39294   1.40592
 Src-osrc corr  12  10 o,n=  13.61539  13.85216
 Src-osrc corr  16  10 o,n=   1.40592   2.62255
 Reaction Xsec     3.0+/ 4 @ 2 =    59.430 , Out:   9.663#   0.113    2.264    2.227    0.870/  54.825f

 Total SPIN, PARITY =     3.0 -,     14 chs,     14 cc.  Rmin & Coul turning =    0.4    3.6
 Src-osrc corr   9   1 o,n=  14.46533  13.18923
 Src-osrc corr  10   1 o,n=  13.15145  12.53060
 Src-osrc corr  11   1 o,n=  13.53818  12.30969
 Src-osrc corr  12   1 o,n=  12.17340  11.60433
 Src-osrc corr   9   2 o,n=  13.18923  13.20819
 Src-osrc corr  10   2 o,n=  12.53060  12.60898
 Src-osrc corr  13   2 o,n=   0.99005   1.18775
 Src-osrc corr  14   2 o,n=   1.01841   1.99021
 Src-osrc corr   9   3 o,n=  13.20819  13.22032
 Src-osrc corr  10   3 o,n=  12.60898  12.69009
 Src-osrc corr  13   3 o,n=   1.18775   1.35955
 Src-osrc corr  14   3 o,n=   1.99021   2.97643
 Src-osrc corr   9   4 o,n=  13.22032  13.35763
 Src-osrc corr  10   4 o,n=  12.69009  12.43519
 Src-osrc corr  13   4 o,n=   1.35955   1.48665
 Src-osrc corr  14   4 o,n=   2.97643   3.37775
 Src-osrc corr   9   5 o,n=  13.35763  12.86878
 Src-osrc corr  10   5 o,n=  12.43519  12.19739
 Src-osrc corr  13   5 o,n=   1.48665   2.23402
 Src-osrc corr  14   5 o,n=   3.37775   3.95010
 Src-osrc corr   9   6 o,n=  12.86878  12.70432
 Src-osrc corr  10   6 o,n=  12.19739  12.03076
 Src-osrc corr  13   6 o,n=   2.23402   2.88547
 Src-osrc corr  14   6 o,n=   3.95010   5.81811
 Src-osrc corr   9   7 o,n=  12.70432  12.96874
 Src-osrc corr  10   7 o,n=  12.03076  11.86962
 Src-osrc corr  13   7 o,n=   2.88547   3.17794
 Src-osrc corr  14   7 o,n=   5.81811   5.71183
 Src-osrc corr   9   8 o,n=  12.96874  13.02828
 Src-osrc corr  10   8 o,n=  11.86962  11.67823
 Src-osrc corr  13   8 o,n=   3.17794   9.05168
 Src-osrc corr  14   8 o,n=   5.71183   5.62631
 Src-osrc corr   9   1 o,n=  14.46533  13.18923
 Src-osrc corr  10   1 o,n=  13.15145  12.53060
 Src-osrc corr  11   1 o,n=  13.53818  12.30969
 Src-osrc corr  12   1 o,n=  12.17340  11.60433
 Src-osrc corr   9   2 o,n=  13.18923  13.20819
 Src-osrc corr  10   2 o,n=  12.53060  12.60898
 Src-osrc corr  13   2 o,n=   0.99005   1.18775
 Src-osrc corr  14   2 o,n=   1.01841   1.99021
 Src-osrc corr   9   3 o,n=  13.20819  13.22032
 Src-osrc corr  10   3 o,n=  12.60898  12.69009
 Src-osrc corr  13   3 o,n=   1.18775   1.35955
 Src-osrc corr  14   3 o,n=   1.99021   2.97643
 Src-osrc corr   9   4 o,n=  13.22032  13.35763
 Src-osrc corr  10   4 o,n=  12.69009  12.43519
 Src-osrc corr  13   4 o,n=   1.35955   1.48665
 Src-osrc corr  14   4 o,n=   2.97643   3.37775
 Src-osrc corr   9   5 o,n=  13.35763  12.86878
 Src-osrc corr  10   5 o,n=  12.43519  12.19739
 Src-osrc corr  13   5 o,n=   1.48665   2.23402
 Src-osrc corr  14   5 o,n=   3.37775   3.95010
 Src-osrc corr   9   6 o,n=  12.86878  12.70432
 Src-osrc corr  10   6 o,n=  12.19739  12.03076
 Src-osrc corr  13   6 o,n=   2.23402   2.88547
 Src-osrc corr  14   6 o,n=   3.95010   5.81811
 Src-osrc corr   9   7 o,n=  12.70432  12.96874
 Src-osrc corr  10   7 o,n=  12.03076  11.86962
 Src-osrc corr  13   7 o,n=   2.88547   3.17794
 Src-osrc corr  14   7 o,n=   5.81811   5.71183
 Src-osrc corr   9   8 o,n=  12.96874  13.02828
 Src-osrc corr  10   8 o,n=  11.86962  11.67823
 Src-osrc corr  13   8 o,n=   3.17794   9.05168
 Src-osrc corr  14   8 o,n=   5.71183   5.62631
 Src-osrc corr   9   1 o,n=  14.44192  13.37712
 Src-osrc corr  10   1 o,n=  12.51246  12.00393
 Src-osrc corr  11   1 o,n=  13.42984  12.39697
 Src-osrc corr  12   1 o,n=  11.50071  11.03924
 Src-osrc corr   9   2 o,n=  13.37712  13.39953
 Src-osrc corr  10   2 o,n=  12.00393  12.10895
 Src-osrc corr  13   2 o,n=   1.05812   1.24117
 Src-osrc corr  14   2 o,n=   1.04373   1.97863
 Src-osrc corr   9   3 o,n=  13.39953  13.41395
 Src-osrc corr  10   3 o,n=  12.10895  12.20960
 Src-osrc corr  13   3 o,n=   1.24117   1.40474
 Src-osrc corr  14   3 o,n=   1.97863   2.93599
 Src-osrc corr   9   4 o,n=  13.41395  13.54528
 Src-osrc corr  10   4 o,n=  12.20960  11.94450
 Src-osrc corr  13   4 o,n=   1.40474   1.54308
 Src-osrc corr  14   4 o,n=   2.93599   3.31954
 Src-osrc corr   9   5 o,n=  13.54528  13.08115
 Src-osrc corr  10   5 o,n=  11.94450  11.68461
 Src-osrc corr  13   5 o,n=   1.54308   2.23184
 Src-osrc corr  14   5 o,n=   3.31954   3.87036
 Src-osrc corr   9   6 o,n=  13.08115  12.93252
 Src-osrc corr  10   6 o,n=  11.68461  11.45495
 Src-osrc corr  13   6 o,n=   2.23184   2.85961
 Src-osrc corr  14   6 o,n=   3.87036   5.67973
 Src-osrc corr   9   7 o,n=  12.93252  13.14091
 Src-osrc corr  10   7 o,n=  11.45495  11.29637
 Src-osrc corr  13   7 o,n=   2.85961   3.14710
 Src-osrc corr  14   7 o,n=   5.67973   5.57330
 Src-osrc corr   9   8 o,n=  13.14091  13.29777
 Src-osrc corr  10   8 o,n=  11.29637  11.11427
 Src-osrc corr  13   8 o,n=   3.14710   8.74397
 Src-osrc corr  14   8 o,n=   5.57330   5.48423
 Psi(EL) renorm. by  6.71E-01-5.93E-02, Conv =  0.96703 %
 Src-osrc corr   9   1 o,n=  15.35227  14.43101
 Src-osrc corr  10   1 o,n=  13.18671  12.82579
 Src-osrc corr  11   1 o,n=  14.50163  13.60812
 Src-osrc corr  12   1 o,n=  12.26087  11.93893
 Src-osrc corr   9   2 o,n=  14.43101  14.45055
 Src-osrc corr  10   2 o,n=  12.82579  12.91693
 Src-osrc corr  13   2 o,n=   0.88911   1.07100
 Src-osrc corr  14   2 o,n=   0.95687   1.85001
 Src-osrc corr   9   3 o,n=  14.45055  14.46329
 Src-osrc corr  10   3 o,n=  12.91693  13.00275
 Src-osrc corr  13   3 o,n=   1.07100   1.23084
 Src-osrc corr  14   3 o,n=   1.85001   2.77019
 Src-osrc corr   9   4 o,n=  14.46329  14.58851
 Src-osrc corr  10   4 o,n=  13.00275  12.74096
 Src-osrc corr  13   4 o,n=   1.23084   1.34200
 Src-osrc corr  14   4 o,n=   2.77019   3.14955
 Src-osrc corr   9   5 o,n=  14.58851  14.15025
 Src-osrc corr  10   5 o,n=  12.74096  12.47399
 Src-osrc corr  13   5 o,n=   1.34200   2.05752
 Src-osrc corr  14   5 o,n=   3.14955   3.69021
 Src-osrc corr   9   6 o,n=  14.15025  13.99673
 Src-osrc corr  10   6 o,n=  12.47399  12.14208
 Src-osrc corr  13   6 o,n=   2.05752   2.67617
 Src-osrc corr  14   6 o,n=   3.69021   5.46654
 Src-osrc corr   9   7 o,n=  13.99673  14.16135
 Src-osrc corr  10   7 o,n=  12.14208  11.99240
 Src-osrc corr  13   7 o,n=   2.67617   2.93982
 Src-osrc corr  14   7 o,n=   5.46654   5.37367
 Src-osrc corr   9   8 o,n=  14.16135  14.34755
 Src-osrc corr  10   8 o,n=  11.99240  11.81948
 Src-osrc corr  13   8 o,n=   2.93982   8.52779
 Src-osrc corr  14   8 o,n=   5.37367   5.30564
 Src-osrc corr   9   1 o,n=  15.03626  14.09968
 Src-osrc corr  10   1 o,n=  12.89607  12.51070
 Src-osrc corr  11   1 o,n=  14.19159  13.28149
 Src-osrc corr  12   1 o,n=  11.97915  11.63275
 Src-osrc corr   9   2 o,n=  14.09968  14.11970
 Src-osrc corr  10   2 o,n=  12.51070  12.60393
 Src-osrc corr  13   2 o,n=   0.88279   1.06697
 Src-osrc corr  14   2 o,n=   0.94790   1.85000
 Src-osrc corr   9   3 o,n=  14.11970  14.13279
 Src-osrc corr  10   3 o,n=  12.60393  12.69187
 Src-osrc corr  13   3 o,n=   1.06697   1.22831
 Src-osrc corr  14   3 o,n=   1.85000   2.77681
 Src-osrc corr   9   4 o,n=  14.13279  14.25834
 Src-osrc corr  10   4 o,n=  12.69187  12.42989
 Src-osrc corr  13   4 o,n=   1.22831   1.33956
 Src-osrc corr  14   4 o,n=   2.77681   3.15752
 Src-osrc corr   9   5 o,n=  14.25834  13.81977
 Src-osrc corr  10   5 o,n=  12.42989  12.16400
 Src-osrc corr  13   5 o,n=   1.33956   2.05839
 Src-osrc corr  14   5 o,n=   3.15752   3.69953
 Src-osrc corr   9   6 o,n=  13.81977  13.66990
 Src-osrc corr  10   6 o,n=  12.16400  11.85350
 Src-osrc corr  13   6 o,n=   2.05839   2.67877
 Src-osrc corr  14   6 o,n=   3.69953   5.47865
 Src-osrc corr   9   7 o,n=  13.66990  13.84025
 Src-osrc corr  10   7 o,n=  11.85350  11.70307
 Src-osrc corr  13   7 o,n=   2.67877   2.94427
 Src-osrc corr  14   7 o,n=   5.47865   5.38494
 Src-osrc corr   9   8 o,n=  13.84025  14.04339
 Src-osrc corr  10   8 o,n=  11.70307  11.52994
 Src-osrc corr  13   8 o,n=   2.94427   8.54109
 Src-osrc corr  14   8 o,n=   5.38494   5.31565
 Src-osrc corr   9   1 o,n=  14.84319  13.94135
 Src-osrc corr  10   1 o,n=  12.62007  12.24709
 Src-osrc corr  11   1 o,n=  14.01263  13.13386
 Src-osrc corr  12   1 o,n=  11.71788  11.38301
 Src-osrc corr   9   2 o,n=  13.94135  13.96219
 Src-osrc corr  10   2 o,n=  12.24709  12.34539
 Src-osrc corr  13   2 o,n=   0.86877   1.05332
 Src-osrc corr  14   2 o,n=   0.93643   1.84100
 Src-osrc corr   9   3 o,n=  13.96219  13.97587
 Src-osrc corr  10   3 o,n=  12.34539  12.43750
 Src-osrc corr  13   3 o,n=   1.05332   1.21484
 Src-osrc corr  14   3 o,n=   1.84100   2.76786
 Src-osrc corr   9   4 o,n=  13.97587  14.10009
 Src-osrc corr  10   4 o,n=  12.43750  12.17449
 Src-osrc corr  13   4 o,n=   1.21484   1.32523
 Src-osrc corr  14   4 o,n=   2.76786   3.14713
 Src-osrc corr   9   5 o,n=  14.10009  13.66862
 Src-osrc corr  10   5 o,n=  12.17449  11.90640
 Src-osrc corr  13   5 o,n=   1.32523   2.04252
 Src-osrc corr  14   5 o,n=   3.14713   3.68666
 Src-osrc corr   9   6 o,n=  13.66862  13.52711
 Src-osrc corr  10   6 o,n=  11.90640  11.59882
 Src-osrc corr  13   6 o,n=   2.04252   2.66028
 Src-osrc corr  14   6 o,n=   3.68666   5.45633
 Src-osrc corr   9   7 o,n=  13.52711  13.69254
 Src-osrc corr  10   7 o,n=  11.59882  11.44956
 Src-osrc corr  13   7 o,n=   2.66028   2.92326
 Src-osrc corr  14   7 o,n=   5.45633   5.36302
 Src-osrc corr   9   8 o,n=  13.69254  13.91889
 Src-osrc corr  10   8 o,n=  11.44956  11.27985
 Src-osrc corr  13   8 o,n=   2.92326   8.47491
 Src-osrc corr  14   8 o,n=   5.36302   5.29326
 Src-osrc corr   9   1 o,n=  14.93672  14.04712
 Src-osrc corr  10   1 o,n=  12.69155  12.33114
 Src-osrc corr  11   1 o,n=  14.11100  13.24443
 Src-osrc corr  12   1 o,n=  11.79209  11.46932
 Src-osrc corr   9   2 o,n=  14.04712  14.06769
 Src-osrc corr  10   2 o,n=  12.33114  12.42837
 Src-osrc corr  13   2 o,n=   0.86352   1.04653
 Src-osrc corr  14   2 o,n=   0.93422   1.83220
 Src-osrc corr   9   3 o,n=  14.06769  14.08119
 Src-osrc corr  10   3 o,n=  12.42837  12.51929
 Src-osrc corr  13   3 o,n=   1.04653   1.20696
 Src-osrc corr  14   3 o,n=   1.83220   2.75328
 Src-osrc corr   9   4 o,n=  14.08119  14.20472
 Src-osrc corr  10   4 o,n=  12.51929  12.25688
 Src-osrc corr  13   4 o,n=   1.20696   1.31655
 Src-osrc corr  14   4 o,n=   2.75328   3.13124
 Src-osrc corr   9   5 o,n=  14.20472  13.77548
 Src-osrc corr  10   5 o,n=  12.25688  11.98842
 Src-osrc corr  13   5 o,n=   1.31655   2.03191
 Src-osrc corr  14   5 o,n=   3.13124   3.66902
 Src-osrc corr   9   6 o,n=  13.77548  13.63319
 Src-osrc corr  10   6 o,n=  11.98842  11.66904
 Src-osrc corr  13   6 o,n=   2.03191   2.64758
 Src-osrc corr  14   6 o,n=   3.66902   5.43353
 Src-osrc corr   9   7 o,n=  13.63319  13.79441
 Src-osrc corr  10   7 o,n=  11.66904  11.52024
 Src-osrc corr  13   7 o,n=   2.64758   2.90794
 Src-osrc corr  14   7 o,n=   5.43353   5.34163
 Src-osrc corr   9   8 o,n=  13.79441  14.01739
 Src-osrc corr  10   8 o,n=  11.52024  11.35097
 Src-osrc corr  13   8 o,n=   2.90794   8.45101
 Src-osrc corr  14   8 o,n=   5.34163   5.27395
 Src-osrc corr   9   1 o,n=  14.85098  13.95162
 Src-osrc corr  10   1 o,n=  12.62512  12.25438
 Src-osrc corr  11   1 o,n=  14.02422  13.14785
 Src-osrc corr  12   1 o,n=  11.72574  11.39277
 Src-osrc corr   9   2 o,n=  13.95162  13.97226
 Src-osrc corr  10   2 o,n=  12.25438  12.35175
 Src-osrc corr  13   2 o,n=   0.86461   1.04826
 Src-osrc corr  14   2 o,n=   0.93373   1.83420
 Src-osrc corr   9   3 o,n=  13.97226  13.98580
 Src-osrc corr  10   3 o,n=  12.35175  12.44290
 Src-osrc corr  13   3 o,n=   1.04826   1.20915
 Src-osrc corr  14   3 o,n=   1.83420   2.75749
 Src-osrc corr   9   4 o,n=  13.98580  14.10958
 Src-osrc corr  10   4 o,n=  12.44290  12.18050
 Src-osrc corr  13   4 o,n=   1.20915   1.31895
 Src-osrc corr  14   4 o,n=   2.75749   3.13612
 Src-osrc corr   9   5 o,n=  14.10958  13.67948
 Src-osrc corr  10   5 o,n=  12.18050  11.91260
 Src-osrc corr  13   5 o,n=   1.31895   2.03530
 Src-osrc corr  14   5 o,n=   3.13612   3.67465
 Src-osrc corr   9   6 o,n=  13.67948  13.53765
 Src-osrc corr  10   6 o,n=  11.91260  11.60024
 Src-osrc corr  13   6 o,n=   2.03530   2.65173
 Src-osrc corr  14   6 o,n=   3.67465   5.44108
 Src-osrc corr   9   7 o,n=  13.53765  13.70114
 Src-osrc corr  10   7 o,n=  11.60024  11.45117
 Src-osrc corr  13   7 o,n=   2.65173   2.91285
 Src-osrc corr  14   7 o,n=   5.44108   5.34887
 Src-osrc corr   9   8 o,n=  13.70114  13.92590
 Src-osrc corr  10   8 o,n=  11.45117  11.28155
 Src-osrc corr  13   8 o,n=   2.91285   8.46219
 Src-osrc corr  14   8 o,n=   5.34887   5.28077
 Src-osrc corr   9   1 o,n=  14.80413  13.90871
 Src-osrc corr  10   1 o,n=  12.56925  12.19876
 Src-osrc corr  11   1 o,n=  13.97960  13.10662
 Src-osrc corr  12   1 o,n=  11.67219  11.33935
 Src-osrc corr   9   2 o,n=  13.90871  13.92949
 Src-osrc corr  10   2 o,n=  12.19876  12.29697
 Src-osrc corr  13   2 o,n=   0.86253   1.04633
 Src-osrc corr  14   2 o,n=   0.93194   1.83309
 Src-osrc corr   9   3 o,n=  13.92949  13.94314
 Src-osrc corr  10   3 o,n=  12.29697  12.38883
 Src-osrc corr  13   3 o,n=   1.04633   1.20729
 Src-osrc corr  14   3 o,n=   1.83309   2.75660
 Src-osrc corr   9   4 o,n=  13.94314  14.06671
 Src-osrc corr  10   4 o,n=  12.38883  12.12626
 Src-osrc corr  13   4 o,n=   1.20729   1.31691
 Src-osrc corr  14   4 o,n=   2.75660   3.13504
 Src-osrc corr   9   5 o,n=  14.06671  13.63785
 Src-osrc corr  10   5 o,n=  12.12626  11.85805
 Src-osrc corr  13   5 o,n=   1.31691   2.03310
 Src-osrc corr  14   5 o,n=   3.13504   3.67319
 Src-osrc corr   9   6 o,n=  13.63785  13.49757
 Src-osrc corr  10   6 o,n=  11.85805  11.54719
 Src-osrc corr  13   6 o,n=   2.03310   2.64909
 Src-osrc corr  14   6 o,n=   3.67319   5.43797
 Src-osrc corr   9   7 o,n=  13.49757  13.66054
 Src-osrc corr  10   7 o,n=  11.54719  11.39840
 Src-osrc corr  13   7 o,n=   2.64909   2.90979
 Src-osrc corr  14   7 o,n=   5.43797   5.34578
 Src-osrc corr   9   8 o,n=  13.66054  13.88907
 Src-osrc corr  10   8 o,n=  11.39840  11.22948
 Src-osrc corr  13   8 o,n=   2.90979   8.45054
 Src-osrc corr  14   8 o,n=   5.34578   5.27749
 Reaction Xsec     3.0-/ 3 @ 1 =    64.048 , Out:   0.000#   2.434    2.918    2.510    0.016   56.169f

 Total SPIN, PARITY =     4.0 +,     14 chs,     14 cc.  Rmin & Coul turning =    0.6    4.5
 Src-osrc corr   9   1 o,n=  12.14468  10.38347
 Src-osrc corr  10   1 o,n=  11.48528  10.03399
 Src-osrc corr  11   1 o,n=  11.98519  10.25007
 Src-osrc corr  12   1 o,n=  11.34538   9.86335
 Src-osrc corr   9   2 o,n=  10.38347  10.35334
 Src-osrc corr  10   2 o,n=  10.03399   9.87003
 Src-osrc corr  13   2 o,n=   0.17212   0.37927
 Src-osrc corr  14   2 o,n=   0.26036   1.17158
 Src-osrc corr   9   3 o,n=  10.35334  10.34558
 Src-osrc corr  10   3 o,n=   9.87003   9.83979
 Src-osrc corr  13   3 o,n=   0.37927   0.45073
 Src-osrc corr  14   3 o,n=   1.17158   1.67959
 Src-osrc corr   9   4 o,n=  10.34558  10.36575
 Src-osrc corr  10   4 o,n=   9.83979   9.78891
 Src-osrc corr  13   4 o,n=   0.45073   0.65699
 Src-osrc corr  14   4 o,n=   1.67959   1.52099
 Src-osrc corr   9   5 o,n=  10.36575  10.31992
 Src-osrc corr  10   5 o,n=   9.78891   9.68073
 Src-osrc corr  13   5 o,n=   0.65699   0.58913
 Src-osrc corr  14   5 o,n=   1.52099   1.25232
 Src-osrc corr   9   6 o,n=  10.31992  10.32263
 Src-osrc corr  10   6 o,n=   9.68073   9.65430
 Src-osrc corr  13   6 o,n=   0.58913   0.77544
 Src-osrc corr  14   6 o,n=   1.25232   1.36679
 Src-osrc corr   9   7 o,n=  10.32263  10.57507
 Src-osrc corr  10   7 o,n=   9.65430   9.61767
 Src-osrc corr  13   7 o,n=   0.77544   1.48548
 Src-osrc corr  14   7 o,n=   1.36679   1.47435
 Src-osrc corr   9   8 o,n=  10.57507  11.58302
 Src-osrc corr  10   8 o,n=   9.61767   9.71699
 Src-osrc corr  13   8 o,n=   1.48548   8.39685
 Src-osrc corr  14   8 o,n=   1.47435   2.19301
 Src-osrc corr   9   1 o,n=  12.14468  10.38347
 Src-osrc corr  10   1 o,n=  11.48528  10.03399
 Src-osrc corr  11   1 o,n=  11.98519  10.25007
 Src-osrc corr  12   1 o,n=  11.34538   9.86335
 Src-osrc corr   9   2 o,n=  10.38347  10.35334
 Src-osrc corr  10   2 o,n=  10.03399   9.87003
 Src-osrc corr  13   2 o,n=   0.17212   0.37927
 Src-osrc corr  14   2 o,n=   0.26036   1.17158
 Src-osrc corr   9   3 o,n=  10.35334  10.34558
 Src-osrc corr  10   3 o,n=   9.87003   9.83979
 Src-osrc corr  13   3 o,n=   0.37927   0.45073
 Src-osrc corr  14   3 o,n=   1.17158   1.67959
 Src-osrc corr   9   4 o,n=  10.34558  10.36575
 Src-osrc corr  10   4 o,n=   9.83979   9.78891
 Src-osrc corr  13   4 o,n=   0.45073   0.65699
 Src-osrc corr  14   4 o,n=   1.67959   1.52099
 Src-osrc corr   9   5 o,n=  10.36575  10.31992
 Src-osrc corr  10   5 o,n=   9.78891   9.68073
 Src-osrc corr  13   5 o,n=   0.65699   0.58913
 Src-osrc corr  14   5 o,n=   1.52099   1.25232
 Src-osrc corr   9   6 o,n=  10.31992  10.32263
 Src-osrc corr  10   6 o,n=   9.68073   9.65430
 Src-osrc corr  13   6 o,n=   0.58913   0.77544
 Src-osrc corr  14   6 o,n=   1.25232   1.36679
 Src-osrc corr   9   7 o,n=  10.32263  10.57507
 Src-osrc corr  10   7 o,n=   9.65430   9.61767
 Src-osrc corr  13   7 o,n=   0.77544   1.48548
 Src-osrc corr  14   7 o,n=   1.36679   1.47435
 Src-osrc corr   9   8 o,n=  10.57507  11.58302
 Src-osrc corr  10   8 o,n=   9.61767   9.71699
 Src-osrc corr  13   8 o,n=   1.48548   8.39685
 Src-osrc corr  14   8 o,n=   1.47435   2.19301
 Src-osrc corr   9   1 o,n=  11.71641  10.00041
 Src-osrc corr  10   1 o,n=  11.01371   9.60620
 Src-osrc corr  11   1 o,n=  11.51803   9.82884
 Src-osrc corr  12   1 o,n=  10.88505   9.44242
 Src-osrc corr   9   2 o,n=  10.00041   9.97294
 Src-osrc corr  10   2 o,n=   9.60620   9.45401
 Src-osrc corr  13   2 o,n=   0.20769   0.40422
 Src-osrc corr  14   2 o,n=   0.28616   1.18895
 Src-osrc corr   9   3 o,n=   9.97294   9.96602
 Src-osrc corr  10   3 o,n=   9.45401   9.43196
 Src-osrc corr  13   3 o,n=   0.40422   0.47465
 Src-osrc corr  14   3 o,n=   1.18895   1.70335
 Src-osrc corr   9   4 o,n=   9.96602   9.98716
 Src-osrc corr  10   4 o,n=   9.43196   9.37983
 Src-osrc corr  13   4 o,n=   0.47465   0.68395
 Src-osrc corr  14   4 o,n=   1.70335   1.53882
 Src-osrc corr   9   5 o,n=   9.98716   9.93762
 Src-osrc corr  10   5 o,n=   9.37983   9.26787
 Src-osrc corr  13   5 o,n=   0.68395   0.58858
 Src-osrc corr  14   5 o,n=   1.53882   1.24582
 Src-osrc corr   9   6 o,n=   9.93762   9.93998
 Src-osrc corr  10   6 o,n=   9.26787   9.23919
 Src-osrc corr  13   6 o,n=   0.58858   0.77420
 Src-osrc corr  14   6 o,n=   1.24582   1.33682
 Src-osrc corr   9   7 o,n=   9.93998  10.19486
 Src-osrc corr  10   7 o,n=   9.23919   9.20218
 Src-osrc corr  13   7 o,n=   0.77420   1.50327
 Src-osrc corr  14   7 o,n=   1.33682   1.44655
 Src-osrc corr   9   8 o,n=  10.19486  11.24945
 Src-osrc corr  10   8 o,n=   9.20218   9.31369
 Src-osrc corr  13   8 o,n=   1.50327   8.44003
 Src-osrc corr  14   8 o,n=   1.44655   2.18150
 Src-osrc corr   9   1 o,n=  12.03861  10.37020
 Src-osrc corr  10   1 o,n=  11.33057   9.95866
 Src-osrc corr  11   1 o,n=  11.89943  10.24495
 Src-osrc corr  12   1 o,n=  11.21655   9.80994
 Src-osrc corr   9   2 o,n=  10.37020  10.34506
 Src-osrc corr  10   2 o,n=   9.95866   9.81737
 Src-osrc corr  13   2 o,n=   0.14380   0.33439
 Src-osrc corr  14   2 o,n=   0.27233   1.11479
 Src-osrc corr   9   3 o,n=  10.34506  10.33875
 Src-osrc corr  10   3 o,n=   9.81737   9.79442
 Src-osrc corr  13   3 o,n=   0.33439   0.40458
 Src-osrc corr  14   3 o,n=   1.11479   1.59861
 Src-osrc corr   9   4 o,n=  10.33875  10.36028
 Src-osrc corr  10   4 o,n=   9.79442   9.74645
 Src-osrc corr  13   4 o,n=   0.40458   0.60302
 Src-osrc corr  14   4 o,n=   1.59861   1.44737
 Src-osrc corr   9   5 o,n=  10.36028  10.30371
 Src-osrc corr  10   5 o,n=   9.74645   9.64157
 Src-osrc corr  13   5 o,n=   0.60302   0.55615
 Src-osrc corr  14   5 o,n=   1.44737   1.18757
 Src-osrc corr   9   6 o,n=  10.30371  10.30222
 Src-osrc corr  10   6 o,n=   9.64157   9.59932
 Src-osrc corr  13   6 o,n=   0.55615   0.73598
 Src-osrc corr  14   6 o,n=   1.18757   1.30402
 Src-osrc corr   9   7 o,n=  10.30222  10.53285
 Src-osrc corr  10   7 o,n=   9.59932   9.58073
 Src-osrc corr  13   7 o,n=   0.73598   1.41755
 Src-osrc corr  14   7 o,n=   1.30402   1.41501
 Src-osrc corr   9   8 o,n=  10.53285  11.62018
 Src-osrc corr  10   8 o,n=   9.58073   9.71239
 Src-osrc corr  13   8 o,n=   1.41755   8.23889
 Src-osrc corr  14   8 o,n=   1.41501   2.13522
 Src-osrc corr   9   1 o,n=  12.02468  10.35233
 Src-osrc corr  10   1 o,n=  11.32008   9.94485
 Src-osrc corr  11   1 o,n=  11.88461  10.22639
 Src-osrc corr  12   1 o,n=  11.20500   9.79499
 Src-osrc corr   9   2 o,n=  10.35233  10.32691
 Src-osrc corr  10   2 o,n=   9.94485   9.80191
 Src-osrc corr  13   2 o,n=   0.14476   0.33524
 Src-osrc corr  14   2 o,n=   0.27343   1.11595
 Src-osrc corr   9   3 o,n=  10.32691  10.32051
 Src-osrc corr  10   3 o,n=   9.80191   9.77828
 Src-osrc corr  13   3 o,n=   0.33524   0.40544
 Src-osrc corr  14   3 o,n=   1.11595   1.60019
 Src-osrc corr   9   4 o,n=  10.32051  10.34188
 Src-osrc corr  10   4 o,n=   9.77828   9.73047
 Src-osrc corr  13   4 o,n=   0.40544   0.60390
 Src-osrc corr  14   4 o,n=   1.60019   1.44894
 Src-osrc corr   9   5 o,n=  10.34188  10.28598
 Src-osrc corr  10   5 o,n=   9.73047   9.62613
 Src-osrc corr  13   5 o,n=   0.60390   0.55674
 Src-osrc corr  14   5 o,n=   1.44894   1.18913
 Src-osrc corr   9   6 o,n=  10.28598  10.28465
 Src-osrc corr  10   6 o,n=   9.62613   9.58482
 Src-osrc corr  13   6 o,n=   0.55674   0.73659
 Src-osrc corr  14   6 o,n=   1.18913   1.30530
 Src-osrc corr   9   7 o,n=  10.28465  10.51590
 Src-osrc corr  10   7 o,n=   9.58482   9.56575
 Src-osrc corr  13   7 o,n=   0.73659   1.41857
 Src-osrc corr  14   7 o,n=   1.30530   1.41661
 Src-osrc corr   9   8 o,n=  10.51590  11.60044
 Src-osrc corr  10   8 o,n=   9.56575   9.69624
 Src-osrc corr  13   8 o,n=   1.41857   8.24579
 Src-osrc corr  14   8 o,n=   1.41661   2.13780
 Src-osrc corr   9   1 o,n=  11.95258  10.28101
 Src-osrc corr  10   1 o,n=  11.25146   9.87650
 Src-osrc corr  11   1 o,n=  11.81315  10.15551
 Src-osrc corr  12   1 o,n=  11.13767   9.72791
 Src-osrc corr   9   2 o,n=  10.28101  10.25583
 Src-osrc corr  10   2 o,n=   9.87650   9.73537
 Src-osrc corr  13   2 o,n=   0.14398   0.33455
 Src-osrc corr  14   2 o,n=   0.27348   1.11635
 Src-osrc corr   9   3 o,n=  10.25583  10.24951
 Src-osrc corr  10   3 o,n=   9.73537   9.71279
 Src-osrc corr  13   3 o,n=   0.33455   0.40484
 Src-osrc corr  14   3 o,n=   1.11635   1.60074
 Src-osrc corr   9   4 o,n=  10.24951  10.27104
 Src-osrc corr  10   4 o,n=   9.71279   9.66467
 Src-osrc corr  13   4 o,n=   0.40484   0.60339
 Src-osrc corr  14   4 o,n=   1.60074   1.44947
 Src-osrc corr   9   5 o,n=  10.27104  10.21456
 Src-osrc corr  10   5 o,n=   9.66467   9.55941
 Src-osrc corr  13   5 o,n=   0.60339   0.55660
 Src-osrc corr  14   5 o,n=   1.44947   1.18954
 Src-osrc corr   9   6 o,n=  10.21456  10.21318
 Src-osrc corr  10   6 o,n=   9.55941   9.51748
 Src-osrc corr  13   6 o,n=   0.55660   0.73657
 Src-osrc corr  14   6 o,n=   1.18954   1.30551
 Src-osrc corr   9   7 o,n=  10.21318  10.44519
 Src-osrc corr  10   7 o,n=   9.51748   9.49850
 Src-osrc corr  13   7 o,n=   0.73657   1.41852
 Src-osrc corr  14   7 o,n=   1.30551   1.41663
 Src-osrc corr   9   8 o,n=  10.44519  11.53403
 Src-osrc corr  10   8 o,n=   9.49850   9.63056
 Src-osrc corr  13   8 o,n=   1.41852   8.24559
 Src-osrc corr  14   8 o,n=   1.41663   2.13772
 Src-osrc corr   9   1 o,n=  11.96863  10.30033
 Src-osrc corr  10   1 o,n=  11.26428   9.89215
 Src-osrc corr  11   1 o,n=  11.82910  10.17455
 Src-osrc corr  12   1 o,n=  11.15093   9.74406
 Src-osrc corr   9   2 o,n=  10.30033  10.27540
 Src-osrc corr  10   2 o,n=   9.89215   9.75208
 Src-osrc corr  13   2 o,n=   0.14405   0.33388
 Src-osrc corr  14   2 o,n=   0.27299   1.11364
 Src-osrc corr   9   3 o,n=  10.27540  10.26915
 Src-osrc corr  10   3 o,n=   9.75208   9.72979
 Src-osrc corr  13   3 o,n=   0.33388   0.40398
 Src-osrc corr  14   3 o,n=   1.11364   1.59685
 Src-osrc corr   9   4 o,n=  10.26915  10.29076
 Src-osrc corr  10   4 o,n=   9.72979   9.68176
 Src-osrc corr  13   4 o,n=   0.40398   0.60210
 Src-osrc corr  14   4 o,n=   1.59685   1.44590
 Src-osrc corr   9   5 o,n=  10.29076  10.23373
 Src-osrc corr  10   5 o,n=   9.68176   9.57650
 Src-osrc corr  13   5 o,n=   0.60210   0.55523
 Src-osrc corr  14   5 o,n=   1.44590   1.18609
 Src-osrc corr   9   6 o,n=  10.23373  10.23214
 Src-osrc corr  10   6 o,n=   9.57650   9.53354
 Src-osrc corr  13   6 o,n=   0.55523   0.73479
 Src-osrc corr  14   6 o,n=   1.18609   1.30168
 Src-osrc corr   9   7 o,n=  10.23214  10.46277
 Src-osrc corr  10   7 o,n=   9.53354   9.51533
 Src-osrc corr  13   7 o,n=   0.73479   1.41512
 Src-osrc corr  14   7 o,n=   1.30168   1.41277
 Src-osrc corr   9   8 o,n=  10.46277  11.55129
 Src-osrc corr  10   8 o,n=   9.51533   9.64831
 Src-osrc corr  13   8 o,n=   1.41512   8.23107
 Src-osrc corr  14   8 o,n=   1.41277   2.13323
 Reaction Xsec     4.0+/ 4 @ 1 =    75.791 , Out:   0.000#   0.108    3.025    2.982    0.705/  69.675f

 Total SPIN, PARITY =     4.0 -,     16 chs,     16 cc.  Rmin & Coul turning =    0.6    4.5
 Src-osrc corr  11   1 o,n=  18.64613  17.83572
 Src-osrc corr  13   1 o,n=  17.11737  16.40866
 Src-osrc corr  11   3 o,n=  17.83572  17.86165
 Src-osrc corr  15   3 o,n=   1.67301   1.78455
 Src-osrc corr  11   4 o,n=  17.86165  17.86974
 Src-osrc corr  12   4 o,n=   0.00271   0.09211
 Src-osrc corr  15   4 o,n=   1.78455   1.79454
 Src-osrc corr  16   4 o,n=   0.00271   0.18385
 Src-osrc corr  11   5 o,n=  17.86974  17.91494
 Src-osrc corr  12   5 o,n=   0.09211   0.16279
 Src-osrc corr  15   5 o,n=   1.79454   1.88600
 Src-osrc corr  16   5 o,n=   0.18385   0.32794
 Src-osrc corr  11   6 o,n=  17.91494  17.27035
 Src-osrc corr  12   6 o,n=   0.16279   0.00280
 Src-osrc corr  15   6 o,n=   1.88600   3.48651
 Src-osrc corr  16   6 o,n=   0.32794   0.00280
 Src-osrc corr  11   7 o,n=  17.27035  17.27665
 Src-osrc corr  12   7 o,n=   0.00280   0.07955
 Src-osrc corr  15   7 o,n=   3.48651   3.48745
 Src-osrc corr  16   7 o,n=   0.00280   0.15951
 Src-osrc corr  11   8 o,n=  17.27665  17.30396
 Src-osrc corr  12   8 o,n=   0.07955   0.30805
 Src-osrc corr  15   8 o,n=   3.48745   3.49855
 Src-osrc corr  16   8 o,n=   0.15951   0.61924
 Src-osrc corr  11   9 o,n=  17.30396  16.07679
 Src-osrc corr  12   9 o,n=   0.30805   0.00289
 Src-osrc corr  15   9 o,n=   3.49855  13.22988
 Src-osrc corr  16   9 o,n=   0.61924   0.00289
 Src-osrc corr  11   1 o,n=  18.64613  17.83572
 Src-osrc corr  13   1 o,n=  17.11737  16.40866
 Src-osrc corr  11   3 o,n=  17.83572  17.86165
 Src-osrc corr  15   3 o,n=   1.67301   1.78455
 Src-osrc corr  11   4 o,n=  17.86165  17.86974
 Src-osrc corr  12   4 o,n=   0.00271   0.09211
 Src-osrc corr  15   4 o,n=   1.78455   1.79454
 Src-osrc corr  16   4 o,n=   0.00271   0.18385
 Src-osrc corr  11   5 o,n=  17.86974  17.91494
 Src-osrc corr  12   5 o,n=   0.09211   0.16279
 Src-osrc corr  15   5 o,n=   1.79454   1.88600
 Src-osrc corr  16   5 o,n=   0.18385   0.32794
 Src-osrc corr  11   6 o,n=  17.91494  17.27035
 Src-osrc corr  12   6 o,n=   0.16279   0.00280
 Src-osrc corr  15   6 o,n=   1.88600   3.48651
 Src-osrc corr  16   6 o,n=   0.32794   0.00280
 Src-osrc corr  11   7 o,n=  17.27035  17.27665
 Src-osrc corr  12   7 o,n=   0.00280   0.07955
 Src-osrc corr  15   7 o,n=   3.48651   3.48745
 Src-osrc corr  16   7 o,n=   0.00280   0.15951
 Src-osrc corr  11   8 o,n=  17.27665  17.30396
 Src-osrc corr  12   8 o,n=   0.07955   0.30805
 Src-osrc corr  15   8 o,n=   3.48745   3.49855
 Src-osrc corr  16   8 o,n=   0.15951   0.61924
 Src-osrc corr  11   9 o,n=  17.30396  16.07679
 Src-osrc corr  12   9 o,n=   0.30805   0.00289
 Src-osrc corr  15   9 o,n=   3.49855  13.22988
 Src-osrc corr  16   9 o,n=   0.61924   0.00289
 Src-osrc corr  11   1 o,n=  18.23540  17.71257
 Src-osrc corr  13   1 o,n=  16.52541  16.08467
 Src-osrc corr  12   2 o,n=   0.00340   0.00342
 Src-osrc corr  14   2 o,n=   0.00017   0.00013
 Src-osrc corr  11   3 o,n=  17.71257  17.74558
 Src-osrc corr  15   3 o,n=   1.80120   1.90780
 Src-osrc corr  11   4 o,n=  17.74558  17.75382
 Src-osrc corr  12   4 o,n=   0.00342   0.09230
 Src-osrc corr  15   4 o,n=   1.90780   1.91969
 Src-osrc corr  16   4 o,n=   0.00356   0.18397
 Src-osrc corr  11   5 o,n=  17.75382  17.79983
 Src-osrc corr  12   5 o,n=   0.09230   0.16256
 Src-osrc corr  15   5 o,n=   1.91969   2.01510
 Src-osrc corr  16   5 o,n=   0.18397   0.32757
 Src-osrc corr  11   6 o,n=  17.79983  17.13472
 Src-osrc corr  12   6 o,n=   0.16256   0.00368
 Src-osrc corr  15   6 o,n=   2.01510   3.51143
 Src-osrc corr  16   6 o,n=   0.32757   0.00382
 Src-osrc corr  11   7 o,n=  17.13472  17.14013
 Src-osrc corr  12   7 o,n=   0.00368   0.07749
 Src-osrc corr  15   7 o,n=   3.51143   3.51274
 Src-osrc corr  16   7 o,n=   0.00382   0.15550
 Src-osrc corr  11   8 o,n=  17.14013  17.16333
 Src-osrc corr  12   8 o,n=   0.07749   0.30051
 Src-osrc corr  15   8 o,n=   3.51274   3.52469
 Src-osrc corr  16   8 o,n=   0.15550   0.60391
 Src-osrc corr  11   9 o,n=  17.16333  16.21956
 Src-osrc corr  12   9 o,n=   0.30051   0.00417
 Src-osrc corr  15   9 o,n=   3.52469  12.80871
 Src-osrc corr  16   9 o,n=   0.60391   0.00431
 Src-osrc corr  12  10 o,n=   0.00417   0.00418
 Src-osrc corr  16  10 o,n=   0.00431   0.00432
 Psi(EL) renorm. by  7.56E-01 6.59E-02, Conv =  1.06115 %
 Src-osrc corr  11   1 o,n=  19.35561  19.02663
 Src-osrc corr  13   1 o,n=  17.98075  17.71591
 Src-osrc corr  12   2 o,n=   0.00182   0.00184
 Src-osrc corr  14   2 o,n=   0.00006   0.00005
 Src-osrc corr  11   3 o,n=  19.02663  19.05182
 Src-osrc corr  15   3 o,n=   1.44627   1.54221
 Src-osrc corr  11   4 o,n=  19.05182  19.05953
 Src-osrc corr  12   4 o,n=   0.00184   0.08455
 Src-osrc corr  15   4 o,n=   1.54221   1.55130
 Src-osrc corr  16   4 o,n=   0.00188   0.16886
 Src-osrc corr  11   5 o,n=  19.05953  19.10249
 Src-osrc corr  12   5 o,n=   0.08455   0.14938
 Src-osrc corr  15   5 o,n=   1.55130   1.63626
 Src-osrc corr  16   5 o,n=   0.16886   0.30115
 Src-osrc corr  11   6 o,n=  19.10249  18.48324
 Src-osrc corr  12   6 o,n=   0.14938   0.00188
 Src-osrc corr  15   6 o,n=   1.63626   3.14427
 Src-osrc corr  16   6 o,n=   0.30115   0.00191
 Src-osrc corr  11   7 o,n=  18.48324  18.48827
 Src-osrc corr  12   7 o,n=   0.00188   0.07320
 Src-osrc corr  15   7 o,n=   3.14427   3.14437
 Src-osrc corr  16   7 o,n=   0.00191   0.14760
 Src-osrc corr  11   8 o,n=  18.48827  18.51025
 Src-osrc corr  12   8 o,n=   0.07320   0.28635
 Src-osrc corr  15   8 o,n=   3.14437   3.15136
 Src-osrc corr  16   8 o,n=   0.14760   0.57575
 Src-osrc corr  11   9 o,n=  18.51025  17.60026
 Src-osrc corr  12   9 o,n=   0.28635   0.00238
 Src-osrc corr  15   9 o,n=   3.15136  12.26510
 Src-osrc corr  16   9 o,n=   0.57575   0.00242
 Src-osrc corr  12  10 o,n=   0.00238   0.00238
 Src-osrc corr  16  10 o,n=   0.00242   0.00242
 Src-osrc corr  11   1 o,n=  18.81292  18.44693
 Src-osrc corr  13   1 o,n=  17.44102  17.13766
 Src-osrc corr  12   2 o,n=   0.00249   0.00243
 Src-osrc corr  14   2 o,n=   0.00023   0.00018
 Src-osrc corr  11   3 o,n=  18.44693  18.47265
 Src-osrc corr  15   3 o,n=   1.44296   1.54019
 Src-osrc corr  11   4 o,n=  18.47265  18.48038
 Src-osrc corr  12   4 o,n=   0.00243   0.08546
 Src-osrc corr  15   4 o,n=   1.54019   1.54956
 Src-osrc corr  16   4 o,n=   0.00235   0.17036
 Src-osrc corr  11   5 o,n=  18.48038  18.52353
 Src-osrc corr  12   5 o,n=   0.08546   0.15055
 Src-osrc corr  15   5 o,n=   1.54956   1.63616
 Src-osrc corr  16   5 o,n=   0.17036   0.30345
 Src-osrc corr  11   6 o,n=  18.52353  17.90149
 Src-osrc corr  12   6 o,n=   0.15055   0.00241
 Src-osrc corr  15   6 o,n=   1.63616   3.15160
 Src-osrc corr  16   6 o,n=   0.30345   0.00234
 Src-osrc corr  11   7 o,n=  17.90149  17.90656
 Src-osrc corr  12   7 o,n=   0.00241   0.07372
 Src-osrc corr  15   7 o,n=   3.15160   3.15183
 Src-osrc corr  16   7 o,n=   0.00234   0.14835
 Src-osrc corr  11   8 o,n=  17.90656  17.92875
 Src-osrc corr  12   8 o,n=   0.07372   0.28769
 Src-osrc corr  15   8 o,n=   3.15183   3.15945
 Src-osrc corr  16   8 o,n=   0.14835   0.57817
 Src-osrc corr  11   9 o,n=  17.92875  17.02455
 Src-osrc corr  12   9 o,n=   0.28769   0.00278
 Src-osrc corr  15   9 o,n=   3.15945  12.30496
 Src-osrc corr  16   9 o,n=   0.57817   0.00274
 Src-osrc corr  12  10 o,n=   0.00278   0.00277
 Src-osrc corr  16  10 o,n=   0.00274   0.00273
 Src-osrc corr  11   1 o,n=  18.41168  18.08654
 Src-osrc corr  13   1 o,n=  17.09051  16.82189
 Src-osrc corr  12   2 o,n=   0.00247   0.00253
 Src-osrc corr  14   2 o,n=   0.00024   0.00018
 Src-osrc corr  11   3 o,n=  18.08654  18.11328
 Src-osrc corr  15   3 o,n=   1.39509   1.49416
 Src-osrc corr  11   4 o,n=  18.11328  18.12102
 Src-osrc corr  12   4 o,n=   0.00253   0.08551
 Src-osrc corr  15   4 o,n=   1.49416   1.50339
 Src-osrc corr  16   4 o,n=   0.00269   0.17054
 Src-osrc corr  11   5 o,n=  18.12102  18.16416
 Src-osrc corr  12   5 o,n=   0.08551   0.15061
 Src-osrc corr  15   5 o,n=   1.50339   1.58973
 Src-osrc corr  16   5 o,n=   0.17054   0.30366
 Src-osrc corr  11   6 o,n=  18.16416  17.54231
 Src-osrc corr  12   6 o,n=   0.15061   0.00251
 Src-osrc corr  15   6 o,n=   1.58973   3.11201
 Src-osrc corr  16   6 o,n=   0.30366   0.00266
 Src-osrc corr  11   7 o,n=  17.54231  17.54720
 Src-osrc corr  12   7 o,n=   0.00251   0.07332
 Src-osrc corr  15   7 o,n=   3.11201   3.11222
 Src-osrc corr  16   7 o,n=   0.00266   0.14766
 Src-osrc corr  11   8 o,n=  17.54720  17.56878
 Src-osrc corr  12   8 o,n=   0.07332   0.28622
 Src-osrc corr  15   8 o,n=   3.11222   3.11958
 Src-osrc corr  16   8 o,n=   0.14766   0.57525
 Src-osrc corr  11   9 o,n=  17.56878  16.71495
 Src-osrc corr  12   9 o,n=   0.28622   0.00282
 Src-osrc corr  15   9 o,n=   3.11958  12.18856
 Src-osrc corr  16   9 o,n=   0.57525   0.00297
 Src-osrc corr  12  10 o,n=   0.00282   0.00282
 Src-osrc corr  16  10 o,n=   0.00297   0.00297
 Src-osrc corr  11   1 o,n=  18.53940  18.22739
 Src-osrc corr  13   1 o,n=  17.22019  16.96454
 Src-osrc corr  12   2 o,n=   0.00261   0.00262
 Src-osrc corr  14   2 o,n=   0.00010   0.00009
 Src-osrc corr  11   3 o,n=  18.22739  18.25385
 Src-osrc corr  15   3 o,n=   1.39277   1.49068
 Src-osrc corr  11   4 o,n=  18.25385  18.26155
 Src-osrc corr  12   4 o,n=   0.00262   0.08501
 Src-osrc corr  15   4 o,n=   1.49068   1.49980
 Src-osrc corr  16   4 o,n=   0.00268   0.16947
 Src-osrc corr  11   5 o,n=  18.26155  18.30449
 Src-osrc corr  12   5 o,n=   0.08501   0.14968
 Src-osrc corr  15   5 o,n=   1.49980   1.58550
 Src-osrc corr  16   5 o,n=   0.16947   0.30171
 Src-osrc corr  11   6 o,n=  18.30449  17.68509
 Src-osrc corr  12   6 o,n=   0.14968   0.00257
 Src-osrc corr  15   6 o,n=   1.58550   3.10213
 Src-osrc corr  16   6 o,n=   0.30171   0.00263
 Src-osrc corr  11   7 o,n=  17.68509  17.69000
 Src-osrc corr  12   7 o,n=   0.00257   0.07313
 Src-osrc corr  15   7 o,n=   3.10213   3.10220
 Src-osrc corr  16   7 o,n=   0.00263   0.14714
 Src-osrc corr  11   8 o,n=  17.69000  17.71159
 Src-osrc corr  12   8 o,n=   0.07313   0.28516
 Src-osrc corr  15   8 o,n=   3.10220   3.10898
 Src-osrc corr  16   8 o,n=   0.14714   0.57308
 Src-osrc corr  11   9 o,n=  17.71159  16.85239
 Src-osrc corr  12   9 o,n=   0.28516   0.00289
 Src-osrc corr  15   9 o,n=   3.10898  12.16093
 Src-osrc corr  16   9 o,n=   0.57308   0.00295
 Src-osrc corr  12  10 o,n=   0.00289   0.00289
 Src-osrc corr  16  10 o,n=   0.00295   0.00295
 Src-osrc corr  11   1 o,n=  18.40027  18.06913
 Src-osrc corr  13   1 o,n=  17.07434  16.79997
 Src-osrc corr  12   2 o,n=   0.00270   0.00271
 Src-osrc corr  14   2 o,n=   0.00009   0.00008
 Src-osrc corr  11   3 o,n=  18.06913  18.09565
 Src-osrc corr  15   3 o,n=   1.39959   1.49774
 Src-osrc corr  11   4 o,n=  18.09565  18.10336
 Src-osrc corr  12   4 o,n=   0.00271   0.08526
 Src-osrc corr  15   4 o,n=   1.49774   1.50696
 Src-osrc corr  16   4 o,n=   0.00277   0.16991
 Src-osrc corr  11   5 o,n=  18.10336  18.14638
 Src-osrc corr  12   5 o,n=   0.08526   0.15003
 Src-osrc corr  15   5 o,n=   1.50696   1.59316
 Src-osrc corr  16   5 o,n=   0.16991   0.30240
 Src-osrc corr  11   6 o,n=  18.14638  17.52595
 Src-osrc corr  12   6 o,n=   0.15003   0.00267
 Src-osrc corr  15   6 o,n=   1.59316   3.11086
 Src-osrc corr  16   6 o,n=   0.30240   0.00272
 Src-osrc corr  11   7 o,n=  17.52595  17.53088
 Src-osrc corr  12   7 o,n=   0.00267   0.07330
 Src-osrc corr  15   7 o,n=   3.11086   3.11098
 Src-osrc corr  16   7 o,n=   0.00272   0.14743
 Src-osrc corr  11   8 o,n=  17.53088  17.55260
 Src-osrc corr  12   8 o,n=   0.07330   0.28569
 Src-osrc corr  15   8 o,n=   3.11098   3.11800
 Src-osrc corr  16   8 o,n=   0.14743   0.57413
 Src-osrc corr  11   9 o,n=  17.55260  16.69015
 Src-osrc corr  12   9 o,n=   0.28569   0.00296
 Src-osrc corr  15   9 o,n=   3.11800  12.18462
 Src-osrc corr  16   9 o,n=   0.57413   0.00302
 Src-osrc corr  12  10 o,n=   0.00296   0.00296
 Src-osrc corr  16  10 o,n=   0.00302   0.00302
 Src-osrc corr  11   1 o,n=  18.31986  17.99167
 Src-osrc corr  13   1 o,n=  16.99843  16.72626
 Src-osrc corr  12   2 o,n=   0.00275   0.00277
 Src-osrc corr  14   2 o,n=   0.00010   0.00008
 Src-osrc corr  11   3 o,n=  17.99167  18.01835
 Src-osrc corr  15   3 o,n=   1.39613   1.49461
 Src-osrc corr  11   4 o,n=  18.01835  18.02607
 Src-osrc corr  12   4 o,n=   0.00277   0.08531
 Src-osrc corr  15   4 o,n=   1.49461   1.50383
 Src-osrc corr  16   4 o,n=   0.00283   0.16998
 Src-osrc corr  11   5 o,n=  18.02607  18.06909
 Src-osrc corr  12   5 o,n=   0.08531   0.15008
 Src-osrc corr  15   5 o,n=   1.50383   1.59005
 Src-osrc corr  16   5 o,n=   0.16998   0.30250
 Src-osrc corr  11   6 o,n=  18.06909  17.44856
 Src-osrc corr  12   6 o,n=   0.15008   0.00272
 Src-osrc corr  15   6 o,n=   1.59005   3.10758
 Src-osrc corr  16   6 o,n=   0.30250   0.00278
 Src-osrc corr  11   7 o,n=  17.44856  17.45346
 Src-osrc corr  12   7 o,n=   0.00272   0.07327
 Src-osrc corr  15   7 o,n=   3.10758   3.10773
 Src-osrc corr  16   7 o,n=   0.00278   0.14735
 Src-osrc corr  11   8 o,n=  17.45346  17.47508
 Src-osrc corr  12   8 o,n=   0.07327   0.28550
 Src-osrc corr  15   8 o,n=   3.10773   3.11478
 Src-osrc corr  16   8 o,n=   0.14735   0.57372
 Src-osrc corr  11   9 o,n=  17.47508  16.62029
 Src-osrc corr  12   9 o,n=   0.28550   0.00301
 Src-osrc corr  15   9 o,n=   3.11478  12.16741
 Src-osrc corr  16   9 o,n=   0.57372   0.00307
 Src-osrc corr  12  10 o,n=   0.00301   0.00301
 Src-osrc corr  16  10 o,n=   0.00307   0.00307
 Src-osrc corr  11   1 o,n=  18.35013  18.02246
 Src-osrc corr  13   1 o,n=  17.02782  16.75624
 Src-osrc corr  12   2 o,n=   0.00274   0.00275
 Src-osrc corr  14   2 o,n=   0.00010   0.00008
 Src-osrc corr  11   3 o,n=  18.02246  18.04911
 Src-osrc corr  15   3 o,n=   1.39671   1.49498
 Src-osrc corr  11   4 o,n=  18.04911  18.05682
 Src-osrc corr  12   4 o,n=   0.00275   0.08527
 Src-osrc corr  15   4 o,n=   1.49498   1.50422
 Src-osrc corr  16   4 o,n=   0.00281   0.16991
 Src-osrc corr  11   5 o,n=  18.05682  18.09983
 Src-osrc corr  12   5 o,n=   0.08527   0.15001
 Src-osrc corr  15   5 o,n=   1.50422   1.59049
 Src-osrc corr  16   5 o,n=   0.16991   0.30237
 Src-osrc corr  11   6 o,n=  18.09983  17.47942
 Src-osrc corr  12   6 o,n=   0.15001   0.00271
 Src-osrc corr  15   6 o,n=   1.59049   3.10762
 Src-osrc corr  16   6 o,n=   0.30237   0.00277
 Src-osrc corr  11   7 o,n=  17.47942  17.48433
 Src-osrc corr  12   7 o,n=   0.00271   0.07326
 Src-osrc corr  15   7 o,n=   3.10762   3.10775
 Src-osrc corr  16   7 o,n=   0.00277   0.14733
 Src-osrc corr  11   8 o,n=  17.48433  17.50598
 Src-osrc corr  12   8 o,n=   0.07326   0.28547
 Src-osrc corr  15   8 o,n=   3.10775   3.11474
 Src-osrc corr  16   8 o,n=   0.14733   0.57367
 Src-osrc corr  11   9 o,n=  17.50598  16.64828
 Src-osrc corr  12   9 o,n=   0.28547   0.00300
 Src-osrc corr  15   9 o,n=   3.11474  12.16868
 Src-osrc corr  16   9 o,n=   0.57367   0.00307
 Src-osrc corr  12  10 o,n=   0.00300   0.00300
 Src-osrc corr  16  10 o,n=   0.00307   0.00307
 Reaction Xsec     4.0-/ 3 @ 1 =    81.137 , Out:   0.002#   2.715    2.975    2.491    0.022   72.934f
 Src-osrc corr  12   2 o,n=  12.32752   9.47589
 Src-osrc corr  14   2 o,n=  12.17764   9.34025
 Src-osrc corr  11   4 o,n=   0.01234   0.03443
 Src-osrc corr  12   4 o,n=   9.47589   9.26327
 Src-osrc corr  15   4 o,n=   0.01234   0.08971
 Src-osrc corr  16   4 o,n=   0.16696   0.94745
 Src-osrc corr  11   5 o,n=   0.03443   0.02299
 Src-osrc corr  12   5 o,n=   9.26327   9.24294
 Src-osrc corr  15   5 o,n=   0.08971   0.05362
 Src-osrc corr  16   5 o,n=   0.94745   1.15358
 Src-osrc corr  11   6 o,n=   0.02299   0.01130
 Src-osrc corr  12   6 o,n=   9.24294   9.24196
 Src-osrc corr  15   6 o,n=   0.05362   0.01130
 Src-osrc corr  16   6 o,n=   1.15358   1.16563
 Src-osrc corr  11   7 o,n=   0.01130   0.16170
 Src-osrc corr  12   7 o,n=   9.24196   9.46787
 Src-osrc corr  15   7 o,n=   0.01130   0.49012
 Src-osrc corr  16   7 o,n=   1.16563   1.06114
 Src-osrc corr  11   8 o,n=   0.16170   0.11482
 Src-osrc corr  12   8 o,n=   9.46787   9.54847
 Src-osrc corr  15   8 o,n=   0.49012   0.34274
 Src-osrc corr  16   8 o,n=   1.06114   1.14645
 Src-osrc corr  11   9 o,n=   0.11482   0.01121
 Src-osrc corr  12   9 o,n=   9.54847   9.55095
 Src-osrc corr  15   9 o,n=   0.34274   0.01121
 Src-osrc corr  16   9 o,n=   1.14645   1.14969
 Src-osrc corr  12  10 o,n=   9.55095   9.62336
 Src-osrc corr  16  10 o,n=   1.14969   1.84790
 Src-osrc corr  12   2 o,n=  12.32752   9.47589
 Src-osrc corr  14   2 o,n=  12.17764   9.34025
 Src-osrc corr  11   4 o,n=   0.01234   0.03443
 Src-osrc corr  12   4 o,n=   9.47589   9.26327
 Src-osrc corr  15   4 o,n=   0.01234   0.08971
 Src-osrc corr  16   4 o,n=   0.16696   0.94745
 Src-osrc corr  11   5 o,n=   0.03443   0.02299
 Src-osrc corr  12   5 o,n=   9.26327   9.24294
 Src-osrc corr  15   5 o,n=   0.08971   0.05362
 Src-osrc corr  16   5 o,n=   0.94745   1.15358
 Src-osrc corr  11   6 o,n=   0.02299   0.01130
 Src-osrc corr  12   6 o,n=   9.24294   9.24196
 Src-osrc corr  15   6 o,n=   0.05362   0.01130
 Src-osrc corr  16   6 o,n=   1.15358   1.16563
 Src-osrc corr  11   7 o,n=   0.01130   0.16170
 Src-osrc corr  12   7 o,n=   9.24196   9.46787
 Src-osrc corr  15   7 o,n=   0.01130   0.49012
 Src-osrc corr  16   7 o,n=   1.16563   1.06114
 Src-osrc corr  11   8 o,n=   0.16170   0.11482
 Src-osrc corr  12   8 o,n=   9.46787   9.54847
 Src-osrc corr  15   8 o,n=   0.49012   0.34274
 Src-osrc corr  16   8 o,n=   1.06114   1.14645
 Src-osrc corr  11   9 o,n=   0.11482   0.01121
 Src-osrc corr  12   9 o,n=   9.54847   9.55095
 Src-osrc corr  15   9 o,n=   0.34274   0.01121
 Src-osrc corr  16   9 o,n=   1.14645   1.14969
 Src-osrc corr  12  10 o,n=   9.55095   9.62336
 Src-osrc corr  16  10 o,n=   1.14969   1.84790
 Src-osrc corr  11   1 o,n=   0.01865   0.01879
 Src-osrc corr  13   1 o,n=   0.00097   0.00102
 Src-osrc corr  12   2 o,n=  12.08252   9.25195
 Src-osrc corr  14   2 o,n=  11.92833   9.11115
 Src-osrc corr  11   3 o,n=   0.01879   0.01879
 Src-osrc corr  15   3 o,n=   0.01887   0.01887
 Src-osrc corr  11   4 o,n=   0.01879   0.03841
 Src-osrc corr  12   4 o,n=   9.25195   9.04205
 Src-osrc corr  15   4 o,n=   0.01887   0.09301
 Src-osrc corr  16   4 o,n=   0.17105   0.94540
 Src-osrc corr  11   5 o,n=   0.03841   0.02759
 Src-osrc corr  12   5 o,n=   9.04205   9.02246
 Src-osrc corr  15   5 o,n=   0.09301   0.05729
 Src-osrc corr  16   5 o,n=   0.94540   1.15112
 Src-osrc corr  11   6 o,n=   0.02759   0.01756
 Src-osrc corr  12   6 o,n=   9.02246   9.02152
 Src-osrc corr  15   6 o,n=   0.05729   0.01767
 Src-osrc corr  16   6 o,n=   1.15112   1.16314
 Src-osrc corr  11   7 o,n=   0.01756   0.16572
 Src-osrc corr  12   7 o,n=   9.02152   9.24746
 Src-osrc corr  15   7 o,n=   0.01767   0.49296
 Src-osrc corr  16   7 o,n=   1.16314   1.06071
 Src-osrc corr  11   8 o,n=   0.16572   0.11952
 Src-osrc corr  12   8 o,n=   9.24746   9.32789
 Src-osrc corr  15   8 o,n=   0.49296   0.34631
 Src-osrc corr  16   8 o,n=   1.06071   1.14618
 Src-osrc corr  11   9 o,n=   0.11952   0.01769
 Src-osrc corr  12   9 o,n=   9.32789   9.33035
 Src-osrc corr  15   9 o,n=   0.34631   0.01800
 Src-osrc corr  16   9 o,n=   1.14618   1.14940
 Src-osrc corr  12  10 o,n=   9.33035   9.40557
 Src-osrc corr  16  10 o,n=   1.14940   1.84509
 Src-osrc corr  11   1 o,n=   0.01586   0.01602
 Src-osrc corr  13   1 o,n=   0.00113   0.00120
 Src-osrc corr  12   2 o,n=  12.24890   9.43840
 Src-osrc corr  14   2 o,n=  12.09810   9.29957
 Src-osrc corr  11   3 o,n=   0.01602   0.01602
 Src-osrc corr  15   3 o,n=   0.01563   0.01563
 Src-osrc corr  11   4 o,n=   0.01602   0.03675
 Src-osrc corr  12   4 o,n=   9.43840   9.23525
 Src-osrc corr  15   4 o,n=   0.01563   0.09228
 Src-osrc corr  16   4 o,n=   0.16710   0.93258
 Src-osrc corr  11   5 o,n=   0.03675   0.02550
 Src-osrc corr  12   5 o,n=   9.23525   9.21571
 Src-osrc corr  15   5 o,n=   0.09228   0.05591
 Src-osrc corr  16   5 o,n=   0.93258   1.13571
 Src-osrc corr  11   6 o,n=   0.02550   0.01477
 Src-osrc corr  12   6 o,n=   9.21571   9.21477
 Src-osrc corr  15   6 o,n=   0.05591   0.01440
 Src-osrc corr  16   6 o,n=   1.13571   1.14758
 Src-osrc corr  11   7 o,n=   0.01477   0.16259
 Src-osrc corr  12   7 o,n=   9.21477   9.44410
 Src-osrc corr  15   7 o,n=   0.01440   0.48743
 Src-osrc corr  16   7 o,n=   1.14758   1.05950
 Src-osrc corr  11   8 o,n=   0.16259   0.11639
 Src-osrc corr  12   8 o,n=   9.44410   9.52596
 Src-osrc corr  15   8 o,n=   0.48743   0.34159
 Src-osrc corr  16   8 o,n=   1.05950   1.14966
 Src-osrc corr  11   9 o,n=   0.11639   0.01449
 Src-osrc corr  12   9 o,n=   9.52596   9.52847
 Src-osrc corr  15   9 o,n=   0.34159   0.01432
 Src-osrc corr  16   9 o,n=   1.14966   1.15302
 Src-osrc corr  12  10 o,n=   9.52847   9.60177
 Src-osrc corr  16  10 o,n=   1.15302   1.83890
 Src-osrc corr  11   1 o,n=   0.01514   0.01538
 Src-osrc corr  13   1 o,n=   0.00170   0.00179
 Src-osrc corr  12   2 o,n=  12.25219   9.44026
 Src-osrc corr  14   2 o,n=  12.10131   9.30139
 Src-osrc corr  11   3 o,n=   0.01538   0.01538
 Src-osrc corr  15   3 o,n=   0.01552   0.01553
 Src-osrc corr  11   4 o,n=   0.01538   0.03621
 Src-osrc corr  12   4 o,n=   9.44026   9.23692
 Src-osrc corr  15   4 o,n=   0.01553   0.09227
 Src-osrc corr  16   4 o,n=   0.16719   0.93279
 Src-osrc corr  11   5 o,n=   0.03621   0.02491
 Src-osrc corr  12   5 o,n=   9.23692   9.21737
 Src-osrc corr  15   5 o,n=   0.09227   0.05588
 Src-osrc corr  16   5 o,n=   0.93279   1.13598
 Src-osrc corr  11   6 o,n=   0.02491   0.01415
 Src-osrc corr  12   6 o,n=   9.21737   9.21642
 Src-osrc corr  15   6 o,n=   0.05588   0.01434
 Src-osrc corr  16   6 o,n=   1.13598   1.14785
 Src-osrc corr  11   7 o,n=   0.01415   0.16213
 Src-osrc corr  12   7 o,n=   9.21642   9.44583
 Src-osrc corr  15   7 o,n=   0.01434   0.48748
 Src-osrc corr  16   7 o,n=   1.14785   1.05978
 Src-osrc corr  11   8 o,n=   0.16213   0.11589
 Src-osrc corr  12   8 o,n=   9.44583   9.52770
 Src-osrc corr  15   8 o,n=   0.48748   0.34160
 Src-osrc corr  16   8 o,n=   1.05978   1.14996
 Src-osrc corr  11   9 o,n=   0.11589   0.01379
 Src-osrc corr  12   9 o,n=   9.52770   9.53022
 Src-osrc corr  15   9 o,n=   0.34160   0.01433
 Src-osrc corr  16   9 o,n=   1.14996   1.15333
 Src-osrc corr  12  10 o,n=   9.53022   9.60342
 Src-osrc corr  16  10 o,n=   1.15333   1.83938
 Src-osrc corr  11   1 o,n=   0.01563   0.01586
 Src-osrc corr  13   1 o,n=   0.00166   0.00175
 Src-osrc corr  12   2 o,n=  12.23498   9.42372
 Src-osrc corr  14   2 o,n=  12.08418   9.28489
 Src-osrc corr  11   3 o,n=   0.01586   0.01586
 Src-osrc corr  15   3 o,n=   0.01554   0.01554
 Src-osrc corr  11   4 o,n=   0.01586   0.03654
 Src-osrc corr  12   4 o,n=   9.42372   9.22064
 Src-osrc corr  15   4 o,n=   0.01554   0.09226
 Src-osrc corr  16   4 o,n=   0.16710   0.93271
 Src-osrc corr  11   5 o,n=   0.03654   0.02528
 Src-osrc corr  12   5 o,n=   9.22064   9.20116
 Src-osrc corr  15   5 o,n=   0.09226   0.05587
 Src-osrc corr  16   5 o,n=   0.93271   1.13588
 Src-osrc corr  11   6 o,n=   0.02528   0.01462
 Src-osrc corr  12   6 o,n=   9.20116   9.20022
 Src-osrc corr  15   6 o,n=   0.05587   0.01434
 Src-osrc corr  16   6 o,n=   1.13588   1.14775
 Src-osrc corr  11   7 o,n=   0.01462   0.16250
 Src-osrc corr  12   7 o,n=   9.20022   9.42963
 Src-osrc corr  15   7 o,n=   0.01434   0.48747
 Src-osrc corr  16   7 o,n=   1.14775   1.05976
 Src-osrc corr  11   8 o,n=   0.16250   0.11628
 Src-osrc corr  12   8 o,n=   9.42963   9.51151
 Src-osrc corr  15   8 o,n=   0.48747   0.34160
 Src-osrc corr  16   8 o,n=   1.05976   1.14999
 Src-osrc corr  11   9 o,n=   0.11628   0.01427
 Src-osrc corr  12   9 o,n=   9.51151   9.51402
 Src-osrc corr  15   9 o,n=   0.34160   0.01428
 Src-osrc corr  16   9 o,n=   1.14999   1.15335
 Src-osrc corr  12  10 o,n=   9.51402   9.58742
 Src-osrc corr  16  10 o,n=   1.15335   1.83935
 Src-osrc corr  11   1 o,n=   0.01544   0.01564
 Src-osrc corr  13   1 o,n=   0.00143   0.00151
 Src-osrc corr  12   2 o,n=  12.23751   9.42723
 Src-osrc corr  14   2 o,n=  12.08674   9.28840
 Src-osrc corr  11   3 o,n=   0.01564   0.01564
 Src-osrc corr  15   3 o,n=   0.01556   0.01556
 Src-osrc corr  11   4 o,n=   0.01564   0.03644
 Src-osrc corr  12   4 o,n=   9.42723   9.22428
 Src-osrc corr  15   4 o,n=   0.01556   0.09227
 Src-osrc corr  16   4 o,n=   0.16705   0.93222
 Src-osrc corr  11   5 o,n=   0.03644   0.02515
 Src-osrc corr  12   5 o,n=   9.22428   9.20479
 Src-osrc corr  15   5 o,n=   0.09227   0.05589
 Src-osrc corr  16   5 o,n=   0.93222   1.13528
 Src-osrc corr  11   6 o,n=   0.02515   0.01441
 Src-osrc corr  12   6 o,n=   9.20479   9.20386
 Src-osrc corr  15   6 o,n=   0.05589   0.01436
 Src-osrc corr  16   6 o,n=   1.13528   1.14715
 Src-osrc corr  11   7 o,n=   0.01441   0.16227
 Src-osrc corr  12   7 o,n=   9.20386   9.43326
 Src-osrc corr  15   7 o,n=   0.01436   0.48728
 Src-osrc corr  16   7 o,n=   1.14715   1.05950
 Src-osrc corr  11   8 o,n=   0.16227   0.11606
 Src-osrc corr  12   8 o,n=   9.43326   9.51514
 Src-osrc corr  15   8 o,n=   0.48728   0.34147
 Src-osrc corr  16   8 o,n=   1.05950   1.14978
 Src-osrc corr  11   9 o,n=   0.11606   0.01407
 Src-osrc corr  12   9 o,n=   9.51514   9.51765
 Src-osrc corr  15   9 o,n=   0.34147   0.01430
 Src-osrc corr  16   9 o,n=   1.14978   1.15314
 Src-osrc corr  12  10 o,n=   9.51765   9.59098
 Src-osrc corr  16  10 o,n=   1.15314   1.83874
 Reaction Xsec     4.0-/ 5 @ 2 =    57.879 , Out:   0.089#   0.899    1.512    1.473    0.251/  53.996f

 Total SPIN, PARITY =     5.0 +,     16 chs,     16 cc.  Rmin & Coul turning =    0.8    5.5
 Src-osrc corr  11   1 o,n=  17.34378  14.82865
 Src-osrc corr  13   1 o,n=  17.12017  14.64056
 Src-osrc corr  11   3 o,n=  14.82865  14.81835
 Src-osrc corr  15   3 o,n=   0.26230   0.42619
 Src-osrc corr  11   4 o,n=  14.81835  14.81970
 Src-osrc corr  12   4 o,n=   0.00121   0.05610
 Src-osrc corr  15   4 o,n=   0.42619   0.43396
 Src-osrc corr  16   4 o,n=   0.00121   0.11319
 Src-osrc corr  11   5 o,n=  14.81970  14.83616
 Src-osrc corr  12   5 o,n=   0.05610   0.12709
 Src-osrc corr  15   5 o,n=   0.43396   0.53780
 Src-osrc corr  16   5 o,n=   0.11319   0.25497
 Src-osrc corr  11   6 o,n=  14.83616  14.69622
 Src-osrc corr  12   6 o,n=   0.12709   0.00147
 Src-osrc corr  15   6 o,n=   0.53780   1.26626
 Src-osrc corr  16   6 o,n=   0.25497   0.00147
 Src-osrc corr  11   7 o,n=  14.69622  14.69995
 Src-osrc corr  12   7 o,n=   0.00147   0.03514
 Src-osrc corr  15   7 o,n=   1.26626   1.27829
 Src-osrc corr  16   7 o,n=   0.00147   0.07076
 Src-osrc corr  11   8 o,n=  14.69995  14.74314
 Src-osrc corr  12   8 o,n=   0.03514   0.16192
 Src-osrc corr  15   8 o,n=   1.27829   1.45379
 Src-osrc corr  16   8 o,n=   0.07076   0.32484
 Src-osrc corr  11   9 o,n=  14.74314  16.29636
 Src-osrc corr  12   9 o,n=   0.16192   0.00152
 Src-osrc corr  15   9 o,n=   1.45379  11.90028
 Src-osrc corr  16   9 o,n=   0.32484   0.00152
 Src-osrc corr  11   1 o,n=  17.34378  14.82865
 Src-osrc corr  13   1 o,n=  17.12017  14.64056
 Src-osrc corr  11   3 o,n=  14.82865  14.81835
 Src-osrc corr  15   3 o,n=   0.26230   0.42619
 Src-osrc corr  11   4 o,n=  14.81835  14.81970
 Src-osrc corr  12   4 o,n=   0.00121   0.05610
 Src-osrc corr  15   4 o,n=   0.42619   0.43396
 Src-osrc corr  16   4 o,n=   0.00121   0.11319
 Src-osrc corr  11   5 o,n=  14.81970  14.83616
 Src-osrc corr  12   5 o,n=   0.05610   0.12709
 Src-osrc corr  15   5 o,n=   0.43396   0.53780
 Src-osrc corr  16   5 o,n=   0.11319   0.25497
 Src-osrc corr  11   6 o,n=  14.83616  14.69622
 Src-osrc corr  12   6 o,n=   0.12709   0.00147
 Src-osrc corr  15   6 o,n=   0.53780   1.26626
 Src-osrc corr  16   6 o,n=   0.25497   0.00147
 Src-osrc corr  11   7 o,n=  14.69622  14.69995
 Src-osrc corr  12   7 o,n=   0.00147   0.03514
 Src-osrc corr  15   7 o,n=   1.26626   1.27829
 Src-osrc corr  16   7 o,n=   0.00147   0.07076
 Src-osrc corr  11   8 o,n=  14.69995  14.74314
 Src-osrc corr  12   8 o,n=   0.03514   0.16192
 Src-osrc corr  15   8 o,n=   1.27829   1.45379
 Src-osrc corr  16   8 o,n=   0.07076   0.32484
 Src-osrc corr  11   9 o,n=  14.74314  16.29636
 Src-osrc corr  12   9 o,n=   0.16192   0.00152
 Src-osrc corr  15   9 o,n=   1.45379  11.90028
 Src-osrc corr  16   9 o,n=   0.32484   0.00152
 Src-osrc corr  11   1 o,n=  16.71668  14.25537
 Src-osrc corr  13   1 o,n=  16.38921  13.96748
 Src-osrc corr  12   2 o,n=   0.00090   0.00090
 Src-osrc corr  14   2 o,n=   0.00006   0.00004
 Src-osrc corr  11   3 o,n=  14.25537  14.24700
 Src-osrc corr  15   3 o,n=   0.34707   0.50463
 Src-osrc corr  11   4 o,n=  14.24700  14.24835
 Src-osrc corr  12   4 o,n=   0.00090   0.05870
 Src-osrc corr  15   4 o,n=   0.50463   0.51292
 Src-osrc corr  16   4 o,n=   0.00093   0.11819
 Src-osrc corr  11   5 o,n=  14.24835  14.26491
 Src-osrc corr  12   5 o,n=   0.05870   0.13207
 Src-osrc corr  15   5 o,n=   0.51292   0.62085
 Src-osrc corr  16   5 o,n=   0.11819   0.26527
 Src-osrc corr  11   6 o,n=  14.26491  14.12986
 Src-osrc corr  12   6 o,n=   0.13207   0.00205
 Src-osrc corr  15   6 o,n=   0.62085   1.29926
 Src-osrc corr  16   6 o,n=   0.26527   0.00208
 Src-osrc corr  11   7 o,n=  14.12986  14.13393
 Src-osrc corr  12   7 o,n=   0.00205   0.03539
 Src-osrc corr  15   7 o,n=   1.29926   1.31236
 Src-osrc corr  16   7 o,n=   0.00208   0.07184
 Src-osrc corr  11   8 o,n=  14.13393  14.18072
 Src-osrc corr  12   8 o,n=   0.03539   0.16633
 Src-osrc corr  15   8 o,n=   1.31236   1.50145
 Src-osrc corr  16   8 o,n=   0.07184   0.33303
 Src-osrc corr  11   9 o,n=  14.18072  15.82277
 Src-osrc corr  12   9 o,n=   0.16633   0.00234
 Src-osrc corr  15   9 o,n=   1.50145  12.22998
 Src-osrc corr  16   9 o,n=   0.33303   0.00237
 Src-osrc corr  12  10 o,n=   0.00234   0.00234
 Src-osrc corr  16  10 o,n=   0.00237   0.00237
 Src-osrc corr  11   1 o,n=  17.04325  14.68668
 Src-osrc corr  13   1 o,n=  16.83335  14.49669
 Src-osrc corr  12   2 o,n=   0.00115   0.00115
 Src-osrc corr  14   2 o,n=   0.00002   0.00002
 Src-osrc corr  11   3 o,n=  14.68668  14.67789
 Src-osrc corr  15   3 o,n=   0.22175   0.36533
 Src-osrc corr  11   4 o,n=  14.67789  14.67918
 Src-osrc corr  12   4 o,n=   0.00115   0.05405
 Src-osrc corr  15   4 o,n=   0.36533   0.37300
 Src-osrc corr  16   4 o,n=   0.00116   0.10935
 Src-osrc corr  11   5 o,n=  14.67918  14.69492
 Src-osrc corr  12   5 o,n=   0.05405   0.12347
 Src-osrc corr  15   5 o,n=   0.37300   0.47429
 Src-osrc corr  16   5 o,n=   0.10935   0.24734
 Src-osrc corr  11   6 o,n=  14.69492  14.55769
 Src-osrc corr  12   6 o,n=   0.12347   0.00139
 Src-osrc corr  15   6 o,n=   0.47429   1.19017
 Src-osrc corr  16   6 o,n=   0.24734   0.00140
 Src-osrc corr  11   7 o,n=  14.55769  14.56103
 Src-osrc corr  12   7 o,n=   0.00139   0.03385
 Src-osrc corr  15   7 o,n=   1.19017   1.20100
 Src-osrc corr  16   7 o,n=   0.00140   0.06826
 Src-osrc corr  11   8 o,n=  14.56103  14.60066
 Src-osrc corr  12   8 o,n=   0.03385   0.15615
 Src-osrc corr  15   8 o,n=   1.20100   1.37024
 Src-osrc corr  16   8 o,n=   0.06826   0.31349
 Src-osrc corr  11   9 o,n=  14.60066  16.24191
 Src-osrc corr  12   9 o,n=   0.15615   0.00131
 Src-osrc corr  15   9 o,n=   1.37024  11.80825
 Src-osrc corr  16   9 o,n=   0.31349   0.00132
 Src-osrc corr  12  10 o,n=   0.00131   0.00131
 Src-osrc corr  16  10 o,n=   0.00132   0.00132
 Src-osrc corr  11   1 o,n=  17.04320  14.68120
 Src-osrc corr  13   1 o,n=  16.82911  14.48756
 Src-osrc corr  12   2 o,n=   0.00105   0.00108
 Src-osrc corr  14   2 o,n=   0.00008   0.00006
 Src-osrc corr  11   3 o,n=  14.68120  14.67200
 Src-osrc corr  15   3 o,n=   0.22602   0.36935
 Src-osrc corr  11   4 o,n=  14.67200  14.67328
 Src-osrc corr  12   4 o,n=   0.00108   0.05408
 Src-osrc corr  15   4 o,n=   0.36935   0.37702
 Src-osrc corr  16   4 o,n=   0.00112   0.10945
 Src-osrc corr  11   5 o,n=  14.67328  14.68892
 Src-osrc corr  12   5 o,n=   0.05408   0.12354
 Src-osrc corr  15   5 o,n=   0.37702   0.47820
 Src-osrc corr  16   5 o,n=   0.10945   0.24751
 Src-osrc corr  11   6 o,n=  14.68892  14.55292
 Src-osrc corr  12   6 o,n=   0.12354   0.00135
 Src-osrc corr  15   6 o,n=   0.47820   1.19140
 Src-osrc corr  16   6 o,n=   0.24751   0.00139
 Src-osrc corr  11   7 o,n=  14.55292  14.55630
 Src-osrc corr  12   7 o,n=   0.00135   0.03382
 Src-osrc corr  15   7 o,n=   1.19140   1.20222
 Src-osrc corr  16   7 o,n=   0.00139   0.06826
 Src-osrc corr  11   8 o,n=  14.55630  14.59614
 Src-osrc corr  12   8 o,n=   0.03382   0.15619
 Src-osrc corr  15   8 o,n=   1.20222   1.37160
 Src-osrc corr  16   8 o,n=   0.06826   0.31359
 Src-osrc corr  11   9 o,n=  14.59614  16.23042
 Src-osrc corr  12   9 o,n=   0.15619   0.00128
 Src-osrc corr  15   9 o,n=   1.37160  11.81881
 Src-osrc corr  16   9 o,n=   0.31359   0.00132
 Src-osrc corr  12  10 o,n=   0.00128   0.00128
 Src-osrc corr  16  10 o,n=   0.00132   0.00132
 Src-osrc corr  11   1 o,n=  16.92785  14.56541
 Src-osrc corr  13   1 o,n=  16.71717  14.37451
 Src-osrc corr  12   2 o,n=   0.00118   0.00114
 Src-osrc corr  14   2 o,n=   0.00008   0.00005
 Src-osrc corr  11   3 o,n=  14.56541  14.55654
 Src-osrc corr  15   3 o,n=   0.22204   0.36522
 Src-osrc corr  11   4 o,n=  14.55654  14.55783
 Src-osrc corr  12   4 o,n=   0.00114   0.05406
 Src-osrc corr  15   4 o,n=   0.36522   0.37287
 Src-osrc corr  16   4 o,n=   0.00110   0.10933
 Src-osrc corr  11   5 o,n=  14.55783  14.57355
 Src-osrc corr  12   5 o,n=   0.05406   0.12346
 Src-osrc corr  15   5 o,n=   0.37287   0.47405
 Src-osrc corr  16   5 o,n=   0.10933   0.24730
 Src-osrc corr  11   6 o,n=  14.57355  14.43643
 Src-osrc corr  12   6 o,n=   0.12346   0.00139
 Src-osrc corr  15   6 o,n=   0.47405   1.19146
 Src-osrc corr  16   6 o,n=   0.24730   0.00134
 Src-osrc corr  11   7 o,n=  14.43643  14.43981
 Src-osrc corr  12   7 o,n=   0.00139   0.03387
 Src-osrc corr  15   7 o,n=   1.19146   1.20226
 Src-osrc corr  16   7 o,n=   0.00134   0.06826
 Src-osrc corr  11   8 o,n=  14.43981  14.47982
 Src-osrc corr  12   8 o,n=   0.03387   0.15617
 Src-osrc corr  15   8 o,n=   1.20226   1.37109
 Src-osrc corr  16   8 o,n=   0.06826   0.31353
 Src-osrc corr  11   9 o,n=  14.47982  16.12146
 Src-osrc corr  12   9 o,n=   0.15617   0.00133
 Src-osrc corr  15   9 o,n=   1.37109  11.81686
 Src-osrc corr  16   9 o,n=   0.31353   0.00129
 Src-osrc corr  12  10 o,n=   0.00133   0.00133
 Src-osrc corr  16  10 o,n=   0.00129   0.00128
 Src-osrc corr  11   1 o,n=  16.94907  14.59204
 Src-osrc corr  13   1 o,n=  16.73788  14.40051
 Src-osrc corr  12   2 o,n=   0.00110   0.00111
 Src-osrc corr  14   2 o,n=   0.00001   0.00001
 Src-osrc corr  11   3 o,n=  14.59204  14.58342
 Src-osrc corr  15   3 o,n=   0.22233   0.36509
 Src-osrc corr  11   4 o,n=  14.58342  14.58470
 Src-osrc corr  12   4 o,n=   0.00111   0.05394
 Src-osrc corr  15   4 o,n=   0.36509   0.37275
 Src-osrc corr  16   4 o,n=   0.00112   0.10915
 Src-osrc corr  11   5 o,n=  14.58470  14.60045
 Src-osrc corr  12   5 o,n=   0.05394   0.12324
 Src-osrc corr  15   5 o,n=   0.37275   0.47383
 Src-osrc corr  16   5 o,n=   0.10915   0.24687
 Src-osrc corr  11   6 o,n=  14.60045  14.46280
 Src-osrc corr  12   6 o,n=   0.12324   0.00135
 Src-osrc corr  15   6 o,n=   0.47383   1.18827
 Src-osrc corr  16   6 o,n=   0.24687   0.00136
 Src-osrc corr  11   7 o,n=  14.46280  14.46616
 Src-osrc corr  12   7 o,n=   0.00135   0.03379
 Src-osrc corr  15   7 o,n=   1.18827   1.19906
 Src-osrc corr  16   7 o,n=   0.00136   0.06813
 Src-osrc corr  11   8 o,n=  14.46616  14.50586
 Src-osrc corr  12   8 o,n=   0.03379   0.15586
 Src-osrc corr  15   8 o,n=   1.19906   1.36771
 Src-osrc corr  16   8 o,n=   0.06813   0.31294
 Src-osrc corr  11   9 o,n=  14.50586  16.14509
 Src-osrc corr  12   9 o,n=   0.15586   0.00127
 Src-osrc corr  15   9 o,n=   1.36771  11.79583
 Src-osrc corr  16   9 o,n=   0.31294   0.00128
 Src-osrc corr  12  10 o,n=   0.00127   0.00127
 Src-osrc corr  16  10 o,n=   0.00128   0.00128
 Reaction Xsec     5.0+/ 4 @ 1 =    92.532 , Out:   0.001#   0.273    3.847    3.767    0.466/  84.644f
 Src-osrc corr  12   2 o,n=   8.81607   6.04883
 Src-osrc corr  14   2 o,n=   8.78355   6.02323
 Src-osrc corr  11   4 o,n=   0.00081   0.01031
 Src-osrc corr  12   4 o,n=   6.04883   5.98382
 Src-osrc corr  15   4 o,n=   0.00081   0.03112
 Src-osrc corr  16   4 o,n=   0.04314   0.32204
 Src-osrc corr  11   5 o,n=   0.01031   0.00442
 Src-osrc corr  12   5 o,n=   5.98382   5.97935
 Src-osrc corr  15   5 o,n=   0.03112   0.01271
 Src-osrc corr  16   5 o,n=   0.32204   0.37147
 Src-osrc corr  11   6 o,n=   0.00442   0.00079
 Src-osrc corr  12   6 o,n=   5.97935   5.97919
 Src-osrc corr  15   6 o,n=   0.01271   0.00079
 Src-osrc corr  16   6 o,n=   0.37147   0.37345
 Src-osrc corr  11   7 o,n=   0.00079   0.04511
 Src-osrc corr  12   7 o,n=   5.97919   6.07005
 Src-osrc corr  15   7 o,n=   0.00079   0.14081
 Src-osrc corr  16   7 o,n=   0.37345   0.40566
 Src-osrc corr  11   8 o,n=   0.04511   0.02442
 Src-osrc corr  12   8 o,n=   6.07005   6.09473
 Src-osrc corr  15   8 o,n=   0.14081   0.07567
 Src-osrc corr  16   8 o,n=   0.40566   0.44391
 Src-osrc corr  11   9 o,n=   0.02442   0.00093
 Src-osrc corr  12   9 o,n=   6.09473   6.09527
 Src-osrc corr  15   9 o,n=   0.07567   0.00093
 Src-osrc corr  16   9 o,n=   0.44391   0.44482
 Src-osrc corr  12  10 o,n=   6.09527   6.09188
 Src-osrc corr  16  10 o,n=   0.44482   0.64069
 Src-osrc corr  12   2 o,n=   8.81607   6.04883
 Src-osrc corr  14   2 o,n=   8.78355   6.02323
 Src-osrc corr  11   4 o,n=   0.00081   0.01031
 Src-osrc corr  12   4 o,n=   6.04883   5.98382
 Src-osrc corr  15   4 o,n=   0.00081   0.03112
 Src-osrc corr  16   4 o,n=   0.04314   0.32204
 Src-osrc corr  11   5 o,n=   0.01031   0.00442
 Src-osrc corr  12   5 o,n=   5.98382   5.97935
 Src-osrc corr  15   5 o,n=   0.03112   0.01271
 Src-osrc corr  16   5 o,n=   0.32204   0.37147
 Src-osrc corr  11   6 o,n=   0.00442   0.00079
 Src-osrc corr  12   6 o,n=   5.97935   5.97919
 Src-osrc corr  15   6 o,n=   0.01271   0.00079
 Src-osrc corr  16   6 o,n=   0.37147   0.37345
 Src-osrc corr  11   7 o,n=   0.00079   0.04511
 Src-osrc corr  12   7 o,n=   5.97919   6.07005
 Src-osrc corr  15   7 o,n=   0.00079   0.14081
 Src-osrc corr  16   7 o,n=   0.37345   0.40566
 Src-osrc corr  11   8 o,n=   0.04511   0.02442
 Src-osrc corr  12   8 o,n=   6.07005   6.09473
 Src-osrc corr  15   8 o,n=   0.14081   0.07567
 Src-osrc corr  16   8 o,n=   0.40566   0.44391
 Src-osrc corr  11   9 o,n=   0.02442   0.00093
 Src-osrc corr  12   9 o,n=   6.09473   6.09527
 Src-osrc corr  15   9 o,n=   0.07567   0.00093
 Src-osrc corr  16   9 o,n=   0.44391   0.44482
 Src-osrc corr  12  10 o,n=   6.09527   6.09188
 Src-osrc corr  16  10 o,n=   0.44482   0.64069
 Src-osrc corr  11   1 o,n=   0.00035   0.00034
 Src-osrc corr  13   1 o,n=   0.00010   0.00009
 Src-osrc corr  12   2 o,n=   8.74574   5.98582
 Src-osrc corr  14   2 o,n=   8.71266   5.95958
 Src-osrc corr  11   3 o,n=   0.00034   0.00034
 Src-osrc corr  15   3 o,n=   0.00038   0.00038
 Src-osrc corr  11   4 o,n=   0.00034   0.01008
 Src-osrc corr  12   4 o,n=   5.98582   5.92109
 Src-osrc corr  15   4 o,n=   0.00038   0.03088
 Src-osrc corr  16   4 o,n=   0.04369   0.32123
 Src-osrc corr  11   5 o,n=   0.01008   0.00417
 Src-osrc corr  12   5 o,n=   5.92109   5.91665
 Src-osrc corr  15   5 o,n=   0.03088   0.01250
 Src-osrc corr  16   5 o,n=   0.32123   0.37057
 Src-osrc corr  11   6 o,n=   0.00417   0.00040
 Src-osrc corr  12   6 o,n=   5.91665   5.91649
 Src-osrc corr  15   6 o,n=   0.01250   0.00043
 Src-osrc corr  16   6 o,n=   0.37057   0.37255
 Src-osrc corr  11   7 o,n=   0.00040   0.04487
 Src-osrc corr  12   7 o,n=   5.91649   6.00744
 Src-osrc corr  15   7 o,n=   0.00043   0.14037
 Src-osrc corr  16   7 o,n=   0.37255   0.40516
 Src-osrc corr  11   8 o,n=   0.04487   0.02424
 Src-osrc corr  12   8 o,n=   6.00744   6.03210
 Src-osrc corr  15   8 o,n=   0.14037   0.07541
 Src-osrc corr  16   8 o,n=   0.40516   0.44337
 Src-osrc corr  11   9 o,n=   0.02424   0.00072
 Src-osrc corr  12   9 o,n=   6.03210   6.03264
 Src-osrc corr  15   9 o,n=   0.07541   0.00079
 Src-osrc corr  16   9 o,n=   0.44337   0.44428
 Src-osrc corr  12  10 o,n=   6.03264   6.02961
 Src-osrc corr  16  10 o,n=   0.44428   0.63953
 Src-osrc corr  11   1 o,n=   0.00067   0.00067
 Src-osrc corr  13   1 o,n=   0.00006   0.00005
 Src-osrc corr  12   2 o,n=   8.79473   6.03848
 Src-osrc corr  14   2 o,n=   8.76216   6.01248
 Src-osrc corr  11   3 o,n=   0.00067   0.00067
 Src-osrc corr  15   3 o,n=   0.00072   0.00072
 Src-osrc corr  11   4 o,n=   0.00067   0.01030
 Src-osrc corr  12   4 o,n=   6.03848   5.97473
 Src-osrc corr  15   4 o,n=   0.00072   0.03128
 Src-osrc corr  16   4 o,n=   0.04309   0.32057
 Src-osrc corr  11   5 o,n=   0.01030   0.00436
 Src-osrc corr  12   5 o,n=   5.97473   5.97030
 Src-osrc corr  15   5 o,n=   0.03128   0.01275
 Src-osrc corr  16   5 o,n=   0.32057   0.36980
 Src-osrc corr  11   6 o,n=   0.00436   0.00069
 Src-osrc corr  12   6 o,n=   5.97030   5.97014
 Src-osrc corr  15   6 o,n=   0.01275   0.00074
 Src-osrc corr  16   6 o,n=   0.36980   0.37178
 Src-osrc corr  11   7 o,n=   0.00069   0.04496
 Src-osrc corr  12   7 o,n=   5.97014   6.06207
 Src-osrc corr  15   7 o,n=   0.00074   0.14047
 Src-osrc corr  16   7 o,n=   0.37178   0.40574
 Src-osrc corr  11   8 o,n=   0.04496   0.02433
 Src-osrc corr  12   8 o,n=   6.06207   6.08704
 Src-osrc corr  15   8 o,n=   0.14047   0.07548
 Src-osrc corr  16   8 o,n=   0.40574   0.44436
 Src-osrc corr  11   9 o,n=   0.02433   0.00089
 Src-osrc corr  12   9 o,n=   6.08704   6.08758
 Src-osrc corr  15   9 o,n=   0.07548   0.00095
 Src-osrc corr  16   9 o,n=   0.44436   0.44528
 Src-osrc corr  12  10 o,n=   6.08758   6.08443
 Src-osrc corr  16  10 o,n=   0.44528   0.64000
 Src-osrc corr  11   1 o,n=   0.00070   0.00070
 Src-osrc corr  13   1 o,n=   0.00007   0.00006
 Src-osrc corr  12   2 o,n=   8.79544   6.03902
 Src-osrc corr  14   2 o,n=   8.76287   6.01302
 Src-osrc corr  11   3 o,n=   0.00070   0.00070
 Src-osrc corr  15   3 o,n=   0.00072   0.00072
 Src-osrc corr  11   4 o,n=   0.00070   0.01031
 Src-osrc corr  12   4 o,n=   6.03902   5.97526
 Src-osrc corr  15   4 o,n=   0.00072   0.03129
 Src-osrc corr  16   4 o,n=   0.04310   0.32058
 Src-osrc corr  11   5 o,n=   0.01031   0.00437
 Src-osrc corr  12   5 o,n=   5.97526   5.97083
 Src-osrc corr  15   5 o,n=   0.03129   0.01275
 Src-osrc corr  16   5 o,n=   0.32058   0.36981
 Src-osrc corr  11   6 o,n=   0.00437   0.00071
 Src-osrc corr  12   6 o,n=   5.97083   5.97067
 Src-osrc corr  15   6 o,n=   0.01275   0.00074
 Src-osrc corr  16   6 o,n=   0.36981   0.37178
 Src-osrc corr  11   7 o,n=   0.00071   0.04497
 Src-osrc corr  12   7 o,n=   5.97067   6.06260
 Src-osrc corr  15   7 o,n=   0.00074   0.14047
 Src-osrc corr  16   7 o,n=   0.37178   0.40575
 Src-osrc corr  11   8 o,n=   0.04497   0.02433
 Src-osrc corr  12   8 o,n=   6.06260   6.08756
 Src-osrc corr  15   8 o,n=   0.14047   0.07548
 Src-osrc corr  16   8 o,n=   0.40575   0.44438
 Src-osrc corr  11   9 o,n=   0.02433   0.00091
 Src-osrc corr  12   9 o,n=   6.08756   6.08811
 Src-osrc corr  15   9 o,n=   0.07548   0.00096
 Src-osrc corr  16   9 o,n=   0.44438   0.44529
 Src-osrc corr  12  10 o,n=   6.08811   6.08495
 Src-osrc corr  16  10 o,n=   0.44529   0.64002
 Src-osrc corr  11   1 o,n=   0.00065   0.00066
 Src-osrc corr  13   1 o,n=   0.00008   0.00007
 Src-osrc corr  12   2 o,n=   8.79343   6.03705
 Src-osrc corr  14   2 o,n=   8.76085   6.01104
 Src-osrc corr  11   3 o,n=   0.00066   0.00066
 Src-osrc corr  15   3 o,n=   0.00072   0.00072
 Src-osrc corr  11   4 o,n=   0.00066   0.01029
 Src-osrc corr  12   4 o,n=   6.03705   5.97330
 Src-osrc corr  15   4 o,n=   0.00072   0.03128
 Src-osrc corr  16   4 o,n=   0.04309   0.32058
 Src-osrc corr  11   5 o,n=   0.01029   0.00435
 Src-osrc corr  12   5 o,n=   5.97330   5.96888
 Src-osrc corr  15   5 o,n=   0.03128   0.01275
 Src-osrc corr  16   5 o,n=   0.32058   0.36981
 Src-osrc corr  11   6 o,n=   0.00435   0.00068
 Src-osrc corr  12   6 o,n=   5.96888   5.96872
 Src-osrc corr  15   6 o,n=   0.01275   0.00074
 Src-osrc corr  16   6 o,n=   0.36981   0.37178
 Src-osrc corr  11   7 o,n=   0.00068   0.04496
 Src-osrc corr  12   7 o,n=   5.96872   6.06065
 Src-osrc corr  15   7 o,n=   0.00074   0.14047
 Src-osrc corr  16   7 o,n=   0.37178   0.40576
 Src-osrc corr  11   8 o,n=   0.04496   0.02432
 Src-osrc corr  12   8 o,n=   6.06065   6.08562
 Src-osrc corr  15   8 o,n=   0.14047   0.07548
 Src-osrc corr  16   8 o,n=   0.40576   0.44440
 Src-osrc corr  11   9 o,n=   0.02432   0.00088
 Src-osrc corr  12   9 o,n=   6.08562   6.08616
 Src-osrc corr  15   9 o,n=   0.07548   0.00095
 Src-osrc corr  16   9 o,n=   0.44440   0.44531
 Src-osrc corr  12  10 o,n=   6.08616   6.08301
 Src-osrc corr  16  10 o,n=   0.44531   0.64003
 Reaction Xsec     5.0+/ 6 @ 2 =    25.213 , Out:   0.000#   0.357    0.901    0.894    0.015/  23.061f

 Total SPIN, PARITY =     5.0 -,     14 chs,     14 cc.  Rmin & Coul turning =    0.8    5.5
 Src-osrc corr   9   1 o,n=   8.92916   6.84785
 Src-osrc corr  10   1 o,n=   8.45242   6.56717
 Src-osrc corr  11   1 o,n=   8.88655   6.82126
 Src-osrc corr  12   1 o,n=   8.33477   6.45936
 Src-osrc corr   9   2 o,n=   6.84785   6.81042
 Src-osrc corr  10   2 o,n=   6.56717   6.35829
 Src-osrc corr  13   2 o,n=   0.09740   0.20525
 Src-osrc corr  14   2 o,n=   0.12899   0.70708
 Src-osrc corr   9   3 o,n=   6.81042   6.80471
 Src-osrc corr  10   3 o,n=   6.35829   6.32421
 Src-osrc corr  13   3 o,n=   0.20525   0.22761
 Src-osrc corr  14   3 o,n=   0.70708   0.90528
 Src-osrc corr   9   4 o,n=   6.80471   6.79114
 Src-osrc corr  10   4 o,n=   6.32421   6.34237
 Src-osrc corr  13   4 o,n=   0.22761   0.26232
 Src-osrc corr  14   4 o,n=   0.90528   0.88093
 Src-osrc corr   9   5 o,n=   6.79114   6.85773
 Src-osrc corr  10   5 o,n=   6.34237   6.43940
 Src-osrc corr  13   5 o,n=   0.26232   0.30715
 Src-osrc corr  14   5 o,n=   0.88093   0.77671
 Src-osrc corr   9   6 o,n=   6.85773   6.86787
 Src-osrc corr  10   6 o,n=   6.43940   6.51815
 Src-osrc corr  13   6 o,n=   0.30715   0.34537
 Src-osrc corr  14   6 o,n=   0.77671   0.80746
 Src-osrc corr   9   7 o,n=   6.86787   6.95327
 Src-osrc corr  10   7 o,n=   6.51815   6.52000
 Src-osrc corr  13   7 o,n=   0.34537   0.45390
 Src-osrc corr  14   7 o,n=   0.80746   0.89465
 Src-osrc corr   9   8 o,n=   6.95327   7.30139
 Src-osrc corr  10   8 o,n=   6.52000   6.58504
 Src-osrc corr  13   8 o,n=   0.45390   4.65970
 Src-osrc corr  14   8 o,n=   0.89465   1.53312
 Src-osrc corr   9   1 o,n=   8.92916   6.84785
 Src-osrc corr  10   1 o,n=   8.45242   6.56717
 Src-osrc corr  11   1 o,n=   8.88655   6.82126
 Src-osrc corr  12   1 o,n=   8.33477   6.45936
 Src-osrc corr   9   2 o,n=   6.84785   6.81042
 Src-osrc corr  10   2 o,n=   6.56717   6.35829
 Src-osrc corr  13   2 o,n=   0.09740   0.20525
 Src-osrc corr  14   2 o,n=   0.12899   0.70708
 Src-osrc corr   9   3 o,n=   6.81042   6.80471
 Src-osrc corr  10   3 o,n=   6.35829   6.32421
 Src-osrc corr  13   3 o,n=   0.20525   0.22761
 Src-osrc corr  14   3 o,n=   0.70708   0.90528
 Src-osrc corr   9   4 o,n=   6.80471   6.79114
 Src-osrc corr  10   4 o,n=   6.32421   6.34237
 Src-osrc corr  13   4 o,n=   0.22761   0.26232
 Src-osrc corr  14   4 o,n=   0.90528   0.88093
 Src-osrc corr   9   5 o,n=   6.79114   6.85773
 Src-osrc corr  10   5 o,n=   6.34237   6.43940
 Src-osrc corr  13   5 o,n=   0.26232   0.30715
 Src-osrc corr  14   5 o,n=   0.88093   0.77671
 Src-osrc corr   9   6 o,n=   6.85773   6.86787
 Src-osrc corr  10   6 o,n=   6.43940   6.51815
 Src-osrc corr  13   6 o,n=   0.30715   0.34537
 Src-osrc corr  14   6 o,n=   0.77671   0.80746
 Src-osrc corr   9   7 o,n=   6.86787   6.95327
 Src-osrc corr  10   7 o,n=   6.51815   6.52000
 Src-osrc corr  13   7 o,n=   0.34537   0.45390
 Src-osrc corr  14   7 o,n=   0.80746   0.89465
 Src-osrc corr   9   8 o,n=   6.95327   7.30139
 Src-osrc corr  10   8 o,n=   6.52000   6.58504
 Src-osrc corr  13   8 o,n=   0.45390   4.65970
 Src-osrc corr  14   8 o,n=   0.89465   1.53312
 Src-osrc corr   9   1 o,n=   8.79100   6.71068
 Src-osrc corr  10   1 o,n=   8.32727   6.44388
 Src-osrc corr  11   1 o,n=   8.74344   6.68024
 Src-osrc corr  12   1 o,n=   8.20341   6.32995
 Src-osrc corr   9   2 o,n=   6.71068   6.67317
 Src-osrc corr  10   2 o,n=   6.44388   6.23407
 Src-osrc corr  13   2 o,n=   0.10702   0.21237
 Src-osrc corr  14   2 o,n=   0.13590   0.70928
 Src-osrc corr   9   3 o,n=   6.67317   6.66744
 Src-osrc corr  10   3 o,n=   6.23407   6.20010
 Src-osrc corr  13   3 o,n=   0.21237   0.23429
 Src-osrc corr  14   3 o,n=   0.70928   0.90794
 Src-osrc corr   9   4 o,n=   6.66744   6.65361
 Src-osrc corr  10   4 o,n=   6.20010   6.21855
 Src-osrc corr  13   4 o,n=   0.23429   0.26784
 Src-osrc corr  14   4 o,n=   0.90794   0.88367
 Src-osrc corr   9   5 o,n=   6.65361   6.72056
 Src-osrc corr  10   5 o,n=   6.21855   6.31634
 Src-osrc corr  13   5 o,n=   0.26784   0.31323
 Src-osrc corr  14   5 o,n=   0.88367   0.77968
 Src-osrc corr   9   6 o,n=   6.72056   6.73067
 Src-osrc corr  10   6 o,n=   6.31634   6.39537
 Src-osrc corr  13   6 o,n=   0.31323   0.35116
 Src-osrc corr  14   6 o,n=   0.77968   0.81229
 Src-osrc corr   9   7 o,n=   6.73067   6.81676
 Src-osrc corr  10   7 o,n=   6.39537   6.39732
 Src-osrc corr  13   7 o,n=   0.35116   0.45674
 Src-osrc corr  14   7 o,n=   0.81229   0.89971
 Src-osrc corr   9   8 o,n=   6.81676   7.16868
 Src-osrc corr  10   8 o,n=   6.39732   6.46326
 Src-osrc corr  13   8 o,n=   0.45674   4.66787
 Src-osrc corr  14   8 o,n=   0.89971   1.53778
 Src-osrc corr   9   1 o,n=   8.88174   6.82729
 Src-osrc corr  10   1 o,n=   8.40590   6.54504
 Src-osrc corr  11   1 o,n=   8.83701   6.79656
 Src-osrc corr  12   1 o,n=   8.28612   6.43361
 Src-osrc corr   9   2 o,n=   6.82729   6.79136
 Src-osrc corr  10   2 o,n=   6.54504   6.34398
 Src-osrc corr  13   2 o,n=   0.09242   0.19664
 Src-osrc corr  14   2 o,n=   0.13103   0.69186
 Src-osrc corr   9   3 o,n=   6.79136   6.78590
 Src-osrc corr  10   3 o,n=   6.34398   6.31123
 Src-osrc corr  13   3 o,n=   0.19664   0.21877
 Src-osrc corr  14   3 o,n=   0.69186   0.88604
 Src-osrc corr   9   4 o,n=   6.78590   6.77213
 Src-osrc corr  10   4 o,n=   6.31123   6.33001
 Src-osrc corr  13   4 o,n=   0.21877   0.25193
 Src-osrc corr  14   4 o,n=   0.88604   0.86331
 Src-osrc corr   9   5 o,n=   6.77213   6.83983
 Src-osrc corr  10   5 o,n=   6.33001   6.43029
 Src-osrc corr  13   5 o,n=   0.25193   0.30979
 Src-osrc corr  14   5 o,n=   0.86331   0.77120
 Src-osrc corr   9   6 o,n=   6.83983   6.85016
 Src-osrc corr  10   6 o,n=   6.43029   6.51127
 Src-osrc corr  13   6 o,n=   0.30979   0.34918
 Src-osrc corr  14   6 o,n=   0.77120   0.81499
 Src-osrc corr   9   7 o,n=   6.85016   6.92954
 Src-osrc corr  10   7 o,n=   6.51127   6.51329
 Src-osrc corr  13   7 o,n=   0.34918   0.44689
 Src-osrc corr  14   7 o,n=   0.81499   0.89927
 Src-osrc corr   9   8 o,n=   6.92954   7.29328
 Src-osrc corr  10   8 o,n=   6.51329   6.57823
 Src-osrc corr  13   8 o,n=   0.44689   4.62763
 Src-osrc corr  14   8 o,n=   0.89927   1.52403
 Src-osrc corr   9   1 o,n=   8.88369   6.82852
 Src-osrc corr  10   1 o,n=   8.40790   6.54637
 Src-osrc corr  11   1 o,n=   8.83909   6.79794
 Src-osrc corr  12   1 o,n=   8.28809   6.43495
 Src-osrc corr   9   2 o,n=   6.82852   6.79258
 Src-osrc corr  10   2 o,n=   6.54637   6.34530
 Src-osrc corr  13   2 o,n=   0.09244   0.19669
 Src-osrc corr  14   2 o,n=   0.13108   0.69177
 Src-osrc corr   9   3 o,n=   6.79258   6.78713
 Src-osrc corr  10   3 o,n=   6.34530   6.31252
 Src-osrc corr  13   3 o,n=   0.19669   0.21881
 Src-osrc corr  14   3 o,n=   0.69177   0.88590
 Src-osrc corr   9   4 o,n=   6.78713   6.77336
 Src-osrc corr  10   4 o,n=   6.31252   6.33130
 Src-osrc corr  13   4 o,n=   0.21881   0.25194
 Src-osrc corr  14   4 o,n=   0.88590   0.86319
 Src-osrc corr   9   5 o,n=   6.77336   6.84103
 Src-osrc corr  10   5 o,n=   6.33130   6.43153
 Src-osrc corr  13   5 o,n=   0.25194   0.30978
 Src-osrc corr  14   5 o,n=   0.86319   0.77113
 Src-osrc corr   9   6 o,n=   6.84103   6.85135
 Src-osrc corr  10   6 o,n=   6.43153   6.51249
 Src-osrc corr  13   6 o,n=   0.30978   0.34914
 Src-osrc corr  14   6 o,n=   0.77113   0.81498
 Src-osrc corr   9   7 o,n=   6.85135   6.93077
 Src-osrc corr  10   7 o,n=   6.51249   6.51449
 Src-osrc corr  13   7 o,n=   0.34914   0.44675
 Src-osrc corr  14   7 o,n=   0.81498   0.89924
 Src-osrc corr   9   8 o,n=   6.93077   7.29398
 Src-osrc corr  10   8 o,n=   6.51449   6.57933
 Src-osrc corr  13   8 o,n=   0.44675   4.62693
 Src-osrc corr  14   8 o,n=   0.89924   1.52387
 Src-osrc corr   9   1 o,n=   8.87347   6.81805
 Src-osrc corr  10   1 o,n=   8.39836   6.53662
 Src-osrc corr  11   1 o,n=   8.82858   6.78719
 Src-osrc corr  12   1 o,n=   8.27851   6.42514
 Src-osrc corr   9   2 o,n=   6.81805   6.78209
 Src-osrc corr  10   2 o,n=   6.53662   6.33550
 Src-osrc corr  13   2 o,n=   0.09248   0.19667
 Src-osrc corr  14   2 o,n=   0.13110   0.69217
 Src-osrc corr   9   3 o,n=   6.78209   6.77663
 Src-osrc corr  10   3 o,n=   6.33550   6.30277
 Src-osrc corr  13   3 o,n=   0.19667   0.21881
 Src-osrc corr  14   3 o,n=   0.69217   0.88644
 Src-osrc corr   9   4 o,n=   6.77663   6.76286
 Src-osrc corr  10   4 o,n=   6.30277   6.32157
 Src-osrc corr  13   4 o,n=   0.21881   0.25200
 Src-osrc corr  14   4 o,n=   0.88644   0.86369
 Src-osrc corr   9   5 o,n=   6.76286   6.83054
 Src-osrc corr  10   5 o,n=   6.32157   6.42187
 Src-osrc corr  13   5 o,n=   0.25200   0.30995
 Src-osrc corr  14   5 o,n=   0.86369   0.77145
 Src-osrc corr   9   6 o,n=   6.83054   6.84087
 Src-osrc corr  10   6 o,n=   6.42187   6.50288
 Src-osrc corr  13   6 o,n=   0.30995   0.34935
 Src-osrc corr  14   6 o,n=   0.77145   0.81531
 Src-osrc corr   9   7 o,n=   6.84087   6.92036
 Src-osrc corr  10   7 o,n=   6.50288   6.50492
 Src-osrc corr  13   7 o,n=   0.34935   0.44707
 Src-osrc corr  14   7 o,n=   0.81531   0.89963
 Src-osrc corr   9   8 o,n=   6.92036   7.28440
 Src-osrc corr  10   8 o,n=   6.50492   6.56997
 Src-osrc corr  13   8 o,n=   0.44707   4.62991
 Src-osrc corr  14   8 o,n=   0.89963   1.52473
 Src-osrc corr   9   1 o,n=   8.87399   6.81962
 Src-osrc corr  10   1 o,n=   8.39873   6.53794
 Src-osrc corr  11   1 o,n=   8.82922   6.78884
 Src-osrc corr  12   1 o,n=   8.27896   6.42651
 Src-osrc corr   9   2 o,n=   6.81962   6.78371
 Src-osrc corr  10   2 o,n=   6.53794   6.33704
 Src-osrc corr  13   2 o,n=   0.09240   0.19655
 Src-osrc corr  14   2 o,n=   0.13102   0.69162
 Src-osrc corr   9   3 o,n=   6.78371   6.77827
 Src-osrc corr  10   3 o,n=   6.33704   6.30433
 Src-osrc corr  13   3 o,n=   0.19655   0.21867
 Src-osrc corr  14   3 o,n=   0.69162   0.88573
 Src-osrc corr   9   4 o,n=   6.77827   6.76449
 Src-osrc corr  10   4 o,n=   6.30433   6.32313
 Src-osrc corr  13   4 o,n=   0.21867   0.25180
 Src-osrc corr  14   4 o,n=   0.88573   0.86303
 Src-osrc corr   9   5 o,n=   6.76449   6.83218
 Src-osrc corr  10   5 o,n=   6.32313   6.42342
 Src-osrc corr  13   5 o,n=   0.25180   0.30985
 Src-osrc corr  14   5 o,n=   0.86303   0.77110
 Src-osrc corr   9   6 o,n=   6.83218   6.84252
 Src-osrc corr  10   6 o,n=   6.42342   6.50442
 Src-osrc corr  13   6 o,n=   0.30985   0.34924
 Src-osrc corr  14   6 o,n=   0.77110   0.81511
 Src-osrc corr   9   7 o,n=   6.84252   6.92183
 Src-osrc corr  10   7 o,n=   6.50442   6.50645
 Src-osrc corr  13   7 o,n=   0.34924   0.44671
 Src-osrc corr  14   7 o,n=   0.81511   0.89935
 Src-osrc corr   9   8 o,n=   6.92183   7.28574
 Src-osrc corr  10   8 o,n=   6.50645   6.57142
 Src-osrc corr  13   8 o,n=   0.44671   4.62682
 Src-osrc corr  14   8 o,n=   0.89935   1.52386
 Reaction Xsec     5.0-/ 5 @ 1 =    72.336 , Out:   0.000#   1.109    1.825    1.789    0.269/  67.613f

 Total SPIN, PARITY =     6.0 +,     14 chs,     14 cc.  Rmin & Coul turning =    0.9    6.4
 Src-osrc corr   9   1 o,n=   6.43805   4.40585
 Src-osrc corr  10   1 o,n=   6.03679   4.15300
 Src-osrc corr  11   1 o,n=   6.43728   4.40872
 Src-osrc corr  12   1 o,n=   6.01244   4.13377
 Src-osrc corr   9   2 o,n=   4.40585   4.39414
 Src-osrc corr  10   2 o,n=   4.15300   4.08715
 Src-osrc corr  13   2 o,n=   0.01817   0.05724
 Src-osrc corr  14   2 o,n=   0.03137   0.23412
 Src-osrc corr   9   3 o,n=   4.39414   4.39294
 Src-osrc corr  10   3 o,n=   4.08715   4.07974
 Src-osrc corr  13   3 o,n=   0.05724   0.06250
 Src-osrc corr  14   3 o,n=   0.23412   0.28411
 Src-osrc corr   9   4 o,n=   4.39294   4.38860
 Src-osrc corr  10   4 o,n=   4.07974   4.08544
 Src-osrc corr  13   4 o,n=   0.06250   0.06730
 Src-osrc corr  14   4 o,n=   0.28411   0.28197
 Src-osrc corr   9   5 o,n=   4.38860   4.41388
 Src-osrc corr  10   5 o,n=   4.08544   4.13177
 Src-osrc corr  13   5 o,n=   0.06730   0.12483
 Src-osrc corr  14   5 o,n=   0.28197   0.28446
 Src-osrc corr   9   6 o,n=   4.41388   4.41661
 Src-osrc corr  10   6 o,n=   4.13177   4.15860
 Src-osrc corr  13   6 o,n=   0.12483   0.13645
 Src-osrc corr  14   6 o,n=   0.28446   0.32009
 Src-osrc corr   9   7 o,n=   4.41661   4.43891
 Src-osrc corr  10   7 o,n=   4.15860   4.15693
 Src-osrc corr  13   7 o,n=   0.13645   0.13215
 Src-osrc corr  14   7 o,n=   0.32009   0.33680
 Src-osrc corr   9   8 o,n=   4.43891   4.44407
 Src-osrc corr  10   8 o,n=   4.15693   4.15642
 Src-osrc corr  13   8 o,n=   0.13215   1.51983
 Src-osrc corr  14   8 o,n=   0.33680   0.54666
 Src-osrc corr   9   1 o,n=   6.43805   4.40585
 Src-osrc corr  10   1 o,n=   6.03679   4.15300
 Src-osrc corr  11   1 o,n=   6.43728   4.40872
 Src-osrc corr  12   1 o,n=   6.01244   4.13377
 Src-osrc corr   9   2 o,n=   4.40585   4.39414
 Src-osrc corr  10   2 o,n=   4.15300   4.08715
 Src-osrc corr  13   2 o,n=   0.01817   0.05724
 Src-osrc corr  14   2 o,n=   0.03137   0.23412
 Src-osrc corr   9   3 o,n=   4.39414   4.39294
 Src-osrc corr  10   3 o,n=   4.08715   4.07974
 Src-osrc corr  13   3 o,n=   0.05724   0.06250
 Src-osrc corr  14   3 o,n=   0.23412   0.28411
 Src-osrc corr   9   4 o,n=   4.39294   4.38860
 Src-osrc corr  10   4 o,n=   4.07974   4.08544
 Src-osrc corr  13   4 o,n=   0.06250   0.06730
 Src-osrc corr  14   4 o,n=   0.28411   0.28197
 Src-osrc corr   9   5 o,n=   4.38860   4.41388
 Src-osrc corr  10   5 o,n=   4.08544   4.13177
 Src-osrc corr  13   5 o,n=   0.06730   0.12483
 Src-osrc corr  14   5 o,n=   0.28197   0.28446
 Src-osrc corr   9   6 o,n=   4.41388   4.41661
 Src-osrc corr  10   6 o,n=   4.13177   4.15860
 Src-osrc corr  13   6 o,n=   0.12483   0.13645
 Src-osrc corr  14   6 o,n=   0.28446   0.32009
 Src-osrc corr   9   7 o,n=   4.41661   4.43891
 Src-osrc corr  10   7 o,n=   4.15860   4.15693
 Src-osrc corr  13   7 o,n=   0.13645   0.13215
 Src-osrc corr  14   7 o,n=   0.32009   0.33680
 Src-osrc corr   9   8 o,n=   4.43891   4.44407
 Src-osrc corr  10   8 o,n=   4.15693   4.15642
 Src-osrc corr  13   8 o,n=   0.13215   1.51983
 Src-osrc corr  14   8 o,n=   0.33680   0.54666
 Src-osrc corr   9   1 o,n=   6.39446   4.36542
 Src-osrc corr  10   1 o,n=   5.99681   4.11605
 Src-osrc corr  11   1 o,n=   6.39373   4.36844
 Src-osrc corr  12   1 o,n=   5.97199   4.09641
 Src-osrc corr   9   2 o,n=   4.36542   4.35371
 Src-osrc corr  10   2 o,n=   4.11605   4.05026
 Src-osrc corr  13   2 o,n=   0.01892   0.05757
 Src-osrc corr  14   2 o,n=   0.03198   0.23353
 Src-osrc corr   9   3 o,n=   4.35371   4.35251
 Src-osrc corr  10   3 o,n=   4.05026   4.04285
 Src-osrc corr  13   3 o,n=   0.05757   0.06280
 Src-osrc corr  14   3 o,n=   0.23353   0.28342
 Src-osrc corr   9   4 o,n=   4.35251   4.34817
 Src-osrc corr  10   4 o,n=   4.04285   4.04856
 Src-osrc corr  13   4 o,n=   0.06280   0.06752
 Src-osrc corr  14   4 o,n=   0.28342   0.28131
 Src-osrc corr   9   5 o,n=   4.34817   4.37341
 Src-osrc corr  10   5 o,n=   4.04856   4.09487
 Src-osrc corr  13   5 o,n=   0.06752   0.12500
 Src-osrc corr  14   5 o,n=   0.28131   0.28414
 Src-osrc corr   9   6 o,n=   4.37341   4.37612
 Src-osrc corr  10   6 o,n=   4.09487   4.12166
 Src-osrc corr  13   6 o,n=   0.12500   0.13659
 Src-osrc corr  14   6 o,n=   0.28414   0.31977
 Src-osrc corr   9   7 o,n=   4.37612   4.39846
 Src-osrc corr  10   7 o,n=   4.12166   4.11999
 Src-osrc corr  13   7 o,n=   0.13659   0.13215
 Src-osrc corr  14   7 o,n=   0.31977   0.33644
 Src-osrc corr   9   8 o,n=   4.39846   4.40397
 Src-osrc corr  10   8 o,n=   4.11999   4.11959
 Src-osrc corr  13   8 o,n=   0.13215   1.51573
 Src-osrc corr  14   8 o,n=   0.33644   0.54551
 Src-osrc corr   9   1 o,n=   6.42458   4.39981
 Src-osrc corr  10   1 o,n=   6.02405   4.14716
 Src-osrc corr  11   1 o,n=   6.42356   4.40223
 Src-osrc corr  12   1 o,n=   5.99955   4.12761
 Src-osrc corr   9   2 o,n=   4.39981   4.38830
 Src-osrc corr  10   2 o,n=   4.14716   4.08243
 Src-osrc corr  13   2 o,n=   0.01752   0.05637
 Src-osrc corr  14   2 o,n=   0.03145   0.23247
 Src-osrc corr   9   3 o,n=   4.38830   4.38712
 Src-osrc corr  10   3 o,n=   4.08243   4.07515
 Src-osrc corr  13   3 o,n=   0.05637   0.06160
 Src-osrc corr  14   3 o,n=   0.23247   0.28214
 Src-osrc corr   9   4 o,n=   4.38712   4.38267
 Src-osrc corr  10   4 o,n=   4.07515   4.08093
 Src-osrc corr  13   4 o,n=   0.06160   0.06622
 Src-osrc corr  14   4 o,n=   0.28214   0.28015
 Src-osrc corr   9   5 o,n=   4.38267   4.40848
 Src-osrc corr  10   5 o,n=   4.08093   4.12798
 Src-osrc corr  13   5 o,n=   0.06622   0.12519
 Src-osrc corr  14   5 o,n=   0.28015   0.28447
 Src-osrc corr   9   6 o,n=   4.40848   4.41125
 Src-osrc corr  10   6 o,n=   4.12798   4.15522
 Src-osrc corr  13   6 o,n=   0.12519   0.13695
 Src-osrc corr  14   6 o,n=   0.28447   0.32081
 Src-osrc corr   9   7 o,n=   4.41125   4.43295
 Src-osrc corr  10   7 o,n=   4.15522   4.15356
 Src-osrc corr  13   7 o,n=   0.13695   0.13308
 Src-osrc corr  14   7 o,n=   0.32081   0.33728
 Src-osrc corr   9   8 o,n=   4.43295   4.44100
 Src-osrc corr  10   8 o,n=   4.15356   4.15316
 Src-osrc corr  13   8 o,n=   0.13308   1.51775
 Src-osrc corr  14   8 o,n=   0.33728   0.54560
 Src-osrc corr   9   1 o,n=   6.42492   4.40008
 Src-osrc corr  10   1 o,n=   6.02437   4.14742
 Src-osrc corr  11   1 o,n=   6.42391   4.40250
 Src-osrc corr  12   1 o,n=   5.99988   4.12787
 Src-osrc corr   9   2 o,n=   4.40008   4.38857
 Src-osrc corr  10   2 o,n=   4.14742   4.08269
 Src-osrc corr  13   2 o,n=   0.01752   0.05637
 Src-osrc corr  14   2 o,n=   0.03145   0.23247
 Src-osrc corr   9   3 o,n=   4.38857   4.38739
 Src-osrc corr  10   3 o,n=   4.08269   4.07540
 Src-osrc corr  13   3 o,n=   0.05637   0.06160
 Src-osrc corr  14   3 o,n=   0.23247   0.28213
 Src-osrc corr   9   4 o,n=   4.38739   4.38295
 Src-osrc corr  10   4 o,n=   4.07540   4.08118
 Src-osrc corr  13   4 o,n=   0.06160   0.06622
 Src-osrc corr  14   4 o,n=   0.28213   0.28015
 Src-osrc corr   9   5 o,n=   4.38295   4.40875
 Src-osrc corr  10   5 o,n=   4.08118   4.12823
 Src-osrc corr  13   5 o,n=   0.06622   0.12519
 Src-osrc corr  14   5 o,n=   0.28015   0.28446
 Src-osrc corr   9   6 o,n=   4.40875   4.41152
 Src-osrc corr  10   6 o,n=   4.12823   4.15547
 Src-osrc corr  13   6 o,n=   0.12519   0.13695
 Src-osrc corr  14   6 o,n=   0.28446   0.32081
 Src-osrc corr   9   7 o,n=   4.41152   4.43322
 Src-osrc corr  10   7 o,n=   4.15547   4.15380
 Src-osrc corr  13   7 o,n=   0.13695   0.13308
 Src-osrc corr  14   7 o,n=   0.32081   0.33728
 Src-osrc corr   9   8 o,n=   4.43322   4.44125
 Src-osrc corr  10   8 o,n=   4.15380   4.15340
 Src-osrc corr  13   8 o,n=   0.13308   1.51774
 Src-osrc corr  14   8 o,n=   0.33728   0.54560
 Src-osrc corr   9   1 o,n=   6.42384   4.39892
 Src-osrc corr  10   1 o,n=   6.02337   4.14635
 Src-osrc corr  11   1 o,n=   6.42282   4.40134
 Src-osrc corr  12   1 o,n=   5.99888   4.12679
 Src-osrc corr   9   2 o,n=   4.39892   4.38741
 Src-osrc corr  10   2 o,n=   4.14635   4.08161
 Src-osrc corr  13   2 o,n=   0.01753   0.05637
 Src-osrc corr  14   2 o,n=   0.03145   0.23248
 Src-osrc corr   9   3 o,n=   4.38741   4.38623
 Src-osrc corr  10   3 o,n=   4.08161   4.07433
 Src-osrc corr  13   3 o,n=   0.05637   0.06160
 Src-osrc corr  14   3 o,n=   0.23248   0.28215
 Src-osrc corr   9   4 o,n=   4.38623   4.38179
 Src-osrc corr  10   4 o,n=   4.07433   4.08011
 Src-osrc corr  13   4 o,n=   0.06160   0.06622
 Src-osrc corr  14   4 o,n=   0.28215   0.28017
 Src-osrc corr   9   5 o,n=   4.38179   4.40758
 Src-osrc corr  10   5 o,n=   4.08011   4.12716
 Src-osrc corr  13   5 o,n=   0.06622   0.12520
 Src-osrc corr  14   5 o,n=   0.28017   0.28449
 Src-osrc corr   9   6 o,n=   4.40758   4.41036
 Src-osrc corr  10   6 o,n=   4.12716   4.15440
 Src-osrc corr  13   6 o,n=   0.12520   0.13696
 Src-osrc corr  14   6 o,n=   0.28449   0.32084
 Src-osrc corr   9   7 o,n=   4.41036   4.43206
 Src-osrc corr  10   7 o,n=   4.15440   4.15274
 Src-osrc corr  13   7 o,n=   0.13696   0.13309
 Src-osrc corr  14   7 o,n=   0.32084   0.33731
 Src-osrc corr   9   8 o,n=   4.43206   4.44010
 Src-osrc corr  10   8 o,n=   4.15274   4.15234
 Src-osrc corr  13   8 o,n=   0.13309   1.51785
 Src-osrc corr  14   8 o,n=   0.33731   0.54564
 Reaction Xsec     6.0+/ 6 @ 1 =    30.529 , Out:   0.000#   0.409    1.061    1.056    0.012/  28.003f

 Total SPIN, PARITY =     6.0 -,     16 chs,     16 cc.  Rmin & Coul turning =    0.9    6.4
 Src-osrc corr  11   1 o,n=  12.23963   9.48657
 Src-osrc corr  13   1 o,n=  12.18045   9.45346
 Src-osrc corr  11   3 o,n=   9.48657   9.43759
 Src-osrc corr  15   3 o,n=   0.14728   0.23217
 Src-osrc corr  11   4 o,n=   9.43759   9.43730
 Src-osrc corr  12   4 o,n=   0.00011   0.01768
 Src-osrc corr  15   4 o,n=   0.23217   0.23298
 Src-osrc corr  16   4 o,n=   0.00011   0.03595
 Src-osrc corr  11   5 o,n=   9.43730   9.43111
 Src-osrc corr  12   5 o,n=   0.01768   0.04715
 Src-osrc corr  15   5 o,n=   0.23298   0.25158
 Src-osrc corr  16   5 o,n=   0.03595   0.09586
 Src-osrc corr  11   6 o,n=   9.43111   9.50470
 Src-osrc corr  12   6 o,n=   0.04715   0.00011
 Src-osrc corr  15   6 o,n=   0.25158   0.44763
 Src-osrc corr  16   6 o,n=   0.09586   0.00011
 Src-osrc corr  11   7 o,n=   9.50470   9.50688
 Src-osrc corr  12   7 o,n=   0.00011   0.00922
 Src-osrc corr  15   7 o,n=   0.44763   0.44562
 Src-osrc corr  16   7 o,n=   0.00011   0.01850
 Src-osrc corr  11   8 o,n=   9.50688   9.54550
 Src-osrc corr  12   8 o,n=   0.00922   0.04817
 Src-osrc corr  15   8 o,n=   0.44562   0.44745
 Src-osrc corr  16   8 o,n=   0.01850   0.09691
 Src-osrc corr  11   9 o,n=   9.54550  10.11365
 Src-osrc corr  12   9 o,n=   0.04817   0.00010
 Src-osrc corr  15   9 o,n=   0.44745   7.03647
 Src-osrc corr  16   9 o,n=   0.09691   0.00010
 Src-osrc corr  11   1 o,n=  12.23963   9.48657
 Src-osrc corr  13   1 o,n=  12.18045   9.45346
 Src-osrc corr  11   3 o,n=   9.48657   9.43759
 Src-osrc corr  15   3 o,n=   0.14728   0.23217
 Src-osrc corr  11   4 o,n=   9.43759   9.43730
 Src-osrc corr  12   4 o,n=   0.00011   0.01768
 Src-osrc corr  15   4 o,n=   0.23217   0.23298
 Src-osrc corr  16   4 o,n=   0.00011   0.03595
 Src-osrc corr  11   5 o,n=   9.43730   9.43111
 Src-osrc corr  12   5 o,n=   0.01768   0.04715
 Src-osrc corr  15   5 o,n=   0.23298   0.25158
 Src-osrc corr  16   5 o,n=   0.03595   0.09586
 Src-osrc corr  11   6 o,n=   9.43111   9.50470
 Src-osrc corr  12   6 o,n=   0.04715   0.00011
 Src-osrc corr  15   6 o,n=   0.25158   0.44763
 Src-osrc corr  16   6 o,n=   0.09586   0.00011
 Src-osrc corr  11   7 o,n=   9.50470   9.50688
 Src-osrc corr  12   7 o,n=   0.00011   0.00922
 Src-osrc corr  15   7 o,n=   0.44763   0.44562
 Src-osrc corr  16   7 o,n=   0.00011   0.01850
 Src-osrc corr  11   8 o,n=   9.50688   9.54550
 Src-osrc corr  12   8 o,n=   0.00922   0.04817
 Src-osrc corr  15   8 o,n=   0.44562   0.44745
 Src-osrc corr  16   8 o,n=   0.01850   0.09691
 Src-osrc corr  11   9 o,n=   9.54550  10.11365
 Src-osrc corr  12   9 o,n=   0.04817   0.00010
 Src-osrc corr  15   9 o,n=   0.44745   7.03647
 Src-osrc corr  16   9 o,n=   0.09691   0.00010
 Src-osrc corr  11   1 o,n=  12.09115   9.32398
 Src-osrc corr  13   1 o,n=  12.02391   9.28615
 Src-osrc corr  12   2 o,n=   0.00047   0.00047
 Src-osrc corr  14   2 o,n=   0.00000   0.00000
 Src-osrc corr  11   3 o,n=   9.32398   9.27427
 Src-osrc corr  15   3 o,n=   0.16909   0.25221
 Src-osrc corr  11   4 o,n=   9.27427   9.27397
 Src-osrc corr  12   4 o,n=   0.00047   0.01807
 Src-osrc corr  15   4 o,n=   0.25221   0.25297
 Src-osrc corr  16   4 o,n=   0.00047   0.03647
 Src-osrc corr  11   5 o,n=   9.27397   9.26756
 Src-osrc corr  12   5 o,n=   0.01807   0.04739
 Src-osrc corr  15   5 o,n=   0.25297   0.27061
 Src-osrc corr  16   5 o,n=   0.03647   0.09642
 Src-osrc corr  11   6 o,n=   9.26756   9.34249
 Src-osrc corr  12   6 o,n=   0.04739   0.00027
 Src-osrc corr  15   6 o,n=   0.27061   0.46046
 Src-osrc corr  16   6 o,n=   0.09642   0.00027
 Src-osrc corr  11   7 o,n=   9.34249   9.34475
 Src-osrc corr  12   7 o,n=   0.00027   0.00939
 Src-osrc corr  15   7 o,n=   0.46046   0.45861
 Src-osrc corr  16   7 o,n=   0.00027   0.01870
 Src-osrc corr  11   8 o,n=   9.34475   9.38425
 Src-osrc corr  12   8 o,n=   0.00939   0.04843
 Src-osrc corr  15   8 o,n=   0.45861   0.45847
 Src-osrc corr  16   8 o,n=   0.01870   0.09739
 Src-osrc corr  11   9 o,n=   9.38425   9.95036
 Src-osrc corr  12   9 o,n=   0.04843   0.00023
 Src-osrc corr  15   9 o,n=   0.45847   7.09049
 Src-osrc corr  16   9 o,n=   0.09739   0.00023
 Src-osrc corr  12  10 o,n=   0.00023   0.00023
 Src-osrc corr  16  10 o,n=   0.00023   0.00023
 Src-osrc corr  11   1 o,n=  12.18414   9.46192
 Src-osrc corr  13   1 o,n=  12.12266   9.42343
 Src-osrc corr  12   2 o,n=   0.00018   0.00018
 Src-osrc corr  14   2 o,n=   0.00000   0.00000
 Src-osrc corr  11   3 o,n=   9.46192   9.41417
 Src-osrc corr  15   3 o,n=   0.13729   0.21809
 Src-osrc corr  11   4 o,n=   9.41417   9.41388
 Src-osrc corr  12   4 o,n=   0.00018   0.01730
 Src-osrc corr  15   4 o,n=   0.21809   0.21884
 Src-osrc corr  16   4 o,n=   0.00018   0.03518
 Src-osrc corr  11   5 o,n=   9.41388   9.40771
 Src-osrc corr  12   5 o,n=   0.01730   0.04624
 Src-osrc corr  15   5 o,n=   0.21884   0.23629
 Src-osrc corr  16   5 o,n=   0.03518   0.09390
 Src-osrc corr  11   6 o,n=   9.40771   9.48057
 Src-osrc corr  12   6 o,n=   0.04624   0.00032
 Src-osrc corr  15   6 o,n=   0.23629   0.45219
 Src-osrc corr  16   6 o,n=   0.09390   0.00032
 Src-osrc corr  11   7 o,n=   9.48057   9.48267
 Src-osrc corr  12   7 o,n=   0.00032   0.00921
 Src-osrc corr  15   7 o,n=   0.45219   0.45045
 Src-osrc corr  16   7 o,n=   0.00032   0.01848
 Src-osrc corr  11   8 o,n=   9.48267   9.52008
 Src-osrc corr  12   8 o,n=   0.00921   0.04800
 Src-osrc corr  15   8 o,n=   0.45045   0.45052
 Src-osrc corr  16   8 o,n=   0.01848   0.09670
 Src-osrc corr  11   9 o,n=   9.52008  10.10197
 Src-osrc corr  12   9 o,n=   0.04800   0.00048
 Src-osrc corr  15   9 o,n=   0.45052   6.99498
 Src-osrc corr  16   9 o,n=   0.09670   0.00048
 Src-osrc corr  12  10 o,n=   0.00048   0.00048
 Src-osrc corr  16  10 o,n=   0.00048   0.00048
 Src-osrc corr  11   1 o,n=  12.18771   9.46470
 Src-osrc corr  13   1 o,n=  12.12666   9.42670
 Src-osrc corr  12   2 o,n=   0.00018   0.00018
 Src-osrc corr  14   2 o,n=   0.00000   0.00000
 Src-osrc corr  11   3 o,n=   9.46470   9.41700
 Src-osrc corr  15   3 o,n=   0.13733   0.21822
 Src-osrc corr  11   4 o,n=   9.41700   9.41671
 Src-osrc corr  12   4 o,n=   0.00018   0.01729
 Src-osrc corr  15   4 o,n=   0.21822   0.21897
 Src-osrc corr  16   4 o,n=   0.00017   0.03515
 Src-osrc corr  11   5 o,n=   9.41671   9.41055
 Src-osrc corr  12   5 o,n=   0.01729   0.04620
 Src-osrc corr  15   5 o,n=   0.21897   0.23638
 Src-osrc corr  16   5 o,n=   0.03515   0.09382
 Src-osrc corr  11   6 o,n=   9.41055   9.48330
 Src-osrc corr  12   6 o,n=   0.04620   0.00032
 Src-osrc corr  15   6 o,n=   0.23638   0.45180
 Src-osrc corr  16   6 o,n=   0.09382   0.00032
 Src-osrc corr  11   7 o,n=   9.48330   9.48540
 Src-osrc corr  12   7 o,n=   0.00032   0.00920
 Src-osrc corr  15   7 o,n=   0.45180   0.45006
 Src-osrc corr  16   7 o,n=   0.00032   0.01847
 Src-osrc corr  11   8 o,n=   9.48540   9.52279
 Src-osrc corr  12   8 o,n=   0.00920   0.04796
 Src-osrc corr  15   8 o,n=   0.45006   0.45002
 Src-osrc corr  16   8 o,n=   0.01847   0.09662
 Src-osrc corr  11   9 o,n=   9.52279  10.10335
 Src-osrc corr  12   9 o,n=   0.04796   0.00048
 Src-osrc corr  15   9 o,n=   0.45002   6.98988
 Src-osrc corr  16   9 o,n=   0.09662   0.00048
 Src-osrc corr  12  10 o,n=   0.00048   0.00048
 Src-osrc corr  16  10 o,n=   0.00048   0.00048
 Src-osrc corr  11   1 o,n=  12.17556   9.45147
 Src-osrc corr  13   1 o,n=  12.11363   9.41256
 Src-osrc corr  12   2 o,n=   0.00018   0.00018
 Src-osrc corr  14   2 o,n=   0.00001   0.00001
 Src-osrc corr  11   3 o,n=   9.45147   9.40370
 Src-osrc corr  15   3 o,n=   0.13738   0.21807
 Src-osrc corr  11   4 o,n=   9.40370   9.40341
 Src-osrc corr  12   4 o,n=   0.00018   0.01730
 Src-osrc corr  15   4 o,n=   0.21807   0.21882
 Src-osrc corr  16   4 o,n=   0.00019   0.03519
 Src-osrc corr  11   5 o,n=   9.40341   9.39724
 Src-osrc corr  12   5 o,n=   0.01730   0.04627
 Src-osrc corr  15   5 o,n=   0.21882   0.23627
 Src-osrc corr  16   5 o,n=   0.03519   0.09396
 Src-osrc corr  11   6 o,n=   9.39724   9.46999
 Src-osrc corr  12   6 o,n=   0.04627   0.00032
 Src-osrc corr  15   6 o,n=   0.23627   0.45245
 Src-osrc corr  16   6 o,n=   0.09396   0.00032
 Src-osrc corr  11   7 o,n=   9.46999   9.47210
 Src-osrc corr  12   7 o,n=   0.00032   0.00921
 Src-osrc corr  15   7 o,n=   0.45245   0.45070
 Src-osrc corr  16   7 o,n=   0.00032   0.01849
 Src-osrc corr  11   8 o,n=   9.47210   9.50957
 Src-osrc corr  12   8 o,n=   0.00921   0.04803
 Src-osrc corr  15   8 o,n=   0.45070   0.45073
 Src-osrc corr  16   8 o,n=   0.01849   0.09675
 Src-osrc corr  11   9 o,n=   9.50957  10.09182
 Src-osrc corr  12   9 o,n=   0.04803   0.00047
 Src-osrc corr  15   9 o,n=   0.45073   6.99981
 Src-osrc corr  16   9 o,n=   0.09675   0.00048
 Src-osrc corr  12  10 o,n=   0.00047   0.00047
 Src-osrc corr  16  10 o,n=   0.00048   0.00048
 Src-osrc corr  11   1 o,n=  12.17456   9.45232
 Src-osrc corr  13   1 o,n=  12.11299   9.41372
 Src-osrc corr  12   2 o,n=   0.00018   0.00018
 Src-osrc corr  14   2 o,n=   0.00000   0.00000
 Src-osrc corr  11   3 o,n=   9.45232   9.40461
 Src-osrc corr  15   3 o,n=   0.13725   0.21797
 Src-osrc corr  11   4 o,n=   9.40461   9.40432
 Src-osrc corr  12   4 o,n=   0.00018   0.01729
 Src-osrc corr  15   4 o,n=   0.21797   0.21872
 Src-osrc corr  16   4 o,n=   0.00018   0.03516
 Src-osrc corr  11   5 o,n=   9.40432   9.39815
 Src-osrc corr  12   5 o,n=   0.01729   0.04622
 Src-osrc corr  15   5 o,n=   0.21872   0.23614
 Src-osrc corr  16   5 o,n=   0.03516   0.09386
 Src-osrc corr  11   6 o,n=   9.39815   9.47091
 Src-osrc corr  12   6 o,n=   0.04622   0.00032
 Src-osrc corr  15   6 o,n=   0.23614   0.45212
 Src-osrc corr  16   6 o,n=   0.09386   0.00032
 Src-osrc corr  11   7 o,n=   9.47091   9.47301
 Src-osrc corr  12   7 o,n=   0.00032   0.00921
 Src-osrc corr  15   7 o,n=   0.45212   0.45038
 Src-osrc corr  16   7 o,n=   0.00032   0.01848
 Src-osrc corr  11   8 o,n=   9.47301   9.51041
 Src-osrc corr  12   8 o,n=   0.00921   0.04799
 Src-osrc corr  15   8 o,n=   0.45038   0.45035
 Src-osrc corr  16   8 o,n=   0.01848   0.09667
 Src-osrc corr  11   9 o,n=   9.51041  10.09225
 Src-osrc corr  12   9 o,n=   0.04799   0.00048
 Src-osrc corr  15   9 o,n=   0.45035   6.99322
 Src-osrc corr  16   9 o,n=   0.09667   0.00048
 Src-osrc corr  12  10 o,n=   0.00048   0.00048
 Src-osrc corr  16  10 o,n=   0.00048   0.00048
 Reaction Xsec     6.0-/ 5 @ 1 =    87.498 , Out:   0.000#   1.242    2.123    2.097    0.229/  82.035f
 Src-osrc corr  12   2 o,n=   5.46478   3.28566
 Src-osrc corr  14   2 o,n=   5.46261   3.28547
 Src-osrc corr  11   4 o,n=   0.00008   0.00264
 Src-osrc corr  12   4 o,n=   3.28566   3.26951
 Src-osrc corr  15   4 o,n=   0.00008   0.00847
 Src-osrc corr  16   4 o,n=   0.00891   0.09374
 Src-osrc corr  11   5 o,n=   0.00264   0.00083
 Src-osrc corr  12   5 o,n=   3.26951   3.26853
 Src-osrc corr  15   5 o,n=   0.00847   0.00266
 Src-osrc corr  16   5 o,n=   0.09374   0.10431
 Src-osrc corr  11   6 o,n=   0.00083   0.00007
 Src-osrc corr  12   6 o,n=   3.26853   3.26851
 Src-osrc corr  15   6 o,n=   0.00266   0.00007
 Src-osrc corr  16   6 o,n=   0.10431   0.10462
 Src-osrc corr  11   7 o,n=   0.00007   0.01159
 Src-osrc corr  12   7 o,n=   3.26851   3.29498
 Src-osrc corr  15   7 o,n=   0.00007   0.03607
 Src-osrc corr  16   7 o,n=   0.10462   0.11680
 Src-osrc corr  11   8 o,n=   0.01159   0.00509
 Src-osrc corr  12   8 o,n=   3.29498   3.30083
 Src-osrc corr  15   8 o,n=   0.03607   0.01580
 Src-osrc corr  16   8 o,n=   0.11680   0.12692
 Src-osrc corr  11   9 o,n=   0.00509   0.00007
 Src-osrc corr  12   9 o,n=   3.30083   3.30092
 Src-osrc corr  15   9 o,n=   0.01580   0.00007
 Src-osrc corr  16   9 o,n=   0.12692   0.12710
 Src-osrc corr  12  10 o,n=   3.30092   3.29443
 Src-osrc corr  16  10 o,n=   0.12710   0.17809
 Src-osrc corr  12   2 o,n=   5.46478   3.28566
 Src-osrc corr  14   2 o,n=   5.46261   3.28547
 Src-osrc corr  11   4 o,n=   0.00008   0.00264
 Src-osrc corr  12   4 o,n=   3.28566   3.26951
 Src-osrc corr  15   4 o,n=   0.00008   0.00847
 Src-osrc corr  16   4 o,n=   0.00891   0.09374
 Src-osrc corr  11   5 o,n=   0.00264   0.00083
 Src-osrc corr  12   5 o,n=   3.26951   3.26853
 Src-osrc corr  15   5 o,n=   0.00847   0.00266
 Src-osrc corr  16   5 o,n=   0.09374   0.10431
 Src-osrc corr  11   6 o,n=   0.00083   0.00007
 Src-osrc corr  12   6 o,n=   3.26853   3.26851
 Src-osrc corr  15   6 o,n=   0.00266   0.00007
 Src-osrc corr  16   6 o,n=   0.10431   0.10462
 Src-osrc corr  11   7 o,n=   0.00007   0.01159
 Src-osrc corr  12   7 o,n=   3.26851   3.29498
 Src-osrc corr  15   7 o,n=   0.00007   0.03607
 Src-osrc corr  16   7 o,n=   0.10462   0.11680
 Src-osrc corr  11   8 o,n=   0.01159   0.00509
 Src-osrc corr  12   8 o,n=   3.29498   3.30083
 Src-osrc corr  15   8 o,n=   0.03607   0.01580
 Src-osrc corr  16   8 o,n=   0.11680   0.12692
 Src-osrc corr  11   9 o,n=   0.00509   0.00007
 Src-osrc corr  12   9 o,n=   3.30083   3.30092
 Src-osrc corr  15   9 o,n=   0.01580   0.00007
 Src-osrc corr  16   9 o,n=   0.12692   0.12710
 Src-osrc corr  12  10 o,n=   3.30092   3.29443
 Src-osrc corr  16  10 o,n=   0.12710   0.17809
 Src-osrc corr  11   1 o,n=   0.00010   0.00010
 Src-osrc corr  13   1 o,n=   0.00000   0.00000
 Src-osrc corr  12   2 o,n=   5.44886   3.27166
 Src-osrc corr  14   2 o,n=   5.44668   3.27145
 Src-osrc corr  11   3 o,n=   0.00010   0.00010
 Src-osrc corr  15   3 o,n=   0.00010   0.00010
 Src-osrc corr  11   4 o,n=   0.00010   0.00263
 Src-osrc corr  12   4 o,n=   3.27166   3.25558
 Src-osrc corr  15   4 o,n=   0.00010   0.00846
 Src-osrc corr  16   4 o,n=   0.00897   0.09365
 Src-osrc corr  11   5 o,n=   0.00263   0.00083
 Src-osrc corr  12   5 o,n=   3.25558   3.25462
 Src-osrc corr  15   5 o,n=   0.00846   0.00265
 Src-osrc corr  16   5 o,n=   0.09365   0.10421
 Src-osrc corr  11   6 o,n=   0.00083   0.00010
 Src-osrc corr  12   6 o,n=   3.25462   3.25459
 Src-osrc corr  15   6 o,n=   0.00265   0.00010
 Src-osrc corr  16   6 o,n=   0.10421   0.10452
 Src-osrc corr  11   7 o,n=   0.00010   0.01157
 Src-osrc corr  12   7 o,n=   3.25459   3.28109
 Src-osrc corr  15   7 o,n=   0.00010   0.03604
 Src-osrc corr  16   7 o,n=   0.10452   0.11675
 Src-osrc corr  11   8 o,n=   0.01157   0.00509
 Src-osrc corr  12   8 o,n=   3.28109   3.28694
 Src-osrc corr  15   8 o,n=   0.03604   0.01580
 Src-osrc corr  16   8 o,n=   0.11675   0.12687
 Src-osrc corr  11   9 o,n=   0.00509   0.00009
 Src-osrc corr  12   9 o,n=   3.28694   3.28704
 Src-osrc corr  15   9 o,n=   0.01580   0.00010
 Src-osrc corr  16   9 o,n=   0.12687   0.12705
 Src-osrc corr  12  10 o,n=   3.28704   3.28060
 Src-osrc corr  16  10 o,n=   0.12705   0.17797
 Src-osrc corr  11   1 o,n=   0.41482   0.27877
 Src-osrc corr  13   1 o,n=   0.42278   0.28883
 Src-osrc corr  12   2 o,n=   5.46134   3.28462
 Src-osrc corr  14   2 o,n=   5.45918   3.28438
 Src-osrc corr  11   3 o,n=   0.27877   0.27654
 Src-osrc corr  15   3 o,n=   0.01091   0.01691
 Src-osrc corr  11   4 o,n=   0.27654   0.27735
 Src-osrc corr  12   4 o,n=   3.28462   3.26831
 Src-osrc corr  15   4 o,n=   0.01691   0.01773
 Src-osrc corr  16   4 o,n=   0.00891   0.09436
 Src-osrc corr  11   5 o,n=   0.27735   0.27677
 Src-osrc corr  12   5 o,n=   3.26831   3.26859
 Src-osrc corr  15   5 o,n=   0.01773   0.01918
 Src-osrc corr  16   5 o,n=   0.09436   0.10343
 Src-osrc corr  11   6 o,n=   0.27677   0.27793
 Src-osrc corr  12   6 o,n=   3.26859   3.26763
 Src-osrc corr  15   6 o,n=   0.01918   0.05095
 Src-osrc corr  16   6 o,n=   0.10343   0.10460
 Src-osrc corr  11   7 o,n=   0.27793   0.28665
 Src-osrc corr  12   7 o,n=   3.26763   3.29483
 Src-osrc corr  15   7 o,n=   0.05095   0.05124
 Src-osrc corr  16   7 o,n=   0.10460   0.11681
 Src-osrc corr  11   8 o,n=   0.28665   0.28607
 Src-osrc corr  12   8 o,n=   3.29483   3.29761
 Src-osrc corr  15   8 o,n=   0.05124   0.04922
 Src-osrc corr  16   8 o,n=   0.11681   0.12782
 Src-osrc corr  11   9 o,n=   0.28607   0.39244
 Src-osrc corr  12   9 o,n=   3.29761   3.30031
 Src-osrc corr  15   9 o,n=   0.04922   0.61135
 Src-osrc corr  16   9 o,n=   0.12782   0.12723
 Src-osrc corr  12  10 o,n=   3.30031   3.29388
 Src-osrc corr  16  10 o,n=   0.12723   0.17823
 Src-osrc corr  11   1 o,n=   0.41482   0.27877
 Src-osrc corr  13   1 o,n=   0.42278   0.28883
 Src-osrc corr  12   2 o,n=   5.46142   3.28468
 Src-osrc corr  14   2 o,n=   5.45926   3.28444
 Src-osrc corr  11   3 o,n=   0.27877   0.27654
 Src-osrc corr  15   3 o,n=   0.01091   0.01691
 Src-osrc corr  11   4 o,n=   0.27654   0.27735
 Src-osrc corr  12   4 o,n=   3.28468   3.26838
 Src-osrc corr  15   4 o,n=   0.01691   0.01773
 Src-osrc corr  16   4 o,n=   0.00891   0.09436
 Src-osrc corr  11   5 o,n=   0.27735   0.27677
 Src-osrc corr  12   5 o,n=   3.26838   3.26865
 Src-osrc corr  15   5 o,n=   0.01773   0.01918
 Src-osrc corr  16   5 o,n=   0.09436   0.10343
 Src-osrc corr  11   6 o,n=   0.27677   0.27793
 Src-osrc corr  12   6 o,n=   3.26865   3.26769
 Src-osrc corr  15   6 o,n=   0.01918   0.05095
 Src-osrc corr  16   6 o,n=   0.10343   0.10460
 Src-osrc corr  11   7 o,n=   0.27793   0.28665
 Src-osrc corr  12   7 o,n=   3.26769   3.29489
 Src-osrc corr  15   7 o,n=   0.05095   0.05124
 Src-osrc corr  16   7 o,n=   0.10460   0.11681
 Src-osrc corr  11   8 o,n=   0.28665   0.28607
 Src-osrc corr  12   8 o,n=   3.29489   3.29767
 Src-osrc corr  15   8 o,n=   0.05124   0.04922
 Src-osrc corr  16   8 o,n=   0.11681   0.12782
 Src-osrc corr  11   9 o,n=   0.28607   0.39244
 Src-osrc corr  12   9 o,n=   3.29767   3.30038
 Src-osrc corr  15   9 o,n=   0.04922   0.61135
 Src-osrc corr  16   9 o,n=   0.12782   0.12723
 Src-osrc corr  12  10 o,n=   3.30038   3.29394
 Src-osrc corr  16  10 o,n=   0.12723   0.17823
 Src-osrc corr  11   1 o,n=   0.01972   0.01491
 Src-osrc corr  13   1 o,n=   0.01890   0.01453
 Src-osrc corr  12   2 o,n=   5.46119   3.28445
 Src-osrc corr  14   2 o,n=   5.45906   3.28425
 Src-osrc corr  11   3 o,n=   0.01491   0.01478
 Src-osrc corr  15   3 o,n=   0.00200   0.00183
 Src-osrc corr  11   4 o,n=   0.01478   0.01414
 Src-osrc corr  12   4 o,n=   3.28445   3.26848
 Src-osrc corr  15   4 o,n=   0.00183   0.00915
 Src-osrc corr  16   4 o,n=   0.00891   0.09364
 Src-osrc corr  11   5 o,n=   0.01414   0.01422
 Src-osrc corr  12   5 o,n=   3.26848   3.26742
 Src-osrc corr  15   5 o,n=   0.00915   0.00365
 Src-osrc corr  16   5 o,n=   0.09364   0.10463
 Src-osrc corr  11   6 o,n=   0.01422   0.01492
 Src-osrc corr  12   6 o,n=   3.26742   3.26748
 Src-osrc corr  15   6 o,n=   0.00365   0.00334
 Src-osrc corr  16   6 o,n=   0.10463   0.10461
 Src-osrc corr  11   7 o,n=   0.01492   0.02051
 Src-osrc corr  12   7 o,n=   3.26748   3.29415
 Src-osrc corr  15   7 o,n=   0.00334   0.03543
 Src-osrc corr  16   7 o,n=   0.10461   0.11692
 Src-osrc corr  11   8 o,n=   0.02051   0.01474
 Src-osrc corr  12   8 o,n=   3.29415   3.30019
 Src-osrc corr  15   8 o,n=   0.03543   0.01466
 Src-osrc corr  16   8 o,n=   0.11692   0.12698
 Src-osrc corr  11   9 o,n=   0.01474   0.01880
 Src-osrc corr  12   9 o,n=   3.30019   3.30016
 Src-osrc corr  15   9 o,n=   0.01466   0.02319
 Src-osrc corr  16   9 o,n=   0.12698   0.12724
 Src-osrc corr  12  10 o,n=   3.30016   3.29373
 Src-osrc corr  16  10 o,n=   0.12724   0.17824
 Src-osrc corr  11   1 o,n=   0.01144   0.00996
 Src-osrc corr  13   1 o,n=   0.01098   0.00985
 Src-osrc corr  12   2 o,n=   5.46124   3.28452
 Src-osrc corr  14   2 o,n=   5.45908   3.28429
 Src-osrc corr  11   3 o,n=   0.00996   0.01005
 Src-osrc corr  15   3 o,n=   0.00080   0.00110
 Src-osrc corr  11   4 o,n=   0.01005   0.01071
 Src-osrc corr  12   4 o,n=   3.28452   3.26854
 Src-osrc corr  15   4 o,n=   0.00110   0.00873
 Src-osrc corr  16   4 o,n=   0.00891   0.09370
 Src-osrc corr  11   5 o,n=   0.01071   0.00991
 Src-osrc corr  12   5 o,n=   3.26854   3.26749
 Src-osrc corr  15   5 o,n=   0.00873   0.00305
 Src-osrc corr  16   5 o,n=   0.09370   0.10440
 Src-osrc corr  11   6 o,n=   0.00991   0.01026
 Src-osrc corr  12   6 o,n=   3.26749   3.26753
 Src-osrc corr  15   6 o,n=   0.00305   0.00159
 Src-osrc corr  16   6 o,n=   0.10440   0.10460
 Src-osrc corr  11   7 o,n=   0.01026   0.01968
 Src-osrc corr  12   7 o,n=   3.26753   3.29421
 Src-osrc corr  15   7 o,n=   0.00159   0.03616
 Src-osrc corr  16   7 o,n=   0.10460   0.11690
 Src-osrc corr  11   8 o,n=   0.01968   0.01345
 Src-osrc corr  12   8 o,n=   3.29421   3.30018
 Src-osrc corr  15   8 o,n=   0.03616   0.01581
 Src-osrc corr  16   8 o,n=   0.11690   0.12702
 Src-osrc corr  11   9 o,n=   0.01345   0.01121
 Src-osrc corr  12   9 o,n=   3.30018   3.30024
 Src-osrc corr  15   9 o,n=   0.01581   0.00843
 Src-osrc corr  16   9 o,n=   0.12702   0.12722
 Src-osrc corr  12  10 o,n=   3.30024   3.29380
 Src-osrc corr  16  10 o,n=   0.12722   0.17822
 Src-osrc corr  11   1 o,n=   0.01252   0.00888
 Src-osrc corr  13   1 o,n=   0.01049   0.00780
 Src-osrc corr  12   2 o,n=   5.46128   3.28456
 Src-osrc corr  14   2 o,n=   5.45908   3.28429
 Src-osrc corr  11   3 o,n=   0.00888   0.00872
 Src-osrc corr  15   3 o,n=   0.00282   0.00293
 Src-osrc corr  11   4 o,n=   0.00872   0.01016
 Src-osrc corr  12   4 o,n=   3.28456   3.26855
 Src-osrc corr  15   4 o,n=   0.00293   0.00941
 Src-osrc corr  16   4 o,n=   0.00891   0.09379
 Src-osrc corr  11   5 o,n=   0.01016   0.00913
 Src-osrc corr  12   5 o,n=   3.26855   3.26758
 Src-osrc corr  15   5 o,n=   0.00941   0.00404
 Src-osrc corr  16   5 o,n=   0.09379   0.10407
 Src-osrc corr  11   6 o,n=   0.00913   0.00895
 Src-osrc corr  12   6 o,n=   3.26758   3.26755
 Src-osrc corr  15   6 o,n=   0.00404   0.00292
 Src-osrc corr  16   6 o,n=   0.10407   0.10460
 Src-osrc corr  11   7 o,n=   0.00895   0.01978
 Src-osrc corr  12   7 o,n=   3.26755   3.29425
 Src-osrc corr  15   7 o,n=   0.00292   0.03818
 Src-osrc corr  16   7 o,n=   0.10460   0.11688
 Src-osrc corr  11   8 o,n=   0.01978   0.01376
 Src-osrc corr  12   8 o,n=   3.29425   3.30008
 Src-osrc corr  15   8 o,n=   0.03818   0.01848
 Src-osrc corr  16   8 o,n=   0.11688   0.12710
 Src-osrc corr  11   9 o,n=   0.01376   0.01242
 Src-osrc corr  12   9 o,n=   3.30008   3.30025
 Src-osrc corr  15   9 o,n=   0.01848   0.01985
 Src-osrc corr  16   9 o,n=   0.12710   0.12722
 Src-osrc corr  12  10 o,n=   3.30025   3.29382
 Src-osrc corr  16  10 o,n=   0.12722   0.17821
 Src-osrc corr  11   1 o,n=   0.00054   0.00045
 Src-osrc corr  13   1 o,n=   0.00045   0.00038
 Src-osrc corr  12   2 o,n=   5.46125   3.28452
 Src-osrc corr  14   2 o,n=   5.45908   3.28429
 Src-osrc corr  11   3 o,n=   0.00045   0.00045
 Src-osrc corr  15   3 o,n=   0.00011   0.00010
 Src-osrc corr  11   4 o,n=   0.00045   0.00276
 Src-osrc corr  12   4 o,n=   3.28452   3.26852
 Src-osrc corr  15   4 o,n=   0.00010   0.00847
 Src-osrc corr  16   4 o,n=   0.00891   0.09373
 Src-osrc corr  11   5 o,n=   0.00276   0.00102
 Src-osrc corr  12   5 o,n=   3.26852   3.26755
 Src-osrc corr  15   5 o,n=   0.00847   0.00263
 Src-osrc corr  16   5 o,n=   0.09373   0.10430
 Src-osrc corr  11   6 o,n=   0.00102   0.00046
 Src-osrc corr  12   6 o,n=   3.26755   3.26753
 Src-osrc corr  15   6 o,n=   0.00263   0.00013
 Src-osrc corr  16   6 o,n=   0.10430   0.10461
 Src-osrc corr  11   7 o,n=   0.00046   0.01174
 Src-osrc corr  12   7 o,n=   3.26753   3.29422
 Src-osrc corr  15   7 o,n=   0.00013   0.03609
 Src-osrc corr  16   7 o,n=   0.10461   0.11690
 Src-osrc corr  11   8 o,n=   0.01174   0.00526
 Src-osrc corr  12   8 o,n=   3.29422   3.30012
 Src-osrc corr  15   8 o,n=   0.03609   0.01581
 Src-osrc corr  16   8 o,n=   0.11690   0.12706
 Src-osrc corr  11   9 o,n=   0.00526   0.00056
 Src-osrc corr  12   9 o,n=   3.30012   3.30022
 Src-osrc corr  15   9 o,n=   0.01581   0.00075
 Src-osrc corr  16   9 o,n=   0.12706   0.12723
 Src-osrc corr  12  10 o,n=   3.30022   3.29379
 Src-osrc corr  16  10 o,n=   0.12723   0.17823
 Src-osrc corr  11   1 o,n=   0.00081   0.00067
 Src-osrc corr  13   1 o,n=   0.00069   0.00056
 Src-osrc corr  12   2 o,n=   5.46124   3.28452
 Src-osrc corr  14   2 o,n=   5.45908   3.28429
 Src-osrc corr  11   3 o,n=   0.00067   0.00066
 Src-osrc corr  15   3 o,n=   0.00011   0.00010
 Src-osrc corr  11   4 o,n=   0.00066   0.00280
 Src-osrc corr  12   4 o,n=   3.28452   3.26853
 Src-osrc corr  15   4 o,n=   0.00010   0.00848
 Src-osrc corr  16   4 o,n=   0.00891   0.09373
 Src-osrc corr  11   5 o,n=   0.00280   0.00110
 Src-osrc corr  12   5 o,n=   3.26853   3.26755
 Src-osrc corr  15   5 o,n=   0.00848   0.00265
 Src-osrc corr  16   5 o,n=   0.09373   0.10431
 Src-osrc corr  11   6 o,n=   0.00110   0.00067
 Src-osrc corr  12   6 o,n=   3.26755   3.26753
 Src-osrc corr  15   6 o,n=   0.00265   0.00015
 Src-osrc corr  16   6 o,n=   0.10431   0.10461
 Src-osrc corr  11   7 o,n=   0.00067   0.01198
 Src-osrc corr  12   7 o,n=   3.26753   3.29422
 Src-osrc corr  15   7 o,n=   0.00015   0.03606
 Src-osrc corr  16   7 o,n=   0.10461   0.11690
 Src-osrc corr  11   8 o,n=   0.01198   0.00550
 Src-osrc corr  12   8 o,n=   3.29422   3.30012
 Src-osrc corr  15   8 o,n=   0.03606   0.01577
 Src-osrc corr  16   8 o,n=   0.11690   0.12705
 Src-osrc corr  11   9 o,n=   0.00550   0.00077
 Src-osrc corr  12   9 o,n=   3.30012   3.30022
 Src-osrc corr  15   9 o,n=   0.01577   0.00090
 Src-osrc corr  16   9 o,n=   0.12705   0.12723
 Src-osrc corr  12  10 o,n=   3.30022   3.29379
 Src-osrc corr  16  10 o,n=   0.12723   0.17823
 Reaction Xsec     6.0-/ 7 @ 2 =     7.954 , Out:   0.122#   0.062    0.364    0.363    0.536#   7.165f

 Total SPIN, PARITY =     7.0 +,     16 chs,     16 cc.  Rmin & Coul turning =    1.1    7.4
 Src-osrc corr  11   1 o,n=   8.83435   6.05970
 Src-osrc corr  13   1 o,n=   8.83616   6.06707
 Src-osrc corr  11   3 o,n=   6.05970   6.04331
 Src-osrc corr  15   3 o,n=   0.02626   0.05612
 Src-osrc corr  11   4 o,n=   6.04331   6.04325
 Src-osrc corr  12   4 o,n=   0.00001   0.00372
 Src-osrc corr  15   4 o,n=   0.05612   0.05619
 Src-osrc corr  16   4 o,n=   0.00001   0.00755
 Src-osrc corr  11   5 o,n=   6.04325   6.04139
 Src-osrc corr  12   5 o,n=   0.00372   0.01144
 Src-osrc corr  15   5 o,n=   0.05619   0.05870
 Src-osrc corr  16   5 o,n=   0.00755   0.02326
 Src-osrc corr  11   6 o,n=   6.04139   6.06641
 Src-osrc corr  12   6 o,n=   0.01144   0.00001
 Src-osrc corr  15   6 o,n=   0.05870   0.17529
 Src-osrc corr  16   6 o,n=   0.02326   0.00001
 Src-osrc corr  11   7 o,n=   6.06641   6.06691
 Src-osrc corr  12   7 o,n=   0.00001   0.00248
 Src-osrc corr  15   7 o,n=   0.17529   0.17466
 Src-osrc corr  16   7 o,n=   0.00001   0.00499
 Src-osrc corr  11   8 o,n=   6.06691   6.07977
 Src-osrc corr  12   8 o,n=   0.00248   0.01467
 Src-osrc corr  15   8 o,n=   0.17466   0.16639
 Src-osrc corr  16   8 o,n=   0.00499   0.02954
 Src-osrc corr  11   9 o,n=   6.07977   6.09163
 Src-osrc corr  12   9 o,n=   0.01467   0.00001
 Src-osrc corr  15   9 o,n=   0.16639   2.26753
 Src-osrc corr  16   9 o,n=   0.02954   0.00001
 Src-osrc corr  11   1 o,n=   8.83435   6.05970
 Src-osrc corr  13   1 o,n=   8.83616   6.06707
 Src-osrc corr  11   3 o,n=   6.05970   6.04331
 Src-osrc corr  15   3 o,n=   0.02626   0.05612
 Src-osrc corr  11   4 o,n=   6.04331   6.04325
 Src-osrc corr  12   4 o,n=   0.00001   0.00372
 Src-osrc corr  15   4 o,n=   0.05612   0.05619
 Src-osrc corr  16   4 o,n=   0.00001   0.00755
 Src-osrc corr  11   5 o,n=   6.04325   6.04139
 Src-osrc corr  12   5 o,n=   0.00372   0.01144
 Src-osrc corr  15   5 o,n=   0.05619   0.05870
 Src-osrc corr  16   5 o,n=   0.00755   0.02326
 Src-osrc corr  11   6 o,n=   6.04139   6.06641
 Src-osrc corr  12   6 o,n=   0.01144   0.00001
 Src-osrc corr  15   6 o,n=   0.05870   0.17529
 Src-osrc corr  16   6 o,n=   0.02326   0.00001
 Src-osrc corr  11   7 o,n=   6.06641   6.06691
 Src-osrc corr  12   7 o,n=   0.00001   0.00248
 Src-osrc corr  15   7 o,n=   0.17529   0.17466
 Src-osrc corr  16   7 o,n=   0.00001   0.00499
 Src-osrc corr  11   8 o,n=   6.06691   6.07977
 Src-osrc corr  12   8 o,n=   0.00248   0.01467
 Src-osrc corr  15   8 o,n=   0.17466   0.16639
 Src-osrc corr  16   8 o,n=   0.00499   0.02954
 Src-osrc corr  11   9 o,n=   6.07977   6.09163
 Src-osrc corr  12   9 o,n=   0.01467   0.00001
 Src-osrc corr  15   9 o,n=   0.16639   2.26753
 Src-osrc corr  16   9 o,n=   0.02954   0.00001
 Src-osrc corr  11   1 o,n=   8.78388   6.01091
 Src-osrc corr  13   1 o,n=   8.78605   6.01892
 Src-osrc corr  11   3 o,n=   6.01091   5.99453
 Src-osrc corr  15   3 o,n=   0.02783   0.05735
 Src-osrc corr  11   4 o,n=   5.99453   5.99447
 Src-osrc corr  12   4 o,n=   0.00005   0.00374
 Src-osrc corr  15   4 o,n=   0.05735   0.05742
 Src-osrc corr  16   4 o,n=   0.00005   0.00756
 Src-osrc corr  11   5 o,n=   5.99447   5.99261
 Src-osrc corr  12   5 o,n=   0.00374   0.01139
 Src-osrc corr  15   5 o,n=   0.05742   0.05981
 Src-osrc corr  16   5 o,n=   0.00756   0.02318
 Src-osrc corr  11   6 o,n=   5.99261   6.01752
 Src-osrc corr  12   6 o,n=   0.01139   0.00003
 Src-osrc corr  15   6 o,n=   0.05981   0.17586
 Src-osrc corr  16   6 o,n=   0.02318   0.00003
 Src-osrc corr  11   7 o,n=   6.01752   6.01802
 Src-osrc corr  12   7 o,n=   0.00003   0.00250
 Src-osrc corr  15   7 o,n=   0.17586   0.17524
 Src-osrc corr  16   7 o,n=   0.00003   0.00501
 Src-osrc corr  11   8 o,n=   6.01802   6.03094
 Src-osrc corr  12   8 o,n=   0.00250   0.01465
 Src-osrc corr  15   8 o,n=   0.17524   0.16687
 Src-osrc corr  16   8 o,n=   0.00501   0.02949
 Src-osrc corr  11   9 o,n=   6.03094   6.04207
 Src-osrc corr  12   9 o,n=   0.01465   0.00002
 Src-osrc corr  15   9 o,n=   0.16687   2.26167
 Src-osrc corr  16   9 o,n=   0.02949   0.00002
 Src-osrc corr  11   1 o,n=   8.81815   6.05304
 Src-osrc corr  13   1 o,n=   8.81952   6.05961
 Src-osrc corr  12   2 o,n=   0.00002   0.00002
 Src-osrc corr  14   2 o,n=   0.00000   0.00000
 Src-osrc corr  11   3 o,n=   6.05304   6.03682
 Src-osrc corr  15   3 o,n=   0.02474   0.05441
 Src-osrc corr  11   4 o,n=   6.03682   6.03676
 Src-osrc corr  12   4 o,n=   0.00002   0.00368
 Src-osrc corr  15   4 o,n=   0.05441   0.05447
 Src-osrc corr  16   4 o,n=   0.00002   0.00748
 Src-osrc corr  11   5 o,n=   6.03676   6.03488
 Src-osrc corr  12   5 o,n=   0.00368   0.01137
 Src-osrc corr  15   5 o,n=   0.05447   0.05691
 Src-osrc corr  16   5 o,n=   0.00748   0.02309
 Src-osrc corr  11   6 o,n=   6.03488   6.06014
 Src-osrc corr  12   6 o,n=   0.01137   0.00004
 Src-osrc corr  15   6 o,n=   0.05691   0.17601
 Src-osrc corr  16   6 o,n=   0.02309   0.00004
 Src-osrc corr  11   7 o,n=   6.06014   6.06063
 Src-osrc corr  12   7 o,n=   0.00004   0.00247
 Src-osrc corr  15   7 o,n=   0.17601   0.17540
 Src-osrc corr  16   7 o,n=   0.00004   0.00499
 Src-osrc corr  11   8 o,n=   6.06063   6.07330
 Src-osrc corr  12   8 o,n=   0.00247   0.01473
 Src-osrc corr  15   8 o,n=   0.17540   0.16748
 Src-osrc corr  16   8 o,n=   0.00499   0.02966
 Src-osrc corr  11   9 o,n=   6.07330   6.08884
 Src-osrc corr  12   9 o,n=   0.01473   0.00008
 Src-osrc corr  15   9 o,n=   0.16748   2.26380
 Src-osrc corr  16   9 o,n=   0.02966   0.00008
 Src-osrc corr  12  10 o,n=   0.00008   0.00008
 Src-osrc corr  16  10 o,n=   0.00008   0.00008
 Src-osrc corr  11   1 o,n=   8.81839   6.05326
 Src-osrc corr  13   1 o,n=   8.81976   6.05985
 Src-osrc corr  12   2 o,n=   0.00002   0.00002
 Src-osrc corr  14   2 o,n=   0.00000   0.00000
 Src-osrc corr  11   3 o,n=   6.05326   6.03704
 Src-osrc corr  15   3 o,n=   0.02473   0.05440
 Src-osrc corr  11   4 o,n=   6.03704   6.03699
 Src-osrc corr  12   4 o,n=   0.00002   0.00368
 Src-osrc corr  15   4 o,n=   0.05440   0.05447
 Src-osrc corr  16   4 o,n=   0.00002   0.00748
 Src-osrc corr  11   5 o,n=   6.03699   6.03511
 Src-osrc corr  12   5 o,n=   0.00368   0.01137
 Src-osrc corr  15   5 o,n=   0.05447   0.05691
 Src-osrc corr  16   5 o,n=   0.00748   0.02309
 Src-osrc corr  11   6 o,n=   6.03511   6.06036
 Src-osrc corr  12   6 o,n=   0.01137   0.00004
 Src-osrc corr  15   6 o,n=   0.05691   0.17599
 Src-osrc corr  16   6 o,n=   0.02309   0.00004
 Src-osrc corr  11   7 o,n=   6.06036   6.06085
 Src-osrc corr  12   7 o,n=   0.00004   0.00247
 Src-osrc corr  15   7 o,n=   0.17599   0.17538
 Src-osrc corr  16   7 o,n=   0.00004   0.00499
 Src-osrc corr  11   8 o,n=   6.06085   6.07352
 Src-osrc corr  12   8 o,n=   0.00247   0.01473
 Src-osrc corr  15   8 o,n=   0.17538   0.16746
 Src-osrc corr  16   8 o,n=   0.00499   0.02965
 Src-osrc corr  11   9 o,n=   6.07352   6.08904
 Src-osrc corr  12   9 o,n=   0.01473   0.00008
 Src-osrc corr  15   9 o,n=   0.16746   2.26365
 Src-osrc corr  16   9 o,n=   0.02965   0.00008
 Src-osrc corr  12  10 o,n=   0.00008   0.00008
 Src-osrc corr  16  10 o,n=   0.00008   0.00008
 Src-osrc corr  11   1 o,n=   8.81751   6.05209
 Src-osrc corr  13   1 o,n=   8.81885   6.05865
 Src-osrc corr  12   2 o,n=   0.00002   0.00002
 Src-osrc corr  14   2 o,n=   0.00000   0.00000
 Src-osrc corr  11   3 o,n=   6.05209   6.03586
 Src-osrc corr  15   3 o,n=   0.02476   0.05441
 Src-osrc corr  11   4 o,n=   6.03586   6.03580
 Src-osrc corr  12   4 o,n=   0.00002   0.00368
 Src-osrc corr  15   4 o,n=   0.05441   0.05448
 Src-osrc corr  16   4 o,n=   0.00002   0.00748
 Src-osrc corr  11   5 o,n=   6.03580   6.03393
 Src-osrc corr  12   5 o,n=   0.00368   0.01137
 Src-osrc corr  15   5 o,n=   0.05448   0.05692
 Src-osrc corr  16   5 o,n=   0.00748   0.02310
 Src-osrc corr  11   6 o,n=   6.03393   6.05917
 Src-osrc corr  12   6 o,n=   0.01137   0.00004
 Src-osrc corr  15   6 o,n=   0.05692   0.17602
 Src-osrc corr  16   6 o,n=   0.02310   0.00004
 Src-osrc corr  11   7 o,n=   6.05917   6.05966
 Src-osrc corr  12   7 o,n=   0.00004   0.00247
 Src-osrc corr  15   7 o,n=   0.17602   0.17542
 Src-osrc corr  16   7 o,n=   0.00004   0.00499
 Src-osrc corr  11   8 o,n=   6.05966   6.07233
 Src-osrc corr  12   8 o,n=   0.00247   0.01473
 Src-osrc corr  15   8 o,n=   0.17542   0.16750
 Src-osrc corr  16   8 o,n=   0.00499   0.02966
 Src-osrc corr  11   9 o,n=   6.07233   6.08781
 Src-osrc corr  12   9 o,n=   0.01473   0.00008
 Src-osrc corr  15   9 o,n=   0.16750   2.26403
 Src-osrc corr  16   9 o,n=   0.02966   0.00008
 Src-osrc corr  12  10 o,n=   0.00008   0.00008
 Src-osrc corr  16  10 o,n=   0.00008   0.00008
 Src-osrc corr  11   1 o,n=   8.81709   6.05200
 Src-osrc corr  13   1 o,n=   8.81845   6.05857
 Src-osrc corr  12   2 o,n=   0.00002   0.00002
 Src-osrc corr  14   2 o,n=   0.00000   0.00000
 Src-osrc corr  11   3 o,n=   6.05200   6.03578
 Src-osrc corr  15   3 o,n=   0.02473   0.05439
 Src-osrc corr  11   4 o,n=   6.03578   6.03572
 Src-osrc corr  12   4 o,n=   0.00002   0.00368
 Src-osrc corr  15   4 o,n=   0.05439   0.05446
 Src-osrc corr  16   4 o,n=   0.00002   0.00748
 Src-osrc corr  11   5 o,n=   6.03572   6.03385
 Src-osrc corr  12   5 o,n=   0.00368   0.01137
 Src-osrc corr  15   5 o,n=   0.05446   0.05690
 Src-osrc corr  16   5 o,n=   0.00748   0.02309
 Src-osrc corr  11   6 o,n=   6.03385   6.05910
 Src-osrc corr  12   6 o,n=   0.01137   0.00004
 Src-osrc corr  15   6 o,n=   0.05690   0.17602
 Src-osrc corr  16   6 o,n=   0.02309   0.00004
 Src-osrc corr  11   7 o,n=   6.05910   6.05959
 Src-osrc corr  12   7 o,n=   0.00004   0.00247
 Src-osrc corr  15   7 o,n=   0.17602   0.17542
 Src-osrc corr  16   7 o,n=   0.00004   0.00499
 Src-osrc corr  11   8 o,n=   6.05959   6.07226
 Src-osrc corr  12   8 o,n=   0.00247   0.01473
 Src-osrc corr  15   8 o,n=   0.17542   0.16750
 Src-osrc corr  16   8 o,n=   0.00499   0.02966
 Src-osrc corr  11   9 o,n=   6.07226   6.08781
 Src-osrc corr  12   9 o,n=   0.01473   0.00008
 Src-osrc corr  15   9 o,n=   0.16750   2.26371
 Src-osrc corr  16   9 o,n=   0.02966   0.00008
 Src-osrc corr  12  10 o,n=   0.00008   0.00008
 Src-osrc corr  16  10 o,n=   0.00008   0.00008
 Reaction Xsec     7.0+/ 6 @ 1 =    36.306 , Out:   0.000#   0.454    1.218    1.218    7.043#  33.415f
 Src-osrc corr  12   2 o,n=   3.32541   1.72201
 Src-osrc corr  14   2 o,n=   3.32561   1.72243
 Src-osrc corr  11   4 o,n=   0.00000   0.00069
 Src-osrc corr  12   4 o,n=   1.72201   1.71719
 Src-osrc corr  15   4 o,n=   0.00000   0.00221
 Src-osrc corr  16   4 o,n=   0.00118   0.02620
 Src-osrc corr  11   5 o,n=   0.00069   0.00018
 Src-osrc corr  12   5 o,n=   1.71719   1.71692
 Src-osrc corr  15   5 o,n=   0.00221   0.00057
 Src-osrc corr  16   5 o,n=   0.02620   0.02857
 Src-osrc corr  11   6 o,n=   0.00018   0.00000
 Src-osrc corr  12   6 o,n=   1.71692   1.71692
 Src-osrc corr  15   6 o,n=   0.00057   0.00000
 Src-osrc corr  16   6 o,n=   0.02857   0.02862
 Src-osrc corr  11   7 o,n=   0.00000   0.00289
 Src-osrc corr  12   7 o,n=   1.71692   1.72423
 Src-osrc corr  15   7 o,n=   0.00000   0.00896
 Src-osrc corr  16   7 o,n=   0.02862   0.03123
 Src-osrc corr  11   8 o,n=   0.00289   0.00107
 Src-osrc corr  12   8 o,n=   1.72423   1.72559
 Src-osrc corr  15   8 o,n=   0.00896   0.00332
 Src-osrc corr  16   8 o,n=   0.03123   0.03365
 Src-osrc corr  11   9 o,n=   0.00107   0.00000
 Src-osrc corr  12   9 o,n=   1.72559   1.72561
 Src-osrc corr  15   9 o,n=   0.00332   0.00000
 Src-osrc corr  16   9 o,n=   0.03365   0.03368
 Src-osrc corr  12  10 o,n=   1.72561   1.72273
 Src-osrc corr  16  10 o,n=   0.03368   0.04708
 Src-osrc corr  12   2 o,n=   3.32541   1.72201
 Src-osrc corr  14   2 o,n=   3.32561   1.72243
 Src-osrc corr  11   4 o,n=   0.00000   0.00069
 Src-osrc corr  12   4 o,n=   1.72201   1.71719
 Src-osrc corr  15   4 o,n=   0.00000   0.00221
 Src-osrc corr  16   4 o,n=   0.00118   0.02620
 Src-osrc corr  11   5 o,n=   0.00069   0.00018
 Src-osrc corr  12   5 o,n=   1.71719   1.71692
 Src-osrc corr  15   5 o,n=   0.00221   0.00057
 Src-osrc corr  16   5 o,n=   0.02620   0.02857
 Src-osrc corr  11   6 o,n=   0.00018   0.00000
 Src-osrc corr  12   6 o,n=   1.71692   1.71692
 Src-osrc corr  15   6 o,n=   0.00057   0.00000
 Src-osrc corr  16   6 o,n=   0.02857   0.02862
 Src-osrc corr  11   7 o,n=   0.00000   0.00289
 Src-osrc corr  12   7 o,n=   1.71692   1.72423
 Src-osrc corr  15   7 o,n=   0.00000   0.00896
 Src-osrc corr  16   7 o,n=   0.02862   0.03123
 Src-osrc corr  11   8 o,n=   0.00289   0.00107
 Src-osrc corr  12   8 o,n=   1.72423   1.72559
 Src-osrc corr  15   8 o,n=   0.00896   0.00332
 Src-osrc corr  16   8 o,n=   0.03123   0.03365
 Src-osrc corr  11   9 o,n=   0.00107   0.00000
 Src-osrc corr  12   9 o,n=   1.72559   1.72561
 Src-osrc corr  15   9 o,n=   0.00332   0.00000
 Src-osrc corr  16   9 o,n=   0.03365   0.03368
 Src-osrc corr  12  10 o,n=   1.72561   1.72273
 Src-osrc corr  16  10 o,n=   0.03368   0.04708
 Src-osrc corr  11   1 o,n=   0.00001   0.00001
 Src-osrc corr  13   1 o,n=   0.00000   0.00000
 Src-osrc corr  12   2 o,n=   3.32209   1.71914
 Src-osrc corr  14   2 o,n=   3.32229   1.71956
 Src-osrc corr  11   3 o,n=   0.00001   0.00001
 Src-osrc corr  15   3 o,n=   0.00001   0.00001
 Src-osrc corr  11   4 o,n=   0.00001   0.00069
 Src-osrc corr  12   4 o,n=   1.71914   1.71434
 Src-osrc corr  15   4 o,n=   0.00001   0.00221
 Src-osrc corr  16   4 o,n=   0.00118   0.02620
 Src-osrc corr  11   5 o,n=   0.00069   0.00018
 Src-osrc corr  12   5 o,n=   1.71434   1.71407
 Src-osrc corr  15   5 o,n=   0.00221   0.00057
 Src-osrc corr  16   5 o,n=   0.02620   0.02856
 Src-osrc corr  11   6 o,n=   0.00018   0.00001
 Src-osrc corr  12   6 o,n=   1.71407   1.71406
 Src-osrc corr  15   6 o,n=   0.00057   0.00001
 Src-osrc corr  16   6 o,n=   0.02856   0.02861
 Src-osrc corr  11   7 o,n=   0.00001   0.00289
 Src-osrc corr  12   7 o,n=   1.71406   1.72139
 Src-osrc corr  15   7 o,n=   0.00001   0.00895
 Src-osrc corr  16   7 o,n=   0.02861   0.03123
 Src-osrc corr  11   8 o,n=   0.00289   0.00107
 Src-osrc corr  12   8 o,n=   1.72139   1.72274
 Src-osrc corr  15   8 o,n=   0.00895   0.00332
 Src-osrc corr  16   8 o,n=   0.03123   0.03365
 Src-osrc corr  11   9 o,n=   0.00107   0.00000
 Src-osrc corr  12   9 o,n=   1.72274   1.72276
 Src-osrc corr  15   9 o,n=   0.00332   0.00000
 Src-osrc corr  16   9 o,n=   0.03365   0.03368
 Src-osrc corr  12  10 o,n=   1.72276   1.71989
 Src-osrc corr  16  10 o,n=   0.03368   0.04707
 Src-osrc corr  11   1 o,n=   0.06428   0.03584
 Src-osrc corr  13   1 o,n=   0.06472   0.03635
 Src-osrc corr  12   2 o,n=   3.32493   1.72204
 Src-osrc corr  14   2 o,n=   3.32513   1.72246
 Src-osrc corr  11   3 o,n=   0.03584   0.03602
 Src-osrc corr  15   3 o,n=   0.00060   0.00171
 Src-osrc corr  11   4 o,n=   0.03602   0.03626
 Src-osrc corr  12   4 o,n=   1.72204   1.71726
 Src-osrc corr  15   4 o,n=   0.00171   0.00297
 Src-osrc corr  16   4 o,n=   0.00118   0.02613
 Src-osrc corr  11   5 o,n=   0.03626   0.03608
 Src-osrc corr  12   5 o,n=   1.71726   1.71694
 Src-osrc corr  15   5 o,n=   0.00297   0.00216
 Src-osrc corr  16   5 o,n=   0.02613   0.02896
 Src-osrc corr  11   6 o,n=   0.03608   0.03647
 Src-osrc corr  12   6 o,n=   1.71694   1.71697
 Src-osrc corr  15   6 o,n=   0.00216   0.00681
 Src-osrc corr  16   6 o,n=   0.02896   0.02866
 Src-osrc corr  11   7 o,n=   0.03647   0.03862
 Src-osrc corr  12   7 o,n=   1.71697   1.72433
 Src-osrc corr  15   7 o,n=   0.00681   0.00958
 Src-osrc corr  16   7 o,n=   0.02866   0.03125
 Src-osrc corr  11   8 o,n=   0.03862   0.03714
 Src-osrc corr  12   8 o,n=   1.72433   1.72569
 Src-osrc corr  15   8 o,n=   0.00958   0.00599
 Src-osrc corr  16   8 o,n=   0.03125   0.03375
 Src-osrc corr  11   9 o,n=   0.03714   0.05310
 Src-osrc corr  12   9 o,n=   1.72569   1.72571
 Src-osrc corr  15   9 o,n=   0.00599   0.07466
 Src-osrc corr  16   9 o,n=   0.03375   0.03371
 Src-osrc corr  12  10 o,n=   1.72571   1.72285
 Src-osrc corr  16  10 o,n=   0.03371   0.04714
 Src-osrc corr  11   1 o,n=   0.06428   0.03584
 Src-osrc corr  13   1 o,n=   0.06472   0.03635
 Src-osrc corr  12   2 o,n=   3.32494   1.72205
 Src-osrc corr  14   2 o,n=   3.32514   1.72246
 Src-osrc corr  11   3 o,n=   0.03584   0.03602
 Src-osrc corr  15   3 o,n=   0.00060   0.00171
 Src-osrc corr  11   4 o,n=   0.03602   0.03626
 Src-osrc corr  12   4 o,n=   1.72205   1.71727
 Src-osrc corr  15   4 o,n=   0.00171   0.00297
 Src-osrc corr  16   4 o,n=   0.00118   0.02613
 Src-osrc corr  11   5 o,n=   0.03626   0.03608
 Src-osrc corr  12   5 o,n=   1.71727   1.71695
 Src-osrc corr  15   5 o,n=   0.00297   0.00216
 Src-osrc corr  16   5 o,n=   0.02613   0.02896
 Src-osrc corr  11   6 o,n=   0.03608   0.03647
 Src-osrc corr  12   6 o,n=   1.71695   1.71698
 Src-osrc corr  15   6 o,n=   0.00216   0.00681
 Src-osrc corr  16   6 o,n=   0.02896   0.02866
 Src-osrc corr  11   7 o,n=   0.03647   0.03862
 Src-osrc corr  12   7 o,n=   1.71698   1.72434
 Src-osrc corr  15   7 o,n=   0.00681   0.00958
 Src-osrc corr  16   7 o,n=   0.02866   0.03125
 Src-osrc corr  11   8 o,n=   0.03862   0.03714
 Src-osrc corr  12   8 o,n=   1.72434   1.72569
 Src-osrc corr  15   8 o,n=   0.00958   0.00599
 Src-osrc corr  16   8 o,n=   0.03125   0.03375
 Src-osrc corr  11   9 o,n=   0.03714   0.05310
 Src-osrc corr  12   9 o,n=   1.72569   1.72572
 Src-osrc corr  15   9 o,n=   0.00599   0.07466
 Src-osrc corr  16   9 o,n=   0.03375   0.03371
 Src-osrc corr  12  10 o,n=   1.72572   1.72285
 Src-osrc corr  16  10 o,n=   0.03371   0.04714
 Src-osrc corr  11   1 o,n=   0.00159   0.00103
 Src-osrc corr  13   1 o,n=   0.00155   0.00102
 Src-osrc corr  12   2 o,n=   3.32492   1.72203
 Src-osrc corr  14   2 o,n=   3.32512   1.72245
 Src-osrc corr  11   3 o,n=   0.00103   0.00102
 Src-osrc corr  15   3 o,n=   0.00006   0.00005
 Src-osrc corr  11   4 o,n=   0.00102   0.00147
 Src-osrc corr  12   4 o,n=   1.72203   1.71723
 Src-osrc corr  15   4 o,n=   0.00005   0.00224
 Src-osrc corr  16   4 o,n=   0.00117   0.02623
 Src-osrc corr  11   5 o,n=   0.00147   0.00107
 Src-osrc corr  12   5 o,n=   1.71723   1.71696
 Src-osrc corr  15   5 o,n=   0.00224   0.00059
 Src-osrc corr  16   5 o,n=   0.02623   0.02861
 Src-osrc corr  11   6 o,n=   0.00107   0.00103
 Src-osrc corr  12   6 o,n=   1.71696   1.71696
 Src-osrc corr  15   6 o,n=   0.00059   0.00016
 Src-osrc corr  16   6 o,n=   0.02861   0.02866
 Src-osrc corr  11   7 o,n=   0.00103   0.00337
 Src-osrc corr  12   7 o,n=   1.71696   1.72432
 Src-osrc corr  15   7 o,n=   0.00016   0.00897
 Src-osrc corr  16   7 o,n=   0.02866   0.03126
 Src-osrc corr  11   8 o,n=   0.00337   0.00162
 Src-osrc corr  12   8 o,n=   1.72432   1.72569
 Src-osrc corr  15   8 o,n=   0.00897   0.00331
 Src-osrc corr  16   8 o,n=   0.03126   0.03367
 Src-osrc corr  11   9 o,n=   0.00162   0.00137
 Src-osrc corr  12   9 o,n=   1.72569   1.72570
 Src-osrc corr  15   9 o,n=   0.00331   0.00140
 Src-osrc corr  16   9 o,n=   0.03367   0.03371
 Src-osrc corr  12  10 o,n=   1.72570   1.72283
 Src-osrc corr  16  10 o,n=   0.03371   0.04714
 Src-osrc corr  11   1 o,n=   0.00058   0.00051
 Src-osrc corr  13   1 o,n=   0.00055   0.00052
 Src-osrc corr  12   2 o,n=   3.32492   1.72203
 Src-osrc corr  14   2 o,n=   3.32512   1.72245
 Src-osrc corr  11   3 o,n=   0.00051   0.00051
 Src-osrc corr  15   3 o,n=   0.00005   0.00008
 Src-osrc corr  11   4 o,n=   0.00051   0.00098
 Src-osrc corr  12   4 o,n=   1.72203   1.71724
 Src-osrc corr  15   4 o,n=   0.00008   0.00220
 Src-osrc corr  16   4 o,n=   0.00118   0.02624
 Src-osrc corr  11   5 o,n=   0.00098   0.00059
 Src-osrc corr  12   5 o,n=   1.71724   1.71697
 Src-osrc corr  15   5 o,n=   0.00220   0.00055
 Src-osrc corr  16   5 o,n=   0.02624   0.02860
 Src-osrc corr  11   6 o,n=   0.00059   0.00054
 Src-osrc corr  12   6 o,n=   1.71697   1.71696
 Src-osrc corr  15   6 o,n=   0.00055   0.00009
 Src-osrc corr  16   6 o,n=   0.02860   0.02866
 Src-osrc corr  11   7 o,n=   0.00054   0.00324
 Src-osrc corr  12   7 o,n=   1.71696   1.72432
 Src-osrc corr  15   7 o,n=   0.00009   0.00901
 Src-osrc corr  16   7 o,n=   0.02866   0.03126
 Src-osrc corr  11   8 o,n=   0.00324   0.00144
 Src-osrc corr  12   8 o,n=   1.72432   1.72569
 Src-osrc corr  15   8 o,n=   0.00901   0.00337
 Src-osrc corr  16   8 o,n=   0.03126   0.03368
 Src-osrc corr  11   9 o,n=   0.00144   0.00061
 Src-osrc corr  12   9 o,n=   1.72569   1.72570
 Src-osrc corr  15   9 o,n=   0.00337   0.00044
 Src-osrc corr  16   9 o,n=   0.03368   0.03371
 Src-osrc corr  12  10 o,n=   1.72570   1.72284
 Src-osrc corr  16  10 o,n=   0.03371   0.04714
 Src-osrc corr  11   1 o,n=   0.00133   0.00077
 Src-osrc corr  13   1 o,n=   0.00123   0.00077
 Src-osrc corr  12   2 o,n=   3.32492   1.72203
 Src-osrc corr  14   2 o,n=   3.32512   1.72245
 Src-osrc corr  11   3 o,n=   0.00077   0.00076
 Src-osrc corr  15   3 o,n=   0.00012   0.00012
 Src-osrc corr  11   4 o,n=   0.00076   0.00113
 Src-osrc corr  12   4 o,n=   1.72203   1.71724
 Src-osrc corr  15   4 o,n=   0.00012   0.00219
 Src-osrc corr  16   4 o,n=   0.00118   0.02624
 Src-osrc corr  11   5 o,n=   0.00113   0.00083
 Src-osrc corr  12   5 o,n=   1.71724   1.71697
 Src-osrc corr  15   5 o,n=   0.00219   0.00055
 Src-osrc corr  16   5 o,n=   0.02624   0.02860
 Src-osrc corr  11   6 o,n=   0.00083   0.00080
 Src-osrc corr  12   6 o,n=   1.71697   1.71697
 Src-osrc corr  15   6 o,n=   0.00055   0.00017
 Src-osrc corr  16   6 o,n=   0.02860   0.02866
 Src-osrc corr  11   7 o,n=   0.00080   0.00360
 Src-osrc corr  12   7 o,n=   1.71697   1.72432
 Src-osrc corr  15   7 o,n=   0.00017   0.00902
 Src-osrc corr  16   7 o,n=   0.02866   0.03126
 Src-osrc corr  11   8 o,n=   0.00360   0.00182
 Src-osrc corr  12   8 o,n=   1.72432   1.72568
 Src-osrc corr  15   8 o,n=   0.00902   0.00340
 Src-osrc corr  16   8 o,n=   0.03126   0.03368
 Src-osrc corr  11   9 o,n=   0.00182   0.00114
 Src-osrc corr  12   9 o,n=   1.72568   1.72570
 Src-osrc corr  15   9 o,n=   0.00340   0.00137
 Src-osrc corr  16   9 o,n=   0.03368   0.03371
 Src-osrc corr  12  10 o,n=   1.72570   1.72284
 Src-osrc corr  16  10 o,n=   0.03371   0.04714
 Src-osrc corr  11   1 o,n=   0.00003   0.00002
 Src-osrc corr  13   1 o,n=   0.00003   0.00002
 Src-osrc corr  12   2 o,n=   3.32492   1.72203
 Src-osrc corr  14   2 o,n=   3.32512   1.72245
 Src-osrc corr  11   3 o,n=   0.00002   0.00002
 Src-osrc corr  15   3 o,n=   0.00000   0.00000
 Src-osrc corr  11   4 o,n=   0.00002   0.00070
 Src-osrc corr  12   4 o,n=   1.72203   1.71724
 Src-osrc corr  15   4 o,n=   0.00000   0.00221
 Src-osrc corr  16   4 o,n=   0.00118   0.02623
 Src-osrc corr  11   5 o,n=   0.00070   0.00018
 Src-osrc corr  12   5 o,n=   1.71724   1.71697
 Src-osrc corr  15   5 o,n=   0.00221   0.00057
 Src-osrc corr  16   5 o,n=   0.02623   0.02861
 Src-osrc corr  11   6 o,n=   0.00018   0.00002
 Src-osrc corr  12   6 o,n=   1.71697   1.71696
 Src-osrc corr  15   6 o,n=   0.00057   0.00001
 Src-osrc corr  16   6 o,n=   0.02861   0.02866
 Src-osrc corr  11   7 o,n=   0.00002   0.00290
 Src-osrc corr  12   7 o,n=   1.71696   1.72432
 Src-osrc corr  15   7 o,n=   0.00001   0.00897
 Src-osrc corr  16   7 o,n=   0.02866   0.03126
 Src-osrc corr  11   8 o,n=   0.00290   0.00108
 Src-osrc corr  12   8 o,n=   1.72432   1.72568
 Src-osrc corr  15   8 o,n=   0.00897   0.00332
 Src-osrc corr  16   8 o,n=   0.03126   0.03367
 Src-osrc corr  11   9 o,n=   0.00108   0.00003
 Src-osrc corr  12   9 o,n=   1.72568   1.72570
 Src-osrc corr  15   9 o,n=   0.00332   0.00003
 Src-osrc corr  16   9 o,n=   0.03367   0.03371
 Src-osrc corr  12  10 o,n=   1.72570   1.72284
 Src-osrc corr  16  10 o,n=   0.03371   0.04714
 Src-osrc corr  11   1 o,n=   0.00004   0.00003
 Src-osrc corr  13   1 o,n=   0.00003   0.00002
 Src-osrc corr  12   2 o,n=   3.32492   1.72203
 Src-osrc corr  14   2 o,n=   3.32512   1.72245
 Src-osrc corr  11   3 o,n=   0.00003   0.00003
 Src-osrc corr  15   3 o,n=   0.00000   0.00000
 Src-osrc corr  11   4 o,n=   0.00003   0.00070
 Src-osrc corr  12   4 o,n=   1.72203   1.71724
 Src-osrc corr  15   4 o,n=   0.00000   0.00221
 Src-osrc corr  16   4 o,n=   0.00118   0.02623
 Src-osrc corr  11   5 o,n=   0.00070   0.00018
 Src-osrc corr  12   5 o,n=   1.71724   1.71697
 Src-osrc corr  15   5 o,n=   0.00221   0.00057
 Src-osrc corr  16   5 o,n=   0.02623   0.02861
 Src-osrc corr  11   6 o,n=   0.00018   0.00003
 Src-osrc corr  12   6 o,n=   1.71697   1.71696
 Src-osrc corr  15   6 o,n=   0.00057   0.00000
 Src-osrc corr  16   6 o,n=   0.02861   0.02866
 Src-osrc corr  11   7 o,n=   0.00003   0.00291
 Src-osrc corr  12   7 o,n=   1.71696   1.72432
 Src-osrc corr  15   7 o,n=   0.00000   0.00897
 Src-osrc corr  16   7 o,n=   0.02866   0.03126
 Src-osrc corr  11   8 o,n=   0.00291   0.00108
 Src-osrc corr  12   8 o,n=   1.72432   1.72568
 Src-osrc corr  15   8 o,n=   0.00897   0.00332
 Src-osrc corr  16   8 o,n=   0.03126   0.03367
 Src-osrc corr  11   9 o,n=   0.00108   0.00003
 Src-osrc corr  12   9 o,n=   1.72568   1.72570
 Src-osrc corr  15   9 o,n=   0.00332   0.00003
 Src-osrc corr  16   9 o,n=   0.03367   0.03371
 Src-osrc corr  12  10 o,n=   1.72570   1.72284
 Src-osrc corr  16  10 o,n=   0.03371   0.04714
 Reaction Xsec     7.0+/ 8 @ 2 =     2.365 , Out:   0.001#   3.157/   0.130    0.130    0.005#   2.101f

 Total SPIN, PARITY =     7.0 -,     14 chs,     14 cc.  Rmin & Coul turning =    1.1    7.4
 Src-osrc corr   9   1 o,n=   3.98995   2.39675
 Src-osrc corr  10   1 o,n=   3.74516   2.25336
 Src-osrc corr  11   1 o,n=   3.99071   2.39814
 Src-osrc corr  12   1 o,n=   3.74340   2.25323
 Src-osrc corr   9   2 o,n=   2.39675   2.39427
 Src-osrc corr  10   2 o,n=   2.25336   2.23755
 Src-osrc corr  13   2 o,n=   0.00347   0.01483
 Src-osrc corr  14   2 o,n=   0.00657   0.06669
 Src-osrc corr   9   3 o,n=   2.39427   2.39409
 Src-osrc corr  10   3 o,n=   2.23755   2.23610
 Src-osrc corr  13   3 o,n=   0.01483   0.01584
 Src-osrc corr  14   3 o,n=   0.06669   0.07768
 Src-osrc corr   9   4 o,n=   2.39409   2.39298
 Src-osrc corr  10   4 o,n=   2.23610   2.23733
 Src-osrc corr  13   4 o,n=   0.01584   0.01684
 Src-osrc corr  14   4 o,n=   0.07768   0.07731
 Src-osrc corr   9   5 o,n=   2.39298   2.40007
 Src-osrc corr  10   5 o,n=   2.23733   2.25165
 Src-osrc corr  13   5 o,n=   0.01684   0.03835
 Src-osrc corr  14   5 o,n=   0.07731   0.08065
 Src-osrc corr   9   6 o,n=   2.40007   2.40064
 Src-osrc corr  10   6 o,n=   2.25165   2.25820
 Src-osrc corr  13   6 o,n=   0.03835   0.04115
 Src-osrc corr  14   6 o,n=   0.08065   0.09098
 Src-osrc corr   9   7 o,n=   2.40064   2.40645
 Src-osrc corr  10   7 o,n=   2.25820   2.25746
 Src-osrc corr  13   7 o,n=   0.04115   0.04021
 Src-osrc corr  14   7 o,n=   0.09098   0.09392
 Src-osrc corr   9   8 o,n=   2.40645   2.38540
 Src-osrc corr  10   8 o,n=   2.25746   2.25177
 Src-osrc corr  13   8 o,n=   0.04021   0.42286
 Src-osrc corr  14   8 o,n=   0.09392   0.15551
 Src-osrc corr   9   1 o,n=   3.98995   2.39675
 Src-osrc corr  10   1 o,n=   3.74516   2.25336
 Src-osrc corr  11   1 o,n=   3.99071   2.39814
 Src-osrc corr  12   1 o,n=   3.74340   2.25323
 Src-osrc corr   9   2 o,n=   2.39675   2.39427
 Src-osrc corr  10   2 o,n=   2.25336   2.23755
 Src-osrc corr  13   2 o,n=   0.00347   0.01483
 Src-osrc corr  14   2 o,n=   0.00657   0.06669
 Src-osrc corr   9   3 o,n=   2.39427   2.39409
 Src-osrc corr  10   3 o,n=   2.23755   2.23610
 Src-osrc corr  13   3 o,n=   0.01483   0.01584
 Src-osrc corr  14   3 o,n=   0.06669   0.07768
 Src-osrc corr   9   4 o,n=   2.39409   2.39298
 Src-osrc corr  10   4 o,n=   2.23610   2.23733
 Src-osrc corr  13   4 o,n=   0.01584   0.01684
 Src-osrc corr  14   4 o,n=   0.07768   0.07731
 Src-osrc corr   9   5 o,n=   2.39298   2.40007
 Src-osrc corr  10   5 o,n=   2.23733   2.25165
 Src-osrc corr  13   5 o,n=   0.01684   0.03835
 Src-osrc corr  14   5 o,n=   0.07731   0.08065
 Src-osrc corr   9   6 o,n=   2.40007   2.40064
 Src-osrc corr  10   6 o,n=   2.25165   2.25820
 Src-osrc corr  13   6 o,n=   0.03835   0.04115
 Src-osrc corr  14   6 o,n=   0.08065   0.09098
 Src-osrc corr   9   7 o,n=   2.40064   2.40645
 Src-osrc corr  10   7 o,n=   2.25820   2.25746
 Src-osrc corr  13   7 o,n=   0.04115   0.04021
 Src-osrc corr  14   7 o,n=   0.09098   0.09392
 Src-osrc corr   9   8 o,n=   2.40645   2.38540
 Src-osrc corr  10   8 o,n=   2.25746   2.25177
 Src-osrc corr  13   8 o,n=   0.04021   0.42286
 Src-osrc corr  14   8 o,n=   0.09392   0.15551
 Src-osrc corr   9   1 o,n=   3.97921   2.38722
 Src-osrc corr  10   1 o,n=   3.73514   2.24447
 Src-osrc corr  11   1 o,n=   3.98000   2.38864
 Src-osrc corr  12   1 o,n=   3.73336   2.24434
 Src-osrc corr   9   2 o,n=   2.38722   2.38475
 Src-osrc corr  10   2 o,n=   2.24447   2.22870
 Src-osrc corr  13   2 o,n=   0.00353   0.01485
 Src-osrc corr  14   2 o,n=   0.00663   0.06662
 Src-osrc corr   9   3 o,n=   2.38475   2.38456
 Src-osrc corr  10   3 o,n=   2.22870   2.22725
 Src-osrc corr  13   3 o,n=   0.01485   0.01586
 Src-osrc corr  14   3 o,n=   0.06662   0.07758
 Src-osrc corr   9   4 o,n=   2.38456   2.38345
 Src-osrc corr  10   4 o,n=   2.22725   2.22849
 Src-osrc corr  13   4 o,n=   0.01586   0.01685
 Src-osrc corr  14   4 o,n=   0.07758   0.07721
 Src-osrc corr   9   5 o,n=   2.38345   2.39054
 Src-osrc corr  10   5 o,n=   2.22849   2.24281
 Src-osrc corr  13   5 o,n=   0.01685   0.03835
 Src-osrc corr  14   5 o,n=   0.07721   0.08060
 Src-osrc corr   9   6 o,n=   2.39054   2.39111
 Src-osrc corr  10   6 o,n=   2.24281   2.24936
 Src-osrc corr  13   6 o,n=   0.03835   0.04114
 Src-osrc corr  14   6 o,n=   0.08060   0.09093
 Src-osrc corr   9   7 o,n=   2.39111   2.39693
 Src-osrc corr  10   7 o,n=   2.24936   2.24862
 Src-osrc corr  13   7 o,n=   0.04114   0.04020
 Src-osrc corr  14   7 o,n=   0.09093   0.09386
 Src-osrc corr   9   8 o,n=   2.39693   2.37599
 Src-osrc corr  10   8 o,n=   2.24862   2.24296
 Src-osrc corr  13   8 o,n=   0.04020   0.42238
 Src-osrc corr  14   8 o,n=   0.09386   0.15535
 Src-osrc corr   9   1 o,n=   3.98767   2.39613
 Src-osrc corr  10   1 o,n=   3.74302   2.25276
 Src-osrc corr  11   1 o,n=   3.98843   2.39750
 Src-osrc corr  12   1 o,n=   3.74126   2.25260
 Src-osrc corr   9   2 o,n=   2.39613   2.39367
 Src-osrc corr  10   2 o,n=   2.25276   2.23708
 Src-osrc corr  13   2 o,n=   0.00339   0.01476
 Src-osrc corr  14   2 o,n=   0.00657   0.06661
 Src-osrc corr   9   3 o,n=   2.39367   2.39349
 Src-osrc corr  10   3 o,n=   2.23708   2.23564
 Src-osrc corr  13   3 o,n=   0.01476   0.01577
 Src-osrc corr  14   3 o,n=   0.06661   0.07758
 Src-osrc corr   9   4 o,n=   2.39349   2.39236
 Src-osrc corr  10   4 o,n=   2.23564   2.23689
 Src-osrc corr  13   4 o,n=   0.01577   0.01675
 Src-osrc corr  14   4 o,n=   0.07758   0.07723
 Src-osrc corr   9   5 o,n=   2.39236   2.39956
 Src-osrc corr  10   5 o,n=   2.23689   2.25134
 Src-osrc corr  13   5 o,n=   0.01675   0.03842
 Src-osrc corr  14   5 o,n=   0.07723   0.08072
 Src-osrc corr   9   6 o,n=   2.39956   2.40014
 Src-osrc corr  10   6 o,n=   2.25134   2.25796
 Src-osrc corr  13   6 o,n=   0.03842   0.04123
 Src-osrc corr  14   6 o,n=   0.08072   0.09111
 Src-osrc corr   9   7 o,n=   2.40014   2.40589
 Src-osrc corr  10   7 o,n=   2.25796   2.25723
 Src-osrc corr  13   7 o,n=   0.04123   0.04037
 Src-osrc corr  14   7 o,n=   0.09111   0.09402
 Src-osrc corr   9   8 o,n=   2.40589   2.38535
 Src-osrc corr  10   8 o,n=   2.25723   2.25159
 Src-osrc corr  13   8 o,n=   0.04037   0.42330
 Src-osrc corr  14   8 o,n=   0.09402   0.15556
 Src-osrc corr   9   1 o,n=   3.98772   2.39616
 Src-osrc corr  10   1 o,n=   3.74307   2.25280
 Src-osrc corr  11   1 o,n=   3.98848   2.39753
 Src-osrc corr  12   1 o,n=   3.74130   2.25264
 Src-osrc corr   9   2 o,n=   2.39616   2.39371
 Src-osrc corr  10   2 o,n=   2.25280   2.23712
 Src-osrc corr  13   2 o,n=   0.00339   0.01476
 Src-osrc corr  14   2 o,n=   0.00657   0.06661
 Src-osrc corr   9   3 o,n=   2.39371   2.39353
 Src-osrc corr  10   3 o,n=   2.23712   2.23568
 Src-osrc corr  13   3 o,n=   0.01476   0.01577
 Src-osrc corr  14   3 o,n=   0.06661   0.07758
 Src-osrc corr   9   4 o,n=   2.39353   2.39239
 Src-osrc corr  10   4 o,n=   2.23568   2.23692
 Src-osrc corr  13   4 o,n=   0.01577   0.01675
 Src-osrc corr  14   4 o,n=   0.07758   0.07723
 Src-osrc corr   9   5 o,n=   2.39239   2.39960
 Src-osrc corr  10   5 o,n=   2.23692   2.25138
 Src-osrc corr  13   5 o,n=   0.01675   0.03842
 Src-osrc corr  14   5 o,n=   0.07723   0.08072
 Src-osrc corr   9   6 o,n=   2.39960   2.40018
 Src-osrc corr  10   6 o,n=   2.25138   2.25800
 Src-osrc corr  13   6 o,n=   0.03842   0.04123
 Src-osrc corr  14   6 o,n=   0.08072   0.09111
 Src-osrc corr   9   7 o,n=   2.40018   2.40593
 Src-osrc corr  10   7 o,n=   2.25800   2.25726
 Src-osrc corr  13   7 o,n=   0.04123   0.04037
 Src-osrc corr  14   7 o,n=   0.09111   0.09402
 Src-osrc corr   9   8 o,n=   2.40593   2.38539
 Src-osrc corr  10   8 o,n=   2.25726   2.25162
 Src-osrc corr  13   8 o,n=   0.04037   0.42330
 Src-osrc corr  14   8 o,n=   0.09402   0.15556
 Reaction Xsec     7.0-/ 7 @ 1 =     9.280 , Out:   0.000#   0.074    0.419    0.419    0.414#   8.368f

 Total SPIN, PARITY =     8.0 +,     14 chs,     14 cc.  Rmin & Coul turning =    1.2    8.3
 Src-osrc corr   9   1 o,n=   2.42013   1.25269
 Src-osrc corr  10   1 o,n=   2.28394   1.18296
 Src-osrc corr  11   1 o,n=   2.42035   1.25297
 Src-osrc corr  12   1 o,n=   2.28407   1.18330
 Src-osrc corr   9   2 o,n=   1.25269   1.25206
 Src-osrc corr  10   2 o,n=   1.18296   1.17858
 Src-osrc corr  13   2 o,n=   0.00052   0.00383
 Src-osrc corr  14   2 o,n=   0.00085   0.01844
 Src-osrc corr   9   3 o,n=   1.25206   1.25202
 Src-osrc corr  10   3 o,n=   1.17858   1.17822
 Src-osrc corr  13   3 o,n=   0.00383   0.00404
 Src-osrc corr  14   3 o,n=   0.01844   0.02096
 Src-osrc corr   9   4 o,n=   1.25202   1.25173
 Src-osrc corr  10   4 o,n=   1.17822   1.17849
 Src-osrc corr  13   4 o,n=   0.00404   0.00436
 Src-osrc corr  14   4 o,n=   0.02096   0.02085
 Src-osrc corr   9   5 o,n=   1.25173   1.25370
 Src-osrc corr  10   5 o,n=   1.17849   1.18260
 Src-osrc corr  13   5 o,n=   0.00436   0.01088
 Src-osrc corr  14   5 o,n=   0.02085   0.02143
 Src-osrc corr   9   6 o,n=   1.25370   1.25382
 Src-osrc corr  10   6 o,n=   1.18260   1.18415
 Src-osrc corr  13   6 o,n=   0.01088   0.01152
 Src-osrc corr  14   6 o,n=   0.02143   0.02397
 Src-osrc corr   9   7 o,n=   1.25382   1.25533
 Src-osrc corr  10   7 o,n=   1.18415   1.18393
 Src-osrc corr  13   7 o,n=   0.01152   0.01165
 Src-osrc corr  14   7 o,n=   0.02397   0.02449
 Src-osrc corr   9   8 o,n=   1.25533   1.24522
 Src-osrc corr  10   8 o,n=   1.18393   1.18113
 Src-osrc corr  13   8 o,n=   0.01165   0.11330
 Src-osrc corr  14   8 o,n=   0.02449   0.04197
 Src-osrc corr   9   1 o,n=   2.42013   1.25269
 Src-osrc corr  10   1 o,n=   2.28394   1.18296
 Src-osrc corr  11   1 o,n=   2.42035   1.25297
 Src-osrc corr  12   1 o,n=   2.28407   1.18330
 Src-osrc corr   9   2 o,n=   1.25269   1.25206
 Src-osrc corr  10   2 o,n=   1.18296   1.17858
 Src-osrc corr  13   2 o,n=   0.00052   0.00383
 Src-osrc corr  14   2 o,n=   0.00085   0.01844
 Src-osrc corr   9   3 o,n=   1.25206   1.25202
 Src-osrc corr  10   3 o,n=   1.17858   1.17822
 Src-osrc corr  13   3 o,n=   0.00383   0.00404
 Src-osrc corr  14   3 o,n=   0.01844   0.02096
 Src-osrc corr   9   4 o,n=   1.25202   1.25173
 Src-osrc corr  10   4 o,n=   1.17822   1.17849
 Src-osrc corr  13   4 o,n=   0.00404   0.00436
 Src-osrc corr  14   4 o,n=   0.02096   0.02085
 Src-osrc corr   9   5 o,n=   1.25173   1.25370
 Src-osrc corr  10   5 o,n=   1.17849   1.18260
 Src-osrc corr  13   5 o,n=   0.00436   0.01088
 Src-osrc corr  14   5 o,n=   0.02085   0.02143
 Src-osrc corr   9   6 o,n=   1.25370   1.25382
 Src-osrc corr  10   6 o,n=   1.18260   1.18415
 Src-osrc corr  13   6 o,n=   0.01088   0.01152
 Src-osrc corr  14   6 o,n=   0.02143   0.02397
 Src-osrc corr   9   7 o,n=   1.25382   1.25533
 Src-osrc corr  10   7 o,n=   1.18415   1.18393
 Src-osrc corr  13   7 o,n=   0.01152   0.01165
 Src-osrc corr  14   7 o,n=   0.02397   0.02449
 Src-osrc corr   9   8 o,n=   1.25533   1.24522
 Src-osrc corr  10   8 o,n=   1.18393   1.18113
 Src-osrc corr  13   8 o,n=   0.01165   0.11330
 Src-osrc corr  14   8 o,n=   0.02449   0.04197
 Src-osrc corr   9   1 o,n=   2.41780   1.25068
 Src-osrc corr  10   1 o,n=   2.28175   1.18107
 Src-osrc corr  11   1 o,n=   2.41802   1.25097
 Src-osrc corr  12   1 o,n=   2.28189   1.18142
 Src-osrc corr   9   2 o,n=   1.25068   1.25005
 Src-osrc corr  10   2 o,n=   1.18107   1.17669
 Src-osrc corr  13   2 o,n=   0.00053   0.00383
 Src-osrc corr  14   2 o,n=   0.00086   0.01843
 Src-osrc corr   9   3 o,n=   1.25005   1.25001
 Src-osrc corr  10   3 o,n=   1.17669   1.17634
 Src-osrc corr  13   3 o,n=   0.00383   0.00404
 Src-osrc corr  14   3 o,n=   0.01843   0.02095
 Src-osrc corr   9   4 o,n=   1.25001   1.24972
 Src-osrc corr  10   4 o,n=   1.17634   1.17660
 Src-osrc corr  13   4 o,n=   0.00404   0.00436
 Src-osrc corr  14   4 o,n=   0.02095   0.02084
 Src-osrc corr   9   5 o,n=   1.24972   1.25169
 Src-osrc corr  10   5 o,n=   1.17660   1.18071
 Src-osrc corr  13   5 o,n=   0.00436   0.01088
 Src-osrc corr  14   5 o,n=   0.02084   0.02142
 Src-osrc corr   9   6 o,n=   1.25169   1.25181
 Src-osrc corr  10   6 o,n=   1.18071   1.18226
 Src-osrc corr  13   6 o,n=   0.01088   0.01152
 Src-osrc corr  14   6 o,n=   0.02142   0.02396
 Src-osrc corr   9   7 o,n=   1.25181   1.25333
 Src-osrc corr  10   7 o,n=   1.18226   1.18204
 Src-osrc corr  13   7 o,n=   0.01152   0.01165
 Src-osrc corr  14   7 o,n=   0.02396   0.02448
 Src-osrc corr   9   8 o,n=   1.25333   1.24323
 Src-osrc corr  10   8 o,n=   1.18204   1.17925
 Src-osrc corr  13   8 o,n=   0.01165   0.11326
 Src-osrc corr  14   8 o,n=   0.02448   0.04196
 Src-osrc corr   9   1 o,n=   2.41981   1.25272
 Src-osrc corr  10   1 o,n=   2.28364   1.18299
 Src-osrc corr  11   1 o,n=   2.42003   1.25301
 Src-osrc corr  12   1 o,n=   2.28377   1.18333
 Src-osrc corr   9   2 o,n=   1.25272   1.25209
 Src-osrc corr  10   2 o,n=   1.18299   1.17863
 Src-osrc corr  13   2 o,n=   0.00051   0.00382
 Src-osrc corr  14   2 o,n=   0.00085   0.01845
 Src-osrc corr   9   3 o,n=   1.25209   1.25206
 Src-osrc corr  10   3 o,n=   1.17863   1.17827
 Src-osrc corr  13   3 o,n=   0.00382   0.00403
 Src-osrc corr  14   3 o,n=   0.01845   0.02097
 Src-osrc corr   9   4 o,n=   1.25206   1.25176
 Src-osrc corr  10   4 o,n=   1.17827   1.17854
 Src-osrc corr  13   4 o,n=   0.00403   0.00435
 Src-osrc corr  14   4 o,n=   0.02097   0.02086
 Src-osrc corr   9   5 o,n=   1.25176   1.25376
 Src-osrc corr  10   5 o,n=   1.17854   1.18267
 Src-osrc corr  13   5 o,n=   0.00435   0.01089
 Src-osrc corr  14   5 o,n=   0.02086   0.02145
 Src-osrc corr   9   6 o,n=   1.25376   1.25388
 Src-osrc corr  10   6 o,n=   1.18267   1.18423
 Src-osrc corr  13   6 o,n=   0.01089   0.01153
 Src-osrc corr  14   6 o,n=   0.02145   0.02399
 Src-osrc corr   9   7 o,n=   1.25388   1.25538
 Src-osrc corr  10   7 o,n=   1.18423   1.18401
 Src-osrc corr  13   7 o,n=   0.01153   0.01167
 Src-osrc corr  14   7 o,n=   0.02399   0.02451
 Src-osrc corr   9   8 o,n=   1.25538   1.24535
 Src-osrc corr  10   8 o,n=   1.18401   1.18123
 Src-osrc corr  13   8 o,n=   0.01167   0.11346
 Src-osrc corr  14   8 o,n=   0.02451   0.04202
 Src-osrc corr   9   1 o,n=   2.41981   1.25273
 Src-osrc corr  10   1 o,n=   2.28364   1.18299
 Src-osrc corr  11   1 o,n=   2.42003   1.25301
 Src-osrc corr  12   1 o,n=   2.28378   1.18334
 Src-osrc corr   9   2 o,n=   1.25273   1.25210
 Src-osrc corr  10   2 o,n=   1.18299   1.17863
 Src-osrc corr  13   2 o,n=   0.00051   0.00382
 Src-osrc corr  14   2 o,n=   0.00085   0.01845
 Src-osrc corr   9   3 o,n=   1.25210   1.25206
 Src-osrc corr  10   3 o,n=   1.17863   1.17827
 Src-osrc corr  13   3 o,n=   0.00382   0.00403
 Src-osrc corr  14   3 o,n=   0.01845   0.02097
 Src-osrc corr   9   4 o,n=   1.25206   1.25177
 Src-osrc corr  10   4 o,n=   1.17827   1.17854
 Src-osrc corr  13   4 o,n=   0.00403   0.00435
 Src-osrc corr  14   4 o,n=   0.02097   0.02086
 Src-osrc corr   9   5 o,n=   1.25177   1.25376
 Src-osrc corr  10   5 o,n=   1.17854   1.18268
 Src-osrc corr  13   5 o,n=   0.00435   0.01089
 Src-osrc corr  14   5 o,n=   0.02086   0.02145
 Src-osrc corr   9   6 o,n=   1.25376   1.25388
 Src-osrc corr  10   6 o,n=   1.18268   1.18424
 Src-osrc corr  13   6 o,n=   0.01089   0.01153
 Src-osrc corr  14   6 o,n=   0.02145   0.02399
 Src-osrc corr   9   7 o,n=   1.25388   1.25539
 Src-osrc corr  10   7 o,n=   1.18424   1.18402
 Src-osrc corr  13   7 o,n=   0.01153   0.01167
 Src-osrc corr  14   7 o,n=   0.02399   0.02451
 Src-osrc corr   9   8 o,n=   1.25539   1.24536
 Src-osrc corr  10   8 o,n=   1.18402   1.18123
 Src-osrc corr  13   8 o,n=   0.01167   0.11346
 Src-osrc corr  14   8 o,n=   0.02451   0.04202
 Reaction Xsec     8.0+/ 8 @ 1 =     2.693 , Out:   0.000#   3.675/   0.148    0.148    0.004#   2.394f

 Total SPIN, PARITY =     8.0 -,     16 chs,     16 cc.  Rmin & Coul turning =    1.2    8.3
 Src-osrc corr  11   1 o,n=   5.48076   3.29425
 Src-osrc corr  13   1 o,n=   5.48208   3.29658
 Src-osrc corr  11   3 o,n=   3.29425   3.29063
 Src-osrc corr  15   3 o,n=   0.00471   0.01310
 Src-osrc corr  11   4 o,n=   3.29063   3.29062
 Src-osrc corr  12   4 o,n=   0.00000   0.00075
 Src-osrc corr  15   4 o,n=   0.01310   0.01311
 Src-osrc corr  16   4 o,n=   0.00000   0.00152
 Src-osrc corr  11   5 o,n=   3.29062   3.29019
 Src-osrc corr  12   5 o,n=   0.00075   0.00263
 Src-osrc corr  15   5 o,n=   0.01311   0.01368
 Src-osrc corr  16   5 o,n=   0.00152   0.00533
 Src-osrc corr  11   6 o,n=   3.29019   3.29687
 Src-osrc corr  12   6 o,n=   0.00263   0.00000
 Src-osrc corr  15   6 o,n=   0.01368   0.05373
 Src-osrc corr  16   6 o,n=   0.00533   0.00000
 Src-osrc corr  11   7 o,n=   3.29687   3.29697
 Src-osrc corr  12   7 o,n=   0.00000   0.00058
 Src-osrc corr  15   7 o,n=   0.05373   0.05364
 Src-osrc corr  16   7 o,n=   0.00000   0.00118
 Src-osrc corr  11   8 o,n=   3.29697   3.30038
 Src-osrc corr  12   8 o,n=   0.00058   0.00385
 Src-osrc corr  15   8 o,n=   0.05364   0.05181
 Src-osrc corr  16   8 o,n=   0.00118   0.00776
 Src-osrc corr  11   9 o,n=   3.30038   3.27037
 Src-osrc corr  12   9 o,n=   0.00385   0.00000
 Src-osrc corr  15   9 o,n=   0.05181   0.61753
 Src-osrc corr  16   9 o,n=   0.00776   0.00000
 Src-osrc corr  11   1 o,n=   5.48076   3.29425
 Src-osrc corr  13   1 o,n=   5.48208   3.29658
 Src-osrc corr  11   3 o,n=   3.29425   3.29063
 Src-osrc corr  15   3 o,n=   0.00471   0.01310
 Src-osrc corr  11   4 o,n=   3.29063   3.29062
 Src-osrc corr  12   4 o,n=   0.00000   0.00075
 Src-osrc corr  15   4 o,n=   0.01310   0.01311
 Src-osrc corr  16   4 o,n=   0.00000   0.00152
 Src-osrc corr  11   5 o,n=   3.29062   3.29019
 Src-osrc corr  12   5 o,n=   0.00075   0.00263
 Src-osrc corr  15   5 o,n=   0.01311   0.01368
 Src-osrc corr  16   5 o,n=   0.00152   0.00533
 Src-osrc corr  11   6 o,n=   3.29019   3.29687
 Src-osrc corr  12   6 o,n=   0.00263   0.00000
 Src-osrc corr  15   6 o,n=   0.01368   0.05373
 Src-osrc corr  16   6 o,n=   0.00533   0.00000
 Src-osrc corr  11   7 o,n=   3.29687   3.29697
 Src-osrc corr  12   7 o,n=   0.00000   0.00058
 Src-osrc corr  15   7 o,n=   0.05373   0.05364
 Src-osrc corr  16   7 o,n=   0.00000   0.00118
 Src-osrc corr  11   8 o,n=   3.29697   3.30038
 Src-osrc corr  12   8 o,n=   0.00058   0.00385
 Src-osrc corr  15   8 o,n=   0.05364   0.05181
 Src-osrc corr  16   8 o,n=   0.00118   0.00776
 Src-osrc corr  11   9 o,n=   3.30038   3.27037
 Src-osrc corr  12   9 o,n=   0.00385   0.00000
 Src-osrc corr  15   9 o,n=   0.05181   0.61753
 Src-osrc corr  16   9 o,n=   0.00776   0.00000
 Src-osrc corr  11   1 o,n=   5.46701   3.28193
 Src-osrc corr  13   1 o,n=   5.46838   3.28434
 Src-osrc corr  11   3 o,n=   3.28193   3.27831
 Src-osrc corr  15   3 o,n=   0.00482   0.01317
 Src-osrc corr  11   4 o,n=   3.27831   3.27830
 Src-osrc corr  12   4 o,n=   0.00000   0.00075
 Src-osrc corr  15   4 o,n=   0.01317   0.01319
 Src-osrc corr  16   4 o,n=   0.00000   0.00153
 Src-osrc corr  11   5 o,n=   3.27830   3.27787
 Src-osrc corr  12   5 o,n=   0.00075   0.00262
 Src-osrc corr  15   5 o,n=   0.01319   0.01375
 Src-osrc corr  16   5 o,n=   0.00153   0.00532
 Src-osrc corr  11   6 o,n=   3.27787   3.28454
 Src-osrc corr  12   6 o,n=   0.00262   0.00000
 Src-osrc corr  15   6 o,n=   0.01375   0.05373
 Src-osrc corr  16   6 o,n=   0.00532   0.00000
 Src-osrc corr  11   7 o,n=   3.28454   3.28463
 Src-osrc corr  12   7 o,n=   0.00000   0.00059
 Src-osrc corr  15   7 o,n=   0.05373   0.05364
 Src-osrc corr  16   7 o,n=   0.00000   0.00118
 Src-osrc corr  11   8 o,n=   3.28463   3.28806
 Src-osrc corr  12   8 o,n=   0.00059   0.00385
 Src-osrc corr  15   8 o,n=   0.05364   0.05180
 Src-osrc corr  16   8 o,n=   0.00118   0.00775
 Src-osrc corr  11   9 o,n=   3.28806   3.25811
 Src-osrc corr  12   9 o,n=   0.00385   0.00000
 Src-osrc corr  15   9 o,n=   0.05180   0.61671
 Src-osrc corr  16   9 o,n=   0.00775   0.00000
 Src-osrc corr  11   1 o,n=   5.47787   3.29354
 Src-osrc corr  13   1 o,n=   5.47916   3.29581
 Src-osrc corr  12   2 o,n=   0.00000   0.00000
 Src-osrc corr  14   2 o,n=   0.00000   0.00000
 Src-osrc corr  11   3 o,n=   3.29354   3.28994
 Src-osrc corr  15   3 o,n=   0.00454   0.01295
 Src-osrc corr  11   4 o,n=   3.28994   3.28993
 Src-osrc corr  12   4 o,n=   0.00000   0.00075
 Src-osrc corr  15   4 o,n=   0.01295   0.01296
 Src-osrc corr  16   4 o,n=   0.00000   0.00152
 Src-osrc corr  11   5 o,n=   3.28993   3.28949
 Src-osrc corr  12   5 o,n=   0.00075   0.00263
 Src-osrc corr  15   5 o,n=   0.01296   0.01353
 Src-osrc corr  16   5 o,n=   0.00152   0.00532
 Src-osrc corr  11   6 o,n=   3.28949   3.29625
 Src-osrc corr  12   6 o,n=   0.00263   0.00001
 Src-osrc corr  15   6 o,n=   0.01353   0.05383
 Src-osrc corr  16   6 o,n=   0.00532   0.00001
 Src-osrc corr  11   7 o,n=   3.29625   3.29635
 Src-osrc corr  12   7 o,n=   0.00001   0.00058
 Src-osrc corr  15   7 o,n=   0.05383   0.05374
 Src-osrc corr  16   7 o,n=   0.00001   0.00117
 Src-osrc corr  11   8 o,n=   3.29635   3.29974
 Src-osrc corr  12   8 o,n=   0.00058   0.00386
 Src-osrc corr  15   8 o,n=   0.05374   0.05195
 Src-osrc corr  16   8 o,n=   0.00117   0.00777
 Src-osrc corr  11   9 o,n=   3.29974   3.27047
 Src-osrc corr  12   9 o,n=   0.00386   0.00001
 Src-osrc corr  15   9 o,n=   0.05195   0.61816
 Src-osrc corr  16   9 o,n=   0.00777   0.00001
 Src-osrc corr  12  10 o,n=   0.00001   0.00001
 Src-osrc corr  16  10 o,n=   0.00001   0.00001
 Src-osrc corr  11   1 o,n=   5.47793   3.29359
 Src-osrc corr  13   1 o,n=   5.47921   3.29586
 Src-osrc corr  12   2 o,n=   0.00000   0.00000
 Src-osrc corr  14   2 o,n=   0.00000   0.00000
 Src-osrc corr  11   3 o,n=   3.29359   3.28998
 Src-osrc corr  15   3 o,n=   0.00454   0.01295
 Src-osrc corr  11   4 o,n=   3.28998   3.28997
 Src-osrc corr  12   4 o,n=   0.00000   0.00075
 Src-osrc corr  15   4 o,n=   0.01295   0.01296
 Src-osrc corr  16   4 o,n=   0.00000   0.00152
 Src-osrc corr  11   5 o,n=   3.28997   3.28953
 Src-osrc corr  12   5 o,n=   0.00075   0.00263
 Src-osrc corr  15   5 o,n=   0.01296   0.01353
 Src-osrc corr  16   5 o,n=   0.00152   0.00532
 Src-osrc corr  11   6 o,n=   3.28953   3.29630
 Src-osrc corr  12   6 o,n=   0.00263   0.00001
 Src-osrc corr  15   6 o,n=   0.01353   0.05383
 Src-osrc corr  16   6 o,n=   0.00532   0.00001
 Src-osrc corr  11   7 o,n=   3.29630   3.29639
 Src-osrc corr  12   7 o,n=   0.00001   0.00058
 Src-osrc corr  15   7 o,n=   0.05383   0.05374
 Src-osrc corr  16   7 o,n=   0.00001   0.00117
 Src-osrc corr  11   8 o,n=   3.29639   3.29979
 Src-osrc corr  12   8 o,n=   0.00058   0.00386
 Src-osrc corr  15   8 o,n=   0.05374   0.05195
 Src-osrc corr  16   8 o,n=   0.00117   0.00777
 Src-osrc corr  11   9 o,n=   3.29979   3.27051
 Src-osrc corr  12   9 o,n=   0.00386   0.00001
 Src-osrc corr  15   9 o,n=   0.05195   0.61815
 Src-osrc corr  16   9 o,n=   0.00777   0.00001
 Src-osrc corr  12  10 o,n=   0.00001   0.00001
 Src-osrc corr  16  10 o,n=   0.00001   0.00001
 Src-osrc corr  11   1 o,n=   5.47779   3.29344
 Src-osrc corr  13   1 o,n=   5.47908   3.29571
 Src-osrc corr  12   2 o,n=   0.00000   0.00000
 Src-osrc corr  14   2 o,n=   0.00000   0.00000
 Src-osrc corr  11   3 o,n=   3.29344   3.28983
 Src-osrc corr  15   3 o,n=   0.00454   0.01295
 Src-osrc corr  11   4 o,n=   3.28983   3.28982
 Src-osrc corr  12   4 o,n=   0.00000   0.00075
 Src-osrc corr  15   4 o,n=   0.01295   0.01296
 Src-osrc corr  16   4 o,n=   0.00000   0.00152
 Src-osrc corr  11   5 o,n=   3.28982   3.28939
 Src-osrc corr  12   5 o,n=   0.00075   0.00263
 Src-osrc corr  15   5 o,n=   0.01296   0.01353
 Src-osrc corr  16   5 o,n=   0.00152   0.00532
 Src-osrc corr  11   6 o,n=   3.28939   3.29615
 Src-osrc corr  12   6 o,n=   0.00263   0.00001
 Src-osrc corr  15   6 o,n=   0.01353   0.05383
 Src-osrc corr  16   6 o,n=   0.00532   0.00001
 Src-osrc corr  11   7 o,n=   3.29615   3.29625
 Src-osrc corr  12   7 o,n=   0.00001   0.00058
 Src-osrc corr  15   7 o,n=   0.05383   0.05374
 Src-osrc corr  16   7 o,n=   0.00001   0.00117
 Src-osrc corr  11   8 o,n=   3.29625   3.29964
 Src-osrc corr  12   8 o,n=   0.00058   0.00386
 Src-osrc corr  15   8 o,n=   0.05374   0.05195
 Src-osrc corr  16   8 o,n=   0.00117   0.00777
 Src-osrc corr  11   9 o,n=   3.29964   3.27036
 Src-osrc corr  12   9 o,n=   0.00386   0.00001
 Src-osrc corr  15   9 o,n=   0.05195   0.61815
 Src-osrc corr  16   9 o,n=   0.00777   0.00001
 Src-osrc corr  12  10 o,n=   0.00001   0.00001
 Src-osrc corr  16  10 o,n=   0.00001   0.00001
 Reaction Xsec     8.0-/ 7 @ 1 =    10.675 , Out:   0.000#   0.086    0.475    0.475    0.176#   9.638f
 Src-osrc corr  12   2 o,n=   2.07552   0.88821
 Src-osrc corr  14   2 o,n=   2.07556   0.88825
 Src-osrc corr  11   4 o,n=   0.00000   0.00018
 Src-osrc corr  12   4 o,n=   0.88821   0.88673
 Src-osrc corr  15   4 o,n=   0.00000   0.00056
 Src-osrc corr  16   4 o,n=   0.00013   0.00707
 Src-osrc corr  11   5 o,n=   0.00018   0.00004
 Src-osrc corr  12   5 o,n=   0.88673   0.88666
 Src-osrc corr  15   5 o,n=   0.00056   0.00012
 Src-osrc corr  16   5 o,n=   0.00707   0.00761
 Src-osrc corr  11   6 o,n=   0.00004   0.00000
 Src-osrc corr  12   6 o,n=   0.88666   0.88666
 Src-osrc corr  15   6 o,n=   0.00012   0.00000
 Src-osrc corr  16   6 o,n=   0.00761   0.00762
 Src-osrc corr  11   7 o,n=   0.00000   0.00071
 Src-osrc corr  12   7 o,n=   0.88666   0.88868
 Src-osrc corr  15   7 o,n=   0.00000   0.00217
 Src-osrc corr  16   7 o,n=   0.00762   0.00812
 Src-osrc corr  11   8 o,n=   0.00071   0.00023
 Src-osrc corr  12   8 o,n=   0.88868   0.88900
 Src-osrc corr  15   8 o,n=   0.00217   0.00070
 Src-osrc corr  16   8 o,n=   0.00812   0.00870
 Src-osrc corr  11   9 o,n=   0.00023   0.00000
 Src-osrc corr  12   9 o,n=   0.88900   0.88900
 Src-osrc corr  15   9 o,n=   0.00070   0.00000
 Src-osrc corr  16   9 o,n=   0.00870   0.00871
 Src-osrc corr  12  10 o,n=   0.88900   0.88800
 Src-osrc corr  16  10 o,n=   0.00871   0.01199
 Src-osrc corr  12   2 o,n=   2.07552   0.88821
 Src-osrc corr  14   2 o,n=   2.07556   0.88825
 Src-osrc corr  11   4 o,n=   0.00000   0.00018
 Src-osrc corr  12   4 o,n=   0.88821   0.88673
 Src-osrc corr  15   4 o,n=   0.00000   0.00056
 Src-osrc corr  16   4 o,n=   0.00013   0.00707
 Src-osrc corr  11   5 o,n=   0.00018   0.00004
 Src-osrc corr  12   5 o,n=   0.88673   0.88666
 Src-osrc corr  15   5 o,n=   0.00056   0.00012
 Src-osrc corr  16   5 o,n=   0.00707   0.00761
 Src-osrc corr  11   6 o,n=   0.00004   0.00000
 Src-osrc corr  12   6 o,n=   0.88666   0.88666
 Src-osrc corr  15   6 o,n=   0.00012   0.00000
 Src-osrc corr  16   6 o,n=   0.00761   0.00762
 Src-osrc corr  11   7 o,n=   0.00000   0.00071
 Src-osrc corr  12   7 o,n=   0.88666   0.88868
 Src-osrc corr  15   7 o,n=   0.00000   0.00217
 Src-osrc corr  16   7 o,n=   0.00762   0.00812
 Src-osrc corr  11   8 o,n=   0.00071   0.00023
 Src-osrc corr  12   8 o,n=   0.88868   0.88900
 Src-osrc corr  15   8 o,n=   0.00217   0.00070
 Src-osrc corr  16   8 o,n=   0.00812   0.00870
 Src-osrc corr  11   9 o,n=   0.00023   0.00000
 Src-osrc corr  12   9 o,n=   0.88900   0.88900
 Src-osrc corr  15   9 o,n=   0.00070   0.00000
 Src-osrc corr  16   9 o,n=   0.00870   0.00871
 Src-osrc corr  12  10 o,n=   0.88900   0.88800
 Src-osrc corr  16  10 o,n=   0.00871   0.01199
 Src-osrc corr  12   2 o,n=   2.07475   0.88759
 Src-osrc corr  14   2 o,n=   2.07480   0.88763
 Src-osrc corr  11   4 o,n=   0.00000   0.00018
 Src-osrc corr  12   4 o,n=   0.88759   0.88611
 Src-osrc corr  15   4 o,n=   0.00000   0.00056
 Src-osrc corr  16   4 o,n=   0.00013   0.00707
 Src-osrc corr  11   5 o,n=   0.00018   0.00004
 Src-osrc corr  12   5 o,n=   0.88611   0.88604
 Src-osrc corr  15   5 o,n=   0.00056   0.00012
 Src-osrc corr  16   5 o,n=   0.00707   0.00761
 Src-osrc corr  11   6 o,n=   0.00004   0.00000
 Src-osrc corr  12   6 o,n=   0.88604   0.88603
 Src-osrc corr  15   6 o,n=   0.00012   0.00000
 Src-osrc corr  16   6 o,n=   0.00761   0.00762
 Src-osrc corr  11   7 o,n=   0.00000   0.00071
 Src-osrc corr  12   7 o,n=   0.88603   0.88806
 Src-osrc corr  15   7 o,n=   0.00000   0.00217
 Src-osrc corr  16   7 o,n=   0.00762   0.00812
 Src-osrc corr  11   8 o,n=   0.00071   0.00023
 Src-osrc corr  12   8 o,n=   0.88806   0.88838
 Src-osrc corr  15   8 o,n=   0.00217   0.00070
 Src-osrc corr  16   8 o,n=   0.00812   0.00870
 Src-osrc corr  11   9 o,n=   0.00023   0.00000
 Src-osrc corr  12   9 o,n=   0.88838   0.88838
 Src-osrc corr  15   9 o,n=   0.00070   0.00000
 Src-osrc corr  16   9 o,n=   0.00870   0.00871
 Src-osrc corr  12  10 o,n=   0.88838   0.88738
 Src-osrc corr  16  10 o,n=   0.00871   0.01199
 Src-osrc corr  11   1 o,n=   0.00787   0.00371
 Src-osrc corr  13   1 o,n=   0.00790   0.00372
 Src-osrc corr  12   2 o,n=   2.07533   0.88817
 Src-osrc corr  14   2 o,n=   2.07537   0.88820
 Src-osrc corr  11   3 o,n=   0.00371   0.00374
 Src-osrc corr  15   3 o,n=   0.00004   0.00018
 Src-osrc corr  11   4 o,n=   0.00374   0.00380
 Src-osrc corr  12   4 o,n=   0.88817   0.88669
 Src-osrc corr  15   4 o,n=   0.00018   0.00061
 Src-osrc corr  16   4 o,n=   0.00013   0.00707
 Src-osrc corr  11   5 o,n=   0.00380   0.00375
 Src-osrc corr  12   5 o,n=   0.88669   0.88661
 Src-osrc corr  15   5 o,n=   0.00061   0.00026
 Src-osrc corr  16   5 o,n=   0.00707   0.00767
 Src-osrc corr  11   6 o,n=   0.00375   0.00383
 Src-osrc corr  12   6 o,n=   0.88661   0.88661
 Src-osrc corr  15   6 o,n=   0.00026   0.00080
 Src-osrc corr  16   6 o,n=   0.00767   0.00763
 Src-osrc corr  11   7 o,n=   0.00383   0.00437
 Src-osrc corr  12   7 o,n=   0.88661   0.88864
 Src-osrc corr  15   7 o,n=   0.00080   0.00216
 Src-osrc corr  16   7 o,n=   0.00763   0.00813
 Src-osrc corr  11   8 o,n=   0.00437   0.00396
 Src-osrc corr  12   8 o,n=   0.88864   0.88898
 Src-osrc corr  15   8 o,n=   0.00216   0.00082
 Src-osrc corr  16   8 o,n=   0.00813   0.00872
 Src-osrc corr  11   9 o,n=   0.00396   0.00570
 Src-osrc corr  12   9 o,n=   0.88898   0.88897
 Src-osrc corr  15   9 o,n=   0.00082   0.00807
 Src-osrc corr  16   9 o,n=   0.00872   0.00871
 Src-osrc corr  12  10 o,n=   0.88897   0.88797
 Src-osrc corr  16  10 o,n=   0.00871   0.01200
 Src-osrc corr  11   1 o,n=   0.00787   0.00371
 Src-osrc corr  13   1 o,n=   0.00790   0.00372
 Src-osrc corr  12   2 o,n=   2.07533   0.88817
 Src-osrc corr  14   2 o,n=   2.07538   0.88820
 Src-osrc corr  11   3 o,n=   0.00371   0.00374
 Src-osrc corr  15   3 o,n=   0.00004   0.00018
 Src-osrc corr  11   4 o,n=   0.00374   0.00380
 Src-osrc corr  12   4 o,n=   0.88817   0.88669
 Src-osrc corr  15   4 o,n=   0.00018   0.00061
 Src-osrc corr  16   4 o,n=   0.00013   0.00707
 Src-osrc corr  11   5 o,n=   0.00380   0.00375
 Src-osrc corr  12   5 o,n=   0.88669   0.88661
 Src-osrc corr  15   5 o,n=   0.00061   0.00026
 Src-osrc corr  16   5 o,n=   0.00707   0.00767
 Src-osrc corr  11   6 o,n=   0.00375   0.00383
 Src-osrc corr  12   6 o,n=   0.88661   0.88661
 Src-osrc corr  15   6 o,n=   0.00026   0.00080
 Src-osrc corr  16   6 o,n=   0.00767   0.00763
 Src-osrc corr  11   7 o,n=   0.00383   0.00437
 Src-osrc corr  12   7 o,n=   0.88661   0.88864
 Src-osrc corr  15   7 o,n=   0.00080   0.00216
 Src-osrc corr  16   7 o,n=   0.00763   0.00813
 Src-osrc corr  11   8 o,n=   0.00437   0.00396
 Src-osrc corr  12   8 o,n=   0.88864   0.88898
 Src-osrc corr  15   8 o,n=   0.00216   0.00082
 Src-osrc corr  16   8 o,n=   0.00813   0.00872
 Src-osrc corr  11   9 o,n=   0.00396   0.00570
 Src-osrc corr  12   9 o,n=   0.88898   0.88897
 Src-osrc corr  15   9 o,n=   0.00082   0.00807
 Src-osrc corr  16   9 o,n=   0.00872   0.00871
 Src-osrc corr  12  10 o,n=   0.88897   0.88797
 Src-osrc corr  16  10 o,n=   0.00871   0.01200
 Src-osrc corr  11   1 o,n=   0.00009   0.00005
 Src-osrc corr  13   1 o,n=   0.00009   0.00005
 Src-osrc corr  12   2 o,n=   2.07533   0.88816
 Src-osrc corr  14   2 o,n=   2.07537   0.88820
 Src-osrc corr  11   3 o,n=   0.00005   0.00005
 Src-osrc corr  15   3 o,n=   0.00000   0.00000
 Src-osrc corr  11   4 o,n=   0.00005   0.00020
 Src-osrc corr  12   4 o,n=   0.88816   0.88669
 Src-osrc corr  15   4 o,n=   0.00000   0.00056
 Src-osrc corr  16   4 o,n=   0.00013   0.00708
 Src-osrc corr  11   5 o,n=   0.00020   0.00008
 Src-osrc corr  12   5 o,n=   0.88669   0.88661
 Src-osrc corr  15   5 o,n=   0.00056   0.00012
 Src-osrc corr  16   5 o,n=   0.00708   0.00762
 Src-osrc corr  11   6 o,n=   0.00008   0.00005
 Src-osrc corr  12   6 o,n=   0.88661   0.88661
 Src-osrc corr  15   6 o,n=   0.00012   0.00001
 Src-osrc corr  16   6 o,n=   0.00762   0.00763
 Src-osrc corr  11   7 o,n=   0.00005   0.00071
 Src-osrc corr  12   7 o,n=   0.88661   0.88864
 Src-osrc corr  15   7 o,n=   0.00001   0.00218
 Src-osrc corr  16   7 o,n=   0.00763   0.00813
 Src-osrc corr  11   8 o,n=   0.00071   0.00024
 Src-osrc corr  12   8 o,n=   0.88864   0.88896
 Src-osrc corr  15   8 o,n=   0.00218   0.00070
 Src-osrc corr  16   8 o,n=   0.00813   0.00871
 Src-osrc corr  11   9 o,n=   0.00024   0.00007
 Src-osrc corr  12   9 o,n=   0.88896   0.88897
 Src-osrc corr  15   9 o,n=   0.00070   0.00007
 Src-osrc corr  16   9 o,n=   0.00871   0.00871
 Src-osrc corr  12  10 o,n=   0.88897   0.88797
 Src-osrc corr  16  10 o,n=   0.00871   0.01200
 Reaction Xsec     8.0-/ 9 @ 2 =     0.700 , Out:   0.149/   0.385/   0.048    0.048    0.000#   0.604f

 Total SPIN, PARITY =     9.0 +,     16 chs,     16 cc.  Rmin & Coul turning =    1.4    9.2
 Src-osrc corr  11   1 o,n=   3.33024   1.72407
 Src-osrc corr  13   1 o,n=   3.33055   1.72452
 Src-osrc corr  11   3 o,n=   1.72407   1.72314
 Src-osrc corr  15   3 o,n=   0.00071   0.00322
 Src-osrc corr  11   4 o,n=   1.72314   1.72314
 Src-osrc corr  12   4 o,n=   0.00000   0.00016
 Src-osrc corr  15   4 o,n=   0.00322   0.00323
 Src-osrc corr  16   4 o,n=   0.00000   0.00032
 Src-osrc corr  11   5 o,n=   1.72314   1.72302
 Src-osrc corr  12   5 o,n=   0.00016   0.00062
 Src-osrc corr  15   5 o,n=   0.00323   0.00342
 Src-osrc corr  16   5 o,n=   0.00032   0.00125
 Src-osrc corr  11   6 o,n=   1.72302   1.72492
 Src-osrc corr  12   6 o,n=   0.00062   0.00000
 Src-osrc corr  15   6 o,n=   0.00342   0.01530
 Src-osrc corr  16   6 o,n=   0.00125   0.00000
 Src-osrc corr  11   7 o,n=   1.72492   1.72494
 Src-osrc corr  12   7 o,n=   0.00000   0.00013
 Src-osrc corr  15   7 o,n=   0.01530   0.01528
 Src-osrc corr  16   7 o,n=   0.00000   0.00027
 Src-osrc corr  11   8 o,n=   1.72494   1.72582
 Src-osrc corr  12   8 o,n=   0.00013   0.00098
 Src-osrc corr  15   8 o,n=   0.01528   0.01506
 Src-osrc corr  16   8 o,n=   0.00027   0.00197
 Src-osrc corr  11   9 o,n=   1.72582   1.71142
 Src-osrc corr  12   9 o,n=   0.00098   0.00000
 Src-osrc corr  15   9 o,n=   0.01506   0.16341
 Src-osrc corr  16   9 o,n=   0.00197   0.00000
 Src-osrc corr  11   1 o,n=   3.33024   1.72407
 Src-osrc corr  13   1 o,n=   3.33055   1.72452
 Src-osrc corr  11   3 o,n=   1.72407   1.72314
 Src-osrc corr  15   3 o,n=   0.00071   0.00322
 Src-osrc corr  11   4 o,n=   1.72314   1.72314
 Src-osrc corr  12   4 o,n=   0.00000   0.00016
 Src-osrc corr  15   4 o,n=   0.00322   0.00323
 Src-osrc corr  16   4 o,n=   0.00000   0.00032
 Src-osrc corr  11   5 o,n=   1.72314   1.72302
 Src-osrc corr  12   5 o,n=   0.00016   0.00062
 Src-osrc corr  15   5 o,n=   0.00323   0.00342
 Src-osrc corr  16   5 o,n=   0.00032   0.00125
 Src-osrc corr  11   6 o,n=   1.72302   1.72492
 Src-osrc corr  12   6 o,n=   0.00062   0.00000
 Src-osrc corr  15   6 o,n=   0.00342   0.01530
 Src-osrc corr  16   6 o,n=   0.00125   0.00000
 Src-osrc corr  11   7 o,n=   1.72492   1.72494
 Src-osrc corr  12   7 o,n=   0.00000   0.00013
 Src-osrc corr  15   7 o,n=   0.01530   0.01528
 Src-osrc corr  16   7 o,n=   0.00000   0.00027
 Src-osrc corr  11   8 o,n=   1.72494   1.72582
 Src-osrc corr  12   8 o,n=   0.00013   0.00098
 Src-osrc corr  15   8 o,n=   0.01528   0.01506
 Src-osrc corr  16   8 o,n=   0.00027   0.00197
 Src-osrc corr  11   9 o,n=   1.72582   1.71142
 Src-osrc corr  12   9 o,n=   0.00098   0.00000
 Src-osrc corr  15   9 o,n=   0.01506   0.16341
 Src-osrc corr  16   9 o,n=   0.00197   0.00000
 Src-osrc corr  11   1 o,n=   3.32714   1.72139
 Src-osrc corr  13   1 o,n=   3.32746   1.72185
 Src-osrc corr  11   3 o,n=   1.72139   1.72046
 Src-osrc corr  15   3 o,n=   0.00072   0.00323
 Src-osrc corr  11   4 o,n=   1.72046   1.72046
 Src-osrc corr  12   4 o,n=   0.00000   0.00016
 Src-osrc corr  15   4 o,n=   0.00323   0.00323
 Src-osrc corr  16   4 o,n=   0.00000   0.00032
 Src-osrc corr  11   5 o,n=   1.72046   1.72034
 Src-osrc corr  12   5 o,n=   0.00016   0.00062
 Src-osrc corr  15   5 o,n=   0.00323   0.00342
 Src-osrc corr  16   5 o,n=   0.00032   0.00125
 Src-osrc corr  11   6 o,n=   1.72034   1.72224
 Src-osrc corr  12   6 o,n=   0.00062   0.00000
 Src-osrc corr  15   6 o,n=   0.00342   0.01529
 Src-osrc corr  16   6 o,n=   0.00125   0.00000
 Src-osrc corr  11   7 o,n=   1.72224   1.72226
 Src-osrc corr  12   7 o,n=   0.00000   0.00013
 Src-osrc corr  15   7 o,n=   0.01529   0.01528
 Src-osrc corr  16   7 o,n=   0.00000   0.00027
 Src-osrc corr  11   8 o,n=   1.72226   1.72314
 Src-osrc corr  12   8 o,n=   0.00013   0.00098
 Src-osrc corr  15   8 o,n=   0.01528   0.01506
 Src-osrc corr  16   8 o,n=   0.00027   0.00197
 Src-osrc corr  11   9 o,n=   1.72314   1.70876
 Src-osrc corr  12   9 o,n=   0.00098   0.00000
 Src-osrc corr  15   9 o,n=   0.01506   0.16333
 Src-osrc corr  16   9 o,n=   0.00197   0.00000
 Src-osrc corr  11   1 o,n=   3.32982   1.72412
 Src-osrc corr  13   1 o,n=   3.33014   1.72457
 Src-osrc corr  11   3 o,n=   1.72412   1.72319
 Src-osrc corr  15   3 o,n=   0.00069   0.00321
 Src-osrc corr  11   4 o,n=   1.72319   1.72319
 Src-osrc corr  12   4 o,n=   0.00000   0.00016
 Src-osrc corr  15   4 o,n=   0.00321   0.00322
 Src-osrc corr  16   4 o,n=   0.00000   0.00032
 Src-osrc corr  11   5 o,n=   1.72319   1.72308
 Src-osrc corr  12   5 o,n=   0.00016   0.00062
 Src-osrc corr  15   5 o,n=   0.00322   0.00341
 Src-osrc corr  16   5 o,n=   0.00032   0.00125
 Src-osrc corr  11   6 o,n=   1.72308   1.72499
 Src-osrc corr  12   6 o,n=   0.00062   0.00000
 Src-osrc corr  15   6 o,n=   0.00341   0.01531
 Src-osrc corr  16   6 o,n=   0.00125   0.00000
 Src-osrc corr  11   7 o,n=   1.72499   1.72501
 Src-osrc corr  12   7 o,n=   0.00000   0.00013
 Src-osrc corr  15   7 o,n=   0.01531   0.01530
 Src-osrc corr  16   7 o,n=   0.00000   0.00027
 Src-osrc corr  11   8 o,n=   1.72501   1.72589
 Src-osrc corr  12   8 o,n=   0.00013   0.00098
 Src-osrc corr  15   8 o,n=   0.01530   0.01509
 Src-osrc corr  16   8 o,n=   0.00027   0.00197
 Src-osrc corr  11   9 o,n=   1.72589   1.71162
 Src-osrc corr  12   9 o,n=   0.00098   0.00000
 Src-osrc corr  15   9 o,n=   0.01509   0.16365
 Src-osrc corr  16   9 o,n=   0.00197   0.00000
 Src-osrc corr  11   1 o,n=   3.32983   1.72413
 Src-osrc corr  13   1 o,n=   3.33014   1.72458
 Src-osrc corr  12   2 o,n=   0.00000   0.00000
 Src-osrc corr  14   2 o,n=   0.00000   0.00000
 Src-osrc corr  11   3 o,n=   1.72413   1.72320
 Src-osrc corr  15   3 o,n=   0.00069   0.00321
 Src-osrc corr  11   4 o,n=   1.72320   1.72320
 Src-osrc corr  12   4 o,n=   0.00000   0.00016
 Src-osrc corr  15   4 o,n=   0.00321   0.00322
 Src-osrc corr  16   4 o,n=   0.00000   0.00032
 Src-osrc corr  11   5 o,n=   1.72320   1.72308
 Src-osrc corr  12   5 o,n=   0.00016   0.00062
 Src-osrc corr  15   5 o,n=   0.00322   0.00341
 Src-osrc corr  16   5 o,n=   0.00032   0.00125
 Src-osrc corr  11   6 o,n=   1.72308   1.72500
 Src-osrc corr  12   6 o,n=   0.00062   0.00000
 Src-osrc corr  15   6 o,n=   0.00341   0.01531
 Src-osrc corr  16   6 o,n=   0.00125   0.00000
 Src-osrc corr  11   7 o,n=   1.72500   1.72502
 Src-osrc corr  12   7 o,n=   0.00000   0.00013
 Src-osrc corr  15   7 o,n=   0.01531   0.01530
 Src-osrc corr  16   7 o,n=   0.00000   0.00027
 Src-osrc corr  11   8 o,n=   1.72502   1.72590
 Src-osrc corr  12   8 o,n=   0.00013   0.00098
 Src-osrc corr  15   8 o,n=   0.01530   0.01509
 Src-osrc corr  16   8 o,n=   0.00027   0.00197
 Src-osrc corr  11   9 o,n=   1.72590   1.71163
 Src-osrc corr  12   9 o,n=   0.00098   0.00000
 Src-osrc corr  15   9 o,n=   0.01509   0.16365
 Src-osrc corr  16   9 o,n=   0.00197   0.00000
 Src-osrc corr  12  10 o,n=   0.00000   0.00000
 Src-osrc corr  16  10 o,n=   0.00000   0.00000
 Reaction Xsec     9.0+/ 8 @ 1 =     3.028 , Out:   0.000#   4.233/   0.165    0.165    0.002#   2.693f
 Src-osrc corr  12   2 o,n=   1.30005   0.39142
 Src-osrc corr  14   2 o,n=   1.30005   0.39139
 Src-osrc corr  11   4 o,n=   0.00000   0.00004
 Src-osrc corr  12   4 o,n=   0.39142   0.39102
 Src-osrc corr  15   4 o,n=   0.00000   0.00014
 Src-osrc corr  16   4 o,n=   0.00005   0.00182
 Src-osrc corr  11   5 o,n=   0.00004   0.00001
 Src-osrc corr  12   5 o,n=   0.39102   0.39100
 Src-osrc corr  15   5 o,n=   0.00014   0.00003
 Src-osrc corr  16   5 o,n=   0.00182   0.00194
 Src-osrc corr  11   6 o,n=   0.00001   0.00000
 Src-osrc corr  12   6 o,n=   0.39100   0.39100
 Src-osrc corr  15   6 o,n=   0.00003   0.00000
 Src-osrc corr  16   6 o,n=   0.00194   0.00194
 Src-osrc corr  11   7 o,n=   0.00000   0.00017
 Src-osrc corr  12   7 o,n=   0.39100   0.39158
 Src-osrc corr  15   7 o,n=   0.00000   0.00052
 Src-osrc corr  16   7 o,n=   0.00194   0.00212
 Src-osrc corr  11   8 o,n=   0.00017   0.00005
 Src-osrc corr  12   8 o,n=   0.39158   0.39166
 Src-osrc corr  15   8 o,n=   0.00052   0.00015
 Src-osrc corr  16   8 o,n=   0.00212   0.00226
 Src-osrc corr  11   9 o,n=   0.00005   0.00000
 Src-osrc corr  12   9 o,n=   0.39166   0.39166
 Src-osrc corr  15   9 o,n=   0.00015   0.00000
 Src-osrc corr  16   9 o,n=   0.00226   0.00226
 Src-osrc corr  12  10 o,n=   0.39166   0.39137
 Src-osrc corr  16  10 o,n=   0.00226   0.00298
 Src-osrc corr  12   2 o,n=   1.30005   0.39142
 Src-osrc corr  14   2 o,n=   1.30005   0.39139
 Src-osrc corr  11   4 o,n=   0.00000   0.00004
 Src-osrc corr  12   4 o,n=   0.39142   0.39102
 Src-osrc corr  15   4 o,n=   0.00000   0.00014
 Src-osrc corr  16   4 o,n=   0.00005   0.00182
 Src-osrc corr  11   5 o,n=   0.00004   0.00001
 Src-osrc corr  12   5 o,n=   0.39102   0.39100
 Src-osrc corr  15   5 o,n=   0.00014   0.00003
 Src-osrc corr  16   5 o,n=   0.00182   0.00194
 Src-osrc corr  11   6 o,n=   0.00001   0.00000
 Src-osrc corr  12   6 o,n=   0.39100   0.39100
 Src-osrc corr  15   6 o,n=   0.00003   0.00000
 Src-osrc corr  16   6 o,n=   0.00194   0.00194
 Src-osrc corr  11   7 o,n=   0.00000   0.00017
 Src-osrc corr  12   7 o,n=   0.39100   0.39158
 Src-osrc corr  15   7 o,n=   0.00000   0.00052
 Src-osrc corr  16   7 o,n=   0.00194   0.00212
 Src-osrc corr  11   8 o,n=   0.00017   0.00005
 Src-osrc corr  12   8 o,n=   0.39158   0.39166
 Src-osrc corr  15   8 o,n=   0.00052   0.00015
 Src-osrc corr  16   8 o,n=   0.00212   0.00226
 Src-osrc corr  11   9 o,n=   0.00005   0.00000
 Src-osrc corr  12   9 o,n=   0.39166   0.39166
 Src-osrc corr  15   9 o,n=   0.00015   0.00000
 Src-osrc corr  16   9 o,n=   0.00226   0.00226
 Src-osrc corr  12  10 o,n=   0.39166   0.39137
 Src-osrc corr  16  10 o,n=   0.00226   0.00298
 Src-osrc corr  12   2 o,n=   1.29989   0.39129
 Src-osrc corr  14   2 o,n=   1.29988   0.39126
 Src-osrc corr  11   4 o,n=   0.00000   0.00004
 Src-osrc corr  12   4 o,n=   0.39129   0.39089
 Src-osrc corr  15   4 o,n=   0.00000   0.00014
 Src-osrc corr  16   4 o,n=   0.00005   0.00182
 Src-osrc corr  11   5 o,n=   0.00004   0.00001
 Src-osrc corr  12   5 o,n=   0.39089   0.39087
 Src-osrc corr  15   5 o,n=   0.00014   0.00003
 Src-osrc corr  16   5 o,n=   0.00182   0.00194
 Src-osrc corr  11   6 o,n=   0.00001   0.00000
 Src-osrc corr  12   6 o,n=   0.39087   0.39087
 Src-osrc corr  15   6 o,n=   0.00003   0.00000
 Src-osrc corr  16   6 o,n=   0.00194   0.00194
 Src-osrc corr  11   7 o,n=   0.00000   0.00017
 Src-osrc corr  12   7 o,n=   0.39087   0.39145
 Src-osrc corr  15   7 o,n=   0.00000   0.00052
 Src-osrc corr  16   7 o,n=   0.00194   0.00212
 Src-osrc corr  11   8 o,n=   0.00017   0.00005
 Src-osrc corr  12   8 o,n=   0.39145   0.39153
 Src-osrc corr  15   8 o,n=   0.00052   0.00015
 Src-osrc corr  16   8 o,n=   0.00212   0.00226
 Src-osrc corr  11   9 o,n=   0.00005   0.00000
 Src-osrc corr  12   9 o,n=   0.39153   0.39153
 Src-osrc corr  15   9 o,n=   0.00015   0.00000
 Src-osrc corr  16   9 o,n=   0.00226   0.00226
 Src-osrc corr  12  10 o,n=   0.39153   0.39124
 Src-osrc corr  16  10 o,n=   0.00226   0.00298
 Reaction Xsec     9.0+/10 @ 2 =     0.185 , Out:   0.532#   0.637/   0.013    0.013    0.000#   0.158f

 Total SPIN, PARITY =     9.0 -,     14 chs,     14 cc.  Rmin & Coul turning =    1.4    9.2
 Src-osrc corr   9   1 o,n=   1.50594   0.64430
 Src-osrc corr  10   1 o,n=   1.42912   0.61165
 Src-osrc corr  11   1 o,n=   1.50596   0.64433
 Src-osrc corr  12   1 o,n=   1.42915   0.61169
 Src-osrc corr   9   2 o,n=   0.64430   0.64413
 Src-osrc corr  10   2 o,n=   0.61165   0.61039
 Src-osrc corr  13   2 o,n=   0.00007   0.00097
 Src-osrc corr  14   2 o,n=   0.00009   0.00495
 Src-osrc corr   9   3 o,n=   0.64413   0.64412
 Src-osrc corr  10   3 o,n=   0.61039   0.61029
 Src-osrc corr  13   3 o,n=   0.00097   0.00102
 Src-osrc corr  14   3 o,n=   0.00495   0.00553
 Src-osrc corr   9   4 o,n=   0.64412   0.64404
 Src-osrc corr  10   4 o,n=   0.61029   0.61035
 Src-osrc corr  13   4 o,n=   0.00102   0.00113
 Src-osrc corr  14   4 o,n=   0.00553   0.00550
 Src-osrc corr   9   5 o,n=   0.64404   0.64460
 Src-osrc corr  10   5 o,n=   0.61035   0.61152
 Src-osrc corr  13   5 o,n=   0.00113   0.00302
 Src-osrc corr  14   5 o,n=   0.00550   0.00555
 Src-osrc corr   9   6 o,n=   0.64460   0.64463
 Src-osrc corr  10   6 o,n=   0.61152   0.61189
 Src-osrc corr  13   6 o,n=   0.00302   0.00316
 Src-osrc corr  14   6 o,n=   0.00555   0.00617
 Src-osrc corr   9   7 o,n=   0.64463   0.64501
 Src-osrc corr  10   7 o,n=   0.61189   0.61183
 Src-osrc corr  13   7 o,n=   0.00316   0.00329
 Src-osrc corr  14   7 o,n=   0.00617   0.00626
 Src-osrc corr   9   8 o,n=   0.64501   0.64138
 Src-osrc corr  10   8 o,n=   0.61183   0.61079
 Src-osrc corr  13   8 o,n=   0.00329   0.02956
 Src-osrc corr  14   8 o,n=   0.00626   0.01086
 Src-osrc corr   9   1 o,n=   1.50594   0.64430
 Src-osrc corr  10   1 o,n=   1.42912   0.61165
 Src-osrc corr  11   1 o,n=   1.50596   0.64433
 Src-osrc corr  12   1 o,n=   1.42915   0.61169
 Src-osrc corr   9   2 o,n=   0.64430   0.64413
 Src-osrc corr  10   2 o,n=   0.61165   0.61039
 Src-osrc corr  13   2 o,n=   0.00007   0.00097
 Src-osrc corr  14   2 o,n=   0.00009   0.00495
 Src-osrc corr   9   3 o,n=   0.64413   0.64412
 Src-osrc corr  10   3 o,n=   0.61039   0.61029
 Src-osrc corr  13   3 o,n=   0.00097   0.00102
 Src-osrc corr  14   3 o,n=   0.00495   0.00553
 Src-osrc corr   9   4 o,n=   0.64412   0.64404
 Src-osrc corr  10   4 o,n=   0.61029   0.61035
 Src-osrc corr  13   4 o,n=   0.00102   0.00113
 Src-osrc corr  14   4 o,n=   0.00553   0.00550
 Src-osrc corr   9   5 o,n=   0.64404   0.64460
 Src-osrc corr  10   5 o,n=   0.61035   0.61152
 Src-osrc corr  13   5 o,n=   0.00113   0.00302
 Src-osrc corr  14   5 o,n=   0.00550   0.00555
 Src-osrc corr   9   6 o,n=   0.64460   0.64463
 Src-osrc corr  10   6 o,n=   0.61152   0.61189
 Src-osrc corr  13   6 o,n=   0.00302   0.00316
 Src-osrc corr  14   6 o,n=   0.00555   0.00617
 Src-osrc corr   9   7 o,n=   0.64463   0.64501
 Src-osrc corr  10   7 o,n=   0.61189   0.61183
 Src-osrc corr  13   7 o,n=   0.00316   0.00329
 Src-osrc corr  14   7 o,n=   0.00617   0.00626
 Src-osrc corr   9   8 o,n=   0.64501   0.64138
 Src-osrc corr  10   8 o,n=   0.61183   0.61079
 Src-osrc corr  13   8 o,n=   0.00329   0.02956
 Src-osrc corr  14   8 o,n=   0.00626   0.01086
 Src-osrc corr   9   1 o,n=   1.50539   0.64386
 Src-osrc corr  10   1 o,n=   1.42860   0.61123
 Src-osrc corr  11   1 o,n=   1.50541   0.64389
 Src-osrc corr  12   1 o,n=   1.42863   0.61127
 Src-osrc corr   9   2 o,n=   0.64386   0.64368
 Src-osrc corr  10   2 o,n=   0.61123   0.60997
 Src-osrc corr  13   2 o,n=   0.00007   0.00097
 Src-osrc corr  14   2 o,n=   0.00009   0.00495
 Src-osrc corr   9   3 o,n=   0.64368   0.64367
 Src-osrc corr  10   3 o,n=   0.60997   0.60987
 Src-osrc corr  13   3 o,n=   0.00097   0.00102
 Src-osrc corr  14   3 o,n=   0.00495   0.00553
 Src-osrc corr   9   4 o,n=   0.64367   0.64360
 Src-osrc corr  10   4 o,n=   0.60987   0.60993
 Src-osrc corr  13   4 o,n=   0.00102   0.00113
 Src-osrc corr  14   4 o,n=   0.00553   0.00550
 Src-osrc corr   9   5 o,n=   0.64360   0.64416
 Src-osrc corr  10   5 o,n=   0.60993   0.61110
 Src-osrc corr  13   5 o,n=   0.00113   0.00302
 Src-osrc corr  14   5 o,n=   0.00550   0.00555
 Src-osrc corr   9   6 o,n=   0.64416   0.64418
 Src-osrc corr  10   6 o,n=   0.61110   0.61147
 Src-osrc corr  13   6 o,n=   0.00302   0.00316
 Src-osrc corr  14   6 o,n=   0.00555   0.00617
 Src-osrc corr   9   7 o,n=   0.64418   0.64457
 Src-osrc corr  10   7 o,n=   0.61147   0.61141
 Src-osrc corr  13   7 o,n=   0.00316   0.00329
 Src-osrc corr  14   7 o,n=   0.00617   0.00626
 Src-osrc corr   9   8 o,n=   0.64457   0.64094
 Src-osrc corr  10   8 o,n=   0.61141   0.61038
 Src-osrc corr  13   8 o,n=   0.00329   0.02956
 Src-osrc corr  14   8 o,n=   0.00626   0.01086
 Src-osrc corr   9   1 o,n=   1.50580   0.64427
 Src-osrc corr  10   1 o,n=   1.42899   0.61162
 Src-osrc corr  11   1 o,n=   1.50583   0.64429
 Src-osrc corr  12   1 o,n=   1.42902   0.61165
 Src-osrc corr   9   2 o,n=   0.64427   0.64409
 Src-osrc corr  10   2 o,n=   0.61162   0.61035
 Src-osrc corr  13   2 o,n=   0.00007   0.00097
 Src-osrc corr  14   2 o,n=   0.00009   0.00495
 Src-osrc corr   9   3 o,n=   0.64409   0.64408
 Src-osrc corr  10   3 o,n=   0.61035   0.61026
 Src-osrc corr  13   3 o,n=   0.00097   0.00102
 Src-osrc corr  14   3 o,n=   0.00495   0.00554
 Src-osrc corr   9   4 o,n=   0.64408   0.64400
 Src-osrc corr  10   4 o,n=   0.61026   0.61032
 Src-osrc corr  13   4 o,n=   0.00102   0.00113
 Src-osrc corr  14   4 o,n=   0.00554   0.00550
 Src-osrc corr   9   5 o,n=   0.64400   0.64457
 Src-osrc corr  10   5 o,n=   0.61032   0.61149
 Src-osrc corr  13   5 o,n=   0.00113   0.00302
 Src-osrc corr  14   5 o,n=   0.00550   0.00555
 Src-osrc corr   9   6 o,n=   0.64457   0.64459
 Src-osrc corr  10   6 o,n=   0.61149   0.61187
 Src-osrc corr  13   6 o,n=   0.00302   0.00316
 Src-osrc corr  14   6 o,n=   0.00555   0.00617
 Src-osrc corr   9   7 o,n=   0.64459   0.64498
 Src-osrc corr  10   7 o,n=   0.61187   0.61181
 Src-osrc corr  13   7 o,n=   0.00316   0.00329
 Src-osrc corr  14   7 o,n=   0.00617   0.00626
 Src-osrc corr   9   8 o,n=   0.64498   0.64137
 Src-osrc corr  10   8 o,n=   0.61181   0.61077
 Src-osrc corr  13   8 o,n=   0.00329   0.02960
 Src-osrc corr  14   8 o,n=   0.00626   0.01088
 Src-osrc corr   9   1 o,n=   1.50580   0.64427
 Src-osrc corr  10   1 o,n=   1.42899   0.61162
 Src-osrc corr  11   1 o,n=   1.50583   0.64429
 Src-osrc corr  12   1 o,n=   1.42902   0.61166
 Src-osrc corr   9   2 o,n=   0.64427   0.64409
 Src-osrc corr  10   2 o,n=   0.61162   0.61035
 Src-osrc corr  13   2 o,n=   0.00007   0.00097
 Src-osrc corr  14   2 o,n=   0.00009   0.00495
 Src-osrc corr   9   3 o,n=   0.64409   0.64408
 Src-osrc corr  10   3 o,n=   0.61035   0.61026
 Src-osrc corr  13   3 o,n=   0.00097   0.00102
 Src-osrc corr  14   3 o,n=   0.00495   0.00554
 Src-osrc corr   9   4 o,n=   0.64408   0.64400
 Src-osrc corr  10   4 o,n=   0.61026   0.61032
 Src-osrc corr  13   4 o,n=   0.00102   0.00113
 Src-osrc corr  14   4 o,n=   0.00554   0.00550
 Src-osrc corr   9   5 o,n=   0.64400   0.64457
 Src-osrc corr  10   5 o,n=   0.61032   0.61149
 Src-osrc corr  13   5 o,n=   0.00113   0.00302
 Src-osrc corr  14   5 o,n=   0.00550   0.00555
 Src-osrc corr   9   6 o,n=   0.64457   0.64460
 Src-osrc corr  10   6 o,n=   0.61149   0.61187
 Src-osrc corr  13   6 o,n=   0.00302   0.00316
 Src-osrc corr  14   6 o,n=   0.00555   0.00617
 Src-osrc corr   9   7 o,n=   0.64460   0.64498
 Src-osrc corr  10   7 o,n=   0.61187   0.61181
 Src-osrc corr  13   7 o,n=   0.00316   0.00329
 Src-osrc corr  14   7 o,n=   0.00617   0.00626
 Src-osrc corr   9   8 o,n=   0.64498   0.64137
 Src-osrc corr  10   8 o,n=   0.61181   0.61077
 Src-osrc corr  13   8 o,n=   0.00329   0.02960
 Src-osrc corr  14   8 o,n=   0.00626   0.01088
 Reaction Xsec     9.0-/ 9 @ 1 =     0.785 , Out:   0.000#   0.430/   0.053    0.053    0.000#   0.678f

 Total SPIN, PARITY =    10.0 +,     14 chs,     14 cc.  Rmin & Coul turning =    1.6   10.2
 Src-osrc corr   9   1 o,n=   0.94097   0.28326
 Src-osrc corr  10   1 o,n=   0.89728   0.27018
 Src-osrc corr  11   1 o,n=   0.94096   0.28325
 Src-osrc corr  12   1 o,n=   0.89728   0.27016
 Src-osrc corr   9   2 o,n=   0.28326   0.28321
 Src-osrc corr  10   2 o,n=   0.27018   0.26984
 Src-osrc corr  13   2 o,n=   0.00002   0.00024
 Src-osrc corr  14   2 o,n=   0.00004   0.00127
 Src-osrc corr   9   3 o,n=   0.28321   0.28321
 Src-osrc corr  10   3 o,n=   0.26984   0.26982
 Src-osrc corr  13   3 o,n=   0.00024   0.00025
 Src-osrc corr  14   3 o,n=   0.00127   0.00140
 Src-osrc corr   9   4 o,n=   0.28321   0.28319
 Src-osrc corr  10   4 o,n=   0.26982   0.26983
 Src-osrc corr  13   4 o,n=   0.00025   0.00029
 Src-osrc corr  14   4 o,n=   0.00140   0.00139
 Src-osrc corr   9   5 o,n=   0.28319   0.28335
 Src-osrc corr  10   5 o,n=   0.26983   0.27017
 Src-osrc corr  13   5 o,n=   0.00029   0.00084
 Src-osrc corr  14   5 o,n=   0.00139   0.00144
 Src-osrc corr   9   6 o,n=   0.28335   0.28336
 Src-osrc corr  10   6 o,n=   0.27017   0.27027
 Src-osrc corr  13   6 o,n=   0.00084   0.00087
 Src-osrc corr  14   6 o,n=   0.00144   0.00160
 Src-osrc corr   9   7 o,n=   0.28336   0.28345
 Src-osrc corr  10   7 o,n=   0.27027   0.27026
 Src-osrc corr  13   7 o,n=   0.00087   0.00092
 Src-osrc corr  14   7 o,n=   0.00160   0.00161
 Src-osrc corr   9   8 o,n=   0.28345   0.28239
 Src-osrc corr  10   8 o,n=   0.27026   0.26994
 Src-osrc corr  13   8 o,n=   0.00092   0.00754
 Src-osrc corr  14   8 o,n=   0.00161   0.00271
 Src-osrc corr   9   1 o,n=   0.94097   0.28326
 Src-osrc corr  10   1 o,n=   0.89728   0.27018
 Src-osrc corr  11   1 o,n=   0.94096   0.28325
 Src-osrc corr  12   1 o,n=   0.89728   0.27016
 Src-osrc corr   9   2 o,n=   0.28326   0.28321
 Src-osrc corr  10   2 o,n=   0.27018   0.26984
 Src-osrc corr  13   2 o,n=   0.00002   0.00024
 Src-osrc corr  14   2 o,n=   0.00004   0.00127
 Src-osrc corr   9   3 o,n=   0.28321   0.28321
 Src-osrc corr  10   3 o,n=   0.26984   0.26982
 Src-osrc corr  13   3 o,n=   0.00024   0.00025
 Src-osrc corr  14   3 o,n=   0.00127   0.00140
 Src-osrc corr   9   4 o,n=   0.28321   0.28319
 Src-osrc corr  10   4 o,n=   0.26982   0.26983
 Src-osrc corr  13   4 o,n=   0.00025   0.00029
 Src-osrc corr  14   4 o,n=   0.00140   0.00139
 Src-osrc corr   9   5 o,n=   0.28319   0.28335
 Src-osrc corr  10   5 o,n=   0.26983   0.27017
 Src-osrc corr  13   5 o,n=   0.00029   0.00084
 Src-osrc corr  14   5 o,n=   0.00139   0.00144
 Src-osrc corr   9   6 o,n=   0.28335   0.28336
 Src-osrc corr  10   6 o,n=   0.27017   0.27027
 Src-osrc corr  13   6 o,n=   0.00084   0.00087
 Src-osrc corr  14   6 o,n=   0.00144   0.00160
 Src-osrc corr   9   7 o,n=   0.28336   0.28345
 Src-osrc corr  10   7 o,n=   0.27027   0.27026
 Src-osrc corr  13   7 o,n=   0.00087   0.00092
 Src-osrc corr  14   7 o,n=   0.00160   0.00161
 Src-osrc corr   9   8 o,n=   0.28345   0.28239
 Src-osrc corr  10   8 o,n=   0.27026   0.26994
 Src-osrc corr  13   8 o,n=   0.00092   0.00754
 Src-osrc corr  14   8 o,n=   0.00161   0.00271
 Src-osrc corr   9   1 o,n=   0.94085   0.28317
 Src-osrc corr  10   1 o,n=   0.89717   0.27009
 Src-osrc corr  11   1 o,n=   0.94084   0.28316
 Src-osrc corr  12   1 o,n=   0.89716   0.27007
 Src-osrc corr   9   2 o,n=   0.28317   0.28312
 Src-osrc corr  10   2 o,n=   0.27009   0.26975
 Src-osrc corr  13   2 o,n=   0.00002   0.00024
 Src-osrc corr  14   2 o,n=   0.00004   0.00127
 Src-osrc corr   9   3 o,n=   0.28312   0.28312
 Src-osrc corr  10   3 o,n=   0.26975   0.26973
 Src-osrc corr  13   3 o,n=   0.00024   0.00025
 Src-osrc corr  14   3 o,n=   0.00127   0.00140
 Src-osrc corr   9   4 o,n=   0.28312   0.28309
 Src-osrc corr  10   4 o,n=   0.26973   0.26974
 Src-osrc corr  13   4 o,n=   0.00025   0.00029
 Src-osrc corr  14   4 o,n=   0.00140   0.00139
 Src-osrc corr   9   5 o,n=   0.28309   0.28326
 Src-osrc corr  10   5 o,n=   0.26974   0.27009
 Src-osrc corr  13   5 o,n=   0.00029   0.00084
 Src-osrc corr  14   5 o,n=   0.00139   0.00144
 Src-osrc corr   9   6 o,n=   0.28326   0.28327
 Src-osrc corr  10   6 o,n=   0.27009   0.27018
 Src-osrc corr  13   6 o,n=   0.00084   0.00087
 Src-osrc corr  14   6 o,n=   0.00144   0.00160
 Src-osrc corr   9   7 o,n=   0.28327   0.28336
 Src-osrc corr  10   7 o,n=   0.27018   0.27017
 Src-osrc corr  13   7 o,n=   0.00087   0.00092
 Src-osrc corr  14   7 o,n=   0.00160   0.00161
 Src-osrc corr   9   8 o,n=   0.28336   0.28230
 Src-osrc corr  10   8 o,n=   0.27017   0.26986
 Src-osrc corr  13   8 o,n=   0.00092   0.00754
 Src-osrc corr  14   8 o,n=   0.00161   0.00271
 Reaction Xsec    10.0+/10 @ 1 =     0.212 , Out:   0.000#   0.704/   0.015    0.015    0.000#   0.182f

 Total SPIN, PARITY =    10.0 -,     16 chs,     16 cc.  Rmin & Coul turning =    1.6   10.2
 Src-osrc corr  11   1 o,n=   2.07677   0.88860
 Src-osrc corr  13   1 o,n=   2.07680   0.88864
 Src-osrc corr  11   3 o,n=   0.88860   0.88834
 Src-osrc corr  15   3 o,n=   0.00010   0.00080
 Src-osrc corr  11   4 o,n=   0.88834   0.88834
 Src-osrc corr  12   4 o,n=   0.00000   0.00003
 Src-osrc corr  15   4 o,n=   0.00080   0.00080
 Src-osrc corr  16   4 o,n=   0.00000   0.00007
 Src-osrc corr  11   5 o,n=   0.88834   0.88830
 Src-osrc corr  12   5 o,n=   0.00003   0.00015
 Src-osrc corr  15   5 o,n=   0.00080   0.00087
 Src-osrc corr  16   5 o,n=   0.00007   0.00029
 Src-osrc corr  11   6 o,n=   0.88830   0.88887
 Src-osrc corr  12   6 o,n=   0.00015   0.00000
 Src-osrc corr  15   6 o,n=   0.00087   0.00425
 Src-osrc corr  16   6 o,n=   0.00029   0.00000
 Src-osrc corr  11   7 o,n=   0.88887   0.88887
 Src-osrc corr  12   7 o,n=   0.00000   0.00003
 Src-osrc corr  15   7 o,n=   0.00425   0.00425
 Src-osrc corr  16   7 o,n=   0.00000   0.00006
 Src-osrc corr  11   8 o,n=   0.88887   0.88910
 Src-osrc corr  12   8 o,n=   0.00003   0.00024
 Src-osrc corr  15   8 o,n=   0.00425   0.00426
 Src-osrc corr  16   8 o,n=   0.00006   0.00049
 Src-osrc corr  11   9 o,n=   0.88910   0.88395
 Src-osrc corr  12   9 o,n=   0.00024   0.00000
 Src-osrc corr  15   9 o,n=   0.00426   0.04235
 Src-osrc corr  16   9 o,n=   0.00049   0.00000
 Src-osrc corr  11   1 o,n=   2.07677   0.88860
 Src-osrc corr  13   1 o,n=   2.07680   0.88864
 Src-osrc corr  11   3 o,n=   0.88860   0.88834
 Src-osrc corr  15   3 o,n=   0.00010   0.00080
 Src-osrc corr  11   4 o,n=   0.88834   0.88834
 Src-osrc corr  12   4 o,n=   0.00000   0.00003
 Src-osrc corr  15   4 o,n=   0.00080   0.00080
 Src-osrc corr  16   4 o,n=   0.00000   0.00007
 Src-osrc corr  11   5 o,n=   0.88834   0.88830
 Src-osrc corr  12   5 o,n=   0.00003   0.00015
 Src-osrc corr  15   5 o,n=   0.00080   0.00087
 Src-osrc corr  16   5 o,n=   0.00007   0.00029
 Src-osrc corr  11   6 o,n=   0.88830   0.88887
 Src-osrc corr  12   6 o,n=   0.00015   0.00000
 Src-osrc corr  15   6 o,n=   0.00087   0.00425
 Src-osrc corr  16   6 o,n=   0.00029   0.00000
 Src-osrc corr  11   7 o,n=   0.88887   0.88887
 Src-osrc corr  12   7 o,n=   0.00000   0.00003
 Src-osrc corr  15   7 o,n=   0.00425   0.00425
 Src-osrc corr  16   7 o,n=   0.00000   0.00006
 Src-osrc corr  11   8 o,n=   0.88887   0.88910
 Src-osrc corr  12   8 o,n=   0.00003   0.00024
 Src-osrc corr  15   8 o,n=   0.00425   0.00426
 Src-osrc corr  16   8 o,n=   0.00006   0.00049
 Src-osrc corr  11   9 o,n=   0.88910   0.88395
 Src-osrc corr  12   9 o,n=   0.00024   0.00000
 Src-osrc corr  15   9 o,n=   0.00426   0.04235
 Src-osrc corr  16   9 o,n=   0.00049   0.00000
 Src-osrc corr  11   1 o,n=   2.07602   0.88800
 Src-osrc corr  13   1 o,n=   2.07606   0.88804
 Src-osrc corr  11   3 o,n=   0.88800   0.88774
 Src-osrc corr  15   3 o,n=   0.00010   0.00080
 Src-osrc corr  11   4 o,n=   0.88774   0.88773
 Src-osrc corr  12   4 o,n=   0.00000   0.00003
 Src-osrc corr  15   4 o,n=   0.00080   0.00080
 Src-osrc corr  16   4 o,n=   0.00000   0.00007
 Src-osrc corr  11   5 o,n=   0.88773   0.88770
 Src-osrc corr  12   5 o,n=   0.00003   0.00015
 Src-osrc corr  15   5 o,n=   0.00080   0.00087
 Src-osrc corr  16   5 o,n=   0.00007   0.00029
 Src-osrc corr  11   6 o,n=   0.88770   0.88827
 Src-osrc corr  12   6 o,n=   0.00015   0.00000
 Src-osrc corr  15   6 o,n=   0.00087   0.00425
 Src-osrc corr  16   6 o,n=   0.00029   0.00000
 Src-osrc corr  11   7 o,n=   0.88827   0.88827
 Src-osrc corr  12   7 o,n=   0.00000   0.00003
 Src-osrc corr  15   7 o,n=   0.00425   0.00425
 Src-osrc corr  16   7 o,n=   0.00000   0.00006
 Src-osrc corr  11   8 o,n=   0.88827   0.88850
 Src-osrc corr  12   8 o,n=   0.00003   0.00024
 Src-osrc corr  15   8 o,n=   0.00425   0.00426
 Src-osrc corr  16   8 o,n=   0.00006   0.00049
 Src-osrc corr  11   9 o,n=   0.88850   0.88335
 Src-osrc corr  12   9 o,n=   0.00024   0.00000
 Src-osrc corr  15   9 o,n=   0.00426   0.04235
 Src-osrc corr  16   9 o,n=   0.00049   0.00000
 Src-osrc corr  11   1 o,n=   2.07659   0.88855
 Src-osrc corr  13   1 o,n=   2.07662   0.88860
 Src-osrc corr  11   3 o,n=   0.88855   0.88829
 Src-osrc corr  15   3 o,n=   0.00010   0.00080
 Src-osrc corr  11   4 o,n=   0.88829   0.88829
 Src-osrc corr  12   4 o,n=   0.00000   0.00003
 Src-osrc corr  15   4 o,n=   0.00080   0.00080
 Src-osrc corr  16   4 o,n=   0.00000   0.00007
 Src-osrc corr  11   5 o,n=   0.88829   0.88826
 Src-osrc corr  12   5 o,n=   0.00003   0.00015
 Src-osrc corr  15   5 o,n=   0.00080   0.00087
 Src-osrc corr  16   5 o,n=   0.00007   0.00029
 Src-osrc corr  11   6 o,n=   0.88826   0.88883
 Src-osrc corr  12   6 o,n=   0.00015   0.00000
 Src-osrc corr  15   6 o,n=   0.00087   0.00426
 Src-osrc corr  16   6 o,n=   0.00029   0.00000
 Src-osrc corr  11   7 o,n=   0.88883   0.88883
 Src-osrc corr  12   7 o,n=   0.00000   0.00003
 Src-osrc corr  15   7 o,n=   0.00426   0.00425
 Src-osrc corr  16   7 o,n=   0.00000   0.00006
 Src-osrc corr  11   8 o,n=   0.88883   0.88906
 Src-osrc corr  12   8 o,n=   0.00003   0.00024
 Src-osrc corr  15   8 o,n=   0.00425   0.00426
 Src-osrc corr  16   8 o,n=   0.00006   0.00049
 Src-osrc corr  11   9 o,n=   0.88906   0.88393
 Src-osrc corr  12   9 o,n=   0.00024   0.00000
 Src-osrc corr  15   9 o,n=   0.00426   0.04240
 Src-osrc corr  16   9 o,n=   0.00049   0.00000
 Src-osrc corr  11   1 o,n=   2.07659   0.88855
 Src-osrc corr  13   1 o,n=   2.07662   0.88860
 Src-osrc corr  11   3 o,n=   0.88855   0.88829
 Src-osrc corr  15   3 o,n=   0.00010   0.00080
 Src-osrc corr  11   4 o,n=   0.88829   0.88829
 Src-osrc corr  12   4 o,n=   0.00000   0.00003
 Src-osrc corr  15   4 o,n=   0.00080   0.00080
 Src-osrc corr  16   4 o,n=   0.00000   0.00007
 Src-osrc corr  11   5 o,n=   0.88829   0.88826
 Src-osrc corr  12   5 o,n=   0.00003   0.00015
 Src-osrc corr  15   5 o,n=   0.00080   0.00087
 Src-osrc corr  16   5 o,n=   0.00007   0.00029
 Src-osrc corr  11   6 o,n=   0.88826   0.88883
 Src-osrc corr  12   6 o,n=   0.00015   0.00000
 Src-osrc corr  15   6 o,n=   0.00087   0.00426
 Src-osrc corr  16   6 o,n=   0.00029   0.00000
 Src-osrc corr  11   7 o,n=   0.88883   0.88883
 Src-osrc corr  12   7 o,n=   0.00000   0.00003
 Src-osrc corr  15   7 o,n=   0.00426   0.00425
 Src-osrc corr  16   7 o,n=   0.00000   0.00006
 Src-osrc corr  11   8 o,n=   0.88883   0.88906
 Src-osrc corr  12   8 o,n=   0.00003   0.00024
 Src-osrc corr  15   8 o,n=   0.00425   0.00426
 Src-osrc corr  16   8 o,n=   0.00006   0.00049
 Src-osrc corr  11   9 o,n=   0.88906   0.88393
 Src-osrc corr  12   9 o,n=   0.00024   0.00000
 Src-osrc corr  15   9 o,n=   0.00426   0.04240
 Src-osrc corr  16   9 o,n=   0.00049   0.00000
 Reaction Xsec    10.0-/ 9 @ 1 =     0.870 , Out:   0.000#   0.476/   0.059    0.059    0.000#   0.751f
 Src-osrc corr  12   2 o,n=   0.82742   0.14516
 Src-osrc corr  14   2 o,n=   0.82741   0.14514
 Src-osrc corr  11   4 o,n=   0.00000   0.00001
 Src-osrc corr  12   4 o,n=   0.14516   0.14508
 Src-osrc corr  15   4 o,n=   0.00000   0.00004
 Src-osrc corr  16   4 o,n=   0.00002   0.00044
 Src-osrc corr  11   5 o,n=   0.00001   0.00000
 Src-osrc corr  12   5 o,n=   0.14508   0.14508
 Src-osrc corr  15   5 o,n=   0.00004   0.00001
 Src-osrc corr  16   5 o,n=   0.00044   0.00047
 Src-osrc corr  11   6 o,n=   0.00000   0.00000
 Src-osrc corr  12   6 o,n=   0.14508   0.14508
 Src-osrc corr  15   6 o,n=   0.00001   0.00000
 Src-osrc corr  16   6 o,n=   0.00047   0.00047
 Src-osrc corr  11   7 o,n=   0.00000   0.00004
 Src-osrc corr  12   7 o,n=   0.14508   0.14525
 Src-osrc corr  15   7 o,n=   0.00000   0.00012
 Src-osrc corr  16   7 o,n=   0.00047   0.00059
 Src-osrc corr  11   8 o,n=   0.00004   0.00001
 Src-osrc corr  12   8 o,n=   0.14525   0.14528
 Src-osrc corr  15   8 o,n=   0.00012   0.00003
 Src-osrc corr  16   8 o,n=   0.00059   0.00063
 Src-osrc corr  11   9 o,n=   0.00001   0.00000
 Src-osrc corr  12   9 o,n=   0.14528   0.14528
 Src-osrc corr  15   9 o,n=   0.00003   0.00000
 Src-osrc corr  16   9 o,n=   0.00063   0.00063
 Src-osrc corr  12  10 o,n=   0.14528   0.14521
 Src-osrc corr  16  10 o,n=   0.00063   0.00079
 Src-osrc corr  12   2 o,n=   0.82742   0.14516
 Src-osrc corr  14   2 o,n=   0.82741   0.14514
 Src-osrc corr  11   4 o,n=   0.00000   0.00001
 Src-osrc corr  12   4 o,n=   0.14516   0.14508
 Src-osrc corr  15   4 o,n=   0.00000   0.00004
 Src-osrc corr  16   4 o,n=   0.00002   0.00044
 Src-osrc corr  11   5 o,n=   0.00001   0.00000
 Src-osrc corr  12   5 o,n=   0.14508   0.14508
 Src-osrc corr  15   5 o,n=   0.00004   0.00001
 Src-osrc corr  16   5 o,n=   0.00044   0.00047
 Src-osrc corr  11   6 o,n=   0.00000   0.00000
 Src-osrc corr  12   6 o,n=   0.14508   0.14508
 Src-osrc corr  15   6 o,n=   0.00001   0.00000
 Src-osrc corr  16   6 o,n=   0.00047   0.00047
 Src-osrc corr  11   7 o,n=   0.00000   0.00004
 Src-osrc corr  12   7 o,n=   0.14508   0.14525
 Src-osrc corr  15   7 o,n=   0.00000   0.00012
 Src-osrc corr  16   7 o,n=   0.00047   0.00059
 Src-osrc corr  11   8 o,n=   0.00004   0.00001
 Src-osrc corr  12   8 o,n=   0.14525   0.14528
 Src-osrc corr  15   8 o,n=   0.00012   0.00003
 Src-osrc corr  16   8 o,n=   0.00059   0.00063
 Src-osrc corr  11   9 o,n=   0.00001   0.00000
 Src-osrc corr  12   9 o,n=   0.14528   0.14528
 Src-osrc corr  15   9 o,n=   0.00003   0.00000
 Src-osrc corr  16   9 o,n=   0.00063   0.00063
 Src-osrc corr  12  10 o,n=   0.14528   0.14521
 Src-osrc corr  16  10 o,n=   0.00063   0.00079
 Reaction Xsec    10.0-/11 @ 2 =     0.054 , Out:   0.000#   0.648/   2.685/   2.685/   0.000#   0.048f

 Total SPIN, PARITY =    11.0 +,     16 chs,     16 cc.  Rmin & Coul turning =    1.7   11.1
 Src-osrc corr  11   1 o,n=   1.30037   0.39147
 Src-osrc corr  13   1 o,n=   1.30036   0.39146
 Src-osrc corr  11   3 o,n=   0.39147   0.39141
 Src-osrc corr  15   3 o,n=   0.00003   0.00019
 Src-osrc corr  11   4 o,n=   0.39141   0.39140
 Src-osrc corr  12   4 o,n=   0.00000   0.00001
 Src-osrc corr  15   4 o,n=   0.00019   0.00020
 Src-osrc corr  16   4 o,n=   0.00000   0.00001
 Src-osrc corr  11   5 o,n=   0.39140   0.39139
 Src-osrc corr  12   5 o,n=   0.00001   0.00003
 Src-osrc corr  15   5 o,n=   0.00020   0.00022
 Src-osrc corr  16   5 o,n=   0.00001   0.00007
 Src-osrc corr  11   6 o,n=   0.39139   0.39158
 Src-osrc corr  12   6 o,n=   0.00003   0.00000
 Src-osrc corr  15   6 o,n=   0.00022   0.00118
 Src-osrc corr  16   6 o,n=   0.00007   0.00000
 Src-osrc corr  11   7 o,n=   0.39158   0.39158
 Src-osrc corr  12   7 o,n=   0.00000   0.00001
 Src-osrc corr  15   7 o,n=   0.00118   0.00118
 Src-osrc corr  16   7 o,n=   0.00000   0.00001
 Src-osrc corr  11   8 o,n=   0.39158   0.39163
 Src-osrc corr  12   8 o,n=   0.00001   0.00006
 Src-osrc corr  15   8 o,n=   0.00118   0.00119
 Src-osrc corr  16   8 o,n=   0.00001   0.00012
 Src-osrc corr  11   9 o,n=   0.39163   0.39012
 Src-osrc corr  12   9 o,n=   0.00006   0.00000
 Src-osrc corr  15   9 o,n=   0.00119   0.01076
 Src-osrc corr  16   9 o,n=   0.00012   0.00000
 Src-osrc corr  11   1 o,n=   1.30037   0.39147
 Src-osrc corr  13   1 o,n=   1.30036   0.39146
 Src-osrc corr  11   3 o,n=   0.39147   0.39141
 Src-osrc corr  15   3 o,n=   0.00003   0.00019
 Src-osrc corr  11   4 o,n=   0.39141   0.39140
 Src-osrc corr  12   4 o,n=   0.00000   0.00001
 Src-osrc corr  15   4 o,n=   0.00019   0.00020
 Src-osrc corr  16   4 o,n=   0.00000   0.00001
 Src-osrc corr  11   5 o,n=   0.39140   0.39139
 Src-osrc corr  12   5 o,n=   0.00001   0.00003
 Src-osrc corr  15   5 o,n=   0.00020   0.00022
 Src-osrc corr  16   5 o,n=   0.00001   0.00007
 Src-osrc corr  11   6 o,n=   0.39139   0.39158
 Src-osrc corr  12   6 o,n=   0.00003   0.00000
 Src-osrc corr  15   6 o,n=   0.00022   0.00118
 Src-osrc corr  16   6 o,n=   0.00007   0.00000
 Src-osrc corr  11   7 o,n=   0.39158   0.39158
 Src-osrc corr  12   7 o,n=   0.00000   0.00001
 Src-osrc corr  15   7 o,n=   0.00118   0.00118
 Src-osrc corr  16   7 o,n=   0.00000   0.00001
 Src-osrc corr  11   8 o,n=   0.39158   0.39163
 Src-osrc corr  12   8 o,n=   0.00001   0.00006
 Src-osrc corr  15   8 o,n=   0.00118   0.00119
 Src-osrc corr  16   8 o,n=   0.00001   0.00012
 Src-osrc corr  11   9 o,n=   0.39163   0.39012
 Src-osrc corr  12   9 o,n=   0.00006   0.00000
 Src-osrc corr  15   9 o,n=   0.00119   0.01076
 Src-osrc corr  16   9 o,n=   0.00012   0.00000
 Src-osrc corr  11   1 o,n=   1.30021   0.39135
 Src-osrc corr  13   1 o,n=   1.30020   0.39134
 Src-osrc corr  11   3 o,n=   0.39135   0.39128
 Src-osrc corr  15   3 o,n=   0.00003   0.00019
 Src-osrc corr  11   4 o,n=   0.39128   0.39128
 Src-osrc corr  12   4 o,n=   0.00000   0.00001
 Src-osrc corr  15   4 o,n=   0.00019   0.00020
 Src-osrc corr  16   4 o,n=   0.00000   0.00001
 Src-osrc corr  11   5 o,n=   0.39128   0.39127
 Src-osrc corr  12   5 o,n=   0.00001   0.00003
 Src-osrc corr  15   5 o,n=   0.00020   0.00022
 Src-osrc corr  16   5 o,n=   0.00001   0.00007
 Src-osrc corr  11   6 o,n=   0.39127   0.39145
 Src-osrc corr  12   6 o,n=   0.00003   0.00000
 Src-osrc corr  15   6 o,n=   0.00022   0.00118
 Src-osrc corr  16   6 o,n=   0.00007   0.00000
 Src-osrc corr  11   7 o,n=   0.39145   0.39145
 Src-osrc corr  12   7 o,n=   0.00000   0.00001
 Src-osrc corr  15   7 o,n=   0.00118   0.00118
 Src-osrc corr  16   7 o,n=   0.00000   0.00001
 Src-osrc corr  11   8 o,n=   0.39145   0.39150
 Src-osrc corr  12   8 o,n=   0.00001   0.00006
 Src-osrc corr  15   8 o,n=   0.00118   0.00119
 Src-osrc corr  16   8 o,n=   0.00001   0.00012
 Src-osrc corr  11   9 o,n=   0.39150   0.39000
 Src-osrc corr  12   9 o,n=   0.00006   0.00000
 Src-osrc corr  15   9 o,n=   0.00119   0.01076
 Src-osrc corr  16   9 o,n=   0.00012   0.00000
 Reaction Xsec    11.0+/10 @ 1 =     0.232 , Out:   0.000#   0.770/   0.016    0.016    0.000#   0.199f
 Src-osrc corr  12   2 o,n=   0.57090   0.07570
 Src-osrc corr  14   2 o,n=   0.57089   0.07569
 Src-osrc corr  11   4 o,n=   0.00000   0.00000
 Src-osrc corr  12   4 o,n=   0.07570   0.07569
 Src-osrc corr  15   4 o,n=   0.00000   0.00001
 Src-osrc corr  16   4 o,n=   0.00001   0.00011
 Src-osrc corr  11   5 o,n=   0.00000   0.00000
 Src-osrc corr  12   5 o,n=   0.07569   0.07569
 Src-osrc corr  15   5 o,n=   0.00001   0.00000
 Src-osrc corr  16   5 o,n=   0.00011   0.00012
 Src-osrc corr  11   6 o,n=   0.00000   0.00000
 Src-osrc corr  12   6 o,n=   0.07569   0.07569
 Src-osrc corr  15   6 o,n=   0.00000   0.00000
 Src-osrc corr  16   6 o,n=   0.00012   0.00012
 Src-osrc corr  11   7 o,n=   0.00000   0.00001
 Src-osrc corr  12   7 o,n=   0.07569   0.07575
 Src-osrc corr  15   7 o,n=   0.00000   0.00003
 Src-osrc corr  16   7 o,n=   0.00012   0.00019
 Src-osrc corr  11   8 o,n=   0.00001   0.00000
 Src-osrc corr  12   8 o,n=   0.07575   0.07575
 Src-osrc corr  15   8 o,n=   0.00003   0.00001
 Src-osrc corr  16   8 o,n=   0.00019   0.00020
 Src-osrc corr  11   9 o,n=   0.00000   0.00000
 Src-osrc corr  12   9 o,n=   0.07575   0.07575
 Src-osrc corr  15   9 o,n=   0.00001   0.00000
 Src-osrc corr  16   9 o,n=   0.00020   0.00020
 Src-osrc corr  12  10 o,n=   0.07575   0.07574
 Src-osrc corr  16  10 o,n=   0.00020   0.00025
 Src-osrc corr  12   2 o,n=   0.57090   0.07570
 Src-osrc corr  14   2 o,n=   0.57089   0.07569
 Src-osrc corr  11   4 o,n=   0.00000   0.00000
 Src-osrc corr  12   4 o,n=   0.07570   0.07569
 Src-osrc corr  15   4 o,n=   0.00000   0.00001
 Src-osrc corr  16   4 o,n=   0.00001   0.00011
 Src-osrc corr  11   5 o,n=   0.00000   0.00000
 Src-osrc corr  12   5 o,n=   0.07569   0.07569
 Src-osrc corr  15   5 o,n=   0.00001   0.00000
 Src-osrc corr  16   5 o,n=   0.00011   0.00012
 Src-osrc corr  11   6 o,n=   0.00000   0.00000
 Src-osrc corr  12   6 o,n=   0.07569   0.07569
 Src-osrc corr  15   6 o,n=   0.00000   0.00000
 Src-osrc corr  16   6 o,n=   0.00012   0.00012
 Src-osrc corr  11   7 o,n=   0.00000   0.00001
 Src-osrc corr  12   7 o,n=   0.07569   0.07575
 Src-osrc corr  15   7 o,n=   0.00000   0.00003
 Src-osrc corr  16   7 o,n=   0.00012   0.00019
 Src-osrc corr  11   8 o,n=   0.00001   0.00000
 Src-osrc corr  12   8 o,n=   0.07575   0.07575
 Src-osrc corr  15   8 o,n=   0.00003   0.00001
 Src-osrc corr  16   8 o,n=   0.00019   0.00020
 Src-osrc corr  11   9 o,n=   0.00000   0.00000
 Src-osrc corr  12   9 o,n=   0.07575   0.07575
 Src-osrc corr  15   9 o,n=   0.00001   0.00000
 Src-osrc corr  16   9 o,n=   0.00020   0.00020
 Src-osrc corr  12  10 o,n=   0.07575   0.07574
 Src-osrc corr  16  10 o,n=   0.00020   0.00025
 Reaction Xsec    11.0+/12 @ 2 =     0.016 , Out:   0.000#   0.490/   1.365/   1.365/   0.000#   0.013f

 Total SPIN, PARITY =    11.0 -,     14 chs,     14 cc.  Rmin & Coul turning =    1.7   11.1
 Src-osrc corr   9   1 o,n=   0.59767   0.10484
 Src-osrc corr  10   1 o,n=   0.57225   0.10040
 Src-osrc corr  11   1 o,n=   0.59767   0.10483
 Src-osrc corr  12   1 o,n=   0.57225   0.10039
 Src-osrc corr   9   2 o,n=   0.10484   0.10483
 Src-osrc corr  10   2 o,n=   0.10040   0.10033
 Src-osrc corr  13   2 o,n=   0.00001   0.00006
 Src-osrc corr  14   2 o,n=   0.00002   0.00031
 Src-osrc corr   9   3 o,n=   0.10483   0.10483
 Src-osrc corr  10   3 o,n=   0.10033   0.10033
 Src-osrc corr  13   3 o,n=   0.00006   0.00006
 Src-osrc corr  14   3 o,n=   0.00031   0.00034
 Src-osrc corr   9   4 o,n=   0.10483   0.10482
 Src-osrc corr  10   4 o,n=   0.10033   0.10033
 Src-osrc corr  13   4 o,n=   0.00006   0.00007
 Src-osrc corr  14   4 o,n=   0.00034   0.00034
 Src-osrc corr   9   5 o,n=   0.10482   0.10488
 Src-osrc corr  10   5 o,n=   0.10033   0.10044
 Src-osrc corr  13   5 o,n=   0.00007   0.00024
 Src-osrc corr  14   5 o,n=   0.00034   0.00039
 Src-osrc corr   9   6 o,n=   0.10488   0.10488
 Src-osrc corr  10   6 o,n=   0.10044   0.10046
 Src-osrc corr  13   6 o,n=   0.00024   0.00025
 Src-osrc corr  14   6 o,n=   0.00039   0.00044
 Src-osrc corr   9   7 o,n=   0.10488   0.10490
 Src-osrc corr  10   7 o,n=   0.10046   0.10046
 Src-osrc corr  13   7 o,n=   0.00025   0.00026
 Src-osrc corr  14   7 o,n=   0.00044   0.00044
 Src-osrc corr   9   8 o,n=   0.10490   0.10466
 Src-osrc corr  10   8 o,n=   0.10046   0.10039
 Src-osrc corr  13   8 o,n=   0.00026   0.00191
 Src-osrc corr  14   8 o,n=   0.00044   0.00069
 Src-osrc corr   9   1 o,n=   0.59767   0.10484
 Src-osrc corr  10   1 o,n=   0.57225   0.10040
 Src-osrc corr  11   1 o,n=   0.59767   0.10483
 Src-osrc corr  12   1 o,n=   0.57225   0.10039
 Src-osrc corr   9   2 o,n=   0.10484   0.10483
 Src-osrc corr  10   2 o,n=   0.10040   0.10033
 Src-osrc corr  13   2 o,n=   0.00001   0.00006
 Src-osrc corr  14   2 o,n=   0.00002   0.00031
 Src-osrc corr   9   3 o,n=   0.10483   0.10483
 Src-osrc corr  10   3 o,n=   0.10033   0.10033
 Src-osrc corr  13   3 o,n=   0.00006   0.00006
 Src-osrc corr  14   3 o,n=   0.00031   0.00034
 Src-osrc corr   9   4 o,n=   0.10483   0.10482
 Src-osrc corr  10   4 o,n=   0.10033   0.10033
 Src-osrc corr  13   4 o,n=   0.00006   0.00007
 Src-osrc corr  14   4 o,n=   0.00034   0.00034
 Src-osrc corr   9   5 o,n=   0.10482   0.10488
 Src-osrc corr  10   5 o,n=   0.10033   0.10044
 Src-osrc corr  13   5 o,n=   0.00007   0.00024
 Src-osrc corr  14   5 o,n=   0.00034   0.00039
 Src-osrc corr   9   6 o,n=   0.10488   0.10488
 Src-osrc corr  10   6 o,n=   0.10044   0.10046
 Src-osrc corr  13   6 o,n=   0.00024   0.00025
 Src-osrc corr  14   6 o,n=   0.00039   0.00044
 Src-osrc corr   9   7 o,n=   0.10488   0.10490
 Src-osrc corr  10   7 o,n=   0.10046   0.10046
 Src-osrc corr  13   7 o,n=   0.00025   0.00026
 Src-osrc corr  14   7 o,n=   0.00044   0.00044
 Src-osrc corr   9   8 o,n=   0.10490   0.10466
 Src-osrc corr  10   8 o,n=   0.10046   0.10039
 Src-osrc corr  13   8 o,n=   0.00026   0.00191
 Src-osrc corr  14   8 o,n=   0.00044   0.00069
 Reaction Xsec    11.0-/11 @ 1 =     0.059 , Out:   0.000#   0.710/   2.940/   2.940/   0.000#   0.053f

 Total SPIN, PARITY =    12.0 +,     14 chs,     14 cc.  Rmin & Coul turning =    1.9   12.1
 Src-osrc corr   9   1 o,n=   0.41169   0.05458
 Src-osrc corr  10   1 o,n=   0.39554   0.05245
 Src-osrc corr  11   1 o,n=   0.41168   0.05458
 Src-osrc corr  12   1 o,n=   0.39554   0.05244
 Src-osrc corr   9   2 o,n=   0.05458   0.05458
 Src-osrc corr  10   2 o,n=   0.05245   0.05244
 Src-osrc corr  13   2 o,n=   0.00000   0.00001
 Src-osrc corr  14   2 o,n=   0.00001   0.00008
 Src-osrc corr   9   3 o,n=   0.05458   0.05458
 Src-osrc corr  10   3 o,n=   0.05244   0.05244
 Src-osrc corr  13   3 o,n=   0.00001   0.00001
 Src-osrc corr  14   3 o,n=   0.00008   0.00008
 Src-osrc corr   9   4 o,n=   0.05458   0.05458
 Src-osrc corr  10   4 o,n=   0.05244   0.05244
 Src-osrc corr  13   4 o,n=   0.00001   0.00002
 Src-osrc corr  14   4 o,n=   0.00008   0.00008
 Src-osrc corr   9   5 o,n=   0.05458   0.05460
 Src-osrc corr  10   5 o,n=   0.05244   0.05248
 Src-osrc corr  13   5 o,n=   0.00002   0.00007
 Src-osrc corr  14   5 o,n=   0.00008   0.00013
 Src-osrc corr   9   6 o,n=   0.05460   0.05460
 Src-osrc corr  10   6 o,n=   0.05248   0.05248
 Src-osrc corr  13   6 o,n=   0.00007   0.00008
 Src-osrc corr  14   6 o,n=   0.00013   0.00014
 Src-osrc corr   9   7 o,n=   0.05460   0.05460
 Src-osrc corr  10   7 o,n=   0.05248   0.05248
 Src-osrc corr  13   7 o,n=   0.00008   0.00008
 Src-osrc corr  14   7 o,n=   0.00014   0.00014
 Src-osrc corr   9   8 o,n=   0.05460   0.05456
 Src-osrc corr  10   8 o,n=   0.05248   0.05247
 Src-osrc corr  13   8 o,n=   0.00008   0.00050
 Src-osrc corr  14   8 o,n=   0.00014   0.00020
 Src-osrc corr   9   1 o,n=   0.41169   0.05458
 Src-osrc corr  10   1 o,n=   0.39554   0.05245
 Src-osrc corr  11   1 o,n=   0.41168   0.05458
 Src-osrc corr  12   1 o,n=   0.39554   0.05244
 Src-osrc corr   9   2 o,n=   0.05458   0.05458
 Src-osrc corr  10   2 o,n=   0.05245   0.05244
 Src-osrc corr  13   2 o,n=   0.00000   0.00001
 Src-osrc corr  14   2 o,n=   0.00001   0.00008
 Src-osrc corr   9   3 o,n=   0.05458   0.05458
 Src-osrc corr  10   3 o,n=   0.05244   0.05244
 Src-osrc corr  13   3 o,n=   0.00001   0.00001
 Src-osrc corr  14   3 o,n=   0.00008   0.00008
 Src-osrc corr   9   4 o,n=   0.05458   0.05458
 Src-osrc corr  10   4 o,n=   0.05244   0.05244
 Src-osrc corr  13   4 o,n=   0.00001   0.00002
 Src-osrc corr  14   4 o,n=   0.00008   0.00008
 Src-osrc corr   9   5 o,n=   0.05458   0.05460
 Src-osrc corr  10   5 o,n=   0.05244   0.05248
 Src-osrc corr  13   5 o,n=   0.00002   0.00007
 Src-osrc corr  14   5 o,n=   0.00008   0.00013
 Src-osrc corr   9   6 o,n=   0.05460   0.05460
 Src-osrc corr  10   6 o,n=   0.05248   0.05248
 Src-osrc corr  13   6 o,n=   0.00007   0.00008
 Src-osrc corr  14   6 o,n=   0.00013   0.00014
 Src-osrc corr   9   7 o,n=   0.05460   0.05460
 Src-osrc corr  10   7 o,n=   0.05248   0.05248
 Src-osrc corr  13   7 o,n=   0.00008   0.00008
 Src-osrc corr  14   7 o,n=   0.00014   0.00014
 Src-osrc corr   9   8 o,n=   0.05460   0.05456
 Src-osrc corr  10   8 o,n=   0.05248   0.05247
 Src-osrc corr  13   8 o,n=   0.00008   0.00050
 Src-osrc corr  14   8 o,n=   0.00014   0.00020
 Reaction Xsec    12.0+/12 @ 1 =     0.018 , Out:   0.000#   0.532/   1.484/   1.484/   0.000#   0.014f

 Total SPIN, PARITY =    12.0 -,     16 chs,     16 cc.  Rmin & Coul turning =    1.9   12.1
 Src-osrc corr  11   1 o,n=   0.82750   0.14516
 Src-osrc corr  13   1 o,n=   0.82749   0.14515
 Src-osrc corr  11   3 o,n=   0.14516   0.14514
 Src-osrc corr  15   3 o,n=   0.00001   0.00005
 Src-osrc corr  11   4 o,n=   0.14514   0.14514
 Src-osrc corr  12   4 o,n=   0.00000   0.00000
 Src-osrc corr  15   4 o,n=   0.00005   0.00005
 Src-osrc corr  16   4 o,n=   0.00000   0.00000
 Src-osrc corr  11   5 o,n=   0.14514   0.14514
 Src-osrc corr  12   5 o,n=   0.00000   0.00001
 Src-osrc corr  15   5 o,n=   0.00005   0.00005
 Src-osrc corr  16   5 o,n=   0.00000   0.00001
 Src-osrc corr  11   6 o,n=   0.14514   0.14520
 Src-osrc corr  12   6 o,n=   0.00001   0.00000
 Src-osrc corr  15   6 o,n=   0.00005   0.00033
 Src-osrc corr  16   6 o,n=   0.00001   0.00000
 Src-osrc corr  11   7 o,n=   0.14520   0.14520
 Src-osrc corr  12   7 o,n=   0.00000   0.00000
 Src-osrc corr  15   7 o,n=   0.00033   0.00033
 Src-osrc corr  16   7 o,n=   0.00000   0.00000
 Src-osrc corr  11   8 o,n=   0.14520   0.14521
 Src-osrc corr  12   8 o,n=   0.00000   0.00002
 Src-osrc corr  15   8 o,n=   0.00033   0.00034
 Src-osrc corr  16   8 o,n=   0.00000   0.00003
 Src-osrc corr  11   9 o,n=   0.14521   0.14487
 Src-osrc corr  12   9 o,n=   0.00002   0.00000
 Src-osrc corr  15   9 o,n=   0.00034   0.00273
 Src-osrc corr  16   9 o,n=   0.00003   0.00000
 Src-osrc corr  11   1 o,n=   0.82750   0.14516
 Src-osrc corr  13   1 o,n=   0.82749   0.14515
 Src-osrc corr  11   3 o,n=   0.14516   0.14514
 Src-osrc corr  15   3 o,n=   0.00001   0.00005
 Src-osrc corr  11   4 o,n=   0.14514   0.14514
 Src-osrc corr  12   4 o,n=   0.00000   0.00000
 Src-osrc corr  15   4 o,n=   0.00005   0.00005
 Src-osrc corr  16   4 o,n=   0.00000   0.00000
 Src-osrc corr  11   5 o,n=   0.14514   0.14514
 Src-osrc corr  12   5 o,n=   0.00000   0.00001
 Src-osrc corr  15   5 o,n=   0.00005   0.00005
 Src-osrc corr  16   5 o,n=   0.00000   0.00001
 Src-osrc corr  11   6 o,n=   0.14514   0.14520
 Src-osrc corr  12   6 o,n=   0.00001   0.00000
 Src-osrc corr  15   6 o,n=   0.00005   0.00033
 Src-osrc corr  16   6 o,n=   0.00001   0.00000
 Src-osrc corr  11   7 o,n=   0.14520   0.14520
 Src-osrc corr  12   7 o,n=   0.00000   0.00000
 Src-osrc corr  15   7 o,n=   0.00033   0.00033
 Src-osrc corr  16   7 o,n=   0.00000   0.00000
 Src-osrc corr  11   8 o,n=   0.14520   0.14521
 Src-osrc corr  12   8 o,n=   0.00000   0.00002
 Src-osrc corr  15   8 o,n=   0.00033   0.00034
 Src-osrc corr  16   8 o,n=   0.00000   0.00003
 Src-osrc corr  11   9 o,n=   0.14521   0.14487
 Src-osrc corr  12   9 o,n=   0.00002   0.00000
 Src-osrc corr  15   9 o,n=   0.00034   0.00273
 Src-osrc corr  16   9 o,n=   0.00003   0.00000
 Reaction Xsec    12.0-/11 @ 1 =     0.064 , Out:   0.000#   0.771/   3.196/   3.196/   0.000#   0.057f
 Src-osrc corr  12   2 o,n=   0.42569   0.06594
 Src-osrc corr  14   2 o,n=   0.42569   0.06594
 Src-osrc corr  11   4 o,n=   0.00000   0.00000
 Src-osrc corr  12   4 o,n=   0.06594   0.06595
 Src-osrc corr  15   4 o,n=   0.00000   0.00000
 Src-osrc corr  16   4 o,n=   0.00001   0.00003
 Src-osrc corr  11   5 o,n=   0.00000   0.00000
 Src-osrc corr  12   5 o,n=   0.06595   0.06595
 Src-osrc corr  15   5 o,n=   0.00000   0.00000
 Src-osrc corr  16   5 o,n=   0.00003   0.00004
 Src-osrc corr  11   6 o,n=   0.00000   0.00000
 Src-osrc corr  12   6 o,n=   0.06595   0.06595
 Src-osrc corr  15   6 o,n=   0.00000   0.00000
 Src-osrc corr  16   6 o,n=   0.00004   0.00004
 Src-osrc corr  11   7 o,n=   0.00000   0.00000
 Src-osrc corr  12   7 o,n=   0.06595   0.06597
 Src-osrc corr  15   7 o,n=   0.00000   0.00001
 Src-osrc corr  16   7 o,n=   0.00004   0.00007
 Src-osrc corr  11   8 o,n=   0.00000   0.00000
 Src-osrc corr  12   8 o,n=   0.06597   0.06597
 Src-osrc corr  15   8 o,n=   0.00001   0.00000
 Src-osrc corr  16   8 o,n=   0.00007   0.00008
 Src-osrc corr  11   9 o,n=   0.00000   0.00000
 Src-osrc corr  12   9 o,n=   0.06597   0.06597
 Src-osrc corr  15   9 o,n=   0.00000   0.00000
 Src-osrc corr  16   9 o,n=   0.00008   0.00008
 Src-osrc corr  12  10 o,n=   0.06597   0.06597
 Src-osrc corr  16  10 o,n=   0.00008   0.00009
 Src-osrc corr  12   2 o,n=   0.42569   0.06594
 Src-osrc corr  14   2 o,n=   0.42569   0.06594
 Src-osrc corr  11   4 o,n=   0.00000   0.00000
 Src-osrc corr  12   4 o,n=   0.06594   0.06595
 Src-osrc corr  15   4 o,n=   0.00000   0.00000
 Src-osrc corr  16   4 o,n=   0.00001   0.00003
 Src-osrc corr  11   5 o,n=   0.00000   0.00000
 Src-osrc corr  12   5 o,n=   0.06595   0.06595
 Src-osrc corr  15   5 o,n=   0.00000   0.00000
 Src-osrc corr  16   5 o,n=   0.00003   0.00004
 Src-osrc corr  11   6 o,n=   0.00000   0.00000
 Src-osrc corr  12   6 o,n=   0.06595   0.06595
 Src-osrc corr  15   6 o,n=   0.00000   0.00000
 Src-osrc corr  16   6 o,n=   0.00004   0.00004
 Src-osrc corr  11   7 o,n=   0.00000   0.00000
 Src-osrc corr  12   7 o,n=   0.06595   0.06597
 Src-osrc corr  15   7 o,n=   0.00000   0.00001
 Src-osrc corr  16   7 o,n=   0.00004   0.00007
 Src-osrc corr  11   8 o,n=   0.00000   0.00000
 Src-osrc corr  12   8 o,n=   0.06597   0.06597
 Src-osrc corr  15   8 o,n=   0.00001   0.00000
 Src-osrc corr  16   8 o,n=   0.00007   0.00008
 Src-osrc corr  11   9 o,n=   0.00000   0.00000
 Src-osrc corr  12   9 o,n=   0.06597   0.06597
 Src-osrc corr  15   9 o,n=   0.00000   0.00000
 Src-osrc corr  16   9 o,n=   0.00008   0.00008
 Src-osrc corr  12  10 o,n=   0.06597   0.06597
 Src-osrc corr  16  10 o,n=   0.00008   0.00009
 Reaction Xsec    12.0-/13 @ 2 =     7.663/, Out:   0.000#   0.328/   1.896/   1.896/   0.000#   0.004f

 Total SPIN, PARITY =    13.0 +,     16 chs,     16 cc.  Rmin & Coul turning =    2.0   13.0
 Src-osrc corr  11   1 o,n=   0.57092   0.07569
 Src-osrc corr  13   1 o,n=   0.57092   0.07569
 Src-osrc corr  11   3 o,n=   0.07569   0.07569
 Src-osrc corr  15   3 o,n=   0.00001   0.00001
 Src-osrc corr  11   4 o,n=   0.07569   0.07569
 Src-osrc corr  12   4 o,n=   0.00000   0.00000
 Src-osrc corr  15   4 o,n=   0.00001   0.00001
 Src-osrc corr  16   4 o,n=   0.00000   0.00000
 Src-osrc corr  11   5 o,n=   0.07569   0.07569
 Src-osrc corr  12   5 o,n=   0.00000   0.00000
 Src-osrc corr  15   5 o,n=   0.00001   0.00001
 Src-osrc corr  16   5 o,n=   0.00000   0.00000
 Src-osrc corr  11   6 o,n=   0.07569   0.07571
 Src-osrc corr  12   6 o,n=   0.00000   0.00000
 Src-osrc corr  15   6 o,n=   0.00001   0.00010
 Src-osrc corr  16   6 o,n=   0.00000   0.00000
 Src-osrc corr  11   7 o,n=   0.07571   0.07571
 Src-osrc corr  12   7 o,n=   0.00000   0.00000
 Src-osrc corr  15   7 o,n=   0.00010   0.00010
 Src-osrc corr  16   7 o,n=   0.00000   0.00000
 Src-osrc corr  11   8 o,n=   0.07571   0.07571
 Src-osrc corr  12   8 o,n=   0.00000   0.00000
 Src-osrc corr  15   8 o,n=   0.00010   0.00010
 Src-osrc corr  16   8 o,n=   0.00000   0.00001
 Src-osrc corr  11   9 o,n=   0.07571   0.07566
 Src-osrc corr  12   9 o,n=   0.00000   0.00000
 Src-osrc corr  15   9 o,n=   0.00010   0.00072
 Src-osrc corr  16   9 o,n=   0.00001   0.00000
 Src-osrc corr  11   1 o,n=   0.57092   0.07569
 Src-osrc corr  13   1 o,n=   0.57092   0.07569
 Src-osrc corr  11   3 o,n=   0.07569   0.07569
 Src-osrc corr  15   3 o,n=   0.00001   0.00001
 Src-osrc corr  11   4 o,n=   0.07569   0.07569
 Src-osrc corr  12   4 o,n=   0.00000   0.00000
 Src-osrc corr  15   4 o,n=   0.00001   0.00001
 Src-osrc corr  16   4 o,n=   0.00000   0.00000
 Src-osrc corr  11   5 o,n=   0.07569   0.07569
 Src-osrc corr  12   5 o,n=   0.00000   0.00000
 Src-osrc corr  15   5 o,n=   0.00001   0.00001
 Src-osrc corr  16   5 o,n=   0.00000   0.00000
 Src-osrc corr  11   6 o,n=   0.07569   0.07571
 Src-osrc corr  12   6 o,n=   0.00000   0.00000
 Src-osrc corr  15   6 o,n=   0.00001   0.00010
 Src-osrc corr  16   6 o,n=   0.00000   0.00000
 Src-osrc corr  11   7 o,n=   0.07571   0.07571
 Src-osrc corr  12   7 o,n=   0.00000   0.00000
 Src-osrc corr  15   7 o,n=   0.00010   0.00010
 Src-osrc corr  16   7 o,n=   0.00000   0.00000
 Src-osrc corr  11   8 o,n=   0.07571   0.07571
 Src-osrc corr  12   8 o,n=   0.00000   0.00000
 Src-osrc corr  15   8 o,n=   0.00010   0.00010
 Src-osrc corr  16   8 o,n=   0.00000   0.00001
 Src-osrc corr  11   9 o,n=   0.07571   0.07566
 Src-osrc corr  12   9 o,n=   0.00000   0.00000
 Src-osrc corr  15   9 o,n=   0.00010   0.00072
 Src-osrc corr  16   9 o,n=   0.00001   0.00000
 Reaction Xsec    13.0+/12 @ 1 =     0.019 , Out:   0.000#   0.575/   1.602/   1.602/   0.000#   0.015f
 Src-osrc corr  12   2 o,n=   0.31382   0.05203
 Src-osrc corr  14   2 o,n=   0.31382   0.05202
 Src-osrc corr  11   4 o,n=   0.00000   0.00000
 Src-osrc corr  12   4 o,n=   0.05203   0.05203
 Src-osrc corr  15   4 o,n=   0.00000   0.00000
 Src-osrc corr  16   4 o,n=   0.00000   0.00002
 Src-osrc corr  11   5 o,n=   0.00000   0.00000
 Src-osrc corr  12   5 o,n=   0.05203   0.05203
 Src-osrc corr  15   5 o,n=   0.00000   0.00000
 Src-osrc corr  16   5 o,n=   0.00002   0.00002
 Src-osrc corr  11   6 o,n=   0.00000   0.00000
 Src-osrc corr  12   6 o,n=   0.05203   0.05203
 Src-osrc corr  15   6 o,n=   0.00000   0.00000
 Src-osrc corr  16   6 o,n=   0.00002   0.00002
 Src-osrc corr  11   7 o,n=   0.00000   0.00000
 Src-osrc corr  12   7 o,n=   0.05203   0.05204
 Src-osrc corr  15   7 o,n=   0.00000   0.00000
 Src-osrc corr  16   7 o,n=   0.00002   0.00003
 Src-osrc corr  11   8 o,n=   0.00000   0.00000
 Src-osrc corr  12   8 o,n=   0.05204   0.05204
 Src-osrc corr  15   8 o,n=   0.00000   0.00000
 Src-osrc corr  16   8 o,n=   0.00003   0.00003
 Src-osrc corr  11   9 o,n=   0.00000   0.00000
 Src-osrc corr  12   9 o,n=   0.05204   0.05204
 Src-osrc corr  15   9 o,n=   0.00000   0.00000
 Src-osrc corr  16   9 o,n=   0.00003   0.00003
 Src-osrc corr  12  10 o,n=   0.05204   0.05204
 Src-osrc corr  16  10 o,n=   0.00003   0.00004
 Src-osrc corr  12   2 o,n=   0.31382   0.05203
 Src-osrc corr  14   2 o,n=   0.31382   0.05202
 Src-osrc corr  11   4 o,n=   0.00000   0.00000
 Src-osrc corr  12   4 o,n=   0.05203   0.05203
 Src-osrc corr  15   4 o,n=   0.00000   0.00000
 Src-osrc corr  16   4 o,n=   0.00000   0.00002
 Src-osrc corr  11   5 o,n=   0.00000   0.00000
 Src-osrc corr  12   5 o,n=   0.05203   0.05203
 Src-osrc corr  15   5 o,n=   0.00000   0.00000
 Src-osrc corr  16   5 o,n=   0.00002   0.00002
 Src-osrc corr  11   6 o,n=   0.00000   0.00000
 Src-osrc corr  12   6 o,n=   0.05203   0.05203
 Src-osrc corr  15   6 o,n=   0.00000   0.00000
 Src-osrc corr  16   6 o,n=   0.00002   0.00002
 Src-osrc corr  11   7 o,n=   0.00000   0.00000
 Src-osrc corr  12   7 o,n=   0.05203   0.05204
 Src-osrc corr  15   7 o,n=   0.00000   0.00000
 Src-osrc corr  16   7 o,n=   0.00002   0.00003
 Src-osrc corr  11   8 o,n=   0.00000   0.00000
 Src-osrc corr  12   8 o,n=   0.05204   0.05204
 Src-osrc corr  15   8 o,n=   0.00000   0.00000
 Src-osrc corr  16   8 o,n=   0.00003   0.00003
 Src-osrc corr  11   9 o,n=   0.00000   0.00000
 Src-osrc corr  12   9 o,n=   0.05204   0.05204
 Src-osrc corr  15   9 o,n=   0.00000   0.00000
 Src-osrc corr  16   9 o,n=   0.00003   0.00003
 Src-osrc corr  12  10 o,n=   0.05204   0.05204
 Src-osrc corr  16  10 o,n=   0.00003   0.00004
 Reaction Xsec    13.0+/14 @ 2 =     4.642/, Out:   0.000#   0.255/   1.777/   1.777/   0.000#   0.001f

 Total SPIN, PARITY =    13.0 -,     14 chs,     14 cc.  Rmin & Coul turning =    2.0   13.0
 Src-osrc corr   9   1 o,n=   0.30654   0.04748
 Src-osrc corr  10   1 o,n=   0.29539   0.04576
 Src-osrc corr  11   1 o,n=   0.30653   0.04748
 Src-osrc corr  12   1 o,n=   0.29538   0.04575
 Src-osrc corr   9   2 o,n=   0.04748   0.04748
 Src-osrc corr  10   2 o,n=   0.04576   0.04576
 Src-osrc corr  13   2 o,n=   0.00000   0.00001
 Src-osrc corr  14   2 o,n=   0.00000   0.00002
 Src-osrc corr   9   3 o,n=   0.04748   0.04748
 Src-osrc corr  10   3 o,n=   0.04576   0.04576
 Src-osrc corr  13   3 o,n=   0.00001   0.00001
 Src-osrc corr  14   3 o,n=   0.00002   0.00003
 Src-osrc corr   9   4 o,n=   0.04748   0.04748
 Src-osrc corr  10   4 o,n=   0.04576   0.04576
 Src-osrc corr  13   4 o,n=   0.00001   0.00000
 Src-osrc corr  14   4 o,n=   0.00003   0.00003
 Src-osrc corr   9   5 o,n=   0.04748   0.04749
 Src-osrc corr  10   5 o,n=   0.04576   0.04577
 Src-osrc corr  13   5 o,n=   0.00000   0.00003
 Src-osrc corr  14   5 o,n=   0.00003   0.00005
 Src-osrc corr   9   6 o,n=   0.04749   0.04749
 Src-osrc corr  10   6 o,n=   0.04577   0.04577
 Src-osrc corr  13   6 o,n=   0.00003   0.00003
 Src-osrc corr  14   6 o,n=   0.00005   0.00005
 Src-osrc corr   9   7 o,n=   0.04749   0.04749
 Src-osrc corr  10   7 o,n=   0.04577   0.04577
 Src-osrc corr  13   7 o,n=   0.00003   0.00002
 Src-osrc corr  14   7 o,n=   0.00005   0.00005
 Src-osrc corr   9   8 o,n=   0.04749   0.04749
 Src-osrc corr  10   8 o,n=   0.04577   0.04577
 Src-osrc corr  13   8 o,n=   0.00002   0.00015
 Src-osrc corr  14   8 o,n=   0.00005   0.00008
 Src-osrc corr   9   1 o,n=   0.30654   0.04748
 Src-osrc corr  10   1 o,n=   0.29539   0.04576
 Src-osrc corr  11   1 o,n=   0.30653   0.04748
 Src-osrc corr  12   1 o,n=   0.29538   0.04575
 Src-osrc corr   9   2 o,n=   0.04748   0.04748
 Src-osrc corr  10   2 o,n=   0.04576   0.04576
 Src-osrc corr  13   2 o,n=   0.00000   0.00001
 Src-osrc corr  14   2 o,n=   0.00000   0.00002
 Src-osrc corr   9   3 o,n=   0.04748   0.04748
 Src-osrc corr  10   3 o,n=   0.04576   0.04576
 Src-osrc corr  13   3 o,n=   0.00001   0.00001
 Src-osrc corr  14   3 o,n=   0.00002   0.00003
 Src-osrc corr   9   4 o,n=   0.04748   0.04748
 Src-osrc corr  10   4 o,n=   0.04576   0.04576
 Src-osrc corr  13   4 o,n=   0.00001   0.00000
 Src-osrc corr  14   4 o,n=   0.00003   0.00003
 Src-osrc corr   9   5 o,n=   0.04748   0.04749
 Src-osrc corr  10   5 o,n=   0.04576   0.04577
 Src-osrc corr  13   5 o,n=   0.00000   0.00003
 Src-osrc corr  14   5 o,n=   0.00003   0.00005
 Src-osrc corr   9   6 o,n=   0.04749   0.04749
 Src-osrc corr  10   6 o,n=   0.04577   0.04577
 Src-osrc corr  13   6 o,n=   0.00003   0.00003
 Src-osrc corr  14   6 o,n=   0.00005   0.00005
 Src-osrc corr   9   7 o,n=   0.04749   0.04749
 Src-osrc corr  10   7 o,n=   0.04577   0.04577
 Src-osrc corr  13   7 o,n=   0.00003   0.00002
 Src-osrc corr  14   7 o,n=   0.00005   0.00005
 Src-osrc corr   9   8 o,n=   0.04749   0.04749
 Src-osrc corr  10   8 o,n=   0.04577   0.04577
 Src-osrc corr  13   8 o,n=   0.00002   0.00015
 Src-osrc corr  14   8 o,n=   0.00005   0.00008
 Reaction Xsec    13.0-/13 @ 1 =     8.271/, Out:   0.000#   0.354/   2.048/   2.048/   0.000#   0.004f

 Total SPIN, PARITY =    14.0 +,     14 chs,     14 cc.  Rmin & Coul turning =    2.2   13.9
 Src-osrc corr   9   1 o,n=   0.22570   0.03742
 Src-osrc corr  10   1 o,n=   0.21805   0.03615
 Src-osrc corr  11   1 o,n=   0.22570   0.03742
 Src-osrc corr  12   1 o,n=   0.21804   0.03615
 Src-osrc corr   9   2 o,n=   0.03742   0.03742
 Src-osrc corr  10   2 o,n=   0.03615   0.03615
 Src-osrc corr  13   2 o,n=   0.00000   0.00000
 Src-osrc corr  14   2 o,n=   0.00000   0.00001
 Src-osrc corr   9   3 o,n=   0.03742   0.03742
 Src-osrc corr  10   3 o,n=   0.03615   0.03615
 Src-osrc corr  13   3 o,n=   0.00000   0.00000
 Src-osrc corr  14   3 o,n=   0.00001   0.00001
 Src-osrc corr   9   4 o,n=   0.03742   0.03742
 Src-osrc corr  10   4 o,n=   0.03615   0.03615
 Src-osrc corr  13   4 o,n=   0.00000   0.00000
 Src-osrc corr  14   4 o,n=   0.00001   0.00001
 Src-osrc corr   9   5 o,n=   0.03742   0.03742
 Src-osrc corr  10   5 o,n=   0.03615   0.03616
 Src-osrc corr  13   5 o,n=   0.00000   0.00001
 Src-osrc corr  14   5 o,n=   0.00001   0.00002
 Src-osrc corr   9   6 o,n=   0.03742   0.03742
 Src-osrc corr  10   6 o,n=   0.03616   0.03616
 Src-osrc corr  13   6 o,n=   0.00001   0.00001
 Src-osrc corr  14   6 o,n=   0.00002   0.00002
 Src-osrc corr   9   7 o,n=   0.03742   0.03742
 Src-osrc corr  10   7 o,n=   0.03616   0.03616
 Src-osrc corr  13   7 o,n=   0.00001   0.00001
 Src-osrc corr  14   7 o,n=   0.00002   0.00002
 Src-osrc corr   9   8 o,n=   0.03742   0.03743
 Src-osrc corr  10   8 o,n=   0.03616   0.03616
 Src-osrc corr  13   8 o,n=   0.00001   0.00006
 Src-osrc corr  14   8 o,n=   0.00002   0.00003
 Src-osrc corr   9   1 o,n=   0.22570   0.03742
 Src-osrc corr  10   1 o,n=   0.21805   0.03615
 Src-osrc corr  11   1 o,n=   0.22570   0.03742
 Src-osrc corr  12   1 o,n=   0.21804   0.03615
 Src-osrc corr   9   2 o,n=   0.03742   0.03742
 Src-osrc corr  10   2 o,n=   0.03615   0.03615
 Src-osrc corr  13   2 o,n=   0.00000   0.00000
 Src-osrc corr  14   2 o,n=   0.00000   0.00001
 Src-osrc corr   9   3 o,n=   0.03742   0.03742
 Src-osrc corr  10   3 o,n=   0.03615   0.03615
 Src-osrc corr  13   3 o,n=   0.00000   0.00000
 Src-osrc corr  14   3 o,n=   0.00001   0.00001
 Src-osrc corr   9   4 o,n=   0.03742   0.03742
 Src-osrc corr  10   4 o,n=   0.03615   0.03615
 Src-osrc corr  13   4 o,n=   0.00000   0.00000
 Src-osrc corr  14   4 o,n=   0.00001   0.00001
 Src-osrc corr   9   5 o,n=   0.03742   0.03742
 Src-osrc corr  10   5 o,n=   0.03615   0.03616
 Src-osrc corr  13   5 o,n=   0.00000   0.00001
 Src-osrc corr  14   5 o,n=   0.00001   0.00002
 Src-osrc corr   9   6 o,n=   0.03742   0.03742
 Src-osrc corr  10   6 o,n=   0.03616   0.03616
 Src-osrc corr  13   6 o,n=   0.00001   0.00001
 Src-osrc corr  14   6 o,n=   0.00002   0.00002
 Src-osrc corr   9   7 o,n=   0.03742   0.03742
 Src-osrc corr  10   7 o,n=   0.03616   0.03616
 Src-osrc corr  13   7 o,n=   0.00001   0.00001
 Src-osrc corr  14   7 o,n=   0.00002   0.00002
 Src-osrc corr   9   8 o,n=   0.03742   0.03743
 Src-osrc corr  10   8 o,n=   0.03616   0.03616
 Src-osrc corr  13   8 o,n=   0.00001   0.00006
 Src-osrc corr  14   8 o,n=   0.00002   0.00003
 Reaction Xsec    14.0+/14 @ 1 =     4.985/, Out:   0.000#   0.274/   1.909/   1.909/   0.000#   0.001f

 Total SPIN, PARITY =    14.0 -,     16 chs,     16 cc.  Rmin & Coul turning =    2.2   13.9
 Src-osrc corr  11   1 o,n=   0.42570   0.06594
 Src-osrc corr  13   1 o,n=   0.42570   0.06594
 Src-osrc corr  11   3 o,n=   0.06594   0.06594
 Src-osrc corr  15   3 o,n=   0.00000   0.00000
 Src-osrc corr  11   4 o,n=   0.06594   0.06594
 Src-osrc corr  12   4 o,n=   0.00000   0.00000
 Src-osrc corr  15   4 o,n=   0.00000   0.00000
 Src-osrc corr  16   4 o,n=   0.00000   0.00000
 Src-osrc corr  11   5 o,n=   0.06594   0.06594
 Src-osrc corr  12   5 o,n=   0.00000   0.00000
 Src-osrc corr  15   5 o,n=   0.00000   0.00000
 Src-osrc corr  16   5 o,n=   0.00000   0.00000
 Src-osrc corr  11   6 o,n=   0.06594   0.06595
 Src-osrc corr  12   6 o,n=   0.00000   0.00000
 Src-osrc corr  15   6 o,n=   0.00000   0.00003
 Src-osrc corr  16   6 o,n=   0.00000   0.00000
 Src-osrc corr  11   7 o,n=   0.06595   0.06595
 Src-osrc corr  12   7 o,n=   0.00000   0.00000
 Src-osrc corr  15   7 o,n=   0.00003   0.00003
 Src-osrc corr  16   7 o,n=   0.00000   0.00000
 Src-osrc corr  11   8 o,n=   0.06595   0.06595
 Src-osrc corr  12   8 o,n=   0.00000   0.00000
 Src-osrc corr  15   8 o,n=   0.00003   0.00003
 Src-osrc corr  16   8 o,n=   0.00000   0.00000
 Src-osrc corr  11   9 o,n=   0.06595   0.06595
 Src-osrc corr  12   9 o,n=   0.00000   0.00000
 Src-osrc corr  15   9 o,n=   0.00003   0.00021
 Src-osrc corr  16   9 o,n=   0.00000   0.00000
 Src-osrc corr  11   1 o,n=   0.42570   0.06594
 Src-osrc corr  13   1 o,n=   0.42570   0.06594
 Src-osrc corr  11   3 o,n=   0.06594   0.06594
 Src-osrc corr  15   3 o,n=   0.00000   0.00000
 Src-osrc corr  11   4 o,n=   0.06594   0.06594
 Src-osrc corr  12   4 o,n=   0.00000   0.00000
 Src-osrc corr  15   4 o,n=   0.00000   0.00000
 Src-osrc corr  16   4 o,n=   0.00000   0.00000
 Src-osrc corr  11   5 o,n=   0.06594   0.06594
 Src-osrc corr  12   5 o,n=   0.00000   0.00000
 Src-osrc corr  15   5 o,n=   0.00000   0.00000
 Src-osrc corr  16   5 o,n=   0.00000   0.00000
 Src-osrc corr  11   6 o,n=   0.06594   0.06595
 Src-osrc corr  12   6 o,n=   0.00000   0.00000
 Src-osrc corr  15   6 o,n=   0.00000   0.00003
 Src-osrc corr  16   6 o,n=   0.00000   0.00000
 Src-osrc corr  11   7 o,n=   0.06595   0.06595
 Src-osrc corr  12   7 o,n=   0.00000   0.00000
 Src-osrc corr  15   7 o,n=   0.00003   0.00003
 Src-osrc corr  16   7 o,n=   0.00000   0.00000
 Src-osrc corr  11   8 o,n=   0.06595   0.06595
 Src-osrc corr  12   8 o,n=   0.00000   0.00000
 Src-osrc corr  15   8 o,n=   0.00003   0.00003
 Src-osrc corr  16   8 o,n=   0.00000   0.00000
 Src-osrc corr  11   9 o,n=   0.06595   0.06595
 Src-osrc corr  12   9 o,n=   0.00000   0.00000
 Src-osrc corr  15   9 o,n=   0.00003   0.00021
 Src-osrc corr  16   9 o,n=   0.00000   0.00000
 Reaction Xsec    14.0-/13 @ 1 =     8.881/, Out:   0.000#   0.381/   2.199/   2.199/   0.000#   0.004f
 Src-osrc corr  12   2 o,n=   0.21583   0.03091
 Src-osrc corr  14   2 o,n=   0.21583   0.03091
 Src-osrc corr  11   4 o,n=   0.00000   0.00000
 Src-osrc corr  12   4 o,n=   0.03091   0.03092
 Src-osrc corr  15   4 o,n=   0.00000   0.00000
 Src-osrc corr  16   4 o,n=   0.00000   0.00001
 Src-osrc corr  11   5 o,n=   0.00000   0.00000
 Src-osrc corr  12   5 o,n=   0.03092   0.03092
 Src-osrc corr  15   5 o,n=   0.00000   0.00000
 Src-osrc corr  16   5 o,n=   0.00001   0.00001
 Src-osrc corr  11   6 o,n=   0.00000   0.00000
 Src-osrc corr  12   6 o,n=   0.03092   0.03092
 Src-osrc corr  15   6 o,n=   0.00000   0.00000
 Src-osrc corr  16   6 o,n=   0.00001   0.00001
 Src-osrc corr  11   7 o,n=   0.00000   0.00000
 Src-osrc corr  12   7 o,n=   0.03092   0.03092
 Src-osrc corr  15   7 o,n=   0.00000   0.00000
 Src-osrc corr  16   7 o,n=   0.00001   0.00001
 Src-osrc corr  11   8 o,n=   0.00000   0.00000
 Src-osrc corr  12   8 o,n=   0.03092   0.03092
 Src-osrc corr  15   8 o,n=   0.00000   0.00000
 Src-osrc corr  16   8 o,n=   0.00001   0.00001
 Src-osrc corr  11   9 o,n=   0.00000   0.00000
 Src-osrc corr  12   9 o,n=   0.03092   0.03092
 Src-osrc corr  15   9 o,n=   0.00000   0.00000
 Src-osrc corr  16   9 o,n=   0.00001   0.00001
 Src-osrc corr  12  10 o,n=   0.03092   0.03092
 Src-osrc corr  16  10 o,n=   0.00001   0.00002
 Src-osrc corr  12   2 o,n=   0.21583   0.03091
 Src-osrc corr  14   2 o,n=   0.21583   0.03091
 Src-osrc corr  11   4 o,n=   0.00000   0.00000
 Src-osrc corr  12   4 o,n=   0.03091   0.03092
 Src-osrc corr  15   4 o,n=   0.00000   0.00000
 Src-osrc corr  16   4 o,n=   0.00000   0.00001
 Src-osrc corr  11   5 o,n=   0.00000   0.00000
 Src-osrc corr  12   5 o,n=   0.03092   0.03092
 Src-osrc corr  15   5 o,n=   0.00000   0.00000
 Src-osrc corr  16   5 o,n=   0.00001   0.00001
 Src-osrc corr  11   6 o,n=   0.00000   0.00000
 Src-osrc corr  12   6 o,n=   0.03092   0.03092
 Src-osrc corr  15   6 o,n=   0.00000   0.00000
 Src-osrc corr  16   6 o,n=   0.00001   0.00001
 Src-osrc corr  11   7 o,n=   0.00000   0.00000
 Src-osrc corr  12   7 o,n=   0.03092   0.03092
 Src-osrc corr  15   7 o,n=   0.00000   0.00000
 Src-osrc corr  16   7 o,n=   0.00001   0.00001
 Src-osrc corr  11   8 o,n=   0.00000   0.00000
 Src-osrc corr  12   8 o,n=   0.03092   0.03092
 Src-osrc corr  15   8 o,n=   0.00000   0.00000
 Src-osrc corr  16   8 o,n=   0.00001   0.00001
 Src-osrc corr  11   9 o,n=   0.00000   0.00000
 Src-osrc corr  12   9 o,n=   0.03092   0.03092
 Src-osrc corr  15   9 o,n=   0.00000   0.00000
 Src-osrc corr  16   9 o,n=   0.00001   0.00001
 Src-osrc corr  12  10 o,n=   0.03092   0.03092
 Src-osrc corr  16  10 o,n=   0.00001   0.00002
 Reaction Xsec    14.0-/15 @ 2 =     2.051/, Out:   0.000#   0.207/   0.880/   0.880/   0.000#   0.000f

 Total SPIN, PARITY =    15.0 +,     16 chs,     16 cc.  Rmin & Coul turning =    2.4   14.9
 Src-osrc corr  11   1 o,n=   0.31382   0.05203
 Src-osrc corr  13   1 o,n=   0.31382   0.05202
 Src-osrc corr  11   3 o,n=   0.05203   0.05203
 Src-osrc corr  15   3 o,n=   0.00000   0.00000
 Src-osrc corr  11   4 o,n=   0.05203   0.05203
 Src-osrc corr  12   4 o,n=   0.00000   0.00000
 Src-osrc corr  15   4 o,n=   0.00000   0.00000
 Src-osrc corr  16   4 o,n=   0.00000   0.00000
 Src-osrc corr  11   5 o,n=   0.05203   0.05203
 Src-osrc corr  12   5 o,n=   0.00000   0.00000
 Src-osrc corr  15   5 o,n=   0.00000   0.00000
 Src-osrc corr  16   5 o,n=   0.00000   0.00000
 Src-osrc corr  11   6 o,n=   0.05203   0.05203
 Src-osrc corr  12   6 o,n=   0.00000   0.00000
 Src-osrc corr  15   6 o,n=   0.00000   0.00001
 Src-osrc corr  16   6 o,n=   0.00000   0.00000
 Src-osrc corr  11   7 o,n=   0.05203   0.05203
 Src-osrc corr  12   7 o,n=   0.00000   0.00000
 Src-osrc corr  15   7 o,n=   0.00001   0.00001
 Src-osrc corr  16   7 o,n=   0.00000   0.00000
 Src-osrc corr  11   8 o,n=   0.05203   0.05203
 Src-osrc corr  12   8 o,n=   0.00000   0.00000
 Src-osrc corr  15   8 o,n=   0.00001   0.00001
 Src-osrc corr  16   8 o,n=   0.00000   0.00000
 Src-osrc corr  11   9 o,n=   0.05203   0.05204
 Src-osrc corr  12   9 o,n=   0.00000   0.00000
 Src-osrc corr  15   9 o,n=   0.00001   0.00008
 Src-osrc corr  16   9 o,n=   0.00000   0.00000
 Src-osrc corr  11   1 o,n=   0.31382   0.05203
 Src-osrc corr  13   1 o,n=   0.31382   0.05202
 Src-osrc corr  11   3 o,n=   0.05203   0.05203
 Src-osrc corr  15   3 o,n=   0.00000   0.00000
 Src-osrc corr  11   4 o,n=   0.05203   0.05203
 Src-osrc corr  12   4 o,n=   0.00000   0.00000
 Src-osrc corr  15   4 o,n=   0.00000   0.00000
 Src-osrc corr  16   4 o,n=   0.00000   0.00000
 Src-osrc corr  11   5 o,n=   0.05203   0.05203
 Src-osrc corr  12   5 o,n=   0.00000   0.00000
 Src-osrc corr  15   5 o,n=   0.00000   0.00000
 Src-osrc corr  16   5 o,n=   0.00000   0.00000
 Src-osrc corr  11   6 o,n=   0.05203   0.05203
 Src-osrc corr  12   6 o,n=   0.00000   0.00000
 Src-osrc corr  15   6 o,n=   0.00000   0.00001
 Src-osrc corr  16   6 o,n=   0.00000   0.00000
 Src-osrc corr  11   7 o,n=   0.05203   0.05203
 Src-osrc corr  12   7 o,n=   0.00000   0.00000
 Src-osrc corr  15   7 o,n=   0.00001   0.00001
 Src-osrc corr  16   7 o,n=   0.00000   0.00000
 Src-osrc corr  11   8 o,n=   0.05203   0.05203
 Src-osrc corr  12   8 o,n=   0.00000   0.00000
 Src-osrc corr  15   8 o,n=   0.00001   0.00001
 Src-osrc corr  16   8 o,n=   0.00000   0.00000
 Src-osrc corr  11   9 o,n=   0.05203   0.05204
 Src-osrc corr  12   9 o,n=   0.00000   0.00000
 Src-osrc corr  15   9 o,n=   0.00001   0.00008
 Src-osrc corr  16   9 o,n=   0.00000   0.00000
 Reaction Xsec    15.0+/14 @ 1 =     5.328/, Out:   0.000#   0.293/   2.041/   2.041/   0.000#   0.001f
 Src-osrc corr  12   2 o,n=   0.13769   0.01357
 Src-osrc corr  14   2 o,n=   0.13769   0.01357
 Src-osrc corr  11   4 o,n=   0.00000   0.00000
 Src-osrc corr  12   4 o,n=   0.01357   0.01357
 Src-osrc corr  15   4 o,n=   0.00000   0.00000
 Src-osrc corr  16   4 o,n=   0.00000   0.00000
 Src-osrc corr  11   5 o,n=   0.00000   0.00000
 Src-osrc corr  12   5 o,n=   0.01357   0.01357
 Src-osrc corr  15   5 o,n=   0.00000   0.00000
 Src-osrc corr  16   5 o,n=   0.00000   0.00000
 Src-osrc corr  11   6 o,n=   0.00000   0.00000
 Src-osrc corr  12   6 o,n=   0.01357   0.01357
 Src-osrc corr  15   6 o,n=   0.00000   0.00000
 Src-osrc corr  16   6 o,n=   0.00000   0.00000
 Src-osrc corr  11   7 o,n=   0.00000   0.00000
 Src-osrc corr  12   7 o,n=   0.01357   0.01357
 Src-osrc corr  15   7 o,n=   0.00000   0.00000
 Src-osrc corr  16   7 o,n=   0.00000   0.00001
 Src-osrc corr  11   8 o,n=   0.00000   0.00000
 Src-osrc corr  12   8 o,n=   0.01357   0.01357
 Src-osrc corr  15   8 o,n=   0.00000   0.00000
 Src-osrc corr  16   8 o,n=   0.00001   0.00001
 Src-osrc corr  11   9 o,n=   0.00000   0.00000
 Src-osrc corr  12   9 o,n=   0.01357   0.01357
 Src-osrc corr  15   9 o,n=   0.00000   0.00000
 Src-osrc corr  16   9 o,n=   0.00001   0.00001
 Src-osrc corr  12  10 o,n=   0.01357   0.01357
 Src-osrc corr  16  10 o,n=   0.00001   0.00001
 Src-osrc corr  12   2 o,n=   0.13769   0.01357
 Src-osrc corr  14   2 o,n=   0.13769   0.01357
 Src-osrc corr  11   4 o,n=   0.00000   0.00000
 Src-osrc corr  12   4 o,n=   0.01357   0.01357
 Src-osrc corr  15   4 o,n=   0.00000   0.00000
 Src-osrc corr  16   4 o,n=   0.00000   0.00000
 Src-osrc corr  11   5 o,n=   0.00000   0.00000
 Src-osrc corr  12   5 o,n=   0.01357   0.01357
 Src-osrc corr  15   5 o,n=   0.00000   0.00000
 Src-osrc corr  16   5 o,n=   0.00000   0.00000
 Src-osrc corr  11   6 o,n=   0.00000   0.00000
 Src-osrc corr  12   6 o,n=   0.01357   0.01357
 Src-osrc corr  15   6 o,n=   0.00000   0.00000
 Src-osrc corr  16   6 o,n=   0.00000   0.00000
 Src-osrc corr  11   7 o,n=   0.00000   0.00000
 Src-osrc corr  12   7 o,n=   0.01357   0.01357
 Src-osrc corr  15   7 o,n=   0.00000   0.00000
 Src-osrc corr  16   7 o,n=   0.00000   0.00001
 Src-osrc corr  11   8 o,n=   0.00000   0.00000
 Src-osrc corr  12   8 o,n=   0.01357   0.01357
 Src-osrc corr  15   8 o,n=   0.00000   0.00000
 Src-osrc corr  16   8 o,n=   0.00001   0.00001
 Src-osrc corr  11   9 o,n=   0.00000   0.00000
 Src-osrc corr  12   9 o,n=   0.01357   0.01357
 Src-osrc corr  15   9 o,n=   0.00000   0.00000
 Src-osrc corr  16   9 o,n=   0.00001   0.00001
 Src-osrc corr  12  10 o,n=   0.01357   0.01357
 Src-osrc corr  16  10 o,n=   0.00001   0.00001
 Reaction Xsec    15.0+/16 @ 2 =     0.577/, Out:   0.000#   0.132/   0.251/   0.251/   0.000#  -0.000f

 Total SPIN, PARITY =    15.0 -,     14 chs,     14 cc.  Rmin & Coul turning =    2.4   14.9
 Src-osrc corr   9   1 o,n=   0.15506   0.02221
 Src-osrc corr  10   1 o,n=   0.15014   0.02150
 Src-osrc corr  11   1 o,n=   0.15506   0.02221
 Src-osrc corr  12   1 o,n=   0.15014   0.02150
 Src-osrc corr   9   2 o,n=   0.02221   0.02221
 Src-osrc corr  10   2 o,n=   0.02150   0.02151
 Src-osrc corr  13   2 o,n=   0.00000   0.00000
 Src-osrc corr  14   2 o,n=   0.00000   0.00001
 Src-osrc corr   9   3 o,n=   0.02221   0.02221
 Src-osrc corr  10   3 o,n=   0.02151   0.02151
 Src-osrc corr  13   3 o,n=   0.00000   0.00000
 Src-osrc corr  14   3 o,n=   0.00001   0.00001
 Src-osrc corr   9   4 o,n=   0.02221   0.02221
 Src-osrc corr  10   4 o,n=   0.02151   0.02151
 Src-osrc corr  13   4 o,n=   0.00000   0.00000
 Src-osrc corr  14   4 o,n=   0.00001   0.00001
 Src-osrc corr   9   5 o,n=   0.02221   0.02221
 Src-osrc corr  10   5 o,n=   0.02151   0.02151
 Src-osrc corr  13   5 o,n=   0.00000   0.00000
 Src-osrc corr  14   5 o,n=   0.00001   0.00001
 Src-osrc corr   9   6 o,n=   0.02221   0.02221
 Src-osrc corr  10   6 o,n=   0.02151   0.02151
 Src-osrc corr  13   6 o,n=   0.00000   0.00000
 Src-osrc corr  14   6 o,n=   0.00001   0.00001
 Src-osrc corr   9   7 o,n=   0.02221   0.02221
 Src-osrc corr  10   7 o,n=   0.02151   0.02151
 Src-osrc corr  13   7 o,n=   0.00000   0.00000
 Src-osrc corr  14   7 o,n=   0.00001   0.00001
 Src-osrc corr   9   8 o,n=   0.02221   0.02221
 Src-osrc corr  10   8 o,n=   0.02151   0.02151
 Src-osrc corr  13   8 o,n=   0.00000   0.00002
 Src-osrc corr  14   8 o,n=   0.00001   0.00001
 Src-osrc corr   9   1 o,n=   0.15506   0.02221
 Src-osrc corr  10   1 o,n=   0.15014   0.02150
 Src-osrc corr  11   1 o,n=   0.15506   0.02221
 Src-osrc corr  12   1 o,n=   0.15014   0.02150
 Src-osrc corr   9   2 o,n=   0.02221   0.02221
 Src-osrc corr  10   2 o,n=   0.02150   0.02151
 Src-osrc corr  13   2 o,n=   0.00000   0.00000
 Src-osrc corr  14   2 o,n=   0.00000   0.00001
 Src-osrc corr   9   3 o,n=   0.02221   0.02221
 Src-osrc corr  10   3 o,n=   0.02151   0.02151
 Src-osrc corr  13   3 o,n=   0.00000   0.00000
 Src-osrc corr  14   3 o,n=   0.00001   0.00001
 Src-osrc corr   9   4 o,n=   0.02221   0.02221
 Src-osrc corr  10   4 o,n=   0.02151   0.02151
 Src-osrc corr  13   4 o,n=   0.00000   0.00000
 Src-osrc corr  14   4 o,n=   0.00001   0.00001
 Src-osrc corr   9   5 o,n=   0.02221   0.02221
 Src-osrc corr  10   5 o,n=   0.02151   0.02151
 Src-osrc corr  13   5 o,n=   0.00000   0.00000
 Src-osrc corr  14   5 o,n=   0.00001   0.00001
 Src-osrc corr   9   6 o,n=   0.02221   0.02221
 Src-osrc corr  10   6 o,n=   0.02151   0.02151
 Src-osrc corr  13   6 o,n=   0.00000   0.00000
 Src-osrc corr  14   6 o,n=   0.00001   0.00001
 Src-osrc corr   9   7 o,n=   0.02221   0.02221
 Src-osrc corr  10   7 o,n=   0.02151   0.02151
 Src-osrc corr  13   7 o,n=   0.00000   0.00000
 Src-osrc corr  14   7 o,n=   0.00001   0.00001
 Src-osrc corr   9   8 o,n=   0.02221   0.02221
 Src-osrc corr  10   8 o,n=   0.02151   0.02151
 Src-osrc corr  13   8 o,n=   0.00000   0.00002
 Src-osrc corr  14   8 o,n=   0.00001   0.00001
 Reaction Xsec    15.0-/15 @ 1 =     2.192/, Out:   0.000#   0.221/   0.940/   0.940/   0.000#   0.000f

 Total SPIN, PARITY =    16.0 +,     14 chs,     14 cc.  Rmin & Coul turning =    2.5   15.8
 Src-osrc corr   9   1 o,n=   0.09882   0.00974
 Src-osrc corr  10   1 o,n=   0.09587   0.00945
 Src-osrc corr  11   1 o,n=   0.09882   0.00974
 Src-osrc corr  12   1 o,n=   0.09587   0.00945
 Src-osrc corr   9   2 o,n=   0.00974   0.00974
 Src-osrc corr  10   2 o,n=   0.00945   0.00945
 Src-osrc corr  13   2 o,n=   0.00000   0.00000
 Src-osrc corr  14   2 o,n=   0.00000   0.00000
 Src-osrc corr   9   3 o,n=   0.00974   0.00974
 Src-osrc corr  10   3 o,n=   0.00945   0.00945
 Src-osrc corr  13   3 o,n=   0.00000   0.00000
 Src-osrc corr  14   3 o,n=   0.00000   0.00000
 Src-osrc corr   9   4 o,n=   0.00974   0.00974
 Src-osrc corr  10   4 o,n=   0.00945   0.00945
 Src-osrc corr  13   4 o,n=   0.00000   0.00000
 Src-osrc corr  14   4 o,n=   0.00000   0.00000
 Src-osrc corr   9   5 o,n=   0.00974   0.00974
 Src-osrc corr  10   5 o,n=   0.00945   0.00945
 Src-osrc corr  13   5 o,n=   0.00000   0.00000
 Src-osrc corr  14   5 o,n=   0.00000   0.00000
 Src-osrc corr   9   6 o,n=   0.00974   0.00974
 Src-osrc corr  10   6 o,n=   0.00945   0.00945
 Src-osrc corr  13   6 o,n=   0.00000   0.00000
 Src-osrc corr  14   6 o,n=   0.00000   0.00000
 Src-osrc corr   9   7 o,n=   0.00974   0.00974
 Src-osrc corr  10   7 o,n=   0.00945   0.00945
 Src-osrc corr  13   7 o,n=   0.00000   0.00000
 Src-osrc corr  14   7 o,n=   0.00000   0.00001
 Src-osrc corr   9   8 o,n=   0.00974   0.00974
 Src-osrc corr  10   8 o,n=   0.00945   0.00945
 Src-osrc corr  13   8 o,n=   0.00000   0.00001
 Src-osrc corr  14   8 o,n=   0.00001   0.00001
 Src-osrc corr   9   1 o,n=   0.09882   0.00974
 Src-osrc corr  10   1 o,n=   0.09587   0.00945
 Src-osrc corr  11   1 o,n=   0.09882   0.00974
 Src-osrc corr  12   1 o,n=   0.09587   0.00945
 Src-osrc corr   9   2 o,n=   0.00974   0.00974
 Src-osrc corr  10   2 o,n=   0.00945   0.00945
 Src-osrc corr  13   2 o,n=   0.00000   0.00000
 Src-osrc corr  14   2 o,n=   0.00000   0.00000
 Src-osrc corr   9   3 o,n=   0.00974   0.00974
 Src-osrc corr  10   3 o,n=   0.00945   0.00945
 Src-osrc corr  13   3 o,n=   0.00000   0.00000
 Src-osrc corr  14   3 o,n=   0.00000   0.00000
 Src-osrc corr   9   4 o,n=   0.00974   0.00974
 Src-osrc corr  10   4 o,n=   0.00945   0.00945
 Src-osrc corr  13   4 o,n=   0.00000   0.00000
 Src-osrc corr  14   4 o,n=   0.00000   0.00000
 Src-osrc corr   9   5 o,n=   0.00974   0.00974
 Src-osrc corr  10   5 o,n=   0.00945   0.00945
 Src-osrc corr  13   5 o,n=   0.00000   0.00000
 Src-osrc corr  14   5 o,n=   0.00000   0.00000
 Src-osrc corr   9   6 o,n=   0.00974   0.00974
 Src-osrc corr  10   6 o,n=   0.00945   0.00945
 Src-osrc corr  13   6 o,n=   0.00000   0.00000
 Src-osrc corr  14   6 o,n=   0.00000   0.00000
 Src-osrc corr   9   7 o,n=   0.00974   0.00974
 Src-osrc corr  10   7 o,n=   0.00945   0.00945
 Src-osrc corr  13   7 o,n=   0.00000   0.00000
 Src-osrc corr  14   7 o,n=   0.00000   0.00001
 Src-osrc corr   9   8 o,n=   0.00974   0.00974
 Src-osrc corr  10   8 o,n=   0.00945   0.00945
 Src-osrc corr  13   8 o,n=   0.00000   0.00001
 Src-osrc corr  14   8 o,n=   0.00001   0.00001
 Reaction Xsec    16.0+/16 @ 1 =     0.614/, Out:   0.000#   0.141/   0.267/   0.267/   0.000#  -0.000f

 Total SPIN, PARITY =    16.0 -,     16 chs,     16 cc.  Rmin & Coul turning =    2.5   15.8
 Src-osrc corr  11   1 o,n=   0.21583   0.03091
 Src-osrc corr  13   1 o,n=   0.21583   0.03091
 Src-osrc corr  11   3 o,n=   0.03091   0.03091
 Src-osrc corr  15   3 o,n=   0.00000   0.00000
 Src-osrc corr  11   4 o,n=   0.03091   0.03091
 Src-osrc corr  12   4 o,n=   0.00000   0.00000
 Src-osrc corr  15   4 o,n=   0.00000   0.00000
 Src-osrc corr  16   4 o,n=   0.00000   0.00000
 Src-osrc corr  11   5 o,n=   0.03091   0.03091
 Src-osrc corr  12   5 o,n=   0.00000   0.00000
 Src-osrc corr  15   5 o,n=   0.00000   0.00000
 Src-osrc corr  16   5 o,n=   0.00000   0.00000
 Src-osrc corr  11   6 o,n=   0.03091   0.03091
 Src-osrc corr  12   6 o,n=   0.00000   0.00000
 Src-osrc corr  15   6 o,n=   0.00000   0.00001
 Src-osrc corr  16   6 o,n=   0.00000   0.00000
 Src-osrc corr  11   7 o,n=   0.03091   0.03091
 Src-osrc corr  12   7 o,n=   0.00000   0.00000
 Src-osrc corr  15   7 o,n=   0.00001   0.00001
 Src-osrc corr  16   7 o,n=   0.00000   0.00000
 Src-osrc corr  11   8 o,n=   0.03091   0.03091
 Src-osrc corr  12   8 o,n=   0.00000   0.00000
 Src-osrc corr  15   8 o,n=   0.00001   0.00001
 Src-osrc corr  16   8 o,n=   0.00000   0.00000
 Src-osrc corr  11   9 o,n=   0.03091   0.03092
 Src-osrc corr  12   9 o,n=   0.00000   0.00000
 Src-osrc corr  15   9 o,n=   0.00001   0.00003
 Src-osrc corr  16   9 o,n=   0.00000   0.00000
 Src-osrc corr  11   1 o,n=   0.21583   0.03091
 Src-osrc corr  13   1 o,n=   0.21583   0.03091
 Src-osrc corr  11   3 o,n=   0.03091   0.03091
 Src-osrc corr  15   3 o,n=   0.00000   0.00000
 Src-osrc corr  11   4 o,n=   0.03091   0.03091
 Src-osrc corr  12   4 o,n=   0.00000   0.00000
 Src-osrc corr  15   4 o,n=   0.00000   0.00000
 Src-osrc corr  16   4 o,n=   0.00000   0.00000
 Src-osrc corr  11   5 o,n=   0.03091   0.03091
 Src-osrc corr  12   5 o,n=   0.00000   0.00000
 Src-osrc corr  15   5 o,n=   0.00000   0.00000
 Src-osrc corr  16   5 o,n=   0.00000   0.00000
 Src-osrc corr  11   6 o,n=   0.03091   0.03091
 Src-osrc corr  12   6 o,n=   0.00000   0.00000
 Src-osrc corr  15   6 o,n=   0.00000   0.00001
 Src-osrc corr  16   6 o,n=   0.00000   0.00000
 Src-osrc corr  11   7 o,n=   0.03091   0.03091
 Src-osrc corr  12   7 o,n=   0.00000   0.00000
 Src-osrc corr  15   7 o,n=   0.00001   0.00001
 Src-osrc corr  16   7 o,n=   0.00000   0.00000
 Src-osrc corr  11   8 o,n=   0.03091   0.03091
 Src-osrc corr  12   8 o,n=   0.00000   0.00000
 Src-osrc corr  15   8 o,n=   0.00001   0.00001
 Src-osrc corr  16   8 o,n=   0.00000   0.00000
 Src-osrc corr  11   9 o,n=   0.03091   0.03092
 Src-osrc corr  12   9 o,n=   0.00000   0.00000
 Src-osrc corr  15   9 o,n=   0.00001   0.00003
 Src-osrc corr  16   9 o,n=   0.00000   0.00000
 Reaction Xsec    16.0-/15 @ 1 =     2.333/, Out:   0.000#   0.235/   1.001/   1.001/   0.000#   0.000f
 Src-osrc corr  12   2 o,n=   0.08234   0.00585
 Src-osrc corr  14   2 o,n=   0.08234   0.00585
 Src-osrc corr  11   4 o,n=   0.00000   0.00000
 Src-osrc corr  12   4 o,n=   0.00585   0.00585
 Src-osrc corr  15   4 o,n=   0.00000   0.00000
 Src-osrc corr  16   4 o,n=   0.00000   0.00000
 Src-osrc corr  11   5 o,n=   0.00000   0.00000
 Src-osrc corr  12   5 o,n=   0.00585   0.00585
 Src-osrc corr  15   5 o,n=   0.00000   0.00000
 Src-osrc corr  16   5 o,n=   0.00000   0.00000
 Src-osrc corr  11   6 o,n=   0.00000   0.00000
 Src-osrc corr  12   6 o,n=   0.00585   0.00585
 Src-osrc corr  15   6 o,n=   0.00000   0.00000
 Src-osrc corr  16   6 o,n=   0.00000   0.00000
 Src-osrc corr  11   7 o,n=   0.00000   0.00000
 Src-osrc corr  12   7 o,n=   0.00585   0.00585
 Src-osrc corr  15   7 o,n=   0.00000   0.00000
 Src-osrc corr  16   7 o,n=   0.00000   0.00000
 Src-osrc corr  11   8 o,n=   0.00000   0.00000
 Src-osrc corr  12   8 o,n=   0.00585   0.00585
 Src-osrc corr  15   8 o,n=   0.00000   0.00000
 Src-osrc corr  16   8 o,n=   0.00000   0.00000
 Src-osrc corr  11   9 o,n=   0.00000   0.00000
 Src-osrc corr  12   9 o,n=   0.00585   0.00585
 Src-osrc corr  15   9 o,n=   0.00000   0.00000
 Src-osrc corr  16   9 o,n=   0.00000   0.00000
 Src-osrc corr  12  10 o,n=   0.00585   0.00585
 Src-osrc corr  16  10 o,n=   0.00000   0.00000
 Src-osrc corr  12   2 o,n=   0.08234   0.00585
 Src-osrc corr  14   2 o,n=   0.08234   0.00585
 Src-osrc corr  11   4 o,n=   0.00000   0.00000
 Src-osrc corr  12   4 o,n=   0.00585   0.00585
 Src-osrc corr  15   4 o,n=   0.00000   0.00000
 Src-osrc corr  16   4 o,n=   0.00000   0.00000
 Src-osrc corr  11   5 o,n=   0.00000   0.00000
 Src-osrc corr  12   5 o,n=   0.00585   0.00585
 Src-osrc corr  15   5 o,n=   0.00000   0.00000
 Src-osrc corr  16   5 o,n=   0.00000   0.00000
 Src-osrc corr  11   6 o,n=   0.00000   0.00000
 Src-osrc corr  12   6 o,n=   0.00585   0.00585
 Src-osrc corr  15   6 o,n=   0.00000   0.00000
 Src-osrc corr  16   6 o,n=   0.00000   0.00000
 Src-osrc corr  11   7 o,n=   0.00000   0.00000
 Src-osrc corr  12   7 o,n=   0.00585   0.00585
 Src-osrc corr  15   7 o,n=   0.00000   0.00000
 Src-osrc corr  16   7 o,n=   0.00000   0.00000
 Src-osrc corr  11   8 o,n=   0.00000   0.00000
 Src-osrc corr  12   8 o,n=   0.00585   0.00585
 Src-osrc corr  15   8 o,n=   0.00000   0.00000
 Src-osrc corr  16   8 o,n=   0.00000   0.00000
 Src-osrc corr  11   9 o,n=   0.00000   0.00000
 Src-osrc corr  12   9 o,n=   0.00585   0.00585
 Src-osrc corr  15   9 o,n=   0.00000   0.00000
 Src-osrc corr  16   9 o,n=   0.00000   0.00000
 Src-osrc corr  12  10 o,n=   0.00585   0.00585
 Src-osrc corr  16  10 o,n=   0.00000   0.00000
 Reaction Xsec    16.0-/17 @ 2 =     0.110/, Out:   0.000#   0.058/   0.045/   0.045/   0.000#  -0.000f

 Total SPIN, PARITY =    17.0 +,     16 chs,     16 cc.  Rmin & Coul turning =    2.7   16.8
 Src-osrc corr  11   1 o,n=   0.13769   0.01357
 Src-osrc corr  13   1 o,n=   0.13769   0.01357
 Src-osrc corr  11   3 o,n=   0.01357   0.01357
 Src-osrc corr  15   3 o,n=   0.00000   0.00000
 Src-osrc corr  11   4 o,n=   0.01357   0.01357
 Src-osrc corr  12   4 o,n=   0.00000   0.00000
 Src-osrc corr  15   4 o,n=   0.00000   0.00000
 Src-osrc corr  16   4 o,n=   0.00000   0.00000
 Src-osrc corr  11   5 o,n=   0.01357   0.01357
 Src-osrc corr  12   5 o,n=   0.00000   0.00000
 Src-osrc corr  15   5 o,n=   0.00000   0.00000
 Src-osrc corr  16   5 o,n=   0.00000   0.00000
 Src-osrc corr  11   6 o,n=   0.01357   0.01357
 Src-osrc corr  12   6 o,n=   0.00000   0.00000
 Src-osrc corr  15   6 o,n=   0.00000   0.00000
 Src-osrc corr  16   6 o,n=   0.00000   0.00000
 Src-osrc corr  11   7 o,n=   0.01357   0.01357
 Src-osrc corr  12   7 o,n=   0.00000   0.00000
 Src-osrc corr  15   7 o,n=   0.00000   0.00000
 Src-osrc corr  16   7 o,n=   0.00000   0.00000
 Src-osrc corr  11   8 o,n=   0.01357   0.01357
 Src-osrc corr  12   8 o,n=   0.00000   0.00000
 Src-osrc corr  15   8 o,n=   0.00000   0.00000
 Src-osrc corr  16   8 o,n=   0.00000   0.00000
 Src-osrc corr  11   9 o,n=   0.01357   0.01357
 Src-osrc corr  12   9 o,n=   0.00000   0.00000
 Src-osrc corr  15   9 o,n=   0.00000   0.00001
 Src-osrc corr  16   9 o,n=   0.00000   0.00000
 Src-osrc corr  11   1 o,n=   0.13769   0.01357
 Src-osrc corr  13   1 o,n=   0.13769   0.01357
 Src-osrc corr  11   3 o,n=   0.01357   0.01357
 Src-osrc corr  15   3 o,n=   0.00000   0.00000
 Src-osrc corr  11   4 o,n=   0.01357   0.01357
 Src-osrc corr  12   4 o,n=   0.00000   0.00000
 Src-osrc corr  15   4 o,n=   0.00000   0.00000
 Src-osrc corr  16   4 o,n=   0.00000   0.00000
 Src-osrc corr  11   5 o,n=   0.01357   0.01357
 Src-osrc corr  12   5 o,n=   0.00000   0.00000
 Src-osrc corr  15   5 o,n=   0.00000   0.00000
 Src-osrc corr  16   5 o,n=   0.00000   0.00000
 Src-osrc corr  11   6 o,n=   0.01357   0.01357
 Src-osrc corr  12   6 o,n=   0.00000   0.00000
 Src-osrc corr  15   6 o,n=   0.00000   0.00000
 Src-osrc corr  16   6 o,n=   0.00000   0.00000
 Src-osrc corr  11   7 o,n=   0.01357   0.01357
 Src-osrc corr  12   7 o,n=   0.00000   0.00000
 Src-osrc corr  15   7 o,n=   0.00000   0.00000
 Src-osrc corr  16   7 o,n=   0.00000   0.00000
 Src-osrc corr  11   8 o,n=   0.01357   0.01357
 Src-osrc corr  12   8 o,n=   0.00000   0.00000
 Src-osrc corr  15   8 o,n=   0.00000   0.00000
 Src-osrc corr  16   8 o,n=   0.00000   0.00000
 Src-osrc corr  11   9 o,n=   0.01357   0.01357
 Src-osrc corr  12   9 o,n=   0.00000   0.00000
 Src-osrc corr  15   9 o,n=   0.00000   0.00001
 Src-osrc corr  16   9 o,n=   0.00000   0.00000
 Reaction Xsec    17.0+/16 @ 1 =     0.651/, Out:   0.000#   0.149/   0.283/   0.283/   0.000#  -0.000f
 Src-osrc corr  12   2 o,n=   0.04651   0.00525
 Src-osrc corr  14   2 o,n=   0.04651   0.00525
 Src-osrc corr  11   4 o,n=   0.00000   0.00000
 Src-osrc corr  12   4 o,n=   0.00525   0.00525
 Src-osrc corr  15   4 o,n=   0.00000   0.00000
 Src-osrc corr  16   4 o,n=   0.00000   0.00000
 Src-osrc corr  11   5 o,n=   0.00000   0.00000
 Src-osrc corr  12   5 o,n=   0.00525   0.00525
 Src-osrc corr  15   5 o,n=   0.00000   0.00000
 Src-osrc corr  16   5 o,n=   0.00000   0.00000
 Src-osrc corr  11   6 o,n=   0.00000   0.00000
 Src-osrc corr  12   6 o,n=   0.00525   0.00525
 Src-osrc corr  15   6 o,n=   0.00000   0.00000
 Src-osrc corr  16   6 o,n=   0.00000   0.00000
 Src-osrc corr  11   7 o,n=   0.00000   0.00000
 Src-osrc corr  12   7 o,n=   0.00525   0.00525
 Src-osrc corr  15   7 o,n=   0.00000   0.00000
 Src-osrc corr  16   7 o,n=   0.00000   0.00000
 Src-osrc corr  11   8 o,n=   0.00000   0.00000
 Src-osrc corr  12   8 o,n=   0.00525   0.00525
 Src-osrc corr  15   8 o,n=   0.00000   0.00000
 Src-osrc corr  16   8 o,n=   0.00000   0.00000
 Src-osrc corr  11   9 o,n=   0.00000   0.00000
 Src-osrc corr  12   9 o,n=   0.00525   0.00525
 Src-osrc corr  15   9 o,n=   0.00000   0.00000
 Src-osrc corr  16   9 o,n=   0.00000   0.00000
 Src-osrc corr  12  10 o,n=   0.00525   0.00525
 Src-osrc corr  16  10 o,n=   0.00000   0.00000
 Src-osrc corr  12   2 o,n=   0.04651   0.00525
 Src-osrc corr  14   2 o,n=   0.04651   0.00525
 Src-osrc corr  11   4 o,n=   0.00000   0.00000
 Src-osrc corr  12   4 o,n=   0.00525   0.00525
 Src-osrc corr  15   4 o,n=   0.00000   0.00000
 Src-osrc corr  16   4 o,n=   0.00000   0.00000
 Src-osrc corr  11   5 o,n=   0.00000   0.00000
 Src-osrc corr  12   5 o,n=   0.00525   0.00525
 Src-osrc corr  15   5 o,n=   0.00000   0.00000
 Src-osrc corr  16   5 o,n=   0.00000   0.00000
 Src-osrc corr  11   6 o,n=   0.00000   0.00000
 Src-osrc corr  12   6 o,n=   0.00525   0.00525
 Src-osrc corr  15   6 o,n=   0.00000   0.00000
 Src-osrc corr  16   6 o,n=   0.00000   0.00000
 Src-osrc corr  11   7 o,n=   0.00000   0.00000
 Src-osrc corr  12   7 o,n=   0.00525   0.00525
 Src-osrc corr  15   7 o,n=   0.00000   0.00000
 Src-osrc corr  16   7 o,n=   0.00000   0.00000
 Src-osrc corr  11   8 o,n=   0.00000   0.00000
 Src-osrc corr  12   8 o,n=   0.00525   0.00525
 Src-osrc corr  15   8 o,n=   0.00000   0.00000
 Src-osrc corr  16   8 o,n=   0.00000   0.00000
 Src-osrc corr  11   9 o,n=   0.00000   0.00000
 Src-osrc corr  12   9 o,n=   0.00525   0.00525
 Src-osrc corr  15   9 o,n=   0.00000   0.00000
 Src-osrc corr  16   9 o,n=   0.00000   0.00000
 Src-osrc corr  12  10 o,n=   0.00525   0.00525
 Src-osrc corr  16  10 o,n=   0.00000   0.00000
 Reaction Xsec    17.0+/18 @ 2 =     0.016/, Out:   0.000#   0.017/   5.469#   5.469#   0.000#  -0.000f

 Total SPIN, PARITY =    17.0 -,     14 chs,     14 cc.  Rmin & Coul turning =    2.7   16.8
 Src-osrc corr   9   1 o,n=   0.05905   0.00419
 Src-osrc corr  10   1 o,n=   0.05738   0.00408
 Src-osrc corr  11   1 o,n=   0.05905   0.00419
 Src-osrc corr  12   1 o,n=   0.05738   0.00408
 Src-osrc corr   9   2 o,n=   0.00419   0.00419
 Src-osrc corr  10   2 o,n=   0.00408   0.00408
 Src-osrc corr  13   2 o,n=   0.00000   0.00000
 Src-osrc corr  14   2 o,n=   0.00000   0.00000
 Src-osrc corr   9   3 o,n=   0.00419   0.00419
 Src-osrc corr  10   3 o,n=   0.00408   0.00408
 Src-osrc corr  13   3 o,n=   0.00000   0.00000
 Src-osrc corr  14   3 o,n=   0.00000   0.00000
 Src-osrc corr   9   4 o,n=   0.00419   0.00419
 Src-osrc corr  10   4 o,n=   0.00408   0.00408
 Src-osrc corr  13   4 o,n=   0.00000   0.00000
 Src-osrc corr  14   4 o,n=   0.00000   0.00000
 Src-osrc corr   9   5 o,n=   0.00419   0.00419
 Src-osrc corr  10   5 o,n=   0.00408   0.00408
 Src-osrc corr  13   5 o,n=   0.00000   0.00000
 Src-osrc corr  14   5 o,n=   0.00000   0.00000
 Src-osrc corr   9   6 o,n=   0.00419   0.00419
 Src-osrc corr  10   6 o,n=   0.00408   0.00408
 Src-osrc corr  13   6 o,n=   0.00000   0.00000
 Src-osrc corr  14   6 o,n=   0.00000   0.00000
 Src-osrc corr   9   7 o,n=   0.00419   0.00419
 Src-osrc corr  10   7 o,n=   0.00408   0.00408
 Src-osrc corr  13   7 o,n=   0.00000   0.00000
 Src-osrc corr  14   7 o,n=   0.00000   0.00000
 Src-osrc corr   9   8 o,n=   0.00419   0.00419
 Src-osrc corr  10   8 o,n=   0.00408   0.00408
 Src-osrc corr  13   8 o,n=   0.00000   0.00000
 Src-osrc corr  14   8 o,n=   0.00000   0.00000
 Src-osrc corr   9   1 o,n=   0.05905   0.00419
 Src-osrc corr  10   1 o,n=   0.05738   0.00408
 Src-osrc corr  11   1 o,n=   0.05905   0.00419
 Src-osrc corr  12   1 o,n=   0.05738   0.00408
 Src-osrc corr   9   2 o,n=   0.00419   0.00419
 Src-osrc corr  10   2 o,n=   0.00408   0.00408
 Src-osrc corr  13   2 o,n=   0.00000   0.00000
 Src-osrc corr  14   2 o,n=   0.00000   0.00000
 Src-osrc corr   9   3 o,n=   0.00419   0.00419
 Src-osrc corr  10   3 o,n=   0.00408   0.00408
 Src-osrc corr  13   3 o,n=   0.00000   0.00000
 Src-osrc corr  14   3 o,n=   0.00000   0.00000
 Src-osrc corr   9   4 o,n=   0.00419   0.00419
 Src-osrc corr  10   4 o,n=   0.00408   0.00408
 Src-osrc corr  13   4 o,n=   0.00000   0.00000
 Src-osrc corr  14   4 o,n=   0.00000   0.00000
 Src-osrc corr   9   5 o,n=   0.00419   0.00419
 Src-osrc corr  10   5 o,n=   0.00408   0.00408
 Src-osrc corr  13   5 o,n=   0.00000   0.00000
 Src-osrc corr  14   5 o,n=   0.00000   0.00000
 Src-osrc corr   9   6 o,n=   0.00419   0.00419
 Src-osrc corr  10   6 o,n=   0.00408   0.00408
 Src-osrc corr  13   6 o,n=   0.00000   0.00000
 Src-osrc corr  14   6 o,n=   0.00000   0.00000
 Src-osrc corr   9   7 o,n=   0.00419   0.00419
 Src-osrc corr  10   7 o,n=   0.00408   0.00408
 Src-osrc corr  13   7 o,n=   0.00000   0.00000
 Src-osrc corr  14   7 o,n=   0.00000   0.00000
 Src-osrc corr   9   8 o,n=   0.00419   0.00419
 Src-osrc corr  10   8 o,n=   0.00408   0.00408
 Src-osrc corr  13   8 o,n=   0.00000   0.00000
 Src-osrc corr  14   8 o,n=   0.00000   0.00000
 Reaction Xsec    17.0-/17 @ 1 =     0.117/, Out:   0.000#   0.062/   0.048/   0.048/   0.000#  -0.000f

 Total SPIN, PARITY =    18.0 +,     14 chs,     14 cc.  Rmin & Coul turning =    2.8   17.7
 Src-osrc corr   9   1 o,n=   0.03333   0.00376
 Src-osrc corr  10   1 o,n=   0.03244   0.00366
 Src-osrc corr  11   1 o,n=   0.03333   0.00376
 Src-osrc corr  12   1 o,n=   0.03244   0.00366
 Src-osrc corr   9   2 o,n=   0.00376   0.00376
 Src-osrc corr  10   2 o,n=   0.00366   0.00366
 Src-osrc corr  13   2 o,n=   0.00000   0.00000
 Src-osrc corr  14   2 o,n=   0.00000   0.00000
 Src-osrc corr   9   3 o,n=   0.00376   0.00376
 Src-osrc corr  10   3 o,n=   0.00366   0.00366
 Src-osrc corr  13   3 o,n=   0.00000   0.00000
 Src-osrc corr  14   3 o,n=   0.00000   0.00000
 Src-osrc corr   9   4 o,n=   0.00376   0.00376
 Src-osrc corr  10   4 o,n=   0.00366   0.00366
 Src-osrc corr  13   4 o,n=   0.00000   0.00000
 Src-osrc corr  14   4 o,n=   0.00000   0.00000
 Src-osrc corr   9   5 o,n=   0.00376   0.00376
 Src-osrc corr  10   5 o,n=   0.00366   0.00366
 Src-osrc corr  13   5 o,n=   0.00000   0.00000
 Src-osrc corr  14   5 o,n=   0.00000   0.00000
 Src-osrc corr   9   6 o,n=   0.00376   0.00376
 Src-osrc corr  10   6 o,n=   0.00366   0.00366
 Src-osrc corr  13   6 o,n=   0.00000   0.00000
 Src-osrc corr  14   6 o,n=   0.00000   0.00000
 Src-osrc corr   9   7 o,n=   0.00376   0.00376
 Src-osrc corr  10   7 o,n=   0.00366   0.00366
 Src-osrc corr  13   7 o,n=   0.00000   0.00000
 Src-osrc corr  14   7 o,n=   0.00000   0.00000
 Src-osrc corr   9   8 o,n=   0.00376   0.00376
 Src-osrc corr  10   8 o,n=   0.00366   0.00366
 Src-osrc corr  13   8 o,n=   0.00000   0.00000
 Src-osrc corr  14   8 o,n=   0.00000   0.00000
 Reaction Xsec    18.0+/18 @ 1 =     5.987#, Out:   0.000#   0.018/   5.782#   5.782#   0.000#  -0.000f

 Total SPIN, PARITY =    18.0 -,     16 chs,     16 cc.  Rmin & Coul turning =    2.8   17.7
 Src-osrc corr  11   1 o,n=   0.08234   0.00585
 Src-osrc corr  13   1 o,n=   0.08234   0.00585
 Src-osrc corr  11   3 o,n=   0.00585   0.00585
 Src-osrc corr  15   3 o,n=   0.00000   0.00000
 Src-osrc corr  11   4 o,n=   0.00585   0.00585
 Src-osrc corr  12   4 o,n=   0.00000   0.00000
 Src-osrc corr  15   4 o,n=   0.00000   0.00000
 Src-osrc corr  16   4 o,n=   0.00000   0.00000
 Src-osrc corr  11   5 o,n=   0.00585   0.00585
 Src-osrc corr  12   5 o,n=   0.00000   0.00000
 Src-osrc corr  15   5 o,n=   0.00000   0.00000
 Src-osrc corr  16   5 o,n=   0.00000   0.00000
 Src-osrc corr  11   6 o,n=   0.00585   0.00585
 Src-osrc corr  12   6 o,n=   0.00000   0.00000
 Src-osrc corr  15   6 o,n=   0.00000   0.00000
 Src-osrc corr  16   6 o,n=   0.00000   0.00000
 Src-osrc corr  11   7 o,n=   0.00585   0.00585
 Src-osrc corr  12   7 o,n=   0.00000   0.00000
 Src-osrc corr  15   7 o,n=   0.00000   0.00000
 Src-osrc corr  16   7 o,n=   0.00000   0.00000
 Src-osrc corr  11   8 o,n=   0.00585   0.00585
 Src-osrc corr  12   8 o,n=   0.00000   0.00000
 Src-osrc corr  15   8 o,n=   0.00000   0.00000
 Src-osrc corr  16   8 o,n=   0.00000   0.00000
 Src-osrc corr  11   9 o,n=   0.00585   0.00585
 Src-osrc corr  12   9 o,n=   0.00000   0.00000
 Src-osrc corr  15   9 o,n=   0.00000   0.00001
 Src-osrc corr  16   9 o,n=   0.00000   0.00000
 Src-osrc corr  11   1 o,n=   0.08234   0.00585
 Src-osrc corr  13   1 o,n=   0.08234   0.00585
 Src-osrc corr  11   3 o,n=   0.00585   0.00585
 Src-osrc corr  15   3 o,n=   0.00000   0.00000
 Src-osrc corr  11   4 o,n=   0.00585   0.00585
 Src-osrc corr  12   4 o,n=   0.00000   0.00000
 Src-osrc corr  15   4 o,n=   0.00000   0.00000
 Src-osrc corr  16   4 o,n=   0.00000   0.00000
 Src-osrc corr  11   5 o,n=   0.00585   0.00585
 Src-osrc corr  12   5 o,n=   0.00000   0.00000
 Src-osrc corr  15   5 o,n=   0.00000   0.00000
 Src-osrc corr  16   5 o,n=   0.00000   0.00000
 Src-osrc corr  11   6 o,n=   0.00585   0.00585
 Src-osrc corr  12   6 o,n=   0.00000   0.00000
 Src-osrc corr  15   6 o,n=   0.00000   0.00000
 Src-osrc corr  16   6 o,n=   0.00000   0.00000
 Src-osrc corr  11   7 o,n=   0.00585   0.00585
 Src-osrc corr  12   7 o,n=   0.00000   0.00000
 Src-osrc corr  15   7 o,n=   0.00000   0.00000
 Src-osrc corr  16   7 o,n=   0.00000   0.00000
 Src-osrc corr  11   8 o,n=   0.00585   0.00585
 Src-osrc corr  12   8 o,n=   0.00000   0.00000
 Src-osrc corr  15   8 o,n=   0.00000   0.00000
 Src-osrc corr  16   8 o,n=   0.00000   0.00000
 Src-osrc corr  11   9 o,n=   0.00585   0.00585
 Src-osrc corr  12   9 o,n=   0.00000   0.00000
 Src-osrc corr  15   9 o,n=   0.00000   0.00001
 Src-osrc corr  16   9 o,n=   0.00000   0.00000
 Reaction Xsec    18.0-/17 @ 1 =     0.123/, Out:   0.000#   0.065/   0.051/   0.051/   0.000#  -0.000f
 Src-osrc corr  12   2 o,n=   0.02487   0.00402
 Src-osrc corr  14   2 o,n=   0.02487   0.00402
 Src-osrc corr  11   4 o,n=   0.00000   0.00000
 Src-osrc corr  12   4 o,n=   0.00402   0.00402
 Src-osrc corr  15   4 o,n=   0.00000   0.00000
 Src-osrc corr  16   4 o,n=   0.00000   0.00000
 Src-osrc corr  11   5 o,n=   0.00000   0.00000
 Src-osrc corr  12   5 o,n=   0.00402   0.00402
 Src-osrc corr  15   5 o,n=   0.00000   0.00000
 Src-osrc corr  16   5 o,n=   0.00000   0.00000
 Src-osrc corr  11   6 o,n=   0.00000   0.00000
 Src-osrc corr  12   6 o,n=   0.00402   0.00402
 Src-osrc corr  15   6 o,n=   0.00000   0.00000
 Src-osrc corr  16   6 o,n=   0.00000   0.00000
 Src-osrc corr  11   7 o,n=   0.00000   0.00000
 Src-osrc corr  12   7 o,n=   0.00402   0.00402
 Src-osrc corr  15   7 o,n=   0.00000   0.00000
 Src-osrc corr  16   7 o,n=   0.00000   0.00000
 Src-osrc corr  11   8 o,n=   0.00000   0.00000
 Src-osrc corr  12   8 o,n=   0.00402   0.00402
 Src-osrc corr  15   8 o,n=   0.00000   0.00000
 Src-osrc corr  16   8 o,n=   0.00000   0.00000
 Src-osrc corr  11   9 o,n=   0.00000   0.00000
 Src-osrc corr  12   9 o,n=   0.00402   0.00402
 Src-osrc corr  15   9 o,n=   0.00000   0.00000
 Src-osrc corr  16   9 o,n=   0.00000   0.00000
 Src-osrc corr  12  10 o,n=   0.00402   0.00402
 Src-osrc corr  16  10 o,n=   0.00000   0.00000
 Reaction Xsec    18.0-/19 @ 2 =     1.501#, Out:   0.000#   3.570#   0.471#   0.471#   0.000#  -0.000f
 Finished all CC sets @    5.86824512    
0CUMULATIVE REACTION cross section               =       1002.11770  <L> =     3.96  <L**2> =     18.7
0CUMULATIVE  ELASTIC cross section               =          0.00000
0CUMULATIVE outgoing cross sections in partition 1 :    0.00025   22.92945
0CUMULATIVE outgoing cross sections in partition 2 :   36.72187   33.73312    0.65508
0Cumulative ABSORBTION by Imaginary Potentials    =       908.07793  <L> =     3.99  <L**2> =     18.9
   Fusion for specific 2H       M-states :     907.398579     909.436627     907.398579
0CUMULATIVE OUTGOING cross section               =         94.03978
 Strength functions * 10^4 for L=0-2  =   0.60098   0.63669   6.34391 (with r0= 1.35 fm).  R' =   0.137 fm
 To convert to S-factors (MeV.mb = keV.b),  multiply by  1.1260E+02


 CROSS SECTIONS FOR OUTGOING 2H       & 12C      in state #   1 with spins & parities 1.0  + &  0.0  +;  0

     0.01 deg.: X-S =   4.285737E+15 mb/sr,
+                                         /R =   1.000001E+00

     0.50 deg.: X-S =   6.842701E+08 mb/sr,
+                                         /R =   9.978772E-01

     1.00 deg.: X-S =   4.231747E+07 mb/sr,
+                                         /R =   9.873535E-01

     1.50 deg.: X-S =   8.203672E+06 mb/sr,
+                                         /R =   9.689442E-01

     2.00 deg.: X-S =   2.529709E+06 mb/sr,
+                                         /R =   9.442293E-01

     2.50 deg.: X-S =   1.004015E+06 mb/sr,
+                                         /R =   9.148241E-01

     3.00 deg.: X-S =   4.670301E+05 mb/sr,
+                                         /R =   8.822801E-01

     3.50 deg.: X-S =   2.423583E+05 mb/sr,
+                                         /R =   8.480765E-01

     4.00 deg.: X-S =   1.363206E+05 mb/sr,
+                                         /R =   8.136238E-01

     4.50 deg.: X-S =   8.163276E+04 mb/sr,
+                                         /R =   7.802667E-01

     5.00 deg.: X-S =   5.144501E+04 mb/sr,
+                                         /R =   7.492851E-01

     5.50 deg.: X-S =   3.386201E+04 mb/sr,
+                                         /R =   7.218909E-01

     6.00 deg.: X-S =   2.316487E+04 mb/sr,
+                                         /R =   6.992236E-01

     6.50 deg.: X-S =   1.641746E+04 mb/sr,
+                                         /R =   6.823432E-01

     7.00 deg.: X-S =   1.202892E+04 mb/sr,
+                                         /R =   6.722227E-01

     7.50 deg.: X-S =    9097.584204 mb/sr,
+                                         /R =   6.697393E-01

     8.00 deg.: X-S =    7092.646623 mb/sr,
+                                         /R =   6.756658E-01

     8.50 deg.: X-S =    5691.260076 mb/sr,
+                                         /R =   6.906625E-01

     9.00 deg.: X-S =    4691.483913 mb/sr,
+                                         /R =   7.152683E-01

     9.50 deg.: X-S =    3963.884737 mb/sr,
+                                         /R =   7.498944E-01

    10.00 deg.: X-S =    3423.716685 mb/sr,
+                                         /R =   7.948175E-01

    10.50 deg.: X-S =    3014.447424 mb/sr,
+                                         /R =   8.501751E-01

    11.00 deg.: X-S =    2697.742387 mb/sr,
+                                         /R =   9.159621E-01

    11.50 deg.: X-S =    2447.230617 mb/sr,
+                                         /R =   9.920290E-01

    12.00 deg.: X-S =    2244.541701 mb/sr,
+                                         /R =   1.078081E+00

    12.50 deg.: X-S =    2076.738072 mb/sr,
+                                         /R =   1.173682E+00

    13.00 deg.: X-S =    1934.622477 mb/sr,
+                                         /R =   1.278253E+00

    13.50 deg.: X-S =    1811.604730 mb/sr,
+                                         /R =   1.391084E+00

    14.00 deg.: X-S =    1702.932025 mb/sr,
+                                         /R =   1.511335E+00

    14.50 deg.: X-S =    1605.159311 mb/sr,
+                                         /R =   1.638049E+00

    15.00 deg.: X-S =    1515.780467 mb/sr,
+                                         /R =   1.770160E+00

    15.50 deg.: X-S =    1432.968619 mb/sr,
+                                         /R =   1.906505E+00

    16.00 deg.: X-S =    1355.391459 mb/sr,
+                                         /R =   2.045839E+00

    16.50 deg.: X-S =    1282.078659 mb/sr,
+                                         /R =   2.186848E+00

    17.00 deg.: X-S =    1212.325897 mb/sr,
+                                         /R =   2.328162E+00

    17.50 deg.: X-S =    1145.624824 mb/sr,
+                                         /R =   2.468379E+00

    18.00 deg.: X-S =    1081.611609 mb/sr,
+                                         /R =   2.606074E+00

    18.50 deg.: X-S =    1020.028885 mb/sr,
+                                         /R =   2.739817E+00

    19.00 deg.: X-S =     960.697458 mb/sr,
+                                         /R =   2.868198E+00

    19.50 deg.: X-S =     903.495157 mb/sr,
+                                         /R =   2.989834E+00

    20.00 deg.: X-S =     848.340975 mb/sr,
+                                         /R =   3.103394E+00

    20.50 deg.: X-S =     795.183132 mb/sr,
+                                         /R =   3.207611E+00

    21.00 deg.: X-S =     743.990073 mb/sr,
+                                         /R =   3.301299E+00

    21.50 deg.: X-S =     694.743688 mb/sr,
+                                         /R =   3.383369E+00

    22.00 deg.: X-S =     647.434194 mb/sr,
+                                         /R =   3.452841E+00

    22.50 deg.: X-S =     602.056300 mb/sr,
+                                         /R =   3.508856E+00

    23.00 deg.: X-S =     558.606349 mb/sr,
+                                         /R =   3.550689E+00

    23.50 deg.: X-S =     517.080202 mb/sr,
+                                         /R =   3.577756E+00

    24.00 deg.: X-S =     477.471707 mb/sr,
+                                         /R =   3.589623E+00

    24.50 deg.: X-S =     439.771618 mb/sr,
+                                         /R =   3.586010E+00

    25.00 deg.: X-S =     403.966859 mb/sr,
+                                         /R =   3.566796E+00

    25.50 deg.: X-S =     370.040058 mb/sr,
+                                         /R =   3.532022E+00

    26.00 deg.: X-S =     337.969298 mb/sr,
+                                         /R =   3.481889E+00

    26.50 deg.: X-S =     307.728032 mb/sr,
+                                         /R =   3.416757E+00

    27.00 deg.: X-S =     279.285118 mb/sr,
+                                         /R =   3.337140E+00

    27.50 deg.: X-S =     252.604965 mb/sr,
+                                         /R =   3.243703E+00

    28.00 deg.: X-S =     227.647745 mb/sr,
+                                         /R =   3.137254E+00

    28.50 deg.: X-S =     204.369670 mb/sr,
+                                         /R =   3.018732E+00

    29.00 deg.: X-S =     182.723301 mb/sr,
+                                         /R =   2.889203E+00

    29.50 deg.: X-S =     162.657901 mb/sr,
+                                         /R =   2.749841E+00

    30.00 deg.: X-S =     144.119791 mb/sr,
+                                         /R =   2.601921E+00

    30.50 deg.: X-S =     127.052738 mb/sr,
+                                         /R =   2.446802E+00

    31.00 deg.: X-S =     111.398327 mb/sr,
+                                         /R =   2.285912E+00

    31.50 deg.: X-S =      97.096353 mb/sr,
+                                         /R =   2.120737E+00

    32.00 deg.: X-S =      84.085189 mb/sr,
+                                         /R =   1.952798E+00

    32.50 deg.: X-S =      72.302164 mb/sr,
+                                         /R =   1.783643E+00

    33.00 deg.: X-S =      61.683913 mb/sr,
+                                         /R =   1.614822E+00

    33.50 deg.: X-S =      52.166724 mb/sr,
+                                         /R =   1.447880E+00

    34.00 deg.: X-S =      43.686863 mb/sr,
+                                         /R =   1.284333E+00

    34.50 deg.: X-S =      36.180885 mb/sr,
+                                         /R =   1.125660E+00

    35.00 deg.: X-S =      29.585920 mb/sr,
+                                         /R =   9.732801E-01

    35.50 deg.: X-S =      23.839944 mb/sr,
+                                         /R =   8.285468E-01

    36.00 deg.: X-S =      18.882028 mb/sr,
+                                         /R =   6.927294E-01

    36.50 deg.: X-S =      14.652564 mb/sr,
+                                         /R =   5.670031E-01

    37.00 deg.: X-S =      11.093471 mb/sr,
+                                         /R =   4.524377E-01

    37.50 deg.: X-S =       8.148378 mb/sr,
+                                         /R =   3.499883E-01

    38.00 deg.: X-S =       5.762789 mb/sr,
+                                         /R =   2.604869E-01

    38.50 deg.: X-S =       3.884220 mb/sr,
+                                         /R =   1.846358E-01

    39.00 deg.: X-S =       2.462324 mb/sr,
+                                         /R =   1.230019E-01

    39.50 deg.: X-S =       1.448987 mb/sr,
+                                         /R =   7.601314E-02

    40.00 deg.: X-S =       0.798414 mb/sr,
+                                         /R =   4.395623E-02

    40.50 deg.: X-S =       0.467189 mb/sr,
+                                         /R =   2.697552E-02

    41.00 deg.: X-S =       0.414317 mb/sr,
+                                         /R =   2.507379E-02

    41.50 deg.: X-S =       0.601259 mb/sr,
+                                         /R =   3.811428E-02

    42.00 deg.: X-S =       0.991934 mb/sr,
+                                         /R =   6.582412E-02

    42.50 deg.: X-S =       1.552725 mb/sr,
+                                         /R =   1.077991E-01

    43.00 deg.: X-S =       2.252454 mb/sr,
+                                         /R =   1.635096E-01

    43.50 deg.: X-S =       3.062360 mb/sr,
+                                         /R =   2.323079E-01

    44.00 deg.: X-S =       3.956051 mb/sr,
+                                         /R =   3.134362E-01

    44.50 deg.: X-S =       4.909453 mb/sr,
+                                         /R =   4.060357E-01

    45.00 deg.: X-S =       5.900751 mb/sr,
+                                         /R =   5.091567E-01

    45.50 deg.: X-S =       6.910316 mb/sr,
+                                         /R =   6.217694E-01

    46.00 deg.: X-S =       7.920626 mb/sr,
+                                         /R =   7.427747E-01

    46.50 deg.: X-S =       8.916186 mb/sr,
+                                         /R =   8.710161E-01

    47.00 deg.: X-S =       9.883433 mb/sr,
+                                         /R =   1.005292E+00

    47.50 deg.: X-S =      10.810646 mb/sr,
+                                         /R =   1.144366E+00

    48.00 deg.: X-S =      11.687844 mb/sr,
+                                         /R =   1.286984E+00

    48.50 deg.: X-S =      12.506689 mb/sr,
+                                         /R =   1.431879E+00

    49.00 deg.: X-S =      13.260382 mb/sr,
+                                         /R =   1.577791E+00

    49.50 deg.: X-S =      13.943558 mb/sr,
+                                         /R =   1.723471E+00

    50.00 deg.: X-S =      14.552185 mb/sr,
+                                         /R =   1.867699E+00

    50.50 deg.: X-S =      15.083458 mb/sr,
+                                         /R =   2.009290E+00

    51.00 deg.: X-S =      15.535698 mb/sr,
+                                         /R =   2.147107E+00

    51.50 deg.: X-S =      15.908250 mb/sr,
+                                         /R =   2.280070E+00

    52.00 deg.: X-S =      16.201384 mb/sr,
+                                         /R =   2.407163E+00

    52.50 deg.: X-S =      16.416198 mb/sr,
+                                         /R =   2.527444E+00

    53.00 deg.: X-S =      16.554526 mb/sr,
+                                         /R =   2.640049E+00

    53.50 deg.: X-S =      16.618846 mb/sr,
+                                         /R =   2.744204E+00

    54.00 deg.: X-S =      16.612195 mb/sr,
+                                         /R =   2.839224E+00

    54.50 deg.: X-S =      16.538086 mb/sr,
+                                         /R =   2.924519E+00

    55.00 deg.: X-S =      16.400429 mb/sr,
+                                         /R =   2.999599E+00

    55.50 deg.: X-S =      16.203456 mb/sr,
+                                         /R =   3.064074E+00

    56.00 deg.: X-S =      15.951653 mb/sr,
+                                         /R =   3.117658E+00

    56.50 deg.: X-S =      15.649693 mb/sr,
+                                         /R =   3.160164E+00

    57.00 deg.: X-S =      15.302377 mb/sr,
+                                         /R =   3.191509E+00

    57.50 deg.: X-S =      14.914578 mb/sr,
+                                         /R =   3.211710E+00

    58.00 deg.: X-S =      14.491186 mb/sr,
+                                         /R =   3.220879E+00

    58.50 deg.: X-S =      14.037068 mb/sr,
+                                         /R =   3.219225E+00

    59.00 deg.: X-S =      13.557018 mb/sr,
+                                         /R =   3.207045E+00

    59.50 deg.: X-S =      13.055725 mb/sr,
+                                         /R =   3.184721E+00

    60.00 deg.: X-S =      12.537737 mb/sr,
+                                         /R =   3.152715E+00

    60.50 deg.: X-S =      12.007432 mb/sr,
+                                         /R =   3.111563E+00

    61.00 deg.: X-S =      11.468991 mb/sr,
+                                         /R =   3.061867E+00

    61.50 deg.: X-S =      10.926382 mb/sr,
+                                         /R =   3.004288E+00

    62.00 deg.: X-S =      10.383333 mb/sr,
+                                         /R =   2.939542E+00

    62.50 deg.: X-S =       9.843327 mb/sr,
+                                         /R =   2.868387E+00

    63.00 deg.: X-S =       9.309584 mb/sr,
+                                         /R =   2.791620E+00

    63.50 deg.: X-S =       8.785060 mb/sr,
+                                         /R =   2.710064E+00

    64.00 deg.: X-S =       8.272433 mb/sr,
+                                         /R =   2.624567E+00

    64.50 deg.: X-S =       7.774110 mb/sr,
+                                         /R =   2.535986E+00

    65.00 deg.: X-S =       7.292221 mb/sr,
+                                         /R =   2.445183E+00

    65.50 deg.: X-S =       6.828622 mb/sr,
+                                         /R =   2.353020E+00

    66.00 deg.: X-S =       6.384903 mb/sr,
+                                         /R =   2.260346E+00

    66.50 deg.: X-S =       5.962391 mb/sr,
+                                         /R =   2.167991E+00

    67.00 deg.: X-S =       5.562159 mb/sr,
+                                         /R =   2.076763E+00

    67.50 deg.: X-S =       5.185035 mb/sr,
+                                         /R =   1.987436E+00

    68.00 deg.: X-S =       4.831613 mb/sr,
+                                         /R =   1.900747E+00

    68.50 deg.: X-S =       4.502266 mb/sr,
+                                         /R =   1.817391E+00

    69.00 deg.: X-S =       4.197156 mb/sr,
+                                         /R =   1.738012E+00

    69.50 deg.: X-S =       3.916249 mb/sr,
+                                         /R =   1.663204E+00

    70.00 deg.: X-S =       3.659329 mb/sr,
+                                         /R =   1.593500E+00

    70.50 deg.: X-S =       3.426010 mb/sr,
+                                         /R =   1.529377E+00

    71.00 deg.: X-S =       3.215756 mb/sr,
+                                         /R =   1.471244E+00

    71.50 deg.: X-S =       3.027889 mb/sr,
+                                         /R =   1.419448E+00

    72.00 deg.: X-S =       2.861609 mb/sr,
+                                         /R =   1.374265E+00

    72.50 deg.: X-S =       2.716005 mb/sr,
+                                         /R =   1.335906E+00

    73.00 deg.: X-S =       2.590074 mb/sr,
+                                         /R =   1.304512E+00

    73.50 deg.: X-S =       2.482728 mb/sr,
+                                         /R =   1.280154E+00

    74.00 deg.: X-S =       2.392816 mb/sr,
+                                         /R =   1.262836E+00

    74.50 deg.: X-S =       2.319132 mb/sr,
+                                         /R =   1.252497E+00

    75.00 deg.: X-S =       2.260430 mb/sr,
+                                         /R =   1.249008E+00

    75.50 deg.: X-S =       2.215433 mb/sr,
+                                         /R =   1.252180E+00

    76.00 deg.: X-S =       2.182852 mb/sr,
+                                         /R =   1.261763E+00

    76.50 deg.: X-S =       2.161387 mb/sr,
+                                         /R =   1.277451E+00

    77.00 deg.: X-S =       2.149746 mb/sr,
+                                         /R =   1.298886E+00

    77.50 deg.: X-S =       2.146651 mb/sr,
+                                         /R =   1.325659E+00

    78.00 deg.: X-S =       2.150846 mb/sr,
+                                         /R =   1.357319E+00

    78.50 deg.: X-S =       2.161105 mb/sr,
+                                         /R =   1.393373E+00

    79.00 deg.: X-S =       2.176244 mb/sr,
+                                         /R =   1.433294E+00

    79.50 deg.: X-S =       2.195120 mb/sr,
+                                         /R =   1.476524E+00

    80.00 deg.: X-S =       2.216645 mb/sr,
+                                         /R =   1.522480E+00

    80.50 deg.: X-S =       2.239783 mb/sr,
+                                         /R =   1.570562E+00

    81.00 deg.: X-S =       2.263563 mb/sr,
+                                         /R =   1.620152E+00

    81.50 deg.: X-S =       2.287073 mb/sr,
+                                         /R =   1.670626E+00

    82.00 deg.: X-S =       2.309473 mb/sr,
+                                         /R =   1.721354E+00

    82.50 deg.: X-S =       2.329991 mb/sr,
+                                         /R =   1.771711E+00

    83.00 deg.: X-S =       2.347924 mb/sr,
+                                         /R =   1.821076E+00

    83.50 deg.: X-S =       2.362646 mb/sr,
+                                         /R =   1.868841E+00

    84.00 deg.: X-S =       2.373600 mb/sr,
+                                         /R =   1.914418E+00

    84.50 deg.: X-S =       2.380305 mb/sr,
+                                         /R =   1.957236E+00

    85.00 deg.: X-S =       2.382350 mb/sr,
+                                         /R =   1.996754E+00

    85.50 deg.: X-S =       2.379399 mb/sr,
+                                         /R =   2.032460E+00

    86.00 deg.: X-S =       2.371184 mb/sr,
+                                         /R =   2.063879E+00

    86.50 deg.: X-S =       2.357506 mb/sr,
+                                         /R =   2.090570E+00

    87.00 deg.: X-S =       2.338234 mb/sr,
+                                         /R =   2.112139E+00

    87.50 deg.: X-S =       2.313300 mb/sr,
+                                         /R =   2.128232E+00

    88.00 deg.: X-S =       2.282697 mb/sr,
+                                         /R =   2.138548E+00

    88.50 deg.: X-S =       2.246477 mb/sr,
+                                         /R =   2.142830E+00

    89.00 deg.: X-S =       2.204748 mb/sr,
+                                         /R =   2.140877E+00

    89.50 deg.: X-S =       2.157669 mb/sr,
+                                         /R =   2.132541E+00

    90.00 deg.: X-S =       2.105448 mb/sr,
+                                         /R =   2.117728E+00

    90.50 deg.: X-S =       2.048338 mb/sr,
+                                         /R =   2.096399E+00

    91.00 deg.: X-S =       1.986631 mb/sr,
+                                         /R =   2.068574E+00

    91.50 deg.: X-S =       1.920659 mb/sr,
+                                         /R =   2.034325E+00

    92.00 deg.: X-S =       1.850787 mb/sr,
+                                         /R =   1.993785E+00

    92.50 deg.: X-S =       1.777407 mb/sr,
+                                         /R =   1.947138E+00

    93.00 deg.: X-S =       1.700940 mb/sr,
+                                         /R =   1.894626E+00

    93.50 deg.: X-S =       1.621828 mb/sr,
+                                         /R =   1.836542E+00

    94.00 deg.: X-S =       1.540530 mb/sr,
+                                         /R =   1.773232E+00

    94.50 deg.: X-S =       1.457520 mb/sr,
+                                         /R =   1.705091E+00

    95.00 deg.: X-S =       1.373284 mb/sr,
+                                         /R =   1.632562E+00

    95.50 deg.: X-S =       1.288315 mb/sr,
+                                         /R =   1.556132E+00

    96.00 deg.: X-S =       1.203110 mb/sr,
+                                         /R =   1.476334E+00

    96.50 deg.: X-S =       1.118166 mb/sr,
+                                         /R =   1.393736E+00

    97.00 deg.: X-S =       1.033978 mb/sr,
+                                         /R =   1.308946E+00

    97.50 deg.: X-S =       0.951039 mb/sr,
+                                         /R =   1.222602E+00

    98.00 deg.: X-S =       0.869829 mb/sr,
+                                         /R =   1.135373E+00

    98.50 deg.: X-S =       0.790821 mb/sr,
+                                         /R =   1.047956E+00

    99.00 deg.: X-S =       0.714473 mb/sr,
+                                         /R =   9.610666E-01

    99.50 deg.: X-S =       0.641230 mb/sr,
+                                         /R =   8.754404E-01

   100.00 deg.: X-S =       0.571517 mb/sr,
+                                         /R =   7.918269E-01

   100.50 deg.: X-S =       0.505740 mb/sr,
+                                         /R =   7.109862E-01

   101.00 deg.: X-S =       0.444286 mb/sr,
+                                         /R =   6.336842E-01

   101.50 deg.: X-S =       0.387518 mb/sr,
+                                         /R =   5.606889E-01

   102.00 deg.: X-S =       0.335772 mb/sr,
+                                         /R =   4.927663E-01

   102.50 deg.: X-S =       0.289364 mb/sr,
+                                         /R =   4.306763E-01

   103.00 deg.: X-S =       0.248578 mb/sr,
+                                         /R =   3.751685E-01

   103.50 deg.: X-S =       0.213675 mb/sr,
+                                         /R =   3.269783E-01

   104.00 deg.: X-S =       0.184884 mb/sr,
+                                         /R =   2.868229E-01

   104.50 deg.: X-S =       0.162408 mb/sr,
+                                         /R =   2.553975E-01

   105.00 deg.: X-S =       0.146418 mb/sr,
+                                         /R =   2.333715E-01

   105.50 deg.: X-S =       0.137058 mb/sr,
+                                         /R =   2.213848E-01

   106.00 deg.: X-S =       0.134441 mb/sr,
+                                         /R =   2.200443E-01

   106.50 deg.: X-S =       0.138648 mb/sr,
+                                         /R =   2.299207E-01

   107.00 deg.: X-S =       0.149732 mb/sr,
+                                         /R =   2.515449E-01

   107.50 deg.: X-S =       0.167717 mb/sr,
+                                         /R =   2.854052E-01

   108.00 deg.: X-S =       0.192597 mb/sr,
+                                         /R =   3.319444E-01

   108.50 deg.: X-S =       0.224335 mb/sr,
+                                         /R =   3.915569E-01

   109.00 deg.: X-S =       0.262867 mb/sr,
+                                         /R =   4.645864E-01

   109.50 deg.: X-S =       0.308102 mb/sr,
+                                         /R =   5.513235E-01

   110.00 deg.: X-S =       0.359920 mb/sr,
+                                         /R =   6.520036E-01

   110.50 deg.: X-S =       0.418175 mb/sr,
+                                         /R =   7.668050E-01

   111.00 deg.: X-S =       0.482696 mb/sr,
+                                         /R =   8.958474E-01

   111.50 deg.: X-S =       0.553286 mb/sr,
+                                         /R =   1.039190E+00

   112.00 deg.: X-S =       0.629725 mb/sr,
+                                         /R =   1.196831E+00

   112.50 deg.: X-S =       0.711770 mb/sr,
+                                         /R =   1.368707E+00

   113.00 deg.: X-S =       0.799157 mb/sr,
+                                         /R =   1.554691E+00

   113.50 deg.: X-S =       0.891602 mb/sr,
+                                         /R =   1.754592E+00

   114.00 deg.: X-S =       0.988800 mb/sr,
+                                         /R =   1.968156E+00

   114.50 deg.: X-S =       1.090430 mb/sr,
+                                         /R =   2.195067E+00

   115.00 deg.: X-S =       1.196153 mb/sr,
+                                         /R =   2.434944E+00

   115.50 deg.: X-S =       1.305616 mb/sr,
+                                         /R =   2.687344E+00

   116.00 deg.: X-S =       1.418451 mb/sr,
+                                         /R =   2.951765E+00

   116.50 deg.: X-S =       1.534278 mb/sr,
+                                         /R =   3.227640E+00

   117.00 deg.: X-S =       1.652707 mb/sr,
+                                         /R =   3.514346E+00

   117.50 deg.: X-S =       1.773337 mb/sr,
+                                         /R =   3.811204E+00

   118.00 deg.: X-S =       1.895759 mb/sr,
+                                         /R =   4.117476E+00

   118.50 deg.: X-S =       2.019559 mb/sr,
+                                         /R =   4.432375E+00

   119.00 deg.: X-S =       2.144316 mb/sr,
+                                         /R =   4.755059E+00

   119.50 deg.: X-S =       2.269607 mb/sr,
+                                         /R =   5.084641E+00

   120.00 deg.: X-S =       2.395005 mb/sr,
+                                         /R =   5.420189E+00

   120.50 deg.: X-S =       2.520084 mb/sr,
+                                         /R =   5.760728E+00

   121.00 deg.: X-S =       2.644420 mb/sr,
+                                         /R =   6.105245E+00

   121.50 deg.: X-S =       2.767589 mb/sr,
+                                         /R =   6.452691E+00

   122.00 deg.: X-S =       2.889171 mb/sr,
+                                         /R =   6.801989E+00

   122.50 deg.: X-S =       3.008755 mb/sr,
+                                         /R =   7.152031E+00

   123.00 deg.: X-S =       3.125932 mb/sr,
+                                         /R =   7.501690E+00

   123.50 deg.: X-S =       3.240305 mb/sr,
+                                         /R =   7.849819E+00

   124.00 deg.: X-S =       3.351485 mb/sr,
+                                         /R =   8.195257E+00

   124.50 deg.: X-S =       3.459094 mb/sr,
+                                         /R =   8.536833E+00

   125.00 deg.: X-S =       3.562768 mb/sr,
+                                         /R =   8.873374E+00

   125.50 deg.: X-S =       3.662154 mb/sr,
+                                         /R =   9.203705E+00

   126.00 deg.: X-S =       3.756916 mb/sr,
+                                         /R =   9.526658E+00

   126.50 deg.: X-S =       3.846734 mb/sr,
+                                         /R =   9.841075E+00

   127.00 deg.: X-S =       3.931304 mb/sr,
+                                         /R =   1.014581E+01

   127.50 deg.: X-S =       4.010341 mb/sr,
+                                         /R =   1.043975E+01

   128.00 deg.: X-S =       4.083581 mb/sr,
+                                         /R =   1.072179E+01

   128.50 deg.: X-S =       4.150778 mb/sr,
+                                         /R =   1.099088E+01

   129.00 deg.: X-S =       4.211708 mb/sr,
+                                         /R =   1.124597E+01

   129.50 deg.: X-S =       4.266170 mb/sr,
+                                         /R =   1.148608E+01

   130.00 deg.: X-S =       4.313985 mb/sr,
+                                         /R =   1.171027E+01

   130.50 deg.: X-S =       4.354997 mb/sr,
+                                         /R =   1.191765E+01

   131.00 deg.: X-S =       4.389075 mb/sr,
+                                         /R =   1.210738E+01

   131.50 deg.: X-S =       4.416112 mb/sr,
+                                         /R =   1.227868E+01

   132.00 deg.: X-S =       4.436028 mb/sr,
+                                         /R =   1.243084E+01

   132.50 deg.: X-S =       4.448764 mb/sr,
+                                         /R =   1.256321E+01

   133.00 deg.: X-S =       4.454292 mb/sr,
+                                         /R =   1.267522E+01

   133.50 deg.: X-S =       4.452605 mb/sr,
+                                         /R =   1.276636E+01

   134.00 deg.: X-S =       4.443724 mb/sr,
+                                         /R =   1.283621E+01

   134.50 deg.: X-S =       4.427696 mb/sr,
+                                         /R =   1.288444E+01

   135.00 deg.: X-S =       4.404592 mb/sr,
+                                         /R =   1.291078E+01

   135.50 deg.: X-S =       4.374510 mb/sr,
+                                         /R =   1.291507E+01

   136.00 deg.: X-S =       4.337572 mb/sr,
+                                         /R =   1.289721E+01

   136.50 deg.: X-S =       4.293925 mb/sr,
+                                         /R =   1.285721E+01

   137.00 deg.: X-S =       4.243739 mb/sr,
+                                         /R =   1.279516E+01

   137.50 deg.: X-S =       4.187208 mb/sr,
+                                         /R =   1.271126E+01

   138.00 deg.: X-S =       4.124550 mb/sr,
+                                         /R =   1.260576E+01

   138.50 deg.: X-S =       4.056001 mb/sr,
+                                         /R =   1.247904E+01

   139.00 deg.: X-S =       3.981821 mb/sr,
+                                         /R =   1.233155E+01

   139.50 deg.: X-S =       3.902290 mb/sr,
+                                         /R =   1.216384E+01

   140.00 deg.: X-S =       3.817705 mb/sr,
+                                         /R =   1.197654E+01

   140.50 deg.: X-S =       3.728383 mb/sr,
+                                         /R =   1.177035E+01

   141.00 deg.: X-S =       3.634653 mb/sr,
+                                         /R =   1.154609E+01

   141.50 deg.: X-S =       3.536865 mb/sr,
+                                         /R =   1.130462E+01

   142.00 deg.: X-S =       3.435378 mb/sr,
+                                         /R =   1.104690E+01

   142.50 deg.: X-S =       3.330566 mb/sr,
+                                         /R =   1.077396E+01

   143.00 deg.: X-S =       3.222812 mb/sr,
+                                         /R =   1.048689E+01

   143.50 deg.: X-S =       3.112510 mb/sr,
+                                         /R =   1.018686E+01

   144.00 deg.: X-S =       3.000060 mb/sr,
+                                         /R =   9.875085E+00

   144.50 deg.: X-S =       2.885871 mb/sr,
+                                         /R =   9.552836E+00

   145.00 deg.: X-S =       2.770352 mb/sr,
+                                         /R =   9.221436E+00

   145.50 deg.: X-S =       2.653920 mb/sr,
+                                         /R =   8.882253E+00

   146.00 deg.: X-S =       2.536989 mb/sr,
+                                         /R =   8.536686E+00

   146.50 deg.: X-S =       2.419974 mb/sr,
+                                         /R =   8.186170E+00

   147.00 deg.: X-S =       2.303288 mb/sr,
+                                         /R =   7.832161E+00

   147.50 deg.: X-S =       2.187340 mb/sr,
+                                         /R =   7.476132E+00

   148.00 deg.: X-S =       2.072534 mb/sr,
+                                         /R =   7.119568E+00

   148.50 deg.: X-S =       1.959265 mb/sr,
+                                         /R =   6.763957E+00

   149.00 deg.: X-S =       1.847921 mb/sr,
+                                         /R =   6.410782E+00

   149.50 deg.: X-S =       1.738879 mb/sr,
+                                         /R =   6.061516E+00

   150.00 deg.: X-S =       1.632504 mb/sr,
+                                         /R =   5.717614E+00

   150.50 deg.: X-S =       1.529147 mb/sr,
+                                         /R =   5.380506E+00

   151.00 deg.: X-S =       1.429145 mb/sr,
+                                         /R =   5.051590E+00

   151.50 deg.: X-S =       1.332818 mb/sr,
+                                         /R =   4.732224E+00

   152.00 deg.: X-S =       1.240469 mb/sr,
+                                         /R =   4.423722E+00

   152.50 deg.: X-S =       1.152382 mb/sr,
+                                         /R =   4.127344E+00

   153.00 deg.: X-S =       1.068820 mb/sr,
+                                         /R =   3.844292E+00

   153.50 deg.: X-S =       0.990028 mb/sr,
+                                         /R =   3.575702E+00

   154.00 deg.: X-S =       0.916225 mb/sr,
+                                         /R =   3.322640E+00

   154.50 deg.: X-S =       0.847609 mb/sr,
+                                         /R =   3.086095E+00

   155.00 deg.: X-S =       0.784354 mb/sr,
+                                         /R =   2.866975E+00

   155.50 deg.: X-S =       0.726611 mb/sr,
+                                         /R =   2.666103E+00

   156.00 deg.: X-S =       0.674505 mb/sr,
+                                         /R =   2.484208E+00

   156.50 deg.: X-S =       0.628133 mb/sr,
+                                         /R =   2.321927E+00

   157.00 deg.: X-S =       0.587571 mb/sr,
+                                         /R =   2.179799E+00

   157.50 deg.: X-S =       0.552865 mb/sr,
+                                         /R =   2.058259E+00

   158.00 deg.: X-S =       0.524036 mb/sr,
+                                         /R =   1.957642E+00

   158.50 deg.: X-S =       0.501081 mb/sr,
+                                         /R =   1.878176E+00

   159.00 deg.: X-S =       0.483968 mb/sr,
+                                         /R =   1.819982E+00

   159.50 deg.: X-S =       0.472641 mb/sr,
+                                         /R =   1.783074E+00

   160.00 deg.: X-S =       0.467017 mb/sr,
+                                         /R =   1.767357E+00

   160.50 deg.: X-S =       0.466990 mb/sr,
+                                         /R =   1.772631E+00

   161.00 deg.: X-S =       0.472427 mb/sr,
+                                         /R =   1.798585E+00

   161.50 deg.: X-S =       0.483174 mb/sr,
+                                         /R =   1.844808E+00

   162.00 deg.: X-S =       0.499052 mb/sr,
+                                         /R =   1.910782E+00

   162.50 deg.: X-S =       0.519861 mb/sr,
+                                         /R =   1.995889E+00

   163.00 deg.: X-S =       0.545381 mb/sr,
+                                         /R =   2.099416E+00

   163.50 deg.: X-S =       0.575369 mb/sr,
+                                         /R =   2.220553E+00

   164.00 deg.: X-S =       0.609567 mb/sr,
+                                         /R =   2.358403E+00

   164.50 deg.: X-S =       0.647697 mb/sr,
+                                         /R =   2.511984E+00

   165.00 deg.: X-S =       0.689466 mb/sr,
+                                         /R =   2.680233E+00

   165.50 deg.: X-S =       0.734566 mb/sr,
+                                         /R =   2.862014E+00

   166.00 deg.: X-S =       0.782677 mb/sr,
+                                         /R =   3.056124E+00

   166.50 deg.: X-S =       0.833467 mb/sr,
+                                         /R =   3.261298E+00

   167.00 deg.: X-S =       0.886593 mb/sr,
+                                         /R =   3.476216E+00

   167.50 deg.: X-S =       0.941705 mb/sr,
+                                         /R =   3.699512E+00

   168.00 deg.: X-S =       0.998447 mb/sr,
+                                         /R =   3.929778E+00

   168.50 deg.: X-S =       1.056458 mb/sr,
+                                         /R =   4.165576E+00

   169.00 deg.: X-S =       1.115373 mb/sr,
+                                         /R =   4.405443E+00

   169.50 deg.: X-S =       1.174827 mb/sr,
+                                         /R =   4.647899E+00

   170.00 deg.: X-S =       1.234456 mb/sr,
+                                         /R =   4.891457E+00

   170.50 deg.: X-S =       1.293898 mb/sr,
+                                         /R =   5.134628E+00

   171.00 deg.: X-S =       1.352795 mb/sr,
+                                         /R =   5.375935E+00

   171.50 deg.: X-S =       1.410794 mb/sr,
+                                         /R =   5.613914E+00

   172.00 deg.: X-S =       1.467553 mb/sr,
+                                         /R =   5.847126E+00

   172.50 deg.: X-S =       1.522736 mb/sr,
+                                         /R =   6.074168E+00

   173.00 deg.: X-S =       1.576020 mb/sr,
+                                         /R =   6.293673E+00

   173.50 deg.: X-S =       1.627095 mb/sr,
+                                         /R =   6.504325E+00

   174.00 deg.: X-S =       1.675663 mb/sr,
+                                         /R =   6.704862E+00

   174.50 deg.: X-S =       1.721444 mb/sr,
+                                         /R =   6.894086E+00

   175.00 deg.: X-S =       1.764174 mb/sr,
+                                         /R =   7.070867E+00

   175.50 deg.: X-S =       1.803607 mb/sr,
+                                         /R =   7.234151E+00

   176.00 deg.: X-S =       1.839517 mb/sr,
+                                         /R =   7.382966E+00

   176.50 deg.: X-S =       1.871700 mb/sr,
+                                         /R =   7.516426E+00

   177.00 deg.: X-S =       1.899972 mb/sr,
+                                         /R =   7.633739E+00

   177.50 deg.: X-S =       1.924171 mb/sr,
+                                         /R =   7.734206E+00

   178.00 deg.: X-S =       1.944160 mb/sr,
+                                         /R =   7.817233E+00

   178.50 deg.: X-S =       1.959826 mb/sr,
+                                         /R =   7.882325E+00

   179.00 deg.: X-S =       1.971080 mb/sr,
+                                         /R =   7.929097E+00

   179.50 deg.: X-S =       1.977858 mb/sr,
+                                         /R =   7.957272E+00

   179.99 deg.: X-S =       1.980121 mb/sr,
+                                         /R =   7.966678E+00

                                           Integrated  4.1014E+10 mb, over [   0.000, 180.000] at    16.0000 MeV 

 CROSS SECTIONS FOR OUTGOING 2H       & 12C      in state #   2 with spins & parities 1.0  + &  2.0  +;  0

     0.00 deg.: X-S =       6.740299 mb/sr,
+                                         REAC   2.2929E+01 mb

     0.50 deg.: X-S =       6.740337 mb/sr,

     1.00 deg.: X-S =       6.740431 mb/sr,

     1.50 deg.: X-S =       6.740518 mb/sr,

     2.00 deg.: X-S =       6.740497 mb/sr,

     2.50 deg.: X-S =       6.740229 mb/sr,

     3.00 deg.: X-S =       6.739543 mb/sr,

     3.50 deg.: X-S =       6.738238 mb/sr,

     4.00 deg.: X-S =       6.736090 mb/sr,

     4.50 deg.: X-S =       6.732857 mb/sr,

     5.00 deg.: X-S =       6.728286 mb/sr,

     5.50 deg.: X-S =       6.722121 mb/sr,

     6.00 deg.: X-S =       6.714105 mb/sr,

     6.50 deg.: X-S =       6.703996 mb/sr,

     7.00 deg.: X-S =       6.691562 mb/sr,

     7.50 deg.: X-S =       6.676599 mb/sr,

     8.00 deg.: X-S =       6.658927 mb/sr,

     8.50 deg.: X-S =       6.638403 mb/sr,

     9.00 deg.: X-S =       6.614920 mb/sr,

     9.50 deg.: X-S =       6.588410 mb/sr,

    10.00 deg.: X-S =       6.558851 mb/sr,

    10.50 deg.: X-S =       6.526261 mb/sr,

    11.00 deg.: X-S =       6.490704 mb/sr,

    11.50 deg.: X-S =       6.452283 mb/sr,

    12.00 deg.: X-S =       6.411142 mb/sr,

    12.50 deg.: X-S =       6.367458 mb/sr,

    13.00 deg.: X-S =       6.321439 mb/sr,

    13.50 deg.: X-S =       6.273317 mb/sr,

    14.00 deg.: X-S =       6.223343 mb/sr,

    14.50 deg.: X-S =       6.171777 mb/sr,

    15.00 deg.: X-S =       6.118887 mb/sr,

    15.50 deg.: X-S =       6.064936 mb/sr,

    16.00 deg.: X-S =       6.010180 mb/sr,

    16.50 deg.: X-S =       5.954857 mb/sr,

    17.00 deg.: X-S =       5.899187 mb/sr,

    17.50 deg.: X-S =       5.843362 mb/sr,

    18.00 deg.: X-S =       5.787544 mb/sr,

    18.50 deg.: X-S =       5.731864 mb/sr,

    19.00 deg.: X-S =       5.676414 mb/sr,

    19.50 deg.: X-S =       5.621255 mb/sr,

    20.00 deg.: X-S =       5.566408 mb/sr,

    20.50 deg.: X-S =       5.511861 mb/sr,

    21.00 deg.: X-S =       5.457569 mb/sr,

    21.50 deg.: X-S =       5.403458 mb/sr,

    22.00 deg.: X-S =       5.349426 mb/sr,

    22.50 deg.: X-S =       5.295350 mb/sr,

    23.00 deg.: X-S =       5.241089 mb/sr,

    23.50 deg.: X-S =       5.186489 mb/sr,

    24.00 deg.: X-S =       5.131385 mb/sr,

    24.50 deg.: X-S =       5.075611 mb/sr,

    25.00 deg.: X-S =       5.019001 mb/sr,

    25.50 deg.: X-S =       4.961391 mb/sr,

    26.00 deg.: X-S =       4.902629 mb/sr,

    26.50 deg.: X-S =       4.842572 mb/sr,

    27.00 deg.: X-S =       4.781090 mb/sr,

    27.50 deg.: X-S =       4.718071 mb/sr,

    28.00 deg.: X-S =       4.653419 mb/sr,

    28.50 deg.: X-S =       4.587059 mb/sr,

    29.00 deg.: X-S =       4.518933 mb/sr,

    29.50 deg.: X-S =       4.449004 mb/sr,

    30.00 deg.: X-S =       4.377253 mb/sr,

    30.50 deg.: X-S =       4.303682 mb/sr,

    31.00 deg.: X-S =       4.228308 mb/sr,

    31.50 deg.: X-S =       4.151168 mb/sr,

    32.00 deg.: X-S =       4.072315 mb/sr,

    32.50 deg.: X-S =       3.991815 mb/sr,

    33.00 deg.: X-S =       3.909750 mb/sr,

    33.50 deg.: X-S =       3.826215 mb/sr,

    34.00 deg.: X-S =       3.741317 mb/sr,

    34.50 deg.: X-S =       3.655175 mb/sr,

    35.00 deg.: X-S =       3.567917 mb/sr,

    35.50 deg.: X-S =       3.479681 mb/sr,

    36.00 deg.: X-S =       3.390617 mb/sr,

    36.50 deg.: X-S =       3.300881 mb/sr,

    37.00 deg.: X-S =       3.210638 mb/sr,

    37.50 deg.: X-S =       3.120061 mb/sr,

    38.00 deg.: X-S =       3.029330 mb/sr,

    38.50 deg.: X-S =       2.938634 mb/sr,

    39.00 deg.: X-S =       2.848166 mb/sr,

    39.50 deg.: X-S =       2.758127 mb/sr,

    40.00 deg.: X-S =       2.668723 mb/sr,

    40.50 deg.: X-S =       2.580164 mb/sr,

    41.00 deg.: X-S =       2.492665 mb/sr,

    41.50 deg.: X-S =       2.406445 mb/sr,

    42.00 deg.: X-S =       2.321724 mb/sr,

    42.50 deg.: X-S =       2.238723 mb/sr,

    43.00 deg.: X-S =       2.157662 mb/sr,

    43.50 deg.: X-S =       2.078761 mb/sr,

    44.00 deg.: X-S =       2.002236 mb/sr,

    44.50 deg.: X-S =       1.928297 mb/sr,

    45.00 deg.: X-S =       1.857149 mb/sr,

    45.50 deg.: X-S =       1.788986 mb/sr,

    46.00 deg.: X-S =       1.723996 mb/sr,

    46.50 deg.: X-S =       1.662351 mb/sr,

    47.00 deg.: X-S =       1.604211 mb/sr,

    47.50 deg.: X-S =       1.549721 mb/sr,

    48.00 deg.: X-S =       1.499009 mb/sr,

    48.50 deg.: X-S =       1.452184 mb/sr,

    49.00 deg.: X-S =       1.409337 mb/sr,

    49.50 deg.: X-S =       1.370538 mb/sr,

    50.00 deg.: X-S =       1.335836 mb/sr,

    50.50 deg.: X-S =       1.305260 mb/sr,

    51.00 deg.: X-S =       1.278814 mb/sr,

    51.50 deg.: X-S =       1.256484 mb/sr,

    52.00 deg.: X-S =       1.238233 mb/sr,

    52.50 deg.: X-S =       1.224004 mb/sr,

    53.00 deg.: X-S =       1.213718 mb/sr,

    53.50 deg.: X-S =       1.207281 mb/sr,

    54.00 deg.: X-S =       1.204577 mb/sr,

    54.50 deg.: X-S =       1.205477 mb/sr,

    55.00 deg.: X-S =       1.209836 mb/sr,

    55.50 deg.: X-S =       1.217495 mb/sr,

    56.00 deg.: X-S =       1.228286 mb/sr,

    56.50 deg.: X-S =       1.242029 mb/sr,

    57.00 deg.: X-S =       1.258537 mb/sr,

    57.50 deg.: X-S =       1.277616 mb/sr,

    58.00 deg.: X-S =       1.299069 mb/sr,

    58.50 deg.: X-S =       1.322694 mb/sr,

    59.00 deg.: X-S =       1.348288 mb/sr,

    59.50 deg.: X-S =       1.375648 mb/sr,

    60.00 deg.: X-S =       1.404573 mb/sr,

    60.50 deg.: X-S =       1.434861 mb/sr,

    61.00 deg.: X-S =       1.466315 mb/sr,

    61.50 deg.: X-S =       1.498743 mb/sr,

    62.00 deg.: X-S =       1.531954 mb/sr,

    62.50 deg.: X-S =       1.565765 mb/sr,

    63.00 deg.: X-S =       1.599997 mb/sr,

    63.50 deg.: X-S =       1.634478 mb/sr,

    64.00 deg.: X-S =       1.669040 mb/sr,

    64.50 deg.: X-S =       1.703524 mb/sr,

    65.00 deg.: X-S =       1.737776 mb/sr,

    65.50 deg.: X-S =       1.771649 mb/sr,

    66.00 deg.: X-S =       1.805003 mb/sr,

    66.50 deg.: X-S =       1.837703 mb/sr,

    67.00 deg.: X-S =       1.869624 mb/sr,

    67.50 deg.: X-S =       1.900646 mb/sr,

    68.00 deg.: X-S =       1.930655 mb/sr,

    68.50 deg.: X-S =       1.959545 mb/sr,

    69.00 deg.: X-S =       1.987218 mb/sr,

    69.50 deg.: X-S =       2.013581 mb/sr,

    70.00 deg.: X-S =       2.038549 mb/sr,

    70.50 deg.: X-S =       2.062044 mb/sr,

    71.00 deg.: X-S =       2.083995 mb/sr,

    71.50 deg.: X-S =       2.104337 mb/sr,

    72.00 deg.: X-S =       2.123014 mb/sr,

    72.50 deg.: X-S =       2.139977 mb/sr,

    73.00 deg.: X-S =       2.155183 mb/sr,

    73.50 deg.: X-S =       2.168595 mb/sr,

    74.00 deg.: X-S =       2.180187 mb/sr,

    74.50 deg.: X-S =       2.189936 mb/sr,

    75.00 deg.: X-S =       2.197827 mb/sr,

    75.50 deg.: X-S =       2.203854 mb/sr,

    76.00 deg.: X-S =       2.208014 mb/sr,

    76.50 deg.: X-S =       2.210312 mb/sr,

    77.00 deg.: X-S =       2.210760 mb/sr,

    77.50 deg.: X-S =       2.209374 mb/sr,

    78.00 deg.: X-S =       2.206178 mb/sr,

    78.50 deg.: X-S =       2.201198 mb/sr,

    79.00 deg.: X-S =       2.194468 mb/sr,

    79.50 deg.: X-S =       2.186025 mb/sr,

    80.00 deg.: X-S =       2.175910 mb/sr,

    80.50 deg.: X-S =       2.164169 mb/sr,

    81.00 deg.: X-S =       2.150851 mb/sr,

    81.50 deg.: X-S =       2.136007 mb/sr,

    82.00 deg.: X-S =       2.119692 mb/sr,

    82.50 deg.: X-S =       2.101963 mb/sr,

    83.00 deg.: X-S =       2.082880 mb/sr,

    83.50 deg.: X-S =       2.062502 mb/sr,

    84.00 deg.: X-S =       2.040892 mb/sr,

    84.50 deg.: X-S =       2.018112 mb/sr,

    85.00 deg.: X-S =       1.994227 mb/sr,

    85.50 deg.: X-S =       1.969301 mb/sr,

    86.00 deg.: X-S =       1.943399 mb/sr,

    86.50 deg.: X-S =       1.916584 mb/sr,

    87.00 deg.: X-S =       1.888922 mb/sr,

    87.50 deg.: X-S =       1.860477 mb/sr,

    88.00 deg.: X-S =       1.831314 mb/sr,

    88.50 deg.: X-S =       1.801494 mb/sr,

    89.00 deg.: X-S =       1.771083 mb/sr,

    89.50 deg.: X-S =       1.740142 mb/sr,

    90.00 deg.: X-S =       1.708732 mb/sr,

    90.50 deg.: X-S =       1.676917 mb/sr,

    91.00 deg.: X-S =       1.644755 mb/sr,

    91.50 deg.: X-S =       1.612307 mb/sr,

    92.00 deg.: X-S =       1.579633 mb/sr,

    92.50 deg.: X-S =       1.546792 mb/sr,

    93.00 deg.: X-S =       1.513843 mb/sr,

    93.50 deg.: X-S =       1.480843 mb/sr,

    94.00 deg.: X-S =       1.447850 mb/sr,

    94.50 deg.: X-S =       1.414923 mb/sr,

    95.00 deg.: X-S =       1.382118 mb/sr,

    95.50 deg.: X-S =       1.349492 mb/sr,

    96.00 deg.: X-S =       1.317102 mb/sr,

    96.50 deg.: X-S =       1.285006 mb/sr,

    97.00 deg.: X-S =       1.253259 mb/sr,

    97.50 deg.: X-S =       1.221918 mb/sr,

    98.00 deg.: X-S =       1.191040 mb/sr,

    98.50 deg.: X-S =       1.160680 mb/sr,

    99.00 deg.: X-S =       1.130895 mb/sr,

    99.50 deg.: X-S =       1.101741 mb/sr,

   100.00 deg.: X-S =       1.073273 mb/sr,

   100.50 deg.: X-S =       1.045547 mb/sr,

   101.00 deg.: X-S =       1.018616 mb/sr,

   101.50 deg.: X-S =       0.992535 mb/sr,

   102.00 deg.: X-S =       0.967358 mb/sr,

   102.50 deg.: X-S =       0.943135 mb/sr,

   103.00 deg.: X-S =       0.919920 mb/sr,

   103.50 deg.: X-S =       0.897761 mb/sr,

   104.00 deg.: X-S =       0.876708 mb/sr,

   104.50 deg.: X-S =       0.856806 mb/sr,

   105.00 deg.: X-S =       0.838101 mb/sr,

   105.50 deg.: X-S =       0.820635 mb/sr,

   106.00 deg.: X-S =       0.804449 mb/sr,

   106.50 deg.: X-S =       0.789580 mb/sr,

   107.00 deg.: X-S =       0.776064 mb/sr,

   107.50 deg.: X-S =       0.763932 mb/sr,

   108.00 deg.: X-S =       0.753212 mb/sr,

   108.50 deg.: X-S =       0.743930 mb/sr,

   109.00 deg.: X-S =       0.736107 mb/sr,

   109.50 deg.: X-S =       0.729761 mb/sr,

   110.00 deg.: X-S =       0.724904 mb/sr,

   110.50 deg.: X-S =       0.721547 mb/sr,

   111.00 deg.: X-S =       0.719695 mb/sr,

   111.50 deg.: X-S =       0.719347 mb/sr,

   112.00 deg.: X-S =       0.720500 mb/sr,

   112.50 deg.: X-S =       0.723147 mb/sr,

   113.00 deg.: X-S =       0.727273 mb/sr,

   113.50 deg.: X-S =       0.732861 mb/sr,

   114.00 deg.: X-S =       0.739890 mb/sr,

   114.50 deg.: X-S =       0.748333 mb/sr,

   115.00 deg.: X-S =       0.758158 mb/sr,

   115.50 deg.: X-S =       0.769330 mb/sr,

   116.00 deg.: X-S =       0.781809 mb/sr,

   116.50 deg.: X-S =       0.795552 mb/sr,

   117.00 deg.: X-S =       0.810509 mb/sr,

   117.50 deg.: X-S =       0.826631 mb/sr,

   118.00 deg.: X-S =       0.843859 mb/sr,

   118.50 deg.: X-S =       0.862136 mb/sr,

   119.00 deg.: X-S =       0.881399 mb/sr,

   119.50 deg.: X-S =       0.901581 mb/sr,

   120.00 deg.: X-S =       0.922613 mb/sr,

   120.50 deg.: X-S =       0.944425 mb/sr,

   121.00 deg.: X-S =       0.966941 mb/sr,

   121.50 deg.: X-S =       0.990085 mb/sr,

   122.00 deg.: X-S =       1.013778 mb/sr,

   122.50 deg.: X-S =       1.037939 mb/sr,

   123.00 deg.: X-S =       1.062487 mb/sr,

   123.50 deg.: X-S =       1.087337 mb/sr,

   124.00 deg.: X-S =       1.112404 mb/sr,

   124.50 deg.: X-S =       1.137604 mb/sr,

   125.00 deg.: X-S =       1.162849 mb/sr,

   125.50 deg.: X-S =       1.188053 mb/sr,

   126.00 deg.: X-S =       1.213130 mb/sr,

   126.50 deg.: X-S =       1.237993 mb/sr,

   127.00 deg.: X-S =       1.262557 mb/sr,

   127.50 deg.: X-S =       1.286738 mb/sr,

   128.00 deg.: X-S =       1.310451 mb/sr,

   128.50 deg.: X-S =       1.333615 mb/sr,

   129.00 deg.: X-S =       1.356150 mb/sr,

   129.50 deg.: X-S =       1.377979 mb/sr,

   130.00 deg.: X-S =       1.399026 mb/sr,

   130.50 deg.: X-S =       1.419220 mb/sr,

   131.00 deg.: X-S =       1.438491 mb/sr,

   131.50 deg.: X-S =       1.456775 mb/sr,

   132.00 deg.: X-S =       1.474009 mb/sr,

   132.50 deg.: X-S =       1.490138 mb/sr,

   133.00 deg.: X-S =       1.505108 mb/sr,

   133.50 deg.: X-S =       1.518871 mb/sr,

   134.00 deg.: X-S =       1.531385 mb/sr,

   134.50 deg.: X-S =       1.542613 mb/sr,

   135.00 deg.: X-S =       1.552522 mb/sr,

   135.50 deg.: X-S =       1.561087 mb/sr,

   136.00 deg.: X-S =       1.568287 mb/sr,

   136.50 deg.: X-S =       1.574107 mb/sr,

   137.00 deg.: X-S =       1.578539 mb/sr,

   137.50 deg.: X-S =       1.581581 mb/sr,

   138.00 deg.: X-S =       1.583236 mb/sr,

   138.50 deg.: X-S =       1.583516 mb/sr,

   139.00 deg.: X-S =       1.582434 mb/sr,

   139.50 deg.: X-S =       1.580015 mb/sr,

   140.00 deg.: X-S =       1.576284 mb/sr,

   140.50 deg.: X-S =       1.571275 mb/sr,

   141.00 deg.: X-S =       1.565028 mb/sr,

   141.50 deg.: X-S =       1.557586 mb/sr,

   142.00 deg.: X-S =       1.548998 mb/sr,

   142.50 deg.: X-S =       1.539317 mb/sr,

   143.00 deg.: X-S =       1.528602 mb/sr,

   143.50 deg.: X-S =       1.516915 mb/sr,

   144.00 deg.: X-S =       1.504320 mb/sr,

   144.50 deg.: X-S =       1.490888 mb/sr,

   145.00 deg.: X-S =       1.476689 mb/sr,

   145.50 deg.: X-S =       1.461798 mb/sr,

   146.00 deg.: X-S =       1.446292 mb/sr,

   146.50 deg.: X-S =       1.430249 mb/sr,

   147.00 deg.: X-S =       1.413748 mb/sr,

   147.50 deg.: X-S =       1.396871 mb/sr,

   148.00 deg.: X-S =       1.379697 mb/sr,

   148.50 deg.: X-S =       1.362309 mb/sr,

   149.00 deg.: X-S =       1.344787 mb/sr,

   149.50 deg.: X-S =       1.327212 mb/sr,

   150.00 deg.: X-S =       1.309663 mb/sr,

   150.50 deg.: X-S =       1.292218 mb/sr,

   151.00 deg.: X-S =       1.274954 mb/sr,

   151.50 deg.: X-S =       1.257945 mb/sr,

   152.00 deg.: X-S =       1.241263 mb/sr,

   152.50 deg.: X-S =       1.224978 mb/sr,

   153.00 deg.: X-S =       1.209156 mb/sr,

   153.50 deg.: X-S =       1.193861 mb/sr,

   154.00 deg.: X-S =       1.179152 mb/sr,

   154.50 deg.: X-S =       1.165086 mb/sr,

   155.00 deg.: X-S =       1.151715 mb/sr,

   155.50 deg.: X-S =       1.139087 mb/sr,

   156.00 deg.: X-S =       1.127247 mb/sr,

   156.50 deg.: X-S =       1.116232 mb/sr,

   157.00 deg.: X-S =       1.106079 mb/sr,

   157.50 deg.: X-S =       1.096817 mb/sr,

   158.00 deg.: X-S =       1.088470 mb/sr,

   158.50 deg.: X-S =       1.081060 mb/sr,

   159.00 deg.: X-S =       1.074599 mb/sr,

   159.50 deg.: X-S =       1.069099 mb/sr,

   160.00 deg.: X-S =       1.064563 mb/sr,

   160.50 deg.: X-S =       1.060990 mb/sr,

   161.00 deg.: X-S =       1.058375 mb/sr,

   161.50 deg.: X-S =       1.056707 mb/sr,

   162.00 deg.: X-S =       1.055970 mb/sr,

   162.50 deg.: X-S =       1.056142 mb/sr,

   163.00 deg.: X-S =       1.057198 mb/sr,

   163.50 deg.: X-S =       1.059107 mb/sr,

   164.00 deg.: X-S =       1.061834 mb/sr,

   164.50 deg.: X-S =       1.065341 mb/sr,

   165.00 deg.: X-S =       1.069583 mb/sr,

   165.50 deg.: X-S =       1.074515 mb/sr,

   166.00 deg.: X-S =       1.080087 mb/sr,

   166.50 deg.: X-S =       1.086243 mb/sr,

   167.00 deg.: X-S =       1.092929 mb/sr,

   167.50 deg.: X-S =       1.100086 mb/sr,

   168.00 deg.: X-S =       1.107653 mb/sr,

   168.50 deg.: X-S =       1.115568 mb/sr,

   169.00 deg.: X-S =       1.123766 mb/sr,

   169.50 deg.: X-S =       1.132183 mb/sr,

   170.00 deg.: X-S =       1.140755 mb/sr,

   170.50 deg.: X-S =       1.149415 mb/sr,

   171.00 deg.: X-S =       1.158098 mb/sr,

   171.50 deg.: X-S =       1.166741 mb/sr,

   172.00 deg.: X-S =       1.175279 mb/sr,

   172.50 deg.: X-S =       1.183650 mb/sr,

   173.00 deg.: X-S =       1.191795 mb/sr,

   173.50 deg.: X-S =       1.199655 mb/sr,

   174.00 deg.: X-S =       1.207174 mb/sr,

   174.50 deg.: X-S =       1.214300 mb/sr,

   175.00 deg.: X-S =       1.220983 mb/sr,

   175.50 deg.: X-S =       1.227176 mb/sr,

   176.00 deg.: X-S =       1.232837 mb/sr,

   176.50 deg.: X-S =       1.237926 mb/sr,

   177.00 deg.: X-S =       1.242409 mb/sr,

   177.50 deg.: X-S =       1.246256 mb/sr,

   178.00 deg.: X-S =       1.249439 mb/sr,

   178.50 deg.: X-S =       1.251937 mb/sr,

   179.00 deg.: X-S =       1.253734 mb/sr,

   179.50 deg.: X-S =       1.254817 mb/sr,

   180.00 deg.: X-S =       1.255179 mb/sr,

                                           Integrated  2.2929E+01 mb, over [   0.000, 180.000] at    16.0000 MeV 

 CROSS SECTIONS FOR OUTGOING 1H       & 13C      in state #   1 with spins & parities 0.5  + &  0.5  +;  0

     0.00 deg.: X-S =      88.536500 mb/sr,
+                                         REAC   3.6722E+01 mb

     0.50 deg.: X-S =      88.364106 mb/sr,

     1.00 deg.: X-S =      87.848810 mb/sr,

     1.50 deg.: X-S =      86.996235 mb/sr,

     2.00 deg.: X-S =      85.815642 mb/sr,

     2.50 deg.: X-S =      84.319765 mb/sr,

     3.00 deg.: X-S =      82.524588 mb/sr,

     3.50 deg.: X-S =      80.449067 mb/sr,

     4.00 deg.: X-S =      78.114804 mb/sr,

     4.50 deg.: X-S =      75.545682 mb/sr,

     5.00 deg.: X-S =      72.767473 mb/sr,

     5.50 deg.: X-S =      69.807419 mb/sr,

     6.00 deg.: X-S =      66.693803 mb/sr,

     6.50 deg.: X-S =      63.455526 mb/sr,

     7.00 deg.: X-S =      60.121674 mb/sr,

     7.50 deg.: X-S =      56.721119 mb/sr,

     8.00 deg.: X-S =      53.282133 mb/sr,

     8.50 deg.: X-S =      49.832033 mb/sr,

     9.00 deg.: X-S =      46.396866 mb/sr,

     9.50 deg.: X-S =      43.001133 mb/sr,

    10.00 deg.: X-S =      39.667552 mb/sr,

    10.50 deg.: X-S =      36.416878 mb/sr,

    11.00 deg.: X-S =      33.267757 mb/sr,

    11.50 deg.: X-S =      30.236631 mb/sr,

    12.00 deg.: X-S =      27.337693 mb/sr,

    12.50 deg.: X-S =      24.582869 mb/sr,

    13.00 deg.: X-S =      21.981853 mb/sr,

    13.50 deg.: X-S =      19.542166 mb/sr,

    14.00 deg.: X-S =      17.269251 mb/sr,

    14.50 deg.: X-S =      15.166584 mb/sr,

    15.00 deg.: X-S =      13.235813 mb/sr,

    15.50 deg.: X-S =      11.476910 mb/sr,

    16.00 deg.: X-S =       9.888327 mb/sr,

    16.50 deg.: X-S =       8.467163 mb/sr,

    17.00 deg.: X-S =       7.209333 mb/sr,

    17.50 deg.: X-S =       6.109730 mb/sr,

    18.00 deg.: X-S =       5.162386 mb/sr,

    18.50 deg.: X-S =       4.360623 mb/sr,

    19.00 deg.: X-S =       3.697196 mb/sr,

    19.50 deg.: X-S =       3.164423 mb/sr,

    20.00 deg.: X-S =       2.754301 mb/sr,

    20.50 deg.: X-S =       2.458616 mb/sr,

    21.00 deg.: X-S =       2.269034 mb/sr,

    21.50 deg.: X-S =       2.177181 mb/sr,

    22.00 deg.: X-S =       2.174714 mb/sr,

    22.50 deg.: X-S =       2.253378 mb/sr,

    23.00 deg.: X-S =       2.405051 mb/sr,

    23.50 deg.: X-S =       2.621787 mb/sr,

    24.00 deg.: X-S =       2.895846 mb/sr,

    24.50 deg.: X-S =       3.219718 mb/sr,

    25.00 deg.: X-S =       3.586143 mb/sr,

    25.50 deg.: X-S =       3.988126 mb/sr,

    26.00 deg.: X-S =       4.418948 mb/sr,

    26.50 deg.: X-S =       4.872179 mb/sr,

    27.00 deg.: X-S =       5.341681 mb/sr,

    27.50 deg.: X-S =       5.821620 mb/sr,

    28.00 deg.: X-S =       6.306471 mb/sr,

    28.50 deg.: X-S =       6.791025 mb/sr,

    29.00 deg.: X-S =       7.270395 mb/sr,

    29.50 deg.: X-S =       7.740028 mb/sr,

    30.00 deg.: X-S =       8.195706 mb/sr,

    30.50 deg.: X-S =       8.633560 mb/sr,

    31.00 deg.: X-S =       9.050075 mb/sr,

    31.50 deg.: X-S =       9.442097 mb/sr,

    32.00 deg.: X-S =       9.806841 mb/sr,

    32.50 deg.: X-S =      10.141896 mb/sr,

    33.00 deg.: X-S =      10.445228 mb/sr,

    33.50 deg.: X-S =      10.715183 mb/sr,

    34.00 deg.: X-S =      10.950483 mb/sr,

    34.50 deg.: X-S =      11.150225 mb/sr,

    35.00 deg.: X-S =      11.313875 mb/sr,

    35.50 deg.: X-S =      11.441255 mb/sr,

    36.00 deg.: X-S =      11.532532 mb/sr,

    36.50 deg.: X-S =      11.588199 mb/sr,

    37.00 deg.: X-S =      11.609056 mb/sr,

    37.50 deg.: X-S =      11.596187 mb/sr,

    38.00 deg.: X-S =      11.550931 mb/sr,

    38.50 deg.: X-S =      11.474859 mb/sr,

    39.00 deg.: X-S =      11.369735 mb/sr,

    39.50 deg.: X-S =      11.237494 mb/sr,

    40.00 deg.: X-S =      11.080198 mb/sr,

    40.50 deg.: X-S =      10.900012 mb/sr,

    41.00 deg.: X-S =      10.699166 mb/sr,

    41.50 deg.: X-S =      10.479924 mb/sr,

    42.00 deg.: X-S =      10.244552 mb/sr,

    42.50 deg.: X-S =       9.995292 mb/sr,

    43.00 deg.: X-S =       9.734334 mb/sr,

    43.50 deg.: X-S =       9.463791 mb/sr,

    44.00 deg.: X-S =       9.185684 mb/sr,

    44.50 deg.: X-S =       8.901916 mb/sr,

    45.00 deg.: X-S =       8.614267 mb/sr,

    45.50 deg.: X-S =       8.324379 mb/sr,

    46.00 deg.: X-S =       8.033747 mb/sr,

    46.50 deg.: X-S =       7.743722 mb/sr,

    47.00 deg.: X-S =       7.455503 mb/sr,

    47.50 deg.: X-S =       7.170142 mb/sr,

    48.00 deg.: X-S =       6.888548 mb/sr,

    48.50 deg.: X-S =       6.611495 mb/sr,

    49.00 deg.: X-S =       6.339624 mb/sr,

    49.50 deg.: X-S =       6.073461 mb/sr,

    50.00 deg.: X-S =       5.813418 mb/sr,

    50.50 deg.: X-S =       5.559812 mb/sr,

    51.00 deg.: X-S =       5.312871 mb/sr,

    51.50 deg.: X-S =       5.072746 mb/sr,

    52.00 deg.: X-S =       4.839523 mb/sr,

    52.50 deg.: X-S =       4.613235 mb/sr,

    53.00 deg.: X-S =       4.393869 mb/sr,

    53.50 deg.: X-S =       4.181376 mb/sr,

    54.00 deg.: X-S =       3.975680 mb/sr,

    54.50 deg.: X-S =       3.776687 mb/sr,

    55.00 deg.: X-S =       3.584287 mb/sr,

    55.50 deg.: X-S =       3.398366 mb/sr,

    56.00 deg.: X-S =       3.218805 mb/sr,

    56.50 deg.: X-S =       3.045486 mb/sr,

    57.00 deg.: X-S =       2.878297 mb/sr,

    57.50 deg.: X-S =       2.717131 mb/sr,

    58.00 deg.: X-S =       2.561891 mb/sr,

    58.50 deg.: X-S =       2.412487 mb/sr,

    59.00 deg.: X-S =       2.268839 mb/sr,

    59.50 deg.: X-S =       2.130877 mb/sr,

    60.00 deg.: X-S =       1.998540 mb/sr,

    60.50 deg.: X-S =       1.871775 mb/sr,

    61.00 deg.: X-S =       1.750536 mb/sr,

    61.50 deg.: X-S =       1.634781 mb/sr,

    62.00 deg.: X-S =       1.524475 mb/sr,

    62.50 deg.: X-S =       1.419584 mb/sr,

    63.00 deg.: X-S =       1.320074 mb/sr,

    63.50 deg.: X-S =       1.225913 mb/sr,

    64.00 deg.: X-S =       1.137062 mb/sr,

    64.50 deg.: X-S =       1.053484 mb/sr,

    65.00 deg.: X-S =       0.975131 mb/sr,

    65.50 deg.: X-S =       0.901953 mb/sr,

    66.00 deg.: X-S =       0.833890 mb/sr,

    66.50 deg.: X-S =       0.770873 mb/sr,

    67.00 deg.: X-S =       0.712826 mb/sr,

    67.50 deg.: X-S =       0.659662 mb/sr,

    68.00 deg.: X-S =       0.611284 mb/sr,

    68.50 deg.: X-S =       0.567587 mb/sr,

    69.00 deg.: X-S =       0.528453 mb/sr,

    69.50 deg.: X-S =       0.493758 mb/sr,

    70.00 deg.: X-S =       0.463369 mb/sr,

    70.50 deg.: X-S =       0.437142 mb/sr,

    71.00 deg.: X-S =       0.414931 mb/sr,

    71.50 deg.: X-S =       0.396579 mb/sr,

    72.00 deg.: X-S =       0.381928 mb/sr,

    72.50 deg.: X-S =       0.370814 mb/sr,

    73.00 deg.: X-S =       0.363071 mb/sr,

    73.50 deg.: X-S =       0.358532 mb/sr,

    74.00 deg.: X-S =       0.357028 mb/sr,

    74.50 deg.: X-S =       0.358391 mb/sr,

    75.00 deg.: X-S =       0.362457 mb/sr,

    75.50 deg.: X-S =       0.369062 mb/sr,

    76.00 deg.: X-S =       0.378045 mb/sr,

    76.50 deg.: X-S =       0.389251 mb/sr,

    77.00 deg.: X-S =       0.402528 mb/sr,

    77.50 deg.: X-S =       0.417730 mb/sr,

    78.00 deg.: X-S =       0.434717 mb/sr,

    78.50 deg.: X-S =       0.453353 mb/sr,

    79.00 deg.: X-S =       0.473508 mb/sr,

    79.50 deg.: X-S =       0.495060 mb/sr,

    80.00 deg.: X-S =       0.517890 mb/sr,

    80.50 deg.: X-S =       0.541888 mb/sr,

    81.00 deg.: X-S =       0.566946 mb/sr,

    81.50 deg.: X-S =       0.592964 mb/sr,

    82.00 deg.: X-S =       0.619846 mb/sr,

    82.50 deg.: X-S =       0.647501 mb/sr,

    83.00 deg.: X-S =       0.675841 mb/sr,

    83.50 deg.: X-S =       0.704786 mb/sr,

    84.00 deg.: X-S =       0.734254 mb/sr,

    84.50 deg.: X-S =       0.764172 mb/sr,

    85.00 deg.: X-S =       0.794465 mb/sr,

    85.50 deg.: X-S =       0.825064 mb/sr,

    86.00 deg.: X-S =       0.855901 mb/sr,

    86.50 deg.: X-S =       0.886909 mb/sr,

    87.00 deg.: X-S =       0.918025 mb/sr,

    87.50 deg.: X-S =       0.949186 mb/sr,

    88.00 deg.: X-S =       0.980330 mb/sr,

    88.50 deg.: X-S =       1.011395 mb/sr,

    89.00 deg.: X-S =       1.042324 mb/sr,

    89.50 deg.: X-S =       1.073055 mb/sr,

    90.00 deg.: X-S =       1.103530 mb/sr,

    90.50 deg.: X-S =       1.133691 mb/sr,

    91.00 deg.: X-S =       1.163481 mb/sr,

    91.50 deg.: X-S =       1.192841 mb/sr,

    92.00 deg.: X-S =       1.221713 mb/sr,

    92.50 deg.: X-S =       1.250043 mb/sr,

    93.00 deg.: X-S =       1.277772 mb/sr,

    93.50 deg.: X-S =       1.304845 mb/sr,

    94.00 deg.: X-S =       1.331207 mb/sr,

    94.50 deg.: X-S =       1.356803 mb/sr,

    95.00 deg.: X-S =       1.381578 mb/sr,

    95.50 deg.: X-S =       1.405480 mb/sr,

    96.00 deg.: X-S =       1.428457 mb/sr,

    96.50 deg.: X-S =       1.450458 mb/sr,

    97.00 deg.: X-S =       1.471434 mb/sr,

    97.50 deg.: X-S =       1.491337 mb/sr,

    98.00 deg.: X-S =       1.510121 mb/sr,

    98.50 deg.: X-S =       1.527742 mb/sr,

    99.00 deg.: X-S =       1.544160 mb/sr,

    99.50 deg.: X-S =       1.559334 mb/sr,

   100.00 deg.: X-S =       1.573228 mb/sr,

   100.50 deg.: X-S =       1.585809 mb/sr,

   101.00 deg.: X-S =       1.597045 mb/sr,

   101.50 deg.: X-S =       1.606910 mb/sr,

   102.00 deg.: X-S =       1.615380 mb/sr,

   102.50 deg.: X-S =       1.622434 mb/sr,

   103.00 deg.: X-S =       1.628056 mb/sr,

   103.50 deg.: X-S =       1.632233 mb/sr,

   104.00 deg.: X-S =       1.634957 mb/sr,

   104.50 deg.: X-S =       1.636223 mb/sr,

   105.00 deg.: X-S =       1.636030 mb/sr,

   105.50 deg.: X-S =       1.634383 mb/sr,

   106.00 deg.: X-S =       1.631290 mb/sr,

   106.50 deg.: X-S =       1.626763 mb/sr,

   107.00 deg.: X-S =       1.620819 mb/sr,

   107.50 deg.: X-S =       1.613478 mb/sr,

   108.00 deg.: X-S =       1.604766 mb/sr,

   108.50 deg.: X-S =       1.594710 mb/sr,

   109.00 deg.: X-S =       1.583343 mb/sr,

   109.50 deg.: X-S =       1.570701 mb/sr,

   110.00 deg.: X-S =       1.556823 mb/sr,

   110.50 deg.: X-S =       1.541752 mb/sr,

   111.00 deg.: X-S =       1.525533 mb/sr,

   111.50 deg.: X-S =       1.508215 mb/sr,

   112.00 deg.: X-S =       1.489848 mb/sr,

   112.50 deg.: X-S =       1.470485 mb/sr,

   113.00 deg.: X-S =       1.450181 mb/sr,

   113.50 deg.: X-S =       1.428991 mb/sr,

   114.00 deg.: X-S =       1.406973 mb/sr,

   114.50 deg.: X-S =       1.384187 mb/sr,

   115.00 deg.: X-S =       1.360691 mb/sr,

   115.50 deg.: X-S =       1.336546 mb/sr,

   116.00 deg.: X-S =       1.311810 mb/sr,

   116.50 deg.: X-S =       1.286546 mb/sr,

   117.00 deg.: X-S =       1.260812 mb/sr,

   117.50 deg.: X-S =       1.234667 mb/sr,

   118.00 deg.: X-S =       1.208171 mb/sr,

   118.50 deg.: X-S =       1.181380 mb/sr,

   119.00 deg.: X-S =       1.154352 mb/sr,

   119.50 deg.: X-S =       1.127142 mb/sr,

   120.00 deg.: X-S =       1.099803 mb/sr,

   120.50 deg.: X-S =       1.072388 mb/sr,

   121.00 deg.: X-S =       1.044948 mb/sr,

   121.50 deg.: X-S =       1.017530 mb/sr,

   122.00 deg.: X-S =       0.990183 mb/sr,

   122.50 deg.: X-S =       0.962951 mb/sr,

   123.00 deg.: X-S =       0.935876 mb/sr,

   123.50 deg.: X-S =       0.909000 mb/sr,

   124.00 deg.: X-S =       0.882362 mb/sr,

   124.50 deg.: X-S =       0.855998 mb/sr,

   125.00 deg.: X-S =       0.829942 mb/sr,

   125.50 deg.: X-S =       0.804228 mb/sr,

   126.00 deg.: X-S =       0.778885 mb/sr,

   126.50 deg.: X-S =       0.753941 mb/sr,

   127.00 deg.: X-S =       0.729422 mb/sr,

   127.50 deg.: X-S =       0.705353 mb/sr,

   128.00 deg.: X-S =       0.681756 mb/sr,

   128.50 deg.: X-S =       0.658650 mb/sr,

   129.00 deg.: X-S =       0.636052 mb/sr,

   129.50 deg.: X-S =       0.613981 mb/sr,

   130.00 deg.: X-S =       0.592449 mb/sr,

   130.50 deg.: X-S =       0.571469 mb/sr,

   131.00 deg.: X-S =       0.551052 mb/sr,

   131.50 deg.: X-S =       0.531207 mb/sr,

   132.00 deg.: X-S =       0.511941 mb/sr,

   132.50 deg.: X-S =       0.493260 mb/sr,

   133.00 deg.: X-S =       0.475169 mb/sr,

   133.50 deg.: X-S =       0.457669 mb/sr,

   134.00 deg.: X-S =       0.440764 mb/sr,

   134.50 deg.: X-S =       0.424453 mb/sr,

   135.00 deg.: X-S =       0.408734 mb/sr,

   135.50 deg.: X-S =       0.393606 mb/sr,

   136.00 deg.: X-S =       0.379066 mb/sr,

   136.50 deg.: X-S =       0.365109 mb/sr,

   137.00 deg.: X-S =       0.351729 mb/sr,

   137.50 deg.: X-S =       0.338921 mb/sr,

   138.00 deg.: X-S =       0.326677 mb/sr,

   138.50 deg.: X-S =       0.314990 mb/sr,

   139.00 deg.: X-S =       0.303851 mb/sr,

   139.50 deg.: X-S =       0.293251 mb/sr,

   140.00 deg.: X-S =       0.283179 mb/sr,

   140.50 deg.: X-S =       0.273627 mb/sr,

   141.00 deg.: X-S =       0.264583 mb/sr,

   141.50 deg.: X-S =       0.256035 mb/sr,

   142.00 deg.: X-S =       0.247974 mb/sr,

   142.50 deg.: X-S =       0.240386 mb/sr,

   143.00 deg.: X-S =       0.233260 mb/sr,

   143.50 deg.: X-S =       0.226583 mb/sr,

   144.00 deg.: X-S =       0.220344 mb/sr,

   144.50 deg.: X-S =       0.214530 mb/sr,

   145.00 deg.: X-S =       0.209128 mb/sr,

   145.50 deg.: X-S =       0.204125 mb/sr,

   146.00 deg.: X-S =       0.199510 mb/sr,

   146.50 deg.: X-S =       0.195269 mb/sr,

   147.00 deg.: X-S =       0.191389 mb/sr,

   147.50 deg.: X-S =       0.187858 mb/sr,

   148.00 deg.: X-S =       0.184664 mb/sr,

   148.50 deg.: X-S =       0.181793 mb/sr,

   149.00 deg.: X-S =       0.179234 mb/sr,

   149.50 deg.: X-S =       0.176973 mb/sr,

   150.00 deg.: X-S =       0.174999 mb/sr,

   150.50 deg.: X-S =       0.173299 mb/sr,

   151.00 deg.: X-S =       0.171860 mb/sr,

   151.50 deg.: X-S =       0.170672 mb/sr,

   152.00 deg.: X-S =       0.169721 mb/sr,

   152.50 deg.: X-S =       0.168997 mb/sr,

   153.00 deg.: X-S =       0.168486 mb/sr,

   153.50 deg.: X-S =       0.168179 mb/sr,

   154.00 deg.: X-S =       0.168063 mb/sr,

   154.50 deg.: X-S =       0.168128 mb/sr,

   155.00 deg.: X-S =       0.168362 mb/sr,

   155.50 deg.: X-S =       0.168754 mb/sr,

   156.00 deg.: X-S =       0.169295 mb/sr,

   156.50 deg.: X-S =       0.169973 mb/sr,

   157.00 deg.: X-S =       0.170780 mb/sr,

   157.50 deg.: X-S =       0.171704 mb/sr,

   158.00 deg.: X-S =       0.172738 mb/sr,

   158.50 deg.: X-S =       0.173871 mb/sr,

   159.00 deg.: X-S =       0.175096 mb/sr,

   159.50 deg.: X-S =       0.176403 mb/sr,

   160.00 deg.: X-S =       0.177784 mb/sr,

   160.50 deg.: X-S =       0.179233 mb/sr,

   161.00 deg.: X-S =       0.180741 mb/sr,

   161.50 deg.: X-S =       0.182302 mb/sr,

   162.00 deg.: X-S =       0.183909 mb/sr,

   162.50 deg.: X-S =       0.185555 mb/sr,

   163.00 deg.: X-S =       0.187234 mb/sr,

   163.50 deg.: X-S =       0.188941 mb/sr,

   164.00 deg.: X-S =       0.190670 mb/sr,

   164.50 deg.: X-S =       0.192416 mb/sr,

   165.00 deg.: X-S =       0.194173 mb/sr,

   165.50 deg.: X-S =       0.195937 mb/sr,

   166.00 deg.: X-S =       0.197703 mb/sr,

   166.50 deg.: X-S =       0.199465 mb/sr,

   167.00 deg.: X-S =       0.201220 mb/sr,

   167.50 deg.: X-S =       0.202963 mb/sr,

   168.00 deg.: X-S =       0.204689 mb/sr,

   168.50 deg.: X-S =       0.206395 mb/sr,

   169.00 deg.: X-S =       0.208074 mb/sr,

   169.50 deg.: X-S =       0.209723 mb/sr,

   170.00 deg.: X-S =       0.211338 mb/sr,

   170.50 deg.: X-S =       0.212913 mb/sr,

   171.00 deg.: X-S =       0.214445 mb/sr,

   171.50 deg.: X-S =       0.215928 mb/sr,

   172.00 deg.: X-S =       0.217357 mb/sr,

   172.50 deg.: X-S =       0.218730 mb/sr,

   173.00 deg.: X-S =       0.220039 mb/sr,

   173.50 deg.: X-S =       0.221282 mb/sr,

   174.00 deg.: X-S =       0.222454 mb/sr,

   174.50 deg.: X-S =       0.223551 mb/sr,

   175.00 deg.: X-S =       0.224567 mb/sr,

   175.50 deg.: X-S =       0.225500 mb/sr,

   176.00 deg.: X-S =       0.226346 mb/sr,

   176.50 deg.: X-S =       0.227101 mb/sr,

   177.00 deg.: X-S =       0.227762 mb/sr,

   177.50 deg.: X-S =       0.228327 mb/sr,

   178.00 deg.: X-S =       0.228792 mb/sr,

   178.50 deg.: X-S =       0.229156 mb/sr,

   179.00 deg.: X-S =       0.229417 mb/sr,

   179.50 deg.: X-S =       0.229574 mb/sr,

   180.00 deg.: X-S =       0.229626 mb/sr,

                                           Integrated  3.6718E+01 mb, over [   0.000, 180.000] at    16.0000 MeV 

 CROSS SECTIONS FOR OUTGOING 1H       & 13C      in state #   2 with spins & parities 0.5  + &  0.5  +;  0

     0.00 deg.: X-S =      90.349410 mb/sr,
+                                         REAC   3.3733E+01 mb

     0.50 deg.: X-S =      90.177568 mb/sr,

     1.00 deg.: X-S =      89.663913 mb/sr,

     1.50 deg.: X-S =      88.814016 mb/sr,

     2.00 deg.: X-S =      87.637057 mb/sr,

     2.50 deg.: X-S =      86.145656 mb/sr,

     3.00 deg.: X-S =      84.355652 mb/sr,

     3.50 deg.: X-S =      82.285829 mb/sr,

     4.00 deg.: X-S =      79.957594 mb/sr,

     4.50 deg.: X-S =      77.394612 mb/sr,

     5.00 deg.: X-S =      74.622414 mb/sr,

     5.50 deg.: X-S =      71.667989 mb/sr,

     6.00 deg.: X-S =      68.559355 mb/sr,

     6.50 deg.: X-S =      65.325135 mb/sr,

     7.00 deg.: X-S =      61.994138 mb/sr,

     7.50 deg.: X-S =      58.594953 mb/sr,

     8.00 deg.: X-S =      55.155574 mb/sr,

     8.50 deg.: X-S =      51.703045 mb/sr,

     9.00 deg.: X-S =      48.263149 mb/sr,

     9.50 deg.: X-S =      44.860137 mb/sr,

    10.00 deg.: X-S =      41.516494 mb/sr,

    10.50 deg.: X-S =      38.252757 mb/sr,

    11.00 deg.: X-S =      35.087377 mb/sr,

    11.50 deg.: X-S =      32.036626 mb/sr,

    12.00 deg.: X-S =      29.114545 mb/sr,

    12.50 deg.: X-S =      26.332940 mb/sr,

    13.00 deg.: X-S =      23.701411 mb/sr,

    13.50 deg.: X-S =      21.227411 mb/sr,

    14.00 deg.: X-S =      18.916340 mb/sr,

    14.50 deg.: X-S =      16.771663 mb/sr,

    15.00 deg.: X-S =      14.795043 mb/sr,

    15.50 deg.: X-S =      12.986491 mb/sr,

    16.00 deg.: X-S =      11.344524 mb/sr,

    16.50 deg.: X-S =       9.866330 mb/sr,

    17.00 deg.: X-S =       8.547937 mb/sr,

    17.50 deg.: X-S =       7.384370 mb/sr,

    18.00 deg.: X-S =       6.369812 mb/sr,

    18.50 deg.: X-S =       5.497754 mb/sr,

    19.00 deg.: X-S =       4.761135 mb/sr,

    19.50 deg.: X-S =       4.152471 mb/sr,

    20.00 deg.: X-S =       3.663969 mb/sr,

    20.50 deg.: X-S =       3.287634 mb/sr,

    21.00 deg.: X-S =       3.015359 mb/sr,

    21.50 deg.: X-S =       2.839004 mb/sr,

    22.00 deg.: X-S =       2.750465 mb/sr,

    22.50 deg.: X-S =       2.741729 mb/sr,

    23.00 deg.: X-S =       2.804918 mb/sr,

    23.50 deg.: X-S =       2.932333 mb/sr,

    24.00 deg.: X-S =       3.116478 mb/sr,

    24.50 deg.: X-S =       3.350089 mb/sr,

    25.00 deg.: X-S =       3.626146 mb/sr,

    25.50 deg.: X-S =       3.937896 mb/sr,

    26.00 deg.: X-S =       4.278858 mb/sr,

    26.50 deg.: X-S =       4.642832 mb/sr,

    27.00 deg.: X-S =       5.023913 mb/sr,

    27.50 deg.: X-S =       5.416489 mb/sr,

    28.00 deg.: X-S =       5.815256 mb/sr,

    28.50 deg.: X-S =       6.215217 mb/sr,

    29.00 deg.: X-S =       6.611696 mb/sr,

    29.50 deg.: X-S =       7.000340 mb/sr,

    30.00 deg.: X-S =       7.377128 mb/sr,

    30.50 deg.: X-S =       7.738379 mb/sr,

    31.00 deg.: X-S =       8.080757 mb/sr,

    31.50 deg.: X-S =       8.401283 mb/sr,

    32.00 deg.: X-S =       8.697335 mb/sr,

    32.50 deg.: X-S =       8.966655 mb/sr,

    33.00 deg.: X-S =       9.207356 mb/sr,

    33.50 deg.: X-S =       9.417916 mb/sr,

    34.00 deg.: X-S =       9.597180 mb/sr,

    34.50 deg.: X-S =       9.744357 mb/sr,

    35.00 deg.: X-S =       9.859010 mb/sr,

    35.50 deg.: X-S =       9.941046 mb/sr,

    36.00 deg.: X-S =       9.990704 mb/sr,

    36.50 deg.: X-S =      10.008534 mb/sr,

    37.00 deg.: X-S =       9.995379 mb/sr,

    37.50 deg.: X-S =       9.952349 mb/sr,

    38.00 deg.: X-S =       9.880797 mb/sr,

    38.50 deg.: X-S =       9.782289 mb/sr,

    39.00 deg.: X-S =       9.658573 mb/sr,

    39.50 deg.: X-S =       9.511548 mb/sr,

    40.00 deg.: X-S =       9.343231 mb/sr,

    40.50 deg.: X-S =       9.155721 mb/sr,

    41.00 deg.: X-S =       8.951173 mb/sr,

    41.50 deg.: X-S =       8.731759 mb/sr,

    42.00 deg.: X-S =       8.499645 mb/sr,

    42.50 deg.: X-S =       8.256956 mb/sr,

    43.00 deg.: X-S =       8.005759 mb/sr,

    43.50 deg.: X-S =       7.748034 mb/sr,

    44.00 deg.: X-S =       7.485655 mb/sr,

    44.50 deg.: X-S =       7.220380 mb/sr,

    45.00 deg.: X-S =       6.953831 mb/sr,

    45.50 deg.: X-S =       6.687490 mb/sr,

    46.00 deg.: X-S =       6.422691 mb/sr,

    46.50 deg.: X-S =       6.160618 mb/sr,

    47.00 deg.: X-S =       5.902305 mb/sr,

    47.50 deg.: X-S =       5.648640 mb/sr,

    48.00 deg.: X-S =       5.400368 mb/sr,

    48.50 deg.: X-S =       5.158102 mb/sr,

    49.00 deg.: X-S =       4.922329 mb/sr,

    49.50 deg.: X-S =       4.693420 mb/sr,

    50.00 deg.: X-S =       4.471643 mb/sr,

    50.50 deg.: X-S =       4.257173 mb/sr,

    51.00 deg.: X-S =       4.050105 mb/sr,

    51.50 deg.: X-S =       3.850464 mb/sr,

    52.00 deg.: X-S =       3.658217 mb/sr,

    52.50 deg.: X-S =       3.473284 mb/sr,

    53.00 deg.: X-S =       3.295548 mb/sr,

    53.50 deg.: X-S =       3.124863 mb/sr,

    54.00 deg.: X-S =       2.961064 mb/sr,

    54.50 deg.: X-S =       2.803974 mb/sr,

    55.00 deg.: X-S =       2.653409 mb/sr,

    55.50 deg.: X-S =       2.509182 mb/sr,

    56.00 deg.: X-S =       2.371113 mb/sr,

    56.50 deg.: X-S =       2.239026 mb/sr,

    57.00 deg.: X-S =       2.112754 mb/sr,

    57.50 deg.: X-S =       1.992141 mb/sr,

    58.00 deg.: X-S =       1.877045 mb/sr,

    58.50 deg.: X-S =       1.767334 mb/sr,

    59.00 deg.: X-S =       1.662889 mb/sr,

    59.50 deg.: X-S =       1.563602 mb/sr,

    60.00 deg.: X-S =       1.469376 mb/sr,

    60.50 deg.: X-S =       1.380125 mb/sr,

    61.00 deg.: X-S =       1.295768 mb/sr,

    61.50 deg.: X-S =       1.216232 mb/sr,

    62.00 deg.: X-S =       1.141450 mb/sr,

    62.50 deg.: X-S =       1.071355 mb/sr,

    63.00 deg.: X-S =       1.005882 mb/sr,

    63.50 deg.: X-S =       0.944967 mb/sr,

    64.00 deg.: X-S =       0.888541 mb/sr,

    64.50 deg.: X-S =       0.836532 mb/sr,

    65.00 deg.: X-S =       0.788865 mb/sr,

    65.50 deg.: X-S =       0.745456 mb/sr,

    66.00 deg.: X-S =       0.706216 mb/sr,

    66.50 deg.: X-S =       0.671046 mb/sr,

    67.00 deg.: X-S =       0.639840 mb/sr,

    67.50 deg.: X-S =       0.612485 mb/sr,

    68.00 deg.: X-S =       0.588856 mb/sr,

    68.50 deg.: X-S =       0.568823 mb/sr,

    69.00 deg.: X-S =       0.552248 mb/sr,

    69.50 deg.: X-S =       0.538985 mb/sr,

    70.00 deg.: X-S =       0.528881 mb/sr,

    70.50 deg.: X-S =       0.521779 mb/sr,

    71.00 deg.: X-S =       0.517518 mb/sr,

    71.50 deg.: X-S =       0.515934 mb/sr,

    72.00 deg.: X-S =       0.516861 mb/sr,

    72.50 deg.: X-S =       0.520131 mb/sr,

    73.00 deg.: X-S =       0.525579 mb/sr,

    73.50 deg.: X-S =       0.533040 mb/sr,

    74.00 deg.: X-S =       0.542353 mb/sr,

    74.50 deg.: X-S =       0.553360 mb/sr,

    75.00 deg.: X-S =       0.565909 mb/sr,

    75.50 deg.: X-S =       0.579853 mb/sr,

    76.00 deg.: X-S =       0.595052 mb/sr,

    76.50 deg.: X-S =       0.611372 mb/sr,

    77.00 deg.: X-S =       0.628687 mb/sr,

    77.50 deg.: X-S =       0.646878 mb/sr,

    78.00 deg.: X-S =       0.665835 mb/sr,

    78.50 deg.: X-S =       0.685454 mb/sr,

    79.00 deg.: X-S =       0.705642 mb/sr,

    79.50 deg.: X-S =       0.726310 mb/sr,

    80.00 deg.: X-S =       0.747377 mb/sr,

    80.50 deg.: X-S =       0.768772 mb/sr,

    81.00 deg.: X-S =       0.790426 mb/sr,

    81.50 deg.: X-S =       0.812280 mb/sr,

    82.00 deg.: X-S =       0.834277 mb/sr,

    82.50 deg.: X-S =       0.856367 mb/sr,

    83.00 deg.: X-S =       0.878506 mb/sr,

    83.50 deg.: X-S =       0.900649 mb/sr,

    84.00 deg.: X-S =       0.922760 mb/sr,

    84.50 deg.: X-S =       0.944801 mb/sr,

    85.00 deg.: X-S =       0.966739 mb/sr,

    85.50 deg.: X-S =       0.988542 mb/sr,

    86.00 deg.: X-S =       1.010180 mb/sr,

    86.50 deg.: X-S =       1.031622 mb/sr,

    87.00 deg.: X-S =       1.052840 mb/sr,

    87.50 deg.: X-S =       1.073804 mb/sr,

    88.00 deg.: X-S =       1.094486 mb/sr,

    88.50 deg.: X-S =       1.114856 mb/sr,

    89.00 deg.: X-S =       1.134883 mb/sr,

    89.50 deg.: X-S =       1.154538 mb/sr,

    90.00 deg.: X-S =       1.173790 mb/sr,

    90.50 deg.: X-S =       1.192605 mb/sr,

    91.00 deg.: X-S =       1.210950 mb/sr,

    91.50 deg.: X-S =       1.228792 mb/sr,

    92.00 deg.: X-S =       1.246097 mb/sr,

    92.50 deg.: X-S =       1.262827 mb/sr,

    93.00 deg.: X-S =       1.278947 mb/sr,

    93.50 deg.: X-S =       1.294420 mb/sr,

    94.00 deg.: X-S =       1.309208 mb/sr,

    94.50 deg.: X-S =       1.323275 mb/sr,

    95.00 deg.: X-S =       1.336582 mb/sr,

    95.50 deg.: X-S =       1.349092 mb/sr,

    96.00 deg.: X-S =       1.360768 mb/sr,

    96.50 deg.: X-S =       1.371573 mb/sr,

    97.00 deg.: X-S =       1.381473 mb/sr,

    97.50 deg.: X-S =       1.390431 mb/sr,

    98.00 deg.: X-S =       1.398415 mb/sr,

    98.50 deg.: X-S =       1.405394 mb/sr,

    99.00 deg.: X-S =       1.411336 mb/sr,

    99.50 deg.: X-S =       1.416216 mb/sr,

   100.00 deg.: X-S =       1.420006 mb/sr,

   100.50 deg.: X-S =       1.422685 mb/sr,

   101.00 deg.: X-S =       1.424231 mb/sr,

   101.50 deg.: X-S =       1.424628 mb/sr,

   102.00 deg.: X-S =       1.423862 mb/sr,

   102.50 deg.: X-S =       1.421923 mb/sr,

   103.00 deg.: X-S =       1.418802 mb/sr,

   103.50 deg.: X-S =       1.414496 mb/sr,

   104.00 deg.: X-S =       1.409006 mb/sr,

   104.50 deg.: X-S =       1.402335 mb/sr,

   105.00 deg.: X-S =       1.394491 mb/sr,

   105.50 deg.: X-S =       1.385487 mb/sr,

   106.00 deg.: X-S =       1.375337 mb/sr,

   106.50 deg.: X-S =       1.364060 mb/sr,

   107.00 deg.: X-S =       1.351681 mb/sr,

   107.50 deg.: X-S =       1.338226 mb/sr,

   108.00 deg.: X-S =       1.323725 mb/sr,

   108.50 deg.: X-S =       1.308212 mb/sr,

   109.00 deg.: X-S =       1.291724 mb/sr,

   109.50 deg.: X-S =       1.274302 mb/sr,

   110.00 deg.: X-S =       1.255988 mb/sr,

   110.50 deg.: X-S =       1.236828 mb/sr,

   111.00 deg.: X-S =       1.216869 mb/sr,

   111.50 deg.: X-S =       1.196163 mb/sr,

   112.00 deg.: X-S =       1.174760 mb/sr,

   112.50 deg.: X-S =       1.152713 mb/sr,

   113.00 deg.: X-S =       1.130079 mb/sr,

   113.50 deg.: X-S =       1.106911 mb/sr,

   114.00 deg.: X-S =       1.083267 mb/sr,

   114.50 deg.: X-S =       1.059204 mb/sr,

   115.00 deg.: X-S =       1.034777 mb/sr,

   115.50 deg.: X-S =       1.010045 mb/sr,

   116.00 deg.: X-S =       0.985063 mb/sr,

   116.50 deg.: X-S =       0.959888 mb/sr,

   117.00 deg.: X-S =       0.934575 mb/sr,

   117.50 deg.: X-S =       0.909178 mb/sr,

   118.00 deg.: X-S =       0.883749 mb/sr,

   118.50 deg.: X-S =       0.858341 mb/sr,

   119.00 deg.: X-S =       0.833004 mb/sr,

   119.50 deg.: X-S =       0.807786 mb/sr,

   120.00 deg.: X-S =       0.782735 mb/sr,

   120.50 deg.: X-S =       0.757894 mb/sr,

   121.00 deg.: X-S =       0.733306 mb/sr,

   121.50 deg.: X-S =       0.709014 mb/sr,

   122.00 deg.: X-S =       0.685055 mb/sr,

   122.50 deg.: X-S =       0.661466 mb/sr,

   123.00 deg.: X-S =       0.638283 mb/sr,

   123.50 deg.: X-S =       0.615537 mb/sr,

   124.00 deg.: X-S =       0.593258 mb/sr,

   124.50 deg.: X-S =       0.571475 mb/sr,

   125.00 deg.: X-S =       0.550214 mb/sr,

   125.50 deg.: X-S =       0.529499 mb/sr,

   126.00 deg.: X-S =       0.509351 mb/sr,

   126.50 deg.: X-S =       0.489790 mb/sr,

   127.00 deg.: X-S =       0.470834 mb/sr,

   127.50 deg.: X-S =       0.452498 mb/sr,

   128.00 deg.: X-S =       0.434796 mb/sr,

   128.50 deg.: X-S =       0.417741 mb/sr,

   129.00 deg.: X-S =       0.401342 mb/sr,

   129.50 deg.: X-S =       0.385608 mb/sr,

   130.00 deg.: X-S =       0.370545 mb/sr,

   130.50 deg.: X-S =       0.356158 mb/sr,

   131.00 deg.: X-S =       0.342451 mb/sr,

   131.50 deg.: X-S =       0.329426 mb/sr,

   132.00 deg.: X-S =       0.317084 mb/sr,

   132.50 deg.: X-S =       0.305424 mb/sr,

   133.00 deg.: X-S =       0.294443 mb/sr,

   133.50 deg.: X-S =       0.284139 mb/sr,

   134.00 deg.: X-S =       0.274508 mb/sr,

   134.50 deg.: X-S =       0.265543 mb/sr,

   135.00 deg.: X-S =       0.257239 mb/sr,

   135.50 deg.: X-S =       0.249589 mb/sr,

   136.00 deg.: X-S =       0.242584 mb/sr,

   136.50 deg.: X-S =       0.236216 mb/sr,

   137.00 deg.: X-S =       0.230475 mb/sr,

   137.50 deg.: X-S =       0.225352 mb/sr,

   138.00 deg.: X-S =       0.220834 mb/sr,

   138.50 deg.: X-S =       0.216912 mb/sr,

   139.00 deg.: X-S =       0.213574 mb/sr,

   139.50 deg.: X-S =       0.210807 mb/sr,

   140.00 deg.: X-S =       0.208600 mb/sr,

   140.50 deg.: X-S =       0.206941 mb/sr,

   141.00 deg.: X-S =       0.205815 mb/sr,

   141.50 deg.: X-S =       0.205211 mb/sr,

   142.00 deg.: X-S =       0.205115 mb/sr,

   142.50 deg.: X-S =       0.205514 mb/sr,

   143.00 deg.: X-S =       0.206395 mb/sr,

   143.50 deg.: X-S =       0.207744 mb/sr,

   144.00 deg.: X-S =       0.209548 mb/sr,

   144.50 deg.: X-S =       0.211793 mb/sr,

   145.00 deg.: X-S =       0.214466 mb/sr,

   145.50 deg.: X-S =       0.217552 mb/sr,

   146.00 deg.: X-S =       0.221038 mb/sr,

   146.50 deg.: X-S =       0.224910 mb/sr,

   147.00 deg.: X-S =       0.229155 mb/sr,

   147.50 deg.: X-S =       0.233757 mb/sr,

   148.00 deg.: X-S =       0.238703 mb/sr,

   148.50 deg.: X-S =       0.243979 mb/sr,

   149.00 deg.: X-S =       0.249569 mb/sr,

   149.50 deg.: X-S =       0.255461 mb/sr,

   150.00 deg.: X-S =       0.261638 mb/sr,

   150.50 deg.: X-S =       0.268086 mb/sr,

   151.00 deg.: X-S =       0.274790 mb/sr,

   151.50 deg.: X-S =       0.281735 mb/sr,

   152.00 deg.: X-S =       0.288907 mb/sr,

   152.50 deg.: X-S =       0.296289 mb/sr,

   153.00 deg.: X-S =       0.303866 mb/sr,

   153.50 deg.: X-S =       0.311624 mb/sr,

   154.00 deg.: X-S =       0.319546 mb/sr,

   154.50 deg.: X-S =       0.327618 mb/sr,

   155.00 deg.: X-S =       0.335823 mb/sr,

   155.50 deg.: X-S =       0.344148 mb/sr,

   156.00 deg.: X-S =       0.352577 mb/sr,

   156.50 deg.: X-S =       0.361095 mb/sr,

   157.00 deg.: X-S =       0.369688 mb/sr,

   157.50 deg.: X-S =       0.378340 mb/sr,

   158.00 deg.: X-S =       0.387039 mb/sr,

   158.50 deg.: X-S =       0.395769 mb/sr,

   159.00 deg.: X-S =       0.404518 mb/sr,

   159.50 deg.: X-S =       0.413272 mb/sr,

   160.00 deg.: X-S =       0.422019 mb/sr,

   160.50 deg.: X-S =       0.430746 mb/sr,

   161.00 deg.: X-S =       0.439441 mb/sr,

   161.50 deg.: X-S =       0.448093 mb/sr,

   162.00 deg.: X-S =       0.456689 mb/sr,

   162.50 deg.: X-S =       0.465220 mb/sr,

   163.00 deg.: X-S =       0.473673 mb/sr,

   163.50 deg.: X-S =       0.482040 mb/sr,

   164.00 deg.: X-S =       0.490310 mb/sr,

   164.50 deg.: X-S =       0.498472 mb/sr,

   165.00 deg.: X-S =       0.506517 mb/sr,

   165.50 deg.: X-S =       0.514436 mb/sr,

   166.00 deg.: X-S =       0.522219 mb/sr,

   166.50 deg.: X-S =       0.529856 mb/sr,

   167.00 deg.: X-S =       0.537338 mb/sr,

   167.50 deg.: X-S =       0.544655 mb/sr,

   168.00 deg.: X-S =       0.551798 mb/sr,

   168.50 deg.: X-S =       0.558758 mb/sr,

   169.00 deg.: X-S =       0.565523 mb/sr,

   169.50 deg.: X-S =       0.572085 mb/sr,

   170.00 deg.: X-S =       0.578434 mb/sr,

   170.50 deg.: X-S =       0.584559 mb/sr,

   171.00 deg.: X-S =       0.590451 mb/sr,

   171.50 deg.: X-S =       0.596099 mb/sr,

   172.00 deg.: X-S =       0.601493 mb/sr,

   172.50 deg.: X-S =       0.606623 mb/sr,

   173.00 deg.: X-S =       0.611479 mb/sr,

   173.50 deg.: X-S =       0.616051 mb/sr,

   174.00 deg.: X-S =       0.620329 mb/sr,

   174.50 deg.: X-S =       0.624305 mb/sr,

   175.00 deg.: X-S =       0.627969 mb/sr,

   175.50 deg.: X-S =       0.631312 mb/sr,

   176.00 deg.: X-S =       0.634326 mb/sr,

   176.50 deg.: X-S =       0.637005 mb/sr,

   177.00 deg.: X-S =       0.639341 mb/sr,

   177.50 deg.: X-S =       0.641328 mb/sr,

   178.00 deg.: X-S =       0.642961 mb/sr,

   178.50 deg.: X-S =       0.644236 mb/sr,

   179.00 deg.: X-S =       0.645149 mb/sr,

   179.50 deg.: X-S =       0.645698 mb/sr,

   180.00 deg.: X-S =       0.645881 mb/sr,

                                           Integrated  3.3729E+01 mb, over [   0.000, 180.000] at    16.0000 MeV 

 CROSS SECTIONS FOR OUTGOING 1H       & 13C      in state #   3 with spins & parities 0.5  + &  0.5  +;  0

     0.00 deg.: X-S =       0.062539 mb/sr,
+                                         REAC   6.5508E-01 mb

     0.50 deg.: X-S =       0.062543 mb/sr,

     1.00 deg.: X-S =       0.062556 mb/sr,

     1.50 deg.: X-S =       0.062577 mb/sr,

     2.00 deg.: X-S =       0.062607 mb/sr,

     2.50 deg.: X-S =       0.062646 mb/sr,

     3.00 deg.: X-S =       0.062693 mb/sr,

     3.50 deg.: X-S =       0.062749 mb/sr,

     4.00 deg.: X-S =       0.062815 mb/sr,

     4.50 deg.: X-S =       0.062890 mb/sr,

     5.00 deg.: X-S =       0.062975 mb/sr,

     5.50 deg.: X-S =       0.063070 mb/sr,

     6.00 deg.: X-S =       0.063176 mb/sr,

     6.50 deg.: X-S =       0.063292 mb/sr,

     7.00 deg.: X-S =       0.063419 mb/sr,

     7.50 deg.: X-S =       0.063557 mb/sr,

     8.00 deg.: X-S =       0.063707 mb/sr,

     8.50 deg.: X-S =       0.063869 mb/sr,

     9.00 deg.: X-S =       0.064044 mb/sr,

     9.50 deg.: X-S =       0.064231 mb/sr,

    10.00 deg.: X-S =       0.064431 mb/sr,

    10.50 deg.: X-S =       0.064645 mb/sr,

    11.00 deg.: X-S =       0.064873 mb/sr,

    11.50 deg.: X-S =       0.065115 mb/sr,

    12.00 deg.: X-S =       0.065371 mb/sr,

    12.50 deg.: X-S =       0.065643 mb/sr,

    13.00 deg.: X-S =       0.065929 mb/sr,

    13.50 deg.: X-S =       0.066230 mb/sr,

    14.00 deg.: X-S =       0.066547 mb/sr,

    14.50 deg.: X-S =       0.066880 mb/sr,

    15.00 deg.: X-S =       0.067228 mb/sr,

    15.50 deg.: X-S =       0.067592 mb/sr,

    16.00 deg.: X-S =       0.067971 mb/sr,

    16.50 deg.: X-S =       0.068367 mb/sr,

    17.00 deg.: X-S =       0.068778 mb/sr,

    17.50 deg.: X-S =       0.069205 mb/sr,

    18.00 deg.: X-S =       0.069647 mb/sr,

    18.50 deg.: X-S =       0.070105 mb/sr,

    19.00 deg.: X-S =       0.070578 mb/sr,

    19.50 deg.: X-S =       0.071065 mb/sr,

    20.00 deg.: X-S =       0.071566 mb/sr,

    20.50 deg.: X-S =       0.072081 mb/sr,

    21.00 deg.: X-S =       0.072610 mb/sr,

    21.50 deg.: X-S =       0.073151 mb/sr,

    22.00 deg.: X-S =       0.073704 mb/sr,

    22.50 deg.: X-S =       0.074269 mb/sr,

    23.00 deg.: X-S =       0.074844 mb/sr,

    23.50 deg.: X-S =       0.075429 mb/sr,

    24.00 deg.: X-S =       0.076023 mb/sr,

    24.50 deg.: X-S =       0.076625 mb/sr,

    25.00 deg.: X-S =       0.077234 mb/sr,

    25.50 deg.: X-S =       0.077850 mb/sr,

    26.00 deg.: X-S =       0.078470 mb/sr,

    26.50 deg.: X-S =       0.079095 mb/sr,

    27.00 deg.: X-S =       0.079722 mb/sr,

    27.50 deg.: X-S =       0.080351 mb/sr,

    28.00 deg.: X-S =       0.080981 mb/sr,

    28.50 deg.: X-S =       0.081609 mb/sr,

    29.00 deg.: X-S =       0.082236 mb/sr,

    29.50 deg.: X-S =       0.082860 mb/sr,

    30.00 deg.: X-S =       0.083478 mb/sr,

    30.50 deg.: X-S =       0.084091 mb/sr,

    31.00 deg.: X-S =       0.084697 mb/sr,

    31.50 deg.: X-S =       0.085294 mb/sr,

    32.00 deg.: X-S =       0.085880 mb/sr,

    32.50 deg.: X-S =       0.086456 mb/sr,

    33.00 deg.: X-S =       0.087019 mb/sr,

    33.50 deg.: X-S =       0.087568 mb/sr,

    34.00 deg.: X-S =       0.088101 mb/sr,

    34.50 deg.: X-S =       0.088618 mb/sr,

    35.00 deg.: X-S =       0.089116 mb/sr,

    35.50 deg.: X-S =       0.089596 mb/sr,

    36.00 deg.: X-S =       0.090054 mb/sr,

    36.50 deg.: X-S =       0.090491 mb/sr,

    37.00 deg.: X-S =       0.090905 mb/sr,

    37.50 deg.: X-S =       0.091295 mb/sr,

    38.00 deg.: X-S =       0.091660 mb/sr,

    38.50 deg.: X-S =       0.091998 mb/sr,

    39.00 deg.: X-S =       0.092309 mb/sr,

    39.50 deg.: X-S =       0.092592 mb/sr,

    40.00 deg.: X-S =       0.092845 mb/sr,

    40.50 deg.: X-S =       0.093068 mb/sr,

    41.00 deg.: X-S =       0.093261 mb/sr,

    41.50 deg.: X-S =       0.093421 mb/sr,

    42.00 deg.: X-S =       0.093550 mb/sr,

    42.50 deg.: X-S =       0.093645 mb/sr,

    43.00 deg.: X-S =       0.093706 mb/sr,

    43.50 deg.: X-S =       0.093734 mb/sr,

    44.00 deg.: X-S =       0.093727 mb/sr,

    44.50 deg.: X-S =       0.093685 mb/sr,

    45.00 deg.: X-S =       0.093608 mb/sr,

    45.50 deg.: X-S =       0.093495 mb/sr,

    46.00 deg.: X-S =       0.093347 mb/sr,

    46.50 deg.: X-S =       0.093162 mb/sr,

    47.00 deg.: X-S =       0.092943 mb/sr,

    47.50 deg.: X-S =       0.092687 mb/sr,

    48.00 deg.: X-S =       0.092395 mb/sr,

    48.50 deg.: X-S =       0.092069 mb/sr,

    49.00 deg.: X-S =       0.091706 mb/sr,

    49.50 deg.: X-S =       0.091309 mb/sr,

    50.00 deg.: X-S =       0.090877 mb/sr,

    50.50 deg.: X-S =       0.090411 mb/sr,

    51.00 deg.: X-S =       0.089911 mb/sr,

    51.50 deg.: X-S =       0.089378 mb/sr,

    52.00 deg.: X-S =       0.088812 mb/sr,

    52.50 deg.: X-S =       0.088214 mb/sr,

    53.00 deg.: X-S =       0.087585 mb/sr,

    53.50 deg.: X-S =       0.086925 mb/sr,

    54.00 deg.: X-S =       0.086235 mb/sr,

    54.50 deg.: X-S =       0.085517 mb/sr,

    55.00 deg.: X-S =       0.084770 mb/sr,

    55.50 deg.: X-S =       0.083996 mb/sr,

    56.00 deg.: X-S =       0.083196 mb/sr,

    56.50 deg.: X-S =       0.082371 mb/sr,

    57.00 deg.: X-S =       0.081522 mb/sr,

    57.50 deg.: X-S =       0.080649 mb/sr,

    58.00 deg.: X-S =       0.079755 mb/sr,

    58.50 deg.: X-S =       0.078839 mb/sr,

    59.00 deg.: X-S =       0.077904 mb/sr,

    59.50 deg.: X-S =       0.076951 mb/sr,

    60.00 deg.: X-S =       0.075980 mb/sr,

    60.50 deg.: X-S =       0.074992 mb/sr,

    61.00 deg.: X-S =       0.073990 mb/sr,

    61.50 deg.: X-S =       0.072974 mb/sr,

    62.00 deg.: X-S =       0.071945 mb/sr,

    62.50 deg.: X-S =       0.070906 mb/sr,

    63.00 deg.: X-S =       0.069856 mb/sr,

    63.50 deg.: X-S =       0.068797 mb/sr,

    64.00 deg.: X-S =       0.067731 mb/sr,

    64.50 deg.: X-S =       0.066658 mb/sr,

    65.00 deg.: X-S =       0.065580 mb/sr,

    65.50 deg.: X-S =       0.064499 mb/sr,

    66.00 deg.: X-S =       0.063414 mb/sr,

    66.50 deg.: X-S =       0.062329 mb/sr,

    67.00 deg.: X-S =       0.061243 mb/sr,

    67.50 deg.: X-S =       0.060157 mb/sr,

    68.00 deg.: X-S =       0.059074 mb/sr,

    68.50 deg.: X-S =       0.057994 mb/sr,

    69.00 deg.: X-S =       0.056919 mb/sr,

    69.50 deg.: X-S =       0.055848 mb/sr,

    70.00 deg.: X-S =       0.054785 mb/sr,

    70.50 deg.: X-S =       0.053728 mb/sr,

    71.00 deg.: X-S =       0.052681 mb/sr,

    71.50 deg.: X-S =       0.051642 mb/sr,

    72.00 deg.: X-S =       0.050614 mb/sr,

    72.50 deg.: X-S =       0.049598 mb/sr,

    73.00 deg.: X-S =       0.048594 mb/sr,

    73.50 deg.: X-S =       0.047603 mb/sr,

    74.00 deg.: X-S =       0.046626 mb/sr,

    74.50 deg.: X-S =       0.045664 mb/sr,

    75.00 deg.: X-S =       0.044717 mb/sr,

    75.50 deg.: X-S =       0.043787 mb/sr,

    76.00 deg.: X-S =       0.042874 mb/sr,

    76.50 deg.: X-S =       0.041979 mb/sr,

    77.00 deg.: X-S =       0.041102 mb/sr,

    77.50 deg.: X-S =       0.040244 mb/sr,

    78.00 deg.: X-S =       0.039405 mb/sr,

    78.50 deg.: X-S =       0.038587 mb/sr,

    79.00 deg.: X-S =       0.037789 mb/sr,

    79.50 deg.: X-S =       0.037012 mb/sr,

    80.00 deg.: X-S =       0.036256 mb/sr,

    80.50 deg.: X-S =       0.035522 mb/sr,

    81.00 deg.: X-S =       0.034810 mb/sr,

    81.50 deg.: X-S =       0.034121 mb/sr,

    82.00 deg.: X-S =       0.033455 mb/sr,

    82.50 deg.: X-S =       0.032811 mb/sr,

    83.00 deg.: X-S =       0.032191 mb/sr,

    83.50 deg.: X-S =       0.031594 mb/sr,

    84.00 deg.: X-S =       0.031020 mb/sr,

    84.50 deg.: X-S =       0.030470 mb/sr,

    85.00 deg.: X-S =       0.029944 mb/sr,

    85.50 deg.: X-S =       0.029441 mb/sr,

    86.00 deg.: X-S =       0.028962 mb/sr,

    86.50 deg.: X-S =       0.028507 mb/sr,

    87.00 deg.: X-S =       0.028075 mb/sr,

    87.50 deg.: X-S =       0.027667 mb/sr,

    88.00 deg.: X-S =       0.027282 mb/sr,

    88.50 deg.: X-S =       0.026921 mb/sr,

    89.00 deg.: X-S =       0.026582 mb/sr,

    89.50 deg.: X-S =       0.026267 mb/sr,

    90.00 deg.: X-S =       0.025974 mb/sr,

    90.50 deg.: X-S =       0.025703 mb/sr,

    91.00 deg.: X-S =       0.025455 mb/sr,

    91.50 deg.: X-S =       0.025228 mb/sr,

    92.00 deg.: X-S =       0.025023 mb/sr,

    92.50 deg.: X-S =       0.024839 mb/sr,

    93.00 deg.: X-S =       0.024675 mb/sr,

    93.50 deg.: X-S =       0.024533 mb/sr,

    94.00 deg.: X-S =       0.024410 mb/sr,

    94.50 deg.: X-S =       0.024306 mb/sr,

    95.00 deg.: X-S =       0.024222 mb/sr,

    95.50 deg.: X-S =       0.024156 mb/sr,

    96.00 deg.: X-S =       0.024109 mb/sr,

    96.50 deg.: X-S =       0.024079 mb/sr,

    97.00 deg.: X-S =       0.024066 mb/sr,

    97.50 deg.: X-S =       0.024070 mb/sr,

    98.00 deg.: X-S =       0.024089 mb/sr,

    98.50 deg.: X-S =       0.024125 mb/sr,

    99.00 deg.: X-S =       0.024175 mb/sr,

    99.50 deg.: X-S =       0.024240 mb/sr,

   100.00 deg.: X-S =       0.024319 mb/sr,

   100.50 deg.: X-S =       0.024411 mb/sr,

   101.00 deg.: X-S =       0.024515 mb/sr,

   101.50 deg.: X-S =       0.024632 mb/sr,

   102.00 deg.: X-S =       0.024761 mb/sr,

   102.50 deg.: X-S =       0.024900 mb/sr,

   103.00 deg.: X-S =       0.025050 mb/sr,

   103.50 deg.: X-S =       0.025209 mb/sr,

   104.00 deg.: X-S =       0.025378 mb/sr,

   104.50 deg.: X-S =       0.025556 mb/sr,

   105.00 deg.: X-S =       0.025741 mb/sr,

   105.50 deg.: X-S =       0.025934 mb/sr,

   106.00 deg.: X-S =       0.026134 mb/sr,

   106.50 deg.: X-S =       0.026341 mb/sr,

   107.00 deg.: X-S =       0.026553 mb/sr,

   107.50 deg.: X-S =       0.026771 mb/sr,

   108.00 deg.: X-S =       0.026994 mb/sr,

   108.50 deg.: X-S =       0.027220 mb/sr,

   109.00 deg.: X-S =       0.027451 mb/sr,

   109.50 deg.: X-S =       0.027685 mb/sr,

   110.00 deg.: X-S =       0.027922 mb/sr,

   110.50 deg.: X-S =       0.028162 mb/sr,

   111.00 deg.: X-S =       0.028403 mb/sr,

   111.50 deg.: X-S =       0.028646 mb/sr,

   112.00 deg.: X-S =       0.028891 mb/sr,

   112.50 deg.: X-S =       0.029136 mb/sr,

   113.00 deg.: X-S =       0.029382 mb/sr,

   113.50 deg.: X-S =       0.029628 mb/sr,

   114.00 deg.: X-S =       0.029874 mb/sr,

   114.50 deg.: X-S =       0.030120 mb/sr,

   115.00 deg.: X-S =       0.030365 mb/sr,

   115.50 deg.: X-S =       0.030609 mb/sr,

   116.00 deg.: X-S =       0.030853 mb/sr,

   116.50 deg.: X-S =       0.031095 mb/sr,

   117.00 deg.: X-S =       0.031336 mb/sr,

   117.50 deg.: X-S =       0.031576 mb/sr,

   118.00 deg.: X-S =       0.031814 mb/sr,

   118.50 deg.: X-S =       0.032051 mb/sr,

   119.00 deg.: X-S =       0.032286 mb/sr,

   119.50 deg.: X-S =       0.032520 mb/sr,

   120.00 deg.: X-S =       0.032753 mb/sr,

   120.50 deg.: X-S =       0.032984 mb/sr,

   121.00 deg.: X-S =       0.033213 mb/sr,

   121.50 deg.: X-S =       0.033442 mb/sr,

   122.00 deg.: X-S =       0.033670 mb/sr,

   122.50 deg.: X-S =       0.033897 mb/sr,

   123.00 deg.: X-S =       0.034123 mb/sr,

   123.50 deg.: X-S =       0.034349 mb/sr,

   124.00 deg.: X-S =       0.034575 mb/sr,

   124.50 deg.: X-S =       0.034802 mb/sr,

   125.00 deg.: X-S =       0.035029 mb/sr,

   125.50 deg.: X-S =       0.035257 mb/sr,

   126.00 deg.: X-S =       0.035486 mb/sr,

   126.50 deg.: X-S =       0.035717 mb/sr,

   127.00 deg.: X-S =       0.035951 mb/sr,

   127.50 deg.: X-S =       0.036187 mb/sr,

   128.00 deg.: X-S =       0.036426 mb/sr,

   128.50 deg.: X-S =       0.036670 mb/sr,

   129.00 deg.: X-S =       0.036917 mb/sr,

   129.50 deg.: X-S =       0.037169 mb/sr,

   130.00 deg.: X-S =       0.037426 mb/sr,

   130.50 deg.: X-S =       0.037690 mb/sr,

   131.00 deg.: X-S =       0.037960 mb/sr,

   131.50 deg.: X-S =       0.038237 mb/sr,

   132.00 deg.: X-S =       0.038521 mb/sr,

   132.50 deg.: X-S =       0.038814 mb/sr,

   133.00 deg.: X-S =       0.039116 mb/sr,

   133.50 deg.: X-S =       0.039427 mb/sr,

   134.00 deg.: X-S =       0.039749 mb/sr,

   134.50 deg.: X-S =       0.040081 mb/sr,

   135.00 deg.: X-S =       0.040425 mb/sr,

   135.50 deg.: X-S =       0.040781 mb/sr,

   136.00 deg.: X-S =       0.041150 mb/sr,

   136.50 deg.: X-S =       0.041532 mb/sr,

   137.00 deg.: X-S =       0.041927 mb/sr,

   137.50 deg.: X-S =       0.042338 mb/sr,

   138.00 deg.: X-S =       0.042763 mb/sr,

   138.50 deg.: X-S =       0.043204 mb/sr,

   139.00 deg.: X-S =       0.043661 mb/sr,

   139.50 deg.: X-S =       0.044134 mb/sr,

   140.00 deg.: X-S =       0.044625 mb/sr,

   140.50 deg.: X-S =       0.045133 mb/sr,

   141.00 deg.: X-S =       0.045659 mb/sr,

   141.50 deg.: X-S =       0.046204 mb/sr,

   142.00 deg.: X-S =       0.046767 mb/sr,

   142.50 deg.: X-S =       0.047349 mb/sr,

   143.00 deg.: X-S =       0.047951 mb/sr,

   143.50 deg.: X-S =       0.048572 mb/sr,

   144.00 deg.: X-S =       0.049213 mb/sr,

   144.50 deg.: X-S =       0.049874 mb/sr,

   145.00 deg.: X-S =       0.050555 mb/sr,

   145.50 deg.: X-S =       0.051257 mb/sr,

   146.00 deg.: X-S =       0.051978 mb/sr,

   146.50 deg.: X-S =       0.052720 mb/sr,

   147.00 deg.: X-S =       0.053482 mb/sr,

   147.50 deg.: X-S =       0.054264 mb/sr,

   148.00 deg.: X-S =       0.055066 mb/sr,

   148.50 deg.: X-S =       0.055888 mb/sr,

   149.00 deg.: X-S =       0.056728 mb/sr,

   149.50 deg.: X-S =       0.057588 mb/sr,

   150.00 deg.: X-S =       0.058467 mb/sr,

   150.50 deg.: X-S =       0.059363 mb/sr,

   151.00 deg.: X-S =       0.060278 mb/sr,

   151.50 deg.: X-S =       0.061209 mb/sr,

   152.00 deg.: X-S =       0.062158 mb/sr,

   152.50 deg.: X-S =       0.063122 mb/sr,

   153.00 deg.: X-S =       0.064101 mb/sr,

   153.50 deg.: X-S =       0.065095 mb/sr,

   154.00 deg.: X-S =       0.066102 mb/sr,

   154.50 deg.: X-S =       0.067122 mb/sr,

   155.00 deg.: X-S =       0.068154 mb/sr,

   155.50 deg.: X-S =       0.069197 mb/sr,

   156.00 deg.: X-S =       0.070249 mb/sr,

   156.50 deg.: X-S =       0.071311 mb/sr,

   157.00 deg.: X-S =       0.072380 mb/sr,

   157.50 deg.: X-S =       0.073455 mb/sr,

   158.00 deg.: X-S =       0.074536 mb/sr,

   158.50 deg.: X-S =       0.075621 mb/sr,

   159.00 deg.: X-S =       0.076708 mb/sr,

   159.50 deg.: X-S =       0.077797 mb/sr,

   160.00 deg.: X-S =       0.078887 mb/sr,

   160.50 deg.: X-S =       0.079975 mb/sr,

   161.00 deg.: X-S =       0.081060 mb/sr,

   161.50 deg.: X-S =       0.082142 mb/sr,

   162.00 deg.: X-S =       0.083218 mb/sr,

   162.50 deg.: X-S =       0.084287 mb/sr,

   163.00 deg.: X-S =       0.085348 mb/sr,

   163.50 deg.: X-S =       0.086399 mb/sr,

   164.00 deg.: X-S =       0.087438 mb/sr,

   164.50 deg.: X-S =       0.088465 mb/sr,

   165.00 deg.: X-S =       0.089478 mb/sr,

   165.50 deg.: X-S =       0.090474 mb/sr,

   166.00 deg.: X-S =       0.091454 mb/sr,

   166.50 deg.: X-S =       0.092415 mb/sr,

   167.00 deg.: X-S =       0.093355 mb/sr,

   167.50 deg.: X-S =       0.094274 mb/sr,

   168.00 deg.: X-S =       0.095170 mb/sr,

   168.50 deg.: X-S =       0.096041 mb/sr,

   169.00 deg.: X-S =       0.096887 mb/sr,

   169.50 deg.: X-S =       0.097705 mb/sr,

   170.00 deg.: X-S =       0.098495 mb/sr,

   170.50 deg.: X-S =       0.099255 mb/sr,

   171.00 deg.: X-S =       0.099984 mb/sr,

   171.50 deg.: X-S =       0.100681 mb/sr,

   172.00 deg.: X-S =       0.101344 mb/sr,

   172.50 deg.: X-S =       0.101973 mb/sr,

   173.00 deg.: X-S =       0.102567 mb/sr,

   173.50 deg.: X-S =       0.103124 mb/sr,

   174.00 deg.: X-S =       0.103644 mb/sr,

   174.50 deg.: X-S =       0.104125 mb/sr,

   175.00 deg.: X-S =       0.104568 mb/sr,

   175.50 deg.: X-S =       0.104971 mb/sr,

   176.00 deg.: X-S =       0.105333 mb/sr,

   176.50 deg.: X-S =       0.105654 mb/sr,

   177.00 deg.: X-S =       0.105933 mb/sr,

   177.50 deg.: X-S =       0.106170 mb/sr,

   178.00 deg.: X-S =       0.106365 mb/sr,

   178.50 deg.: X-S =       0.106516 mb/sr,

   179.00 deg.: X-S =       0.106625 mb/sr,

   179.50 deg.: X-S =       0.106690 mb/sr,

   180.00 deg.: X-S =       0.106712 mb/sr,

                                           Integrated  6.5507E-01 mb, over [   0.000, 180.000] at    16.0000 MeV 
 Finished all xsecs @    5.88352203    



 Mean components of Elastic Optical Potential generated by channel couplings of type  1

     0.200     0.0000     0.0000     0.0000     0.0000     0.0000     0.0000
     0.400     0.0000     0.0000     0.0000     0.0000     0.0000     0.0000
     0.600     0.0000     0.0000     0.0000     0.0000     0.0000     0.0000
     0.800     9.1061    -4.5853    -4.1476    -3.0356     0.4385    -0.0536
     1.000    10.2632    -4.9152    -2.3491    -3.8198    -0.1894    -0.0219
     1.200     9.6698    -4.3581    -0.5249    -4.0585    -1.3975     0.0670
     1.400     7.9975    -3.2811     1.3105    -3.5085    -2.3459     0.1850
     1.600     6.2792    -2.1659     2.7025    -2.2207    -1.9684     0.1910
     1.800     5.4581    -1.3850     3.4257    -0.7624    -0.7212     0.0306
     2.000     5.9069    -1.2353     3.8974     0.2374     0.1859    -0.1531
     2.200     7.3177    -2.0010     4.4429     0.4531     0.4823    -0.2385
     2.400     9.6406    -3.8012     5.4781    -0.2075     0.6013    -0.2434
     2.600    12.1827    -6.0349     6.7287    -1.5332     0.8636    -0.2339
     2.800    14.6130    -7.5728     8.1703    -3.0056     1.0299    -0.1827
     3.000    16.2012    -7.5998     9.3440    -3.9960     0.7491    -0.0447
     3.200    16.3207    -6.1200     9.7599    -4.0735     0.1636     0.0817
     3.400    15.0418    -3.8515     9.3900    -3.3305    -0.2902     0.0657
     3.600    12.5516    -1.6429     8.2100    -2.2141    -0.4058    -0.0712
     3.800     9.7501    -0.0352     6.7457    -1.1518    -0.2584    -0.2075
     4.000     7.0845     0.7262     5.2113    -0.4747    -0.0238    -0.2544
     4.200     5.0054     0.8478     3.9245    -0.1728     0.1625    -0.2118
     4.400     3.5301     0.5890     2.9401    -0.1567     0.2521    -0.1277
     4.600     2.5291     0.1759     2.2117    -0.3070     0.2604    -0.0504
     4.800     1.7715    -0.2496     1.6303    -0.5101     0.2065     0.0070
     5.000     1.3743    -0.4783     1.2845    -0.6176     0.1541     0.0315
     5.200     0.9954    -0.6950     0.9611    -0.7309     0.0855     0.0415
     5.400     0.7795    -0.7205     0.7548    -0.7243     0.0429     0.0383
     5.600     0.5901    -0.7457     0.5783    -0.7186     0.0050     0.0295
     5.800     0.4606    -0.6683     0.4501    -0.6446    -0.0128     0.0196
     6.000     0.3599    -0.6173     0.3512    -0.5891    -0.0246     0.0085
     6.200     0.2764    -0.5136     0.2693    -0.4983    -0.0248     0.0006
     6.400     0.2295    -0.4722     0.2199    -0.4521    -0.0237    -0.0086
     6.600     0.1633    -0.3682     0.1591    -0.3634    -0.0159    -0.0111
     6.800     0.1429    -0.3298     0.1372    -0.3225    -0.0093    -0.0152
     7.000     0.1184    -0.2872     0.1135    -0.2814    -0.0014    -0.0163
     7.200     0.0731    -0.2283     0.0760    -0.2281     0.0049    -0.0133
     7.400     0.0842    -0.2111     0.0852    -0.2069     0.0103    -0.0126
     7.600     0.0659    -0.1843     0.0716    -0.1811     0.0135    -0.0087
     7.800     0.0675    -0.1667     0.0744    -0.1604     0.0144    -0.0047
     8.000     0.0416    -0.1697     0.0581    -0.1591     0.0127    -0.0039
     8.200     0.0462    -0.1083     0.0683    -0.1108     0.0101     0.0038
     8.400     0.0679    -0.0895     0.0888    -0.0911     0.0045     0.0102
     8.600     0.0683    -0.1431     0.0751    -0.1241     0.0061    -0.0079
     8.800     0.0569    -0.0729     0.0812    -0.0661    -0.0028     0.0038
     9.000     0.1041    -0.0169     0.1175    -0.0285    -0.0118     0.0152
     9.200     0.0648    -0.1372     0.0685    -0.1058     0.0036    -0.0159
     9.400     0.0798    -0.0117     0.0875    -0.0176    -0.0098     0.0037
     9.600     0.0799     0.0198     0.0876     0.0004    -0.0091     0.0030
     9.800     0.0738    -0.1300     0.0630    -0.0907     0.0035    -0.0102
    10.000     0.0533     0.0087     0.0572    -0.0022    -0.0043    -0.0011
    10.200     0.0502     0.0380     0.0568     0.0175    -0.0025    -0.0014
    10.400     0.0583    -0.1082     0.0467    -0.0753     0.0046    -0.0025
    10.600     0.0296     0.0054     0.0337    -0.0003     0.0009    -0.0020
    10.800     0.0273     0.0312     0.0339     0.0202     0.0014    -0.0022
    11.000     0.0424    -0.0794     0.0345    -0.0563     0.0050     0.0027
    11.200     0.0157     0.0082     0.0217     0.0067     0.0020    -0.0018
    11.400     0.0203     0.0304     0.0275     0.0261     0.0019    -0.0021
    11.600     0.0306    -0.0600     0.0237    -0.0423     0.0039     0.0050
    11.800     0.0116     0.0382     0.0228     0.0345    -0.0002    -0.0042
    12.000     0.0296    -0.0302     0.0234    -0.0191     0.0032     0.0038
    12.200     0.0134     0.0152     0.0199     0.0183    -0.0016    -0.0027
    12.400     0.0286    -0.0055     0.0244    -0.0006     0.0025     0.0017
    12.600     0.0165    -0.0047     0.0176     0.0020    -0.0005    -0.0009
    12.800     0.0174    -0.0014     0.0169     0.0047    -0.0004    -0.0006
    13.000     0.0264     0.0051     0.0229     0.0059     0.0007     0.0003
    13.200     0.0131    -0.0088     0.0126    -0.0028    -0.0000    -0.0001
    13.400     0.0104    -0.0075     0.0097    -0.0022     0.0000     0.0002
    13.600     0.0200     0.0027     0.0173     0.0038    -0.0001    -0.0001
    13.800     0.0080    -0.0062     0.0070    -0.0025     0.0001     0.0002
    14.000     0.0057    -0.0049     0.0049    -0.0017     0.0001     0.0002
    14.200     0.0128     0.0007     0.0106     0.0023     0.0001     0.0001
    14.400     0.0021    -0.0044     0.0014    -0.0017     0.0002     0.0003
    14.600     0.0086     0.0009     0.0066     0.0022     0.0002     0.0003
    14.800     0.0023    -0.0020     0.0015     0.0004     0.0002     0.0004
    15.000     0.0047     0.0009     0.0033     0.0020     0.0002     0.0003
    15.200     0.0030     0.0008     0.0019     0.0022     0.0002     0.0003
    15.400     0.0024     0.0012     0.0016     0.0026     0.0001     0.0003
    15.600     0.0020     0.0024     0.0014     0.0027     0.0001     0.0002
    15.800     0.0020     0.0025     0.0013     0.0030     0.0000     0.0001
    16.000     0.0017     0.0025     0.0010     0.0029    -0.0000     0.0001
    16.200     0.0014     0.0024     0.0013     0.0022    -0.0000     0.0001
    16.400     0.0014     0.0024     0.0008     0.0024    -0.0000     0.0000
    16.600     0.0012     0.0017     0.0012     0.0016    -0.0000     0.0000
    16.800     0.0009     0.0017     0.0005     0.0016    -0.0000     0.0000
    17.000     0.0012     0.0011     0.0009     0.0011    -0.0000     0.0000
    17.200     0.0005     0.0011     0.0003     0.0009    -0.0000     0.0000
    17.400     0.0009     0.0007     0.0006     0.0006    -0.0000     0.0000
    17.600     0.0005     0.0005     0.0002     0.0004    -0.0000     0.0000
    17.800     0.0003     0.0004     0.0001     0.0002    -0.0000     0.0000
    18.000     0.0006     0.0003     0.0002     0.0003    -0.0000     0.0000
    18.200     0.0002     0.0002     0.0000     0.0001    -0.0000    -0.0000
    18.400     0.0001     0.0001    -0.0000     0.0000    -0.0000    -0.0000
    18.600     0.0001     0.0002    -0.0001     0.0000    -0.0000    -0.0000
    18.800    -0.0001     0.0001    -0.0001     0.0000    -0.0000     0.0000
    19.000    -0.0002     0.0001    -0.0002    -0.0001     0.0000    -0.0000
    19.200     0.0000     0.0000     0.0000     0.0000     0.0000     0.0000
    19.400     0.0000     0.0000     0.0000     0.0000     0.0000     0.0000
    19.600     0.0000     0.0000     0.0000     0.0000     0.0000     0.0000
    19.800     0.0000     0.0000     0.0000     0.0000     0.0000     0.0000
    20.000     0.0000     0.0000     0.0000     0.0000     0.0000     0.0000

 BPM: Using the real scalar part of the  Elastic Channel Potential

 Incident energy (cm) =  13.700. Fusion inside radius of   3.550 fm.

 L =  0, Barrier =  3.47-12.68, Peak @  7.60  3.47, Tl = 1.0000: Xsec-F =  27.789 mb
 L =  1, Barrier =  4.78-12.22, Peak @  7.00  4.78, Tl = 1.0000: Xsec-F =  83.368 mb
 L =  2, Barrier =  7.43-11.09, Peak @  6.20  7.43, Tl = 0.9999: Xsec-F = 138.935 mb
 L =  3, Barrier = 10.56 -8.92, Peak @  5.50 10.56, Tl = 0.9951: Xsec-F = 193.568 mb
 L =  4, Barrier = 15.43 -5.15, Peak @  4.70 15.43, Tl = 0.8905: Xsec-F = 222.724 mb
 L =  5, Barrier = 15.43  1.54, Turn @  0.00  4.80, Tl = 0.3215: Xsec-F =  98.275 mb
 L =  6, Barrier = 15.43 12.74, Turn @  0.00  6.20, Tl = 0.0267: Xsec-F =   9.634 mb
 L =  7, Barrier = 15.43 25.83, Turn @  0.00  7.30, Tl = 0.0016: Xsec-F =   0.676 mb
 L =  8, Barrier = 15.43 40.79, Turn @  0.00  8.20, Tl = 0.0001: Xsec-F =   0.039 mb
0Cumulative FUSION cross section by BPM (case 1)   =  0.775E+03  <L> =     3.08  <L**2> =     11.3

 BPM: Using the real scalar part of the  Elastic Channel Potential
 Including CRC local equivalent potential.

 Incident energy (cm) =  13.700. Fusion inside radius of   3.550 fm.

 L =  0, Barrier =  4.94-12.62, Peak @  7.40  4.94, Tl = 1.0000: Xsec-F =  27.789 mb
 L =  1, Barrier =  6.90-12.13, Peak @  6.80  6.90, Tl = 1.0000: Xsec-F =  83.367 mb
 L =  2, Barrier =  7.56-10.86, Peak @  5.80  7.56, Tl = 0.9999: Xsec-F = 138.930 mb
 L =  3, Barrier = 17.03 -8.08, Peak @  4.50 17.03, Tl = 0.9516: Xsec-F = 185.120 mb
 L =  4, Barrier = 26.45 -1.05, Peak @  3.60 26.45, Tl = 0.5619: Xsec-F = 140.524 mb
 L =  5, Barrier = 26.45  8.30, Turn @  0.00  5.10, Tl = 0.1602: Xsec-F =  48.983 mb
 L =  6, Barrier = 26.45 19.53, Turn @  0.00  6.30, Tl = 0.0164: Xsec-F =   5.938 mb
 L =  7, Barrier = 26.45 32.62, Turn @  0.00  7.30, Tl = 0.0011: Xsec-F =   0.472 mb
 L =  8, Barrier = 26.45 47.58, Turn @  0.00  8.30, Tl = 0.0001: Xsec-F =   0.029 mb
0Cumulative FUSION cross section by BPM (case 2)   =  0.631E+03  <L> =     2.79  <L**2> =      9.5
0Fusion at  16.000 MeV: Bare =  7.750E+02, Actual =  9.081E+02, BPM-equiv =  6.312E+02 mb

  The following files have been created:
   3:local copy of User input.            6:standard output.                   
   8:single-particle & scattering wfs.   12:transfer kernels.                  
  13:total cross sections/state.         15:local equivalent potentials.       
  16:tables of cross sections.           17:output scattering waves.           
  35:Astrophysics S-factors  / Ecm.      37:output scattering FAM amplitudes.  
  39:cross sections for each Ecm.        40:all cross sectns. for each Elab.   
  46:bs wave functions & ANC ratios.     55:Single-particle wfns.              
  56:Fusion for each Jtotal.             58:Single-particle wfns.              
  59:Single-particle vertex functions.   75:S-factors for lab energies.        
  90:average polarisation potential.     91:polarisation potl for rereading.   
 201:Separate cross sections.           202:Separate cross sections.           
 203:Separate cross sections.           204:Separate cross sections.           
 205:Separate cross sections.           

 PARAMETERS : MAXQRN   MLOC  LMAX1 MCLIST     MFNL  MPWCOUP
    ALLOWED :     27     17     38     10      256        0
    REQUIRED:      2     17     22      4       64        0


 ACCURACY ANALYSIS at    16.000 MeV :

  Elastic h*k = 0.106 so OK       compared with 0.200

   Real(S-el) > 0.01 first at J =       1.0
   Real(S-el) > 0.10 first at J =       1.0
   Real(S-el) > 0.50 first at J =       4.0
   Real(S-el) > 0.90 first at J =       6.0
   Real(S-el) > 0.99 first at J =       7.0
   R-turn =    17.71 fm    at J =      18.0

 Forward-angle excitation cut off below   2.077 deg by max JT =      18.0
                              and below   1.807 deg by max R.


 1: Recommended RNL: non-local width >   8.20 cf:  20.00 fm: OK      
    Recommended CENTRE: centration   ~   0.10 cf:   0.00 fm


 2: Recommended RNL: non-local width >  17.00 cf:  20.00 fm: OK      
    Recommended CENTRE: centration   ~  -1.70 cf:   0.00 fm

 Total CPU  0 time =       5.89 seconds
