Running on jalapeno
 FRESCOX - version 7.2-4-g8e5699f: Coupled Reaction Channels             on gfortran                      

 Assuming NAMELIST input.

 9Be(6Li,d)13C at 32 MeV -- 10.812 MeV: L=2, L=4, and coherent L=2+4                                                     

   0.100  30.000   0.200   0.200  10.000  -0.800   0.000   0.000   0.000   0.000

 Centre-of-mass Range is    302 * 0.1000 fm., Maximum at  30.00 fm., Interpolating NL forms every  0.20 fm.
 Non - locality width is     51 * 0.2000 fm., Maximum of  10.00 fm., Centred at -0.80 fm.
 2-Nucleon Separation of      0 * 0.2000 fm., Maximum of   0.00 fm., Minimum at  0.00 fm.
 Maximum single particle bins of 30.0000 fm.
               M,Mint =          301         301


 Range of total J is     0.0 <= J <=    30.0 (at least     0.0) and Absorbtion =>     0.0000 mb.
 Dry Run = F, CC set limits =  0  0, Relativistic kinematics =   , Both/Far/Near Analyses =  1                     

 Cross Sections (and up to T0 for 0=projectile) for Theta from   0.0 to 180.0 in steps of  0.5 degrees, DGAM=0, grace=T,  Coordinates = 1 (Mads,Tran)

 Lower Radial Cutoff = maximum of -1.60*L*h &       0.0 fm.,  Lower Cutoff for Couplings =   0.0  fm.


 Iterate Couplings between   1 and   1 times, to  0.000 % if sooner.                                          
  Block solved exactly =   1 chs., with Pade = 0 & Isocen =  =0, NOSOL = F, CCREAL = F, initwf =  0
    Small channels are  0.00E+00 and small couplings are  1.00E-12 of unitarity

  NL quadrature with   48 Gaussian points, Calculate multipoles up to    40 from   0
  M-transfers for lp+lt greater than or equal to  6, Angular Integration Cutoff below  0.3906 %


 Trace switches are :  CHANS =  1, LISTCC =  1, TRENEG =  0, CDETR =  0, SMATS =  1, XSTABL =  3, NLPL =  0

                       WAVES =  0, LAMPL =  0, VEFF =  1, KFUS =  0, WDISK =  0, BPM =  1, MELFIL =  0

                       CDCC =  0, NFUS =  0, TCFILE =  0

 Using unit mass = 1.000000 amu and 1/fine-structure constant = 137.03599 ( 1.000000 * true ) with hc = 197.32705 MeV.fm,
  thus 2*amu/hbar^2 = 0.0478450 = 1/20.9008 and Coulomb constant = 0.1574855 so e^2 =  1.43996515, and nuclear magneton= 0.1261183

 Now pre-scan input and save to file 3



 *********** PARTITION NUMBER  1 ******************************************************************************************

   PROJ=6Li        MASS=  6.0151 Z=   3.0,        # STATES=    1T, TARG=9Be      MASS=  9.0122 Z=   4.0,     Q-VALUE =   0.0000 MeV

   MIXPOT =  0: no couplings (default)

     1:  J= 1.0+ (B# 1), E=  0.0000, K= 0.0              Potl#  1       J= 1.5- (B#-1), E=  0.0000, K= 0.5    


 *********** PARTITION NUMBER  2 ******************************************************************************************

   PROJ=2H         MASS=  2.0141 Z=   1.0,        # STATES=    1T, TARG=13C_L2   MASS= 13.0034 Z=   6.0,     Q-VALUE =   9.1746 MeV

   MIXPOT =  0: no couplings (default)

     1:  J= 1.0+ (B# 1), E=  0.0000, K= 0.0              Potl#  2       J= 2.5- (B#-1), E= 10.8120, K= 0.5    


 *********** PARTITION NUMBER  3 ******************************************************************************************

   PROJ=2H         MASS=  2.0141 Z=   1.0,        # STATES=    1T, TARG=13C_L4   MASS= 13.0034 Z=   6.0,     Q-VALUE =   9.1746 MeV

   MIXPOT =  0: no couplings (default)

     1:  J= 1.0+ (B# 1), E=  0.0000, K= 0.0              Potl#  2       J= 2.5- (B#-1), E= 10.8120, K= 0.5    


 *********** PARTITION NUMBER  4 ******************************************************************************************

   PROJ=2H         MASS=  2.0141 Z=   1.0,        # STATES=    1T, TARG=13C_L24  MASS= 13.0034 Z=   6.0,     Q-VALUE =   9.1746 MeV

   MIXPOT =  0: no couplings (default)

     1:  J= 1.0+ (B# 1), E=  0.0000, K= 0.0              Potl#  2       J= 2.5- (B#-1), E= 10.8120, K= 0.5    


 ************************************************************************************************************************************

 The following POTENTIALS are defined :

  KP#       TYPE      IT    SHAPE      at     V1        r1        a1        V2        r2        a2        A-in     A-used


                                            A#1       A#2        r0c       ac                                                h @ 1
    1    0=Coulomb       0=CHARGE (WS)  1     9.000     0.000    2.3400    0.0000    0.0000    0.0000     0.000     9.000   0.10000

    1    1=Volume        0=Woods-Saxon  2  174.0000    1.2200    0.7500    5.8400    2.8100    0.6300     0.000     9.000
   --------------------------------------------------------------------------------------------------------------------

                                            A#1       A#2        r0c       ac                                                h @ 4
    2    0=Coulomb       0=CHARGE (WS)  3    13.000     0.000    1.3000    0.0000    0.0000    0.0000     0.000    13.000   0.10000

    2    2=Surface       0=Woods-Saxon  4   92.4100    1.0380    0.7900    0.0000    0.0000    0.0000     0.000    13.000

    2    2=Surface       0=Woods-Saxon  5    0.0000    0.0000    0.0000   39.0000    1.4260    0.6930     0.000    13.000
   --------------------------------------------------------------------------------------------------------------------

                                            A#1       A#2        r0c       ac                                                h @ 0
    3    0=Coulomb       0=CHARGE (WS)  6     1.000     0.000    1.9000    0.0000    0.0000    0.0000     0.000     1.000   0.10000

    3    1=Volume        0=Woods-Saxon  7   79.9000    1.9000    0.6500    0.0000    0.0000    0.0000     0.000     1.000
   --------------------------------------------------------------------------------------------------------------------

                                            A#1       A#2        r0c       ac                                                h @ 0
    4    0=Coulomb       0=CHARGE (WS)  8     1.000     0.000    2.7600    0.0000    0.0000    0.0000     0.000     1.000   0.10000

    4    1=Volume        0=Woods-Saxon  9   50.0000    2.7600    0.6500    0.0000    0.0000    0.0000     0.000     1.000


 ************************************************************************************************************************************

 The following    real SINGLE-PARTICLE FORM FACTORS are  constructed:


 No.   P1 P2 IN KIND T N  L  S1 IA J/S  IB BIND XFER  BE    SC PC FIL AFRAC Adjust  to  Z  Mass   K     Norm    rms      D0     D   ANC/Gsp

    1:  2  1  1  0     2  0 0.0  1 0.0   0   3   0   1.4740  1  0  0 0.0000 VR  0.9698; 2. 4.001 0.3074 1.0000  4.068   68.1   58.3 -2.5409

    2:  1  2  2  0     2  2 0.0  1 2.0   0   4   0   0.1640  1  0  0 0.0000 VR  1.2243; 2. 3.991 0.1473 1.0000  3.640    1.8   -2.4 -1.16E+03

    3:  3  1  1  0     2  0 0.0  1 0.0   0   3   0   1.4740  1  0  0 0.0000 VR  0.9698; 2. 4.001 0.3074 1.0000  4.068   68.1   58.3 -2.5409

    4:  1  3  2  0     1  4 0.0  1 4.0   0   4   0   0.1640  1  0  0 0.0000 VR  1.3033; 2. 3.991 0.1473 1.0000  2.988   -0.0    0.0 25.4865

    5:  4  1  1  0     2  0 0.0  1 0.0   0   3   0   1.4740  1  0  0 0.0000 VR  0.9698; 2. 4.001 0.3074 1.0000  4.068   68.1   58.3 -2.5409

    6:  1  4  2  0     2  2 0.0  1 2.0   0   4   0   0.1640  1  0  0 0.0000 VR  1.2243; 2. 3.991 0.1473 1.0000  3.640    1.8   -2.4 -1.16E+03

    7:  1  4  2  0     1  4 0.0  1 4.0   0   4   0   0.1640  1  0  0 0.0000 VR  1.3033; 2. 3.991 0.1473 1.0000  2.988   -0.0    0.0 25.4865

 ************************************************************************************************************************************

 ONE-way COUPLING # 1 for partitions -2 <-  1 of KIND  7,   0 -1  0 -1 -1 & P1,P2 =    0.0000   0.0000 : for J <=    30.5 & R <  29.7 fm.


 data =  1  1  1  1  0.8307,  so  < [6Li      #  1] / [2H       #  1]  * Eigen-form #  1>  =   0.8307            BE =  1.474     1

 data = -2  1  1  2  1.9600,  so  < [13C_L2   #  1] / [9Be      #  1]  * Eigen-form #  2>  =   1.9600            BE =  0.164     2
  LOCF =            9
  USED(1,*) =  T F F F F F F
  USED(2,*) =  F T F F F F F
 KNT =   2, KNP =   1: NK,NG,loc=   1   1   1      10  T  T  F
 KNT =   2, KNP =   1: NK,NG,loc=   1   1   1      10

     So FINITE-RANGE TRANSFER : IP1 = 0 (POST    ), IP2=-1 =COMPLEX     ,  for   1 pairs of bound states summed into   1 pairs
      The main coupling potential is that binding the transferred particle to the 2H       core.

          Using between 2H       & 9Be      the potential No.   2, and subtracting optical potential No.  2

   A real*8 is            8  bytes
   NLL,NLN,NLO =         150         151          51
0File   9 needs RL =   15300    REAL*8 numbers, and NR =    42. i.e.    5.14 Megabytes
   File            9  RECL =      122400
0RECOMMENDED NON-LOCAL WIDTH IS GREATER THAN   10.40 FM.,  RECOMMENDED CENTRATION  -0.40, after    0.03 secs.
0Relative non-local usages (rms) are
    0.037   0.046   0.058   0.079   0.120   0.196   0.326   0.527   0.818   1.213   1.717   2.327   3.028   3.791   4.576
    5.342   6.067   6.788   7.635   8.895  11.005  14.121  17.316  18.434  16.102  18.305  36.786  63.108  87.157 100.000
   92.963  74.189  49.900  28.218  13.056   5.093   2.523   1.946   1.948   2.133   2.109   1.857   1.501   1.148   0.848
    0.614   0.440   0.315   0.225   0.161   0.116
0Binding Energies: (6Li      # 1 / 2H       # 1)(BE =  1.474)-(13C_L2   # 1 / 9Be      # 1)(BE =  0.164)- DISCREPANCY =  0.3274

 ************************************************************************************************************************************

 ONE-way COUPLING # 2 for partitions -3 <-  1 of KIND  7,   0 -1  0 -1 -1 & P1,P2 =    0.0000   0.0000 : for J <=    30.5 & R <  29.7 fm.


 data =  1  1  1  3  0.8307,  so  < [6Li      #  1] / [2H       #  1]  * Eigen-form #  3>  =   0.8307            BE =  1.474     3

 data = -2  1  1  4  1.9600,  so  < [13C_L4   #  1] / [9Be      #  1]  * Eigen-form #  4>  =   1.9600            BE =  0.164     4
  LOCF =            9
  USED(1,*) =  F F T F F F F
  USED(2,*) =  F F F T F F F
 KNT =   4, KNP =   3: NK,NG,loc=   1   1   1      10  T  T  F
 KNT =   4, KNP =   3: NK,NG,loc=   1   1   1      10

     So FINITE-RANGE TRANSFER : IP1 = 0 (POST    ), IP2=-1 =COMPLEX     ,  for   1 pairs of bound states summed into   1 pairs
      The main coupling potential is that binding the transferred particle to the 2H       core.

          Using between 2H       & 9Be      the potential No.   2, and subtracting optical potential No.  2

0RECOMMENDED NON-LOCAL WIDTH IS GREATER THAN    9.60 FM.,  RECOMMENDED CENTRATION  -1.40, after    0.03 secs.
0Relative non-local usages (rms) are
    0.094   0.146   0.223   0.337   0.502   0.733   1.048   1.462   1.988   2.627   3.373   4.207   5.097   5.999   6.858
    7.621   8.265   8.831   9.460  10.438  12.210  15.020  18.119  19.604  18.165  19.593  35.215  60.046  84.401 100.000
   98.702  85.652  65.082  43.582  25.372  12.480   4.966   1.957   1.648   1.463   1.091   0.727   0.454   0.273   0.162
    0.095   0.056   0.034   0.020   0.012   0.008
0Binding Energies: (6Li      # 1 / 2H       # 1)(BE =  1.474)-(13C_L4   # 1 / 9Be      # 1)(BE =  0.164)- DISCREPANCY =  0.3274

 ************************************************************************************************************************************

 ONE-way COUPLING # 3 for partitions -4 <-  1 of KIND  7,   0 -1  0 -1 -1 & P1,P2 =    0.0000   0.0000 : for J <=    30.5 & R <  29.7 fm.


 data =  1  1  1  5  0.8307,  so  < [6Li      #  1] / [2H       #  1]  * Eigen-form #  5>  =   0.8307            BE =  1.474     5

 data =  2  1  1  6  1.9600,  so  < [13C_L24  #  1] / [9Be      #  1]  * Eigen-form #  6>  =   1.9600            BE =  0.164     6

 data = -2  1  1  7  1.9600,  so  < [13C_L24  #  1] / [9Be      #  1]  * Eigen-form #  7>  =   1.9600            BE =  0.164     7
  LOCF =            9
  USED(1,*) =  F F F F T F F
  USED(2,*) =  F F F F F T T
 KNT =   6, KNP =   5: NK,NG,loc=   1   1   1      10  T  T  F
 KNT =   6, KNP =   5: NK,NG,loc=   1   1   1      10
 KNT =   7, KNP =   5: NK,NG,loc=   2   2   2      11  T  T  F
 KNT =   7, KNP =   5: NK,NG,loc=   2   2   2      11

     So FINITE-RANGE TRANSFER : IP1 = 0 (POST    ), IP2=-1 =COMPLEX     ,  for   2 pairs of bound states summed into   2 pairs
      The main coupling potential is that binding the transferred particle to the 2H       core.

          Using between 2H       & 9Be      the potential No.   2, and subtracting optical potential No.  2

0RECOMMENDED NON-LOCAL WIDTH IS GREATER THAN   10.40 FM.,  RECOMMENDED CENTRATION  -0.40, after    0.06 secs.
0Relative non-local usages (rms) are
    0.039   0.050   0.066   0.092   0.138   0.220   0.355   0.562   0.858   1.257   1.766   2.380   3.083   3.848   4.633
    5.397   6.119   6.835   7.677   8.929  11.030  14.140  17.333  18.458  16.146  18.332  36.755  63.047  87.101 100.000
   93.083  74.439  50.254  28.611  13.418   5.346   2.595   1.946   1.943   2.122   2.093   1.841   1.487   1.137   0.839
    0.608   0.436   0.311   0.223   0.160   0.115
0Binding Energies: (6Li      # 1 / 2H       # 1)(BE =  1.474)-(13C_L24  # 1 / 9Be      # 1)(BE =  0.164)- DISCREPANCY =  0.3274

 Incoming partition  1 in excitation state # 1,   Laboratory Energy given for partition  1 Nucleus 1 in Excitation pair 1

0Lab. ENERGY ranges :

   from    32.0000     to   0.00000     in        0 intervals
   from    0.00000     to   0.00000     in        0 intervals
   from    0.00000     to   0.00000     in        0 intervals

 Largest real,imaginary parts of any form factor at R=   29.00 are   4.97E-02  1.32E-14 MeV
 Finished all Couplings @   0.136189997    

 Non-symmetric Hamiltonian
1***********************************************************************************************************************************
************************************************************************************************************************************

        INCOMING 6Li      ;    LABORATORY 6Li      ENERGY =   32.000     MeV.

 ***********************************************************************************************************************************
 ***********************************************************************************************************************************

 Allocate arrays for           12  channels, of which           12  need wfs.

 #########################################################################################################################
 #                                                                                                                       #
 # Total SPIN and PARITY =     0.5 +,     12 channels,    3 in 1st block.  Rmin & Coul turning =    0.0 9.004E-01 fm.    #
 #                                                                                                                       #
 #########################################################################################################################



    C Projectl Target   #   EX.   (L  Proj) J  + Targ = Jtotal     E-cm      Re K     Re Eta     RM*K            CH                     G-REL
    1 6Li      9Be      #    1: I   1 1.0    1.0  1.5     0.5    19.19110   1.81997   0.81935   54.5992   0.31563   0.39281 1 1 1   1  1.00000
    2 6Li      9Be      #    1: I   1 1.0    2.0  1.5     0.5    19.19110   1.81997   0.81935   54.5992   0.31563   0.39281 1 1 1   1  1.00000
    3 6Li      9Be      #    1: I   3 1.0    2.0  1.5     0.5    19.19110   1.81997   0.81935   54.5992   0.03570  -0.50308 1 1 1   1  1.00000
    4 2H       13C_L2   #    1:     1 1.0    2.0  2.5     0.5    17.55370   1.21024   0.29784   36.3073  -0.40584  -0.29592 2 1 2   1  1.00000
    5 2H       13C_L2   #    1:     3 1.0    2.0  2.5     0.5    17.55370   1.21024   0.29784   36.3073   0.26545   0.42753 2 1 2   1  1.00000
    6 2H       13C_L2   #    1:     3 1.0    3.0  2.5     0.5    17.55370   1.21024   0.29784   36.3073   0.26545   0.42753 2 1 2   1  1.00000
    7 2H       13C_L4   #    1:     1 1.0    2.0  2.5     0.5    17.55370   1.21024   0.29784   36.3073  -0.40584  -0.29592 3 1 3   1  1.00000
    8 2H       13C_L4   #    1:     3 1.0    2.0  2.5     0.5    17.55370   1.21024   0.29784   36.3073   0.26545   0.42753 3 1 3   1  1.00000
    9 2H       13C_L4   #    1:     3 1.0    3.0  2.5     0.5    17.55370   1.21024   0.29784   36.3073   0.26545   0.42753 3 1 3   1  1.00000
   10 2H       13C_L24  #    1:     1 1.0    2.0  2.5     0.5    17.55370   1.21024   0.29784   36.3073  -0.40584  -0.29592 4 1 4   1  1.00000
   11 2H       13C_L24  #    1:     3 1.0    2.0  2.5     0.5    17.55370   1.21024   0.29784   36.3073   0.26545   0.42753 4 1 4   1  1.00000
   12 2H       13C_L24  #    1:     3 1.0    3.0  2.5     0.5    17.55370   1.21024   0.29784   36.3073   0.26545   0.42753 4 1 4   1  1.00000

L-couplings:

   1  4  2  1   10  1  2  2.0  1  1  1.0  2.0   1  0.83666 -0.86603  1.96000  0.83070-1.179722688653E+00 -0.39894    0.471

   1  5  2  1   10  1  2  2.0  1  3  1.0  2.0   1  0.83666  0.57735  1.96000  0.83070 7.864817924351E-01  0.48860    0.384

   1  6  2  1   10  1  2  2.0  1  3  1.0  3.0   1 -0.37796  0.81650  1.96000  0.83070-5.024647859860E-01  0.48860   -0.246

   2  4  2  1   10  1  2  2.0  1  1  2.0  2.0   1  0.54772  0.59161  1.96000  0.83070 5.275880252853E-01 -0.39894   -0.210

   2  5  2  1   10  1  2  2.0  1  3  2.0  2.0   1  0.54772  0.16903  1.96000  0.83070 1.507394357958E-01  0.48860    0.074

   2  6  2  1   10  1  2  2.0  1  3  2.0  3.0   1  0.92582  0.44721  1.96000  0.83070 6.741272506587E-01  0.48860    0.329

   3  4  2  1   10  1  2  2.0  3  1  2.0  2.0   3  0.54772  0.25820  1.96000  0.83070 2.302582915830E-01  0.31987    0.074

   3  5  2  1   10  1  2  2.0  3  3  2.0  2.0   3  0.54772  0.82808  1.96000  0.83070 7.384694036294E-01 -0.32574   -0.241

   3  6  2  1   10  1  2  2.0  3  3  2.0  3.0   3  0.92582 -0.54772  1.96000  0.83070-8.256338929095E-01 -0.32574    0.269

L-couplings:

   1  9  4  3   10  1  4  4.0  1  3  1.0  3.0   1 -0.80178 -0.61237  1.96000  0.83070 7.994165793258E-01 -0.56419   -0.451

   2  8  4  3   10  1  4  4.0  1  3  2.0  2.0   1  1.00000  0.65465  1.96000  0.83070 1.065888772434E+00 -0.56419   -0.601

   2  9  4  3   10  1  4  4.0  1  3  2.0  3.0   1  0.59761  0.61237  1.96000  0.83070 5.958499379043E-01 -0.56419   -0.336

   3  7  4  3   10  1  4  4.0  3  1  2.0  2.0   3  1.00000  1.00000  1.96000  0.83070 1.628171994028E+00 -0.36935   -0.601

   3  8  4  3   10  1  4  4.0  3  3  2.0  2.0   3  1.00000  0.41786  1.96000  0.83070 6.803405363879E-01  0.36086    0.246

   3  9  4  3   10  1  4  4.0  3  3  2.0  3.0   3  0.59761 -0.78174  1.96000  0.83070-7.606438436060E-01  0.36086   -0.274

L-couplings:

   1 10  6  5   10  1  2  2.0  1  1  1.0  2.0   1  0.83666 -0.86603  1.96000  0.83070-1.179722688653E+00 -0.39894    0.471

   1 11  6  5   10  1  2  2.0  1  3  1.0  2.0   1  0.83666  0.57735  1.96000  0.83070 7.864817924351E-01  0.48860    0.384

   1 12  6  5   10  1  2  2.0  1  3  1.0  3.0   1 -0.37796  0.81650  1.96000  0.83070-5.024647859860E-01  0.48860   -0.246

   1 12  7  5   11  2  4  4.0  1  3  1.0  3.0   1 -0.80178 -0.61237  1.96000  0.83070 7.994165793258E-01 -0.56419   -0.451

   2 10  6  5   10  1  2  2.0  1  1  2.0  2.0   1  0.54772  0.59161  1.96000  0.83070 5.275880252853E-01 -0.39894   -0.210

   2 11  6  5   10  1  2  2.0  1  3  2.0  2.0   1  0.54772  0.16903  1.96000  0.83070 1.507394357958E-01  0.48860    0.074

   2 11  7  5   11  2  4  4.0  1  3  2.0  2.0   1  1.00000  0.65465  1.96000  0.83070 1.065888772434E+00 -0.56419   -0.601

   2 12  6  5   10  1  2  2.0  1  3  2.0  3.0   1  0.92582  0.44721  1.96000  0.83070 6.741272506587E-01  0.48860    0.329

   2 12  7  5   11  2  4  4.0  1  3  2.0  3.0   1  0.59761  0.61237  1.96000  0.83070 5.958499379043E-01 -0.56419   -0.336

   3 10  6  5   10  1  2  2.0  3  1  2.0  2.0   3  0.54772  0.25820  1.96000  0.83070 2.302582915830E-01  0.31987    0.074

   3 10  7  5   11  2  4  4.0  3  1  2.0  2.0   3  1.00000  1.00000  1.96000  0.83070 1.628171994028E+00 -0.36935   -0.601

   3 11  6  5   10  1  2  2.0  3  3  2.0  2.0   3  0.54772  0.82808  1.96000  0.83070 7.384694036294E-01 -0.32574   -0.241

   3 11  7  5   11  2  4  4.0  3  3  2.0  2.0   3  1.00000  0.41786  1.96000  0.83070 6.803405363879E-01  0.36086    0.246

   3 12  6  5   10  1  2  2.0  3  3  2.0  3.0   3  0.92582 -0.54772  1.96000  0.83070-8.256338929095E-01 -0.32574    0.269

   3 12  7  5   11  2  4  4.0  3  3  2.0  3.0   3  0.59761 -0.78174  1.96000  0.83070-7.606438436060E-01  0.36086   -0.274
 Reaction Xsec     0.5+/ 1 @ 1 =     1.547 , Out:   0.000#   0.159/   4.880#   0.155/   1.547f
 Reaction Xsec     0.5+/ 1 @ 2 =     1.547 , Out:   0.000#   0.052/   0.011/   0.075/   1.547f
 Reaction Xsec     0.5+/ 3 @ 3 =     1.551 , Out:   0.000#   0.039/   0.187/   0.279/   1.550f

 Total SPIN, PARITY =     0.5 -,     12 chs,      3 cc.  Rmin & Coul turning =    0.0    0.9

L-couplings:

   1  4  2  1   10  1  2  2.0  0  2  1.0  2.0   0  0.83666  0.57735  1.96000  0.83070 7.864817924351E-01  0.63078    0.496

   1  5  2  1   10  1  2  2.0  0  2  1.0  3.0   0 -0.37796  0.68313  1.96000  0.83070-4.203922011755E-01  0.63078   -0.265

   2  4  2  1   10  1  2  2.0  2  2  1.0  2.0   2  0.83666 -0.76376  1.96000  0.83070-1.040417616732E+00 -0.33717    0.351

   2  5  2  1   10  1  2  2.0  2  2  1.0  3.0   2 -0.37796  0.25820  1.96000  0.83070-1.588933167745E-01 -0.33717    0.054

   2  6  2  1   10  1  2  2.0  2  4  1.0  3.0   2 -0.37796  1.00000  1.96000  0.83070-6.153911696912E-01  0.45236   -0.278

   3  4  2  1   10  1  2  2.0  2  2  2.0  2.0   2  0.54772  0.50000  1.96000  0.83070 4.458932643136E-01 -0.33717   -0.150

   3  5  2  1   10  1  2  2.0  2  2  2.0  3.0   2  0.92582 -0.63246  1.96000  0.83070-9.533599006468E-01 -0.33717    0.321

   3  6  2  1   10  1  2  2.0  2  4  2.0  3.0   2  0.92582  0.40825  1.96000  0.83070 6.153911696912E-01  0.45236    0.278

L-couplings:

   1  9  4  3   10  1  4  4.0  0  4  1.0  3.0   0 -0.80178  0.50918  1.96000  0.83070-6.646984331431E-01  0.84628   -0.563

   2  8  4  3   10  1  4  4.0  2  2  1.0  3.0   2 -0.80178  1.00000  1.96000  0.83070-1.305441807513E+00  0.45236   -0.591

   2  9  4  3   10  1  4  4.0  2  4  1.0  3.0   2 -0.80178  0.50461  1.96000  0.83070-6.587368917950E-01 -0.43131    0.284

   3  7  4  3   10  1  4  4.0  2  2  2.0  2.0   2  1.00000 -0.66667  1.96000  0.83070-1.085447996019E+00  0.45236   -0.491

   3  8  4  3   10  1  4  4.0  2  2  2.0  3.0   2  0.59761 -0.74536  1.96000  0.83070-7.252454486183E-01  0.45236   -0.328

   3  9  4  3   10  1  4  4.0  2  4  2.0  3.0   2  0.59761  0.67700  1.96000  0.83070 6.587368917950E-01 -0.43131   -0.284

L-couplings:

   1 10  6  5   10  1  2  2.0  0  2  1.0  2.0   0  0.83666  0.57735  1.96000  0.83070 7.864817924351E-01  0.63078    0.496

   1 11  6  5   10  1  2  2.0  0  2  1.0  3.0   0 -0.37796  0.68313  1.96000  0.83070-4.203922011755E-01  0.63078   -0.265

   1 12  7  5   11  2  4  4.0  0  4  1.0  3.0   0 -0.80178  0.50918  1.96000  0.83070-6.646984331431E-01  0.84628   -0.563

   2 10  6  5   10  1  2  2.0  2  2  1.0  2.0   2  0.83666 -0.76376  1.96000  0.83070-1.040417616732E+00 -0.33717    0.351

   2 11  6  5   10  1  2  2.0  2  2  1.0  3.0   2 -0.37796  0.25820  1.96000  0.83070-1.588933167745E-01 -0.33717    0.054

   2 11  7  5   11  2  4  4.0  2  2  1.0  3.0   2 -0.80178  1.00000  1.96000  0.83070-1.305441807513E+00  0.45236   -0.591

   2 12  6  5   10  1  2  2.0  2  4  1.0  3.0   2 -0.37796  1.00000  1.96000  0.83070-6.153911696912E-01  0.45236   -0.278

   2 12  7  5   11  2  4  4.0  2  4  1.0  3.0   2 -0.80178  0.50461  1.96000  0.83070-6.587368917950E-01 -0.43131    0.284

   3 10  6  5   10  1  2  2.0  2  2  2.0  2.0   2  0.54772  0.50000  1.96000  0.83070 4.458932643136E-01 -0.33717   -0.150

   3 10  7  5   11  2  4  4.0  2  2  2.0  2.0   2  1.00000 -0.66667  1.96000  0.83070-1.085447996019E+00  0.45236   -0.491

   3 11  6  5   10  1  2  2.0  2  2  2.0  3.0   2  0.92582 -0.63246  1.96000  0.83070-9.533599006468E-01 -0.33717    0.321

   3 11  7  5   11  2  4  4.0  2  2  2.0  3.0   2  0.59761 -0.74536  1.96000  0.83070-7.252454486183E-01  0.45236   -0.328

   3 12  6  5   10  1  2  2.0  2  4  2.0  3.0   2  0.92582  0.40825  1.96000  0.83070 6.153911696912E-01  0.45236    0.278

   3 12  7  5   11  2  4  4.0  2  4  2.0  3.0   2  0.59761  0.67700  1.96000  0.83070 6.587368917950E-01 -0.43131   -0.284
 Reaction Xsec     0.5-/ 0 @ 1 =     1.546 , Out:   0.000#   0.346/   0.045/   0.391/   1.545f
 Reaction Xsec     0.5-/ 2 @ 2 =     1.549 , Out:   0.000#   0.218/   0.107/   0.378/   1.548f
 Reaction Xsec     0.5-/ 2 @ 3 =     1.549 , Out:   0.000#   0.218/   0.107/   0.378/   1.548f
 Allocate arrays for           23  channels, of which           23  need wfs.

 Total SPIN, PARITY =     1.5 +,     23 chs,      5 cc.  Rmin & Coul turning =    0.1    1.3
 Reaction Xsec     1.5+/ 1 @ 1 =     3.094 , Out:   0.000#   0.221/   0.017/   0.238/   3.094f
 Reaction Xsec     1.5+/ 1 @ 2 =     3.094 , Out:   0.000#   0.150/   0.022/   0.185/   3.094f
 Reaction Xsec     1.5+/ 1 @ 3 =     3.094 , Out:   0.000#   0.227/   0.016/   0.243/   3.094f
 Reaction Xsec     1.5+/ 3 @ 4 =     3.102 , Out:   0.000#   0.141/   0.118/   0.195/   3.101f
 Reaction Xsec     1.5+/ 3 @ 5 =     3.102 , Out:   0.000#   0.094/   0.310/   0.467/   3.101f

 Total SPIN, PARITY =     1.5 -,     23 chs,      5 cc.  Rmin & Coul turning =    0.1    1.3
 Reaction Xsec     1.5-/ 0 @ 1 =     3.092 , Out:   0.000#   0.674/   0.105/   0.779/   3.090f
 Reaction Xsec     1.5-/ 2 @ 2 =     3.097 , Out:   0.000#   0.484/   0.066/   0.464/   3.096f
 Reaction Xsec     1.5-/ 2 @ 3 =     3.097 , Out:   0.000#   0.463/   0.132/   0.594/   3.096f
 Reaction Xsec     1.5-/ 2 @ 4 =     3.097 , Out:   0.000#   0.378/   0.253/   0.950/   3.096f
 Reaction Xsec     1.5-/ 4 @ 5 =     3.112 , Out:   0.000#   0.188/   0.427/   0.936/   3.110f
 Allocate arrays for           30  channels, of which           30  need wfs.

 Total SPIN, PARITY =     2.5 +,     30 chs,      6 cc.  Rmin & Coul turning =    0.3    1.9
 Reaction Xsec     2.5+/ 1 @ 1 =     4.642 , Out:   0.000#   0.306/   0.034/   0.340/   4.641f
 Reaction Xsec     2.5+/ 1 @ 2 =     4.642 , Out:   0.000#   0.412/   0.027/   0.440/   4.641f
 Reaction Xsec     2.5+/ 3 @ 3 =     4.653 , Out:   0.000#   0.427/   0.037/   0.459/   4.652f
 Reaction Xsec     2.5+/ 3 @ 4 =     4.653 , Out:   0.000#   0.262/   0.135/   0.312/   4.652f
 Reaction Xsec     2.5+/ 3 @ 5 =     4.653 , Out:   0.000#   0.135/   0.491/   0.741/   4.651f
 Reaction Xsec     2.5+/ 5 @ 6 =     4.670 , Out:   0.000#   0.019/   0.841/   0.876/   4.668f

 Total SPIN, PARITY =     2.5 -,     30 chs,      6 cc.  Rmin & Coul turning =    0.3    1.9
 Reaction Xsec     2.5-/ 0 @ 1 =     4.638 , Out:   0.000#   0.877/   0.324/   1.200/   4.635f
 Reaction Xsec     2.5-/ 2 @ 2 =     4.646 , Out:   0.000#   0.588/   0.031/   0.650/   4.645f
 Reaction Xsec     2.5-/ 2 @ 3 =     4.646 , Out:   0.000#   0.710/   0.064/   0.660/   4.645f
 Reaction Xsec     2.5-/ 2 @ 4 =     4.646 , Out:   0.000#   0.817/   0.128/   0.524/   4.644f
 Reaction Xsec     2.5-/ 4 @ 5 =     4.667 , Out:   0.000#   0.984/   0.182/   0.722/   4.666f
 Reaction Xsec     2.5-/ 4 @ 6 =     4.667 , Out:   0.000#   0.366/   0.585/   1.322/   4.665f
 Allocate arrays for           33  channels, of which           33  need wfs.

 Total SPIN, PARITY =     3.5 +,     33 chs,      6 cc.  Rmin & Coul turning =    0.4    2.4
 Reaction Xsec     3.5+/ 1 @ 1 =     6.189 , Out:   0.000#   0.301/   0.051/   0.352/   6.188f
 Reaction Xsec     3.5+/ 3 @ 2 =     6.204 , Out:   0.000#   0.183/   9.517#   0.208/   6.203f
 Reaction Xsec     3.5+/ 3 @ 3 =     6.204 , Out:   0.000#   0.534/   0.037/   0.572/   6.203f
 Reaction Xsec     3.5+/ 3 @ 4 =     6.204 , Out:   0.000#   0.356/   0.098/   0.275/   6.203f
 Reaction Xsec     3.5+/ 5 @ 5 =     6.227 , Out:   0.000#   0.047/   0.135/   0.172/   6.226f
 Reaction Xsec     3.5+/ 5 @ 6 =     6.227 , Out:   0.000#   0.027/   1.050/   1.097/   6.225f

 Total SPIN, PARITY =     3.5 -,     33 chs,      6 cc.  Rmin & Coul turning =    0.4    2.4
 Reaction Xsec     3.5-/ 2 @ 1 =     6.195 , Out:   0.000#   0.768/   0.037/   0.866/   6.193f
 Reaction Xsec     3.5-/ 2 @ 2 =     6.195 , Out:   0.000#   0.905/   0.049/   0.983/   6.193f
 Reaction Xsec     3.5-/ 4 @ 3 =     6.223 , Out:   0.000#   2.811/   0.061/   2.913/   6.217f
 Reaction Xsec     3.5-/ 4 @ 4 =     6.223 , Out:   0.000#   1.507/   0.212/   1.182/   6.220f
 Reaction Xsec     3.5-/ 4 @ 5 =     6.223 , Out:   0.000#   0.466/   0.796/   1.792/   6.220f
 Reaction Xsec     3.5-/ 6 @ 6 =     6.272 , Out:   0.000#   0.563/   1.394/   2.287/   6.268f

 Total SPIN, PARITY =     4.5 +,     33 chs,      6 cc.  Rmin & Coul turning =    0.6    2.9
 Reaction Xsec     4.5+/ 3 @ 1 =     7.755 , Out:   0.000#   0.228/   0.010/   0.259/   7.754f
 Reaction Xsec     4.5+/ 3 @ 2 =     7.755 , Out:   0.000#   0.881/   0.033/   0.967/   7.753f
 Reaction Xsec     4.5+/ 5 @ 3 =     7.784 , Out:   0.000#   0.075/   0.033/   0.085/   7.783f
 Reaction Xsec     4.5+/ 5 @ 4 =     7.784 , Out:   0.000#   0.060/   0.147/   0.194/   7.783f
 Reaction Xsec     4.5+/ 5 @ 5 =     7.784 , Out:   0.000#   0.034/   1.332/   1.391/   7.781f
 Reaction Xsec     4.5+/ 7 @ 6 =     7.838 , Out:   0.000#   0.378/   1.156/   2.153/   7.834f

 Total SPIN, PARITY =     4.5 -,     33 chs,      6 cc.  Rmin & Coul turning =    0.6    2.9
 Reaction Xsec     4.5-/ 2 @ 1 =     7.743 , Out:   0.000#   0.904/   0.036/   1.042/   7.741f
 Reaction Xsec     4.5-/ 4 @ 2 =     7.779 , Out:   0.000#   0.520/   0.013/   0.616/   7.778f
 Reaction Xsec     4.5-/ 4 @ 3 =     7.779 , Out:   0.000#   3.411/   0.067/   3.547/   7.772f
 Reaction Xsec     4.5-/ 4 @ 4 =     7.779 , Out:   0.000#   1.986/   0.200/   1.341/   7.776f
 Reaction Xsec     4.5-/ 6 @ 5 =     7.840 , Out:   0.000#   0.995/   0.204/   0.724/   7.838f
 Reaction Xsec     4.5-/ 6 @ 6 =     7.840 , Out:   0.000#   0.717/   1.679/   2.768/   7.835f

 Total SPIN, PARITY =     5.5 +,     33 chs,      6 cc.  Rmin & Coul turning =    0.8    3.5
 Reaction Xsec     5.5+/ 3 @ 1 =     9.306 , Out:   0.000#   0.176/   9.076#   0.205/   9.305f
 Reaction Xsec     5.5+/ 5 @ 2 =     9.340 , Out:   0.000#   0.042/   4.075#   0.062/   9.340f
 Reaction Xsec     5.5+/ 5 @ 3 =     9.340 , Out:   0.000#   0.091/   0.036/   0.100/   9.340f
 Reaction Xsec     5.5+/ 5 @ 4 =     9.340 , Out:   0.000#   0.075/   0.092/   0.151/   9.340f
 Reaction Xsec     5.5+/ 7 @ 5 =     9.406 , Out:   0.000#   1.649/   0.372/   0.897/   9.403f
 Reaction Xsec     5.5+/ 7 @ 6 =     9.406 , Out:   0.000#   0.494/   1.352/   2.525/   9.401f

 Total SPIN, PARITY =     5.5 -,     33 chs,      6 cc.  Rmin & Coul turning =    0.8    3.5
 Reaction Xsec     5.5-/ 4 @ 1 =     9.335 , Out:   0.000#   0.595/   0.014/   0.710/   9.334f
 Reaction Xsec     5.5-/ 4 @ 2 =     9.335 , Out:   0.000#   4.581/   0.065/   4.850/   9.325f
 Reaction Xsec     5.5-/ 6 @ 3 =     9.408 , Out:   0.000#   1.673/   0.059/   1.770/   9.404f
 Reaction Xsec     5.5-/ 6 @ 4 =     9.408 , Out:   0.000#   1.221/   0.225/   0.903/   9.405f
 Reaction Xsec     5.5-/ 6 @ 5 =     9.408 , Out:   0.000#   0.858/   2.035/   3.347/   9.401f
 Reaction Xsec     5.5-/ 8 @ 6 =     9.366 , Out:   0.000#   0.966/   2.470/   4.536/   9.358f

 Total SPIN, PARITY =     6.5 +,     33 chs,      6 cc.  Rmin & Coul turning =    0.9    4.0
 Reaction Xsec     6.5+/ 5 @ 1 =    10.897 , Out:   0.000#   0.049/   4.417#   0.072/  10.897f
 Reaction Xsec     6.5+/ 5 @ 2 =    10.897 , Out:   0.000#   0.124/   0.038/   0.127/  10.897f
 Reaction Xsec     6.5+/ 7 @ 3 =    10.973 , Out:   0.000#   3.341/   0.052/   3.883/  10.966f
 Reaction Xsec     6.5+/ 7 @ 4 =    10.973 , Out:   0.000#   1.985/   0.414/   1.151/  10.970f
 Reaction Xsec     6.5+/ 7 @ 5 =    10.973 , Out:   0.000#   0.571/   1.583/   2.955/  10.968f
 Reaction Xsec     6.5+/ 9 @ 6 =    10.693 , Out:   0.000#   0.794/   0.015    0.017   10.661f

 Total SPIN, PARITY =     6.5 -,     33 chs,      6 cc.  Rmin & Coul turning =    0.9    4.0
 Reaction Xsec     6.5-/ 4 @ 1 =    10.891 , Out:   0.000#   0.424/   0.013/   0.548/  10.890f
 Reaction Xsec     6.5-/ 6 @ 2 =    10.976 , Out:   0.000#   0.677/   6.667#   0.791/  10.974f
 Reaction Xsec     6.5-/ 6 @ 3 =    10.976 , Out:   0.000#   1.915/   0.065/   2.029/  10.972f
 Reaction Xsec     6.5-/ 6 @ 4 =    10.976 , Out:   0.000#   1.437/   0.178/   0.926/  10.973f
 Reaction Xsec     6.5-/ 8 @ 5 =    10.927 , Out:   0.000#   3.793/   0.357/   2.134/  10.920f
 Reaction Xsec     6.5-/ 8 @ 6 =    10.927 , Out:   0.000#   1.195/   2.818/   5.212/  10.918f

 Total SPIN, PARITY =     7.5 +,     33 chs,      6 cc.  Rmin & Coul turning =    1.1    4.6
 Reaction Xsec     7.5+/ 5 @ 1 =    12.454 , Out:   0.000#   0.053/   3.428#   0.080/  12.453f
 Reaction Xsec     7.5+/ 7 @ 2 =    12.541 , Out:   0.000#   0.108/   1.295#   0.125/  12.541f
 Reaction Xsec     7.5+/ 7 @ 3 =    12.541 , Out:   0.000#   3.731/   0.056/   4.340/  12.533f
 Reaction Xsec     7.5+/ 7 @ 4 =    12.541 , Out:   0.000#   2.307/   0.436/   1.235/  12.537f
 Reaction Xsec     7.5+/ 9 @ 5 =    12.221 , Out:   0.000#   3.034/   0.570/   2.012/  12.215f
 Reaction Xsec     7.5+/ 9 @ 6 =    12.221 , Out:   0.000#   0.950/   0.017    0.019   12.184f

 Total SPIN, PARITY =     7.5 -,     33 chs,      6 cc.  Rmin & Coul turning =    1.1    4.6
 Reaction Xsec     7.5-/ 6 @ 1 =    12.544 , Out:   0.000#   0.768/   7.266#   0.898/  12.542f
 Reaction Xsec     7.5-/ 6 @ 2 =    12.544 , Out:   0.000#   2.237/   0.069/   2.401/  12.539f
 Reaction Xsec     7.5-/ 8 @ 3 =    12.488 , Out:   0.000#   7.155/   0.047/   8.088/  12.472f
 Reaction Xsec     7.5-/ 8 @ 4 =    12.488 , Out:   0.000#   4.427/   0.391/   2.599/  12.480f
 Reaction Xsec     7.5-/ 8 @ 5 =    12.488 , Out:   0.000#   1.357/   3.232/   5.970/  12.477f
 Reaction Xsec     7.5-/10 @ 6 =    10.121 , Out:   0.000#   0.545/   9.879/   0.011   10.099f

 Total SPIN, PARITY =     8.5 +,     33 chs,      6 cc.  Rmin & Coul turning =    1.2    5.1
 Reaction Xsec     8.5+/ 7 @ 1 =    14.108 , Out:   0.000#   0.110/   1.202#   0.127/  14.108f
 Reaction Xsec     8.5+/ 7 @ 2 =    14.108 , Out:   0.000#   4.270/   0.048/   5.020/  14.099f
 Reaction Xsec     8.5+/ 9 @ 3 =    13.749 , Out:   0.000#   5.457/   0.039/   6.216/  13.737f
 Reaction Xsec     8.5+/ 9 @ 4 =    13.749 , Out:   0.000#   3.466/   0.595/   2.324/  13.742f
 Reaction Xsec     8.5+/ 9 @ 5 =    13.749 , Out:   0.000#   1.064/   0.019    0.021   13.707f
 Reaction Xsec     8.5+/11 @ 6 =     7.562 , Out:   0.000#   0.191/   5.698/   6.060/   7.550f

 Total SPIN, PARITY =     8.5 -,     33 chs,      6 cc.  Rmin & Coul turning =    1.2    5.1
 Reaction Xsec     8.5-/ 6 @ 1 =    14.111 , Out:   0.000#   0.812/   6.083#   0.957/  14.110f
 Reaction Xsec     8.5-/ 8 @ 2 =    14.049 , Out:   0.000#   0.226/   1.303#   0.258/  14.048f
 Reaction Xsec     8.5-/ 8 @ 3 =    14.049 , Out:   0.000#   7.897/   0.051/   8.934/  14.032f
 Reaction Xsec     8.5-/ 8 @ 4 =    14.049 , Out:   0.000#   5.042/   0.367/   2.808/  14.040f
 Reaction Xsec     8.5-/10 @ 5 =    11.386 , Out:   0.000#   2.018/   0.295/   1.362/  11.382f
 Reaction Xsec     8.5-/10 @ 6 =    11.386 , Out:   0.000#   0.636/   0.011    0.012   11.362f

 Total SPIN, PARITY =     9.5 +,     33 chs,      6 cc.  Rmin & Coul turning =    1.4    5.7
 Reaction Xsec     9.5+/ 7 @ 1 =    15.676 , Out:   0.000#   0.015/   0.137#   0.016/  15.676f
 Reaction Xsec     9.5+/ 9 @ 2 =    15.276 , Out:   0.000#   0.117/   0.760#   0.135/  15.276f
 Reaction Xsec     9.5+/ 9 @ 3 =    15.276 , Out:   0.000#   5.974/   0.040/   6.807/  15.263f
 Reaction Xsec     9.5+/ 9 @ 4 =    15.276 , Out:   0.000#   3.894/   0.292/   2.192/  15.270f
 Reaction Xsec     9.5+/11 @ 5 =     8.402 , Out:   0.000#   0.685/   0.122/   0.482/   8.401f
 Reaction Xsec     9.5+/11 @ 6 =     8.402 , Out:   0.000#   0.218/   6.249/   6.651/   8.389f

 Total SPIN, PARITY =     9.5 -,     33 chs,      6 cc.  Rmin & Coul turning =    1.4    5.7
 Reaction Xsec     9.5-/ 8 @ 1 =    15.610 , Out:   0.000#   0.232/   1.296#   0.266/  15.609f
 Reaction Xsec     9.5-/ 8 @ 2 =    15.610 , Out:   0.000#   8.862/   0.047/   0.010   15.591f
 Reaction Xsec     9.5-/10 @ 3 =    12.651 , Out:   0.000#   3.491/   0.020/   3.947/  12.644f
 Reaction Xsec     9.5-/10 @ 4 =    12.651 , Out:   0.000#   2.268/   0.307/   1.545/  12.647f
 Reaction Xsec     9.5-/10 @ 5 =    12.651 , Out:   0.000#   0.705/   0.012    0.013   12.625f
 Reaction Xsec     9.5-/12 @ 6 =     4.706 , Out:   0.000#   0.047/   1.968/   2.053/   4.702f

 Total SPIN, PARITY =    10.5 +,     33 chs,      6 cc.  Rmin & Coul turning =    1.6    6.2
 Reaction Xsec    10.5+/ 9 @ 1 =    16.804 , Out:   0.000#   0.119/   0.752#   0.138/  16.804f
 Reaction Xsec    10.5+/ 9 @ 2 =    16.804 , Out:   0.000#   6.636/   0.038/   7.614/  16.790f
 Reaction Xsec    10.5+/11 @ 3 =     9.243 , Out:   0.000#   1.149/   6.593#   1.307/   9.240f
 Reaction Xsec    10.5+/11 @ 4 =     9.243 , Out:   0.000#   0.761/   0.125/   0.536/   9.241f
 Reaction Xsec    10.5+/11 @ 5 =     9.243 , Out:   0.000#   0.239/   6.882/   7.324/   9.228f
 Reaction Xsec    10.5+/13 @ 6 =     2.598 , Out:   0.000#   0.011/   0.471/   0.490/   2.597f

 Total SPIN, PARITY =    10.5 -,     33 chs,      6 cc.  Rmin & Coul turning =    1.6    6.2
 Reaction Xsec    10.5-/ 8 @ 1 =    17.171 , Out:   0.000#   0.083/   0.509#   0.096/  17.170f
 Reaction Xsec    10.5-/10 @ 2 =    13.916 , Out:   0.000#   0.056/   0.310#   0.065/  13.916f
 Reaction Xsec    10.5-/10 @ 3 =    13.916 , Out:   0.000#   3.792/   0.020/   4.289/  13.908f
 Reaction Xsec    10.5-/10 @ 4 =    13.916 , Out:   0.000#   2.517/   0.147/   1.501/  13.912f
 Reaction Xsec    10.5-/12 @ 5 =     5.177 , Out:   0.000#   0.165/   0.032/   0.124/   5.177f
 Reaction Xsec    10.5-/12 @ 6 =     5.177 , Out:   0.000#   0.053/   2.142/   2.235/   5.172f

 Total SPIN, PARITY =    11.5 +,     33 chs,      6 cc.  Rmin & Coul turning =    1.7    6.8
 Reaction Xsec    11.5+/ 9 @ 1 =    18.332 , Out:   0.000#   0.026/   0.221#   0.031/  18.331f
 Reaction Xsec    11.5+/11 @ 2 =    10.083 , Out:   0.000#   0.015/   0.080#   0.017/  10.083f
 Reaction Xsec    11.5+/11 @ 3 =    10.083 , Out:   0.000#   1.240/   6.682#   1.411/  10.080f
 Reaction Xsec    11.5+/11 @ 4 =    10.083 , Out:   0.000#   0.836/   0.047/   0.494/  10.082f
 Reaction Xsec    11.5+/13 @ 5 =     2.834 , Out:   0.000#   0.038/   6.237#   0.029/   2.834f
 Reaction Xsec    11.5+/13 @ 6 =     2.834 , Out:   0.000#   0.012/   0.509/   0.530/   2.833f

 Total SPIN, PARITY =    11.5 -,     33 chs,      6 cc.  Rmin & Coul turning =    1.7    6.8
 Reaction Xsec    11.5-/10 @ 1 =    15.181 , Out:   0.000#   0.057/   0.306#   0.065/  15.181f
 Reaction Xsec    11.5-/10 @ 2 =    15.181 , Out:   0.000#   4.167/   0.020/   4.740/  15.172f
 Reaction Xsec    11.5-/12 @ 3 =     5.648 , Out:   0.000#   0.269/   1.353#   0.304/   5.647f
 Reaction Xsec    11.5-/12 @ 4 =     5.648 , Out:   0.000#   0.181/   0.032/   0.136/   5.647f
 Reaction Xsec    11.5-/12 @ 5 =     5.648 , Out:   0.000#   0.058/   2.339/   2.440/   5.643f
 Reaction Xsec    11.5-/14 @ 6 =     1.334 , Out:   0.000#   2.756#   0.097/   0.102/   1.334f

 Total SPIN, PARITY =    12.5 +,     33 chs,      6 cc.  Rmin & Coul turning =    1.9    7.3
 Reaction Xsec    12.5+/11 @ 1 =    10.923 , Out:   0.000#   0.015/   0.079#   0.017/  10.923f
 Reaction Xsec    12.5+/11 @ 2 =    10.923 , Out:   0.000#   1.352/   6.589#   1.544/  10.920f
 Reaction Xsec    12.5+/13 @ 3 =     3.070 , Out:   0.000#   0.060/   0.253#   0.068/   3.070f
 Reaction Xsec    12.5+/13 @ 4 =     3.070 , Out:   0.000#   0.041/   6.347#   0.032/   3.070f
 Reaction Xsec    12.5+/13 @ 5 =     3.070 , Out:   0.000#   0.013/   0.552/   0.574/   3.069f
 Reaction Xsec    12.5+/15 @ 6 =     0.657 , Out:   0.000#   0.772#   0.019/   0.020/   0.657f

 Total SPIN, PARITY =    12.5 -,     33 chs,      6 cc.  Rmin & Coul turning =    1.9    7.3
 Reaction Xsec    12.5-/10 @ 1 =    16.446 , Out:   0.000#   7.616#   0.075#   9.197#  16.446f
 Reaction Xsec    12.5-/12 @ 2 =     6.118 , Out:   0.000#   2.744#   0.014#   3.122#   6.118f
 Reaction Xsec    12.5-/12 @ 3 =     6.118 , Out:   0.000#   0.289/   1.353#   0.327/   6.118f
 Reaction Xsec    12.5-/12 @ 4 =     6.118 , Out:   0.000#   0.197/   9.445#   0.122/   6.118f
 Reaction Xsec    12.5-/14 @ 5 =     1.445 , Out:   0.000#   9.265#   1.121#   7.152#   1.445f
 Reaction Xsec    12.5-/14 @ 6 =     1.445 , Out:   0.000#   3.036#   0.104/   0.109/   1.445f

 Total SPIN, PARITY =    13.5 +,     33 chs,      6 cc.  Rmin & Coul turning =    2.0    7.9
 Reaction Xsec    13.5+/11 @ 1 =    11.763 , Out:   0.000#   1.032#   0.014#   1.281#  11.763f
 Reaction Xsec    13.5+/13 @ 2 =     3.306 , Out:   0.000#   0.520#   0.002#   0.584#   3.306f
 Reaction Xsec    13.5+/13 @ 3 =     3.306 , Out:   0.000#   0.064/   0.254#   0.072/   3.306f
 Reaction Xsec    13.5+/13 @ 4 =     3.306 , Out:   0.000#   0.044/   1.744#   0.029/   3.306f
 Reaction Xsec    13.5+/15 @ 5 =     0.708 , Out:   0.000#   2.552#   0.200#   1.982#   0.708f
 Reaction Xsec    13.5+/15 @ 6 =     0.708 , Out:   0.000#   0.843#   0.020/   0.022/   0.708f

 Total SPIN, PARITY =    13.5 -,     33 chs,      6 cc.  Rmin & Coul turning =    2.0    7.9
 Reaction Xsec    13.5-/12 @ 1 =     6.589 , Out:   0.000#   2.742#   0.013#   3.125#   6.589f
 Reaction Xsec    13.5-/12 @ 2 =     6.589 , Out:   0.000#   0.313/   1.348#   0.355/   6.588f
 Reaction Xsec    13.5-/14 @ 3 =     1.556 , Out:   0.000#   0.015/   0.048#   0.016/   1.556f
 Reaction Xsec    13.5-/14 @ 4 =     1.556 , Out:   0.000#   0.010/   1.140#   7.731#   1.556f
 Reaction Xsec    13.5-/14 @ 5 =     1.556 , Out:   0.000#   3.266#   0.112/   0.118/   1.556f
 Reaction Xsec    13.5-/16 @ 6 =     0.316 , Out:   0.000#   0.231#   3.564#   3.896#   0.316f

 Total SPIN, PARITY =    14.5 +,     33 chs,      6 cc.  Rmin & Coul turning =    2.2    8.4
 Reaction Xsec    14.5+/13 @ 1 =     3.542 , Out:   0.000#   0.519#   0.002#   0.584#   3.542f
 Reaction Xsec    14.5+/13 @ 2 =     3.542 , Out:   0.000#   0.069/   0.255#   0.078/   3.542f
 Reaction Xsec    14.5+/15 @ 3 =     0.758 , Out:   0.000#   3.938#   0.010#   4.314#   0.758f
 Reaction Xsec    14.5+/15 @ 4 =     0.758 , Out:   0.000#   2.745#   0.203#   2.134#   0.758f
 Reaction Xsec    14.5+/15 @ 5 =     0.758 , Out:   0.000#   0.903#   0.022/   0.023/   0.758f
 Reaction Xsec    14.5+/17 @ 6 =     0.150 , Out:   0.000#   0.067#   0.628#   0.721#   0.150f

 Total SPIN, PARITY =    14.5 -,     33 chs,      6 cc.  Rmin & Coul turning =    2.2    8.4
 Reaction Xsec    14.5-/12 @ 1 =     7.059 , Out:   0.000#   0.049#   0.002#   0.070#   7.059f
 Reaction Xsec    14.5-/14 @ 2 =     1.667 , Out:   0.000#   0.110#   0.000#   0.122#   1.667f
 Reaction Xsec    14.5-/14 @ 3 =     1.667 , Out:   0.000#   0.015/   0.049#   0.017/   1.667f
 Reaction Xsec    14.5-/14 @ 4 =     1.667 , Out:   0.000#   0.011/   0.330#   7.395#   1.667f
 Reaction Xsec    14.5-/16 @ 5 =     0.339 , Out:   0.000#   0.749#   0.036#   0.591#   0.339f
 Reaction Xsec    14.5-/16 @ 6 =     0.339 , Out:   0.000#   0.251#   3.796#   4.153#   0.339f

 Total SPIN, PARITY =    15.5 +,     33 chs,      6 cc.  Rmin & Coul turning =    2.4    9.0
 Reaction Xsec    15.5+/13 @ 1 =     3.778 , Out:   0.000#   0.004#   0.000#   0.004#   3.778f
 Reaction Xsec    15.5+/15 @ 2 =     0.809 , Out:   0.000#   0.027#   0.000#   0.029#   0.809f
 Reaction Xsec    15.5+/15 @ 3 =     0.809 , Out:   0.000#   4.176#   0.010#   4.575#   0.809f
 Reaction Xsec    15.5+/15 @ 4 =     0.809 , Out:   0.000#   2.940#   0.067#   2.129#   0.809f
 Reaction Xsec    15.5+/17 @ 5 =     0.160 , Out:   0.000#   0.211#   0.006#   0.170#   0.160f
 Reaction Xsec    15.5+/17 @ 6 =     0.160 , Out:   0.000#   0.073#   0.667#   0.765#   0.160f

 Total SPIN, PARITY =    15.5 -,     33 chs,      6 cc.  Rmin & Coul turning =    2.4    9.0
 Reaction Xsec    15.5-/14 @ 1 =     1.778 , Out:   0.000#   0.110#   0.000#   0.122#   1.778f
 Reaction Xsec    15.5-/14 @ 2 =     1.778 , Out:   0.000#   0.017/   0.049#   0.018/   1.778f
 Reaction Xsec    15.5-/16 @ 3 =     0.361 , Out:   0.000#   1.139#   0.002#   1.234#   0.361f
 Reaction Xsec    15.5-/16 @ 4 =     0.361 , Out:   0.000#   0.802#   0.037#   0.633#   0.361f
 Reaction Xsec    15.5-/16 @ 5 =     0.361 , Out:   0.000#   0.268#   4.050#   4.431#   0.361f
 Reaction Xsec    15.5-/18 @ 6 =     0.071 , Out:   0.000#   0.017#   0.098#   0.121#   0.071f

 Total SPIN, PARITY =    16.5 +,     33 chs,      6 cc.  Rmin & Coul turning =    2.5    9.5
 Reaction Xsec    16.5+/15 @ 1 =     0.859 , Out:   0.000#   0.027#   0.000#   0.030#   0.859f
 Reaction Xsec    16.5+/15 @ 2 =     0.859 , Out:   0.000#   4.449#   0.010#   4.884#   0.859f
 Reaction Xsec    16.5+/17 @ 3 =     0.170 , Out:   0.000#   0.317#   0.000#   0.341#   0.170f
 Reaction Xsec    16.5+/17 @ 4 =     0.170 , Out:   0.000#   0.225#   0.006#   0.181#   0.170f
 Reaction Xsec    16.5+/17 @ 5 =     0.170 , Out:   0.000#   0.077#   0.709#   0.813#   0.170f
 Reaction Xsec    16.5+/19 @ 6 =     0.033 , Out:   0.000#   0.003#   0.012#   0.016#   0.033f

 Total SPIN, PARITY =    16.5 -,     33 chs,      6 cc.  Rmin & Coul turning =    2.5    9.5
 Reaction Xsec    16.5-/14 @ 1 =     1.889 , Out:   0.000#   0.003#   0.000#   0.003#   1.889f
 Reaction Xsec    16.5-/16 @ 2 =     0.384 , Out:   0.000#   0.009#   0.000#   0.009#   0.384f
 Reaction Xsec    16.5-/16 @ 3 =     0.384 , Out:   0.000#   1.204#   0.002#   1.305#   0.384f
 Reaction Xsec    16.5-/16 @ 4 =     0.384 , Out:   0.000#   0.855#   0.014#   0.649#   0.384f
 Reaction Xsec    16.5-/18 @ 5 =     0.075 , Out:   0.000#   0.051#   0.001#   0.042#   0.075f
 Reaction Xsec    16.5-/18 @ 6 =     0.075 , Out:   0.000#   0.018#   0.104#   0.128#   0.075f

 Total SPIN, PARITY =    17.5 +,     33 chs,      6 cc.  Rmin & Coul turning =    2.7   10.1
 Reaction Xsec    17.5+/15 @ 1 =     0.910 , Out:   0.000#   0.001#   0.000#   0.002#   0.910f
 Reaction Xsec    17.5+/17 @ 2 =     0.180 , Out:   0.000#   0.004#   0.000#   0.004#   0.180f
 Reaction Xsec    17.5+/17 @ 3 =     0.180 , Out:   0.000#   0.334#   0.000#   0.359#   0.180f
 Reaction Xsec    17.5+/17 @ 4 =     0.180 , Out:   0.000#   0.239#   0.003#   0.189#   0.180f
 Reaction Xsec    17.5+/19 @ 5 =     0.035 , Out:   0.000#   0.009#   0.000#   0.007#   0.035f
 Reaction Xsec    17.5+/19 @ 6 =     0.035 , Out:   0.000#   0.003#   0.013#   0.017#   0.035f

 Total SPIN, PARITY =    17.5 -,     33 chs,      6 cc.  Rmin & Coul turning =    2.7   10.1
 Reaction Xsec    17.5-/16 @ 1 =     0.407 , Out:   0.000#   0.009#   0.000#   0.010#   0.407f
 Reaction Xsec    17.5-/16 @ 2 =     0.407 , Out:   0.000#   1.278#   0.002#   1.387#   0.407f
 Reaction Xsec    17.5-/18 @ 3 =     0.079 , Out:   0.000#   0.075#   0.000#   0.080#   0.079f
 Reaction Xsec    17.5-/18 @ 4 =     0.079 , Out:   0.000#   0.054#   0.001#   0.044#   0.079f
 Reaction Xsec    17.5-/18 @ 5 =     0.079 , Out:   0.000#   0.019#   0.110#   0.135#   0.079f
 Reaction Xsec    17.5-/20 @ 6 =     0.015 , Out:   0.000#   0.000#   0.001#   0.001#   0.015f

 Total SPIN, PARITY =    18.5 +,     33 chs,      6 cc.  Rmin & Coul turning =    2.8   10.6
0****** WARNING : ACCURACY LOSS IN ERWIN = 14.4 DIGITS, SO EXPECT ERRORS OF   0.0000 % OF UNITARITY

   249946459682768.41        2639310.9794542408        2.2204460492503131E-016
 Reaction Xsec    18.5+/17 @ 1 =     0.190 , Out:   0.000#   0.004#   0.000#   0.004#   0.190f
 Reaction Xsec    18.5+/17 @ 2 =     0.190 , Out:   0.000#   0.354#   0.001#   0.380#   0.190f
 Reaction Xsec    18.5+/19 @ 3 =     0.037 , Out:   0.000#   0.013#   0.000#   0.014#   0.037f
 Reaction Xsec    18.5+/19 @ 4 =     0.037 , Out:   0.000#   0.010#   0.000#   0.008#   0.037f
 Reaction Xsec    18.5+/19 @ 5 =     0.037 , Out:   0.000#   0.004#   0.014#   0.018#   0.037f
 Reaction Xsec    18.5+/21 @ 6 =     7.085/, Out:   0.000#   0.000#   0.000#   0.000#   0.007f

 Total SPIN, PARITY =    18.5 -,     33 chs,      6 cc.  Rmin & Coul turning =    2.8   10.6
 Reaction Xsec    18.5-/16 @ 1 =     0.429 , Out:   0.000#   0.002#   0.000#   0.003#   0.429f
0****** WARNING : ACCURACY LOSS IN ERWIN = 14.4 DIGITS, SO EXPECT ERRORS OF   0.0000 % OF UNITARITY

   272290780000987.47        9088289.8916280884        2.2204460492503131E-016
 Reaction Xsec    18.5-/18 @ 2 =     0.084 , Out:   0.000#   0.001#   0.000#   0.002#   0.084f
0****** WARNING : ACCURACY LOSS IN ERWIN = 14.3 DIGITS, SO EXPECT ERRORS OF   0.0000 % OF UNITARITY

   200994193350716.84        591703.99730602314        2.2204460492503131E-016
 Reaction Xsec    18.5-/18 @ 3 =     0.084 , Out:   0.000#   0.079#   0.000#   0.084#   0.084f
 Reaction Xsec    18.5-/18 @ 4 =     0.084 , Out:   0.000#   0.057#   0.001#   0.046#   0.084f
 Reaction Xsec    18.5-/20 @ 5 =     0.016 , Out:   0.000#   0.001#   0.000#   0.001#   0.016f
 Reaction Xsec    18.5-/20 @ 6 =     0.016 , Out:   0.000#   0.000#   0.001#   0.002#   0.016f

 Total SPIN, PARITY =    19.5 +,     33 chs,      6 cc.  Rmin & Coul turning =    3.0   11.2
 Reaction Xsec    19.5+/17 @ 1 =     0.200 , Out:   0.000#   0.002#   0.000#   0.002#   0.200f
 Reaction Xsec    19.5+/19 @ 2 =     0.039 , Out:   0.000#   0.000#   0.000#   0.000#   0.039f
 Reaction Xsec    19.5+/19 @ 3 =     0.039 , Out:   0.000#   0.014#   0.000#   0.015#   0.039f
 Reaction Xsec    19.5+/19 @ 4 =     0.039 , Out:   0.000#   0.010#   0.000#   0.008#   0.039f
 Reaction Xsec    19.5+/21 @ 5 =     7.458/, Out:   0.000#   0.000#   0.000#   0.000#   0.007f
 Reaction Xsec    19.5+/21 @ 6 =     7.458/, Out:   0.000#   0.000#   0.000#   0.000#   0.007f

 Total SPIN, PARITY =    19.5 -,     33 chs,      6 cc.  Rmin & Coul turning =    3.0   11.2
 Reaction Xsec    19.5-/18 @ 1 =     0.088 , Out:   0.000#   0.002#   0.000#   0.002#   0.088f
0****** WARNING : ACCURACY LOSS IN ERWIN = 14.3 DIGITS, SO EXPECT ERRORS OF   0.0000 % OF UNITARITY

   212195182675360.53        579019.72536024312        2.2204460492503131E-016
 Reaction Xsec    19.5-/18 @ 2 =     0.088 , Out:   0.000#   0.084#   0.000#   0.089#   0.088f
 Reaction Xsec    19.5-/20 @ 3 =     0.017 , Out:   0.000#   0.001#   0.000#   0.001#   0.017f
 Reaction Xsec    19.5-/20 @ 4 =     0.017 , Out:   0.000#   0.001#   0.000#   0.001#   0.017f
 Reaction Xsec    19.5-/20 @ 5 =     0.017 , Out:   0.000#   0.000#   0.001#   0.002#   0.017f
 Reaction Xsec    19.5-/22 @ 6 =     3.266/, Out:   0.000#   0.000#   0.000#   0.000#   0.003f

 Total SPIN, PARITY =    20.5 +,     33 chs,      6 cc.  Rmin & Coul turning =    3.2   11.7
0****** WARNING : ACCURACY LOSS IN ERWIN = 14.7 DIGITS, SO EXPECT ERRORS OF   0.0000 % OF UNITARITY

   457271264490385.69        7295313.9622343117        2.2204460492503131E-016
 Reaction Xsec    20.5+/19 @ 1 =     0.041 , Out:   0.000#   0.000#   0.000#   0.000#   0.041f
0****** WARNING : ACCURACY LOSS IN ERWIN = 14.4 DIGITS, SO EXPECT ERRORS OF   0.0000 % OF UNITARITY

   230452703678280.34        436767.10270451184        2.2204460492503131E-016
 Reaction Xsec    20.5+/19 @ 2 =     0.041 , Out:   0.000#   0.015#   0.000#   0.015#   0.041f
 Reaction Xsec    20.5+/21 @ 3 =     7.831/, Out:   0.000#   0.000#   0.000#   0.000#   0.008f
 Reaction Xsec    20.5+/21 @ 4 =     7.831/, Out:   0.000#   0.000#   0.000#   0.000#   0.008f
 Reaction Xsec    20.5+/21 @ 5 =     7.831/, Out:   0.000#   0.000#   0.000#   0.000#   0.008f
 Reaction Xsec    20.5+/23 @ 6 =     1.500/, Out:   0.000#   0.000#   0.000#   0.000#   0.002f

 Total SPIN, PARITY =    20.5 -,     33 chs,      6 cc.  Rmin & Coul turning =    3.2   11.7
0****** WARNING : ACCURACY LOSS IN ERWIN = 14.7 DIGITS, SO EXPECT ERRORS OF   0.0000 % OF UNITARITY

   463004748540789.88        2766986.2053841348        2.2204460492503131E-016
 Reaction Xsec    20.5-/18 @ 1 =     0.093 , Out:   0.000#   0.001#   0.000#   0.001#   0.093f
 Reaction Xsec    20.5-/20 @ 2 =     0.018 , Out:   0.000#   0.000#   0.000#   0.000#   0.018f
 Reaction Xsec    20.5-/20 @ 3 =     0.018 , Out:   0.000#   0.001#   0.000#   0.001#   0.018f
 Reaction Xsec    20.5-/20 @ 4 =     0.018 , Out:   0.000#   0.001#   0.000#   0.001#   0.018f
 Reaction Xsec    20.5-/22 @ 5 =     3.429/, Out:   0.000#   0.000#   0.000#   0.000#   0.003f
 Reaction Xsec    20.5-/22 @ 6 =     3.429/, Out:   0.000#   0.000#   0.000#   0.000#   0.003f

 Total SPIN, PARITY =    21.5 +,     33 chs,      6 cc.  Rmin & Coul turning =    3.3   12.3
0****** WARNING : ACCURACY LOSS IN ERWIN = 14.8 DIGITS, SO EXPECT ERRORS OF   0.0000 % OF UNITARITY

   566572260276334.62        2720915.4064068380        2.2204460492503131E-016
 Reaction Xsec    21.5+/19 @ 1 =     0.043 , Out:   0.000#   0.000#   0.000#   0.000#   0.043f
 Reaction Xsec    21.5+/21 @ 2 =     8.204/, Out:   0.000#   0.000#   0.000#   0.000#   0.008f
0****** WARNING : ACCURACY LOSS IN ERWIN = 14.4 DIGITS, SO EXPECT ERRORS OF   0.0000 % OF UNITARITY

   252541736656262.97        1286986.9847706272        2.2204460492503131E-016
 Reaction Xsec    21.5+/21 @ 3 =     8.204/, Out:   0.000#   0.000#   0.000#   0.000#   0.008f
 Reaction Xsec    21.5+/21 @ 4 =     8.204/, Out:   0.000#   0.000#   0.000#   0.000#   0.008f
 Reaction Xsec    21.5+/23 @ 5 =     1.572/, Out:   0.000#   0.000#   0.000#   0.000#   0.002f
 Reaction Xsec    21.5+/23 @ 6 =     1.572/, Out:   0.000#   0.000#   0.000#   0.000#   0.002f

 Total SPIN, PARITY =    21.5 -,     33 chs,      6 cc.  Rmin & Coul turning =    3.3   12.3
 Reaction Xsec    21.5-/20 @ 1 =     0.019 , Out:   0.000#   0.000#   0.000#   0.000#   0.019f
 Reaction Xsec    21.5-/20 @ 2 =     0.019 , Out:   0.000#   0.001#   0.000#   0.001#   0.019f
 Reaction Xsec    21.5-/22 @ 3 =     3.592/, Out:   0.000#   0.000#   0.000#   0.000#   0.004f
 Reaction Xsec    21.5-/22 @ 4 =     3.592/, Out:   0.000#   0.000#   0.000#   0.000#   0.004f
 Reaction Xsec    21.5-/22 @ 5 =     3.592/, Out:   0.000#   0.000#   0.000#   0.000#   0.004f
 Reaction Xsec    21.5-/24 @ 6 =     0.687/, Out:   0.000#   0.000#   0.000#   0.000#   0.001f

 Total SPIN, PARITY =    22.5 +,     33 chs,      6 cc.  Rmin & Coul turning =    3.5   12.8
0****** WARNING : ACCURACY LOSS IN ERWIN = 14.2 DIGITS, SO EXPECT ERRORS OF   0.0000 % OF UNITARITY

   161478241642087.91        16170413.438697945        2.2204460492503131E-016
 Reaction Xsec    22.5+/21 @ 1 =     8.577/, Out:   0.000#   0.000#   0.000#   0.000#   0.009f
0****** WARNING : ACCURACY LOSS IN ERWIN = 14.3 DIGITS, SO EXPECT ERRORS OF   0.0000 % OF UNITARITY

   212778794686642.19        1286512.5006849917        2.2204460492503131E-016
 Reaction Xsec    22.5+/21 @ 2 =     8.577/, Out:   0.000#   0.000#   0.000#   0.000#   0.009f
0****** WARNING : ACCURACY LOSS IN ERWIN = 14.4 DIGITS, SO EXPECT ERRORS OF   0.0000 % OF UNITARITY

   240605145751164.84        7749358.3285724334        2.2204460492503131E-016
 Reaction Xsec    22.5+/23 @ 3 =     1.643/, Out:   0.000#   0.000#   0.000#   0.000#   0.002f
 Reaction Xsec    22.5+/23 @ 4 =     1.643/, Out:   0.000#   0.000#   0.000#   0.000#   0.002f
0****** WARNING : ACCURACY LOSS IN ERWIN = 14.3 DIGITS, SO EXPECT ERRORS OF   0.0000 % OF UNITARITY

   208087346837627.50        459377.66424727929        2.2204460492503131E-016
 Reaction Xsec    22.5+/23 @ 5 =     1.643/, Out:   0.000#   0.000#   0.000#   0.000#   0.002f
 Reaction Xsec    22.5+/25 @ 6 =     0.314/, Out:   0.000#   0.000#   0.000#   0.000#   0.000f

 Total SPIN, PARITY =    22.5 -,     33 chs,      6 cc.  Rmin & Coul turning =    3.5   12.8
 Reaction Xsec    22.5-/20 @ 1 =     0.020 , Out:   0.000#   0.000#   0.000#   0.000#   0.020f
 Reaction Xsec    22.5-/22 @ 2 =     3.756/, Out:   0.000#   0.000#   0.000#   0.000#   0.004f
0****** WARNING : ACCURACY LOSS IN ERWIN = 14.7 DIGITS, SO EXPECT ERRORS OF   0.0000 % OF UNITARITY

   518298797329036.62        1984569.1675568158        2.2204460492503131E-016
 Reaction Xsec    22.5-/22 @ 3 =     3.756/, Out:   0.000#   0.000#   0.000#   0.000#   0.004f
0****** WARNING : ACCURACY LOSS IN ERWIN = 14.6 DIGITS, SO EXPECT ERRORS OF   0.0000 % OF UNITARITY

   382469586920888.50        149744.47202974046        2.2204460492503131E-016
 Reaction Xsec    22.5-/22 @ 4 =     3.756/, Out:   0.000#   0.000#   0.000#   0.000#   0.004f
0****** WARNING : ACCURACY LOSS IN ERWIN = 14.5 DIGITS, SO EXPECT ERRORS OF   0.0000 % OF UNITARITY

   289508298801873.56        27192840.361640487        2.2204460492503131E-016
 Reaction Xsec    22.5-/24 @ 5 =     0.718/, Out:   0.000#   0.000#   0.000#   0.000#   0.001f
0****** WARNING : ACCURACY LOSS IN ERWIN = 14.7 DIGITS, SO EXPECT ERRORS OF   0.0000 % OF UNITARITY

   456424585042913.69        1414848.9523960536        2.2204460492503131E-016
 Reaction Xsec    22.5-/24 @ 6 =     0.718/, Out:   0.000#   0.000#   0.000#   0.000#   0.001f

 Total SPIN, PARITY =    23.5 +,     33 chs,      6 cc.  Rmin & Coul turning =    3.6   13.4
0****** WARNING : ACCURACY LOSS IN ERWIN = 14.2 DIGITS, SO EXPECT ERRORS OF   0.0000 % OF UNITARITY

   170691331586103.31        5575405.5308363736        2.2204460492503131E-016
 Reaction Xsec    23.5+/21 @ 1 =     8.950/, Out:   0.000#   0.000#   0.000#   0.000#   0.009f
0****** WARNING : ACCURACY LOSS IN ERWIN = 14.4 DIGITS, SO EXPECT ERRORS OF   0.0000 % OF UNITARITY

   274011781880438.44        192247406.37040013        2.2204460492503131E-016
 Reaction Xsec    23.5+/23 @ 2 =     1.714/, Out:   0.000#   0.000#   0.000#   0.000#   0.002f
0****** WARNING : ACCURACY LOSS IN ERWIN = 14.5 DIGITS, SO EXPECT ERRORS OF   0.0000 % OF UNITARITY

   299706802374316.06        10133443.180807063        2.2204460492503131E-016
 Reaction Xsec    23.5+/23 @ 3 =     1.714/, Out:   0.000#   0.000#   0.000#   0.000#   0.002f
0****** WARNING : ACCURACY LOSS IN ERWIN = 15.0 DIGITS, SO EXPECT ERRORS OF   0.0000 % OF UNITARITY

   905632339064493.50        3195600.4535872643        2.2204460492503131E-016
 Reaction Xsec    23.5+/23 @ 4 =     1.714/, Out:   0.000#   0.000#   0.000#   0.000#   0.002f
0****** WARNING : ACCURACY LOSS IN ERWIN = 14.7 DIGITS, SO EXPECT ERRORS OF   0.0000 % OF UNITARITY

   507719116521213.44        102672512.11815092        2.2204460492503131E-016
 Reaction Xsec    23.5+/25 @ 5 =     0.327/, Out:   0.000#   0.000#   0.000#   0.000#   0.000f
0****** WARNING : ACCURACY LOSS IN ERWIN = 14.5 DIGITS, SO EXPECT ERRORS OF   0.0000 % OF UNITARITY

   338023905083591.94        5046116.8145231456        2.2204460492503131E-016
 Reaction Xsec    23.5+/25 @ 6 =     0.327/, Out:   0.000#   0.000#   0.000#   0.000#   0.000f

 Total SPIN, PARITY =    23.5 -,     33 chs,      6 cc.  Rmin & Coul turning =    3.6   13.4
0****** WARNING : ACCURACY LOSS IN ERWIN = 14.2 DIGITS, SO EXPECT ERRORS OF   0.0000 % OF UNITARITY

   167613465990563.62        37833283.850751355        2.2204460492503131E-016
 Reaction Xsec    23.5-/22 @ 1 =     3.919/, Out:   0.000#   0.000#   0.000#   0.000#   0.004f
0****** WARNING : ACCURACY LOSS IN ERWIN = 14.3 DIGITS, SO EXPECT ERRORS OF   0.0000 % OF UNITARITY

   200959800856623.34        1954498.7014215356        2.2204460492503131E-016
 Reaction Xsec    23.5-/22 @ 2 =     3.919/, Out:   0.000#   0.000#   0.000#   0.000#   0.004f
0****** WARNING : ACCURACY LOSS IN ERWIN = 14.5 DIGITS, SO EXPECT ERRORS OF   0.0000 % OF UNITARITY

   285593448265639.38        24354152.170734514        2.2204460492503131E-016
 Reaction Xsec    23.5-/24 @ 3 =     0.749/, Out:   0.000#   0.000#   0.000#   0.000#   0.001f
0****** WARNING : ACCURACY LOSS IN ERWIN = 14.4 DIGITS, SO EXPECT ERRORS OF   0.0000 % OF UNITARITY

   263328074577957.22        27018276.524141904        2.2204460492503131E-016
 Reaction Xsec    23.5-/24 @ 4 =     0.749/, Out:   0.000#   0.000#   0.000#   0.000#   0.001f
0****** WARNING : ACCURACY LOSS IN ERWIN = 14.7 DIGITS, SO EXPECT ERRORS OF   0.0000 % OF UNITARITY

   455343703668294.12        1371872.4972938055        2.2204460492503131E-016
 Reaction Xsec    23.5-/24 @ 5 =     0.749/, Out:   0.000#   0.000#   0.000#   0.000#   0.001f
 Reaction Xsec    23.5-/26 @ 6 =     0.143/, Out:   0.000#   0.000#   0.000#   0.000#   0.000f

 Total SPIN, PARITY =    24.5 +,     33 chs,      6 cc.  Rmin & Coul turning =    3.8   13.9
0****** WARNING : ACCURACY LOSS IN ERWIN = 14.4 DIGITS, SO EXPECT ERRORS OF   0.0000 % OF UNITARITY

   266417354442017.69        194910081.23762575        2.2204460492503131E-016
 Reaction Xsec    24.5+/23 @ 1 =     1.786/, Out:   0.000#   0.000#   0.000#   0.000#   0.002f
0****** WARNING : ACCURACY LOSS IN ERWIN = 14.6 DIGITS, SO EXPECT ERRORS OF   0.0000 % OF UNITARITY

   400057592470844.44        9730714.9153033979        2.2204460492503131E-016
 Reaction Xsec    24.5+/23 @ 2 =     1.786/, Out:   0.000#   0.000#   0.000#   0.000#   0.002f
0****** WARNING : ACCURACY LOSS IN ERWIN = 15.2 DIGITS, SO EXPECT ERRORS OF   0.0000 % OF UNITARITY

   1775892987348971.5        89333421.045253068        2.2204460492503131E-016
 Reaction Xsec    24.5+/25 @ 3 =     0.341/, Out:   0.000#   0.000#   0.000#   0.000#   0.000f
0****** WARNING : ACCURACY LOSS IN ERWIN = 14.8 DIGITS, SO EXPECT ERRORS OF   0.0000 % OF UNITARITY

   657045647447337.62        102822052.45667286        2.2204460492503131E-016
 Reaction Xsec    24.5+/25 @ 4 =     0.341/, Out:   0.000#   0.000#   0.000#   0.000#   0.000f
0****** WARNING : ACCURACY LOSS IN ERWIN = 14.8 DIGITS, SO EXPECT ERRORS OF   0.0000 % OF UNITARITY

   654448883983071.38        4934647.7186763352        2.2204460492503131E-016
 Reaction Xsec    24.5+/25 @ 5 =     0.341/, Out:   0.000#   0.000#   0.000#   0.000#   0.000f
0****** WARNING : ACCURACY LOSS IN ERWIN = 14.6 DIGITS, SO EXPECT ERRORS OF   0.0000 % OF UNITARITY

   370745825792645.75        6702843.8145710519        2.2204460492503131E-016
 Reaction Xsec    24.5+/27 @ 6 =     0.065/, Out:   0.000#   0.000#   0.000#   0.000#   0.000f

 Total SPIN, PARITY =    24.5 -,     33 chs,      6 cc.  Rmin & Coul turning =    3.8   13.9
0****** WARNING : ACCURACY LOSS IN ERWIN = 14.8 DIGITS, SO EXPECT ERRORS OF   0.0000 % OF UNITARITY

   602633690564437.12        4359650.4061811417        2.2204460492503131E-016
 Reaction Xsec    24.5-/22 @ 1 =     4.082/, Out:   0.000#   0.000#   0.000#   0.000#   0.004f
0****** WARNING : ACCURACY LOSS IN ERWIN = 14.3 DIGITS, SO EXPECT ERRORS OF   0.0000 % OF UNITARITY

   192968174954168.25        135623386.35835350        2.2204460492503131E-016
 Reaction Xsec    24.5-/24 @ 2 =     0.781/, Out:   0.000#   0.000#   0.000#   0.000#   0.001f
0****** WARNING : ACCURACY LOSS IN ERWIN = 15.0 DIGITS, SO EXPECT ERRORS OF   0.0000 % OF UNITARITY

   992519970644805.38        6705440.8422921142        2.2204460492503131E-016
 Reaction Xsec    24.5-/24 @ 3 =     0.781/, Out:   0.000#   0.000#   0.000#   0.000#   0.001f
0****** WARNING : ACCURACY LOSS IN ERWIN = 14.5 DIGITS, SO EXPECT ERRORS OF   0.0000 % OF UNITARITY

   296805296202142.56        696931.07992773072        2.2204460492503131E-016
 Reaction Xsec    24.5-/24 @ 4 =     0.781/, Out:   0.000#   0.000#   0.000#   0.000#   0.001f
 Reaction Xsec    24.5-/26 @ 5 =     0.149/, Out:   0.000#   0.000#   0.000#   0.000#   0.000f
 Reaction Xsec    24.5-/26 @ 6 =     0.149/, Out:   0.000#   0.000#   0.000#   0.000#   0.000f

 Total SPIN, PARITY =    25.5 +,     33 chs,      6 cc.  Rmin & Coul turning =    4.0   14.5
0****** WARNING : ACCURACY LOSS IN ERWIN = 14.6 DIGITS, SO EXPECT ERRORS OF   0.0000 % OF UNITARITY

   412575132893562.31        65589905.662578203        2.2204460492503131E-016
 Reaction Xsec    25.5+/23 @ 1 =     1.857/, Out:   0.000#   0.000#   0.000#   0.000#   0.002f
0****** WARNING : ACCURACY LOSS IN ERWIN = 14.5 DIGITS, SO EXPECT ERRORS OF   0.0000 % OF UNITARITY

   330517146456516.75        194472648.37797281        2.2204460492503131E-016
 Reaction Xsec    25.5+/25 @ 2 =     0.355/, Out:   0.000#   0.000#   0.001#   0.001#   0.000f
0****** WARNING : ACCURACY LOSS IN ERWIN = 14.6 DIGITS, SO EXPECT ERRORS OF   0.0000 % OF UNITARITY

   414288550656949.25        33105880.156720586        2.2204460492503131E-016
 Reaction Xsec    25.5+/25 @ 3 =     0.355/, Out:   0.000#   0.000#   0.000#   0.000#   0.000f
0****** WARNING : ACCURACY LOSS IN ERWIN = 14.8 DIGITS, SO EXPECT ERRORS OF   0.0000 % OF UNITARITY

   632576939541013.25        37478402.030911073        2.2204460492503131E-016
 Reaction Xsec    25.5+/25 @ 4 =     0.355/, Out:   0.000#   0.000#   0.000#   0.000#   0.000f
0****** WARNING : ACCURACY LOSS IN ERWIN = 14.5 DIGITS, SO EXPECT ERRORS OF   0.0000 % OF UNITARITY

   309489216405313.00        103366440.42305914        2.2204460492503131E-016
 Reaction Xsec    25.5+/27 @ 5 =     0.068/, Out:   0.000#   0.001#   0.000#   0.000#   0.000f
0****** WARNING : ACCURACY LOSS IN ERWIN = 15.0 DIGITS, SO EXPECT ERRORS OF   0.0000 % OF UNITARITY

   1007864677990320.9        4737976.0928479368        2.2204460492503131E-016
 Reaction Xsec    25.5+/27 @ 6 =     0.068/, Out:   0.000#   0.000#   0.000#   0.000#   0.000f

 Total SPIN, PARITY =    25.5 -,     33 chs,      6 cc.  Rmin & Coul turning =    4.0   14.5
0****** WARNING : ACCURACY LOSS IN ERWIN = 14.6 DIGITS, SO EXPECT ERRORS OF   0.0000 % OF UNITARITY

   384282469327272.38        133784769.29966280        2.2204460492503131E-016
 Reaction Xsec    25.5-/24 @ 1 =     0.812/, Out:   0.000#   0.000#   0.000#   0.000#   0.001f
0****** WARNING : ACCURACY LOSS IN ERWIN = 14.4 DIGITS, SO EXPECT ERRORS OF   0.0000 % OF UNITARITY

   231972886112257.34        6589770.9217471899        2.2204460492503131E-016
 Reaction Xsec    25.5-/24 @ 2 =     0.812/, Out:   0.000#   0.000#   0.000#   0.000#   0.001f
 Reaction Xsec    25.5-/26 @ 3 =     0.155/, Out:   0.000#   0.000#   0.000#   0.000#   0.000f
0****** WARNING : ACCURACY LOSS IN ERWIN = 14.3 DIGITS, SO EXPECT ERRORS OF   0.0000 % OF UNITARITY

   182735515190597.03        50450353.963061638        2.2204460492503131E-016
 Reaction Xsec    25.5-/26 @ 4 =     0.155/, Out:   0.000#   0.000#   0.000#   0.000#   0.000f
 Reaction Xsec    25.5-/26 @ 5 =     0.155/, Out:   0.000#   0.000#   0.000#   0.000#   0.000f
0****** WARNING : ACCURACY LOSS IN ERWIN = 14.2 DIGITS, SO EXPECT ERRORS OF   0.0000 % OF UNITARITY

   153605140035154.94        2736424.4730773545        2.2204460492503131E-016
 Reaction Xsec    25.5-/28 @ 6 =     0.029/, Out:   0.000#   0.000#   0.000#   0.000#   0.000f

 Total SPIN, PARITY =    26.5 +,     33 chs,      6 cc.  Rmin & Coul turning =    4.1   15.0
0****** WARNING : ACCURACY LOSS IN ERWIN = 14.7 DIGITS, SO EXPECT ERRORS OF   0.0000 % OF UNITARITY

   522196176251035.81        193469361.45045623        2.2204460492503131E-016
 Reaction Xsec    26.5+/25 @ 1 =     0.368/, Out:   0.000#   0.000#   0.002#   0.002#   0.000f
0****** WARNING : ACCURACY LOSS IN ERWIN = 14.8 DIGITS, SO EXPECT ERRORS OF   0.0000 % OF UNITARITY

   699840423129060.50        32899881.596726872        2.2204460492503131E-016
 Reaction Xsec    26.5+/25 @ 2 =     0.368/, Out:   0.000#   0.000#   0.000#   0.000#   0.000f
0****** WARNING : ACCURACY LOSS IN ERWIN = 14.3 DIGITS, SO EXPECT ERRORS OF   0.0000 % OF UNITARITY

   209637674767656.59        90654689.521868587        2.2204460492503131E-016
 Reaction Xsec    26.5+/27 @ 3 =     0.070/, Out:   0.000#   0.000#   0.000#   0.000#   0.000f
0****** WARNING : ACCURACY LOSS IN ERWIN = 14.7 DIGITS, SO EXPECT ERRORS OF   0.0000 % OF UNITARITY

   561175905580468.94        102579825.39565811        2.2204460492503131E-016
 Reaction Xsec    26.5+/27 @ 4 =     0.070/, Out:   0.000#   0.001#   0.000#   0.001#   0.000f
0****** WARNING : ACCURACY LOSS IN ERWIN = 14.8 DIGITS, SO EXPECT ERRORS OF   0.0000 % OF UNITARITY

   587080117715689.88        4635044.0728795445        2.2204460492503131E-016
 Reaction Xsec    26.5+/27 @ 5 =     0.070/, Out:   0.000#   0.000#   0.000#   0.000#   0.000f
0****** WARNING : ACCURACY LOSS IN ERWIN = 14.4 DIGITS, SO EXPECT ERRORS OF   0.0000 % OF UNITARITY

   228001562617773.16        6266410.5944542661        2.2204460492503131E-016
 Reaction Xsec    26.5+/29 @ 6 =     0.013/, Out:   0.000#   0.000#   0.000#   0.000#   0.000f

 Total SPIN, PARITY =    26.5 -,     33 chs,      6 cc.  Rmin & Coul turning =    4.1   15.0
0****** WARNING : ACCURACY LOSS IN ERWIN = 14.2 DIGITS, SO EXPECT ERRORS OF   0.0000 % OF UNITARITY

   141658115843671.31        40257253.674285568        2.2204460492503131E-016
 Reaction Xsec    26.5-/24 @ 1 =     0.843/, Out:   0.000#   0.000#   0.000#   0.000#   0.001f
0****** WARNING : ACCURACY LOSS IN ERWIN = 14.2 DIGITS, SO EXPECT ERRORS OF   0.0001 % OF UNITARITY

   163049407357360.81        1792527912.3840268        2.2204460492503131E-016
 Reaction Xsec    26.5-/26 @ 2 =     0.161/, Out:   0.000#   0.000#   0.007#   0.007#   0.000f
 Reaction Xsec    26.5-/26 @ 3 =     0.161/, Out:   0.000#   0.000#   0.000#   0.000#   0.000f
0****** WARNING : ACCURACY LOSS IN ERWIN = 14.3 DIGITS, SO EXPECT ERRORS OF   0.0000 % OF UNITARITY

   206067802631450.28        18259870.907806467        2.2204460492503131E-016
 Reaction Xsec    26.5-/26 @ 4 =     0.161/, Out:   0.000#   0.000#   0.000#   0.000#   0.000f
0****** WARNING : ACCURACY LOSS IN ERWIN = 14.9 DIGITS, SO EXPECT ERRORS OF   0.0000 % OF UNITARITY

   722329202830219.00        696266961.23549068        2.2204460492503131E-016
 Reaction Xsec    26.5-/28 @ 5 =     0.031/, Out:   0.000#   0.007#   0.000#   0.000#   0.000f
0****** WARNING : ACCURACY LOSS IN ERWIN = 14.5 DIGITS, SO EXPECT ERRORS OF   0.0000 % OF UNITARITY

   332642388389143.19        31083835.155367248        2.2204460492503131E-016
 Reaction Xsec    26.5-/28 @ 6 =     0.031/, Out:   0.000#   0.000#   0.000#   0.000#   0.000f

 Total SPIN, PARITY =    27.5 +,     33 chs,      6 cc.  Rmin & Coul turning =    4.3   15.6
0****** WARNING : ACCURACY LOSS IN ERWIN = 15.4 DIGITS, SO EXPECT ERRORS OF   0.0000 % OF UNITARITY

   2568122715535848.0        23180423.572002374        2.2204460492503131E-016
 Reaction Xsec    27.5+/25 @ 1 =     0.382/, Out:   0.000#   0.000#   0.000#   0.000#   0.000f
0****** WARNING : ACCURACY LOSS IN ERWIN = 14.6 DIGITS, SO EXPECT ERRORS OF   0.0001 % OF UNITARITY

   369040813317706.25        1680830084.4774747        2.2204460492503131E-016
 Reaction Xsec    27.5+/27 @ 2 =     0.073/, Out:   0.000#   0.000#   0.001#   0.001#   0.000f
0****** WARNING : ACCURACY LOSS IN ERWIN = 14.6 DIGITS, SO EXPECT ERRORS OF   0.0000 % OF UNITARITY

   402746160156630.25        73226075.087850675        2.2204460492503131E-016
 Reaction Xsec    27.5+/27 @ 3 =     0.073/, Out:   0.000#   0.000#   0.000#   0.000#   0.000f
0****** WARNING : ACCURACY LOSS IN ERWIN = 14.7 DIGITS, SO EXPECT ERRORS OF   0.0000 % OF UNITARITY

   524646039246089.62        15046928.348692117        2.2204460492503131E-016
 Reaction Xsec    27.5+/27 @ 4 =     0.073/, Out:   0.000#   0.000#   0.000#   0.000#   0.000f
0****** WARNING : ACCURACY LOSS IN ERWIN = 14.2 DIGITS, SO EXPECT ERRORS OF   0.0000 % OF UNITARITY

   169882115401658.22        493746784.13386911        2.2204460492503131E-016
 Reaction Xsec    27.5+/29 @ 5 =     0.014/, Out:   0.000#   0.001#   0.000#   0.001#   0.000f
0****** WARNING : ACCURACY LOSS IN ERWIN = 14.4 DIGITS, SO EXPECT ERRORS OF   0.0000 % OF UNITARITY

   266367515136957.41        21224044.379236672        2.2204460492503131E-016
 Reaction Xsec    27.5+/29 @ 6 =     0.014/, Out:   0.000#   0.000#   0.000#   0.000#   0.000f

 Total SPIN, PARITY =    27.5 -,     33 chs,      6 cc.  Rmin & Coul turning =    4.3   15.6
0****** WARNING : ACCURACY LOSS IN ERWIN = 14.3 DIGITS, SO EXPECT ERRORS OF   0.0001 % OF UNITARITY

   222516259056328.06        1770422396.0018466        2.2204460492503131E-016
 Reaction Xsec    27.5-/26 @ 1 =     0.167/, Out:   0.000#   0.000#   0.010#   0.010#   0.000f
0****** WARNING : ACCURACY LOSS IN ERWIN = 14.5 DIGITS, SO EXPECT ERRORS OF   0.0000 % OF UNITARITY

   311150573286824.44        79908872.289487347        2.2204460492503131E-016
 Reaction Xsec    27.5-/26 @ 2 =     0.167/, Out:   0.000#   0.000#   0.000#   0.000#   0.000f
0****** WARNING : ACCURACY LOSS IN ERWIN = 14.5 DIGITS, SO EXPECT ERRORS OF   0.0000 % OF UNITARITY

   301503791377947.69        624968992.60433114        2.2204460492503131E-016
 Reaction Xsec    27.5-/28 @ 3 =     0.032/, Out:   0.000#   0.004#   0.000#   0.000#   0.000f
0****** WARNING : ACCURACY LOSS IN ERWIN = 14.7 DIGITS, SO EXPECT ERRORS OF   0.0001 % OF UNITARITY

   530897200560737.62        755158770.52406836        2.2204460492503131E-016
 Reaction Xsec    27.5-/28 @ 4 =     0.032/, Out:   0.000#   0.002#   0.000#   0.000#   0.000f
0****** WARNING : ACCURACY LOSS IN ERWIN = 14.9 DIGITS, SO EXPECT ERRORS OF   0.0000 % OF UNITARITY

   719591679492081.00        30974394.122326795        2.2204460492503131E-016
 Reaction Xsec    27.5-/28 @ 5 =     0.032/, Out:   0.000#   0.000#   0.000#   0.000#   0.000f
0****** WARNING : ACCURACY LOSS IN ERWIN = 15.0 DIGITS, SO EXPECT ERRORS OF   0.0000 % OF UNITARITY

   973294527166170.25        32651647.760854524        2.2204460492503131E-016
 Reaction Xsec    27.5-/30 @ 6 =     6.023#, Out:   0.000#   0.000#   0.000#   0.000#   0.000f

 Total SPIN, PARITY =    28.5 +,     33 chs,      6 cc.  Rmin & Coul turning =    4.4   16.1
0****** WARNING : ACCURACY LOSS IN ERWIN = 15.0 DIGITS, SO EXPECT ERRORS OF   0.0001 % OF UNITARITY

   1014961407414986.8        1687578051.6733625        2.2204460492503131E-016
 Reaction Xsec    28.5+/27 @ 1 =     0.075/, Out:   0.000#   0.000#   0.003#   0.003#   0.000f
0****** WARNING : ACCURACY LOSS IN ERWIN = 14.8 DIGITS, SO EXPECT ERRORS OF   0.0000 % OF UNITARITY

   612331284079461.62        73581079.128357321        2.2204460492503131E-016
 Reaction Xsec    28.5+/27 @ 2 =     0.075/, Out:   0.000#   0.000#   0.000#   0.000#   0.000f
0****** WARNING : ACCURACY LOSS IN ERWIN = 14.2 DIGITS, SO EXPECT ERRORS OF   0.0000 % OF UNITARITY

   167891029359708.22        439227664.21449620        2.2204460492503131E-016
 Reaction Xsec    28.5+/29 @ 3 =     0.014/, Out:   0.000#   0.001#   0.000#   0.001#   0.000f
0****** WARNING : ACCURACY LOSS IN ERWIN = 14.8 DIGITS, SO EXPECT ERRORS OF   0.0000 % OF UNITARITY

   619847535273239.12        517053038.27040035        2.2204460492503131E-016
 Reaction Xsec    28.5+/29 @ 4 =     0.014/, Out:   0.000#   0.000#   0.000#   0.000#   0.000f
0****** WARNING : ACCURACY LOSS IN ERWIN = 14.9 DIGITS, SO EXPECT ERRORS OF   0.0000 % OF UNITARITY

   785438963110415.25        20069052.472539991        2.2204460492503131E-016
 Reaction Xsec    28.5+/29 @ 5 =     0.014/, Out:   0.000#   0.000#   0.000#   0.000#   0.000f
0****** WARNING : ACCURACY LOSS IN ERWIN = 14.9 DIGITS, SO EXPECT ERRORS OF   0.0000 % OF UNITARITY

   731203924093440.12        13420880.540953115        2.2204460492503131E-016
 Reaction Xsec    28.5+/31 @ 6 =     2.716#, Out:   0.000#   0.000#   0.000#   0.000#   0.000f

 Total SPIN, PARITY =    28.5 -,     33 chs,      6 cc.  Rmin & Coul turning =    4.4   16.1
0****** WARNING : ACCURACY LOSS IN ERWIN = 14.4 DIGITS, SO EXPECT ERRORS OF   0.0000 % OF UNITARITY

   237855661371922.47        289150735.38068581        2.2204460492503131E-016
 Reaction Xsec    28.5-/26 @ 1 =     0.173/, Out:   0.000#   0.000#   0.000#   0.000#   0.000f
0****** WARNING : ACCURACY LOSS IN ERWIN = 15.1 DIGITS, SO EXPECT ERRORS OF   0.0000 % OF UNITARITY

   1212461345920096.5        535177527.65305167        2.2204460492503131E-016
 Reaction Xsec    28.5-/28 @ 2 =     0.033/, Out:   0.000#   0.000#   0.000#   0.000#   0.000f
0****** WARNING : ACCURACY LOSS IN ERWIN = 16.3 DIGITS, SO EXPECT ERRORS OF   0.0000 % OF UNITARITY

   20864080948345160.        127801388.54560176        2.2204460492503131E-016
 Reaction Xsec    28.5-/28 @ 3 =     0.033/, Out:   0.000#   0.000#   0.000#   0.000#   0.000f
0****** WARNING : ACCURACY LOSS IN ERWIN = 14.9 DIGITS, SO EXPECT ERRORS OF   0.0000 % OF UNITARITY

   805616140956667.62        149350025.86317021        2.2204460492503131E-016
 Reaction Xsec    28.5-/28 @ 4 =     0.033/, Out:   0.000#   0.000#   0.000#   0.000#   0.000f
0****** WARNING : ACCURACY LOSS IN ERWIN = 15.0 DIGITS, SO EXPECT ERRORS OF   0.0000 % OF UNITARITY

   1005395213437007.9        211354229.02725902        2.2204460492503131E-016
 Reaction Xsec    28.5-/30 @ 5 =     6.238#, Out:   0.000#   0.000#   0.000#   0.000#   0.000f
0****** WARNING : ACCURACY LOSS IN ERWIN = 14.8 DIGITS, SO EXPECT ERRORS OF   0.0000 % OF UNITARITY

   604568135213067.75        8699660.6800291780        2.2204460492503131E-016
 Reaction Xsec    28.5-/30 @ 6 =     6.238#, Out:   0.000#   0.000#   0.000#   0.000#   0.000f

 Total SPIN, PARITY =    29.5 +,     33 chs,      6 cc.  Rmin & Coul turning =    4.6   16.7
0****** WARNING : ACCURACY LOSS IN ERWIN = 14.5 DIGITS, SO EXPECT ERRORS OF   0.0000 % OF UNITARITY

   287180476590291.25        222879447.79576036        2.2204460492503131E-016
 Reaction Xsec    29.5+/27 @ 1 =     0.078/, Out:   0.000#   0.000#   0.000#   0.000#   0.000f
0****** WARNING : ACCURACY LOSS IN ERWIN = 15.0 DIGITS, SO EXPECT ERRORS OF   0.0001 % OF UNITARITY

   1051764351461251.8        1538194521.4753010        2.2204460492503131E-016
 Reaction Xsec    29.5+/29 @ 2 =     0.015/, Out:   0.000#   0.000#   0.018#   0.018#   0.000f
0****** WARNING : ACCURACY LOSS IN ERWIN = 15.0 DIGITS, SO EXPECT ERRORS OF   0.0000 % OF UNITARITY

   941226510242050.12        60585055.803223528        2.2204460492503131E-016
 Reaction Xsec    29.5+/29 @ 3 =     0.015/, Out:   0.000#   0.000#   0.000#   0.000#   0.000f
0****** WARNING : ACCURACY LOSS IN ERWIN = 14.9 DIGITS, SO EXPECT ERRORS OF   0.0000 % OF UNITARITY

   767869117450278.50        67121228.549750209        2.2204460492503131E-016
 Reaction Xsec    29.5+/29 @ 4 =     0.015/, Out:   0.000#   0.000#   0.000#   0.000#   0.000f
0****** WARNING : ACCURACY LOSS IN ERWIN = 14.8 DIGITS, SO EXPECT ERRORS OF   0.0001 % OF UNITARITY

   615987160386339.00        869836126.57090259        2.2204460492503131E-016
 Reaction Xsec    29.5+/31 @ 5 =     2.809#, Out:   0.000#   0.000#   0.000#   0.001#   0.000f
0****** WARNING : ACCURACY LOSS IN ERWIN = 15.1 DIGITS, SO EXPECT ERRORS OF   0.0000 % OF UNITARITY

   1384438264761425.0        35164038.369109958        2.2204460492503131E-016
 Reaction Xsec    29.5+/31 @ 6 =     2.809#, Out:   0.000#   0.000#   0.000#   0.000#   0.000f

 Total SPIN, PARITY =    29.5 -,     33 chs,      6 cc.  Rmin & Coul turning =    4.6   16.7
0****** WARNING : ACCURACY LOSS IN ERWIN = 14.9 DIGITS, SO EXPECT ERRORS OF   0.0000 % OF UNITARITY

   820929696321302.38        530841110.18079972        2.2204460492503131E-016
 Reaction Xsec    29.5-/28 @ 1 =     0.034/, Out:   0.000#   0.000#   0.000#   0.000#   0.000f
0****** WARNING : ACCURACY LOSS IN ERWIN = 14.7 DIGITS, SO EXPECT ERRORS OF   0.0000 % OF UNITARITY

   552618332545532.06        126034267.33502394        2.2204460492503131E-016
 Reaction Xsec    29.5-/28 @ 2 =     0.034/, Out:   0.000#   0.000#   0.000#   0.000#   0.000f
0****** WARNING : ACCURACY LOSS IN ERWIN = 14.9 DIGITS, SO EXPECT ERRORS OF   0.0000 % OF UNITARITY

   822852971978841.62        189097505.31051314        2.2204460492503131E-016
 Reaction Xsec    29.5-/30 @ 3 =     6.453#, Out:   0.000#   0.000#   0.000#   0.000#   0.000f
0****** WARNING : ACCURACY LOSS IN ERWIN = 14.8 DIGITS, SO EXPECT ERRORS OF   0.0000 % OF UNITARITY

   651368335060985.25        211251000.84776521        2.2204460492503131E-016
 Reaction Xsec    29.5-/30 @ 4 =     6.453#, Out:   0.000#   0.000#   0.000#   0.000#   0.000f
0****** WARNING : ACCURACY LOSS IN ERWIN = 15.3 DIGITS, SO EXPECT ERRORS OF   0.0000 % OF UNITARITY

   2190896033922782.8        8643752.8029748648        2.2204460492503131E-016
 Reaction Xsec    29.5-/30 @ 5 =     6.453#, Out:   0.000#   0.000#   0.000#   0.000#   0.000f
0****** WARNING : ACCURACY LOSS IN ERWIN = 14.6 DIGITS, SO EXPECT ERRORS OF   0.0000 % OF UNITARITY

   404033521980051.56        14597315.725638172        2.2204460492503131E-016
 Reaction Xsec    29.5-/32 @ 6 =     1.223#, Out:   0.000#   0.000#   0.000#   0.000#   0.000f

 Total SPIN, PARITY =    30.5 +,     33 chs,      6 cc.  Rmin & Coul turning =    4.8   17.2
0****** WARNING : ACCURACY LOSS IN ERWIN = 15.5 DIGITS, SO EXPECT ERRORS OF   0.0001 % OF UNITARITY

   2864648509622043.5        1532219403.9804881        2.2204460492503131E-016
 Reaction Xsec    30.5+/29 @ 1 =     0.015/, Out:   0.000#   0.000#   0.002#   0.002#   0.000f
0****** WARNING : ACCURACY LOSS IN ERWIN = 14.8 DIGITS, SO EXPECT ERRORS OF   0.0000 % OF UNITARITY

   640999559644415.12        63794732.537004508        2.2204460492503131E-016
 Reaction Xsec    30.5+/29 @ 2 =     0.015/, Out:   0.000#   0.000#   0.000#   0.000#   0.000f
0****** WARNING : ACCURACY LOSS IN ERWIN = 14.9 DIGITS, SO EXPECT ERRORS OF   0.0001 % OF UNITARITY

   714073620261884.50        775391318.64824390        2.2204460492503131E-016
 Reaction Xsec    30.5+/31 @ 3 =     2.903#, Out:   0.000#   0.003#   0.000#   0.002#   0.000f
0****** WARNING : ACCURACY LOSS IN ERWIN = 14.9 DIGITS, SO EXPECT ERRORS OF   0.0001 % OF UNITARITY

   709269529492250.62        869460752.92563355        2.2204460492503131E-016
 Reaction Xsec    30.5+/31 @ 4 =     2.903#, Out:   0.000#   0.003#   0.000#   0.002#   0.000f
0****** WARNING : ACCURACY LOSS IN ERWIN = 15.1 DIGITS, SO EXPECT ERRORS OF   0.0000 % OF UNITARITY

   1151839884943530.2        35378427.924965635        2.2204460492503131E-016
 Reaction Xsec    30.5+/31 @ 5 =     2.903#, Out:   0.000#   0.000#   0.000#   0.000#   0.000f
0****** WARNING : ACCURACY LOSS IN ERWIN = 14.7 DIGITS, SO EXPECT ERRORS OF   0.0000 % OF UNITARITY

   509266354869959.81        53092727.325136267        2.2204460492503131E-016
 Reaction Xsec    30.5+/33 @ 6 =     0.550#, Out:   0.000#   0.000#   0.000#   0.000#   0.000f

 Total SPIN, PARITY =    30.5 -,     33 chs,      6 cc.  Rmin & Coul turning =    4.8   17.2
0****** WARNING : ACCURACY LOSS IN ERWIN = 14.9 DIGITS, SO EXPECT ERRORS OF   0.0000 % OF UNITARITY

   768053964916941.62        275341904.75436461        2.2204460492503131E-016
 Reaction Xsec    30.5-/28 @ 1 =     0.035/, Out:   0.000#   0.000#   0.000#   0.000#   0.000f
0****** WARNING : ACCURACY LOSS IN ERWIN = 15.2 DIGITS, SO EXPECT ERRORS OF   0.0003 % OF UNITARITY

   1663737539837363.2        5104761336.8320503        2.2204460492503131E-016
 Reaction Xsec    30.5-/30 @ 2 =     6.668#, Out:   0.000#   0.000#   0.001#   0.001#   0.000f
0****** WARNING : ACCURACY LOSS IN ERWIN = 15.3 DIGITS, SO EXPECT ERRORS OF   0.0000 % OF UNITARITY

   1789284449812600.5        234446274.31417215        2.2204460492503131E-016
 Reaction Xsec    30.5-/30 @ 3 =     6.668#, Out:   0.000#   0.000#   0.000#   0.000#   0.000f
0****** WARNING : ACCURACY LOSS IN ERWIN = 14.7 DIGITS, SO EXPECT ERRORS OF   0.0000 % OF UNITARITY

   560526358612955.88        76986804.350778371        2.2204460492503131E-016
 Reaction Xsec    30.5-/30 @ 4 =     6.668#, Out:   0.000#   0.000#   0.000#   0.000#   0.000f
0****** WARNING : ACCURACY LOSS IN ERWIN = 14.7 DIGITS, SO EXPECT ERRORS OF   0.0002 % OF UNITARITY

   536399617380402.31        2433540954.3121834        2.2204460492503131E-016
 Reaction Xsec    30.5-/32 @ 5 =     1.263#, Out:   0.000#   0.015#   0.000#   0.004#   0.000f
0****** WARNING : ACCURACY LOSS IN ERWIN = 15.3 DIGITS, SO EXPECT ERRORS OF   0.0000 % OF UNITARITY

   2016633043570947.0        118897714.23248236        2.2204460492503131E-016
 Reaction Xsec    30.5-/32 @ 6 =     1.263#, Out:   0.000#   0.000#   0.000#   0.000#   0.000f
 Finished all CC sets @    4.83065176    
0CUMULATIVE REACTION cross section               =       1353.57479  <L> =     8.05  <L**2> =     75.8
0CUMULATIVE  ELASTIC cross section               =          0.00000
0CUMULATIVE outgoing cross sections in partition 1 :    0.00000
0CUMULATIVE outgoing cross sections in partition 2 :    0.16678
0CUMULATIVE outgoing cross sections in partition 3 :    0.14460
0CUMULATIVE outgoing cross sections in partition 4 :    0.31143
0Cumulative ABSORBTION by Imaginary Potentials    =      1352.95198  <L> =     8.05  <L**2> =     75.8
   Fusion for specific 6Li      M-states :    1353.153057    1362.436388    1353.153057
0CUMULATIVE OUTGOING cross section               =          0.62281
 Strength functions * 10^4 for L=0-2  =   2.13174   2.21517  21.60042 (with r0= 1.35 fm).  R' =  -0.108 fm
 To convert to S-factors (MeV.mb = keV.b),  multiply by  3.3029E+03


 CROSS SECTIONS FOR OUTGOING 6Li      & 9Be      in state #   1 with spins & parities 1.0  + &  1.5  -;  0

     0.01 deg.: X-S =   8.736913E+15 mb/sr,
+                                         /R =   1.000002E+00

     0.50 deg.: X-S =   1.403996E+09 mb/sr,
+                                         /R =   1.004345E+00

     1.00 deg.: X-S =   8.848933E+07 mb/sr,
+                                         /R =   1.012772E+00

     1.50 deg.: X-S =   1.734135E+07 mb/sr,
+                                         /R =   1.004711E+00

     2.00 deg.: X-S =   5.329617E+06 mb/sr,
+                                         /R =   9.758219E-01

     2.50 deg.: X-S =   2.080227E+06 mb/sr,
+                                         /R =   9.297704E-01

     3.00 deg.: X-S =   9.418933E+05 mb/sr,
+                                         /R =   8.728327E-01

     3.50 deg.: X-S =   4.728378E+05 mb/sr,
+                                         /R =   8.116280E-01

     4.00 deg.: X-S =   2.569008E+05 mb/sr,
+                                         /R =   7.521342E-01

     4.50 deg.: X-S =   1.491406E+05 mb/sr,
+                                         /R =   6.992657E-01

     5.00 deg.: X-S =   9.191949E+04 mb/sr,
+                                         /R =   6.567183E-01

     5.50 deg.: X-S =   5.995240E+04 mb/sr,
+                                         /R =   6.269502E-01

     6.00 deg.: X-S =   4.128170E+04 mb/sr,
+                                         /R =   6.112396E-01

     6.50 deg.: X-S =   2.990978E+04 mb/sr,
+                                         /R =   6.097864E-01

     7.00 deg.: X-S =   2.268433E+04 mb/sr,
+                                         /R =   6.218424E-01

     7.50 deg.: X-S =   1.788507E+04 mb/sr,
+                                         /R =   6.458595E-01

     8.00 deg.: X-S =   1.454435E+04 mb/sr,
+                                         /R =   6.796507E-01

     8.50 deg.: X-S =   1.210439E+04 mb/sr,
+                                         /R =   7.205564E-01

     9.00 deg.: X-S =   1.023725E+04 mb/sr,
+                                         /R =   7.656134E-01

     9.50 deg.: X-S =    8747.017110 mb/sr,
+                                         /R =   8.117209E-01

    10.00 deg.: X-S =    7515.096735 mb/sr,
+                                         /R =   8.557991E-01

    10.50 deg.: X-S =    6468.803789 mb/sr,
+                                         /R =   8.949367E-01

    11.00 deg.: X-S =    5563.027407 mb/sr,
+                                         /R =   9.265224E-01

    11.50 deg.: X-S =    4769.302369 mb/sr,
+                                         /R =   9.483573E-01

    12.00 deg.: X-S =    4069.222080 mb/sr,
+                                         /R =   9.587445E-01

    12.50 deg.: X-S =    3450.429327 mb/sr,
+                                         /R =   9.565538E-01

    13.00 deg.: X-S =    2904.163837 mb/sr,
+                                         /R =   9.412595E-01

    13.50 deg.: X-S =    2423.762787 mb/sr,
+                                         /R =   9.129513E-01

    14.00 deg.: X-S =    2003.750993 mb/sr,
+                                         /R =   8.723181E-01

    14.50 deg.: X-S =    1639.298924 mb/sr,
+                                         /R =   8.206059E-01

    15.00 deg.: X-S =    1325.911131 mb/sr,
+                                         /R =   7.595534E-01

    15.50 deg.: X-S =    1059.258959 mb/sr,
+                                         /R =   6.913073E-01

    16.00 deg.: X-S =     835.102931 mb/sr,
+                                         /R =   6.183217E-01

    16.50 deg.: X-S =     649.269827 mb/sr,
+                                         /R =   5.432463E-01

    17.00 deg.: X-S =     497.661913 mb/sr,
+                                         /R =   4.688091E-01

    17.50 deg.: X-S =     376.283656 mb/sr,
+                                         /R =   3.976972E-01

    18.00 deg.: X-S =     281.276423 mb/sr,
+                                         /R =   3.324423E-01

    18.50 deg.: X-S =     208.954988 mb/sr,
+                                         /R =   2.753148E-01

    19.00 deg.: X-S =     155.841921 mb/sr,
+                                         /R =   2.282309E-01

    19.50 deg.: X-S =     118.697446 mb/sr,
+                                         /R =   1.926772E-01

    20.00 deg.: X-S =      94.543362 mb/sr,
+                                         /R =   1.696544E-01

    20.50 deg.: X-S =      80.680368 mb/sr,
+                                         /R =   1.596431E-01

    21.00 deg.: X-S =      74.698609 mb/sr,
+                                         /R =   1.625915E-01

    21.50 deg.: X-S =      74.481637 mb/sr,
+                                         /R =   1.779269E-01

    22.00 deg.: X-S =      78.204215 mb/sr,
+                                         /R =   2.045874E-01

    22.50 deg.: X-S =      84.324580 mb/sr,
+                                         /R =   2.410740E-01

    23.00 deg.: X-S =      91.571877 mb/sr,
+                                         /R =   2.855200E-01

    23.50 deg.: X-S =      98.929560 mb/sr,
+                                         /R =   3.357736E-01

    24.00 deg.: X-S =     105.615569 mb/sr,
+                                         /R =   3.894905E-01

    24.50 deg.: X-S =     111.060101 mb/sr,
+                                         /R =   4.442322E-01

    25.00 deg.: X-S =     114.881768 mb/sr,
+                                         /R =   4.975668E-01

    25.50 deg.: X-S =     116.862881 mb/sr,
+                                         /R =   5.471658E-01

    26.00 deg.: X-S =     116.924549 mb/sr,
+                                         /R =   5.908960E-01

    26.50 deg.: X-S =     115.102200 mb/sr,
+                                         /R =   6.269000E-01

    27.00 deg.: X-S =     111.522056 mb/sr,
+                                         /R =   6.536647E-01

    27.50 deg.: X-S =     106.379003 mb/sr,
+                                         /R =   6.700740E-01

    28.00 deg.: X-S =      99.916217 mb/sr,
+                                         /R =   6.754449E-01

    28.50 deg.: X-S =      92.406801 mb/sr,
+                                         /R =   6.695450E-01

    29.00 deg.: X-S =      84.137645 mb/sr,
+                                         /R =   6.525926E-01

    29.50 deg.: X-S =      75.395574 mb/sr,
+                                         /R =   6.252389E-01

    30.00 deg.: X-S =      66.455858 mb/sr,
+                                         /R =   5.885338E-01

    30.50 deg.: X-S =      57.573017 mb/sr,
+                                         /R =   5.438779E-01

    31.00 deg.: X-S =      48.973850 mb/sr,
+                                         /R =   4.929612E-01

    31.50 deg.: X-S =      40.852554 mb/sr,
+                                         /R =   4.376941E-01

    32.00 deg.: X-S =      33.367738 mb/sr,
+                                         /R =   3.801301E-01

    32.50 deg.: X-S =      26.641162 mb/sr,
+                                         /R =   3.223869E-01

    33.00 deg.: X-S =      20.757947 mb/sr,
+                                         /R =   2.665661E-01

    33.50 deg.: X-S =      15.768047 mb/sr,
+                                         /R =   2.146765E-01

    34.00 deg.: X-S =      11.688740 mb/sr,
+                                         /R =   1.685630E-01

    34.50 deg.: X-S =       8.507905 mb/sr,
+                                         /R =   1.298429E-01

    35.00 deg.: X-S =       6.187861 mb/sr,
+                                         /R =   9.985298E-02

    35.50 deg.: X-S =       4.669578 mb/sr,
+                                         /R =   7.960808E-02

    36.00 deg.: X-S =       3.877045 mb/sr,
+                                         /R =   6.977238E-02

    36.50 deg.: X-S =       3.721655 mb/sr,
+                                         /R =   7.064405E-02

    37.00 deg.: X-S =       4.106444 mb/sr,
+                                         /R =   8.215328E-02

    37.50 deg.: X-S =       4.930079 mb/sr,
+                                         /R =   1.038733E-01

    38.00 deg.: X-S =       6.090490 mb/sr,
+                                         /R =   1.350433E-01

    38.50 deg.: X-S =       7.488084 mb/sr,
+                                         /R =   1.746025E-01

    39.00 deg.: X-S =       9.028485 mb/sr,
+                                         /R =   2.212326E-01

    39.50 deg.: X-S =      10.624786 mb/sr,
+                                         /R =   2.734086E-01

    40.00 deg.: X-S =      12.199289 mb/sr,
+                                         /R =   3.294538E-01

    40.50 deg.: X-S =      13.684755 mb/sr,
+                                         /R =   3.875987E-01

    41.00 deg.: X-S =      15.025187 mb/sr,
+                                         /R =   4.460405E-01

    41.50 deg.: X-S =      16.176167 mb/sr,
+                                         /R =   5.030018E-01

    42.00 deg.: X-S =      17.104814 mb/sr,
+                                         /R =   5.567859E-01

    42.50 deg.: X-S =      17.789387 mb/sr,
+                                         /R =   6.058279E-01

    43.00 deg.: X-S =      18.218611 mb/sr,
+                                         /R =   6.487393E-01

    43.50 deg.: X-S =      18.390765 mb/sr,
+                                         /R =   6.843451E-01

    44.00 deg.: X-S =      18.312599 mb/sr,
+                                         /R =   7.117130E-01

    44.50 deg.: X-S =      17.998124 mb/sr,
+                                         /R =   7.301734E-01

    45.00 deg.: X-S =      17.467336 mb/sr,
+                                         /R =   7.393304E-01

    45.50 deg.: X-S =      16.744918 mb/sr,
+                                         /R =   7.390642E-01

    46.00 deg.: X-S =      15.858953 mb/sr,
+                                         /R =   7.295244E-01

    46.50 deg.: X-S =      14.839701 mb/sr,
+                                         /R =   7.111151E-01

    47.00 deg.: X-S =      13.718446 mb/sr,
+                                         /R =   6.844739E-01

    47.50 deg.: X-S =      12.526465 mb/sr,
+                                         /R =   6.504437E-01

    48.00 deg.: X-S =      11.294108 mb/sr,
+                                         /R =   6.100401E-01

    48.50 deg.: X-S =      10.050024 mb/sr,
+                                         /R =   5.644154E-01

    49.00 deg.: X-S =       8.820519 mb/sr,
+                                         /R =   5.148198E-01

    49.50 deg.: X-S =       7.629070 mb/sr,
+                                         /R =   4.625617E-01

    50.00 deg.: X-S =       6.495965 mb/sr,
+                                         /R =   4.089686E-01

    50.50 deg.: X-S =       5.438085 mb/sr,
+                                         /R =   3.553492E-01

    51.00 deg.: X-S =       4.468810 mb/sr,
+                                         /R =   3.029581E-01

    51.50 deg.: X-S =       3.598028 mb/sr,
+                                         /R =   2.529636E-01

    52.00 deg.: X-S =       2.832249 mb/sr,
+                                         /R =   2.064204E-01

    52.50 deg.: X-S =       2.174799 mb/sr,
+                                         /R =   1.642463E-01

    53.00 deg.: X-S =       1.626077 mb/sr,
+                                         /R =   1.272050E-01

    53.50 deg.: X-S =       1.183867 mb/sr,
+                                         /R =   9.589288E-02

    54.00 deg.: X-S =       0.843687 mb/sr,
+                                         /R =   7.073296E-02

    54.50 deg.: X-S =       0.599154 mb/sr,
+                                         /R =   5.197274E-02

    55.00 deg.: X-S =       0.442365 mb/sr,
+                                         /R =   3.968772E-02

    55.50 deg.: X-S =       0.364268 mb/sr,
+                                         /R =   3.378935E-02

    56.00 deg.: X-S =       0.355027 mb/sr,
+                                         /R =   3.403703E-02

    56.50 deg.: X-S =       0.404361 mb/sr,
+                                         /R =   4.005354E-02

    57.00 deg.: X-S =       0.501856 mb/sr,
+                                         /R =   5.134327E-02

    57.50 deg.: X-S =       0.637239 mb/sr,
+                                         /R =   6.731246E-02

    58.00 deg.: X-S =       0.800627 mb/sr,
+                                         /R =   8.729077E-02

    58.50 deg.: X-S =       0.982720 mb/sr,
+                                         /R =   1.105535E-01

    59.00 deg.: X-S =       1.174968 mb/sr,
+                                         /R =   1.363436E-01

    59.50 deg.: X-S =       1.369692 mb/sr,
+                                         /R =   1.638932E-01

    60.00 deg.: X-S =       1.560167 mb/sr,
+                                         /R =   1.924439E-01

    60.50 deg.: X-S =       1.740670 mb/sr,
+                                         /R =   2.212649E-01

    61.00 deg.: X-S =       1.906498 mb/sr,
+                                         /R =   2.496693E-01

    61.50 deg.: X-S =       2.053957 mb/sr,
+                                         /R =   2.770283E-01

    62.00 deg.: X-S =       2.180318 mb/sr,
+                                         /R =   3.027823E-01

    62.50 deg.: X-S =       2.283766 mb/sr,
+                                         /R =   3.264489E-01

    63.00 deg.: X-S =       2.363322 mb/sr,
+                                         /R =   3.476294E-01

    63.50 deg.: X-S =       2.418754 mb/sr,
+                                         /R =   3.660111E-01

    64.00 deg.: X-S =       2.450487 mb/sr,
+                                         /R =   3.813681E-01

    64.50 deg.: X-S =       2.459498 mb/sr,
+                                         /R =   3.935594E-01

    65.00 deg.: X-S =       2.447219 mb/sr,
+                                         /R =   4.025244E-01

    65.50 deg.: X-S =       2.415435 mb/sr,
+                                         /R =   4.082778E-01

    66.00 deg.: X-S =       2.366189 mb/sr,
+                                         /R =   4.109014E-01

    66.50 deg.: X-S =       2.301691 mb/sr,
+                                         /R =   4.105366E-01

    67.00 deg.: X-S =       2.224243 mb/sr,
+                                         /R =   4.073741E-01

    67.50 deg.: X-S =       2.136158 mb/sr,
+                                         /R =   4.016452E-01

    68.00 deg.: X-S =       2.039707 mb/sr,
+                                         /R =   3.936113E-01

    68.50 deg.: X-S =       1.937058 mb/sr,
+                                         /R =   3.835547E-01

    69.00 deg.: X-S =       1.830241 mb/sr,
+                                         /R =   3.717693E-01

    69.50 deg.: X-S =       1.721113 mb/sr,
+                                         /R =   3.585520E-01

    70.00 deg.: X-S =       1.611338 mb/sr,
+                                         /R =   3.441953E-01

    70.50 deg.: X-S =       1.502370 mb/sr,
+                                         /R =   3.289807E-01

    71.00 deg.: X-S =       1.395452 mb/sr,
+                                         /R =   3.131730E-01

    71.50 deg.: X-S =       1.291616 mb/sr,
+                                         /R =   2.970164E-01

    72.00 deg.: X-S =       1.191688 mb/sr,
+                                         /R =   2.807311E-01

    72.50 deg.: X-S =       1.096305 mb/sr,
+                                         /R =   2.645113E-01

    73.00 deg.: X-S =       1.005925 mb/sr,
+                                         /R =   2.485246E-01

    73.50 deg.: X-S =       0.920854 mb/sr,
+                                         /R =   2.329118E-01

    74.00 deg.: X-S =       0.841257 mb/sr,
+                                         /R =   2.177880E-01

    74.50 deg.: X-S =       0.767185 mb/sr,
+                                         /R =   2.032445E-01

    75.00 deg.: X-S =       0.698595 mb/sr,
+                                         /R =   1.893508E-01

    75.50 deg.: X-S =       0.635369 mb/sr,
+                                         /R =   1.761578E-01

    76.00 deg.: X-S =       0.577335 mb/sr,
+                                         /R =   1.637001E-01

    76.50 deg.: X-S =       0.524281 mb/sr,
+                                         /R =   1.520000E-01

    77.00 deg.: X-S =       0.475975 mb/sr,
+                                         /R =   1.410702E-01

    77.50 deg.: X-S =       0.432172 mb/sr,
+                                         /R =   1.309166E-01

    78.00 deg.: X-S =       0.392631 mb/sr,
+                                         /R =   1.215416E-01

    78.50 deg.: X-S =       0.357118 mb/sr,
+                                         /R =   1.129461E-01

    79.00 deg.: X-S =       0.325415 mb/sr,
+                                         /R =   1.051316E-01

    79.50 deg.: X-S =       0.297322 mb/sr,
+                                         /R =   9.810172E-02

    80.00 deg.: X-S =       0.272659 mb/sr,
+                                         /R =   9.186345E-02

    80.50 deg.: X-S =       0.251267 mb/sr,
+                                         /R =   8.642750E-02

    81.00 deg.: X-S =       0.233006 mb/sr,
+                                         /R =   8.180850E-02

    81.50 deg.: X-S =       0.217754 mb/sr,
+                                         /R =   7.802470E-02

    82.00 deg.: X-S =       0.205399 mb/sr,
+                                         /R =   7.509726E-02

    82.50 deg.: X-S =       0.195844 mb/sr,
+                                         /R =   7.304923E-02

    83.00 deg.: X-S =       0.188992 mb/sr,
+                                         /R =   7.190429E-02

    83.50 deg.: X-S =       0.184752 mb/sr,
+                                         /R =   7.168537E-02

    84.00 deg.: X-S =       0.183029 mb/sr,
+                                         /R =   7.241313E-02

    84.50 deg.: X-S =       0.183724 mb/sr,
+                                         /R =   7.410446E-02

    85.00 deg.: X-S =       0.186729 mb/sr,
+                                         /R =   7.677109E-02

    85.50 deg.: X-S =       0.191925 mb/sr,
+                                         /R =   8.041829E-02

    86.00 deg.: X-S =       0.199185 mb/sr,
+                                         /R =   8.504387E-02

    86.50 deg.: X-S =       0.208366 mb/sr,
+                                         /R =   9.063732E-02

    87.00 deg.: X-S =       0.219317 mb/sr,
+                                         /R =   9.717937E-02

    87.50 deg.: X-S =       0.231873 mb/sr,
+                                         /R =   1.046418E-01

    88.00 deg.: X-S =       0.245863 mb/sr,
+                                         /R =   1.129876E-01

    88.50 deg.: X-S =       0.261106 mb/sr,
+                                         /R =   1.221715E-01

    89.00 deg.: X-S =       0.277419 mb/sr,
+                                         /R =   1.321407E-01

    89.50 deg.: X-S =       0.294617 mb/sr,
+                                         /R =   1.428360E-01

    90.00 deg.: X-S =       0.312515 mb/sr,
+                                         /R =   1.541929E-01

    90.50 deg.: X-S =       0.330935 mb/sr,
+                                         /R =   1.661434E-01

    91.00 deg.: X-S =       0.349706 mb/sr,
+                                         /R =   1.786175E-01

    91.50 deg.: X-S =       0.368665 mb/sr,
+                                         /R =   1.915446E-01

    92.00 deg.: X-S =       0.387666 mb/sr,
+                                         /R =   2.048554E-01

    92.50 deg.: X-S =       0.406575 mb/sr,
+                                         /R =   2.184834E-01

    93.00 deg.: X-S =       0.425276 mb/sr,
+                                         /R =   2.323660E-01

    93.50 deg.: X-S =       0.443668 mb/sr,
+                                         /R =   2.464463E-01

    94.00 deg.: X-S =       0.461672 mb/sr,
+                                         /R =   2.606732E-01

    94.50 deg.: X-S =       0.479221 mb/sr,
+                                         /R =   2.750026E-01

    95.00 deg.: X-S =       0.496270 mb/sr,
+                                         /R =   2.893976E-01

    95.50 deg.: X-S =       0.512786 mb/sr,
+                                         /R =   3.038281E-01

    96.00 deg.: X-S =       0.528749 mb/sr,
+                                         /R =   3.182707E-01

    96.50 deg.: X-S =       0.544152 mb/sr,
+                                         /R =   3.327075E-01

    97.00 deg.: X-S =       0.558996 mb/sr,
+                                         /R =   3.471255E-01

    97.50 deg.: X-S =       0.573286 mb/sr,
+                                         /R =   3.615145E-01

    98.00 deg.: X-S =       0.587030 mb/sr,
+                                         /R =   3.758661E-01

    98.50 deg.: X-S =       0.600237 mb/sr,
+                                         /R =   3.901712E-01

    99.00 deg.: X-S =       0.612909 mb/sr,
+                                         /R =   4.044187E-01

    99.50 deg.: X-S =       0.625045 mb/sr,
+                                         /R =   4.185926E-01

   100.00 deg.: X-S =       0.636632 mb/sr,
+                                         /R =   4.326710E-01

   100.50 deg.: X-S =       0.647650 mb/sr,
+                                         /R =   4.466237E-01

   101.00 deg.: X-S =       0.658063 mb/sr,
+                                         /R =   4.604104E-01

   101.50 deg.: X-S =       0.667824 mb/sr,
+                                         /R =   4.739801E-01

   102.00 deg.: X-S =       0.676870 mb/sr,
+                                         /R =   4.872693E-01

   102.50 deg.: X-S =       0.685127 mb/sr,
+                                         /R =   5.002022E-01

   103.00 deg.: X-S =       0.692507 mb/sr,
+                                         /R =   5.126901E-01

   103.50 deg.: X-S =       0.698911 mb/sr,
+                                         /R =   5.246324E-01

   104.00 deg.: X-S =       0.704232 mb/sr,
+                                         /R =   5.359174E-01

   104.50 deg.: X-S =       0.708357 mb/sr,
+                                         /R =   5.464239E-01

   105.00 deg.: X-S =       0.711170 mb/sr,
+                                         /R =   5.560237E-01

   105.50 deg.: X-S =       0.712556 mb/sr,
+                                         /R =   5.645840E-01

   106.00 deg.: X-S =       0.712404 mb/sr,
+                                         /R =   5.719710E-01

   106.50 deg.: X-S =       0.710615 mb/sr,
+                                         /R =   5.780533E-01

   107.00 deg.: X-S =       0.707101 mb/sr,
+                                         /R =   5.827060E-01

   107.50 deg.: X-S =       0.701793 mb/sr,
+                                         /R =   5.858149E-01

   108.00 deg.: X-S =       0.694644 mb/sr,
+                                         /R =   5.872813E-01

   108.50 deg.: X-S =       0.685633 mb/sr,
+                                         /R =   5.870257E-01

   109.00 deg.: X-S =       0.674766 mb/sr,
+                                         /R =   5.849930E-01

   109.50 deg.: X-S =       0.662084 mb/sr,
+                                         /R =   5.811557E-01

   110.00 deg.: X-S =       0.647661 mb/sr,
+                                         /R =   5.755184E-01

   110.50 deg.: X-S =       0.631606 mb/sr,
+                                         /R =   5.681206E-01

   111.00 deg.: X-S =       0.614065 mb/sr,
+                                         /R =   5.590392E-01

   111.50 deg.: X-S =       0.595219 mb/sr,
+                                         /R =   5.483907E-01

   112.00 deg.: X-S =       0.575286 mb/sr,
+                                         /R =   5.363318E-01

   112.50 deg.: X-S =       0.554514 mb/sr,
+                                         /R =   5.230596E-01

   113.00 deg.: X-S =       0.533184 mb/sr,
+                                         /R =   5.088108E-01

   113.50 deg.: X-S =       0.511600 mb/sr,
+                                         /R =   4.938595E-01

   114.00 deg.: X-S =       0.490090 mb/sr,
+                                         /R =   4.785141E-01

   114.50 deg.: X-S =       0.468997 mb/sr,
+                                         /R =   4.631135E-01

   115.00 deg.: X-S =       0.448672 mb/sr,
+                                         /R =   4.480217E-01

   115.50 deg.: X-S =       0.429472 mb/sr,
+                                         /R =   4.336217E-01

   116.00 deg.: X-S =       0.411750 mb/sr,
+                                         /R =   4.203089E-01

   116.50 deg.: X-S =       0.395845 mb/sr,
+                                         /R =   4.084830E-01

   117.00 deg.: X-S =       0.382081 mb/sr,
+                                         /R =   3.985401E-01

   117.50 deg.: X-S =       0.370755 mb/sr,
+                                         /R =   3.908635E-01

   118.00 deg.: X-S =       0.362129 mb/sr,
+                                         /R =   3.858154E-01

   118.50 deg.: X-S =       0.356430 mb/sr,
+                                         /R =   3.837270E-01

   119.00 deg.: X-S =       0.353836 mb/sr,
+                                         /R =   3.848905E-01

   119.50 deg.: X-S =       0.354475 mb/sr,
+                                         /R =   3.895496E-01

   120.00 deg.: X-S =       0.358418 mb/sr,
+                                         /R =   3.978925E-01

   120.50 deg.: X-S =       0.365679 mb/sr,
+                                         /R =   4.100440E-01

   121.00 deg.: X-S =       0.376210 mb/sr,
+                                         /R =   4.260596E-01

   121.50 deg.: X-S =       0.389897 mb/sr,
+                                         /R =   4.459203E-01

   122.00 deg.: X-S =       0.406567 mb/sr,
+                                         /R =   4.695295E-01

   122.50 deg.: X-S =       0.425983 mb/sr,
+                                         /R =   4.967099E-01

   123.00 deg.: X-S =       0.447849 mb/sr,
+                                         /R =   5.272041E-01

   123.50 deg.: X-S =       0.471813 mb/sr,
+                                         /R =   5.606749E-01

   124.00 deg.: X-S =       0.497473 mb/sr,
+                                         /R =   5.967087E-01

   124.50 deg.: X-S =       0.524383 mb/sr,
+                                         /R =   6.348201E-01

   125.00 deg.: X-S =       0.552060 mb/sr,
+                                         /R =   6.744585E-01

   125.50 deg.: X-S =       0.579992 mb/sr,
+                                         /R =   7.150163E-01

   126.00 deg.: X-S =       0.607648 mb/sr,
+                                         /R =   7.558387E-01

   126.50 deg.: X-S =       0.634488 mb/sr,
+                                         /R =   7.962349E-01

   127.00 deg.: X-S =       0.659969 mb/sr,
+                                         /R =   8.354906E-01

   127.50 deg.: X-S =       0.683564 mb/sr,
+                                         /R =   8.728818E-01

   128.00 deg.: X-S =       0.704763 mb/sr,
+                                         /R =   9.076890E-01

   128.50 deg.: X-S =       0.723091 mb/sr,
+                                         /R =   9.392119E-01

   129.00 deg.: X-S =       0.738115 mb/sr,
+                                         /R =   9.667852E-01

   129.50 deg.: X-S =       0.749451 mb/sr,
+                                         /R =   9.897929E-01

   130.00 deg.: X-S =       0.756777 mb/sr,
+                                         /R =   1.007683E+00

   130.50 deg.: X-S =       0.759841 mb/sr,
+                                         /R =   1.019984E+00

   131.00 deg.: X-S =       0.758462 mb/sr,
+                                         /R =   1.026311E+00

   131.50 deg.: X-S =       0.752543 mb/sr,
+                                         /R =   1.026385E+00

   132.00 deg.: X-S =       0.742067 mb/sr,
+                                         /R =   1.020040E+00

   132.50 deg.: X-S =       0.727107 mb/sr,
+                                         /R =   1.007227E+00

   133.00 deg.: X-S =       0.707822 mb/sr,
+                                         /R =   9.880255E-01

   133.50 deg.: X-S =       0.684455 mb/sr,
+                                         /R =   9.626428E-01

   134.00 deg.: X-S =       0.657335 mb/sr,
+                                         /R =   9.314168E-01

   134.50 deg.: X-S =       0.626869 mb/sr,
+                                         /R =   8.948132E-01

   135.00 deg.: X-S =       0.593538 mb/sr,
+                                         /R =   8.534213E-01

   135.50 deg.: X-S =       0.557889 mb/sr,
+                                         /R =   8.079465E-01

   136.00 deg.: X-S =       0.520523 mb/sr,
+                                         /R =   7.592005E-01

   136.50 deg.: X-S =       0.482090 mb/sr,
+                                         /R =   7.080890E-01

   137.00 deg.: X-S =       0.443273 mb/sr,
+                                         /R =   6.555963E-01

   137.50 deg.: X-S =       0.404780 mb/sr,
+                                         /R =   6.027689E-01

   138.00 deg.: X-S =       0.367326 mb/sr,
+                                         /R =   5.506965E-01

   138.50 deg.: X-S =       0.331624 mb/sr,
+                                         /R =   5.004913E-01

   139.00 deg.: X-S =       0.298367 mb/sr,
+                                         /R =   4.532668E-01

   139.50 deg.: X-S =       0.268217 mb/sr,
+                                         /R =   4.101152E-01

   140.00 deg.: X-S =       0.241794 mb/sr,
+                                         /R =   3.720846E-01

   140.50 deg.: X-S =       0.219656 mb/sr,
+                                         /R =   3.401570E-01

   141.00 deg.: X-S =       0.202293 mb/sr,
+                                         /R =   3.152252E-01

   141.50 deg.: X-S =       0.190115 mb/sr,
+                                         /R =   2.980728E-01

   142.00 deg.: X-S =       0.183441 mb/sr,
+                                         /R =   2.893542E-01

   142.50 deg.: X-S =       0.182490 mb/sr,
+                                         /R =   2.895772E-01

   143.00 deg.: X-S =       0.187378 mb/sr,
+                                         /R =   2.990875E-01

   143.50 deg.: X-S =       0.198110 mb/sr,
+                                         /R =   3.180568E-01

   144.00 deg.: X-S =       0.214581 mb/sr,
+                                         /R =   3.464729E-01

   144.50 deg.: X-S =       0.236570 mb/sr,
+                                         /R =   3.841343E-01

   145.00 deg.: X-S =       0.263749 mb/sr,
+                                         /R =   4.306472E-01

   145.50 deg.: X-S =       0.295680 mb/sr,
+                                         /R =   4.854278E-01

   146.00 deg.: X-S =       0.331825 mb/sr,
+                                         /R =   5.477068E-01

   146.50 deg.: X-S =       0.371555 mb/sr,
+                                         /R =   6.165392E-01

   147.00 deg.: X-S =       0.414154 mb/sr,
+                                         /R =   6.908173E-01

   147.50 deg.: X-S =       0.458839 mb/sr,
+                                         /R =   7.692873E-01

   148.00 deg.: X-S =       0.504766 mb/sr,
+                                         /R =   8.505699E-01

   148.50 deg.: X-S =       0.551051 mb/sr,
+                                         /R =   9.331836E-01

   149.00 deg.: X-S =       0.596781 mb/sr,
+                                         /R =   1.015572E+00

   149.50 deg.: X-S =       0.641036 mb/sr,
+                                         /R =   1.096130E+00

   150.00 deg.: X-S =       0.682902 mb/sr,
+                                         /R =   1.173240E+00

   150.50 deg.: X-S =       0.721491 mb/sr,
+                                         /R =   1.245296E+00

   151.00 deg.: X-S =       0.755961 mb/sr,
+                                         /R =   1.310747E+00

   151.50 deg.: X-S =       0.785528 mb/sr,
+                                         /R =   1.368120E+00

   152.00 deg.: X-S =       0.809491 mb/sr,
+                                         /R =   1.416060E+00

   152.50 deg.: X-S =       0.827238 mb/sr,
+                                         /R =   1.453358E+00

   153.00 deg.: X-S =       0.838271 mb/sr,
+                                         /R =   1.478986E+00

   153.50 deg.: X-S =       0.842211 mb/sr,
+                                         /R =   1.492116E+00

   154.00 deg.: X-S =       0.838813 mb/sr,
+                                         /R =   1.492156E+00

   154.50 deg.: X-S =       0.827975 mb/sr,
+                                         /R =   1.478763E+00

   155.00 deg.: X-S =       0.809742 mb/sr,
+                                         /R =   1.451863E+00

   155.50 deg.: X-S =       0.784313 mb/sr,
+                                         /R =   1.411666E+00

   156.00 deg.: X-S =       0.752044 mb/sr,
+                                         /R =   1.358670E+00

   156.50 deg.: X-S =       0.713442 mb/sr,
+                                         /R =   1.293669E+00

   157.00 deg.: X-S =       0.669165 mb/sr,
+                                         /R =   1.217747E+00

   157.50 deg.: X-S =       0.620013 mb/sr,
+                                         /R =   1.132270E+00

   158.00 deg.: X-S =       0.566923 mb/sr,
+                                         /R =   1.038876E+00

   158.50 deg.: X-S =       0.510952 mb/sr,
+                                         /R =   9.394544E-01

   159.00 deg.: X-S =       0.453264 mb/sr,
+                                         /R =   8.361211E-01

   159.50 deg.: X-S =       0.395117 mb/sr,
+                                         /R =   7.311918E-01

   160.00 deg.: X-S =       0.337840 mb/sr,
+                                         /R =   6.271477E-01

   160.50 deg.: X-S =       0.282814 mb/sr,
+                                         /R =   5.265983E-01

   161.00 deg.: X-S =       0.231453 mb/sr,
+                                         /R =   4.322409E-01

   161.50 deg.: X-S =       0.185176 mb/sr,
+                                         /R =   3.468167E-01

   162.00 deg.: X-S =       0.145389 mb/sr,
+                                         /R =   2.730649E-01

   162.50 deg.: X-S =       0.113459 mb/sr,
+                                         /R =   2.136760E-01

   163.00 deg.: X-S =       0.090688 mb/sr,
+                                         /R =   1.712434E-01

   163.50 deg.: X-S =       0.078291 mb/sr,
+                                         /R =   1.482163E-01

   164.00 deg.: X-S =       0.077378 mb/sr,
+                                         /R =   1.468532E-01

   164.50 deg.: X-S =       0.088926 mb/sr,
+                                         /R =   1.691769E-01

   165.00 deg.: X-S =       0.113762 mb/sr,
+                                         /R =   2.169334E-01

   165.50 deg.: X-S =       0.152549 mb/sr,
+                                         /R =   2.915527E-01

   166.00 deg.: X-S =       0.205763 mb/sr,
+                                         /R =   3.941156E-01

   166.50 deg.: X-S =       0.273689 mb/sr,
+                                         /R =   5.253239E-01

   167.00 deg.: X-S =       0.356404 mb/sr,
+                                         /R =   6.854772E-01

   167.50 deg.: X-S =       0.453775 mb/sr,
+                                         /R =   8.744551E-01

   168.00 deg.: X-S =       0.565451 mb/sr,
+                                         /R =   1.091706E+00

   168.50 deg.: X-S =       0.690868 mb/sr,
+                                         /R =   1.336244E+00

   169.00 deg.: X-S =       0.829247 mb/sr,
+                                         /R =   1.606650E+00

   169.50 deg.: X-S =       0.979603 mb/sr,
+                                         /R =   1.901081E+00

   170.00 deg.: X-S =       1.140754 mb/sr,
+                                         /R =   2.217289E+00

   170.50 deg.: X-S =       1.311334 mb/sr,
+                                         /R =   2.552643E+00

   171.00 deg.: X-S =       1.489810 mb/sr,
+                                         /R =   2.904160E+00

   171.50 deg.: X-S =       1.674496 mb/sr,
+                                         /R =   3.268541E+00

   172.00 deg.: X-S =       1.863583 mb/sr,
+                                         /R =   3.642211E+00

   172.50 deg.: X-S =       2.055153 mb/sr,
+                                         /R =   4.021370E+00

   173.00 deg.: X-S =       2.247212 mb/sr,
+                                         /R =   4.402041E+00

   173.50 deg.: X-S =       2.437711 mb/sr,
+                                         /R =   4.780125E+00

   174.00 deg.: X-S =       2.624577 mb/sr,
+                                         /R =   5.151459E+00

   174.50 deg.: X-S =       2.805744 mb/sr,
+                                         /R =   5.511877E+00

   175.00 deg.: X-S =       2.979175 mb/sr,
+                                         /R =   5.857267E+00

   175.50 deg.: X-S =       3.142898 mb/sr,
+                                         /R =   6.183633E+00

   176.00 deg.: X-S =       3.295029 mb/sr,
+                                         /R =   6.487150E+00

   176.50 deg.: X-S =       3.433802 mb/sr,
+                                         /R =   6.764226E+00

   177.00 deg.: X-S =       3.557593 mb/sr,
+                                         /R =   7.011551E+00

   177.50 deg.: X-S =       3.664942 mb/sr,
+                                         /R =   7.226149E+00

   178.00 deg.: X-S =       3.754577 mb/sr,
+                                         /R =   7.405419E+00

   178.50 deg.: X-S =       3.825430 mb/sr,
+                                         /R =   7.547180E+00

   179.00 deg.: X-S =       3.876655 mb/sr,
+                                         /R =   7.649698E+00

   179.50 deg.: X-S =       3.907639 mb/sr,
+                                         /R =   7.711717E+00

   179.99 deg.: X-S =       3.918004 mb/sr,
+                                         /R =   7.732467E+00

                                           Integrated  8.3612E+10 mb, over [   0.000, 180.000] at    32.0000 MeV 

 CROSS SECTIONS FOR OUTGOING 2H       & 13C_L2   in state #   1 with spins & parities 1.0  + &  2.5  -;  0

     0.00 deg.: X-S =       0.337922 mb/sr,
+                                         REAC   1.6678E-01 mb

     0.50 deg.: X-S =       0.337645 mb/sr,

     1.00 deg.: X-S =       0.336816 mb/sr,

     1.50 deg.: X-S =       0.335439 mb/sr,

     2.00 deg.: X-S =       0.333520 mb/sr,

     2.50 deg.: X-S =       0.331066 mb/sr,

     3.00 deg.: X-S =       0.328088 mb/sr,

     3.50 deg.: X-S =       0.324598 mb/sr,

     4.00 deg.: X-S =       0.320613 mb/sr,

     4.50 deg.: X-S =       0.316148 mb/sr,

     5.00 deg.: X-S =       0.311223 mb/sr,

     5.50 deg.: X-S =       0.305859 mb/sr,

     6.00 deg.: X-S =       0.300079 mb/sr,

     6.50 deg.: X-S =       0.293907 mb/sr,

     7.00 deg.: X-S =       0.287371 mb/sr,

     7.50 deg.: X-S =       0.280496 mb/sr,

     8.00 deg.: X-S =       0.273313 mb/sr,

     8.50 deg.: X-S =       0.265851 mb/sr,

     9.00 deg.: X-S =       0.258141 mb/sr,

     9.50 deg.: X-S =       0.250215 mb/sr,

    10.00 deg.: X-S =       0.242104 mb/sr,

    10.50 deg.: X-S =       0.233841 mb/sr,

    11.00 deg.: X-S =       0.225460 mb/sr,

    11.50 deg.: X-S =       0.216991 mb/sr,

    12.00 deg.: X-S =       0.208468 mb/sr,

    12.50 deg.: X-S =       0.199922 mb/sr,

    13.00 deg.: X-S =       0.191385 mb/sr,

    13.50 deg.: X-S =       0.182886 mb/sr,

    14.00 deg.: X-S =       0.174454 mb/sr,

    14.50 deg.: X-S =       0.166118 mb/sr,

    15.00 deg.: X-S =       0.157904 mb/sr,

    15.50 deg.: X-S =       0.149837 mb/sr,

    16.00 deg.: X-S =       0.141939 mb/sr,

    16.50 deg.: X-S =       0.134233 mb/sr,

    17.00 deg.: X-S =       0.126736 mb/sr,

    17.50 deg.: X-S =       0.119468 mb/sr,

    18.00 deg.: X-S =       0.112442 mb/sr,

    18.50 deg.: X-S =       0.105672 mb/sr,

    19.00 deg.: X-S =       0.099170 mb/sr,

    19.50 deg.: X-S =       0.092944 mb/sr,

    20.00 deg.: X-S =       0.087002 mb/sr,

    20.50 deg.: X-S =       0.081350 mb/sr,

    21.00 deg.: X-S =       0.075992 mb/sr,

    21.50 deg.: X-S =       0.070929 mb/sr,

    22.00 deg.: X-S =       0.066162 mb/sr,

    22.50 deg.: X-S =       0.061691 mb/sr,

    23.00 deg.: X-S =       0.057513 mb/sr,

    23.50 deg.: X-S =       0.053624 mb/sr,

    24.00 deg.: X-S =       0.050019 mb/sr,

    24.50 deg.: X-S =       0.046692 mb/sr,

    25.00 deg.: X-S =       0.043636 mb/sr,

    25.50 deg.: X-S =       0.040841 mb/sr,

    26.00 deg.: X-S =       0.038300 mb/sr,

    26.50 deg.: X-S =       0.036000 mb/sr,

    27.00 deg.: X-S =       0.033931 mb/sr,

    27.50 deg.: X-S =       0.032081 mb/sr,

    28.00 deg.: X-S =       0.030438 mb/sr,

    28.50 deg.: X-S =       0.028988 mb/sr,

    29.00 deg.: X-S =       0.027717 mb/sr,

    29.50 deg.: X-S =       0.026613 mb/sr,

    30.00 deg.: X-S =       0.025660 mb/sr,

    30.50 deg.: X-S =       0.024846 mb/sr,

    31.00 deg.: X-S =       0.024157 mb/sr,

    31.50 deg.: X-S =       0.023577 mb/sr,

    32.00 deg.: X-S =       0.023095 mb/sr,

    32.50 deg.: X-S =       0.022696 mb/sr,

    33.00 deg.: X-S =       0.022369 mb/sr,

    33.50 deg.: X-S =       0.022100 mb/sr,

    34.00 deg.: X-S =       0.021878 mb/sr,

    34.50 deg.: X-S =       0.021692 mb/sr,

    35.00 deg.: X-S =       0.021530 mb/sr,

    35.50 deg.: X-S =       0.021385 mb/sr,

    36.00 deg.: X-S =       0.021246 mb/sr,

    36.50 deg.: X-S =       0.021106 mb/sr,

    37.00 deg.: X-S =       0.020959 mb/sr,

    37.50 deg.: X-S =       0.020797 mb/sr,

    38.00 deg.: X-S =       0.020617 mb/sr,

    38.50 deg.: X-S =       0.020414 mb/sr,

    39.00 deg.: X-S =       0.020186 mb/sr,

    39.50 deg.: X-S =       0.019930 mb/sr,

    40.00 deg.: X-S =       0.019646 mb/sr,

    40.50 deg.: X-S =       0.019334 mb/sr,

    41.00 deg.: X-S =       0.018994 mb/sr,

    41.50 deg.: X-S =       0.018628 mb/sr,

    42.00 deg.: X-S =       0.018238 mb/sr,

    42.50 deg.: X-S =       0.017826 mb/sr,

    43.00 deg.: X-S =       0.017395 mb/sr,

    43.50 deg.: X-S =       0.016948 mb/sr,

    44.00 deg.: X-S =       0.016489 mb/sr,

    44.50 deg.: X-S =       0.016020 mb/sr,

    45.00 deg.: X-S =       0.015544 mb/sr,

    45.50 deg.: X-S =       0.015066 mb/sr,

    46.00 deg.: X-S =       0.014589 mb/sr,

    46.50 deg.: X-S =       0.014115 mb/sr,

    47.00 deg.: X-S =       0.013647 mb/sr,

    47.50 deg.: X-S =       0.013189 mb/sr,

    48.00 deg.: X-S =       0.012743 mb/sr,

    48.50 deg.: X-S =       0.012311 mb/sr,

    49.00 deg.: X-S =       0.011896 mb/sr,

    49.50 deg.: X-S =       0.011498 mb/sr,

    50.00 deg.: X-S =       0.011121 mb/sr,

    50.50 deg.: X-S =       0.010765 mb/sr,

    51.00 deg.: X-S =       0.010432 mb/sr,

    51.50 deg.: X-S =       0.010122 mb/sr,

    52.00 deg.: X-S =       0.009835 mb/sr,

    52.50 deg.: X-S =       0.009572 mb/sr,

    53.00 deg.: X-S =       0.009332 mb/sr,

    53.50 deg.: X-S =       0.009116 mb/sr,

    54.00 deg.: X-S =       0.008922 mb/sr,

    54.50 deg.: X-S =       0.008750 mb/sr,

    55.00 deg.: X-S =       0.008599 mb/sr,

    55.50 deg.: X-S =       0.008467 mb/sr,

    56.00 deg.: X-S =       0.008355 mb/sr,

    56.50 deg.: X-S =       0.008259 mb/sr,

    57.00 deg.: X-S =       0.008181 mb/sr,

    57.50 deg.: X-S =       0.008117 mb/sr,

    58.00 deg.: X-S =       0.008068 mb/sr,

    58.50 deg.: X-S =       0.008032 mb/sr,

    59.00 deg.: X-S =       0.008008 mb/sr,

    59.50 deg.: X-S =       0.007995 mb/sr,

    60.00 deg.: X-S =       0.007993 mb/sr,

    60.50 deg.: X-S =       0.008000 mb/sr,

    61.00 deg.: X-S =       0.008016 mb/sr,

    61.50 deg.: X-S =       0.008039 mb/sr,

    62.00 deg.: X-S =       0.008070 mb/sr,

    62.50 deg.: X-S =       0.008105 mb/sr,

    63.00 deg.: X-S =       0.008146 mb/sr,

    63.50 deg.: X-S =       0.008190 mb/sr,

    64.00 deg.: X-S =       0.008237 mb/sr,

    64.50 deg.: X-S =       0.008286 mb/sr,

    65.00 deg.: X-S =       0.008336 mb/sr,

    65.50 deg.: X-S =       0.008385 mb/sr,

    66.00 deg.: X-S =       0.008434 mb/sr,

    66.50 deg.: X-S =       0.008480 mb/sr,

    67.00 deg.: X-S =       0.008523 mb/sr,

    67.50 deg.: X-S =       0.008562 mb/sr,

    68.00 deg.: X-S =       0.008597 mb/sr,

    68.50 deg.: X-S =       0.008626 mb/sr,

    69.00 deg.: X-S =       0.008650 mb/sr,

    69.50 deg.: X-S =       0.008666 mb/sr,

    70.00 deg.: X-S =       0.008676 mb/sr,

    70.50 deg.: X-S =       0.008677 mb/sr,

    71.00 deg.: X-S =       0.008669 mb/sr,

    71.50 deg.: X-S =       0.008653 mb/sr,

    72.00 deg.: X-S =       0.008626 mb/sr,

    72.50 deg.: X-S =       0.008589 mb/sr,

    73.00 deg.: X-S =       0.008542 mb/sr,

    73.50 deg.: X-S =       0.008483 mb/sr,

    74.00 deg.: X-S =       0.008413 mb/sr,

    74.50 deg.: X-S =       0.008331 mb/sr,

    75.00 deg.: X-S =       0.008237 mb/sr,

    75.50 deg.: X-S =       0.008132 mb/sr,

    76.00 deg.: X-S =       0.008015 mb/sr,

    76.50 deg.: X-S =       0.007887 mb/sr,

    77.00 deg.: X-S =       0.007747 mb/sr,

    77.50 deg.: X-S =       0.007597 mb/sr,

    78.00 deg.: X-S =       0.007437 mb/sr,

    78.50 deg.: X-S =       0.007268 mb/sr,

    79.00 deg.: X-S =       0.007090 mb/sr,

    79.50 deg.: X-S =       0.006905 mb/sr,

    80.00 deg.: X-S =       0.006712 mb/sr,

    80.50 deg.: X-S =       0.006515 mb/sr,

    81.00 deg.: X-S =       0.006312 mb/sr,

    81.50 deg.: X-S =       0.006105 mb/sr,

    82.00 deg.: X-S =       0.005896 mb/sr,

    82.50 deg.: X-S =       0.005686 mb/sr,

    83.00 deg.: X-S =       0.005474 mb/sr,

    83.50 deg.: X-S =       0.005264 mb/sr,

    84.00 deg.: X-S =       0.005055 mb/sr,

    84.50 deg.: X-S =       0.004848 mb/sr,

    85.00 deg.: X-S =       0.004646 mb/sr,

    85.50 deg.: X-S =       0.004448 mb/sr,

    86.00 deg.: X-S =       0.004255 mb/sr,

    86.50 deg.: X-S =       0.004070 mb/sr,

    87.00 deg.: X-S =       0.003892 mb/sr,

    87.50 deg.: X-S =       0.003722 mb/sr,

    88.00 deg.: X-S =       0.003561 mb/sr,

    88.50 deg.: X-S =       0.003410 mb/sr,

    89.00 deg.: X-S =       0.003269 mb/sr,

    89.50 deg.: X-S =       0.003138 mb/sr,

    90.00 deg.: X-S =       0.003019 mb/sr,

    90.50 deg.: X-S =       0.002911 mb/sr,

    91.00 deg.: X-S =       0.002814 mb/sr,

    91.50 deg.: X-S =       0.002728 mb/sr,

    92.00 deg.: X-S =       0.002654 mb/sr,

    92.50 deg.: X-S =       0.002592 mb/sr,

    93.00 deg.: X-S =       0.002540 mb/sr,

    93.50 deg.: X-S =       0.002498 mb/sr,

    94.00 deg.: X-S =       0.002468 mb/sr,

    94.50 deg.: X-S =       0.002446 mb/sr,

    95.00 deg.: X-S =       0.002434 mb/sr,

    95.50 deg.: X-S =       0.002431 mb/sr,

    96.00 deg.: X-S =       0.002436 mb/sr,

    96.50 deg.: X-S =       0.002448 mb/sr,

    97.00 deg.: X-S =       0.002466 mb/sr,

    97.50 deg.: X-S =       0.002491 mb/sr,

    98.00 deg.: X-S =       0.002520 mb/sr,

    98.50 deg.: X-S =       0.002554 mb/sr,

    99.00 deg.: X-S =       0.002592 mb/sr,

    99.50 deg.: X-S =       0.002632 mb/sr,

   100.00 deg.: X-S =       0.002674 mb/sr,

   100.50 deg.: X-S =       0.002718 mb/sr,

   101.00 deg.: X-S =       0.002762 mb/sr,

   101.50 deg.: X-S =       0.002806 mb/sr,

   102.00 deg.: X-S =       0.002850 mb/sr,

   102.50 deg.: X-S =       0.002892 mb/sr,

   103.00 deg.: X-S =       0.002933 mb/sr,

   103.50 deg.: X-S =       0.002972 mb/sr,

   104.00 deg.: X-S =       0.003008 mb/sr,

   104.50 deg.: X-S =       0.003041 mb/sr,

   105.00 deg.: X-S =       0.003070 mb/sr,

   105.50 deg.: X-S =       0.003097 mb/sr,

   106.00 deg.: X-S =       0.003119 mb/sr,

   106.50 deg.: X-S =       0.003138 mb/sr,

   107.00 deg.: X-S =       0.003153 mb/sr,

   107.50 deg.: X-S =       0.003164 mb/sr,

   108.00 deg.: X-S =       0.003171 mb/sr,

   108.50 deg.: X-S =       0.003174 mb/sr,

   109.00 deg.: X-S =       0.003173 mb/sr,

   109.50 deg.: X-S =       0.003169 mb/sr,

   110.00 deg.: X-S =       0.003162 mb/sr,

   110.50 deg.: X-S =       0.003151 mb/sr,

   111.00 deg.: X-S =       0.003138 mb/sr,

   111.50 deg.: X-S =       0.003122 mb/sr,

   112.00 deg.: X-S =       0.003103 mb/sr,

   112.50 deg.: X-S =       0.003083 mb/sr,

   113.00 deg.: X-S =       0.003061 mb/sr,

   113.50 deg.: X-S =       0.003037 mb/sr,

   114.00 deg.: X-S =       0.003013 mb/sr,

   114.50 deg.: X-S =       0.002987 mb/sr,

   115.00 deg.: X-S =       0.002962 mb/sr,

   115.50 deg.: X-S =       0.002935 mb/sr,

   116.00 deg.: X-S =       0.002909 mb/sr,

   116.50 deg.: X-S =       0.002884 mb/sr,

   117.00 deg.: X-S =       0.002858 mb/sr,

   117.50 deg.: X-S =       0.002834 mb/sr,

   118.00 deg.: X-S =       0.002810 mb/sr,

   118.50 deg.: X-S =       0.002788 mb/sr,

   119.00 deg.: X-S =       0.002767 mb/sr,

   119.50 deg.: X-S =       0.002747 mb/sr,

   120.00 deg.: X-S =       0.002728 mb/sr,

   120.50 deg.: X-S =       0.002711 mb/sr,

   121.00 deg.: X-S =       0.002695 mb/sr,

   121.50 deg.: X-S =       0.002681 mb/sr,

   122.00 deg.: X-S =       0.002668 mb/sr,

   122.50 deg.: X-S =       0.002657 mb/sr,

   123.00 deg.: X-S =       0.002647 mb/sr,

   123.50 deg.: X-S =       0.002638 mb/sr,

   124.00 deg.: X-S =       0.002630 mb/sr,

   124.50 deg.: X-S =       0.002624 mb/sr,

   125.00 deg.: X-S =       0.002618 mb/sr,

   125.50 deg.: X-S =       0.002614 mb/sr,

   126.00 deg.: X-S =       0.002611 mb/sr,

   126.50 deg.: X-S =       0.002609 mb/sr,

   127.00 deg.: X-S =       0.002608 mb/sr,

   127.50 deg.: X-S =       0.002608 mb/sr,

   128.00 deg.: X-S =       0.002609 mb/sr,

   128.50 deg.: X-S =       0.002611 mb/sr,

   129.00 deg.: X-S =       0.002615 mb/sr,

   129.50 deg.: X-S =       0.002619 mb/sr,

   130.00 deg.: X-S =       0.002625 mb/sr,

   130.50 deg.: X-S =       0.002631 mb/sr,

   131.00 deg.: X-S =       0.002639 mb/sr,

   131.50 deg.: X-S =       0.002648 mb/sr,

   132.00 deg.: X-S =       0.002658 mb/sr,

   132.50 deg.: X-S =       0.002670 mb/sr,

   133.00 deg.: X-S =       0.002683 mb/sr,

   133.50 deg.: X-S =       0.002697 mb/sr,

   134.00 deg.: X-S =       0.002714 mb/sr,

   134.50 deg.: X-S =       0.002732 mb/sr,

   135.00 deg.: X-S =       0.002752 mb/sr,

   135.50 deg.: X-S =       0.002774 mb/sr,

   136.00 deg.: X-S =       0.002798 mb/sr,

   136.50 deg.: X-S =       0.002826 mb/sr,

   137.00 deg.: X-S =       0.002856 mb/sr,

   137.50 deg.: X-S =       0.002889 mb/sr,

   138.00 deg.: X-S =       0.002924 mb/sr,

   138.50 deg.: X-S =       0.002964 mb/sr,

   139.00 deg.: X-S =       0.003006 mb/sr,

   139.50 deg.: X-S =       0.003051 mb/sr,

   140.00 deg.: X-S =       0.003100 mb/sr,

   140.50 deg.: X-S =       0.003151 mb/sr,

   141.00 deg.: X-S =       0.003206 mb/sr,

   141.50 deg.: X-S =       0.003264 mb/sr,

   142.00 deg.: X-S =       0.003324 mb/sr,

   142.50 deg.: X-S =       0.003387 mb/sr,

   143.00 deg.: X-S =       0.003452 mb/sr,

   143.50 deg.: X-S =       0.003519 mb/sr,

   144.00 deg.: X-S =       0.003589 mb/sr,

   144.50 deg.: X-S =       0.003660 mb/sr,

   145.00 deg.: X-S =       0.003733 mb/sr,

   145.50 deg.: X-S =       0.003807 mb/sr,

   146.00 deg.: X-S =       0.003883 mb/sr,

   146.50 deg.: X-S =       0.003959 mb/sr,

   147.00 deg.: X-S =       0.004036 mb/sr,

   147.50 deg.: X-S =       0.004114 mb/sr,

   148.00 deg.: X-S =       0.004191 mb/sr,

   148.50 deg.: X-S =       0.004267 mb/sr,

   149.00 deg.: X-S =       0.004343 mb/sr,

   149.50 deg.: X-S =       0.004416 mb/sr,

   150.00 deg.: X-S =       0.004488 mb/sr,

   150.50 deg.: X-S =       0.004557 mb/sr,

   151.00 deg.: X-S =       0.004623 mb/sr,

   151.50 deg.: X-S =       0.004686 mb/sr,

   152.00 deg.: X-S =       0.004744 mb/sr,

   152.50 deg.: X-S =       0.004798 mb/sr,

   153.00 deg.: X-S =       0.004847 mb/sr,

   153.50 deg.: X-S =       0.004891 mb/sr,

   154.00 deg.: X-S =       0.004930 mb/sr,

   154.50 deg.: X-S =       0.004963 mb/sr,

   155.00 deg.: X-S =       0.004991 mb/sr,

   155.50 deg.: X-S =       0.005012 mb/sr,

   156.00 deg.: X-S =       0.005028 mb/sr,

   156.50 deg.: X-S =       0.005038 mb/sr,

   157.00 deg.: X-S =       0.005041 mb/sr,

   157.50 deg.: X-S =       0.005039 mb/sr,

   158.00 deg.: X-S =       0.005030 mb/sr,

   158.50 deg.: X-S =       0.005015 mb/sr,

   159.00 deg.: X-S =       0.004993 mb/sr,

   159.50 deg.: X-S =       0.004966 mb/sr,

   160.00 deg.: X-S =       0.004931 mb/sr,

   160.50 deg.: X-S =       0.004891 mb/sr,

   161.00 deg.: X-S =       0.004845 mb/sr,

   161.50 deg.: X-S =       0.004793 mb/sr,

   162.00 deg.: X-S =       0.004735 mb/sr,

   162.50 deg.: X-S =       0.004671 mb/sr,

   163.00 deg.: X-S =       0.004603 mb/sr,

   163.50 deg.: X-S =       0.004531 mb/sr,

   164.00 deg.: X-S =       0.004454 mb/sr,

   164.50 deg.: X-S =       0.004373 mb/sr,

   165.00 deg.: X-S =       0.004290 mb/sr,

   165.50 deg.: X-S =       0.004204 mb/sr,

   166.00 deg.: X-S =       0.004115 mb/sr,

   166.50 deg.: X-S =       0.004025 mb/sr,

   167.00 deg.: X-S =       0.003934 mb/sr,

   167.50 deg.: X-S =       0.003842 mb/sr,

   168.00 deg.: X-S =       0.003749 mb/sr,

   168.50 deg.: X-S =       0.003656 mb/sr,

   169.00 deg.: X-S =       0.003563 mb/sr,

   169.50 deg.: X-S =       0.003471 mb/sr,

   170.00 deg.: X-S =       0.003380 mb/sr,

   170.50 deg.: X-S =       0.003290 mb/sr,

   171.00 deg.: X-S =       0.003202 mb/sr,

   171.50 deg.: X-S =       0.003116 mb/sr,

   172.00 deg.: X-S =       0.003032 mb/sr,

   172.50 deg.: X-S =       0.002952 mb/sr,

   173.00 deg.: X-S =       0.002875 mb/sr,

   173.50 deg.: X-S =       0.002802 mb/sr,

   174.00 deg.: X-S =       0.002733 mb/sr,

   174.50 deg.: X-S =       0.002669 mb/sr,

   175.00 deg.: X-S =       0.002609 mb/sr,

   175.50 deg.: X-S =       0.002555 mb/sr,

   176.00 deg.: X-S =       0.002507 mb/sr,

   176.50 deg.: X-S =       0.002464 mb/sr,

   177.00 deg.: X-S =       0.002426 mb/sr,

   177.50 deg.: X-S =       0.002395 mb/sr,

   178.00 deg.: X-S =       0.002369 mb/sr,

   178.50 deg.: X-S =       0.002349 mb/sr,

   179.00 deg.: X-S =       0.002334 mb/sr,

   179.50 deg.: X-S =       0.002326 mb/sr,

   180.00 deg.: X-S =       0.002323 mb/sr,

                                           Integrated  1.6677E-01 mb, over [   0.000, 180.000] at    32.0000 MeV 

 CROSS SECTIONS FOR OUTGOING 2H       & 13C_L4   in state #   1 with spins & parities 1.0  + &  2.5  -;  0

     0.00 deg.: X-S =       0.109719 mb/sr,
+                                         REAC   1.4460E-01 mb

     0.50 deg.: X-S =       0.109715 mb/sr,

     1.00 deg.: X-S =       0.109705 mb/sr,

     1.50 deg.: X-S =       0.109687 mb/sr,

     2.00 deg.: X-S =       0.109663 mb/sr,

     2.50 deg.: X-S =       0.109632 mb/sr,

     3.00 deg.: X-S =       0.109594 mb/sr,

     3.50 deg.: X-S =       0.109549 mb/sr,

     4.00 deg.: X-S =       0.109497 mb/sr,

     4.50 deg.: X-S =       0.109436 mb/sr,

     5.00 deg.: X-S =       0.109365 mb/sr,

     5.50 deg.: X-S =       0.109283 mb/sr,

     6.00 deg.: X-S =       0.109187 mb/sr,

     6.50 deg.: X-S =       0.109076 mb/sr,

     7.00 deg.: X-S =       0.108946 mb/sr,

     7.50 deg.: X-S =       0.108795 mb/sr,

     8.00 deg.: X-S =       0.108619 mb/sr,

     8.50 deg.: X-S =       0.108417 mb/sr,

     9.00 deg.: X-S =       0.108185 mb/sr,

     9.50 deg.: X-S =       0.107920 mb/sr,

    10.00 deg.: X-S =       0.107620 mb/sr,

    10.50 deg.: X-S =       0.107283 mb/sr,

    11.00 deg.: X-S =       0.106906 mb/sr,

    11.50 deg.: X-S =       0.106489 mb/sr,

    12.00 deg.: X-S =       0.106029 mb/sr,

    12.50 deg.: X-S =       0.105524 mb/sr,

    13.00 deg.: X-S =       0.104974 mb/sr,

    13.50 deg.: X-S =       0.104377 mb/sr,

    14.00 deg.: X-S =       0.103731 mb/sr,

    14.50 deg.: X-S =       0.103035 mb/sr,

    15.00 deg.: X-S =       0.102288 mb/sr,

    15.50 deg.: X-S =       0.101489 mb/sr,

    16.00 deg.: X-S =       0.100635 mb/sr,

    16.50 deg.: X-S =       0.099726 mb/sr,

    17.00 deg.: X-S =       0.098761 mb/sr,

    17.50 deg.: X-S =       0.097740 mb/sr,

    18.00 deg.: X-S =       0.096661 mb/sr,

    18.50 deg.: X-S =       0.095525 mb/sr,

    19.00 deg.: X-S =       0.094332 mb/sr,

    19.50 deg.: X-S =       0.093083 mb/sr,

    20.00 deg.: X-S =       0.091781 mb/sr,

    20.50 deg.: X-S =       0.090425 mb/sr,

    21.00 deg.: X-S =       0.089019 mb/sr,

    21.50 deg.: X-S =       0.087566 mb/sr,

    22.00 deg.: X-S =       0.086066 mb/sr,

    22.50 deg.: X-S =       0.084525 mb/sr,

    23.00 deg.: X-S =       0.082943 mb/sr,

    23.50 deg.: X-S =       0.081325 mb/sr,

    24.00 deg.: X-S =       0.079673 mb/sr,

    24.50 deg.: X-S =       0.077990 mb/sr,

    25.00 deg.: X-S =       0.076279 mb/sr,

    25.50 deg.: X-S =       0.074543 mb/sr,

    26.00 deg.: X-S =       0.072786 mb/sr,

    26.50 deg.: X-S =       0.071009 mb/sr,

    27.00 deg.: X-S =       0.069217 mb/sr,

    27.50 deg.: X-S =       0.067412 mb/sr,

    28.00 deg.: X-S =       0.065599 mb/sr,

    28.50 deg.: X-S =       0.063779 mb/sr,

    29.00 deg.: X-S =       0.061959 mb/sr,

    29.50 deg.: X-S =       0.060140 mb/sr,

    30.00 deg.: X-S =       0.058327 mb/sr,

    30.50 deg.: X-S =       0.056523 mb/sr,

    31.00 deg.: X-S =       0.054733 mb/sr,

    31.50 deg.: X-S =       0.052961 mb/sr,

    32.00 deg.: X-S =       0.051209 mb/sr,

    32.50 deg.: X-S =       0.049481 mb/sr,

    33.00 deg.: X-S =       0.047780 mb/sr,

    33.50 deg.: X-S =       0.046109 mb/sr,

    34.00 deg.: X-S =       0.044470 mb/sr,

    34.50 deg.: X-S =       0.042866 mb/sr,

    35.00 deg.: X-S =       0.041298 mb/sr,

    35.50 deg.: X-S =       0.039768 mb/sr,

    36.00 deg.: X-S =       0.038277 mb/sr,

    36.50 deg.: X-S =       0.036828 mb/sr,

    37.00 deg.: X-S =       0.035420 mb/sr,

    37.50 deg.: X-S =       0.034055 mb/sr,

    38.00 deg.: X-S =       0.032734 mb/sr,

    38.50 deg.: X-S =       0.031458 mb/sr,

    39.00 deg.: X-S =       0.030226 mb/sr,

    39.50 deg.: X-S =       0.029041 mb/sr,

    40.00 deg.: X-S =       0.027901 mb/sr,

    40.50 deg.: X-S =       0.026807 mb/sr,

    41.00 deg.: X-S =       0.025760 mb/sr,

    41.50 deg.: X-S =       0.024758 mb/sr,

    42.00 deg.: X-S =       0.023802 mb/sr,

    42.50 deg.: X-S =       0.022890 mb/sr,

    43.00 deg.: X-S =       0.022022 mb/sr,

    43.50 deg.: X-S =       0.021196 mb/sr,

    44.00 deg.: X-S =       0.020412 mb/sr,

    44.50 deg.: X-S =       0.019668 mb/sr,

    45.00 deg.: X-S =       0.018961 mb/sr,

    45.50 deg.: X-S =       0.018291 mb/sr,

    46.00 deg.: X-S =       0.017655 mb/sr,

    46.50 deg.: X-S =       0.017053 mb/sr,

    47.00 deg.: X-S =       0.016481 mb/sr,

    47.50 deg.: X-S =       0.015939 mb/sr,

    48.00 deg.: X-S =       0.015424 mb/sr,

    48.50 deg.: X-S =       0.014935 mb/sr,

    49.00 deg.: X-S =       0.014471 mb/sr,

    49.50 deg.: X-S =       0.014029 mb/sr,

    50.00 deg.: X-S =       0.013609 mb/sr,

    50.50 deg.: X-S =       0.013208 mb/sr,

    51.00 deg.: X-S =       0.012826 mb/sr,

    51.50 deg.: X-S =       0.012461 mb/sr,

    52.00 deg.: X-S =       0.012113 mb/sr,

    52.50 deg.: X-S =       0.011778 mb/sr,

    53.00 deg.: X-S =       0.011458 mb/sr,

    53.50 deg.: X-S =       0.011149 mb/sr,

    54.00 deg.: X-S =       0.010851 mb/sr,

    54.50 deg.: X-S =       0.010564 mb/sr,

    55.00 deg.: X-S =       0.010285 mb/sr,

    55.50 deg.: X-S =       0.010015 mb/sr,

    56.00 deg.: X-S =       0.009752 mb/sr,

    56.50 deg.: X-S =       0.009496 mb/sr,

    57.00 deg.: X-S =       0.009246 mb/sr,

    57.50 deg.: X-S =       0.009002 mb/sr,

    58.00 deg.: X-S =       0.008763 mb/sr,

    58.50 deg.: X-S =       0.008529 mb/sr,

    59.00 deg.: X-S =       0.008300 mb/sr,

    59.50 deg.: X-S =       0.008076 mb/sr,

    60.00 deg.: X-S =       0.007856 mb/sr,

    60.50 deg.: X-S =       0.007641 mb/sr,

    61.00 deg.: X-S =       0.007431 mb/sr,

    61.50 deg.: X-S =       0.007224 mb/sr,

    62.00 deg.: X-S =       0.007023 mb/sr,

    62.50 deg.: X-S =       0.006825 mb/sr,

    63.00 deg.: X-S =       0.006632 mb/sr,

    63.50 deg.: X-S =       0.006443 mb/sr,

    64.00 deg.: X-S =       0.006259 mb/sr,

    64.50 deg.: X-S =       0.006079 mb/sr,

    65.00 deg.: X-S =       0.005903 mb/sr,

    65.50 deg.: X-S =       0.005731 mb/sr,

    66.00 deg.: X-S =       0.005563 mb/sr,

    66.50 deg.: X-S =       0.005400 mb/sr,

    67.00 deg.: X-S =       0.005241 mb/sr,

    67.50 deg.: X-S =       0.005086 mb/sr,

    68.00 deg.: X-S =       0.004936 mb/sr,

    68.50 deg.: X-S =       0.004790 mb/sr,

    69.00 deg.: X-S =       0.004649 mb/sr,

    69.50 deg.: X-S =       0.004512 mb/sr,

    70.00 deg.: X-S =       0.004380 mb/sr,

    70.50 deg.: X-S =       0.004252 mb/sr,

    71.00 deg.: X-S =       0.004128 mb/sr,

    71.50 deg.: X-S =       0.004009 mb/sr,

    72.00 deg.: X-S =       0.003894 mb/sr,

    72.50 deg.: X-S =       0.003784 mb/sr,

    73.00 deg.: X-S =       0.003677 mb/sr,

    73.50 deg.: X-S =       0.003575 mb/sr,

    74.00 deg.: X-S =       0.003477 mb/sr,

    74.50 deg.: X-S =       0.003382 mb/sr,

    75.00 deg.: X-S =       0.003292 mb/sr,

    75.50 deg.: X-S =       0.003205 mb/sr,

    76.00 deg.: X-S =       0.003122 mb/sr,

    76.50 deg.: X-S =       0.003043 mb/sr,

    77.00 deg.: X-S =       0.002967 mb/sr,

    77.50 deg.: X-S =       0.002894 mb/sr,

    78.00 deg.: X-S =       0.002825 mb/sr,

    78.50 deg.: X-S =       0.002760 mb/sr,

    79.00 deg.: X-S =       0.002697 mb/sr,

    79.50 deg.: X-S =       0.002638 mb/sr,

    80.00 deg.: X-S =       0.002582 mb/sr,

    80.50 deg.: X-S =       0.002529 mb/sr,

    81.00 deg.: X-S =       0.002479 mb/sr,

    81.50 deg.: X-S =       0.002432 mb/sr,

    82.00 deg.: X-S =       0.002388 mb/sr,

    82.50 deg.: X-S =       0.002346 mb/sr,

    83.00 deg.: X-S =       0.002307 mb/sr,

    83.50 deg.: X-S =       0.002271 mb/sr,

    84.00 deg.: X-S =       0.002237 mb/sr,

    84.50 deg.: X-S =       0.002205 mb/sr,

    85.00 deg.: X-S =       0.002176 mb/sr,

    85.50 deg.: X-S =       0.002149 mb/sr,

    86.00 deg.: X-S =       0.002124 mb/sr,

    86.50 deg.: X-S =       0.002101 mb/sr,

    87.00 deg.: X-S =       0.002080 mb/sr,

    87.50 deg.: X-S =       0.002060 mb/sr,

    88.00 deg.: X-S =       0.002043 mb/sr,

    88.50 deg.: X-S =       0.002027 mb/sr,

    89.00 deg.: X-S =       0.002013 mb/sr,

    89.50 deg.: X-S =       0.002000 mb/sr,

    90.00 deg.: X-S =       0.001988 mb/sr,

    90.50 deg.: X-S =       0.001977 mb/sr,

    91.00 deg.: X-S =       0.001968 mb/sr,

    91.50 deg.: X-S =       0.001959 mb/sr,

    92.00 deg.: X-S =       0.001951 mb/sr,

    92.50 deg.: X-S =       0.001943 mb/sr,

    93.00 deg.: X-S =       0.001935 mb/sr,

    93.50 deg.: X-S =       0.001928 mb/sr,

    94.00 deg.: X-S =       0.001922 mb/sr,

    94.50 deg.: X-S =       0.001915 mb/sr,

    95.00 deg.: X-S =       0.001908 mb/sr,

    95.50 deg.: X-S =       0.001901 mb/sr,

    96.00 deg.: X-S =       0.001894 mb/sr,

    96.50 deg.: X-S =       0.001886 mb/sr,

    97.00 deg.: X-S =       0.001878 mb/sr,

    97.50 deg.: X-S =       0.001870 mb/sr,

    98.00 deg.: X-S =       0.001861 mb/sr,

    98.50 deg.: X-S =       0.001852 mb/sr,

    99.00 deg.: X-S =       0.001841 mb/sr,

    99.50 deg.: X-S =       0.001830 mb/sr,

   100.00 deg.: X-S =       0.001818 mb/sr,

   100.50 deg.: X-S =       0.001806 mb/sr,

   101.00 deg.: X-S =       0.001792 mb/sr,

   101.50 deg.: X-S =       0.001777 mb/sr,

   102.00 deg.: X-S =       0.001760 mb/sr,

   102.50 deg.: X-S =       0.001743 mb/sr,

   103.00 deg.: X-S =       0.001724 mb/sr,

   103.50 deg.: X-S =       0.001704 mb/sr,

   104.00 deg.: X-S =       0.001683 mb/sr,

   104.50 deg.: X-S =       0.001661 mb/sr,

   105.00 deg.: X-S =       0.001637 mb/sr,

   105.50 deg.: X-S =       0.001613 mb/sr,

   106.00 deg.: X-S =       0.001588 mb/sr,

   106.50 deg.: X-S =       0.001562 mb/sr,

   107.00 deg.: X-S =       0.001535 mb/sr,

   107.50 deg.: X-S =       0.001508 mb/sr,

   108.00 deg.: X-S =       0.001480 mb/sr,

   108.50 deg.: X-S =       0.001452 mb/sr,

   109.00 deg.: X-S =       0.001424 mb/sr,

   109.50 deg.: X-S =       0.001395 mb/sr,

   110.00 deg.: X-S =       0.001366 mb/sr,

   110.50 deg.: X-S =       0.001338 mb/sr,

   111.00 deg.: X-S =       0.001309 mb/sr,

   111.50 deg.: X-S =       0.001281 mb/sr,

   112.00 deg.: X-S =       0.001252 mb/sr,

   112.50 deg.: X-S =       0.001224 mb/sr,

   113.00 deg.: X-S =       0.001197 mb/sr,

   113.50 deg.: X-S =       0.001170 mb/sr,

   114.00 deg.: X-S =       0.001143 mb/sr,

   114.50 deg.: X-S =       0.001118 mb/sr,

   115.00 deg.: X-S =       0.001093 mb/sr,

   115.50 deg.: X-S =       0.001069 mb/sr,

   116.00 deg.: X-S =       0.001047 mb/sr,

   116.50 deg.: X-S =       0.001026 mb/sr,

   117.00 deg.: X-S =       0.001007 mb/sr,

   117.50 deg.: X-S =       0.000989 mb/sr,

   118.00 deg.: X-S =       0.000973 mb/sr,

   118.50 deg.: X-S =       0.000959 mb/sr,

   119.00 deg.: X-S =       0.000947 mb/sr,

   119.50 deg.: X-S =       0.000937 mb/sr,

   120.00 deg.: X-S =       0.000929 mb/sr,

   120.50 deg.: X-S =       0.000923 mb/sr,

   121.00 deg.: X-S =       0.000919 mb/sr,

   121.50 deg.: X-S =       0.000916 mb/sr,

   122.00 deg.: X-S =       0.000916 mb/sr,

   122.50 deg.: X-S =       0.000918 mb/sr,

   123.00 deg.: X-S =       0.000921 mb/sr,

   123.50 deg.: X-S =       0.000926 mb/sr,

   124.00 deg.: X-S =       0.000933 mb/sr,

   124.50 deg.: X-S =       0.000942 mb/sr,

   125.00 deg.: X-S =       0.000953 mb/sr,

   125.50 deg.: X-S =       0.000965 mb/sr,

   126.00 deg.: X-S =       0.000979 mb/sr,

   126.50 deg.: X-S =       0.000995 mb/sr,

   127.00 deg.: X-S =       0.001012 mb/sr,

   127.50 deg.: X-S =       0.001031 mb/sr,

   128.00 deg.: X-S =       0.001051 mb/sr,

   128.50 deg.: X-S =       0.001072 mb/sr,

   129.00 deg.: X-S =       0.001094 mb/sr,

   129.50 deg.: X-S =       0.001118 mb/sr,

   130.00 deg.: X-S =       0.001142 mb/sr,

   130.50 deg.: X-S =       0.001167 mb/sr,

   131.00 deg.: X-S =       0.001192 mb/sr,

   131.50 deg.: X-S =       0.001218 mb/sr,

   132.00 deg.: X-S =       0.001243 mb/sr,

   132.50 deg.: X-S =       0.001269 mb/sr,

   133.00 deg.: X-S =       0.001294 mb/sr,

   133.50 deg.: X-S =       0.001319 mb/sr,

   134.00 deg.: X-S =       0.001343 mb/sr,

   134.50 deg.: X-S =       0.001366 mb/sr,

   135.00 deg.: X-S =       0.001389 mb/sr,

   135.50 deg.: X-S =       0.001411 mb/sr,

   136.00 deg.: X-S =       0.001432 mb/sr,

   136.50 deg.: X-S =       0.001452 mb/sr,

   137.00 deg.: X-S =       0.001472 mb/sr,

   137.50 deg.: X-S =       0.001490 mb/sr,

   138.00 deg.: X-S =       0.001507 mb/sr,

   138.50 deg.: X-S =       0.001522 mb/sr,

   139.00 deg.: X-S =       0.001537 mb/sr,

   139.50 deg.: X-S =       0.001550 mb/sr,

   140.00 deg.: X-S =       0.001562 mb/sr,

   140.50 deg.: X-S =       0.001572 mb/sr,

   141.00 deg.: X-S =       0.001580 mb/sr,

   141.50 deg.: X-S =       0.001587 mb/sr,

   142.00 deg.: X-S =       0.001592 mb/sr,

   142.50 deg.: X-S =       0.001595 mb/sr,

   143.00 deg.: X-S =       0.001596 mb/sr,

   143.50 deg.: X-S =       0.001596 mb/sr,

   144.00 deg.: X-S =       0.001594 mb/sr,

   144.50 deg.: X-S =       0.001591 mb/sr,

   145.00 deg.: X-S =       0.001586 mb/sr,

   145.50 deg.: X-S =       0.001580 mb/sr,

   146.00 deg.: X-S =       0.001572 mb/sr,

   146.50 deg.: X-S =       0.001564 mb/sr,

   147.00 deg.: X-S =       0.001555 mb/sr,

   147.50 deg.: X-S =       0.001545 mb/sr,

   148.00 deg.: X-S =       0.001534 mb/sr,

   148.50 deg.: X-S =       0.001523 mb/sr,

   149.00 deg.: X-S =       0.001512 mb/sr,

   149.50 deg.: X-S =       0.001500 mb/sr,

   150.00 deg.: X-S =       0.001487 mb/sr,

   150.50 deg.: X-S =       0.001475 mb/sr,

   151.00 deg.: X-S =       0.001462 mb/sr,

   151.50 deg.: X-S =       0.001450 mb/sr,

   152.00 deg.: X-S =       0.001437 mb/sr,

   152.50 deg.: X-S =       0.001424 mb/sr,

   153.00 deg.: X-S =       0.001411 mb/sr,

   153.50 deg.: X-S =       0.001398 mb/sr,

   154.00 deg.: X-S =       0.001386 mb/sr,

   154.50 deg.: X-S =       0.001374 mb/sr,

   155.00 deg.: X-S =       0.001362 mb/sr,

   155.50 deg.: X-S =       0.001351 mb/sr,

   156.00 deg.: X-S =       0.001341 mb/sr,

   156.50 deg.: X-S =       0.001332 mb/sr,

   157.00 deg.: X-S =       0.001323 mb/sr,

   157.50 deg.: X-S =       0.001316 mb/sr,

   158.00 deg.: X-S =       0.001310 mb/sr,

   158.50 deg.: X-S =       0.001306 mb/sr,

   159.00 deg.: X-S =       0.001302 mb/sr,

   159.50 deg.: X-S =       0.001300 mb/sr,

   160.00 deg.: X-S =       0.001298 mb/sr,

   160.50 deg.: X-S =       0.001298 mb/sr,

   161.00 deg.: X-S =       0.001299 mb/sr,

   161.50 deg.: X-S =       0.001300 mb/sr,

   162.00 deg.: X-S =       0.001303 mb/sr,

   162.50 deg.: X-S =       0.001306 mb/sr,

   163.00 deg.: X-S =       0.001310 mb/sr,

   163.50 deg.: X-S =       0.001314 mb/sr,

   164.00 deg.: X-S =       0.001319 mb/sr,

   164.50 deg.: X-S =       0.001325 mb/sr,

   165.00 deg.: X-S =       0.001331 mb/sr,

   165.50 deg.: X-S =       0.001338 mb/sr,

   166.00 deg.: X-S =       0.001345 mb/sr,

   166.50 deg.: X-S =       0.001353 mb/sr,

   167.00 deg.: X-S =       0.001361 mb/sr,

   167.50 deg.: X-S =       0.001370 mb/sr,

   168.00 deg.: X-S =       0.001380 mb/sr,

   168.50 deg.: X-S =       0.001390 mb/sr,

   169.00 deg.: X-S =       0.001400 mb/sr,

   169.50 deg.: X-S =       0.001411 mb/sr,

   170.00 deg.: X-S =       0.001422 mb/sr,

   170.50 deg.: X-S =       0.001433 mb/sr,

   171.00 deg.: X-S =       0.001444 mb/sr,

   171.50 deg.: X-S =       0.001455 mb/sr,

   172.00 deg.: X-S =       0.001466 mb/sr,

   172.50 deg.: X-S =       0.001476 mb/sr,

   173.00 deg.: X-S =       0.001486 mb/sr,

   173.50 deg.: X-S =       0.001495 mb/sr,

   174.00 deg.: X-S =       0.001503 mb/sr,

   174.50 deg.: X-S =       0.001510 mb/sr,

   175.00 deg.: X-S =       0.001517 mb/sr,

   175.50 deg.: X-S =       0.001522 mb/sr,

   176.00 deg.: X-S =       0.001527 mb/sr,

   176.50 deg.: X-S =       0.001531 mb/sr,

   177.00 deg.: X-S =       0.001535 mb/sr,

   177.50 deg.: X-S =       0.001537 mb/sr,

   178.00 deg.: X-S =       0.001539 mb/sr,

   178.50 deg.: X-S =       0.001541 mb/sr,

   179.00 deg.: X-S =       0.001542 mb/sr,

   179.50 deg.: X-S =       0.001542 mb/sr,

   180.00 deg.: X-S =       0.001543 mb/sr,

                                           Integrated  1.4459E-01 mb, over [   0.000, 180.000] at    32.0000 MeV 

 CROSS SECTIONS FOR OUTGOING 2H       & 13C_L24  in state #   1 with spins & parities 1.0  + &  2.5  -;  0

     0.00 deg.: X-S =       0.447648 mb/sr,
+                                         REAC   3.1143E-01 mb

     0.50 deg.: X-S =       0.447366 mb/sr,

     1.00 deg.: X-S =       0.446523 mb/sr,

     1.50 deg.: X-S =       0.445121 mb/sr,

     2.00 deg.: X-S =       0.443167 mb/sr,

     2.50 deg.: X-S =       0.440672 mb/sr,

     3.00 deg.: X-S =       0.437645 mb/sr,

     3.50 deg.: X-S =       0.434100 mb/sr,

     4.00 deg.: X-S =       0.430053 mb/sr,

     4.50 deg.: X-S =       0.425520 mb/sr,

     5.00 deg.: X-S =       0.420520 mb/sr,

     5.50 deg.: X-S =       0.415071 mb/sr,

     6.00 deg.: X-S =       0.409195 mb/sr,

     6.50 deg.: X-S =       0.402914 mb/sr,

     7.00 deg.: X-S =       0.396251 mb/sr,

     7.50 deg.: X-S =       0.389230 mb/sr,

     8.00 deg.: X-S =       0.381875 mb/sr,

     8.50 deg.: X-S =       0.374215 mb/sr,

     9.00 deg.: X-S =       0.366275 mb/sr,

     9.50 deg.: X-S =       0.358085 mb/sr,

    10.00 deg.: X-S =       0.349675 mb/sr,

    10.50 deg.: X-S =       0.341074 mb/sr,

    11.00 deg.: X-S =       0.332313 mb/sr,

    11.50 deg.: X-S =       0.323424 mb/sr,

    12.00 deg.: X-S =       0.314437 mb/sr,

    12.50 deg.: X-S =       0.305383 mb/sr,

    13.00 deg.: X-S =       0.296293 mb/sr,

    13.50 deg.: X-S =       0.287195 mb/sr,

    14.00 deg.: X-S =       0.278117 mb/sr,

    14.50 deg.: X-S =       0.269087 mb/sr,

    15.00 deg.: X-S =       0.260128 mb/sr,

    15.50 deg.: X-S =       0.251264 mb/sr,

    16.00 deg.: X-S =       0.242518 mb/sr,

    16.50 deg.: X-S =       0.233907 mb/sr,

    17.00 deg.: X-S =       0.225452 mb/sr,

    17.50 deg.: X-S =       0.217167 mb/sr,

    18.00 deg.: X-S =       0.209067 mb/sr,

    18.50 deg.: X-S =       0.201167 mb/sr,

    19.00 deg.: X-S =       0.193477 mb/sr,

    19.50 deg.: X-S =       0.186007 mb/sr,

    20.00 deg.: X-S =       0.178767 mb/sr,

    20.50 deg.: X-S =       0.171763 mb/sr,

    21.00 deg.: X-S =       0.165003 mb/sr,

    21.50 deg.: X-S =       0.158490 mb/sr,

    22.00 deg.: X-S =       0.152228 mb/sr,

    22.50 deg.: X-S =       0.146219 mb/sr,

    23.00 deg.: X-S =       0.140462 mb/sr,

    23.50 deg.: X-S =       0.134958 mb/sr,

    24.00 deg.: X-S =       0.129705 mb/sr,

    24.50 deg.: X-S =       0.124698 mb/sr,

    25.00 deg.: X-S =       0.119933 mb/sr,

    25.50 deg.: X-S =       0.115404 mb/sr,

    26.00 deg.: X-S =       0.111106 mb/sr,

    26.50 deg.: X-S =       0.107031 mb/sr,

    27.00 deg.: X-S =       0.103170 mb/sr,

    27.50 deg.: X-S =       0.099515 mb/sr,

    28.00 deg.: X-S =       0.096058 mb/sr,

    28.50 deg.: X-S =       0.092788 mb/sr,

    29.00 deg.: X-S =       0.089697 mb/sr,

    29.50 deg.: X-S =       0.086774 mb/sr,

    30.00 deg.: X-S =       0.084010 mb/sr,

    30.50 deg.: X-S =       0.081394 mb/sr,

    31.00 deg.: X-S =       0.078916 mb/sr,

    31.50 deg.: X-S =       0.076566 mb/sr,

    32.00 deg.: X-S =       0.074334 mb/sr,

    32.50 deg.: X-S =       0.072208 mb/sr,

    33.00 deg.: X-S =       0.070180 mb/sr,

    33.50 deg.: X-S =       0.068240 mb/sr,

    34.00 deg.: X-S =       0.066378 mb/sr,

    34.50 deg.: X-S =       0.064584 mb/sr,

    35.00 deg.: X-S =       0.062852 mb/sr,

    35.50 deg.: X-S =       0.061172 mb/sr,

    36.00 deg.: X-S =       0.059538 mb/sr,

    36.50 deg.: X-S =       0.057943 mb/sr,

    37.00 deg.: X-S =       0.056382 mb/sr,

    37.50 deg.: X-S =       0.054851 mb/sr,

    38.00 deg.: X-S =       0.053346 mb/sr,

    38.50 deg.: X-S =       0.051863 mb/sr,

    39.00 deg.: X-S =       0.050402 mb/sr,

    39.50 deg.: X-S =       0.048959 mb/sr,

    40.00 deg.: X-S =       0.047536 mb/sr,

    40.50 deg.: X-S =       0.046131 mb/sr,

    41.00 deg.: X-S =       0.044746 mb/sr,

    41.50 deg.: X-S =       0.043380 mb/sr,

    42.00 deg.: X-S =       0.042036 mb/sr,

    42.50 deg.: X-S =       0.040714 mb/sr,

    43.00 deg.: X-S =       0.039416 mb/sr,

    43.50 deg.: X-S =       0.038144 mb/sr,

    44.00 deg.: X-S =       0.036900 mb/sr,

    44.50 deg.: X-S =       0.035685 mb/sr,

    45.00 deg.: X-S =       0.034501 mb/sr,

    45.50 deg.: X-S =       0.033351 mb/sr,

    46.00 deg.: X-S =       0.032235 mb/sr,

    46.50 deg.: X-S =       0.031156 mb/sr,

    47.00 deg.: X-S =       0.030115 mb/sr,

    47.50 deg.: X-S =       0.029114 mb/sr,

    48.00 deg.: X-S =       0.028153 mb/sr,

    48.50 deg.: X-S =       0.027233 mb/sr,

    49.00 deg.: X-S =       0.026354 mb/sr,

    49.50 deg.: X-S =       0.025518 mb/sr,

    50.00 deg.: X-S =       0.024724 mb/sr,

    50.50 deg.: X-S =       0.023971 mb/sr,

    51.00 deg.: X-S =       0.023260 mb/sr,

    51.50 deg.: X-S =       0.022588 mb/sr,

    52.00 deg.: X-S =       0.021956 mb/sr,

    52.50 deg.: X-S =       0.021361 mb/sr,

    53.00 deg.: X-S =       0.020803 mb/sr,

    53.50 deg.: X-S =       0.020279 mb/sr,

    54.00 deg.: X-S =       0.019788 mb/sr,

    54.50 deg.: X-S =       0.019328 mb/sr,

    55.00 deg.: X-S =       0.018898 mb/sr,

    55.50 deg.: X-S =       0.018495 mb/sr,

    56.00 deg.: X-S =       0.018119 mb/sr,

    56.50 deg.: X-S =       0.017767 mb/sr,

    57.00 deg.: X-S =       0.017438 mb/sr,

    57.50 deg.: X-S =       0.017131 mb/sr,

    58.00 deg.: X-S =       0.016844 mb/sr,

    58.50 deg.: X-S =       0.016576 mb/sr,

    59.00 deg.: X-S =       0.016325 mb/sr,

    59.50 deg.: X-S =       0.016090 mb/sr,

    60.00 deg.: X-S =       0.015870 mb/sr,

    60.50 deg.: X-S =       0.015664 mb/sr,

    61.00 deg.: X-S =       0.015471 mb/sr,

    61.50 deg.: X-S =       0.015289 mb/sr,

    62.00 deg.: X-S =       0.015118 mb/sr,

    62.50 deg.: X-S =       0.014956 mb/sr,

    63.00 deg.: X-S =       0.014803 mb/sr,

    63.50 deg.: X-S =       0.014657 mb/sr,

    64.00 deg.: X-S =       0.014518 mb/sr,

    64.50 deg.: X-S =       0.014385 mb/sr,

    65.00 deg.: X-S =       0.014257 mb/sr,

    65.50 deg.: X-S =       0.014133 mb/sr,

    66.00 deg.: X-S =       0.014012 mb/sr,

    66.50 deg.: X-S =       0.013894 mb/sr,

    67.00 deg.: X-S =       0.013777 mb/sr,

    67.50 deg.: X-S =       0.013662 mb/sr,

    68.00 deg.: X-S =       0.013546 mb/sr,

    68.50 deg.: X-S =       0.013430 mb/sr,

    69.00 deg.: X-S =       0.013312 mb/sr,

    69.50 deg.: X-S =       0.013192 mb/sr,

    70.00 deg.: X-S =       0.013069 mb/sr,

    70.50 deg.: X-S =       0.012942 mb/sr,

    71.00 deg.: X-S =       0.012811 mb/sr,

    71.50 deg.: X-S =       0.012674 mb/sr,

    72.00 deg.: X-S =       0.012532 mb/sr,

    72.50 deg.: X-S =       0.012383 mb/sr,

    73.00 deg.: X-S =       0.012227 mb/sr,

    73.50 deg.: X-S =       0.012065 mb/sr,

    74.00 deg.: X-S =       0.011894 mb/sr,

    74.50 deg.: X-S =       0.011717 mb/sr,

    75.00 deg.: X-S =       0.011531 mb/sr,

    75.50 deg.: X-S =       0.011338 mb/sr,

    76.00 deg.: X-S =       0.011137 mb/sr,

    76.50 deg.: X-S =       0.010928 mb/sr,

    77.00 deg.: X-S =       0.010713 mb/sr,

    77.50 deg.: X-S =       0.010490 mb/sr,

    78.00 deg.: X-S =       0.010262 mb/sr,

    78.50 deg.: X-S =       0.010027 mb/sr,

    79.00 deg.: X-S =       0.009787 mb/sr,

    79.50 deg.: X-S =       0.009543 mb/sr,

    80.00 deg.: X-S =       0.009295 mb/sr,

    80.50 deg.: X-S =       0.009044 mb/sr,

    81.00 deg.: X-S =       0.008792 mb/sr,

    81.50 deg.: X-S =       0.008538 mb/sr,

    82.00 deg.: X-S =       0.008284 mb/sr,

    82.50 deg.: X-S =       0.008032 mb/sr,

    83.00 deg.: X-S =       0.007781 mb/sr,

    83.50 deg.: X-S =       0.007534 mb/sr,

    84.00 deg.: X-S =       0.007290 mb/sr,

    84.50 deg.: X-S =       0.007052 mb/sr,

    85.00 deg.: X-S =       0.006820 mb/sr,

    85.50 deg.: X-S =       0.006595 mb/sr,

    86.00 deg.: X-S =       0.006378 mb/sr,

    86.50 deg.: X-S =       0.006170 mb/sr,

    87.00 deg.: X-S =       0.005972 mb/sr,

    87.50 deg.: X-S =       0.005783 mb/sr,

    88.00 deg.: X-S =       0.005606 mb/sr,

    88.50 deg.: X-S =       0.005439 mb/sr,

    89.00 deg.: X-S =       0.005285 mb/sr,

    89.50 deg.: X-S =       0.005142 mb/sr,

    90.00 deg.: X-S =       0.005012 mb/sr,

    90.50 deg.: X-S =       0.004893 mb/sr,

    91.00 deg.: X-S =       0.004788 mb/sr,

    91.50 deg.: X-S =       0.004694 mb/sr,

    92.00 deg.: X-S =       0.004612 mb/sr,

    92.50 deg.: X-S =       0.004542 mb/sr,

    93.00 deg.: X-S =       0.004483 mb/sr,

    93.50 deg.: X-S =       0.004436 mb/sr,

    94.00 deg.: X-S =       0.004398 mb/sr,

    94.50 deg.: X-S =       0.004371 mb/sr,

    95.00 deg.: X-S =       0.004353 mb/sr,

    95.50 deg.: X-S =       0.004343 mb/sr,

    96.00 deg.: X-S =       0.004341 mb/sr,

    96.50 deg.: X-S =       0.004346 mb/sr,

    97.00 deg.: X-S =       0.004357 mb/sr,

    97.50 deg.: X-S =       0.004374 mb/sr,

    98.00 deg.: X-S =       0.004395 mb/sr,

    98.50 deg.: X-S =       0.004420 mb/sr,

    99.00 deg.: X-S =       0.004448 mb/sr,

    99.50 deg.: X-S =       0.004477 mb/sr,

   100.00 deg.: X-S =       0.004508 mb/sr,

   100.50 deg.: X-S =       0.004539 mb/sr,

   101.00 deg.: X-S =       0.004570 mb/sr,

   101.50 deg.: X-S =       0.004599 mb/sr,

   102.00 deg.: X-S =       0.004627 mb/sr,

   102.50 deg.: X-S =       0.004652 mb/sr,

   103.00 deg.: X-S =       0.004674 mb/sr,

   103.50 deg.: X-S =       0.004693 mb/sr,

   104.00 deg.: X-S =       0.004708 mb/sr,

   104.50 deg.: X-S =       0.004718 mb/sr,

   105.00 deg.: X-S =       0.004725 mb/sr,

   105.50 deg.: X-S =       0.004726 mb/sr,

   106.00 deg.: X-S =       0.004724 mb/sr,

   106.50 deg.: X-S =       0.004716 mb/sr,

   107.00 deg.: X-S =       0.004704 mb/sr,

   107.50 deg.: X-S =       0.004687 mb/sr,

   108.00 deg.: X-S =       0.004666 mb/sr,

   108.50 deg.: X-S =       0.004641 mb/sr,

   109.00 deg.: X-S =       0.004612 mb/sr,

   109.50 deg.: X-S =       0.004579 mb/sr,

   110.00 deg.: X-S =       0.004542 mb/sr,

   110.50 deg.: X-S =       0.004502 mb/sr,

   111.00 deg.: X-S =       0.004460 mb/sr,

   111.50 deg.: X-S =       0.004414 mb/sr,

   112.00 deg.: X-S =       0.004367 mb/sr,

   112.50 deg.: X-S =       0.004317 mb/sr,

   113.00 deg.: X-S =       0.004267 mb/sr,

   113.50 deg.: X-S =       0.004215 mb/sr,

   114.00 deg.: X-S =       0.004164 mb/sr,

   114.50 deg.: X-S =       0.004112 mb/sr,

   115.00 deg.: X-S =       0.004060 mb/sr,

   115.50 deg.: X-S =       0.004010 mb/sr,

   116.00 deg.: X-S =       0.003961 mb/sr,

   116.50 deg.: X-S =       0.003914 mb/sr,

   117.00 deg.: X-S =       0.003869 mb/sr,

   117.50 deg.: X-S =       0.003826 mb/sr,

   118.00 deg.: X-S =       0.003786 mb/sr,

   118.50 deg.: X-S =       0.003749 mb/sr,

   119.00 deg.: X-S =       0.003715 mb/sr,

   119.50 deg.: X-S =       0.003685 mb/sr,

   120.00 deg.: X-S =       0.003657 mb/sr,

   120.50 deg.: X-S =       0.003634 mb/sr,

   121.00 deg.: X-S =       0.003613 mb/sr,

   121.50 deg.: X-S =       0.003596 mb/sr,

   122.00 deg.: X-S =       0.003582 mb/sr,

   122.50 deg.: X-S =       0.003571 mb/sr,

   123.00 deg.: X-S =       0.003564 mb/sr,

   123.50 deg.: X-S =       0.003559 mb/sr,

   124.00 deg.: X-S =       0.003558 mb/sr,

   124.50 deg.: X-S =       0.003560 mb/sr,

   125.00 deg.: X-S =       0.003565 mb/sr,

   125.50 deg.: X-S =       0.003573 mb/sr,

   126.00 deg.: X-S =       0.003584 mb/sr,

   126.50 deg.: X-S =       0.003598 mb/sr,

   127.00 deg.: X-S =       0.003614 mb/sr,

   127.50 deg.: X-S =       0.003633 mb/sr,

   128.00 deg.: X-S =       0.003655 mb/sr,

   128.50 deg.: X-S =       0.003679 mb/sr,

   129.00 deg.: X-S =       0.003705 mb/sr,

   129.50 deg.: X-S =       0.003733 mb/sr,

   130.00 deg.: X-S =       0.003763 mb/sr,

   130.50 deg.: X-S =       0.003794 mb/sr,

   131.00 deg.: X-S =       0.003827 mb/sr,

   131.50 deg.: X-S =       0.003861 mb/sr,

   132.00 deg.: X-S =       0.003897 mb/sr,

   132.50 deg.: X-S =       0.003934 mb/sr,

   133.00 deg.: X-S =       0.003972 mb/sr,

   133.50 deg.: X-S =       0.004011 mb/sr,

   134.00 deg.: X-S =       0.004051 mb/sr,

   134.50 deg.: X-S =       0.004093 mb/sr,

   135.00 deg.: X-S =       0.004137 mb/sr,

   135.50 deg.: X-S =       0.004182 mb/sr,

   136.00 deg.: X-S =       0.004228 mb/sr,

   136.50 deg.: X-S =       0.004276 mb/sr,

   137.00 deg.: X-S =       0.004326 mb/sr,

   137.50 deg.: X-S =       0.004378 mb/sr,

   138.00 deg.: X-S =       0.004431 mb/sr,

   138.50 deg.: X-S =       0.004486 mb/sr,

   139.00 deg.: X-S =       0.004543 mb/sr,

   139.50 deg.: X-S =       0.004601 mb/sr,

   140.00 deg.: X-S =       0.004661 mb/sr,

   140.50 deg.: X-S =       0.004722 mb/sr,

   141.00 deg.: X-S =       0.004785 mb/sr,

   141.50 deg.: X-S =       0.004848 mb/sr,

   142.00 deg.: X-S =       0.004913 mb/sr,

   142.50 deg.: X-S =       0.004978 mb/sr,

   143.00 deg.: X-S =       0.005044 mb/sr,

   143.50 deg.: X-S =       0.005111 mb/sr,

   144.00 deg.: X-S =       0.005179 mb/sr,

   144.50 deg.: X-S =       0.005247 mb/sr,

   145.00 deg.: X-S =       0.005316 mb/sr,

   145.50 deg.: X-S =       0.005385 mb/sr,

   146.00 deg.: X-S =       0.005453 mb/sr,

   146.50 deg.: X-S =       0.005522 mb/sr,

   147.00 deg.: X-S =       0.005590 mb/sr,

   147.50 deg.: X-S =       0.005658 mb/sr,

   148.00 deg.: X-S =       0.005724 mb/sr,

   148.50 deg.: X-S =       0.005789 mb/sr,

   149.00 deg.: X-S =       0.005853 mb/sr,

   149.50 deg.: X-S =       0.005914 mb/sr,

   150.00 deg.: X-S =       0.005972 mb/sr,

   150.50 deg.: X-S =       0.006027 mb/sr,

   151.00 deg.: X-S =       0.006080 mb/sr,

   151.50 deg.: X-S =       0.006128 mb/sr,

   152.00 deg.: X-S =       0.006173 mb/sr,

   152.50 deg.: X-S =       0.006213 mb/sr,

   153.00 deg.: X-S =       0.006249 mb/sr,

   153.50 deg.: X-S =       0.006280 mb/sr,

   154.00 deg.: X-S =       0.006307 mb/sr,

   154.50 deg.: X-S =       0.006328 mb/sr,

   155.00 deg.: X-S =       0.006345 mb/sr,

   155.50 deg.: X-S =       0.006356 mb/sr,

   156.00 deg.: X-S =       0.006363 mb/sr,

   156.50 deg.: X-S =       0.006364 mb/sr,

   157.00 deg.: X-S =       0.006360 mb/sr,

   157.50 deg.: X-S =       0.006351 mb/sr,

   158.00 deg.: X-S =       0.006336 mb/sr,

   158.50 deg.: X-S =       0.006316 mb/sr,

   159.00 deg.: X-S =       0.006291 mb/sr,

   159.50 deg.: X-S =       0.006260 mb/sr,

   160.00 deg.: X-S =       0.006225 mb/sr,

   160.50 deg.: X-S =       0.006184 mb/sr,

   161.00 deg.: X-S =       0.006138 mb/sr,

   161.50 deg.: X-S =       0.006087 mb/sr,

   162.00 deg.: X-S =       0.006032 mb/sr,

   162.50 deg.: X-S =       0.005972 mb/sr,

   163.00 deg.: X-S =       0.005908 mb/sr,

   163.50 deg.: X-S =       0.005841 mb/sr,

   164.00 deg.: X-S =       0.005770 mb/sr,

   164.50 deg.: X-S =       0.005697 mb/sr,

   165.00 deg.: X-S =       0.005621 mb/sr,

   165.50 deg.: X-S =       0.005542 mb/sr,

   166.00 deg.: X-S =       0.005462 mb/sr,

   166.50 deg.: X-S =       0.005381 mb/sr,

   167.00 deg.: X-S =       0.005299 mb/sr,

   167.50 deg.: X-S =       0.005217 mb/sr,

   168.00 deg.: X-S =       0.005134 mb/sr,

   168.50 deg.: X-S =       0.005052 mb/sr,

   169.00 deg.: X-S =       0.004970 mb/sr,

   169.50 deg.: X-S =       0.004889 mb/sr,

   170.00 deg.: X-S =       0.004810 mb/sr,

   170.50 deg.: X-S =       0.004731 mb/sr,

   171.00 deg.: X-S =       0.004655 mb/sr,

   171.50 deg.: X-S =       0.004581 mb/sr,

   172.00 deg.: X-S =       0.004509 mb/sr,

   172.50 deg.: X-S =       0.004439 mb/sr,

   173.00 deg.: X-S =       0.004373 mb/sr,

   173.50 deg.: X-S =       0.004310 mb/sr,

   174.00 deg.: X-S =       0.004250 mb/sr,

   174.50 deg.: X-S =       0.004194 mb/sr,

   175.00 deg.: X-S =       0.004142 mb/sr,

   175.50 deg.: X-S =       0.004094 mb/sr,

   176.00 deg.: X-S =       0.004051 mb/sr,

   176.50 deg.: X-S =       0.004012 mb/sr,

   177.00 deg.: X-S =       0.003978 mb/sr,

   177.50 deg.: X-S =       0.003949 mb/sr,

   178.00 deg.: X-S =       0.003926 mb/sr,

   178.50 deg.: X-S =       0.003907 mb/sr,

   179.00 deg.: X-S =       0.003894 mb/sr,

   179.50 deg.: X-S =       0.003885 mb/sr,

   180.00 deg.: X-S =       0.003883 mb/sr,

                                           Integrated  3.1141E-01 mb, over [   0.000, 180.000] at    32.0000 MeV 
 Finished all xsecs @    4.88223076    



 Mean components of Elastic Optical Potential generated by channel couplings of type  1

     0.200     0.0000     0.0000     0.0000     0.0000     0.0000     0.0000
     0.400     0.0000     0.0000     0.0000     0.0000     0.0000     0.0000
     0.600     0.0000     0.0000     0.0000     0.0000     0.0000     0.0000
     0.800     0.0000     0.0000     0.0000     0.0000     0.0000     0.0000
     1.000     0.0000     0.0000     0.0000     0.0000     0.0000     0.0000
     1.200     0.0000     0.0000     0.0000     0.0000     0.0000     0.0000
     1.400     0.0000     0.0000     0.0000     0.0000     0.0000     0.0000
     1.600     0.0000     0.0000     0.0000     0.0000     0.0000     0.0000
     1.800     0.0000     0.0000     0.0000     0.0000     0.0000     0.0000
     2.000     0.0000     0.0000     0.0000     0.0000     0.0000     0.0000
     2.200     0.0000     0.0000     0.0000     0.0000     0.0000     0.0000
     2.400     0.0000     0.0000     0.0000     0.0000     0.0000     0.0000
     2.600     0.0000     0.0000     0.0000     0.0000     0.0000     0.0000
     2.800     0.0000     0.0000     0.0000     0.0000     0.0000     0.0000
     3.000     0.0000     0.0000     0.0000     0.0000     0.0000     0.0000
     3.200     0.0000     0.0000     0.0000     0.0000     0.0000     0.0000
     3.400     0.0000     0.0000     0.0000     0.0000     0.0000     0.0000
     3.600     0.0000     0.0000     0.0000     0.0000     0.0000     0.0000
     3.800     0.0000     0.0000     0.0000     0.0000     0.0000     0.0000
     4.000     0.0000     0.0000     0.0000     0.0000     0.0000     0.0000
     4.200     0.0000     0.0000     0.0000     0.0000     0.0000     0.0000
     4.400     0.0000     0.0000     0.0000     0.0000     0.0000     0.0000
     4.600     0.0000     0.0000     0.0000     0.0000     0.0000     0.0000
     4.800     0.0000     0.0000     0.0000     0.0000     0.0000     0.0000
     5.000     0.0000     0.0000     0.0000     0.0000     0.0000     0.0000
     5.200     0.0000     0.0000     0.0000     0.0000     0.0000     0.0000
     5.400     0.0000     0.0000     0.0000     0.0000     0.0000     0.0000
     5.600     0.0000     0.0000     0.0000     0.0000     0.0000     0.0000
     5.800     0.0000     0.0000     0.0000     0.0000     0.0000     0.0000
     6.000     0.0000     0.0000     0.0000     0.0000     0.0000     0.0000
     6.200     0.0000     0.0000     0.0000     0.0000     0.0000     0.0000
     6.400     0.0000     0.0000     0.0000     0.0000     0.0000     0.0000
     6.600     0.0000     0.0000     0.0000     0.0000     0.0000     0.0000
     6.800     0.0000     0.0000     0.0000     0.0000     0.0000     0.0000
     7.000     0.0000     0.0000     0.0000     0.0000     0.0000     0.0000
     7.200     0.0000     0.0000     0.0000     0.0000     0.0000     0.0000
     7.400     0.0000     0.0000     0.0000     0.0000     0.0000     0.0000
     7.600     0.0000     0.0000     0.0000     0.0000     0.0000     0.0000
     7.800     0.0000     0.0000     0.0000     0.0000     0.0000     0.0000
     8.000     0.0000     0.0000     0.0000     0.0000     0.0000     0.0000
     8.200     0.0000     0.0000     0.0000     0.0000     0.0000     0.0000
     8.400     0.0000     0.0000     0.0000     0.0000     0.0000     0.0000
     8.600     0.0000     0.0000     0.0000     0.0000     0.0000     0.0000
     8.800     0.0000     0.0000     0.0000     0.0000     0.0000     0.0000
     9.000     0.0000     0.0000     0.0000     0.0000     0.0000     0.0000
     9.200     0.0000     0.0000     0.0000     0.0000     0.0000     0.0000
     9.400     0.0000     0.0000     0.0000     0.0000     0.0000     0.0000
     9.600     0.0000     0.0000     0.0000     0.0000     0.0000     0.0000
     9.800     0.0000     0.0000     0.0000     0.0000     0.0000     0.0000
    10.000     0.0000     0.0000     0.0000     0.0000     0.0000     0.0000
    10.200     0.0000     0.0000     0.0000     0.0000     0.0000     0.0000
    10.400     0.0000     0.0000     0.0000     0.0000     0.0000     0.0000
    10.600     0.0000     0.0000     0.0000     0.0000     0.0000     0.0000
    10.800     0.0000     0.0000     0.0000     0.0000     0.0000     0.0000
    11.000     0.0000     0.0000     0.0000     0.0000     0.0000     0.0000
    11.200     0.0000     0.0000     0.0000     0.0000     0.0000     0.0000
    11.400     0.0000     0.0000     0.0000     0.0000     0.0000     0.0000
    11.600     0.0000     0.0000     0.0000     0.0000     0.0000     0.0000
    11.800     0.0000     0.0000     0.0000     0.0000     0.0000     0.0000
    12.000     0.0000     0.0000     0.0000     0.0000     0.0000     0.0000
    12.200     0.0000     0.0000     0.0000     0.0000     0.0000     0.0000
    12.400     0.0000     0.0000     0.0000     0.0000     0.0000     0.0000
    12.600     0.0000     0.0000     0.0000     0.0000     0.0000     0.0000
    12.800     0.0000     0.0000     0.0000     0.0000     0.0000     0.0000
    13.000     0.0000     0.0000     0.0000     0.0000     0.0000     0.0000
    13.200     0.0000     0.0000     0.0000     0.0000     0.0000     0.0000
    13.400     0.0000     0.0000     0.0000     0.0000     0.0000     0.0000
    13.600     0.0000     0.0000     0.0000     0.0000     0.0000     0.0000
    13.800     0.0000     0.0000     0.0000     0.0000     0.0000     0.0000
    14.000     0.0000     0.0000     0.0000     0.0000     0.0000     0.0000
    14.200     0.0000     0.0000     0.0000     0.0000     0.0000     0.0000
    14.400     0.0000     0.0000     0.0000     0.0000     0.0000     0.0000
    14.600     0.0000     0.0000     0.0000     0.0000     0.0000     0.0000
    14.800     0.0000     0.0000     0.0000     0.0000     0.0000     0.0000
    15.000     0.0000     0.0000     0.0000     0.0000     0.0000     0.0000
    15.200     0.0000     0.0000     0.0000     0.0000     0.0000     0.0000
    15.400     0.0000     0.0000     0.0000     0.0000     0.0000     0.0000
    15.600     0.0000     0.0000     0.0000     0.0000     0.0000     0.0000
    15.800     0.0000     0.0000     0.0000     0.0000     0.0000     0.0000
    16.000     0.0000     0.0000     0.0000     0.0000     0.0000     0.0000
    16.200     0.0000     0.0000     0.0000     0.0000     0.0000     0.0000
    16.400     0.0000     0.0000     0.0000     0.0000     0.0000     0.0000
    16.600     0.0000     0.0000     0.0000     0.0000     0.0000     0.0000
    16.800     0.0000     0.0000     0.0000     0.0000     0.0000     0.0000
    17.000     0.0000     0.0000     0.0000     0.0000     0.0000     0.0000
    17.200     0.0000     0.0000     0.0000     0.0000     0.0000     0.0000
    17.400     0.0000     0.0000     0.0000     0.0000     0.0000     0.0000
    17.600     0.0000     0.0000     0.0000     0.0000     0.0000     0.0000
    17.800     0.0000     0.0000     0.0000     0.0000     0.0000     0.0000
    18.000     0.0000     0.0000     0.0000     0.0000     0.0000     0.0000
    18.200     0.0000     0.0000     0.0000     0.0000     0.0000     0.0000
    18.400     0.0000     0.0000     0.0000     0.0000     0.0000     0.0000
    18.600     0.0000     0.0000     0.0000     0.0000     0.0000     0.0000
    18.800     0.0000     0.0000     0.0000     0.0000     0.0000     0.0000
    19.000     0.0000     0.0000     0.0000     0.0000     0.0000     0.0000
    19.200     0.0000     0.0000     0.0000     0.0000     0.0000     0.0000
    19.400     0.0000     0.0000     0.0000     0.0000     0.0000     0.0000
    19.600     0.0000     0.0000     0.0000     0.0000     0.0000     0.0000
    19.800     0.0000     0.0000     0.0000     0.0000     0.0000     0.0000
    20.000     0.0000     0.0000     0.0000     0.0000     0.0000     0.0000
    20.200     0.0000     0.0000     0.0000     0.0000     0.0000     0.0000
    20.400     0.0000     0.0000     0.0000     0.0000     0.0000     0.0000
    20.600     0.0000     0.0000     0.0000     0.0000     0.0000     0.0000
    20.800     0.0000     0.0000     0.0000     0.0000     0.0000     0.0000
    21.000     0.0000     0.0000     0.0000     0.0000     0.0000     0.0000
    21.200     0.0000     0.0000     0.0000     0.0000     0.0000     0.0000
    21.400     0.0000     0.0000     0.0000     0.0000     0.0000     0.0000
    21.600     0.0000     0.0000     0.0000     0.0000     0.0000     0.0000
    21.800     0.0000     0.0000     0.0000     0.0000     0.0000     0.0000
    22.000     0.0000     0.0000     0.0000     0.0000     0.0000     0.0000
    22.200     0.0000     0.0000     0.0000     0.0000     0.0000     0.0000
    22.400     0.0000     0.0000     0.0000     0.0000     0.0000     0.0000
    22.600     0.0000     0.0000     0.0000     0.0000     0.0000     0.0000
    22.800     0.0000     0.0000     0.0000     0.0000     0.0000     0.0000
    23.000     0.0000     0.0000     0.0000     0.0000     0.0000     0.0000
    23.200     0.0000     0.0000     0.0000     0.0000     0.0000     0.0000
    23.400     0.0000     0.0000     0.0000     0.0000     0.0000     0.0000
    23.600     0.0000     0.0000     0.0000     0.0000     0.0000     0.0000
    23.800     0.0000     0.0000     0.0000     0.0000     0.0000     0.0000
    24.000     0.0000     0.0000     0.0000     0.0000     0.0000     0.0000
    24.200     0.0000     0.0000     0.0000     0.0000     0.0000     0.0000
    24.400     0.0000     0.0000     0.0000     0.0000     0.0000     0.0000
    24.600     0.0000     0.0000     0.0000     0.0000     0.0000     0.0000
    24.800     0.0000     0.0000     0.0000     0.0000     0.0000     0.0000
    25.000     0.0000     0.0000     0.0000     0.0000     0.0000     0.0000
    25.200     0.0000     0.0000     0.0000     0.0000     0.0000     0.0000
    25.400     0.0000     0.0000     0.0000     0.0000     0.0000     0.0000
    25.600     0.0000     0.0000     0.0000     0.0000     0.0000     0.0000
    25.800     0.0000     0.0000     0.0000     0.0000     0.0000     0.0000
    26.000     0.0000     0.0000     0.0000     0.0000     0.0000     0.0000
    26.200     0.0000     0.0000     0.0000     0.0000     0.0000     0.0000
    26.400     0.0000     0.0000     0.0000     0.0000     0.0000     0.0000
    26.600     0.0000     0.0000     0.0000     0.0000     0.0000     0.0000
    26.800     0.0000     0.0000     0.0000     0.0000     0.0000     0.0000
    27.000     0.0000     0.0000     0.0000     0.0000     0.0000     0.0000
    27.200     0.0000     0.0000     0.0000     0.0000     0.0000     0.0000
    27.400     0.0000     0.0000     0.0000     0.0000     0.0000     0.0000
    27.600     0.0000     0.0000     0.0000     0.0000     0.0000     0.0000
    27.800     0.0000     0.0000     0.0000     0.0000     0.0000     0.0000
    28.000     0.0000     0.0000     0.0000     0.0000     0.0000     0.0000
    28.200     0.0000     0.0000     0.0000     0.0000     0.0000     0.0000
    28.400     0.0000     0.0000     0.0000     0.0000     0.0000     0.0000
    28.600     0.0000     0.0000     0.0000     0.0000     0.0000     0.0000
    28.800     0.0000     0.0000     0.0000     0.0000     0.0000     0.0000
    29.000     0.0000     0.0000     0.0000     0.0000     0.0000     0.0000
    29.200     0.0000     0.0000     0.0000     0.0000     0.0000     0.0000
    29.400     0.0000     0.0000     0.0000     0.0000     0.0000     0.0000
    29.600     0.0000     0.0000     0.0000     0.0000     0.0000     0.0000
    29.800     0.0000     0.0000     0.0000     0.0000     0.0000     0.0000
    30.000     0.0000     0.0000     0.0000     0.0000     0.0000     0.0000

 BPM: Using the real scalar part of the  Elastic Channel Potential

 Incident energy (cm) =  19.191. Fusion inside radius of   3.897 fm.

0Cumulative FUSION cross section by BPM (case 1)   =  0.873E+03  <L> =     5.94  <L**2> =     40.7

 BPM: Using the real scalar part of the  Elastic Channel Potential
 Including CRC local equivalent potential.

 Incident energy (cm) =  19.191. Fusion inside radius of   3.897 fm.

0Cumulative FUSION cross section by BPM (case 2)   =  0.873E+03  <L> =     5.94  <L**2> =     40.7
0Fusion at  32.000 MeV: Bare =  8.734E+02, Actual =  1.353E+03, BPM-equiv =  8.734E+02 mb

  The following files have been created:
   3:local copy of User input.            6:standard output.                   
  12:transfer kernels.                   13:total cross sections/state.        
  15:local equivalent potentials.        16:tables of cross sections.          
  35:Astrophysics S-factors  / Ecm.      39:cross sections for each Ecm.       
  40:all cross sectns. for each Elab.    46:bs wave functions & ANC ratios.    
  56:Fusion for each Jtotal.             75:S-factors for lab energies.        
  90:average polarisation potential.     91:polarisation potl for rereading.   
 201:Separate cross sections.           202:Separate cross sections.           
 203:Separate cross sections.           204:Separate cross sections.           

 PARAMETERS : MAXQRN   MLOC  LMAX1 MCLIST     MFNL  MPWCOUP
    ALLOWED :      8      9     50      5     1089        0
    REQUIRED:      2      9     35      3      144        0


 ACCURACY ANALYSIS at    32.000 MeV :

  Elastic h*k = 0.182 so OK       compared with 0.200

   Real(S-el) > 0.01 first at J =       0.5
   Real(S-el) > 0.10 first at J =       0.5
   Real(S-el) > 0.50 first at J =       8.5
   Real(S-el) > 0.90 first at J =      10.5
   Real(S-el) > 0.99 first at J =      13.5
   R-turn =    17.21 fm    at J =      30.5

 Forward-angle excitation cut off below   3.029 deg by max JT =      30.5
                              and below   1.720 deg by max R.


 1: Recommended RNL: non-local width >  10.40 cf:  10.00 fm: OK      
    Recommended CENTRE: centration   ~  -0.40 cf:  -0.80 fm


 2: Recommended RNL: non-local width >   9.60 cf:  10.00 fm: OK      
    Recommended CENTRE: centration   ~  -1.40 cf:  -0.80 fm


 3: Recommended RNL: non-local width >  10.40 cf:  10.00 fm: OK      
    Recommended CENTRE: centration   ~  -0.40 cf:  -0.80 fm

 Total CPU  0 time =       4.89 seconds
