Running on jalapeno
 FRESCOX - version 7.2-4-g8e5699f: Coupled Reaction Channels             on gfortran                      

 Assuming NAMELIST input.

 9Be(6Li,d)13C at 32 MeV -- 10.812 MeV L=2/L=4 mixing-ratio scan                                                         

   0.100  30.000   0.200   0.200  10.000  -0.800   0.000   0.000   0.000   0.000

 Centre-of-mass Range is    302 * 0.1000 fm., Maximum at  30.00 fm., Interpolating NL forms every  0.20 fm.
 Non - locality width is     51 * 0.2000 fm., Maximum of  10.00 fm., Centred at -0.80 fm.
 2-Nucleon Separation of      0 * 0.2000 fm., Maximum of   0.00 fm., Minimum at  0.00 fm.
 Maximum single particle bins of 30.0000 fm.
               M,Mint =          301         301


 Range of total J is     0.0 <= J <=    30.0 (at least     0.0) and Absorbtion =>     0.0000 mb.
 Dry Run = F, CC set limits =  0  0, Relativistic kinematics =   , Both/Far/Near Analyses =  1                     

 Cross Sections (and up to T0 for 0=projectile) for Theta from   0.0 to 180.0 in steps of  0.5 degrees, DGAM=0, grace=T,  Coordinates = 1 (Mads,Tran)

 Lower Radial Cutoff = maximum of -1.60*L*h &       0.0 fm.,  Lower Cutoff for Couplings =   0.0  fm.


 Iterate Couplings between   1 and   1 times, to  0.000 % if sooner.                                          
  Block solved exactly =   1 chs., with Pade = 0 & Isocen =  =0, NOSOL = F, CCREAL = F, initwf =  0
    Small channels are  0.00E+00 and small couplings are  1.00E-12 of unitarity

  NL quadrature with   48 Gaussian points, Calculate multipoles up to    40 from   0
  M-transfers for lp+lt greater than or equal to  6, Angular Integration Cutoff below  0.3906 %


 Trace switches are :  CHANS =  1, LISTCC =  1, TRENEG =  0, CDETR =  0, SMATS =  1, XSTABL =  3, NLPL =  0

                       WAVES =  0, LAMPL =  0, VEFF =  1, KFUS =  0, WDISK =  0, BPM =  1, MELFIL =  0

                       CDCC =  0, NFUS =  0, TCFILE =  0

 Using unit mass = 1.000000 amu and 1/fine-structure constant = 137.03599 ( 1.000000 * true ) with hc = 197.32705 MeV.fm,
  thus 2*amu/hbar^2 = 0.0478450 = 1/20.9008 and Coulomb constant = 0.1574855 so e^2 =  1.43996515, and nuclear magneton= 0.1261183

 Now pre-scan input and save to file 3



 *********** PARTITION NUMBER  1 ******************************************************************************************

   PROJ=6Li        MASS=  6.0151 Z=   3.0,        # STATES=    1T, TARG=9Be      MASS=  9.0122 Z=   4.0,     Q-VALUE =   0.0000 MeV

   MIXPOT =  0: no couplings (default)

     1:  J= 1.0+ (B# 1), E=  0.0000, K= 0.0              Potl#  1       J= 1.5- (B#-1), E=  0.0000, K= 0.5    


 *********** PARTITION NUMBER  2 ******************************************************************************************

   PROJ=2H         MASS=  2.0141 Z=   1.0,        # STATES=    1T, TARG=13C_L2   MASS= 13.0034 Z=   6.0,     Q-VALUE =   9.1746 MeV

   MIXPOT =  0: no couplings (default)

     1:  J= 1.0+ (B# 1), E=  0.0000, K= 0.0              Potl#  2       J= 2.5- (B#-1), E= 10.8120, K= 0.5    


 *********** PARTITION NUMBER  3 ******************************************************************************************

   PROJ=2H         MASS=  2.0141 Z=   1.0,        # STATES=    1T, TARG=13C_L4   MASS= 13.0034 Z=   6.0,     Q-VALUE =   9.1746 MeV

   MIXPOT =  0: no couplings (default)

     1:  J= 1.0+ (B# 1), E=  0.0000, K= 0.0              Potl#  2       J= 2.5- (B#-1), E= 10.8120, K= 0.5    


 *********** PARTITION NUMBER  4 ******************************************************************************************

   PROJ=2H         MASS=  2.0141 Z=   1.0,        # STATES=    1T, TARG=13C_m10  MASS= 13.0034 Z=   6.0,     Q-VALUE =   9.1746 MeV

   MIXPOT =  0: no couplings (default)

     1:  J= 1.0+ (B# 1), E=  0.0000, K= 0.0              Potl#  2       J= 2.5- (B#-1), E= 10.8120, K= 0.5    


 *********** PARTITION NUMBER  5 ******************************************************************************************

   PROJ=2H         MASS=  2.0141 Z=   1.0,        # STATES=    1T, TARG=13C_m05  MASS= 13.0034 Z=   6.0,     Q-VALUE =   9.1746 MeV

   MIXPOT =  0: no couplings (default)

     1:  J= 1.0+ (B# 1), E=  0.0000, K= 0.0              Potl#  2       J= 2.5- (B#-1), E= 10.8120, K= 0.5    


 *********** PARTITION NUMBER  6 ******************************************************************************************

   PROJ=2H         MASS=  2.0141 Z=   1.0,        # STATES=    1T, TARG=13C_p05  MASS= 13.0034 Z=   6.0,     Q-VALUE =   9.1746 MeV

   MIXPOT =  0: no couplings (default)

     1:  J= 1.0+ (B# 1), E=  0.0000, K= 0.0              Potl#  2       J= 2.5- (B#-1), E= 10.8120, K= 0.5    


 *********** PARTITION NUMBER  7 ******************************************************************************************

   PROJ=2H         MASS=  2.0141 Z=   1.0,        # STATES=    1T, TARG=13C_p10  MASS= 13.0034 Z=   6.0,     Q-VALUE =   9.1746 MeV

   MIXPOT =  0: no couplings (default)

     1:  J= 1.0+ (B# 1), E=  0.0000, K= 0.0              Potl#  2       J= 2.5- (B#-1), E= 10.8120, K= 0.5    


 ************************************************************************************************************************************

 The following POTENTIALS are defined :

  KP#       TYPE      IT    SHAPE      at     V1        r1        a1        V2        r2        a2        A-in     A-used


                                            A#1       A#2        r0c       ac                                                h @ 1
    1    0=Coulomb       0=CHARGE (WS)  1     9.000     0.000    2.3400    0.0000    0.0000    0.0000     0.000     9.000   0.10000

    1    1=Volume        0=Woods-Saxon  2  174.0000    1.2200    0.7500    5.8400    2.8100    0.6300     0.000     9.000
   --------------------------------------------------------------------------------------------------------------------

                                            A#1       A#2        r0c       ac                                                h @ 7
    2    0=Coulomb       0=CHARGE (WS)  3    13.000     0.000    1.3000    0.0000    0.0000    0.0000     0.000    13.000   0.10000

    2    1=Volume        0=Woods-Saxon  4   92.4100    1.0380    0.7900    0.0000    0.0000    0.0000     0.000    13.000

    2    2=Surface       0=Woods-Saxon  5    0.0000    0.0000    0.0000    9.7500    1.4260    0.6930     0.000    13.000
   --------------------------------------------------------------------------------------------------------------------

                                            A#1       A#2        r0c       ac                                                h @ 0
    3    0=Coulomb       0=CHARGE (WS)  6     1.000     0.000    1.9000    0.0000    0.0000    0.0000     0.000     1.000   0.10000

    3    1=Volume        0=Woods-Saxon  7   79.9000    1.9000    0.6500    0.0000    0.0000    0.0000     0.000     1.000
   --------------------------------------------------------------------------------------------------------------------

                                            A#1       A#2        r0c       ac                                                h @ 0
    4    0=Coulomb       0=CHARGE (WS)  8     1.000     0.000    2.7600    0.0000    0.0000    0.0000     0.000     1.000   0.10000

    4    1=Volume        0=Woods-Saxon  9   50.0000    2.7600    0.6500    0.0000    0.0000    0.0000     0.000     1.000


 ************************************************************************************************************************************

 The following    real SINGLE-PARTICLE FORM FACTORS are  constructed:


 No.   P1 P2 IN KIND T N  L  S1 IA J/S  IB BIND XFER  BE    SC PC FIL AFRAC Adjust  to  Z  Mass   K     Norm    rms      D0     D   ANC/Gsp

    1:  2  1  1  0     2  0 0.0  1 0.0   0   3   0   1.4740  1  0  0 0.0000 VR  0.9698; 2. 4.001 0.3074 1.0000  4.068   68.1   58.3 -2.5409

    2:  1  2  2  0     2  2 0.0  1 2.0   0   4   0   0.1640  1  0  0 0.0000 VR  1.2243; 2. 3.991 0.1473 1.0000  3.640    1.8   -2.4 -1.16E+03

    3:  3  1  1  0     2  0 0.0  1 0.0   0   3   0   1.4740  1  0  0 0.0000 VR  0.9698; 2. 4.001 0.3074 1.0000  4.068   68.1   58.3 -2.5409

    4:  1  3  2  0     1  4 0.0  1 4.0   0   4   0   0.1640  1  0  0 0.0000 VR  1.3033; 2. 3.991 0.1473 1.0000  2.988   -0.0    0.0 25.4865

    5:  4  1  1  0     2  0 0.0  1 0.0   0   3   0   1.4740  1  0  0 0.0000 VR  0.9698; 2. 4.001 0.3074 1.0000  4.068   68.1   58.3 -2.5409

    6:  1  4  2  0     2  2 0.0  1 2.0   0   4   0   0.1640  1  0  0 0.0000 VR  1.2243; 2. 3.991 0.1473 1.0000  3.640    1.8   -2.4 -1.16E+03

    7:  1  4  2  0     1  4 0.0  1 4.0   0   4   0   0.1640  1  0  0 0.0000 VR  1.3033; 2. 3.991 0.1473 1.0000  2.988   -0.0    0.0 25.4865

    8:  5  1  1  0     2  0 0.0  1 0.0   0   3   0   1.4740  1  0  0 0.0000 VR  0.9698; 2. 4.001 0.3074 1.0000  4.068   68.1   58.3 -2.5409

    9:  1  5  2  0     2  2 0.0  1 2.0   0   4   0   0.1640  1  0  0 0.0000 VR  1.2243; 2. 3.991 0.1473 1.0000  3.640    1.8   -2.4 -1.16E+03

   10:  1  5  2  0     1  4 0.0  1 4.0   0   4   0   0.1640  1  0  0 0.0000 VR  1.3033; 2. 3.991 0.1473 1.0000  2.988   -0.0    0.0 25.4865

   11:  6  1  1  0     2  0 0.0  1 0.0   0   3   0   1.4740  1  0  0 0.0000 VR  0.9698; 2. 4.001 0.3074 1.0000  4.068   68.1   58.3 -2.5409

   12:  1  6  2  0     2  2 0.0  1 2.0   0   4   0   0.1640  1  0  0 0.0000 VR  1.2243; 2. 3.991 0.1473 1.0000  3.640    1.8   -2.4 -1.16E+03

   13:  1  6  2  0     1  4 0.0  1 4.0   0   4   0   0.1640  1  0  0 0.0000 VR  1.3033; 2. 3.991 0.1473 1.0000  2.988   -0.0    0.0 25.4865

   14:  7  1  1  0     2  0 0.0  1 0.0   0   3   0   1.4740  1  0  0 0.0000 VR  0.9698; 2. 4.001 0.3074 1.0000  4.068   68.1   58.3 -2.5409

   15:  1  7  2  0     2  2 0.0  1 2.0   0   4   0   0.1640  1  0  0 0.0000 VR  1.2243; 2. 3.991 0.1473 1.0000  3.640    1.8   -2.4 -1.16E+03

   16:  1  7  2  0     1  4 0.0  1 4.0   0   4   0   0.1640  1  0  0 0.0000 VR  1.3033; 2. 3.991 0.1473 1.0000  2.988   -0.0    0.0 25.4865

 ************************************************************************************************************************************

 ONE-way COUPLING # 1 for partitions -2 <-  1 of KIND  7,   0 -1  0 -1 -1 & P1,P2 =    0.0000   0.0000 : for J <=    30.5 & R <  29.7 fm.


 data =  1  1  1  1  0.8307,  so  < [6Li      #  1] / [2H       #  1]  * Eigen-form #  1>  =   0.8307            BE =  1.474     1

 data = -2  1  1  2  1.9600,  so  < [13C_L2   #  1] / [9Be      #  1]  * Eigen-form #  2>  =   1.9600            BE =  0.164     2
  LOCF =            9
  USED(1,*) =  T F F F F F F F F F F F F F F F
  USED(2,*) =  F T F F F F F F F F F F F F F F
 KNT =   2, KNP =   1: NK,NG,loc=   1   1   1      10  T  T  F
 KNT =   2, KNP =   1: NK,NG,loc=   1   1   1      10

     So FINITE-RANGE TRANSFER : IP1 = 0 (POST    ), IP2=-1 =COMPLEX     ,  for   1 pairs of bound states summed into   1 pairs
      The main coupling potential is that binding the transferred particle to the 2H       core.

          Using between 2H       & 9Be      the potential No.   2, and subtracting optical potential No.  2

   A real*8 is            8  bytes
   NLL,NLN,NLO =         150         151          51
0File   9 needs RL =   15300    REAL*8 numbers, and NR =    42. i.e.    5.14 Megabytes
   File            9  RECL =      122400
0RECOMMENDED NON-LOCAL WIDTH IS GREATER THAN    9.20 FM.,  RECOMMENDED CENTRATION  -0.20, after    0.03 secs.
0Relative non-local usages (rms) are
    0.010   0.012   0.016   0.021   0.033   0.054   0.092   0.154   0.249   0.390   0.596   0.894   1.319   1.920   2.755
    3.895   5.435   7.497  10.234  13.767  18.017  22.386  25.453  25.174  20.955  21.762  39.994  66.063  89.014 100.000
   90.462  69.997  45.359  24.615  10.810   3.801   1.553   1.092   0.938   0.849   0.673   0.450   0.268   0.174   0.151
    0.144   0.131   0.113   0.093   0.075   0.059
0Binding Energies: (6Li      # 1 / 2H       # 1)(BE =  1.474)-(13C_L2   # 1 / 9Be      # 1)(BE =  0.164)- DISCREPANCY =  0.3274

 ************************************************************************************************************************************

 ONE-way COUPLING # 2 for partitions -3 <-  1 of KIND  7,   0 -1  0 -1 -1 & P1,P2 =    0.0000   0.0000 : for J <=    30.5 & R <  29.7 fm.


 data =  1  1  1  3  0.8307,  so  < [6Li      #  1] / [2H       #  1]  * Eigen-form #  3>  =   0.8307            BE =  1.474     3

 data = -2  1  1  4  1.9600,  so  < [13C_L4   #  1] / [9Be      #  1]  * Eigen-form #  4>  =   1.9600            BE =  0.164     4
  LOCF =            9
  USED(1,*) =  F F T F F F F F F F F F F F F F
  USED(2,*) =  F F F T F F F F F F F F F F F F
 KNT =   4, KNP =   3: NK,NG,loc=   1   1   1      10  T  T  F
 KNT =   4, KNP =   3: NK,NG,loc=   1   1   1      10

     So FINITE-RANGE TRANSFER : IP1 = 0 (POST    ), IP2=-1 =COMPLEX     ,  for   1 pairs of bound states summed into   1 pairs
      The main coupling potential is that binding the transferred particle to the 2H       core.

          Using between 2H       & 9Be      the potential No.   2, and subtracting optical potential No.  2

0RECOMMENDED NON-LOCAL WIDTH IS GREATER THAN    8.20 FM.,  RECOMMENDED CENTRATION  -1.50, after    0.03 secs.
0Relative non-local usages (rms) are
    0.025   0.040   0.061   0.093   0.140   0.208   0.303   0.436   0.616   0.859   1.186   1.626   2.217   3.006   4.046
    5.405   7.164   9.437  12.363  16.063  20.470  25.047  28.512  29.057  26.057  25.676  39.775  63.802  86.760 100.000
   95.330  79.478  57.507  36.410  19.840   9.001   3.254   1.239   0.963   0.711   0.422   0.209   0.088   0.033   0.018
    0.015   0.013   0.010   0.007   0.005   0.003
0Binding Energies: (6Li      # 1 / 2H       # 1)(BE =  1.474)-(13C_L4   # 1 / 9Be      # 1)(BE =  0.164)- DISCREPANCY =  0.3274

 ************************************************************************************************************************************

 ONE-way COUPLING # 3 for partitions -4 <-  1 of KIND  7,   0 -1  0 -1 -1 & P1,P2 =    0.0000   0.0000 : for J <=    30.5 & R <  29.7 fm.


 data =  1  1  1  5  0.8307,  so  < [6Li      #  1] / [2H       #  1]  * Eigen-form #  5>  =   0.8307            BE =  1.474     5

 data =  2  1  1  6  1.9600,  so  < [13C_m10  #  1] / [9Be      #  1]  * Eigen-form #  6>  =   1.9600            BE =  0.164     6

 data = -2  1  1  7 -1.9600,  so  < [13C_m10  #  1] / [9Be      #  1]  * Eigen-form #  7>  =  -1.9600            BE =  0.164     7
  LOCF =            9
  USED(1,*) =  F F F F T F F F F F F F F F F F
  USED(2,*) =  F F F F F T T F F F F F F F F F
 KNT =   6, KNP =   5: NK,NG,loc=   1   1   1      10  T  T  F
 KNT =   6, KNP =   5: NK,NG,loc=   1   1   1      10
 KNT =   7, KNP =   5: NK,NG,loc=   2   2   2      11  T  T  F
 KNT =   7, KNP =   5: NK,NG,loc=   2   2   2      11

     So FINITE-RANGE TRANSFER : IP1 = 0 (POST    ), IP2=-1 =COMPLEX     ,  for   2 pairs of bound states summed into   2 pairs
      The main coupling potential is that binding the transferred particle to the 2H       core.

          Using between 2H       & 9Be      the potential No.   2, and subtracting optical potential No.  2

0RECOMMENDED NON-LOCAL WIDTH IS GREATER THAN    9.20 FM.,  RECOMMENDED CENTRATION  -0.20, after    0.06 secs.
0Relative non-local usages (rms) are
    0.010   0.013   0.018   0.025   0.038   0.061   0.101   0.164   0.261   0.405   0.613   0.914   1.343   1.947   2.786
    3.931   5.475   7.540  10.280  13.816  18.069  22.442  25.517  25.256  21.068  21.846  39.989  66.019  88.970 100.000
   90.561  70.197  45.630  24.902  11.059   3.970   1.604   1.095   0.938   0.846   0.669   0.446   0.265   0.173   0.149
    0.143   0.130   0.112   0.092   0.074   0.058
0Binding Energies: (6Li      # 1 / 2H       # 1)(BE =  1.474)-(13C_m10  # 1 / 9Be      # 1)(BE =  0.164)- DISCREPANCY =  0.3274

 ************************************************************************************************************************************

 ONE-way COUPLING # 4 for partitions -5 <-  1 of KIND  7,   0 -1  0 -1 -1 & P1,P2 =    0.0000   0.0000 : for J <=    30.5 & R <  29.7 fm.


 data =  1  1  1  8  0.8307,  so  < [6Li      #  1] / [2H       #  1]  * Eigen-form #  8>  =   0.8307            BE =  1.474     8

 data =  2  1  1  9  1.9600,  so  < [13C_m05  #  1] / [9Be      #  1]  * Eigen-form #  9>  =   1.9600            BE =  0.164     9

 data = -2  1  1 10 -0.9800,  so  < [13C_m05  #  1] / [9Be      #  1]  * Eigen-form # 10>  =  -0.9800            BE =  0.164    10
  LOCF =            9
  USED(1,*) =  F F F F F F F T F F F F F F F F
  USED(2,*) =  F F F F F F F F T T F F F F F F
 KNT =   9, KNP =   8: NK,NG,loc=   1   1   1      10  T  T  F
 KNT =   9, KNP =   8: NK,NG,loc=   1   1   1      10
 KNT =  10, KNP =   8: NK,NG,loc=   2   2   2      11  T  T  F
 KNT =  10, KNP =   8: NK,NG,loc=   2   2   2      11

     So FINITE-RANGE TRANSFER : IP1 = 0 (POST    ), IP2=-1 =COMPLEX     ,  for   2 pairs of bound states summed into   2 pairs
      The main coupling potential is that binding the transferred particle to the 2H       core.

          Using between 2H       & 9Be      the potential No.   2, and subtracting optical potential No.  2

0RECOMMENDED NON-LOCAL WIDTH IS GREATER THAN    9.20 FM.,  RECOMMENDED CENTRATION  -0.20, after    0.06 secs.
0Relative non-local usages (rms) are
    0.010   0.013   0.018   0.025   0.038   0.061   0.101   0.164   0.261   0.405   0.613   0.914   1.343   1.947   2.786
    3.931   5.475   7.540  10.280  13.816  18.069  22.442  25.517  25.256  21.068  21.846  39.989  66.019  88.970 100.000
   90.561  70.197  45.630  24.902  11.059   3.970   1.604   1.095   0.938   0.846   0.669   0.446   0.265   0.173   0.149
    0.143   0.130   0.112   0.092   0.074   0.058
0Binding Energies: (6Li      # 1 / 2H       # 1)(BE =  1.474)-(13C_m05  # 1 / 9Be      # 1)(BE =  0.164)- DISCREPANCY =  0.3274

 ************************************************************************************************************************************

 ONE-way COUPLING # 5 for partitions -6 <-  1 of KIND  7,   0 -1  0 -1 -1 & P1,P2 =    0.0000   0.0000 : for J <=    30.5 & R <  29.7 fm.


 data =  1  1  1 11  0.8307,  so  < [6Li      #  1] / [2H       #  1]  * Eigen-form # 11>  =   0.8307            BE =  1.474    11

 data =  2  1  1 12  1.9600,  so  < [13C_p05  #  1] / [9Be      #  1]  * Eigen-form # 12>  =   1.9600            BE =  0.164    12

 data = -2  1  1 13  0.9800,  so  < [13C_p05  #  1] / [9Be      #  1]  * Eigen-form # 13>  =   0.9800            BE =  0.164    13
  LOCF =            9
  USED(1,*) =  F F F F F F F F F F T F F F F F
  USED(2,*) =  F F F F F F F F F F F T T F F F
 KNT =  12, KNP =  11: NK,NG,loc=   1   1   1      10  T  T  F
 KNT =  12, KNP =  11: NK,NG,loc=   1   1   1      10
 KNT =  13, KNP =  11: NK,NG,loc=   2   2   2      11  T  T  F
 KNT =  13, KNP =  11: NK,NG,loc=   2   2   2      11

     So FINITE-RANGE TRANSFER : IP1 = 0 (POST    ), IP2=-1 =COMPLEX     ,  for   2 pairs of bound states summed into   2 pairs
      The main coupling potential is that binding the transferred particle to the 2H       core.

          Using between 2H       & 9Be      the potential No.   2, and subtracting optical potential No.  2

0RECOMMENDED NON-LOCAL WIDTH IS GREATER THAN    9.20 FM.,  RECOMMENDED CENTRATION  -0.20, after    0.06 secs.
0Relative non-local usages (rms) are
    0.010   0.013   0.018   0.025   0.038   0.061   0.101   0.164   0.261   0.405   0.613   0.914   1.343   1.947   2.786
    3.931   5.475   7.540  10.280  13.816  18.069  22.442  25.517  25.256  21.068  21.846  39.989  66.019  88.970 100.000
   90.561  70.197  45.630  24.902  11.059   3.970   1.604   1.095   0.938   0.846   0.669   0.446   0.265   0.173   0.149
    0.143   0.130   0.112   0.092   0.074   0.058
0Binding Energies: (6Li      # 1 / 2H       # 1)(BE =  1.474)-(13C_p05  # 1 / 9Be      # 1)(BE =  0.164)- DISCREPANCY =  0.3274

 ************************************************************************************************************************************

 ONE-way COUPLING # 6 for partitions -7 <-  1 of KIND  7,   0 -1  0 -1 -1 & P1,P2 =    0.0000   0.0000 : for J <=    30.5 & R <  29.7 fm.


 data =  1  1  1 14  0.8307,  so  < [6Li      #  1] / [2H       #  1]  * Eigen-form # 14>  =   0.8307            BE =  1.474    14

 data =  2  1  1 15  1.9600,  so  < [13C_p10  #  1] / [9Be      #  1]  * Eigen-form # 15>  =   1.9600            BE =  0.164    15

 data = -2  1  1 16  1.9600,  so  < [13C_p10  #  1] / [9Be      #  1]  * Eigen-form # 16>  =   1.9600            BE =  0.164    16
  LOCF =            9
  USED(1,*) =  F F F F F F F F F F F F F T F F
  USED(2,*) =  F F F F F F F F F F F F F F T T
 KNT =  15, KNP =  14: NK,NG,loc=   1   1   1      10  T  T  F
 KNT =  15, KNP =  14: NK,NG,loc=   1   1   1      10
 KNT =  16, KNP =  14: NK,NG,loc=   2   2   2      11  T  T  F
 KNT =  16, KNP =  14: NK,NG,loc=   2   2   2      11

     So FINITE-RANGE TRANSFER : IP1 = 0 (POST    ), IP2=-1 =COMPLEX     ,  for   2 pairs of bound states summed into   2 pairs
      The main coupling potential is that binding the transferred particle to the 2H       core.

          Using between 2H       & 9Be      the potential No.   2, and subtracting optical potential No.  2

0RECOMMENDED NON-LOCAL WIDTH IS GREATER THAN    9.20 FM.,  RECOMMENDED CENTRATION  -0.20, after    0.06 secs.
0Relative non-local usages (rms) are
    0.010   0.013   0.018   0.025   0.038   0.061   0.101   0.164   0.261   0.405   0.613   0.914   1.343   1.947   2.786
    3.931   5.475   7.540  10.280  13.816  18.069  22.442  25.517  25.256  21.068  21.846  39.989  66.019  88.970 100.000
   90.561  70.197  45.630  24.902  11.059   3.970   1.604   1.095   0.938   0.846   0.669   0.446   0.265   0.173   0.149
    0.143   0.130   0.112   0.092   0.074   0.058
0Binding Energies: (6Li      # 1 / 2H       # 1)(BE =  1.474)-(13C_p10  # 1 / 9Be      # 1)(BE =  0.164)- DISCREPANCY =  0.3274

 Incoming partition  1 in excitation state # 1,   Laboratory Energy given for partition  1 Nucleus 1 in Excitation pair 1

0Lab. ENERGY ranges :

   from    32.0000     to   0.00000     in        0 intervals
   from    0.00000     to   0.00000     in        0 intervals
   from    0.00000     to   0.00000     in        0 intervals

 Largest real,imaginary parts of any form factor at R=   29.00 are   4.97E-02  3.30E-15 MeV
 Finished all Couplings @   0.315860987    

 Non-symmetric Hamiltonian
1***********************************************************************************************************************************
************************************************************************************************************************************

        INCOMING 6Li      ;    LABORATORY 6Li      ENERGY =   32.000     MeV.

 ***********************************************************************************************************************************
 ***********************************************************************************************************************************

 Allocate arrays for           21  channels, of which           21  need wfs.

 #########################################################################################################################
 #                                                                                                                       #
 # Total SPIN and PARITY =     0.5 +,     21 channels,    3 in 1st block.  Rmin & Coul turning =    0.0 9.004E-01 fm.    #
 #                                                                                                                       #
 #########################################################################################################################



    C Projectl Target   #   EX.   (L  Proj) J  + Targ = Jtotal     E-cm      Re K     Re Eta     RM*K            CH                     G-REL
    1 6Li      9Be      #    1: I   1 1.0    1.0  1.5     0.5    19.19110   1.81997   0.81935   54.5992   0.31563   0.39281 1 1 1   1  1.00000
    2 6Li      9Be      #    1: I   1 1.0    2.0  1.5     0.5    19.19110   1.81997   0.81935   54.5992   0.31563   0.39281 1 1 1   1  1.00000
    3 6Li      9Be      #    1: I   3 1.0    2.0  1.5     0.5    19.19110   1.81997   0.81935   54.5992   0.03570  -0.50308 1 1 1   1  1.00000
    4 2H       13C_L2   #    1:     1 1.0    2.0  2.5     0.5    17.55370   1.21024   0.29784   36.3073  -0.40584  -0.29592 2 1 2   1  1.00000
    5 2H       13C_L2   #    1:     3 1.0    2.0  2.5     0.5    17.55370   1.21024   0.29784   36.3073   0.26545   0.42753 2 1 2   1  1.00000
    6 2H       13C_L2   #    1:     3 1.0    3.0  2.5     0.5    17.55370   1.21024   0.29784   36.3073   0.26545   0.42753 2 1 2   1  1.00000
    7 2H       13C_L4   #    1:     1 1.0    2.0  2.5     0.5    17.55370   1.21024   0.29784   36.3073  -0.40584  -0.29592 3 1 3   1  1.00000
    8 2H       13C_L4   #    1:     3 1.0    2.0  2.5     0.5    17.55370   1.21024   0.29784   36.3073   0.26545   0.42753 3 1 3   1  1.00000
    9 2H       13C_L4   #    1:     3 1.0    3.0  2.5     0.5    17.55370   1.21024   0.29784   36.3073   0.26545   0.42753 3 1 3   1  1.00000
   10 2H       13C_m10  #    1:     1 1.0    2.0  2.5     0.5    17.55370   1.21024   0.29784   36.3073  -0.40584  -0.29592 4 1 4   1  1.00000
   11 2H       13C_m10  #    1:     3 1.0    2.0  2.5     0.5    17.55370   1.21024   0.29784   36.3073   0.26545   0.42753 4 1 4   1  1.00000
   12 2H       13C_m10  #    1:     3 1.0    3.0  2.5     0.5    17.55370   1.21024   0.29784   36.3073   0.26545   0.42753 4 1 4   1  1.00000
   13 2H       13C_m05  #    1:     1 1.0    2.0  2.5     0.5    17.55370   1.21024   0.29784   36.3073  -0.40584  -0.29592 5 1 5   1  1.00000
   14 2H       13C_m05  #    1:     3 1.0    2.0  2.5     0.5    17.55370   1.21024   0.29784   36.3073   0.26545   0.42753 5 1 5   1  1.00000
   15 2H       13C_m05  #    1:     3 1.0    3.0  2.5     0.5    17.55370   1.21024   0.29784   36.3073   0.26545   0.42753 5 1 5   1  1.00000
   16 2H       13C_p05  #    1:     1 1.0    2.0  2.5     0.5    17.55370   1.21024   0.29784   36.3073  -0.40584  -0.29592 6 1 6   1  1.00000
   17 2H       13C_p05  #    1:     3 1.0    2.0  2.5     0.5    17.55370   1.21024   0.29784   36.3073   0.26545   0.42753 6 1 6   1  1.00000
   18 2H       13C_p05  #    1:     3 1.0    3.0  2.5     0.5    17.55370   1.21024   0.29784   36.3073   0.26545   0.42753 6 1 6   1  1.00000
   19 2H       13C_p10  #    1:     1 1.0    2.0  2.5     0.5    17.55370   1.21024   0.29784   36.3073  -0.40584  -0.29592 7 1 7   1  1.00000
   20 2H       13C_p10  #    1:     3 1.0    2.0  2.5     0.5    17.55370   1.21024   0.29784   36.3073   0.26545   0.42753 7 1 7   1  1.00000
   21 2H       13C_p10  #    1:     3 1.0    3.0  2.5     0.5    17.55370   1.21024   0.29784   36.3073   0.26545   0.42753 7 1 7   1  1.00000

L-couplings:

   1  4  2  1   10  1  2  2.0  1  1  1.0  2.0   1  0.83666 -0.86603  1.96000  0.83070-1.179722688653E+00 -0.39894    0.471

   1  5  2  1   10  1  2  2.0  1  3  1.0  2.0   1  0.83666  0.57735  1.96000  0.83070 7.864817924351E-01  0.48860    0.384

   1  6  2  1   10  1  2  2.0  1  3  1.0  3.0   1 -0.37796  0.81650  1.96000  0.83070-5.024647859860E-01  0.48860   -0.246

   2  4  2  1   10  1  2  2.0  1  1  2.0  2.0   1  0.54772  0.59161  1.96000  0.83070 5.275880252853E-01 -0.39894   -0.210

   2  5  2  1   10  1  2  2.0  1  3  2.0  2.0   1  0.54772  0.16903  1.96000  0.83070 1.507394357958E-01  0.48860    0.074

   2  6  2  1   10  1  2  2.0  1  3  2.0  3.0   1  0.92582  0.44721  1.96000  0.83070 6.741272506587E-01  0.48860    0.329

   3  4  2  1   10  1  2  2.0  3  1  2.0  2.0   3  0.54772  0.25820  1.96000  0.83070 2.302582915830E-01  0.31987    0.074

   3  5  2  1   10  1  2  2.0  3  3  2.0  2.0   3  0.54772  0.82808  1.96000  0.83070 7.384694036294E-01 -0.32574   -0.241

   3  6  2  1   10  1  2  2.0  3  3  2.0  3.0   3  0.92582 -0.54772  1.96000  0.83070-8.256338929095E-01 -0.32574    0.269

L-couplings:

   1  9  4  3   10  1  4  4.0  1  3  1.0  3.0   1 -0.80178 -0.61237  1.96000  0.83070 7.994165793258E-01 -0.56419   -0.451

   2  8  4  3   10  1  4  4.0  1  3  2.0  2.0   1  1.00000  0.65465  1.96000  0.83070 1.065888772434E+00 -0.56419   -0.601

   2  9  4  3   10  1  4  4.0  1  3  2.0  3.0   1  0.59761  0.61237  1.96000  0.83070 5.958499379043E-01 -0.56419   -0.336

   3  7  4  3   10  1  4  4.0  3  1  2.0  2.0   3  1.00000  1.00000  1.96000  0.83070 1.628171994028E+00 -0.36935   -0.601

   3  8  4  3   10  1  4  4.0  3  3  2.0  2.0   3  1.00000  0.41786  1.96000  0.83070 6.803405363879E-01  0.36086    0.246

   3  9  4  3   10  1  4  4.0  3  3  2.0  3.0   3  0.59761 -0.78174  1.96000  0.83070-7.606438436060E-01  0.36086   -0.274

L-couplings:

   1 10  6  5   10  1  2  2.0  1  1  1.0  2.0   1  0.83666 -0.86603  1.96000  0.83070-1.179722688653E+00 -0.39894    0.471

   1 11  6  5   10  1  2  2.0  1  3  1.0  2.0   1  0.83666  0.57735  1.96000  0.83070 7.864817924351E-01  0.48860    0.384

   1 12  6  5   10  1  2  2.0  1  3  1.0  3.0   1 -0.37796  0.81650  1.96000  0.83070-5.024647859860E-01  0.48860   -0.246

   1 12  7  5   11  2  4  4.0  1  3  1.0  3.0   1 -0.80178 -0.61237 -1.96000  0.83070-7.994165793258E-01 -0.56419    0.451

   2 10  6  5   10  1  2  2.0  1  1  2.0  2.0   1  0.54772  0.59161  1.96000  0.83070 5.275880252853E-01 -0.39894   -0.210

   2 11  6  5   10  1  2  2.0  1  3  2.0  2.0   1  0.54772  0.16903  1.96000  0.83070 1.507394357958E-01  0.48860    0.074

   2 11  7  5   11  2  4  4.0  1  3  2.0  2.0   1  1.00000  0.65465 -1.96000  0.83070-1.065888772434E+00 -0.56419    0.601

   2 12  6  5   10  1  2  2.0  1  3  2.0  3.0   1  0.92582  0.44721  1.96000  0.83070 6.741272506587E-01  0.48860    0.329

   2 12  7  5   11  2  4  4.0  1  3  2.0  3.0   1  0.59761  0.61237 -1.96000  0.83070-5.958499379043E-01 -0.56419    0.336

   3 10  6  5   10  1  2  2.0  3  1  2.0  2.0   3  0.54772  0.25820  1.96000  0.83070 2.302582915830E-01  0.31987    0.074

   3 10  7  5   11  2  4  4.0  3  1  2.0  2.0   3  1.00000  1.00000 -1.96000  0.83070-1.628171994028E+00 -0.36935    0.601

   3 11  6  5   10  1  2  2.0  3  3  2.0  2.0   3  0.54772  0.82808  1.96000  0.83070 7.384694036294E-01 -0.32574   -0.241

   3 11  7  5   11  2  4  4.0  3  3  2.0  2.0   3  1.00000  0.41786 -1.96000  0.83070-6.803405363879E-01  0.36086   -0.246

   3 12  6  5   10  1  2  2.0  3  3  2.0  3.0   3  0.92582 -0.54772  1.96000  0.83070-8.256338929095E-01 -0.32574    0.269

   3 12  7  5   11  2  4  4.0  3  3  2.0  3.0   3  0.59761 -0.78174 -1.96000  0.83070 7.606438436060E-01  0.36086    0.274

L-couplings:

   1 13  9  8   10  1  2  2.0  1  1  1.0  2.0   1  0.83666 -0.86603  1.96000  0.83070-1.179722688653E+00 -0.39894    0.471

   1 14  9  8   10  1  2  2.0  1  3  1.0  2.0   1  0.83666  0.57735  1.96000  0.83070 7.864817924351E-01  0.48860    0.384

   1 15  9  8   10  1  2  2.0  1  3  1.0  3.0   1 -0.37796  0.81650  1.96000  0.83070-5.024647859860E-01  0.48860   -0.246

   1 15 10  8   11  2  4  4.0  1  3  1.0  3.0   1 -0.80178 -0.61237 -0.98000  0.83070-3.997082892550E-01 -0.56419    0.226

   2 13  9  8   10  1  2  2.0  1  1  2.0  2.0   1  0.54772  0.59161  1.96000  0.83070 5.275880252853E-01 -0.39894   -0.210

   2 14  9  8   10  1  2  2.0  1  3  2.0  2.0   1  0.54772  0.16903  1.96000  0.83070 1.507394357958E-01  0.48860    0.074

   2 14 10  8   11  2  4  4.0  1  3  2.0  2.0   1  1.00000  0.65465 -0.98000  0.83070-5.329443856734E-01 -0.56419    0.301

   2 15  9  8   10  1  2  2.0  1  3  2.0  3.0   1  0.92582  0.44721  1.96000  0.83070 6.741272506587E-01  0.48860    0.329

   2 15 10  8   11  2  4  4.0  1  3  2.0  3.0   1  0.59761  0.61237 -0.98000  0.83070-2.979249686481E-01 -0.56419    0.168

   3 13  9  8   10  1  2  2.0  3  1  2.0  2.0   3  0.54772  0.25820  1.96000  0.83070 2.302582915830E-01  0.31987    0.074

   3 13 10  8   11  2  4  4.0  3  1  2.0  2.0   3  1.00000  1.00000 -0.98000  0.83070-8.140859961833E-01 -0.36935    0.301

   3 14  9  8   10  1  2  2.0  3  3  2.0  2.0   3  0.54772  0.82808  1.96000  0.83070 7.384694036294E-01 -0.32574   -0.241

   3 14 10  8   11  2  4  4.0  3  3  2.0  2.0   3  1.00000  0.41786 -0.98000  0.83070-3.401702678468E-01  0.36086   -0.123

   3 15  9  8   10  1  2  2.0  3  3  2.0  3.0   3  0.92582 -0.54772  1.96000  0.83070-8.256338929095E-01 -0.32574    0.269

   3 15 10  8   11  2  4  4.0  3  3  2.0  3.0   3  0.59761 -0.78174 -0.98000  0.83070 3.803219214149E-01  0.36086    0.137

L-couplings:

   1 16 12 11   10  1  2  2.0  1  1  1.0  2.0   1  0.83666 -0.86603  1.96000  0.83070-1.179722688653E+00 -0.39894    0.471

   1 17 12 11   10  1  2  2.0  1  3  1.0  2.0   1  0.83666  0.57735  1.96000  0.83070 7.864817924351E-01  0.48860    0.384

   1 18 12 11   10  1  2  2.0  1  3  1.0  3.0   1 -0.37796  0.81650  1.96000  0.83070-5.024647859860E-01  0.48860   -0.246

   1 18 13 11   11  2  4  4.0  1  3  1.0  3.0   1 -0.80178 -0.61237  0.98000  0.83070 3.997082892550E-01 -0.56419   -0.226

   2 16 12 11   10  1  2  2.0  1  1  2.0  2.0   1  0.54772  0.59161  1.96000  0.83070 5.275880252853E-01 -0.39894   -0.210

   2 17 12 11   10  1  2  2.0  1  3  2.0  2.0   1  0.54772  0.16903  1.96000  0.83070 1.507394357958E-01  0.48860    0.074

   2 17 13 11   11  2  4  4.0  1  3  2.0  2.0   1  1.00000  0.65465  0.98000  0.83070 5.329443856734E-01 -0.56419   -0.301

   2 18 12 11   10  1  2  2.0  1  3  2.0  3.0   1  0.92582  0.44721  1.96000  0.83070 6.741272506587E-01  0.48860    0.329

   2 18 13 11   11  2  4  4.0  1  3  2.0  3.0   1  0.59761  0.61237  0.98000  0.83070 2.979249686481E-01 -0.56419   -0.168

   3 16 12 11   10  1  2  2.0  3  1  2.0  2.0   3  0.54772  0.25820  1.96000  0.83070 2.302582915830E-01  0.31987    0.074

   3 16 13 11   11  2  4  4.0  3  1  2.0  2.0   3  1.00000  1.00000  0.98000  0.83070 8.140859961833E-01 -0.36935   -0.301

   3 17 12 11   10  1  2  2.0  3  3  2.0  2.0   3  0.54772  0.82808  1.96000  0.83070 7.384694036294E-01 -0.32574   -0.241

   3 17 13 11   11  2  4  4.0  3  3  2.0  2.0   3  1.00000  0.41786  0.98000  0.83070 3.401702678468E-01  0.36086    0.123

   3 18 12 11   10  1  2  2.0  3  3  2.0  3.0   3  0.92582 -0.54772  1.96000  0.83070-8.256338929095E-01 -0.32574    0.269

   3 18 13 11   11  2  4  4.0  3  3  2.0  3.0   3  0.59761 -0.78174  0.98000  0.83070-3.803219214149E-01  0.36086   -0.137

L-couplings:

   1 19 15 14   10  1  2  2.0  1  1  1.0  2.0   1  0.83666 -0.86603  1.96000  0.83070-1.179722688653E+00 -0.39894    0.471

   1 20 15 14   10  1  2  2.0  1  3  1.0  2.0   1  0.83666  0.57735  1.96000  0.83070 7.864817924351E-01  0.48860    0.384

   1 21 15 14   10  1  2  2.0  1  3  1.0  3.0   1 -0.37796  0.81650  1.96000  0.83070-5.024647859860E-01  0.48860   -0.246

   1 21 16 14   11  2  4  4.0  1  3  1.0  3.0   1 -0.80178 -0.61237  1.96000  0.83070 7.994165793258E-01 -0.56419   -0.451

   2 19 15 14   10  1  2  2.0  1  1  2.0  2.0   1  0.54772  0.59161  1.96000  0.83070 5.275880252853E-01 -0.39894   -0.210

   2 20 15 14   10  1  2  2.0  1  3  2.0  2.0   1  0.54772  0.16903  1.96000  0.83070 1.507394357958E-01  0.48860    0.074

   2 20 16 14   11  2  4  4.0  1  3  2.0  2.0   1  1.00000  0.65465  1.96000  0.83070 1.065888772434E+00 -0.56419   -0.601

   2 21 15 14   10  1  2  2.0  1  3  2.0  3.0   1  0.92582  0.44721  1.96000  0.83070 6.741272506587E-01  0.48860    0.329

   2 21 16 14   11  2  4  4.0  1  3  2.0  3.0   1  0.59761  0.61237  1.96000  0.83070 5.958499379043E-01 -0.56419   -0.336

   3 19 15 14   10  1  2  2.0  3  1  2.0  2.0   3  0.54772  0.25820  1.96000  0.83070 2.302582915830E-01  0.31987    0.074

   3 19 16 14   11  2  4  4.0  3  1  2.0  2.0   3  1.00000  1.00000  1.96000  0.83070 1.628171994028E+00 -0.36935   -0.601

   3 20 15 14   10  1  2  2.0  3  3  2.0  2.0   3  0.54772  0.82808  1.96000  0.83070 7.384694036294E-01 -0.32574   -0.241

   3 20 16 14   11  2  4  4.0  3  3  2.0  2.0   3  1.00000  0.41786  1.96000  0.83070 6.803405363879E-01  0.36086    0.246

   3 21 15 14   10  1  2  2.0  3  3  2.0  3.0   3  0.92582 -0.54772  1.96000  0.83070-8.256338929095E-01 -0.32574    0.269

   3 21 16 14   11  2  4  4.0  3  3  2.0  3.0   3  0.59761 -0.78174  1.96000  0.83070-7.606438436060E-01  0.36086   -0.274
 Reaction Xsec     0.5+/ 1 @ 1 =     1.547 , Out:   0.000#   0.132/   0.022/   0.162/   0.141/   0.134/   0.147/   1.546f
 Reaction Xsec     0.5+/ 1 @ 2 =     1.547 , Out:   0.000#   0.029/   0.052/   0.070/   0.036/   0.047/   0.091/   1.547f
 Reaction Xsec     0.5+/ 3 @ 3 =     1.551 , Out:   0.000#   0.014/   0.267/   0.220/   0.050/   0.111/   0.342/   1.550f

 Total SPIN, PARITY =     0.5 -,     21 chs,      3 cc.  Rmin & Coul turning =    0.0    0.9

L-couplings:

   1  4  2  1   10  1  2  2.0  0  2  1.0  2.0   0  0.83666  0.57735  1.96000  0.83070 7.864817924351E-01  0.63078    0.496

   1  5  2  1   10  1  2  2.0  0  2  1.0  3.0   0 -0.37796  0.68313  1.96000  0.83070-4.203922011755E-01  0.63078   -0.265

   2  4  2  1   10  1  2  2.0  2  2  1.0  2.0   2  0.83666 -0.76376  1.96000  0.83070-1.040417616732E+00 -0.33717    0.351

   2  5  2  1   10  1  2  2.0  2  2  1.0  3.0   2 -0.37796  0.25820  1.96000  0.83070-1.588933167745E-01 -0.33717    0.054

   2  6  2  1   10  1  2  2.0  2  4  1.0  3.0   2 -0.37796  1.00000  1.96000  0.83070-6.153911696912E-01  0.45236   -0.278

   3  4  2  1   10  1  2  2.0  2  2  2.0  2.0   2  0.54772  0.50000  1.96000  0.83070 4.458932643136E-01 -0.33717   -0.150

   3  5  2  1   10  1  2  2.0  2  2  2.0  3.0   2  0.92582 -0.63246  1.96000  0.83070-9.533599006468E-01 -0.33717    0.321

   3  6  2  1   10  1  2  2.0  2  4  2.0  3.0   2  0.92582  0.40825  1.96000  0.83070 6.153911696912E-01  0.45236    0.278

L-couplings:

   1  9  4  3   10  1  4  4.0  0  4  1.0  3.0   0 -0.80178  0.50918  1.96000  0.83070-6.646984331431E-01  0.84628   -0.563

   2  8  4  3   10  1  4  4.0  2  2  1.0  3.0   2 -0.80178  1.00000  1.96000  0.83070-1.305441807513E+00  0.45236   -0.591

   2  9  4  3   10  1  4  4.0  2  4  1.0  3.0   2 -0.80178  0.50461  1.96000  0.83070-6.587368917950E-01 -0.43131    0.284

   3  7  4  3   10  1  4  4.0  2  2  2.0  2.0   2  1.00000 -0.66667  1.96000  0.83070-1.085447996019E+00  0.45236   -0.491

   3  8  4  3   10  1  4  4.0  2  2  2.0  3.0   2  0.59761 -0.74536  1.96000  0.83070-7.252454486183E-01  0.45236   -0.328

   3  9  4  3   10  1  4  4.0  2  4  2.0  3.0   2  0.59761  0.67700  1.96000  0.83070 6.587368917950E-01 -0.43131   -0.284

L-couplings:

   1 10  6  5   10  1  2  2.0  0  2  1.0  2.0   0  0.83666  0.57735  1.96000  0.83070 7.864817924351E-01  0.63078    0.496

   1 11  6  5   10  1  2  2.0  0  2  1.0  3.0   0 -0.37796  0.68313  1.96000  0.83070-4.203922011755E-01  0.63078   -0.265

   1 12  7  5   11  2  4  4.0  0  4  1.0  3.0   0 -0.80178  0.50918 -1.96000  0.83070 6.646984331431E-01  0.84628    0.563

   2 10  6  5   10  1  2  2.0  2  2  1.0  2.0   2  0.83666 -0.76376  1.96000  0.83070-1.040417616732E+00 -0.33717    0.351

   2 11  6  5   10  1  2  2.0  2  2  1.0  3.0   2 -0.37796  0.25820  1.96000  0.83070-1.588933167745E-01 -0.33717    0.054

   2 11  7  5   11  2  4  4.0  2  2  1.0  3.0   2 -0.80178  1.00000 -1.96000  0.83070 1.305441807513E+00  0.45236    0.591

   2 12  6  5   10  1  2  2.0  2  4  1.0  3.0   2 -0.37796  1.00000  1.96000  0.83070-6.153911696912E-01  0.45236   -0.278

   2 12  7  5   11  2  4  4.0  2  4  1.0  3.0   2 -0.80178  0.50461 -1.96000  0.83070 6.587368917950E-01 -0.43131   -0.284

   3 10  6  5   10  1  2  2.0  2  2  2.0  2.0   2  0.54772  0.50000  1.96000  0.83070 4.458932643136E-01 -0.33717   -0.150

   3 10  7  5   11  2  4  4.0  2  2  2.0  2.0   2  1.00000 -0.66667 -1.96000  0.83070 1.085447996019E+00  0.45236    0.491

   3 11  6  5   10  1  2  2.0  2  2  2.0  3.0   2  0.92582 -0.63246  1.96000  0.83070-9.533599006468E-01 -0.33717    0.321

   3 11  7  5   11  2  4  4.0  2  2  2.0  3.0   2  0.59761 -0.74536 -1.96000  0.83070 7.252454486183E-01  0.45236    0.328

   3 12  6  5   10  1  2  2.0  2  4  2.0  3.0   2  0.92582  0.40825  1.96000  0.83070 6.153911696912E-01  0.45236    0.278

   3 12  7  5   11  2  4  4.0  2  4  2.0  3.0   2  0.59761  0.67700 -1.96000  0.83070-6.587368917950E-01 -0.43131    0.284

L-couplings:

   1 13  9  8   10  1  2  2.0  0  2  1.0  2.0   0  0.83666  0.57735  1.96000  0.83070 7.864817924351E-01  0.63078    0.496

   1 14  9  8   10  1  2  2.0  0  2  1.0  3.0   0 -0.37796  0.68313  1.96000  0.83070-4.203922011755E-01  0.63078   -0.265

   1 15 10  8   11  2  4  4.0  0  4  1.0  3.0   0 -0.80178  0.50918 -0.98000  0.83070 3.323492162324E-01  0.84628    0.281

   2 13  9  8   10  1  2  2.0  2  2  1.0  2.0   2  0.83666 -0.76376  1.96000  0.83070-1.040417616732E+00 -0.33717    0.351

   2 14  9  8   10  1  2  2.0  2  2  1.0  3.0   2 -0.37796  0.25820  1.96000  0.83070-1.588933167745E-01 -0.33717    0.054

   2 14 10  8   11  2  4  4.0  2  2  1.0  3.0   2 -0.80178  1.00000 -0.98000  0.83070 6.527209030904E-01  0.45236    0.295

   2 15  9  8   10  1  2  2.0  2  4  1.0  3.0   2 -0.37796  1.00000  1.96000  0.83070-6.153911696912E-01  0.45236   -0.278

   2 15 10  8   11  2  4  4.0  2  4  1.0  3.0   2 -0.80178  0.50461 -0.98000  0.83070 3.293684455614E-01 -0.43131   -0.142

   3 13  9  8   10  1  2  2.0  2  2  2.0  2.0   2  0.54772  0.50000  1.96000  0.83070 4.458932643136E-01 -0.33717   -0.150

   3 13 10  8   11  2  4  4.0  2  2  2.0  2.0   2  1.00000 -0.66667 -0.98000  0.83070 5.427239974555E-01  0.45236    0.246

   3 14  9  8   10  1  2  2.0  2  2  2.0  3.0   2  0.92582 -0.63246  1.96000  0.83070-9.533599006468E-01 -0.33717    0.321

   3 14 10  8   11  2  4  4.0  2  2  2.0  3.0   2  0.59761 -0.74536 -0.98000  0.83070 3.626227239391E-01  0.45236    0.164

   3 15  9  8   10  1  2  2.0  2  4  2.0  3.0   2  0.92582  0.40825  1.96000  0.83070 6.153911696912E-01  0.45236    0.278

   3 15 10  8   11  2  4  4.0  2  4  2.0  3.0   2  0.59761  0.67700 -0.98000  0.83070-3.293684455614E-01 -0.43131    0.142

L-couplings:

   1 16 12 11   10  1  2  2.0  0  2  1.0  2.0   0  0.83666  0.57735  1.96000  0.83070 7.864817924351E-01  0.63078    0.496

   1 17 12 11   10  1  2  2.0  0  2  1.0  3.0   0 -0.37796  0.68313  1.96000  0.83070-4.203922011755E-01  0.63078   -0.265

   1 18 13 11   11  2  4  4.0  0  4  1.0  3.0   0 -0.80178  0.50918  0.98000  0.83070-3.323492162324E-01  0.84628   -0.281

   2 16 12 11   10  1  2  2.0  2  2  1.0  2.0   2  0.83666 -0.76376  1.96000  0.83070-1.040417616732E+00 -0.33717    0.351

   2 17 12 11   10  1  2  2.0  2  2  1.0  3.0   2 -0.37796  0.25820  1.96000  0.83070-1.588933167745E-01 -0.33717    0.054

   2 17 13 11   11  2  4  4.0  2  2  1.0  3.0   2 -0.80178  1.00000  0.98000  0.83070-6.527209030904E-01  0.45236   -0.295

   2 18 12 11   10  1  2  2.0  2  4  1.0  3.0   2 -0.37796  1.00000  1.96000  0.83070-6.153911696912E-01  0.45236   -0.278

   2 18 13 11   11  2  4  4.0  2  4  1.0  3.0   2 -0.80178  0.50461  0.98000  0.83070-3.293684455614E-01 -0.43131    0.142

   3 16 12 11   10  1  2  2.0  2  2  2.0  2.0   2  0.54772  0.50000  1.96000  0.83070 4.458932643136E-01 -0.33717   -0.150

   3 16 13 11   11  2  4  4.0  2  2  2.0  2.0   2  1.00000 -0.66667  0.98000  0.83070-5.427239974555E-01  0.45236   -0.246

   3 17 12 11   10  1  2  2.0  2  2  2.0  3.0   2  0.92582 -0.63246  1.96000  0.83070-9.533599006468E-01 -0.33717    0.321

   3 17 13 11   11  2  4  4.0  2  2  2.0  3.0   2  0.59761 -0.74536  0.98000  0.83070-3.626227239391E-01  0.45236   -0.164

   3 18 12 11   10  1  2  2.0  2  4  2.0  3.0   2  0.92582  0.40825  1.96000  0.83070 6.153911696912E-01  0.45236    0.278

   3 18 13 11   11  2  4  4.0  2  4  2.0  3.0   2  0.59761  0.67700  0.98000  0.83070 3.293684455614E-01 -0.43131   -0.142

L-couplings:

   1 19 15 14   10  1  2  2.0  0  2  1.0  2.0   0  0.83666  0.57735  1.96000  0.83070 7.864817924351E-01  0.63078    0.496

   1 20 15 14   10  1  2  2.0  0  2  1.0  3.0   0 -0.37796  0.68313  1.96000  0.83070-4.203922011755E-01  0.63078   -0.265

   1 21 16 14   11  2  4  4.0  0  4  1.0  3.0   0 -0.80178  0.50918  1.96000  0.83070-6.646984331431E-01  0.84628   -0.563

   2 19 15 14   10  1  2  2.0  2  2  1.0  2.0   2  0.83666 -0.76376  1.96000  0.83070-1.040417616732E+00 -0.33717    0.351

   2 20 15 14   10  1  2  2.0  2  2  1.0  3.0   2 -0.37796  0.25820  1.96000  0.83070-1.588933167745E-01 -0.33717    0.054

   2 20 16 14   11  2  4  4.0  2  2  1.0  3.0   2 -0.80178  1.00000  1.96000  0.83070-1.305441807513E+00  0.45236   -0.591

   2 21 15 14   10  1  2  2.0  2  4  1.0  3.0   2 -0.37796  1.00000  1.96000  0.83070-6.153911696912E-01  0.45236   -0.278

   2 21 16 14   11  2  4  4.0  2  4  1.0  3.0   2 -0.80178  0.50461  1.96000  0.83070-6.587368917950E-01 -0.43131    0.284

   3 19 15 14   10  1  2  2.0  2  2  2.0  2.0   2  0.54772  0.50000  1.96000  0.83070 4.458932643136E-01 -0.33717   -0.150

   3 19 16 14   11  2  4  4.0  2  2  2.0  2.0   2  1.00000 -0.66667  1.96000  0.83070-1.085447996019E+00  0.45236   -0.491

   3 20 15 14   10  1  2  2.0  2  2  2.0  3.0   2  0.92582 -0.63246  1.96000  0.83070-9.533599006468E-01 -0.33717    0.321

   3 20 16 14   11  2  4  4.0  2  2  2.0  3.0   2  0.59761 -0.74536  1.96000  0.83070-7.252454486183E-01  0.45236   -0.328

   3 21 15 14   10  1  2  2.0  2  4  2.0  3.0   2  0.92582  0.40825  1.96000  0.83070 6.153911696912E-01  0.45236    0.278

   3 21 16 14   11  2  4  4.0  2  4  2.0  3.0   2  0.59761  0.67700  1.96000  0.83070 6.587368917950E-01 -0.43131   -0.284
 Reaction Xsec     0.5-/ 0 @ 1 =     1.546 , Out:   0.000#   0.046/   0.013/   0.059/   0.049/   0.049/   0.059/   1.546f
 Reaction Xsec     0.5-/ 2 @ 2 =     1.549 , Out:   0.000#   0.051/   0.057/   0.114/   0.068/   0.062/   0.101/   1.548f
 Reaction Xsec     0.5-/ 2 @ 3 =     1.549 , Out:   0.000#   0.051/   0.057/   0.114/   0.068/   0.062/   0.101/   1.548f
 Allocate arrays for           41  channels, of which           41  need wfs.

 Total SPIN, PARITY =     1.5 +,     41 chs,      5 cc.  Rmin & Coul turning =    0.1    1.3
 Reaction Xsec     1.5+/ 1 @ 1 =     3.094 , Out:   0.000#   0.160/   0.031/   0.191/   0.167/   0.167/   0.191/   3.094f
 Reaction Xsec     1.5+/ 1 @ 2 =     3.094 , Out:   0.000#   0.091/   0.055/   0.134/   0.099/   0.111/   0.159/   3.094f
 Reaction Xsec     1.5+/ 1 @ 3 =     3.094 , Out:   0.000#   0.180/   0.066/   0.247/   0.197/   0.197/   0.247/   3.093f
 Reaction Xsec     1.5+/ 3 @ 4 =     3.102 , Out:   0.000#   0.113/   0.193/   0.383/   0.200/   0.124/   0.231/   3.101f
 Reaction Xsec     1.5+/ 3 @ 5 =     3.102 , Out:   0.000#   0.049/   0.449/   0.425/   0.125/   0.198/   0.571/   3.100f

 Total SPIN, PARITY =     1.5 -,     41 chs,      5 cc.  Rmin & Coul turning =    0.1    1.3
 Reaction Xsec     1.5-/ 0 @ 1 =     3.092 , Out:   0.000#   0.083/   0.032/   0.114/   0.091/   0.091/   0.114/   3.091f
 Reaction Xsec     1.5-/ 2 @ 2 =     3.097 , Out:   0.000#   0.211/   0.032/   0.233/   0.214/   0.224/   0.253/   3.096f
 Reaction Xsec     1.5-/ 2 @ 3 =     3.097 , Out:   0.000#   0.162/   0.068/   0.231/   0.179/   0.179/   0.231/   3.096f
 Reaction Xsec     1.5-/ 2 @ 4 =     3.097 , Out:   0.000#   0.088/   0.136/   0.282/   0.151/   0.094/   0.167/   3.096f
 Reaction Xsec     1.5-/ 4 @ 5 =     3.112 , Out:   0.000#   0.088/   0.665/   0.863/   0.309/   0.199/   0.642/   3.109f
 Allocate arrays for           54  channels, of which           54  need wfs.

 Total SPIN, PARITY =     2.5 +,     54 chs,      6 cc.  Rmin & Coul turning =    0.3    1.9
 Reaction Xsec     2.5+/ 1 @ 1 =     4.642 , Out:   0.000#   0.466/   0.027/   0.502/   0.477/   0.469/   0.485/   4.639f
 Reaction Xsec     2.5+/ 1 @ 2 =     4.642 , Out:   0.000#   0.718/   0.053/   0.814/   0.752/   0.710/   0.728/   4.638f
 Reaction Xsec     2.5+/ 3 @ 3 =     4.653 , Out:   0.000#   0.541/   0.055/   0.598/   0.556/   0.555/   0.595/   4.650f
 Reaction Xsec     2.5+/ 3 @ 4 =     4.653 , Out:   0.000#   0.257/   0.224/   0.582/   0.364/   0.263/   0.381/   4.651f
 Reaction Xsec     2.5+/ 3 @ 5 =     4.653 , Out:   0.000#   0.067/   0.715/   0.647/   0.179/   0.313/   0.917/   4.650f
 Reaction Xsec     2.5+/ 5 @ 6 =     4.670 , Out:   0.000#   0.119/   1.837/   1.661/   0.431/   0.726/   2.251/   4.663f

 Total SPIN, PARITY =     2.5 -,     54 chs,      6 cc.  Rmin & Coul turning =    0.3    1.9
 Reaction Xsec     2.5-/ 0 @ 1 =     4.638 , Out:   0.000#   0.089/   0.119/   0.207/   0.118/   0.118/   0.207/   4.637f
 Reaction Xsec     2.5-/ 2 @ 2 =     4.646 , Out:   0.000#   0.199/   8.708#   0.211/   0.203/   0.200/   0.205/   4.645f
 Reaction Xsec     2.5-/ 2 @ 3 =     4.646 , Out:   0.000#   0.342/   0.030/   0.362/   0.344/   0.356/   0.384/   4.644f
 Reaction Xsec     2.5-/ 2 @ 4 =     4.646 , Out:   0.000#   0.262/   0.070/   0.240/   0.234/   0.325/   0.424/   4.644f
 Reaction Xsec     2.5-/ 4 @ 5 =     4.667 , Out:   0.000#   0.311/   0.171/   0.290/   0.257/   0.449/   0.674/   4.665f
 Reaction Xsec     2.5-/ 4 @ 6 =     4.667 , Out:   0.000#   0.153/   0.898/   1.174/   0.439/   0.316/   0.928/   4.664f
 Allocate arrays for           60  channels, of which           60  need wfs.

 Total SPIN, PARITY =     3.5 +,     60 chs,      6 cc.  Rmin & Coul turning =    0.4    2.4
 Reaction Xsec     3.5+/ 1 @ 1 =     6.189 , Out:   0.000#   0.370/   9.646#   0.357/   0.361/   0.384/   0.402/   6.187f
 Reaction Xsec     3.5+/ 3 @ 2 =     6.204 , Out:   0.000#   0.121/   7.011#   0.111/   0.114/   0.130/   0.144/   6.203f
 Reaction Xsec     3.5+/ 3 @ 3 =     6.204 , Out:   0.000#   0.669/   0.053/   0.717/   0.680/   0.685/   0.728/   6.200f
 Reaction Xsec     3.5+/ 3 @ 4 =     6.204 , Out:   0.000#   0.348/   0.191/   0.754/   0.503/   0.289/   0.325/   6.201f
 Reaction Xsec     3.5+/ 5 @ 5 =     6.227 , Out:   0.000#   0.336/   0.385/   1.201/   0.672/   0.192/   0.240/   6.224f
 Reaction Xsec     3.5+/ 5 @ 6 =     6.227 , Out:   0.000#   0.171/   2.302/   2.142/   0.581/   0.912/   2.804/   6.218f

 Total SPIN, PARITY =     3.5 -,     60 chs,      6 cc.  Rmin & Coul turning =    0.4    2.4
 Reaction Xsec     3.5-/ 2 @ 1 =     6.195 , Out:   0.000#   0.247/   8.887#   0.262/   0.252/   0.246/   0.250/   6.193f
 Reaction Xsec     3.5-/ 2 @ 2 =     6.195 , Out:   0.000#   0.561/   0.018/   0.619/   0.585/   0.545/   0.539/   6.192f
 Reaction Xsec     3.5-/ 4 @ 3 =     6.223 , Out:   0.000#   0.798/   0.027/   0.908/   0.846/   0.763/   0.741/   6.219f
 Reaction Xsec     3.5-/ 4 @ 4 =     6.223 , Out:   0.000#   0.464/   0.187/   0.428/   0.399/   0.622/   0.874/   6.220f
 Reaction Xsec     3.5-/ 4 @ 5 =     6.223 , Out:   0.000#   0.199/   1.226/   1.602/   0.594/   0.417/   1.248/   6.218f
 Reaction Xsec     3.5-/ 6 @ 6 =     6.272 , Out:   0.000#   0.293/   1.659/   1.988/   0.725/   0.690/   1.917/   6.265f

 Total SPIN, PARITY =     4.5 +,     60 chs,      6 cc.  Rmin & Coul turning =    0.6    2.9
 Reaction Xsec     4.5+/ 3 @ 1 =     7.755 , Out:   0.000#   0.267/   6.615#   0.242/   0.253/   0.285/   0.305/   7.753f
 Reaction Xsec     4.5+/ 3 @ 2 =     7.755 , Out:   0.000#   2.361/   0.036/   2.233/   2.288/   2.452/   2.562/   7.743f
 Reaction Xsec     4.5+/ 5 @ 3 =     7.784 , Out:   0.000#   0.717/   0.054/   0.621/   0.655/   0.806/   0.923/   7.780f
 Reaction Xsec     4.5+/ 5 @ 4 =     7.784 , Out:   0.000#   0.446/   0.428/   1.428/   0.830/   0.275/   0.319/   7.780f
 Reaction Xsec     4.5+/ 5 @ 5 =     7.784 , Out:   0.000#   0.212/   2.946/   2.728/   0.734/   1.163/   3.587/   7.772f
 Reaction Xsec     4.5+/ 7 @ 6 =     7.838 , Out:   0.000#   0.773/   7.405/   7.059/   2.065/   3.183/   9.296/   7.808f

 Total SPIN, PARITY =     4.5 -,     60 chs,      6 cc.  Rmin & Coul turning =    0.6    2.9
 Reaction Xsec     4.5-/ 2 @ 1 =     7.743 , Out:   0.000#   0.204/   0.012/   0.194/   0.196/   0.218/   0.238/   7.742f
 Reaction Xsec     4.5-/ 4 @ 2 =     7.779 , Out:   0.000#   0.194/   3.652#   0.195/   0.194/   0.196/   0.201/   7.778f
 Reaction Xsec     4.5-/ 4 @ 3 =     7.779 , Out:   0.000#   0.777/   0.027/   0.901/   0.832/   0.736/   0.708/   7.775f
 Reaction Xsec     4.5-/ 4 @ 4 =     7.779 , Out:   0.000#   0.505/   0.120/   0.313/   0.379/   0.691/   0.936/   7.776f
 Reaction Xsec     4.5-/ 6 @ 5 =     7.840 , Out:   0.000#   0.574/   0.159/   0.624/   0.560/   0.668/   0.842/   7.836f
 Reaction Xsec     4.5-/ 6 @ 6 =     7.840 , Out:   0.000#   0.376/   2.037/   2.450/   0.904/   0.867/   2.376/   7.831f

 Total SPIN, PARITY =     5.5 +,     60 chs,      6 cc.  Rmin & Coul turning =    0.8    3.5
 Reaction Xsec     5.5+/ 3 @ 1 =     9.306 , Out:   0.000#   0.089/   4.085#   0.070/   0.079/   0.102/   0.116/   9.305f
 Reaction Xsec     5.5+/ 5 @ 2 =     9.340 , Out:   0.000#   0.172/   3.488#   0.140/   0.155/   0.191/   0.211/   9.339f
 Reaction Xsec     5.5+/ 5 @ 3 =     9.340 , Out:   0.000#   0.885/   0.056/   0.750/   0.803/   0.994/   1.131/   9.336f
 Reaction Xsec     5.5+/ 5 @ 4 =     9.340 , Out:   0.000#   0.575/   0.340/   1.694/   1.049/   0.271/   0.138/   9.336f
 Reaction Xsec     5.5+/ 7 @ 5 =     9.406 , Out:   0.000#   3.120/   0.651/   5.787/   4.291/   2.275/   1.755/   9.388f
 Reaction Xsec     5.5+/ 7 @ 6 =     9.406 , Out:   0.000#   1.002/   8.613/   8.388/   2.542/   3.769/   0.011    9.371f

 Total SPIN, PARITY =     5.5 -,     60 chs,      6 cc.  Rmin & Coul turning =    0.8    3.5
 Reaction Xsec     5.5-/ 4 @ 1 =     9.335 , Out:   0.000#   0.205/   3.911#   0.201/   0.202/   0.210/   0.218/   9.334f
 Reaction Xsec     5.5-/ 4 @ 2 =     9.335 , Out:   0.000#   0.579/   0.022/   0.721/   0.644/   0.524/   0.480/   9.332f
 Reaction Xsec     5.5-/ 6 @ 3 =     9.408 , Out:   0.000#   1.010/   0.024/   1.145/   1.072/   0.961/   0.925/   9.403f
 Reaction Xsec     5.5-/ 6 @ 4 =     9.408 , Out:   0.000#   0.707/   0.170/   0.758/   0.690/   0.809/   0.995/   9.404f
 Reaction Xsec     5.5-/ 6 @ 5 =     9.408 , Out:   0.000#   0.449/   2.486/   2.981/   1.094/   1.048/   2.889/   9.397f
 Reaction Xsec     5.5-/ 8 @ 6 =     9.366 , Out:   0.000#   1.239/   5.134/   5.262/   1.967/   3.078/   7.484/   9.342f

 Total SPIN, PARITY =     6.5 +,     60 chs,      6 cc.  Rmin & Coul turning =    0.9    4.0
 Reaction Xsec     6.5+/ 5 @ 1 =    10.897 , Out:   0.000#   0.201/   3.347#   0.163/   0.181/   0.222/   0.245/  10.896f
 Reaction Xsec     6.5+/ 5 @ 2 =    10.897 , Out:   0.000#   1.364/   0.042/   1.059/   1.201/   1.548/   1.753/  10.890f
 Reaction Xsec     6.5+/ 7 @ 3 =    10.973 , Out:   0.000#   6.256/   0.064/   5.464/   5.844/   6.700/   7.176/  10.942f
 Reaction Xsec     6.5+/ 7 @ 4 =    10.973 , Out:   0.000#   3.752/   0.698/   6.690/   5.046/   2.806/   2.209/  10.952f
 Reaction Xsec     6.5+/ 7 @ 5 =    10.973 , Out:   0.000#   1.158/   0.010    9.805/   2.957/   4.408/   0.013   10.932f
 Reaction Xsec     6.5+/ 9 @ 6 =    10.693 , Out:   0.000#   1.474/   0.020    0.020    5.741/   7.377/   0.023   10.615f

 Total SPIN, PARITY =     6.5 -,     60 chs,      6 cc.  Rmin & Coul turning =    0.9    4.0
 Reaction Xsec     6.5-/ 4 @ 1 =    10.891 , Out:   0.000#   0.243/   3.409#   0.222/   0.232/   0.255/   0.269/  10.890f
 Reaction Xsec     6.5-/ 6 @ 2 =    10.976 , Out:   0.000#   0.341/   2.553#   0.306/   0.323/   0.360/   0.381/  10.974f
 Reaction Xsec     6.5-/ 6 @ 3 =    10.976 , Out:   0.000#   1.140/   0.026/   1.289/   1.209/   1.085/   1.043/  10.970f
 Reaction Xsec     6.5-/ 6 @ 4 =    10.976 , Out:   0.000#   0.826/   0.088/   0.769/   0.776/   0.921/   1.059/  10.971f
 Reaction Xsec     6.5-/ 8 @ 5 =    10.927 , Out:   0.000#   4.854/   0.397/   7.285/   5.970/   3.937/   3.218/  10.901f
 Reaction Xsec     6.5-/ 8 @ 6 =    10.927 , Out:   0.000#   1.532/   5.848/   6.169/   2.389/   3.600/   8.591/  10.899f

 Total SPIN, PARITY =     7.5 +,     60 chs,      6 cc.  Rmin & Coul turning =    1.1    4.6
 Reaction Xsec     7.5+/ 5 @ 1 =    12.454 , Out:   0.000#   0.149/   1.685#   0.123/   0.135/   0.163/   0.177/  12.453f
 Reaction Xsec     7.5+/ 7 @ 2 =    12.541 , Out:   0.000#   0.293/   2.134#   0.253/   0.272/   0.314/   0.337/  12.539f
 Reaction Xsec     7.5+/ 7 @ 3 =    12.541 , Out:   0.000#   6.994/   0.066/   6.093/   6.527/   7.494/   8.028/  12.506f
 Reaction Xsec     7.5+/ 7 @ 4 =    12.541 , Out:   0.000#   4.362/   0.477/   7.546/   5.835/   3.128/   2.132/  12.517f
 Reaction Xsec     7.5+/ 9 @ 5 =    12.221 , Out:   0.000#   5.676/   0.898/   9.619/   7.423/   4.377/   3.527/  12.189f
 Reaction Xsec     7.5+/ 9 @ 6 =    12.221 , Out:   0.000#   1.764/   0.023    0.023    6.579/   8.350/   0.026   12.132f

 Total SPIN, PARITY =     7.5 -,     60 chs,      6 cc.  Rmin & Coul turning =    1.1    4.6
 Reaction Xsec     7.5-/ 6 @ 1 =    12.544 , Out:   0.000#   0.384/   2.786#   0.343/   0.363/   0.407/   0.431/  12.542f
 Reaction Xsec     7.5-/ 6 @ 2 =    12.544 , Out:   0.000#   1.250/   0.026/   1.420/   1.329/   1.184/   1.132/  12.537f
 Reaction Xsec     7.5-/ 8 @ 3 =    12.488 , Out:   0.000#   9.154/   0.044/   8.312/   8.722/   9.608/   0.010   12.442f
 Reaction Xsec     7.5-/ 8 @ 4 =    12.488 , Out:   0.000#   5.665/   0.426/   8.328/   6.890/   4.654/   3.855/  12.458f
 Reaction Xsec     7.5-/ 8 @ 5 =    12.488 , Out:   0.000#   1.740/   6.702/   7.047/   2.718/   4.114/   9.839/  12.456f
 Reaction Xsec     7.5-/10 @ 6 =    10.121 , Out:   0.000#   0.665/   0.024    0.024    6.443/   7.100/   0.026   10.032f

 Total SPIN, PARITY =     8.5 +,     60 chs,      6 cc.  Rmin & Coul turning =    1.2    5.1
 Reaction Xsec     8.5+/ 7 @ 1 =    14.108 , Out:   0.000#   0.309/   2.114#   0.266/   0.287/   0.332/   0.356/  14.107f
 Reaction Xsec     8.5+/ 7 @ 2 =    14.108 , Out:   0.000#   8.107/   0.059/   6.916/   7.497/   8.747/   9.415/  14.068f
 Reaction Xsec     8.5+/ 9 @ 3 =    13.749 , Out:   0.000#   0.010    0.072/   8.909/   9.545/   0.011    0.012   13.697f
 Reaction Xsec     8.5+/ 9 @ 4 =    13.749 , Out:   0.000#   6.484/   0.944/   0.011    8.381/   5.059/   4.105/  13.713f
 Reaction Xsec     8.5+/ 9 @ 5 =    13.749 , Out:   0.000#   1.976/   0.026    0.026    7.400/   9.405/   0.030   13.649f
 Reaction Xsec     8.5+/11 @ 6 =     7.562 , Out:   0.000#   0.201/   9.846/   9.867/   2.572/   2.752/   0.010    7.527f

 Total SPIN, PARITY =     8.5 -,     60 chs,      6 cc.  Rmin & Coul turning =    1.2    5.1
 Reaction Xsec     8.5-/ 6 @ 1 =    14.111 , Out:   0.000#   0.403/   2.347#   0.349/   0.376/   0.432/   0.461/  14.109f
 Reaction Xsec     8.5-/ 8 @ 2 =    14.049 , Out:   0.000#   0.292/   1.499#   0.258/   0.275/   0.311/   0.330/  14.047f
 Reaction Xsec     8.5-/ 8 @ 3 =    14.049 , Out:   0.000#   0.010    0.047/   9.170/   9.628/   0.011    0.011   13.998f
 Reaction Xsec     8.5-/ 8 @ 4 =    14.049 , Out:   0.000#   6.457/   0.319/   9.400/   7.849/   5.225/   4.152/  14.015f
 Reaction Xsec     8.5-/10 @ 5 =    11.386 , Out:   0.000#   2.461/   0.595/   4.291/   3.227/   1.993/   1.822/  11.372f
 Reaction Xsec     8.5-/10 @ 6 =    11.386 , Out:   0.000#   0.775/   0.027    0.027    7.184/   7.892/   0.029   11.287f

 Total SPIN, PARITY =     9.5 +,     60 chs,      6 cc.  Rmin & Coul turning =    1.4    5.7
 Reaction Xsec     9.5+/ 7 @ 1 =    15.676 , Out:   0.000#   0.143/   0.903#   0.125/   0.134/   0.153/   0.163/  15.675f
 Reaction Xsec     9.5+/ 9 @ 2 =    15.276 , Out:   0.000#   0.204/   1.274#   0.175/   0.189/   0.219/   0.235/  15.275f
 Reaction Xsec     9.5+/ 9 @ 3 =    15.276 , Out:   0.000#   0.011    0.075/   9.738/   0.010    0.012    0.013   15.220f
 Reaction Xsec     9.5+/ 9 @ 4 =    15.276 , Out:   0.000#   7.283/   0.553/   0.012    9.327/   5.514/   4.022/  15.238f
 Reaction Xsec     9.5+/11 @ 5 =     8.402 , Out:   0.000#   0.721/   0.183/   1.244/   0.936/   0.596/   0.564/   8.398f
 Reaction Xsec     9.5+/11 @ 6 =     8.402 , Out:   0.000#   0.229/   0.011    0.011    2.833/   3.025/   0.011    8.363f

 Total SPIN, PARITY =     9.5 -,     60 chs,      6 cc.  Rmin & Coul turning =    1.4    5.7
 Reaction Xsec     9.5-/ 8 @ 1 =    15.610 , Out:   0.000#   0.302/   1.531#   0.265/   0.283/   0.322/   0.342/  15.608f
 Reaction Xsec     9.5-/ 8 @ 2 =    15.610 , Out:   0.000#   0.011    0.044/   0.010    0.011    0.012    0.013   15.553f
 Reaction Xsec     9.5-/10 @ 3 =    12.651 , Out:   0.000#   4.259/   0.028/   3.719/   3.982/   4.550/   4.854/  12.630f
 Reaction Xsec     9.5-/10 @ 4 =    12.651 , Out:   0.000#   2.767/   0.611/   4.714/   3.588/   2.251/   2.040/  12.635f
 Reaction Xsec     9.5-/10 @ 5 =    12.651 , Out:   0.000#   0.858/   0.030    0.030    7.989/   8.779/   0.032   12.541f
 Reaction Xsec     9.5-/12 @ 6 =     4.706 , Out:   0.000#   0.048/   2.391/   2.400/   0.626/   0.665/   2.477/   4.698f

 Total SPIN, PARITY =    10.5 +,     60 chs,      6 cc.  Rmin & Coul turning =    1.6    6.2
 Reaction Xsec    10.5+/ 9 @ 1 =    16.804 , Out:   0.000#   0.206/   1.243#   0.176/   0.191/   0.221/   0.238/  16.803f
 Reaction Xsec    10.5+/ 9 @ 2 =    16.804 , Out:   0.000#   0.012    0.071/   0.011    0.012    0.013    0.014   16.742f
 Reaction Xsec    10.5+/11 @ 3 =     9.243 , Out:   0.000#   1.208/   7.091#   1.057/   1.131/   1.289/   1.373/   9.237f
 Reaction Xsec    10.5+/11 @ 4 =     9.243 , Out:   0.000#   0.800/   0.187/   1.352/   1.029/   0.663/   0.621/   9.238f
 Reaction Xsec    10.5+/11 @ 5 =     9.243 , Out:   0.000#   0.252/   0.012    0.012    3.118/   3.331/   0.012    9.200f
 Reaction Xsec    10.5+/13 @ 6 =     2.598 , Out:   0.000#   0.011/   0.501/   0.505/   0.133/   0.140/   0.520/   2.596f

 Total SPIN, PARITY =    10.5 -,     60 chs,      6 cc.  Rmin & Coul turning =    1.6    6.2
 Reaction Xsec    10.5-/ 8 @ 1 =    17.171 , Out:   0.000#   0.111/   0.837#   0.093/   0.101/   0.120/   0.130/  17.170f
 Reaction Xsec    10.5-/10 @ 2 =    13.916 , Out:   0.000#   0.068/   0.390#   0.058/   0.063/   0.073/   0.078/  13.916f
 Reaction Xsec    10.5-/10 @ 3 =    13.916 , Out:   0.000#   4.627/   0.027/   4.035/   4.324/   4.944/   5.274/  13.893f
 Reaction Xsec    10.5-/10 @ 4 =    13.916 , Out:   0.000#   3.070/   0.197/   4.777/   3.875/   2.365/   1.758/  13.900f
 Reaction Xsec    10.5-/12 @ 5 =     5.177 , Out:   0.000#   0.168/   0.037/   0.278/   0.214/   0.141/   0.132/   5.176f
 Reaction Xsec    10.5-/12 @ 6 =     5.177 , Out:   0.000#   0.054/   2.601/   2.614/   0.684/   0.725/   2.696/   5.168f

 Total SPIN, PARITY =    11.5 +,     60 chs,      6 cc.  Rmin & Coul turning =    1.7    6.8
 Reaction Xsec    11.5+/ 9 @ 1 =    18.332 , Out:   0.000#   0.028/   0.238#   0.024/   0.026/   0.031/   0.034/  18.331f
 Reaction Xsec    11.5+/11 @ 2 =    10.083 , Out:   0.000#   0.015/   0.083#   0.013/   0.014/   0.016/   0.018/  10.083f
 Reaction Xsec    11.5+/11 @ 3 =    10.083 , Out:   0.000#   1.304/   6.937#   1.140/   1.220/   1.392/   1.482/  10.076f
 Reaction Xsec    11.5+/11 @ 4 =    10.083 , Out:   0.000#   0.879/   0.049/   1.336/   1.095/   0.687/   0.521/  10.078f
 Reaction Xsec    11.5+/13 @ 5 =     2.834 , Out:   0.000#   0.038/   6.550#   0.060/   0.047/   0.032/   0.030/   2.834f
 Reaction Xsec    11.5+/13 @ 6 =     2.834 , Out:   0.000#   0.012/   0.542/   0.546/   0.144/   0.152/   0.563/   2.832f

 Total SPIN, PARITY =    11.5 -,     60 chs,      6 cc.  Rmin & Coul turning =    1.7    6.8
 Reaction Xsec    11.5-/10 @ 1 =    15.181 , Out:   0.000#   0.068/   0.384#   0.059/   0.063/   0.073/   0.078/  15.181f
 Reaction Xsec    11.5-/10 @ 2 =    15.181 , Out:   0.000#   5.085/   0.026/   4.393/   4.732/   5.450/   5.829/  15.156f
 Reaction Xsec    11.5-/12 @ 3 =     5.648 , Out:   0.000#   0.275/   1.386#   0.242/   0.258/   0.292/   0.310/   5.646f
 Reaction Xsec    11.5-/12 @ 4 =     5.648 , Out:   0.000#   0.185/   0.037/   0.300/   0.233/   0.155/   0.144/   5.646f
 Reaction Xsec    11.5-/12 @ 5 =     5.648 , Out:   0.000#   0.059/   2.840/   2.854/   0.747/   0.791/   2.944/   5.637f
 Reaction Xsec    11.5-/14 @ 6 =     1.334 , Out:   0.000#   2.764#   0.099/   0.100/   0.027/   0.028/   0.104/   1.333f

 Total SPIN, PARITY =    12.5 +,     60 chs,      6 cc.  Rmin & Coul turning =    1.9    7.3
 Reaction Xsec    12.5+/11 @ 1 =    10.923 , Out:   0.000#   0.015/   0.082#   0.013/   0.014/   0.016/   0.018/  10.923f
 Reaction Xsec    12.5+/11 @ 2 =    10.923 , Out:   0.000#   1.421/   6.840#   1.233/   1.325/   1.520/   1.623/  10.916f
 Reaction Xsec    12.5+/13 @ 3 =     3.070 , Out:   0.000#   0.061/   0.255#   0.054/   0.057/   0.064/   0.068/   3.070f
 Reaction Xsec    12.5+/13 @ 4 =     3.070 , Out:   0.000#   0.041/   6.661#   0.064/   0.051/   0.035/   0.032/   3.070f
 Reaction Xsec    12.5+/13 @ 5 =     3.070 , Out:   0.000#   0.013/   0.588/   0.592/   0.156/   0.165/   0.610/   3.068f
 Reaction Xsec    12.5+/15 @ 6 =     0.657 , Out:   0.000#   0.773#   0.019/   0.020/   5.363#   5.763#   0.020/   0.657f

 Total SPIN, PARITY =    12.5 -,     60 chs,      6 cc.  Rmin & Coul turning =    1.9    7.3
 Reaction Xsec    12.5-/10 @ 1 =    16.446 , Out:   0.000#   7.784#   0.073#   6.360#   7.054#   8.550#   9.353#  16.446f
 Reaction Xsec    12.5-/12 @ 2 =     6.118 , Out:   0.000#   2.799#   0.014#   2.442#   2.617#   2.988#   3.184#   6.118f
 Reaction Xsec    12.5-/12 @ 3 =     6.118 , Out:   0.000#   0.295/   1.369#   0.259/   0.277/   0.314/   0.333/   6.117f
 Reaction Xsec    12.5-/12 @ 4 =     6.118 , Out:   0.000#   0.201/   9.560#   0.297/   0.247/   0.161/   0.125/   6.117f
 Reaction Xsec    12.5-/14 @ 5 =     1.445 , Out:   0.000#   9.291#   1.141#   0.014/   0.011/   7.955#   7.190#   1.445f
 Reaction Xsec    12.5-/14 @ 6 =     1.445 , Out:   0.000#   3.045#   0.107/   0.108/   0.029/   0.031/   0.112/   1.444f

 Total SPIN, PARITY =    13.5 +,     60 chs,      6 cc.  Rmin & Coul turning =    2.0    7.9
 Reaction Xsec    13.5+/11 @ 1 =    11.763 , Out:   0.000#   1.074#   0.014#   0.846#   0.957#   1.199#   1.331#  11.763f
 Reaction Xsec    13.5+/13 @ 2 =     3.306 , Out:   0.000#   0.523#   0.002#   0.463#   0.493#   0.555#   0.588#   3.306f
 Reaction Xsec    13.5+/13 @ 3 =     3.306 , Out:   0.000#   0.065/   0.255#   0.058/   0.061/   0.069/   0.073/   3.306f
 Reaction Xsec    13.5+/13 @ 4 =     3.306 , Out:   0.000#   0.045/   1.751#   0.064/   0.054/   0.037/   0.029/   3.306f
 Reaction Xsec    13.5+/15 @ 5 =     0.708 , Out:   0.000#   2.554#   0.201#   3.525#   2.989#   2.219#   1.985#   0.708f
 Reaction Xsec    13.5+/15 @ 6 =     0.708 , Out:   0.000#   0.844#   0.020/   0.021/   5.756#   6.179#   0.022/   0.708f

 Total SPIN, PARITY =    13.5 -,     60 chs,      6 cc.  Rmin & Coul turning =    2.0    7.9
 Reaction Xsec    13.5-/12 @ 1 =     6.589 , Out:   0.000#   2.798#   0.014#   2.436#   2.613#   2.989#   3.187#   6.589f
 Reaction Xsec    13.5-/12 @ 2 =     6.589 , Out:   0.000#   0.319/   1.365#   0.279/   0.299/   0.340/   0.362/   6.587f
 Reaction Xsec    13.5-/14 @ 3 =     1.556 , Out:   0.000#   0.015/   0.049#   0.013/   0.014/   0.015/   0.016/   1.556f
 Reaction Xsec    13.5-/14 @ 4 =     1.556 , Out:   0.000#   0.010/   1.161#   0.015/   0.012/   8.622#   7.770#   1.556f
 Reaction Xsec    13.5-/14 @ 5 =     1.556 , Out:   0.000#   3.275#   0.115/   0.116/   0.031/   0.033/   0.120/   1.556f
 Reaction Xsec    13.5-/16 @ 6 =     0.316 , Out:   0.000#   0.232#   3.583#   3.714#   1.077#   1.178#   3.915#   0.316f

 Total SPIN, PARITY =    14.5 +,     60 chs,      6 cc.  Rmin & Coul turning =    2.2    8.4
 Reaction Xsec    14.5+/13 @ 1 =     3.542 , Out:   0.000#   0.523#   0.002#   0.462#   0.492#   0.555#   0.588#   3.542f
 Reaction Xsec    14.5+/13 @ 2 =     3.542 , Out:   0.000#   0.070/   0.256#   0.062/   0.066/   0.074/   0.078/   3.542f
 Reaction Xsec    14.5+/15 @ 3 =     0.758 , Out:   0.000#   3.941#   0.010#   3.584#   3.760#   4.127#   4.318#   0.758f
 Reaction Xsec    14.5+/15 @ 4 =     0.758 , Out:   0.000#   2.747#   0.205#   3.768#   3.206#   2.391#   2.137#   0.758f
 Reaction Xsec    14.5+/15 @ 5 =     0.758 , Out:   0.000#   0.903#   0.022/   0.022/   6.168#   6.622#   0.023/   0.758f
 Reaction Xsec    14.5+/17 @ 6 =     0.150 , Out:   0.000#   0.067#   0.630#   0.673#   0.213#   0.237#   0.723#   0.150f

 Total SPIN, PARITY =    14.5 -,     60 chs,      6 cc.  Rmin & Coul turning =    2.2    8.4
 Reaction Xsec    14.5-/12 @ 1 =     7.059 , Out:   0.000#   0.051#   0.002#   0.033#   0.042#   0.061#   0.072#   7.059f
 Reaction Xsec    14.5-/14 @ 2 =     1.667 , Out:   0.000#   0.110#   0.000#   0.099#   0.105#   0.116#   0.123#   1.667f
 Reaction Xsec    14.5-/14 @ 3 =     1.667 , Out:   0.000#   0.016/   0.049#   0.014/   0.015/   0.016/   0.017/   1.667f
 Reaction Xsec    14.5-/14 @ 4 =     1.667 , Out:   0.000#   0.011/   0.331#   0.015/   0.013/   9.037#   7.416#   1.667f
 Reaction Xsec    14.5-/16 @ 5 =     0.339 , Out:   0.000#   0.749#   0.036#   0.980#   0.856#   0.661#   0.591#   0.339f
 Reaction Xsec    14.5-/16 @ 6 =     0.339 , Out:   0.000#   0.251#   3.816#   3.961#   1.152#   1.258#   4.173#   0.339f

 Total SPIN, PARITY =    15.5 +,     60 chs,      6 cc.  Rmin & Coul turning =    2.4    9.0
 Reaction Xsec    15.5+/13 @ 1 =     3.778 , Out:   0.000#   0.004#   0.000#   0.004#   0.004#   0.004#   0.004#   3.778f
 Reaction Xsec    15.5+/15 @ 2 =     0.809 , Out:   0.000#   0.027#   0.000#   0.024#   0.025#   0.028#   0.029#   0.809f
 Reaction Xsec    15.5+/15 @ 3 =     0.809 , Out:   0.000#   4.179#   0.010#   3.799#   3.987#   4.377#   4.579#   0.809f
 Reaction Xsec    15.5+/15 @ 4 =     0.809 , Out:   0.000#   2.943#   0.067#   3.889#   3.399#   2.520#   2.131#   0.809f
 Reaction Xsec    15.5+/17 @ 5 =     0.160 , Out:   0.000#   0.212#   0.006#   0.266#   0.237#   0.189#   0.170#   0.160f
 Reaction Xsec    15.5+/17 @ 6 =     0.160 , Out:   0.000#   0.073#   0.669#   0.715#   0.227#   0.253#   0.768#   0.160f

 Total SPIN, PARITY =    15.5 -,     60 chs,      6 cc.  Rmin & Coul turning =    2.4    9.0
 Reaction Xsec    15.5-/14 @ 1 =     1.778 , Out:   0.000#   0.110#   0.000#   0.099#   0.105#   0.116#   0.123#   1.778f
 Reaction Xsec    15.5-/14 @ 2 =     1.778 , Out:   0.000#   0.017/   0.050#   0.015/   0.016/   0.018/   0.018/   1.778f
 Reaction Xsec    15.5-/16 @ 3 =     0.361 , Out:   0.000#   1.140#   0.002#   1.049#   1.094#   1.187#   1.235#   0.361f
 Reaction Xsec    15.5-/16 @ 4 =     0.361 , Out:   0.000#   0.802#   0.037#   1.044#   0.914#   0.709#   0.634#   0.361f
 Reaction Xsec    15.5-/16 @ 5 =     0.361 , Out:   0.000#   0.268#   4.072#   4.226#   1.229#   1.342#   4.453#   0.361f
 Reaction Xsec    15.5-/18 @ 6 =     0.071 , Out:   0.000#   0.017#   0.099#   0.110#   0.039#   0.044#   0.121#   0.071f

 Total SPIN, PARITY =    16.5 +,     60 chs,      6 cc.  Rmin & Coul turning =    2.5    9.5
 Reaction Xsec    16.5+/15 @ 1 =     0.859 , Out:   0.000#   0.027#   0.000#   0.024#   0.025#   0.028#   0.030#   0.859f
 Reaction Xsec    16.5+/15 @ 2 =     0.859 , Out:   0.000#   4.453#   0.010#   4.038#   4.243#   4.668#   4.889#   0.859f
 Reaction Xsec    16.5+/17 @ 3 =     0.170 , Out:   0.000#   0.318#   0.000#   0.295#   0.306#   0.329#   0.341#   0.170f
 Reaction Xsec    16.5+/17 @ 4 =     0.170 , Out:   0.000#   0.225#   0.006#   0.282#   0.252#   0.202#   0.181#   0.170f
 Reaction Xsec    16.5+/17 @ 5 =     0.170 , Out:   0.000#   0.077#   0.711#   0.760#   0.241#   0.269#   0.816#   0.170f
 Reaction Xsec    16.5+/19 @ 6 =     0.033 , Out:   0.000#   0.003#   0.012#   0.015#   0.006#   0.007#   0.016#   0.033f

 Total SPIN, PARITY =    16.5 -,     60 chs,      6 cc.  Rmin & Coul turning =    2.5    9.5
 Reaction Xsec    16.5-/14 @ 1 =     1.889 , Out:   0.000#   0.003#   0.000#   0.003#   0.003#   0.003#   0.003#   1.889f
 Reaction Xsec    16.5-/16 @ 2 =     0.384 , Out:   0.000#   0.009#   0.000#   0.008#   0.008#   0.009#   0.009#   0.384f
 Reaction Xsec    16.5-/16 @ 3 =     0.384 , Out:   0.000#   1.205#   0.002#   1.109#   1.156#   1.255#   1.305#   0.384f
 Reaction Xsec    16.5-/16 @ 4 =     0.384 , Out:   0.000#   0.855#   0.014#   1.090#   0.969#   0.749#   0.650#   0.384f
 Reaction Xsec    16.5-/18 @ 5 =     0.075 , Out:   0.000#   0.051#   0.001#   0.062#   0.056#   0.046#   0.042#   0.075f
 Reaction Xsec    16.5-/18 @ 6 =     0.075 , Out:   0.000#   0.018#   0.104#   0.117#   0.041#   0.047#   0.128#   0.075f

 Total SPIN, PARITY =    17.5 +,     60 chs,      6 cc.  Rmin & Coul turning =    2.7   10.1
 Reaction Xsec    17.5+/15 @ 1 =     0.910 , Out:   0.000#   0.001#   0.000#   0.001#   0.001#   0.002#   0.002#   0.910f
 Reaction Xsec    17.5+/17 @ 2 =     0.180 , Out:   0.000#   0.004#   0.000#   0.003#   0.004#   0.004#   0.004#   0.180f
0****** WARNING : ACCURACY LOSS IN ERWIN = 14.2 DIGITS, SO EXPECT ERRORS OF   0.0000 % OF UNITARITY

   155192446628208.47        282955.63778440142        2.2204460492503131E-016
 Reaction Xsec    17.5+/17 @ 3 =     0.180 , Out:   0.000#   0.335#   0.000#   0.311#   0.323#   0.347#   0.359#   0.180f
 Reaction Xsec    17.5+/17 @ 4 =     0.180 , Out:   0.000#   0.239#   0.003#   0.296#   0.267#   0.213#   0.189#   0.180f
 Reaction Xsec    17.5+/19 @ 5 =     0.035 , Out:   0.000#   0.009#   0.000#   0.011#   0.010#   0.008#   0.008#   0.035f
 Reaction Xsec    17.5+/19 @ 6 =     0.035 , Out:   0.000#   0.003#   0.013#   0.016#   0.006#   0.007#   0.017#   0.035f

 Total SPIN, PARITY =    17.5 -,     60 chs,      6 cc.  Rmin & Coul turning =    2.7   10.1
 Reaction Xsec    17.5-/16 @ 1 =     0.407 , Out:   0.000#   0.009#   0.000#   0.008#   0.008#   0.009#   0.010#   0.407f
 Reaction Xsec    17.5-/16 @ 2 =     0.407 , Out:   0.000#   1.279#   0.002#   1.175#   1.226#   1.333#   1.388#   0.407f
 Reaction Xsec    17.5-/18 @ 3 =     0.079 , Out:   0.000#   0.075#   0.000#   0.071#   0.073#   0.078#   0.080#   0.079f
 Reaction Xsec    17.5-/18 @ 4 =     0.079 , Out:   0.000#   0.054#   0.001#   0.066#   0.060#   0.049#   0.044#   0.079f
 Reaction Xsec    17.5-/18 @ 5 =     0.079 , Out:   0.000#   0.019#   0.110#   0.124#   0.044#   0.050#   0.136#   0.079f
 Reaction Xsec    17.5-/20 @ 6 =     0.015 , Out:   0.000#   0.000#   0.001#   0.001#   0.001#   0.001#   0.001#   0.015f

 Total SPIN, PARITY =    18.5 +,     60 chs,      6 cc.  Rmin & Coul turning =    2.8   10.6
0****** WARNING : ACCURACY LOSS IN ERWIN = 14.3 DIGITS, SO EXPECT ERRORS OF   0.0000 % OF UNITARITY

   218649866675974.47        4122469.3996256916        2.2204460492503131E-016
 Reaction Xsec    18.5+/17 @ 1 =     0.190 , Out:   0.000#   0.004#   0.000#   0.003#   0.004#   0.004#   0.004#   0.190f
 Reaction Xsec    18.5+/17 @ 2 =     0.190 , Out:   0.000#   0.354#   0.001#   0.329#   0.341#   0.367#   0.380#   0.190f
 Reaction Xsec    18.5+/19 @ 3 =     0.037 , Out:   0.000#   0.013#   0.000#   0.012#   0.013#   0.014#   0.014#   0.037f
 Reaction Xsec    18.5+/19 @ 4 =     0.037 , Out:   0.000#   0.010#   0.000#   0.011#   0.010#   0.009#   0.008#   0.037f
 Reaction Xsec    18.5+/19 @ 5 =     0.037 , Out:   0.000#   0.004#   0.014#   0.016#   0.007#   0.008#   0.018#   0.037f
 Reaction Xsec    18.5+/21 @ 6 =     7.085/, Out:   0.000#   0.000#   0.000#   0.000#   0.000#   0.000#   0.000#   0.007f

 Total SPIN, PARITY =    18.5 -,     60 chs,      6 cc.  Rmin & Coul turning =    2.8   10.6
 Reaction Xsec    18.5-/16 @ 1 =     0.429 , Out:   0.000#   0.002#   0.000#   0.002#   0.002#   0.003#   0.003#   0.429f
0****** WARNING : ACCURACY LOSS IN ERWIN = 14.9 DIGITS, SO EXPECT ERRORS OF   0.0000 % OF UNITARITY

   834373117691260.75        15366199.565867612        2.2204460492503131E-016
 Reaction Xsec    18.5-/18 @ 2 =     0.084 , Out:   0.000#   0.001#   0.000#   0.001#   0.001#   0.002#   0.002#   0.084f
0****** WARNING : ACCURACY LOSS IN ERWIN = 15.2 DIGITS, SO EXPECT ERRORS OF   0.0000 % OF UNITARITY

   1719750835262490.0        1029084.0577090739        2.2204460492503131E-016
 Reaction Xsec    18.5-/18 @ 3 =     0.084 , Out:   0.000#   0.079#   0.000#   0.074#   0.077#   0.082#   0.084#   0.084f
0****** WARNING : ACCURACY LOSS IN ERWIN = 14.2 DIGITS, SO EXPECT ERRORS OF   0.0000 % OF UNITARITY

   145567468243717.75        35314.889929327706        2.2204460492503131E-016
 Reaction Xsec    18.5-/18 @ 4 =     0.084 , Out:   0.000#   0.057#   0.001#   0.069#   0.063#   0.052#   0.046#   0.084f
 Reaction Xsec    18.5-/20 @ 5 =     0.016 , Out:   0.000#   0.001#   0.000#   0.001#   0.001#   0.001#   0.001#   0.016f
 Reaction Xsec    18.5-/20 @ 6 =     0.016 , Out:   0.000#   0.000#   0.001#   0.001#   0.001#   0.001#   0.002#   0.016f

 Total SPIN, PARITY =    19.5 +,     60 chs,      6 cc.  Rmin & Coul turning =    3.0   11.2
 Reaction Xsec    19.5+/17 @ 1 =     0.200 , Out:   0.000#   0.002#   0.000#   0.002#   0.002#   0.002#   0.002#   0.200f
0****** WARNING : ACCURACY LOSS IN ERWIN = 14.7 DIGITS, SO EXPECT ERRORS OF   0.0000 % OF UNITARITY

   452669501067236.50        19145932.139111388        2.2204460492503131E-016
 Reaction Xsec    19.5+/19 @ 2 =     0.039 , Out:   0.000#   0.000#   0.000#   0.000#   0.000#   0.000#   0.000#   0.039f
0****** WARNING : ACCURACY LOSS IN ERWIN = 14.6 DIGITS, SO EXPECT ERRORS OF   0.0000 % OF UNITARITY

   361374124140940.12        1290695.1196918895        2.2204460492503131E-016
 Reaction Xsec    19.5+/19 @ 3 =     0.039 , Out:   0.000#   0.014#   0.000#   0.013#   0.013#   0.014#   0.015#   0.039f
 Reaction Xsec    19.5+/19 @ 4 =     0.039 , Out:   0.000#   0.010#   0.000#   0.012#   0.011#   0.009#   0.008#   0.039f
 Reaction Xsec    19.5+/21 @ 5 =     7.458/, Out:   0.000#   0.000#   0.000#   0.000#   0.000#   0.000#   0.000#   0.007f
0****** WARNING : ACCURACY LOSS IN ERWIN = 14.5 DIGITS, SO EXPECT ERRORS OF   0.0000 % OF UNITARITY

   337899371151987.25        560029.30936212605        2.2204460492503131E-016
 Reaction Xsec    19.5+/21 @ 6 =     7.458/, Out:   0.000#   0.000#   0.000#   0.000#   0.000#   0.000#   0.000#   0.007f

 Total SPIN, PARITY =    19.5 -,     60 chs,      6 cc.  Rmin & Coul turning =    3.0   11.2
0****** WARNING : ACCURACY LOSS IN ERWIN = 14.6 DIGITS, SO EXPECT ERRORS OF   0.0000 % OF UNITARITY

   405220004475450.19        14307561.951739952        2.2204460492503131E-016
 Reaction Xsec    19.5-/18 @ 1 =     0.088 , Out:   0.000#   0.002#   0.000#   0.001#   0.001#   0.002#   0.002#   0.088f
0****** WARNING : ACCURACY LOSS IN ERWIN = 14.8 DIGITS, SO EXPECT ERRORS OF   0.0000 % OF UNITARITY

   596384696962048.25        935053.74916215742        2.2204460492503131E-016
 Reaction Xsec    19.5-/18 @ 2 =     0.088 , Out:   0.000#   0.084#   0.000#   0.078#   0.081#   0.086#   0.089#   0.088f
 Reaction Xsec    19.5-/20 @ 3 =     0.017 , Out:   0.000#   0.001#   0.000#   0.001#   0.001#   0.001#   0.001#   0.017f
 Reaction Xsec    19.5-/20 @ 4 =     0.017 , Out:   0.000#   0.001#   0.000#   0.001#   0.001#   0.001#   0.001#   0.017f
 Reaction Xsec    19.5-/20 @ 5 =     0.017 , Out:   0.000#   0.000#   0.001#   0.001#   0.001#   0.001#   0.002#   0.017f
 Reaction Xsec    19.5-/22 @ 6 =     3.266/, Out:   0.000#   0.000#   0.000#   0.000#   0.000#   0.000#   0.000#   0.003f

 Total SPIN, PARITY =    20.5 +,     60 chs,      6 cc.  Rmin & Coul turning =    3.2   11.7
0****** WARNING : ACCURACY LOSS IN ERWIN = 15.3 DIGITS, SO EXPECT ERRORS OF   0.0000 % OF UNITARITY

   2152952787079836.5        20580663.714768488        2.2204460492503131E-016
 Reaction Xsec    20.5+/19 @ 1 =     0.041 , Out:   0.000#   0.000#   0.000#   0.000#   0.000#   0.000#   0.000#   0.041f
0****** WARNING : ACCURACY LOSS IN ERWIN = 14.7 DIGITS, SO EXPECT ERRORS OF   0.0000 % OF UNITARITY

   515046093201676.75        1222870.5746661101        2.2204460492503131E-016
 Reaction Xsec    20.5+/19 @ 2 =     0.041 , Out:   0.000#   0.015#   0.000#   0.014#   0.014#   0.015#   0.015#   0.041f
0****** WARNING : ACCURACY LOSS IN ERWIN = 14.6 DIGITS, SO EXPECT ERRORS OF   0.0000 % OF UNITARITY

   402395429059032.94        9428241.6551972926        2.2204460492503131E-016
 Reaction Xsec    20.5+/21 @ 3 =     7.831/, Out:   0.000#   0.000#   0.000#   0.000#   0.000#   0.000#   0.000#   0.008f
0****** WARNING : ACCURACY LOSS IN ERWIN = 15.2 DIGITS, SO EXPECT ERRORS OF   0.0000 % OF UNITARITY

   1524707862769508.8        9408948.9174439386        2.2204460492503131E-016
 Reaction Xsec    20.5+/21 @ 4 =     7.831/, Out:   0.000#   0.000#   0.000#   0.000#   0.000#   0.000#   0.000#   0.008f
0****** WARNING : ACCURACY LOSS IN ERWIN = 14.4 DIGITS, SO EXPECT ERRORS OF   0.0000 % OF UNITARITY

   233180384092678.16        544978.70148438076        2.2204460492503131E-016
 Reaction Xsec    20.5+/21 @ 5 =     7.831/, Out:   0.000#   0.000#   0.000#   0.000#   0.000#   0.000#   0.000#   0.008f
0****** WARNING : ACCURACY LOSS IN ERWIN = 14.4 DIGITS, SO EXPECT ERRORS OF   0.0000 % OF UNITARITY

   270508547581020.69        648492.95138285728        2.2204460492503131E-016
 Reaction Xsec    20.5+/23 @ 6 =     1.500/, Out:   0.000#   0.000#   0.000#   0.000#   0.000#   0.000#   0.000#   0.002f

 Total SPIN, PARITY =    20.5 -,     60 chs,      6 cc.  Rmin & Coul turning =    3.2   11.7
0****** WARNING : ACCURACY LOSS IN ERWIN = 14.7 DIGITS, SO EXPECT ERRORS OF   0.0000 % OF UNITARITY

   533206170019233.44        3567265.9952144665        2.2204460492503131E-016
 Reaction Xsec    20.5-/18 @ 1 =     0.093 , Out:   0.000#   0.001#   0.000#   0.001#   0.001#   0.001#   0.001#   0.093f
 Reaction Xsec    20.5-/20 @ 2 =     0.018 , Out:   0.000#   0.000#   0.000#   0.000#   0.000#   0.000#   0.000#   0.018f
 Reaction Xsec    20.5-/20 @ 3 =     0.018 , Out:   0.000#   0.001#   0.000#   0.001#   0.001#   0.001#   0.001#   0.018f
 Reaction Xsec    20.5-/20 @ 4 =     0.018 , Out:   0.000#   0.001#   0.000#   0.001#   0.001#   0.001#   0.001#   0.018f
 Reaction Xsec    20.5-/22 @ 5 =     3.429/, Out:   0.000#   0.000#   0.000#   0.000#   0.000#   0.000#   0.000#   0.003f
 Reaction Xsec    20.5-/22 @ 6 =     3.429/, Out:   0.000#   0.000#   0.000#   0.000#   0.000#   0.000#   0.000#   0.003f

 Total SPIN, PARITY =    21.5 +,     60 chs,      6 cc.  Rmin & Coul turning =    3.3   12.3
0****** WARNING : ACCURACY LOSS IN ERWIN = 14.9 DIGITS, SO EXPECT ERRORS OF   0.0000 % OF UNITARITY

   769978709406546.75        7618264.7986664576        2.2204460492503131E-016
 Reaction Xsec    21.5+/19 @ 1 =     0.043 , Out:   0.000#   0.000#   0.000#   0.000#   0.000#   0.000#   0.000#   0.043f
0****** WARNING : ACCURACY LOSS IN ERWIN = 14.4 DIGITS, SO EXPECT ERRORS OF   0.0000 % OF UNITARITY

   225325109992953.41        18992944.440178648        2.2204460492503131E-016
 Reaction Xsec    21.5+/21 @ 2 =     8.204/, Out:   0.000#   0.000#   0.000#   0.000#   0.000#   0.000#   0.000#   0.008f
0****** WARNING : ACCURACY LOSS IN ERWIN = 14.3 DIGITS, SO EXPECT ERRORS OF   0.0000 % OF UNITARITY

   180302168914479.69        3964555.5664690663        2.2204460492503131E-016
 Reaction Xsec    21.5+/21 @ 3 =     8.204/, Out:   0.000#   0.000#   0.000#   0.000#   0.000#   0.000#   0.000#   0.008f
0****** WARNING : ACCURACY LOSS IN ERWIN = 14.1 DIGITS, SO EXPECT ERRORS OF   0.0000 % OF UNITARITY

   136657877522861.73        3976913.9354189089        2.2204460492503131E-016
 Reaction Xsec    21.5+/21 @ 4 =     8.204/, Out:   0.000#   0.000#   0.000#   0.000#   0.000#   0.000#   0.000#   0.008f
0****** WARNING : ACCURACY LOSS IN ERWIN = 14.7 DIGITS, SO EXPECT ERRORS OF   0.0000 % OF UNITARITY

   498606413845625.19        3365002.3932378246        2.2204460492503131E-016
 Reaction Xsec    21.5+/23 @ 5 =     1.572/, Out:   0.000#   0.000#   0.000#   0.000#   0.000#   0.000#   0.000#   0.002f
0****** WARNING : ACCURACY LOSS IN ERWIN = 14.3 DIGITS, SO EXPECT ERRORS OF   0.0000 % OF UNITARITY

   191603575157507.44        315040.12407994224        2.2204460492503131E-016
 Reaction Xsec    21.5+/23 @ 6 =     1.572/, Out:   0.000#   0.000#   0.000#   0.000#   0.000#   0.000#   0.000#   0.002f

 Total SPIN, PARITY =    21.5 -,     60 chs,      6 cc.  Rmin & Coul turning =    3.3   12.3
 Reaction Xsec    21.5-/20 @ 1 =     0.019 , Out:   0.000#   0.000#   0.000#   0.000#   0.000#   0.000#   0.000#   0.019f
 Reaction Xsec    21.5-/20 @ 2 =     0.019 , Out:   0.000#   0.001#   0.000#   0.001#   0.001#   0.001#   0.001#   0.019f
 Reaction Xsec    21.5-/22 @ 3 =     3.592/, Out:   0.000#   0.000#   0.000#   0.000#   0.000#   0.000#   0.000#   0.004f
0****** WARNING : ACCURACY LOSS IN ERWIN = 14.4 DIGITS, SO EXPECT ERRORS OF   0.0000 % OF UNITARITY

   253544803183295.81        3082216.7267129361        2.2204460492503131E-016
 Reaction Xsec    21.5-/22 @ 4 =     3.592/, Out:   0.000#   0.000#   0.000#   0.000#   0.000#   0.000#   0.000#   0.004f
0****** WARNING : ACCURACY LOSS IN ERWIN = 14.2 DIGITS, SO EXPECT ERRORS OF   0.0000 % OF UNITARITY

   147094315707586.44        169521.62480463719        2.2204460492503131E-016
 Reaction Xsec    21.5-/22 @ 5 =     3.592/, Out:   0.000#   0.000#   0.000#   0.000#   0.000#   0.000#   0.000#   0.004f
 Reaction Xsec    21.5-/24 @ 6 =     0.687/, Out:   0.000#   0.000#   0.000#   0.000#   0.000#   0.000#   0.000#   0.001f

 Total SPIN, PARITY =    22.5 +,     60 chs,      6 cc.  Rmin & Coul turning =    3.5   12.8
0****** WARNING : ACCURACY LOSS IN ERWIN = 14.4 DIGITS, SO EXPECT ERRORS OF   0.0000 % OF UNITARITY

   257757921036937.84        18896958.447352089        2.2204460492503131E-016
 Reaction Xsec    22.5+/21 @ 1 =     8.577/, Out:   0.000#   0.000#   0.000#   0.000#   0.000#   0.000#   0.000#   0.009f
0****** WARNING : ACCURACY LOSS IN ERWIN = 14.4 DIGITS, SO EXPECT ERRORS OF   0.0000 % OF UNITARITY

   244947570255644.94        3975544.5251647611        2.2204460492503131E-016
 Reaction Xsec    22.5+/21 @ 2 =     8.577/, Out:   0.000#   0.000#   0.000#   0.000#   0.000#   0.000#   0.000#   0.009f
0****** WARNING : ACCURACY LOSS IN ERWIN = 15.8 DIGITS, SO EXPECT ERRORS OF   0.0000 % OF UNITARITY

   6744016631653676.0        3448347.2320454847        2.2204460492503131E-016
 Reaction Xsec    22.5+/23 @ 3 =     1.643/, Out:   0.000#   0.000#   0.000#   0.000#   0.000#   0.000#   0.000#   0.002f
0****** WARNING : ACCURACY LOSS IN ERWIN = 14.7 DIGITS, SO EXPECT ERRORS OF   0.0000 % OF UNITARITY

   474769857573306.75        3358569.4411740182        2.2204460492503131E-016
 Reaction Xsec    22.5+/23 @ 4 =     1.643/, Out:   0.000#   0.000#   0.000#   0.000#   0.000#   0.000#   0.000#   0.002f
0****** WARNING : ACCURACY LOSS IN ERWIN = 14.2 DIGITS, SO EXPECT ERRORS OF   0.0000 % OF UNITARITY

   166323725936137.69        314784.52359543671        2.2204460492503131E-016
 Reaction Xsec    22.5+/23 @ 5 =     1.643/, Out:   0.000#   0.000#   0.000#   0.000#   0.000#   0.000#   0.000#   0.002f
 Reaction Xsec    22.5+/25 @ 6 =     0.314/, Out:   0.000#   0.000#   0.000#   0.000#   0.000#   0.000#   0.000#   0.000f

 Total SPIN, PARITY =    22.5 -,     60 chs,      6 cc.  Rmin & Coul turning =    3.5   12.8
 Reaction Xsec    22.5-/20 @ 1 =     0.020 , Out:   0.000#   0.000#   0.000#   0.000#   0.000#   0.000#   0.000#   0.020f
 Reaction Xsec    22.5-/22 @ 2 =     3.756/, Out:   0.000#   0.000#   0.000#   0.000#   0.000#   0.000#   0.000#   0.004f
0****** WARNING : ACCURACY LOSS IN ERWIN = 14.2 DIGITS, SO EXPECT ERRORS OF   0.0000 % OF UNITARITY

   159783369765315.09        4074617.8657284328        2.2204460492503131E-016
 Reaction Xsec    22.5-/22 @ 3 =     3.756/, Out:   0.000#   0.000#   0.000#   0.000#   0.000#   0.000#   0.000#   0.004f
0****** WARNING : ACCURACY LOSS IN ERWIN = 14.6 DIGITS, SO EXPECT ERRORS OF   0.0000 % OF UNITARITY

   445870546143202.31        127325.68612747798        2.2204460492503131E-016
 Reaction Xsec    22.5-/22 @ 4 =     3.756/, Out:   0.000#   0.000#   0.000#   0.000#   0.000#   0.000#   0.000#   0.004f
0****** WARNING : ACCURACY LOSS IN ERWIN = 14.5 DIGITS, SO EXPECT ERRORS OF   0.0000 % OF UNITARITY

   322183102626366.25        43657958.278801724        2.2204460492503131E-016
 Reaction Xsec    22.5-/24 @ 5 =     0.718/, Out:   0.000#   0.000#   0.000#   0.000#   0.000#   0.000#   0.000#   0.001f
0****** WARNING : ACCURACY LOSS IN ERWIN = 14.5 DIGITS, SO EXPECT ERRORS OF   0.0000 % OF UNITARITY

   298233821364608.88        2266238.4843468638        2.2204460492503131E-016
 Reaction Xsec    22.5-/24 @ 6 =     0.718/, Out:   0.000#   0.000#   0.000#   0.000#   0.000#   0.000#   0.000#   0.001f

 Total SPIN, PARITY =    23.5 +,     60 chs,      6 cc.  Rmin & Coul turning =    3.6   13.4
0****** WARNING : ACCURACY LOSS IN ERWIN = 14.1 DIGITS, SO EXPECT ERRORS OF   0.0000 % OF UNITARITY

   141209068916030.88        5174062.4639070127        2.2204460492503131E-016
 Reaction Xsec    23.5+/21 @ 1 =     8.950/, Out:   0.000#   0.000#   0.000#   0.000#   0.000#   0.000#   0.000#   0.009f
0****** WARNING : ACCURACY LOSS IN ERWIN = 14.6 DIGITS, SO EXPECT ERRORS OF   0.0000 % OF UNITARITY

   407050230987032.00        119484941.00603779        2.2204460492503131E-016
 Reaction Xsec    23.5+/23 @ 2 =     1.714/, Out:   0.000#   0.000#   0.000#   0.000#   0.000#   0.000#   0.000#   0.002f
0****** WARNING : ACCURACY LOSS IN ERWIN = 14.8 DIGITS, SO EXPECT ERRORS OF   0.0000 % OF UNITARITY

   690964249906187.38        6116726.7358898642        2.2204460492503131E-016
 Reaction Xsec    23.5+/23 @ 3 =     1.714/, Out:   0.000#   0.000#   0.000#   0.000#   0.000#   0.000#   0.000#   0.002f
0****** WARNING : ACCURACY LOSS IN ERWIN = 14.4 DIGITS, SO EXPECT ERRORS OF   0.0000 % OF UNITARITY

   264304685860517.91        2236412.9868513718        2.2204460492503131E-016
 Reaction Xsec    23.5+/23 @ 4 =     1.714/, Out:   0.000#   0.000#   0.000#   0.000#   0.000#   0.000#   0.000#   0.002f
0****** WARNING : ACCURACY LOSS IN ERWIN = 14.5 DIGITS, SO EXPECT ERRORS OF   0.0000 % OF UNITARITY

   326344271291903.50        68519642.417073876        2.2204460492503131E-016
 Reaction Xsec    23.5+/25 @ 5 =     0.327/, Out:   0.000#   0.000#   0.000#   0.000#   0.000#   0.000#   0.000#   0.000f
0****** WARNING : ACCURACY LOSS IN ERWIN = 14.5 DIGITS, SO EXPECT ERRORS OF   0.0000 % OF UNITARITY

   347597944287410.06        3405786.5849752477        2.2204460492503131E-016
 Reaction Xsec    23.5+/25 @ 6 =     0.327/, Out:   0.000#   0.000#   0.000#   0.000#   0.000#   0.000#   0.000#   0.000f

 Total SPIN, PARITY =    23.5 -,     60 chs,      6 cc.  Rmin & Coul turning =    3.6   13.4
0****** WARNING : ACCURACY LOSS IN ERWIN = 14.3 DIGITS, SO EXPECT ERRORS OF   0.0000 % OF UNITARITY

   192502353773853.03        75109612.605575114        2.2204460492503131E-016
 Reaction Xsec    23.5-/22 @ 1 =     3.919/, Out:   0.000#   0.000#   0.000#   0.000#   0.000#   0.000#   0.000#   0.004f
0****** WARNING : ACCURACY LOSS IN ERWIN = 14.7 DIGITS, SO EXPECT ERRORS OF   0.0000 % OF UNITARITY

   449901042138456.06        3966862.0289860163        2.2204460492503131E-016
 Reaction Xsec    23.5-/22 @ 2 =     3.919/, Out:   0.000#   0.000#   0.000#   0.000#   0.000#   0.000#   0.000#   0.004f
0****** WARNING : ACCURACY LOSS IN ERWIN = 14.5 DIGITS, SO EXPECT ERRORS OF   0.0000 % OF UNITARITY

   299414979004311.94        43051899.437211826        2.2204460492503131E-016
 Reaction Xsec    23.5-/24 @ 3 =     0.749/, Out:   0.000#   0.000#   0.000#   0.000#   0.000#   0.000#   0.000#   0.001f
0****** WARNING : ACCURACY LOSS IN ERWIN = 15.0 DIGITS, SO EXPECT ERRORS OF   0.0000 % OF UNITARITY

   950205986477898.25        43755214.604543671        2.2204460492503131E-016
 Reaction Xsec    23.5-/24 @ 4 =     0.749/, Out:   0.000#   0.000#   0.000#   0.000#   0.000#   0.000#   0.000#   0.001f
0****** WARNING : ACCURACY LOSS IN ERWIN = 15.2 DIGITS, SO EXPECT ERRORS OF   0.0000 % OF UNITARITY

   1414868889747141.5        2243923.6448089331        2.2204460492503131E-016
 Reaction Xsec    23.5-/24 @ 5 =     0.749/, Out:   0.000#   0.000#   0.000#   0.000#   0.000#   0.000#   0.000#   0.001f
0****** WARNING : ACCURACY LOSS IN ERWIN = 14.6 DIGITS, SO EXPECT ERRORS OF   0.0000 % OF UNITARITY

   370014527096559.69        3416449.3705950151        2.2204460492503131E-016
 Reaction Xsec    23.5-/26 @ 6 =     0.143/, Out:   0.000#   0.000#   0.000#   0.000#   0.000#   0.000#   0.000#   0.000f

 Total SPIN, PARITY =    24.5 +,     60 chs,      6 cc.  Rmin & Coul turning =    3.8   13.9
0****** WARNING : ACCURACY LOSS IN ERWIN = 15.2 DIGITS, SO EXPECT ERRORS OF   0.0000 % OF UNITARITY

   1520683610669903.0        118658747.09972796        2.2204460492503131E-016
 Reaction Xsec    24.5+/23 @ 1 =     1.786/, Out:   0.000#   0.000#   0.000#   0.000#   0.000#   0.000#   0.000#   0.002f
0****** WARNING : ACCURACY LOSS IN ERWIN = 14.9 DIGITS, SO EXPECT ERRORS OF   0.0000 % OF UNITARITY

   747289496611037.75        6183798.0834420435        2.2204460492503131E-016
 Reaction Xsec    24.5+/23 @ 2 =     1.786/, Out:   0.000#   0.000#   0.000#   0.000#   0.000#   0.000#   0.000#   0.002f
0****** WARNING : ACCURACY LOSS IN ERWIN = 14.6 DIGITS, SO EXPECT ERRORS OF   0.0000 % OF UNITARITY

   427144123908637.12        65076620.075113073        2.2204460492503131E-016
 Reaction Xsec    24.5+/25 @ 3 =     0.341/, Out:   0.000#   0.000#   0.000#   0.000#   0.000#   0.000#   0.000#   0.000f
0****** WARNING : ACCURACY LOSS IN ERWIN = 15.0 DIGITS, SO EXPECT ERRORS OF   0.0000 % OF UNITARITY

   1063406776752351.6        69902504.543304712        2.2204460492503131E-016
 Reaction Xsec    24.5+/25 @ 4 =     0.341/, Out:   0.000#   0.000#   0.000#   0.000#   0.000#   0.000#   0.000#   0.000f
0****** WARNING : ACCURACY LOSS IN ERWIN = 15.1 DIGITS, SO EXPECT ERRORS OF   0.0000 % OF UNITARITY

   1195503467371508.2        3339936.3394137644        2.2204460492503131E-016
 Reaction Xsec    24.5+/25 @ 5 =     0.341/, Out:   0.000#   0.000#   0.000#   0.000#   0.000#   0.000#   0.000#   0.000f
0****** WARNING : ACCURACY LOSS IN ERWIN = 14.9 DIGITS, SO EXPECT ERRORS OF   0.0000 % OF UNITARITY

   742628244284957.00        4453731.7376399478        2.2204460492503131E-016
 Reaction Xsec    24.5+/27 @ 6 =     0.065/, Out:   0.000#   0.000#   0.000#   0.000#   0.000#   0.000#   0.000#   0.000f

 Total SPIN, PARITY =    24.5 -,     60 chs,      6 cc.  Rmin & Coul turning =    3.8   13.9
0****** WARNING : ACCURACY LOSS IN ERWIN = 14.5 DIGITS, SO EXPECT ERRORS OF   0.0000 % OF UNITARITY

   300105467278691.75        15736854.681261001        2.2204460492503131E-016
 Reaction Xsec    24.5-/22 @ 1 =     4.082/, Out:   0.000#   0.000#   0.000#   0.000#   0.000#   0.000#   0.000#   0.004f
0****** WARNING : ACCURACY LOSS IN ERWIN = 15.2 DIGITS, SO EXPECT ERRORS OF   0.0000 % OF UNITARITY

   1481316527043616.8        153038951.74874115        2.2204460492503131E-016
 Reaction Xsec    24.5-/24 @ 2 =     0.781/, Out:   0.000#   0.000#   0.000#   0.000#   0.000#   0.000#   0.000#   0.001f
0****** WARNING : ACCURACY LOSS IN ERWIN = 14.8 DIGITS, SO EXPECT ERRORS OF   0.0000 % OF UNITARITY

   588577372915404.12        10241374.991104992        2.2204460492503131E-016
 Reaction Xsec    24.5-/24 @ 3 =     0.781/, Out:   0.000#   0.000#   0.000#   0.000#   0.000#   0.000#   0.000#   0.001f
0****** WARNING : ACCURACY LOSS IN ERWIN = 14.3 DIGITS, SO EXPECT ERRORS OF   0.0000 % OF UNITARITY

   205230041896948.53        10520503.137982959        2.2204460492503131E-016
 Reaction Xsec    24.5-/24 @ 4 =     0.781/, Out:   0.000#   0.000#   0.000#   0.000#   0.000#   0.000#   0.000#   0.001f
 Reaction Xsec    24.5-/26 @ 5 =     0.149/, Out:   0.000#   0.000#   0.000#   0.001#   0.000#   0.000#   0.000#   0.000f
 Reaction Xsec    24.5-/26 @ 6 =     0.149/, Out:   0.000#   0.000#   0.000#   0.000#   0.000#   0.000#   0.000#   0.000f

 Total SPIN, PARITY =    25.5 +,     60 chs,      6 cc.  Rmin & Coul turning =    4.0   14.5
0****** WARNING : ACCURACY LOSS IN ERWIN = 15.2 DIGITS, SO EXPECT ERRORS OF   0.0000 % OF UNITARITY

   1450800018821030.5        31228131.947861344        2.2204460492503131E-016
 Reaction Xsec    25.5+/23 @ 1 =     1.857/, Out:   0.000#   0.000#   0.000#   0.000#   0.000#   0.000#   0.000#   0.002f
0****** WARNING : ACCURACY LOSS IN ERWIN = 14.9 DIGITS, SO EXPECT ERRORS OF   0.0000 % OF UNITARITY

   726688966273720.88        360228410.33943528        2.2204460492503131E-016
 Reaction Xsec    25.5+/25 @ 2 =     0.355/, Out:   0.000#   0.000#   0.011#   0.011#   0.000#   0.000#   0.011#   0.000f
0****** WARNING : ACCURACY LOSS IN ERWIN = 14.7 DIGITS, SO EXPECT ERRORS OF   0.0000 % OF UNITARITY

   535719039034504.56        19998033.886207134        2.2204460492503131E-016
 Reaction Xsec    25.5+/25 @ 3 =     0.355/, Out:   0.000#   0.000#   0.000#   0.000#   0.000#   0.000#   0.000#   0.000f
0****** WARNING : ACCURACY LOSS IN ERWIN = 14.8 DIGITS, SO EXPECT ERRORS OF   0.0000 % OF UNITARITY

   639033009436937.00        20378704.388243407        2.2204460492503131E-016
 Reaction Xsec    25.5+/25 @ 4 =     0.355/, Out:   0.000#   0.000#   0.000#   0.000#   0.000#   0.000#   0.000#   0.000f
0****** WARNING : ACCURACY LOSS IN ERWIN = 14.6 DIGITS, SO EXPECT ERRORS OF   0.0000 % OF UNITARITY

   387274879208210.81        162167136.03948629        2.2204460492503131E-016
 Reaction Xsec    25.5+/27 @ 5 =     0.068/, Out:   0.000#   0.002#   0.000#   0.000#   0.001#   0.002#   0.003#   0.000f
0****** WARNING : ACCURACY LOSS IN ERWIN = 14.7 DIGITS, SO EXPECT ERRORS OF   0.0000 % OF UNITARITY

   495680820785740.25        7575241.8536737291        2.2204460492503131E-016
 Reaction Xsec    25.5+/27 @ 6 =     0.068/, Out:   0.000#   0.000#   0.000#   0.000#   0.000#   0.000#   0.000#   0.000f

 Total SPIN, PARITY =    25.5 -,     60 chs,      6 cc.  Rmin & Coul turning =    4.0   14.5
0****** WARNING : ACCURACY LOSS IN ERWIN = 14.6 DIGITS, SO EXPECT ERRORS OF   0.0000 % OF UNITARITY

   359074084248136.12        152533869.75716454        2.2204460492503131E-016
 Reaction Xsec    25.5-/24 @ 1 =     0.812/, Out:   0.000#   0.000#   0.001#   0.001#   0.000#   0.000#   0.001#   0.001f
0****** WARNING : ACCURACY LOSS IN ERWIN = 14.5 DIGITS, SO EXPECT ERRORS OF   0.0000 % OF UNITARITY

   316614213315516.25        10390711.913749877        2.2204460492503131E-016
 Reaction Xsec    25.5-/24 @ 2 =     0.812/, Out:   0.000#   0.000#   0.000#   0.000#   0.000#   0.000#   0.000#   0.001f
0****** WARNING : ACCURACY LOSS IN ERWIN = 14.2 DIGITS, SO EXPECT ERRORS OF   0.0000 % OF UNITARITY

   145029176307404.06        84161683.782654002        2.2204460492503131E-016
 Reaction Xsec    25.5-/26 @ 3 =     0.155/, Out:   0.000#   0.000#   0.000#   0.000#   0.000#   0.000#   0.000#   0.000f
 Reaction Xsec    25.5-/26 @ 4 =     0.155/, Out:   0.000#   0.000#   0.000#   0.000#   0.000#   0.000#   0.000#   0.000f
 Reaction Xsec    25.5-/26 @ 5 =     0.155/, Out:   0.000#   0.000#   0.000#   0.000#   0.000#   0.000#   0.000#   0.000f
0****** WARNING : ACCURACY LOSS IN ERWIN = 14.6 DIGITS, SO EXPECT ERRORS OF   0.0000 % OF UNITARITY

   362164163785536.31        5672259.9203633023        2.2204460492503131E-016
 Reaction Xsec    25.5-/28 @ 6 =     0.029/, Out:   0.000#   0.000#   0.000#   0.000#   0.000#   0.000#   0.000#   0.000f

 Total SPIN, PARITY =    26.5 +,     60 chs,      6 cc.  Rmin & Coul turning =    4.1   15.0
0****** WARNING : ACCURACY LOSS IN ERWIN = 15.1 DIGITS, SO EXPECT ERRORS OF   0.0000 % OF UNITARITY

   1150897924819983.5        359485055.69450933        2.2204460492503131E-016
 Reaction Xsec    26.5+/25 @ 1 =     0.368/, Out:   0.000#   0.000#   0.023#   0.023#   0.000#   0.000#   0.023#   0.000f
0****** WARNING : ACCURACY LOSS IN ERWIN = 14.8 DIGITS, SO EXPECT ERRORS OF   0.0000 % OF UNITARITY

   567487689253587.62        19780266.727527898        2.2204460492503131E-016
 Reaction Xsec    26.5+/25 @ 2 =     0.368/, Out:   0.000#   0.000#   0.000#   0.000#   0.000#   0.000#   0.000#   0.000f
0****** WARNING : ACCURACY LOSS IN ERWIN = 14.8 DIGITS, SO EXPECT ERRORS OF   0.0000 % OF UNITARITY

   655562129300840.00        159378087.28167906        2.2204460492503131E-016
 Reaction Xsec    26.5+/27 @ 3 =     0.070/, Out:   0.000#   0.000#   0.000#   0.001#   0.000#   0.000#   0.000#   0.000f
0****** WARNING : ACCURACY LOSS IN ERWIN = 15.1 DIGITS, SO EXPECT ERRORS OF   0.0000 % OF UNITARITY

   1253384605794948.2        162658172.22968459        2.2204460492503131E-016
 Reaction Xsec    26.5+/27 @ 4 =     0.070/, Out:   0.000#   0.001#   0.000#   0.000#   0.000#   0.003#   0.001#   0.000f
0****** WARNING : ACCURACY LOSS IN ERWIN = 14.7 DIGITS, SO EXPECT ERRORS OF   0.0000 % OF UNITARITY

   500468843971575.81        7404671.2344460087        2.2204460492503131E-016
 Reaction Xsec    26.5+/27 @ 5 =     0.070/, Out:   0.000#   0.000#   0.000#   0.000#   0.000#   0.000#   0.000#   0.000f
0****** WARNING : ACCURACY LOSS IN ERWIN = 14.4 DIGITS, SO EXPECT ERRORS OF   0.0000 % OF UNITARITY

   237329332114853.31        8706578.7152980771        2.2204460492503131E-016
 Reaction Xsec    26.5+/29 @ 6 =     0.013/, Out:   0.000#   0.000#   0.000#   0.000#   0.000#   0.000#   0.000#   0.000f

 Total SPIN, PARITY =    26.5 -,     60 chs,      6 cc.  Rmin & Coul turning =    4.1   15.0
0****** WARNING : ACCURACY LOSS IN ERWIN = 15.3 DIGITS, SO EXPECT ERRORS OF   0.0000 % OF UNITARITY

   1967555155243693.8        57667702.553156115        2.2204460492503131E-016
 Reaction Xsec    26.5-/24 @ 1 =     0.843/, Out:   0.000#   0.000#   0.000#   0.000#   0.000#   0.000#   0.000#   0.001f
0****** WARNING : ACCURACY LOSS IN ERWIN = 15.3 DIGITS, SO EXPECT ERRORS OF   0.0001 % OF UNITARITY

   1897665036073821.2        1782732848.1891875        2.2204460492503131E-016
 Reaction Xsec    26.5-/26 @ 2 =     0.161/, Out:   0.000#   0.000#   0.035#   0.035#   0.000#   0.000#   0.035#   0.000f
0****** WARNING : ACCURACY LOSS IN ERWIN = 15.1 DIGITS, SO EXPECT ERRORS OF   0.0000 % OF UNITARITY

   1369706058094740.2        75355283.700719401        2.2204460492503131E-016
 Reaction Xsec    26.5-/26 @ 3 =     0.161/, Out:   0.000#   0.000#   0.000#   0.000#   0.000#   0.000#   0.000#   0.000f
 Reaction Xsec    26.5-/26 @ 4 =     0.161/, Out:   0.000#   0.000#   0.000#   0.000#   0.000#   0.000#   0.000#   0.000f
0****** WARNING : ACCURACY LOSS IN ERWIN = 15.0 DIGITS, SO EXPECT ERRORS OF   0.0000 % OF UNITARITY

   946563210668515.38        735418594.04328132        2.2204460492503131E-016
 Reaction Xsec    26.5-/28 @ 5 =     0.031/, Out:   0.000#   0.006#   0.000#   0.004#   0.002#   0.000#   0.003#   0.000f
0****** WARNING : ACCURACY LOSS IN ERWIN = 15.1 DIGITS, SO EXPECT ERRORS OF   0.0000 % OF UNITARITY

   1234703041979746.2        31392942.048048530        2.2204460492503131E-016
 Reaction Xsec    26.5-/28 @ 6 =     0.031/, Out:   0.000#   0.000#   0.000#   0.000#   0.000#   0.000#   0.000#   0.000f

 Total SPIN, PARITY =    27.5 +,     60 chs,      6 cc.  Rmin & Coul turning =    4.3   15.6
0****** WARNING : ACCURACY LOSS IN ERWIN = 15.1 DIGITS, SO EXPECT ERRORS OF   0.0000 % OF UNITARITY

   1380169201331515.2        31996455.474487972        2.2204460492503131E-016
 Reaction Xsec    27.5+/25 @ 1 =     0.382/, Out:   0.000#   0.000#   0.000#   0.000#   0.000#   0.000#   0.000#   0.000f
0****** WARNING : ACCURACY LOSS IN ERWIN = 14.4 DIGITS, SO EXPECT ERRORS OF   0.0001 % OF UNITARITY

   250309153110703.88        1680803979.2080867        2.2204460492503131E-016
 Reaction Xsec    27.5+/27 @ 2 =     0.073/, Out:   0.000#   0.000#   0.003#   0.003#   0.007#   0.007#   0.003#   0.000f
0****** WARNING : ACCURACY LOSS IN ERWIN = 14.4 DIGITS, SO EXPECT ERRORS OF   0.0000 % OF UNITARITY

   248462729720681.34        75310382.714080766        2.2204460492503131E-016
 Reaction Xsec    27.5+/27 @ 3 =     0.073/, Out:   0.000#   0.000#   0.000#   0.000#   0.000#   0.000#   0.000#   0.000f
0****** WARNING : ACCURACY LOSS IN ERWIN = 14.6 DIGITS, SO EXPECT ERRORS OF   0.0000 % OF UNITARITY

   423743230758242.00        16604171.353180835        2.2204460492503131E-016
 Reaction Xsec    27.5+/27 @ 4 =     0.073/, Out:   0.000#   0.000#   0.000#   0.000#   0.000#   0.000#   0.000#   0.000f
0****** WARNING : ACCURACY LOSS IN ERWIN = 14.5 DIGITS, SO EXPECT ERRORS OF   0.0000 % OF UNITARITY

   322188462802064.62        555296360.76918423        2.2204460492503131E-016
 Reaction Xsec    27.5+/29 @ 5 =     0.014/, Out:   0.000#   0.000#   0.000#   0.000#   0.000#   0.001#   0.001#   0.000f
0****** WARNING : ACCURACY LOSS IN ERWIN = 14.7 DIGITS, SO EXPECT ERRORS OF   0.0000 % OF UNITARITY

   523831483286251.38        23380977.064433899        2.2204460492503131E-016
 Reaction Xsec    27.5+/29 @ 6 =     0.014/, Out:   0.000#   0.000#   0.000#   0.000#   0.000#   0.000#   0.000#   0.000f

 Total SPIN, PARITY =    27.5 -,     60 chs,      6 cc.  Rmin & Coul turning =    4.3   15.6
0****** WARNING : ACCURACY LOSS IN ERWIN = 14.7 DIGITS, SO EXPECT ERRORS OF   0.0001 % OF UNITARITY

   559880695383082.94        1780942849.1542530        2.2204460492503131E-016
 Reaction Xsec    27.5-/26 @ 1 =     0.167/, Out:   0.000#   0.000#   0.007#   0.007#   0.002#   0.002#   0.007#   0.000f
0****** WARNING : ACCURACY LOSS IN ERWIN = 15.4 DIGITS, SO EXPECT ERRORS OF   0.0000 % OF UNITARITY

   2321647698079485.5        78332022.143708885        2.2204460492503131E-016
 Reaction Xsec    27.5-/26 @ 2 =     0.167/, Out:   0.000#   0.000#   0.000#   0.000#   0.000#   0.000#   0.000#   0.000f
0****** WARNING : ACCURACY LOSS IN ERWIN = 14.9 DIGITS, SO EXPECT ERRORS OF   0.0000 % OF UNITARITY

   853315362241366.50        699161125.29409957        2.2204460492503131E-016
 Reaction Xsec    27.5-/28 @ 3 =     0.032/, Out:   0.000#   0.000#   0.000#   0.007#   0.000#   0.000#   0.001#   0.000f
0****** WARNING : ACCURACY LOSS IN ERWIN = 14.8 DIGITS, SO EXPECT ERRORS OF   0.0000 % OF UNITARITY

   683011951623283.00        727682569.58018875        2.2204460492503131E-016
 Reaction Xsec    27.5-/28 @ 4 =     0.032/, Out:   0.000#   0.000#   0.000#   0.002#   0.000#   0.000#   0.000#   0.000f
0****** WARNING : ACCURACY LOSS IN ERWIN = 15.2 DIGITS, SO EXPECT ERRORS OF   0.0000 % OF UNITARITY

   1612396306106502.0        30181724.945384391        2.2204460492503131E-016
 Reaction Xsec    27.5-/28 @ 5 =     0.032/, Out:   0.000#   0.000#   0.000#   0.000#   0.000#   0.000#   0.000#   0.000f
0****** WARNING : ACCURACY LOSS IN ERWIN = 15.2 DIGITS, SO EXPECT ERRORS OF   0.0000 % OF UNITARITY

   1508775332295964.5        34213060.544066064        2.2204460492503131E-016
 Reaction Xsec    27.5-/30 @ 6 =     6.023#, Out:   0.000#   0.000#   0.000#   0.000#   0.000#   0.000#   0.000#   0.000f

 Total SPIN, PARITY =    28.5 +,     60 chs,      6 cc.  Rmin & Coul turning =    4.4   16.1
0****** WARNING : ACCURACY LOSS IN ERWIN = 15.2 DIGITS, SO EXPECT ERRORS OF   0.0001 % OF UNITARITY

   1726165916222304.2        1670052869.1930733        2.2204460492503131E-016
 Reaction Xsec    28.5+/27 @ 1 =     0.075/, Out:   0.000#   0.000#   0.004#   0.004#   0.002#   0.002#   0.004#   0.000f
0****** WARNING : ACCURACY LOSS IN ERWIN = 15.3 DIGITS, SO EXPECT ERRORS OF   0.0000 % OF UNITARITY

   2150541468861527.2        73070101.603277713        2.2204460492503131E-016
 Reaction Xsec    28.5+/27 @ 2 =     0.075/, Out:   0.000#   0.000#   0.000#   0.000#   0.000#   0.000#   0.000#   0.000f
0****** WARNING : ACCURACY LOSS IN ERWIN = 15.3 DIGITS, SO EXPECT ERRORS OF   0.0000 % OF UNITARITY

   2067828103910996.2        538803625.27805626        2.2204460492503131E-016
 Reaction Xsec    28.5+/29 @ 3 =     0.014/, Out:   0.000#   0.000#   0.000#   0.001#   0.001#   0.001#   0.002#   0.000f
0****** WARNING : ACCURACY LOSS IN ERWIN = 15.1 DIGITS, SO EXPECT ERRORS OF   0.0000 % OF UNITARITY

   1281726739191013.5        554038689.71283710        2.2204460492503131E-016
 Reaction Xsec    28.5+/29 @ 4 =     0.014/, Out:   0.000#   0.001#   0.000#   0.000#   0.000#   0.001#   0.002#   0.000f
0****** WARNING : ACCURACY LOSS IN ERWIN = 14.7 DIGITS, SO EXPECT ERRORS OF   0.0000 % OF UNITARITY

   553150362318431.31        23323974.375304073        2.2204460492503131E-016
 Reaction Xsec    28.5+/29 @ 5 =     0.014/, Out:   0.000#   0.000#   0.000#   0.000#   0.000#   0.000#   0.000#   0.000f
0****** WARNING : ACCURACY LOSS IN ERWIN = 15.2 DIGITS, SO EXPECT ERRORS OF   0.0000 % OF UNITARITY

   1534111265767827.5        18170610.369829755        2.2204460492503131E-016
 Reaction Xsec    28.5+/31 @ 6 =     2.716#, Out:   0.000#   0.000#   0.000#   0.000#   0.000#   0.000#   0.000#   0.000f

 Total SPIN, PARITY =    28.5 -,     60 chs,      6 cc.  Rmin & Coul turning =    4.4   16.1
0****** WARNING : ACCURACY LOSS IN ERWIN = 14.8 DIGITS, SO EXPECT ERRORS OF   0.0000 % OF UNITARITY

   588912991994082.25        228219169.00507358        2.2204460492503131E-016
 Reaction Xsec    28.5-/26 @ 1 =     0.173/, Out:   0.000#   0.000#   0.000#   0.000#   0.000#   0.000#   0.000#   0.000f
0****** WARNING : ACCURACY LOSS IN ERWIN = 14.8 DIGITS, SO EXPECT ERRORS OF   0.0000 % OF UNITARITY

   686946162341821.12        736898838.55952120        2.2204460492503131E-016
 Reaction Xsec    28.5-/28 @ 2 =     0.033/, Out:   0.000#   0.000#   0.000#   0.000#   0.000#   0.000#   0.000#   0.000f
0****** WARNING : ACCURACY LOSS IN ERWIN = 15.2 DIGITS, SO EXPECT ERRORS OF   0.0000 % OF UNITARITY

   1778199157698407.2        111036366.91822428        2.2204460492503131E-016
 Reaction Xsec    28.5-/28 @ 3 =     0.033/, Out:   0.000#   0.000#   0.000#   0.000#   0.000#   0.000#   0.000#   0.000f
0****** WARNING : ACCURACY LOSS IN ERWIN = 14.7 DIGITS, SO EXPECT ERRORS OF   0.0000 % OF UNITARITY

   526961932262154.31        114397095.96773960        2.2204460492503131E-016
 Reaction Xsec    28.5-/28 @ 4 =     0.033/, Out:   0.000#   0.000#   0.000#   0.000#   0.000#   0.000#   0.000#   0.000f
0****** WARNING : ACCURACY LOSS IN ERWIN = 15.7 DIGITS, SO EXPECT ERRORS OF   0.0000 % OF UNITARITY

   4725821641613053.0        147514857.93228510        2.2204460492503131E-016
 Reaction Xsec    28.5-/30 @ 5 =     6.238#, Out:   0.000#   0.000#   0.000#   0.000#   0.000#   0.000#   0.000#   0.000f
0****** WARNING : ACCURACY LOSS IN ERWIN = 15.6 DIGITS, SO EXPECT ERRORS OF   0.0000 % OF UNITARITY

   3768034987061716.0        9836561.4861164764        2.2204460492503131E-016
 Reaction Xsec    28.5-/30 @ 6 =     6.238#, Out:   0.000#   0.000#   0.000#   0.000#   0.000#   0.000#   0.000#   0.000f

 Total SPIN, PARITY =    29.5 +,     60 chs,      6 cc.  Rmin & Coul turning =    4.6   16.7
0****** WARNING : ACCURACY LOSS IN ERWIN = 14.8 DIGITS, SO EXPECT ERRORS OF   0.0000 % OF UNITARITY

   657772406240978.75        135857684.05202773        2.2204460492503131E-016
 Reaction Xsec    29.5+/27 @ 1 =     0.078/, Out:   0.000#   0.000#   0.000#   0.000#   0.000#   0.000#   0.000#   0.000f
0****** WARNING : ACCURACY LOSS IN ERWIN = 15.0 DIGITS, SO EXPECT ERRORS OF   0.0001 % OF UNITARITY

   1095966804158660.1        870191413.20062888        2.2204460492503131E-016
 Reaction Xsec    29.5+/29 @ 2 =     0.015/, Out:   0.000#   0.000#   0.001#   0.001#   0.000#   0.000#   0.001#   0.000f
0****** WARNING : ACCURACY LOSS IN ERWIN = 14.9 DIGITS, SO EXPECT ERRORS OF   0.0000 % OF UNITARITY

   878774469395599.00        36324478.122034095        2.2204460492503131E-016
 Reaction Xsec    29.5+/29 @ 3 =     0.015/, Out:   0.000#   0.000#   0.000#   0.000#   0.000#   0.000#   0.000#   0.000f
0****** WARNING : ACCURACY LOSS IN ERWIN = 14.8 DIGITS, SO EXPECT ERRORS OF   0.0000 % OF UNITARITY

   670701273574505.75        38022655.074242488        2.2204460492503131E-016
 Reaction Xsec    29.5+/29 @ 4 =     0.015/, Out:   0.000#   0.000#   0.000#   0.000#   0.000#   0.000#   0.000#   0.000f
0****** WARNING : ACCURACY LOSS IN ERWIN = 15.0 DIGITS, SO EXPECT ERRORS OF   0.0000 % OF UNITARITY

   1035009381240855.9        565410139.62329161        2.2204460492503131E-016
 Reaction Xsec    29.5+/31 @ 5 =     2.809#, Out:   0.000#   0.001#   0.000#   0.000#   0.000#   0.000#   0.000#   0.000f
0****** WARNING : ACCURACY LOSS IN ERWIN = 14.9 DIGITS, SO EXPECT ERRORS OF   0.0000 % OF UNITARITY

   852828967232506.62        21782640.509841152        2.2204460492503131E-016
 Reaction Xsec    29.5+/31 @ 6 =     2.809#, Out:   0.000#   0.000#   0.000#   0.000#   0.000#   0.000#   0.000#   0.000f

 Total SPIN, PARITY =    29.5 -,     60 chs,      6 cc.  Rmin & Coul turning =    4.6   16.7
0****** WARNING : ACCURACY LOSS IN ERWIN = 15.0 DIGITS, SO EXPECT ERRORS OF   0.0000 % OF UNITARITY

   1027000915602797.2        710132996.82385051        2.2204460492503131E-016
 Reaction Xsec    29.5-/28 @ 1 =     0.034/, Out:   0.000#   0.000#   0.001#   0.001#   0.000#   0.000#   0.001#   0.000f
0****** WARNING : ACCURACY LOSS IN ERWIN = 15.3 DIGITS, SO EXPECT ERRORS OF   0.0000 % OF UNITARITY

   1900512654053847.8        121295197.64410932        2.2204460492503131E-016
 Reaction Xsec    29.5-/28 @ 2 =     0.034/, Out:   0.000#   0.000#   0.000#   0.000#   0.000#   0.000#   0.000#   0.000f
0****** WARNING : ACCURACY LOSS IN ERWIN = 14.7 DIGITS, SO EXPECT ERRORS OF   0.0000 % OF UNITARITY

   502730530912433.00        144384239.09839004        2.2204460492503131E-016
 Reaction Xsec    29.5-/30 @ 3 =     6.453#, Out:   0.000#   0.000#   0.000#   0.000#   0.000#   0.000#   0.000#   0.000f
0****** WARNING : ACCURACY LOSS IN ERWIN = 15.0 DIGITS, SO EXPECT ERRORS OF   0.0000 % OF UNITARITY

   1016197987181786.0        146168937.97308138        2.2204460492503131E-016
 Reaction Xsec    29.5-/30 @ 4 =     6.453#, Out:   0.000#   0.000#   0.000#   0.000#   0.000#   0.000#   0.000#   0.000f
0****** WARNING : ACCURACY LOSS IN ERWIN = 14.9 DIGITS, SO EXPECT ERRORS OF   0.0000 % OF UNITARITY

   808905989892896.00        7118422.1740800729        2.2204460492503131E-016
 Reaction Xsec    29.5-/30 @ 5 =     6.453#, Out:   0.000#   0.000#   0.000#   0.000#   0.000#   0.000#   0.000#   0.000f
0****** WARNING : ACCURACY LOSS IN ERWIN = 14.9 DIGITS, SO EXPECT ERRORS OF   0.0000 % OF UNITARITY

   825628764232691.50        3263544.0867638071        2.2204460492503131E-016
 Reaction Xsec    29.5-/32 @ 6 =     1.223#, Out:   0.000#   0.000#   0.000#   0.000#   0.000#   0.000#   0.000#   0.000f

 Total SPIN, PARITY =    30.5 +,     60 chs,      6 cc.  Rmin & Coul turning =    4.8   17.2
0****** WARNING : ACCURACY LOSS IN ERWIN = 15.5 DIGITS, SO EXPECT ERRORS OF   0.0001 % OF UNITARITY

   2822502718100489.0        872057107.78804505        2.2204460492503131E-016
 Reaction Xsec    30.5+/29 @ 1 =     0.015/, Out:   0.000#   0.000#   0.001#   0.001#   0.000#   0.000#   0.001#   0.000f
0****** WARNING : ACCURACY LOSS IN ERWIN = 15.7 DIGITS, SO EXPECT ERRORS OF   0.0000 % OF UNITARITY

   5322690653678480.0        36306234.126565307        2.2204460492503131E-016
 Reaction Xsec    30.5+/29 @ 2 =     0.015/, Out:   0.000#   0.000#   0.000#   0.000#   0.000#   0.000#   0.000#   0.000f
0****** WARNING : ACCURACY LOSS IN ERWIN = 14.9 DIGITS, SO EXPECT ERRORS OF   0.0000 % OF UNITARITY

   830035247962907.75        549095570.99831808        2.2204460492503131E-016
 Reaction Xsec    30.5+/31 @ 3 =     2.903#, Out:   0.000#   0.000#   0.000#   0.000#   0.001#   0.000#   0.000#   0.000f
0****** WARNING : ACCURACY LOSS IN ERWIN = 15.2 DIGITS, SO EXPECT ERRORS OF   0.0000 % OF UNITARITY

   1459041949565116.8        562861115.38771844        2.2204460492503131E-016
 Reaction Xsec    30.5+/31 @ 4 =     2.903#, Out:   0.000#   0.000#   0.000#   0.000#   0.000#   0.000#   0.000#   0.000f
0****** WARNING : ACCURACY LOSS IN ERWIN = 15.2 DIGITS, SO EXPECT ERRORS OF   0.0000 % OF UNITARITY

   1582259907680067.0        21764221.347535644        2.2204460492503131E-016
 Reaction Xsec    30.5+/31 @ 5 =     2.903#, Out:   0.000#   0.000#   0.000#   0.000#   0.000#   0.000#   0.000#   0.000f
0****** WARNING : ACCURACY LOSS IN ERWIN = 15.3 DIGITS, SO EXPECT ERRORS OF   0.0000 % OF UNITARITY

   1791905968490383.5        38034062.590554953        2.2204460492503131E-016
 Reaction Xsec    30.5+/33 @ 6 =     0.550#, Out:   0.000#   0.000#   0.000#   0.000#   0.000#   0.000#   0.000#   0.000f

 Total SPIN, PARITY =    30.5 -,     60 chs,      6 cc.  Rmin & Coul turning =    4.8   17.2
0****** WARNING : ACCURACY LOSS IN ERWIN = 14.9 DIGITS, SO EXPECT ERRORS OF   0.0000 % OF UNITARITY

   749578877399590.25        334313070.06201071        2.2204460492503131E-016
 Reaction Xsec    30.5-/28 @ 1 =     0.035/, Out:   0.000#   0.000#   0.000#   0.000#   0.000#   0.000#   0.000#   0.000f
0****** WARNING : ACCURACY LOSS IN ERWIN = 15.0 DIGITS, SO EXPECT ERRORS OF   0.0003 % OF UNITARITY

   1097916880065172.5        3966551741.9500151        2.2204460492503131E-016
 Reaction Xsec    30.5-/30 @ 2 =     6.668#, Out:   0.000#   0.000#   0.034#   0.034#   0.001#   0.001#   0.034#   0.000f
0****** WARNING : ACCURACY LOSS IN ERWIN = 15.1 DIGITS, SO EXPECT ERRORS OF   0.0000 % OF UNITARITY

   1378402545694834.0        164092583.11457503        2.2204460492503131E-016
 Reaction Xsec    30.5-/30 @ 3 =     6.668#, Out:   0.000#   0.000#   0.000#   0.000#   0.000#   0.000#   0.000#   0.000f
0****** WARNING : ACCURACY LOSS IN ERWIN = 15.1 DIGITS, SO EXPECT ERRORS OF   0.0000 % OF UNITARITY

   1339604204346594.5        103221046.00345135        2.2204460492503131E-016
 Reaction Xsec    30.5-/30 @ 4 =     6.668#, Out:   0.000#   0.000#   0.000#   0.000#   0.000#   0.000#   0.000#   0.000f
0****** WARNING : ACCURACY LOSS IN ERWIN = 15.2 DIGITS, SO EXPECT ERRORS OF   0.0001 % OF UNITARITY

   1717217788279124.8        1716709219.3731711        2.2204460492503131E-016
 Reaction Xsec    30.5-/32 @ 5 =     1.263#, Out:   0.000#   0.010#   0.000#   0.000#   0.001#   0.000#   0.000#   0.000f
0****** WARNING : ACCURACY LOSS IN ERWIN = 15.1 DIGITS, SO EXPECT ERRORS OF   0.0000 % OF UNITARITY

   1168648961410003.2        68403128.786278546        2.2204460492503131E-016
 Reaction Xsec    30.5-/32 @ 6 =     1.263#, Out:   0.000#   0.000#   0.000#   0.000#   0.000#   0.000#   0.000#   0.000f
 Finished all CC sets @    11.8815908    
0CUMULATIVE REACTION cross section               =       1353.57479  <L> =     8.05  <L**2> =     75.8
0CUMULATIVE  ELASTIC cross section               =          0.00000
0CUMULATIVE outgoing cross sections in partition 1 :    0.00000
0CUMULATIVE outgoing cross sections in partition 2 :    0.20912
0CUMULATIVE outgoing cross sections in partition 3 :    0.26619
0CUMULATIVE outgoing cross sections in partition 4 :    0.47508
0CUMULATIVE outgoing cross sections in partition 5 :    0.27555
0CUMULATIVE outgoing cross sections in partition 6 :    0.27578
0CUMULATIVE outgoing cross sections in partition 7 :    0.47554
0Cumulative ABSORBTION by Imaginary Potentials    =      1351.59753  <L> =     8.05  <L**2> =     75.8
   Fusion for specific 6Li      M-states :    1351.799156    1361.080631    1351.799156
0CUMULATIVE OUTGOING cross section               =          1.97726
 Strength functions * 10^4 for L=0-2  =   2.13174   2.21517  21.60042 (with r0= 1.35 fm).  R' =  -0.108 fm
 To convert to S-factors (MeV.mb = keV.b),  multiply by  3.3029E+03


 CROSS SECTIONS FOR OUTGOING 6Li      & 9Be      in state #   1 with spins & parities 1.0  + &  1.5  -;  0

     0.01 deg.: X-S =   8.736913E+15 mb/sr,
+                                         /R =   1.000002E+00

     0.50 deg.: X-S =   1.403996E+09 mb/sr,
+                                         /R =   1.004345E+00

     1.00 deg.: X-S =   8.848933E+07 mb/sr,
+                                         /R =   1.012772E+00

     1.50 deg.: X-S =   1.734135E+07 mb/sr,
+                                         /R =   1.004711E+00

     2.00 deg.: X-S =   5.329617E+06 mb/sr,
+                                         /R =   9.758219E-01

     2.50 deg.: X-S =   2.080227E+06 mb/sr,
+                                         /R =   9.297704E-01

     3.00 deg.: X-S =   9.418933E+05 mb/sr,
+                                         /R =   8.728327E-01

     3.50 deg.: X-S =   4.728378E+05 mb/sr,
+                                         /R =   8.116280E-01

     4.00 deg.: X-S =   2.569008E+05 mb/sr,
+                                         /R =   7.521342E-01

     4.50 deg.: X-S =   1.491406E+05 mb/sr,
+                                         /R =   6.992657E-01

     5.00 deg.: X-S =   9.191949E+04 mb/sr,
+                                         /R =   6.567183E-01

     5.50 deg.: X-S =   5.995240E+04 mb/sr,
+                                         /R =   6.269502E-01

     6.00 deg.: X-S =   4.128170E+04 mb/sr,
+                                         /R =   6.112396E-01

     6.50 deg.: X-S =   2.990978E+04 mb/sr,
+                                         /R =   6.097864E-01

     7.00 deg.: X-S =   2.268433E+04 mb/sr,
+                                         /R =   6.218424E-01

     7.50 deg.: X-S =   1.788507E+04 mb/sr,
+                                         /R =   6.458595E-01

     8.00 deg.: X-S =   1.454435E+04 mb/sr,
+                                         /R =   6.796507E-01

     8.50 deg.: X-S =   1.210439E+04 mb/sr,
+                                         /R =   7.205564E-01

     9.00 deg.: X-S =   1.023725E+04 mb/sr,
+                                         /R =   7.656134E-01

     9.50 deg.: X-S =    8747.017110 mb/sr,
+                                         /R =   8.117209E-01

    10.00 deg.: X-S =    7515.096735 mb/sr,
+                                         /R =   8.557991E-01

    10.50 deg.: X-S =    6468.803789 mb/sr,
+                                         /R =   8.949367E-01

    11.00 deg.: X-S =    5563.027407 mb/sr,
+                                         /R =   9.265224E-01

    11.50 deg.: X-S =    4769.302369 mb/sr,
+                                         /R =   9.483573E-01

    12.00 deg.: X-S =    4069.222080 mb/sr,
+                                         /R =   9.587445E-01

    12.50 deg.: X-S =    3450.429327 mb/sr,
+                                         /R =   9.565538E-01

    13.00 deg.: X-S =    2904.163837 mb/sr,
+                                         /R =   9.412595E-01

    13.50 deg.: X-S =    2423.762787 mb/sr,
+                                         /R =   9.129513E-01

    14.00 deg.: X-S =    2003.750993 mb/sr,
+                                         /R =   8.723181E-01

    14.50 deg.: X-S =    1639.298924 mb/sr,
+                                         /R =   8.206059E-01

    15.00 deg.: X-S =    1325.911131 mb/sr,
+                                         /R =   7.595534E-01

    15.50 deg.: X-S =    1059.258959 mb/sr,
+                                         /R =   6.913073E-01

    16.00 deg.: X-S =     835.102931 mb/sr,
+                                         /R =   6.183217E-01

    16.50 deg.: X-S =     649.269827 mb/sr,
+                                         /R =   5.432463E-01

    17.00 deg.: X-S =     497.661913 mb/sr,
+                                         /R =   4.688091E-01

    17.50 deg.: X-S =     376.283656 mb/sr,
+                                         /R =   3.976972E-01

    18.00 deg.: X-S =     281.276423 mb/sr,
+                                         /R =   3.324423E-01

    18.50 deg.: X-S =     208.954988 mb/sr,
+                                         /R =   2.753148E-01

    19.00 deg.: X-S =     155.841921 mb/sr,
+                                         /R =   2.282309E-01

    19.50 deg.: X-S =     118.697446 mb/sr,
+                                         /R =   1.926772E-01

    20.00 deg.: X-S =      94.543362 mb/sr,
+                                         /R =   1.696544E-01

    20.50 deg.: X-S =      80.680368 mb/sr,
+                                         /R =   1.596431E-01

    21.00 deg.: X-S =      74.698609 mb/sr,
+                                         /R =   1.625915E-01

    21.50 deg.: X-S =      74.481637 mb/sr,
+                                         /R =   1.779269E-01

    22.00 deg.: X-S =      78.204215 mb/sr,
+                                         /R =   2.045874E-01

    22.50 deg.: X-S =      84.324580 mb/sr,
+                                         /R =   2.410740E-01

    23.00 deg.: X-S =      91.571877 mb/sr,
+                                         /R =   2.855200E-01

    23.50 deg.: X-S =      98.929560 mb/sr,
+                                         /R =   3.357736E-01

    24.00 deg.: X-S =     105.615569 mb/sr,
+                                         /R =   3.894905E-01

    24.50 deg.: X-S =     111.060101 mb/sr,
+                                         /R =   4.442322E-01

    25.00 deg.: X-S =     114.881768 mb/sr,
+                                         /R =   4.975668E-01

    25.50 deg.: X-S =     116.862881 mb/sr,
+                                         /R =   5.471658E-01

    26.00 deg.: X-S =     116.924549 mb/sr,
+                                         /R =   5.908960E-01

    26.50 deg.: X-S =     115.102200 mb/sr,
+                                         /R =   6.269000E-01

    27.00 deg.: X-S =     111.522056 mb/sr,
+                                         /R =   6.536647E-01

    27.50 deg.: X-S =     106.379003 mb/sr,
+                                         /R =   6.700740E-01

    28.00 deg.: X-S =      99.916217 mb/sr,
+                                         /R =   6.754449E-01

    28.50 deg.: X-S =      92.406801 mb/sr,
+                                         /R =   6.695450E-01

    29.00 deg.: X-S =      84.137645 mb/sr,
+                                         /R =   6.525926E-01

    29.50 deg.: X-S =      75.395574 mb/sr,
+                                         /R =   6.252389E-01

    30.00 deg.: X-S =      66.455858 mb/sr,
+                                         /R =   5.885338E-01

    30.50 deg.: X-S =      57.573017 mb/sr,
+                                         /R =   5.438779E-01

    31.00 deg.: X-S =      48.973850 mb/sr,
+                                         /R =   4.929612E-01

    31.50 deg.: X-S =      40.852554 mb/sr,
+                                         /R =   4.376941E-01

    32.00 deg.: X-S =      33.367738 mb/sr,
+                                         /R =   3.801301E-01

    32.50 deg.: X-S =      26.641162 mb/sr,
+                                         /R =   3.223869E-01

    33.00 deg.: X-S =      20.757947 mb/sr,
+                                         /R =   2.665661E-01

    33.50 deg.: X-S =      15.768047 mb/sr,
+                                         /R =   2.146765E-01

    34.00 deg.: X-S =      11.688740 mb/sr,
+                                         /R =   1.685630E-01

    34.50 deg.: X-S =       8.507905 mb/sr,
+                                         /R =   1.298429E-01

    35.00 deg.: X-S =       6.187861 mb/sr,
+                                         /R =   9.985298E-02

    35.50 deg.: X-S =       4.669578 mb/sr,
+                                         /R =   7.960808E-02

    36.00 deg.: X-S =       3.877045 mb/sr,
+                                         /R =   6.977238E-02

    36.50 deg.: X-S =       3.721655 mb/sr,
+                                         /R =   7.064405E-02

    37.00 deg.: X-S =       4.106444 mb/sr,
+                                         /R =   8.215328E-02

    37.50 deg.: X-S =       4.930079 mb/sr,
+                                         /R =   1.038733E-01

    38.00 deg.: X-S =       6.090490 mb/sr,
+                                         /R =   1.350433E-01

    38.50 deg.: X-S =       7.488084 mb/sr,
+                                         /R =   1.746025E-01

    39.00 deg.: X-S =       9.028485 mb/sr,
+                                         /R =   2.212326E-01

    39.50 deg.: X-S =      10.624786 mb/sr,
+                                         /R =   2.734086E-01

    40.00 deg.: X-S =      12.199289 mb/sr,
+                                         /R =   3.294538E-01

    40.50 deg.: X-S =      13.684755 mb/sr,
+                                         /R =   3.875987E-01

    41.00 deg.: X-S =      15.025187 mb/sr,
+                                         /R =   4.460405E-01

    41.50 deg.: X-S =      16.176167 mb/sr,
+                                         /R =   5.030018E-01

    42.00 deg.: X-S =      17.104814 mb/sr,
+                                         /R =   5.567859E-01

    42.50 deg.: X-S =      17.789387 mb/sr,
+                                         /R =   6.058279E-01

    43.00 deg.: X-S =      18.218611 mb/sr,
+                                         /R =   6.487393E-01

    43.50 deg.: X-S =      18.390765 mb/sr,
+                                         /R =   6.843451E-01

    44.00 deg.: X-S =      18.312599 mb/sr,
+                                         /R =   7.117130E-01

    44.50 deg.: X-S =      17.998124 mb/sr,
+                                         /R =   7.301734E-01

    45.00 deg.: X-S =      17.467336 mb/sr,
+                                         /R =   7.393304E-01

    45.50 deg.: X-S =      16.744918 mb/sr,
+                                         /R =   7.390642E-01

    46.00 deg.: X-S =      15.858953 mb/sr,
+                                         /R =   7.295244E-01

    46.50 deg.: X-S =      14.839701 mb/sr,
+                                         /R =   7.111151E-01

    47.00 deg.: X-S =      13.718446 mb/sr,
+                                         /R =   6.844739E-01

    47.50 deg.: X-S =      12.526465 mb/sr,
+                                         /R =   6.504437E-01

    48.00 deg.: X-S =      11.294108 mb/sr,
+                                         /R =   6.100401E-01

    48.50 deg.: X-S =      10.050024 mb/sr,
+                                         /R =   5.644154E-01

    49.00 deg.: X-S =       8.820519 mb/sr,
+                                         /R =   5.148198E-01

    49.50 deg.: X-S =       7.629070 mb/sr,
+                                         /R =   4.625617E-01

    50.00 deg.: X-S =       6.495965 mb/sr,
+                                         /R =   4.089686E-01

    50.50 deg.: X-S =       5.438085 mb/sr,
+                                         /R =   3.553492E-01

    51.00 deg.: X-S =       4.468810 mb/sr,
+                                         /R =   3.029581E-01

    51.50 deg.: X-S =       3.598028 mb/sr,
+                                         /R =   2.529636E-01

    52.00 deg.: X-S =       2.832249 mb/sr,
+                                         /R =   2.064204E-01

    52.50 deg.: X-S =       2.174799 mb/sr,
+                                         /R =   1.642463E-01

    53.00 deg.: X-S =       1.626077 mb/sr,
+                                         /R =   1.272050E-01

    53.50 deg.: X-S =       1.183867 mb/sr,
+                                         /R =   9.589288E-02

    54.00 deg.: X-S =       0.843687 mb/sr,
+                                         /R =   7.073296E-02

    54.50 deg.: X-S =       0.599154 mb/sr,
+                                         /R =   5.197274E-02

    55.00 deg.: X-S =       0.442365 mb/sr,
+                                         /R =   3.968772E-02

    55.50 deg.: X-S =       0.364268 mb/sr,
+                                         /R =   3.378935E-02

    56.00 deg.: X-S =       0.355027 mb/sr,
+                                         /R =   3.403703E-02

    56.50 deg.: X-S =       0.404361 mb/sr,
+                                         /R =   4.005354E-02

    57.00 deg.: X-S =       0.501856 mb/sr,
+                                         /R =   5.134327E-02

    57.50 deg.: X-S =       0.637239 mb/sr,
+                                         /R =   6.731246E-02

    58.00 deg.: X-S =       0.800627 mb/sr,
+                                         /R =   8.729077E-02

    58.50 deg.: X-S =       0.982720 mb/sr,
+                                         /R =   1.105535E-01

    59.00 deg.: X-S =       1.174968 mb/sr,
+                                         /R =   1.363436E-01

    59.50 deg.: X-S =       1.369692 mb/sr,
+                                         /R =   1.638932E-01

    60.00 deg.: X-S =       1.560167 mb/sr,
+                                         /R =   1.924439E-01

    60.50 deg.: X-S =       1.740670 mb/sr,
+                                         /R =   2.212649E-01

    61.00 deg.: X-S =       1.906498 mb/sr,
+                                         /R =   2.496693E-01

    61.50 deg.: X-S =       2.053957 mb/sr,
+                                         /R =   2.770283E-01

    62.00 deg.: X-S =       2.180318 mb/sr,
+                                         /R =   3.027823E-01

    62.50 deg.: X-S =       2.283766 mb/sr,
+                                         /R =   3.264489E-01

    63.00 deg.: X-S =       2.363322 mb/sr,
+                                         /R =   3.476294E-01

    63.50 deg.: X-S =       2.418754 mb/sr,
+                                         /R =   3.660111E-01

    64.00 deg.: X-S =       2.450487 mb/sr,
+                                         /R =   3.813681E-01

    64.50 deg.: X-S =       2.459498 mb/sr,
+                                         /R =   3.935594E-01

    65.00 deg.: X-S =       2.447219 mb/sr,
+                                         /R =   4.025244E-01

    65.50 deg.: X-S =       2.415435 mb/sr,
+                                         /R =   4.082778E-01

    66.00 deg.: X-S =       2.366189 mb/sr,
+                                         /R =   4.109014E-01

    66.50 deg.: X-S =       2.301691 mb/sr,
+                                         /R =   4.105366E-01

    67.00 deg.: X-S =       2.224243 mb/sr,
+                                         /R =   4.073741E-01

    67.50 deg.: X-S =       2.136158 mb/sr,
+                                         /R =   4.016452E-01

    68.00 deg.: X-S =       2.039707 mb/sr,
+                                         /R =   3.936113E-01

    68.50 deg.: X-S =       1.937058 mb/sr,
+                                         /R =   3.835547E-01

    69.00 deg.: X-S =       1.830241 mb/sr,
+                                         /R =   3.717693E-01

    69.50 deg.: X-S =       1.721113 mb/sr,
+                                         /R =   3.585520E-01

    70.00 deg.: X-S =       1.611338 mb/sr,
+                                         /R =   3.441953E-01

    70.50 deg.: X-S =       1.502370 mb/sr,
+                                         /R =   3.289807E-01

    71.00 deg.: X-S =       1.395452 mb/sr,
+                                         /R =   3.131730E-01

    71.50 deg.: X-S =       1.291616 mb/sr,
+                                         /R =   2.970164E-01

    72.00 deg.: X-S =       1.191688 mb/sr,
+                                         /R =   2.807311E-01

    72.50 deg.: X-S =       1.096305 mb/sr,
+                                         /R =   2.645113E-01

    73.00 deg.: X-S =       1.005925 mb/sr,
+                                         /R =   2.485246E-01

    73.50 deg.: X-S =       0.920854 mb/sr,
+                                         /R =   2.329118E-01

    74.00 deg.: X-S =       0.841257 mb/sr,
+                                         /R =   2.177880E-01

    74.50 deg.: X-S =       0.767185 mb/sr,
+                                         /R =   2.032445E-01

    75.00 deg.: X-S =       0.698595 mb/sr,
+                                         /R =   1.893508E-01

    75.50 deg.: X-S =       0.635369 mb/sr,
+                                         /R =   1.761578E-01

    76.00 deg.: X-S =       0.577335 mb/sr,
+                                         /R =   1.637001E-01

    76.50 deg.: X-S =       0.524281 mb/sr,
+                                         /R =   1.520000E-01

    77.00 deg.: X-S =       0.475975 mb/sr,
+                                         /R =   1.410702E-01

    77.50 deg.: X-S =       0.432172 mb/sr,
+                                         /R =   1.309166E-01

    78.00 deg.: X-S =       0.392631 mb/sr,
+                                         /R =   1.215416E-01

    78.50 deg.: X-S =       0.357118 mb/sr,
+                                         /R =   1.129461E-01

    79.00 deg.: X-S =       0.325415 mb/sr,
+                                         /R =   1.051316E-01

    79.50 deg.: X-S =       0.297322 mb/sr,
+                                         /R =   9.810172E-02

    80.00 deg.: X-S =       0.272659 mb/sr,
+                                         /R =   9.186345E-02

    80.50 deg.: X-S =       0.251267 mb/sr,
+                                         /R =   8.642750E-02

    81.00 deg.: X-S =       0.233006 mb/sr,
+                                         /R =   8.180850E-02

    81.50 deg.: X-S =       0.217754 mb/sr,
+                                         /R =   7.802470E-02

    82.00 deg.: X-S =       0.205399 mb/sr,
+                                         /R =   7.509726E-02

    82.50 deg.: X-S =       0.195844 mb/sr,
+                                         /R =   7.304923E-02

    83.00 deg.: X-S =       0.188992 mb/sr,
+                                         /R =   7.190429E-02

    83.50 deg.: X-S =       0.184752 mb/sr,
+                                         /R =   7.168537E-02

    84.00 deg.: X-S =       0.183029 mb/sr,
+                                         /R =   7.241313E-02

    84.50 deg.: X-S =       0.183724 mb/sr,
+                                         /R =   7.410446E-02

    85.00 deg.: X-S =       0.186729 mb/sr,
+                                         /R =   7.677109E-02

    85.50 deg.: X-S =       0.191925 mb/sr,
+                                         /R =   8.041829E-02

    86.00 deg.: X-S =       0.199185 mb/sr,
+                                         /R =   8.504387E-02

    86.50 deg.: X-S =       0.208366 mb/sr,
+                                         /R =   9.063732E-02

    87.00 deg.: X-S =       0.219317 mb/sr,
+                                         /R =   9.717937E-02

    87.50 deg.: X-S =       0.231873 mb/sr,
+                                         /R =   1.046418E-01

    88.00 deg.: X-S =       0.245863 mb/sr,
+                                         /R =   1.129876E-01

    88.50 deg.: X-S =       0.261106 mb/sr,
+                                         /R =   1.221715E-01

    89.00 deg.: X-S =       0.277419 mb/sr,
+                                         /R =   1.321407E-01

    89.50 deg.: X-S =       0.294617 mb/sr,
+                                         /R =   1.428360E-01

    90.00 deg.: X-S =       0.312515 mb/sr,
+                                         /R =   1.541929E-01

    90.50 deg.: X-S =       0.330935 mb/sr,
+                                         /R =   1.661434E-01

    91.00 deg.: X-S =       0.349706 mb/sr,
+                                         /R =   1.786175E-01

    91.50 deg.: X-S =       0.368665 mb/sr,
+                                         /R =   1.915446E-01

    92.00 deg.: X-S =       0.387666 mb/sr,
+                                         /R =   2.048554E-01

    92.50 deg.: X-S =       0.406575 mb/sr,
+                                         /R =   2.184834E-01

    93.00 deg.: X-S =       0.425276 mb/sr,
+                                         /R =   2.323660E-01

    93.50 deg.: X-S =       0.443668 mb/sr,
+                                         /R =   2.464463E-01

    94.00 deg.: X-S =       0.461672 mb/sr,
+                                         /R =   2.606732E-01

    94.50 deg.: X-S =       0.479221 mb/sr,
+                                         /R =   2.750026E-01

    95.00 deg.: X-S =       0.496270 mb/sr,
+                                         /R =   2.893976E-01

    95.50 deg.: X-S =       0.512786 mb/sr,
+                                         /R =   3.038281E-01

    96.00 deg.: X-S =       0.528749 mb/sr,
+                                         /R =   3.182707E-01

    96.50 deg.: X-S =       0.544152 mb/sr,
+                                         /R =   3.327075E-01

    97.00 deg.: X-S =       0.558996 mb/sr,
+                                         /R =   3.471255E-01

    97.50 deg.: X-S =       0.573286 mb/sr,
+                                         /R =   3.615145E-01

    98.00 deg.: X-S =       0.587030 mb/sr,
+                                         /R =   3.758661E-01

    98.50 deg.: X-S =       0.600237 mb/sr,
+                                         /R =   3.901712E-01

    99.00 deg.: X-S =       0.612909 mb/sr,
+                                         /R =   4.044187E-01

    99.50 deg.: X-S =       0.625045 mb/sr,
+                                         /R =   4.185926E-01

   100.00 deg.: X-S =       0.636632 mb/sr,
+                                         /R =   4.326710E-01

   100.50 deg.: X-S =       0.647650 mb/sr,
+                                         /R =   4.466237E-01

   101.00 deg.: X-S =       0.658063 mb/sr,
+                                         /R =   4.604104E-01

   101.50 deg.: X-S =       0.667824 mb/sr,
+                                         /R =   4.739801E-01

   102.00 deg.: X-S =       0.676870 mb/sr,
+                                         /R =   4.872693E-01

   102.50 deg.: X-S =       0.685127 mb/sr,
+                                         /R =   5.002022E-01

   103.00 deg.: X-S =       0.692507 mb/sr,
+                                         /R =   5.126901E-01

   103.50 deg.: X-S =       0.698911 mb/sr,
+                                         /R =   5.246324E-01

   104.00 deg.: X-S =       0.704232 mb/sr,
+                                         /R =   5.359174E-01

   104.50 deg.: X-S =       0.708357 mb/sr,
+                                         /R =   5.464239E-01

   105.00 deg.: X-S =       0.711170 mb/sr,
+                                         /R =   5.560237E-01

   105.50 deg.: X-S =       0.712556 mb/sr,
+                                         /R =   5.645840E-01

   106.00 deg.: X-S =       0.712404 mb/sr,
+                                         /R =   5.719710E-01

   106.50 deg.: X-S =       0.710615 mb/sr,
+                                         /R =   5.780533E-01

   107.00 deg.: X-S =       0.707101 mb/sr,
+                                         /R =   5.827060E-01

   107.50 deg.: X-S =       0.701793 mb/sr,
+                                         /R =   5.858149E-01

   108.00 deg.: X-S =       0.694644 mb/sr,
+                                         /R =   5.872813E-01

   108.50 deg.: X-S =       0.685633 mb/sr,
+                                         /R =   5.870257E-01

   109.00 deg.: X-S =       0.674766 mb/sr,
+                                         /R =   5.849930E-01

   109.50 deg.: X-S =       0.662084 mb/sr,
+                                         /R =   5.811557E-01

   110.00 deg.: X-S =       0.647661 mb/sr,
+                                         /R =   5.755184E-01

   110.50 deg.: X-S =       0.631606 mb/sr,
+                                         /R =   5.681206E-01

   111.00 deg.: X-S =       0.614065 mb/sr,
+                                         /R =   5.590392E-01

   111.50 deg.: X-S =       0.595219 mb/sr,
+                                         /R =   5.483907E-01

   112.00 deg.: X-S =       0.575286 mb/sr,
+                                         /R =   5.363318E-01

   112.50 deg.: X-S =       0.554514 mb/sr,
+                                         /R =   5.230596E-01

   113.00 deg.: X-S =       0.533184 mb/sr,
+                                         /R =   5.088108E-01

   113.50 deg.: X-S =       0.511600 mb/sr,
+                                         /R =   4.938595E-01

   114.00 deg.: X-S =       0.490090 mb/sr,
+                                         /R =   4.785141E-01

   114.50 deg.: X-S =       0.468997 mb/sr,
+                                         /R =   4.631135E-01

   115.00 deg.: X-S =       0.448672 mb/sr,
+                                         /R =   4.480217E-01

   115.50 deg.: X-S =       0.429472 mb/sr,
+                                         /R =   4.336217E-01

   116.00 deg.: X-S =       0.411750 mb/sr,
+                                         /R =   4.203089E-01

   116.50 deg.: X-S =       0.395845 mb/sr,
+                                         /R =   4.084830E-01

   117.00 deg.: X-S =       0.382081 mb/sr,
+                                         /R =   3.985401E-01

   117.50 deg.: X-S =       0.370755 mb/sr,
+                                         /R =   3.908635E-01

   118.00 deg.: X-S =       0.362129 mb/sr,
+                                         /R =   3.858154E-01

   118.50 deg.: X-S =       0.356430 mb/sr,
+                                         /R =   3.837270E-01

   119.00 deg.: X-S =       0.353836 mb/sr,
+                                         /R =   3.848905E-01

   119.50 deg.: X-S =       0.354475 mb/sr,
+                                         /R =   3.895496E-01

   120.00 deg.: X-S =       0.358418 mb/sr,
+                                         /R =   3.978925E-01

   120.50 deg.: X-S =       0.365679 mb/sr,
+                                         /R =   4.100440E-01

   121.00 deg.: X-S =       0.376210 mb/sr,
+                                         /R =   4.260596E-01

   121.50 deg.: X-S =       0.389897 mb/sr,
+                                         /R =   4.459203E-01

   122.00 deg.: X-S =       0.406567 mb/sr,
+                                         /R =   4.695295E-01

   122.50 deg.: X-S =       0.425983 mb/sr,
+                                         /R =   4.967099E-01

   123.00 deg.: X-S =       0.447849 mb/sr,
+                                         /R =   5.272041E-01

   123.50 deg.: X-S =       0.471813 mb/sr,
+                                         /R =   5.606749E-01

   124.00 deg.: X-S =       0.497473 mb/sr,
+                                         /R =   5.967087E-01

   124.50 deg.: X-S =       0.524383 mb/sr,
+                                         /R =   6.348201E-01

   125.00 deg.: X-S =       0.552060 mb/sr,
+                                         /R =   6.744585E-01

   125.50 deg.: X-S =       0.579992 mb/sr,
+                                         /R =   7.150163E-01

   126.00 deg.: X-S =       0.607648 mb/sr,
+                                         /R =   7.558387E-01

   126.50 deg.: X-S =       0.634488 mb/sr,
+                                         /R =   7.962349E-01

   127.00 deg.: X-S =       0.659969 mb/sr,
+                                         /R =   8.354906E-01

   127.50 deg.: X-S =       0.683564 mb/sr,
+                                         /R =   8.728818E-01

   128.00 deg.: X-S =       0.704763 mb/sr,
+                                         /R =   9.076890E-01

   128.50 deg.: X-S =       0.723091 mb/sr,
+                                         /R =   9.392119E-01

   129.00 deg.: X-S =       0.738115 mb/sr,
+                                         /R =   9.667852E-01

   129.50 deg.: X-S =       0.749451 mb/sr,
+                                         /R =   9.897929E-01

   130.00 deg.: X-S =       0.756777 mb/sr,
+                                         /R =   1.007683E+00

   130.50 deg.: X-S =       0.759841 mb/sr,
+                                         /R =   1.019984E+00

   131.00 deg.: X-S =       0.758462 mb/sr,
+                                         /R =   1.026311E+00

   131.50 deg.: X-S =       0.752543 mb/sr,
+                                         /R =   1.026385E+00

   132.00 deg.: X-S =       0.742067 mb/sr,
+                                         /R =   1.020040E+00

   132.50 deg.: X-S =       0.727107 mb/sr,
+                                         /R =   1.007227E+00

   133.00 deg.: X-S =       0.707822 mb/sr,
+                                         /R =   9.880255E-01

   133.50 deg.: X-S =       0.684455 mb/sr,
+                                         /R =   9.626428E-01

   134.00 deg.: X-S =       0.657335 mb/sr,
+                                         /R =   9.314168E-01

   134.50 deg.: X-S =       0.626869 mb/sr,
+                                         /R =   8.948132E-01

   135.00 deg.: X-S =       0.593538 mb/sr,
+                                         /R =   8.534213E-01

   135.50 deg.: X-S =       0.557889 mb/sr,
+                                         /R =   8.079465E-01

   136.00 deg.: X-S =       0.520523 mb/sr,
+                                         /R =   7.592005E-01

   136.50 deg.: X-S =       0.482090 mb/sr,
+                                         /R =   7.080890E-01

   137.00 deg.: X-S =       0.443273 mb/sr,
+                                         /R =   6.555963E-01

   137.50 deg.: X-S =       0.404780 mb/sr,
+                                         /R =   6.027689E-01

   138.00 deg.: X-S =       0.367326 mb/sr,
+                                         /R =   5.506965E-01

   138.50 deg.: X-S =       0.331624 mb/sr,
+                                         /R =   5.004913E-01

   139.00 deg.: X-S =       0.298367 mb/sr,
+                                         /R =   4.532668E-01

   139.50 deg.: X-S =       0.268217 mb/sr,
+                                         /R =   4.101152E-01

   140.00 deg.: X-S =       0.241794 mb/sr,
+                                         /R =   3.720846E-01

   140.50 deg.: X-S =       0.219656 mb/sr,
+                                         /R =   3.401570E-01

   141.00 deg.: X-S =       0.202293 mb/sr,
+                                         /R =   3.152252E-01

   141.50 deg.: X-S =       0.190115 mb/sr,
+                                         /R =   2.980728E-01

   142.00 deg.: X-S =       0.183441 mb/sr,
+                                         /R =   2.893542E-01

   142.50 deg.: X-S =       0.182490 mb/sr,
+                                         /R =   2.895772E-01

   143.00 deg.: X-S =       0.187378 mb/sr,
+                                         /R =   2.990875E-01

   143.50 deg.: X-S =       0.198110 mb/sr,
+                                         /R =   3.180568E-01

   144.00 deg.: X-S =       0.214581 mb/sr,
+                                         /R =   3.464729E-01

   144.50 deg.: X-S =       0.236570 mb/sr,
+                                         /R =   3.841343E-01

   145.00 deg.: X-S =       0.263749 mb/sr,
+                                         /R =   4.306472E-01

   145.50 deg.: X-S =       0.295680 mb/sr,
+                                         /R =   4.854278E-01

   146.00 deg.: X-S =       0.331825 mb/sr,
+                                         /R =   5.477068E-01

   146.50 deg.: X-S =       0.371555 mb/sr,
+                                         /R =   6.165392E-01

   147.00 deg.: X-S =       0.414154 mb/sr,
+                                         /R =   6.908173E-01

   147.50 deg.: X-S =       0.458839 mb/sr,
+                                         /R =   7.692873E-01

   148.00 deg.: X-S =       0.504766 mb/sr,
+                                         /R =   8.505699E-01

   148.50 deg.: X-S =       0.551051 mb/sr,
+                                         /R =   9.331836E-01

   149.00 deg.: X-S =       0.596781 mb/sr,
+                                         /R =   1.015572E+00

   149.50 deg.: X-S =       0.641036 mb/sr,
+                                         /R =   1.096130E+00

   150.00 deg.: X-S =       0.682902 mb/sr,
+                                         /R =   1.173240E+00

   150.50 deg.: X-S =       0.721491 mb/sr,
+                                         /R =   1.245296E+00

   151.00 deg.: X-S =       0.755961 mb/sr,
+                                         /R =   1.310747E+00

   151.50 deg.: X-S =       0.785528 mb/sr,
+                                         /R =   1.368120E+00

   152.00 deg.: X-S =       0.809491 mb/sr,
+                                         /R =   1.416060E+00

   152.50 deg.: X-S =       0.827238 mb/sr,
+                                         /R =   1.453358E+00

   153.00 deg.: X-S =       0.838271 mb/sr,
+                                         /R =   1.478986E+00

   153.50 deg.: X-S =       0.842211 mb/sr,
+                                         /R =   1.492116E+00

   154.00 deg.: X-S =       0.838813 mb/sr,
+                                         /R =   1.492156E+00

   154.50 deg.: X-S =       0.827975 mb/sr,
+                                         /R =   1.478763E+00

   155.00 deg.: X-S =       0.809742 mb/sr,
+                                         /R =   1.451863E+00

   155.50 deg.: X-S =       0.784313 mb/sr,
+                                         /R =   1.411666E+00

   156.00 deg.: X-S =       0.752044 mb/sr,
+                                         /R =   1.358670E+00

   156.50 deg.: X-S =       0.713442 mb/sr,
+                                         /R =   1.293669E+00

   157.00 deg.: X-S =       0.669165 mb/sr,
+                                         /R =   1.217747E+00

   157.50 deg.: X-S =       0.620013 mb/sr,
+                                         /R =   1.132270E+00

   158.00 deg.: X-S =       0.566923 mb/sr,
+                                         /R =   1.038876E+00

   158.50 deg.: X-S =       0.510952 mb/sr,
+                                         /R =   9.394544E-01

   159.00 deg.: X-S =       0.453264 mb/sr,
+                                         /R =   8.361211E-01

   159.50 deg.: X-S =       0.395117 mb/sr,
+                                         /R =   7.311918E-01

   160.00 deg.: X-S =       0.337840 mb/sr,
+                                         /R =   6.271477E-01

   160.50 deg.: X-S =       0.282814 mb/sr,
+                                         /R =   5.265983E-01

   161.00 deg.: X-S =       0.231453 mb/sr,
+                                         /R =   4.322409E-01

   161.50 deg.: X-S =       0.185176 mb/sr,
+                                         /R =   3.468167E-01

   162.00 deg.: X-S =       0.145389 mb/sr,
+                                         /R =   2.730649E-01

   162.50 deg.: X-S =       0.113459 mb/sr,
+                                         /R =   2.136760E-01

   163.00 deg.: X-S =       0.090688 mb/sr,
+                                         /R =   1.712434E-01

   163.50 deg.: X-S =       0.078291 mb/sr,
+                                         /R =   1.482163E-01

   164.00 deg.: X-S =       0.077378 mb/sr,
+                                         /R =   1.468532E-01

   164.50 deg.: X-S =       0.088926 mb/sr,
+                                         /R =   1.691769E-01

   165.00 deg.: X-S =       0.113762 mb/sr,
+                                         /R =   2.169334E-01

   165.50 deg.: X-S =       0.152549 mb/sr,
+                                         /R =   2.915527E-01

   166.00 deg.: X-S =       0.205763 mb/sr,
+                                         /R =   3.941156E-01

   166.50 deg.: X-S =       0.273689 mb/sr,
+                                         /R =   5.253239E-01

   167.00 deg.: X-S =       0.356404 mb/sr,
+                                         /R =   6.854772E-01

   167.50 deg.: X-S =       0.453775 mb/sr,
+                                         /R =   8.744551E-01

   168.00 deg.: X-S =       0.565451 mb/sr,
+                                         /R =   1.091706E+00

   168.50 deg.: X-S =       0.690868 mb/sr,
+                                         /R =   1.336244E+00

   169.00 deg.: X-S =       0.829247 mb/sr,
+                                         /R =   1.606650E+00

   169.50 deg.: X-S =       0.979603 mb/sr,
+                                         /R =   1.901081E+00

   170.00 deg.: X-S =       1.140754 mb/sr,
+                                         /R =   2.217289E+00

   170.50 deg.: X-S =       1.311334 mb/sr,
+                                         /R =   2.552643E+00

   171.00 deg.: X-S =       1.489810 mb/sr,
+                                         /R =   2.904160E+00

   171.50 deg.: X-S =       1.674496 mb/sr,
+                                         /R =   3.268541E+00

   172.00 deg.: X-S =       1.863583 mb/sr,
+                                         /R =   3.642211E+00

   172.50 deg.: X-S =       2.055153 mb/sr,
+                                         /R =   4.021370E+00

   173.00 deg.: X-S =       2.247212 mb/sr,
+                                         /R =   4.402041E+00

   173.50 deg.: X-S =       2.437711 mb/sr,
+                                         /R =   4.780125E+00

   174.00 deg.: X-S =       2.624577 mb/sr,
+                                         /R =   5.151459E+00

   174.50 deg.: X-S =       2.805744 mb/sr,
+                                         /R =   5.511877E+00

   175.00 deg.: X-S =       2.979175 mb/sr,
+                                         /R =   5.857267E+00

   175.50 deg.: X-S =       3.142898 mb/sr,
+                                         /R =   6.183633E+00

   176.00 deg.: X-S =       3.295029 mb/sr,
+                                         /R =   6.487150E+00

   176.50 deg.: X-S =       3.433802 mb/sr,
+                                         /R =   6.764226E+00

   177.00 deg.: X-S =       3.557593 mb/sr,
+                                         /R =   7.011551E+00

   177.50 deg.: X-S =       3.664942 mb/sr,
+                                         /R =   7.226149E+00

   178.00 deg.: X-S =       3.754577 mb/sr,
+                                         /R =   7.405419E+00

   178.50 deg.: X-S =       3.825430 mb/sr,
+                                         /R =   7.547180E+00

   179.00 deg.: X-S =       3.876655 mb/sr,
+                                         /R =   7.649698E+00

   179.50 deg.: X-S =       3.907639 mb/sr,
+                                         /R =   7.711717E+00

   179.99 deg.: X-S =       3.918004 mb/sr,
+                                         /R =   7.732467E+00

                                           Integrated  8.3612E+10 mb, over [   0.000, 180.000] at    32.0000 MeV 

 CROSS SECTIONS FOR OUTGOING 2H       & 13C_L2   in state #   1 with spins & parities 1.0  + &  2.5  -;  0

     0.00 deg.: X-S =       0.448545 mb/sr,
+                                         REAC   2.0912E-01 mb

     0.50 deg.: X-S =       0.448177 mb/sr,

     1.00 deg.: X-S =       0.447074 mb/sr,

     1.50 deg.: X-S =       0.445242 mb/sr,

     2.00 deg.: X-S =       0.442690 mb/sr,

     2.50 deg.: X-S =       0.439430 mb/sr,

     3.00 deg.: X-S =       0.435478 mb/sr,

     3.50 deg.: X-S =       0.430853 mb/sr,

     4.00 deg.: X-S =       0.425574 mb/sr,

     4.50 deg.: X-S =       0.419667 mb/sr,

     5.00 deg.: X-S =       0.413155 mb/sr,

     5.50 deg.: X-S =       0.406067 mb/sr,

     6.00 deg.: X-S =       0.398432 mb/sr,

     6.50 deg.: X-S =       0.390281 mb/sr,

     7.00 deg.: X-S =       0.381645 mb/sr,

     7.50 deg.: X-S =       0.372560 mb/sr,

     8.00 deg.: X-S =       0.363061 mb/sr,

     8.50 deg.: X-S =       0.353184 mb/sr,

     9.00 deg.: X-S =       0.342970 mb/sr,

     9.50 deg.: X-S =       0.332457 mb/sr,

    10.00 deg.: X-S =       0.321687 mb/sr,

    10.50 deg.: X-S =       0.310703 mb/sr,

    11.00 deg.: X-S =       0.299547 mb/sr,

    11.50 deg.: X-S =       0.288264 mb/sr,

    12.00 deg.: X-S =       0.276897 mb/sr,

    12.50 deg.: X-S =       0.265489 mb/sr,

    13.00 deg.: X-S =       0.254085 mb/sr,

    13.50 deg.: X-S =       0.242724 mb/sr,

    14.00 deg.: X-S =       0.231448 mb/sr,

    14.50 deg.: X-S =       0.220295 mb/sr,

    15.00 deg.: X-S =       0.209302 mb/sr,

    15.50 deg.: X-S =       0.198502 mb/sr,

    16.00 deg.: X-S =       0.187927 mb/sr,

    16.50 deg.: X-S =       0.177607 mb/sr,

    17.00 deg.: X-S =       0.167568 mb/sr,

    17.50 deg.: X-S =       0.157833 mb/sr,

    18.00 deg.: X-S =       0.148424 mb/sr,

    18.50 deg.: X-S =       0.139360 mb/sr,

    19.00 deg.: X-S =       0.130657 mb/sr,

    19.50 deg.: X-S =       0.122329 mb/sr,

    20.00 deg.: X-S =       0.114387 mb/sr,

    20.50 deg.: X-S =       0.106841 mb/sr,

    21.00 deg.: X-S =       0.099698 mb/sr,

    21.50 deg.: X-S =       0.092962 mb/sr,

    22.00 deg.: X-S =       0.086636 mb/sr,

    22.50 deg.: X-S =       0.080721 mb/sr,

    23.00 deg.: X-S =       0.075213 mb/sr,

    23.50 deg.: X-S =       0.070111 mb/sr,

    24.00 deg.: X-S =       0.065407 mb/sr,

    24.50 deg.: X-S =       0.061094 mb/sr,

    25.00 deg.: X-S =       0.057162 mb/sr,

    25.50 deg.: X-S =       0.053599 mb/sr,

    26.00 deg.: X-S =       0.050393 mb/sr,

    26.50 deg.: X-S =       0.047529 mb/sr,

    27.00 deg.: X-S =       0.044991 mb/sr,

    27.50 deg.: X-S =       0.042763 mb/sr,

    28.00 deg.: X-S =       0.040826 mb/sr,

    28.50 deg.: X-S =       0.039162 mb/sr,

    29.00 deg.: X-S =       0.037753 mb/sr,

    29.50 deg.: X-S =       0.036579 mb/sr,

    30.00 deg.: X-S =       0.035620 mb/sr,

    30.50 deg.: X-S =       0.034855 mb/sr,

    31.00 deg.: X-S =       0.034266 mb/sr,

    31.50 deg.: X-S =       0.033832 mb/sr,

    32.00 deg.: X-S =       0.033532 mb/sr,

    32.50 deg.: X-S =       0.033348 mb/sr,

    33.00 deg.: X-S =       0.033261 mb/sr,

    33.50 deg.: X-S =       0.033252 mb/sr,

    34.00 deg.: X-S =       0.033303 mb/sr,

    34.50 deg.: X-S =       0.033396 mb/sr,

    35.00 deg.: X-S =       0.033517 mb/sr,

    35.50 deg.: X-S =       0.033650 mb/sr,

    36.00 deg.: X-S =       0.033782 mb/sr,

    36.50 deg.: X-S =       0.033900 mb/sr,

    37.00 deg.: X-S =       0.033993 mb/sr,

    37.50 deg.: X-S =       0.034051 mb/sr,

    38.00 deg.: X-S =       0.034068 mb/sr,

    38.50 deg.: X-S =       0.034036 mb/sr,

    39.00 deg.: X-S =       0.033950 mb/sr,

    39.50 deg.: X-S =       0.033807 mb/sr,

    40.00 deg.: X-S =       0.033605 mb/sr,

    40.50 deg.: X-S =       0.033344 mb/sr,

    41.00 deg.: X-S =       0.033023 mb/sr,

    41.50 deg.: X-S =       0.032644 mb/sr,

    42.00 deg.: X-S =       0.032209 mb/sr,

    42.50 deg.: X-S =       0.031723 mb/sr,

    43.00 deg.: X-S =       0.031188 mb/sr,

    43.50 deg.: X-S =       0.030610 mb/sr,

    44.00 deg.: X-S =       0.029993 mb/sr,

    44.50 deg.: X-S =       0.029343 mb/sr,

    45.00 deg.: X-S =       0.028666 mb/sr,

    45.50 deg.: X-S =       0.027968 mb/sr,

    46.00 deg.: X-S =       0.027253 mb/sr,

    46.50 deg.: X-S =       0.026529 mb/sr,

    47.00 deg.: X-S =       0.025799 mb/sr,

    47.50 deg.: X-S =       0.025071 mb/sr,

    48.00 deg.: X-S =       0.024348 mb/sr,

    48.50 deg.: X-S =       0.023635 mb/sr,

    49.00 deg.: X-S =       0.022937 mb/sr,

    49.50 deg.: X-S =       0.022257 mb/sr,

    50.00 deg.: X-S =       0.021597 mb/sr,

    50.50 deg.: X-S =       0.020962 mb/sr,

    51.00 deg.: X-S =       0.020352 mb/sr,

    51.50 deg.: X-S =       0.019769 mb/sr,

    52.00 deg.: X-S =       0.019214 mb/sr,

    52.50 deg.: X-S =       0.018688 mb/sr,

    53.00 deg.: X-S =       0.018191 mb/sr,

    53.50 deg.: X-S =       0.017722 mb/sr,

    54.00 deg.: X-S =       0.017280 mb/sr,

    54.50 deg.: X-S =       0.016865 mb/sr,

    55.00 deg.: X-S =       0.016475 mb/sr,

    55.50 deg.: X-S =       0.016108 mb/sr,

    56.00 deg.: X-S =       0.015762 mb/sr,

    56.50 deg.: X-S =       0.015437 mb/sr,

    57.00 deg.: X-S =       0.015128 mb/sr,

    57.50 deg.: X-S =       0.014836 mb/sr,

    58.00 deg.: X-S =       0.014556 mb/sr,

    58.50 deg.: X-S =       0.014288 mb/sr,

    59.00 deg.: X-S =       0.014029 mb/sr,

    59.50 deg.: X-S =       0.013778 mb/sr,

    60.00 deg.: X-S =       0.013532 mb/sr,

    60.50 deg.: X-S =       0.013290 mb/sr,

    61.00 deg.: X-S =       0.013050 mb/sr,

    61.50 deg.: X-S =       0.012811 mb/sr,

    62.00 deg.: X-S =       0.012572 mb/sr,

    62.50 deg.: X-S =       0.012332 mb/sr,

    63.00 deg.: X-S =       0.012091 mb/sr,

    63.50 deg.: X-S =       0.011846 mb/sr,

    64.00 deg.: X-S =       0.011599 mb/sr,

    64.50 deg.: X-S =       0.011349 mb/sr,

    65.00 deg.: X-S =       0.011095 mb/sr,

    65.50 deg.: X-S =       0.010839 mb/sr,

    66.00 deg.: X-S =       0.010579 mb/sr,

    66.50 deg.: X-S =       0.010316 mb/sr,

    67.00 deg.: X-S =       0.010051 mb/sr,

    67.50 deg.: X-S =       0.009784 mb/sr,

    68.00 deg.: X-S =       0.009516 mb/sr,

    68.50 deg.: X-S =       0.009246 mb/sr,

    69.00 deg.: X-S =       0.008976 mb/sr,

    69.50 deg.: X-S =       0.008706 mb/sr,

    70.00 deg.: X-S =       0.008437 mb/sr,

    70.50 deg.: X-S =       0.008169 mb/sr,

    71.00 deg.: X-S =       0.007904 mb/sr,

    71.50 deg.: X-S =       0.007641 mb/sr,

    72.00 deg.: X-S =       0.007382 mb/sr,

    72.50 deg.: X-S =       0.007127 mb/sr,

    73.00 deg.: X-S =       0.006876 mb/sr,

    73.50 deg.: X-S =       0.006631 mb/sr,

    74.00 deg.: X-S =       0.006391 mb/sr,

    74.50 deg.: X-S =       0.006158 mb/sr,

    75.00 deg.: X-S =       0.005932 mb/sr,

    75.50 deg.: X-S =       0.005713 mb/sr,

    76.00 deg.: X-S =       0.005501 mb/sr,

    76.50 deg.: X-S =       0.005297 mb/sr,

    77.00 deg.: X-S =       0.005100 mb/sr,

    77.50 deg.: X-S =       0.004912 mb/sr,

    78.00 deg.: X-S =       0.004731 mb/sr,

    78.50 deg.: X-S =       0.004558 mb/sr,

    79.00 deg.: X-S =       0.004392 mb/sr,

    79.50 deg.: X-S =       0.004234 mb/sr,

    80.00 deg.: X-S =       0.004084 mb/sr,

    80.50 deg.: X-S =       0.003940 mb/sr,

    81.00 deg.: X-S =       0.003804 mb/sr,

    81.50 deg.: X-S =       0.003674 mb/sr,

    82.00 deg.: X-S =       0.003551 mb/sr,

    82.50 deg.: X-S =       0.003434 mb/sr,

    83.00 deg.: X-S =       0.003323 mb/sr,

    83.50 deg.: X-S =       0.003218 mb/sr,

    84.00 deg.: X-S =       0.003118 mb/sr,

    84.50 deg.: X-S =       0.003024 mb/sr,

    85.00 deg.: X-S =       0.002935 mb/sr,

    85.50 deg.: X-S =       0.002851 mb/sr,

    86.00 deg.: X-S =       0.002771 mb/sr,

    86.50 deg.: X-S =       0.002696 mb/sr,

    87.00 deg.: X-S =       0.002625 mb/sr,

    87.50 deg.: X-S =       0.002557 mb/sr,

    88.00 deg.: X-S =       0.002493 mb/sr,

    88.50 deg.: X-S =       0.002432 mb/sr,

    89.00 deg.: X-S =       0.002373 mb/sr,

    89.50 deg.: X-S =       0.002318 mb/sr,

    90.00 deg.: X-S =       0.002265 mb/sr,

    90.50 deg.: X-S =       0.002214 mb/sr,

    91.00 deg.: X-S =       0.002166 mb/sr,

    91.50 deg.: X-S =       0.002119 mb/sr,

    92.00 deg.: X-S =       0.002075 mb/sr,

    92.50 deg.: X-S =       0.002032 mb/sr,

    93.00 deg.: X-S =       0.001991 mb/sr,

    93.50 deg.: X-S =       0.001952 mb/sr,

    94.00 deg.: X-S =       0.001914 mb/sr,

    94.50 deg.: X-S =       0.001878 mb/sr,

    95.00 deg.: X-S =       0.001844 mb/sr,

    95.50 deg.: X-S =       0.001811 mb/sr,

    96.00 deg.: X-S =       0.001780 mb/sr,

    96.50 deg.: X-S =       0.001750 mb/sr,

    97.00 deg.: X-S =       0.001722 mb/sr,

    97.50 deg.: X-S =       0.001695 mb/sr,

    98.00 deg.: X-S =       0.001670 mb/sr,

    98.50 deg.: X-S =       0.001646 mb/sr,

    99.00 deg.: X-S =       0.001623 mb/sr,

    99.50 deg.: X-S =       0.001602 mb/sr,

   100.00 deg.: X-S =       0.001582 mb/sr,

   100.50 deg.: X-S =       0.001563 mb/sr,

   101.00 deg.: X-S =       0.001545 mb/sr,

   101.50 deg.: X-S =       0.001529 mb/sr,

   102.00 deg.: X-S =       0.001513 mb/sr,

   102.50 deg.: X-S =       0.001499 mb/sr,

   103.00 deg.: X-S =       0.001486 mb/sr,

   103.50 deg.: X-S =       0.001473 mb/sr,

   104.00 deg.: X-S =       0.001462 mb/sr,

   104.50 deg.: X-S =       0.001452 mb/sr,

   105.00 deg.: X-S =       0.001442 mb/sr,

   105.50 deg.: X-S =       0.001434 mb/sr,

   106.00 deg.: X-S =       0.001426 mb/sr,

   106.50 deg.: X-S =       0.001419 mb/sr,

   107.00 deg.: X-S =       0.001413 mb/sr,

   107.50 deg.: X-S =       0.001408 mb/sr,

   108.00 deg.: X-S =       0.001403 mb/sr,

   108.50 deg.: X-S =       0.001399 mb/sr,

   109.00 deg.: X-S =       0.001395 mb/sr,

   109.50 deg.: X-S =       0.001392 mb/sr,

   110.00 deg.: X-S =       0.001388 mb/sr,

   110.50 deg.: X-S =       0.001385 mb/sr,

   111.00 deg.: X-S =       0.001382 mb/sr,

   111.50 deg.: X-S =       0.001379 mb/sr,

   112.00 deg.: X-S =       0.001376 mb/sr,

   112.50 deg.: X-S =       0.001372 mb/sr,

   113.00 deg.: X-S =       0.001368 mb/sr,

   113.50 deg.: X-S =       0.001364 mb/sr,

   114.00 deg.: X-S =       0.001360 mb/sr,

   114.50 deg.: X-S =       0.001355 mb/sr,

   115.00 deg.: X-S =       0.001350 mb/sr,

   115.50 deg.: X-S =       0.001344 mb/sr,

   116.00 deg.: X-S =       0.001338 mb/sr,

   116.50 deg.: X-S =       0.001331 mb/sr,

   117.00 deg.: X-S =       0.001323 mb/sr,

   117.50 deg.: X-S =       0.001316 mb/sr,

   118.00 deg.: X-S =       0.001307 mb/sr,

   118.50 deg.: X-S =       0.001298 mb/sr,

   119.00 deg.: X-S =       0.001289 mb/sr,

   119.50 deg.: X-S =       0.001279 mb/sr,

   120.00 deg.: X-S =       0.001268 mb/sr,

   120.50 deg.: X-S =       0.001257 mb/sr,

   121.00 deg.: X-S =       0.001246 mb/sr,

   121.50 deg.: X-S =       0.001234 mb/sr,

   122.00 deg.: X-S =       0.001222 mb/sr,

   122.50 deg.: X-S =       0.001209 mb/sr,

   123.00 deg.: X-S =       0.001196 mb/sr,

   123.50 deg.: X-S =       0.001182 mb/sr,

   124.00 deg.: X-S =       0.001169 mb/sr,

   124.50 deg.: X-S =       0.001155 mb/sr,

   125.00 deg.: X-S =       0.001142 mb/sr,

   125.50 deg.: X-S =       0.001128 mb/sr,

   126.00 deg.: X-S =       0.001114 mb/sr,

   126.50 deg.: X-S =       0.001101 mb/sr,

   127.00 deg.: X-S =       0.001088 mb/sr,

   127.50 deg.: X-S =       0.001075 mb/sr,

   128.00 deg.: X-S =       0.001062 mb/sr,

   128.50 deg.: X-S =       0.001050 mb/sr,

   129.00 deg.: X-S =       0.001038 mb/sr,

   129.50 deg.: X-S =       0.001027 mb/sr,

   130.00 deg.: X-S =       0.001016 mb/sr,

   130.50 deg.: X-S =       0.001006 mb/sr,

   131.00 deg.: X-S =       0.000997 mb/sr,

   131.50 deg.: X-S =       0.000988 mb/sr,

   132.00 deg.: X-S =       0.000980 mb/sr,

   132.50 deg.: X-S =       0.000973 mb/sr,

   133.00 deg.: X-S =       0.000967 mb/sr,

   133.50 deg.: X-S =       0.000961 mb/sr,

   134.00 deg.: X-S =       0.000956 mb/sr,

   134.50 deg.: X-S =       0.000952 mb/sr,

   135.00 deg.: X-S =       0.000949 mb/sr,

   135.50 deg.: X-S =       0.000946 mb/sr,

   136.00 deg.: X-S =       0.000944 mb/sr,

   136.50 deg.: X-S =       0.000943 mb/sr,

   137.00 deg.: X-S =       0.000943 mb/sr,

   137.50 deg.: X-S =       0.000943 mb/sr,

   138.00 deg.: X-S =       0.000944 mb/sr,

   138.50 deg.: X-S =       0.000945 mb/sr,

   139.00 deg.: X-S =       0.000947 mb/sr,

   139.50 deg.: X-S =       0.000950 mb/sr,

   140.00 deg.: X-S =       0.000953 mb/sr,

   140.50 deg.: X-S =       0.000956 mb/sr,

   141.00 deg.: X-S =       0.000960 mb/sr,

   141.50 deg.: X-S =       0.000965 mb/sr,

   142.00 deg.: X-S =       0.000970 mb/sr,

   142.50 deg.: X-S =       0.000975 mb/sr,

   143.00 deg.: X-S =       0.000982 mb/sr,

   143.50 deg.: X-S =       0.000988 mb/sr,

   144.00 deg.: X-S =       0.000995 mb/sr,

   144.50 deg.: X-S =       0.001003 mb/sr,

   145.00 deg.: X-S =       0.001011 mb/sr,

   145.50 deg.: X-S =       0.001020 mb/sr,

   146.00 deg.: X-S =       0.001029 mb/sr,

   146.50 deg.: X-S =       0.001038 mb/sr,

   147.00 deg.: X-S =       0.001049 mb/sr,

   147.50 deg.: X-S =       0.001060 mb/sr,

   148.00 deg.: X-S =       0.001071 mb/sr,

   148.50 deg.: X-S =       0.001084 mb/sr,

   149.00 deg.: X-S =       0.001097 mb/sr,

   149.50 deg.: X-S =       0.001111 mb/sr,

   150.00 deg.: X-S =       0.001126 mb/sr,

   150.50 deg.: X-S =       0.001143 mb/sr,

   151.00 deg.: X-S =       0.001160 mb/sr,

   151.50 deg.: X-S =       0.001179 mb/sr,

   152.00 deg.: X-S =       0.001199 mb/sr,

   152.50 deg.: X-S =       0.001221 mb/sr,

   153.00 deg.: X-S =       0.001244 mb/sr,

   153.50 deg.: X-S =       0.001269 mb/sr,

   154.00 deg.: X-S =       0.001296 mb/sr,

   154.50 deg.: X-S =       0.001324 mb/sr,

   155.00 deg.: X-S =       0.001355 mb/sr,

   155.50 deg.: X-S =       0.001387 mb/sr,

   156.00 deg.: X-S =       0.001421 mb/sr,

   156.50 deg.: X-S =       0.001456 mb/sr,

   157.00 deg.: X-S =       0.001494 mb/sr,

   157.50 deg.: X-S =       0.001534 mb/sr,

   158.00 deg.: X-S =       0.001575 mb/sr,

   158.50 deg.: X-S =       0.001619 mb/sr,

   159.00 deg.: X-S =       0.001665 mb/sr,

   159.50 deg.: X-S =       0.001712 mb/sr,

   160.00 deg.: X-S =       0.001761 mb/sr,

   160.50 deg.: X-S =       0.001813 mb/sr,

   161.00 deg.: X-S =       0.001866 mb/sr,

   161.50 deg.: X-S =       0.001921 mb/sr,

   162.00 deg.: X-S =       0.001977 mb/sr,

   162.50 deg.: X-S =       0.002035 mb/sr,

   163.00 deg.: X-S =       0.002095 mb/sr,

   163.50 deg.: X-S =       0.002156 mb/sr,

   164.00 deg.: X-S =       0.002218 mb/sr,

   164.50 deg.: X-S =       0.002282 mb/sr,

   165.00 deg.: X-S =       0.002345 mb/sr,

   165.50 deg.: X-S =       0.002410 mb/sr,

   166.00 deg.: X-S =       0.002475 mb/sr,

   166.50 deg.: X-S =       0.002540 mb/sr,

   167.00 deg.: X-S =       0.002605 mb/sr,

   167.50 deg.: X-S =       0.002670 mb/sr,

   168.00 deg.: X-S =       0.002734 mb/sr,

   168.50 deg.: X-S =       0.002798 mb/sr,

   169.00 deg.: X-S =       0.002861 mb/sr,

   169.50 deg.: X-S =       0.002923 mb/sr,

   170.00 deg.: X-S =       0.002984 mb/sr,

   170.50 deg.: X-S =       0.003043 mb/sr,

   171.00 deg.: X-S =       0.003101 mb/sr,

   171.50 deg.: X-S =       0.003158 mb/sr,

   172.00 deg.: X-S =       0.003212 mb/sr,

   172.50 deg.: X-S =       0.003265 mb/sr,

   173.00 deg.: X-S =       0.003315 mb/sr,

   173.50 deg.: X-S =       0.003362 mb/sr,

   174.00 deg.: X-S =       0.003407 mb/sr,

   174.50 deg.: X-S =       0.003449 mb/sr,

   175.00 deg.: X-S =       0.003487 mb/sr,

   175.50 deg.: X-S =       0.003523 mb/sr,

   176.00 deg.: X-S =       0.003555 mb/sr,

   176.50 deg.: X-S =       0.003584 mb/sr,

   177.00 deg.: X-S =       0.003609 mb/sr,

   177.50 deg.: X-S =       0.003630 mb/sr,

   178.00 deg.: X-S =       0.003648 mb/sr,

   178.50 deg.: X-S =       0.003662 mb/sr,

   179.00 deg.: X-S =       0.003672 mb/sr,

   179.50 deg.: X-S =       0.003677 mb/sr,

   180.00 deg.: X-S =       0.003679 mb/sr,

                                           Integrated  2.0910E-01 mb, over [   0.000, 180.000] at    32.0000 MeV 

 CROSS SECTIONS FOR OUTGOING 2H       & 13C_L4   in state #   1 with spins & parities 1.0  + &  2.5  -;  0

     0.00 deg.: X-S =       0.257936 mb/sr,
+                                         REAC   2.6619E-01 mb

     0.50 deg.: X-S =       0.257853 mb/sr,

     1.00 deg.: X-S =       0.257605 mb/sr,

     1.50 deg.: X-S =       0.257193 mb/sr,

     2.00 deg.: X-S =       0.256621 mb/sr,

     2.50 deg.: X-S =       0.255892 mb/sr,

     3.00 deg.: X-S =       0.255010 mb/sr,

     3.50 deg.: X-S =       0.253981 mb/sr,

     4.00 deg.: X-S =       0.252808 mb/sr,

     4.50 deg.: X-S =       0.251495 mb/sr,

     5.00 deg.: X-S =       0.250045 mb/sr,

     5.50 deg.: X-S =       0.248460 mb/sr,

     6.00 deg.: X-S =       0.246741 mb/sr,

     6.50 deg.: X-S =       0.244890 mb/sr,

     7.00 deg.: X-S =       0.242905 mb/sr,

     7.50 deg.: X-S =       0.240786 mb/sr,

     8.00 deg.: X-S =       0.238533 mb/sr,

     8.50 deg.: X-S =       0.236144 mb/sr,

     9.00 deg.: X-S =       0.233620 mb/sr,

     9.50 deg.: X-S =       0.230962 mb/sr,

    10.00 deg.: X-S =       0.228172 mb/sr,

    10.50 deg.: X-S =       0.225251 mb/sr,

    11.00 deg.: X-S =       0.222206 mb/sr,

    11.50 deg.: X-S =       0.219039 mb/sr,

    12.00 deg.: X-S =       0.215758 mb/sr,

    12.50 deg.: X-S =       0.212368 mb/sr,

    13.00 deg.: X-S =       0.208877 mb/sr,

    13.50 deg.: X-S =       0.205292 mb/sr,

    14.00 deg.: X-S =       0.201618 mb/sr,

    14.50 deg.: X-S =       0.197864 mb/sr,

    15.00 deg.: X-S =       0.194035 mb/sr,

    15.50 deg.: X-S =       0.190136 mb/sr,

    16.00 deg.: X-S =       0.186173 mb/sr,

    16.50 deg.: X-S =       0.182151 mb/sr,

    17.00 deg.: X-S =       0.178074 mb/sr,

    17.50 deg.: X-S =       0.173946 mb/sr,

    18.00 deg.: X-S =       0.169774 mb/sr,

    18.50 deg.: X-S =       0.165560 mb/sr,

    19.00 deg.: X-S =       0.161312 mb/sr,

    19.50 deg.: X-S =       0.157035 mb/sr,

    20.00 deg.: X-S =       0.152737 mb/sr,

    20.50 deg.: X-S =       0.148423 mb/sr,

    21.00 deg.: X-S =       0.144102 mb/sr,

    21.50 deg.: X-S =       0.139783 mb/sr,

    22.00 deg.: X-S =       0.135474 mb/sr,

    22.50 deg.: X-S =       0.131182 mb/sr,

    23.00 deg.: X-S =       0.126916 mb/sr,

    23.50 deg.: X-S =       0.122684 mb/sr,

    24.00 deg.: X-S =       0.118492 mb/sr,

    24.50 deg.: X-S =       0.114348 mb/sr,

    25.00 deg.: X-S =       0.110257 mb/sr,

    25.50 deg.: X-S =       0.106225 mb/sr,

    26.00 deg.: X-S =       0.102255 mb/sr,

    26.50 deg.: X-S =       0.098352 mb/sr,

    27.00 deg.: X-S =       0.094521 mb/sr,

    27.50 deg.: X-S =       0.090764 mb/sr,

    28.00 deg.: X-S =       0.087085 mb/sr,

    28.50 deg.: X-S =       0.083488 mb/sr,

    29.00 deg.: X-S =       0.079976 mb/sr,

    29.50 deg.: X-S =       0.076553 mb/sr,

    30.00 deg.: X-S =       0.073222 mb/sr,

    30.50 deg.: X-S =       0.069987 mb/sr,

    31.00 deg.: X-S =       0.066852 mb/sr,

    31.50 deg.: X-S =       0.063820 mb/sr,

    32.00 deg.: X-S =       0.060893 mb/sr,

    32.50 deg.: X-S =       0.058076 mb/sr,

    33.00 deg.: X-S =       0.055368 mb/sr,

    33.50 deg.: X-S =       0.052773 mb/sr,

    34.00 deg.: X-S =       0.050290 mb/sr,

    34.50 deg.: X-S =       0.047921 mb/sr,

    35.00 deg.: X-S =       0.045664 mb/sr,

    35.50 deg.: X-S =       0.043519 mb/sr,

    36.00 deg.: X-S =       0.041484 mb/sr,

    36.50 deg.: X-S =       0.039557 mb/sr,

    37.00 deg.: X-S =       0.037737 mb/sr,

    37.50 deg.: X-S =       0.036022 mb/sr,

    38.00 deg.: X-S =       0.034409 mb/sr,

    38.50 deg.: X-S =       0.032896 mb/sr,

    39.00 deg.: X-S =       0.031481 mb/sr,

    39.50 deg.: X-S =       0.030162 mb/sr,

    40.00 deg.: X-S =       0.028936 mb/sr,

    40.50 deg.: X-S =       0.027801 mb/sr,

    41.00 deg.: X-S =       0.026754 mb/sr,

    41.50 deg.: X-S =       0.025793 mb/sr,

    42.00 deg.: X-S =       0.024914 mb/sr,

    42.50 deg.: X-S =       0.024116 mb/sr,

    43.00 deg.: X-S =       0.023393 mb/sr,

    43.50 deg.: X-S =       0.022743 mb/sr,

    44.00 deg.: X-S =       0.022161 mb/sr,

    44.50 deg.: X-S =       0.021643 mb/sr,

    45.00 deg.: X-S =       0.021184 mb/sr,

    45.50 deg.: X-S =       0.020780 mb/sr,

    46.00 deg.: X-S =       0.020427 mb/sr,

    46.50 deg.: X-S =       0.020119 mb/sr,

    47.00 deg.: X-S =       0.019852 mb/sr,

    47.50 deg.: X-S =       0.019623 mb/sr,

    48.00 deg.: X-S =       0.019426 mb/sr,

    48.50 deg.: X-S =       0.019258 mb/sr,

    49.00 deg.: X-S =       0.019116 mb/sr,

    49.50 deg.: X-S =       0.018996 mb/sr,

    50.00 deg.: X-S =       0.018896 mb/sr,

    50.50 deg.: X-S =       0.018811 mb/sr,

    51.00 deg.: X-S =       0.018741 mb/sr,

    51.50 deg.: X-S =       0.018682 mb/sr,

    52.00 deg.: X-S =       0.018631 mb/sr,

    52.50 deg.: X-S =       0.018588 mb/sr,

    53.00 deg.: X-S =       0.018548 mb/sr,

    53.50 deg.: X-S =       0.018512 mb/sr,

    54.00 deg.: X-S =       0.018476 mb/sr,

    54.50 deg.: X-S =       0.018439 mb/sr,

    55.00 deg.: X-S =       0.018399 mb/sr,

    55.50 deg.: X-S =       0.018355 mb/sr,

    56.00 deg.: X-S =       0.018306 mb/sr,

    56.50 deg.: X-S =       0.018250 mb/sr,

    57.00 deg.: X-S =       0.018187 mb/sr,

    57.50 deg.: X-S =       0.018115 mb/sr,

    58.00 deg.: X-S =       0.018036 mb/sr,

    58.50 deg.: X-S =       0.017948 mb/sr,

    59.00 deg.: X-S =       0.017851 mb/sr,

    59.50 deg.: X-S =       0.017747 mb/sr,

    60.00 deg.: X-S =       0.017634 mb/sr,

    60.50 deg.: X-S =       0.017514 mb/sr,

    61.00 deg.: X-S =       0.017387 mb/sr,

    61.50 deg.: X-S =       0.017254 mb/sr,

    62.00 deg.: X-S =       0.017115 mb/sr,

    62.50 deg.: X-S =       0.016972 mb/sr,

    63.00 deg.: X-S =       0.016824 mb/sr,

    63.50 deg.: X-S =       0.016673 mb/sr,

    64.00 deg.: X-S =       0.016519 mb/sr,

    64.50 deg.: X-S =       0.016363 mb/sr,

    65.00 deg.: X-S =       0.016206 mb/sr,

    65.50 deg.: X-S =       0.016048 mb/sr,

    66.00 deg.: X-S =       0.015889 mb/sr,

    66.50 deg.: X-S =       0.015730 mb/sr,

    67.00 deg.: X-S =       0.015572 mb/sr,

    67.50 deg.: X-S =       0.015415 mb/sr,

    68.00 deg.: X-S =       0.015258 mb/sr,

    68.50 deg.: X-S =       0.015103 mb/sr,

    69.00 deg.: X-S =       0.014949 mb/sr,

    69.50 deg.: X-S =       0.014797 mb/sr,

    70.00 deg.: X-S =       0.014647 mb/sr,

    70.50 deg.: X-S =       0.014499 mb/sr,

    71.00 deg.: X-S =       0.014353 mb/sr,

    71.50 deg.: X-S =       0.014209 mb/sr,

    72.00 deg.: X-S =       0.014068 mb/sr,

    72.50 deg.: X-S =       0.013929 mb/sr,

    73.00 deg.: X-S =       0.013793 mb/sr,

    73.50 deg.: X-S =       0.013659 mb/sr,

    74.00 deg.: X-S =       0.013528 mb/sr,

    74.50 deg.: X-S =       0.013399 mb/sr,

    75.00 deg.: X-S =       0.013273 mb/sr,

    75.50 deg.: X-S =       0.013149 mb/sr,

    76.00 deg.: X-S =       0.013027 mb/sr,

    76.50 deg.: X-S =       0.012907 mb/sr,

    77.00 deg.: X-S =       0.012787 mb/sr,

    77.50 deg.: X-S =       0.012669 mb/sr,

    78.00 deg.: X-S =       0.012550 mb/sr,

    78.50 deg.: X-S =       0.012432 mb/sr,

    79.00 deg.: X-S =       0.012312 mb/sr,

    79.50 deg.: X-S =       0.012191 mb/sr,

    80.00 deg.: X-S =       0.012068 mb/sr,

    80.50 deg.: X-S =       0.011943 mb/sr,

    81.00 deg.: X-S =       0.011816 mb/sr,

    81.50 deg.: X-S =       0.011686 mb/sr,

    82.00 deg.: X-S =       0.011552 mb/sr,

    82.50 deg.: X-S =       0.011416 mb/sr,

    83.00 deg.: X-S =       0.011277 mb/sr,

    83.50 deg.: X-S =       0.011136 mb/sr,

    84.00 deg.: X-S =       0.010991 mb/sr,

    84.50 deg.: X-S =       0.010844 mb/sr,

    85.00 deg.: X-S =       0.010695 mb/sr,

    85.50 deg.: X-S =       0.010544 mb/sr,

    86.00 deg.: X-S =       0.010390 mb/sr,

    86.50 deg.: X-S =       0.010235 mb/sr,

    87.00 deg.: X-S =       0.010077 mb/sr,

    87.50 deg.: X-S =       0.009917 mb/sr,

    88.00 deg.: X-S =       0.009756 mb/sr,

    88.50 deg.: X-S =       0.009592 mb/sr,

    89.00 deg.: X-S =       0.009426 mb/sr,

    89.50 deg.: X-S =       0.009257 mb/sr,

    90.00 deg.: X-S =       0.009087 mb/sr,

    90.50 deg.: X-S =       0.008914 mb/sr,

    91.00 deg.: X-S =       0.008739 mb/sr,

    91.50 deg.: X-S =       0.008563 mb/sr,

    92.00 deg.: X-S =       0.008385 mb/sr,

    92.50 deg.: X-S =       0.008206 mb/sr,

    93.00 deg.: X-S =       0.008027 mb/sr,

    93.50 deg.: X-S =       0.007848 mb/sr,

    94.00 deg.: X-S =       0.007670 mb/sr,

    94.50 deg.: X-S =       0.007493 mb/sr,

    95.00 deg.: X-S =       0.007317 mb/sr,

    95.50 deg.: X-S =       0.007144 mb/sr,

    96.00 deg.: X-S =       0.006973 mb/sr,

    96.50 deg.: X-S =       0.006805 mb/sr,

    97.00 deg.: X-S =       0.006640 mb/sr,

    97.50 deg.: X-S =       0.006479 mb/sr,

    98.00 deg.: X-S =       0.006321 mb/sr,

    98.50 deg.: X-S =       0.006167 mb/sr,

    99.00 deg.: X-S =       0.006016 mb/sr,

    99.50 deg.: X-S =       0.005868 mb/sr,

   100.00 deg.: X-S =       0.005725 mb/sr,

   100.50 deg.: X-S =       0.005584 mb/sr,

   101.00 deg.: X-S =       0.005448 mb/sr,

   101.50 deg.: X-S =       0.005315 mb/sr,

   102.00 deg.: X-S =       0.005186 mb/sr,

   102.50 deg.: X-S =       0.005060 mb/sr,

   103.00 deg.: X-S =       0.004939 mb/sr,

   103.50 deg.: X-S =       0.004822 mb/sr,

   104.00 deg.: X-S =       0.004709 mb/sr,

   104.50 deg.: X-S =       0.004601 mb/sr,

   105.00 deg.: X-S =       0.004498 mb/sr,

   105.50 deg.: X-S =       0.004399 mb/sr,

   106.00 deg.: X-S =       0.004305 mb/sr,

   106.50 deg.: X-S =       0.004217 mb/sr,

   107.00 deg.: X-S =       0.004133 mb/sr,

   107.50 deg.: X-S =       0.004054 mb/sr,

   108.00 deg.: X-S =       0.003980 mb/sr,

   108.50 deg.: X-S =       0.003910 mb/sr,

   109.00 deg.: X-S =       0.003845 mb/sr,

   109.50 deg.: X-S =       0.003784 mb/sr,

   110.00 deg.: X-S =       0.003726 mb/sr,

   110.50 deg.: X-S =       0.003673 mb/sr,

   111.00 deg.: X-S =       0.003622 mb/sr,

   111.50 deg.: X-S =       0.003575 mb/sr,

   112.00 deg.: X-S =       0.003532 mb/sr,

   112.50 deg.: X-S =       0.003491 mb/sr,

   113.00 deg.: X-S =       0.003452 mb/sr,

   113.50 deg.: X-S =       0.003417 mb/sr,

   114.00 deg.: X-S =       0.003384 mb/sr,

   114.50 deg.: X-S =       0.003354 mb/sr,

   115.00 deg.: X-S =       0.003326 mb/sr,

   115.50 deg.: X-S =       0.003302 mb/sr,

   116.00 deg.: X-S =       0.003280 mb/sr,

   116.50 deg.: X-S =       0.003260 mb/sr,

   117.00 deg.: X-S =       0.003244 mb/sr,

   117.50 deg.: X-S =       0.003230 mb/sr,

   118.00 deg.: X-S =       0.003219 mb/sr,

   118.50 deg.: X-S =       0.003210 mb/sr,

   119.00 deg.: X-S =       0.003205 mb/sr,

   119.50 deg.: X-S =       0.003201 mb/sr,

   120.00 deg.: X-S =       0.003201 mb/sr,

   120.50 deg.: X-S =       0.003203 mb/sr,

   121.00 deg.: X-S =       0.003207 mb/sr,

   121.50 deg.: X-S =       0.003214 mb/sr,

   122.00 deg.: X-S =       0.003222 mb/sr,

   122.50 deg.: X-S =       0.003233 mb/sr,

   123.00 deg.: X-S =       0.003247 mb/sr,

   123.50 deg.: X-S =       0.003262 mb/sr,

   124.00 deg.: X-S =       0.003280 mb/sr,

   124.50 deg.: X-S =       0.003300 mb/sr,

   125.00 deg.: X-S =       0.003322 mb/sr,

   125.50 deg.: X-S =       0.003346 mb/sr,

   126.00 deg.: X-S =       0.003373 mb/sr,

   126.50 deg.: X-S =       0.003403 mb/sr,

   127.00 deg.: X-S =       0.003435 mb/sr,

   127.50 deg.: X-S =       0.003470 mb/sr,

   128.00 deg.: X-S =       0.003508 mb/sr,

   128.50 deg.: X-S =       0.003549 mb/sr,

   129.00 deg.: X-S =       0.003593 mb/sr,

   129.50 deg.: X-S =       0.003640 mb/sr,

   130.00 deg.: X-S =       0.003690 mb/sr,

   130.50 deg.: X-S =       0.003743 mb/sr,

   131.00 deg.: X-S =       0.003798 mb/sr,

   131.50 deg.: X-S =       0.003856 mb/sr,

   132.00 deg.: X-S =       0.003917 mb/sr,

   132.50 deg.: X-S =       0.003980 mb/sr,

   133.00 deg.: X-S =       0.004046 mb/sr,

   133.50 deg.: X-S =       0.004114 mb/sr,

   134.00 deg.: X-S =       0.004184 mb/sr,

   134.50 deg.: X-S =       0.004256 mb/sr,

   135.00 deg.: X-S =       0.004330 mb/sr,

   135.50 deg.: X-S =       0.004406 mb/sr,

   136.00 deg.: X-S =       0.004484 mb/sr,

   136.50 deg.: X-S =       0.004563 mb/sr,

   137.00 deg.: X-S =       0.004645 mb/sr,

   137.50 deg.: X-S =       0.004728 mb/sr,

   138.00 deg.: X-S =       0.004813 mb/sr,

   138.50 deg.: X-S =       0.004900 mb/sr,

   139.00 deg.: X-S =       0.004989 mb/sr,

   139.50 deg.: X-S =       0.005079 mb/sr,

   140.00 deg.: X-S =       0.005170 mb/sr,

   140.50 deg.: X-S =       0.005263 mb/sr,

   141.00 deg.: X-S =       0.005358 mb/sr,

   141.50 deg.: X-S =       0.005454 mb/sr,

   142.00 deg.: X-S =       0.005551 mb/sr,

   142.50 deg.: X-S =       0.005649 mb/sr,

   143.00 deg.: X-S =       0.005748 mb/sr,

   143.50 deg.: X-S =       0.005848 mb/sr,

   144.00 deg.: X-S =       0.005949 mb/sr,

   144.50 deg.: X-S =       0.006051 mb/sr,

   145.00 deg.: X-S =       0.006154 mb/sr,

   145.50 deg.: X-S =       0.006258 mb/sr,

   146.00 deg.: X-S =       0.006362 mb/sr,

   146.50 deg.: X-S =       0.006467 mb/sr,

   147.00 deg.: X-S =       0.006573 mb/sr,

   147.50 deg.: X-S =       0.006680 mb/sr,

   148.00 deg.: X-S =       0.006788 mb/sr,

   148.50 deg.: X-S =       0.006896 mb/sr,

   149.00 deg.: X-S =       0.007006 mb/sr,

   149.50 deg.: X-S =       0.007116 mb/sr,

   150.00 deg.: X-S =       0.007228 mb/sr,

   150.50 deg.: X-S =       0.007341 mb/sr,

   151.00 deg.: X-S =       0.007456 mb/sr,

   151.50 deg.: X-S =       0.007572 mb/sr,

   152.00 deg.: X-S =       0.007690 mb/sr,

   152.50 deg.: X-S =       0.007809 mb/sr,

   153.00 deg.: X-S =       0.007930 mb/sr,

   153.50 deg.: X-S =       0.008054 mb/sr,

   154.00 deg.: X-S =       0.008179 mb/sr,

   154.50 deg.: X-S =       0.008306 mb/sr,

   155.00 deg.: X-S =       0.008435 mb/sr,

   155.50 deg.: X-S =       0.008567 mb/sr,

   156.00 deg.: X-S =       0.008700 mb/sr,

   156.50 deg.: X-S =       0.008835 mb/sr,

   157.00 deg.: X-S =       0.008971 mb/sr,

   157.50 deg.: X-S =       0.009110 mb/sr,

   158.00 deg.: X-S =       0.009249 mb/sr,

   158.50 deg.: X-S =       0.009390 mb/sr,

   159.00 deg.: X-S =       0.009532 mb/sr,

   159.50 deg.: X-S =       0.009676 mb/sr,

   160.00 deg.: X-S =       0.009820 mb/sr,

   160.50 deg.: X-S =       0.009966 mb/sr,

   161.00 deg.: X-S =       0.010112 mb/sr,

   161.50 deg.: X-S =       0.010260 mb/sr,

   162.00 deg.: X-S =       0.010410 mb/sr,

   162.50 deg.: X-S =       0.010560 mb/sr,

   163.00 deg.: X-S =       0.010712 mb/sr,

   163.50 deg.: X-S =       0.010865 mb/sr,

   164.00 deg.: X-S =       0.011020 mb/sr,

   164.50 deg.: X-S =       0.011174 mb/sr,

   165.00 deg.: X-S =       0.011330 mb/sr,

   165.50 deg.: X-S =       0.011485 mb/sr,

   166.00 deg.: X-S =       0.011640 mb/sr,

   166.50 deg.: X-S =       0.011793 mb/sr,

   167.00 deg.: X-S =       0.011945 mb/sr,

   167.50 deg.: X-S =       0.012095 mb/sr,

   168.00 deg.: X-S =       0.012242 mb/sr,

   168.50 deg.: X-S =       0.012385 mb/sr,

   169.00 deg.: X-S =       0.012524 mb/sr,

   169.50 deg.: X-S =       0.012659 mb/sr,

   170.00 deg.: X-S =       0.012790 mb/sr,

   170.50 deg.: X-S =       0.012915 mb/sr,

   171.00 deg.: X-S =       0.013036 mb/sr,

   171.50 deg.: X-S =       0.013152 mb/sr,

   172.00 deg.: X-S =       0.013264 mb/sr,

   172.50 deg.: X-S =       0.013371 mb/sr,

   173.00 deg.: X-S =       0.013473 mb/sr,

   173.50 deg.: X-S =       0.013571 mb/sr,

   174.00 deg.: X-S =       0.013665 mb/sr,

   174.50 deg.: X-S =       0.013754 mb/sr,

   175.00 deg.: X-S =       0.013838 mb/sr,

   175.50 deg.: X-S =       0.013918 mb/sr,

   176.00 deg.: X-S =       0.013991 mb/sr,

   176.50 deg.: X-S =       0.014058 mb/sr,

   177.00 deg.: X-S =       0.014119 mb/sr,

   177.50 deg.: X-S =       0.014172 mb/sr,

   178.00 deg.: X-S =       0.014216 mb/sr,

   178.50 deg.: X-S =       0.014251 mb/sr,

   179.00 deg.: X-S =       0.014277 mb/sr,

   179.50 deg.: X-S =       0.014293 mb/sr,

   180.00 deg.: X-S =       0.014298 mb/sr,

                                           Integrated  2.6618E-01 mb, over [   0.000, 180.000] at    32.0000 MeV 

 CROSS SECTIONS FOR OUTGOING 2H       & 13C_m10  in state #   1 with spins & parities 1.0  + &  2.5  -;  0

     0.00 deg.: X-S =       0.706399 mb/sr,
+                                         REAC   4.7508E-01 mb

     0.50 deg.: X-S =       0.705950 mb/sr,

     1.00 deg.: X-S =       0.704607 mb/sr,

     1.50 deg.: X-S =       0.702376 mb/sr,

     2.00 deg.: X-S =       0.699267 mb/sr,

     2.50 deg.: X-S =       0.695296 mb/sr,

     3.00 deg.: X-S =       0.690481 mb/sr,

     3.50 deg.: X-S =       0.684844 mb/sr,

     4.00 deg.: X-S =       0.678408 mb/sr,

     4.50 deg.: X-S =       0.671200 mb/sr,

     5.00 deg.: X-S =       0.663247 mb/sr,

     5.50 deg.: X-S =       0.654578 mb/sr,

     6.00 deg.: X-S =       0.645225 mb/sr,

     6.50 deg.: X-S =       0.635218 mb/sr,

     7.00 deg.: X-S =       0.624590 mb/sr,

     7.50 deg.: X-S =       0.613377 mb/sr,

     8.00 deg.: X-S =       0.601614 mb/sr,

     8.50 deg.: X-S =       0.589339 mb/sr,

     9.00 deg.: X-S =       0.576591 mb/sr,

     9.50 deg.: X-S =       0.563413 mb/sr,

    10.00 deg.: X-S =       0.549847 mb/sr,

    10.50 deg.: X-S =       0.535940 mb/sr,

    11.00 deg.: X-S =       0.521737 mb/sr,

    11.50 deg.: X-S =       0.507289 mb/sr,

    12.00 deg.: X-S =       0.492643 mb/sr,

    12.50 deg.: X-S =       0.477849 mb/sr,

    13.00 deg.: X-S =       0.462955 mb/sr,

    13.50 deg.: X-S =       0.448011 mb/sr,

    14.00 deg.: X-S =       0.433062 mb/sr,

    14.50 deg.: X-S =       0.418154 mb/sr,

    15.00 deg.: X-S =       0.403328 mb/sr,

    15.50 deg.: X-S =       0.388625 mb/sr,

    16.00 deg.: X-S =       0.374081 mb/sr,

    16.50 deg.: X-S =       0.359731 mb/sr,

    17.00 deg.: X-S =       0.345606 mb/sr,

    17.50 deg.: X-S =       0.331736 mb/sr,

    18.00 deg.: X-S =       0.318146 mb/sr,

    18.50 deg.: X-S =       0.304861 mb/sr,

    19.00 deg.: X-S =       0.291903 mb/sr,

    19.50 deg.: X-S =       0.279293 mb/sr,

    20.00 deg.: X-S =       0.267048 mb/sr,

    20.50 deg.: X-S =       0.255185 mb/sr,

    21.00 deg.: X-S =       0.243719 mb/sr,

    21.50 deg.: X-S =       0.232662 mb/sr,

    22.00 deg.: X-S =       0.222024 mb/sr,

    22.50 deg.: X-S =       0.211815 mb/sr,

    23.00 deg.: X-S =       0.202041 mb/sr,

    23.50 deg.: X-S =       0.192704 mb/sr,

    24.00 deg.: X-S =       0.183806 mb/sr,

    24.50 deg.: X-S =       0.175346 mb/sr,

    25.00 deg.: X-S =       0.167320 mb/sr,

    25.50 deg.: X-S =       0.159722 mb/sr,

    26.00 deg.: X-S =       0.152544 mb/sr,

    26.50 deg.: X-S =       0.145775 mb/sr,

    27.00 deg.: X-S =       0.139405 mb/sr,

    27.50 deg.: X-S =       0.133419 mb/sr,

    28.00 deg.: X-S =       0.127804 mb/sr,

    28.50 deg.: X-S =       0.122545 mb/sr,

    29.00 deg.: X-S =       0.117627 mb/sr,

    29.50 deg.: X-S =       0.113032 mb/sr,

    30.00 deg.: X-S =       0.108746 mb/sr,

    30.50 deg.: X-S =       0.104750 mb/sr,

    31.00 deg.: X-S =       0.101030 mb/sr,

    31.50 deg.: X-S =       0.097567 mb/sr,

    32.00 deg.: X-S =       0.094346 mb/sr,

    32.50 deg.: X-S =       0.091348 mb/sr,

    33.00 deg.: X-S =       0.088557 mb/sr,

    33.50 deg.: X-S =       0.085956 mb/sr,

    34.00 deg.: X-S =       0.083527 mb/sr,

    34.50 deg.: X-S =       0.081255 mb/sr,

    35.00 deg.: X-S =       0.079123 mb/sr,

    35.50 deg.: X-S =       0.077115 mb/sr,

    36.00 deg.: X-S =       0.075216 mb/sr,

    36.50 deg.: X-S =       0.073412 mb/sr,

    37.00 deg.: X-S =       0.071690 mb/sr,

    37.50 deg.: X-S =       0.070039 mb/sr,

    38.00 deg.: X-S =       0.068448 mb/sr,

    38.50 deg.: X-S =       0.066908 mb/sr,

    39.00 deg.: X-S =       0.065412 mb/sr,

    39.50 deg.: X-S =       0.063955 mb/sr,

    40.00 deg.: X-S =       0.062531 mb/sr,

    40.50 deg.: X-S =       0.061138 mb/sr,

    41.00 deg.: X-S =       0.059773 mb/sr,

    41.50 deg.: X-S =       0.058435 mb/sr,

    42.00 deg.: X-S =       0.057124 mb/sr,

    42.50 deg.: X-S =       0.055841 mb/sr,

    43.00 deg.: X-S =       0.054584 mb/sr,

    43.50 deg.: X-S =       0.053357 mb/sr,

    44.00 deg.: X-S =       0.052159 mb/sr,

    44.50 deg.: X-S =       0.050992 mb/sr,

    45.00 deg.: X-S =       0.049857 mb/sr,

    45.50 deg.: X-S =       0.048755 mb/sr,

    46.00 deg.: X-S =       0.047688 mb/sr,

    46.50 deg.: X-S =       0.046656 mb/sr,

    47.00 deg.: X-S =       0.045661 mb/sr,

    47.50 deg.: X-S =       0.044703 mb/sr,

    48.00 deg.: X-S =       0.043783 mb/sr,

    48.50 deg.: X-S =       0.042902 mb/sr,

    49.00 deg.: X-S =       0.042060 mb/sr,

    49.50 deg.: X-S =       0.041258 mb/sr,

    50.00 deg.: X-S =       0.040495 mb/sr,

    50.50 deg.: X-S =       0.039772 mb/sr,

    51.00 deg.: X-S =       0.039088 mb/sr,

    51.50 deg.: X-S =       0.038443 mb/sr,

    52.00 deg.: X-S =       0.037834 mb/sr,

    52.50 deg.: X-S =       0.037260 mb/sr,

    53.00 deg.: X-S =       0.036720 mb/sr,

    53.50 deg.: X-S =       0.036211 mb/sr,

    54.00 deg.: X-S =       0.035731 mb/sr,

    54.50 deg.: X-S =       0.035276 mb/sr,

    55.00 deg.: X-S =       0.034843 mb/sr,

    55.50 deg.: X-S =       0.034430 mb/sr,

    56.00 deg.: X-S =       0.034033 mb/sr,

    56.50 deg.: X-S =       0.033650 mb/sr,

    57.00 deg.: X-S =       0.033276 mb/sr,

    57.50 deg.: X-S =       0.032910 mb/sr,

    58.00 deg.: X-S =       0.032549 mb/sr,

    58.50 deg.: X-S =       0.032190 mb/sr,

    59.00 deg.: X-S =       0.031832 mb/sr,

    59.50 deg.: X-S =       0.031473 mb/sr,

    60.00 deg.: X-S =       0.031112 mb/sr,

    60.50 deg.: X-S =       0.030746 mb/sr,

    61.00 deg.: X-S =       0.030377 mb/sr,

    61.50 deg.: X-S =       0.030002 mb/sr,

    62.00 deg.: X-S =       0.029622 mb/sr,

    62.50 deg.: X-S =       0.029237 mb/sr,

    63.00 deg.: X-S =       0.028846 mb/sr,

    63.50 deg.: X-S =       0.028450 mb/sr,

    64.00 deg.: X-S =       0.028048 mb/sr,

    64.50 deg.: X-S =       0.027642 mb/sr,

    65.00 deg.: X-S =       0.027232 mb/sr,

    65.50 deg.: X-S =       0.026817 mb/sr,

    66.00 deg.: X-S =       0.026400 mb/sr,

    66.50 deg.: X-S =       0.025979 mb/sr,

    67.00 deg.: X-S =       0.025557 mb/sr,

    67.50 deg.: X-S =       0.025133 mb/sr,

    68.00 deg.: X-S =       0.024708 mb/sr,

    68.50 deg.: X-S =       0.024284 mb/sr,

    69.00 deg.: X-S =       0.023861 mb/sr,

    69.50 deg.: X-S =       0.023439 mb/sr,

    70.00 deg.: X-S =       0.023020 mb/sr,

    70.50 deg.: X-S =       0.022605 mb/sr,

    71.00 deg.: X-S =       0.022194 mb/sr,

    71.50 deg.: X-S =       0.021788 mb/sr,

    72.00 deg.: X-S =       0.021388 mb/sr,

    72.50 deg.: X-S =       0.020995 mb/sr,

    73.00 deg.: X-S =       0.020610 mb/sr,

    73.50 deg.: X-S =       0.020233 mb/sr,

    74.00 deg.: X-S =       0.019864 mb/sr,

    74.50 deg.: X-S =       0.019505 mb/sr,

    75.00 deg.: X-S =       0.019155 mb/sr,

    75.50 deg.: X-S =       0.018814 mb/sr,

    76.00 deg.: X-S =       0.018482 mb/sr,

    76.50 deg.: X-S =       0.018160 mb/sr,

    77.00 deg.: X-S =       0.017846 mb/sr,

    77.50 deg.: X-S =       0.017541 mb/sr,

    78.00 deg.: X-S =       0.017244 mb/sr,

    78.50 deg.: X-S =       0.016954 mb/sr,

    79.00 deg.: X-S =       0.016670 mb/sr,

    79.50 deg.: X-S =       0.016393 mb/sr,

    80.00 deg.: X-S =       0.016121 mb/sr,

    80.50 deg.: X-S =       0.015854 mb/sr,

    81.00 deg.: X-S =       0.015591 mb/sr,

    81.50 deg.: X-S =       0.015333 mb/sr,

    82.00 deg.: X-S =       0.015078 mb/sr,

    82.50 deg.: X-S =       0.014827 mb/sr,

    83.00 deg.: X-S =       0.014579 mb/sr,

    83.50 deg.: X-S =       0.014334 mb/sr,

    84.00 deg.: X-S =       0.014092 mb/sr,

    84.50 deg.: X-S =       0.013853 mb/sr,

    85.00 deg.: X-S =       0.013616 mb/sr,

    85.50 deg.: X-S =       0.013382 mb/sr,

    86.00 deg.: X-S =       0.013151 mb/sr,

    86.50 deg.: X-S =       0.012922 mb/sr,

    87.00 deg.: X-S =       0.012694 mb/sr,

    87.50 deg.: X-S =       0.012468 mb/sr,

    88.00 deg.: X-S =       0.012244 mb/sr,

    88.50 deg.: X-S =       0.012020 mb/sr,

    89.00 deg.: X-S =       0.011797 mb/sr,

    89.50 deg.: X-S =       0.011574 mb/sr,

    90.00 deg.: X-S =       0.011351 mb/sr,

    90.50 deg.: X-S =       0.011129 mb/sr,

    91.00 deg.: X-S =       0.010907 mb/sr,

    91.50 deg.: X-S =       0.010685 mb/sr,

    92.00 deg.: X-S =       0.010463 mb/sr,

    92.50 deg.: X-S =       0.010243 mb/sr,

    93.00 deg.: X-S =       0.010024 mb/sr,

    93.50 deg.: X-S =       0.009806 mb/sr,

    94.00 deg.: X-S =       0.009591 mb/sr,

    94.50 deg.: X-S =       0.009379 mb/sr,

    95.00 deg.: X-S =       0.009170 mb/sr,

    95.50 deg.: X-S =       0.008965 mb/sr,

    96.00 deg.: X-S =       0.008764 mb/sr,

    96.50 deg.: X-S =       0.008567 mb/sr,

    97.00 deg.: X-S =       0.008375 mb/sr,

    97.50 deg.: X-S =       0.008187 mb/sr,

    98.00 deg.: X-S =       0.008004 mb/sr,

    98.50 deg.: X-S =       0.007826 mb/sr,

    99.00 deg.: X-S =       0.007653 mb/sr,

    99.50 deg.: X-S =       0.007485 mb/sr,

   100.00 deg.: X-S =       0.007321 mb/sr,

   100.50 deg.: X-S =       0.007162 mb/sr,

   101.00 deg.: X-S =       0.007008 mb/sr,

   101.50 deg.: X-S =       0.006859 mb/sr,

   102.00 deg.: X-S =       0.006714 mb/sr,

   102.50 deg.: X-S =       0.006574 mb/sr,

   103.00 deg.: X-S =       0.006440 mb/sr,

   103.50 deg.: X-S =       0.006310 mb/sr,

   104.00 deg.: X-S =       0.006186 mb/sr,

   104.50 deg.: X-S =       0.006068 mb/sr,

   105.00 deg.: X-S =       0.005955 mb/sr,

   105.50 deg.: X-S =       0.005848 mb/sr,

   106.00 deg.: X-S =       0.005746 mb/sr,

   106.50 deg.: X-S =       0.005650 mb/sr,

   107.00 deg.: X-S =       0.005560 mb/sr,

   107.50 deg.: X-S =       0.005476 mb/sr,

   108.00 deg.: X-S =       0.005396 mb/sr,

   108.50 deg.: X-S =       0.005322 mb/sr,

   109.00 deg.: X-S =       0.005253 mb/sr,

   109.50 deg.: X-S =       0.005187 mb/sr,

   110.00 deg.: X-S =       0.005126 mb/sr,

   110.50 deg.: X-S =       0.005069 mb/sr,

   111.00 deg.: X-S =       0.005015 mb/sr,

   111.50 deg.: X-S =       0.004965 mb/sr,

   112.00 deg.: X-S =       0.004917 mb/sr,

   112.50 deg.: X-S =       0.004872 mb/sr,

   113.00 deg.: X-S =       0.004830 mb/sr,

   113.50 deg.: X-S =       0.004790 mb/sr,

   114.00 deg.: X-S =       0.004752 mb/sr,

   114.50 deg.: X-S =       0.004716 mb/sr,

   115.00 deg.: X-S =       0.004683 mb/sr,

   115.50 deg.: X-S =       0.004652 mb/sr,

   116.00 deg.: X-S =       0.004623 mb/sr,

   116.50 deg.: X-S =       0.004596 mb/sr,

   117.00 deg.: X-S =       0.004571 mb/sr,

   117.50 deg.: X-S =       0.004549 mb/sr,

   118.00 deg.: X-S =       0.004529 mb/sr,

   118.50 deg.: X-S =       0.004511 mb/sr,

   119.00 deg.: X-S =       0.004495 mb/sr,

   119.50 deg.: X-S =       0.004482 mb/sr,

   120.00 deg.: X-S =       0.004471 mb/sr,

   120.50 deg.: X-S =       0.004461 mb/sr,

   121.00 deg.: X-S =       0.004454 mb/sr,

   121.50 deg.: X-S =       0.004448 mb/sr,

   122.00 deg.: X-S =       0.004445 mb/sr,

   122.50 deg.: X-S =       0.004443 mb/sr,

   123.00 deg.: X-S =       0.004443 mb/sr,

   123.50 deg.: X-S =       0.004445 mb/sr,

   124.00 deg.: X-S =       0.004449 mb/sr,

   124.50 deg.: X-S =       0.004455 mb/sr,

   125.00 deg.: X-S =       0.004463 mb/sr,

   125.50 deg.: X-S =       0.004473 mb/sr,

   126.00 deg.: X-S =       0.004486 mb/sr,

   126.50 deg.: X-S =       0.004502 mb/sr,

   127.00 deg.: X-S =       0.004521 mb/sr,

   127.50 deg.: X-S =       0.004543 mb/sr,

   128.00 deg.: X-S =       0.004568 mb/sr,

   128.50 deg.: X-S =       0.004596 mb/sr,

   129.00 deg.: X-S =       0.004628 mb/sr,

   129.50 deg.: X-S =       0.004663 mb/sr,

   130.00 deg.: X-S =       0.004702 mb/sr,

   130.50 deg.: X-S =       0.004745 mb/sr,

   131.00 deg.: X-S =       0.004791 mb/sr,

   131.50 deg.: X-S =       0.004840 mb/sr,

   132.00 deg.: X-S =       0.004893 mb/sr,

   132.50 deg.: X-S =       0.004949 mb/sr,

   133.00 deg.: X-S =       0.005008 mb/sr,

   133.50 deg.: X-S =       0.005070 mb/sr,

   134.00 deg.: X-S =       0.005135 mb/sr,

   134.50 deg.: X-S =       0.005202 mb/sr,

   135.00 deg.: X-S =       0.005273 mb/sr,

   135.50 deg.: X-S =       0.005345 mb/sr,

   136.00 deg.: X-S =       0.005421 mb/sr,

   136.50 deg.: X-S =       0.005498 mb/sr,

   137.00 deg.: X-S =       0.005579 mb/sr,

   137.50 deg.: X-S =       0.005661 mb/sr,

   138.00 deg.: X-S =       0.005746 mb/sr,

   138.50 deg.: X-S =       0.005834 mb/sr,

   139.00 deg.: X-S =       0.005923 mb/sr,

   139.50 deg.: X-S =       0.006015 mb/sr,

   140.00 deg.: X-S =       0.006109 mb/sr,

   140.50 deg.: X-S =       0.006206 mb/sr,

   141.00 deg.: X-S =       0.006304 mb/sr,

   141.50 deg.: X-S =       0.006403 mb/sr,

   142.00 deg.: X-S =       0.006505 mb/sr,

   142.50 deg.: X-S =       0.006608 mb/sr,

   143.00 deg.: X-S =       0.006713 mb/sr,

   143.50 deg.: X-S =       0.006819 mb/sr,

   144.00 deg.: X-S =       0.006926 mb/sr,

   144.50 deg.: X-S =       0.007035 mb/sr,

   145.00 deg.: X-S =       0.007144 mb/sr,

   145.50 deg.: X-S =       0.007255 mb/sr,

   146.00 deg.: X-S =       0.007368 mb/sr,

   146.50 deg.: X-S =       0.007482 mb/sr,

   147.00 deg.: X-S =       0.007597 mb/sr,

   147.50 deg.: X-S =       0.007714 mb/sr,

   148.00 deg.: X-S =       0.007833 mb/sr,

   148.50 deg.: X-S =       0.007953 mb/sr,

   149.00 deg.: X-S =       0.008076 mb/sr,

   149.50 deg.: X-S =       0.008201 mb/sr,

   150.00 deg.: X-S =       0.008328 mb/sr,

   150.50 deg.: X-S =       0.008457 mb/sr,

   151.00 deg.: X-S =       0.008590 mb/sr,

   151.50 deg.: X-S =       0.008725 mb/sr,

   152.00 deg.: X-S =       0.008863 mb/sr,

   152.50 deg.: X-S =       0.009005 mb/sr,

   153.00 deg.: X-S =       0.009150 mb/sr,

   153.50 deg.: X-S =       0.009298 mb/sr,

   154.00 deg.: X-S =       0.009450 mb/sr,

   154.50 deg.: X-S =       0.009606 mb/sr,

   155.00 deg.: X-S =       0.009766 mb/sr,

   155.50 deg.: X-S =       0.009930 mb/sr,

   156.00 deg.: X-S =       0.010097 mb/sr,

   156.50 deg.: X-S =       0.010269 mb/sr,

   157.00 deg.: X-S =       0.010444 mb/sr,

   157.50 deg.: X-S =       0.010623 mb/sr,

   158.00 deg.: X-S =       0.010806 mb/sr,

   158.50 deg.: X-S =       0.010992 mb/sr,

   159.00 deg.: X-S =       0.011182 mb/sr,

   159.50 deg.: X-S =       0.011375 mb/sr,

   160.00 deg.: X-S =       0.011572 mb/sr,

   160.50 deg.: X-S =       0.011771 mb/sr,

   161.00 deg.: X-S =       0.011974 mb/sr,

   161.50 deg.: X-S =       0.012180 mb/sr,

   162.00 deg.: X-S =       0.012388 mb/sr,

   162.50 deg.: X-S =       0.012600 mb/sr,

   163.00 deg.: X-S =       0.012814 mb/sr,

   163.50 deg.: X-S =       0.013030 mb/sr,

   164.00 deg.: X-S =       0.013248 mb/sr,

   164.50 deg.: X-S =       0.013468 mb/sr,

   165.00 deg.: X-S =       0.013689 mb/sr,

   165.50 deg.: X-S =       0.013911 mb/sr,

   166.00 deg.: X-S =       0.014132 mb/sr,

   166.50 deg.: X-S =       0.014353 mb/sr,

   167.00 deg.: X-S =       0.014572 mb/sr,

   167.50 deg.: X-S =       0.014789 mb/sr,

   168.00 deg.: X-S =       0.015003 mb/sr,

   168.50 deg.: X-S =       0.015213 mb/sr,

   169.00 deg.: X-S =       0.015419 mb/sr,

   169.50 deg.: X-S =       0.015620 mb/sr,

   170.00 deg.: X-S =       0.015815 mb/sr,

   170.50 deg.: X-S =       0.016004 mb/sr,

   171.00 deg.: X-S =       0.016187 mb/sr,

   171.50 deg.: X-S =       0.016363 mb/sr,

   172.00 deg.: X-S =       0.016533 mb/sr,

   172.50 deg.: X-S =       0.016695 mb/sr,

   173.00 deg.: X-S =       0.016850 mb/sr,

   173.50 deg.: X-S =       0.016997 mb/sr,

   174.00 deg.: X-S =       0.017137 mb/sr,

   174.50 deg.: X-S =       0.017269 mb/sr,

   175.00 deg.: X-S =       0.017393 mb/sr,

   175.50 deg.: X-S =       0.017507 mb/sr,

   176.00 deg.: X-S =       0.017612 mb/sr,

   176.50 deg.: X-S =       0.017707 mb/sr,

   177.00 deg.: X-S =       0.017792 mb/sr,

   177.50 deg.: X-S =       0.017865 mb/sr,

   178.00 deg.: X-S =       0.017925 mb/sr,

   178.50 deg.: X-S =       0.017973 mb/sr,

   179.00 deg.: X-S =       0.018008 mb/sr,

   179.50 deg.: X-S =       0.018029 mb/sr,

   180.00 deg.: X-S =       0.018036 mb/sr,

                                           Integrated  4.7505E-01 mb, over [   0.000, 180.000] at    32.0000 MeV 

 CROSS SECTIONS FOR OUTGOING 2H       & 13C_m05  in state #   1 with spins & parities 1.0  + &  2.5  -;  0

     0.00 deg.: X-S =       0.512941 mb/sr,
+                                         REAC   2.7555E-01 mb

     0.50 deg.: X-S =       0.512555 mb/sr,

     1.00 deg.: X-S =       0.511397 mb/sr,

     1.50 deg.: X-S =       0.509475 mb/sr,

     2.00 deg.: X-S =       0.506795 mb/sr,

     2.50 deg.: X-S =       0.503370 mb/sr,

     3.00 deg.: X-S =       0.499216 mb/sr,

     3.50 deg.: X-S =       0.494351 mb/sr,

     4.00 deg.: X-S =       0.488794 mb/sr,

     4.50 deg.: X-S =       0.482570 mb/sr,

     5.00 deg.: X-S =       0.475705 mb/sr,

     5.50 deg.: X-S =       0.468224 mb/sr,

     6.00 deg.: X-S =       0.460160 mb/sr,

     6.50 deg.: X-S =       0.451542 mb/sr,

     7.00 deg.: X-S =       0.442403 mb/sr,

     7.50 deg.: X-S =       0.432780 mb/sr,

     8.00 deg.: X-S =       0.422707 mb/sr,

     8.50 deg.: X-S =       0.412224 mb/sr,

     9.00 deg.: X-S =       0.401370 mb/sr,

     9.50 deg.: X-S =       0.390187 mb/sr,

    10.00 deg.: X-S =       0.378715 mb/sr,

    10.50 deg.: X-S =       0.366999 mb/sr,

    11.00 deg.: X-S =       0.355082 mb/sr,

    11.50 deg.: X-S =       0.343009 mb/sr,

    12.00 deg.: X-S =       0.330826 mb/sr,

    12.50 deg.: X-S =       0.318575 mb/sr,

    13.00 deg.: X-S =       0.306301 mb/sr,

    13.50 deg.: X-S =       0.294048 mb/sr,

    14.00 deg.: X-S =       0.281856 mb/sr,

    14.50 deg.: X-S =       0.269764 mb/sr,

    15.00 deg.: X-S =       0.257812 mb/sr,

    15.50 deg.: X-S =       0.246035 mb/sr,

    16.00 deg.: X-S =       0.234465 mb/sr,

    16.50 deg.: X-S =       0.223133 mb/sr,

    17.00 deg.: X-S =       0.212068 mb/sr,

    17.50 deg.: X-S =       0.201296 mb/sr,

    18.00 deg.: X-S =       0.190838 mb/sr,

    18.50 deg.: X-S =       0.180716 mb/sr,

    19.00 deg.: X-S =       0.170947 mb/sr,

    19.50 deg.: X-S =       0.161548 mb/sr,

    20.00 deg.: X-S =       0.152530 mb/sr,

    20.50 deg.: X-S =       0.143905 mb/sr,

    21.00 deg.: X-S =       0.135683 mb/sr,

    21.50 deg.: X-S =       0.127868 mb/sr,

    22.00 deg.: X-S =       0.120465 mb/sr,

    22.50 deg.: X-S =       0.113477 mb/sr,

    23.00 deg.: X-S =       0.106903 mb/sr,

    23.50 deg.: X-S =       0.100742 mb/sr,

    24.00 deg.: X-S =       0.094988 mb/sr,

    24.50 deg.: X-S =       0.089637 mb/sr,

    25.00 deg.: X-S =       0.084679 mb/sr,

    25.50 deg.: X-S =       0.080105 mb/sr,

    26.00 deg.: X-S =       0.075903 mb/sr,

    26.50 deg.: X-S =       0.072061 mb/sr,

    27.00 deg.: X-S =       0.068563 mb/sr,

    27.50 deg.: X-S =       0.065394 mb/sr,

    28.00 deg.: X-S =       0.062538 mb/sr,

    28.50 deg.: X-S =       0.059976 mb/sr,

    29.00 deg.: X-S =       0.057692 mb/sr,

    29.50 deg.: X-S =       0.055664 mb/sr,

    30.00 deg.: X-S =       0.053876 mb/sr,

    30.50 deg.: X-S =       0.052307 mb/sr,

    31.00 deg.: X-S =       0.050937 mb/sr,

    31.50 deg.: X-S =       0.049748 mb/sr,

    32.00 deg.: X-S =       0.048720 mb/sr,

    32.50 deg.: X-S =       0.047834 mb/sr,

    33.00 deg.: X-S =       0.047072 mb/sr,

    33.50 deg.: X-S =       0.046415 mb/sr,

    34.00 deg.: X-S =       0.045846 mb/sr,

    34.50 deg.: X-S =       0.045348 mb/sr,

    35.00 deg.: X-S =       0.044905 mb/sr,

    35.50 deg.: X-S =       0.044502 mb/sr,

    36.00 deg.: X-S =       0.044126 mb/sr,

    36.50 deg.: X-S =       0.043763 mb/sr,

    37.00 deg.: X-S =       0.043403 mb/sr,

    37.50 deg.: X-S =       0.043035 mb/sr,

    38.00 deg.: X-S =       0.042652 mb/sr,

    38.50 deg.: X-S =       0.042244 mb/sr,

    39.00 deg.: X-S =       0.041808 mb/sr,

    39.50 deg.: X-S =       0.041339 mb/sr,

    40.00 deg.: X-S =       0.040834 mb/sr,

    40.50 deg.: X-S =       0.040292 mb/sr,

    41.00 deg.: X-S =       0.039711 mb/sr,

    41.50 deg.: X-S =       0.039094 mb/sr,

    42.00 deg.: X-S =       0.038441 mb/sr,

    42.50 deg.: X-S =       0.037755 mb/sr,

    43.00 deg.: X-S =       0.037040 mb/sr,

    43.50 deg.: X-S =       0.036299 mb/sr,

    44.00 deg.: X-S =       0.035537 mb/sr,

    44.50 deg.: X-S =       0.034757 mb/sr,

    45.00 deg.: X-S =       0.033965 mb/sr,

    45.50 deg.: X-S =       0.033165 mb/sr,

    46.00 deg.: X-S =       0.032362 mb/sr,

    46.50 deg.: X-S =       0.031561 mb/sr,

    47.00 deg.: X-S =       0.030765 mb/sr,

    47.50 deg.: X-S =       0.029979 mb/sr,

    48.00 deg.: X-S =       0.029208 mb/sr,

    48.50 deg.: X-S =       0.028453 mb/sr,

    49.00 deg.: X-S =       0.027719 mb/sr,

    49.50 deg.: X-S =       0.027008 mb/sr,

    50.00 deg.: X-S =       0.026323 mb/sr,

    50.50 deg.: X-S =       0.025665 mb/sr,

    51.00 deg.: X-S =       0.025036 mb/sr,

    51.50 deg.: X-S =       0.024436 mb/sr,

    52.00 deg.: X-S =       0.023867 mb/sr,

    52.50 deg.: X-S =       0.023328 mb/sr,

    53.00 deg.: X-S =       0.022819 mb/sr,

    53.50 deg.: X-S =       0.022339 mb/sr,

    54.00 deg.: X-S =       0.021886 mb/sr,

    54.50 deg.: X-S =       0.021460 mb/sr,

    55.00 deg.: X-S =       0.021059 mb/sr,

    55.50 deg.: X-S =       0.020680 mb/sr,

    56.00 deg.: X-S =       0.020321 mb/sr,

    56.50 deg.: X-S =       0.019980 mb/sr,

    57.00 deg.: X-S =       0.019655 mb/sr,

    57.50 deg.: X-S =       0.019344 mb/sr,

    58.00 deg.: X-S =       0.019044 mb/sr,

    58.50 deg.: X-S =       0.018752 mb/sr,

    59.00 deg.: X-S =       0.018468 mb/sr,

    59.50 deg.: X-S =       0.018189 mb/sr,

    60.00 deg.: X-S =       0.017913 mb/sr,

    60.50 deg.: X-S =       0.017639 mb/sr,

    61.00 deg.: X-S =       0.017366 mb/sr,

    61.50 deg.: X-S =       0.017093 mb/sr,

    62.00 deg.: X-S =       0.016818 mb/sr,

    62.50 deg.: X-S =       0.016541 mb/sr,

    63.00 deg.: X-S =       0.016262 mb/sr,

    63.50 deg.: X-S =       0.015980 mb/sr,

    64.00 deg.: X-S =       0.015694 mb/sr,

    64.50 deg.: X-S =       0.015405 mb/sr,

    65.00 deg.: X-S =       0.015112 mb/sr,

    65.50 deg.: X-S =       0.014817 mb/sr,

    66.00 deg.: X-S =       0.014518 mb/sr,

    66.50 deg.: X-S =       0.014216 mb/sr,

    67.00 deg.: X-S =       0.013912 mb/sr,

    67.50 deg.: X-S =       0.013606 mb/sr,

    68.00 deg.: X-S =       0.013298 mb/sr,

    68.50 deg.: X-S =       0.012990 mb/sr,

    69.00 deg.: X-S =       0.012681 mb/sr,

    69.50 deg.: X-S =       0.012373 mb/sr,

    70.00 deg.: X-S =       0.012066 mb/sr,

    70.50 deg.: X-S =       0.011761 mb/sr,

    71.00 deg.: X-S =       0.011459 mb/sr,

    71.50 deg.: X-S =       0.011161 mb/sr,

    72.00 deg.: X-S =       0.010867 mb/sr,

    72.50 deg.: X-S =       0.010578 mb/sr,

    73.00 deg.: X-S =       0.010294 mb/sr,

    73.50 deg.: X-S =       0.010017 mb/sr,

    74.00 deg.: X-S =       0.009746 mb/sr,

    74.50 deg.: X-S =       0.009483 mb/sr,

    75.00 deg.: X-S =       0.009226 mb/sr,

    75.50 deg.: X-S =       0.008978 mb/sr,

    76.00 deg.: X-S =       0.008737 mb/sr,

    76.50 deg.: X-S =       0.008503 mb/sr,

    77.00 deg.: X-S =       0.008278 mb/sr,

    77.50 deg.: X-S =       0.008060 mb/sr,

    78.00 deg.: X-S =       0.007850 mb/sr,

    78.50 deg.: X-S =       0.007648 mb/sr,

    79.00 deg.: X-S =       0.007453 mb/sr,

    79.50 deg.: X-S =       0.007265 mb/sr,

    80.00 deg.: X-S =       0.007084 mb/sr,

    80.50 deg.: X-S =       0.006910 mb/sr,

    81.00 deg.: X-S =       0.006742 mb/sr,

    81.50 deg.: X-S =       0.006580 mb/sr,

    82.00 deg.: X-S =       0.006425 mb/sr,

    82.50 deg.: X-S =       0.006275 mb/sr,

    83.00 deg.: X-S =       0.006131 mb/sr,

    83.50 deg.: X-S =       0.005992 mb/sr,

    84.00 deg.: X-S =       0.005858 mb/sr,

    84.50 deg.: X-S =       0.005728 mb/sr,

    85.00 deg.: X-S =       0.005604 mb/sr,

    85.50 deg.: X-S =       0.005483 mb/sr,

    86.00 deg.: X-S =       0.005366 mb/sr,

    86.50 deg.: X-S =       0.005252 mb/sr,

    87.00 deg.: X-S =       0.005142 mb/sr,

    87.50 deg.: X-S =       0.005035 mb/sr,

    88.00 deg.: X-S =       0.004930 mb/sr,

    88.50 deg.: X-S =       0.004828 mb/sr,

    89.00 deg.: X-S =       0.004728 mb/sr,

    89.50 deg.: X-S =       0.004631 mb/sr,

    90.00 deg.: X-S =       0.004535 mb/sr,

    90.50 deg.: X-S =       0.004441 mb/sr,

    91.00 deg.: X-S =       0.004349 mb/sr,

    91.50 deg.: X-S =       0.004259 mb/sr,

    92.00 deg.: X-S =       0.004171 mb/sr,

    92.50 deg.: X-S =       0.004084 mb/sr,

    93.00 deg.: X-S =       0.004000 mb/sr,

    93.50 deg.: X-S =       0.003917 mb/sr,

    94.00 deg.: X-S =       0.003836 mb/sr,

    94.50 deg.: X-S =       0.003756 mb/sr,

    95.00 deg.: X-S =       0.003679 mb/sr,

    95.50 deg.: X-S =       0.003604 mb/sr,

    96.00 deg.: X-S =       0.003531 mb/sr,

    96.50 deg.: X-S =       0.003460 mb/sr,

    97.00 deg.: X-S =       0.003390 mb/sr,

    97.50 deg.: X-S =       0.003323 mb/sr,

    98.00 deg.: X-S =       0.003258 mb/sr,

    98.50 deg.: X-S =       0.003195 mb/sr,

    99.00 deg.: X-S =       0.003134 mb/sr,

    99.50 deg.: X-S =       0.003076 mb/sr,

   100.00 deg.: X-S =       0.003019 mb/sr,

   100.50 deg.: X-S =       0.002965 mb/sr,

   101.00 deg.: X-S =       0.002913 mb/sr,

   101.50 deg.: X-S =       0.002863 mb/sr,

   102.00 deg.: X-S =       0.002815 mb/sr,

   102.50 deg.: X-S =       0.002770 mb/sr,

   103.00 deg.: X-S =       0.002726 mb/sr,

   103.50 deg.: X-S =       0.002685 mb/sr,

   104.00 deg.: X-S =       0.002646 mb/sr,

   104.50 deg.: X-S =       0.002609 mb/sr,

   105.00 deg.: X-S =       0.002575 mb/sr,

   105.50 deg.: X-S =       0.002542 mb/sr,

   106.00 deg.: X-S =       0.002511 mb/sr,

   106.50 deg.: X-S =       0.002482 mb/sr,

   107.00 deg.: X-S =       0.002455 mb/sr,

   107.50 deg.: X-S =       0.002430 mb/sr,

   108.00 deg.: X-S =       0.002406 mb/sr,

   108.50 deg.: X-S =       0.002384 mb/sr,

   109.00 deg.: X-S =       0.002364 mb/sr,

   109.50 deg.: X-S =       0.002344 mb/sr,

   110.00 deg.: X-S =       0.002326 mb/sr,

   110.50 deg.: X-S =       0.002309 mb/sr,

   111.00 deg.: X-S =       0.002292 mb/sr,

   111.50 deg.: X-S =       0.002277 mb/sr,

   112.00 deg.: X-S =       0.002262 mb/sr,

   112.50 deg.: X-S =       0.002248 mb/sr,

   113.00 deg.: X-S =       0.002234 mb/sr,

   113.50 deg.: X-S =       0.002221 mb/sr,

   114.00 deg.: X-S =       0.002209 mb/sr,

   114.50 deg.: X-S =       0.002196 mb/sr,

   115.00 deg.: X-S =       0.002184 mb/sr,

   115.50 deg.: X-S =       0.002172 mb/sr,

   116.00 deg.: X-S =       0.002160 mb/sr,

   116.50 deg.: X-S =       0.002149 mb/sr,

   117.00 deg.: X-S =       0.002137 mb/sr,

   117.50 deg.: X-S =       0.002126 mb/sr,

   118.00 deg.: X-S =       0.002115 mb/sr,

   118.50 deg.: X-S =       0.002103 mb/sr,

   119.00 deg.: X-S =       0.002092 mb/sr,

   119.50 deg.: X-S =       0.002081 mb/sr,

   120.00 deg.: X-S =       0.002070 mb/sr,

   120.50 deg.: X-S =       0.002059 mb/sr,

   121.00 deg.: X-S =       0.002048 mb/sr,

   121.50 deg.: X-S =       0.002037 mb/sr,

   122.00 deg.: X-S =       0.002027 mb/sr,

   122.50 deg.: X-S =       0.002017 mb/sr,

   123.00 deg.: X-S =       0.002007 mb/sr,

   123.50 deg.: X-S =       0.001997 mb/sr,

   124.00 deg.: X-S =       0.001988 mb/sr,

   124.50 deg.: X-S =       0.001979 mb/sr,

   125.00 deg.: X-S =       0.001971 mb/sr,

   125.50 deg.: X-S =       0.001963 mb/sr,

   126.00 deg.: X-S =       0.001957 mb/sr,

   126.50 deg.: X-S =       0.001951 mb/sr,

   127.00 deg.: X-S =       0.001945 mb/sr,

   127.50 deg.: X-S =       0.001941 mb/sr,

   128.00 deg.: X-S =       0.001938 mb/sr,

   128.50 deg.: X-S =       0.001936 mb/sr,

   129.00 deg.: X-S =       0.001936 mb/sr,

   129.50 deg.: X-S =       0.001936 mb/sr,

   130.00 deg.: X-S =       0.001938 mb/sr,

   130.50 deg.: X-S =       0.001941 mb/sr,

   131.00 deg.: X-S =       0.001945 mb/sr,

   131.50 deg.: X-S =       0.001951 mb/sr,

   132.00 deg.: X-S =       0.001958 mb/sr,

   132.50 deg.: X-S =       0.001966 mb/sr,

   133.00 deg.: X-S =       0.001976 mb/sr,

   133.50 deg.: X-S =       0.001986 mb/sr,

   134.00 deg.: X-S =       0.001999 mb/sr,

   134.50 deg.: X-S =       0.002012 mb/sr,

   135.00 deg.: X-S =       0.002027 mb/sr,

   135.50 deg.: X-S =       0.002043 mb/sr,

   136.00 deg.: X-S =       0.002061 mb/sr,

   136.50 deg.: X-S =       0.002079 mb/sr,

   137.00 deg.: X-S =       0.002099 mb/sr,

   137.50 deg.: X-S =       0.002120 mb/sr,

   138.00 deg.: X-S =       0.002142 mb/sr,

   138.50 deg.: X-S =       0.002165 mb/sr,

   139.00 deg.: X-S =       0.002189 mb/sr,

   139.50 deg.: X-S =       0.002213 mb/sr,

   140.00 deg.: X-S =       0.002239 mb/sr,

   140.50 deg.: X-S =       0.002266 mb/sr,

   141.00 deg.: X-S =       0.002293 mb/sr,

   141.50 deg.: X-S =       0.002322 mb/sr,

   142.00 deg.: X-S =       0.002351 mb/sr,

   142.50 deg.: X-S =       0.002380 mb/sr,

   143.00 deg.: X-S =       0.002410 mb/sr,

   143.50 deg.: X-S =       0.002441 mb/sr,

   144.00 deg.: X-S =       0.002473 mb/sr,

   144.50 deg.: X-S =       0.002505 mb/sr,

   145.00 deg.: X-S =       0.002539 mb/sr,

   145.50 deg.: X-S =       0.002572 mb/sr,

   146.00 deg.: X-S =       0.002607 mb/sr,

   146.50 deg.: X-S =       0.002642 mb/sr,

   147.00 deg.: X-S =       0.002679 mb/sr,

   147.50 deg.: X-S =       0.002716 mb/sr,

   148.00 deg.: X-S =       0.002754 mb/sr,

   148.50 deg.: X-S =       0.002794 mb/sr,

   149.00 deg.: X-S =       0.002835 mb/sr,

   149.50 deg.: X-S =       0.002877 mb/sr,

   150.00 deg.: X-S =       0.002920 mb/sr,

   150.50 deg.: X-S =       0.002965 mb/sr,

   151.00 deg.: X-S =       0.003012 mb/sr,

   151.50 deg.: X-S =       0.003060 mb/sr,

   152.00 deg.: X-S =       0.003110 mb/sr,

   152.50 deg.: X-S =       0.003162 mb/sr,

   153.00 deg.: X-S =       0.003216 mb/sr,

   153.50 deg.: X-S =       0.003271 mb/sr,

   154.00 deg.: X-S =       0.003329 mb/sr,

   154.50 deg.: X-S =       0.003389 mb/sr,

   155.00 deg.: X-S =       0.003451 mb/sr,

   155.50 deg.: X-S =       0.003516 mb/sr,

   156.00 deg.: X-S =       0.003583 mb/sr,

   156.50 deg.: X-S =       0.003653 mb/sr,

   157.00 deg.: X-S =       0.003725 mb/sr,

   157.50 deg.: X-S =       0.003799 mb/sr,

   158.00 deg.: X-S =       0.003877 mb/sr,

   158.50 deg.: X-S =       0.003956 mb/sr,

   159.00 deg.: X-S =       0.004039 mb/sr,

   159.50 deg.: X-S =       0.004124 mb/sr,

   160.00 deg.: X-S =       0.004211 mb/sr,

   160.50 deg.: X-S =       0.004301 mb/sr,

   161.00 deg.: X-S =       0.004392 mb/sr,

   161.50 deg.: X-S =       0.004486 mb/sr,

   162.00 deg.: X-S =       0.004582 mb/sr,

   162.50 deg.: X-S =       0.004680 mb/sr,

   163.00 deg.: X-S =       0.004779 mb/sr,

   163.50 deg.: X-S =       0.004879 mb/sr,

   164.00 deg.: X-S =       0.004981 mb/sr,

   164.50 deg.: X-S =       0.005083 mb/sr,

   165.00 deg.: X-S =       0.005186 mb/sr,

   165.50 deg.: X-S =       0.005289 mb/sr,

   166.00 deg.: X-S =       0.005393 mb/sr,

   166.50 deg.: X-S =       0.005497 mb/sr,

   167.00 deg.: X-S =       0.005600 mb/sr,

   167.50 deg.: X-S =       0.005703 mb/sr,

   168.00 deg.: X-S =       0.005805 mb/sr,

   168.50 deg.: X-S =       0.005906 mb/sr,

   169.00 deg.: X-S =       0.006006 mb/sr,

   169.50 deg.: X-S =       0.006104 mb/sr,

   170.00 deg.: X-S =       0.006200 mb/sr,

   170.50 deg.: X-S =       0.006294 mb/sr,

   171.00 deg.: X-S =       0.006386 mb/sr,

   171.50 deg.: X-S =       0.006474 mb/sr,

   172.00 deg.: X-S =       0.006559 mb/sr,

   172.50 deg.: X-S =       0.006641 mb/sr,

   173.00 deg.: X-S =       0.006718 mb/sr,

   173.50 deg.: X-S =       0.006792 mb/sr,

   174.00 deg.: X-S =       0.006861 mb/sr,

   174.50 deg.: X-S =       0.006925 mb/sr,

   175.00 deg.: X-S =       0.006984 mb/sr,

   175.50 deg.: X-S =       0.007038 mb/sr,

   176.00 deg.: X-S =       0.007086 mb/sr,

   176.50 deg.: X-S =       0.007129 mb/sr,

   177.00 deg.: X-S =       0.007166 mb/sr,

   177.50 deg.: X-S =       0.007198 mb/sr,

   178.00 deg.: X-S =       0.007224 mb/sr,

   178.50 deg.: X-S =       0.007244 mb/sr,

   179.00 deg.: X-S =       0.007259 mb/sr,

   179.50 deg.: X-S =       0.007268 mb/sr,

   180.00 deg.: X-S =       0.007270 mb/sr,

                                           Integrated  2.7553E-01 mb, over [   0.000, 180.000] at    32.0000 MeV 

 CROSS SECTIONS FOR OUTGOING 2H       & 13C_p05  in state #   1 with spins & parities 1.0  + &  2.5  -;  0

     0.00 deg.: X-S =       0.512877 mb/sr,
+                                         REAC   2.7578E-01 mb

     0.50 deg.: X-S =       0.512492 mb/sr,

     1.00 deg.: X-S =       0.511339 mb/sr,

     1.50 deg.: X-S =       0.509422 mb/sr,

     2.00 deg.: X-S =       0.506749 mb/sr,

     2.50 deg.: X-S =       0.503333 mb/sr,

     3.00 deg.: X-S =       0.499188 mb/sr,

     3.50 deg.: X-S =       0.494331 mb/sr,

     4.00 deg.: X-S =       0.488783 mb/sr,

     4.50 deg.: X-S =       0.482565 mb/sr,

     5.00 deg.: X-S =       0.475704 mb/sr,

     5.50 deg.: X-S =       0.468226 mb/sr,

     6.00 deg.: X-S =       0.460162 mb/sr,

     6.50 deg.: X-S =       0.451543 mb/sr,

     7.00 deg.: X-S =       0.442402 mb/sr,

     7.50 deg.: X-S =       0.432775 mb/sr,

     8.00 deg.: X-S =       0.422699 mb/sr,

     8.50 deg.: X-S =       0.412212 mb/sr,

     9.00 deg.: X-S =       0.401355 mb/sr,

     9.50 deg.: X-S =       0.390168 mb/sr,

    10.00 deg.: X-S =       0.378696 mb/sr,

    10.50 deg.: X-S =       0.366980 mb/sr,

    11.00 deg.: X-S =       0.355065 mb/sr,

    11.50 deg.: X-S =       0.342996 mb/sr,

    12.00 deg.: X-S =       0.330817 mb/sr,

    12.50 deg.: X-S =       0.318572 mb/sr,

    13.00 deg.: X-S =       0.306304 mb/sr,

    13.50 deg.: X-S =       0.294057 mb/sr,

    14.00 deg.: X-S =       0.281871 mb/sr,

    14.50 deg.: X-S =       0.269786 mb/sr,

    15.00 deg.: X-S =       0.257839 mb/sr,

    15.50 deg.: X-S =       0.246066 mb/sr,

    16.00 deg.: X-S =       0.234501 mb/sr,

    16.50 deg.: X-S =       0.223173 mb/sr,

    17.00 deg.: X-S =       0.212112 mb/sr,

    17.50 deg.: X-S =       0.201343 mb/sr,

    18.00 deg.: X-S =       0.190889 mb/sr,

    18.50 deg.: X-S =       0.180770 mb/sr,

    19.00 deg.: X-S =       0.171005 mb/sr,

    19.50 deg.: X-S =       0.161609 mb/sr,

    20.00 deg.: X-S =       0.152596 mb/sr,

    20.50 deg.: X-S =       0.143976 mb/sr,

    21.00 deg.: X-S =       0.135758 mb/sr,

    21.50 deg.: X-S =       0.127947 mb/sr,

    22.00 deg.: X-S =       0.120550 mb/sr,

    22.50 deg.: X-S =       0.113566 mb/sr,

    23.00 deg.: X-S =       0.106996 mb/sr,

    23.50 deg.: X-S =       0.100838 mb/sr,

    24.00 deg.: X-S =       0.095087 mb/sr,

    24.50 deg.: X-S =       0.089738 mb/sr,

    25.00 deg.: X-S =       0.084782 mb/sr,

    25.50 deg.: X-S =       0.080209 mb/sr,

    26.00 deg.: X-S =       0.076008 mb/sr,

    26.50 deg.: X-S =       0.072165 mb/sr,

    27.00 deg.: X-S =       0.068667 mb/sr,

    27.50 deg.: X-S =       0.065498 mb/sr,

    28.00 deg.: X-S =       0.062641 mb/sr,

    28.50 deg.: X-S =       0.060078 mb/sr,

    29.00 deg.: X-S =       0.057791 mb/sr,

    29.50 deg.: X-S =       0.055762 mb/sr,

    30.00 deg.: X-S =       0.053972 mb/sr,

    30.50 deg.: X-S =       0.052400 mb/sr,

    31.00 deg.: X-S =       0.051028 mb/sr,

    31.50 deg.: X-S =       0.049836 mb/sr,

    32.00 deg.: X-S =       0.048804 mb/sr,

    32.50 deg.: X-S =       0.047915 mb/sr,

    33.00 deg.: X-S =       0.047148 mb/sr,

    33.50 deg.: X-S =       0.046487 mb/sr,

    34.00 deg.: X-S =       0.045913 mb/sr,

    34.50 deg.: X-S =       0.045410 mb/sr,

    35.00 deg.: X-S =       0.044962 mb/sr,

    35.50 deg.: X-S =       0.044554 mb/sr,

    36.00 deg.: X-S =       0.044173 mb/sr,

    36.50 deg.: X-S =       0.043805 mb/sr,

    37.00 deg.: X-S =       0.043440 mb/sr,

    37.50 deg.: X-S =       0.043068 mb/sr,

    38.00 deg.: X-S =       0.042680 mb/sr,

    38.50 deg.: X-S =       0.042268 mb/sr,

    39.00 deg.: X-S =       0.041828 mb/sr,

    39.50 deg.: X-S =       0.041355 mb/sr,

    40.00 deg.: X-S =       0.040847 mb/sr,

    40.50 deg.: X-S =       0.040301 mb/sr,

    41.00 deg.: X-S =       0.039717 mb/sr,

    41.50 deg.: X-S =       0.039097 mb/sr,

    42.00 deg.: X-S =       0.038441 mb/sr,

    42.50 deg.: X-S =       0.037753 mb/sr,

    43.00 deg.: X-S =       0.037036 mb/sr,

    43.50 deg.: X-S =       0.036293 mb/sr,

    44.00 deg.: X-S =       0.035529 mb/sr,

    44.50 deg.: X-S =       0.034749 mb/sr,

    45.00 deg.: X-S =       0.033956 mb/sr,

    45.50 deg.: X-S =       0.033156 mb/sr,

    46.00 deg.: X-S =       0.032353 mb/sr,

    46.50 deg.: X-S =       0.031552 mb/sr,

    47.00 deg.: X-S =       0.030757 mb/sr,

    47.50 deg.: X-S =       0.029972 mb/sr,

    48.00 deg.: X-S =       0.029201 mb/sr,

    48.50 deg.: X-S =       0.028448 mb/sr,

    49.00 deg.: X-S =       0.027716 mb/sr,

    49.50 deg.: X-S =       0.027007 mb/sr,

    50.00 deg.: X-S =       0.026323 mb/sr,

    50.50 deg.: X-S =       0.025667 mb/sr,

    51.00 deg.: X-S =       0.025041 mb/sr,

    51.50 deg.: X-S =       0.024444 mb/sr,

    52.00 deg.: X-S =       0.023877 mb/sr,

    52.50 deg.: X-S =       0.023341 mb/sr,

    53.00 deg.: X-S =       0.022834 mb/sr,

    53.50 deg.: X-S =       0.022357 mb/sr,

    54.00 deg.: X-S =       0.021908 mb/sr,

    54.50 deg.: X-S =       0.021485 mb/sr,

    55.00 deg.: X-S =       0.021087 mb/sr,

    55.50 deg.: X-S =       0.020712 mb/sr,

    56.00 deg.: X-S =       0.020356 mb/sr,

    56.50 deg.: X-S =       0.020019 mb/sr,

    57.00 deg.: X-S =       0.019697 mb/sr,

    57.50 deg.: X-S =       0.019388 mb/sr,

    58.00 deg.: X-S =       0.019091 mb/sr,

    58.50 deg.: X-S =       0.018802 mb/sr,

    59.00 deg.: X-S =       0.018520 mb/sr,

    59.50 deg.: X-S =       0.018243 mb/sr,

    60.00 deg.: X-S =       0.017969 mb/sr,

    60.50 deg.: X-S =       0.017697 mb/sr,

    61.00 deg.: X-S =       0.017425 mb/sr,

    61.50 deg.: X-S =       0.017153 mb/sr,

    62.00 deg.: X-S =       0.016880 mb/sr,

    62.50 deg.: X-S =       0.016604 mb/sr,

    63.00 deg.: X-S =       0.016326 mb/sr,

    63.50 deg.: X-S =       0.016045 mb/sr,

    64.00 deg.: X-S =       0.015761 mb/sr,

    64.50 deg.: X-S =       0.015473 mb/sr,

    65.00 deg.: X-S =       0.015181 mb/sr,

    65.50 deg.: X-S =       0.014886 mb/sr,

    66.00 deg.: X-S =       0.014588 mb/sr,

    66.50 deg.: X-S =       0.014286 mb/sr,

    67.00 deg.: X-S =       0.013982 mb/sr,

    67.50 deg.: X-S =       0.013676 mb/sr,

    68.00 deg.: X-S =       0.013367 mb/sr,

    68.50 deg.: X-S =       0.013058 mb/sr,

    69.00 deg.: X-S =       0.012748 mb/sr,

    69.50 deg.: X-S =       0.012439 mb/sr,

    70.00 deg.: X-S =       0.012130 mb/sr,

    70.50 deg.: X-S =       0.011824 mb/sr,

    71.00 deg.: X-S =       0.011521 mb/sr,

    71.50 deg.: X-S =       0.011221 mb/sr,

    72.00 deg.: X-S =       0.010925 mb/sr,

    72.50 deg.: X-S =       0.010634 mb/sr,

    73.00 deg.: X-S =       0.010349 mb/sr,

    73.50 deg.: X-S =       0.010071 mb/sr,

    74.00 deg.: X-S =       0.009799 mb/sr,

    74.50 deg.: X-S =       0.009534 mb/sr,

    75.00 deg.: X-S =       0.009276 mb/sr,

    75.50 deg.: X-S =       0.009026 mb/sr,

    76.00 deg.: X-S =       0.008784 mb/sr,

    76.50 deg.: X-S =       0.008549 mb/sr,

    77.00 deg.: X-S =       0.008322 mb/sr,

    77.50 deg.: X-S =       0.008102 mb/sr,

    78.00 deg.: X-S =       0.007890 mb/sr,

    78.50 deg.: X-S =       0.007686 mb/sr,

    79.00 deg.: X-S =       0.007488 mb/sr,

    79.50 deg.: X-S =       0.007298 mb/sr,

    80.00 deg.: X-S =       0.007115 mb/sr,

    80.50 deg.: X-S =       0.006938 mb/sr,

    81.00 deg.: X-S =       0.006768 mb/sr,

    81.50 deg.: X-S =       0.006605 mb/sr,

    82.00 deg.: X-S =       0.006448 mb/sr,

    82.50 deg.: X-S =       0.006296 mb/sr,

    83.00 deg.: X-S =       0.006150 mb/sr,

    83.50 deg.: X-S =       0.006010 mb/sr,

    84.00 deg.: X-S =       0.005875 mb/sr,

    84.50 deg.: X-S =       0.005744 mb/sr,

    85.00 deg.: X-S =       0.005618 mb/sr,

    85.50 deg.: X-S =       0.005496 mb/sr,

    86.00 deg.: X-S =       0.005378 mb/sr,

    86.50 deg.: X-S =       0.005263 mb/sr,

    87.00 deg.: X-S =       0.005151 mb/sr,

    87.50 deg.: X-S =       0.005042 mb/sr,

    88.00 deg.: X-S =       0.004936 mb/sr,

    88.50 deg.: X-S =       0.004833 mb/sr,

    89.00 deg.: X-S =       0.004731 mb/sr,

    89.50 deg.: X-S =       0.004632 mb/sr,

    90.00 deg.: X-S =       0.004535 mb/sr,

    90.50 deg.: X-S =       0.004440 mb/sr,

    91.00 deg.: X-S =       0.004347 mb/sr,

    91.50 deg.: X-S =       0.004255 mb/sr,

    92.00 deg.: X-S =       0.004166 mb/sr,

    92.50 deg.: X-S =       0.004079 mb/sr,

    93.00 deg.: X-S =       0.003993 mb/sr,

    93.50 deg.: X-S =       0.003909 mb/sr,

    94.00 deg.: X-S =       0.003828 mb/sr,

    94.50 deg.: X-S =       0.003748 mb/sr,

    95.00 deg.: X-S =       0.003670 mb/sr,

    95.50 deg.: X-S =       0.003594 mb/sr,

    96.00 deg.: X-S =       0.003521 mb/sr,

    96.50 deg.: X-S =       0.003449 mb/sr,

    97.00 deg.: X-S =       0.003379 mb/sr,

    97.50 deg.: X-S =       0.003311 mb/sr,

    98.00 deg.: X-S =       0.003246 mb/sr,

    98.50 deg.: X-S =       0.003182 mb/sr,

    99.00 deg.: X-S =       0.003121 mb/sr,

    99.50 deg.: X-S =       0.003062 mb/sr,

   100.00 deg.: X-S =       0.003005 mb/sr,

   100.50 deg.: X-S =       0.002950 mb/sr,

   101.00 deg.: X-S =       0.002897 mb/sr,

   101.50 deg.: X-S =       0.002847 mb/sr,

   102.00 deg.: X-S =       0.002799 mb/sr,

   102.50 deg.: X-S =       0.002754 mb/sr,

   103.00 deg.: X-S =       0.002710 mb/sr,

   103.50 deg.: X-S =       0.002669 mb/sr,

   104.00 deg.: X-S =       0.002630 mb/sr,

   104.50 deg.: X-S =       0.002594 mb/sr,

   105.00 deg.: X-S =       0.002560 mb/sr,

   105.50 deg.: X-S =       0.002527 mb/sr,

   106.00 deg.: X-S =       0.002497 mb/sr,

   106.50 deg.: X-S =       0.002468 mb/sr,

   107.00 deg.: X-S =       0.002442 mb/sr,

   107.50 deg.: X-S =       0.002417 mb/sr,

   108.00 deg.: X-S =       0.002394 mb/sr,

   108.50 deg.: X-S =       0.002372 mb/sr,

   109.00 deg.: X-S =       0.002351 mb/sr,

   109.50 deg.: X-S =       0.002332 mb/sr,

   110.00 deg.: X-S =       0.002314 mb/sr,

   110.50 deg.: X-S =       0.002297 mb/sr,

   111.00 deg.: X-S =       0.002281 mb/sr,

   111.50 deg.: X-S =       0.002266 mb/sr,

   112.00 deg.: X-S =       0.002252 mb/sr,

   112.50 deg.: X-S =       0.002238 mb/sr,

   113.00 deg.: X-S =       0.002225 mb/sr,

   113.50 deg.: X-S =       0.002213 mb/sr,

   114.00 deg.: X-S =       0.002200 mb/sr,

   114.50 deg.: X-S =       0.002189 mb/sr,

   115.00 deg.: X-S =       0.002177 mb/sr,

   115.50 deg.: X-S =       0.002166 mb/sr,

   116.00 deg.: X-S =       0.002155 mb/sr,

   116.50 deg.: X-S =       0.002144 mb/sr,

   117.00 deg.: X-S =       0.002133 mb/sr,

   117.50 deg.: X-S =       0.002123 mb/sr,

   118.00 deg.: X-S =       0.002112 mb/sr,

   118.50 deg.: X-S =       0.002101 mb/sr,

   119.00 deg.: X-S =       0.002090 mb/sr,

   119.50 deg.: X-S =       0.002079 mb/sr,

   120.00 deg.: X-S =       0.002069 mb/sr,

   120.50 deg.: X-S =       0.002058 mb/sr,

   121.00 deg.: X-S =       0.002047 mb/sr,

   121.50 deg.: X-S =       0.002037 mb/sr,

   122.00 deg.: X-S =       0.002026 mb/sr,

   122.50 deg.: X-S =       0.002016 mb/sr,

   123.00 deg.: X-S =       0.002006 mb/sr,

   123.50 deg.: X-S =       0.001997 mb/sr,

   124.00 deg.: X-S =       0.001988 mb/sr,

   124.50 deg.: X-S =       0.001979 mb/sr,

   125.00 deg.: X-S =       0.001971 mb/sr,

   125.50 deg.: X-S =       0.001964 mb/sr,

   126.00 deg.: X-S =       0.001958 mb/sr,

   126.50 deg.: X-S =       0.001952 mb/sr,

   127.00 deg.: X-S =       0.001948 mb/sr,

   127.50 deg.: X-S =       0.001944 mb/sr,

   128.00 deg.: X-S =       0.001941 mb/sr,

   128.50 deg.: X-S =       0.001939 mb/sr,

   129.00 deg.: X-S =       0.001939 mb/sr,

   129.50 deg.: X-S =       0.001940 mb/sr,

   130.00 deg.: X-S =       0.001941 mb/sr,

   130.50 deg.: X-S =       0.001945 mb/sr,

   131.00 deg.: X-S =       0.001949 mb/sr,

   131.50 deg.: X-S =       0.001955 mb/sr,

   132.00 deg.: X-S =       0.001962 mb/sr,

   132.50 deg.: X-S =       0.001970 mb/sr,

   133.00 deg.: X-S =       0.001980 mb/sr,

   133.50 deg.: X-S =       0.001991 mb/sr,

   134.00 deg.: X-S =       0.002004 mb/sr,

   134.50 deg.: X-S =       0.002018 mb/sr,

   135.00 deg.: X-S =       0.002033 mb/sr,

   135.50 deg.: X-S =       0.002050 mb/sr,

   136.00 deg.: X-S =       0.002068 mb/sr,

   136.50 deg.: X-S =       0.002087 mb/sr,

   137.00 deg.: X-S =       0.002108 mb/sr,

   137.50 deg.: X-S =       0.002129 mb/sr,

   138.00 deg.: X-S =       0.002152 mb/sr,

   138.50 deg.: X-S =       0.002176 mb/sr,

   139.00 deg.: X-S =       0.002201 mb/sr,

   139.50 deg.: X-S =       0.002226 mb/sr,

   140.00 deg.: X-S =       0.002253 mb/sr,

   140.50 deg.: X-S =       0.002280 mb/sr,

   141.00 deg.: X-S =       0.002308 mb/sr,

   141.50 deg.: X-S =       0.002337 mb/sr,

   142.00 deg.: X-S =       0.002367 mb/sr,

   142.50 deg.: X-S =       0.002397 mb/sr,

   143.00 deg.: X-S =       0.002428 mb/sr,

   143.50 deg.: X-S =       0.002460 mb/sr,

   144.00 deg.: X-S =       0.002492 mb/sr,

   144.50 deg.: X-S =       0.002525 mb/sr,

   145.00 deg.: X-S =       0.002559 mb/sr,

   145.50 deg.: X-S =       0.002594 mb/sr,

   146.00 deg.: X-S =       0.002629 mb/sr,

   146.50 deg.: X-S =       0.002665 mb/sr,

   147.00 deg.: X-S =       0.002703 mb/sr,

   147.50 deg.: X-S =       0.002741 mb/sr,

   148.00 deg.: X-S =       0.002780 mb/sr,

   148.50 deg.: X-S =       0.002820 mb/sr,

   149.00 deg.: X-S =       0.002861 mb/sr,

   149.50 deg.: X-S =       0.002903 mb/sr,

   150.00 deg.: X-S =       0.002947 mb/sr,

   150.50 deg.: X-S =       0.002992 mb/sr,

   151.00 deg.: X-S =       0.003039 mb/sr,

   151.50 deg.: X-S =       0.003087 mb/sr,

   152.00 deg.: X-S =       0.003137 mb/sr,

   152.50 deg.: X-S =       0.003188 mb/sr,

   153.00 deg.: X-S =       0.003242 mb/sr,

   153.50 deg.: X-S =       0.003297 mb/sr,

   154.00 deg.: X-S =       0.003354 mb/sr,

   154.50 deg.: X-S =       0.003414 mb/sr,

   155.00 deg.: X-S =       0.003475 mb/sr,

   155.50 deg.: X-S =       0.003539 mb/sr,

   156.00 deg.: X-S =       0.003605 mb/sr,

   156.50 deg.: X-S =       0.003674 mb/sr,

   157.00 deg.: X-S =       0.003745 mb/sr,

   157.50 deg.: X-S =       0.003818 mb/sr,

   158.00 deg.: X-S =       0.003894 mb/sr,

   158.50 deg.: X-S =       0.003972 mb/sr,

   159.00 deg.: X-S =       0.004053 mb/sr,

   159.50 deg.: X-S =       0.004136 mb/sr,

   160.00 deg.: X-S =       0.004221 mb/sr,

   160.50 deg.: X-S =       0.004309 mb/sr,

   161.00 deg.: X-S =       0.004398 mb/sr,

   161.50 deg.: X-S =       0.004490 mb/sr,

   162.00 deg.: X-S =       0.004583 mb/sr,

   162.50 deg.: X-S =       0.004678 mb/sr,

   163.00 deg.: X-S =       0.004775 mb/sr,

   163.50 deg.: X-S =       0.004873 mb/sr,

   164.00 deg.: X-S =       0.004971 mb/sr,

   164.50 deg.: X-S =       0.005071 mb/sr,

   165.00 deg.: X-S =       0.005172 mb/sr,

   165.50 deg.: X-S =       0.005272 mb/sr,

   166.00 deg.: X-S =       0.005373 mb/sr,

   166.50 deg.: X-S =       0.005474 mb/sr,

   167.00 deg.: X-S =       0.005575 mb/sr,

   167.50 deg.: X-S =       0.005675 mb/sr,

   168.00 deg.: X-S =       0.005774 mb/sr,

   168.50 deg.: X-S =       0.005873 mb/sr,

   169.00 deg.: X-S =       0.005970 mb/sr,

   169.50 deg.: X-S =       0.006065 mb/sr,

   170.00 deg.: X-S =       0.006158 mb/sr,

   170.50 deg.: X-S =       0.006249 mb/sr,

   171.00 deg.: X-S =       0.006338 mb/sr,

   171.50 deg.: X-S =       0.006424 mb/sr,

   172.00 deg.: X-S =       0.006506 mb/sr,

   172.50 deg.: X-S =       0.006586 mb/sr,

   173.00 deg.: X-S =       0.006661 mb/sr,

   173.50 deg.: X-S =       0.006732 mb/sr,

   174.00 deg.: X-S =       0.006799 mb/sr,

   174.50 deg.: X-S =       0.006862 mb/sr,

   175.00 deg.: X-S =       0.006919 mb/sr,

   175.50 deg.: X-S =       0.006972 mb/sr,

   176.00 deg.: X-S =       0.007019 mb/sr,

   176.50 deg.: X-S =       0.007061 mb/sr,

   177.00 deg.: X-S =       0.007098 mb/sr,

   177.50 deg.: X-S =       0.007129 mb/sr,

   178.00 deg.: X-S =       0.007154 mb/sr,

   178.50 deg.: X-S =       0.007174 mb/sr,

   179.00 deg.: X-S =       0.007188 mb/sr,

   179.50 deg.: X-S =       0.007197 mb/sr,

   180.00 deg.: X-S =       0.007200 mb/sr,

                                           Integrated  2.7576E-01 mb, over [   0.000, 180.000] at    32.0000 MeV 

 CROSS SECTIONS FOR OUTGOING 2H       & 13C_p10  in state #   1 with spins & parities 1.0  + &  2.5  -;  0

     0.00 deg.: X-S =       0.706392 mb/sr,
+                                         REAC   4.7554E-01 mb

     0.50 deg.: X-S =       0.705943 mb/sr,

     1.00 deg.: X-S =       0.704598 mb/sr,

     1.50 deg.: X-S =       0.702363 mb/sr,

     2.00 deg.: X-S =       0.699251 mb/sr,

     2.50 deg.: X-S =       0.695276 mb/sr,

     3.00 deg.: X-S =       0.690457 mb/sr,

     3.50 deg.: X-S =       0.684815 mb/sr,

     4.00 deg.: X-S =       0.678375 mb/sr,

     4.50 deg.: X-S =       0.671164 mb/sr,

     5.00 deg.: X-S =       0.663208 mb/sr,

     5.50 deg.: X-S =       0.654539 mb/sr,

     6.00 deg.: X-S =       0.645185 mb/sr,

     6.50 deg.: X-S =       0.635179 mb/sr,

     7.00 deg.: X-S =       0.624553 mb/sr,

     7.50 deg.: X-S =       0.613343 mb/sr,

     8.00 deg.: X-S =       0.601584 mb/sr,

     8.50 deg.: X-S =       0.589312 mb/sr,

     9.00 deg.: X-S =       0.576569 mb/sr,

     9.50 deg.: X-S =       0.563394 mb/sr,

    10.00 deg.: X-S =       0.549833 mb/sr,

    10.50 deg.: X-S =       0.535930 mb/sr,

    11.00 deg.: X-S =       0.521731 mb/sr,

    11.50 deg.: X-S =       0.507287 mb/sr,

    12.00 deg.: X-S =       0.492645 mb/sr,

    12.50 deg.: X-S =       0.477856 mb/sr,

    13.00 deg.: X-S =       0.462967 mb/sr,

    13.50 deg.: X-S =       0.448029 mb/sr,

    14.00 deg.: X-S =       0.433086 mb/sr,

    14.50 deg.: X-S =       0.418185 mb/sr,

    15.00 deg.: X-S =       0.403367 mb/sr,

    15.50 deg.: X-S =       0.388672 mb/sr,

    16.00 deg.: X-S =       0.374138 mb/sr,

    16.50 deg.: X-S =       0.359798 mb/sr,

    17.00 deg.: X-S =       0.345684 mb/sr,

    17.50 deg.: X-S =       0.331824 mb/sr,

    18.00 deg.: X-S =       0.318245 mb/sr,

    18.50 deg.: X-S =       0.304971 mb/sr,

    19.00 deg.: X-S =       0.292024 mb/sr,

    19.50 deg.: X-S =       0.279423 mb/sr,

    20.00 deg.: X-S =       0.267188 mb/sr,

    20.50 deg.: X-S =       0.255334 mb/sr,

    21.00 deg.: X-S =       0.243876 mb/sr,

    21.50 deg.: X-S =       0.232826 mb/sr,

    22.00 deg.: X-S =       0.222196 mb/sr,

    22.50 deg.: X-S =       0.211994 mb/sr,

    23.00 deg.: X-S =       0.202225 mb/sr,

    23.50 deg.: X-S =       0.192893 mb/sr,

    24.00 deg.: X-S =       0.184000 mb/sr,

    24.50 deg.: X-S =       0.175545 mb/sr,

    25.00 deg.: X-S =       0.167522 mb/sr,

    25.50 deg.: X-S =       0.159927 mb/sr,

    26.00 deg.: X-S =       0.152751 mb/sr,

    26.50 deg.: X-S =       0.145984 mb/sr,

    27.00 deg.: X-S =       0.139614 mb/sr,

    27.50 deg.: X-S =       0.133628 mb/sr,

    28.00 deg.: X-S =       0.128012 mb/sr,

    28.50 deg.: X-S =       0.122751 mb/sr,

    29.00 deg.: X-S =       0.117829 mb/sr,

    29.50 deg.: X-S =       0.113231 mb/sr,

    30.00 deg.: X-S =       0.108939 mb/sr,

    30.50 deg.: X-S =       0.104938 mb/sr,

    31.00 deg.: X-S =       0.101211 mb/sr,

    31.50 deg.: X-S =       0.097741 mb/sr,

    32.00 deg.: X-S =       0.094511 mb/sr,

    32.50 deg.: X-S =       0.091505 mb/sr,

    33.00 deg.: X-S =       0.088705 mb/sr,

    33.50 deg.: X-S =       0.086096 mb/sr,

    34.00 deg.: X-S =       0.083658 mb/sr,

    34.50 deg.: X-S =       0.081377 mb/sr,

    35.00 deg.: X-S =       0.079236 mb/sr,

    35.50 deg.: X-S =       0.077219 mb/sr,

    36.00 deg.: X-S =       0.075311 mb/sr,

    36.50 deg.: X-S =       0.073498 mb/sr,

    37.00 deg.: X-S =       0.071767 mb/sr,

    37.50 deg.: X-S =       0.070106 mb/sr,

    38.00 deg.: X-S =       0.068506 mb/sr,

    38.50 deg.: X-S =       0.066958 mb/sr,

    39.00 deg.: X-S =       0.065454 mb/sr,

    39.50 deg.: X-S =       0.063988 mb/sr,

    40.00 deg.: X-S =       0.062556 mb/sr,

    40.50 deg.: X-S =       0.061156 mb/sr,

    41.00 deg.: X-S =       0.059784 mb/sr,

    41.50 deg.: X-S =       0.058440 mb/sr,

    42.00 deg.: X-S =       0.057124 mb/sr,

    42.50 deg.: X-S =       0.055835 mb/sr,

    43.00 deg.: X-S =       0.054575 mb/sr,

    43.50 deg.: X-S =       0.053344 mb/sr,

    44.00 deg.: X-S =       0.052143 mb/sr,

    44.50 deg.: X-S =       0.050974 mb/sr,

    45.00 deg.: X-S =       0.049838 mb/sr,

    45.50 deg.: X-S =       0.048736 mb/sr,

    46.00 deg.: X-S =       0.047669 mb/sr,

    46.50 deg.: X-S =       0.046638 mb/sr,

    47.00 deg.: X-S =       0.045644 mb/sr,

    47.50 deg.: X-S =       0.044688 mb/sr,

    48.00 deg.: X-S =       0.043770 mb/sr,

    48.50 deg.: X-S =       0.042891 mb/sr,

    49.00 deg.: X-S =       0.042053 mb/sr,

    49.50 deg.: X-S =       0.041254 mb/sr,

    50.00 deg.: X-S =       0.040495 mb/sr,

    50.50 deg.: X-S =       0.039777 mb/sr,

    51.00 deg.: X-S =       0.039098 mb/sr,

    51.50 deg.: X-S =       0.038457 mb/sr,

    52.00 deg.: X-S =       0.037854 mb/sr,

    52.50 deg.: X-S =       0.037286 mb/sr,

    53.00 deg.: X-S =       0.036752 mb/sr,

    53.50 deg.: X-S =       0.036249 mb/sr,

    54.00 deg.: X-S =       0.035775 mb/sr,

    54.50 deg.: X-S =       0.035327 mb/sr,

    55.00 deg.: X-S =       0.034901 mb/sr,

    55.50 deg.: X-S =       0.034494 mb/sr,

    56.00 deg.: X-S =       0.034104 mb/sr,

    56.50 deg.: X-S =       0.033726 mb/sr,

    57.00 deg.: X-S =       0.033358 mb/sr,

    57.50 deg.: X-S =       0.032998 mb/sr,

    58.00 deg.: X-S =       0.032642 mb/sr,

    58.50 deg.: X-S =       0.032288 mb/sr,

    59.00 deg.: X-S =       0.031935 mb/sr,

    59.50 deg.: X-S =       0.031580 mb/sr,

    60.00 deg.: X-S =       0.031223 mb/sr,

    60.50 deg.: X-S =       0.030861 mb/sr,

    61.00 deg.: X-S =       0.030495 mb/sr,

    61.50 deg.: X-S =       0.030124 mb/sr,

    62.00 deg.: X-S =       0.029748 mb/sr,

    62.50 deg.: X-S =       0.029365 mb/sr,

    63.00 deg.: X-S =       0.028977 mb/sr,

    63.50 deg.: X-S =       0.028583 mb/sr,

    64.00 deg.: X-S =       0.028183 mb/sr,

    64.50 deg.: X-S =       0.027779 mb/sr,

    65.00 deg.: X-S =       0.027369 mb/sr,

    65.50 deg.: X-S =       0.026956 mb/sr,

    66.00 deg.: X-S =       0.026538 mb/sr,

    66.50 deg.: X-S =       0.026118 mb/sr,

    67.00 deg.: X-S =       0.025695 mb/sr,

    67.50 deg.: X-S =       0.025270 mb/sr,

    68.00 deg.: X-S =       0.024844 mb/sr,

    68.50 deg.: X-S =       0.024419 mb/sr,

    69.00 deg.: X-S =       0.023993 mb/sr,

    69.50 deg.: X-S =       0.023570 mb/sr,

    70.00 deg.: X-S =       0.023149 mb/sr,

    70.50 deg.: X-S =       0.022731 mb/sr,

    71.00 deg.: X-S =       0.022317 mb/sr,

    71.50 deg.: X-S =       0.021909 mb/sr,

    72.00 deg.: X-S =       0.021507 mb/sr,

    72.50 deg.: X-S =       0.021111 mb/sr,

    73.00 deg.: X-S =       0.020723 mb/sr,

    73.50 deg.: X-S =       0.020343 mb/sr,

    74.00 deg.: X-S =       0.019971 mb/sr,

    74.50 deg.: X-S =       0.019608 mb/sr,

    75.00 deg.: X-S =       0.019255 mb/sr,

    75.50 deg.: X-S =       0.018910 mb/sr,

    76.00 deg.: X-S =       0.018575 mb/sr,

    76.50 deg.: X-S =       0.018249 mb/sr,

    77.00 deg.: X-S =       0.017932 mb/sr,

    77.50 deg.: X-S =       0.017623 mb/sr,

    78.00 deg.: X-S =       0.017321 mb/sr,

    78.50 deg.: X-S =       0.017027 mb/sr,

    79.00 deg.: X-S =       0.016740 mb/sr,

    79.50 deg.: X-S =       0.016459 mb/sr,

    80.00 deg.: X-S =       0.016183 mb/sr,

    80.50 deg.: X-S =       0.015912 mb/sr,

    81.00 deg.: X-S =       0.015646 mb/sr,

    81.50 deg.: X-S =       0.015384 mb/sr,

    82.00 deg.: X-S =       0.015126 mb/sr,

    82.50 deg.: X-S =       0.014871 mb/sr,

    83.00 deg.: X-S =       0.014620 mb/sr,

    83.50 deg.: X-S =       0.014372 mb/sr,

    84.00 deg.: X-S =       0.014127 mb/sr,

    84.50 deg.: X-S =       0.013884 mb/sr,

    85.00 deg.: X-S =       0.013645 mb/sr,

    85.50 deg.: X-S =       0.013408 mb/sr,

    86.00 deg.: X-S =       0.013174 mb/sr,

    86.50 deg.: X-S =       0.012941 mb/sr,

    87.00 deg.: X-S =       0.012711 mb/sr,

    87.50 deg.: X-S =       0.012482 mb/sr,

    88.00 deg.: X-S =       0.012255 mb/sr,

    88.50 deg.: X-S =       0.012028 mb/sr,

    89.00 deg.: X-S =       0.011802 mb/sr,

    89.50 deg.: X-S =       0.011577 mb/sr,

    90.00 deg.: X-S =       0.011352 mb/sr,

    90.50 deg.: X-S =       0.011127 mb/sr,

    91.00 deg.: X-S =       0.010903 mb/sr,

    91.50 deg.: X-S =       0.010679 mb/sr,

    92.00 deg.: X-S =       0.010455 mb/sr,

    92.50 deg.: X-S =       0.010233 mb/sr,

    93.00 deg.: X-S =       0.010012 mb/sr,

    93.50 deg.: X-S =       0.009793 mb/sr,

    94.00 deg.: X-S =       0.009576 mb/sr,

    94.50 deg.: X-S =       0.009362 mb/sr,

    95.00 deg.: X-S =       0.009152 mb/sr,

    95.50 deg.: X-S =       0.008945 mb/sr,

    96.00 deg.: X-S =       0.008743 mb/sr,

    96.50 deg.: X-S =       0.008544 mb/sr,

    97.00 deg.: X-S =       0.008351 mb/sr,

    97.50 deg.: X-S =       0.008162 mb/sr,

    98.00 deg.: X-S =       0.007978 mb/sr,

    98.50 deg.: X-S =       0.007799 mb/sr,

    99.00 deg.: X-S =       0.007625 mb/sr,

    99.50 deg.: X-S =       0.007456 mb/sr,

   100.00 deg.: X-S =       0.007292 mb/sr,

   100.50 deg.: X-S =       0.007132 mb/sr,

   101.00 deg.: X-S =       0.006978 mb/sr,

   101.50 deg.: X-S =       0.006828 mb/sr,

   102.00 deg.: X-S =       0.006683 mb/sr,

   102.50 deg.: X-S =       0.006543 mb/sr,

   103.00 deg.: X-S =       0.006409 mb/sr,

   103.50 deg.: X-S =       0.006279 mb/sr,

   104.00 deg.: X-S =       0.006155 mb/sr,

   104.50 deg.: X-S =       0.006037 mb/sr,

   105.00 deg.: X-S =       0.005925 mb/sr,

   105.50 deg.: X-S =       0.005818 mb/sr,

   106.00 deg.: X-S =       0.005717 mb/sr,

   106.50 deg.: X-S =       0.005622 mb/sr,

   107.00 deg.: X-S =       0.005532 mb/sr,

   107.50 deg.: X-S =       0.005449 mb/sr,

   108.00 deg.: X-S =       0.005370 mb/sr,

   108.50 deg.: X-S =       0.005296 mb/sr,

   109.00 deg.: X-S =       0.005228 mb/sr,

   109.50 deg.: X-S =       0.005163 mb/sr,

   110.00 deg.: X-S =       0.005103 mb/sr,

   110.50 deg.: X-S =       0.005047 mb/sr,

   111.00 deg.: X-S =       0.004994 mb/sr,

   111.50 deg.: X-S =       0.004944 mb/sr,

   112.00 deg.: X-S =       0.004897 mb/sr,

   112.50 deg.: X-S =       0.004853 mb/sr,

   113.00 deg.: X-S =       0.004812 mb/sr,

   113.50 deg.: X-S =       0.004773 mb/sr,

   114.00 deg.: X-S =       0.004736 mb/sr,

   114.50 deg.: X-S =       0.004702 mb/sr,

   115.00 deg.: X-S =       0.004669 mb/sr,

   115.50 deg.: X-S =       0.004639 mb/sr,

   116.00 deg.: X-S =       0.004612 mb/sr,

   116.50 deg.: X-S =       0.004586 mb/sr,

   117.00 deg.: X-S =       0.004563 mb/sr,

   117.50 deg.: X-S =       0.004541 mb/sr,

   118.00 deg.: X-S =       0.004522 mb/sr,

   118.50 deg.: X-S =       0.004506 mb/sr,

   119.00 deg.: X-S =       0.004491 mb/sr,

   119.50 deg.: X-S =       0.004478 mb/sr,

   120.00 deg.: X-S =       0.004467 mb/sr,

   120.50 deg.: X-S =       0.004459 mb/sr,

   121.00 deg.: X-S =       0.004452 mb/sr,

   121.50 deg.: X-S =       0.004447 mb/sr,

   122.00 deg.: X-S =       0.004444 mb/sr,

   122.50 deg.: X-S =       0.004442 mb/sr,

   123.00 deg.: X-S =       0.004443 mb/sr,

   123.50 deg.: X-S =       0.004445 mb/sr,

   124.00 deg.: X-S =       0.004449 mb/sr,

   124.50 deg.: X-S =       0.004456 mb/sr,

   125.00 deg.: X-S =       0.004464 mb/sr,

   125.50 deg.: X-S =       0.004475 mb/sr,

   126.00 deg.: X-S =       0.004489 mb/sr,

   126.50 deg.: X-S =       0.004505 mb/sr,

   127.00 deg.: X-S =       0.004525 mb/sr,

   127.50 deg.: X-S =       0.004547 mb/sr,

   128.00 deg.: X-S =       0.004573 mb/sr,

   128.50 deg.: X-S =       0.004602 mb/sr,

   129.00 deg.: X-S =       0.004634 mb/sr,

   129.50 deg.: X-S =       0.004670 mb/sr,

   130.00 deg.: X-S =       0.004709 mb/sr,

   130.50 deg.: X-S =       0.004752 mb/sr,

   131.00 deg.: X-S =       0.004799 mb/sr,

   131.50 deg.: X-S =       0.004849 mb/sr,

   132.00 deg.: X-S =       0.004902 mb/sr,

   132.50 deg.: X-S =       0.004958 mb/sr,

   133.00 deg.: X-S =       0.005018 mb/sr,

   133.50 deg.: X-S =       0.005080 mb/sr,

   134.00 deg.: X-S =       0.005146 mb/sr,

   134.50 deg.: X-S =       0.005214 mb/sr,

   135.00 deg.: X-S =       0.005285 mb/sr,

   135.50 deg.: X-S =       0.005359 mb/sr,

   136.00 deg.: X-S =       0.005436 mb/sr,

   136.50 deg.: X-S =       0.005515 mb/sr,

   137.00 deg.: X-S =       0.005596 mb/sr,

   137.50 deg.: X-S =       0.005680 mb/sr,

   138.00 deg.: X-S =       0.005767 mb/sr,

   138.50 deg.: X-S =       0.005856 mb/sr,

   139.00 deg.: X-S =       0.005947 mb/sr,

   139.50 deg.: X-S =       0.006040 mb/sr,

   140.00 deg.: X-S =       0.006136 mb/sr,

   140.50 deg.: X-S =       0.006234 mb/sr,

   141.00 deg.: X-S =       0.006333 mb/sr,

   141.50 deg.: X-S =       0.006434 mb/sr,

   142.00 deg.: X-S =       0.006537 mb/sr,

   142.50 deg.: X-S =       0.006642 mb/sr,

   143.00 deg.: X-S =       0.006748 mb/sr,

   143.50 deg.: X-S =       0.006855 mb/sr,

   144.00 deg.: X-S =       0.006964 mb/sr,

   144.50 deg.: X-S =       0.007075 mb/sr,

   145.00 deg.: X-S =       0.007186 mb/sr,

   145.50 deg.: X-S =       0.007299 mb/sr,

   146.00 deg.: X-S =       0.007413 mb/sr,

   146.50 deg.: X-S =       0.007528 mb/sr,

   147.00 deg.: X-S =       0.007645 mb/sr,

   147.50 deg.: X-S =       0.007764 mb/sr,

   148.00 deg.: X-S =       0.007883 mb/sr,

   148.50 deg.: X-S =       0.008005 mb/sr,

   149.00 deg.: X-S =       0.008128 mb/sr,

   149.50 deg.: X-S =       0.008254 mb/sr,

   150.00 deg.: X-S =       0.008381 mb/sr,

   150.50 deg.: X-S =       0.008511 mb/sr,

   151.00 deg.: X-S =       0.008643 mb/sr,

   151.50 deg.: X-S =       0.008778 mb/sr,

   152.00 deg.: X-S =       0.008916 mb/sr,

   152.50 deg.: X-S =       0.009057 mb/sr,

   153.00 deg.: X-S =       0.009201 mb/sr,

   153.50 deg.: X-S =       0.009349 mb/sr,

   154.00 deg.: X-S =       0.009500 mb/sr,

   154.50 deg.: X-S =       0.009655 mb/sr,

   155.00 deg.: X-S =       0.009814 mb/sr,

   155.50 deg.: X-S =       0.009976 mb/sr,

   156.00 deg.: X-S =       0.010142 mb/sr,

   156.50 deg.: X-S =       0.010312 mb/sr,

   157.00 deg.: X-S =       0.010485 mb/sr,

   157.50 deg.: X-S =       0.010662 mb/sr,

   158.00 deg.: X-S =       0.010842 mb/sr,

   158.50 deg.: X-S =       0.011025 mb/sr,

   159.00 deg.: X-S =       0.011211 mb/sr,

   159.50 deg.: X-S =       0.011400 mb/sr,

   160.00 deg.: X-S =       0.011592 mb/sr,

   160.50 deg.: X-S =       0.011787 mb/sr,

   161.00 deg.: X-S =       0.011984 mb/sr,

   161.50 deg.: X-S =       0.012185 mb/sr,

   162.00 deg.: X-S =       0.012388 mb/sr,

   162.50 deg.: X-S =       0.012595 mb/sr,

   163.00 deg.: X-S =       0.012804 mb/sr,

   163.50 deg.: X-S =       0.013015 mb/sr,

   164.00 deg.: X-S =       0.013229 mb/sr,

   164.50 deg.: X-S =       0.013444 mb/sr,

   165.00 deg.: X-S =       0.013660 mb/sr,

   165.50 deg.: X-S =       0.013877 mb/sr,

   166.00 deg.: X-S =       0.014094 mb/sr,

   166.50 deg.: X-S =       0.014311 mb/sr,

   167.00 deg.: X-S =       0.014525 mb/sr,

   167.50 deg.: X-S =       0.014737 mb/sr,

   168.00 deg.: X-S =       0.014946 mb/sr,

   168.50 deg.: X-S =       0.015150 mb/sr,

   169.00 deg.: X-S =       0.015350 mb/sr,

   169.50 deg.: X-S =       0.015544 mb/sr,

   170.00 deg.: X-S =       0.015733 mb/sr,

   170.50 deg.: X-S =       0.015915 mb/sr,

   171.00 deg.: X-S =       0.016091 mb/sr,

   171.50 deg.: X-S =       0.016260 mb/sr,

   172.00 deg.: X-S =       0.016423 mb/sr,

   172.50 deg.: X-S =       0.016580 mb/sr,

   173.00 deg.: X-S =       0.016729 mb/sr,

   173.50 deg.: X-S =       0.016872 mb/sr,

   174.00 deg.: X-S =       0.017009 mb/sr,

   174.50 deg.: X-S =       0.017138 mb/sr,

   175.00 deg.: X-S =       0.017260 mb/sr,

   175.50 deg.: X-S =       0.017374 mb/sr,

   176.00 deg.: X-S =       0.017479 mb/sr,

   176.50 deg.: X-S =       0.017574 mb/sr,

   177.00 deg.: X-S =       0.017660 mb/sr,

   177.50 deg.: X-S =       0.017734 mb/sr,

   178.00 deg.: X-S =       0.017796 mb/sr,

   178.50 deg.: X-S =       0.017846 mb/sr,

   179.00 deg.: X-S =       0.017881 mb/sr,

   179.50 deg.: X-S =       0.017903 mb/sr,

   180.00 deg.: X-S =       0.017910 mb/sr,

                                           Integrated  4.7551E-01 mb, over [   0.000, 180.000] at    32.0000 MeV 
 Finished all xsecs @    11.9878769    



 Mean components of Elastic Optical Potential generated by channel couplings of type  1

     0.200     0.0000     0.0000     0.0000     0.0000     0.0000     0.0000
     0.400     0.0000     0.0000     0.0000     0.0000     0.0000     0.0000
     0.600     0.0000     0.0000     0.0000     0.0000     0.0000     0.0000
     0.800     0.0000     0.0000     0.0000     0.0000     0.0000     0.0000
     1.000     0.0000     0.0000     0.0000     0.0000     0.0000     0.0000
     1.200     0.0000     0.0000     0.0000     0.0000     0.0000     0.0000
     1.400     0.0000     0.0000     0.0000     0.0000     0.0000     0.0000
     1.600     0.0000     0.0000     0.0000     0.0000     0.0000     0.0000
     1.800     0.0000     0.0000     0.0000     0.0000     0.0000     0.0000
     2.000     0.0000     0.0000     0.0000     0.0000     0.0000     0.0000
     2.200     0.0000     0.0000     0.0000     0.0000     0.0000     0.0000
     2.400     0.0000     0.0000     0.0000     0.0000     0.0000     0.0000
     2.600     0.0000     0.0000     0.0000     0.0000     0.0000     0.0000
     2.800     0.0000     0.0000     0.0000     0.0000     0.0000     0.0000
     3.000     0.0000     0.0000     0.0000     0.0000     0.0000     0.0000
     3.200     0.0000     0.0000     0.0000     0.0000     0.0000     0.0000
     3.400     0.0000     0.0000     0.0000     0.0000     0.0000     0.0000
     3.600     0.0000     0.0000     0.0000     0.0000     0.0000     0.0000
     3.800     0.0000     0.0000     0.0000     0.0000     0.0000     0.0000
     4.000     0.0000     0.0000     0.0000     0.0000     0.0000     0.0000
     4.200     0.0000     0.0000     0.0000     0.0000     0.0000     0.0000
     4.400     0.0000     0.0000     0.0000     0.0000     0.0000     0.0000
     4.600     0.0000     0.0000     0.0000     0.0000     0.0000     0.0000
     4.800     0.0000     0.0000     0.0000     0.0000     0.0000     0.0000
     5.000     0.0000     0.0000     0.0000     0.0000     0.0000     0.0000
     5.200     0.0000     0.0000     0.0000     0.0000     0.0000     0.0000
     5.400     0.0000     0.0000     0.0000     0.0000     0.0000     0.0000
     5.600     0.0000     0.0000     0.0000     0.0000     0.0000     0.0000
     5.800     0.0000     0.0000     0.0000     0.0000     0.0000     0.0000
     6.000     0.0000     0.0000     0.0000     0.0000     0.0000     0.0000
     6.200     0.0000     0.0000     0.0000     0.0000     0.0000     0.0000
     6.400     0.0000     0.0000     0.0000     0.0000     0.0000     0.0000
     6.600     0.0000     0.0000     0.0000     0.0000     0.0000     0.0000
     6.800     0.0000     0.0000     0.0000     0.0000     0.0000     0.0000
     7.000     0.0000     0.0000     0.0000     0.0000     0.0000     0.0000
     7.200     0.0000     0.0000     0.0000     0.0000     0.0000     0.0000
     7.400     0.0000     0.0000     0.0000     0.0000     0.0000     0.0000
     7.600     0.0000     0.0000     0.0000     0.0000     0.0000     0.0000
     7.800     0.0000     0.0000     0.0000     0.0000     0.0000     0.0000
     8.000     0.0000     0.0000     0.0000     0.0000     0.0000     0.0000
     8.200     0.0000     0.0000     0.0000     0.0000     0.0000     0.0000
     8.400     0.0000     0.0000     0.0000     0.0000     0.0000     0.0000
     8.600     0.0000     0.0000     0.0000     0.0000     0.0000     0.0000
     8.800     0.0000     0.0000     0.0000     0.0000     0.0000     0.0000
     9.000     0.0000     0.0000     0.0000     0.0000     0.0000     0.0000
     9.200     0.0000     0.0000     0.0000     0.0000     0.0000     0.0000
     9.400     0.0000     0.0000     0.0000     0.0000     0.0000     0.0000
     9.600     0.0000     0.0000     0.0000     0.0000     0.0000     0.0000
     9.800     0.0000     0.0000     0.0000     0.0000     0.0000     0.0000
    10.000     0.0000     0.0000     0.0000     0.0000     0.0000     0.0000
    10.200     0.0000     0.0000     0.0000     0.0000     0.0000     0.0000
    10.400     0.0000     0.0000     0.0000     0.0000     0.0000     0.0000
    10.600     0.0000     0.0000     0.0000     0.0000     0.0000     0.0000
    10.800     0.0000     0.0000     0.0000     0.0000     0.0000     0.0000
    11.000     0.0000     0.0000     0.0000     0.0000     0.0000     0.0000
    11.200     0.0000     0.0000     0.0000     0.0000     0.0000     0.0000
    11.400     0.0000     0.0000     0.0000     0.0000     0.0000     0.0000
    11.600     0.0000     0.0000     0.0000     0.0000     0.0000     0.0000
    11.800     0.0000     0.0000     0.0000     0.0000     0.0000     0.0000
    12.000     0.0000     0.0000     0.0000     0.0000     0.0000     0.0000
    12.200     0.0000     0.0000     0.0000     0.0000     0.0000     0.0000
    12.400     0.0000     0.0000     0.0000     0.0000     0.0000     0.0000
    12.600     0.0000     0.0000     0.0000     0.0000     0.0000     0.0000
    12.800     0.0000     0.0000     0.0000     0.0000     0.0000     0.0000
    13.000     0.0000     0.0000     0.0000     0.0000     0.0000     0.0000
    13.200     0.0000     0.0000     0.0000     0.0000     0.0000     0.0000
    13.400     0.0000     0.0000     0.0000     0.0000     0.0000     0.0000
    13.600     0.0000     0.0000     0.0000     0.0000     0.0000     0.0000
    13.800     0.0000     0.0000     0.0000     0.0000     0.0000     0.0000
    14.000     0.0000     0.0000     0.0000     0.0000     0.0000     0.0000
    14.200     0.0000     0.0000     0.0000     0.0000     0.0000     0.0000
    14.400     0.0000     0.0000     0.0000     0.0000     0.0000     0.0000
    14.600     0.0000     0.0000     0.0000     0.0000     0.0000     0.0000
    14.800     0.0000     0.0000     0.0000     0.0000     0.0000     0.0000
    15.000     0.0000     0.0000     0.0000     0.0000     0.0000     0.0000
    15.200     0.0000     0.0000     0.0000     0.0000     0.0000     0.0000
    15.400     0.0000     0.0000     0.0000     0.0000     0.0000     0.0000
    15.600     0.0000     0.0000     0.0000     0.0000     0.0000     0.0000
    15.800     0.0000     0.0000     0.0000     0.0000     0.0000     0.0000
    16.000     0.0000     0.0000     0.0000     0.0000     0.0000     0.0000
    16.200     0.0000     0.0000     0.0000     0.0000     0.0000     0.0000
    16.400     0.0000     0.0000     0.0000     0.0000     0.0000     0.0000
    16.600     0.0000     0.0000     0.0000     0.0000     0.0000     0.0000
    16.800     0.0000     0.0000     0.0000     0.0000     0.0000     0.0000
    17.000     0.0000     0.0000     0.0000     0.0000     0.0000     0.0000
    17.200     0.0000     0.0000     0.0000     0.0000     0.0000     0.0000
    17.400     0.0000     0.0000     0.0000     0.0000     0.0000     0.0000
    17.600     0.0000     0.0000     0.0000     0.0000     0.0000     0.0000
    17.800     0.0000     0.0000     0.0000     0.0000     0.0000     0.0000
    18.000     0.0000     0.0000     0.0000     0.0000     0.0000     0.0000
    18.200     0.0000     0.0000     0.0000     0.0000     0.0000     0.0000
    18.400     0.0000     0.0000     0.0000     0.0000     0.0000     0.0000
    18.600     0.0000     0.0000     0.0000     0.0000     0.0000     0.0000
    18.800     0.0000     0.0000     0.0000     0.0000     0.0000     0.0000
    19.000     0.0000     0.0000     0.0000     0.0000     0.0000     0.0000
    19.200     0.0000     0.0000     0.0000     0.0000     0.0000     0.0000
    19.400     0.0000     0.0000     0.0000     0.0000     0.0000     0.0000
    19.600     0.0000     0.0000     0.0000     0.0000     0.0000     0.0000
    19.800     0.0000     0.0000     0.0000     0.0000     0.0000     0.0000
    20.000     0.0000     0.0000     0.0000     0.0000     0.0000     0.0000
    20.200     0.0000     0.0000     0.0000     0.0000     0.0000     0.0000
    20.400     0.0000     0.0000     0.0000     0.0000     0.0000     0.0000
    20.600     0.0000     0.0000     0.0000     0.0000     0.0000     0.0000
    20.800     0.0000     0.0000     0.0000     0.0000     0.0000     0.0000
    21.000     0.0000     0.0000     0.0000     0.0000     0.0000     0.0000
    21.200     0.0000     0.0000     0.0000     0.0000     0.0000     0.0000
    21.400     0.0000     0.0000     0.0000     0.0000     0.0000     0.0000
    21.600     0.0000     0.0000     0.0000     0.0000     0.0000     0.0000
    21.800     0.0000     0.0000     0.0000     0.0000     0.0000     0.0000
    22.000     0.0000     0.0000     0.0000     0.0000     0.0000     0.0000
    22.200     0.0000     0.0000     0.0000     0.0000     0.0000     0.0000
    22.400     0.0000     0.0000     0.0000     0.0000     0.0000     0.0000
    22.600     0.0000     0.0000     0.0000     0.0000     0.0000     0.0000
    22.800     0.0000     0.0000     0.0000     0.0000     0.0000     0.0000
    23.000     0.0000     0.0000     0.0000     0.0000     0.0000     0.0000
    23.200     0.0000     0.0000     0.0000     0.0000     0.0000     0.0000
    23.400     0.0000     0.0000     0.0000     0.0000     0.0000     0.0000
    23.600     0.0000     0.0000     0.0000     0.0000     0.0000     0.0000
    23.800     0.0000     0.0000     0.0000     0.0000     0.0000     0.0000
    24.000     0.0000     0.0000     0.0000     0.0000     0.0000     0.0000
    24.200     0.0000     0.0000     0.0000     0.0000     0.0000     0.0000
    24.400     0.0000     0.0000     0.0000     0.0000     0.0000     0.0000
    24.600     0.0000     0.0000     0.0000     0.0000     0.0000     0.0000
    24.800     0.0000     0.0000     0.0000     0.0000     0.0000     0.0000
    25.000     0.0000     0.0000     0.0000     0.0000     0.0000     0.0000
    25.200     0.0000     0.0000     0.0000     0.0000     0.0000     0.0000
    25.400     0.0000     0.0000     0.0000     0.0000     0.0000     0.0000
    25.600     0.0000     0.0000     0.0000     0.0000     0.0000     0.0000
    25.800     0.0000     0.0000     0.0000     0.0000     0.0000     0.0000
    26.000     0.0000     0.0000     0.0000     0.0000     0.0000     0.0000
    26.200     0.0000     0.0000     0.0000     0.0000     0.0000     0.0000
    26.400     0.0000     0.0000     0.0000     0.0000     0.0000     0.0000
    26.600     0.0000     0.0000     0.0000     0.0000     0.0000     0.0000
    26.800     0.0000     0.0000     0.0000     0.0000     0.0000     0.0000
    27.000     0.0000     0.0000     0.0000     0.0000     0.0000     0.0000
    27.200     0.0000     0.0000     0.0000     0.0000     0.0000     0.0000
    27.400     0.0000     0.0000     0.0000     0.0000     0.0000     0.0000
    27.600     0.0000     0.0000     0.0000     0.0000     0.0000     0.0000
    27.800     0.0000     0.0000     0.0000     0.0000     0.0000     0.0000
    28.000     0.0000     0.0000     0.0000     0.0000     0.0000     0.0000
    28.200     0.0000     0.0000     0.0000     0.0000     0.0000     0.0000
    28.400     0.0000     0.0000     0.0000     0.0000     0.0000     0.0000
    28.600     0.0000     0.0000     0.0000     0.0000     0.0000     0.0000
    28.800     0.0000     0.0000     0.0000     0.0000     0.0000     0.0000
    29.000     0.0000     0.0000     0.0000     0.0000     0.0000     0.0000
    29.200     0.0000     0.0000     0.0000     0.0000     0.0000     0.0000
    29.400     0.0000     0.0000     0.0000     0.0000     0.0000     0.0000
    29.600     0.0000     0.0000     0.0000     0.0000     0.0000     0.0000
    29.800     0.0000     0.0000     0.0000     0.0000     0.0000     0.0000
    30.000     0.0000     0.0000     0.0000     0.0000     0.0000     0.0000

 BPM: Using the real scalar part of the  Elastic Channel Potential

 Incident energy (cm) =  19.191. Fusion inside radius of   3.897 fm.

0Cumulative FUSION cross section by BPM (case 1)   =  0.873E+03  <L> =     5.94  <L**2> =     40.7

 BPM: Using the real scalar part of the  Elastic Channel Potential
 Including CRC local equivalent potential.

 Incident energy (cm) =  19.191. Fusion inside radius of   3.897 fm.

0Cumulative FUSION cross section by BPM (case 2)   =  0.873E+03  <L> =     5.94  <L**2> =     40.7
0Fusion at  32.000 MeV: Bare =  8.734E+02, Actual =  1.352E+03, BPM-equiv =  8.734E+02 mb

  The following files have been created:
   3:local copy of User input.            6:standard output.                   
  12:transfer kernels.                   13:total cross sections/state.        
  15:local equivalent potentials.        16:tables of cross sections.          
  35:Astrophysics S-factors  / Ecm.      39:cross sections for each Ecm.       
  40:all cross sectns. for each Elab.    46:bs wave functions & ANC ratios.    
  56:Fusion for each Jtotal.             75:S-factors for lab energies.        
  90:average polarisation potential.     91:polarisation potl for rereading.   
 201:Separate cross sections.           202:Separate cross sections.           
 203:Separate cross sections.           204:Separate cross sections.           
 205:Separate cross sections.           206:Separate cross sections.           
 207:Separate cross sections.           

 PARAMETERS : MAXQRN   MLOC  LMAX1 MCLIST     MFNL  MPWCOUP
    ALLOWED :      8      9     50      5     3600        0
    REQUIRED:      2      9     35      3      303        0


 ACCURACY ANALYSIS at    32.000 MeV :

  Elastic h*k = 0.182 so OK       compared with 0.200

   Real(S-el) > 0.01 first at J =       0.5
   Real(S-el) > 0.10 first at J =       0.5
   Real(S-el) > 0.50 first at J =       8.5
   Real(S-el) > 0.90 first at J =      10.5
   Real(S-el) > 0.99 first at J =      13.5
   R-turn =    17.21 fm    at J =      30.5

 Forward-angle excitation cut off below   3.029 deg by max JT =      30.5
                              and below   1.720 deg by max R.


 1: Recommended RNL: non-local width >   9.20 cf:  10.00 fm: OK      
    Recommended CENTRE: centration   ~  -0.20 cf:  -0.80 fm


 2: Recommended RNL: non-local width >   8.20 cf:  10.00 fm: OK      
    Recommended CENTRE: centration   ~  -1.50 cf:  -0.80 fm


 3: Recommended RNL: non-local width >   9.20 cf:  10.00 fm: OK      
    Recommended CENTRE: centration   ~  -0.20 cf:  -0.80 fm


 4: Recommended RNL: non-local width >   9.20 cf:  10.00 fm: OK      
    Recommended CENTRE: centration   ~  -0.20 cf:  -0.80 fm


 5: Recommended RNL: non-local width >   9.20 cf:  10.00 fm: OK      
    Recommended CENTRE: centration   ~  -0.20 cf:  -0.80 fm


 6: Recommended RNL: non-local width >   9.20 cf:  10.00 fm: OK      
    Recommended CENTRE: centration   ~  -0.20 cf:  -0.80 fm

