Running on jalapeno
 FRESCOX - version 7.2-4-g8e5699f: Coupled Reaction Channels             on gfortran                      

 Assuming NAMELIST input.

 9Be(6Li,d)13C                                                                                                           

   0.080  18.000   0.160   0.020  15.000   0.120   0.000   0.000   0.000   0.000

 Centre-of-mass Range is    226 * 0.0800 fm., Maximum at  17.92 fm., Interpolating NL forms every  0.16 fm.
 Non - locality width is    753 * 0.0200 fm., Maximum of  15.04 fm., Centred at  0.08 fm.
 2-Nucleon Separation of      0 * 0.1600 fm., Maximum of   0.00 fm., Minimum at  0.00 fm.
 Maximum single particle bins of 17.9200 fm.
               M,Mint =          225         225


 Range of total J is     0.0 <= J <=    25.0 (at least     0.0) and Absorbtion =>     0.0000 mb.
 Dry Run = F, CC set limits =  0  0, Relativistic kinematics =   , Both/Far/Near Analyses =  1                     

 Cross Sections (and up to T0 for 0=projectile) for Theta from   0.0 to 180.0 in steps of  0.5 degrees, DGAM=0, grace=T,  Coordinates = 1 (Mads,Tran)

 Lower Radial Cutoff = maximum of -3.50*L*h &       0.0 fm.,  Lower Cutoff for Couplings =   0.0  fm.


 Iterate Couplings between   1 and   1 times, to  0.000 % if sooner.                                          
  Block solved exactly =   1 chs., with Pade = 0 & Isocen =  =0, NOSOL = F, CCREAL = F, initwf =  0
    Small channels are  0.00E+00 and small couplings are  1.00E-12 of unitarity

  NL quadrature with   48 Gaussian points, Calculate multipoles up to    35 from   0
  M-transfers for lp+lt greater than or equal to  6, Angular Integration Cutoff below  0.3906 %


 Trace switches are :  CHANS =  1, LISTCC =  1, TRENEG =  0, CDETR =  0, SMATS =  1, XSTABL =  3, NLPL =  0

                       WAVES =  0, LAMPL = -2, VEFF =  1, KFUS =  0, WDISK =  2, BPM =  2, MELFIL =  0

                       CDCC =  0, NFUS =  0, TCFILE =  0

 Using unit mass = 1.000000 amu and 1/fine-structure constant = 137.03599 ( 1.000000 * true ) with hc = 197.32705 MeV.fm,
  thus 2*amu/hbar^2 = 0.0478450 = 1/20.9008 and Coulomb constant = 0.1574855 so e^2 =  1.43996515, and nuclear magneton= 0.1261183

 Now pre-scan input and save to file 3



 *********** PARTITION NUMBER  1 ******************************************************************************************

   PROJ=6Li        MASS=  6.0151 Z=   3.0,        # STATES=    1T, TARG=9Be      MASS=  9.0121 Z=   4.0,     Q-VALUE =   0.0000 MeV

   MIXPOT =  0: no couplings (default)

     1:  J= 1.0+ (B# 1), E=  0.0000, K= 0.0              Potl#  1       J= 1.5- (B#-1), E=  0.0000, K= 0.5    


 *********** PARTITION NUMBER  2 ******************************************************************************************

   PROJ=2H         MASS=  2.0141 Z=   1.0,        # STATES=    1T, TARG=13C      MASS= 13.0034 Z=   6.0,     Q-VALUE =   9.1730 MeV

   MIXPOT =  0: no couplings (default)

     1:  J= 1.0+ (B# 1), E=  0.0000, K= 0.0              Potl#  2       J= 1.5- (B#-1), E=  9.8940, K= 0.5    


 ************************************************************************************************************************************

 The following POTENTIALS are defined :

  KP#       TYPE      IT    SHAPE      at     V1        r1        a1        V2        r2        a2        A-in     A-used


                                            A#1       A#2        r0c       ac                                                h @ 1
    1    0=Coulomb       0=CHARGE (WS)  1     9.000     0.000    2.3400    0.0000    0.0000    0.0000     0.000     9.000   0.08000

    1    1=Volume        0=Woods-Saxon  2  174.0000    1.2200    0.7500    5.8400    2.8100    0.6300     0.000     9.000
   --------------------------------------------------------------------------------------------------------------------

                                            A#1       A#2        r0c       ac                                                h @ 2
    2    0=Coulomb       0=CHARGE (WS)  3    13.000     0.000    1.3000    0.0000    0.0000    0.0000     0.000    13.000   0.08000

    2    1=Volume        0=Woods-Saxon  4   92.4100    1.0380    0.7900    0.0000    0.0000    0.0000     0.000    13.000

    2    2=Surface       0=Woods-Saxon  5    0.0000    0.0000    0.0000    9.7500    1.4260    0.6930     0.000    13.000
   --------------------------------------------------------------------------------------------------------------------

                                            A#1       A#2        r0c       ac                                                h @ 0
    3    0=Coulomb       0=CHARGE (WS)  6     1.000     0.000    1.9000    0.0000    0.0000    0.0000     0.000     1.000   0.08000

    3    1=Volume        0=Woods-Saxon  7   79.9000    1.9000    0.6500    0.0000    0.0000    0.0000     0.000     1.000
   --------------------------------------------------------------------------------------------------------------------

                                            A#1       A#2        r0c       ac                                                h @ 0
    4    0=Coulomb       0=CHARGE (WS)  8     1.000     0.000    2.7600    0.0000    0.0000    0.0000     0.000     1.000   0.08000

    4    1=Volume        0=Woods-Saxon  9   50.0000    2.7600    0.6500    0.0000    0.0000    0.0000     0.000     1.000


 ************************************************************************************************************************************

 The following    real SINGLE-PARTICLE FORM FACTORS are  constructed:


 No.   P1 P2 IN KIND T N  L  S1 IA J/S  IB BIND XFER  BE    SC PC FIL AFRAC Adjust  to  Z  Mass   K     Norm    rms      D0     D   ANC/Gsp

    1:  2  1  1  0     2  0 0.0  1 0.0   0   3   0   1.4740  1  0  0 0.0000 VR  0.9698; 2. 4.001 0.3074 1.0000  4.066   68.3   67.8 -2.5409

    2:  1  2  2  0     3  0 0.0  1 0.0   0   4   0   0.7480  1  0  0 0.0000 VR  1.2105; 2. 3.991 0.3146 1.0000  3.921  -24.8   -7.3  1.48E+02

    3:  1  2  2  0     2  2 0.0  1 2.0   0   4   0   0.7480  1  0  0 0.0000 VR  1.2561; 2. 3.991 0.3146 1.0000  3.510    5.8   -6.0-37.9503

 ************************************************************************************************************************************

 ONE-way COUPLING # 1 for partitions -2 <-  1 of KIND  7,   0 -1  0 -1 -1 & P1,P2 =    0.0000   0.0000 : for J <=    25.5 & R <  17.7 fm.


 data =  1  1  1  1  0.8307,  so  < [6Li      #  1] / [2H       #  1]  * Eigen-form #  1>  =   0.8307            BE =  1.474     1

 data =  2  1  1  2  2.6830,  so  < [13C      #  1] / [9Be      #  1]  * Eigen-form #  2>  =   2.6830            BE =  0.748     2

 data =  2  1  1  3  1.2040,  so  < [13C      #  1] / [9Be      #  1]  * Eigen-form #  3>  =   1.2040            BE =  0.748     3
  LOCF =            9
  USED(1,*) =  T F F
  USED(2,*) =  F T T
 KNT =   2, KNP =   1: NK,NG,loc=   1   1   1      10  T  T  F
 KNT =   2, KNP =   1: NK,NG,loc=   1   1   1      10
 KNT =   3, KNP =   1: NK,NG,loc=   2   2   2      11  T  T  F
 KNT =   3, KNP =   1: NK,NG,loc=   2   2   2      11

     So FINITE-RANGE TRANSFER : IP1 = 0 (POST    ), IP2=-1 =COMPLEX     ,  for   2 pairs of bound states summed into   2 pairs
      The main coupling potential is that binding the transferred particle to the 2H       core.

          Using between 2H       & 9Be      the potential No.   2, and subtracting optical potential No.  2

   A real*8 is            8  bytes
   NLL,NLN,NLO =         112         113         189
0File   9 needs RL =   42336    REAL*8 numbers, and NR =    73. i.e.   24.72 Megabytes
   File            9  RECL =      338688
0RECOMMENDED NON-LOCAL WIDTH IS GREATER THAN   13.70 FM.,  RECOMMENDED CENTRATION   1.21, after    0.56 secs.
0Relative non-local usages (rms) are
    0.004   0.004   0.004   0.004   0.005   0.005   0.005   0.005   0.005   0.005   0.006   0.006   0.006   0.006   0.006
    0.006   0.007   0.007   0.007   0.007   0.007   0.008   0.008   0.008   0.008   0.009   0.009   0.009   0.009   0.010
    0.010   0.010   0.010   0.011   0.011   0.011   0.011   0.012   0.012   0.013   0.013   0.013   0.013   0.014   0.014
    0.014   0.015   0.015   0.016   0.016   0.016   0.017   0.017   0.018   0.018   0.018   0.019   0.019   0.020   0.020
    0.021   0.021   0.022   0.022   0.023   0.023   0.024   0.024   0.024   0.025   0.026   0.026   0.027   0.027   0.028
    0.028   0.029   0.030   0.030   0.031   0.032   0.032   0.033   0.034   0.035   0.035   0.036   0.037   0.038   0.039
    0.040   0.041   0.042   0.043   0.044   0.045   0.047   0.048   0.049   0.051   0.052   0.054   0.056   0.058   0.060
    0.061   0.063   0.065   0.067   0.070   0.073   0.076   0.079   0.082   0.084   0.087   0.089   0.094   0.098   0.103
    0.107   0.111   0.114   0.118   0.121   0.128   0.134   0.140   0.146   0.151   0.156   0.161   0.165   0.174   0.183
    0.191   0.198   0.205   0.211   0.217   0.223   0.235   0.246   0.256   0.266   0.275   0.283   0.290   0.296   0.312
    0.326   0.339   0.351   0.361   0.371   0.380   0.388   0.406   0.424   0.439   0.454   0.467   0.478   0.489   0.498
    0.521   0.541   0.560   0.577   0.593   0.607   0.619   0.630   0.657   0.681   0.703   0.723   0.742   0.758   0.773
    0.786   0.817   0.845   0.871   0.895   0.916   0.935   0.953   0.968   1.004   1.037   1.067   1.095   1.120   1.143
    1.164   1.182   1.223   1.261   1.296   1.328   1.358   1.385   1.411   1.433   1.480   1.524   1.565   1.603   1.639
    1.672   1.703   1.732   1.786   1.838   1.887   1.933   1.977   2.018   2.058   2.095   2.162   2.225   2.285   2.343
    2.399   2.453   2.506   2.556   2.641   2.722   2.801   2.877   2.952   3.024   3.095   3.165   3.278   3.388   3.495
    3.599   3.701   3.801   3.899   3.996   4.153   4.305   4.453   4.598   4.739   4.877   5.013   5.146   5.365   5.577
    5.782   5.981   6.174   6.363   6.548   6.728   7.028   7.316   7.593   7.861   8.119   8.369   8.611   8.846   9.239
    9.613   9.971  10.313  10.640  10.952  11.250  11.535  12.013  12.465  12.891  13.293  13.670  14.023  14.353  14.660
   15.175  15.653  16.095  16.502  16.873  17.209  17.509  17.773  18.214  18.609  18.958  19.262  19.518  19.728  19.890
   20.004  20.203  20.351  20.448  20.493  20.486  20.427  20.317  20.155  19.965  19.726  19.441  19.113  18.744  18.337
   17.897  17.428  17.023  16.609  16.198  15.803  15.437  15.113  14.847  14.652  15.513  16.411  17.349  18.325  19.336
   20.376  21.442  22.525  25.560  28.307  30.831  33.169  35.344  37.372  39.262  41.020  44.864  48.325  51.457  54.293
   56.856  59.163  61.226  63.054  66.789  70.134  73.114  75.751  78.060  80.053  81.739  83.130  85.958  88.422  90.535
   92.308  93.750  94.877  95.714  96.266  97.652  98.728  99.486  99.911 100.000  99.756  99.199  98.356  97.254  95.925
   94.398  92.723  90.918  88.997  86.968  84.837  82.612  80.285  77.868  75.371  72.801  70.169  67.500  64.804  62.115
   59.443  56.818  54.256  51.776  49.390  47.100  44.913  42.838  40.878  39.034  37.308  35.699  34.205  32.821  31.543
   30.363  29.273  28.265  27.330  26.459  25.642  24.871  24.138  23.435  22.756  22.095  21.448  20.811  20.181  19.557
   18.939  18.326  17.718  17.116  16.523  15.939  15.368  14.810  14.268  13.745  13.241  12.759  12.299  11.865  11.454
   11.068  10.706  10.370  10.055   9.763   9.492   9.238   9.002   8.781   8.572   8.376   8.189   8.011   7.841   7.678
    7.520   7.368   7.220   7.078   6.941   6.808   6.680   6.558   6.441   6.329   6.224   6.123   6.029   5.939   5.855
    5.776   5.701   5.630   5.563   5.499   5.436   5.376   5.316   5.257   5.198   5.138   5.077   5.015   4.951   4.885
    4.817   4.747   4.675   4.601   4.525   4.448   4.369   4.288   4.207   4.126   4.045   3.963   3.883   3.804   3.727
    3.652   3.579   3.509   3.443   3.380   3.321   3.267   3.216   3.170   3.129   3.092   3.060   3.032   3.009   2.989
    2.974   2.962   2.953   2.947   2.944   2.942   2.943   2.946   2.949   2.954   2.959   2.965   2.971   2.977   2.982
    2.987   2.992   2.995   2.998   3.000   3.001   3.000   2.999   2.996   2.992   2.986   2.979   2.971   2.962   2.951
    2.939   2.926   2.911   2.895   2.879   2.861   2.842   2.822   2.801   2.779   2.756   2.732   2.708   2.683   2.657
    2.630   2.603   2.575   2.547   2.519   2.490   2.460   2.431   2.400   2.370   2.340   2.309   2.278   2.247   2.216
    2.185   2.154   2.123   2.092   2.061   2.030   1.999   1.968   1.938   1.907   1.877   1.847   1.817   1.788   1.758
    1.729   1.700   1.672   1.643   1.615   1.587   1.560   1.533   1.506   1.479   1.453   1.427   1.402   1.376   1.352
    1.327   1.303   1.279   1.255   1.232   1.209   1.187   1.165   1.143   1.121   1.100   1.080   1.059   1.039   1.019
    1.000   0.980   0.962   0.943   0.925   0.907   0.890   0.872   0.855   0.839   0.822   0.806   0.790   0.775   0.760
    0.745   0.730   0.716   0.702   0.688   0.674   0.661   0.648   0.635   0.622   0.610   0.598   0.586   0.574   0.563
    0.551   0.540   0.530   0.519   0.509   0.498   0.488   0.479   0.469   0.460   0.450   0.441   0.432   0.424   0.415
    0.407   0.399   0.391   0.383   0.375   0.368   0.360   0.353   0.346   0.339   0.332   0.325   0.319   0.312   0.306
    0.300   0.294   0.288   0.282   0.276   0.271   0.265   0.260   0.255   0.249   0.244   0.240   0.235   0.230   0.225
    0.221   0.216   0.212   0.208   0.203   0.199   0.195   0.191   0.187   0.184   0.180   0.176   0.173   0.169   0.166
    0.163   0.159   0.156   0.153   0.150   0.147   0.144   0.141   0.138   0.135   0.133   0.130   0.127   0.125   0.122
    0.120   0.117   0.115   0.113   0.110   0.108   0.106   0.104   0.102   0.100   0.098   0.096   0.094   0.092   0.090
    0.088   0.086   0.085   0.083   0.081   0.080   0.078   0.077   0.075   0.074   0.072   0.071   0.069   0.068   0.066
    0.065   0.064   0.063
0Binding Energies: (6Li      # 1 / 2H       # 1)(BE =  1.474)-(13C      # 1 / 9Be      # 1)(BE =  0.748)- DISCREPANCY = -0.0050

 Incoming partition  1 in excitation state # 1,   Laboratory Energy given for partition  1 Nucleus 1 in Excitation pair 1

0Lab. ENERGY ranges :

   from    32.0000     to   0.00000     in        0 intervals
   from    0.00000     to   0.00000     in        0 intervals
   from    0.00000     to   0.00000     in        0 intervals

 Largest real,imaginary parts of any form factor at R=   17.12 are   8.41E-02  9.86E-08 MeV
 Finished all Couplings @   0.564133048    

 Non-symmetric Hamiltonian
1***********************************************************************************************************************************
************************************************************************************************************************************

        INCOMING 6Li      ;    LABORATORY 6Li      ENERGY =   32.000     MeV.

 ***********************************************************************************************************************************
 ***********************************************************************************************************************************

 Allocate arrays for            6  channels, of which            6  need wfs.

 #########################################################################################################################
 #                                                                                                                       #
 # Total SPIN and PARITY =     0.5 +,      6 channels,    3 in 1st block.  Rmin & Coul turning =    0.0 9.004E-01 fm.    #
 #                                                                                                                       #
 #########################################################################################################################



    C Projectl Target   #   EX.   (L  Proj) J  + Targ = Jtotal     E-cm      Re K     Re Eta     RM*K            CH                     G-REL
    1 6Li      9Be      #    1: I   1 1.0    1.0  1.5     0.5    19.19101   1.81996   0.81935   32.6138  -0.11664  -0.49313 1 1 1   1  1.00000
    2 6Li      9Be      #    1: I   1 1.0    2.0  1.5     0.5    19.19101   1.81996   0.81935   32.6138  -0.11664  -0.49313 1 1 1   1  1.00000
    3 6Li      9Be      #    1: I   3 1.0    2.0  1.5     0.5    19.19101   1.81996   0.81935   32.6138  -0.27778   0.42532 1 1 1   1  1.00000
    4 2H       13C      #    1:     1 1.0    1.0  1.5     0.5    18.47001   1.24143   0.29035   22.2464  -0.39324   0.31498 2 1 2   1  1.00000
    5 2H       13C      #    1:     1 1.0    2.0  1.5     0.5    18.47001   1.24143   0.29035   22.2464  -0.39324   0.31498 2 1 2   1  1.00000
    6 2H       13C      #    1:     3 1.0    2.0  1.5     0.5    18.47001   1.24143   0.29035   22.2464   0.49555  -0.10467 2 1 2   1  1.00000

L-couplings:

   1  4  2  1   10  1  0  0.0  1  1  1.0  1.0   1  1.00000  1.00000  2.68300  0.83070 2.228768121103E+00  0.28209    0.629

   1  4  3  1   11  2  2  2.0  1  1  1.0  1.0   1  0.70711 -0.50000  1.20400  0.83070-3.536109405717E-01 -0.39894    0.141

   1  5  3  1   11  2  2  2.0  1  1  1.0  2.0   1 -0.54772 -0.86603  1.20400  0.83070 4.744188604236E-01 -0.39894   -0.189

   1  6  3  1   11  2  2  2.0  1  3  1.0  2.0   1 -0.54772  0.57735  1.20400  0.83070-3.162792402824E-01  0.48860   -0.155

   2  4  3  1   11  2  2  2.0  1  1  2.0  1.0   1  0.70711  0.67082  1.20400  0.83070 4.744188604236E-01 -0.39894   -0.189

   2  5  2  1   10  1  0  0.0  1  1  2.0  2.0   1  1.00000  1.00000  2.68300  0.83070 2.228768121103E+00  0.28209    0.629

   2  5  3  1   11  2  2  2.0  1  1  2.0  2.0   1  0.83666  0.59161  1.20400  0.83070 4.950553168004E-01 -0.39894   -0.197

   2  6  3  1   11  2  2  2.0  1  3  2.0  2.0   1  0.83666  0.16903  1.20400  0.83070 1.414443762287E-01  0.48860    0.069

   3  4  3  1   11  2  2  2.0  3  1  2.0  1.0   3  0.70711 -0.68313  1.20400  0.83070-4.831245197790E-01  0.31987   -0.155

   3  5  3  1   11  2  2  2.0  3  1  2.0  2.0   3  0.83666  0.25820  1.20400  0.83070 2.160598535646E-01  0.31987    0.069

   3  6  2  1   10  1  0  0.0  3  3  2.0  2.0   3  1.00000  1.00000  2.68300  0.83070 2.228768121103E+00  0.28209    0.629

   3  6  3  1   11  2  2  2.0  3  3  2.0  2.0   3  0.83666  0.82808  1.20400  0.83070 6.929330974930E-01 -0.32574   -0.226
 Reaction Xsec     0.5+/ 1 @ 1 =     1.546 , Out:   0.000#   0.063/   1.546f
 Reaction Xsec     0.5+/ 1 @ 2 =     1.546 , Out:   0.000#   0.116/   1.546f
 Reaction Xsec     0.5+/ 3 @ 3 =     1.545 , Out:   0.000#   1.123/   1.544f

 Total SPIN, PARITY =     0.5 -,      6 chs,      3 cc.  Rmin & Coul turning =    0.0    0.9

L-couplings:

   1  4  2  1   10  1  0  0.0  0  0  1.0  1.0   0  1.00000  1.00000  2.68300  0.83070 2.228768121103E+00  0.28209    0.629

   1  5  3  1   11  2  2  2.0  0  2  1.0  1.0   0  0.70711  0.44721  1.20400  0.83070 3.162792402824E-01  0.63078    0.200

   1  6  3  1   11  2  2  2.0  0  2  1.0  2.0   0 -0.54772  0.57735  1.20400  0.83070-3.162792402824E-01  0.63078   -0.200

   2  4  3  1   11  2  2  2.0  2  0  1.0  1.0   2  0.70711  1.00000  1.20400  0.83070 7.072218811434E-01  0.28209    0.200

   2  5  2  1   10  1  0  0.0  2  2  1.0  1.0   2  1.00000  1.00000  2.68300  0.83070 2.228768121103E+00  0.28209    0.629

   2  5  3  1   11  2  2  2.0  2  2  1.0  1.0   2  0.70711  0.59161  1.20400  0.83070 4.183981073198E-01 -0.33717   -0.141

   2  6  3  1   11  2  2  2.0  2  2  1.0  2.0   2 -0.54772 -0.76376  1.20400  0.83070 4.183981073198E-01 -0.33717   -0.141

   3  4  3  1   11  2  2  2.0  2  0  2.0  1.0   2  0.70711 -1.00000  1.20400  0.83070-7.072218811434E-01  0.28209   -0.200

   3  5  3  1   11  2  2  2.0  2  2  2.0  1.0   2  0.70711  0.59161  1.20400  0.83070 4.183981073198E-01 -0.33717   -0.141

   3  6  2  1   10  1  0  0.0  2  2  2.0  2.0   2  1.00000  1.00000  2.68300  0.83070 2.228768121103E+00  0.28209    0.629

   3  6  3  1   11  2  2  2.0  2  2  2.0  2.0   2  0.83666  0.50000  1.20400  0.83070 4.183981073198E-01 -0.33717   -0.141
 Reaction Xsec     0.5-/ 0 @ 1 =     1.546 , Out:   0.000#   0.122/   1.546f
 Reaction Xsec     0.5-/ 2 @ 2 =     1.546 , Out:   0.000#   0.083/   1.546f
 Reaction Xsec     0.5-/ 2 @ 3 =     1.546 , Out:   0.000#   0.083/   1.546f
 Allocate arrays for           10  channels, of which           10  need wfs.

 Total SPIN, PARITY =     1.5 +,     10 chs,      5 cc.  Rmin & Coul turning =    0.2    1.3
 Reaction Xsec     1.5+/ 1 @ 1 =     3.092 , Out:   0.000#   0.155/   3.092f
 Reaction Xsec     1.5+/ 1 @ 2 =     3.092 , Out:   0.000#   0.190/   3.092f
 Reaction Xsec     1.5+/ 1 @ 3 =     3.092 , Out:   0.000#   0.167/   3.092f
 Reaction Xsec     1.5+/ 3 @ 4 =     3.090 , Out:   0.000#   1.339/   3.088f
 Reaction Xsec     1.5+/ 3 @ 5 =     3.090 , Out:   0.000#   2.020/   3.088f

 Total SPIN, PARITY =     1.5 -,     10 chs,      5 cc.  Rmin & Coul turning =    0.2    1.3
 Reaction Xsec     1.5-/ 0 @ 1 =     3.092 , Out:   0.000#   0.420/   3.091f
 Reaction Xsec     1.5-/ 2 @ 2 =     3.093 , Out:   0.000#   0.143/   3.092f
 Reaction Xsec     1.5-/ 2 @ 3 =     3.093 , Out:   0.000#   0.153/   3.092f
 Reaction Xsec     1.5-/ 2 @ 4 =     3.093 , Out:   0.000#   0.161/   3.092f
 Reaction Xsec     1.5-/ 4 @ 5 =     3.095 , Out:   0.000#   1.812/   3.093f
 Allocate arrays for           12  channels, of which           12  need wfs.

 Total SPIN, PARITY =     2.5 +,     12 chs,      6 cc.  Rmin & Coul turning =    0.6    1.9
 Reaction Xsec     2.5+/ 1 @ 1 =     4.638 , Out:   0.000#   4.866/   4.633f
 Reaction Xsec     2.5+/ 1 @ 2 =     4.638 , Out:   0.000#   3.833/   4.634f
 Reaction Xsec     2.5+/ 3 @ 3 =     4.635 , Out:   0.000#   0.981/   4.634f
 Reaction Xsec     2.5+/ 3 @ 4 =     4.635 , Out:   0.000#   1.737/   4.633f
 Reaction Xsec     2.5+/ 3 @ 5 =     4.635 , Out:   0.000#   3.117/   4.632f
 Reaction Xsec     2.5+/ 5 @ 6 =     4.659 , Out:   0.000#   2.582/   4.657f

 Total SPIN, PARITY =     2.5 -,     12 chs,      6 cc.  Rmin & Coul turning =    0.6    1.9
 Reaction Xsec     2.5-/ 0 @ 1 =     4.638 , Out:   0.000#   8.471/   4.629f
 Reaction Xsec     2.5-/ 2 @ 2 =     4.639 , Out:   0.000#   0.150/   4.639f
 Reaction Xsec     2.5-/ 2 @ 3 =     4.639 , Out:   0.000#   0.157/   4.639f
 Reaction Xsec     2.5-/ 2 @ 4 =     4.639 , Out:   0.000#   0.252/   4.639f
 Reaction Xsec     2.5-/ 4 @ 5 =     4.643 , Out:   0.000#   1.930/   4.641f
 Reaction Xsec     2.5-/ 4 @ 6 =     4.643 , Out:   0.000#   2.624/   4.640f

 Total SPIN, PARITY =     3.5 +,     12 chs,      6 cc.  Rmin & Coul turning =    0.8    2.4
 Reaction Xsec     3.5+/ 1 @ 1 =     6.184 , Out:   0.000#   0.019    6.165f
 Reaction Xsec     3.5+/ 3 @ 2 =     6.180 , Out:   0.000#   3.139/   6.176f
 Reaction Xsec     3.5+/ 3 @ 3 =     6.180 , Out:   0.000#   1.627/   6.178f
 Reaction Xsec     3.5+/ 3 @ 4 =     6.180 , Out:   0.000#   2.412/   6.177f
 Reaction Xsec     3.5+/ 5 @ 5 =     6.212 , Out:   0.000#   2.622/   6.210f
 Reaction Xsec     3.5+/ 5 @ 6 =     6.212 , Out:   0.000#   3.384/   6.209f

 Total SPIN, PARITY =     3.5 -,     12 chs,      6 cc.  Rmin & Coul turning =    0.8    2.4
 Reaction Xsec     3.5-/ 2 @ 1 =     6.185 , Out:   0.000#   2.287/   6.183f
 Reaction Xsec     3.5-/ 2 @ 2 =     6.185 , Out:   0.000#   1.106/   6.184f
 Reaction Xsec     3.5-/ 4 @ 3 =     6.190 , Out:   0.000#   1.000/   6.189f
 Reaction Xsec     3.5-/ 4 @ 4 =     6.190 , Out:   0.000#   2.419/   6.188f
 Reaction Xsec     3.5-/ 4 @ 5 =     6.190 , Out:   0.000#   3.542/   6.187f
 Reaction Xsec     3.5-/ 6 @ 6 =     6.207 , Out:   0.000#   1.834/   6.205f

 Total SPIN, PARITY =     4.5 +,     12 chs,      6 cc.  Rmin & Coul turning =    1.1    2.9
 Reaction Xsec     4.5+/ 3 @ 1 =     7.724 , Out:   0.000#   7.166/   7.717f
 Reaction Xsec     4.5+/ 3 @ 2 =     7.724 , Out:   0.000#   4.060/   7.720f
 Reaction Xsec     4.5+/ 5 @ 3 =     7.765 , Out:   0.000#   1.677/   7.764f
 Reaction Xsec     4.5+/ 5 @ 4 =     7.765 , Out:   0.000#   3.168/   7.762f
 Reaction Xsec     4.5+/ 5 @ 5 =     7.765 , Out:   0.000#   4.276/   7.761f
 Reaction Xsec     4.5+/ 7 @ 6 =     7.836 , Out:   0.000#   1.997/   7.834f

 Total SPIN, PARITY =     4.5 -,     12 chs,      6 cc.  Rmin & Coul turning =    1.1    2.9
 Reaction Xsec     4.5-/ 2 @ 1 =     7.731 , Out:   0.000#   0.011    7.720f
 Reaction Xsec     4.5-/ 4 @ 2 =     7.738 , Out:   0.000#   2.707/   7.735f
 Reaction Xsec     4.5-/ 4 @ 3 =     7.738 , Out:   0.000#   1.356/   7.736f
 Reaction Xsec     4.5-/ 4 @ 4 =     7.738 , Out:   0.000#   3.263/   7.734f
 Reaction Xsec     4.5-/ 6 @ 5 =     7.759 , Out:   0.000#   2.862/   7.756f
 Reaction Xsec     4.5-/ 6 @ 6 =     7.759 , Out:   0.000#   2.319/   7.757f

 Total SPIN, PARITY =     5.5 +,     12 chs,      6 cc.  Rmin & Coul turning =    1.4    3.5
 Reaction Xsec     5.5+/ 3 @ 1 =     9.269 , Out:   0.000#   0.010    9.259f
 Reaction Xsec     5.5+/ 5 @ 2 =     9.318 , Out:   0.000#   3.464/   9.315f
 Reaction Xsec     5.5+/ 5 @ 3 =     9.318 , Out:   0.000#   2.045/   9.316f
 Reaction Xsec     5.5+/ 5 @ 4 =     9.318 , Out:   0.000#   3.987/   9.314f
 Reaction Xsec     5.5+/ 7 @ 5 =     9.404 , Out:   0.000#   1.715/   9.402f
 Reaction Xsec     5.5+/ 7 @ 6 =     9.404 , Out:   0.000#   2.373/   9.401f

 Total SPIN, PARITY =     5.5 -,     12 chs,      6 cc.  Rmin & Coul turning =    1.4    3.5
 Reaction Xsec     5.5-/ 4 @ 1 =     9.285 , Out:   0.000#   2.699/   9.282f
 Reaction Xsec     5.5-/ 4 @ 2 =     9.285 , Out:   0.000#   1.231/   9.284f
 Reaction Xsec     5.5-/ 6 @ 3 =     9.311 , Out:   0.000#   0.469/   9.310f
 Reaction Xsec     5.5-/ 6 @ 4 =     9.311 , Out:   0.000#   3.278/   9.308f
 Reaction Xsec     5.5-/ 6 @ 5 =     9.311 , Out:   0.000#   2.765/   9.308f
 Reaction Xsec     5.5-/ 8 @ 6 =     9.446 , Out:   0.000#   2.363/   9.443f

 Total SPIN, PARITY =     6.5 +,     12 chs,      6 cc.  Rmin & Coul turning =    1.7    4.0
 Reaction Xsec     6.5+/ 5 @ 1 =    10.871 , Out:   0.000#   3.187/  10.868f
 Reaction Xsec     6.5+/ 5 @ 2 =    10.871 , Out:   0.000#   1.823/  10.869f
 Reaction Xsec     6.5+/ 7 @ 3 =    10.971 , Out:   0.000#   1.004/  10.970f
 Reaction Xsec     6.5+/ 7 @ 4 =    10.971 , Out:   0.000#   1.964/  10.969f
 Reaction Xsec     6.5+/ 7 @ 5 =    10.971 , Out:   0.000#   2.776/  10.968f
 Reaction Xsec     6.5+/ 9 @ 6 =    10.452 , Out:   0.000#   1.963/  10.450f

 Total SPIN, PARITY =     6.5 -,     12 chs,      6 cc.  Rmin & Coul turning =    1.7    4.0
 Reaction Xsec     6.5-/ 4 @ 1 =    10.833 , Out:   0.000#   1.881/  10.831f
 Reaction Xsec     6.5-/ 6 @ 2 =    10.863 , Out:   0.000#   0.632/  10.862f
 Reaction Xsec     6.5-/ 6 @ 3 =    10.863 , Out:   0.000#   0.534/  10.862f
 Reaction Xsec     6.5-/ 6 @ 4 =    10.863 , Out:   0.000#   3.895/  10.859f
 Reaction Xsec     6.5-/ 8 @ 5 =    11.020 , Out:   0.000#   3.249/  11.017f
 Reaction Xsec     6.5-/ 8 @ 6 =    11.020 , Out:   0.000#   2.769/  11.017f

 Total SPIN, PARITY =     7.5 +,     12 chs,      6 cc.  Rmin & Coul turning =    1.9    4.6
 Reaction Xsec     7.5+/ 5 @ 1 =    12.424 , Out:   0.000#   2.799/  12.422f
 Reaction Xsec     7.5+/ 7 @ 2 =    12.538 , Out:   0.000#   2.189/  12.536f
 Reaction Xsec     7.5+/ 7 @ 3 =    12.538 , Out:   0.000#   1.167/  12.537f
 Reaction Xsec     7.5+/ 7 @ 4 =    12.538 , Out:   0.000#   2.219/  12.536f
 Reaction Xsec     7.5+/ 9 @ 5 =    11.945 , Out:   0.000#   2.643/  11.943f
 Reaction Xsec     7.5+/ 9 @ 6 =    11.945 , Out:   0.000#   2.251/  11.943f

 Total SPIN, PARITY =     7.5 -,     12 chs,      6 cc.  Rmin & Coul turning =    1.9    4.6
 Reaction Xsec     7.5-/ 6 @ 1 =    12.414 , Out:   0.000#   0.822/  12.414f
 Reaction Xsec     7.5-/ 6 @ 2 =    12.414 , Out:   0.000#   0.482/  12.414f
 Reaction Xsec     7.5-/ 8 @ 3 =    12.594 , Out:   0.000#   0.356/  12.594f
 Reaction Xsec     7.5-/ 8 @ 4 =    12.594 , Out:   0.000#   3.614/  12.591f
 Reaction Xsec     7.5-/ 8 @ 5 =    12.594 , Out:   0.000#   3.163/  12.591f
 Reaction Xsec     7.5-/10 @ 6 =    10.158 , Out:   0.000#   0.932/  10.157f

 Total SPIN, PARITY =     8.5 +,     12 chs,      6 cc.  Rmin & Coul turning =    2.2    5.1
 Reaction Xsec     8.5+/ 7 @ 1 =    14.105 , Out:   0.000#   2.387/  14.103f
 Reaction Xsec     8.5+/ 7 @ 2 =    14.105 , Out:   0.000#   1.226/  14.104f
 Reaction Xsec     8.5+/ 9 @ 3 =    13.438 , Out:   0.000#   0.203/  13.438f
 Reaction Xsec     8.5+/ 9 @ 4 =    13.438 , Out:   0.000#   2.909/  13.436f
 Reaction Xsec     8.5+/ 9 @ 5 =    13.438 , Out:   0.000#   2.531/  13.436f
 Reaction Xsec     8.5+/11 @ 6 =     7.560 , Out:   0.000#   0.268/   7.560f

 Total SPIN, PARITY =     8.5 -,     12 chs,      6 cc.  Rmin & Coul turning =    2.2    5.1
 Reaction Xsec     8.5-/ 6 @ 1 =    13.966 , Out:   0.000#   1.115/  13.965f
 Reaction Xsec     8.5-/ 8 @ 2 =    14.169 , Out:   0.000#   0.538/  14.168f
 Reaction Xsec     8.5-/ 8 @ 3 =    14.169 , Out:   0.000#   0.392/  14.168f
 Reaction Xsec     8.5-/ 8 @ 4 =    14.169 , Out:   0.000#   4.087/  14.165f
 Reaction Xsec     8.5-/10 @ 5 =    11.428 , Out:   0.000#   1.235/  11.427f
 Reaction Xsec     8.5-/10 @ 6 =    11.428 , Out:   0.000#   1.051/  11.427f

 Total SPIN, PARITY =     9.5 +,     12 chs,      6 cc.  Rmin & Coul turning =    2.5    5.7
 Reaction Xsec     9.5+/ 7 @ 1 =    15.673 , Out:   0.000#   2.619/  15.670f
 Reaction Xsec     9.5+/ 9 @ 2 =    14.932 , Out:   0.000#   0.299/  14.931f
 Reaction Xsec     9.5+/ 9 @ 3 =    14.932 , Out:   0.000#   0.220/  14.931f
 Reaction Xsec     9.5+/ 9 @ 4 =    14.932 , Out:   0.000#   3.243/  14.928f
 Reaction Xsec     9.5+/11 @ 5 =     8.400 , Out:   0.000#   0.349/   8.400f
 Reaction Xsec     9.5+/11 @ 6 =     8.400 , Out:   0.000#   0.298/   8.400f

 Total SPIN, PARITY =     9.5 -,     12 chs,      6 cc.  Rmin & Coul turning =    2.5    5.7
 Reaction Xsec     9.5-/ 8 @ 1 =    15.743 , Out:   0.000#   0.600/  15.742f
 Reaction Xsec     9.5-/ 8 @ 2 =    15.743 , Out:   0.000#   0.323/  15.743f
 Reaction Xsec     9.5-/10 @ 3 =    12.698 , Out:   0.000#   0.068/  12.698f
 Reaction Xsec     9.5-/10 @ 4 =    12.698 , Out:   0.000#   1.347/  12.696f
 Reaction Xsec     9.5-/10 @ 5 =    12.698 , Out:   0.000#   1.167/  12.697f
 Reaction Xsec     9.5-/12 @ 6 =     4.706 , Out:   0.000#   0.060/   4.706f

 Total SPIN, PARITY =    10.5 +,     12 chs,      6 cc.  Rmin & Coul turning =    2.8    6.2
 Reaction Xsec    10.5+/ 9 @ 1 =    16.425 , Out:   0.000#   0.329/  16.424f
 Reaction Xsec    10.5+/ 9 @ 2 =    16.425 , Out:   0.000#   0.170/  16.425f
 Reaction Xsec    10.5+/11 @ 3 =     9.240 , Out:   0.000#   0.014/   9.240f
 Reaction Xsec    10.5+/11 @ 4 =     9.240 , Out:   0.000#   0.378/   9.240f
 Reaction Xsec    10.5+/11 @ 5 =     9.240 , Out:   0.000#   0.328/   9.240f
 Reaction Xsec    10.5+/13 @ 6 =     2.597 , Out:   0.000#   0.014/   2.597f

 Total SPIN, PARITY =    10.5 -,     12 chs,      6 cc.  Rmin & Coul turning =    2.8    6.2
 Reaction Xsec    10.5-/ 8 @ 1 =    17.317 , Out:   0.000#   0.682/  17.317f
 Reaction Xsec    10.5-/10 @ 2 =    13.968 , Out:   0.000#   0.092/  13.967f
 Reaction Xsec    10.5-/10 @ 3 =    13.968 , Out:   0.000#   0.073/  13.967f
 Reaction Xsec    10.5-/10 @ 4 =    13.968 , Out:   0.000#   1.488/  13.966f
 Reaction Xsec    10.5-/12 @ 5 =     5.176 , Out:   0.000#   0.077/   5.176f
 Reaction Xsec    10.5-/12 @ 6 =     5.176 , Out:   0.000#   0.066/   5.176f

 Total SPIN, PARITY =    11.5 +,     12 chs,      6 cc.  Rmin & Coul turning =    3.0    6.8
 Reaction Xsec    11.5+/ 9 @ 1 =    17.918 , Out:   0.000#   0.361/  17.918f
 Reaction Xsec    11.5+/11 @ 2 =    10.080 , Out:   0.000#   0.018/  10.080f
 Reaction Xsec    11.5+/11 @ 3 =    10.080 , Out:   0.000#   0.015/  10.080f
 Reaction Xsec    11.5+/11 @ 4 =    10.080 , Out:   0.000#   0.414/  10.080f
 Reaction Xsec    11.5+/13 @ 5 =     2.834 , Out:   0.000#   0.017/   2.834f
 Reaction Xsec    11.5+/13 @ 6 =     2.834 , Out:   0.000#   0.016/   2.834f

 Total SPIN, PARITY =    11.5 -,     12 chs,      6 cc.  Rmin & Coul turning =    3.0    6.8
 Reaction Xsec    11.5-/10 @ 1 =    15.237 , Out:   0.000#   0.101/  15.237f
 Reaction Xsec    11.5-/10 @ 2 =    15.237 , Out:   0.000#   0.052/  15.237f
 Reaction Xsec    11.5-/12 @ 3 =     5.647 , Out:   0.000#   3.099#   5.647f
 Reaction Xsec    11.5-/12 @ 4 =     5.647 , Out:   0.000#   0.082/   5.647f
 Reaction Xsec    11.5-/12 @ 5 =     5.647 , Out:   0.000#   0.072/   5.647f
 Reaction Xsec    11.5-/14 @ 6 =     1.334 , Out:   0.000#   3.527#   1.334f

 Total SPIN, PARITY =    12.5 +,     12 chs,      6 cc.  Rmin & Coul turning =    3.4    7.3
 Reaction Xsec    12.5+/11 @ 1 =    10.920 , Out:   0.000#   0.019/  10.920f
 Reaction Xsec    12.5+/11 @ 2 =    10.920 , Out:   0.000#   9.881#  10.920f
 Reaction Xsec    12.5+/13 @ 3 =     3.070 , Out:   0.000#   1.603#   3.070f
 Reaction Xsec    12.5+/13 @ 4 =     3.070 , Out:   0.000#   0.018/   3.070f
 Reaction Xsec    12.5+/13 @ 5 =     3.070 , Out:   0.000#   0.017/   3.070f
 Reaction Xsec    12.5+/15 @ 6 =     0.657 , Out:   0.000#   0.578#   0.657f

 Total SPIN, PARITY =    12.5 -,     12 chs,      6 cc.  Rmin & Coul turning =    3.4    7.3
 Reaction Xsec    12.5-/10 @ 1 =    16.507 , Out:   0.000#   0.110/  16.507f
 Reaction Xsec    12.5-/12 @ 2 =     6.117 , Out:   0.000#   4.119#   6.117f
 Reaction Xsec    12.5-/12 @ 3 =     6.117 , Out:   0.000#   3.283#   6.117f
 Reaction Xsec    12.5-/12 @ 4 =     6.117 , Out:   0.000#   0.089/   6.117f
 Reaction Xsec    12.5-/14 @ 5 =     1.445 , Out:   0.000#   3.977#   1.445f
 Reaction Xsec    12.5-/14 @ 6 =     1.445 , Out:   0.000#   3.822#   1.445f

 Total SPIN, PARITY =    13.5 +,     12 chs,      6 cc.  Rmin & Coul turning =    3.6    7.9
 Reaction Xsec    13.5+/11 @ 1 =    11.760 , Out:   0.000#   0.021/  11.760f
 Reaction Xsec    13.5+/13 @ 2 =     3.306 , Out:   0.000#   2.509#   3.306f
 Reaction Xsec    13.5+/13 @ 3 =     3.306 , Out:   0.000#   1.719#   3.306f
 Reaction Xsec    13.5+/13 @ 4 =     3.306 , Out:   0.000#   0.020/   3.306f
 Reaction Xsec    13.5+/15 @ 5 =     0.708 , Out:   0.000#   0.670#   0.708f
 Reaction Xsec    13.5+/15 @ 6 =     0.708 , Out:   0.000#   0.623#   0.708f

 Total SPIN, PARITY =    13.5 -,     12 chs,      6 cc.  Rmin & Coul turning =    3.6    7.9
 Reaction Xsec    13.5-/12 @ 1 =     6.588 , Out:   0.000#   4.434#   6.588f
 Reaction Xsec    13.5-/12 @ 2 =     6.588 , Out:   0.000#   2.368#   6.588f
 Reaction Xsec    13.5-/14 @ 3 =     1.556 , Out:   0.000#   0.605#   1.556f
 Reaction Xsec    13.5-/14 @ 4 =     1.556 , Out:   0.000#   4.246#   1.556f
 Reaction Xsec    13.5-/14 @ 5 =     1.556 , Out:   0.000#   4.116#   1.556f
 Reaction Xsec    13.5-/16 @ 6 =     0.316 , Out:   0.000#   0.066#   0.316f

 Total SPIN, PARITY =    14.5 +,     12 chs,      6 cc.  Rmin & Coul turning =    3.9    8.4
 Reaction Xsec    14.5+/13 @ 1 =     3.542 , Out:   0.000#   2.688#   3.542f
 Reaction Xsec    14.5+/13 @ 2 =     3.542 , Out:   0.000#   1.633#   3.542f
 Reaction Xsec    14.5+/15 @ 3 =     0.758 , Out:   0.000#   0.061#   0.758f
 Reaction Xsec    14.5+/15 @ 4 =     0.758 , Out:   0.000#   0.712#   0.758f
 Reaction Xsec    14.5+/15 @ 5 =     0.758 , Out:   0.000#   0.668#   0.758f
 Reaction Xsec    14.5+/17 @ 6 =     0.150 , Out:   0.000#   0.009#   0.150f

 Total SPIN, PARITY =    14.5 -,     12 chs,      6 cc.  Rmin & Coul turning =    3.9    8.4
 Reaction Xsec    14.5-/12 @ 1 =     7.059 , Out:   0.000#   4.770#   7.059f
 Reaction Xsec    14.5-/14 @ 2 =     1.667 , Out:   0.000#   0.964#   1.667f
 Reaction Xsec    14.5-/14 @ 3 =     1.667 , Out:   0.000#   0.648#   1.667f
 Reaction Xsec    14.5-/14 @ 4 =     1.667 , Out:   0.000#   4.553#   1.667f
 Reaction Xsec    14.5-/16 @ 5 =     0.339 , Out:   0.000#   0.080#   0.339f
 Reaction Xsec    14.5-/16 @ 6 =     0.339 , Out:   0.000#   0.071#   0.339f

 Total SPIN, PARITY =    15.5 +,     12 chs,      6 cc.  Rmin & Coul turning =    4.2    9.0
 Reaction Xsec    15.5+/13 @ 1 =     3.778 , Out:   0.000#   2.876#   3.778f
 Reaction Xsec    15.5+/15 @ 2 =     0.809 , Out:   0.000#   0.095#   0.809f
 Reaction Xsec    15.5+/15 @ 3 =     0.809 , Out:   0.000#   0.065#   0.809f
 Reaction Xsec    15.5+/15 @ 4 =     0.809 , Out:   0.000#   0.760#   0.809f
 Reaction Xsec    15.5+/17 @ 5 =     0.160 , Out:   0.000#   0.011#   0.160f
 Reaction Xsec    15.5+/17 @ 6 =     0.160 , Out:   0.000#   0.010#   0.160f

 Total SPIN, PARITY =    15.5 -,     12 chs,      6 cc.  Rmin & Coul turning =    4.2    9.0
 Reaction Xsec    15.5-/14 @ 1 =     1.778 , Out:   0.000#   1.028#   1.778f
 Reaction Xsec    15.5-/14 @ 2 =     1.778 , Out:   0.000#   0.653#   1.778f
 Reaction Xsec    15.5-/16 @ 3 =     0.361 , Out:   0.000#   0.001#   0.361f
 Reaction Xsec    15.5-/16 @ 4 =     0.361 , Out:   0.000#   0.085#   0.361f
 Reaction Xsec    15.5-/16 @ 5 =     0.361 , Out:   0.000#   0.075#   0.361f
 Reaction Xsec    15.5-/18 @ 6 =     0.071 , Out:   0.000#   0.002#   0.071f

 Total SPIN, PARITY =    16.5 +,     12 chs,      6 cc.  Rmin & Coul turning =    4.5    9.5
 Reaction Xsec    16.5+/15 @ 1 =     0.859 , Out:   0.000#   0.101#   0.859f
 Reaction Xsec    16.5+/15 @ 2 =     0.859 , Out:   0.000#   0.063#   0.859f
 Reaction Xsec    16.5+/17 @ 3 =     0.170 , Out:   0.000#   0.001#   0.170f
 Reaction Xsec    16.5+/17 @ 4 =     0.170 , Out:   0.000#   0.011#   0.170f
 Reaction Xsec    16.5+/17 @ 5 =     0.170 , Out:   0.000#   0.010#   0.170f
 Reaction Xsec    16.5+/19 @ 6 =     0.033 , Out:   0.000#   0.000#   0.033f

 Total SPIN, PARITY =    16.5 -,     12 chs,      6 cc.  Rmin & Coul turning =    4.5    9.5
 Reaction Xsec    16.5-/14 @ 1 =     1.889 , Out:   0.000#   1.095#   1.889f
 Reaction Xsec    16.5-/16 @ 2 =     0.384 , Out:   0.000#   0.000#   0.384f
 Reaction Xsec    16.5-/16 @ 3 =     0.384 , Out:   0.000#   0.001#   0.384f
 Reaction Xsec    16.5-/16 @ 4 =     0.384 , Out:   0.000#   0.090#   0.384f
 Reaction Xsec    16.5-/18 @ 5 =     0.075 , Out:   0.000#   0.002#   0.075f
 Reaction Xsec    16.5-/18 @ 6 =     0.075 , Out:   0.000#   0.002#   0.075f

 Total SPIN, PARITY =    17.5 +,     12 chs,      6 cc.  Rmin & Coul turning =    4.7   10.1
 Reaction Xsec    17.5+/15 @ 1 =     0.910 , Out:   0.000#   0.107#   0.910f
 Reaction Xsec    17.5+/17 @ 2 =     0.180 , Out:   0.000#   0.001#   0.180f
 Reaction Xsec    17.5+/17 @ 3 =     0.180 , Out:   0.000#   0.001#   0.180f
 Reaction Xsec    17.5+/17 @ 4 =     0.180 , Out:   0.000#   0.012#   0.180f
 Reaction Xsec    17.5+/19 @ 5 =     0.035 , Out:   0.000#   0.000#   0.035f
 Reaction Xsec    17.5+/19 @ 6 =     0.035 , Out:   0.000#   0.000#   0.035f

 Total SPIN, PARITY =    17.5 -,     12 chs,      6 cc.  Rmin & Coul turning =    4.7   10.1
 Reaction Xsec    17.5-/16 @ 1 =     0.407 , Out:   0.000#   0.000#   0.407f
 Reaction Xsec    17.5-/16 @ 2 =     0.407 , Out:   0.000#   0.000#   0.407f
 Reaction Xsec    17.5-/18 @ 3 =     0.079 , Out:   0.000#   0.000#   0.079f
 Reaction Xsec    17.5-/18 @ 4 =     0.079 , Out:   0.000#   0.002#   0.079f
 Reaction Xsec    17.5-/18 @ 5 =     0.079 , Out:   0.000#   0.002#   0.079f
 Reaction Xsec    17.5-/20 @ 6 =     0.015 , Out:   0.000#   0.000#   0.015f

 Total SPIN, PARITY =    18.5 +,     12 chs,      6 cc.  Rmin & Coul turning =    5.0   10.6
 Reaction Xsec    18.5+/17 @ 1 =     0.190 , Out:   0.000#   0.001#   0.190f
 Reaction Xsec    18.5+/17 @ 2 =     0.190 , Out:   0.000#   0.001#   0.190f
 Reaction Xsec    18.5+/19 @ 3 =     0.037 , Out:   0.000#   0.000#   0.037f
 Reaction Xsec    18.5+/19 @ 4 =     0.037 , Out:   0.000#   0.000#   0.037f
 Reaction Xsec    18.5+/19 @ 5 =     0.037 , Out:   0.000#   0.000#   0.037f
 Reaction Xsec    18.5+/21 @ 6 =     7.085/, Out:   0.000#   0.000#   0.007f

 Total SPIN, PARITY =    18.5 -,     12 chs,      6 cc.  Rmin & Coul turning =    5.0   10.6
 Reaction Xsec    18.5-/16 @ 1 =     0.429 , Out:   0.000#   0.000#   0.429f
 Reaction Xsec    18.5-/18 @ 2 =     0.084 , Out:   0.000#   0.000#   0.084f
 Reaction Xsec    18.5-/18 @ 3 =     0.084 , Out:   0.000#   0.000#   0.084f
 Reaction Xsec    18.5-/18 @ 4 =     0.084 , Out:   0.000#   0.002#   0.084f
 Reaction Xsec    18.5-/20 @ 5 =     0.016 , Out:   0.000#   0.000#   0.016f
 Reaction Xsec    18.5-/20 @ 6 =     0.016 , Out:   0.000#   0.000#   0.016f

 Total SPIN, PARITY =    19.5 +,     12 chs,      6 cc.  Rmin & Coul turning =    5.3   11.2
 Reaction Xsec    19.5+/17 @ 1 =     0.200 , Out:   0.000#   0.001#   0.200f
 Reaction Xsec    19.5+/19 @ 2 =     0.039 , Out:   0.000#   0.000#   0.039f
 Reaction Xsec    19.5+/19 @ 3 =     0.039 , Out:   0.000#   0.000#   0.039f
 Reaction Xsec    19.5+/19 @ 4 =     0.039 , Out:   0.000#   0.000#   0.039f
 Reaction Xsec    19.5+/21 @ 5 =     7.458/, Out:   0.000#   0.000#   0.007f
 Reaction Xsec    19.5+/21 @ 6 =     7.458/, Out:   0.000#   0.000#   0.007f

 Total SPIN, PARITY =    19.5 -,     12 chs,      6 cc.  Rmin & Coul turning =    5.3   11.2
 Reaction Xsec    19.5-/18 @ 1 =     0.088 , Out:   0.000#   0.000#   0.088f
 Reaction Xsec    19.5-/18 @ 2 =     0.088 , Out:   0.000#   0.000#   0.088f
 Reaction Xsec    19.5-/20 @ 3 =     0.017 , Out:   0.000#   0.000#   0.017f
 Reaction Xsec    19.5-/20 @ 4 =     0.017 , Out:   0.000#   0.000#   0.017f
 Reaction Xsec    19.5-/20 @ 5 =     0.017 , Out:   0.000#   0.000#   0.017f
 Reaction Xsec    19.5-/22 @ 6 =     3.265/, Out:   0.000#   0.000#   0.003f

 Total SPIN, PARITY =    20.5 +,     12 chs,      6 cc.  Rmin & Coul turning =    5.6   11.7
 Reaction Xsec    20.5+/19 @ 1 =     0.041 , Out:   0.000#   0.000#   0.041f
 Reaction Xsec    20.5+/19 @ 2 =     0.041 , Out:   0.000#   0.000#   0.041f
 Reaction Xsec    20.5+/21 @ 3 =     7.831/, Out:   0.000#   0.000#   0.008f
 Reaction Xsec    20.5+/21 @ 4 =     7.831/, Out:   0.000#   0.000#   0.008f
 Reaction Xsec    20.5+/21 @ 5 =     7.831/, Out:   0.000#   0.000#   0.008f
 Reaction Xsec    20.5+/23 @ 6 =     1.499/, Out:   0.000#   0.000#   0.001f

 Total SPIN, PARITY =    20.5 -,     12 chs,      6 cc.  Rmin & Coul turning =    5.6   11.7
 Reaction Xsec    20.5-/18 @ 1 =     0.093 , Out:   0.000#   0.000#   0.093f
 Reaction Xsec    20.5-/20 @ 2 =     0.018 , Out:   0.000#   0.000#   0.018f
 Reaction Xsec    20.5-/20 @ 3 =     0.018 , Out:   0.000#   0.000#   0.018f
 Reaction Xsec    20.5-/20 @ 4 =     0.018 , Out:   0.000#   0.000#   0.018f
 Reaction Xsec    20.5-/22 @ 5 =     3.428/, Out:   0.000#   0.000#   0.003f
 Reaction Xsec    20.5-/22 @ 6 =     3.428/, Out:   0.000#   0.000#   0.003f

 Total SPIN, PARITY =    21.5 +,     12 chs,      6 cc.  Rmin & Coul turning =    5.8   12.3
 Reaction Xsec    21.5+/19 @ 1 =     0.043 , Out:   0.000#   0.000#   0.043f
 Reaction Xsec    21.5+/21 @ 2 =     8.203/, Out:   0.000#   0.000#   0.008f
 Reaction Xsec    21.5+/21 @ 3 =     8.203/, Out:   0.000#   0.000#   0.008f
 Reaction Xsec    21.5+/21 @ 4 =     8.203/, Out:   0.000#   0.000#   0.008f
 Reaction Xsec    21.5+/23 @ 5 =     1.571/, Out:   0.000#   0.000#   0.002f
 Reaction Xsec    21.5+/23 @ 6 =     1.571/, Out:   0.000#   0.000#   0.002f

 Total SPIN, PARITY =    21.5 -,     12 chs,      6 cc.  Rmin & Coul turning =    5.8   12.3
 Reaction Xsec    21.5-/20 @ 1 =     0.019 , Out:   0.000#   0.000#   0.019f
 Reaction Xsec    21.5-/20 @ 2 =     0.019 , Out:   0.000#   0.000#   0.019f
 Reaction Xsec    21.5-/22 @ 3 =     3.592/, Out:   0.000#   0.000#   0.004f
 Reaction Xsec    21.5-/22 @ 4 =     3.592/, Out:   0.000#   0.000#   0.004f
 Reaction Xsec    21.5-/22 @ 5 =     3.592/, Out:   0.000#   0.000#   0.004f
 Reaction Xsec    21.5-/24 @ 6 =     0.687/, Out:   0.000#   0.000#   0.001f

 Total SPIN, PARITY =    22.5 +,     12 chs,      6 cc.  Rmin & Coul turning =    6.2   12.8
 Reaction Xsec    22.5+/21 @ 1 =     8.576/, Out:   0.000#   0.000#   0.009f
 Reaction Xsec    22.5+/21 @ 2 =     8.576/, Out:   0.000#   0.000#   0.009f
 Reaction Xsec    22.5+/23 @ 3 =     1.642/, Out:   0.000#   0.000#   0.002f
 Reaction Xsec    22.5+/23 @ 4 =     1.642/, Out:   0.000#   0.000#   0.002f
 Reaction Xsec    22.5+/23 @ 5 =     1.642/, Out:   0.000#   0.000#   0.002f
 Reaction Xsec    22.5+/25 @ 6 =     0.314/, Out:   0.000#   0.000#   0.000f

 Total SPIN, PARITY =    22.5 -,     12 chs,      6 cc.  Rmin & Coul turning =    6.2   12.8
 Reaction Xsec    22.5-/20 @ 1 =     0.020 , Out:   0.000#   0.000#   0.020f
 Reaction Xsec    22.5-/22 @ 2 =     3.755/, Out:   0.000#   0.000#   0.004f
 Reaction Xsec    22.5-/22 @ 3 =     3.755/, Out:   0.000#   0.000#   0.004f
 Reaction Xsec    22.5-/22 @ 4 =     3.755/, Out:   0.000#   0.000#   0.004f
 Reaction Xsec    22.5-/24 @ 5 =     0.718/, Out:   0.000#   0.000#   0.001f
 Reaction Xsec    22.5-/24 @ 6 =     0.718/, Out:   0.000#   0.000#   0.001f

 Total SPIN, PARITY =    23.5 +,     12 chs,      6 cc.  Rmin & Coul turning =    6.4   13.4
 Reaction Xsec    23.5+/21 @ 1 =     8.949/, Out:   0.000#   0.000#   0.009f
 Reaction Xsec    23.5+/23 @ 2 =     1.714/, Out:   0.000#   0.000#   0.002f
 Reaction Xsec    23.5+/23 @ 3 =     1.714/, Out:   0.000#   0.000#   0.002f
 Reaction Xsec    23.5+/23 @ 4 =     1.714/, Out:   0.000#   0.000#   0.002f
 Reaction Xsec    23.5+/25 @ 5 =     0.327/, Out:   0.000#   0.000#   0.000f
 Reaction Xsec    23.5+/25 @ 6 =     0.327/, Out:   0.000#   0.000#   0.000f

 Total SPIN, PARITY =    23.5 -,     12 chs,      6 cc.  Rmin & Coul turning =    6.4   13.4
 Reaction Xsec    23.5-/22 @ 1 =     3.918/, Out:   0.000#   0.000#   0.004f
 Reaction Xsec    23.5-/22 @ 2 =     3.918/, Out:   0.000#   0.000#   0.004f
 Reaction Xsec    23.5-/24 @ 3 =     0.749/, Out:   0.000#   0.000#   0.001f
 Reaction Xsec    23.5-/24 @ 4 =     0.749/, Out:   0.000#   0.000#   0.001f
 Reaction Xsec    23.5-/24 @ 5 =     0.749/, Out:   0.000#   0.000#   0.001f
 Reaction Xsec    23.5-/26 @ 6 =     0.143/, Out:   0.000#   0.000#   0.000f

 Total SPIN, PARITY =    24.5 +,     12 chs,      6 cc.  Rmin & Coul turning =    6.7   13.9
 Reaction Xsec    24.5+/23 @ 1 =     1.785/, Out:   0.000#   0.000#   0.002f
 Reaction Xsec    24.5+/23 @ 2 =     1.785/, Out:   0.000#   0.000#   0.002f
 Reaction Xsec    24.5+/25 @ 3 =     0.341/, Out:   0.000#   0.000#   0.000f
 Reaction Xsec    24.5+/25 @ 4 =     0.341/, Out:   0.000#   0.000#   0.000f
 Reaction Xsec    24.5+/25 @ 5 =     0.341/, Out:   0.000#   0.000#   0.000f
 Reaction Xsec    24.5+/27 @ 6 =     0.064/, Out:   0.000#   0.000#   0.000f

 Total SPIN, PARITY =    24.5 -,     12 chs,      6 cc.  Rmin & Coul turning =    6.7   13.9
 Reaction Xsec    24.5-/22 @ 1 =     4.081/, Out:   0.000#   0.000#   0.004f
 Reaction Xsec    24.5-/24 @ 2 =     0.780/, Out:   0.000#   0.000#   0.001f
 Reaction Xsec    24.5-/24 @ 3 =     0.780/, Out:   0.000#   0.000#   0.001f
 Reaction Xsec    24.5-/24 @ 4 =     0.780/, Out:   0.000#   0.000#   0.001f
 Reaction Xsec    24.5-/26 @ 5 =     0.149/, Out:   0.000#   0.000#   0.000f
 Reaction Xsec    24.5-/26 @ 6 =     0.149/, Out:   0.000#   0.000#   0.000f

 Total SPIN, PARITY =    25.5 +,     12 chs,      6 cc.  Rmin & Coul turning =    7.0   14.5
 Reaction Xsec    25.5+/23 @ 1 =     1.856/, Out:   0.000#   0.000#   0.002f
 Reaction Xsec    25.5+/25 @ 2 =     0.354/, Out:   0.000#   0.000#   0.000f
 Reaction Xsec    25.5+/25 @ 3 =     0.354/, Out:   0.000#   0.000#   0.000f
 Reaction Xsec    25.5+/25 @ 4 =     0.354/, Out:   0.000#   0.000#   0.000f
 Reaction Xsec    25.5+/27 @ 5 =     0.067/, Out:   0.000#   0.000#   0.000f
 Reaction Xsec    25.5+/27 @ 6 =     0.067/, Out:   0.000#   0.000#   0.000f

 Total SPIN, PARITY =    25.5 -,     12 chs,      6 cc.  Rmin & Coul turning =    7.0   14.5
 Reaction Xsec    25.5-/24 @ 1 =     0.811/, Out:   0.000#   0.000#   0.001f
 Reaction Xsec    25.5-/24 @ 2 =     0.811/, Out:   0.000#   0.000#   0.001f
 Reaction Xsec    25.5-/26 @ 3 =     0.154/, Out:   0.000#   0.000#   0.000f
 Reaction Xsec    25.5-/26 @ 4 =     0.154/, Out:   0.000#   0.000#   0.000f
 Reaction Xsec    25.5-/26 @ 5 =     0.154/, Out:   0.000#   0.000#   0.000f
 Reaction Xsec    25.5-/28 @ 6 =     0.028/, Out:   0.000#   0.000#   0.000f
 Finished all CC sets @    2.56734395    
0CUMULATIVE REACTION cross section               =       1349.21920  <L> =     8.06  <L**2> =     75.9
0CUMULATIVE  ELASTIC cross section               =          0.00000
0CUMULATIVE outgoing cross sections in partition 1 :    0.00000
0CUMULATIVE outgoing cross sections in partition 2 :    0.24805
0Cumulative ABSORBTION by Imaginary Potentials    =      1348.97115  <L> =     8.06  <L**2> =     75.9
   Fusion for specific 6Li      M-states :    1349.181821    1358.454928    1349.181821
0CUMULATIVE OUTGOING cross section               =          0.24805
 Strength functions * 10^4 for L=0-2  =   2.13174   2.21340  21.56685 (with r0= 1.35 fm).  R' =  -0.108 fm
 To convert to S-factors (MeV.mb = keV.b),  multiply by  3.3029E+03


 CROSS SECTIONS FOR OUTGOING 6Li      & 9Be      in state #   1 with spins & parities 1.0  + &  1.5  -;  0

     0.01 deg.: X-S =   8.736991E+15 mb/sr,
+                                         /R =   1.000002E+00

     0.50 deg.: X-S =   1.403938E+09 mb/sr,
+                                         /R =   1.004295E+00

     1.00 deg.: X-S =   8.848955E+07 mb/sr,
+                                         /R =   1.012765E+00

     1.50 deg.: X-S =   1.734646E+07 mb/sr,
+                                         /R =   1.004998E+00

     2.00 deg.: X-S =   5.333812E+06 mb/sr,
+                                         /R =   9.765812E-01

     2.50 deg.: X-S =   2.083148E+06 mb/sr,
+                                         /R =   9.310676E-01

     3.00 deg.: X-S =   9.438388E+05 mb/sr,
+                                         /R =   8.746278E-01

     3.50 deg.: X-S =   4.741040E+05 mb/sr,
+                                         /R =   8.137941E-01

     4.00 deg.: X-S =   2.577036E+05 mb/sr,
+                                         /R =   7.544780E-01

     4.50 deg.: X-S =   1.496282E+05 mb/sr,
+                                         /R =   7.015456E-01

     5.00 deg.: X-S =   9.219220E+04 mb/sr,
+                                         /R =   6.586608E-01

     5.50 deg.: X-S =   6.007857E+04 mb/sr,
+                                         /R =   6.282640E-01

     6.00 deg.: X-S =   4.130832E+04 mb/sr,
+                                         /R =   6.116283E-01

     6.50 deg.: X-S =   2.986946E+04 mb/sr,
+                                         /R =   6.089590E-01

     7.00 deg.: X-S =   2.259992E+04 mb/sr,
+                                         /R =   6.195230E-01

     7.50 deg.: X-S =   1.777271E+04 mb/sr,
+                                         /R =   6.417963E-01

     8.00 deg.: X-S =   1.441549E+04 mb/sr,
+                                         /R =   6.736228E-01

     8.50 deg.: X-S =   1.196716E+04 mb/sr,
+                                         /R =   7.123811E-01

     9.00 deg.: X-S =   1.009744E+04 mb/sr,
+                                         /R =   7.551511E-01

     9.50 deg.: X-S =    8608.721292 mb/sr,
+                                         /R =   7.988800E-01

    10.00 deg.: X-S =    7381.162437 mb/sr,
+                                         /R =   8.405396E-01

    10.50 deg.: X-S =    6341.180125 mb/sr,
+                                         /R =   8.772726E-01

    11.00 deg.: X-S =    5442.998511 mb/sr,
+                                         /R =   9.065235E-01

    11.50 deg.: X-S =    4657.660694 mb/sr,
+                                         /R =   9.261495E-01

    12.00 deg.: X-S =    3966.395667 mb/sr,
+                                         /R =   9.345094E-01

    12.50 deg.: X-S =    3356.576106 mb/sr,
+                                         /R =   9.305268E-01

    13.00 deg.: X-S =    2819.242094 mb/sr,
+                                         /R =   9.137277E-01

    13.50 deg.: X-S =    2347.584229 mb/sr,
+                                         /R =   8.842495E-01

    14.00 deg.: X-S =    1936.021013 mb/sr,
+                                         /R =   8.428248E-01

    14.50 deg.: X-S =    1579.647334 mb/sr,
+                                         /R =   7.907382E-01

    15.00 deg.: X-S =    1273.915769 mb/sr,
+                                         /R =   7.297612E-01

    15.50 deg.: X-S =    1014.463885 mb/sr,
+                                         /R =   6.620667E-01

    16.00 deg.: X-S =     797.032497 mb/sr,
+                                         /R =   5.901285E-01

    16.50 deg.: X-S =     617.439572 mb/sr,
+                                         /R =   5.166092E-01

    17.00 deg.: X-S =     471.586967 mb/sr,
+                                         /R =   4.442419E-01

    17.50 deg.: X-S =     355.485209 mb/sr,
+                                         /R =   3.757118E-01

    18.00 deg.: X-S =     265.286636 mb/sr,
+                                         /R =   3.135411E-01

    18.50 deg.: X-S =     197.320680 mb/sr,
+                                         /R =   2.599834E-01

    19.00 deg.: X-S =     148.127262 mb/sr,
+                                         /R =   2.169308E-01

    19.50 deg.: X-S =     114.485852 mb/sr,
+                                         /R =   1.858390E-01

    20.00 deg.: X-S =      93.438751 mb/sr,
+                                         /R =   1.676708E-01

    20.50 deg.: X-S =      82.307894 mb/sr,
+                                         /R =   1.628620E-01

    21.00 deg.: X-S =      78.704995 mb/sr,
+                                         /R =   1.713104E-01

    21.50 deg.: X-S =      80.535181 mb/sr,
+                                         /R =   1.923863E-01

    22.00 deg.: X-S =      85.994554 mb/sr,
+                                         /R =   2.249654E-01

    22.50 deg.: X-S =      93.562269 mb/sr,
+                                         /R =   2.674811E-01

    23.00 deg.: X-S =     101.987845 mb/sr,
+                                         /R =   3.179941E-01

    23.50 deg.: X-S =     110.274477 mb/sr,
+                                         /R =   3.742757E-01

    24.00 deg.: X-S =     117.659168 mb/sr,
+                                         /R =   4.339011E-01

    24.50 deg.: X-S =     123.590483 mb/sr,
+                                         /R =   4.943484E-01

    25.00 deg.: X-S =     127.704709 mb/sr,
+                                         /R =   5.530995E-01

    25.50 deg.: X-S =     129.801168 mb/sr,
+                                         /R =   6.077390E-01

    26.00 deg.: X-S =     129.817340 mb/sr,
+                                         /R =   6.560459E-01

    26.50 deg.: X-S =     127.804425 mb/sr,
+                                         /R =   6.960760E-01

    27.00 deg.: X-S =     123.903857 mb/sr,
+                                         /R =   7.262317E-01

    27.50 deg.: X-S =     118.325213 mb/sr,
+                                         /R =   7.453157E-01

    28.00 deg.: X-S =     111.325863 mb/sr,
+                                         /R =   7.525687E-01

    28.50 deg.: X-S =     103.192644 mb/sr,
+                                         /R =   7.476885E-01

    29.00 deg.: X-S =      94.225725 mb/sr,
+                                         /R =   7.308318E-01

    29.50 deg.: X-S =      84.724768 mb/sr,
+                                         /R =   7.025976E-01

    30.00 deg.: X-S =      74.977432 mb/sr,
+                                         /R =   6.639951E-01

    30.50 deg.: X-S =      65.250168 mb/sr,
+                                         /R =   6.163965E-01

    31.00 deg.: X-S =      55.781226 mb/sr,
+                                         /R =   5.614780E-01

    31.50 deg.: X-S =      46.775745 mb/sr,
+                                         /R =   5.011507E-01

    32.00 deg.: X-S =      38.402735 mb/sr,
+                                         /R =   4.374857E-01

    32.50 deg.: X-S =      30.793774 mb/sr,
+                                         /R =   3.726347E-01

    33.00 deg.: X-S =      24.043180 mb/sr,
+                                         /R =   3.087511E-01

    33.50 deg.: X-S =      18.209436 mb/sr,
+                                         /R =   2.479130E-01

    34.00 deg.: X-S =      13.317641 mb/sr,
+                                         /R =   1.920516E-01

    34.50 deg.: X-S =       9.362742 mb/sr,
+                                         /R =   1.428877E-01

    35.00 deg.: X-S =       6.313345 mb/sr,
+                                         /R =   1.018770E-01

    35.50 deg.: X-S =       4.115880 mb/sr,
+                                         /R =   7.016788E-02

    36.00 deg.: X-S =       2.698957 mb/sr,
+                                         /R =   4.857074E-02

    36.50 deg.: X-S =       1.977723 mb/sr,
+                                         /R =   3.754058E-02

    37.00 deg.: X-S =       1.858096 mb/sr,
+                                         /R =   3.717263E-02

    37.50 deg.: X-S =       2.240749 mb/sr,
+                                         /R =   4.721058E-02

    38.00 deg.: X-S =       3.024752 mb/sr,
+                                         /R =   6.706669E-02

    38.50 deg.: X-S =       4.110803 mb/sr,
+                                         /R =   9.585231E-02

    39.00 deg.: X-S =       5.404000 mb/sr,
+                                         /R =   1.324176E-01

    39.50 deg.: X-S =       6.816122 mb/sr,
+                                         /R =   1.753983E-01

    40.00 deg.: X-S =       8.267426 mb/sr,
+                                         /R =   2.232680E-01

    40.50 deg.: X-S =       9.687949 mb/sr,
+                                         /R =   2.743931E-01

    41.00 deg.: X-S =      11.018353 mb/sr,
+                                         /R =   3.270900E-01

    41.50 deg.: X-S =      12.210336 mb/sr,
+                                         /R =   3.796799E-01

    42.00 deg.: X-S =      13.226661 mb/sr,
+                                         /R =   4.305427E-01

    42.50 deg.: X-S =      14.040848 mb/sr,
+                                         /R =   4.781650E-01

    43.00 deg.: X-S =      14.636574 mb/sr,
+                                         /R =   5.211833E-01

    43.50 deg.: X-S =      15.006854 mb/sr,
+                                         /R =   5.584203E-01

    44.00 deg.: X-S =      15.153038 mb/sr,
+                                         /R =   5.889125E-01

    44.50 deg.: X-S =      15.083687 mb/sr,
+                                         /R =   6.119309E-01

    45.00 deg.: X-S =      14.813379 mb/sr,
+                                         /R =   6.269922E-01

    45.50 deg.: X-S =      14.361487 mb/sr,
+                                         /R =   6.338620E-01

    46.00 deg.: X-S =      13.750964 mb/sr,
+                                         /R =   6.325496E-01

    46.50 deg.: X-S =      13.007182 mb/sr,
+                                         /R =   6.232957E-01

    47.00 deg.: X-S =      12.156848 mb/sr,
+                                         /R =   6.065534E-01

    47.50 deg.: X-S =      11.227009 mb/sr,
+                                         /R =   5.829635E-01

    48.00 deg.: X-S =      10.244187 mb/sr,
+                                         /R =   5.533247E-01

    48.50 deg.: X-S =       9.233632 mb/sr,
+                                         /R =   5.185618E-01

    49.00 deg.: X-S =       8.218712 mb/sr,
+                                         /R =   4.796903E-01

    49.50 deg.: X-S =       7.220433 mb/sr,
+                                         /R =   4.377815E-01

    50.00 deg.: X-S =       6.257100 mb/sr,
+                                         /R =   3.939268E-01

    50.50 deg.: X-S =       5.344091 mb/sr,
+                                         /R =   3.492041E-01

    51.00 deg.: X-S =       4.493761 mb/sr,
+                                         /R =   3.046469E-01

    51.50 deg.: X-S =       3.715434 mb/sr,
+                                         /R =   2.612157E-01

    52.00 deg.: X-S =       3.015502 mb/sr,
+                                         /R =   2.197742E-01

    52.50 deg.: X-S =       2.397586 mb/sr,
+                                         /R =   1.810702E-01

    53.00 deg.: X-S =       1.862773 mb/sr,
+                                         /R =   1.457200E-01

    53.50 deg.: X-S =       1.409890 mb/sr,
+                                         /R =   1.141996E-01

    54.00 deg.: X-S =       1.035814 mb/sr,
+                                         /R =   8.683968E-02

    54.50 deg.: X-S =       0.735804 mb/sr,
+                                         /R =   6.382566E-02

    55.00 deg.: X-S =       0.503839 mb/sr,
+                                         /R =   4.520263E-02

    55.50 deg.: X-S =       0.332950 mb/sr,
+                                         /R =   3.088409E-02

    56.00 deg.: X-S =       0.215544 mb/sr,
+                                         /R =   2.066438E-02

    56.50 deg.: X-S =       0.143701 mb/sr,
+                                         /R =   1.423404E-02

    57.00 deg.: X-S =       0.109451 mb/sr,
+                                         /R =   1.119752E-02

    57.50 deg.: X-S =       0.105012 mb/sr,
+                                         /R =   1.109245E-02

    58.00 deg.: X-S =       0.122996 mb/sr,
+                                         /R =   1.340986E-02

    58.50 deg.: X-S =       0.156579 mb/sr,
+                                         /R =   1.761462E-02

    59.00 deg.: X-S =       0.199635 mb/sr,
+                                         /R =   2.316547E-02

    59.50 deg.: X-S =       0.246825 mb/sr,
+                                         /R =   2.953403E-02

    60.00 deg.: X-S =       0.293661 mb/sr,
+                                         /R =   3.622229E-02

    60.50 deg.: X-S =       0.336535 mb/sr,
+                                         /R =   4.277814E-02

    61.00 deg.: X-S =       0.372710 mb/sr,
+                                         /R =   4.880857E-02

    61.50 deg.: X-S =       0.400301 mb/sr,
+                                         /R =   5.399025E-02

    62.00 deg.: X-S =       0.418216 mb/sr,
+                                         /R =   5.807736E-02

    62.50 deg.: X-S =       0.426093 mb/sr,
+                                         /R =   6.090663E-02

    63.00 deg.: X-S =       0.424220 mb/sr,
+                                         /R =   6.239948E-02

    63.50 deg.: X-S =       0.413436 mb/sr,
+                                         /R =   6.256145E-02

    64.00 deg.: X-S =       0.395038 mb/sr,
+                                         /R =   6.147909E-02

    64.50 deg.: X-S =       0.370681 mb/sr,
+                                         /R =   5.931446E-02

    65.00 deg.: X-S =       0.342274 mb/sr,
+                                         /R =   5.629760E-02

    65.50 deg.: X-S =       0.311886 mb/sr,
+                                         /R =   5.271726E-02

    66.00 deg.: X-S =       0.281654 mb/sr,
+                                         /R =   4.891025E-02

    66.50 deg.: X-S =       0.253697 mb/sr,
+                                         /R =   4.524974E-02

    67.00 deg.: X-S =       0.230046 mb/sr,
+                                         /R =   4.213295E-02

    67.50 deg.: X-S =       0.212575 mb/sr,
+                                         /R =   3.996853E-02

    68.00 deg.: X-S =       0.202951 mb/sr,
+                                         /R =   3.916409E-02

    68.50 deg.: X-S =       0.202589 mb/sr,
+                                         /R =   4.011402E-02

    69.00 deg.: X-S =       0.212619 mb/sr,
+                                         /R =   4.318813E-02

    69.50 deg.: X-S =       0.233872 mb/sr,
+                                         /R =   4.872120E-02

    70.00 deg.: X-S =       0.266863 mb/sr,
+                                         /R =   5.700373E-02

    70.50 deg.: X-S =       0.311793 mb/sr,
+                                         /R =   6.827411E-02

    71.00 deg.: X-S =       0.368556 mb/sr,
+                                         /R =   8.271219E-02

    71.50 deg.: X-S =       0.436757 mb/sr,
+                                         /R =   1.004346E-01

    72.00 deg.: X-S =       0.515729 mb/sr,
+                                         /R =   1.214915E-01

    72.50 deg.: X-S =       0.604565 mb/sr,
+                                         /R =   1.458653E-01

    73.00 deg.: X-S =       0.702144 mb/sr,
+                                         /R =   1.734707E-01

    73.50 deg.: X-S =       0.807171 mb/sr,
+                                         /R =   2.041560E-01

    74.00 deg.: X-S =       0.918206 mb/sr,
+                                         /R =   2.377069E-01

    74.50 deg.: X-S =       1.033709 mb/sr,
+                                         /R =   2.738503E-01

    75.00 deg.: X-S =       1.152069 mb/sr,
+                                         /R =   3.122600E-01

    75.50 deg.: X-S =       1.271644 mb/sr,
+                                         /R =   3.525634E-01

    76.00 deg.: X-S =       1.390794 mb/sr,
+                                         /R =   3.943485E-01

    76.50 deg.: X-S =       1.507915 mb/sr,
+                                         /R =   4.371720E-01

    77.00 deg.: X-S =       1.621463 mb/sr,
+                                         /R =   4.805679E-01

    77.50 deg.: X-S =       1.729988 mb/sr,
+                                         /R =   5.240555E-01

    78.00 deg.: X-S =       1.832148 mb/sr,
+                                         /R =   5.671489E-01

    78.50 deg.: X-S =       1.926735 mb/sr,
+                                         /R =   6.093648E-01

    79.00 deg.: X-S =       2.012687 mb/sr,
+                                         /R =   6.502312E-01

    79.50 deg.: X-S =       2.089101 mb/sr,
+                                         /R =   6.892954E-01

    80.00 deg.: X-S =       2.155240 mb/sr,
+                                         /R =   7.261312E-01

    80.50 deg.: X-S =       2.210540 mb/sr,
+                                         /R =   7.603457E-01

    81.00 deg.: X-S =       2.254607 mb/sr,
+                                         /R =   7.915856E-01

    81.50 deg.: X-S =       2.287222 mb/sr,
+                                         /R =   8.195419E-01

    82.00 deg.: X-S =       2.308332 mb/sr,
+                                         /R =   8.439550E-01

    82.50 deg.: X-S =       2.318044 mb/sr,
+                                         /R =   8.646177E-01

    83.00 deg.: X-S =       2.316619 mb/sr,
+                                         /R =   8.813781E-01

    83.50 deg.: X-S =       2.304457 mb/sr,
+                                         /R =   8.941413E-01

    84.00 deg.: X-S =       2.282088 mb/sr,
+                                         /R =   9.028701E-01

    84.50 deg.: X-S =       2.250158 mb/sr,
+                                         /R =   9.075851E-01

    85.00 deg.: X-S =       2.209414 mb/sr,
+                                         /R =   9.083638E-01

    85.50 deg.: X-S =       2.160691 mb/sr,
+                                         /R =   9.053389E-01

    86.00 deg.: X-S =       2.104893 mb/sr,
+                                         /R =   8.986960E-01

    86.50 deg.: X-S =       2.042984 mb/sr,
+                                         /R =   8.886703E-01

    87.00 deg.: X-S =       1.975965 mb/sr,
+                                         /R =   8.755431E-01

    87.50 deg.: X-S =       1.904866 mb/sr,
+                                         /R =   8.596375E-01

    88.00 deg.: X-S =       1.830727 mb/sr,
+                                         /R =   8.413137E-01

    88.50 deg.: X-S =       1.754585 mb/sr,
+                                         /R =   8.209636E-01

    89.00 deg.: X-S =       1.677465 mb/sr,
+                                         /R =   7.990060E-01

    89.50 deg.: X-S =       1.600362 mb/sr,
+                                         /R =   7.758800E-01

    90.00 deg.: X-S =       1.524233 mb/sr,
+                                         /R =   7.520399E-01

    90.50 deg.: X-S =       1.449988 mb/sr,
+                                         /R =   7.279487E-01

    91.00 deg.: X-S =       1.378478 mb/sr,
+                                         /R =   7.040724E-01

    91.50 deg.: X-S =       1.310487 mb/sr,
+                                         /R =   6.808738E-01

    92.00 deg.: X-S =       1.246729 mb/sr,
+                                         /R =   6.588065E-01

    92.50 deg.: X-S =       1.187840 mb/sr,
+                                         /R =   6.383097E-01

    93.00 deg.: X-S =       1.134370 mb/sr,
+                                         /R =   6.198019E-01

    93.50 deg.: X-S =       1.086787 mb/sr,
+                                         /R =   6.036764E-01

    94.00 deg.: X-S =       1.045467 mb/sr,
+                                         /R =   5.902959E-01

    94.50 deg.: X-S =       1.010701 mb/sr,
+                                         /R =   5.799883E-01

    95.00 deg.: X-S =       0.982684 mb/sr,
+                                         /R =   5.730424E-01

    95.50 deg.: X-S =       0.961527 mb/sr,
+                                         /R =   5.697046E-01

    96.00 deg.: X-S =       0.947251 mb/sr,
+                                         /R =   5.701752E-01

    96.50 deg.: X-S =       0.939793 mb/sr,
+                                         /R =   5.746064E-01

    97.00 deg.: X-S =       0.939008 mb/sr,
+                                         /R =   5.831001E-01

    97.50 deg.: X-S =       0.944673 mb/sr,
+                                         /R =   5.957063E-01

    98.00 deg.: X-S =       0.956494 mb/sr,
+                                         /R =   6.124225E-01

    98.50 deg.: X-S =       0.974109 mb/sr,
+                                         /R =   6.331935E-01

    99.00 deg.: X-S =       0.997094 mb/sr,
+                                         /R =   6.579116E-01

    99.50 deg.: X-S =       1.024972 mb/sr,
+                                         /R =   6.864178E-01

   100.00 deg.: X-S =       1.057216 mb/sr,
+                                         /R =   7.185036E-01

   100.50 deg.: X-S =       1.093261 mb/sr,
+                                         /R =   7.539130E-01

   101.00 deg.: X-S =       1.132507 mb/sr,
+                                         /R =   7.923455E-01

   101.50 deg.: X-S =       1.174331 mb/sr,
+                                         /R =   8.334599E-01

   102.00 deg.: X-S =       1.218090 mb/sr,
+                                         /R =   8.768778E-01

   102.50 deg.: X-S =       1.263133 mb/sr,
+                                         /R =   9.221884E-01

   103.00 deg.: X-S =       1.308809 mb/sr,
+                                         /R =   9.689537E-01

   103.50 deg.: X-S =       1.354470 mb/sr,
+                                         /R =   1.016714E+00

   104.00 deg.: X-S =       1.399486 mb/sr,
+                                         /R =   1.064992E+00

   104.50 deg.: X-S =       1.443245 mb/sr,
+                                         /R =   1.113303E+00

   105.00 deg.: X-S =       1.485167 mb/sr,
+                                         /R =   1.161158E+00

   105.50 deg.: X-S =       1.524705 mb/sr,
+                                         /R =   1.208070E+00

   106.00 deg.: X-S =       1.561357 mb/sr,
+                                         /R =   1.253563E+00

   106.50 deg.: X-S =       1.594666 mb/sr,
+                                         /R =   1.297178E+00

   107.00 deg.: X-S =       1.624230 mb/sr,
+                                         /R =   1.338479E+00

   107.50 deg.: X-S =       1.649703 mb/sr,
+                                         /R =   1.377062E+00

   108.00 deg.: X-S =       1.670805 mb/sr,
+                                         /R =   1.412556E+00

   108.50 deg.: X-S =       1.687315 mb/sr,
+                                         /R =   1.444635E+00

   109.00 deg.: X-S =       1.699087 mb/sr,
+                                         /R =   1.473021E+00

   109.50 deg.: X-S =       1.706037 mb/sr,
+                                         /R =   1.497489E+00

   110.00 deg.: X-S =       1.708156 mb/sr,
+                                         /R =   1.517872E+00

   110.50 deg.: X-S =       1.705504 mb/sr,
+                                         /R =   1.534063E+00

   111.00 deg.: X-S =       1.698208 mb/sr,
+                                         /R =   1.546020E+00

   111.50 deg.: X-S =       1.686463 mb/sr,
+                                         /R =   1.553768E+00

   112.00 deg.: X-S =       1.670528 mb/sr,
+                                         /R =   1.557400E+00

   112.50 deg.: X-S =       1.650722 mb/sr,
+                                         /R =   1.557072E+00

   113.00 deg.: X-S =       1.627418 mb/sr,
+                                         /R =   1.553012E+00

   113.50 deg.: X-S =       1.601040 mb/sr,
+                                         /R =   1.545507E+00

   114.00 deg.: X-S =       1.572054 mb/sr,
+                                         /R =   1.534908E+00

   114.50 deg.: X-S =       1.540962 mb/sr,
+                                         /R =   1.521619E+00

   115.00 deg.: X-S =       1.508296 mb/sr,
+                                         /R =   1.506096E+00

   115.50 deg.: X-S =       1.474604 mb/sr,
+                                         /R =   1.488838E+00

   116.00 deg.: X-S =       1.440449 mb/sr,
+                                         /R =   1.470379E+00

   116.50 deg.: X-S =       1.406392 mb/sr,
+                                         /R =   1.451280E+00

   117.00 deg.: X-S =       1.372988 mb/sr,
+                                         /R =   1.432120E+00

   117.50 deg.: X-S =       1.340775 mb/sr,
+                                         /R =   1.413483E+00

   118.00 deg.: X-S =       1.310262 mb/sr,
+                                         /R =   1.395950E+00

   118.50 deg.: X-S =       1.281924 mb/sr,
+                                         /R =   1.380086E+00

   119.00 deg.: X-S =       1.256191 mb/sr,
+                                         /R =   1.366428E+00

   119.50 deg.: X-S =       1.233440 mb/sr,
+                                         /R =   1.355475E+00

   120.00 deg.: X-S =       1.213987 mb/sr,
+                                         /R =   1.347677E+00

   120.50 deg.: X-S =       1.198081 mb/sr,
+                                         /R =   1.343421E+00

   121.00 deg.: X-S =       1.185899 mb/sr,
+                                         /R =   1.343025E+00

   121.50 deg.: X-S =       1.177540 mb/sr,
+                                         /R =   1.346724E+00

   122.00 deg.: X-S =       1.173023 mb/sr,
+                                         /R =   1.354668E+00

   122.50 deg.: X-S =       1.172285 mb/sr,
+                                         /R =   1.366909E+00

   123.00 deg.: X-S =       1.175182 mb/sr,
+                                         /R =   1.383402E+00

   123.50 deg.: X-S =       1.181485 mb/sr,
+                                         /R =   1.403996E+00

   124.00 deg.: X-S =       1.190891 mb/sr,
+                                         /R =   1.428437E+00

   124.50 deg.: X-S =       1.203020 mb/sr,
+                                         /R =   1.456368E+00

   125.00 deg.: X-S =       1.217425 mb/sr,
+                                         /R =   1.487330E+00

   125.50 deg.: X-S =       1.233598 mb/sr,
+                                         /R =   1.520770E+00

   126.00 deg.: X-S =       1.250978 mb/sr,
+                                         /R =   1.556047E+00

   126.50 deg.: X-S =       1.268964 mb/sr,
+                                         /R =   1.592442E+00

   127.00 deg.: X-S =       1.286923 mb/sr,
+                                         /R =   1.629171E+00

   127.50 deg.: X-S =       1.304204 mb/sr,
+                                         /R =   1.665399E+00

   128.00 deg.: X-S =       1.320151 mb/sr,
+                                         /R =   1.700253E+00

   128.50 deg.: X-S =       1.334114 mb/sr,
+                                         /R =   1.732844E+00

   129.00 deg.: X-S =       1.345467 mb/sr,
+                                         /R =   1.762282E+00

   129.50 deg.: X-S =       1.353620 mb/sr,
+                                         /R =   1.787699E+00

   130.00 deg.: X-S =       1.358032 mb/sr,
+                                         /R =   1.808266E+00

   130.50 deg.: X-S =       1.358225 mb/sr,
+                                         /R =   1.823217E+00

   131.00 deg.: X-S =       1.353795 mb/sr,
+                                         /R =   1.831867E+00

   131.50 deg.: X-S =       1.344425 mb/sr,
+                                         /R =   1.833632E+00

   132.00 deg.: X-S =       1.329896 mb/sr,
+                                         /R =   1.828049E+00

   132.50 deg.: X-S =       1.310092 mb/sr,
+                                         /R =   1.814792E+00

   133.00 deg.: X-S =       1.285010 mb/sr,
+                                         /R =   1.793688E+00

   133.50 deg.: X-S =       1.254760 mb/sr,
+                                         /R =   1.764727E+00

   134.00 deg.: X-S =       1.219574 mb/sr,
+                                         /R =   1.728072E+00

   134.50 deg.: X-S =       1.179799 mb/sr,
+                                         /R =   1.684068E+00

   135.00 deg.: X-S =       1.135900 mb/sr,
+                                         /R =   1.633243E+00

   135.50 deg.: X-S =       1.088452 mb/sr,
+                                         /R =   1.576305E+00

   136.00 deg.: X-S =       1.038133 mb/sr,
+                                         /R =   1.514140E+00

   136.50 deg.: X-S =       0.985716 mb/sr,
+                                         /R =   1.447798E+00

   137.00 deg.: X-S =       0.932054 mb/sr,
+                                         /R =   1.378485E+00

   137.50 deg.: X-S =       0.878068 mb/sr,
+                                         /R =   1.307543E+00

   138.00 deg.: X-S =       0.824731 mb/sr,
+                                         /R =   1.236427E+00

   138.50 deg.: X-S =       0.773045 mb/sr,
+                                         /R =   1.166681E+00

   139.00 deg.: X-S =       0.724032 mb/sr,
+                                         /R =   1.099910E+00

   139.50 deg.: X-S =       0.678700 mb/sr,
+                                         /R =   1.037751E+00

   140.00 deg.: X-S =       0.638036 mb/sr,
+                                         /R =   9.818331E-01

   140.50 deg.: X-S =       0.602972 mb/sr,
+                                         /R =   9.337490E-01

   141.00 deg.: X-S =       0.574374 mb/sr,
+                                         /R =   8.950153E-01

   141.50 deg.: X-S =       0.553014 mb/sr,
+                                         /R =   8.670368E-01

   142.00 deg.: X-S =       0.539555 mb/sr,
+                                         /R =   8.510709E-01

   142.50 deg.: X-S =       0.534531 mb/sr,
+                                         /R =   8.481924E-01

   143.00 deg.: X-S =       0.538331 mb/sr,
+                                         /R =   8.592617E-01

   143.50 deg.: X-S =       0.551186 mb/sr,
+                                         /R =   8.848951E-01

   144.00 deg.: X-S =       0.573156 mb/sr,
+                                         /R =   9.254392E-01

   144.50 deg.: X-S =       0.604126 mb/sr,
+                                         /R =   9.809495E-01

   145.00 deg.: X-S =       0.643795 mb/sr,
+                                         /R =   1.051175E+00

   145.50 deg.: X-S =       0.691681 mb/sr,
+                                         /R =   1.135547E+00

   146.00 deg.: X-S =       0.747121 mb/sr,
+                                         /R =   1.233177E+00

   146.50 deg.: X-S =       0.809276 mb/sr,
+                                         /R =   1.342859E+00

   147.00 deg.: X-S =       0.877142 mb/sr,
+                                         /R =   1.463077E+00

   147.50 deg.: X-S =       0.949567 mb/sr,
+                                         /R =   1.592026E+00

   148.00 deg.: X-S =       1.025264 mb/sr,
+                                         /R =   1.727634E+00

   148.50 deg.: X-S =       1.102834 mb/sr,
+                                         /R =   1.867591E+00

   149.00 deg.: X-S =       1.180792 mb/sr,
+                                         /R =   2.009392E+00

   149.50 deg.: X-S =       1.257589 mb/sr,
+                                         /R =   2.150376E+00

   150.00 deg.: X-S =       1.331646 mb/sr,
+                                         /R =   2.287776E+00

   150.50 deg.: X-S =       1.401385 mb/sr,
+                                         /R =   2.418775E+00

   151.00 deg.: X-S =       1.465258 mb/sr,
+                                         /R =   2.540562E+00

   151.50 deg.: X-S =       1.521780 mb/sr,
+                                         /R =   2.650394E+00

   152.00 deg.: X-S =       1.569568 mb/sr,
+                                         /R =   2.745656E+00

   152.50 deg.: X-S =       1.607367 mb/sr,
+                                         /R =   2.823925E+00

   153.00 deg.: X-S =       1.634083 mb/sr,
+                                         /R =   2.883033E+00

   153.50 deg.: X-S =       1.648815 mb/sr,
+                                         /R =   2.921123E+00

   154.00 deg.: X-S =       1.650881 mb/sr,
+                                         /R =   2.936708E+00

   154.50 deg.: X-S =       1.639837 mb/sr,
+                                         /R =   2.928723E+00

   155.00 deg.: X-S =       1.615505 mb/sr,
+                                         /R =   2.896568E+00

   155.50 deg.: X-S =       1.577982 mb/sr,
+                                         /R =   2.840145E+00

   156.00 deg.: X-S =       1.527655 mb/sr,
+                                         /R =   2.759893E+00

   156.50 deg.: X-S =       1.465205 mb/sr,
+                                         /R =   2.656803E+00

   157.00 deg.: X-S =       1.391610 mb/sr,
+                                         /R =   2.532431E+00

   157.50 deg.: X-S =       1.308135 mb/sr,
+                                         /R =   2.388899E+00

   158.00 deg.: X-S =       1.216329 mb/sr,
+                                         /R =   2.228881E+00

   158.50 deg.: X-S =       1.118003 mb/sr,
+                                         /R =   2.055583E+00

   159.00 deg.: X-S =       1.015210 mb/sr,
+                                         /R =   1.872707E+00

   159.50 deg.: X-S =       0.910219 mb/sr,
+                                         /R =   1.684410E+00

   160.00 deg.: X-S =       0.805483 mb/sr,
+                                         /R =   1.495242E+00

   160.50 deg.: X-S =       0.703600 mb/sr,
+                                         /R =   1.310088E+00

   161.00 deg.: X-S =       0.607276 mb/sr,
+                                         /R =   1.134087E+00

   161.50 deg.: X-S =       0.519281 mb/sr,
+                                         /R =   9.725553E-01

   162.00 deg.: X-S =       0.442401 mb/sr,
+                                         /R =   8.308924E-01

   162.50 deg.: X-S =       0.379388 mb/sr,
+                                         /R =   7.144904E-01

   163.00 deg.: X-S =       0.332917 mb/sr,
+                                         /R =   6.286347E-01

   163.50 deg.: X-S =       0.305530 mb/sr,
+                                         /R =   5.784051E-01

   164.00 deg.: X-S =       0.299590 mb/sr,
+                                         /R =   5.685758E-01

   164.50 deg.: X-S =       0.317235 mb/sr,
+                                         /R =   6.035184E-01

   165.00 deg.: X-S =       0.360331 mb/sr,
+                                         /R =   6.871077E-01

   165.50 deg.: X-S =       0.430429 mb/sr,
+                                         /R =   8.226335E-01

   166.00 deg.: X-S =       0.528734 mb/sr,
+                                         /R =   1.012721E+00

   166.50 deg.: X-S =       0.656067 mb/sr,
+                                         /R =   1.259256E+00

   167.00 deg.: X-S =       0.812838 mb/sr,
+                                         /R =   1.563330E+00

   167.50 deg.: X-S =       0.999031 mb/sr,
+                                         /R =   1.925185E+00

   168.00 deg.: X-S =       1.214185 mb/sr,
+                                         /R =   2.344183E+00

   168.50 deg.: X-S =       1.457387 mb/sr,
+                                         /R =   2.818782E+00

   169.00 deg.: X-S =       1.727276 mb/sr,
+                                         /R =   3.346532E+00

   169.50 deg.: X-S =       2.022050 mb/sr,
+                                         /R =   3.924084E+00

   170.00 deg.: X-S =       2.339479 mb/sr,
+                                         /R =   4.547214E+00

   170.50 deg.: X-S =       2.676931 mb/sr,
+                                         /R =   5.210866E+00

   171.00 deg.: X-S =       3.031399 mb/sr,
+                                         /R =   5.909204E+00

   171.50 deg.: X-S =       3.399540 mb/sr,
+                                         /R =   6.635689E+00

   172.00 deg.: X-S =       3.777717 mb/sr,
+                                         /R =   7.383155E+00

   172.50 deg.: X-S =       4.162048 mb/sr,
+                                         /R =   8.143911E+00

   173.00 deg.: X-S =       4.548454 mb/sr,
+                                         /R =   8.909842E+00

   173.50 deg.: X-S =       4.932726 mb/sr,
+                                         /R =   9.672531E+00

   174.00 deg.: X-S =       5.310574 mb/sr,
+                                         /R =   1.042338E+01

   174.50 deg.: X-S =       5.677696 mb/sr,
+                                         /R =   1.115372E+01

   175.00 deg.: X-S =       6.029841 mb/sr,
+                                         /R =   1.185499E+01

   175.50 deg.: X-S =       6.362867 mb/sr,
+                                         /R =   1.251879E+01

   176.00 deg.: X-S =       6.672808 mb/sr,
+                                         /R =   1.313710E+01

   176.50 deg.: X-S =       6.955933 mb/sr,
+                                         /R =   1.370233E+01

   177.00 deg.: X-S =       7.208799 mb/sr,
+                                         /R =   1.420748E+01

   177.50 deg.: X-S =       7.428309 mb/sr,
+                                         /R =   1.464623E+01

   178.00 deg.: X-S =       7.611756 mb/sr,
+                                         /R =   1.501307E+01

   178.50 deg.: X-S =       7.756865 mb/sr,
+                                         /R =   1.530336E+01

   179.00 deg.: X-S =       7.861830 mb/sr,
+                                         /R =   1.551340E+01

   179.50 deg.: X-S =       7.925339 mb/sr,
+                                         /R =   1.564050E+01

   179.99 deg.: X-S =       7.946589 mb/sr,
+                                         /R =   1.568303E+01

                                           Integrated  8.3612E+10 mb, over [   0.000, 180.000] at    32.0000 MeV 

 CROSS SECTIONS FOR OUTGOING 2H       & 13C      in state #   1 with spins & parities 1.0  + &  1.5  -;  0

     0.00 deg.: X-S =       0.254229 mb/sr,
+                                         REAC   2.4805E-01 mb

     0.50 deg.: X-S =       0.253742 mb/sr,

     1.00 deg.: X-S =       0.252287 mb/sr,

     1.50 deg.: X-S =       0.249880 mb/sr,

     2.00 deg.: X-S =       0.246553 mb/sr,

     2.50 deg.: X-S =       0.242343 mb/sr,

     3.00 deg.: X-S =       0.237302 mb/sr,

     3.50 deg.: X-S =       0.231489 mb/sr,

     4.00 deg.: X-S =       0.224972 mb/sr,

     4.50 deg.: X-S =       0.217825 mb/sr,

     5.00 deg.: X-S =       0.210130 mb/sr,

     5.50 deg.: X-S =       0.201972 mb/sr,

     6.00 deg.: X-S =       0.193439 mb/sr,

     6.50 deg.: X-S =       0.184622 mb/sr,

     7.00 deg.: X-S =       0.175612 mb/sr,

     7.50 deg.: X-S =       0.166497 mb/sr,

     8.00 deg.: X-S =       0.157366 mb/sr,

     8.50 deg.: X-S =       0.148302 mb/sr,

     9.00 deg.: X-S =       0.139383 mb/sr,

     9.50 deg.: X-S =       0.130684 mb/sr,

    10.00 deg.: X-S =       0.122271 mb/sr,

    10.50 deg.: X-S =       0.114205 mb/sr,

    11.00 deg.: X-S =       0.106535 mb/sr,

    11.50 deg.: X-S =       0.099308 mb/sr,

    12.00 deg.: X-S =       0.092557 mb/sr,

    12.50 deg.: X-S =       0.086310 mb/sr,

    13.00 deg.: X-S =       0.080586 mb/sr,

    13.50 deg.: X-S =       0.075395 mb/sr,

    14.00 deg.: X-S =       0.070741 mb/sr,

    14.50 deg.: X-S =       0.066618 mb/sr,

    15.00 deg.: X-S =       0.063017 mb/sr,

    15.50 deg.: X-S =       0.059919 mb/sr,

    16.00 deg.: X-S =       0.057302 mb/sr,

    16.50 deg.: X-S =       0.055140 mb/sr,

    17.00 deg.: X-S =       0.053401 mb/sr,

    17.50 deg.: X-S =       0.052052 mb/sr,

    18.00 deg.: X-S =       0.051056 mb/sr,

    18.50 deg.: X-S =       0.050375 mb/sr,

    19.00 deg.: X-S =       0.049971 mb/sr,

    19.50 deg.: X-S =       0.049805 mb/sr,

    20.00 deg.: X-S =       0.049838 mb/sr,

    20.50 deg.: X-S =       0.050033 mb/sr,

    21.00 deg.: X-S =       0.050353 mb/sr,

    21.50 deg.: X-S =       0.050765 mb/sr,

    22.00 deg.: X-S =       0.051236 mb/sr,

    22.50 deg.: X-S =       0.051736 mb/sr,

    23.00 deg.: X-S =       0.052239 mb/sr,

    23.50 deg.: X-S =       0.052719 mb/sr,

    24.00 deg.: X-S =       0.053155 mb/sr,

    24.50 deg.: X-S =       0.053528 mb/sr,

    25.00 deg.: X-S =       0.053822 mb/sr,

    25.50 deg.: X-S =       0.054025 mb/sr,

    26.00 deg.: X-S =       0.054124 mb/sr,

    26.50 deg.: X-S =       0.054112 mb/sr,

    27.00 deg.: X-S =       0.053983 mb/sr,

    27.50 deg.: X-S =       0.053734 mb/sr,

    28.00 deg.: X-S =       0.053363 mb/sr,

    28.50 deg.: X-S =       0.052870 mb/sr,

    29.00 deg.: X-S =       0.052257 mb/sr,

    29.50 deg.: X-S =       0.051527 mb/sr,

    30.00 deg.: X-S =       0.050685 mb/sr,

    30.50 deg.: X-S =       0.049737 mb/sr,

    31.00 deg.: X-S =       0.048689 mb/sr,

    31.50 deg.: X-S =       0.047549 mb/sr,

    32.00 deg.: X-S =       0.046324 mb/sr,

    32.50 deg.: X-S =       0.045024 mb/sr,

    33.00 deg.: X-S =       0.043658 mb/sr,

    33.50 deg.: X-S =       0.042234 mb/sr,

    34.00 deg.: X-S =       0.040762 mb/sr,

    34.50 deg.: X-S =       0.039251 mb/sr,

    35.00 deg.: X-S =       0.037712 mb/sr,

    35.50 deg.: X-S =       0.036152 mb/sr,

    36.00 deg.: X-S =       0.034582 mb/sr,

    36.50 deg.: X-S =       0.033010 mb/sr,

    37.00 deg.: X-S =       0.031445 mb/sr,

    37.50 deg.: X-S =       0.029895 mb/sr,

    38.00 deg.: X-S =       0.028368 mb/sr,

    38.50 deg.: X-S =       0.026871 mb/sr,

    39.00 deg.: X-S =       0.025412 mb/sr,

    39.50 deg.: X-S =       0.023997 mb/sr,

    40.00 deg.: X-S =       0.022632 mb/sr,

    40.50 deg.: X-S =       0.021322 mb/sr,

    41.00 deg.: X-S =       0.020073 mb/sr,

    41.50 deg.: X-S =       0.018889 mb/sr,

    42.00 deg.: X-S =       0.017774 mb/sr,

    42.50 deg.: X-S =       0.016731 mb/sr,

    43.00 deg.: X-S =       0.015765 mb/sr,

    43.50 deg.: X-S =       0.014876 mb/sr,

    44.00 deg.: X-S =       0.014068 mb/sr,

    44.50 deg.: X-S =       0.013341 mb/sr,

    45.00 deg.: X-S =       0.012697 mb/sr,

    45.50 deg.: X-S =       0.012138 mb/sr,

    46.00 deg.: X-S =       0.011662 mb/sr,

    46.50 deg.: X-S =       0.011271 mb/sr,

    47.00 deg.: X-S =       0.010963 mb/sr,

    47.50 deg.: X-S =       0.010739 mb/sr,

    48.00 deg.: X-S =       0.010597 mb/sr,

    48.50 deg.: X-S =       0.010535 mb/sr,

    49.00 deg.: X-S =       0.010553 mb/sr,

    49.50 deg.: X-S =       0.010648 mb/sr,

    50.00 deg.: X-S =       0.010819 mb/sr,

    50.50 deg.: X-S =       0.011062 mb/sr,

    51.00 deg.: X-S =       0.011375 mb/sr,

    51.50 deg.: X-S =       0.011755 mb/sr,

    52.00 deg.: X-S =       0.012199 mb/sr,

    52.50 deg.: X-S =       0.012703 mb/sr,

    53.00 deg.: X-S =       0.013263 mb/sr,

    53.50 deg.: X-S =       0.013876 mb/sr,

    54.00 deg.: X-S =       0.014536 mb/sr,

    54.50 deg.: X-S =       0.015240 mb/sr,

    55.00 deg.: X-S =       0.015983 mb/sr,

    55.50 deg.: X-S =       0.016759 mb/sr,

    56.00 deg.: X-S =       0.017564 mb/sr,

    56.50 deg.: X-S =       0.018392 mb/sr,

    57.00 deg.: X-S =       0.019238 mb/sr,

    57.50 deg.: X-S =       0.020096 mb/sr,

    58.00 deg.: X-S =       0.020960 mb/sr,

    58.50 deg.: X-S =       0.021824 mb/sr,

    59.00 deg.: X-S =       0.022684 mb/sr,

    59.50 deg.: X-S =       0.023533 mb/sr,

    60.00 deg.: X-S =       0.024365 mb/sr,

    60.50 deg.: X-S =       0.025175 mb/sr,

    61.00 deg.: X-S =       0.025957 mb/sr,

    61.50 deg.: X-S =       0.026707 mb/sr,

    62.00 deg.: X-S =       0.027419 mb/sr,

    62.50 deg.: X-S =       0.028090 mb/sr,

    63.00 deg.: X-S =       0.028713 mb/sr,

    63.50 deg.: X-S =       0.029287 mb/sr,

    64.00 deg.: X-S =       0.029807 mb/sr,

    64.50 deg.: X-S =       0.030270 mb/sr,

    65.00 deg.: X-S =       0.030674 mb/sr,

    65.50 deg.: X-S =       0.031016 mb/sr,

    66.00 deg.: X-S =       0.031295 mb/sr,

    66.50 deg.: X-S =       0.031511 mb/sr,

    67.00 deg.: X-S =       0.031661 mb/sr,

    67.50 deg.: X-S =       0.031747 mb/sr,

    68.00 deg.: X-S =       0.031769 mb/sr,

    68.50 deg.: X-S =       0.031727 mb/sr,

    69.00 deg.: X-S =       0.031624 mb/sr,

    69.50 deg.: X-S =       0.031459 mb/sr,

    70.00 deg.: X-S =       0.031237 mb/sr,

    70.50 deg.: X-S =       0.030959 mb/sr,

    71.00 deg.: X-S =       0.030627 mb/sr,

    71.50 deg.: X-S =       0.030246 mb/sr,

    72.00 deg.: X-S =       0.029818 mb/sr,

    72.50 deg.: X-S =       0.029347 mb/sr,

    73.00 deg.: X-S =       0.028837 mb/sr,

    73.50 deg.: X-S =       0.028291 mb/sr,

    74.00 deg.: X-S =       0.027713 mb/sr,

    74.50 deg.: X-S =       0.027107 mb/sr,

    75.00 deg.: X-S =       0.026477 mb/sr,

    75.50 deg.: X-S =       0.025826 mb/sr,

    76.00 deg.: X-S =       0.025160 mb/sr,

    76.50 deg.: X-S =       0.024480 mb/sr,

    77.00 deg.: X-S =       0.023792 mb/sr,

    77.50 deg.: X-S =       0.023098 mb/sr,

    78.00 deg.: X-S =       0.022402 mb/sr,

    78.50 deg.: X-S =       0.021706 mb/sr,

    79.00 deg.: X-S =       0.021015 mb/sr,

    79.50 deg.: X-S =       0.020331 mb/sr,

    80.00 deg.: X-S =       0.019657 mb/sr,

    80.50 deg.: X-S =       0.018995 mb/sr,

    81.00 deg.: X-S =       0.018347 mb/sr,

    81.50 deg.: X-S =       0.017716 mb/sr,

    82.00 deg.: X-S =       0.017104 mb/sr,

    82.50 deg.: X-S =       0.016512 mb/sr,

    83.00 deg.: X-S =       0.015943 mb/sr,

    83.50 deg.: X-S =       0.015398 mb/sr,

    84.00 deg.: X-S =       0.014878 mb/sr,

    84.50 deg.: X-S =       0.014384 mb/sr,

    85.00 deg.: X-S =       0.013918 mb/sr,

    85.50 deg.: X-S =       0.013480 mb/sr,

    86.00 deg.: X-S =       0.013072 mb/sr,

    86.50 deg.: X-S =       0.012693 mb/sr,

    87.00 deg.: X-S =       0.012345 mb/sr,

    87.50 deg.: X-S =       0.012028 mb/sr,

    88.00 deg.: X-S =       0.011743 mb/sr,

    88.50 deg.: X-S =       0.011488 mb/sr,

    89.00 deg.: X-S =       0.011266 mb/sr,

    89.50 deg.: X-S =       0.011074 mb/sr,

    90.00 deg.: X-S =       0.010914 mb/sr,

    90.50 deg.: X-S =       0.010784 mb/sr,

    91.00 deg.: X-S =       0.010685 mb/sr,

    91.50 deg.: X-S =       0.010615 mb/sr,

    92.00 deg.: X-S =       0.010574 mb/sr,

    92.50 deg.: X-S =       0.010560 mb/sr,

    93.00 deg.: X-S =       0.010574 mb/sr,

    93.50 deg.: X-S =       0.010613 mb/sr,

    94.00 deg.: X-S =       0.010676 mb/sr,

    94.50 deg.: X-S =       0.010762 mb/sr,

    95.00 deg.: X-S =       0.010869 mb/sr,

    95.50 deg.: X-S =       0.010995 mb/sr,

    96.00 deg.: X-S =       0.011139 mb/sr,

    96.50 deg.: X-S =       0.011298 mb/sr,

    97.00 deg.: X-S =       0.011471 mb/sr,

    97.50 deg.: X-S =       0.011655 mb/sr,

    98.00 deg.: X-S =       0.011848 mb/sr,

    98.50 deg.: X-S =       0.012048 mb/sr,

    99.00 deg.: X-S =       0.012252 mb/sr,

    99.50 deg.: X-S =       0.012459 mb/sr,

   100.00 deg.: X-S =       0.012667 mb/sr,

   100.50 deg.: X-S =       0.012872 mb/sr,

   101.00 deg.: X-S =       0.013073 mb/sr,

   101.50 deg.: X-S =       0.013269 mb/sr,

   102.00 deg.: X-S =       0.013456 mb/sr,

   102.50 deg.: X-S =       0.013633 mb/sr,

   103.00 deg.: X-S =       0.013799 mb/sr,

   103.50 deg.: X-S =       0.013953 mb/sr,

   104.00 deg.: X-S =       0.014091 mb/sr,

   104.50 deg.: X-S =       0.014215 mb/sr,

   105.00 deg.: X-S =       0.014322 mb/sr,

   105.50 deg.: X-S =       0.014412 mb/sr,

   106.00 deg.: X-S =       0.014484 mb/sr,

   106.50 deg.: X-S =       0.014538 mb/sr,

   107.00 deg.: X-S =       0.014574 mb/sr,

   107.50 deg.: X-S =       0.014592 mb/sr,

   108.00 deg.: X-S =       0.014592 mb/sr,

   108.50 deg.: X-S =       0.014575 mb/sr,

   109.00 deg.: X-S =       0.014541 mb/sr,

   109.50 deg.: X-S =       0.014491 mb/sr,

   110.00 deg.: X-S =       0.014425 mb/sr,

   110.50 deg.: X-S =       0.014346 mb/sr,

   111.00 deg.: X-S =       0.014253 mb/sr,

   111.50 deg.: X-S =       0.014149 mb/sr,

   112.00 deg.: X-S =       0.014035 mb/sr,

   112.50 deg.: X-S =       0.013911 mb/sr,

   113.00 deg.: X-S =       0.013780 mb/sr,

   113.50 deg.: X-S =       0.013643 mb/sr,

   114.00 deg.: X-S =       0.013500 mb/sr,

   114.50 deg.: X-S =       0.013354 mb/sr,

   115.00 deg.: X-S =       0.013206 mb/sr,

   115.50 deg.: X-S =       0.013057 mb/sr,

   116.00 deg.: X-S =       0.012907 mb/sr,

   116.50 deg.: X-S =       0.012759 mb/sr,

   117.00 deg.: X-S =       0.012612 mb/sr,

   117.50 deg.: X-S =       0.012468 mb/sr,

   118.00 deg.: X-S =       0.012327 mb/sr,

   118.50 deg.: X-S =       0.012190 mb/sr,

   119.00 deg.: X-S =       0.012057 mb/sr,

   119.50 deg.: X-S =       0.011928 mb/sr,

   120.00 deg.: X-S =       0.011803 mb/sr,

   120.50 deg.: X-S =       0.011683 mb/sr,

   121.00 deg.: X-S =       0.011566 mb/sr,

   121.50 deg.: X-S =       0.011453 mb/sr,

   122.00 deg.: X-S =       0.011343 mb/sr,

   122.50 deg.: X-S =       0.011235 mb/sr,

   123.00 deg.: X-S =       0.011130 mb/sr,

   123.50 deg.: X-S =       0.011025 mb/sr,

   124.00 deg.: X-S =       0.010920 mb/sr,

   124.50 deg.: X-S =       0.010815 mb/sr,

   125.00 deg.: X-S =       0.010708 mb/sr,

   125.50 deg.: X-S =       0.010598 mb/sr,

   126.00 deg.: X-S =       0.010485 mb/sr,

   126.50 deg.: X-S =       0.010368 mb/sr,

   127.00 deg.: X-S =       0.010245 mb/sr,

   127.50 deg.: X-S =       0.010116 mb/sr,

   128.00 deg.: X-S =       0.009980 mb/sr,

   128.50 deg.: X-S =       0.009836 mb/sr,

   129.00 deg.: X-S =       0.009684 mb/sr,

   129.50 deg.: X-S =       0.009524 mb/sr,

   130.00 deg.: X-S =       0.009354 mb/sr,

   130.50 deg.: X-S =       0.009175 mb/sr,

   131.00 deg.: X-S =       0.008986 mb/sr,

   131.50 deg.: X-S =       0.008788 mb/sr,

   132.00 deg.: X-S =       0.008581 mb/sr,

   132.50 deg.: X-S =       0.008364 mb/sr,

   133.00 deg.: X-S =       0.008140 mb/sr,

   133.50 deg.: X-S =       0.007907 mb/sr,

   134.00 deg.: X-S =       0.007668 mb/sr,

   134.50 deg.: X-S =       0.007422 mb/sr,

   135.00 deg.: X-S =       0.007171 mb/sr,

   135.50 deg.: X-S =       0.006916 mb/sr,

   136.00 deg.: X-S =       0.006658 mb/sr,

   136.50 deg.: X-S =       0.006399 mb/sr,

   137.00 deg.: X-S =       0.006141 mb/sr,

   137.50 deg.: X-S =       0.005883 mb/sr,

   138.00 deg.: X-S =       0.005630 mb/sr,

   138.50 deg.: X-S =       0.005381 mb/sr,

   139.00 deg.: X-S =       0.005138 mb/sr,

   139.50 deg.: X-S =       0.004904 mb/sr,

   140.00 deg.: X-S =       0.004681 mb/sr,

   140.50 deg.: X-S =       0.004468 mb/sr,

   141.00 deg.: X-S =       0.004269 mb/sr,

   141.50 deg.: X-S =       0.004085 mb/sr,

   142.00 deg.: X-S =       0.003917 mb/sr,

   142.50 deg.: X-S =       0.003767 mb/sr,

   143.00 deg.: X-S =       0.003636 mb/sr,

   143.50 deg.: X-S =       0.003526 mb/sr,

   144.00 deg.: X-S =       0.003437 mb/sr,

   144.50 deg.: X-S =       0.003370 mb/sr,

   145.00 deg.: X-S =       0.003326 mb/sr,

   145.50 deg.: X-S =       0.003306 mb/sr,

   146.00 deg.: X-S =       0.003310 mb/sr,

   146.50 deg.: X-S =       0.003339 mb/sr,

   147.00 deg.: X-S =       0.003392 mb/sr,

   147.50 deg.: X-S =       0.003470 mb/sr,

   148.00 deg.: X-S =       0.003572 mb/sr,

   148.50 deg.: X-S =       0.003699 mb/sr,

   149.00 deg.: X-S =       0.003849 mb/sr,

   149.50 deg.: X-S =       0.004022 mb/sr,

   150.00 deg.: X-S =       0.004217 mb/sr,

   150.50 deg.: X-S =       0.004433 mb/sr,

   151.00 deg.: X-S =       0.004669 mb/sr,

   151.50 deg.: X-S =       0.004924 mb/sr,

   152.00 deg.: X-S =       0.005197 mb/sr,

   152.50 deg.: X-S =       0.005485 mb/sr,

   153.00 deg.: X-S =       0.005788 mb/sr,

   153.50 deg.: X-S =       0.006104 mb/sr,

   154.00 deg.: X-S =       0.006431 mb/sr,

   154.50 deg.: X-S =       0.006767 mb/sr,

   155.00 deg.: X-S =       0.007112 mb/sr,

   155.50 deg.: X-S =       0.007463 mb/sr,

   156.00 deg.: X-S =       0.007818 mb/sr,

   156.50 deg.: X-S =       0.008176 mb/sr,

   157.00 deg.: X-S =       0.008535 mb/sr,

   157.50 deg.: X-S =       0.008894 mb/sr,

   158.00 deg.: X-S =       0.009250 mb/sr,

   158.50 deg.: X-S =       0.009603 mb/sr,

   159.00 deg.: X-S =       0.009951 mb/sr,

   159.50 deg.: X-S =       0.010293 mb/sr,

   160.00 deg.: X-S =       0.010627 mb/sr,

   160.50 deg.: X-S =       0.010952 mb/sr,

   161.00 deg.: X-S =       0.011268 mb/sr,

   161.50 deg.: X-S =       0.011573 mb/sr,

   162.00 deg.: X-S =       0.011866 mb/sr,

   162.50 deg.: X-S =       0.012147 mb/sr,

   163.00 deg.: X-S =       0.012416 mb/sr,

   163.50 deg.: X-S =       0.012671 mb/sr,

   164.00 deg.: X-S =       0.012913 mb/sr,

   164.50 deg.: X-S =       0.013141 mb/sr,

   165.00 deg.: X-S =       0.013355 mb/sr,

   165.50 deg.: X-S =       0.013555 mb/sr,

   166.00 deg.: X-S =       0.013742 mb/sr,

   166.50 deg.: X-S =       0.013914 mb/sr,

   167.00 deg.: X-S =       0.014073 mb/sr,

   167.50 deg.: X-S =       0.014219 mb/sr,

   168.00 deg.: X-S =       0.014352 mb/sr,

   168.50 deg.: X-S =       0.014473 mb/sr,

   169.00 deg.: X-S =       0.014582 mb/sr,

   169.50 deg.: X-S =       0.014680 mb/sr,

   170.00 deg.: X-S =       0.014767 mb/sr,

   170.50 deg.: X-S =       0.014844 mb/sr,

   171.00 deg.: X-S =       0.014912 mb/sr,

   171.50 deg.: X-S =       0.014971 mb/sr,

   172.00 deg.: X-S =       0.015023 mb/sr,

   172.50 deg.: X-S =       0.015067 mb/sr,

   173.00 deg.: X-S =       0.015105 mb/sr,

   173.50 deg.: X-S =       0.015136 mb/sr,

   174.00 deg.: X-S =       0.015163 mb/sr,

   174.50 deg.: X-S =       0.015184 mb/sr,

   175.00 deg.: X-S =       0.015202 mb/sr,

   175.50 deg.: X-S =       0.015216 mb/sr,

   176.00 deg.: X-S =       0.015227 mb/sr,

   176.50 deg.: X-S =       0.015236 mb/sr,

   177.00 deg.: X-S =       0.015243 mb/sr,

   177.50 deg.: X-S =       0.015248 mb/sr,

   178.00 deg.: X-S =       0.015252 mb/sr,

   178.50 deg.: X-S =       0.015254 mb/sr,

   179.00 deg.: X-S =       0.015256 mb/sr,

   179.50 deg.: X-S =       0.015257 mb/sr,

   180.00 deg.: X-S =       0.015257 mb/sr,

                                           Integrated  2.4804E-01 mb, over [   0.000, 180.000] at    32.0000 MeV 
 Finished all xsecs @    2.61152077    



 Mean components of Elastic Optical Potential generated by channel couplings of type  1

     0.160     0.0000     0.0000     0.0000     0.0000     0.0000     0.0000
     0.320     0.0000     0.0000     0.0000     0.0000     0.0000     0.0000
     0.480     0.0000     0.0000     0.0000     0.0000     0.0000     0.0000
     0.640     0.0000     0.0000     0.0000     0.0000     0.0000     0.0000
     0.800     0.0000     0.0000     0.0000     0.0000     0.0000     0.0000
     0.960     0.0000     0.0000     0.0000     0.0000     0.0000     0.0000
     1.120     0.0000     0.0000     0.0000     0.0000     0.0000     0.0000
     1.280     0.0000     0.0000     0.0000     0.0000     0.0000     0.0000
     1.440     0.0000     0.0000     0.0000     0.0000     0.0000     0.0000
     1.600     0.0000     0.0000     0.0000     0.0000     0.0000     0.0000
     1.760     0.0000     0.0000     0.0000     0.0000     0.0000     0.0000
     1.920     0.0000     0.0000     0.0000     0.0000     0.0000     0.0000
     2.080     0.0000     0.0000     0.0000     0.0000     0.0000     0.0000
     2.240     0.0000     0.0000     0.0000     0.0000     0.0000     0.0000
     2.400     0.0000     0.0000     0.0000     0.0000     0.0000     0.0000
     2.560     0.0000     0.0000     0.0000     0.0000     0.0000     0.0000
     2.720     0.0000     0.0000     0.0000     0.0000     0.0000     0.0000
     2.880     0.0000     0.0000     0.0000     0.0000     0.0000     0.0000
     3.040     0.0000     0.0000     0.0000     0.0000     0.0000     0.0000
     3.200     0.0000     0.0000     0.0000     0.0000     0.0000     0.0000
     3.360     0.0000     0.0000     0.0000     0.0000     0.0000     0.0000
     3.520     0.0000     0.0000     0.0000     0.0000     0.0000     0.0000
     3.680     0.0000     0.0000     0.0000     0.0000     0.0000     0.0000
     3.840     0.0000     0.0000     0.0000     0.0000     0.0000     0.0000
     4.000     0.0000     0.0000     0.0000     0.0000     0.0000     0.0000
     4.160     0.0000     0.0000     0.0000     0.0000     0.0000     0.0000
     4.320     0.0000     0.0000     0.0000     0.0000     0.0000     0.0000
     4.480     0.0000     0.0000     0.0000     0.0000     0.0000     0.0000
     4.640     0.0000     0.0000     0.0000     0.0000     0.0000     0.0000
     4.800     0.0000     0.0000     0.0000     0.0000     0.0000     0.0000
     4.960     0.0000     0.0000     0.0000     0.0000     0.0000     0.0000
     5.120     0.0000     0.0000     0.0000     0.0000     0.0000     0.0000
     5.280     0.0000     0.0000     0.0000     0.0000     0.0000     0.0000
     5.440     0.0000     0.0000     0.0000     0.0000     0.0000     0.0000
     5.600     0.0000     0.0000     0.0000     0.0000     0.0000     0.0000
     5.760     0.0000     0.0000     0.0000     0.0000     0.0000     0.0000
     5.920     0.0000     0.0000     0.0000     0.0000     0.0000     0.0000
     6.080     0.0000     0.0000     0.0000     0.0000     0.0000     0.0000
     6.240     0.0000     0.0000     0.0000     0.0000     0.0000     0.0000
     6.400     0.0000     0.0000     0.0000     0.0000     0.0000     0.0000
     6.560     0.0000     0.0000     0.0000     0.0000     0.0000     0.0000
     6.720     0.0000     0.0000     0.0000     0.0000     0.0000     0.0000
     6.880     0.0000     0.0000     0.0000     0.0000     0.0000     0.0000
     7.040     0.0000     0.0000     0.0000     0.0000     0.0000     0.0000
     7.200     0.0000     0.0000     0.0000     0.0000     0.0000     0.0000
     7.360     0.0000     0.0000     0.0000     0.0000     0.0000     0.0000
     7.520     0.0000     0.0000     0.0000     0.0000     0.0000     0.0000
     7.680     0.0000     0.0000     0.0000     0.0000     0.0000     0.0000
     7.840     0.0000     0.0000     0.0000     0.0000     0.0000     0.0000
     8.000     0.0000     0.0000     0.0000     0.0000     0.0000     0.0000
     8.160     0.0000     0.0000     0.0000     0.0000     0.0000     0.0000
     8.320     0.0000     0.0000     0.0000     0.0000     0.0000     0.0000
     8.480     0.0000     0.0000     0.0000     0.0000     0.0000     0.0000
     8.640     0.0000     0.0000     0.0000     0.0000     0.0000     0.0000
     8.800     0.0000     0.0000     0.0000     0.0000     0.0000     0.0000
     8.960     0.0000     0.0000     0.0000     0.0000     0.0000     0.0000
     9.120     0.0000     0.0000     0.0000     0.0000     0.0000     0.0000
     9.280     0.0000     0.0000     0.0000     0.0000     0.0000     0.0000
     9.440     0.0000     0.0000     0.0000     0.0000     0.0000     0.0000
     9.600     0.0000     0.0000     0.0000     0.0000     0.0000     0.0000
     9.760     0.0000     0.0000     0.0000     0.0000     0.0000     0.0000
     9.920     0.0000     0.0000     0.0000     0.0000     0.0000     0.0000
    10.080     0.0000     0.0000     0.0000     0.0000     0.0000     0.0000
    10.240     0.0000     0.0000     0.0000     0.0000     0.0000     0.0000
    10.400     0.0000     0.0000     0.0000     0.0000     0.0000     0.0000
    10.560     0.0000     0.0000     0.0000     0.0000     0.0000     0.0000
    10.720     0.0000     0.0000     0.0000     0.0000     0.0000     0.0000
    10.880     0.0000     0.0000     0.0000     0.0000     0.0000     0.0000
    11.040     0.0000     0.0000     0.0000     0.0000     0.0000     0.0000
    11.200     0.0000     0.0000     0.0000     0.0000     0.0000     0.0000
    11.360     0.0000     0.0000     0.0000     0.0000     0.0000     0.0000
    11.520     0.0000     0.0000     0.0000     0.0000     0.0000     0.0000
    11.680     0.0000     0.0000     0.0000     0.0000     0.0000     0.0000
    11.840     0.0000     0.0000     0.0000     0.0000     0.0000     0.0000
    12.000     0.0000     0.0000     0.0000     0.0000     0.0000     0.0000
    12.160     0.0000     0.0000     0.0000     0.0000     0.0000     0.0000
    12.320     0.0000     0.0000     0.0000     0.0000     0.0000     0.0000
    12.480     0.0000     0.0000     0.0000     0.0000     0.0000     0.0000
    12.640     0.0000     0.0000     0.0000     0.0000     0.0000     0.0000
    12.800     0.0000     0.0000     0.0000     0.0000     0.0000     0.0000
    12.960     0.0000     0.0000     0.0000     0.0000     0.0000     0.0000
    13.120     0.0000     0.0000     0.0000     0.0000     0.0000     0.0000
    13.280     0.0000     0.0000     0.0000     0.0000     0.0000     0.0000
    13.440     0.0000     0.0000     0.0000     0.0000     0.0000     0.0000
    13.600     0.0000     0.0000     0.0000     0.0000     0.0000     0.0000
    13.760     0.0000     0.0000     0.0000     0.0000     0.0000     0.0000
    13.920     0.0000     0.0000     0.0000     0.0000     0.0000     0.0000
    14.080     0.0000     0.0000     0.0000     0.0000     0.0000     0.0000
    14.240     0.0000     0.0000     0.0000     0.0000     0.0000     0.0000
    14.400     0.0000     0.0000     0.0000     0.0000     0.0000     0.0000
    14.560     0.0000     0.0000     0.0000     0.0000     0.0000     0.0000
    14.720     0.0000     0.0000     0.0000     0.0000     0.0000     0.0000
    14.880     0.0000     0.0000     0.0000     0.0000     0.0000     0.0000
    15.040     0.0000     0.0000     0.0000     0.0000     0.0000     0.0000
    15.200     0.0000     0.0000     0.0000     0.0000     0.0000     0.0000
    15.360     0.0000     0.0000     0.0000     0.0000     0.0000     0.0000
    15.520     0.0000     0.0000     0.0000     0.0000     0.0000     0.0000
    15.680     0.0000     0.0000     0.0000     0.0000     0.0000     0.0000
    15.840     0.0000     0.0000     0.0000     0.0000     0.0000     0.0000
    16.000     0.0000     0.0000     0.0000     0.0000     0.0000     0.0000
    16.160     0.0000     0.0000     0.0000     0.0000     0.0000     0.0000
    16.320     0.0000     0.0000     0.0000     0.0000     0.0000     0.0000
    16.480     0.0000     0.0000     0.0000     0.0000     0.0000     0.0000
    16.640     0.0000     0.0000     0.0000     0.0000     0.0000     0.0000
    16.800     0.0000     0.0000     0.0000     0.0000     0.0000     0.0000
    16.960     0.0000     0.0000     0.0000     0.0000     0.0000     0.0000
    17.120     0.0000     0.0000     0.0000     0.0000     0.0000     0.0000
    17.280     0.0000     0.0000     0.0000     0.0000     0.0000     0.0000
    17.440     0.0000     0.0000     0.0000     0.0000     0.0000     0.0000
    17.600     0.0000     0.0000     0.0000     0.0000     0.0000     0.0000
    17.760     0.0000     0.0000     0.0000     0.0000     0.0000     0.0000
    17.920     0.0000     0.0000     0.0000     0.0000     0.0000     0.0000

 BPM: Using the real scalar part of the  Elastic Channel Potential

 Incident energy (cm) =  19.191. Fusion inside radius of   3.897 fm.

 L =  0, Barrier =  3.62-17.12, Peak @  7.52  3.62, Tl = 1.0000: Xsec-F =   9.485 mb
 L =  1, Barrier =  3.97-16.91, Peak @  7.36  3.97, Tl = 1.0000: Xsec-F =  28.454 mb
 L =  2, Barrier =  4.53-16.46, Peak @  7.12  4.53, Tl = 1.0000: Xsec-F =  47.424 mb
 L =  3, Barrier =  5.83-15.74, Peak @  6.72  5.83, Tl = 1.0000: Xsec-F =  66.393 mb
 L =  4, Barrier =  7.01-14.67, Peak @  6.40  7.01, Tl = 1.0000: Xsec-F =  85.362 mb
 L =  5, Barrier =  8.40-13.18, Peak @  6.08  8.40, Tl = 0.9999: Xsec-F = 104.326 mb
 L =  6, Barrier = 10.05-11.19, Peak @  5.76 10.05, Tl = 0.9991: Xsec-F = 123.189 mb
 L =  7, Barrier = 11.96 -8.61, Peak @  5.44 11.96, Tl = 0.9893: Xsec-F = 140.742 mb
 L =  8, Barrier = 14.06 -5.29, Peak @  5.12 14.06, Tl = 0.9142: Xsec-F = 147.398 mb
 L =  9, Barrier = 16.38 -1.08, Peak @  4.80 16.38, Tl = 0.6025: Xsec-F = 108.568 mb
 L = 10, Barrier = 16.38  4.24, Turn @  0.00  5.92, Tl = 0.0577: Xsec-F =  11.486 mb
 L = 11, Barrier = 16.38 11.10, Turn @  0.00  6.64, Tl = 0.0036: Xsec-F =   0.777 mb
 L = 12, Barrier = 16.38 20.02, Turn @  0.00  7.20, Tl = 0.0002: Xsec-F =   0.055 mb
 L = 13, Barrier = 16.38 29.82, Turn @  0.00  7.84, Tl = 0.0000: Xsec-F =   0.004 mb
0Cumulative FUSION cross section by BPM (case 1)   =  0.874E+03  <L> =     5.94  <L**2> =     40.7

 BPM: Using the real scalar part of the  Elastic Channel Potential
 Including CRC local equivalent potential.

 Incident energy (cm) =  19.191. Fusion inside radius of   3.897 fm.

 L =  0, Barrier =  3.62-17.12, Peak @  7.52  3.62, Tl = 1.0000: Xsec-F =   9.485 mb
 L =  1, Barrier =  3.97-16.91, Peak @  7.36  3.97, Tl = 1.0000: Xsec-F =  28.454 mb
 L =  2, Barrier =  4.53-16.46, Peak @  7.12  4.53, Tl = 1.0000: Xsec-F =  47.424 mb
 L =  3, Barrier =  5.83-15.74, Peak @  6.72  5.83, Tl = 1.0000: Xsec-F =  66.393 mb
 L =  4, Barrier =  7.01-14.67, Peak @  6.40  7.01, Tl = 1.0000: Xsec-F =  85.362 mb
 L =  5, Barrier =  8.40-13.18, Peak @  6.08  8.40, Tl = 0.9999: Xsec-F = 104.326 mb
 L =  6, Barrier = 10.05-11.19, Peak @  5.76 10.05, Tl = 0.9991: Xsec-F = 123.189 mb
 L =  7, Barrier = 11.96 -8.61, Peak @  5.44 11.96, Tl = 0.9893: Xsec-F = 140.742 mb
 L =  8, Barrier = 14.06 -5.29, Peak @  5.12 14.06, Tl = 0.9142: Xsec-F = 147.398 mb
 L =  9, Barrier = 16.38 -1.08, Peak @  4.80 16.38, Tl = 0.6025: Xsec-F = 108.568 mb
 L = 10, Barrier = 16.38  4.24, Turn @  0.00  5.92, Tl = 0.0577: Xsec-F =  11.486 mb
 L = 11, Barrier = 16.38 11.10, Turn @  0.00  6.64, Tl = 0.0036: Xsec-F =   0.777 mb
 L = 12, Barrier = 16.38 20.02, Turn @  0.00  7.20, Tl = 0.0002: Xsec-F =   0.055 mb
 L = 13, Barrier = 16.38 29.82, Turn @  0.00  7.84, Tl = 0.0000: Xsec-F =   0.004 mb
0Cumulative FUSION cross section by BPM (case 2)   =  0.874E+03  <L> =     5.94  <L**2> =     40.7
0Fusion at  32.000 MeV: Bare =  8.737E+02, Actual =  1.349E+03, BPM-equiv =  8.737E+02 mb

  The following files have been created:
   3:local copy of User input.            6:standard output.                   
  12:transfer kernels.                   13:total cross sections/state.        
  15:local equivalent potentials.        16:tables of cross sections.          
  17:output scattering waves.            35:Astrophysics S-factors  / Ecm.     
  37:output scattering FAM amplitudes.   39:cross sections for each Ecm.       
  40:all cross sectns. for each Elab.    46:bs wave functions & ANC ratios.    
  56:Fusion for each Jtotal.             75:S-factors for lab energies.        
  90:average polarisation potential.     91:polarisation potl for rereading.   
 201:Separate cross sections.           202:Separate cross sections.           

 PARAMETERS : MAXQRN   MLOC  LMAX1 MCLIST     MFNL  MPWCOUP
    ALLOWED :      4      9     45      5      144        0
    REQUIRED:      2      9     29      3       30        0


 ACCURACY ANALYSIS at    32.000 MeV :

  Elastic h*k = 0.146 so OK       compared with 0.200

   Real(S-el) > 0.01 first at J =       0.5
   Real(S-el) > 0.10 first at J =       0.5
   Real(S-el) > 0.50 first at J =       8.5
   Real(S-el) > 0.90 first at J =      10.5
   Real(S-el) > 0.99 first at J =      13.5
   R-turn =    14.47 fm    at J =      25.5

 Forward-angle excitation cut off below   3.611 deg by max JT =      25.5
                              and below   2.879 deg by max R.


 1: Recommended RNL: non-local width >  13.70 cf:  15.04 fm: OK      
    Recommended CENTRE: centration   ~   1.21 cf:   0.08 fm

 Total CPU  0 time =       2.62 seconds
