Running on jalapeno
 FRESCOX - version 7.2-4-g8e5699f: Coupled Reaction Channels             on gfortran                      

 Assuming NAMELIST input.

 12C(d,p)13C(3.089 MeV,1/2+) CCBA                                                                                        

   0.100  20.000   0.200   0.200  20.000   0.000   0.000   0.000   0.000   0.000

 Centre-of-mass Range is    202 * 0.1000 fm., Maximum at  20.00 fm., Interpolating NL forms every  0.20 fm.
 Non - locality width is    101 * 0.2000 fm., Maximum of  20.00 fm., Centred at  0.00 fm.
 2-Nucleon Separation of      0 * 0.2000 fm., Maximum of   0.00 fm., Minimum at  0.00 fm.
 Maximum single particle bins of 20.0000 fm.
               M,Mint =          201         201


 Range of total J is     0.0 <= J <=    18.0 (at least     0.0) and Absorbtion =>     0.0000 mb.
 Dry Run = F, CC set limits =  0  0, Relativistic kinematics =   , Both/Far/Near Analyses =  1                     

 Cross Sections (and up to T0 for 0=projectile) for Theta from   0.0 to 180.0 in steps of  0.5 degrees, DGAM=0, grace=T,  Coordinates = 1 (Mads,Tran)

 Lower Radial Cutoff = maximum of -1.60*L*h &       0.0 fm.,  Lower Cutoff for Couplings =   0.0  fm.


 Iterate Couplings between   1 and 100 times, to  0.010 % if sooner.            Convergence failures are fatal
  Block solved exactly =   8 chs., with Pade = 1 & Isocen =  =0, NOSOL = F, CCREAL = F, initwf =  0
    Small channels are  0.00E+00 and small couplings are  1.00E-12 of unitarity

  NL quadrature with   48 Gaussian points, Calculate multipoles up to    28 from   0
  M-transfers for lp+lt greater than or equal to  6, Angular Integration Cutoff below  0.3906 %


 Trace switches are :  CHANS =  1, LISTCC =  1, TRENEG =  0, CDETR =  0, SMATS =  1, XSTABL =  3, NLPL =  0

                       WAVES =  0, LAMPL = -2, VEFF =  1, KFUS =  0, WDISK =  2, BPM =  2, MELFIL =  0

                       CDCC =  0, NFUS =  0, TCFILE =  0

 CAUTION: WAVE FUNCTIONS ARE NOT IMPROVED BY PADE ACCELERATION - ONLY THE S-MATRIX ELEMENTS.

          WAVE FUNCTIONS SIMPLY RESCALED BY S-MATRIX CORRECTIONS

 Using unit mass = 1.000000 amu and 1/fine-structure constant = 137.03599 ( 1.000000 * true ) with hc = 197.32705 MeV.fm,
  thus 2*amu/hbar^2 = 0.0478450 = 1/20.9008 and Coulomb constant = 0.1574855 so e^2 =  1.43996515, and nuclear magneton= 0.1261183

 Now pre-scan input and save to file 3



 *********** PARTITION NUMBER  1 ******************************************************************************************

   PROJ=2H         MASS=  2.0141 Z=   1.0,        # STATES=    2T, TARG=12C      MASS= 12.0000 Z=   6.0,     Q-VALUE =   0.0000 MeV

   MIXPOT =  0: no couplings (default)

     1:  J= 1.0+ (B# 1), E=  0.0000, K= 0.0              Potl#  1       J= 0.0+ (B# 1), E=  0.0000, K= 0.0    

     2:  J= 1.0+ (B# 1), E=  0.0000, K= 0.0              Potl#  1       J= 2.0+ (B# 1), E=  4.4389, K= 0.0    
                                  (Just State  1)


 *********** PARTITION NUMBER  2 ******************************************************************************************

   PROJ=1H         MASS=  1.0078 Z=   1.0,        # STATES=    4T, TARG=13C      MASS= 13.0033 Z=   6.0,     Q-VALUE =   2.7220 MeV

   MIXPOT =  0: no couplings (default)

     1:  J= 0.5+ (B# 1), E=  0.0000, K= 0.5              Potl#  2       J= 0.5+ (B# 1), E=  3.0890, K= 0.5    

     2:  J= 0.5+ (B# 1), E=  0.0000, K= 0.5              Potl#  2       J= 0.5+ (B# 1), E=  3.0890, K= 0.5    
                                  (Just State  1)

     3:  J= 0.5+ (B# 1), E=  0.0000, K= 0.5              Potl#  2       J= 0.5+ (B# 1), E=  3.0890, K= 0.5    
                                  (Just State  1)

     4:  J= 0.5+ (B# 1), E=  0.0000, K= 0.5              Potl#  2       J= 0.5+ (B# 1), E=  3.0890, K= 0.5    
                                  (Just State  1)


 ************************************************************************************************************************************

 The following POTENTIALS are defined :

  KP#       TYPE      IT    SHAPE      at     V1        r1        a1        V2        r2        a2        A-in     A-used


                                            A#1       A#2        r0c       ac                                                h @ 1
    1    0=Coulomb       0=CHARGE (WS)  1    12.000     0.000    1.3000    0.0000    0.0000    0.0000     0.000    12.000   0.10000

                                           Mn(E1)    Mn(E2)    Mn(E3)  .....
    1   13=Targ. table  10=derivatives  2    0.0000   -6.1600    0.0000    0.0000    0.0000    0.0000     0.000     2.976= RADIUS

          Coulomb reduced matrix element   2 <-  1 of k = 2 (at   2 from   1 p)  ==   -6.1600
              Step 2 <- 1 of k =  2 (Potl. beta =-0.48549)  1 @   2
                                     Beta of targ. =-0.48549 (using radius of 2.976 fm.).
              Step 1 <- 2 of k =  2 (Potl. beta =-0.00000)  1 @   2
              Step 2 <- 2 of k =  2 (Potl. beta = 0.00000)  1 @   2

    1    1=Volume        0=Woods-Saxon  3  119.6000    0.9000    0.8000    0.0000    0.0000    0.0000     0.000    12.000

    1    2=Surface       0=Woods-Saxon  3    0.0000    0.0000    0.0000   11.6000    1.4520    0.6210     0.000    12.000

                                            Def1      Def2      Def3   .....
    1   13=Targ. table  11=quadrat,k>0  4    0.0000   -1.4400    0.0000    0.0000    0.0000    0.0000     0.000     3.324= RADIUS

          Nuclear reduced matrix element   2 <-  1 of k = 2 (at   4 from   3 p)  ==   -1.4400
              Step 2 <- 1 of k =  2 (Potl. beta =-0.43318)  1 @   4
                                     Beta of targ. =-0.43318 (using radius of 3.324 fm.).
              Step 1 <- 2 of k =  2 (Potl. beta =-0.00000)  1 @   4
              Step 2 <- 2 of k =  2 (Potl. beta = 0.00000)  1 @   4

    1    3=Projtl S.O.   0=Woods-Saxon  5    1.3000    0.9000    0.8000    0.0000    0.0000    0.0000     0.000    12.000
   --------------------------------------------------------------------------------------------------------------------

                                            A#1       A#2        r0c       ac                                                h @ 2
    2    0=Coulomb       0=CHARGE (WS)  6    13.000     0.000    1.1404    0.0000    0.0000    0.0000     0.000    13.000   0.10000

    2    1=Volume        0=Woods-Saxon  7   60.2330    1.1404    0.5700    0.0000    0.0000    0.0000     0.000    13.000

    2    2=Surface       0=Woods-Saxon  8    0.0000    0.0000    0.0000    9.7970    1.1404    0.5000     0.000    13.000

    2    3=Projtl S.O.   0=Woods-Saxon  9    5.5000    1.1404    0.5700    0.0000    0.0000    0.0000     0.000    13.000
   --------------------------------------------------------------------------------------------------------------------

                                            A#1       A#2        r0c       ac                                                h @ 0
    3    0=Coulomb       0=CHARGE (WS) 10     1.000     0.000    1.2500    0.0000    0.0000    0.0000     0.000     1.000   0.10000

    3    1=Volume        5=RSC T=0     11    1.0000    0.0000    1.0000    0.0000    0.0000    0.0000     0.000     1.000

    3    3=Projtl S.O.   5=RSC T=0     12    1.0000    0.0000    1.0000    0.0000    0.0000    0.0000     0.000     1.000

    3    4=Target S.O.   5=RSC T=0     13    1.0000    0.0000    1.0000    0.0000    0.0000    0.0000     0.000     1.000

    3    7=Prj+Targ Tr   5=RSC T=0     14    1.0000    0.0000    1.0000    0.0000    0.0000    0.0000     0.000     1.000
   --------------------------------------------------------------------------------------------------------------------

                                            A#1       A#2        r0c       ac                                                h @ 0
    4    0=Coulomb       0=CHARGE (WS) 15    13.000     0.000    1.3000    0.0000    0.0000    0.0000     0.000    13.000   0.10000

    4    1=Volume        0=Woods-Saxon 16   60.0000    1.3000    0.7000    0.0000    0.0000    0.0000     0.000    13.000

    4    3=Projtl S.O.   0=Woods-Saxon 17    6.5000    1.3000    0.7000    0.0000    0.0000    0.0000     0.000    13.000


 ************************************************************************************************************************************

 The following    real SINGLE-PARTICLE FORM FACTORS are  constructed:


 No.   P1 P2 IN KIND T N  L  S1 IA J/S  IB BIND XFER  BE    SC PC FIL AFRAC Adjust  to  Z  Mass   K     Norm    rms      D0     D   ANC/Gsp

 The following  2 components are in a group labelled    1 for   1.0+

    1:  2  1  1  3   * 1  0 0.5  1 0.5   1   3   0   2.2336  0  0  0 0.0000 BE  2.2336; 0. 1.009 0.2321 0.9670  3.980 -125.4 -129.2  0.8790

    2:  2  1  1  3     1  2 0.5  1 1.5   1   3   0   2.2336  0  0  0 0.0000 BE  2.2336; 0. 1.009 0.2321 0.2546  2.417   -7.6   -8.3  0.0231

 Overall sq,rms norms & radius =  1.0000  1.0000,  3.8976, & Overall D0 & D =  -132.93  -137.52
 ------------------------------------------------------------------------------------------------------------------------------------

    Parameters      Mismatch   Nodes -> 2 in ch  1

      1.000000    10.68970931     2    55
      0.991271     5.18822894     2    55
      0.975281     2.43955776     2    55
      0.948515     1.07089226     2    55
      0.911276     0.40201915     2    55
      0.875602     0.10391639     2    55
      0.858899     0.01087574     2    55
      0.856720     0.00014407     2    55
      0.856691     0.00000003     2    55

 For Channel #  1 with l = 0,  j =  0.5, around core state #  1

   R    Y(R)
   0.00  -0.0000E+00,    0.20   1.0947E-01,    0.40   2.0957E-01,    0.60   2.9183E-01,    0.80   3.4943E-01,    1.00   3.7780E-01, 
   1.20   3.7496E-01,    1.40   3.4166E-01,    1.60   2.8122E-01,    1.80   1.9905E-01,    2.00   1.0205E-01,    2.20  -2.2507E-03, 
   2.40  -1.0648E-01,    2.60  -2.0421E-01,    2.80  -2.9054E-01,    3.00  -3.6235E-01,    3.20  -4.1831E-01,    3.40  -4.5863E-01, 
   3.60  -4.8465E-01,    3.80  -4.9837E-01,    4.00  -5.0207E-01,    4.20  -4.9796E-01,    4.40  -4.8806E-01,    4.60  -4.7404E-01, 
   4.80  -4.5727E-01,    5.00  -4.3880E-01,    5.20  -4.1940E-01,    5.40  -3.9967E-01,    5.60  -3.8000E-01,    5.80  -3.6069E-01, 
   6.00  -3.4192E-01,    6.20  -3.2381E-01,    6.40  -3.0643E-01,    6.60  -2.8983E-01,    6.80  -2.7402E-01,    7.00  -2.5898E-01, 
   7.20  -2.4472E-01,    7.40  -2.3120E-01,    7.60  -2.1840E-01,    7.80  -2.0628E-01,    8.00  -1.9483E-01,    8.20  -1.8400E-01, 
   8.40  -1.7376E-01,    8.60  -1.6409E-01,    8.80  -1.5495E-01,    9.00  -1.4632E-01,    9.20  -1.3817E-01,    9.40  -1.3047E-01, 
   9.60  -1.2320E-01,    9.80  -1.1634E-01,   10.00  -1.0985E-01,   10.20  -1.0373E-01,   10.40  -9.7946E-02,   10.60  -9.2486E-02, 
  10.80  -8.7330E-02,   11.00  -8.2462E-02,   11.20  -7.7865E-02,   11.40  -7.3524E-02,   11.60  -6.9426E-02,   11.80  -6.5555E-02, 
  12.00  -6.1901E-02,   12.20  -5.8450E-02,   12.40  -5.5191E-02,   12.60  -5.2114E-02,   12.80  -4.9209E-02,   13.00  -4.6466E-02, 
  13.20  -4.3875E-02,   13.40  -4.1429E-02,   13.60  -3.9120E-02,   13.80  -3.6939E-02,   14.00  -3.4880E-02,   14.20  -3.2935E-02, 
  14.40  -3.1099E-02,   14.60  -2.9365E-02,   14.80  -2.7728E-02,   15.00  -2.6182E-02,   15.20  -2.4723E-02,   15.40  -2.3344E-02, 
  15.60  -2.2043E-02,   15.80  -2.0814E-02,   16.00  -1.9654E-02,   16.20  -1.8558E-02,   16.40  -1.7523E-02,   16.60  -1.6547E-02, 
  16.80  -1.5624E-02,   17.00  -1.4753E-02,   17.20  -1.3931E-02,   17.40  -1.3154E-02,   17.60  -1.2421E-02,   17.80  -1.1728E-02, 
  18.00  -1.1074E-02,   18.20  -1.0457E-02,   18.40  -9.8740E-03,   18.60  -9.3236E-03,   18.80  -8.8038E-03,   19.00  -8.3130E-03, 
  19.20  -7.8496E-03,   19.40  -7.4119E-03,   19.60  -6.9987E-03,   19.80  -6.6086E-03,   20.00  -6.2401E-03, 

    At R=   19.900, ANC in ch  2 is    -1.93396

    2:  1  2  2  0     2  0 0.5  1 0.5   0   4   0   1.8570  1  3  0 0.0000 VR  0.8567; 0. 1.003 0.2868 1.0000  5.044  113.1  154.8 -1.9340

    Parameters      Mismatch   Nodes -> 1 in ch  1

      1.000000    -0.11469888     1    40
      1.023138     0.00990774     1    40
      1.021446     0.00006356     1    40

 For Channel #  1 with l = 2,  j =  2.5, around core state #  1

   R    Y(R)
   0.00   0.0000E+00,    0.20   1.0048E-03,    0.40   7.8640E-03,    0.60   2.5612E-02,    0.80   5.7767E-02,    1.00   1.0583E-01, 
   1.20   1.6904E-01,    1.40   2.4443E-01,    1.60   3.2720E-01,    1.80   4.1135E-01,    2.00   4.9045E-01,    2.20   5.5853E-01, 
   2.40   6.1090E-01,    2.60   6.4464E-01,    2.80   6.5892E-01,    3.00   6.5483E-01,    3.20   6.3501E-01,    3.40   6.0298E-01, 
   3.60   5.6255E-01,    3.80   5.1729E-01,    4.00   4.7020E-01,    4.20   4.2354E-01,    4.40   3.7891E-01,    4.60   3.3726E-01, 
   4.80   2.9910E-01,    5.00   2.6460E-01,    5.20   2.3370E-01,    5.40   2.0622E-01,    5.60   1.8189E-01,    5.80   1.6042E-01, 
   6.00   1.4151E-01,    6.20   1.2487E-01,    6.40   1.1025E-01,    6.60   9.7389E-02,    6.80   8.6084E-02,    7.00   7.6141E-02, 
   7.20   6.7389E-02,    7.40   5.9682E-02,    7.60   5.2889E-02,    7.80   4.6898E-02,    8.00   4.1609E-02,    8.20   3.6938E-02, 
   8.40   3.2809E-02,    8.60   2.9156E-02,    8.80   2.5922E-02,    9.00   2.3058E-02,    9.20   2.0519E-02,    9.40   1.8267E-02, 
   9.60   1.6269E-02,    9.80   1.4494E-02,   10.00   1.2918E-02,   10.20   1.1517E-02,   10.40   1.0271E-02,   10.60   9.1631E-03, 
  10.80   8.1768E-03,   11.00   7.2986E-03,   11.20   6.5164E-03,   11.40   5.8195E-03,   11.60   5.1984E-03,   11.80   4.6446E-03, 
  12.00   4.1507E-03,   12.20   3.7101E-03,   12.40   3.3169E-03,   12.60   2.9659E-03,   12.80   2.6525E-03,   13.00   2.3727E-03, 
  13.20   2.1227E-03,   13.40   1.8994E-03,   13.60   1.6998E-03,   13.80   1.5214E-03,   14.00   1.3619E-03,   14.20   1.2193E-03, 
  14.40   1.0918E-03,   14.60   9.7774E-04,   14.80   8.7570E-04,   15.00   7.8439E-04,   15.20   7.0268E-04,   15.40   6.2955E-04, 
  15.60   5.6409E-04,   15.80   5.0549E-04,   16.00   4.5302E-04,   16.20   4.0603E-04,   16.40   3.6395E-04,   16.60   3.2625E-04, 
  16.80   2.9249E-04,   17.00   2.6224E-04,   17.20   2.3514E-04,   17.40   2.1085E-04,   17.60   1.8909E-04,   17.80   1.6958E-04, 
  18.00   1.5210E-04,   18.20   1.3643E-04,   18.40   1.2238E-04,   18.60   1.0979E-04,   18.80   9.8492E-05,   19.00   8.8366E-05, 
  19.20   7.9285E-05,   19.40   7.1141E-05,   19.60   6.3837E-05,   19.80   5.7287E-05,   20.00   5.1410E-05, 

    At R=   19.900, ANC in ch  3 is     1.51566

    3:  1  2  2  0     1  2 0.5  1 2.5   0   4   0   6.2959  1  3  0 0.0000 VR  1.0214; 0. 1.003 0.5281 1.0000  3.362  -42.2  -73.8  1.5157

    Parameters      Mismatch   Nodes -> 1 in ch  1

      1.000000    -0.66840971     1    35
      1.306384     0.42821069     1    35
      1.239704     0.06870242     1    35
      1.224613     0.00223631     1    35
      1.224088     0.00000249     1    35

 For Channel #  1 with l = 2,  j =  1.5, around core state #  1

   R    Y(R)
   0.00   0.0000E+00,    0.20   1.1875E-03,    0.40   9.2746E-03,    0.60   3.0069E-02,    0.80   6.7359E-02,    1.00   1.2229E-01, 
   1.20   1.9318E-01,    1.40   2.7575E-01,    1.60   3.6379E-01,    1.80   4.5013E-01,    2.00   5.2771E-01,    2.20   5.9062E-01, 
   2.40   6.3485E-01,    2.60   6.5871E-01,    2.80   6.6271E-01,    3.00   6.4920E-01,    3.20   6.2166E-01,    3.40   5.8403E-01, 
   3.60   5.4011E-01,    3.80   4.9321E-01,    4.00   4.4590E-01,    4.20   4.0003E-01,    4.40   3.5680E-01,    4.60   3.1689E-01, 
   4.80   2.8061E-01,    5.00   2.4797E-01,    5.20   2.1885E-01,    5.40   1.9302E-01,    5.60   1.7019E-01,    5.80   1.5007E-01, 
   6.00   1.3236E-01,    6.20   1.1679E-01,    6.40   1.0310E-01,    6.60   9.1075E-02,    6.80   8.0502E-02,    7.00   7.1203E-02, 
   7.20   6.3019E-02,    7.40   5.5811E-02,    7.60   4.9459E-02,    7.80   4.3856E-02,    8.00   3.8911E-02,    8.20   3.4543E-02, 
   8.40   3.0681E-02,    8.60   2.7265E-02,    8.80   2.4242E-02,    9.00   2.1563E-02,    9.20   1.9189E-02,    9.40   1.7083E-02, 
   9.60   1.5214E-02,    9.80   1.3555E-02,   10.00   1.2081E-02,   10.20   1.0770E-02,   10.40   9.6055E-03,   10.60   8.5691E-03, 
  10.80   7.6467E-03,   11.00   6.8254E-03,   11.20   6.0940E-03,   11.40   5.4423E-03,   11.60   4.8614E-03,   11.80   4.3435E-03, 
  12.00   3.8816E-03,   12.20   3.4695E-03,   12.40   3.1018E-03,   12.60   2.7736E-03,   12.80   2.4806E-03,   13.00   2.2189E-03, 
  13.20   1.9851E-03,   13.40   1.7762E-03,   13.60   1.5896E-03,   13.80   1.4228E-03,   14.00   1.2736E-03,   14.20   1.1403E-03, 
  14.40   1.0210E-03,   14.60   9.1436E-04,   14.80   8.1893E-04,   15.00   7.3354E-04,   15.20   6.5713E-04,   15.40   5.8874E-04, 
  15.60   5.2752E-04,   15.80   4.7272E-04,   16.00   4.2365E-04,   16.20   3.7971E-04,   16.40   3.4035E-04,   16.60   3.0510E-04, 
  16.80   2.7353E-04,   17.00   2.4524E-04,   17.20   2.1989E-04,   17.40   1.9718E-04,   17.60   1.7683E-04,   17.80   1.5859E-04, 
  18.00   1.4224E-04,   18.20   1.2758E-04,   18.40   1.1445E-04,   18.60   1.0267E-04,   18.80   9.2107E-05,   19.00   8.2637E-05, 
  19.20   7.4145E-05,   19.40   6.6529E-05,   19.60   5.9699E-05,   19.80   5.3573E-05,   20.00   4.8078E-05, 

    At R=   19.900, ANC in ch  4 is     1.41741

    4:  1  2  2  0     1  2 0.5  1 1.5   0   4   0   6.2959  1  3  0 0.0000 VR  1.2241; 0. 1.003 0.5281 1.0000  3.268  -39.9  -68.4  1.4174

 ************************************************************************************************************************************

 TWO-way COUPLING # 1 for partitions  2 <-  1 of KIND  7,   0 -2  0 -1 -1 & P1,P2 =    0.0000   0.0000 : for J <=    18.5 & R <  19.7 fm.


 data =  1  1  1  1  1.0000,  so  < [2H       #  1] / [1H       #  1]  * Eigen-form #  1>  =   1.0000            BE =  2.234     1

 data =  2  1  1  2 -0.9328,  so  < [13C      #  1] / [12C      #  1]  * Eigen-form #  2>  =  -0.9328            BE =  1.857     2

 data =  2  1  2  3  0.2768,  so  < [13C      #  1] / [12C      #  2]  * Eigen-form #  3>  =   0.2768            BE =  6.296     3

 data =  2  1  2  4 -0.0350,  so  < [13C      #  1] / [12C      #  2]  * Eigen-form #  4>  =  -0.0350            BE =  6.296     4

 data =  2  1  1  2 -0.9328,  so  < [13C      #  1] / [12C      #  1]  * Eigen-form #  2>  =  -0.9328            BE =  1.857     2

 data =  2  1  2  3  0.0000,  so  < [13C      #  1] / [12C      #  2]  * Eigen-form #  3>  =   0.0000            BE =  6.296     3

 data =  2  1  2  4  0.0000,  so  < [13C      #  1] / [12C      #  2]  * Eigen-form #  4>  =   0.0000            BE =  6.296     4

 data =  2  3  1  2  0.0000,  so  < [13C      #  3] / [12C      #  1]  * Eigen-form #  2>  =   0.0000            BE =  1.857     2

 data =  2  3  2  3  0.2768,  so  < [13C      #  3] / [12C      #  2]  * Eigen-form #  3>  =   0.2768            BE =  6.296     3

 data =  2  3  2  4  0.0000,  so  < [13C      #  3] / [12C      #  2]  * Eigen-form #  4>  =   0.0000            BE =  6.296     4

 data =  2  4  1  2  0.0000,  so  < [13C      #  4] / [12C      #  1]  * Eigen-form #  2>  =   0.0000            BE =  1.857     2

 data =  2  4  2  3  0.0000,  so  < [13C      #  4] / [12C      #  2]  * Eigen-form #  3>  =   0.0000            BE =  6.296     3

 data =  2  4  2  4 -0.0350,  so  < [13C      #  4] / [12C      #  2]  * Eigen-form #  4>  =  -0.0350            BE =  6.296     4
  LOCF =           17
  USED(1,*) =  T F F F
  USED(2,*) =  F T T T
 KNT =   2, KNP =   1: NK,NG,loc=   1   1   1      18  T  T  F
 KNT =   2, KNP =   1: NK,NG,loc=   1   1   1      18
 KNT =   3, KNP =   1: NK,NG,loc=   2   2   2      19  T  T  F
 KNT =   3, KNP =   1: NK,NG,loc=   2   2   2      19
 KNT =   4, KNP =   1: NK,NG,loc=   3   3   3      20  T  T  F
 KNT =   4, KNP =   1: NK,NG,loc=   3   3   3      20

     So FINITE-RANGE TRANSFER : IP1 = 0 (POST    ), IP2=-2 =NONO+COMPLEX,  for   3 pairs of bound states summed into   3 pairs
      The main coupling potential is that binding the transferred particle to the 1H       core.

          Using between 1H       & 12C      the potential No.   2, and subtracting optical potential No.  2

   A real*8 is            8  bytes
   NLL,NLN,NLO =          99         101         101
0File   9 needs RL =   19998    REAL*8 numbers, and NR =    88. i.e.   14.08 Megabytes
   File            9  RECL =      161600
0RECOMMENDED NON-LOCAL WIDTH IS GREATER THAN    8.40 FM.,  RECOMMENDED CENTRATION   0.20, after    0.09 secs.
0Relative non-local usages (rms) are
    0.000   0.000   0.000   0.000   0.000   0.000   0.000   0.000   0.000   0.000   0.000   0.000   0.000   0.000   0.000
    0.000   0.000   0.000   0.000   0.000   0.000   0.000   0.000   0.000   0.001   0.003   0.007   0.011   0.019   0.030
    0.047   0.071   0.102   0.141   0.184   0.229   0.270   0.305   0.338   0.376   0.428   0.498   0.602   0.803   1.389
    3.355   9.772  27.950  56.993  52.515 100.000  58.386  33.854  19.416   8.506   3.459   1.348   0.765   0.631   0.542
    0.456   0.378   0.311   0.254   0.207   0.169   0.138   0.112   0.092   0.075   0.061   0.050   0.041   0.033   0.027
    0.022   0.018   0.015   0.012   0.010   0.008   0.007   0.006   0.005   0.004   0.003   0.003   0.002   0.002   0.001
    0.001   0.001   0.001   0.001   0.001   0.000   0.000   0.000   0.000   0.000   0.000
0Binding Energies: (2H       # 1 / 1H       # 1)(BE =  2.234)-(13C      # 1 / 12C      # 1)(BE =  1.857)- DISCREPANCY = -0.0096
0Binding Energies: (2H       # 1 / 1H       # 1)(BE =  2.234)-(13C      # 1 / 12C      # 2)(BE =  6.296)- DISCREPANCY = -0.0096
0Binding Energies: (2H       # 1 / 1H       # 1)(BE =  2.234)-(13C      # 3 / 12C      # 2)(BE =  6.296)- DISCREPANCY = -0.0096
0Binding Energies: (2H       # 1 / 1H       # 1)(BE =  2.234)-(13C      # 4 / 12C      # 2)(BE =  6.296)- DISCREPANCY = -0.0096

 ************************************************************************************************************************************

 TWO-way COUPLING # 2 for partitions  2 <-  1 of KIND  8,   0  0  0***  0 & P1,P2 =    0.0000   0.0000 : for J <=    18.5 & R <  19.7 fm.

  LOCF =           17
  USED(1,*) =  T F F F
  USED(2,*) =  F T T T
 KNT =   2, KNP =   1: NK,NG,loc=   1   1   1      18  T  T  F
 KNT =   2, KNP =   1: NK,NG,loc=   1   1   1      18
 KNT =   3, KNP =   1: NK,NG,loc=   2   2   2      19  T  T  F
 KNT =   3, KNP =   1: NK,NG,loc=   2   2   2      19
 KNT =   4, KNP =   1: NK,NG,loc=   3   3   3      20  T  T  F
 KNT =   4, KNP =   1: NK,NG,loc=   3   3   3      20

     So NON-ORTHOGONALITY SUPPLEMENT for an  IC7=0 (POST)  coupling

   A real*8 is            8  bytes
   NLL,NLN,NLO =          99         101         101
0File  11 needs RL =    9999    REAL*8 numbers, and NR =    88. i.e.    7.04 Megabytes
   File           11  RECL =       80800
0RECOMMENDED NON-LOCAL WIDTH IS GREATER THAN   16.60 FM.,  RECOMMENDED CENTRATION  -1.70, after    0.04 secs.
0Relative non-local usages (rms) are
    0.059   0.093   0.122   0.152   0.184   0.218   0.256   0.298   0.345   0.398   0.458   0.525   0.601   0.686   0.783
    0.893   1.017   1.158   1.319   1.502   1.711   1.948   2.218   2.524   2.871   3.263   3.705   4.200   4.753   5.367
    6.043   6.782   7.586   8.455   9.399  10.438  11.618  13.025  14.806  17.179  20.430  24.890  30.904  38.812  48.919
   61.410  76.008  90.848 100.000  95.171  82.999  74.648  66.063  54.730  46.190  40.245  34.660  28.872  23.265  18.280
   14.133  10.833   8.274   6.319   4.835   3.709   2.855   2.204   1.707   1.326   1.033   0.807   0.632   0.496   0.390
    0.307   0.242   0.192   0.152   0.120   0.095   0.076   0.060   0.048   0.038   0.030   0.024   0.019   0.015   0.012
    0.010   0.008   0.006   0.005   0.004   0.003   0.002   0.002   0.001   0.001   0.001

 Incoming partition  1 in excitation state # 1,   Laboratory Energy given for partition  1 Nucleus 1 in Excitation pair 1

0Lab. ENERGY ranges :

   from    16.0000     to   0.00000     in        0 intervals
   from    0.00000     to   0.00000     in        0 intervals
   from    0.00000     to   0.00000     in        0 intervals

 Largest real,imaginary parts of any form factor at R=   19.00 are   7.58E-02  5.06E-10 MeV
 Finished all Couplings @   0.145064011    

 Non-symmetric Hamiltonian
1***********************************************************************************************************************************
************************************************************************************************************************************

        INCOMING 2H       ;    LABORATORY 2H       ENERGY =   16.000     MeV.

 ***********************************************************************************************************************************
 ***********************************************************************************************************************************

 Allocate arrays for            7  channels, of which            7  need wfs.

 #########################################################################################################################
 #                                                                                                                       #
 # Total SPIN and PARITY =     0.0 -,      7 channels,    7 in 1st block.  Rmin & Coul turning =    0.0 6.306E-01 fm.    #
 #                                                                                                                       #
 #########################################################################################################################



    C Projectl Target   #   EX.   (L  Proj) J  + Targ = Jtotal     E-cm      Re K     Re Eta     RM*K            CH                     G-REL
    1 2H       12C      #    1: I   1 1.0    0.0  0.0     0.0    13.70049   1.06325   0.33525   21.2650   0.10941   0.49259 1 1 1   1  1.00000
    2 2H       12C      #    2:     1 1.0    2.0  2.0     0.0     9.26159   0.87420   0.40775   17.4840  -0.42787  -0.27173 1 1 1   2  1.00000
    3 2H       12C      #    2:     3 1.0    2.0  2.0     0.0     9.26159   0.87420   0.40775   17.4840   0.18907   0.47507 1 1 1   2  1.00000
    4 1H       13C      #    1:     1 0.5    0.5  0.5     0.0    13.33349   0.77245   0.25026   15.4489  -0.29641   0.40913 2 1 2   1  1.00000
    5 1H       13C      #    2:     1 0.5    0.5  0.5     0.0    13.33349   0.77245   0.25026   15.4489  -0.29641   0.40913 2 1 2   2  1.00000
    6 1H       13C      #    3:     1 0.5    0.5  0.5     0.0    13.33349   0.77245   0.25026   15.4489  -0.29641   0.40913 2 1 2   3  1.00000
    7 1H       13C      #    4:     1 0.5    0.5  0.5     0.0    13.33349   0.77245   0.25026   15.4489  -0.29641   0.40913 2 1 2   4  1.00000

L-couplings:

   1  4  2  1   18  1  0  0.5  1  1  0.0  0.5   1  1.00000  1.00000 -0.93280  1.00000-9.327999950000E-01  0.28209   -0.263

   2  6  3  1   19  2  2  2.5  1  1  2.0  0.5   1  1.00000  0.69282  0.27680  1.00000 1.917726702638E-01 -0.39894   -0.077

   2  7  4  1   20  3  2  1.5  1  1  2.0  0.5   1  1.00000 -0.14142 -0.03500  1.00000 4.949747482448E-03 -0.39894   -0.002

   3  6  3  1   19  2  2  2.5  3  1  2.0  0.5   3  1.00000  0.17638  0.27680  1.00000 4.882293209486E-02  0.31987    0.016

   3  7  4  1   20  3  2  1.5  3  1  2.0  0.5   3  1.00000  0.86410 -0.03500  1.00000-3.024345667898E-02  0.31987   -0.010

L-couplings:

   1  4  2  1   18  1  0  0.5  1  1  0.0  0.5   1  1.00000  1.00000 -0.93280  1.00000-9.327999950000E-01  0.28209   -0.263

   2  6  3  1   19  2  2  2.5  1  1  2.0  0.5   1  1.00000  0.69282  0.27680  1.00000 1.917726702638E-01 -0.39894   -0.077

   2  7  4  1   20  3  2  1.5  1  1  2.0  0.5   1  1.00000 -0.14142 -0.03500  1.00000 4.949747482448E-03 -0.39894   -0.002

   3  6  3  1   19  2  2  2.5  3  1  2.0  0.5   3  1.00000  0.17638  0.27680  1.00000 4.882293209486E-02  0.31987    0.016

   3  7  4  1   20  3  2  1.5  3  1  2.0  0.5   3  1.00000  0.86410 -0.03500  1.00000-3.024345667898E-02  0.31987   -0.010
 Src-osrc corr   4   1 o,n=  17.80513  17.06491
 Src-osrc corr   6   2 o,n=   3.09504   6.28353
 Src-osrc corr   7   2 o,n=   0.39151   0.57933
 Src-osrc corr   6   3 o,n=   6.28353   7.41374
 Src-osrc corr   7   3 o,n=   0.57933   1.70111
 Src-osrc corr   4   1 o,n=  17.80513  17.06491
 Src-osrc corr   6   2 o,n=   3.09504   6.28353
 Src-osrc corr   7   2 o,n=   0.39151   0.57933
 Src-osrc corr   6   3 o,n=   6.28353   7.41374
 Src-osrc corr   7   3 o,n=   0.57933   1.70111
 Src-osrc corr   4   1 o,n=  17.31881  16.92136
 Src-osrc corr   6   2 o,n=   3.11533   6.10217
 Src-osrc corr   7   2 o,n=   0.38791   0.56288
 Src-osrc corr   6   3 o,n=   6.10217   7.18287
 Src-osrc corr   7   3 o,n=   0.56288   1.63444
 Psi(EL) renorm. by  9.52E-01-1.54E-01, Conv =  0.31358 %
 Src-osrc corr   4   1 o,n=  18.80051  18.81026
 Src-osrc corr   6   2 o,n=   3.06196   5.96123
 Src-osrc corr   7   2 o,n=   0.39169   0.56139
 Src-osrc corr   6   3 o,n=   5.96123   7.02278
 Src-osrc corr   7   3 o,n=   0.56139   1.60180
 Src-osrc corr   4   1 o,n=  18.56390  18.55533
 Src-osrc corr   6   2 o,n=   3.04698   5.93683
 Src-osrc corr   7   2 o,n=   0.39055   0.55983
 Src-osrc corr   6   3 o,n=   5.93683   6.99533
 Src-osrc corr   7   3 o,n=   0.55983   1.59823
 Src-osrc corr   4   1 o,n=  18.33613  18.39414
 Src-osrc corr   6   2 o,n=   3.01686   5.86715
 Src-osrc corr   7   2 o,n=   0.38680   0.55375
 Src-osrc corr   6   3 o,n=   5.86715   6.91273
 Src-osrc corr   7   3 o,n=   0.55375   1.58038
 Src-osrc corr   4   1 o,n=  18.48565  18.61992
 Src-osrc corr   6   2 o,n=   3.00984   5.83437
 Src-osrc corr   7   2 o,n=   0.38551   0.55149
 Src-osrc corr   6   3 o,n=   5.83437   6.87291
 Src-osrc corr   7   3 o,n=   0.55149   1.57001
 Src-osrc corr   4   1 o,n=  18.39561  18.51827
 Src-osrc corr   6   2 o,n=   3.00621   5.82896
 Src-osrc corr   7   2 o,n=   0.38506   0.55102
 Src-osrc corr   6   3 o,n=   5.82896   6.86666
 Src-osrc corr   7   3 o,n=   0.55102   1.56904
 Src-osrc corr   4   1 o,n=  18.32053  18.45103
 Src-osrc corr   6   2 o,n=   3.00013   5.81607
 Src-osrc corr   7   2 o,n=   0.38410   0.54972
 Src-osrc corr   6   3 o,n=   5.81607   6.85112
 Src-osrc corr   7   3 o,n=   0.54972   1.56540
 Reaction Xsec     0.0-/ 1 @ 1 =     8.932 , Out:   0.000#   0.779    0.357    0.000#   0.014    0.214/   7.782f
 Allocate arrays for           15  channels, of which           15  need wfs.

 Total SPIN, PARITY =     1.0 +,     15 chs,     15 cc.  Rmin & Coul turning =    0.1    1.7
 Src-osrc corr   8   1 o,n=  14.41082  14.40231
 Src-osrc corr  13   4 o,n=   0.05365   0.61525
 Src-osrc corr  14   4 o,n=   0.31298   0.85779
 Src-osrc corr  15   4 o,n=   0.00792   0.18534
 Src-osrc corr  12   5 o,n=   3.00666   3.68129
 Src-osrc corr  13   5 o,n=   0.61525   2.69973
 Src-osrc corr  14   5 o,n=   0.85779   1.85778
 Src-osrc corr  12   6 o,n=   3.68129   8.42502
 Src-osrc corr  13   6 o,n=   2.69973   0.61347
 Src-osrc corr  15   6 o,n=   0.18534   0.00808
 Src-osrc corr   8   1 o,n=  14.41082  14.40231
 Src-osrc corr  13   4 o,n=   0.05365   0.61525
 Src-osrc corr  14   4 o,n=   0.31298   0.85779
 Src-osrc corr  15   4 o,n=   0.00792   0.18534
 Src-osrc corr  12   5 o,n=   3.00666   3.68129
 Src-osrc corr  13   5 o,n=   0.61525   2.69973
 Src-osrc corr  14   5 o,n=   0.85779   1.85778
 Src-osrc corr  12   6 o,n=   3.68129   8.42502
 Src-osrc corr  13   6 o,n=   2.69973   0.61347
 Src-osrc corr  15   6 o,n=   0.18534   0.00808
 Src-osrc corr   8   1 o,n=  13.96163  14.21576
 Src-osrc corr  13   3 o,n=   0.05438   0.05373
 Src-osrc corr  15   3 o,n=   0.00814   0.00813
 Src-osrc corr  13   4 o,n=   0.05373   0.59530
 Src-osrc corr  14   4 o,n=   0.30938   0.83158
 Src-osrc corr  15   4 o,n=   0.00813   0.17914
 Src-osrc corr  12   5 o,n=   3.12360   3.73010
 Src-osrc corr  13   5 o,n=   0.59530   2.60798
 Src-osrc corr  14   5 o,n=   0.83158   1.79468
 Src-osrc corr  12   6 o,n=   3.73010   8.28817
 Src-osrc corr  13   6 o,n=   2.60798   0.59298
 Src-osrc corr  15   6 o,n=   0.17914   0.00798
 Src-osrc corr  13   7 o,n=   0.59298   0.59296
 Src-osrc corr  15   7 o,n=   0.00798   0.00806
 Psi(EL) renorm. by  1.11E+00 1.23E-01, Conv =  0.38027 %
 Src-osrc corr   8   1 o,n=  14.69642  15.46979
 Src-osrc corr  13   3 o,n=   0.05845   0.05826
 Src-osrc corr  15   3 o,n=   0.01014   0.01014
 Src-osrc corr  13   4 o,n=   0.05826   0.58621
 Src-osrc corr  14   4 o,n=   0.30599   0.81857
 Src-osrc corr  15   4 o,n=   0.01014   0.17619
 Src-osrc corr  12   5 o,n=   3.14414   3.74246
 Src-osrc corr  13   5 o,n=   0.58621   2.55930
 Src-osrc corr  14   5 o,n=   0.81857   1.76664
 Src-osrc corr  12   6 o,n=   3.74246   8.25726
 Src-osrc corr  13   6 o,n=   2.55930   0.58090
 Src-osrc corr  15   6 o,n=   0.17619   0.01010
 Src-osrc corr  13   7 o,n=   0.58090   0.58102
 Src-osrc corr  15   7 o,n=   0.01010   0.01029
 Src-osrc corr   8   1 o,n=  14.66759  15.45482
 Src-osrc corr  13   3 o,n=   0.05807   0.05791
 Src-osrc corr  15   3 o,n=   0.01000   0.01000
 Src-osrc corr  13   4 o,n=   0.05791   0.58476
 Src-osrc corr  14   4 o,n=   0.30518   0.81631
 Src-osrc corr  15   4 o,n=   0.01000   0.17579
 Src-osrc corr  12   5 o,n=   3.13032   3.72447
 Src-osrc corr  13   5 o,n=   0.58476   2.55403
 Src-osrc corr  14   5 o,n=   0.81631   1.76211
 Src-osrc corr  12   6 o,n=   3.72447   8.22716
 Src-osrc corr  13   6 o,n=   2.55403   0.57976
 Src-osrc corr  15   6 o,n=   0.17579   0.00995
 Src-osrc corr  13   7 o,n=   0.57976   0.57987
 Src-osrc corr  15   7 o,n=   0.00995   0.01014
 Src-osrc corr   8   1 o,n=  14.59704  15.46606
 Src-osrc corr  13   3 o,n=   0.05678   0.05659
 Src-osrc corr  15   3 o,n=   0.00961   0.00960
 Src-osrc corr  13   4 o,n=   0.05659   0.57725
 Src-osrc corr  14   4 o,n=   0.30159   0.80541
 Src-osrc corr  15   4 o,n=   0.00960   0.17358
 Src-osrc corr  12   5 o,n=   3.09438   3.67060
 Src-osrc corr  13   5 o,n=   0.57725   2.52335
 Src-osrc corr  14   5 o,n=   0.80541   1.73886
 Src-osrc corr  12   6 o,n=   3.67060   8.10995
 Src-osrc corr  13   6 o,n=   2.52335   0.57289
 Src-osrc corr  15   6 o,n=   0.17358   0.00953
 Src-osrc corr  13   7 o,n=   0.57289   0.57299
 Src-osrc corr  15   7 o,n=   0.00953   0.00970
 Src-osrc corr   8   1 o,n=  14.60679  15.60146
 Src-osrc corr  13   3 o,n=   0.05592   0.05574
 Src-osrc corr  15   3 o,n=   0.00958   0.00957
 Src-osrc corr  13   4 o,n=   0.05574   0.57065
 Src-osrc corr  14   4 o,n=   0.29871   0.79695
 Src-osrc corr  15   4 o,n=   0.00957   0.17166
 Src-osrc corr  12   5 o,n=   3.07552   3.63769
 Src-osrc corr  13   5 o,n=   0.57065   2.49530
 Src-osrc corr  14   5 o,n=   0.79695   1.72075
 Src-osrc corr  12   6 o,n=   3.63769   8.03365
 Src-osrc corr  13   6 o,n=   2.49530   0.56641
 Src-osrc corr  15   6 o,n=   0.17166   0.00946
 Src-osrc corr  13   7 o,n=   0.56641   0.56651
 Src-osrc corr  15   7 o,n=   0.00946   0.00964
 Src-osrc corr   8   1 o,n=  14.62159  15.62100
 Src-osrc corr  13   3 o,n=   0.05583   0.05566
 Src-osrc corr  15   3 o,n=   0.00955   0.00954
 Src-osrc corr  13   4 o,n=   0.05566   0.57012
 Src-osrc corr  14   4 o,n=   0.29837   0.79595
 Src-osrc corr  15   4 o,n=   0.00954   0.17153
 Src-osrc corr  12   5 o,n=   3.06981   3.63045
 Src-osrc corr  13   5 o,n=   0.57012   2.49337
 Src-osrc corr  14   5 o,n=   0.79595   1.71879
 Src-osrc corr  12   6 o,n=   3.63045   8.02085
 Src-osrc corr  13   6 o,n=   2.49337   0.56604
 Src-osrc corr  15   6 o,n=   0.17153   0.00943
 Src-osrc corr  13   7 o,n=   0.56604   0.56613
 Src-osrc corr  15   7 o,n=   0.00943   0.00960
 Src-osrc corr   8   1 o,n=  14.63622  15.65951
 Src-osrc corr  13   3 o,n=   0.05534   0.05517
 Src-osrc corr  15   3 o,n=   0.00943   0.00942
 Src-osrc corr  13   4 o,n=   0.05517   0.56793
 Src-osrc corr  14   4 o,n=   0.29717   0.79254
 Src-osrc corr  15   4 o,n=   0.00942   0.17093
 Src-osrc corr  12   5 o,n=   3.05446   3.61023
 Src-osrc corr  13   5 o,n=   0.56793   2.48492
 Src-osrc corr  14   5 o,n=   0.79254   1.71169
 Src-osrc corr  12   6 o,n=   3.61023   7.98114
 Src-osrc corr  13   6 o,n=   2.48492   0.56414
 Src-osrc corr  15   6 o,n=   0.17093   0.00930
 Src-osrc corr  13   7 o,n=   0.56414   0.56423
 Src-osrc corr  15   7 o,n=   0.00930   0.00947
 Src-osrc corr   8   1 o,n=  14.63346  15.69023
 Src-osrc corr  13   3 o,n=   0.05480   0.05463
 Src-osrc corr  15   3 o,n=   0.00936   0.00935
 Src-osrc corr  13   4 o,n=   0.05463   0.56571
 Src-osrc corr  14   4 o,n=   0.29606   0.78962
 Src-osrc corr  15   4 o,n=   0.00935   0.17031
 Src-osrc corr  12   5 o,n=   3.04297   3.59471
 Src-osrc corr  13   5 o,n=   0.56571   2.47613
 Src-osrc corr  14   5 o,n=   0.78962   1.70557
 Src-osrc corr  12   6 o,n=   3.59471   7.95056
 Src-osrc corr  13   6 o,n=   2.47613   0.56206
 Src-osrc corr  15   6 o,n=   0.17031   0.00922
 Src-osrc corr  13   7 o,n=   0.56206   0.56215
 Src-osrc corr  15   7 o,n=   0.00922   0.00939
 Src-osrc corr   8   1 o,n=  14.64657  15.70352
 Src-osrc corr  13   3 o,n=   0.05478   0.05461
 Src-osrc corr  15   3 o,n=   0.00935   0.00935
 Src-osrc corr  13   4 o,n=   0.05461   0.56556
 Src-osrc corr  14   4 o,n=   0.29596   0.78928
 Src-osrc corr  15   4 o,n=   0.00935   0.17028
 Src-osrc corr  12   5 o,n=   3.04115   3.59240
 Src-osrc corr  13   5 o,n=   0.56556   2.47564
 Src-osrc corr  14   5 o,n=   0.78928   1.70489
 Src-osrc corr  12   6 o,n=   3.59240   7.94611
 Src-osrc corr  13   6 o,n=   2.47564   0.56197
 Src-osrc corr  15   6 o,n=   0.17028   0.00921
 Src-osrc corr  13   7 o,n=   0.56197   0.56206
 Src-osrc corr  15   7 o,n=   0.00921   0.00938
 Src-osrc corr   8   1 o,n=  14.66214  15.72545
 Src-osrc corr  13   3 o,n=   0.05462   0.05445
 Src-osrc corr  15   3 o,n=   0.00931   0.00931
 Src-osrc corr  13   4 o,n=   0.05445   0.56494
 Src-osrc corr  14   4 o,n=   0.29558   0.78821
 Src-osrc corr  15   4 o,n=   0.00931   0.17012
 Src-osrc corr  12   5 o,n=   3.03592   3.58576
 Src-osrc corr  13   5 o,n=   0.56494   2.47333
 Src-osrc corr  14   5 o,n=   0.78821   1.70271
 Src-osrc corr  12   6 o,n=   3.58576   7.93320
 Src-osrc corr  13   6 o,n=   2.47333   0.56145
 Src-osrc corr  15   6 o,n=   0.17012   0.00917
 Src-osrc corr  13   7 o,n=   0.56145   0.56154
 Src-osrc corr  15   7 o,n=   0.00917   0.00934
 Reaction Xsec     1.0+/ 0 @ 1 =    26.379 , Out:   0.000#   1.237    0.676    0.000#   0.041    0.381/  24.425f
 Src-osrc corr   9   2 o,n=  13.80903  13.58966
 Src-osrc corr  13   3 o,n=   1.99549   2.50245
 Src-osrc corr  15   3 o,n=   0.22188   0.23236
 Src-osrc corr  13   4 o,n=   2.50245   2.80985
 Src-osrc corr  14   4 o,n=   0.01131   0.55969
 Src-osrc corr  15   4 o,n=   0.23236   0.22589
 Src-osrc corr  12   5 o,n=   0.07386   1.23753
 Src-osrc corr  13   5 o,n=   2.80985   5.07500
 Src-osrc corr  14   5 o,n=   0.55969   0.28284
 Src-osrc corr  12   6 o,n=   1.23753   0.08969
 Src-osrc corr  13   6 o,n=   5.07500   5.52576
 Src-osrc corr  15   6 o,n=   0.22589   0.19272
 Src-osrc corr  13   7 o,n=   5.52576   6.05403
 Src-osrc corr  15   7 o,n=   0.19272   1.40863
 Src-osrc corr   9   2 o,n=  13.80903  13.58966
 Src-osrc corr  13   3 o,n=   1.99549   2.50245
 Src-osrc corr  15   3 o,n=   0.22188   0.23236
 Src-osrc corr  13   4 o,n=   2.50245   2.80985
 Src-osrc corr  14   4 o,n=   0.01131   0.55969
 Src-osrc corr  15   4 o,n=   0.23236   0.22589
 Src-osrc corr  12   5 o,n=   0.07386   1.23753
 Src-osrc corr  13   5 o,n=   2.80985   5.07500
 Src-osrc corr  14   5 o,n=   0.55969   0.28284
 Src-osrc corr  12   6 o,n=   1.23753   0.08969
 Src-osrc corr  13   6 o,n=   5.07500   5.52576
 Src-osrc corr  15   6 o,n=   0.22589   0.19272
 Src-osrc corr  13   7 o,n=   5.52576   6.05403
 Src-osrc corr  15   7 o,n=   0.19272   1.40863
 Src-osrc corr   9   2 o,n=  13.67007  13.60501
 Src-osrc corr  13   3 o,n=   1.97383   2.44852
 Src-osrc corr  15   3 o,n=   0.21990   0.22853
 Src-osrc corr  13   4 o,n=   2.44852   2.73842
 Src-osrc corr  14   4 o,n=   0.01115   0.53230
 Src-osrc corr  15   4 o,n=   0.22853   0.22042
 Src-osrc corr  12   5 o,n=   0.07327   1.17865
 Src-osrc corr  13   5 o,n=   2.73842   4.88648
 Src-osrc corr  14   5 o,n=   0.53230   0.26883
 Src-osrc corr  12   6 o,n=   1.17865   0.08798
 Src-osrc corr  13   6 o,n=   4.88648   5.31493
 Src-osrc corr  15   6 o,n=   0.22042   0.18985
 Src-osrc corr  13   7 o,n=   5.31493   5.83182
 Src-osrc corr  15   7 o,n=   0.18985   1.35243
 Psi(EL) renorm. by  1.11E+00 1.06E-01, Conv =  0.43511 %
 Src-osrc corr   8   1 o,n=   2.89961   3.10196
 Src-osrc corr   9   2 o,n=  14.30769  14.47346
 Src-osrc corr  13   3 o,n=   1.93152   2.39980
 Src-osrc corr  15   3 o,n=   0.21935   0.22840
 Src-osrc corr  13   4 o,n=   2.39980   2.67911
 Src-osrc corr  14   4 o,n=   0.03265   0.53516
 Src-osrc corr  15   4 o,n=   0.22840   0.22753
 Src-osrc corr  12   5 o,n=   0.49847   1.52556
 Src-osrc corr  13   5 o,n=   2.67911   4.89452
 Src-osrc corr  14   5 o,n=   0.53516   0.43338
 Src-osrc corr  12   6 o,n=   1.52556   1.51563
 Src-osrc corr  13   6 o,n=   4.89452   5.25813
 Src-osrc corr  15   6 o,n=   0.22753   0.18830
 Src-osrc corr  13   7 o,n=   5.25813   5.77233
 Src-osrc corr  15   7 o,n=   0.18830   1.34042
 Src-osrc corr   8   1 o,n=   2.89961   3.10196
 Src-osrc corr   9   2 o,n=  14.36019  14.51900
 Src-osrc corr  13   3 o,n=   1.92419   2.39466
 Src-osrc corr  15   3 o,n=   0.21876   0.22770
 Src-osrc corr  13   4 o,n=   2.39466   2.67422
 Src-osrc corr  14   4 o,n=   0.03264   0.53527
 Src-osrc corr  15   4 o,n=   0.22770   0.22735
 Src-osrc corr  12   5 o,n=   0.49820   1.52279
 Src-osrc corr  13   5 o,n=   2.67422   4.88640
 Src-osrc corr  14   5 o,n=   0.53527   0.43227
 Src-osrc corr  12   6 o,n=   1.52279   1.51577
 Src-osrc corr  13   6 o,n=   4.88640   5.25115
 Src-osrc corr  15   6 o,n=   0.22735   0.18792
 Src-osrc corr  13   7 o,n=   5.25115   5.76445
 Src-osrc corr  15   7 o,n=   0.18792   1.33834
 Src-osrc corr   8   1 o,n=   0.21312   0.24345
 Src-osrc corr   9   2 o,n=  14.38528  14.55744
 Src-osrc corr  13   3 o,n=   1.91449   2.38318
 Src-osrc corr  15   3 o,n=   0.21692   0.22547
 Src-osrc corr  13   4 o,n=   2.38318   2.67052
 Src-osrc corr  14   4 o,n=   0.01052   0.52513
 Src-osrc corr  15   4 o,n=   0.22547   0.21668
 Src-osrc corr  12   5 o,n=   0.11063   1.17092
 Src-osrc corr  13   5 o,n=   2.67052   4.77224
 Src-osrc corr  14   5 o,n=   0.52513   0.25500
 Src-osrc corr  12   6 o,n=   1.17092   0.17752
 Src-osrc corr  13   6 o,n=   4.77224   5.20206
 Src-osrc corr  15   6 o,n=   0.21668   0.18643
 Src-osrc corr  13   7 o,n=   5.20206   5.71423
 Src-osrc corr  15   7 o,n=   0.18643   1.32861
 Src-osrc corr   8   1 o,n=   0.42107   0.50479
 Src-osrc corr   9   2 o,n=  14.44172  14.63332
 Src-osrc corr  13   3 o,n=   1.91082   2.37783
 Src-osrc corr  15   3 o,n=   0.21693   0.22539
 Src-osrc corr  13   4 o,n=   2.37783   2.66625
 Src-osrc corr  14   4 o,n=   0.00610   0.52512
 Src-osrc corr  15   4 o,n=   0.22539   0.21834
 Src-osrc corr  12   5 o,n=   0.15702   1.18884
 Src-osrc corr  13   5 o,n=   2.66625   4.74360
 Src-osrc corr  14   5 o,n=   0.52512   0.24404
 Src-osrc corr  12   6 o,n=   1.18884   0.30067
 Src-osrc corr  13   6 o,n=   4.74360   5.18536
 Src-osrc corr  15   6 o,n=   0.21834   0.18633
 Src-osrc corr  13   7 o,n=   5.18536   5.69623
 Src-osrc corr  15   7 o,n=   0.18633   1.32550
 Src-osrc corr   8   1 o,n=   0.25982   0.32255
 Src-osrc corr   9   2 o,n=  14.45670  14.64500
 Src-osrc corr  13   3 o,n=   1.91000   2.37752
 Src-osrc corr  15   3 o,n=   0.21649   0.22500
 Src-osrc corr  13   4 o,n=   2.37752   2.66500
 Src-osrc corr  14   4 o,n=   0.00715   0.52226
 Src-osrc corr  15   4 o,n=   0.22500   0.21743
 Src-osrc corr  12   5 o,n=   0.12152   1.17476
 Src-osrc corr  13   5 o,n=   2.66500   4.75374
 Src-osrc corr  14   5 o,n=   0.52226   0.25270
 Src-osrc corr  12   6 o,n=   1.17476   0.22853
 Src-osrc corr  13   6 o,n=   4.75374   5.18753
 Src-osrc corr  15   6 o,n=   0.21743   0.18601
 Src-osrc corr  13   7 o,n=   5.18753   5.69834
 Src-osrc corr  15   7 o,n=   0.18601   1.32503
 Src-osrc corr   8   1 o,n=   0.05250   0.06439
 Src-osrc corr   9   2 o,n=  14.46502  14.65301
 Src-osrc corr  13   3 o,n=   1.90768   2.37531
 Src-osrc corr  15   3 o,n=   0.21593   0.22443
 Src-osrc corr  13   4 o,n=   2.37531   2.66093
 Src-osrc corr  14   4 o,n=   0.01152   0.52128
 Src-osrc corr  15   4 o,n=   0.22443   0.21527
 Src-osrc corr  12   5 o,n=   0.08130   1.15550
 Src-osrc corr  13   5 o,n=   2.66093   4.76392
 Src-osrc corr  14   5 o,n=   0.52128   0.26085
 Src-osrc corr  12   6 o,n=   1.15550   0.10806
 Src-osrc corr  13   6 o,n=   4.76392   5.18634
 Src-osrc corr  15   6 o,n=   0.21527   0.18560
 Src-osrc corr  13   7 o,n=   5.18634   5.69714
 Src-osrc corr  15   7 o,n=   0.18560   1.32371
 Src-osrc corr   8   1 o,n=   0.09043   0.12290
 Src-osrc corr   9   2 o,n=  14.47056  14.65939
 Src-osrc corr  13   3 o,n=   1.90671   2.37429
 Src-osrc corr  15   3 o,n=   0.21600   0.22449
 Src-osrc corr  13   4 o,n=   2.37429   2.66042
 Src-osrc corr  14   4 o,n=   0.01050   0.52170
 Src-osrc corr  15   4 o,n=   0.22449   0.21574
 Src-osrc corr  12   5 o,n=   0.09428   1.15992
 Src-osrc corr  13   5 o,n=   2.66042   4.75746
 Src-osrc corr  14   5 o,n=   0.52170   0.25739
 Src-osrc corr  12   6 o,n=   1.15992   0.13893
 Src-osrc corr  13   6 o,n=   4.75746   5.18359
 Src-osrc corr  15   6 o,n=   0.21574   0.18564
 Src-osrc corr  13   7 o,n=   5.18359   5.69420
 Src-osrc corr  15   7 o,n=   0.18564   1.32338
 Src-osrc corr   8   1 o,n=   0.04937   0.07283
 Src-osrc corr   9   2 o,n=  14.47271  14.66059
 Src-osrc corr  13   3 o,n=   1.90670   2.37435
 Src-osrc corr  15   3 o,n=   0.21598   0.22447
 Src-osrc corr  13   4 o,n=   2.37435   2.66023
 Src-osrc corr  14   4 o,n=   0.01073   0.52097
 Src-osrc corr  15   4 o,n=   0.22447   0.21558
 Src-osrc corr  12   5 o,n=   0.08821   1.15884
 Src-osrc corr  13   5 o,n=   2.66023   4.76020
 Src-osrc corr  14   5 o,n=   0.52097   0.25963
 Src-osrc corr  12   6 o,n=   1.15884   0.12152
 Src-osrc corr  13   6 o,n=   4.76020   5.18432
 Src-osrc corr  15   6 o,n=   0.21558   0.18564
 Src-osrc corr  13   7 o,n=   5.18432   5.69491
 Src-osrc corr  15   7 o,n=   0.18564   1.32337
 Src-osrc corr   8   1 o,n=   0.01598   0.02240
 Src-osrc corr   9   2 o,n=  14.47385  14.66136
 Src-osrc corr  13   3 o,n=   1.90695   2.37454
 Src-osrc corr  15   3 o,n=   0.21586   0.22436
 Src-osrc corr  13   4 o,n=   2.37454   2.65990
 Src-osrc corr  14   4 o,n=   0.01163   0.52056
 Src-osrc corr  15   4 o,n=   0.22436   0.21512
 Src-osrc corr  12   5 o,n=   0.07706   1.15454
 Src-osrc corr  13   5 o,n=   2.65990   4.76417
 Src-osrc corr  14   5 o,n=   0.52056   0.26231
 Src-osrc corr  12   6 o,n=   1.15454   0.09570
 Src-osrc corr  13   6 o,n=   4.76417   5.18507
 Src-osrc corr  15   6 o,n=   0.21512   0.18555
 Src-osrc corr  13   7 o,n=   5.18507   5.69567
 Src-osrc corr  15   7 o,n=   0.18555   1.32321
 Src-osrc corr   8   1 o,n=   0.02671   0.04017
 Src-osrc corr   9   2 o,n=  14.47424  14.66162
 Src-osrc corr  13   3 o,n=   1.90679   2.37440
 Src-osrc corr  15   3 o,n=   0.21589   0.22438
 Src-osrc corr  13   4 o,n=   2.37440   2.65992
 Src-osrc corr  14   4 o,n=   0.01137   0.52076
 Src-osrc corr  15   4 o,n=   0.22438   0.21525
 Src-osrc corr  12   5 o,n=   0.08059   1.15562
 Src-osrc corr  13   5 o,n=   2.65992   4.76264
 Src-osrc corr  14   5 o,n=   0.52076   0.26125
 Src-osrc corr  12   6 o,n=   1.15562   0.10290
 Src-osrc corr  13   6 o,n=   4.76264   5.18462
 Src-osrc corr  15   6 o,n=   0.21525   0.18557
 Src-osrc corr  13   7 o,n=   5.18462   5.69519
 Src-osrc corr  15   7 o,n=   0.18557   1.32319
 Reaction Xsec     1.0+/ 2 @ 2 =    26.351 , Out:   0.698#   0.776    0.653    0.000#   0.015    0.160/  24.908f

 Total SPIN, PARITY =     1.0 -,     13 chs,     13 cc.  Rmin & Coul turning =    0.1    1.7
 Src-osrc corr   6   1 o,n=  13.93774  13.34131
 Src-osrc corr   7   1 o,n=  10.50662  10.19296
 Src-osrc corr  11   2 o,n=   1.69966   2.11382
 Src-osrc corr  12   2 o,n=   0.28044   0.40497
 Src-osrc corr  13   2 o,n=   0.23066   0.39761
 Src-osrc corr  10   3 o,n=   2.73223   3.54893
 Src-osrc corr  11   3 o,n=   2.11382   6.21110
 Src-osrc corr  12   3 o,n=   0.40497   0.59774
 Src-osrc corr  13   3 o,n=   0.39761   0.76613
 Src-osrc corr  10   4 o,n=   3.54893   3.29617
 Src-osrc corr  11   4 o,n=   6.21110   7.05408
 Src-osrc corr  12   4 o,n=   0.59774   1.51938
 Src-osrc corr  13   4 o,n=   0.76613   0.54454
 Src-osrc corr  10   5 o,n=   3.29617   6.51966
 Src-osrc corr  11   5 o,n=   7.05408   6.20829
 Src-osrc corr  13   5 o,n=   0.54454   1.60278
 Src-osrc corr   6   1 o,n=  13.93774  13.34131
 Src-osrc corr   7   1 o,n=  10.50662  10.19296
 Src-osrc corr  11   2 o,n=   1.69966   2.11382
 Src-osrc corr  12   2 o,n=   0.28044   0.40497
 Src-osrc corr  13   2 o,n=   0.23066   0.39761
 Src-osrc corr  10   3 o,n=   2.73223   3.54893
 Src-osrc corr  11   3 o,n=   2.11382   6.21110
 Src-osrc corr  12   3 o,n=   0.40497   0.59774
 Src-osrc corr  13   3 o,n=   0.39761   0.76613
 Src-osrc corr  10   4 o,n=   3.54893   3.29617
 Src-osrc corr  11   4 o,n=   6.21110   7.05408
 Src-osrc corr  12   4 o,n=   0.59774   1.51938
 Src-osrc corr  13   4 o,n=   0.76613   0.54454
 Src-osrc corr  10   5 o,n=   3.29617   6.51966
 Src-osrc corr  11   5 o,n=   7.05408   6.20829
 Src-osrc corr  13   5 o,n=   0.54454   1.60278
 Src-osrc corr   6   1 o,n=  13.68183  13.39439
 Src-osrc corr   7   1 o,n=   9.99802   9.85051
 Src-osrc corr  11   2 o,n=   1.70844   2.08066
 Src-osrc corr  12   2 o,n=   0.27786   0.39331
 Src-osrc corr  13   2 o,n=   0.23589   0.39119
 Src-osrc corr  10   3 o,n=   2.80404   3.52911
 Src-osrc corr  11   3 o,n=   2.08066   5.96892
 Src-osrc corr  12   3 o,n=   0.39331   0.57610
 Src-osrc corr  13   3 o,n=   0.39119   0.73784
 Src-osrc corr  10   4 o,n=   3.52911   3.29094
 Src-osrc corr  11   4 o,n=   5.96892   6.77605
 Src-osrc corr  12   4 o,n=   0.57610   1.45834
 Src-osrc corr  13   4 o,n=   0.73784   0.52377
 Src-osrc corr  10   5 o,n=   3.29094   6.36818
 Src-osrc corr  11   5 o,n=   6.77605   5.96513
 Src-osrc corr  13   5 o,n=   0.52377   1.53921
 Psi(EL) renorm. by  9.51E-01-1.47E-01, Conv =  0.43512 %
 Src-osrc corr   6   1 o,n=  14.94238  14.98722
 Src-osrc corr   7   1 o,n=  10.70911  10.80569
 Src-osrc corr  11   2 o,n=   1.66602   2.02686
 Src-osrc corr  12   2 o,n=   0.27610   0.38534
 Src-osrc corr  13   2 o,n=   0.24217   0.39172
 Src-osrc corr  10   3 o,n=   2.82683   3.50419
 Src-osrc corr  11   3 o,n=   2.02686   5.80223
 Src-osrc corr  12   3 o,n=   0.38534   0.56229
 Src-osrc corr  13   3 o,n=   0.39172   0.72705
 Src-osrc corr  10   4 o,n=   3.50419   3.27099
 Src-osrc corr  11   4 o,n=   5.80223   6.59390
 Src-osrc corr  12   4 o,n=   0.56229   1.42357
 Src-osrc corr  13   4 o,n=   0.72705   0.51607
 Src-osrc corr  10   5 o,n=   3.27099   6.29644
 Src-osrc corr  11   5 o,n=   6.59390   5.79677
 Src-osrc corr  13   5 o,n=   0.51607   1.50872
 Src-osrc corr   6   1 o,n=  14.74954  14.78311
 Src-osrc corr   7   1 o,n=  10.57169  10.65390
 Src-osrc corr  11   2 o,n=   1.65732   2.01678
 Src-osrc corr  12   2 o,n=   0.27499   0.38392
 Src-osrc corr  13   2 o,n=   0.24128   0.39047
 Src-osrc corr  10   3 o,n=   2.81212   3.48745
 Src-osrc corr  11   3 o,n=   2.01678   5.78066
 Src-osrc corr  12   3 o,n=   0.38392   0.56037
 Src-osrc corr  13   3 o,n=   0.39047   0.72478
 Src-osrc corr  10   4 o,n=   3.48745   3.25504
 Src-osrc corr  11   4 o,n=   5.78066   6.57005
 Src-osrc corr  12   4 o,n=   0.56037   1.41963
 Src-osrc corr  13   4 o,n=   0.72478   0.51462
 Src-osrc corr  10   5 o,n=   3.25504   6.27152
 Src-osrc corr  11   5 o,n=   6.57005   5.77530
 Src-osrc corr  13   5 o,n=   0.51462   1.50522
 Src-osrc corr   6   1 o,n=  14.59133  14.68706
 Src-osrc corr   7   1 o,n=  10.38852  10.50228
 Src-osrc corr  11   2 o,n=   1.64099   1.99349
 Src-osrc corr  12   2 o,n=   0.27217   0.37960
 Src-osrc corr  13   2 o,n=   0.23886   0.38603
 Src-osrc corr  10   3 o,n=   2.78108   3.44503
 Src-osrc corr  11   3 o,n=   1.99349   5.71186
 Src-osrc corr  12   3 o,n=   0.37960   0.55395
 Src-osrc corr  13   3 o,n=   0.38603   0.71585
 Src-osrc corr  10   4 o,n=   3.44503   3.21585
 Src-osrc corr  11   4 o,n=   5.71186   6.49198
 Src-osrc corr  12   4 o,n=   0.55395   1.40349
 Src-osrc corr  13   4 o,n=   0.71585   0.50821
 Src-osrc corr  10   5 o,n=   3.21585   6.19340
 Src-osrc corr  11   5 o,n=   6.49198   5.70673
 Src-osrc corr  13   5 o,n=   0.50821   1.48764
 Src-osrc corr   6   1 o,n=  14.72630  14.88657
 Src-osrc corr   7   1 o,n=  10.44211  10.60047
 Src-osrc corr  11   2 o,n=   1.63757   1.98409
 Src-osrc corr  12   2 o,n=   0.27120   0.37736
 Src-osrc corr  13   2 o,n=   0.23824   0.38444
 Src-osrc corr  10   3 o,n=   2.77416   3.42697
 Src-osrc corr  11   3 o,n=   1.98409   5.67552
 Src-osrc corr  12   3 o,n=   0.37736   0.55043
 Src-osrc corr  13   3 o,n=   0.38444   0.71180
 Src-osrc corr  10   4 o,n=   3.42697   3.19965
 Src-osrc corr  11   4 o,n=   5.67552   6.45047
 Src-osrc corr  12   4 o,n=   0.55043   1.39406
 Src-osrc corr  13   4 o,n=   0.71180   0.50531
 Src-osrc corr  10   5 o,n=   3.19965   6.15504
 Src-osrc corr  11   5 o,n=   6.45047   5.67041
 Src-osrc corr  13   5 o,n=   0.50531   1.47729
 Src-osrc corr   6   1 o,n=  14.65062  14.80238
 Src-osrc corr   7   1 o,n=  10.39140  10.54180
 Src-osrc corr  11   2 o,n=   1.63569   1.98190
 Src-osrc corr  12   2 o,n=   0.27086   0.37699
 Src-osrc corr  13   2 o,n=   0.23785   0.38401
 Src-osrc corr  10   3 o,n=   2.76960   3.42239
 Src-osrc corr  11   3 o,n=   1.98190   5.67087
 Src-osrc corr  12   3 o,n=   0.37699   0.54997
 Src-osrc corr  13   3 o,n=   0.38401   0.71119
 Src-osrc corr  10   4 o,n=   3.42239   3.19525
 Src-osrc corr  11   4 o,n=   5.67087   6.44513
 Src-osrc corr  12   4 o,n=   0.54997   1.39302
 Src-osrc corr  13   4 o,n=   0.71119   0.50498
 Src-osrc corr  10   5 o,n=   3.19525   6.14830
 Src-osrc corr  11   5 o,n=   6.44513   5.66577
 Src-osrc corr  13   5 o,n=   0.50498   1.47631
 Src-osrc corr   6   1 o,n=  14.59311  14.75304
 Src-osrc corr   7   1 o,n=  10.33811  10.49142
 Src-osrc corr  11   2 o,n=   1.63285   1.97775
 Src-osrc corr  12   2 o,n=   0.27024   0.37614
 Src-osrc corr  13   2 o,n=   0.23708   0.38294
 Src-osrc corr  10   3 o,n=   2.76174   3.41313
 Src-osrc corr  11   3 o,n=   1.97775   5.65862
 Src-osrc corr  12   3 o,n=   0.37614   0.54876
 Src-osrc corr  13   3 o,n=   0.38294   0.70937
 Src-osrc corr  10   4 o,n=   3.41313   3.18656
 Src-osrc corr  11   4 o,n=   5.65862   6.43091
 Src-osrc corr  12   4 o,n=   0.54876   1.38980
 Src-osrc corr  13   4 o,n=   0.70937   0.50379
 Src-osrc corr  10   5 o,n=   3.18656   6.13185
 Src-osrc corr  11   5 o,n=   6.43091   5.65357
 Src-osrc corr  13   5 o,n=   0.50379   1.47264
 Src-osrc corr   6   1 o,n=  14.60282  14.77267
 Src-osrc corr   7   1 o,n=  10.33760  10.49743
 Src-osrc corr  11   2 o,n=   1.63244   1.97628
 Src-osrc corr  12   2 o,n=   0.27002   0.37573
 Src-osrc corr  13   2 o,n=   0.23678   0.38251
 Src-osrc corr  10   3 o,n=   2.75923   3.40915
 Src-osrc corr  11   3 o,n=   1.97628   5.65272
 Src-osrc corr  12   3 o,n=   0.37573   0.54815
 Src-osrc corr  13   3 o,n=   0.38251   0.70856
 Src-osrc corr  10   4 o,n=   3.40915   3.18289
 Src-osrc corr  11   4 o,n=   5.65272   6.42398
 Src-osrc corr  12   4 o,n=   0.54815   1.38806
 Src-osrc corr  13   4 o,n=   0.70856   0.50326
 Src-osrc corr  10   5 o,n=   3.18289   6.12398
 Src-osrc corr  11   5 o,n=   6.42398   5.64769
 Src-osrc corr  13   5 o,n=   0.50326   1.47061
 Reaction Xsec     1.0-/ 1 @ 1 =    26.733 , Out:   0.000#   2.330    0.999    0.000#   0.048    0.569/  23.355f

 Total SPIN, PARITY =     2.0 +,     15 chs,     15 cc.  Rmin & Coul turning =    0.3    2.6
 Src-osrc corr   8   1 o,n=  10.64911  10.45444
 Src-osrc corr   9   1 o,n=  12.76156  12.38192
 Src-osrc corr  12   2 o,n=   1.65252   1.64502
 Src-osrc corr  13   2 o,n=   1.03417   2.27614
 Src-osrc corr  14   2 o,n=   0.15626   0.30064
 Src-osrc corr  15   2 o,n=   0.11215   0.21855
 Src-osrc corr  12   3 o,n=   1.64502   1.71210
 Src-osrc corr  13   3 o,n=   2.27614   2.91233
 Src-osrc corr  14   3 o,n=   0.30064   0.59476
 Src-osrc corr  15   3 o,n=   0.21855   0.17170
 Src-osrc corr  12   4 o,n=   1.71210   1.68601
 Src-osrc corr  15   4 o,n=   0.17170   0.15811
 Src-osrc corr  12   5 o,n=   1.68601   2.09717
 Src-osrc corr  13   5 o,n=   2.91233   4.78974
 Src-osrc corr  14   5 o,n=   0.59476   0.65635
 Src-osrc corr  15   5 o,n=   0.15811   0.31713
 Src-osrc corr  12   6 o,n=   2.09717   2.00071
 Src-osrc corr  13   6 o,n=   4.78974   4.97561
 Src-osrc corr  14   6 o,n=   0.65635   0.94837
 Src-osrc corr  15   6 o,n=   0.31713   0.33467
 Src-osrc corr  12   7 o,n=   2.00071   4.40186
 Src-osrc corr  15   7 o,n=   0.33467   1.06000
 Src-osrc corr   8   1 o,n=  10.64911  10.45444
 Src-osrc corr   9   1 o,n=  12.76156  12.38192
 Src-osrc corr  12   2 o,n=   1.65252   1.64502
 Src-osrc corr  13   2 o,n=   1.03417   2.27614
 Src-osrc corr  14   2 o,n=   0.15626   0.30064
 Src-osrc corr  15   2 o,n=   0.11215   0.21855
 Src-osrc corr  12   3 o,n=   1.64502   1.71210
 Src-osrc corr  13   3 o,n=   2.27614   2.91233
 Src-osrc corr  14   3 o,n=   0.30064   0.59476
 Src-osrc corr  15   3 o,n=   0.21855   0.17170
 Src-osrc corr  12   4 o,n=   1.71210   1.68601
 Src-osrc corr  15   4 o,n=   0.17170   0.15811
 Src-osrc corr  12   5 o,n=   1.68601   2.09717
 Src-osrc corr  13   5 o,n=   2.91233   4.78974
 Src-osrc corr  14   5 o,n=   0.59476   0.65635
 Src-osrc corr  15   5 o,n=   0.15811   0.31713
 Src-osrc corr  12   6 o,n=   2.09717   2.00071
 Src-osrc corr  13   6 o,n=   4.78974   4.97561
 Src-osrc corr  14   6 o,n=   0.65635   0.94837
 Src-osrc corr  15   6 o,n=   0.31713   0.33467
 Src-osrc corr  12   7 o,n=   2.00071   4.40186
 Src-osrc corr  15   7 o,n=   0.33467   1.06000
 Src-osrc corr   8   1 o,n=  10.46794  10.38511
 Src-osrc corr   9   1 o,n=  12.55358  12.21912
 Src-osrc corr  12   2 o,n=   1.69000   1.68732
 Src-osrc corr  13   2 o,n=   1.01512   2.19756
 Src-osrc corr  14   2 o,n=   0.15101   0.28820
 Src-osrc corr  15   2 o,n=   0.11531   0.21443
 Src-osrc corr  12   3 o,n=   1.68732   1.74863
 Src-osrc corr  13   3 o,n=   2.19756   2.80550
 Src-osrc corr  14   3 o,n=   0.28820   0.56880
 Src-osrc corr  15   3 o,n=   0.21443   0.16947
 Src-osrc corr  12   4 o,n=   1.74863   1.69893
 Src-osrc corr  15   4 o,n=   0.16947   0.15385
 Src-osrc corr  12   5 o,n=   1.69893   2.08079
 Src-osrc corr  13   5 o,n=   2.80550   4.59560
 Src-osrc corr  14   5 o,n=   0.56880   0.62753
 Src-osrc corr  15   5 o,n=   0.15385   0.30832
 Src-osrc corr  12   6 o,n=   2.08079   1.98995
 Src-osrc corr  13   6 o,n=   4.59560   4.77838
 Src-osrc corr  14   6 o,n=   0.62753   0.91252
 Src-osrc corr  15   6 o,n=   0.30832   0.32231
 Src-osrc corr  12   7 o,n=   1.98995   4.29118
 Src-osrc corr  15   7 o,n=   0.32231   1.01487
 Psi(EL) renorm. by  1.07E+00 6.98E-02, Conv =  0.50763 %
 Src-osrc corr   8   1 o,n=  10.98831  11.08824
 Src-osrc corr   9   1 o,n=  13.09961  12.88929
 Src-osrc corr  12   2 o,n=   1.70097   1.69558
 Src-osrc corr  13   2 o,n=   1.00096   2.16349
 Src-osrc corr  14   2 o,n=   0.15003   0.28412
 Src-osrc corr  15   2 o,n=   0.11607   0.21341
 Src-osrc corr  12   3 o,n=   1.69558   1.75518
 Src-osrc corr  13   3 o,n=   2.16349   2.76748
 Src-osrc corr  14   3 o,n=   0.28412   0.56167
 Src-osrc corr  15   3 o,n=   0.21341   0.16898
 Src-osrc corr  12   4 o,n=   1.75518   1.70294
 Src-osrc corr  15   4 o,n=   0.16898   0.15293
 Src-osrc corr  12   5 o,n=   1.70294   2.07821
 Src-osrc corr  13   5 o,n=   2.76748   4.54225
 Src-osrc corr  14   5 o,n=   0.56167   0.61977
 Src-osrc corr  15   5 o,n=   0.15293   0.30626
 Src-osrc corr  12   6 o,n=   2.07821   1.98661
 Src-osrc corr  13   6 o,n=   4.54225   4.72456
 Src-osrc corr  14   6 o,n=   0.61977   0.90308
 Src-osrc corr  15   6 o,n=   0.30626   0.31948
 Src-osrc corr  12   7 o,n=   1.98661   4.27924
 Src-osrc corr  15   7 o,n=   0.31948   1.00582
 Src-osrc corr   8   1 o,n=  11.00366  11.09806
 Src-osrc corr   9   1 o,n=  13.10302  12.88786
 Src-osrc corr  12   2 o,n=   1.69318   1.68842
 Src-osrc corr  13   2 o,n=   0.99804   2.16214
 Src-osrc corr  14   2 o,n=   0.14972   0.28409
 Src-osrc corr  15   2 o,n=   0.11585   0.21328
 Src-osrc corr  12   3 o,n=   1.68842   1.74800
 Src-osrc corr  13   3 o,n=   2.16214   2.76538
 Src-osrc corr  14   3 o,n=   0.28409   0.56140
 Src-osrc corr  15   3 o,n=   0.21328   0.16888
 Src-osrc corr  12   4 o,n=   1.74800   1.69663
 Src-osrc corr  15   4 o,n=   0.16888   0.15280
 Src-osrc corr  12   5 o,n=   1.69663   2.07211
 Src-osrc corr  13   5 o,n=   2.76538   4.53828
 Src-osrc corr  14   5 o,n=   0.56140   0.61944
 Src-osrc corr  15   5 o,n=   0.15280   0.30606
 Src-osrc corr  12   6 o,n=   2.07211   1.98059
 Src-osrc corr  13   6 o,n=   4.53828   4.72041
 Src-osrc corr  14   6 o,n=   0.61944   0.90238
 Src-osrc corr  15   6 o,n=   0.30606   0.31914
 Src-osrc corr  12   7 o,n=   1.98059   4.26919
 Src-osrc corr  15   7 o,n=   0.31914   1.00441
 Src-osrc corr   8   1 o,n=  10.99599  11.09950
 Src-osrc corr   9   1 o,n=  13.07866  12.86586
 Src-osrc corr  12   2 o,n=   1.67768   1.67433
 Src-osrc corr  13   2 o,n=   0.98956   2.14824
 Src-osrc corr  14   2 o,n=   0.14855   0.28228
 Src-osrc corr  15   2 o,n=   0.11517   0.21189
 Src-osrc corr  12   3 o,n=   1.67433   1.73321
 Src-osrc corr  13   3 o,n=   2.14824   2.74702
 Src-osrc corr  14   3 o,n=   0.28228   0.55756
 Src-osrc corr  15   3 o,n=   0.21189   0.16777
 Src-osrc corr  12   4 o,n=   1.73321   1.68168
 Src-osrc corr  15   4 o,n=   0.16777   0.15146
 Src-osrc corr  12   5 o,n=   1.68168   2.05443
 Src-osrc corr  13   5 o,n=   2.74702   4.50624
 Src-osrc corr  14   5 o,n=   0.55756   0.61517
 Src-osrc corr  15   5 o,n=   0.15146   0.30399
 Src-osrc corr  12   6 o,n=   2.05443   1.96354
 Src-osrc corr  13   6 o,n=   4.50624   4.68781
 Src-osrc corr  14   6 o,n=   0.61517   0.89684
 Src-osrc corr  15   6 o,n=   0.30399   0.31651
 Src-osrc corr  12   7 o,n=   1.96354   4.23444
 Src-osrc corr  15   7 o,n=   0.31651   0.99663
 Src-osrc corr   8   1 o,n=  11.03886  11.15895
 Src-osrc corr   9   1 o,n=  13.11693  12.91498
 Src-osrc corr  12   2 o,n=   1.67541   1.67221
 Src-osrc corr  13   2 o,n=   0.98693   2.14232
 Src-osrc corr  14   2 o,n=   0.14813   0.28146
 Src-osrc corr  15   2 o,n=   0.11513   0.21152
 Src-osrc corr  12   3 o,n=   1.67221   1.73082
 Src-osrc corr  13   3 o,n=   2.14232   2.73955
 Src-osrc corr  14   3 o,n=   0.28146   0.55598
 Src-osrc corr  15   3 o,n=   0.21152   0.16750
 Src-osrc corr  12   4 o,n=   1.73082   1.67855
 Src-osrc corr  15   4 o,n=   0.16750   0.15107
 Src-osrc corr  12   5 o,n=   1.67855   2.04996
 Src-osrc corr  13   5 o,n=   2.73955   4.49386
 Src-osrc corr  14   5 o,n=   0.55598   0.61342
 Src-osrc corr  15   5 o,n=   0.15107   0.30336
 Src-osrc corr  12   6 o,n=   2.04996   1.95939
 Src-osrc corr  13   6 o,n=   4.49386   4.67520
 Src-osrc corr  14   6 o,n=   0.61342   0.89460
 Src-osrc corr  15   6 o,n=   0.30336   0.31567
 Src-osrc corr  12   7 o,n=   1.95939   4.22386
 Src-osrc corr  15   7 o,n=   0.31567   0.99388
 Src-osrc corr   8   1 o,n=  11.04635  11.16412
 Src-osrc corr   9   1 o,n=  13.12046  12.91725
 Src-osrc corr  12   2 o,n=   1.67445   1.67132
 Src-osrc corr  13   2 o,n=   0.98676   2.14266
 Src-osrc corr  14   2 o,n=   0.14808   0.28151
 Src-osrc corr  15   2 o,n=   0.11513   0.21157
 Src-osrc corr  12   3 o,n=   1.67132   1.72997
 Src-osrc corr  13   3 o,n=   2.14266   2.73985
 Src-osrc corr  14   3 o,n=   0.28151   0.55604
 Src-osrc corr  15   3 o,n=   0.21157   0.16754
 Src-osrc corr  12   4 o,n=   1.72997   1.67796
 Src-osrc corr  15   4 o,n=   0.16754   0.15113
 Src-osrc corr  12   5 o,n=   1.67796   2.04950
 Src-osrc corr  13   5 o,n=   2.73985   4.49418
 Src-osrc corr  14   5 o,n=   0.55604   0.61349
 Src-osrc corr  15   5 o,n=   0.15113   0.30341
 Src-osrc corr  12   6 o,n=   2.04950   1.95894
 Src-osrc corr  13   6 o,n=   4.49418   4.67546
 Src-osrc corr  14   6 o,n=   0.61349   0.89457
 Src-osrc corr  15   6 o,n=   0.30341   0.31571
 Src-osrc corr  12   7 o,n=   1.95894   4.22294
 Src-osrc corr  15   7 o,n=   0.31571   0.99382
 Reaction Xsec     2.0+/ 2 @ 1 =    44.202 , Out:   0.000#   1.331    1.746    0.000#   0.024    0.211/  41.101f
 Allocate arrays for           17  channels, of which           17  need wfs.

 Total SPIN, PARITY =     2.0 -,     17 chs,     17 cc.  Rmin & Coul turning =    0.3    2.6
 Src-osrc corr  10   1 o,n=  16.59069  16.03690
 Src-osrc corr  15   3 o,n=   0.03195   0.40298
 Src-osrc corr  16   3 o,n=   0.31389   0.42397
 Src-osrc corr  14   4 o,n=   3.39063   3.21850
 Src-osrc corr  15   4 o,n=   0.40298   1.04953
 Src-osrc corr  16   4 o,n=   0.42397   0.98140
 Src-osrc corr  17   4 o,n=   0.00471   0.07697
 Src-osrc corr  14   5 o,n=   3.21850   3.42768
 Src-osrc corr  15   5 o,n=   1.04953   0.41715
 Src-osrc corr  16   5 o,n=   0.98140   1.20350
 Src-osrc corr  17   5 o,n=   0.07697   0.00449
 Src-osrc corr  14   6 o,n=   3.42768   3.38149
 Src-osrc corr  15   6 o,n=   0.41715   0.31519
 Src-osrc corr  16   6 o,n=   1.20350   1.30066
 Src-osrc corr  17   6 o,n=   0.00449   0.07395
 Src-osrc corr  14   7 o,n=   3.38149   3.55512
 Src-osrc corr  15   7 o,n=   0.31519   1.17655
 Src-osrc corr  16   7 o,n=   1.30066   1.72283
 Src-osrc corr  17   7 o,n=   0.07395   0.13634
 Src-osrc corr  14   8 o,n=   3.55512   8.27980
 Src-osrc corr  15   8 o,n=   1.17655   0.41430
 Src-osrc corr  17   8 o,n=   0.13634   0.03618
 Src-osrc corr  10   1 o,n=  16.59069  16.03690
 Src-osrc corr  15   3 o,n=   0.03195   0.40298
 Src-osrc corr  16   3 o,n=   0.31389   0.42397
 Src-osrc corr  14   4 o,n=   3.39063   3.21850
 Src-osrc corr  15   4 o,n=   0.40298   1.04953
 Src-osrc corr  16   4 o,n=   0.42397   0.98140
 Src-osrc corr  17   4 o,n=   0.00471   0.07697
 Src-osrc corr  14   5 o,n=   3.21850   3.42768
 Src-osrc corr  15   5 o,n=   1.04953   0.41715
 Src-osrc corr  16   5 o,n=   0.98140   1.20350
 Src-osrc corr  17   5 o,n=   0.07697   0.00449
 Src-osrc corr  14   6 o,n=   3.42768   3.38149
 Src-osrc corr  15   6 o,n=   0.41715   0.31519
 Src-osrc corr  16   6 o,n=   1.20350   1.30066
 Src-osrc corr  17   6 o,n=   0.00449   0.07395
 Src-osrc corr  14   7 o,n=   3.38149   3.55512
 Src-osrc corr  15   7 o,n=   0.31519   1.17655
 Src-osrc corr  16   7 o,n=   1.30066   1.72283
 Src-osrc corr  17   7 o,n=   0.07395   0.13634
 Src-osrc corr  14   8 o,n=   3.55512   8.27980
 Src-osrc corr  15   8 o,n=   1.17655   0.41430
 Src-osrc corr  17   8 o,n=   0.13634   0.03618
 Src-osrc corr  10   1 o,n=  16.00383  15.81992
 Src-osrc corr  15   3 o,n=   0.03151   0.38301
 Src-osrc corr  16   3 o,n=   0.30525   0.40793
 Src-osrc corr  14   4 o,n=   3.55383   3.39151
 Src-osrc corr  15   4 o,n=   0.38301   0.99065
 Src-osrc corr  16   4 o,n=   0.40793   0.93655
 Src-osrc corr  17   4 o,n=   0.00477   0.07258
 Src-osrc corr  14   5 o,n=   3.39151   3.52384
 Src-osrc corr  15   5 o,n=   0.99065   0.39273
 Src-osrc corr  16   5 o,n=   0.93655   1.14717
 Src-osrc corr  17   5 o,n=   0.07258   0.00456
 Src-osrc corr  14   6 o,n=   3.52384   3.48290
 Src-osrc corr  15   6 o,n=   0.39273   0.29169
 Src-osrc corr  16   6 o,n=   1.14717   1.24025
 Src-osrc corr  17   6 o,n=   0.00456   0.07102
 Src-osrc corr  14   7 o,n=   3.48290   3.63978
 Src-osrc corr  15   7 o,n=   0.29169   1.12825
 Src-osrc corr  16   7 o,n=   1.24025   1.64470
 Src-osrc corr  17   7 o,n=   0.07102   0.13083
 Src-osrc corr  14   8 o,n=   3.63978   8.14501
 Src-osrc corr  15   8 o,n=   1.12825   0.39003
 Src-osrc corr  17   8 o,n=   0.13083   0.03478
 Src-osrc corr  15   9 o,n=   0.39003   0.39000
 Src-osrc corr  17   9 o,n=   0.03478   0.03481
 Psi(EL) renorm. by  9.52E-01-1.21E-01, Conv =  0.52248 %
 Src-osrc corr  10   1 o,n=  17.38988  17.63539
 Src-osrc corr  15   3 o,n=   0.02762   0.36940
 Src-osrc corr  16   3 o,n=   0.30134   0.39764
 Src-osrc corr  14   4 o,n=   3.66552   3.51174
 Src-osrc corr  15   4 o,n=   0.36940   0.95364
 Src-osrc corr  16   4 o,n=   0.39764   0.90721
 Src-osrc corr  17   4 o,n=   0.00384   0.06942
 Src-osrc corr  14   5 o,n=   3.51174   3.59549
 Src-osrc corr  15   5 o,n=   0.95364   0.37637
 Src-osrc corr  16   5 o,n=   0.90721   1.11046
 Src-osrc corr  17   5 o,n=   0.06942   0.00366
 Src-osrc corr  14   6 o,n=   3.59549   3.55759
 Src-osrc corr  15   6 o,n=   0.37637   0.27576
 Src-osrc corr  16   6 o,n=   1.11046   1.20136
 Src-osrc corr  17   6 o,n=   0.00366   0.06874
 Src-osrc corr  14   7 o,n=   3.55759   3.70619
 Src-osrc corr  15   7 o,n=   0.27576   1.10120
 Src-osrc corr  16   7 o,n=   1.20136   1.59671
 Src-osrc corr  17   7 o,n=   0.06874   0.12723
 Src-osrc corr  14   8 o,n=   3.70619   8.13879
 Src-osrc corr  15   8 o,n=   1.10120   0.37303
 Src-osrc corr  17   8 o,n=   0.12723   0.03319
 Src-osrc corr  15   9 o,n=   0.37303   0.37306
 Src-osrc corr  17   9 o,n=   0.03319   0.03317
 Src-osrc corr  10   1 o,n=  17.14946  17.37939
 Src-osrc corr  15   3 o,n=   0.02754   0.36853
 Src-osrc corr  16   3 o,n=   0.30034   0.39627
 Src-osrc corr  14   4 o,n=   3.64484   3.49051
 Src-osrc corr  15   4 o,n=   0.36853   0.95171
 Src-osrc corr  16   4 o,n=   0.39627   0.90426
 Src-osrc corr  17   4 o,n=   0.00379   0.06928
 Src-osrc corr  14   5 o,n=   3.49051   3.57467
 Src-osrc corr  15   5 o,n=   0.95171   0.37568
 Src-osrc corr  16   5 o,n=   0.90426   1.10687
 Src-osrc corr  17   5 o,n=   0.06928   0.00361
 Src-osrc corr  14   6 o,n=   3.57467   3.53684
 Src-osrc corr  15   6 o,n=   0.37568   0.27517
 Src-osrc corr  16   6 o,n=   1.10687   1.19750
 Src-osrc corr  17   6 o,n=   0.00361   0.06856
 Src-osrc corr  14   7 o,n=   3.53684   3.68509
 Src-osrc corr  15   7 o,n=   0.27517   1.09897
 Src-osrc corr  16   7 o,n=   1.19750   1.59171
 Src-osrc corr  17   7 o,n=   0.06856   0.12692
 Src-osrc corr  14   8 o,n=   3.68509   8.10344
 Src-osrc corr  15   8 o,n=   1.09897   0.37240
 Src-osrc corr  17   8 o,n=   0.12692   0.03309
 Src-osrc corr  15   9 o,n=   0.37240   0.37243
 Src-osrc corr  17   9 o,n=   0.03309   0.03308
 Src-osrc corr  10   1 o,n=  16.89359  17.19975
 Src-osrc corr  15   3 o,n=   0.02691   0.36426
 Src-osrc corr  16   3 o,n=   0.29746   0.39191
 Src-osrc corr  14   4 o,n=   3.60276   3.44848
 Src-osrc corr  15   4 o,n=   0.36426   0.94102
 Src-osrc corr  16   4 o,n=   0.39191   0.89374
 Src-osrc corr  17   4 o,n=   0.00371   0.06850
 Src-osrc corr  14   5 o,n=   3.44848   3.52855
 Src-osrc corr  15   5 o,n=   0.94102   0.37137
 Src-osrc corr  16   5 o,n=   0.89374   1.09389
 Src-osrc corr  17   5 o,n=   0.06850   0.00353
 Src-osrc corr  14   6 o,n=   3.52855   3.49137
 Src-osrc corr  15   6 o,n=   0.37137   0.27137
 Src-osrc corr  16   6 o,n=   1.09389   1.18347
 Src-osrc corr  17   6 o,n=   0.00353   0.06784
 Src-osrc corr  14   7 o,n=   3.49137   3.63715
 Src-osrc corr  15   7 o,n=   0.27137   1.08812
 Src-osrc corr  16   7 o,n=   1.18347   1.57305
 Src-osrc corr  17   7 o,n=   0.06784   0.12562
 Src-osrc corr  14   8 o,n=   3.63715   7.99554
 Src-osrc corr  15   8 o,n=   1.08812   0.36828
 Src-osrc corr  17   8 o,n=   0.12562   0.03275
 Src-osrc corr  15   9 o,n=   0.36828   0.36830
 Src-osrc corr  17   9 o,n=   0.03275   0.03274
 Src-osrc corr  10   1 o,n=  17.02609  17.41697
 Src-osrc corr  15   3 o,n=   0.02701   0.36194
 Src-osrc corr  16   3 o,n=   0.29649   0.38956
 Src-osrc corr  14   4 o,n=   3.59709   3.44158
 Src-osrc corr  15   4 o,n=   0.36194   0.93498
 Src-osrc corr  16   4 o,n=   0.38956   0.88737
 Src-osrc corr  17   4 o,n=   0.00373   0.06808
 Src-osrc corr  14   5 o,n=   3.44158   3.51405
 Src-osrc corr  15   5 o,n=   0.93498   0.36910
 Src-osrc corr  16   5 o,n=   0.88737   1.08593
 Src-osrc corr  17   5 o,n=   0.06808   0.00355
 Src-osrc corr  14   6 o,n=   3.51405   3.47740
 Src-osrc corr  15   6 o,n=   0.36910   0.26919
 Src-osrc corr  16   6 o,n=   1.08593   1.17489
 Src-osrc corr  17   6 o,n=   0.00355   0.06748
 Src-osrc corr  14   7 o,n=   3.47740   3.62135
 Src-osrc corr  15   7 o,n=   0.26919   1.08228
 Src-osrc corr  16   7 o,n=   1.17489   1.56165
 Src-osrc corr  17   7 o,n=   0.06748   0.12490
 Src-osrc corr  14   8 o,n=   3.62135   7.94394
 Src-osrc corr  15   8 o,n=   1.08228   0.36606
 Src-osrc corr  17   8 o,n=   0.12490   0.03261
 Src-osrc corr  15   9 o,n=   0.36606   0.36608
 Src-osrc corr  17   9 o,n=   0.03261   0.03260
 Src-osrc corr  10   1 o,n=  16.93162  17.31119
 Src-osrc corr  15   3 o,n=   0.02704   0.36182
 Src-osrc corr  16   3 o,n=   0.29618   0.38919
 Src-osrc corr  14   4 o,n=   3.58926   3.43358
 Src-osrc corr  15   4 o,n=   0.36182   0.93473
 Src-osrc corr  16   4 o,n=   0.38919   0.88665
 Src-osrc corr  17   4 o,n=   0.00374   0.06807
 Src-osrc corr  14   5 o,n=   3.43358   3.50688
 Src-osrc corr  15   5 o,n=   0.93473   0.36904
 Src-osrc corr  16   5 o,n=   0.88665   1.08507
 Src-osrc corr  17   5 o,n=   0.06807   0.00356
 Src-osrc corr  14   6 o,n=   3.50688   3.47021
 Src-osrc corr  15   6 o,n=   0.36904   0.26918
 Src-osrc corr  16   6 o,n=   1.08507   1.17394
 Src-osrc corr  17   6 o,n=   0.00356   0.06744
 Src-osrc corr  14   7 o,n=   3.47021   3.61419
 Src-osrc corr  15   7 o,n=   0.26918   1.08168
 Src-osrc corr  16   7 o,n=   1.17394   1.56035
 Src-osrc corr  17   7 o,n=   0.06744   0.12482
 Src-osrc corr  14   8 o,n=   3.61419   7.93285
 Src-osrc corr  15   8 o,n=   1.08168   0.36601
 Src-osrc corr  17   8 o,n=   0.12482   0.03259
 Src-osrc corr  15   9 o,n=   0.36601   0.36603
 Src-osrc corr  17   9 o,n=   0.03259   0.03258
 Src-osrc corr  10   1 o,n=  16.84677  17.23637
 Src-osrc corr  15   3 o,n=   0.02699   0.36115
 Src-osrc corr  16   3 o,n=   0.29557   0.38834
 Src-osrc corr  14   4 o,n=   3.57608   3.42033
 Src-osrc corr  15   4 o,n=   0.36115   0.93310
 Src-osrc corr  16   4 o,n=   0.38834   0.88470
 Src-osrc corr  17   4 o,n=   0.00374   0.06796
 Src-osrc corr  14   5 o,n=   3.42033   3.49403
 Src-osrc corr  15   5 o,n=   0.93310   0.36840
 Src-osrc corr  16   5 o,n=   0.88470   1.08267
 Src-osrc corr  17   5 o,n=   0.06796   0.00356
 Src-osrc corr  14   6 o,n=   3.49403   3.45740
 Src-osrc corr  15   6 o,n=   0.36840   0.26870
 Src-osrc corr  16   6 o,n=   1.08267   1.17131
 Src-osrc corr  17   6 o,n=   0.00356   0.06730
 Src-osrc corr  14   7 o,n=   3.45740   3.60114
 Src-osrc corr  15   7 o,n=   0.26870   1.07955
 Src-osrc corr  16   7 o,n=   1.17131   1.55671
 Src-osrc corr  17   7 o,n=   0.06730   0.12457
 Src-osrc corr  14   8 o,n=   3.60114   7.90757
 Src-osrc corr  15   8 o,n=   1.07955   0.36539
 Src-osrc corr  17   8 o,n=   0.12457   0.03253
 Src-osrc corr  15   9 o,n=   0.36539   0.36542
 Src-osrc corr  17   9 o,n=   0.03253   0.03252
 Src-osrc corr  10   1 o,n=  16.85149  17.25438
 Src-osrc corr  15   3 o,n=   0.02703   0.36081
 Src-osrc corr  16   3 o,n=   0.29537   0.38792
 Src-osrc corr  14   4 o,n=   3.57146   3.41540
 Src-osrc corr  15   4 o,n=   0.36081   0.93225
 Src-osrc corr  16   4 o,n=   0.38792   0.88362
 Src-osrc corr  17   4 o,n=   0.00376   0.06790
 Src-osrc corr  14   5 o,n=   3.41540   3.48859
 Src-osrc corr  15   5 o,n=   0.93225   0.36809
 Src-osrc corr  16   5 o,n=   0.88362   1.08133
 Src-osrc corr  17   5 o,n=   0.06790   0.00358
 Src-osrc corr  14   6 o,n=   3.48859   3.45200
 Src-osrc corr  15   6 o,n=   0.36809   0.26843
 Src-osrc corr  16   6 o,n=   1.08133   1.16985
 Src-osrc corr  17   6 o,n=   0.00358   0.06724
 Src-osrc corr  14   7 o,n=   3.45200   3.59556
 Src-osrc corr  15   7 o,n=   0.26843   1.07849
 Src-osrc corr  16   7 o,n=   1.16985   1.55467
 Src-osrc corr  17   7 o,n=   0.06724   0.12444
 Src-osrc corr  14   8 o,n=   3.59556   7.89502
 Src-osrc corr  15   8 o,n=   1.07849   0.36509
 Src-osrc corr  17   8 o,n=   0.12444   0.03251
 Src-osrc corr  15   9 o,n=   0.36509   0.36512
 Src-osrc corr  17   9 o,n=   0.03251   0.03250
 Reaction Xsec     2.0-/ 1 @ 1 =    44.290 , Out:   0.000#   3.546    1.392    0.000#   0.096    0.674/  39.255f
 Src-osrc corr  11   2 o,n=  18.51806  16.93220
 Src-osrc corr  15   3 o,n=   1.10557   1.27404
 Src-osrc corr  16   3 o,n=   0.01299   0.23047
 Src-osrc corr  14   4 o,n=   0.08048   0.27950
 Src-osrc corr  15   4 o,n=   1.27404   1.83778
 Src-osrc corr  16   4 o,n=   0.23047   0.18255
 Src-osrc corr  17   4 o,n=   0.11249   0.10845
 Src-osrc corr  14   5 o,n=   0.27950   0.08151
 Src-osrc corr  15   5 o,n=   1.83778   1.94872
 Src-osrc corr  16   5 o,n=   0.18255   0.11618
 Src-osrc corr  17   5 o,n=   0.10845   0.11279
 Src-osrc corr  14   6 o,n=   0.08151   0.37562
 Src-osrc corr  15   6 o,n=   1.94872   2.70641
 Src-osrc corr  16   6 o,n=   0.11618   0.50165
 Src-osrc corr  17   6 o,n=   0.11279   0.31708
 Src-osrc corr  14   7 o,n=   0.37562   0.66048
 Src-osrc corr  15   7 o,n=   2.70641   3.64881
 Src-osrc corr  16   7 o,n=   0.50165   0.11615
 Src-osrc corr  17   7 o,n=   0.31708   0.25913
 Src-osrc corr  14   8 o,n=   0.66048   0.10058
 Src-osrc corr  15   8 o,n=   3.64881   3.72965
 Src-osrc corr  17   8 o,n=   0.25913   0.24879
 Src-osrc corr  15   9 o,n=   3.72965   3.61451
 Src-osrc corr  17   9 o,n=   0.24879   1.17277
 Src-osrc corr  11   2 o,n=  18.51806  16.93220
 Src-osrc corr  15   3 o,n=   1.10557   1.27404
 Src-osrc corr  16   3 o,n=   0.01299   0.23047
 Src-osrc corr  14   4 o,n=   0.08048   0.27950
 Src-osrc corr  15   4 o,n=   1.27404   1.83778
 Src-osrc corr  16   4 o,n=   0.23047   0.18255
 Src-osrc corr  17   4 o,n=   0.11249   0.10845
 Src-osrc corr  14   5 o,n=   0.27950   0.08151
 Src-osrc corr  15   5 o,n=   1.83778   1.94872
 Src-osrc corr  16   5 o,n=   0.18255   0.11618
 Src-osrc corr  17   5 o,n=   0.10845   0.11279
 Src-osrc corr  14   6 o,n=   0.08151   0.37562
 Src-osrc corr  15   6 o,n=   1.94872   2.70641
 Src-osrc corr  16   6 o,n=   0.11618   0.50165
 Src-osrc corr  17   6 o,n=   0.11279   0.31708
 Src-osrc corr  14   7 o,n=   0.37562   0.66048
 Src-osrc corr  15   7 o,n=   2.70641   3.64881
 Src-osrc corr  16   7 o,n=   0.50165   0.11615
 Src-osrc corr  17   7 o,n=   0.31708   0.25913
 Src-osrc corr  14   8 o,n=   0.66048   0.10058
 Src-osrc corr  15   8 o,n=   3.64881   3.72965
 Src-osrc corr  17   8 o,n=   0.25913   0.24879
 Src-osrc corr  15   9 o,n=   3.72965   3.61451
 Src-osrc corr  17   9 o,n=   0.24879   1.17277
 Src-osrc corr  11   2 o,n=  18.00338  16.55213
 Src-osrc corr  15   3 o,n=   1.09678   1.25721
 Src-osrc corr  16   3 o,n=   0.01259   0.22494
 Src-osrc corr  14   4 o,n=   0.07838   0.27390
 Src-osrc corr  15   4 o,n=   1.25721   1.80373
 Src-osrc corr  16   4 o,n=   0.22494   0.17793
 Src-osrc corr  17   4 o,n=   0.10880   0.10538
 Src-osrc corr  14   5 o,n=   0.27390   0.07933
 Src-osrc corr  15   5 o,n=   1.80373   1.91133
 Src-osrc corr  16   5 o,n=   0.17793   0.11318
 Src-osrc corr  17   5 o,n=   0.10538   0.10986
 Src-osrc corr  14   6 o,n=   0.07933   0.36603
 Src-osrc corr  15   6 o,n=   1.91133   2.64655
 Src-osrc corr  16   6 o,n=   0.11318   0.48756
 Src-osrc corr  17   6 o,n=   0.10986   0.30899
 Src-osrc corr  14   7 o,n=   0.36603   0.64218
 Src-osrc corr  15   7 o,n=   2.64655   3.56653
 Src-osrc corr  16   7 o,n=   0.48756   0.11319
 Src-osrc corr  17   7 o,n=   0.30899   0.25254
 Src-osrc corr  14   8 o,n=   0.64218   0.09803
 Src-osrc corr  15   8 o,n=   3.56653   3.64526
 Src-osrc corr  17   8 o,n=   0.25254   0.24248
 Src-osrc corr  15   9 o,n=   3.64526   3.52989
 Src-osrc corr  17   9 o,n=   0.24248   1.13764
 Psi(EL) renorm. by  2.43E-01-2.95E-01, Conv =  0.73868 %
 Src-osrc corr  10   1 o,n=   2.93667   3.04002
 Src-osrc corr  11   2 o,n=  18.81359  17.43032
 Src-osrc corr  15   3 o,n=   1.06565   1.26143
 Src-osrc corr  16   3 o,n=   0.02756   0.22030
 Src-osrc corr  14   4 o,n=   0.50479   0.62253
 Src-osrc corr  15   4 o,n=   1.26143   1.71049
 Src-osrc corr  16   4 o,n=   0.22030   0.27113
 Src-osrc corr  17   4 o,n=   0.10816   0.10537
 Src-osrc corr  14   5 o,n=   0.62253   0.53651
 Src-osrc corr  15   5 o,n=   1.71049   1.84940
 Src-osrc corr  16   5 o,n=   0.27113   0.24615
 Src-osrc corr  17   5 o,n=   0.10537   0.10899
 Src-osrc corr  14   6 o,n=   0.53651   0.65755
 Src-osrc corr  15   6 o,n=   1.84940   2.59308
 Src-osrc corr  16   6 o,n=   0.24615   0.54201
 Src-osrc corr  17   6 o,n=   0.10899   0.30286
 Src-osrc corr  14   7 o,n=   0.65755   0.93655
 Src-osrc corr  15   7 o,n=   2.59308   3.54476
 Src-osrc corr  16   7 o,n=   0.54201   0.32288
 Src-osrc corr  17   7 o,n=   0.30286   0.24543
 Src-osrc corr  14   8 o,n=   0.93655   1.36346
 Src-osrc corr  15   8 o,n=   3.54476   3.58765
 Src-osrc corr  17   8 o,n=   0.24543   0.23856
 Src-osrc corr  15   9 o,n=   3.58765   3.47043
 Src-osrc corr  17   9 o,n=   0.23856   1.13581
 Psi(EL) renorm. by  7.95E-01-1.03E-01, Conv =  1.25430 %
 Src-osrc corr  10   1 o,n=   2.93667   3.04002
 Src-osrc corr  11   2 o,n=  18.69309  17.29585
 Src-osrc corr  15   3 o,n=   1.06530   1.26196
 Src-osrc corr  16   3 o,n=   0.02751   0.22063
 Src-osrc corr  14   4 o,n=   0.50509   0.62313
 Src-osrc corr  15   4 o,n=   1.26196   1.71268
 Src-osrc corr  16   4 o,n=   0.22063   0.27130
 Src-osrc corr  17   4 o,n=   0.10827   0.10542
 Src-osrc corr  14   5 o,n=   0.62313   0.53678
 Src-osrc corr  15   5 o,n=   1.71268   1.85204
 Src-osrc corr  16   5 o,n=   0.27130   0.24621
 Src-osrc corr  17   5 o,n=   0.10542   0.10907
 Src-osrc corr  14   6 o,n=   0.53678   0.65813
 Src-osrc corr  15   6 o,n=   1.85204   2.59716
 Src-osrc corr  16   6 o,n=   0.24621   0.54305
 Src-osrc corr  17   6 o,n=   0.10907   0.30337
 Src-osrc corr  14   7 o,n=   0.65813   0.93760
 Src-osrc corr  15   7 o,n=   2.59716   3.54963
 Src-osrc corr  16   7 o,n=   0.54305   0.32292
 Src-osrc corr  17   7 o,n=   0.30337   0.24583
 Src-osrc corr  14   8 o,n=   0.93760   1.36378
 Src-osrc corr  15   8 o,n=   3.54963   3.59291
 Src-osrc corr  17   8 o,n=   0.24583   0.23894
 Src-osrc corr  15   9 o,n=   3.59291   3.47522
 Src-osrc corr  17   9 o,n=   0.23894   1.13769
 Psi(EL) renorm. by  7.72E-01-1.56E-02, Conv =  1.12372 %
 Src-osrc corr  10   1 o,n=   0.30188   0.35256
 Src-osrc corr  11   2 o,n=  18.57651  17.18912
 Src-osrc corr  15   3 o,n=   1.06667   1.22608
 Src-osrc corr  16   3 o,n=   0.01172   0.22281
 Src-osrc corr  14   4 o,n=   0.12282   0.30224
 Src-osrc corr  15   4 o,n=   1.22608   1.76466
 Src-osrc corr  16   4 o,n=   0.22281   0.17477
 Src-osrc corr  17   4 o,n=   0.10725   0.10375
 Src-osrc corr  14   5 o,n=   0.30224   0.13106
 Src-osrc corr  15   5 o,n=   1.76466   1.87357
 Src-osrc corr  16   5 o,n=   0.17477   0.11031
 Src-osrc corr  17   5 o,n=   0.10375   0.10837
 Src-osrc corr  14   6 o,n=   0.13106   0.38427
 Src-osrc corr  15   6 o,n=   1.87357   2.60147
 Src-osrc corr  16   6 o,n=   0.11031   0.49184
 Src-osrc corr  17   6 o,n=   0.10837   0.30575
 Src-osrc corr  14   7 o,n=   0.38427   0.65601
 Src-osrc corr  15   7 o,n=   2.60147   3.51618
 Src-osrc corr  16   7 o,n=   0.49184   0.11131
 Src-osrc corr  17   7 o,n=   0.30575   0.24990
 Src-osrc corr  14   8 o,n=   0.65601   0.18051
 Src-osrc corr  15   8 o,n=   3.51618   3.59537
 Src-osrc corr  17   8 o,n=   0.24990   0.23967
 Src-osrc corr  15   9 o,n=   3.59537   3.48408
 Src-osrc corr  17   9 o,n=   0.23967   1.13220
 Src-osrc corr  10   1 o,n=   0.47393   0.55375
 Src-osrc corr  11   2 o,n=  18.62030  17.23846
 Src-osrc corr  15   3 o,n=   1.06752   1.22881
 Src-osrc corr  16   3 o,n=   0.00992   0.22121
 Src-osrc corr  14   4 o,n=   0.16161   0.32688
 Src-osrc corr  15   4 o,n=   1.22881   1.75716
 Src-osrc corr  16   4 o,n=   0.22121   0.17540
 Src-osrc corr  17   4 o,n=   0.10704   0.10352
 Src-osrc corr  14   5 o,n=   0.32688   0.17267
 Src-osrc corr  15   5 o,n=   1.75716   1.87007
 Src-osrc corr  16   5 o,n=   0.17540   0.11208
 Src-osrc corr  17   5 o,n=   0.10352   0.10820
 Src-osrc corr  14   6 o,n=   0.17267   0.39931
 Src-osrc corr  15   6 o,n=   1.87007   2.59775
 Src-osrc corr  16   6 o,n=   0.11208   0.49698
 Src-osrc corr  17   6 o,n=   0.10820   0.30544
 Src-osrc corr  14   7 o,n=   0.39931   0.66913
 Src-osrc corr  15   7 o,n=   2.59775   3.51130
 Src-osrc corr  16   7 o,n=   0.49698   0.11769
 Src-osrc corr  17   7 o,n=   0.30544   0.24969
 Src-osrc corr  14   8 o,n=   0.66913   0.25015
 Src-osrc corr  15   8 o,n=   3.51130   3.59063
 Src-osrc corr  17   8 o,n=   0.24969   0.23942
 Src-osrc corr  15   9 o,n=   3.59063   3.47969
 Src-osrc corr  17   9 o,n=   0.23942   1.13145
 Psi(EL) renorm. by  7.79E-01-3.14E-02, Conv =  0.20769 %
 Src-osrc corr  10   1 o,n=   0.28093   0.32650
 Src-osrc corr  11   2 o,n=  18.60469  17.22005
 Src-osrc corr  15   3 o,n=   1.06757   1.22849
 Src-osrc corr  16   3 o,n=   0.01091   0.22153
 Src-osrc corr  14   4 o,n=   0.11575   0.29347
 Src-osrc corr  15   4 o,n=   1.22849   1.76173
 Src-osrc corr  16   4 o,n=   0.22153   0.17701
 Src-osrc corr  17   4 o,n=   0.10704   0.10361
 Src-osrc corr  14   5 o,n=   0.29347   0.11953
 Src-osrc corr  15   5 o,n=   1.76173   1.87243
 Src-osrc corr  16   5 o,n=   0.17701   0.11343
 Src-osrc corr  17   5 o,n=   0.10361   0.10816
 Src-osrc corr  14   6 o,n=   0.11953   0.37656
 Src-osrc corr  15   6 o,n=   1.87243   2.60180
 Src-osrc corr  16   6 o,n=   0.11343   0.49021
 Src-osrc corr  17   6 o,n=   0.10816   0.30533
 Src-osrc corr  14   7 o,n=   0.37656   0.64993
 Src-osrc corr  15   7 o,n=   2.60180   3.51624
 Src-osrc corr  16   7 o,n=   0.49021   0.11775
 Src-osrc corr  17   7 o,n=   0.30533   0.24940
 Src-osrc corr  14   8 o,n=   0.64993   0.17056
 Src-osrc corr  15   8 o,n=   3.51624   3.59466
 Src-osrc corr  17   8 o,n=   0.24940   0.23937
 Src-osrc corr  15   9 o,n=   3.59466   3.48362
 Src-osrc corr  17   9 o,n=   0.23937   1.13164
 Psi(EL) renorm. by  9.01E-01-6.00E-02, Conv =  0.45226 %
 Src-osrc corr  10   1 o,n=   0.08248   0.09914
 Src-osrc corr  11   2 o,n=  18.59061  17.20626
 Src-osrc corr  15   3 o,n=   1.06613   1.22486
 Src-osrc corr  16   3 o,n=   0.01254   0.22296
 Src-osrc corr  14   4 o,n=   0.08561   0.27630
 Src-osrc corr  15   4 o,n=   1.22486   1.76675
 Src-osrc corr  16   4 o,n=   0.22296   0.17589
 Src-osrc corr  17   4 o,n=   0.10719   0.10376
 Src-osrc corr  14   5 o,n=   0.27630   0.08787
 Src-osrc corr  15   5 o,n=   1.76675   1.87364
 Src-osrc corr  16   5 o,n=   0.17589   0.11154
 Src-osrc corr  17   5 o,n=   0.10376   0.10826
 Src-osrc corr  14   6 o,n=   0.08787   0.36624
 Src-osrc corr  15   6 o,n=   1.87364   2.60210
 Src-osrc corr  16   6 o,n=   0.11154   0.48589
 Src-osrc corr  17   6 o,n=   0.10826   0.30532
 Src-osrc corr  14   7 o,n=   0.36624   0.64019
 Src-osrc corr  15   7 o,n=   2.60210   3.51640
 Src-osrc corr  16   7 o,n=   0.48589   0.11154
 Src-osrc corr  17   7 o,n=   0.30532   0.24941
 Src-osrc corr  14   8 o,n=   0.64019   0.10896
 Src-osrc corr  15   8 o,n=   3.51640   3.59489
 Src-osrc corr  17   8 o,n=   0.24941   0.23936
 Src-osrc corr  15   9 o,n=   3.59489   3.48396
 Src-osrc corr  17   9 o,n=   0.23936   1.13132
 Src-osrc corr  10   1 o,n=   0.09476   0.11471
 Src-osrc corr  11   2 o,n=  18.59402  17.21007
 Src-osrc corr  15   3 o,n=   1.06608   1.22519
 Src-osrc corr  16   3 o,n=   0.01226   0.22275
 Src-osrc corr  14   4 o,n=   0.09153   0.28017
 Src-osrc corr  15   4 o,n=   1.22519   1.76556
 Src-osrc corr  16   4 o,n=   0.22275   0.17586
 Src-osrc corr  17   4 o,n=   0.10719   0.10376
 Src-osrc corr  14   5 o,n=   0.28017   0.09350
 Src-osrc corr  15   5 o,n=   1.76556   1.87308
 Src-osrc corr  16   5 o,n=   0.17586   0.11156
 Src-osrc corr  17   5 o,n=   0.10376   0.10827
 Src-osrc corr  14   6 o,n=   0.09350   0.36858
 Src-osrc corr  15   6 o,n=   1.87308   2.60171
 Src-osrc corr  16   6 o,n=   0.11156   0.48658
 Src-osrc corr  17   6 o,n=   0.10827   0.30530
 Src-osrc corr  14   7 o,n=   0.36858   0.64227
 Src-osrc corr  15   7 o,n=   2.60171   3.51576
 Src-osrc corr  16   7 o,n=   0.48658   0.11209
 Src-osrc corr  17   7 o,n=   0.30530   0.24940
 Src-osrc corr  14   8 o,n=   0.64227   0.11608
 Src-osrc corr  15   8 o,n=   3.51576   3.59440
 Src-osrc corr  17   8 o,n=   0.24940   0.23935
 Src-osrc corr  15   9 o,n=   3.59440   3.48350
 Src-osrc corr  17   9 o,n=   0.23935   1.13127
 Src-osrc corr  10   1 o,n=   0.03788   0.04675
 Src-osrc corr  11   2 o,n=  18.59291  17.20862
 Src-osrc corr  15   3 o,n=   1.06606   1.22504
 Src-osrc corr  16   3 o,n=   0.01245   0.22278
 Src-osrc corr  14   4 o,n=   0.08453   0.27501
 Src-osrc corr  15   4 o,n=   1.22504   1.76629
 Src-osrc corr  16   4 o,n=   0.22278   0.17636
 Src-osrc corr  17   4 o,n=   0.10721   0.10380
 Src-osrc corr  14   5 o,n=   0.27501   0.08572
 Src-osrc corr  15   5 o,n=   1.76629   1.87340
 Src-osrc corr  16   5 o,n=   0.17636   0.11216
 Src-osrc corr  17   5 o,n=   0.10380   0.10827
 Src-osrc corr  14   6 o,n=   0.08572   0.36565
 Src-osrc corr  15   6 o,n=   1.87340   2.60223
 Src-osrc corr  16   6 o,n=   0.11216   0.48524
 Src-osrc corr  17   6 o,n=   0.10827   0.30529
 Src-osrc corr  14   7 o,n=   0.36565   0.63995
 Src-osrc corr  15   7 o,n=   2.60223   3.51665
 Src-osrc corr  16   7 o,n=   0.48524   0.11260
 Src-osrc corr  17   7 o,n=   0.30529   0.24935
 Src-osrc corr  14   8 o,n=   0.63995   0.10439
 Src-osrc corr  15   8 o,n=   3.51665   3.59499
 Src-osrc corr  17   8 o,n=   0.24935   0.23935
 Src-osrc corr  15   9 o,n=   3.59499   3.48408
 Src-osrc corr  17   9 o,n=   0.23935   1.13131
 Src-osrc corr  10   1 o,n=   0.02219   0.02694
 Src-osrc corr  11   2 o,n=  18.59160  17.20729
 Src-osrc corr  15   3 o,n=   1.06604   1.22479
 Src-osrc corr  16   3 o,n=   0.01263   0.22291
 Src-osrc corr  14   4 o,n=   0.07972   0.27186
 Src-osrc corr  15   4 o,n=   1.22479   1.76685
 Src-osrc corr  16   4 o,n=   0.22291   0.17633
 Src-osrc corr  17   4 o,n=   0.10722   0.10382
 Src-osrc corr  14   5 o,n=   0.27186   0.08090
 Src-osrc corr  15   5 o,n=   1.76685   1.87360
 Src-osrc corr  16   5 o,n=   0.17633   0.11210
 Src-osrc corr  17   5 o,n=   0.10382   0.10828
 Src-osrc corr  14   6 o,n=   0.08090   0.36395
 Src-osrc corr  15   6 o,n=   1.87360   2.60236
 Src-osrc corr  16   6 o,n=   0.11210   0.48448
 Src-osrc corr  17   6 o,n=   0.10828   0.30530
 Src-osrc corr  14   7 o,n=   0.36395   0.63844
 Src-osrc corr  15   7 o,n=   2.60236   3.51673
 Src-osrc corr  16   7 o,n=   0.48448   0.11205
 Src-osrc corr  17   7 o,n=   0.30530   0.24936
 Src-osrc corr  14   8 o,n=   0.63844   0.09913
 Src-osrc corr  15   8 o,n=   3.51673   3.59509
 Src-osrc corr  17   8 o,n=   0.24936   0.23936
 Src-osrc corr  15   9 o,n=   3.59509   3.48418
 Src-osrc corr  17   9 o,n=   0.23936   1.13128
 Reaction Xsec     2.0-/ 3 @ 2 =    46.207 , Out:   0.186#   2.197    1.922    0.000#   8.842/   0.078/  42.079f
 Allocate arrays for           18  channels, of which           18  need wfs.

 Total SPIN, PARITY =     3.0 +,     18 chs,     18 cc.  Rmin & Coul turning =    0.4    3.6
 Src-osrc corr  11   1 o,n=  19.67936  18.92100
 Src-osrc corr  15   3 o,n=   1.90840   1.89377
 Src-osrc corr  17   3 o,n=   0.16637   0.34148
 Src-osrc corr  15   4 o,n=   1.89377   1.90399
 Src-osrc corr  16   4 o,n=   0.01030   0.21597
 Src-osrc corr  17   4 o,n=   0.34148   0.37253
 Src-osrc corr  16   5 o,n=   0.21597   0.03536
 Src-osrc corr  17   5 o,n=   0.37253   0.54311
 Src-osrc corr  18   5 o,n=   0.00139   0.03352
 Src-osrc corr  15   6 o,n=   1.90399   2.24219
 Src-osrc corr  16   6 o,n=   0.03536   0.25837
 Src-osrc corr  17   6 o,n=   0.54311   0.81349
 Src-osrc corr  18   6 o,n=   0.03352   0.01230
 Src-osrc corr  15   7 o,n=   2.24219   2.22671
 Src-osrc corr  16   7 o,n=   0.25837   0.30816
 Src-osrc corr  17   7 o,n=   0.81349   0.82814
 Src-osrc corr  18   7 o,n=   0.01230   0.03022
 Src-osrc corr  16   8 o,n=   0.30816   0.27576
 Src-osrc corr  17   8 o,n=   0.82814   0.92771
 Src-osrc corr  18   8 o,n=   0.03022   0.06897
 Src-osrc corr  15   9 o,n=   2.22671   6.10934
 Src-osrc corr  16   9 o,n=   0.27576   0.42302
 Src-osrc corr  18   9 o,n=   0.06897   0.01337
 Src-osrc corr  11   1 o,n=  19.67936  18.92100
 Src-osrc corr  15   3 o,n=   1.90840   1.89377
 Src-osrc corr  17   3 o,n=   0.16637   0.34148
 Src-osrc corr  15   4 o,n=   1.89377   1.90399
 Src-osrc corr  16   4 o,n=   0.01030   0.21597
 Src-osrc corr  17   4 o,n=   0.34148   0.37253
 Src-osrc corr  16   5 o,n=   0.21597   0.03536
 Src-osrc corr  17   5 o,n=   0.37253   0.54311
 Src-osrc corr  18   5 o,n=   0.00139   0.03352
 Src-osrc corr  15   6 o,n=   1.90399   2.24219
 Src-osrc corr  16   6 o,n=   0.03536   0.25837
 Src-osrc corr  17   6 o,n=   0.54311   0.81349
 Src-osrc corr  18   6 o,n=   0.03352   0.01230
 Src-osrc corr  15   7 o,n=   2.24219   2.22671
 Src-osrc corr  16   7 o,n=   0.25837   0.30816
 Src-osrc corr  17   7 o,n=   0.81349   0.82814
 Src-osrc corr  18   7 o,n=   0.01230   0.03022
 Src-osrc corr  16   8 o,n=   0.30816   0.27576
 Src-osrc corr  17   8 o,n=   0.82814   0.92771
 Src-osrc corr  18   8 o,n=   0.03022   0.06897
 Src-osrc corr  15   9 o,n=   2.22671   6.10934
 Src-osrc corr  16   9 o,n=   0.27576   0.42302
 Src-osrc corr  18   9 o,n=   0.06897   0.01337
 Src-osrc corr  11   1 o,n=  19.17346  18.50843
 Src-osrc corr  15   3 o,n=   1.99992   1.99046
 Src-osrc corr  17   3 o,n=   0.15873   0.32572
 Src-osrc corr  15   4 o,n=   1.99046   1.99981
 Src-osrc corr  16   4 o,n=   0.00790   0.20308
 Src-osrc corr  17   4 o,n=   0.32572   0.35540
 Src-osrc corr  16   5 o,n=   0.20308   0.03251
 Src-osrc corr  17   5 o,n=   0.35540   0.51857
 Src-osrc corr  18   5 o,n=   0.00096   0.03162
 Src-osrc corr  15   6 o,n=   1.99981   2.27717
 Src-osrc corr  16   6 o,n=   0.03251   0.24248
 Src-osrc corr  17   6 o,n=   0.51857   0.77632
 Src-osrc corr  18   6 o,n=   0.03162   0.01129
 Src-osrc corr  15   7 o,n=   2.27717   2.26287
 Src-osrc corr  16   7 o,n=   0.24248   0.29313
 Src-osrc corr  17   7 o,n=   0.77632   0.79070
 Src-osrc corr  18   7 o,n=   0.01129   0.02861
 Src-osrc corr  16   8 o,n=   0.29313   0.25644
 Src-osrc corr  17   8 o,n=   0.79070   0.88818
 Src-osrc corr  18   8 o,n=   0.02861   0.06581
 Src-osrc corr  15   9 o,n=   2.26287   5.98073
 Src-osrc corr  16   9 o,n=   0.25644   0.40454
 Src-osrc corr  18   9 o,n=   0.06581   0.01230
 Src-osrc corr  16  10 o,n=   0.40454   0.40453
 Src-osrc corr  18  10 o,n=   0.01230   0.01230
 Psi(EL) renorm. by  1.10E+00 5.49E-02, Conv =  0.72995 %
 Src-osrc corr  11   1 o,n=  20.12120  19.66681
 Src-osrc corr  15   3 o,n=   2.12876   2.11847
 Src-osrc corr  17   3 o,n=   0.15639   0.31972
 Src-osrc corr  15   4 o,n=   2.11847   2.12702
 Src-osrc corr  16   4 o,n=   0.00841   0.19844
 Src-osrc corr  17   4 o,n=   0.31972   0.34912
 Src-osrc corr  16   5 o,n=   0.19844   0.03088
 Src-osrc corr  17   5 o,n=   0.34912   0.51061
 Src-osrc corr  18   5 o,n=   0.00143   0.03098
 Src-osrc corr  15   6 o,n=   2.12702   2.37959
 Src-osrc corr  16   6 o,n=   0.03088   0.23701
 Src-osrc corr  17   6 o,n=   0.51061   0.76528
 Src-osrc corr  18   6 o,n=   0.03098   0.01127
 Src-osrc corr  15   7 o,n=   2.37959   2.36589
 Src-osrc corr  16   7 o,n=   0.23701   0.28758
 Src-osrc corr  17   7 o,n=   0.76528   0.77955
 Src-osrc corr  18   7 o,n=   0.01127   0.02844
 Src-osrc corr  16   8 o,n=   0.28758   0.25122
 Src-osrc corr  17   8 o,n=   0.77955   0.87642
 Src-osrc corr  18   8 o,n=   0.02844   0.06524
 Src-osrc corr  15   9 o,n=   2.36589   6.07087
 Src-osrc corr  16   9 o,n=   0.25122   0.39868
 Src-osrc corr  18   9 o,n=   0.06524   0.01224
 Src-osrc corr  16  10 o,n=   0.39868   0.39870
 Src-osrc corr  18  10 o,n=   0.01224   0.01224
 Src-osrc corr  11   1 o,n=  20.08290  19.61793
 Src-osrc corr  15   3 o,n=   2.11988   2.10977
 Src-osrc corr  17   3 o,n=   0.15620   0.31967
 Src-osrc corr  15   4 o,n=   2.10977   2.11837
 Src-osrc corr  16   4 o,n=   0.00815   0.19848
 Src-osrc corr  17   4 o,n=   0.31967   0.34904
 Src-osrc corr  16   5 o,n=   0.19848   0.03081
 Src-osrc corr  17   5 o,n=   0.34904   0.51033
 Src-osrc corr  18   5 o,n=   0.00138   0.03100
 Src-osrc corr  15   6 o,n=   2.11837   2.37106
 Src-osrc corr  16   6 o,n=   0.03081   0.23710
 Src-osrc corr  17   6 o,n=   0.51033   0.76473
 Src-osrc corr  18   6 o,n=   0.03100   0.01125
 Src-osrc corr  15   7 o,n=   2.37106   2.35735
 Src-osrc corr  16   7 o,n=   0.23710   0.28770
 Src-osrc corr  17   7 o,n=   0.76473   0.77900
 Src-osrc corr  18   7 o,n=   0.01125   0.02838
 Src-osrc corr  16   8 o,n=   0.28770   0.25110
 Src-osrc corr  17   8 o,n=   0.77900   0.87582
 Src-osrc corr  18   8 o,n=   0.02838   0.06515
 Src-osrc corr  15   9 o,n=   2.35735   6.05647
 Src-osrc corr  16   9 o,n=   0.25110   0.39869
 Src-osrc corr  18   9 o,n=   0.06515   0.01221
 Src-osrc corr  16  10 o,n=   0.39869   0.39871
 Src-osrc corr  18  10 o,n=   0.01221   0.01221
 Src-osrc corr  11   1 o,n=  19.98909  19.52791
 Src-osrc corr  15   3 o,n=   2.09568   2.08656
 Src-osrc corr  17   3 o,n=   0.15488   0.31744
 Src-osrc corr  15   4 o,n=   2.08656   2.09515
 Src-osrc corr  16   4 o,n=   0.00760   0.19685
 Src-osrc corr  17   4 o,n=   0.31744   0.34659
 Src-osrc corr  16   5 o,n=   0.19685   0.03049
 Src-osrc corr  17   5 o,n=   0.34659   0.50666
 Src-osrc corr  18   5 o,n=   0.00128   0.03077
 Src-osrc corr  15   6 o,n=   2.09515   2.34399
 Src-osrc corr  16   6 o,n=   0.03049   0.23516
 Src-osrc corr  17   6 o,n=   0.50666   0.75906
 Src-osrc corr  18   6 o,n=   0.03077   0.01110
 Src-osrc corr  15   7 o,n=   2.34399   2.33040
 Src-osrc corr  16   7 o,n=   0.23516   0.28586
 Src-osrc corr  17   7 o,n=   0.75906   0.77329
 Src-osrc corr  18   7 o,n=   0.01110   0.02811
 Src-osrc corr  16   8 o,n=   0.28586   0.24846
 Src-osrc corr  17   8 o,n=   0.77329   0.86972
 Src-osrc corr  18   8 o,n=   0.02811   0.06463
 Src-osrc corr  15   9 o,n=   2.33040   5.99773
 Src-osrc corr  16   9 o,n=   0.24846   0.39627
 Src-osrc corr  18   9 o,n=   0.06463   0.01205
 Src-osrc corr  16  10 o,n=   0.39627   0.39628
 Src-osrc corr  18  10 o,n=   0.01205   0.01204
 Src-osrc corr  11   1 o,n=  20.05203  19.61091
 Src-osrc corr  15   3 o,n=   2.09311   2.08426
 Src-osrc corr  17   3 o,n=   0.15437   0.31642
 Src-osrc corr  15   4 o,n=   2.08426   2.09286
 Src-osrc corr  16   4 o,n=   0.00729   0.19600
 Src-osrc corr  17   4 o,n=   0.31642   0.34549
 Src-osrc corr  16   5 o,n=   0.19600   0.03027
 Src-osrc corr  17   5 o,n=   0.34549   0.50509
 Src-osrc corr  18   5 o,n=   0.00125   0.03066
 Src-osrc corr  15   6 o,n=   2.09286   2.33822
 Src-osrc corr  16   6 o,n=   0.03027   0.23415
 Src-osrc corr  17   6 o,n=   0.50509   0.75670
 Src-osrc corr  18   6 o,n=   0.03066   0.01104
 Src-osrc corr  15   7 o,n=   2.33822   2.32471
 Src-osrc corr  16   7 o,n=   0.23415   0.28491
 Src-osrc corr  17   7 o,n=   0.75670   0.77091
 Src-osrc corr  18   7 o,n=   0.01104   0.02801
 Src-osrc corr  16   8 o,n=   0.28491   0.24725
 Src-osrc corr  17   8 o,n=   0.77091   0.86719
 Src-osrc corr  18   8 o,n=   0.02801   0.06444
 Src-osrc corr  15   9 o,n=   2.32471   5.97928
 Src-osrc corr  16   9 o,n=   0.24725   0.39512
 Src-osrc corr  18   9 o,n=   0.06444   0.01198
 Src-osrc corr  16  10 o,n=   0.39512   0.39513
 Src-osrc corr  18  10 o,n=   0.01198   0.01198
 Src-osrc corr  11   1 o,n=  20.05032  19.60663
 Src-osrc corr  15   3 o,n=   2.09233   2.08345
 Src-osrc corr  17   3 o,n=   0.15439   0.31651
 Src-osrc corr  15   4 o,n=   2.08345   2.09206
 Src-osrc corr  16   4 o,n=   0.00731   0.19612
 Src-osrc corr  17   4 o,n=   0.31651   0.34558
 Src-osrc corr  16   5 o,n=   0.19612   0.03030
 Src-osrc corr  17   5 o,n=   0.34558   0.50518
 Src-osrc corr  18   5 o,n=   0.00125   0.03068
 Src-osrc corr  15   6 o,n=   2.09206   2.33780
 Src-osrc corr  16   6 o,n=   0.03030   0.23431
 Src-osrc corr  17   6 o,n=   0.50518   0.75680
 Src-osrc corr  18   6 o,n=   0.03068   0.01104
 Src-osrc corr  15   7 o,n=   2.33780   2.32429
 Src-osrc corr  16   7 o,n=   0.23431   0.28506
 Src-osrc corr  17   7 o,n=   0.75680   0.77101
 Src-osrc corr  18   7 o,n=   0.01104   0.02801
 Src-osrc corr  16   8 o,n=   0.28506   0.24738
 Src-osrc corr  17   8 o,n=   0.77101   0.86728
 Src-osrc corr  18   8 o,n=   0.02801   0.06444
 Src-osrc corr  15   9 o,n=   2.32429   5.97865
 Src-osrc corr  16   9 o,n=   0.24738   0.39525
 Src-osrc corr  18   9 o,n=   0.06444   0.01198
 Src-osrc corr  16  10 o,n=   0.39525   0.39527
 Src-osrc corr  18  10 o,n=   0.01198   0.01198
 Reaction Xsec     3.0+/ 2 @ 1 =    62.391 , Out:   0.000#   1.877    3.587    0.000#   0.038    0.226/  56.888f
 Src-osrc corr  12   2 o,n=  16.59641  14.38640
 Src-osrc corr  15   4 o,n=   0.05875   0.09626
 Src-osrc corr  16   4 o,n=   0.32788   0.74669
 Src-osrc corr  17   4 o,n=   0.00866   0.09185
 Src-osrc corr  16   5 o,n=   0.74669   0.87953
 Src-osrc corr  17   5 o,n=   0.09185   0.02296
 Src-osrc corr  18   5 o,n=   0.03443   0.03237
 Src-osrc corr  15   6 o,n=   0.09626   0.05878
 Src-osrc corr  16   6 o,n=   0.87953   0.90450
 Src-osrc corr  17   6 o,n=   0.02296   0.03894
 Src-osrc corr  18   6 o,n=   0.03237   0.03447
 Src-osrc corr  15   7 o,n=   0.05878   0.36033
 Src-osrc corr  16   7 o,n=   0.90450   0.60275
 Src-osrc corr  17   7 o,n=   0.03894   0.35861
 Src-osrc corr  18   7 o,n=   0.03447   0.15209
 Src-osrc corr  16   8 o,n=   0.60275   0.63885
 Src-osrc corr  17   8 o,n=   0.35861   0.13170
 Src-osrc corr  18   8 o,n=   0.15209   0.13139
 Src-osrc corr  15   9 o,n=   0.36033   0.07352
 Src-osrc corr  16   9 o,n=   0.63885   0.64561
 Src-osrc corr  18   9 o,n=   0.13139   0.12944
 Src-osrc corr  16  10 o,n=   0.64561   1.17859
 Src-osrc corr  18  10 o,n=   0.12944   0.97919
 Src-osrc corr  12   2 o,n=  16.59641  14.38640
 Src-osrc corr  15   4 o,n=   0.05875   0.09626
 Src-osrc corr  16   4 o,n=   0.32788   0.74669
 Src-osrc corr  17   4 o,n=   0.00866   0.09185
 Src-osrc corr  16   5 o,n=   0.74669   0.87953
 Src-osrc corr  17   5 o,n=   0.09185   0.02296
 Src-osrc corr  18   5 o,n=   0.03443   0.03237
 Src-osrc corr  15   6 o,n=   0.09626   0.05878
 Src-osrc corr  16   6 o,n=   0.87953   0.90450
 Src-osrc corr  17   6 o,n=   0.02296   0.03894
 Src-osrc corr  18   6 o,n=   0.03237   0.03447
 Src-osrc corr  15   7 o,n=   0.05878   0.36033
 Src-osrc corr  16   7 o,n=   0.90450   0.60275
 Src-osrc corr  17   7 o,n=   0.03894   0.35861
 Src-osrc corr  18   7 o,n=   0.03447   0.15209
 Src-osrc corr  16   8 o,n=   0.60275   0.63885
 Src-osrc corr  17   8 o,n=   0.35861   0.13170
 Src-osrc corr  18   8 o,n=   0.15209   0.13139
 Src-osrc corr  15   9 o,n=   0.36033   0.07352
 Src-osrc corr  16   9 o,n=   0.63885   0.64561
 Src-osrc corr  18   9 o,n=   0.13139   0.12944
 Src-osrc corr  16  10 o,n=   0.64561   1.17859
 Src-osrc corr  18  10 o,n=   0.12944   0.97919
 Src-osrc corr  12   2 o,n=  16.21815  14.04456
 Src-osrc corr  15   3 o,n=   0.05893   0.05893
 Src-osrc corr  17   3 o,n=   0.00868   0.00868
 Src-osrc corr  15   4 o,n=   0.05893   0.09588
 Src-osrc corr  16   4 o,n=   0.32520   0.73732
 Src-osrc corr  17   4 o,n=   0.00868   0.09115
 Src-osrc corr  16   5 o,n=   0.73732   0.86844
 Src-osrc corr  17   5 o,n=   0.09115   0.02285
 Src-osrc corr  18   5 o,n=   0.03389   0.03184
 Src-osrc corr  15   6 o,n=   0.09588   0.05893
 Src-osrc corr  16   6 o,n=   0.86844   0.89308
 Src-osrc corr  17   6 o,n=   0.02285   0.03869
 Src-osrc corr  18   6 o,n=   0.03184   0.03391
 Src-osrc corr  15   7 o,n=   0.05893   0.35671
 Src-osrc corr  16   7 o,n=   0.89308   0.59347
 Src-osrc corr  17   7 o,n=   0.03869   0.35453
 Src-osrc corr  18   7 o,n=   0.03391   0.15071
 Src-osrc corr  16   8 o,n=   0.59347   0.63158
 Src-osrc corr  17   8 o,n=   0.35453   0.13028
 Src-osrc corr  18   8 o,n=   0.15071   0.13017
 Src-osrc corr  15   9 o,n=   0.35671   0.07348
 Src-osrc corr  16   9 o,n=   0.63158   0.63855
 Src-osrc corr  18   9 o,n=   0.13017   0.12823
 Src-osrc corr  16  10 o,n=   0.63855   1.15998
 Src-osrc corr  18  10 o,n=   0.12823   0.96712
 Src-osrc corr  11   1 o,n=   1.80583   2.01445
 Src-osrc corr  12   2 o,n=  16.56367  14.40307
 Src-osrc corr  15   3 o,n=   0.35255   0.34174
 Src-osrc corr  17   3 o,n=   0.01902   0.04346
 Src-osrc corr  15   4 o,n=   0.34174   0.34761
 Src-osrc corr  16   4 o,n=   0.32609   0.72671
 Src-osrc corr  17   4 o,n=   0.04346   0.11101
 Src-osrc corr  16   5 o,n=   0.72671   0.87581
 Src-osrc corr  17   5 o,n=   0.11101   0.07624
 Src-osrc corr  18   5 o,n=   0.03356   0.03092
 Src-osrc corr  15   6 o,n=   0.34761   0.39849
 Src-osrc corr  16   6 o,n=   0.87581   0.88294
 Src-osrc corr  17   6 o,n=   0.07624   0.11629
 Src-osrc corr  18   6 o,n=   0.03092   0.03436
 Src-osrc corr  15   7 o,n=   0.39849   0.52577
 Src-osrc corr  16   7 o,n=   0.88294   0.61651
 Src-osrc corr  17   7 o,n=   0.11629   0.39323
 Src-osrc corr  18   7 o,n=   0.03436   0.14818
 Src-osrc corr  16   8 o,n=   0.61651   0.64971
 Src-osrc corr  17   8 o,n=   0.39323   0.17588
 Src-osrc corr  18   8 o,n=   0.14818   0.12664
 Src-osrc corr  15   9 o,n=   0.52577   1.00342
 Src-osrc corr  16   9 o,n=   0.64971   0.66544
 Src-osrc corr  18   9 o,n=   0.12664   0.12666
 Src-osrc corr  16  10 o,n=   0.66544   1.18992
 Src-osrc corr  18  10 o,n=   0.12666   0.97048
 Src-osrc corr  11   1 o,n=   1.80583   2.01445
 Src-osrc corr  12   2 o,n=  16.55787  14.39512
 Src-osrc corr  15   3 o,n=   0.35257   0.34175
 Src-osrc corr  17   3 o,n=   0.01902   0.04346
 Src-osrc corr  15   4 o,n=   0.34175   0.34763
 Src-osrc corr  16   4 o,n=   0.32633   0.72719
 Src-osrc corr  17   4 o,n=   0.04346   0.11103
 Src-osrc corr  16   5 o,n=   0.72719   0.87637
 Src-osrc corr  17   5 o,n=   0.11103   0.07624
 Src-osrc corr  18   5 o,n=   0.03359   0.03095
 Src-osrc corr  15   6 o,n=   0.34763   0.39850
 Src-osrc corr  16   6 o,n=   0.87637   0.88351
 Src-osrc corr  17   6 o,n=   0.07624   0.11629
 Src-osrc corr  18   6 o,n=   0.03095   0.03439
 Src-osrc corr  15   7 o,n=   0.39850   0.52598
 Src-osrc corr  16   7 o,n=   0.88351   0.61689
 Src-osrc corr  17   7 o,n=   0.11629   0.39340
 Src-osrc corr  18   7 o,n=   0.03439   0.14825
 Src-osrc corr  16   8 o,n=   0.61689   0.64998
 Src-osrc corr  17   8 o,n=   0.39340   0.17591
 Src-osrc corr  18   8 o,n=   0.14825   0.12670
 Src-osrc corr  15   9 o,n=   0.52598   1.00344
 Src-osrc corr  16   9 o,n=   0.64998   0.66574
 Src-osrc corr  18   9 o,n=   0.12670   0.12672
 Src-osrc corr  16  10 o,n=   0.66574   1.19074
 Src-osrc corr  18  10 o,n=   0.12672   0.97104
 Src-osrc corr  11   1 o,n=   0.15681   0.18575
 Src-osrc corr  12   2 o,n=  16.52315  14.36148
 Src-osrc corr  15   3 o,n=   0.08407   0.08335
 Src-osrc corr  17   3 o,n=   0.00761   0.00920
 Src-osrc corr  15   4 o,n=   0.08335   0.11321
 Src-osrc corr  16   4 o,n=   0.32471   0.73838
 Src-osrc corr  17   4 o,n=   0.00920   0.09132
 Src-osrc corr  16   5 o,n=   0.73838   0.87134
 Src-osrc corr  17   5 o,n=   0.09132   0.02403
 Src-osrc corr  18   5 o,n=   0.03386   0.03196
 Src-osrc corr  15   6 o,n=   0.11321   0.08579
 Src-osrc corr  16   6 o,n=   0.87134   0.89473
 Src-osrc corr  17   6 o,n=   0.02403   0.04075
 Src-osrc corr  18   6 o,n=   0.03196   0.03407
 Src-osrc corr  15   7 o,n=   0.08579   0.36522
 Src-osrc corr  16   7 o,n=   0.89473   0.59177
 Src-osrc corr  17   7 o,n=   0.04075   0.35713
 Src-osrc corr  18   7 o,n=   0.03407   0.15072
 Src-osrc corr  16   8 o,n=   0.59177   0.62830
 Src-osrc corr  17   8 o,n=   0.35713   0.13269
 Src-osrc corr  18   8 o,n=   0.15072   0.13026
 Src-osrc corr  15   9 o,n=   0.36522   0.13048
 Src-osrc corr  16   9 o,n=   0.62830   0.63544
 Src-osrc corr  18   9 o,n=   0.13026   0.12823
 Src-osrc corr  16  10 o,n=   0.63544   1.16151
 Src-osrc corr  18  10 o,n=   0.12823   0.96949
 Src-osrc corr  11   1 o,n=   0.23064   0.28192
 Src-osrc corr  12   2 o,n=  16.53165  14.37079
 Src-osrc corr  15   3 o,n=   0.10622   0.10486
 Src-osrc corr  17   3 o,n=   0.00636   0.00939
 Src-osrc corr  15   4 o,n=   0.10486   0.12919
 Src-osrc corr  16   4 o,n=   0.32370   0.73777
 Src-osrc corr  17   4 o,n=   0.00939   0.09118
 Src-osrc corr  16   5 o,n=   0.73777   0.87103
 Src-osrc corr  17   5 o,n=   0.09118   0.02470
 Src-osrc corr  18   5 o,n=   0.03386   0.03180
 Src-osrc corr  15   6 o,n=   0.12919   0.10896
 Src-osrc corr  16   6 o,n=   0.87103   0.89421
 Src-osrc corr  17   6 o,n=   0.02470   0.04164
 Src-osrc corr  18   6 o,n=   0.03180   0.03420
 Src-osrc corr  15   7 o,n=   0.10896   0.37390
 Src-osrc corr  16   7 o,n=   0.89421   0.59315
 Src-osrc corr  17   7 o,n=   0.04164   0.35725
 Src-osrc corr  18   7 o,n=   0.03420   0.15059
 Src-osrc corr  16   8 o,n=   0.59315   0.62984
 Src-osrc corr  17   8 o,n=   0.35725   0.13326
 Src-osrc corr  18   8 o,n=   0.15059   0.13012
 Src-osrc corr  15   9 o,n=   0.37390   0.18760
 Src-osrc corr  16   9 o,n=   0.62984   0.63634
 Src-osrc corr  18   9 o,n=   0.13012   0.12812
 Src-osrc corr  16  10 o,n=   0.63634   1.16238
 Src-osrc corr  18  10 o,n=   0.12812   0.96925
 Src-osrc corr  11   1 o,n=   0.10643   0.12968
 Src-osrc corr  12   2 o,n=  16.53220  14.37115
 Src-osrc corr  15   3 o,n=   0.07471   0.07383
 Src-osrc corr  17   3 o,n=   0.00728   0.00870
 Src-osrc corr  15   4 o,n=   0.07383   0.10629
 Src-osrc corr  16   4 o,n=   0.32461   0.73908
 Src-osrc corr  17   4 o,n=   0.00870   0.09069
 Src-osrc corr  16   5 o,n=   0.73908   0.87117
 Src-osrc corr  17   5 o,n=   0.09069   0.02313
 Src-osrc corr  18   5 o,n=   0.03381   0.03174
 Src-osrc corr  15   6 o,n=   0.10629   0.07419
 Src-osrc corr  16   6 o,n=   0.87117   0.89569
 Src-osrc corr  17   6 o,n=   0.02313   0.03899
 Src-osrc corr  18   6 o,n=   0.03174   0.03415
 Src-osrc corr  15   7 o,n=   0.07419   0.36202
 Src-osrc corr  16   7 o,n=   0.89569   0.59327
 Src-osrc corr  17   7 o,n=   0.03899   0.35551
 Src-osrc corr  18   7 o,n=   0.03415   0.15061
 Src-osrc corr  16   8 o,n=   0.59327   0.62973
 Src-osrc corr  17   8 o,n=   0.35551   0.13094
 Src-osrc corr  18   8 o,n=   0.15061   0.13009
 Src-osrc corr  15   9 o,n=   0.36202   0.12240
 Src-osrc corr  16   9 o,n=   0.62973   0.63590
 Src-osrc corr  18   9 o,n=   0.13009   0.12818
 Src-osrc corr  16  10 o,n=   0.63590   1.16297
 Src-osrc corr  18  10 o,n=   0.12818   0.96923
 Src-osrc corr  11   1 o,n=   0.03089   0.03847
 Src-osrc corr  12   2 o,n=  16.53031  14.36926
 Src-osrc corr  15   3 o,n=   0.06281   0.06266
 Src-osrc corr  17   3 o,n=   0.00835   0.00857
 Src-osrc corr  15   4 o,n=   0.06266   0.09778
 Src-osrc corr  16   4 o,n=   0.32555   0.73930
 Src-osrc corr  17   4 o,n=   0.00857   0.09085
 Src-osrc corr  16   5 o,n=   0.73930   0.87124
 Src-osrc corr  17   5 o,n=   0.09085   0.02285
 Src-osrc corr  18   5 o,n=   0.03382   0.03192
 Src-osrc corr  15   6 o,n=   0.09778   0.06271
 Src-osrc corr  16   6 o,n=   0.87124   0.89576
 Src-osrc corr  17   6 o,n=   0.02285   0.03877
 Src-osrc corr  18   6 o,n=   0.03192   0.03401
 Src-osrc corr  15   7 o,n=   0.06271   0.35833
 Src-osrc corr  16   7 o,n=   0.89576   0.59162
 Src-osrc corr  17   7 o,n=   0.03877   0.35562
 Src-osrc corr  18   7 o,n=   0.03401   0.15069
 Src-osrc corr  16   8 o,n=   0.59162   0.62798
 Src-osrc corr  17   8 o,n=   0.35562   0.13076
 Src-osrc corr  18   8 o,n=   0.15069   0.13019
 Src-osrc corr  15   9 o,n=   0.35833   0.08236
 Src-osrc corr  16   9 o,n=   0.62798   0.63480
 Src-osrc corr  18   9 o,n=   0.13019   0.12825
 Src-osrc corr  16  10 o,n=   0.63480   1.16174
 Src-osrc corr  18  10 o,n=   0.12825   0.96928
 Src-osrc corr  11   1 o,n=   0.02985   0.03786
 Src-osrc corr  12   2 o,n=  16.53049  14.36947
 Src-osrc corr  15   3 o,n=   0.06495   0.06472
 Src-osrc corr  17   3 o,n=   0.00825   0.00857
 Src-osrc corr  15   4 o,n=   0.06472   0.09949
 Src-osrc corr  16   4 o,n=   0.32549   0.73925
 Src-osrc corr  17   4 o,n=   0.00857   0.09084
 Src-osrc corr  16   5 o,n=   0.73925   0.87122
 Src-osrc corr  17   5 o,n=   0.09084   0.02284
 Src-osrc corr  18   5 o,n=   0.03382   0.03190
 Src-osrc corr  15   6 o,n=   0.09949   0.06422
 Src-osrc corr  16   6 o,n=   0.87122   0.89571
 Src-osrc corr  17   6 o,n=   0.02284   0.03875
 Src-osrc corr  18   6 o,n=   0.03190   0.03403
 Src-osrc corr  15   7 o,n=   0.06422   0.35942
 Src-osrc corr  16   7 o,n=   0.89571   0.59176
 Src-osrc corr  17   7 o,n=   0.03875   0.35559
 Src-osrc corr  18   7 o,n=   0.03403   0.15068
 Src-osrc corr  16   8 o,n=   0.59176   0.62814
 Src-osrc corr  17   8 o,n=   0.35559   0.13075
 Src-osrc corr  18   8 o,n=   0.15068   0.13018
 Src-osrc corr  15   9 o,n=   0.35942   0.08461
 Src-osrc corr  16   9 o,n=   0.62814   0.63489
 Src-osrc corr  18   9 o,n=   0.13018   0.12824
 Src-osrc corr  16  10 o,n=   0.63489   1.16180
 Src-osrc corr  18  10 o,n=   0.12824   0.96926
 Reaction Xsec     3.0+/ 4 @ 2 =    58.573 , Out:   1.109#   0.095    2.424    0.000#   0.729/   9.015#  56.053f

 Total SPIN, PARITY =     3.0 -,     16 chs,     16 cc.  Rmin & Coul turning =    0.4    3.6
 Src-osrc corr   9   1 o,n=  13.34774  12.22912
 Src-osrc corr  10   1 o,n=  10.55468  10.31290
 Src-osrc corr  13   2 o,n=   0.87373   0.90635
 Src-osrc corr  14   2 o,n=   0.88114   1.24196
 Src-osrc corr  15   2 o,n=   0.08047   0.16365
 Src-osrc corr  13   3 o,n=   0.90635   0.93698
 Src-osrc corr  14   3 o,n=   1.24196   1.65363
 Src-osrc corr  15   3 o,n=   0.16365   0.20232
 Src-osrc corr  16   3 o,n=   0.08317   0.10560
 Src-osrc corr  13   4 o,n=   0.93698   1.01049
 Src-osrc corr  14   4 o,n=   1.65363   1.81033
 Src-osrc corr  15   4 o,n=   0.20232   0.32958
 Src-osrc corr  16   4 o,n=   0.10560   0.09343
 Src-osrc corr  13   5 o,n=   1.01049   1.08642
 Src-osrc corr  14   5 o,n=   1.81033   2.04412
 Src-osrc corr  15   5 o,n=   0.32958   0.38293
 Src-osrc corr  16   5 o,n=   0.09343   0.28867
 Src-osrc corr  13   6 o,n=   1.08642   1.24510
 Src-osrc corr  14   6 o,n=   2.04412   2.83765
 Src-osrc corr  15   6 o,n=   0.38293   0.40504
 Src-osrc corr  16   6 o,n=   0.28867   0.12414
 Src-osrc corr  13   7 o,n=   1.24510   1.33207
 Src-osrc corr  14   7 o,n=   2.83765   2.78660
 Src-osrc corr  15   7 o,n=   0.40504   0.44751
 Src-osrc corr  16   7 o,n=   0.12414   0.20528
 Src-osrc corr  13   8 o,n=   1.33207   2.93384
 Src-osrc corr  14   8 o,n=   2.78660   2.74224
 Src-osrc corr  16   8 o,n=   0.20528   1.24976
 Src-osrc corr   9   1 o,n=  13.34774  12.22912
 Src-osrc corr  10   1 o,n=  10.55468  10.31290
 Src-osrc corr  13   2 o,n=   0.87373   0.90635
 Src-osrc corr  14   2 o,n=   0.88114   1.24196
 Src-osrc corr  15   2 o,n=   0.08047   0.16365
 Src-osrc corr  13   3 o,n=   0.90635   0.93698
 Src-osrc corr  14   3 o,n=   1.24196   1.65363
 Src-osrc corr  15   3 o,n=   0.16365   0.20232
 Src-osrc corr  16   3 o,n=   0.08317   0.10560
 Src-osrc corr  13   4 o,n=   0.93698   1.01049
 Src-osrc corr  14   4 o,n=   1.65363   1.81033
 Src-osrc corr  15   4 o,n=   0.20232   0.32958
 Src-osrc corr  16   4 o,n=   0.10560   0.09343
 Src-osrc corr  13   5 o,n=   1.01049   1.08642
 Src-osrc corr  14   5 o,n=   1.81033   2.04412
 Src-osrc corr  15   5 o,n=   0.32958   0.38293
 Src-osrc corr  16   5 o,n=   0.09343   0.28867
 Src-osrc corr  13   6 o,n=   1.08642   1.24510
 Src-osrc corr  14   6 o,n=   2.04412   2.83765
 Src-osrc corr  15   6 o,n=   0.38293   0.40504
 Src-osrc corr  16   6 o,n=   0.28867   0.12414
 Src-osrc corr  13   7 o,n=   1.24510   1.33207
 Src-osrc corr  14   7 o,n=   2.83765   2.78660
 Src-osrc corr  15   7 o,n=   0.40504   0.44751
 Src-osrc corr  16   7 o,n=   0.12414   0.20528
 Src-osrc corr  13   8 o,n=   1.33207   2.93384
 Src-osrc corr  14   8 o,n=   2.78660   2.74224
 Src-osrc corr  16   8 o,n=   0.20528   1.24976
 Src-osrc corr   9   1 o,n=  13.27137  12.29123
 Src-osrc corr  10   1 o,n=  10.02257   9.85122
 Src-osrc corr  13   2 o,n=   0.85719   0.88769
 Src-osrc corr  14   2 o,n=   0.86749   1.20985
 Src-osrc corr  15   2 o,n=   0.07758   0.15732
 Src-osrc corr  13   3 o,n=   0.88769   0.91631
 Src-osrc corr  14   3 o,n=   1.20985   1.60476
 Src-osrc corr  15   3 o,n=   0.15732   0.19450
 Src-osrc corr  16   3 o,n=   0.08034   0.10247
 Src-osrc corr  13   4 o,n=   0.91631   0.98726
 Src-osrc corr  14   4 o,n=   1.60476   1.75494
 Src-osrc corr  15   4 o,n=   0.19450   0.31778
 Src-osrc corr  16   4 o,n=   0.10247   0.09077
 Src-osrc corr  13   5 o,n=   0.98726   1.05698
 Src-osrc corr  14   5 o,n=   1.75494   1.98040
 Src-osrc corr  15   5 o,n=   0.31778   0.36973
 Src-osrc corr  16   5 o,n=   0.09077   0.27903
 Src-osrc corr  13   6 o,n=   1.05698   1.20907
 Src-osrc corr  14   6 o,n=   1.98040   2.75081
 Src-osrc corr  15   6 o,n=   0.36973   0.39116
 Src-osrc corr  16   6 o,n=   0.27903   0.12039
 Src-osrc corr  13   7 o,n=   1.20907   1.29289
 Src-osrc corr  14   7 o,n=   2.75081   2.70107
 Src-osrc corr  15   7 o,n=   0.39116   0.43083
 Src-osrc corr  16   7 o,n=   0.12039   0.19877
 Src-osrc corr  13   8 o,n=   1.29289   2.82559
 Src-osrc corr  14   8 o,n=   2.70107   2.65775
 Src-osrc corr  16   8 o,n=   0.19877   1.20097
 Psi(EL) renorm. by  8.15E-01 1.28E-02, Conv =  0.35466 %
 Src-osrc corr   9   1 o,n=  13.92804  12.98987
 Src-osrc corr  10   1 o,n=  10.53858  10.42079
 Src-osrc corr  13   2 o,n=   0.83247   0.86229
 Src-osrc corr  14   2 o,n=   0.84895   1.18464
 Src-osrc corr  15   2 o,n=   0.07727   0.15553
 Src-osrc corr  13   3 o,n=   0.86229   0.89067
 Src-osrc corr  14   3 o,n=   1.18464   1.57355
 Src-osrc corr  15   3 o,n=   0.15553   0.19212
 Src-osrc corr  16   3 o,n=   0.07853   0.10055
 Src-osrc corr  13   4 o,n=   0.89067   0.96159
 Src-osrc corr  14   4 o,n=   1.57355   1.72225
 Src-osrc corr  15   4 o,n=   0.19212   0.31395
 Src-osrc corr  16   4 o,n=   0.10055   0.08891
 Src-osrc corr  13   5 o,n=   0.96159   1.03134
 Src-osrc corr  14   5 o,n=   1.72225   1.94583
 Src-osrc corr  15   5 o,n=   0.31395   0.36546
 Src-osrc corr  16   5 o,n=   0.08891   0.27554
 Src-osrc corr  13   6 o,n=   1.03134   1.18296
 Src-osrc corr  14   6 o,n=   1.94583   2.71176
 Src-osrc corr  15   6 o,n=   0.36546   0.38670
 Src-osrc corr  16   6 o,n=   0.27554   0.11833
 Src-osrc corr  13   7 o,n=   1.18296   1.26690
 Src-osrc corr  14   7 o,n=   2.71176   2.66298
 Src-osrc corr  15   7 o,n=   0.38670   0.42830
 Src-osrc corr  16   7 o,n=   0.11833   0.19636
 Src-osrc corr  13   8 o,n=   1.26690   2.80826
 Src-osrc corr  14   8 o,n=   2.66298   2.62150
 Src-osrc corr  16   8 o,n=   0.19636   1.19667
 Src-osrc corr   9   1 o,n=  13.80501  12.85688
 Src-osrc corr  10   1 o,n=  10.44067  10.31082
 Src-osrc corr  13   2 o,n=   0.83238   0.86247
 Src-osrc corr  14   2 o,n=   0.84866   1.18663
 Src-osrc corr  15   2 o,n=   0.07731   0.15595
 Src-osrc corr  13   3 o,n=   0.86247   0.89108
 Src-osrc corr  14   3 o,n=   1.18663   1.57732
 Src-osrc corr  15   3 o,n=   0.15595   0.19269
 Src-osrc corr  16   3 o,n=   0.07855   0.10069
 Src-osrc corr  13   4 o,n=   0.89108   0.96218
 Src-osrc corr  14   4 o,n=   1.57732   1.72641
 Src-osrc corr  15   4 o,n=   0.19269   0.31475
 Src-osrc corr  16   4 o,n=   0.10069   0.08904
 Src-osrc corr  13   5 o,n=   0.96218   1.03251
 Src-osrc corr  14   5 o,n=   1.72641   1.95043
 Src-osrc corr  15   5 o,n=   0.31475   0.36633
 Src-osrc corr  16   5 o,n=   0.08904   0.27617
 Src-osrc corr  13   6 o,n=   1.03251   1.18461
 Src-osrc corr  14   6 o,n=   1.95043   2.71744
 Src-osrc corr  15   6 o,n=   0.36633   0.38762
 Src-osrc corr  16   6 o,n=   0.27617   0.11857
 Src-osrc corr  13   7 o,n=   1.18461   1.26885
 Src-osrc corr  14   7 o,n=   2.71744   2.66843
 Src-osrc corr  15   7 o,n=   0.38762   0.42909
 Src-osrc corr  16   7 o,n=   0.11857   0.19669
 Src-osrc corr  13   8 o,n=   1.26885   2.81292
 Src-osrc corr  14   8 o,n=   2.66843   2.62660
 Src-osrc corr  16   8 o,n=   0.19669   1.19913
 Src-osrc corr   9   1 o,n=  13.73721  12.80143
 Src-osrc corr  10   1 o,n=  10.33690  10.21053
 Src-osrc corr  13   2 o,n=   0.82914   0.85924
 Src-osrc corr  14   2 o,n=   0.84605   1.18355
 Src-osrc corr  15   2 o,n=   0.07699   0.15545
 Src-osrc corr  13   3 o,n=   0.85924   0.88784
 Src-osrc corr  14   3 o,n=   1.18355   1.57337
 Src-osrc corr  15   3 o,n=   0.15545   0.19210
 Src-osrc corr  16   3 o,n=   0.07820   0.10036
 Src-osrc corr  13   4 o,n=   0.88784   0.95831
 Src-osrc corr  14   4 o,n=   1.57337   1.72203
 Src-osrc corr  15   4 o,n=   0.19210   0.31383
 Src-osrc corr  16   4 o,n=   0.10036   0.08877
 Src-osrc corr  13   5 o,n=   0.95831   1.02911
 Src-osrc corr  14   5 o,n=   1.72203   1.94536
 Src-osrc corr  15   5 o,n=   0.31383   0.36525
 Src-osrc corr  16   5 o,n=   0.08877   0.27526
 Src-osrc corr  13   6 o,n=   1.02911   1.18070
 Src-osrc corr  14   6 o,n=   1.94536   2.70993
 Src-osrc corr  15   6 o,n=   0.36525   0.38647
 Src-osrc corr  16   6 o,n=   0.27526   0.11821
 Src-osrc corr  13   7 o,n=   1.18070   1.26424
 Src-osrc corr  14   7 o,n=   2.70993   2.66121
 Src-osrc corr  15   7 o,n=   0.38647   0.42765
 Src-osrc corr  16   7 o,n=   0.11821   0.19604
 Src-osrc corr  13   8 o,n=   1.26424   2.80162
 Src-osrc corr  14   8 o,n=   2.66121   2.61961
 Src-osrc corr  16   8 o,n=   0.19604   1.19423
 Src-osrc corr   9   1 o,n=  13.77518  12.84315
 Src-osrc corr  10   1 o,n=  10.36475  10.24234
 Src-osrc corr  13   2 o,n=   0.82877   0.85875
 Src-osrc corr  14   2 o,n=   0.84547   1.18206
 Src-osrc corr  15   2 o,n=   0.07694   0.15524
 Src-osrc corr  13   3 o,n=   0.85875   0.88725
 Src-osrc corr  14   3 o,n=   1.18206   1.57113
 Src-osrc corr  15   3 o,n=   0.15524   0.19183
 Src-osrc corr  16   3 o,n=   0.07817   0.10027
 Src-osrc corr  13   4 o,n=   0.88725   0.95771
 Src-osrc corr  14   4 o,n=   1.57113   1.71961
 Src-osrc corr  15   4 o,n=   0.19183   0.31342
 Src-osrc corr  16   4 o,n=   0.10027   0.08868
 Src-osrc corr  13   5 o,n=   0.95771   1.02813
 Src-osrc corr  14   5 o,n=   1.71961   1.94270
 Src-osrc corr  15   5 o,n=   0.31342   0.36479
 Src-osrc corr  16   5 o,n=   0.08868   0.27491
 Src-osrc corr  13   6 o,n=   1.02813   1.17949
 Src-osrc corr  14   6 o,n=   1.94270   2.70658
 Src-osrc corr  15   6 o,n=   0.36479   0.38599
 Src-osrc corr  16   6 o,n=   0.27491   0.11805
 Src-osrc corr  13   7 o,n=   1.17949   1.26292
 Src-osrc corr  14   7 o,n=   2.70658   2.65801
 Src-osrc corr  15   7 o,n=   0.38599   0.42731
 Src-osrc corr  16   7 o,n=   0.11805   0.19585
 Src-osrc corr  13   8 o,n=   1.26292   2.79975
 Src-osrc corr  14   8 o,n=   2.65801   2.61665
 Src-osrc corr  16   8 o,n=   0.19585   1.19327
 Reaction Xsec     3.0-/ 3 @ 1 =    64.438 , Out:   0.000#   2.802    2.101    0.000#   0.014    0.112/  59.520f

 Total SPIN, PARITY =     4.0 +,     16 chs,     16 cc.  Rmin & Coul turning =    0.6    4.5
 Src-osrc corr   9   1 o,n=  12.46919  10.70087
 Src-osrc corr  10   1 o,n=  11.83356  10.34652
 Src-osrc corr  13   2 o,n=   0.15243   0.20065
 Src-osrc corr  14   2 o,n=   0.24137   0.53354
 Src-osrc corr  15   2 o,n=   0.02049   0.09631
 Src-osrc corr  13   3 o,n=   0.20065   0.21802
 Src-osrc corr  14   3 o,n=   0.53354   0.75344
 Src-osrc corr  15   3 o,n=   0.09631   0.11179
 Src-osrc corr  16   3 o,n=   0.02866   0.04356
 Src-osrc corr  13   4 o,n=   0.21802   0.27680
 Src-osrc corr  14   4 o,n=   0.75344   0.67712
 Src-osrc corr  15   4 o,n=   0.11179   0.08158
 Src-osrc corr  16   4 o,n=   0.04356   0.04837
 Src-osrc corr  13   5 o,n=   0.27680   0.20349
 Src-osrc corr  14   5 o,n=   0.67712   0.54040
 Src-osrc corr  15   5 o,n=   0.08158   0.09137
 Src-osrc corr  16   5 o,n=   0.04837   0.16363
 Src-osrc corr  13   6 o,n=   0.20349   0.25355
 Src-osrc corr  14   6 o,n=   0.54040   0.59079
 Src-osrc corr  15   6 o,n=   0.09137   0.09461
 Src-osrc corr  16   6 o,n=   0.16363   0.09832
 Src-osrc corr  13   7 o,n=   0.25355   0.46068
 Src-osrc corr  14   7 o,n=   0.59079   0.63411
 Src-osrc corr  15   7 o,n=   0.09461   0.25198
 Src-osrc corr  16   7 o,n=   0.09832   0.10001
 Src-osrc corr  13   8 o,n=   0.46068   2.45858
 Src-osrc corr  14   8 o,n=   0.63411   0.94652
 Src-osrc corr  16   8 o,n=   0.10001   1.11125
 Src-osrc corr   9   1 o,n=  12.46919  10.70087
 Src-osrc corr  10   1 o,n=  11.83356  10.34652
 Src-osrc corr  13   2 o,n=   0.15243   0.20065
 Src-osrc corr  14   2 o,n=   0.24137   0.53354
 Src-osrc corr  15   2 o,n=   0.02049   0.09631
 Src-osrc corr  13   3 o,n=   0.20065   0.21802
 Src-osrc corr  14   3 o,n=   0.53354   0.75344
 Src-osrc corr  15   3 o,n=   0.09631   0.11179
 Src-osrc corr  16   3 o,n=   0.02866   0.04356
 Src-osrc corr  13   4 o,n=   0.21802   0.27680
 Src-osrc corr  14   4 o,n=   0.75344   0.67712
 Src-osrc corr  15   4 o,n=   0.11179   0.08158
 Src-osrc corr  16   4 o,n=   0.04356   0.04837
 Src-osrc corr  13   5 o,n=   0.27680   0.20349
 Src-osrc corr  14   5 o,n=   0.67712   0.54040
 Src-osrc corr  15   5 o,n=   0.08158   0.09137
 Src-osrc corr  16   5 o,n=   0.04837   0.16363
 Src-osrc corr  13   6 o,n=   0.20349   0.25355
 Src-osrc corr  14   6 o,n=   0.54040   0.59079
 Src-osrc corr  15   6 o,n=   0.09137   0.09461
 Src-osrc corr  16   6 o,n=   0.16363   0.09832
 Src-osrc corr  13   7 o,n=   0.25355   0.46068
 Src-osrc corr  14   7 o,n=   0.59079   0.63411
 Src-osrc corr  15   7 o,n=   0.09461   0.25198
 Src-osrc corr  16   7 o,n=   0.09832   0.10001
 Src-osrc corr  13   8 o,n=   0.46068   2.45858
 Src-osrc corr  14   8 o,n=   0.63411   0.94652
 Src-osrc corr  16   8 o,n=   0.10001   1.11125
 Src-osrc corr   9   1 o,n=  12.17441  10.43531
 Src-osrc corr  10   1 o,n=  11.53219  10.06985
 Src-osrc corr  13   2 o,n=   0.15546   0.20230
 Src-osrc corr  14   2 o,n=   0.24116   0.52713
 Src-osrc corr  15   2 o,n=   0.01999   0.09492
 Src-osrc corr  13   3 o,n=   0.20230   0.21926
 Src-osrc corr  14   3 o,n=   0.52713   0.74401
 Src-osrc corr  15   3 o,n=   0.09492   0.11020
 Src-osrc corr  16   3 o,n=   0.02889   0.04321
 Src-osrc corr  13   4 o,n=   0.21926   0.27764
 Src-osrc corr  14   4 o,n=   0.74401   0.66773
 Src-osrc corr  15   4 o,n=   0.11020   0.08017
 Src-osrc corr  16   4 o,n=   0.04321   0.04797
 Src-osrc corr  13   5 o,n=   0.27764   0.20346
 Src-osrc corr  14   5 o,n=   0.66773   0.53125
 Src-osrc corr  15   5 o,n=   0.08017   0.09019
 Src-osrc corr  16   5 o,n=   0.04797   0.16234
 Src-osrc corr  13   6 o,n=   0.20346   0.25301
 Src-osrc corr  14   6 o,n=   0.53125   0.58386
 Src-osrc corr  15   6 o,n=   0.09019   0.09346
 Src-osrc corr  16   6 o,n=   0.16234   0.09754
 Src-osrc corr  13   7 o,n=   0.25301   0.45833
 Src-osrc corr  14   7 o,n=   0.58386   0.62506
 Src-osrc corr  15   7 o,n=   0.09346   0.24812
 Src-osrc corr  16   7 o,n=   0.09754   0.09940
 Src-osrc corr  13   8 o,n=   0.45833   2.42590
 Src-osrc corr  14   8 o,n=   0.62506   0.93057
 Src-osrc corr  16   8 o,n=   0.09940   1.09773
 Src-osrc corr   9   1 o,n=  12.44222  10.71302
 Src-osrc corr  10   1 o,n=  11.77681  10.32430
 Src-osrc corr  13   2 o,n=   0.14627   0.19299
 Src-osrc corr  14   2 o,n=   0.24164   0.52866
 Src-osrc corr  15   2 o,n=   0.02017   0.09538
 Src-osrc corr  13   3 o,n=   0.19299   0.21015
 Src-osrc corr  14   3 o,n=   0.52866   0.74650
 Src-osrc corr  15   3 o,n=   0.09538   0.11072
 Src-osrc corr  16   3 o,n=   0.02781   0.04303
 Src-osrc corr  13   4 o,n=   0.21015   0.26894
 Src-osrc corr  14   4 o,n=   0.74650   0.66983
 Src-osrc corr  15   4 o,n=   0.11072   0.08012
 Src-osrc corr  16   4 o,n=   0.04303   0.04790
 Src-osrc corr  13   5 o,n=   0.26894   0.19759
 Src-osrc corr  14   5 o,n=   0.66983   0.53122
 Src-osrc corr  15   5 o,n=   0.08012   0.08973
 Src-osrc corr  16   5 o,n=   0.04790   0.16221
 Src-osrc corr  13   6 o,n=   0.19759   0.24755
 Src-osrc corr  14   6 o,n=   0.53122   0.58075
 Src-osrc corr  15   6 o,n=   0.08973   0.09295
 Src-osrc corr  16   6 o,n=   0.16221   0.09751
 Src-osrc corr  13   7 o,n=   0.24755   0.45463
 Src-osrc corr  14   7 o,n=   0.58075   0.62295
 Src-osrc corr  15   7 o,n=   0.09295   0.24868
 Src-osrc corr  16   7 o,n=   0.09751   0.09882
 Src-osrc corr  13   8 o,n=   0.45463   2.43245
 Src-osrc corr  14   8 o,n=   0.62295   0.93198
 Src-osrc corr  16   8 o,n=   0.09882   1.10025
 Src-osrc corr   9   1 o,n=  12.43801  10.70704
 Src-osrc corr  10   1 o,n=  11.77415  10.32005
 Src-osrc corr  13   2 o,n=   0.14630   0.19303
 Src-osrc corr  14   2 o,n=   0.24182   0.52901
 Src-osrc corr  15   2 o,n=   0.02019   0.09545
 Src-osrc corr  13   3 o,n=   0.19303   0.21020
 Src-osrc corr  14   3 o,n=   0.52901   0.74701
 Src-osrc corr  15   3 o,n=   0.09545   0.11080
 Src-osrc corr  16   3 o,n=   0.02782   0.04307
 Src-osrc corr  13   4 o,n=   0.21020   0.26901
 Src-osrc corr  14   4 o,n=   0.74701   0.67033
 Src-osrc corr  15   4 o,n=   0.11080   0.08018
 Src-osrc corr  16   4 o,n=   0.04307   0.04794
 Src-osrc corr  13   5 o,n=   0.26901   0.19764
 Src-osrc corr  14   5 o,n=   0.67033   0.53165
 Src-osrc corr  15   5 o,n=   0.08018   0.08978
 Src-osrc corr  16   5 o,n=   0.04794   0.16229
 Src-osrc corr  13   6 o,n=   0.19764   0.24763
 Src-osrc corr  14   6 o,n=   0.53165   0.58106
 Src-osrc corr  15   6 o,n=   0.08978   0.09299
 Src-osrc corr  16   6 o,n=   0.16229   0.09756
 Src-osrc corr  13   7 o,n=   0.24763   0.45486
 Src-osrc corr  14   7 o,n=   0.58106   0.62335
 Src-osrc corr  15   7 o,n=   0.09299   0.24887
 Src-osrc corr  16   7 o,n=   0.09756   0.09886
 Src-osrc corr  13   8 o,n=   0.45486   2.43404
 Src-osrc corr  14   8 o,n=   0.62335   0.93272
 Src-osrc corr  16   8 o,n=   0.09886   1.10093
 Src-osrc corr   9   1 o,n=  12.41022  10.68021
 Src-osrc corr  10   1 o,n=  11.74729  10.29394
 Src-osrc corr  13   2 o,n=   0.14634   0.19311
 Src-osrc corr  14   2 o,n=   0.24163   0.52865
 Src-osrc corr  15   2 o,n=   0.02017   0.09538
 Src-osrc corr  13   3 o,n=   0.19311   0.21027
 Src-osrc corr  14   3 o,n=   0.52865   0.74648
 Src-osrc corr  15   3 o,n=   0.09538   0.11071
 Src-osrc corr  16   3 o,n=   0.02782   0.04303
 Src-osrc corr  13   4 o,n=   0.21027   0.26903
 Src-osrc corr  14   4 o,n=   0.74648   0.66986
 Src-osrc corr  15   4 o,n=   0.11071   0.08013
 Src-osrc corr  16   4 o,n=   0.04303   0.04789
 Src-osrc corr  13   5 o,n=   0.26903   0.19767
 Src-osrc corr  14   5 o,n=   0.66986   0.53131
 Src-osrc corr  15   5 o,n=   0.08013   0.08973
 Src-osrc corr  16   5 o,n=   0.04789   0.16219
 Src-osrc corr  13   6 o,n=   0.19767   0.24761
 Src-osrc corr  14   6 o,n=   0.53131   0.58077
 Src-osrc corr  15   6 o,n=   0.08973   0.09295
 Src-osrc corr  16   6 o,n=   0.16219   0.09749
 Src-osrc corr  13   7 o,n=   0.24761   0.45459
 Src-osrc corr  14   7 o,n=   0.58077   0.62299
 Src-osrc corr  15   7 o,n=   0.09295   0.24869
 Src-osrc corr  16   7 o,n=   0.09749   0.09882
 Src-osrc corr  13   8 o,n=   0.45459   2.43229
 Src-osrc corr  14   8 o,n=   0.62299   0.93204
 Src-osrc corr  16   8 o,n=   0.09882   1.10016
 Src-osrc corr   9   1 o,n=  12.41690  10.68756
 Src-osrc corr  10   1 o,n=  11.75317  10.30043
 Src-osrc corr  13   2 o,n=   0.14630   0.19301
 Src-osrc corr  14   2 o,n=   0.24162   0.52851
 Src-osrc corr  15   2 o,n=   0.02017   0.09535
 Src-osrc corr  13   3 o,n=   0.19301   0.21016
 Src-osrc corr  14   3 o,n=   0.52851   0.74627
 Src-osrc corr  15   3 o,n=   0.09535   0.11068
 Src-osrc corr  16   3 o,n=   0.02781   0.04302
 Src-osrc corr  13   4 o,n=   0.21016   0.26890
 Src-osrc corr  14   4 o,n=   0.74627   0.66967
 Src-osrc corr  15   4 o,n=   0.11068   0.08010
 Src-osrc corr  16   4 o,n=   0.04302   0.04789
 Src-osrc corr  13   5 o,n=   0.26890   0.19756
 Src-osrc corr  14   5 o,n=   0.66967   0.53112
 Src-osrc corr  15   5 o,n=   0.08010   0.08969
 Src-osrc corr  16   5 o,n=   0.04789   0.16213
 Src-osrc corr  13   6 o,n=   0.19756   0.24749
 Src-osrc corr  14   6 o,n=   0.53112   0.58051
 Src-osrc corr  15   6 o,n=   0.08969   0.09290
 Src-osrc corr  16   6 o,n=   0.16213   0.09746
 Src-osrc corr  13   7 o,n=   0.24749   0.45446
 Src-osrc corr  14   7 o,n=   0.58051   0.62274
 Src-osrc corr  15   7 o,n=   0.09290   0.24863
 Src-osrc corr  16   7 o,n=   0.09746   0.09878
 Src-osrc corr  13   8 o,n=   0.45446   2.43177
 Src-osrc corr  14   8 o,n=   0.62274   0.93180
 Src-osrc corr  16   8 o,n=   0.09878   1.09990
 Reaction Xsec     4.0+/ 4 @ 1 =    74.617 , Out:   0.000#   0.099    3.281    0.000#   0.595/   9.796#  71.236f

 Total SPIN, PARITY =     4.0 -,     18 chs,     18 cc.  Rmin & Coul turning =    0.6    4.5
 Src-osrc corr  11   1 o,n=  14.50778  14.25287
 Src-osrc corr  15   3 o,n=   1.38626   1.41646
 Src-osrc corr  17   3 o,n=   0.13286   0.25322
 Src-osrc corr  15   4 o,n=   1.41646   1.42267
 Src-osrc corr  16   4 o,n=   0.00242   0.08163
 Src-osrc corr  17   4 o,n=   0.25322   0.25750
 Src-osrc corr  15   5 o,n=   1.42267   1.45933
 Src-osrc corr  16   5 o,n=   0.08163   0.14423
 Src-osrc corr  17   5 o,n=   0.25750   0.35431
 Src-osrc corr  18   5 o,n=   0.00035   0.02701
 Src-osrc corr  15   6 o,n=   1.45933   1.58277
 Src-osrc corr  16   6 o,n=   0.14423   0.00251
 Src-osrc corr  17   6 o,n=   0.35431   0.56402
 Src-osrc corr  18   6 o,n=   0.02701   0.00037
 Src-osrc corr  15   7 o,n=   1.58277   1.58445
 Src-osrc corr  16   7 o,n=   0.00251   0.07048
 Src-osrc corr  17   7 o,n=   0.56402   0.56189
 Src-osrc corr  18   7 o,n=   0.00037   0.01518
 Src-osrc corr  15   8 o,n=   1.58445   1.59405
 Src-osrc corr  16   8 o,n=   0.07048   0.27296
 Src-osrc corr  17   8 o,n=   0.56189   0.56039
 Src-osrc corr  18   8 o,n=   0.01518   0.05662
 Src-osrc corr  15   9 o,n=   1.59405   4.23846
 Src-osrc corr  16   9 o,n=   0.27296   0.00258
 Src-osrc corr  18   9 o,n=   0.05662   0.01434
 Src-osrc corr  11   1 o,n=  14.50778  14.25287
 Src-osrc corr  15   3 o,n=   1.38626   1.41646
 Src-osrc corr  17   3 o,n=   0.13286   0.25322
 Src-osrc corr  15   4 o,n=   1.41646   1.42267
 Src-osrc corr  16   4 o,n=   0.00242   0.08163
 Src-osrc corr  17   4 o,n=   0.25322   0.25750
 Src-osrc corr  15   5 o,n=   1.42267   1.45933
 Src-osrc corr  16   5 o,n=   0.08163   0.14423
 Src-osrc corr  17   5 o,n=   0.25750   0.35431
 Src-osrc corr  18   5 o,n=   0.00035   0.02701
 Src-osrc corr  15   6 o,n=   1.45933   1.58277
 Src-osrc corr  16   6 o,n=   0.14423   0.00251
 Src-osrc corr  17   6 o,n=   0.35431   0.56402
 Src-osrc corr  18   6 o,n=   0.02701   0.00037
 Src-osrc corr  15   7 o,n=   1.58277   1.58445
 Src-osrc corr  16   7 o,n=   0.00251   0.07048
 Src-osrc corr  17   7 o,n=   0.56402   0.56189
 Src-osrc corr  18   7 o,n=   0.00037   0.01518
 Src-osrc corr  15   8 o,n=   1.58445   1.59405
 Src-osrc corr  16   8 o,n=   0.07048   0.27296
 Src-osrc corr  17   8 o,n=   0.56189   0.56039
 Src-osrc corr  18   8 o,n=   0.01518   0.05662
 Src-osrc corr  15   9 o,n=   1.59405   4.23846
 Src-osrc corr  16   9 o,n=   0.27296   0.00258
 Src-osrc corr  18   9 o,n=   0.05662   0.01434
 Src-osrc corr  11   1 o,n=  14.31782  14.22850
 Src-osrc corr  15   3 o,n=   1.35618   1.38468
 Src-osrc corr  17   3 o,n=   0.12726   0.24146
 Src-osrc corr  15   4 o,n=   1.38468   1.39049
 Src-osrc corr  16   4 o,n=   0.00217   0.07793
 Src-osrc corr  17   4 o,n=   0.24146   0.24552
 Src-osrc corr  15   5 o,n=   1.39049   1.42488
 Src-osrc corr  16   5 o,n=   0.07793   0.13769
 Src-osrc corr  17   5 o,n=   0.24552   0.33839
 Src-osrc corr  18   5 o,n=   0.00033   0.02580
 Src-osrc corr  15   6 o,n=   1.42488   1.53103
 Src-osrc corr  16   6 o,n=   0.13769   0.00231
 Src-osrc corr  17   6 o,n=   0.33839   0.53989
 Src-osrc corr  18   6 o,n=   0.02580   0.00036
 Src-osrc corr  15   7 o,n=   1.53103   1.53253
 Src-osrc corr  16   7 o,n=   0.00231   0.06717
 Src-osrc corr  17   7 o,n=   0.53989   0.53791
 Src-osrc corr  18   7 o,n=   0.00036   0.01449
 Src-osrc corr  15   8 o,n=   1.53253   1.54123
 Src-osrc corr  16   8 o,n=   0.06717   0.26054
 Src-osrc corr  17   8 o,n=   0.53791   0.53689
 Src-osrc corr  18   8 o,n=   0.01449   0.05407
 Src-osrc corr  15   9 o,n=   1.54123   4.04348
 Src-osrc corr  16   9 o,n=   0.26054   0.00248
 Src-osrc corr  18   9 o,n=   0.05407   0.01371
 Src-osrc corr  16  10 o,n=   0.00248   0.00248
 Src-osrc corr  18  10 o,n=   0.01371   0.01371
 Psi(EL) renorm. by  8.91E-01 1.41E-02, Conv =  0.66274 %
 Src-osrc corr  11   1 o,n=  15.22265  15.19720
 Src-osrc corr  15   3 o,n=   1.30975   1.33628
 Src-osrc corr  17   3 o,n=   0.12604   0.23715
 Src-osrc corr  15   4 o,n=   1.33628   1.34215
 Src-osrc corr  16   4 o,n=   0.00226   0.07670
 Src-osrc corr  17   4 o,n=   0.23715   0.24114
 Src-osrc corr  15   5 o,n=   1.34215   1.37680
 Src-osrc corr  16   5 o,n=   0.07670   0.13536
 Src-osrc corr  17   5 o,n=   0.24114   0.33286
 Src-osrc corr  18   5 o,n=   0.00034   0.02535
 Src-osrc corr  15   6 o,n=   1.37680   1.48342
 Src-osrc corr  16   6 o,n=   0.13536   0.00238
 Src-osrc corr  17   6 o,n=   0.33286   0.53218
 Src-osrc corr  18   6 o,n=   0.02535   0.00037
 Src-osrc corr  15   7 o,n=   1.48342   1.48491
 Src-osrc corr  16   7 o,n=   0.00238   0.06662
 Src-osrc corr  17   7 o,n=   0.53218   0.53023
 Src-osrc corr  18   7 o,n=   0.00037   0.01437
 Src-osrc corr  15   8 o,n=   1.48491   1.49357
 Src-osrc corr  16   8 o,n=   0.06662   0.25854
 Src-osrc corr  17   8 o,n=   0.53023   0.53021
 Src-osrc corr  18   8 o,n=   0.01437   0.05360
 Src-osrc corr  15   9 o,n=   1.49357   4.01314
 Src-osrc corr  16   9 o,n=   0.25854   0.00253
 Src-osrc corr  18   9 o,n=   0.05360   0.01357
 Src-osrc corr  16  10 o,n=   0.00253   0.00253
 Src-osrc corr  18  10 o,n=   0.01357   0.01357
 Src-osrc corr  11   1 o,n=  14.99321  14.95045
 Src-osrc corr  15   3 o,n=   1.30870   1.33568
 Src-osrc corr  17   3 o,n=   0.12611   0.23807
 Src-osrc corr  15   4 o,n=   1.33568   1.34158
 Src-osrc corr  16   4 o,n=   0.00228   0.07713
 Src-osrc corr  17   4 o,n=   0.23807   0.24208
 Src-osrc corr  15   5 o,n=   1.34158   1.37637
 Src-osrc corr  16   5 o,n=   0.07713   0.13611
 Src-osrc corr  17   5 o,n=   0.24208   0.33402
 Src-osrc corr  18   5 o,n=   0.00034   0.02549
 Src-osrc corr  15   6 o,n=   1.37637   1.48536
 Src-osrc corr  16   6 o,n=   0.13611   0.00240
 Src-osrc corr  17   6 o,n=   0.33402   0.53388
 Src-osrc corr  18   6 o,n=   0.02549   0.00037
 Src-osrc corr  15   7 o,n=   1.48536   1.48688
 Src-osrc corr  16   7 o,n=   0.00240   0.06682
 Src-osrc corr  17   7 o,n=   0.53388   0.53190
 Src-osrc corr  18   7 o,n=   0.00037   0.01441
 Src-osrc corr  15   8 o,n=   1.48688   1.49564
 Src-osrc corr  16   8 o,n=   0.06682   0.25929
 Src-osrc corr  17   8 o,n=   0.53190   0.53159
 Src-osrc corr  18   8 o,n=   0.01441   0.05376
 Src-osrc corr  15   9 o,n=   1.49564   4.02072
 Src-osrc corr  16   9 o,n=   0.25929   0.00254
 Src-osrc corr  18   9 o,n=   0.05376   0.01360
 Src-osrc corr  16  10 o,n=   0.00254   0.00254
 Src-osrc corr  18  10 o,n=   0.01360   0.01360
 Src-osrc corr  11   1 o,n=  14.87586  14.84654
 Src-osrc corr  15   3 o,n=   1.30230   1.32947
 Src-osrc corr  17   3 o,n=   0.12548   0.23726
 Src-osrc corr  15   4 o,n=   1.32947   1.33531
 Src-osrc corr  16   4 o,n=   0.00222   0.07683
 Src-osrc corr  17   4 o,n=   0.23726   0.24126
 Src-osrc corr  15   5 o,n=   1.33531   1.36975
 Src-osrc corr  16   5 o,n=   0.07683   0.13564
 Src-osrc corr  17   5 o,n=   0.24126   0.33289
 Src-osrc corr  18   5 o,n=   0.00033   0.02540
 Src-osrc corr  15   6 o,n=   1.36975   1.47990
 Src-osrc corr  16   6 o,n=   0.13564   0.00234
 Src-osrc corr  17   6 o,n=   0.33289   0.53200
 Src-osrc corr  18   6 o,n=   0.02540   0.00036
 Src-osrc corr  15   7 o,n=   1.47990   1.48138
 Src-osrc corr  16   7 o,n=   0.00234   0.06652
 Src-osrc corr  17   7 o,n=   0.53200   0.53004
 Src-osrc corr  18   7 o,n=   0.00036   0.01435
 Src-osrc corr  15   8 o,n=   1.48138   1.48998
 Src-osrc corr  16   8 o,n=   0.06652   0.25813
 Src-osrc corr  17   8 o,n=   0.53004   0.52978
 Src-osrc corr  18   8 o,n=   0.01435   0.05353
 Src-osrc corr  15   9 o,n=   1.48998   4.00055
 Src-osrc corr  16   9 o,n=   0.25813   0.00249
 Src-osrc corr  18   9 o,n=   0.05353   0.01354
 Src-osrc corr  16  10 o,n=   0.00249   0.00249
 Src-osrc corr  18  10 o,n=   0.01354   0.01354
 Src-osrc corr  11   1 o,n=  14.93232  14.90787
 Src-osrc corr  15   3 o,n=   1.30222   1.32919
 Src-osrc corr  17   3 o,n=   0.12536   0.23680
 Src-osrc corr  15   4 o,n=   1.32919   1.33502
 Src-osrc corr  16   4 o,n=   0.00224   0.07667
 Src-osrc corr  17   4 o,n=   0.23680   0.24079
 Src-osrc corr  15   5 o,n=   1.33502   1.36944
 Src-osrc corr  16   5 o,n=   0.07667   0.13533
 Src-osrc corr  17   5 o,n=   0.24079   0.33232
 Src-osrc corr  18   5 o,n=   0.00034   0.02535
 Src-osrc corr  15   6 o,n=   1.36944   1.47840
 Src-osrc corr  16   6 o,n=   0.13533   0.00236
 Src-osrc corr  17   6 o,n=   0.33232   0.53117
 Src-osrc corr  18   6 o,n=   0.02535   0.00036
 Src-osrc corr  15   7 o,n=   1.47840   1.47987
 Src-osrc corr  16   7 o,n=   0.00236   0.06643
 Src-osrc corr  17   7 o,n=   0.53117   0.52922
 Src-osrc corr  18   7 o,n=   0.00036   0.01433
 Src-osrc corr  15   8 o,n=   1.47987   1.48844
 Src-osrc corr  16   8 o,n=   0.06643   0.25781
 Src-osrc corr  17   8 o,n=   0.52922   0.52912
 Src-osrc corr  18   8 o,n=   0.01433   0.05346
 Src-osrc corr  15   9 o,n=   1.48844   3.99792
 Src-osrc corr  16   9 o,n=   0.25781   0.00251
 Src-osrc corr  18   9 o,n=   0.05346   0.01353
 Src-osrc corr  16  10 o,n=   0.00251   0.00251
 Src-osrc corr  18  10 o,n=   0.01353   0.01353
 Src-osrc corr  11   1 o,n=  14.89805  14.86939
 Src-osrc corr  15   3 o,n=   1.30267   1.32970
 Src-osrc corr  17   3 o,n=   0.12541   0.23699
 Src-osrc corr  15   4 o,n=   1.32970   1.33554
 Src-osrc corr  16   4 o,n=   0.00224   0.07674
 Src-osrc corr  17   4 o,n=   0.23699   0.24099
 Src-osrc corr  15   5 o,n=   1.33554   1.36999
 Src-osrc corr  16   5 o,n=   0.07674   0.13546
 Src-osrc corr  17   5 o,n=   0.24099   0.33257
 Src-osrc corr  18   5 o,n=   0.00034   0.02537
 Src-osrc corr  15   6 o,n=   1.36999   1.47925
 Src-osrc corr  16   6 o,n=   0.13546   0.00236
 Src-osrc corr  17   6 o,n=   0.33257   0.53153
 Src-osrc corr  18   6 o,n=   0.02537   0.00036
 Src-osrc corr  15   7 o,n=   1.47925   1.48072
 Src-osrc corr  16   7 o,n=   0.00236   0.06648
 Src-osrc corr  17   7 o,n=   0.53153   0.52958
 Src-osrc corr  18   7 o,n=   0.00036   0.01434
 Src-osrc corr  15   8 o,n=   1.48072   1.48932
 Src-osrc corr  16   8 o,n=   0.06648   0.25797
 Src-osrc corr  17   8 o,n=   0.52958   0.52942
 Src-osrc corr  18   8 o,n=   0.01434   0.05349
 Src-osrc corr  15   9 o,n=   1.48932   4.00000
 Src-osrc corr  16   9 o,n=   0.25797   0.00251
 Src-osrc corr  18   9 o,n=   0.05349   0.01354
 Src-osrc corr  16  10 o,n=   0.00251   0.00251
 Src-osrc corr  18  10 o,n=   0.01354   0.01354
 Reaction Xsec     4.0-/ 3 @ 1 =    81.905 , Out:   0.000#   3.034    1.630    0.000#   0.019    0.203/  77.222f
 Src-osrc corr  12   2 o,n=  12.67514   9.73159
 Src-osrc corr  15   4 o,n=   0.01098   0.03088
 Src-osrc corr  16   4 o,n=   0.14858   0.44223
 Src-osrc corr  17   4 o,n=   0.00163   0.02582
 Src-osrc corr  15   5 o,n=   0.03088   0.02075
 Src-osrc corr  16   5 o,n=   0.44223   0.53362
 Src-osrc corr  17   5 o,n=   0.02582   0.00486
 Src-osrc corr  18   5 o,n=   0.01297   0.01413
 Src-osrc corr  15   6 o,n=   0.02075   0.01010
 Src-osrc corr  16   6 o,n=   0.53362   0.53897
 Src-osrc corr  17   6 o,n=   0.00486   0.00149
 Src-osrc corr  18   6 o,n=   0.01413   0.01488
 Src-osrc corr  15   7 o,n=   0.01010   0.14349
 Src-osrc corr  16   7 o,n=   0.53897   0.49267
 Src-osrc corr  17   7 o,n=   0.00149   0.12052
 Src-osrc corr  18   7 o,n=   0.01488   0.05561
 Src-osrc corr  15   8 o,n=   0.14349   0.10195
 Src-osrc corr  16   8 o,n=   0.49267   0.53266
 Src-osrc corr  17   8 o,n=   0.12052   0.00151
 Src-osrc corr  18   8 o,n=   0.05561   0.04623
 Src-osrc corr  15   9 o,n=   0.10195   0.01042
 Src-osrc corr  16   9 o,n=   0.53266   0.53413
 Src-osrc corr  18   9 o,n=   0.04623   0.04587
 Src-osrc corr  16  10 o,n=   0.53413   0.83613
 Src-osrc corr  18  10 o,n=   0.04587   0.48269
 Src-osrc corr  12   2 o,n=  12.67514   9.73159
 Src-osrc corr  15   4 o,n=   0.01098   0.03088
 Src-osrc corr  16   4 o,n=   0.14858   0.44223
 Src-osrc corr  17   4 o,n=   0.00163   0.02582
 Src-osrc corr  15   5 o,n=   0.03088   0.02075
 Src-osrc corr  16   5 o,n=   0.44223   0.53362
 Src-osrc corr  17   5 o,n=   0.02582   0.00486
 Src-osrc corr  18   5 o,n=   0.01297   0.01413
 Src-osrc corr  15   6 o,n=   0.02075   0.01010
 Src-osrc corr  16   6 o,n=   0.53362   0.53897
 Src-osrc corr  17   6 o,n=   0.00486   0.00149
 Src-osrc corr  18   6 o,n=   0.01413   0.01488
 Src-osrc corr  15   7 o,n=   0.01010   0.14349
 Src-osrc corr  16   7 o,n=   0.53897   0.49267
 Src-osrc corr  17   7 o,n=   0.00149   0.12052
 Src-osrc corr  18   7 o,n=   0.01488   0.05561
 Src-osrc corr  15   8 o,n=   0.14349   0.10195
 Src-osrc corr  16   8 o,n=   0.49267   0.53266
 Src-osrc corr  17   8 o,n=   0.12052   0.00151
 Src-osrc corr  18   8 o,n=   0.05561   0.04623
 Src-osrc corr  15   9 o,n=   0.10195   0.01042
 Src-osrc corr  16   9 o,n=   0.53266   0.53413
 Src-osrc corr  18   9 o,n=   0.04623   0.04587
 Src-osrc corr  16  10 o,n=   0.53413   0.83613
 Src-osrc corr  18  10 o,n=   0.04587   0.48269
 Src-osrc corr  12   2 o,n=  12.48581   9.56753
 Src-osrc corr  15   3 o,n=   0.01244   0.01244
 Src-osrc corr  17   3 o,n=   0.00185   0.00185
 Src-osrc corr  15   4 o,n=   0.01244   0.03178
 Src-osrc corr  16   4 o,n=   0.14945   0.44170
 Src-osrc corr  17   4 o,n=   0.00185   0.02590
 Src-osrc corr  15   5 o,n=   0.03178   0.02176
 Src-osrc corr  16   5 o,n=   0.44170   0.53293
 Src-osrc corr  17   5 o,n=   0.02590   0.00497
 Src-osrc corr  18   5 o,n=   0.01296   0.01410
 Src-osrc corr  15   6 o,n=   0.02176   0.01152
 Src-osrc corr  16   6 o,n=   0.53293   0.53827
 Src-osrc corr  17   6 o,n=   0.00497   0.00171
 Src-osrc corr  18   6 o,n=   0.01410   0.01485
 Src-osrc corr  15   7 o,n=   0.01152   0.14426
 Src-osrc corr  16   7 o,n=   0.53827   0.49152
 Src-osrc corr  17   7 o,n=   0.00171   0.12045
 Src-osrc corr  18   7 o,n=   0.01485   0.05560
 Src-osrc corr  15   8 o,n=   0.14426   0.10289
 Src-osrc corr  16   8 o,n=   0.49152   0.53141
 Src-osrc corr  17   8 o,n=   0.12045   0.00175
 Src-osrc corr  18   8 o,n=   0.05560   0.04622
 Src-osrc corr  15   9 o,n=   0.10289   0.01195
 Src-osrc corr  16   9 o,n=   0.53141   0.53289
 Src-osrc corr  18   9 o,n=   0.04622   0.04586
 Src-osrc corr  16  10 o,n=   0.53289   0.83404
 Src-osrc corr  18  10 o,n=   0.04586   0.48161
 Src-osrc corr  11   1 o,n=   1.56024   1.57981
 Src-osrc corr  12   2 o,n=  12.61834   9.69962
 Src-osrc corr  15   3 o,n=   0.11493   0.11512
 Src-osrc corr  17   3 o,n=   0.00467   0.01303
 Src-osrc corr  15   4 o,n=   0.11512   0.12613
 Src-osrc corr  16   4 o,n=   0.14826   0.43572
 Src-osrc corr  17   4 o,n=   0.01303   0.02721
 Src-osrc corr  15   5 o,n=   0.12613   0.12173
 Src-osrc corr  16   5 o,n=   0.43572   0.54427
 Src-osrc corr  17   5 o,n=   0.02721   0.01729
 Src-osrc corr  18   5 o,n=   0.01290   0.01592
 Src-osrc corr  15   6 o,n=   0.12173   0.11428
 Src-osrc corr  16   6 o,n=   0.54427   0.53858
 Src-osrc corr  17   6 o,n=   0.01729   0.02416
 Src-osrc corr  18   6 o,n=   0.01592   0.01487
 Src-osrc corr  15   7 o,n=   0.11428   0.18963
 Src-osrc corr  16   7 o,n=   0.53858   0.49289
 Src-osrc corr  17   7 o,n=   0.02416   0.12550
 Src-osrc corr  18   7 o,n=   0.01487   0.05574
 Src-osrc corr  15   8 o,n=   0.18963   0.15255
 Src-osrc corr  16   8 o,n=   0.49289   0.52398
 Src-osrc corr  17   8 o,n=   0.12550   0.02935
 Src-osrc corr  18   8 o,n=   0.05574   0.04650
 Src-osrc corr  15   9 o,n=   0.15255   0.34778
 Src-osrc corr  16   9 o,n=   0.52398   0.53178
 Src-osrc corr  18   9 o,n=   0.04650   0.04596
 Src-osrc corr  16  10 o,n=   0.53178   0.83366
 Src-osrc corr  18  10 o,n=   0.04596   0.48224
 Src-osrc corr  11   1 o,n=   1.56024   1.57981
 Src-osrc corr  12   2 o,n=  12.62021   9.70095
 Src-osrc corr  15   3 o,n=   0.11495   0.11515
 Src-osrc corr  17   3 o,n=   0.00467   0.01303
 Src-osrc corr  15   4 o,n=   0.11515   0.12615
 Src-osrc corr  16   4 o,n=   0.14827   0.43574
 Src-osrc corr  17   4 o,n=   0.01303   0.02721
 Src-osrc corr  15   5 o,n=   0.12615   0.12175
 Src-osrc corr  16   5 o,n=   0.43574   0.54430
 Src-osrc corr  17   5 o,n=   0.02721   0.01729
 Src-osrc corr  18   5 o,n=   0.01290   0.01592
 Src-osrc corr  15   6 o,n=   0.12175   0.11431
 Src-osrc corr  16   6 o,n=   0.54430   0.53861
 Src-osrc corr  17   6 o,n=   0.01729   0.02416
 Src-osrc corr  18   6 o,n=   0.01592   0.01487
 Src-osrc corr  15   7 o,n=   0.11431   0.18965
 Src-osrc corr  16   7 o,n=   0.53861   0.49293
 Src-osrc corr  17   7 o,n=   0.02416   0.12551
 Src-osrc corr  18   7 o,n=   0.01487   0.05574
 Src-osrc corr  15   8 o,n=   0.18965   0.15257
 Src-osrc corr  16   8 o,n=   0.49293   0.52402
 Src-osrc corr  17   8 o,n=   0.12551   0.02935
 Src-osrc corr  18   8 o,n=   0.05574   0.04650
 Src-osrc corr  15   9 o,n=   0.15257   0.34779
 Src-osrc corr  16   9 o,n=   0.52402   0.53182
 Src-osrc corr  18   9 o,n=   0.04650   0.04597
 Src-osrc corr  16  10 o,n=   0.53182   0.83373
 Src-osrc corr  18  10 o,n=   0.04597   0.48227
 Src-osrc corr  11   1 o,n=   0.16356   0.17389
 Src-osrc corr  12   2 o,n=  12.61346   9.69453
 Src-osrc corr  15   3 o,n=   0.01541   0.01521
 Src-osrc corr  17   3 o,n=   0.00147   0.00176
 Src-osrc corr  15   4 o,n=   0.01521   0.03457
 Src-osrc corr  16   4 o,n=   0.14837   0.44177
 Src-osrc corr  17   4 o,n=   0.00176   0.02594
 Src-osrc corr  15   5 o,n=   0.03457   0.02505
 Src-osrc corr  16   5 o,n=   0.44177   0.53334
 Src-osrc corr  17   5 o,n=   0.02594   0.00416
 Src-osrc corr  18   5 o,n=   0.01290   0.01415
 Src-osrc corr  15   6 o,n=   0.02505   0.01393
 Src-osrc corr  16   6 o,n=   0.53334   0.53858
 Src-osrc corr  17   6 o,n=   0.00416   0.00305
 Src-osrc corr  18   6 o,n=   0.01415   0.01487
 Src-osrc corr  15   7 o,n=   0.01393   0.14477
 Src-osrc corr  16   7 o,n=   0.53858   0.49108
 Src-osrc corr  17   7 o,n=   0.00305   0.12134
 Src-osrc corr  18   7 o,n=   0.01487   0.05572
 Src-osrc corr  15   8 o,n=   0.14477   0.10350
 Src-osrc corr  16   8 o,n=   0.49108   0.52975
 Src-osrc corr  17   8 o,n=   0.12134   0.00323
 Src-osrc corr  18   8 o,n=   0.05572   0.04642
 Src-osrc corr  15   9 o,n=   0.10350   0.02189
 Src-osrc corr  16   9 o,n=   0.52975   0.53188
 Src-osrc corr  18   9 o,n=   0.04642   0.04596
 Src-osrc corr  16  10 o,n=   0.53188   0.83374
 Src-osrc corr  18  10 o,n=   0.04596   0.48181
 Src-osrc corr  11   1 o,n=   0.17841   0.18868
 Src-osrc corr  12   2 o,n=  12.61476   9.69605
 Src-osrc corr  15   3 o,n=   0.01232   0.01244
 Src-osrc corr  17   3 o,n=   0.00155   0.00145
 Src-osrc corr  15   4 o,n=   0.01244   0.03218
 Src-osrc corr  16   4 o,n=   0.14834   0.44161
 Src-osrc corr  17   4 o,n=   0.00145   0.02592
 Src-osrc corr  15   5 o,n=   0.03218   0.02254
 Src-osrc corr  16   5 o,n=   0.44161   0.53350
 Src-osrc corr  17   5 o,n=   0.02592   0.00406
 Src-osrc corr  18   5 o,n=   0.01290   0.01415
 Src-osrc corr  15   6 o,n=   0.02254   0.01228
 Src-osrc corr  16   6 o,n=   0.53350   0.53855
 Src-osrc corr  17   6 o,n=   0.00406   0.00293
 Src-osrc corr  18   6 o,n=   0.01415   0.01487
 Src-osrc corr  15   7 o,n=   0.01228   0.14212
 Src-osrc corr  16   7 o,n=   0.53855   0.49107
 Src-osrc corr  17   7 o,n=   0.00293   0.12139
 Src-osrc corr  18   7 o,n=   0.01487   0.05574
 Src-osrc corr  15   8 o,n=   0.14212   0.10075
 Src-osrc corr  16   8 o,n=   0.49107   0.52958
 Src-osrc corr  17   8 o,n=   0.12139   0.00332
 Src-osrc corr  18   8 o,n=   0.05574   0.04651
 Src-osrc corr  15   9 o,n=   0.10075   0.02142
 Src-osrc corr  16   9 o,n=   0.52958   0.53184
 Src-osrc corr  18   9 o,n=   0.04651   0.04599
 Src-osrc corr  16  10 o,n=   0.53184   0.83369
 Src-osrc corr  18  10 o,n=   0.04599   0.48177
 Src-osrc corr  11   1 o,n=   0.07808   0.08077
 Src-osrc corr  12   2 o,n=  12.61492   9.69619
 Src-osrc corr  15   3 o,n=   0.00933   0.00964
 Src-osrc corr  17   3 o,n=   0.00181   0.00174
 Src-osrc corr  15   4 o,n=   0.00964   0.02888
 Src-osrc corr  16   4 o,n=   0.14841   0.44173
 Src-osrc corr  17   4 o,n=   0.00174   0.02577
 Src-osrc corr  15   5 o,n=   0.02888   0.01875
 Src-osrc corr  16   5 o,n=   0.44173   0.53341
 Src-osrc corr  17   5 o,n=   0.02577   0.00500
 Src-osrc corr  18   5 o,n=   0.01289   0.01410
 Src-osrc corr  15   6 o,n=   0.01875   0.01076
 Src-osrc corr  16   6 o,n=   0.53341   0.53859
 Src-osrc corr  17   6 o,n=   0.00500   0.00244
 Src-osrc corr  18   6 o,n=   0.01410   0.01486
 Src-osrc corr  15   7 o,n=   0.01076   0.14146
 Src-osrc corr  16   7 o,n=   0.53859   0.49096
 Src-osrc corr  17   7 o,n=   0.00244   0.12051
 Src-osrc corr  18   7 o,n=   0.01486   0.05571
 Src-osrc corr  15   8 o,n=   0.14146   0.09995
 Src-osrc corr  16   8 o,n=   0.49096   0.53033
 Src-osrc corr  17   8 o,n=   0.12051   0.00249
 Src-osrc corr  18   8 o,n=   0.05571   0.04638
 Src-osrc corr  15   9 o,n=   0.09995   0.01667
 Src-osrc corr  16   9 o,n=   0.53033   0.53188
 Src-osrc corr  18   9 o,n=   0.04638   0.04595
 Src-osrc corr  16  10 o,n=   0.53188   0.83374
 Src-osrc corr  18  10 o,n=   0.04595   0.48173
 Src-osrc corr  11   1 o,n=   0.02311   0.02495
 Src-osrc corr  12   2 o,n=  12.61477   9.69604
 Src-osrc corr  15   3 o,n=   0.01238   0.01234
 Src-osrc corr  17   3 o,n=   0.00171   0.00176
 Src-osrc corr  15   4 o,n=   0.01234   0.03158
 Src-osrc corr  16   4 o,n=   0.14843   0.44183
 Src-osrc corr  17   4 o,n=   0.00176   0.02579
 Src-osrc corr  15   5 o,n=   0.03158   0.02160
 Src-osrc corr  16   5 o,n=   0.44183   0.53322
 Src-osrc corr  17   5 o,n=   0.02579   0.00486
 Src-osrc corr  18   5 o,n=   0.01289   0.01411
 Src-osrc corr  15   6 o,n=   0.02160   0.01115
 Src-osrc corr  16   6 o,n=   0.53322   0.53858
 Src-osrc corr  17   6 o,n=   0.00486   0.00179
 Src-osrc corr  18   6 o,n=   0.01411   0.01486
 Src-osrc corr  15   7 o,n=   0.01115   0.14422
 Src-osrc corr  16   7 o,n=   0.53858   0.49094
 Src-osrc corr  17   7 o,n=   0.00179   0.12054
 Src-osrc corr  18   7 o,n=   0.01486   0.05568
 Src-osrc corr  15   8 o,n=   0.14422   0.10279
 Src-osrc corr  16   8 o,n=   0.49094   0.53037
 Src-osrc corr  17   8 o,n=   0.12054   0.00176
 Src-osrc corr  18   8 o,n=   0.05568   0.04629
 Src-osrc corr  15   9 o,n=   0.10279   0.01185
 Src-osrc corr  16   9 o,n=   0.53037   0.53187
 Src-osrc corr  18   9 o,n=   0.04629   0.04593
 Src-osrc corr  16  10 o,n=   0.53187   0.83373
 Src-osrc corr  18  10 o,n=   0.04593   0.48174
 Src-osrc corr  11   1 o,n=   0.01824   0.01964
 Src-osrc corr  12   2 o,n=  12.61477   9.69605
 Src-osrc corr  15   3 o,n=   0.01231   0.01232
 Src-osrc corr  17   3 o,n=   0.00172   0.00170
 Src-osrc corr  15   4 o,n=   0.01232   0.03162
 Src-osrc corr  16   4 o,n=   0.14843   0.44180
 Src-osrc corr  17   4 o,n=   0.00170   0.02580
 Src-osrc corr  15   5 o,n=   0.03162   0.02165
 Src-osrc corr  16   5 o,n=   0.44180   0.53327
 Src-osrc corr  17   5 o,n=   0.02580   0.00481
 Src-osrc corr  18   5 o,n=   0.01289   0.01411
 Src-osrc corr  15   6 o,n=   0.02165   0.01115
 Src-osrc corr  16   6 o,n=   0.53327   0.53858
 Src-osrc corr  17   6 o,n=   0.00481   0.00169
 Src-osrc corr  18   6 o,n=   0.01411   0.01486
 Src-osrc corr  15   7 o,n=   0.01115   0.14406
 Src-osrc corr  16   7 o,n=   0.53858   0.49095
 Src-osrc corr  17   7 o,n=   0.00169   0.12059
 Src-osrc corr  18   7 o,n=   0.01486   0.05569
 Src-osrc corr  15   8 o,n=   0.14406   0.10262
 Src-osrc corr  16   8 o,n=   0.49095   0.53032
 Src-osrc corr  17   8 o,n=   0.12059   0.00175
 Src-osrc corr  18   8 o,n=   0.05569   0.04631
 Src-osrc corr  15   9 o,n=   0.10262   0.01139
 Src-osrc corr  16   9 o,n=   0.53032   0.53187
 Src-osrc corr  18   9 o,n=   0.04631   0.04593
 Src-osrc corr  16  10 o,n=   0.53187   0.83372
 Src-osrc corr  18  10 o,n=   0.04593   0.48174
 Reaction Xsec     4.0-/ 5 @ 2 =    57.078 , Out:   0.034#   0.889    1.602    0.000#   0.199/   1.606#  54.587f

 Total SPIN, PARITY =     5.0 +,     18 chs,     18 cc.  Rmin & Coul turning =    0.8    5.5
 Src-osrc corr  11   1 o,n=  17.87348  15.37843
 Src-osrc corr  15   3 o,n=   0.23065   0.29635
 Src-osrc corr  17   3 o,n=   0.02856   0.11527
 Src-osrc corr  15   4 o,n=   0.29635   0.29871
 Src-osrc corr  16   4 o,n=   0.00108   0.04971
 Src-osrc corr  17   4 o,n=   0.11527   0.11347
 Src-osrc corr  15   5 o,n=   0.29871   0.32870
 Src-osrc corr  16   5 o,n=   0.04971   0.11260
 Src-osrc corr  17   5 o,n=   0.11347   0.09072
 Src-osrc corr  18   5 o,n=   0.00014   0.02274
 Src-osrc corr  15   6 o,n=   0.32870   0.39064
 Src-osrc corr  16   6 o,n=   0.11260   0.00131
 Src-osrc corr  17   6 o,n=   0.09072   0.15869
 Src-osrc corr  18   6 o,n=   0.02274   0.00017
 Src-osrc corr  15   7 o,n=   0.39064   0.39249
 Src-osrc corr  16   7 o,n=   0.00131   0.03114
 Src-osrc corr  17   7 o,n=   0.15869   0.15646
 Src-osrc corr  18   7 o,n=   0.00017   0.00680
 Src-osrc corr  15   8 o,n=   0.39249   0.43848
 Src-osrc corr  16   8 o,n=   0.03114   0.14347
 Src-osrc corr  17   8 o,n=   0.15646   0.19179
 Src-osrc corr  18   8 o,n=   0.00680   0.03179
 Src-osrc corr  15   9 o,n=   0.43848   3.49512
 Src-osrc corr  16   9 o,n=   0.14347   0.00135
 Src-osrc corr  18   9 o,n=   0.03179   0.00805
 Src-osrc corr  11   1 o,n=  17.87348  15.37843
 Src-osrc corr  15   3 o,n=   0.23065   0.29635
 Src-osrc corr  17   3 o,n=   0.02856   0.11527
 Src-osrc corr  15   4 o,n=   0.29635   0.29871
 Src-osrc corr  16   4 o,n=   0.00108   0.04971
 Src-osrc corr  17   4 o,n=   0.11527   0.11347
 Src-osrc corr  15   5 o,n=   0.29871   0.32870
 Src-osrc corr  16   5 o,n=   0.04971   0.11260
 Src-osrc corr  17   5 o,n=   0.11347   0.09072
 Src-osrc corr  18   5 o,n=   0.00014   0.02274
 Src-osrc corr  15   6 o,n=   0.32870   0.39064
 Src-osrc corr  16   6 o,n=   0.11260   0.00131
 Src-osrc corr  17   6 o,n=   0.09072   0.15869
 Src-osrc corr  18   6 o,n=   0.02274   0.00017
 Src-osrc corr  15   7 o,n=   0.39064   0.39249
 Src-osrc corr  16   7 o,n=   0.00131   0.03114
 Src-osrc corr  17   7 o,n=   0.15869   0.15646
 Src-osrc corr  18   7 o,n=   0.00017   0.00680
 Src-osrc corr  15   8 o,n=   0.39249   0.43848
 Src-osrc corr  16   8 o,n=   0.03114   0.14347
 Src-osrc corr  17   8 o,n=   0.15646   0.19179
 Src-osrc corr  18   8 o,n=   0.00680   0.03179
 Src-osrc corr  15   9 o,n=   0.43848   3.49512
 Src-osrc corr  16   9 o,n=   0.14347   0.00135
 Src-osrc corr  18   9 o,n=   0.03179   0.00805
 Src-osrc corr  11   1 o,n=  17.38324  14.93296
 Src-osrc corr  15   3 o,n=   0.23912   0.30321
 Src-osrc corr  17   3 o,n=   0.02814   0.11376
 Src-osrc corr  15   4 o,n=   0.30321   0.30556
 Src-osrc corr  16   4 o,n=   0.00101   0.04929
 Src-osrc corr  17   4 o,n=   0.11376   0.11196
 Src-osrc corr  15   5 o,n=   0.30556   0.33536
 Src-osrc corr  16   5 o,n=   0.04929   0.11142
 Src-osrc corr  17   5 o,n=   0.11196   0.08922
 Src-osrc corr  18   5 o,n=   0.00012   0.02251
 Src-osrc corr  15   6 o,n=   0.33536   0.39039
 Src-osrc corr  16   6 o,n=   0.11142   0.00141
 Src-osrc corr  17   6 o,n=   0.08922   0.15741
 Src-osrc corr  18   6 o,n=   0.02251   0.00018
 Src-osrc corr  15   7 o,n=   0.39039   0.39217
 Src-osrc corr  16   7 o,n=   0.00141   0.03079
 Src-osrc corr  17   7 o,n=   0.15741   0.15515
 Src-osrc corr  18   7 o,n=   0.00018   0.00676
 Src-osrc corr  15   8 o,n=   0.39217   0.43720
 Src-osrc corr  16   8 o,n=   0.03079   0.14234
 Src-osrc corr  17   8 o,n=   0.15515   0.18891
 Src-osrc corr  18   8 o,n=   0.00676   0.03153
 Src-osrc corr  15   9 o,n=   0.43720   3.45077
 Src-osrc corr  16   9 o,n=   0.14234   0.00148
 Src-osrc corr  18   9 o,n=   0.03153   0.00800
 Src-osrc corr  16  10 o,n=   0.00148   0.00148
 Src-osrc corr  18  10 o,n=   0.00800   0.00800
 Src-osrc corr  11   1 o,n=  17.77129  15.33634
 Src-osrc corr  15   3 o,n=   0.22128   0.28492
 Src-osrc corr  17   3 o,n=   0.02824   0.11394
 Src-osrc corr  15   4 o,n=   0.28492   0.28728
 Src-osrc corr  16   4 o,n=   0.00101   0.04929
 Src-osrc corr  17   4 o,n=   0.11394   0.11213
 Src-osrc corr  15   5 o,n=   0.28728   0.31720
 Src-osrc corr  16   5 o,n=   0.04929   0.11173
 Src-osrc corr  17   5 o,n=   0.11213   0.08892
 Src-osrc corr  18   5 o,n=   0.00013   0.02257
 Src-osrc corr  15   6 o,n=   0.31720   0.38123
 Src-osrc corr  16   6 o,n=   0.11173   0.00126
 Src-osrc corr  17   6 o,n=   0.08892   0.15615
 Src-osrc corr  18   6 o,n=   0.02257   0.00016
 Src-osrc corr  15   7 o,n=   0.38123   0.38319
 Src-osrc corr  16   7 o,n=   0.00126   0.03080
 Src-osrc corr  17   7 o,n=   0.15615   0.15391
 Src-osrc corr  18   7 o,n=   0.00016   0.00673
 Src-osrc corr  15   8 o,n=   0.38319   0.43060
 Src-osrc corr  16   8 o,n=   0.03080   0.14201
 Src-osrc corr  17   8 o,n=   0.15391   0.18843
 Src-osrc corr  18   8 o,n=   0.00673   0.03147
 Src-osrc corr  15   9 o,n=   0.43060   3.45494
 Src-osrc corr  16   9 o,n=   0.14201   0.00123
 Src-osrc corr  18   9 o,n=   0.03147   0.00796
 Src-osrc corr  16  10 o,n=   0.00123   0.00123
 Src-osrc corr  18  10 o,n=   0.00796   0.00796
 Src-osrc corr  11   1 o,n=  17.76851  15.33070
 Src-osrc corr  15   3 o,n=   0.22124   0.28487
 Src-osrc corr  17   3 o,n=   0.02827   0.11403
 Src-osrc corr  15   4 o,n=   0.28487   0.28724
 Src-osrc corr  16   4 o,n=   0.00101   0.04932
 Src-osrc corr  17   4 o,n=   0.11403   0.11222
 Src-osrc corr  15   5 o,n=   0.28724   0.31717
 Src-osrc corr  16   5 o,n=   0.04932   0.11180
 Src-osrc corr  17   5 o,n=   0.11222   0.08900
 Src-osrc corr  18   5 o,n=   0.00013   0.02258
 Src-osrc corr  15   6 o,n=   0.31717   0.38131
 Src-osrc corr  16   6 o,n=   0.11180   0.00126
 Src-osrc corr  17   6 o,n=   0.08900   0.15622
 Src-osrc corr  18   6 o,n=   0.02258   0.00016
 Src-osrc corr  15   7 o,n=   0.38131   0.38327
 Src-osrc corr  16   7 o,n=   0.00126   0.03081
 Src-osrc corr  17   7 o,n=   0.15622   0.15398
 Src-osrc corr  18   7 o,n=   0.00016   0.00673
 Src-osrc corr  15   8 o,n=   0.38327   0.43075
 Src-osrc corr  16   8 o,n=   0.03081   0.14208
 Src-osrc corr  17   8 o,n=   0.15398   0.18858
 Src-osrc corr  18   8 o,n=   0.00673   0.03148
 Src-osrc corr  15   9 o,n=   0.43075   3.45733
 Src-osrc corr  16   9 o,n=   0.14208   0.00122
 Src-osrc corr  18   9 o,n=   0.03148   0.00796
 Src-osrc corr  16  10 o,n=   0.00122   0.00122
 Src-osrc corr  18  10 o,n=   0.00796   0.00796
 Src-osrc corr  11   1 o,n=  17.72419  15.28791
 Src-osrc corr  15   3 o,n=   0.22145   0.28516
 Src-osrc corr  17   3 o,n=   0.02826   0.11396
 Src-osrc corr  15   4 o,n=   0.28516   0.28752
 Src-osrc corr  16   4 o,n=   0.00101   0.04929
 Src-osrc corr  17   4 o,n=   0.11396   0.11215
 Src-osrc corr  15   5 o,n=   0.28752   0.31743
 Src-osrc corr  16   5 o,n=   0.04929   0.11172
 Src-osrc corr  17   5 o,n=   0.11215   0.08896
 Src-osrc corr  18   5 o,n=   0.00013   0.02256
 Src-osrc corr  15   6 o,n=   0.31743   0.38139
 Src-osrc corr  16   6 o,n=   0.11172   0.00126
 Src-osrc corr  17   6 o,n=   0.08896   0.15618
 Src-osrc corr  18   6 o,n=   0.02256   0.00016
 Src-osrc corr  15   7 o,n=   0.38139   0.38335
 Src-osrc corr  16   7 o,n=   0.00126   0.03080
 Src-osrc corr  17   7 o,n=   0.15618   0.15394
 Src-osrc corr  18   7 o,n=   0.00016   0.00673
 Src-osrc corr  15   8 o,n=   0.38335   0.43069
 Src-osrc corr  16   8 o,n=   0.03080   0.14200
 Src-osrc corr  17   8 o,n=   0.15394   0.18847
 Src-osrc corr  18   8 o,n=   0.00673   0.03147
 Src-osrc corr  15   9 o,n=   0.43069   3.45502
 Src-osrc corr  16   9 o,n=   0.14200   0.00123
 Src-osrc corr  18   9 o,n=   0.03147   0.00796
 Src-osrc corr  16  10 o,n=   0.00123   0.00123
 Src-osrc corr  18  10 o,n=   0.00796   0.00796
 Src-osrc corr  11   1 o,n=  17.73357  15.29839
 Src-osrc corr  15   3 o,n=   0.22137   0.28499
 Src-osrc corr  17   3 o,n=   0.02825   0.11392
 Src-osrc corr  15   4 o,n=   0.28499   0.28735
 Src-osrc corr  16   4 o,n=   0.00101   0.04927
 Src-osrc corr  17   4 o,n=   0.11392   0.11211
 Src-osrc corr  15   5 o,n=   0.28735   0.31724
 Src-osrc corr  16   5 o,n=   0.04927   0.11169
 Src-osrc corr  17   5 o,n=   0.11211   0.08892
 Src-osrc corr  18   5 o,n=   0.00013   0.02256
 Src-osrc corr  15   6 o,n=   0.31724   0.38115
 Src-osrc corr  16   6 o,n=   0.11169   0.00126
 Src-osrc corr  17   6 o,n=   0.08892   0.15610
 Src-osrc corr  18   6 o,n=   0.02256   0.00016
 Src-osrc corr  15   7 o,n=   0.38115   0.38311
 Src-osrc corr  16   7 o,n=   0.00126   0.03079
 Src-osrc corr  17   7 o,n=   0.15610   0.15386
 Src-osrc corr  18   7 o,n=   0.00016   0.00673
 Src-osrc corr  15   8 o,n=   0.38311   0.43046
 Src-osrc corr  16   8 o,n=   0.03079   0.14195
 Src-osrc corr  17   8 o,n=   0.15386   0.18840
 Src-osrc corr  18   8 o,n=   0.00673   0.03145
 Src-osrc corr  15   9 o,n=   0.43046   3.45409
 Src-osrc corr  16   9 o,n=   0.14195   0.00123
 Src-osrc corr  18   9 o,n=   0.03145   0.00795
 Src-osrc corr  16  10 o,n=   0.00123   0.00123
 Src-osrc corr  18  10 o,n=   0.00795   0.00795
 Reaction Xsec     5.0+/ 4 @ 1 =    91.069 , Out:   0.000#   0.341    4.203    0.000#   0.477/   6.095#  86.525f
 Src-osrc corr  12   2 o,n=   9.13344   6.26478
 Src-osrc corr  15   4 o,n=   0.00076   0.00914
 Src-osrc corr  16   4 o,n=   0.03830   0.14636
 Src-osrc corr  17   4 o,n=   0.00012   0.00754
 Src-osrc corr  15   5 o,n=   0.00914   0.00393
 Src-osrc corr  16   5 o,n=   0.14636   0.16846
 Src-osrc corr  17   5 o,n=   0.00754   0.00108
 Src-osrc corr  18   5 o,n=   0.00233   0.00300
 Src-osrc corr  15   6 o,n=   0.00393   0.00074
 Src-osrc corr  16   6 o,n=   0.16846   0.16935
 Src-osrc corr  17   6 o,n=   0.00108   0.00012
 Src-osrc corr  18   6 o,n=   0.00300   0.00315
 Src-osrc corr  15   7 o,n=   0.00074   0.03997
 Src-osrc corr  16   7 o,n=   0.16935   0.18342
 Src-osrc corr  17   7 o,n=   0.00012   0.03065
 Src-osrc corr  18   7 o,n=   0.00315   0.02003
 Src-osrc corr  15   8 o,n=   0.03997   0.02164
 Src-osrc corr  16   8 o,n=   0.18342   0.20067
 Src-osrc corr  17   8 o,n=   0.03065   0.00014
 Src-osrc corr  18   8 o,n=   0.02003   0.01660
 Src-osrc corr  15   9 o,n=   0.02164   0.00086
 Src-osrc corr  16   9 o,n=   0.20067   0.20108
 Src-osrc corr  18   9 o,n=   0.01660   0.01651
 Src-osrc corr  16  10 o,n=   0.20108   0.28584
 Src-osrc corr  18  10 o,n=   0.01651   0.15507
 Src-osrc corr  12   2 o,n=   9.13344   6.26478
 Src-osrc corr  15   4 o,n=   0.00076   0.00914
 Src-osrc corr  16   4 o,n=   0.03830   0.14636
 Src-osrc corr  17   4 o,n=   0.00012   0.00754
 Src-osrc corr  15   5 o,n=   0.00914   0.00393
 Src-osrc corr  16   5 o,n=   0.14636   0.16846
 Src-osrc corr  17   5 o,n=   0.00754   0.00108
 Src-osrc corr  18   5 o,n=   0.00233   0.00300
 Src-osrc corr  15   6 o,n=   0.00393   0.00074
 Src-osrc corr  16   6 o,n=   0.16846   0.16935
 Src-osrc corr  17   6 o,n=   0.00108   0.00012
 Src-osrc corr  18   6 o,n=   0.00300   0.00315
 Src-osrc corr  15   7 o,n=   0.00074   0.03997
 Src-osrc corr  16   7 o,n=   0.16935   0.18342
 Src-osrc corr  17   7 o,n=   0.00012   0.03065
 Src-osrc corr  18   7 o,n=   0.00315   0.02003
 Src-osrc corr  15   8 o,n=   0.03997   0.02164
 Src-osrc corr  16   8 o,n=   0.18342   0.20067
 Src-osrc corr  17   8 o,n=   0.03065   0.00014
 Src-osrc corr  18   8 o,n=   0.02003   0.01660
 Src-osrc corr  15   9 o,n=   0.02164   0.00086
 Src-osrc corr  16   9 o,n=   0.20067   0.20108
 Src-osrc corr  18   9 o,n=   0.01660   0.01651
 Src-osrc corr  16  10 o,n=   0.20108   0.28584
 Src-osrc corr  18  10 o,n=   0.01651   0.15507
 Src-osrc corr  12   2 o,n=   9.08660   6.22354
 Src-osrc corr  15   3 o,n=   0.00063   0.00063
 Src-osrc corr  17   3 o,n=   0.00011   0.00011
 Src-osrc corr  15   4 o,n=   0.00063   0.00909
 Src-osrc corr  16   4 o,n=   0.03850   0.14647
 Src-osrc corr  17   4 o,n=   0.00011   0.00753
 Src-osrc corr  15   5 o,n=   0.00909   0.00386
 Src-osrc corr  16   5 o,n=   0.14647   0.16859
 Src-osrc corr  17   5 o,n=   0.00753   0.00107
 Src-osrc corr  18   5 o,n=   0.00233   0.00300
 Src-osrc corr  15   6 o,n=   0.00386   0.00063
 Src-osrc corr  16   6 o,n=   0.16859   0.16948
 Src-osrc corr  17   6 o,n=   0.00107   0.00010
 Src-osrc corr  18   6 o,n=   0.00300   0.00315
 Src-osrc corr  15   7 o,n=   0.00063   0.03995
 Src-osrc corr  16   7 o,n=   0.16948   0.18350
 Src-osrc corr  17   7 o,n=   0.00010   0.03066
 Src-osrc corr  18   7 o,n=   0.00315   0.02005
 Src-osrc corr  15   8 o,n=   0.03995   0.02162
 Src-osrc corr  16   8 o,n=   0.18350   0.20075
 Src-osrc corr  17   8 o,n=   0.03066   0.00013
 Src-osrc corr  18   8 o,n=   0.02005   0.01661
 Src-osrc corr  15   9 o,n=   0.02162   0.00078
 Src-osrc corr  16   9 o,n=   0.20075   0.20116
 Src-osrc corr  18   9 o,n=   0.01661   0.01653
 Src-osrc corr  16  10 o,n=   0.20116   0.28594
 Src-osrc corr  18  10 o,n=   0.01653   0.15512
 Src-osrc corr  11   1 o,n=   0.41421   0.37007
 Src-osrc corr  12   2 o,n=   9.11980   6.25757
 Src-osrc corr  15   3 o,n=   0.01359   0.01396
 Src-osrc corr  17   3 o,n=   0.00187   0.00439
 Src-osrc corr  15   4 o,n=   0.01396   0.02119
 Src-osrc corr  16   4 o,n=   0.03832   0.14529
 Src-osrc corr  17   4 o,n=   0.00439   0.00714
 Src-osrc corr  15   5 o,n=   0.02119   0.01687
 Src-osrc corr  16   5 o,n=   0.14529   0.17166
 Src-osrc corr  17   5 o,n=   0.00714   0.00404
 Src-osrc corr  18   5 o,n=   0.00232   0.00367
 Src-osrc corr  15   6 o,n=   0.01687   0.01670
 Src-osrc corr  16   6 o,n=   0.17166   0.16958
 Src-osrc corr  17   6 o,n=   0.00404   0.00304
 Src-osrc corr  18   6 o,n=   0.00367   0.00315
 Src-osrc corr  15   7 o,n=   0.01670   0.04542
 Src-osrc corr  16   7 o,n=   0.16958   0.18369
 Src-osrc corr  17   7 o,n=   0.00304   0.03128
 Src-osrc corr  18   7 o,n=   0.00315   0.02002
 Src-osrc corr  15   8 o,n=   0.04542   0.02713
 Src-osrc corr  16   8 o,n=   0.18369   0.19883
 Src-osrc corr  17   8 o,n=   0.03128   0.00612
 Src-osrc corr  18   8 o,n=   0.02002   0.01651
 Src-osrc corr  15   9 o,n=   0.02713   0.12560
 Src-osrc corr  16   9 o,n=   0.19883   0.20086
 Src-osrc corr  18   9 o,n=   0.01651   0.01649
 Src-osrc corr  16  10 o,n=   0.20086   0.28578
 Src-osrc corr  18  10 o,n=   0.01649   0.15526
 Src-osrc corr  11   1 o,n=   0.41421   0.37007
 Src-osrc corr  12   2 o,n=   9.12008   6.25779
 Src-osrc corr  15   3 o,n=   0.01359   0.01396
 Src-osrc corr  17   3 o,n=   0.00187   0.00439
 Src-osrc corr  15   4 o,n=   0.01396   0.02119
 Src-osrc corr  16   4 o,n=   0.03832   0.14529
 Src-osrc corr  17   4 o,n=   0.00439   0.00714
 Src-osrc corr  15   5 o,n=   0.02119   0.01687
 Src-osrc corr  16   5 o,n=   0.14529   0.17166
 Src-osrc corr  17   5 o,n=   0.00714   0.00404
 Src-osrc corr  18   5 o,n=   0.00232   0.00367
 Src-osrc corr  15   6 o,n=   0.01687   0.01670
 Src-osrc corr  16   6 o,n=   0.17166   0.16958
 Src-osrc corr  17   6 o,n=   0.00404   0.00304
 Src-osrc corr  18   6 o,n=   0.00367   0.00315
 Src-osrc corr  15   7 o,n=   0.01670   0.04542
 Src-osrc corr  16   7 o,n=   0.16958   0.18369
 Src-osrc corr  17   7 o,n=   0.00304   0.03128
 Src-osrc corr  18   7 o,n=   0.00315   0.02002
 Src-osrc corr  15   8 o,n=   0.04542   0.02713
 Src-osrc corr  16   8 o,n=   0.18369   0.19883
 Src-osrc corr  17   8 o,n=   0.03128   0.00612
 Src-osrc corr  18   8 o,n=   0.02002   0.01651
 Src-osrc corr  15   9 o,n=   0.02713   0.12560
 Src-osrc corr  16   9 o,n=   0.19883   0.20086
 Src-osrc corr  18   9 o,n=   0.01651   0.01649
 Src-osrc corr  16  10 o,n=   0.20086   0.28578
 Src-osrc corr  18  10 o,n=   0.01649   0.15526
 Src-osrc corr  11   1 o,n=   0.01959   0.01902
 Src-osrc corr  12   2 o,n=   9.11938   6.25710
 Src-osrc corr  15   3 o,n=   0.00104   0.00101
 Src-osrc corr  17   3 o,n=   0.00013   0.00019
 Src-osrc corr  15   4 o,n=   0.00101   0.00930
 Src-osrc corr  16   4 o,n=   0.03830   0.14659
 Src-osrc corr  17   4 o,n=   0.00019   0.00758
 Src-osrc corr  15   5 o,n=   0.00930   0.00415
 Src-osrc corr  16   5 o,n=   0.14659   0.16862
 Src-osrc corr  17   5 o,n=   0.00758   0.00106
 Src-osrc corr  18   5 o,n=   0.00232   0.00299
 Src-osrc corr  15   6 o,n=   0.00415   0.00115
 Src-osrc corr  16   6 o,n=   0.16862   0.16959
 Src-osrc corr  17   6 o,n=   0.00106   0.00015
 Src-osrc corr  18   6 o,n=   0.00299   0.00315
 Src-osrc corr  15   7 o,n=   0.00115   0.04041
 Src-osrc corr  16   7 o,n=   0.16959   0.18326
 Src-osrc corr  17   7 o,n=   0.00015   0.03068
 Src-osrc corr  18   7 o,n=   0.00315   0.02005
 Src-osrc corr  15   8 o,n=   0.04041   0.02211
 Src-osrc corr  16   8 o,n=   0.18326   0.20050
 Src-osrc corr  17   8 o,n=   0.03068   0.00024
 Src-osrc corr  18   8 o,n=   0.02005   0.01661
 Src-osrc corr  15   9 o,n=   0.02211   0.00322
 Src-osrc corr  16   9 o,n=   0.20050   0.20086
 Src-osrc corr  18   9 o,n=   0.01661   0.01653
 Src-osrc corr  16  10 o,n=   0.20086   0.28579
 Src-osrc corr  18  10 o,n=   0.01653   0.15511
 Src-osrc corr  11   1 o,n=   0.01554   0.01444
 Src-osrc corr  12   2 o,n=   9.11946   6.25723
 Src-osrc corr  15   3 o,n=   0.00083   0.00082
 Src-osrc corr  17   3 o,n=   0.00012   0.00016
 Src-osrc corr  15   4 o,n=   0.00082   0.00907
 Src-osrc corr  16   4 o,n=   0.03830   0.14655
 Src-osrc corr  17   4 o,n=   0.00016   0.00754
 Src-osrc corr  15   5 o,n=   0.00907   0.00389
 Src-osrc corr  16   5 o,n=   0.14655   0.16871
 Src-osrc corr  17   5 o,n=   0.00754   0.00103
 Src-osrc corr  18   5 o,n=   0.00232   0.00300
 Src-osrc corr  15   6 o,n=   0.00389   0.00068
 Src-osrc corr  16   6 o,n=   0.16871   0.16959
 Src-osrc corr  17   6 o,n=   0.00103   0.00027
 Src-osrc corr  18   6 o,n=   0.00300   0.00315
 Src-osrc corr  15   7 o,n=   0.00068   0.03977
 Src-osrc corr  16   7 o,n=   0.16959   0.18328
 Src-osrc corr  17   7 o,n=   0.00027   0.03075
 Src-osrc corr  18   7 o,n=   0.00315   0.02005
 Src-osrc corr  15   8 o,n=   0.03977   0.02145
 Src-osrc corr  16   8 o,n=   0.18328   0.20039
 Src-osrc corr  17   8 o,n=   0.03075   0.00029
 Src-osrc corr  18   8 o,n=   0.02005   0.01663
 Src-osrc corr  15   9 o,n=   0.02145   0.00198
 Src-osrc corr  16   9 o,n=   0.20039   0.20086
 Src-osrc corr  18   9 o,n=   0.01663   0.01653
 Src-osrc corr  16  10 o,n=   0.20086   0.28579
 Src-osrc corr  18  10 o,n=   0.01653   0.15511
 Src-osrc corr  11   1 o,n=   0.01387   0.01356
 Src-osrc corr  12   2 o,n=   9.11946   6.25724
 Src-osrc corr  15   3 o,n=   0.00098   0.00091
 Src-osrc corr  17   3 o,n=   0.00012   0.00019
 Src-osrc corr  15   4 o,n=   0.00091   0.00900
 Src-osrc corr  16   4 o,n=   0.03830   0.14652
 Src-osrc corr  17   4 o,n=   0.00019   0.00750
 Src-osrc corr  15   5 o,n=   0.00900   0.00384
 Src-osrc corr  16   5 o,n=   0.14652   0.16879
 Src-osrc corr  17   5 o,n=   0.00750   0.00106
 Src-osrc corr  18   5 o,n=   0.00232   0.00302
 Src-osrc corr  15   6 o,n=   0.00384   0.00093
 Src-osrc corr  16   6 o,n=   0.16879   0.16959
 Src-osrc corr  17   6 o,n=   0.00106   0.00030
 Src-osrc corr  18   6 o,n=   0.00302   0.00315
 Src-osrc corr  15   7 o,n=   0.00093   0.03954
 Src-osrc corr  16   7 o,n=   0.16959   0.18330
 Src-osrc corr  17   7 o,n=   0.00030   0.03075
 Src-osrc corr  18   7 o,n=   0.00315   0.02005
 Src-osrc corr  15   8 o,n=   0.03954   0.02117
 Src-osrc corr  16   8 o,n=   0.18330   0.20035
 Src-osrc corr  17   8 o,n=   0.03075   0.00027
 Src-osrc corr  18   8 o,n=   0.02005   0.01664
 Src-osrc corr  15   9 o,n=   0.02117   0.00325
 Src-osrc corr  16   9 o,n=   0.20035   0.20086
 Src-osrc corr  18   9 o,n=   0.01664   0.01653
 Src-osrc corr  16  10 o,n=   0.20086   0.28580
 Src-osrc corr  18  10 o,n=   0.01653   0.15511
 Src-osrc corr  11   1 o,n=   0.00098   0.00097
 Src-osrc corr  12   2 o,n=   9.11946   6.25723
 Src-osrc corr  15   3 o,n=   0.00073   0.00073
 Src-osrc corr  17   3 o,n=   0.00012   0.00012
 Src-osrc corr  15   4 o,n=   0.00073   0.00912
 Src-osrc corr  16   4 o,n=   0.03830   0.14655
 Src-osrc corr  17   4 o,n=   0.00012   0.00753
 Src-osrc corr  15   5 o,n=   0.00912   0.00391
 Src-osrc corr  16   5 o,n=   0.14655   0.16869
 Src-osrc corr  17   5 o,n=   0.00753   0.00108
 Src-osrc corr  18   5 o,n=   0.00232   0.00300
 Src-osrc corr  15   6 o,n=   0.00391   0.00073
 Src-osrc corr  16   6 o,n=   0.16869   0.16959
 Src-osrc corr  17   6 o,n=   0.00108   0.00011
 Src-osrc corr  18   6 o,n=   0.00300   0.00315
 Src-osrc corr  15   7 o,n=   0.00073   0.04000
 Src-osrc corr  16   7 o,n=   0.16959   0.18327
 Src-osrc corr  17   7 o,n=   0.00011   0.03068
 Src-osrc corr  18   7 o,n=   0.00315   0.02005
 Src-osrc corr  15   8 o,n=   0.04000   0.02167
 Src-osrc corr  16   8 o,n=   0.18327   0.20045
 Src-osrc corr  17   8 o,n=   0.03068   0.00014
 Src-osrc corr  18   8 o,n=   0.02005   0.01661
 Src-osrc corr  15   9 o,n=   0.02167   0.00080
 Src-osrc corr  16   9 o,n=   0.20045   0.20086
 Src-osrc corr  18   9 o,n=   0.01661   0.01653
 Src-osrc corr  16  10 o,n=   0.20086   0.28579
 Src-osrc corr  18  10 o,n=   0.01653   0.15511
 Src-osrc corr  11   1 o,n=   0.00108   0.00107
 Src-osrc corr  12   2 o,n=   9.11946   6.25723
 Src-osrc corr  15   3 o,n=   0.00073   0.00073
 Src-osrc corr  17   3 o,n=   0.00012   0.00012
 Src-osrc corr  15   4 o,n=   0.00073   0.00912
 Src-osrc corr  16   4 o,n=   0.03830   0.14655
 Src-osrc corr  17   4 o,n=   0.00012   0.00753
 Src-osrc corr  15   5 o,n=   0.00912   0.00391
 Src-osrc corr  16   5 o,n=   0.14655   0.16869
 Src-osrc corr  17   5 o,n=   0.00753   0.00108
 Src-osrc corr  18   5 o,n=   0.00232   0.00300
 Src-osrc corr  15   6 o,n=   0.00391   0.00072
 Src-osrc corr  16   6 o,n=   0.16869   0.16959
 Src-osrc corr  17   6 o,n=   0.00108   0.00012
 Src-osrc corr  18   6 o,n=   0.00300   0.00315
 Src-osrc corr  15   7 o,n=   0.00072   0.04000
 Src-osrc corr  16   7 o,n=   0.16959   0.18327
 Src-osrc corr  17   7 o,n=   0.00012   0.03068
 Src-osrc corr  18   7 o,n=   0.00315   0.02005
 Src-osrc corr  15   8 o,n=   0.04000   0.02166
 Src-osrc corr  16   8 o,n=   0.18327   0.20045
 Src-osrc corr  17   8 o,n=   0.03068   0.00014
 Src-osrc corr  18   8 o,n=   0.02005   0.01662
 Src-osrc corr  15   9 o,n=   0.02166   0.00078
 Src-osrc corr  16   9 o,n=   0.20045   0.20086
 Src-osrc corr  18   9 o,n=   0.01662   0.01653
 Src-osrc corr  16  10 o,n=   0.20086   0.28579
 Src-osrc corr  18  10 o,n=   0.01653   0.15511
 Reaction Xsec     5.0+/ 6 @ 2 =    24.492 , Out:   0.019#   0.360    0.968    0.000#   0.012/   0.052#  23.164f

 Total SPIN, PARITY =     5.0 -,     16 chs,     16 cc.  Rmin & Coul turning =    0.8    5.5
 Src-osrc corr   9   1 o,n=   9.24928   7.10703
 Src-osrc corr  10   1 o,n=   8.69319   6.75002
 Src-osrc corr  13   2 o,n=   0.08654   0.11288
 Src-osrc corr  14   2 o,n=   0.11547   0.32997
 Src-osrc corr  15   2 o,n=   0.01081   0.05716
 Src-osrc corr  13   3 o,n=   0.11288   0.11833
 Src-osrc corr  14   3 o,n=   0.32997   0.41766
 Src-osrc corr  15   3 o,n=   0.05716   0.06217
 Src-osrc corr  16   3 o,n=   0.01034   0.01762
 Src-osrc corr  13   4 o,n=   0.11833   0.12555
 Src-osrc corr  14   4 o,n=   0.41766   0.40644
 Src-osrc corr  15   4 o,n=   0.06217   0.05417
 Src-osrc corr  16   4 o,n=   0.01762   0.01829
 Src-osrc corr  13   5 o,n=   0.12555   0.12572
 Src-osrc corr  14   5 o,n=   0.40644   0.35693
 Src-osrc corr  15   5 o,n=   0.05417   0.05469
 Src-osrc corr  16   5 o,n=   0.01829   0.05188
 Src-osrc corr  13   6 o,n=   0.12572   0.13466
 Src-osrc corr  14   6 o,n=   0.35693   0.37535
 Src-osrc corr  15   6 o,n=   0.05469   0.05534
 Src-osrc corr  16   6 o,n=   0.05188   0.03453
 Src-osrc corr  13   7 o,n=   0.13466   0.14710
 Src-osrc corr  14   7 o,n=   0.37535   0.41343
 Src-osrc corr  15   7 o,n=   0.05534   0.14025
 Src-osrc corr  16   7 o,n=   0.03453   0.03525
 Src-osrc corr  13   8 o,n=   0.14710   1.37880
 Src-osrc corr  14   8 o,n=   0.41343   0.68856
 Src-osrc corr  16   8 o,n=   0.03525   0.56211
 Src-osrc corr   9   1 o,n=   9.24928   7.10703
 Src-osrc corr  10   1 o,n=   8.69319   6.75002
 Src-osrc corr  13   2 o,n=   0.08654   0.11288
 Src-osrc corr  14   2 o,n=   0.11547   0.32997
 Src-osrc corr  15   2 o,n=   0.01081   0.05716
 Src-osrc corr  13   3 o,n=   0.11288   0.11833
 Src-osrc corr  14   3 o,n=   0.32997   0.41766
 Src-osrc corr  15   3 o,n=   0.05716   0.06217
 Src-osrc corr  16   3 o,n=   0.01034   0.01762
 Src-osrc corr  13   4 o,n=   0.11833   0.12555
 Src-osrc corr  14   4 o,n=   0.41766   0.40644
 Src-osrc corr  15   4 o,n=   0.06217   0.05417
 Src-osrc corr  16   4 o,n=   0.01762   0.01829
 Src-osrc corr  13   5 o,n=   0.12555   0.12572
 Src-osrc corr  14   5 o,n=   0.40644   0.35693
 Src-osrc corr  15   5 o,n=   0.05417   0.05469
 Src-osrc corr  16   5 o,n=   0.01829   0.05188
 Src-osrc corr  13   6 o,n=   0.12572   0.13466
 Src-osrc corr  14   6 o,n=   0.35693   0.37535
 Src-osrc corr  15   6 o,n=   0.05469   0.05534
 Src-osrc corr  16   6 o,n=   0.05188   0.03453
 Src-osrc corr  13   7 o,n=   0.13466   0.14710
 Src-osrc corr  14   7 o,n=   0.37535   0.41343
 Src-osrc corr  15   7 o,n=   0.05534   0.14025
 Src-osrc corr  16   7 o,n=   0.03453   0.03525
 Src-osrc corr  13   8 o,n=   0.14710   1.37880
 Src-osrc corr  14   8 o,n=   0.41343   0.68856
 Src-osrc corr  16   8 o,n=   0.03525   0.56211
 Src-osrc corr   9   1 o,n=   9.10332   6.98115
 Src-osrc corr  10   1 o,n=   8.55630   6.63168
 Src-osrc corr  13   2 o,n=   0.08804   0.11426
 Src-osrc corr  14   2 o,n=   0.11653   0.32996
 Src-osrc corr  15   2 o,n=   0.01081   0.05709
 Src-osrc corr  13   3 o,n=   0.11426   0.11969
 Src-osrc corr  14   3 o,n=   0.32996   0.41754
 Src-osrc corr  15   3 o,n=   0.05709   0.06209
 Src-osrc corr  16   3 o,n=   0.01044   0.01761
 Src-osrc corr  13   4 o,n=   0.11969   0.12690
 Src-osrc corr  14   4 o,n=   0.41754   0.40626
 Src-osrc corr  15   4 o,n=   0.06209   0.05405
 Src-osrc corr  16   4 o,n=   0.01761   0.01828
 Src-osrc corr  13   5 o,n=   0.12690   0.12663
 Src-osrc corr  14   5 o,n=   0.40626   0.35639
 Src-osrc corr  15   5 o,n=   0.05405   0.05452
 Src-osrc corr  16   5 o,n=   0.01828   0.05197
 Src-osrc corr  13   6 o,n=   0.12663   0.13549
 Src-osrc corr  14   6 o,n=   0.35639   0.37457
 Src-osrc corr  15   6 o,n=   0.05452   0.05517
 Src-osrc corr  16   6 o,n=   0.05197   0.03459
 Src-osrc corr  13   7 o,n=   0.13549   0.14773
 Src-osrc corr  14   7 o,n=   0.37457   0.41257
 Src-osrc corr  15   7 o,n=   0.05517   0.13997
 Src-osrc corr  16   7 o,n=   0.03459   0.03533
 Src-osrc corr  13   8 o,n=   0.14773   1.37653
 Src-osrc corr  14   8 o,n=   0.41257   0.68716
 Src-osrc corr  16   8 o,n=   0.03533   0.56124
 Src-osrc corr   9   1 o,n=   9.20446   7.08140
 Src-osrc corr  10   1 o,n=   8.64928   6.72386
 Src-osrc corr  13   2 o,n=   0.08563   0.11182
 Src-osrc corr  14   2 o,n=   0.11558   0.33006
 Src-osrc corr  15   2 o,n=   0.01079   0.05721
 Src-osrc corr  13   3 o,n=   0.11182   0.11727
 Src-osrc corr  14   3 o,n=   0.33006   0.41789
 Src-osrc corr  15   3 o,n=   0.05721   0.06223
 Src-osrc corr  16   3 o,n=   0.01021   0.01765
 Src-osrc corr  13   4 o,n=   0.11727   0.12465
 Src-osrc corr  14   4 o,n=   0.41789   0.40655
 Src-osrc corr  15   4 o,n=   0.06223   0.05415
 Src-osrc corr  16   4 o,n=   0.01765   0.01833
 Src-osrc corr  13   5 o,n=   0.12465   0.12467
 Src-osrc corr  14   5 o,n=   0.40655   0.35647
 Src-osrc corr  15   5 o,n=   0.05415   0.05443
 Src-osrc corr  16   5 o,n=   0.01833   0.05202
 Src-osrc corr  13   6 o,n=   0.12467   0.13367
 Src-osrc corr  14   6 o,n=   0.35647   0.37373
 Src-osrc corr  15   6 o,n=   0.05443   0.05507
 Src-osrc corr  16   6 o,n=   0.05202   0.03464
 Src-osrc corr  13   7 o,n=   0.13367   0.14742
 Src-osrc corr  14   7 o,n=   0.37373   0.41182
 Src-osrc corr  15   7 o,n=   0.05507   0.13998
 Src-osrc corr  16   7 o,n=   0.03464   0.03521
 Src-osrc corr  13   8 o,n=   0.14742   1.37767
 Src-osrc corr  14   8 o,n=   0.41182   0.68734
 Src-osrc corr  16   8 o,n=   0.03521   0.56147
 Src-osrc corr   9   1 o,n=   9.20599   7.08251
 Src-osrc corr  10   1 o,n=   8.65074   6.72493
 Src-osrc corr  13   2 o,n=   0.08564   0.11182
 Src-osrc corr  14   2 o,n=   0.11559   0.33007
 Src-osrc corr  15   2 o,n=   0.01079   0.05722
 Src-osrc corr  13   3 o,n=   0.11182   0.11727
 Src-osrc corr  14   3 o,n=   0.33007   0.41790
 Src-osrc corr  15   3 o,n=   0.05722   0.06223
 Src-osrc corr  16   3 o,n=   0.01021   0.01765
 Src-osrc corr  13   4 o,n=   0.11727   0.12465
 Src-osrc corr  14   4 o,n=   0.41790   0.40656
 Src-osrc corr  15   4 o,n=   0.06223   0.05415
 Src-osrc corr  16   4 o,n=   0.01765   0.01833
 Src-osrc corr  13   5 o,n=   0.12465   0.12468
 Src-osrc corr  14   5 o,n=   0.40656   0.35648
 Src-osrc corr  15   5 o,n=   0.05415   0.05444
 Src-osrc corr  16   5 o,n=   0.01833   0.05203
 Src-osrc corr  13   6 o,n=   0.12468   0.13368
 Src-osrc corr  14   6 o,n=   0.35648   0.37376
 Src-osrc corr  15   6 o,n=   0.05444   0.05508
 Src-osrc corr  16   6 o,n=   0.05203   0.03464
 Src-osrc corr  13   7 o,n=   0.13368   0.14743
 Src-osrc corr  14   7 o,n=   0.37376   0.41185
 Src-osrc corr  15   7 o,n=   0.05508   0.13999
 Src-osrc corr  16   7 o,n=   0.03464   0.03521
 Src-osrc corr  13   8 o,n=   0.14743   1.37773
 Src-osrc corr  14   8 o,n=   0.41185   0.68738
 Src-osrc corr  16   8 o,n=   0.03521   0.56149
 Src-osrc corr   9   1 o,n=   9.20077   7.07754
 Src-osrc corr  10   1 o,n=   8.64591   6.72033
 Src-osrc corr  13   2 o,n=   0.08564   0.11183
 Src-osrc corr  14   2 o,n=   0.11559   0.33007
 Src-osrc corr  15   2 o,n=   0.01079   0.05721
 Src-osrc corr  13   3 o,n=   0.11183   0.11728
 Src-osrc corr  14   3 o,n=   0.33007   0.41790
 Src-osrc corr  15   3 o,n=   0.05721   0.06223
 Src-osrc corr  16   3 o,n=   0.01021   0.01765
 Src-osrc corr  13   4 o,n=   0.11728   0.12466
 Src-osrc corr  14   4 o,n=   0.41790   0.40656
 Src-osrc corr  15   4 o,n=   0.06223   0.05415
 Src-osrc corr  16   4 o,n=   0.01765   0.01833
 Src-osrc corr  13   5 o,n=   0.12466   0.12468
 Src-osrc corr  14   5 o,n=   0.40656   0.35648
 Src-osrc corr  15   5 o,n=   0.05415   0.05444
 Src-osrc corr  16   5 o,n=   0.01833   0.05202
 Src-osrc corr  13   6 o,n=   0.12468   0.13368
 Src-osrc corr  14   6 o,n=   0.35648   0.37377
 Src-osrc corr  15   6 o,n=   0.05444   0.05508
 Src-osrc corr  16   6 o,n=   0.05202   0.03464
 Src-osrc corr  13   7 o,n=   0.13368   0.14741
 Src-osrc corr  14   7 o,n=   0.37377   0.41186
 Src-osrc corr  15   7 o,n=   0.05508   0.13999
 Src-osrc corr  16   7 o,n=   0.03464   0.03521
 Src-osrc corr  13   8 o,n=   0.14741   1.37774
 Src-osrc corr  14   8 o,n=   0.41186   0.68738
 Src-osrc corr  16   8 o,n=   0.03521   0.56150
 Reaction Xsec     5.0-/ 5 @ 1 =    71.588 , Out:   0.000#   1.065    1.943    0.000#   0.216/   2.396#  68.580f

 Total SPIN, PARITY =     6.0 +,     16 chs,     16 cc.  Rmin & Coul turning =    0.9    6.4
 Src-osrc corr   9   1 o,n=   6.69372   4.58553
 Src-osrc corr  10   1 o,n=   6.25620   4.30398
 Src-osrc corr  13   2 o,n=   0.01610   0.02530
 Src-osrc corr  14   2 o,n=   0.02792   0.10655
 Src-osrc corr  15   2 o,n=   0.00278   0.01876
 Src-osrc corr  13   3 o,n=   0.02530   0.02664
 Src-osrc corr  14   3 o,n=   0.10655   0.12897
 Src-osrc corr  15   3 o,n=   0.01876   0.01984
 Src-osrc corr  16   3 o,n=   0.00180   0.00423
 Src-osrc corr  13   4 o,n=   0.02664   0.02754
 Src-osrc corr  14   4 o,n=   0.12897   0.12793
 Src-osrc corr  15   4 o,n=   0.01984   0.01918
 Src-osrc corr  16   4 o,n=   0.00423   0.00427
 Src-osrc corr  13   5 o,n=   0.02754   0.04148
 Src-osrc corr  14   5 o,n=   0.12793   0.12848
 Src-osrc corr  15   5 o,n=   0.01918   0.02214
 Src-osrc corr  16   5 o,n=   0.00427   0.01709
 Src-osrc corr  13   6 o,n=   0.04148   0.04467
 Src-osrc corr  14   6 o,n=   0.12848   0.14463
 Src-osrc corr  15   6 o,n=   0.02214   0.02241
 Src-osrc corr  16   6 o,n=   0.01709   0.01110
 Src-osrc corr  13   7 o,n=   0.04467   0.04094
 Src-osrc corr  14   7 o,n=   0.14463   0.15199
 Src-osrc corr  15   7 o,n=   0.02241   0.04294
 Src-osrc corr  16   7 o,n=   0.01110   0.01199
 Src-osrc corr  13   8 o,n=   0.04094   0.44541
 Src-osrc corr  14   8 o,n=   0.15199   0.24350
 Src-osrc corr  16   8 o,n=   0.01199   0.17721
 Src-osrc corr   9   1 o,n=   6.69372   4.58553
 Src-osrc corr  10   1 o,n=   6.25620   4.30398
 Src-osrc corr  13   2 o,n=   0.01610   0.02530
 Src-osrc corr  14   2 o,n=   0.02792   0.10655
 Src-osrc corr  15   2 o,n=   0.00278   0.01876
 Src-osrc corr  13   3 o,n=   0.02530   0.02664
 Src-osrc corr  14   3 o,n=   0.10655   0.12897
 Src-osrc corr  15   3 o,n=   0.01876   0.01984
 Src-osrc corr  16   3 o,n=   0.00180   0.00423
 Src-osrc corr  13   4 o,n=   0.02664   0.02754
 Src-osrc corr  14   4 o,n=   0.12897   0.12793
 Src-osrc corr  15   4 o,n=   0.01984   0.01918
 Src-osrc corr  16   4 o,n=   0.00423   0.00427
 Src-osrc corr  13   5 o,n=   0.02754   0.04148
 Src-osrc corr  14   5 o,n=   0.12793   0.12848
 Src-osrc corr  15   5 o,n=   0.01918   0.02214
 Src-osrc corr  16   5 o,n=   0.00427   0.01709
 Src-osrc corr  13   6 o,n=   0.04148   0.04467
 Src-osrc corr  14   6 o,n=   0.12848   0.14463
 Src-osrc corr  15   6 o,n=   0.02214   0.02241
 Src-osrc corr  16   6 o,n=   0.01709   0.01110
 Src-osrc corr  13   7 o,n=   0.04467   0.04094
 Src-osrc corr  14   7 o,n=   0.14463   0.15199
 Src-osrc corr  15   7 o,n=   0.02241   0.04294
 Src-osrc corr  16   7 o,n=   0.01110   0.01199
 Src-osrc corr  13   8 o,n=   0.04094   0.44541
 Src-osrc corr  14   8 o,n=   0.15199   0.24350
 Src-osrc corr  16   8 o,n=   0.01199   0.17721
 Src-osrc corr   9   1 o,n=   6.65873   4.55468
 Src-osrc corr  10   1 o,n=   6.22369   4.27534
 Src-osrc corr  13   2 o,n=   0.01627   0.02547
 Src-osrc corr  14   2 o,n=   0.02808   0.10671
 Src-osrc corr  15   2 o,n=   0.00279   0.01878
 Src-osrc corr  13   3 o,n=   0.02547   0.02681
 Src-osrc corr  14   3 o,n=   0.10671   0.12916
 Src-osrc corr  15   3 o,n=   0.01878   0.01986
 Src-osrc corr  16   3 o,n=   0.00181   0.00423
 Src-osrc corr  13   4 o,n=   0.02681   0.02770
 Src-osrc corr  14   4 o,n=   0.12916   0.12811
 Src-osrc corr  15   4 o,n=   0.01986   0.01920
 Src-osrc corr  16   4 o,n=   0.00423   0.00428
 Src-osrc corr  13   5 o,n=   0.02770   0.04158
 Src-osrc corr  14   5 o,n=   0.12811   0.12859
 Src-osrc corr  15   5 o,n=   0.01920   0.02215
 Src-osrc corr  16   5 o,n=   0.00428   0.01712
 Src-osrc corr  13   6 o,n=   0.04158   0.04477
 Src-osrc corr  14   6 o,n=   0.12859   0.14473
 Src-osrc corr  15   6 o,n=   0.02215   0.02243
 Src-osrc corr  16   6 o,n=   0.01712   0.01112
 Src-osrc corr  13   7 o,n=   0.04477   0.04103
 Src-osrc corr  14   7 o,n=   0.14473   0.15210
 Src-osrc corr  15   7 o,n=   0.02243   0.04298
 Src-osrc corr  16   7 o,n=   0.01112   0.01201
 Src-osrc corr  13   8 o,n=   0.04103   0.44571
 Src-osrc corr  14   8 o,n=   0.15210   0.24370
 Src-osrc corr  16   8 o,n=   0.01201   0.17735
 Src-osrc corr   9   1 o,n=   6.68339   4.58002
 Src-osrc corr  10   1 o,n=   6.24650   4.29879
 Src-osrc corr  13   2 o,n=   0.01599   0.02520
 Src-osrc corr  14   2 o,n=   0.02794   0.10675
 Src-osrc corr  15   2 o,n=   0.00278   0.01880
 Src-osrc corr  13   3 o,n=   0.02520   0.02654
 Src-osrc corr  14   3 o,n=   0.10675   0.12922
 Src-osrc corr  15   3 o,n=   0.01880   0.01988
 Src-osrc corr  16   3 o,n=   0.00179   0.00424
 Src-osrc corr  13   4 o,n=   0.02654   0.02747
 Src-osrc corr  14   4 o,n=   0.12922   0.12817
 Src-osrc corr  15   4 o,n=   0.01988   0.01921
 Src-osrc corr  16   4 o,n=   0.00424   0.00429
 Src-osrc corr  13   5 o,n=   0.02747   0.04135
 Src-osrc corr  14   5 o,n=   0.12817   0.12847
 Src-osrc corr  15   5 o,n=   0.01921   0.02212
 Src-osrc corr  16   5 o,n=   0.00429   0.01712
 Src-osrc corr  13   6 o,n=   0.04135   0.04454
 Src-osrc corr  14   6 o,n=   0.12847   0.14449
 Src-osrc corr  15   6 o,n=   0.02212   0.02239
 Src-osrc corr  16   6 o,n=   0.01712   0.01112
 Src-osrc corr  13   7 o,n=   0.04454   0.04094
 Src-osrc corr  14   7 o,n=   0.14449   0.15187
 Src-osrc corr  15   7 o,n=   0.02239   0.04295
 Src-osrc corr  16   7 o,n=   0.01112   0.01199
 Src-osrc corr  13   8 o,n=   0.04094   0.44583
 Src-osrc corr  14   8 o,n=   0.15187   0.24363
 Src-osrc corr  16   8 o,n=   0.01199   0.17733
 Src-osrc corr   9   1 o,n=   6.68359   4.58018
 Src-osrc corr  10   1 o,n=   6.24669   4.29894
 Src-osrc corr  13   2 o,n=   0.01599   0.02520
 Src-osrc corr  14   2 o,n=   0.02794   0.10675
 Src-osrc corr  15   2 o,n=   0.00278   0.01880
 Src-osrc corr  13   3 o,n=   0.02520   0.02654
 Src-osrc corr  14   3 o,n=   0.10675   0.12922
 Src-osrc corr  15   3 o,n=   0.01880   0.01988
 Src-osrc corr  16   3 o,n=   0.00179   0.00424
 Src-osrc corr  13   4 o,n=   0.02654   0.02747
 Src-osrc corr  14   4 o,n=   0.12922   0.12817
 Src-osrc corr  15   4 o,n=   0.01988   0.01921
 Src-osrc corr  16   4 o,n=   0.00424   0.00429
 Src-osrc corr  13   5 o,n=   0.02747   0.04135
 Src-osrc corr  14   5 o,n=   0.12817   0.12847
 Src-osrc corr  15   5 o,n=   0.01921   0.02212
 Src-osrc corr  16   5 o,n=   0.00429   0.01712
 Src-osrc corr  13   6 o,n=   0.04135   0.04454
 Src-osrc corr  14   6 o,n=   0.12847   0.14449
 Src-osrc corr  15   6 o,n=   0.02212   0.02239
 Src-osrc corr  16   6 o,n=   0.01712   0.01112
 Src-osrc corr  13   7 o,n=   0.04454   0.04094
 Src-osrc corr  14   7 o,n=   0.14449   0.15187
 Src-osrc corr  15   7 o,n=   0.02239   0.04295
 Src-osrc corr  16   7 o,n=   0.01112   0.01199
 Src-osrc corr  13   8 o,n=   0.04094   0.44583
 Src-osrc corr  14   8 o,n=   0.15187   0.24363
 Src-osrc corr  16   8 o,n=   0.01199   0.17733
 Src-osrc corr   9   1 o,n=   6.68308   4.57968
 Src-osrc corr  10   1 o,n=   6.24621   4.29847
 Src-osrc corr  13   2 o,n=   0.01599   0.02520
 Src-osrc corr  14   2 o,n=   0.02794   0.10675
 Src-osrc corr  15   2 o,n=   0.00278   0.01880
 Src-osrc corr  13   3 o,n=   0.02520   0.02654
 Src-osrc corr  14   3 o,n=   0.10675   0.12922
 Src-osrc corr  15   3 o,n=   0.01880   0.01988
 Src-osrc corr  16   3 o,n=   0.00179   0.00424
 Src-osrc corr  13   4 o,n=   0.02654   0.02747
 Src-osrc corr  14   4 o,n=   0.12922   0.12817
 Src-osrc corr  15   4 o,n=   0.01988   0.01921
 Src-osrc corr  16   4 o,n=   0.00424   0.00429
 Src-osrc corr  13   5 o,n=   0.02747   0.04135
 Src-osrc corr  14   5 o,n=   0.12817   0.12847
 Src-osrc corr  15   5 o,n=   0.01921   0.02212
 Src-osrc corr  16   5 o,n=   0.00429   0.01712
 Src-osrc corr  13   6 o,n=   0.04135   0.04454
 Src-osrc corr  14   6 o,n=   0.12847   0.14449
 Src-osrc corr  15   6 o,n=   0.02212   0.02239
 Src-osrc corr  16   6 o,n=   0.01712   0.01112
 Src-osrc corr  13   7 o,n=   0.04454   0.04094
 Src-osrc corr  14   7 o,n=   0.14449   0.15187
 Src-osrc corr  15   7 o,n=   0.02239   0.04295
 Src-osrc corr  16   7 o,n=   0.01112   0.01199
 Src-osrc corr  13   8 o,n=   0.04094   0.44584
 Src-osrc corr  14   8 o,n=   0.15187   0.24363
 Src-osrc corr  16   8 o,n=   0.01199   0.17733
 Reaction Xsec     6.0+/ 6 @ 1 =    29.755 , Out:   0.000#   0.408    1.143    0.000#   9.744#   0.109#  28.204f

 Total SPIN, PARITY =     6.0 -,     18 chs,     18 cc.  Rmin & Coul turning =    0.9    6.4
 Src-osrc corr  11   1 o,n=  12.70303   9.87827
 Src-osrc corr  15   3 o,n=   0.13162   0.16590
 Src-osrc corr  17   3 o,n=   0.01732   0.06989
 Src-osrc corr  15   4 o,n=   0.16590   0.16611
 Src-osrc corr  16   4 o,n=   0.00009   0.01566
 Src-osrc corr  17   4 o,n=   0.06989   0.06964
 Src-osrc corr  15   5 o,n=   0.16611   0.17090
 Src-osrc corr  16   5 o,n=   0.01566   0.04177
 Src-osrc corr  17   5 o,n=   0.06964   0.06100
 Src-osrc corr  18   5 o,n=   0.00001   0.00899
 Src-osrc corr  15   6 o,n=   0.17090   0.17853
 Src-osrc corr  16   6 o,n=   0.04177   0.00010
 Src-osrc corr  17   6 o,n=   0.06100   0.06292
 Src-osrc corr  18   6 o,n=   0.00899   0.00001
 Src-osrc corr  15   7 o,n=   0.17853   0.17741
 Src-osrc corr  16   7 o,n=   0.00010   0.00817
 Src-osrc corr  17   7 o,n=   0.06292   0.06418
 Src-osrc corr  18   7 o,n=   0.00001   0.00170
 Src-osrc corr  15   8 o,n=   0.17741   0.16634
 Src-osrc corr  16   8 o,n=   0.00817   0.04268
 Src-osrc corr  17   8 o,n=   0.06418   0.11285
 Src-osrc corr  18   8 o,n=   0.00170   0.00969
 Src-osrc corr  15   9 o,n=   0.16634   2.09855
 Src-osrc corr  16   9 o,n=   0.04268   0.00009
 Src-osrc corr  18   9 o,n=   0.00969   0.00244
 Src-osrc corr  11   1 o,n=  12.70303   9.87827
 Src-osrc corr  15   3 o,n=   0.13162   0.16590
 Src-osrc corr  17   3 o,n=   0.01732   0.06989
 Src-osrc corr  15   4 o,n=   0.16590   0.16611
 Src-osrc corr  16   4 o,n=   0.00009   0.01566
 Src-osrc corr  17   4 o,n=   0.06989   0.06964
 Src-osrc corr  15   5 o,n=   0.16611   0.17090
 Src-osrc corr  16   5 o,n=   0.01566   0.04177
 Src-osrc corr  17   5 o,n=   0.06964   0.06100
 Src-osrc corr  18   5 o,n=   0.00001   0.00899
 Src-osrc corr  15   6 o,n=   0.17090   0.17853
 Src-osrc corr  16   6 o,n=   0.04177   0.00010
 Src-osrc corr  17   6 o,n=   0.06100   0.06292
 Src-osrc corr  18   6 o,n=   0.00899   0.00001
 Src-osrc corr  15   7 o,n=   0.17853   0.17741
 Src-osrc corr  16   7 o,n=   0.00010   0.00817
 Src-osrc corr  17   7 o,n=   0.06292   0.06418
 Src-osrc corr  18   7 o,n=   0.00001   0.00170
 Src-osrc corr  15   8 o,n=   0.17741   0.16634
 Src-osrc corr  16   8 o,n=   0.00817   0.04268
 Src-osrc corr  17   8 o,n=   0.06418   0.11285
 Src-osrc corr  18   8 o,n=   0.00170   0.00969
 Src-osrc corr  15   9 o,n=   0.16634   2.09855
 Src-osrc corr  16   9 o,n=   0.04268   0.00009
 Src-osrc corr  18   9 o,n=   0.00969   0.00244
 Src-osrc corr  11   1 o,n=  12.49084   9.69592
 Src-osrc corr  15   3 o,n=   0.13486   0.16906
 Src-osrc corr  17   3 o,n=   0.01734   0.06987
 Src-osrc corr  15   4 o,n=   0.16906   0.16927
 Src-osrc corr  16   4 o,n=   0.00014   0.01571
 Src-osrc corr  17   4 o,n=   0.06987   0.06961
 Src-osrc corr  15   5 o,n=   0.16927   0.17407
 Src-osrc corr  16   5 o,n=   0.01571   0.04175
 Src-osrc corr  17   5 o,n=   0.06961   0.06092
 Src-osrc corr  18   5 o,n=   0.00002   0.00899
 Src-osrc corr  15   6 o,n=   0.17407   0.18055
 Src-osrc corr  16   6 o,n=   0.04175   0.00011
 Src-osrc corr  17   6 o,n=   0.06092   0.06275
 Src-osrc corr  18   6 o,n=   0.00899   0.00002
 Src-osrc corr  15   7 o,n=   0.18055   0.17941
 Src-osrc corr  16   7 o,n=   0.00011   0.00819
 Src-osrc corr  17   7 o,n=   0.06275   0.06401
 Src-osrc corr  18   7 o,n=   0.00002   0.00171
 Src-osrc corr  15   8 o,n=   0.17941   0.16824
 Src-osrc corr  16   8 o,n=   0.00819   0.04273
 Src-osrc corr  17   8 o,n=   0.06401   0.11257
 Src-osrc corr  18   8 o,n=   0.00171   0.00971
 Src-osrc corr  15   9 o,n=   0.16824   2.09601
 Src-osrc corr  16   9 o,n=   0.04273   0.00009
 Src-osrc corr  18   9 o,n=   0.00971   0.00245
 Src-osrc corr  16  10 o,n=   0.00009   0.00009
 Src-osrc corr  18  10 o,n=   0.00245   0.00245
 Src-osrc corr  11   1 o,n=  12.63388   9.83679
 Src-osrc corr  15   3 o,n=   0.12992   0.16403
 Src-osrc corr  17   3 o,n=   0.01728   0.07002
 Src-osrc corr  15   4 o,n=   0.16403   0.16425
 Src-osrc corr  16   4 o,n=   0.00011   0.01571
 Src-osrc corr  17   4 o,n=   0.07002   0.06977
 Src-osrc corr  15   5 o,n=   0.16425   0.16913
 Src-osrc corr  16   5 o,n=   0.01571   0.04191
 Src-osrc corr  17   5 o,n=   0.06977   0.06103
 Src-osrc corr  18   5 o,n=   0.00002   0.00902
 Src-osrc corr  15   6 o,n=   0.16913   0.17695
 Src-osrc corr  16   6 o,n=   0.04191   0.00013
 Src-osrc corr  17   6 o,n=   0.06103   0.06246
 Src-osrc corr  18   6 o,n=   0.00902   0.00002
 Src-osrc corr  15   7 o,n=   0.17695   0.17586
 Src-osrc corr  16   7 o,n=   0.00013   0.00818
 Src-osrc corr  17   7 o,n=   0.06246   0.06372
 Src-osrc corr  18   7 o,n=   0.00002   0.00170
 Src-osrc corr  15   8 o,n=   0.17586   0.16549
 Src-osrc corr  16   8 o,n=   0.00818   0.04271
 Src-osrc corr  17   8 o,n=   0.06372   0.11244
 Src-osrc corr  18   8 o,n=   0.00170   0.00971
 Src-osrc corr  15   9 o,n=   0.16549   2.09825
 Src-osrc corr  16   9 o,n=   0.04271   0.00014
 Src-osrc corr  18   9 o,n=   0.00971   0.00243
 Src-osrc corr  16  10 o,n=   0.00014   0.00014
 Src-osrc corr  18  10 o,n=   0.00243   0.00243
 Src-osrc corr  11   1 o,n=  12.63628   9.83861
 Src-osrc corr  15   3 o,n=   0.12993   0.16403
 Src-osrc corr  17   3 o,n=   0.01728   0.07002
 Src-osrc corr  15   4 o,n=   0.16403   0.16425
 Src-osrc corr  16   4 o,n=   0.00012   0.01571
 Src-osrc corr  17   4 o,n=   0.07002   0.06977
 Src-osrc corr  15   5 o,n=   0.16425   0.16913
 Src-osrc corr  16   5 o,n=   0.01571   0.04191
 Src-osrc corr  17   5 o,n=   0.06977   0.06103
 Src-osrc corr  18   5 o,n=   0.00002   0.00902
 Src-osrc corr  15   6 o,n=   0.16913   0.17696
 Src-osrc corr  16   6 o,n=   0.04191   0.00013
 Src-osrc corr  17   6 o,n=   0.06103   0.06247
 Src-osrc corr  18   6 o,n=   0.00902   0.00002
 Src-osrc corr  15   7 o,n=   0.17696   0.17587
 Src-osrc corr  16   7 o,n=   0.00013   0.00818
 Src-osrc corr  17   7 o,n=   0.06247   0.06373
 Src-osrc corr  18   7 o,n=   0.00002   0.00170
 Src-osrc corr  15   8 o,n=   0.17587   0.16550
 Src-osrc corr  16   8 o,n=   0.00818   0.04271
 Src-osrc corr  17   8 o,n=   0.06373   0.11245
 Src-osrc corr  18   8 o,n=   0.00170   0.00971
 Src-osrc corr  15   9 o,n=   0.16550   2.09830
 Src-osrc corr  16   9 o,n=   0.04271   0.00014
 Src-osrc corr  18   9 o,n=   0.00971   0.00243
 Src-osrc corr  16  10 o,n=   0.00014   0.00014
 Src-osrc corr  18  10 o,n=   0.00243   0.00243
 Src-osrc corr  11   1 o,n=  12.62870   9.83138
 Src-osrc corr  15   3 o,n=   0.12992   0.16405
 Src-osrc corr  17   3 o,n=   0.01728   0.07003
 Src-osrc corr  15   4 o,n=   0.16405   0.16427
 Src-osrc corr  16   4 o,n=   0.00011   0.01571
 Src-osrc corr  17   4 o,n=   0.07003   0.06977
 Src-osrc corr  15   5 o,n=   0.16427   0.16915
 Src-osrc corr  16   5 o,n=   0.01571   0.04191
 Src-osrc corr  17   5 o,n=   0.06977   0.06103
 Src-osrc corr  18   5 o,n=   0.00002   0.00902
 Src-osrc corr  15   6 o,n=   0.16915   0.17696
 Src-osrc corr  16   6 o,n=   0.04191   0.00013
 Src-osrc corr  17   6 o,n=   0.06103   0.06247
 Src-osrc corr  18   6 o,n=   0.00902   0.00002
 Src-osrc corr  15   7 o,n=   0.17696   0.17587
 Src-osrc corr  16   7 o,n=   0.00013   0.00818
 Src-osrc corr  17   7 o,n=   0.06247   0.06373
 Src-osrc corr  18   7 o,n=   0.00002   0.00170
 Src-osrc corr  15   8 o,n=   0.17587   0.16548
 Src-osrc corr  16   8 o,n=   0.00818   0.04271
 Src-osrc corr  17   8 o,n=   0.06373   0.11245
 Src-osrc corr  18   8 o,n=   0.00170   0.00971
 Src-osrc corr  15   9 o,n=   0.16548   2.09838
 Src-osrc corr  16   9 o,n=   0.04271   0.00014
 Src-osrc corr  18   9 o,n=   0.00971   0.00243
 Src-osrc corr  16  10 o,n=   0.00014   0.00014
 Src-osrc corr  18  10 o,n=   0.00243   0.00243
 Reaction Xsec     6.0-/ 5 @ 1 =    86.920 , Out:   0.000#   1.170    2.275    0.000#   0.199/   3.553#  83.475f
 Src-osrc corr  12   2 o,n=   5.67808   3.41505
 Src-osrc corr  15   4 o,n=   0.00007   0.00234
 Src-osrc corr  16   4 o,n=   0.00790   0.04206
 Src-osrc corr  17   4 o,n=   0.00001   0.00182
 Src-osrc corr  15   5 o,n=   0.00234   0.00074
 Src-osrc corr  16   5 o,n=   0.04206   0.04662
 Src-osrc corr  17   5 o,n=   0.00182   0.00024
 Src-osrc corr  18   5 o,n=   0.00033   0.00060
 Src-osrc corr  15   6 o,n=   0.00074   0.00007
 Src-osrc corr  16   6 o,n=   0.04662   0.04675
 Src-osrc corr  17   6 o,n=   0.00024   0.00001
 Src-osrc corr  18   6 o,n=   0.00060   0.00063
 Src-osrc corr  15   7 o,n=   0.00007   0.01027
 Src-osrc corr  16   7 o,n=   0.04675   0.05201
 Src-osrc corr  17   7 o,n=   0.00001   0.00722
 Src-osrc corr  18   7 o,n=   0.00063   0.00621
 Src-osrc corr  15   8 o,n=   0.01027   0.00451
 Src-osrc corr  16   8 o,n=   0.05201   0.05652
 Src-osrc corr  17   8 o,n=   0.00722   0.00001
 Src-osrc corr  18   8 o,n=   0.00621   0.00522
 Src-osrc corr  15   9 o,n=   0.00451   0.00006
 Src-osrc corr  16   9 o,n=   0.05652   0.05660
 Src-osrc corr  18   9 o,n=   0.00522   0.00520
 Src-osrc corr  16  10 o,n=   0.05660   0.07867
 Src-osrc corr  18  10 o,n=   0.00520   0.04304
 Src-osrc corr  12   2 o,n=   5.67808   3.41505
 Src-osrc corr  15   4 o,n=   0.00007   0.00234
 Src-osrc corr  16   4 o,n=   0.00790   0.04206
 Src-osrc corr  17   4 o,n=   0.00001   0.00182
 Src-osrc corr  15   5 o,n=   0.00234   0.00074
 Src-osrc corr  16   5 o,n=   0.04206   0.04662
 Src-osrc corr  17   5 o,n=   0.00182   0.00024
 Src-osrc corr  18   5 o,n=   0.00033   0.00060
 Src-osrc corr  15   6 o,n=   0.00074   0.00007
 Src-osrc corr  16   6 o,n=   0.04662   0.04675
 Src-osrc corr  17   6 o,n=   0.00024   0.00001
 Src-osrc corr  18   6 o,n=   0.00060   0.00063
 Src-osrc corr  15   7 o,n=   0.00007   0.01027
 Src-osrc corr  16   7 o,n=   0.04675   0.05201
 Src-osrc corr  17   7 o,n=   0.00001   0.00722
 Src-osrc corr  18   7 o,n=   0.00063   0.00621
 Src-osrc corr  15   8 o,n=   0.01027   0.00451
 Src-osrc corr  16   8 o,n=   0.05201   0.05652
 Src-osrc corr  17   8 o,n=   0.00722   0.00001
 Src-osrc corr  18   8 o,n=   0.00621   0.00522
 Src-osrc corr  15   9 o,n=   0.00451   0.00006
 Src-osrc corr  16   9 o,n=   0.05652   0.05660
 Src-osrc corr  18   9 o,n=   0.00522   0.00520
 Src-osrc corr  16  10 o,n=   0.05660   0.07867
 Src-osrc corr  18  10 o,n=   0.00520   0.04304
 Src-osrc corr  12   2 o,n=   5.66869   3.40675
 Src-osrc corr  15   3 o,n=   0.00008   0.00008
 Src-osrc corr  17   3 o,n=   0.00001   0.00001
 Src-osrc corr  15   4 o,n=   0.00008   0.00234
 Src-osrc corr  16   4 o,n=   0.00793   0.04209
 Src-osrc corr  17   4 o,n=   0.00001   0.00182
 Src-osrc corr  15   5 o,n=   0.00234   0.00074
 Src-osrc corr  16   5 o,n=   0.04209   0.04665
 Src-osrc corr  17   5 o,n=   0.00182   0.00024
 Src-osrc corr  18   5 o,n=   0.00033   0.00060
 Src-osrc corr  15   6 o,n=   0.00074   0.00007
 Src-osrc corr  16   6 o,n=   0.04665   0.04678
 Src-osrc corr  17   6 o,n=   0.00024   0.00001
 Src-osrc corr  18   6 o,n=   0.00060   0.00063
 Src-osrc corr  15   7 o,n=   0.00007   0.01027
 Src-osrc corr  16   7 o,n=   0.04678   0.05204
 Src-osrc corr  17   7 o,n=   0.00001   0.00722
 Src-osrc corr  18   7 o,n=   0.00063   0.00621
 Src-osrc corr  15   8 o,n=   0.01027   0.00452
 Src-osrc corr  16   8 o,n=   0.05204   0.05655
 Src-osrc corr  17   8 o,n=   0.00722   0.00001
 Src-osrc corr  18   8 o,n=   0.00621   0.00522
 Src-osrc corr  15   9 o,n=   0.00452   0.00007
 Src-osrc corr  16   9 o,n=   0.05655   0.05663
 Src-osrc corr  18   9 o,n=   0.00522   0.00520
 Src-osrc corr  16  10 o,n=   0.05663   0.07871
 Src-osrc corr  18  10 o,n=   0.00520   0.04306
 Src-osrc corr  11   1 o,n=   0.10243   0.07622
 Src-osrc corr  12   2 o,n=   5.67599   3.41435
 Src-osrc corr  15   3 o,n=   0.00161   0.00186
 Src-osrc corr  17   3 o,n=   0.00021   0.00092
 Src-osrc corr  15   4 o,n=   0.00186   0.00357
 Src-osrc corr  16   4 o,n=   0.00790   0.04211
 Src-osrc corr  17   4 o,n=   0.00092   0.00190
 Src-osrc corr  15   5 o,n=   0.00357   0.00220
 Src-osrc corr  16   5 o,n=   0.04211   0.04678
 Src-osrc corr  17   5 o,n=   0.00190   0.00095
 Src-osrc corr  18   5 o,n=   0.00033   0.00066
 Src-osrc corr  15   6 o,n=   0.00220   0.00313
 Src-osrc corr  16   6 o,n=   0.04678   0.04684
 Src-osrc corr  17   6 o,n=   0.00095   0.00114
 Src-osrc corr  18   6 o,n=   0.00066   0.00063
 Src-osrc corr  15   7 o,n=   0.00313   0.01214
 Src-osrc corr  16   7 o,n=   0.04684   0.05201
 Src-osrc corr  17   7 o,n=   0.00114   0.00701
 Src-osrc corr  18   7 o,n=   0.00063   0.00620
 Src-osrc corr  15   8 o,n=   0.01214   0.00645
 Src-osrc corr  16   8 o,n=   0.05201   0.05658
 Src-osrc corr  17   8 o,n=   0.00701   0.00159
 Src-osrc corr  18   8 o,n=   0.00620   0.00515
 Src-osrc corr  15   9 o,n=   0.00645   0.02800
 Src-osrc corr  16   9 o,n=   0.05658   0.05660
 Src-osrc corr  18   9 o,n=   0.00515   0.00519
 Src-osrc corr  16  10 o,n=   0.05660   0.07873
 Src-osrc corr  18  10 o,n=   0.00519   0.04308
 Src-osrc corr  11   1 o,n=   0.10243   0.07622
 Src-osrc corr  12   2 o,n=   5.67602   3.41437
 Src-osrc corr  15   3 o,n=   0.00161   0.00186
 Src-osrc corr  17   3 o,n=   0.00021   0.00092
 Src-osrc corr  15   4 o,n=   0.00186   0.00357
 Src-osrc corr  16   4 o,n=   0.00790   0.04211
 Src-osrc corr  17   4 o,n=   0.00092   0.00190
 Src-osrc corr  15   5 o,n=   0.00357   0.00220
 Src-osrc corr  16   5 o,n=   0.04211   0.04678
 Src-osrc corr  17   5 o,n=   0.00190   0.00095
 Src-osrc corr  18   5 o,n=   0.00033   0.00066
 Src-osrc corr  15   6 o,n=   0.00220   0.00313
 Src-osrc corr  16   6 o,n=   0.04678   0.04684
 Src-osrc corr  17   6 o,n=   0.00095   0.00114
 Src-osrc corr  18   6 o,n=   0.00066   0.00063
 Src-osrc corr  15   7 o,n=   0.00313   0.01214
 Src-osrc corr  16   7 o,n=   0.04684   0.05201
 Src-osrc corr  17   7 o,n=   0.00114   0.00701
 Src-osrc corr  18   7 o,n=   0.00063   0.00620
 Src-osrc corr  15   8 o,n=   0.01214   0.00645
 Src-osrc corr  16   8 o,n=   0.05201   0.05658
 Src-osrc corr  17   8 o,n=   0.00701   0.00159
 Src-osrc corr  18   8 o,n=   0.00620   0.00515
 Src-osrc corr  15   9 o,n=   0.00645   0.02800
 Src-osrc corr  16   9 o,n=   0.05658   0.05660
 Src-osrc corr  18   9 o,n=   0.00515   0.00519
 Src-osrc corr  16  10 o,n=   0.05660   0.07873
 Src-osrc corr  18  10 o,n=   0.00519   0.04308
 Src-osrc corr  11   1 o,n=   0.00172   0.00149
 Src-osrc corr  12   2 o,n=   5.67595   3.41431
 Src-osrc corr  15   3 o,n=   0.00010   0.00010
 Src-osrc corr  17   3 o,n=   0.00001   0.00001
 Src-osrc corr  15   4 o,n=   0.00010   0.00235
 Src-osrc corr  16   4 o,n=   0.00790   0.04213
 Src-osrc corr  17   4 o,n=   0.00001   0.00182
 Src-osrc corr  15   5 o,n=   0.00235   0.00076
 Src-osrc corr  16   5 o,n=   0.04213   0.04670
 Src-osrc corr  17   5 o,n=   0.00182   0.00023
 Src-osrc corr  18   5 o,n=   0.00033   0.00060
 Src-osrc corr  15   6 o,n=   0.00076   0.00010
 Src-osrc corr  16   6 o,n=   0.04670   0.04684
 Src-osrc corr  17   6 o,n=   0.00023   0.00001
 Src-osrc corr  18   6 o,n=   0.00060   0.00063
 Src-osrc corr  15   7 o,n=   0.00010   0.01030
 Src-osrc corr  16   7 o,n=   0.04684   0.05202
 Src-osrc corr  17   7 o,n=   0.00001   0.00723
 Src-osrc corr  18   7 o,n=   0.00063   0.00621
 Src-osrc corr  15   8 o,n=   0.01030   0.00454
 Src-osrc corr  16   8 o,n=   0.05202   0.05652
 Src-osrc corr  17   8 o,n=   0.00723   0.00002
 Src-osrc corr  18   8 o,n=   0.00621   0.00522
 Src-osrc corr  15   9 o,n=   0.00454   0.00026
 Src-osrc corr  16   9 o,n=   0.05652   0.05660
 Src-osrc corr  18   9 o,n=   0.00522   0.00520
 Src-osrc corr  16  10 o,n=   0.05660   0.07873
 Src-osrc corr  18  10 o,n=   0.00520   0.04308
 Src-osrc corr  11   1 o,n=   0.00105   0.00097
 Src-osrc corr  12   2 o,n=   5.67596   3.41432
 Src-osrc corr  15   3 o,n=   0.00005   0.00005
 Src-osrc corr  17   3 o,n=   0.00001   0.00001
 Src-osrc corr  15   4 o,n=   0.00005   0.00234
 Src-osrc corr  16   4 o,n=   0.00790   0.04213
 Src-osrc corr  17   4 o,n=   0.00001   0.00182
 Src-osrc corr  15   5 o,n=   0.00234   0.00074
 Src-osrc corr  16   5 o,n=   0.04213   0.04670
 Src-osrc corr  17   5 o,n=   0.00182   0.00023
 Src-osrc corr  18   5 o,n=   0.00033   0.00060
 Src-osrc corr  15   6 o,n=   0.00074   0.00006
 Src-osrc corr  16   6 o,n=   0.04670   0.04684
 Src-osrc corr  17   6 o,n=   0.00023   0.00001
 Src-osrc corr  18   6 o,n=   0.00060   0.00063
 Src-osrc corr  15   7 o,n=   0.00006   0.01026
 Src-osrc corr  16   7 o,n=   0.04684   0.05202
 Src-osrc corr  17   7 o,n=   0.00001   0.00723
 Src-osrc corr  18   7 o,n=   0.00063   0.00621
 Src-osrc corr  15   8 o,n=   0.01026   0.00450
 Src-osrc corr  16   8 o,n=   0.05202   0.05651
 Src-osrc corr  17   8 o,n=   0.00723   0.00001
 Src-osrc corr  18   8 o,n=   0.00621   0.00522
 Src-osrc corr  15   9 o,n=   0.00450   0.00013
 Src-osrc corr  16   9 o,n=   0.05651   0.05660
 Src-osrc corr  18   9 o,n=   0.00522   0.00520
 Src-osrc corr  16  10 o,n=   0.05660   0.07873
 Src-osrc corr  18  10 o,n=   0.00520   0.04308
 Src-osrc corr  11   1 o,n=   0.00160   0.00142
 Src-osrc corr  12   2 o,n=   5.67596   3.41432
 Src-osrc corr  15   3 o,n=   0.00003   0.00003
 Src-osrc corr  17   3 o,n=   0.00001   0.00001
 Src-osrc corr  15   4 o,n=   0.00003   0.00233
 Src-osrc corr  16   4 o,n=   0.00790   0.04213
 Src-osrc corr  17   4 o,n=   0.00001   0.00182
 Src-osrc corr  15   5 o,n=   0.00233   0.00073
 Src-osrc corr  16   5 o,n=   0.04213   0.04670
 Src-osrc corr  17   5 o,n=   0.00182   0.00024
 Src-osrc corr  18   5 o,n=   0.00033   0.00060
 Src-osrc corr  15   6 o,n=   0.00073   0.00004
 Src-osrc corr  16   6 o,n=   0.04670   0.04684
 Src-osrc corr  17   6 o,n=   0.00024   0.00001
 Src-osrc corr  18   6 o,n=   0.00060   0.00063
 Src-osrc corr  15   7 o,n=   0.00004   0.01025
 Src-osrc corr  16   7 o,n=   0.04684   0.05202
 Src-osrc corr  17   7 o,n=   0.00001   0.00723
 Src-osrc corr  18   7 o,n=   0.00063   0.00621
 Src-osrc corr  15   8 o,n=   0.01025   0.00448
 Src-osrc corr  16   8 o,n=   0.05202   0.05651
 Src-osrc corr  17   8 o,n=   0.00723   0.00001
 Src-osrc corr  18   8 o,n=   0.00621   0.00522
 Src-osrc corr  15   9 o,n=   0.00448   0.00030
 Src-osrc corr  16   9 o,n=   0.05651   0.05660
 Src-osrc corr  18   9 o,n=   0.00522   0.00520
 Src-osrc corr  16  10 o,n=   0.05660   0.07873
 Src-osrc corr  18  10 o,n=   0.00520   0.04308
 Src-osrc corr  11   1 o,n=   0.00004   0.00004
 Src-osrc corr  12   2 o,n=   5.67596   3.41432
 Src-osrc corr  15   3 o,n=   0.00007   0.00007
 Src-osrc corr  17   3 o,n=   0.00001   0.00001
 Src-osrc corr  15   4 o,n=   0.00007   0.00234
 Src-osrc corr  16   4 o,n=   0.00790   0.04213
 Src-osrc corr  17   4 o,n=   0.00001   0.00182
 Src-osrc corr  15   5 o,n=   0.00234   0.00074
 Src-osrc corr  16   5 o,n=   0.04213   0.04670
 Src-osrc corr  17   5 o,n=   0.00182   0.00024
 Src-osrc corr  18   5 o,n=   0.00033   0.00060
 Src-osrc corr  15   6 o,n=   0.00074   0.00007
 Src-osrc corr  16   6 o,n=   0.04670   0.04684
 Src-osrc corr  17   6 o,n=   0.00024   0.00001
 Src-osrc corr  18   6 o,n=   0.00060   0.00063
 Src-osrc corr  15   7 o,n=   0.00007   0.01028
 Src-osrc corr  16   7 o,n=   0.04684   0.05202
 Src-osrc corr  17   7 o,n=   0.00001   0.00723
 Src-osrc corr  18   7 o,n=   0.00063   0.00621
 Src-osrc corr  15   8 o,n=   0.01028   0.00452
 Src-osrc corr  16   8 o,n=   0.05202   0.05652
 Src-osrc corr  17   8 o,n=   0.00723   0.00001
 Src-osrc corr  18   8 o,n=   0.00621   0.00522
 Src-osrc corr  15   9 o,n=   0.00452   0.00006
 Src-osrc corr  16   9 o,n=   0.05652   0.05660
 Src-osrc corr  18   9 o,n=   0.00522   0.00520
 Src-osrc corr  16  10 o,n=   0.05660   0.07873
 Src-osrc corr  18  10 o,n=   0.00520   0.04308
 Src-osrc corr  11   1 o,n=   0.00004   0.00004
 Src-osrc corr  12   2 o,n=   5.67596   3.41432
 Src-osrc corr  15   3 o,n=   0.00007   0.00007
 Src-osrc corr  17   3 o,n=   0.00001   0.00001
 Src-osrc corr  15   4 o,n=   0.00007   0.00234
 Src-osrc corr  16   4 o,n=   0.00790   0.04213
 Src-osrc corr  17   4 o,n=   0.00001   0.00182
 Src-osrc corr  15   5 o,n=   0.00234   0.00074
 Src-osrc corr  16   5 o,n=   0.04213   0.04670
 Src-osrc corr  17   5 o,n=   0.00182   0.00024
 Src-osrc corr  18   5 o,n=   0.00033   0.00060
 Src-osrc corr  15   6 o,n=   0.00074   0.00007
 Src-osrc corr  16   6 o,n=   0.04670   0.04684
 Src-osrc corr  17   6 o,n=   0.00024   0.00001
 Src-osrc corr  18   6 o,n=   0.00060   0.00063
 Src-osrc corr  15   7 o,n=   0.00007   0.01028
 Src-osrc corr  16   7 o,n=   0.04684   0.05202
 Src-osrc corr  17   7 o,n=   0.00001   0.00723
 Src-osrc corr  18   7 o,n=   0.00063   0.00621
 Src-osrc corr  15   8 o,n=   0.01028   0.00452
 Src-osrc corr  16   8 o,n=   0.05202   0.05652
 Src-osrc corr  17   8 o,n=   0.00723   0.00001
 Src-osrc corr  18   8 o,n=   0.00621   0.00522
 Src-osrc corr  15   9 o,n=   0.00452   0.00006
 Src-osrc corr  16   9 o,n=   0.05652   0.05660
 Src-osrc corr  18   9 o,n=   0.00522   0.00520
 Src-osrc corr  16  10 o,n=   0.05660   0.07873
 Src-osrc corr  18  10 o,n=   0.00520   0.04308
 Reaction Xsec     6.0-/ 7 @ 2 =     7.631 , Out:   0.000#   0.062    0.392    0.000#   0.421#   0.001#   7.176f

 Total SPIN, PARITY =     7.0 +,     18 chs,     18 cc.  Rmin & Coul turning =    1.1    7.4
 Src-osrc corr  11   1 o,n=   9.19449   6.31701
 Src-osrc corr  15   3 o,n=   0.02332   0.03535
 Src-osrc corr  17   3 o,n=   0.00415   0.02138
 Src-osrc corr  15   4 o,n=   0.03535   0.03536
 Src-osrc corr  16   4 o,n=   0.00001   0.00329
 Src-osrc corr  17   4 o,n=   0.02138   0.02136
 Src-osrc corr  15   5 o,n=   0.03536   0.03590
 Src-osrc corr  16   5 o,n=   0.00329   0.01014
 Src-osrc corr  17   5 o,n=   0.02136   0.02049
 Src-osrc corr  18   5 o,n=   0.00000   0.00227
 Src-osrc corr  15   6 o,n=   0.03590   0.05931
 Src-osrc corr  16   6 o,n=   0.01014   0.00001
 Src-osrc corr  17   6 o,n=   0.02049   0.02718
 Src-osrc corr  18   6 o,n=   0.00227   0.00000
 Src-osrc corr  15   7 o,n=   0.05931   0.05905
 Src-osrc corr  16   7 o,n=   0.00001   0.00220
 Src-osrc corr  17   7 o,n=   0.02718   0.02740
 Src-osrc corr  18   7 o,n=   0.00000   0.00045
 Src-osrc corr  15   8 o,n=   0.05905   0.05455
 Src-osrc corr  16   8 o,n=   0.00220   0.01300
 Src-osrc corr  17   8 o,n=   0.02740   0.03841
 Src-osrc corr  18   8 o,n=   0.00045   0.00300
 Src-osrc corr  15   9 o,n=   0.05455   0.66991
 Src-osrc corr  16   9 o,n=   0.01300   0.00000
 Src-osrc corr  18   9 o,n=   0.00300   0.00076
 Src-osrc corr  11   1 o,n=   9.19449   6.31701
 Src-osrc corr  15   3 o,n=   0.02332   0.03535
 Src-osrc corr  17   3 o,n=   0.00415   0.02138
 Src-osrc corr  15   4 o,n=   0.03535   0.03536
 Src-osrc corr  16   4 o,n=   0.00001   0.00329
 Src-osrc corr  17   4 o,n=   0.02138   0.02136
 Src-osrc corr  15   5 o,n=   0.03536   0.03590
 Src-osrc corr  16   5 o,n=   0.00329   0.01014
 Src-osrc corr  17   5 o,n=   0.02136   0.02049
 Src-osrc corr  18   5 o,n=   0.00000   0.00227
 Src-osrc corr  15   6 o,n=   0.03590   0.05931
 Src-osrc corr  16   6 o,n=   0.01014   0.00001
 Src-osrc corr  17   6 o,n=   0.02049   0.02718
 Src-osrc corr  18   6 o,n=   0.00227   0.00000
 Src-osrc corr  15   7 o,n=   0.05931   0.05905
 Src-osrc corr  16   7 o,n=   0.00001   0.00220
 Src-osrc corr  17   7 o,n=   0.02718   0.02740
 Src-osrc corr  18   7 o,n=   0.00000   0.00045
 Src-osrc corr  15   8 o,n=   0.05905   0.05455
 Src-osrc corr  16   8 o,n=   0.00220   0.01300
 Src-osrc corr  17   8 o,n=   0.02740   0.03841
 Src-osrc corr  18   8 o,n=   0.00045   0.00300
 Src-osrc corr  15   9 o,n=   0.05455   0.66991
 Src-osrc corr  16   9 o,n=   0.01300   0.00000
 Src-osrc corr  18   9 o,n=   0.00300   0.00076
 Src-osrc corr  11   1 o,n=   9.14556   6.27385
 Src-osrc corr  15   3 o,n=   0.02364   0.03568
 Src-osrc corr  17   3 o,n=   0.00416   0.02142
 Src-osrc corr  15   4 o,n=   0.03568   0.03570
 Src-osrc corr  16   4 o,n=   0.00001   0.00331
 Src-osrc corr  17   4 o,n=   0.02142   0.02140
 Src-osrc corr  15   5 o,n=   0.03570   0.03624
 Src-osrc corr  16   5 o,n=   0.00331   0.01015
 Src-osrc corr  17   5 o,n=   0.02140   0.02052
 Src-osrc corr  18   5 o,n=   0.00000   0.00227
 Src-osrc corr  15   6 o,n=   0.03624   0.05952
 Src-osrc corr  16   6 o,n=   0.01015   0.00001
 Src-osrc corr  17   6 o,n=   0.02052   0.02721
 Src-osrc corr  18   6 o,n=   0.00227   0.00000
 Src-osrc corr  15   7 o,n=   0.05952   0.05926
 Src-osrc corr  16   7 o,n=   0.00001   0.00221
 Src-osrc corr  17   7 o,n=   0.02721   0.02742
 Src-osrc corr  18   7 o,n=   0.00000   0.00045
 Src-osrc corr  15   8 o,n=   0.05926   0.05474
 Src-osrc corr  16   8 o,n=   0.00221   0.01302
 Src-osrc corr  17   8 o,n=   0.02742   0.03845
 Src-osrc corr  18   8 o,n=   0.00045   0.00301
 Src-osrc corr  15   9 o,n=   0.05474   0.67067
 Src-osrc corr  16   9 o,n=   0.01302   0.00001
 Src-osrc corr  18   9 o,n=   0.00301   0.00076
 Src-osrc corr  11   1 o,n=   9.17965   6.30900
 Src-osrc corr  15   3 o,n=   0.02306   0.03510
 Src-osrc corr  17   3 o,n=   0.00415   0.02144
 Src-osrc corr  15   4 o,n=   0.03510   0.03512
 Src-osrc corr  16   4 o,n=   0.00001   0.00330
 Src-osrc corr  17   4 o,n=   0.02144   0.02142
 Src-osrc corr  15   5 o,n=   0.03512   0.03568
 Src-osrc corr  16   5 o,n=   0.00330   0.01017
 Src-osrc corr  17   5 o,n=   0.02142   0.02053
 Src-osrc corr  18   5 o,n=   0.00000   0.00227
 Src-osrc corr  15   6 o,n=   0.03568   0.05905
 Src-osrc corr  16   6 o,n=   0.01017   0.00001
 Src-osrc corr  17   6 o,n=   0.02053   0.02714
 Src-osrc corr  18   6 o,n=   0.00227   0.00000
 Src-osrc corr  15   7 o,n=   0.05905   0.05880
 Src-osrc corr  16   7 o,n=   0.00001   0.00220
 Src-osrc corr  17   7 o,n=   0.02714   0.02735
 Src-osrc corr  18   7 o,n=   0.00000   0.00045
 Src-osrc corr  15   8 o,n=   0.05880   0.05435
 Src-osrc corr  16   8 o,n=   0.00220   0.01301
 Src-osrc corr  17   8 o,n=   0.02735   0.03838
 Src-osrc corr  18   8 o,n=   0.00045   0.00301
 Src-osrc corr  15   9 o,n=   0.05435   0.67084
 Src-osrc corr  16   9 o,n=   0.01301   0.00002
 Src-osrc corr  18   9 o,n=   0.00301   0.00075
 Src-osrc corr  16  10 o,n=   0.00002   0.00002
 Src-osrc corr  18  10 o,n=   0.00075   0.00075
 Src-osrc corr  11   1 o,n=   9.17994   6.30923
 Src-osrc corr  15   3 o,n=   0.02306   0.03510
 Src-osrc corr  17   3 o,n=   0.00415   0.02144
 Src-osrc corr  15   4 o,n=   0.03510   0.03512
 Src-osrc corr  16   4 o,n=   0.00001   0.00330
 Src-osrc corr  17   4 o,n=   0.02144   0.02142
 Src-osrc corr  15   5 o,n=   0.03512   0.03568
 Src-osrc corr  16   5 o,n=   0.00330   0.01017
 Src-osrc corr  17   5 o,n=   0.02142   0.02053
 Src-osrc corr  18   5 o,n=   0.00000   0.00227
 Src-osrc corr  15   6 o,n=   0.03568   0.05905
 Src-osrc corr  16   6 o,n=   0.01017   0.00001
 Src-osrc corr  17   6 o,n=   0.02053   0.02714
 Src-osrc corr  18   6 o,n=   0.00227   0.00000
 Src-osrc corr  15   7 o,n=   0.05905   0.05880
 Src-osrc corr  16   7 o,n=   0.00001   0.00220
 Src-osrc corr  17   7 o,n=   0.02714   0.02735
 Src-osrc corr  18   7 o,n=   0.00000   0.00045
 Src-osrc corr  15   8 o,n=   0.05880   0.05435
 Src-osrc corr  16   8 o,n=   0.00220   0.01301
 Src-osrc corr  17   8 o,n=   0.02735   0.03838
 Src-osrc corr  18   8 o,n=   0.00045   0.00301
 Src-osrc corr  15   9 o,n=   0.05435   0.67083
 Src-osrc corr  16   9 o,n=   0.01301   0.00002
 Src-osrc corr  18   9 o,n=   0.00301   0.00075
 Src-osrc corr  16  10 o,n=   0.00002   0.00002
 Src-osrc corr  18  10 o,n=   0.00075   0.00075
 Src-osrc corr  11   1 o,n=   9.17924   6.30853
 Src-osrc corr  15   3 o,n=   0.02306   0.03510
 Src-osrc corr  17   3 o,n=   0.00415   0.02144
 Src-osrc corr  15   4 o,n=   0.03510   0.03512
 Src-osrc corr  16   4 o,n=   0.00001   0.00330
 Src-osrc corr  17   4 o,n=   0.02144   0.02142
 Src-osrc corr  15   5 o,n=   0.03512   0.03568
 Src-osrc corr  16   5 o,n=   0.00330   0.01017
 Src-osrc corr  17   5 o,n=   0.02142   0.02053
 Src-osrc corr  18   5 o,n=   0.00000   0.00227
 Src-osrc corr  15   6 o,n=   0.03568   0.05905
 Src-osrc corr  16   6 o,n=   0.01017   0.00001
 Src-osrc corr  17   6 o,n=   0.02053   0.02714
 Src-osrc corr  18   6 o,n=   0.00227   0.00000
 Src-osrc corr  15   7 o,n=   0.05905   0.05880
 Src-osrc corr  16   7 o,n=   0.00001   0.00220
 Src-osrc corr  17   7 o,n=   0.02714   0.02736
 Src-osrc corr  18   7 o,n=   0.00000   0.00045
 Src-osrc corr  15   8 o,n=   0.05880   0.05436
 Src-osrc corr  16   8 o,n=   0.00220   0.01301
 Src-osrc corr  17   8 o,n=   0.02736   0.03839
 Src-osrc corr  18   8 o,n=   0.00045   0.00301
 Src-osrc corr  15   9 o,n=   0.05436   0.67085
 Src-osrc corr  16   9 o,n=   0.01301   0.00002
 Src-osrc corr  18   9 o,n=   0.00301   0.00075
 Src-osrc corr  16  10 o,n=   0.00002   0.00002
 Src-osrc corr  18  10 o,n=   0.00075   0.00075
 Reaction Xsec     7.0+/ 6 @ 1 =    35.516 , Out:   0.000#   0.449    1.318    0.000#   5.906#   0.185#  33.750f
 Src-osrc corr  12   2 o,n=   3.45661   1.79018
 Src-osrc corr  15   4 o,n=   0.00000   0.00061
 Src-osrc corr  16   4 o,n=   0.00104   0.01165
 Src-osrc corr  17   4 o,n=   0.00000   0.00044
 Src-osrc corr  15   5 o,n=   0.00061   0.00016
 Src-osrc corr  16   5 o,n=   0.01165   0.01267
 Src-osrc corr  17   5 o,n=   0.00044   0.00005
 Src-osrc corr  18   5 o,n=   0.00005   0.00014
 Src-osrc corr  15   6 o,n=   0.00016   0.00000
 Src-osrc corr  16   6 o,n=   0.01267   0.01270
 Src-osrc corr  17   6 o,n=   0.00005   0.00000
 Src-osrc corr  18   6 o,n=   0.00014   0.00015
 Src-osrc corr  15   7 o,n=   0.00000   0.00256
 Src-osrc corr  16   7 o,n=   0.01270   0.01382
 Src-osrc corr  17   7 o,n=   0.00000   0.00169
 Src-osrc corr  18   7 o,n=   0.00015   0.00182
 Src-osrc corr  15   8 o,n=   0.00256   0.00095
 Src-osrc corr  16   8 o,n=   0.01382   0.01488
 Src-osrc corr  17   8 o,n=   0.00169   0.00000
 Src-osrc corr  18   8 o,n=   0.00182   0.00156
 Src-osrc corr  15   9 o,n=   0.00095   0.00000
 Src-osrc corr  16   9 o,n=   0.01488   0.01489
 Src-osrc corr  18   9 o,n=   0.00156   0.00155
 Src-osrc corr  16  10 o,n=   0.01489   0.02074
 Src-osrc corr  18  10 o,n=   0.00155   0.01149
 Src-osrc corr  12   2 o,n=   3.45661   1.79018
 Src-osrc corr  15   4 o,n=   0.00000   0.00061
 Src-osrc corr  16   4 o,n=   0.00104   0.01165
 Src-osrc corr  17   4 o,n=   0.00000   0.00044
 Src-osrc corr  15   5 o,n=   0.00061   0.00016
 Src-osrc corr  16   5 o,n=   0.01165   0.01267
 Src-osrc corr  17   5 o,n=   0.00044   0.00005
 Src-osrc corr  18   5 o,n=   0.00005   0.00014
 Src-osrc corr  15   6 o,n=   0.00016   0.00000
 Src-osrc corr  16   6 o,n=   0.01267   0.01270
 Src-osrc corr  17   6 o,n=   0.00005   0.00000
 Src-osrc corr  18   6 o,n=   0.00014   0.00015
 Src-osrc corr  15   7 o,n=   0.00000   0.00256
 Src-osrc corr  16   7 o,n=   0.01270   0.01382
 Src-osrc corr  17   7 o,n=   0.00000   0.00169
 Src-osrc corr  18   7 o,n=   0.00015   0.00182
 Src-osrc corr  15   8 o,n=   0.00256   0.00095
 Src-osrc corr  16   8 o,n=   0.01382   0.01488
 Src-osrc corr  17   8 o,n=   0.00169   0.00000
 Src-osrc corr  18   8 o,n=   0.00182   0.00156
 Src-osrc corr  15   9 o,n=   0.00095   0.00000
 Src-osrc corr  16   9 o,n=   0.01488   0.01489
 Src-osrc corr  18   9 o,n=   0.00156   0.00155
 Src-osrc corr  16  10 o,n=   0.01489   0.02074
 Src-osrc corr  18  10 o,n=   0.00155   0.01149
 Src-osrc corr  12   2 o,n=   3.45473   1.78854
 Src-osrc corr  15   3 o,n=   0.00000   0.00000
 Src-osrc corr  17   3 o,n=   0.00000   0.00000
 Src-osrc corr  15   4 o,n=   0.00000   0.00061
 Src-osrc corr  16   4 o,n=   0.00104   0.01165
 Src-osrc corr  17   4 o,n=   0.00000   0.00044
 Src-osrc corr  15   5 o,n=   0.00061   0.00016
 Src-osrc corr  16   5 o,n=   0.01165   0.01268
 Src-osrc corr  17   5 o,n=   0.00044   0.00005
 Src-osrc corr  18   5 o,n=   0.00005   0.00014
 Src-osrc corr  15   6 o,n=   0.00016   0.00000
 Src-osrc corr  16   6 o,n=   0.01268   0.01270
 Src-osrc corr  17   6 o,n=   0.00005   0.00000
 Src-osrc corr  18   6 o,n=   0.00014   0.00015
 Src-osrc corr  15   7 o,n=   0.00000   0.00256
 Src-osrc corr  16   7 o,n=   0.01270   0.01382
 Src-osrc corr  17   7 o,n=   0.00000   0.00169
 Src-osrc corr  18   7 o,n=   0.00015   0.00182
 Src-osrc corr  15   8 o,n=   0.00256   0.00095
 Src-osrc corr  16   8 o,n=   0.01382   0.01488
 Src-osrc corr  17   8 o,n=   0.00169   0.00000
 Src-osrc corr  18   8 o,n=   0.00182   0.00156
 Src-osrc corr  15   9 o,n=   0.00095   0.00000
 Src-osrc corr  16   9 o,n=   0.01488   0.01490
 Src-osrc corr  18   9 o,n=   0.00156   0.00155
 Src-osrc corr  16  10 o,n=   0.01490   0.02075
 Src-osrc corr  18  10 o,n=   0.00155   0.01149
 Src-osrc corr  11   1 o,n=   0.01641   0.01066
 Src-osrc corr  12   2 o,n=   3.45633   1.79019
 Src-osrc corr  15   3 o,n=   0.00009   0.00015
 Src-osrc corr  17   3 o,n=   0.00002   0.00012
 Src-osrc corr  15   4 o,n=   0.00015   0.00064
 Src-osrc corr  16   4 o,n=   0.00104   0.01168
 Src-osrc corr  17   4 o,n=   0.00012   0.00046
 Src-osrc corr  15   5 o,n=   0.00064   0.00022
 Src-osrc corr  16   5 o,n=   0.01168   0.01267
 Src-osrc corr  17   5 o,n=   0.00046   0.00012
 Src-osrc corr  18   5 o,n=   0.00005   0.00014
 Src-osrc corr  15   6 o,n=   0.00022   0.00034
 Src-osrc corr  16   6 o,n=   0.01267   0.01272
 Src-osrc corr  17   6 o,n=   0.00012   0.00015
 Src-osrc corr  18   6 o,n=   0.00014   0.00015
 Src-osrc corr  15   7 o,n=   0.00034   0.00269
 Src-osrc corr  16   7 o,n=   0.01272   0.01382
 Src-osrc corr  17   7 o,n=   0.00015   0.00170
 Src-osrc corr  18   7 o,n=   0.00015   0.00182
 Src-osrc corr  15   8 o,n=   0.00269   0.00113
 Src-osrc corr  16   8 o,n=   0.01382   0.01489
 Src-osrc corr  17   8 o,n=   0.00170   0.00019
 Src-osrc corr  18   8 o,n=   0.00182   0.00156
 Src-osrc corr  15   9 o,n=   0.00113   0.00340
 Src-osrc corr  16   9 o,n=   0.01489   0.01490
 Src-osrc corr  18   9 o,n=   0.00156   0.00155
 Src-osrc corr  16  10 o,n=   0.01490   0.02076
 Src-osrc corr  18  10 o,n=   0.00155   0.01150
 Src-osrc corr  11   1 o,n=   0.01641   0.01066
 Src-osrc corr  12   2 o,n=   3.45633   1.79020
 Src-osrc corr  15   3 o,n=   0.00009   0.00015
 Src-osrc corr  17   3 o,n=   0.00002   0.00012
 Src-osrc corr  15   4 o,n=   0.00015   0.00064
 Src-osrc corr  16   4 o,n=   0.00104   0.01168
 Src-osrc corr  17   4 o,n=   0.00012   0.00046
 Src-osrc corr  15   5 o,n=   0.00064   0.00022
 Src-osrc corr  16   5 o,n=   0.01168   0.01267
 Src-osrc corr  17   5 o,n=   0.00046   0.00012
 Src-osrc corr  18   5 o,n=   0.00005   0.00014
 Src-osrc corr  15   6 o,n=   0.00022   0.00034
 Src-osrc corr  16   6 o,n=   0.01267   0.01272
 Src-osrc corr  17   6 o,n=   0.00012   0.00015
 Src-osrc corr  18   6 o,n=   0.00014   0.00015
 Src-osrc corr  15   7 o,n=   0.00034   0.00269
 Src-osrc corr  16   7 o,n=   0.01272   0.01382
 Src-osrc corr  17   7 o,n=   0.00015   0.00170
 Src-osrc corr  18   7 o,n=   0.00015   0.00182
 Src-osrc corr  15   8 o,n=   0.00269   0.00113
 Src-osrc corr  16   8 o,n=   0.01382   0.01489
 Src-osrc corr  17   8 o,n=   0.00170   0.00019
 Src-osrc corr  18   8 o,n=   0.00182   0.00156
 Src-osrc corr  15   9 o,n=   0.00113   0.00340
 Src-osrc corr  16   9 o,n=   0.01489   0.01490
 Src-osrc corr  18   9 o,n=   0.00156   0.00155
 Src-osrc corr  16  10 o,n=   0.01490   0.02076
 Src-osrc corr  18  10 o,n=   0.00155   0.01150
 Src-osrc corr  11   1 o,n=   0.00011   0.00009
 Src-osrc corr  12   2 o,n=   3.45632   1.79019
 Src-osrc corr  15   3 o,n=   0.00000   0.00000
 Src-osrc corr  17   3 o,n=   0.00000   0.00000
 Src-osrc corr  15   4 o,n=   0.00000   0.00061
 Src-osrc corr  16   4 o,n=   0.00104   0.01167
 Src-osrc corr  17   4 o,n=   0.00000   0.00044
 Src-osrc corr  15   5 o,n=   0.00061   0.00016
 Src-osrc corr  16   5 o,n=   0.01167   0.01269
 Src-osrc corr  17   5 o,n=   0.00044   0.00005
 Src-osrc corr  18   5 o,n=   0.00005   0.00014
 Src-osrc corr  15   6 o,n=   0.00016   0.00000
 Src-osrc corr  16   6 o,n=   0.01269   0.01272
 Src-osrc corr  17   6 o,n=   0.00005   0.00000
 Src-osrc corr  18   6 o,n=   0.00014   0.00015
 Src-osrc corr  15   7 o,n=   0.00000   0.00256
 Src-osrc corr  16   7 o,n=   0.01272   0.01382
 Src-osrc corr  17   7 o,n=   0.00000   0.00169
 Src-osrc corr  18   7 o,n=   0.00015   0.00182
 Src-osrc corr  15   8 o,n=   0.00256   0.00095
 Src-osrc corr  16   8 o,n=   0.01382   0.01488
 Src-osrc corr  17   8 o,n=   0.00169   0.00000
 Src-osrc corr  18   8 o,n=   0.00182   0.00156
 Src-osrc corr  15   9 o,n=   0.00095   0.00001
 Src-osrc corr  16   9 o,n=   0.01488   0.01490
 Src-osrc corr  18   9 o,n=   0.00156   0.00155
 Src-osrc corr  16  10 o,n=   0.01490   0.02076
 Src-osrc corr  18  10 o,n=   0.00155   0.01150
 Reaction Xsec     7.0+/ 8 @ 2 =     2.245 , Out:   0.254/   3.195/   0.141    0.000#   0.004#   0.000#   2.101f

 Total SPIN, PARITY =     7.0 -,     16 chs,     16 cc.  Rmin & Coul turning =    1.1    7.4
 Src-osrc corr   9   1 o,n=   4.14812   2.49272
 Src-osrc corr  10   1 o,n=   3.89187   2.34295
 Src-osrc corr  13   2 o,n=   0.00307   0.00564
 Src-osrc corr  14   2 o,n=   0.00583   0.02996
 Src-osrc corr  15   2 o,n=   0.00059   0.00527
 Src-osrc corr  13   3 o,n=   0.00564   0.00589
 Src-osrc corr  14   3 o,n=   0.02996   0.03470
 Src-osrc corr  15   3 o,n=   0.00527   0.00547
 Src-osrc corr  16   3 o,n=   0.00023   0.00094
 Src-osrc corr  13   4 o,n=   0.00589   0.00611
 Src-osrc corr  14   4 o,n=   0.03470   0.03453
 Src-osrc corr  15   4 o,n=   0.00547   0.00534
 Src-osrc corr  16   4 o,n=   0.00094   0.00095
 Src-osrc corr  13   5 o,n=   0.00611   0.01192
 Src-osrc corr  14   5 o,n=   0.03453   0.03592
 Src-osrc corr  15   5 o,n=   0.00534   0.00634
 Src-osrc corr  16   5 o,n=   0.00095   0.00511
 Src-osrc corr  13   6 o,n=   0.01192   0.01271
 Src-osrc corr  14   6 o,n=   0.03592   0.04053
 Src-osrc corr  15   6 o,n=   0.00634   0.00640
 Src-osrc corr  16   6 o,n=   0.00511   0.00345
 Src-osrc corr  13   7 o,n=   0.01271   0.01208
 Src-osrc corr  14   7 o,n=   0.04053   0.04182
 Src-osrc corr  15   7 o,n=   0.00640   0.01100
 Src-osrc corr  16   7 o,n=   0.00345   0.00361
 Src-osrc corr  13   8 o,n=   0.01208   0.12339
 Src-osrc corr  14   8 o,n=   0.04182   0.06882
 Src-osrc corr  16   8 o,n=   0.00361   0.04832
 Src-osrc corr   9   1 o,n=   4.14812   2.49272
 Src-osrc corr  10   1 o,n=   3.89187   2.34295
 Src-osrc corr  13   2 o,n=   0.00307   0.00564
 Src-osrc corr  14   2 o,n=   0.00583   0.02996
 Src-osrc corr  15   2 o,n=   0.00059   0.00527
 Src-osrc corr  13   3 o,n=   0.00564   0.00589
 Src-osrc corr  14   3 o,n=   0.02996   0.03470
 Src-osrc corr  15   3 o,n=   0.00527   0.00547
 Src-osrc corr  16   3 o,n=   0.00023   0.00094
 Src-osrc corr  13   4 o,n=   0.00589   0.00611
 Src-osrc corr  14   4 o,n=   0.03470   0.03453
 Src-osrc corr  15   4 o,n=   0.00547   0.00534
 Src-osrc corr  16   4 o,n=   0.00094   0.00095
 Src-osrc corr  13   5 o,n=   0.00611   0.01192
 Src-osrc corr  14   5 o,n=   0.03453   0.03592
 Src-osrc corr  15   5 o,n=   0.00534   0.00634
 Src-osrc corr  16   5 o,n=   0.00095   0.00511
 Src-osrc corr  13   6 o,n=   0.01192   0.01271
 Src-osrc corr  14   6 o,n=   0.03592   0.04053
 Src-osrc corr  15   6 o,n=   0.00634   0.00640
 Src-osrc corr  16   6 o,n=   0.00511   0.00345
 Src-osrc corr  13   7 o,n=   0.01271   0.01208
 Src-osrc corr  14   7 o,n=   0.04053   0.04182
 Src-osrc corr  15   7 o,n=   0.00640   0.01100
 Src-osrc corr  16   7 o,n=   0.00345   0.00361
 Src-osrc corr  13   8 o,n=   0.01208   0.12339
 Src-osrc corr  14   8 o,n=   0.04182   0.06882
 Src-osrc corr  16   8 o,n=   0.00361   0.04832
 Src-osrc corr   9   1 o,n=   4.14125   2.48662
 Src-osrc corr  10   1 o,n=   3.88543   2.33724
 Src-osrc corr  13   2 o,n=   0.00309   0.00566
 Src-osrc corr  14   2 o,n=   0.00586   0.02999
 Src-osrc corr  15   2 o,n=   0.00060   0.00527
 Src-osrc corr  13   3 o,n=   0.00566   0.00591
 Src-osrc corr  14   3 o,n=   0.02999   0.03474
 Src-osrc corr  15   3 o,n=   0.00527   0.00548
 Src-osrc corr  16   3 o,n=   0.00023   0.00094
 Src-osrc corr  13   4 o,n=   0.00591   0.00613
 Src-osrc corr  14   4 o,n=   0.03474   0.03456
 Src-osrc corr  15   4 o,n=   0.00548   0.00534
 Src-osrc corr  16   4 o,n=   0.00094   0.00095
 Src-osrc corr  13   5 o,n=   0.00613   0.01194
 Src-osrc corr  14   5 o,n=   0.03456   0.03595
 Src-osrc corr  15   5 o,n=   0.00534   0.00634
 Src-osrc corr  16   5 o,n=   0.00095   0.00511
 Src-osrc corr  13   6 o,n=   0.01194   0.01273
 Src-osrc corr  14   6 o,n=   0.03595   0.04056
 Src-osrc corr  15   6 o,n=   0.00634   0.00641
 Src-osrc corr  16   6 o,n=   0.00511   0.00345
 Src-osrc corr  13   7 o,n=   0.01273   0.01209
 Src-osrc corr  14   7 o,n=   0.04056   0.04185
 Src-osrc corr  15   7 o,n=   0.00641   0.01100
 Src-osrc corr  16   7 o,n=   0.00345   0.00361
 Src-osrc corr  13   8 o,n=   0.01209   0.12346
 Src-osrc corr  14   8 o,n=   0.04185   0.06886
 Src-osrc corr  16   8 o,n=   0.00361   0.04835
 Src-osrc corr   9   1 o,n=   4.14658   2.49220
 Src-osrc corr  10   1 o,n=   3.89041   2.34246
 Src-osrc corr  13   2 o,n=   0.00306   0.00563
 Src-osrc corr  14   2 o,n=   0.00583   0.03002
 Src-osrc corr  15   2 o,n=   0.00059   0.00528
 Src-osrc corr  13   3 o,n=   0.00563   0.00588
 Src-osrc corr  14   3 o,n=   0.03002   0.03477
 Src-osrc corr  15   3 o,n=   0.00528   0.00549
 Src-osrc corr  16   3 o,n=   0.00023   0.00094
 Src-osrc corr  13   4 o,n=   0.00588   0.00611
 Src-osrc corr  14   4 o,n=   0.03477   0.03460
 Src-osrc corr  15   4 o,n=   0.00549   0.00535
 Src-osrc corr  16   4 o,n=   0.00094   0.00096
 Src-osrc corr  13   5 o,n=   0.00611   0.01191
 Src-osrc corr  14   5 o,n=   0.03460   0.03594
 Src-osrc corr  15   5 o,n=   0.00535   0.00634
 Src-osrc corr  16   5 o,n=   0.00096   0.00512
 Src-osrc corr  13   6 o,n=   0.01191   0.01270
 Src-osrc corr  14   6 o,n=   0.03594   0.04053
 Src-osrc corr  15   6 o,n=   0.00634   0.00640
 Src-osrc corr  16   6 o,n=   0.00512   0.00345
 Src-osrc corr  13   7 o,n=   0.01270   0.01208
 Src-osrc corr  14   7 o,n=   0.04053   0.04183
 Src-osrc corr  15   7 o,n=   0.00640   0.01100
 Src-osrc corr  16   7 o,n=   0.00345   0.00361
 Src-osrc corr  13   8 o,n=   0.01208   0.12355
 Src-osrc corr  14   8 o,n=   0.04183   0.06889
 Src-osrc corr  16   8 o,n=   0.00361   0.04837
 Src-osrc corr   9   1 o,n=   4.14659   2.49221
 Src-osrc corr  10   1 o,n=   3.89043   2.34247
 Src-osrc corr  13   2 o,n=   0.00306   0.00563
 Src-osrc corr  14   2 o,n=   0.00583   0.03002
 Src-osrc corr  15   2 o,n=   0.00059   0.00528
 Src-osrc corr  13   3 o,n=   0.00563   0.00588
 Src-osrc corr  14   3 o,n=   0.03002   0.03477
 Src-osrc corr  15   3 o,n=   0.00528   0.00549
 Src-osrc corr  16   3 o,n=   0.00023   0.00094
 Src-osrc corr  13   4 o,n=   0.00588   0.00611
 Src-osrc corr  14   4 o,n=   0.03477   0.03460
 Src-osrc corr  15   4 o,n=   0.00549   0.00535
 Src-osrc corr  16   4 o,n=   0.00094   0.00096
 Src-osrc corr  13   5 o,n=   0.00611   0.01191
 Src-osrc corr  14   5 o,n=   0.03460   0.03594
 Src-osrc corr  15   5 o,n=   0.00535   0.00634
 Src-osrc corr  16   5 o,n=   0.00096   0.00512
 Src-osrc corr  13   6 o,n=   0.01191   0.01270
 Src-osrc corr  14   6 o,n=   0.03594   0.04053
 Src-osrc corr  15   6 o,n=   0.00634   0.00640
 Src-osrc corr  16   6 o,n=   0.00512   0.00345
 Src-osrc corr  13   7 o,n=   0.01270   0.01208
 Src-osrc corr  14   7 o,n=   0.04053   0.04183
 Src-osrc corr  15   7 o,n=   0.00640   0.01100
 Src-osrc corr  16   7 o,n=   0.00345   0.00361
 Src-osrc corr  13   8 o,n=   0.01208   0.12355
 Src-osrc corr  14   8 o,n=   0.04183   0.06889
 Src-osrc corr  16   8 o,n=   0.00361   0.04837
 Reaction Xsec     7.0-/ 7 @ 1 =     8.923 , Out:   0.000#   0.074    0.453    0.000#   0.327#   0.003#   8.396f

 Total SPIN, PARITY =     8.0 +,     16 chs,     16 cc.  Rmin & Coul turning =    1.2    8.3
 Src-osrc corr   9   1 o,n=   2.51569   1.30226
 Src-osrc corr  10   1 o,n=   2.37422   1.23003
 Src-osrc corr  13   2 o,n=   0.00046   0.00130
 Src-osrc corr  14   2 o,n=   0.00075   0.00820
 Src-osrc corr  15   2 o,n=   0.00008   0.00145
 Src-osrc corr  13   3 o,n=   0.00130   0.00135
 Src-osrc corr  14   3 o,n=   0.00820   0.00929
 Src-osrc corr  15   3 o,n=   0.00145   0.00149
 Src-osrc corr  16   3 o,n=   0.00003   0.00023
 Src-osrc corr  13   4 o,n=   0.00135   0.00144
 Src-osrc corr  14   4 o,n=   0.00929   0.00924
 Src-osrc corr  15   4 o,n=   0.00149   0.00144
 Src-osrc corr  16   4 o,n=   0.00023   0.00023
 Src-osrc corr  13   5 o,n=   0.00144   0.00326
 Src-osrc corr  14   5 o,n=   0.00924   0.00948
 Src-osrc corr  15   5 o,n=   0.00144   0.00168
 Src-osrc corr  16   5 o,n=   0.00023   0.00147
 Src-osrc corr  13   6 o,n=   0.00326   0.00344
 Src-osrc corr  14   6 o,n=   0.00948   0.01060
 Src-osrc corr  15   6 o,n=   0.00168   0.00169
 Src-osrc corr  16   6 o,n=   0.00147   0.00104
 Src-osrc corr  13   7 o,n=   0.00344   0.00343
 Src-osrc corr  14   7 o,n=   0.01060   0.01083
 Src-osrc corr  15   7 o,n=   0.00169   0.00273
 Src-osrc corr  16   7 o,n=   0.00104   0.00106
 Src-osrc corr  13   8 o,n=   0.00343   0.03299
 Src-osrc corr  14   8 o,n=   0.01083   0.01853
 Src-osrc corr  16   8 o,n=   0.00106   0.01278
 Src-osrc corr   9   1 o,n=   2.51569   1.30226
 Src-osrc corr  10   1 o,n=   2.37422   1.23003
 Src-osrc corr  13   2 o,n=   0.00046   0.00130
 Src-osrc corr  14   2 o,n=   0.00075   0.00820
 Src-osrc corr  15   2 o,n=   0.00008   0.00145
 Src-osrc corr  13   3 o,n=   0.00130   0.00135
 Src-osrc corr  14   3 o,n=   0.00820   0.00929
 Src-osrc corr  15   3 o,n=   0.00145   0.00149
 Src-osrc corr  16   3 o,n=   0.00003   0.00023
 Src-osrc corr  13   4 o,n=   0.00135   0.00144
 Src-osrc corr  14   4 o,n=   0.00929   0.00924
 Src-osrc corr  15   4 o,n=   0.00149   0.00144
 Src-osrc corr  16   4 o,n=   0.00023   0.00023
 Src-osrc corr  13   5 o,n=   0.00144   0.00326
 Src-osrc corr  14   5 o,n=   0.00924   0.00948
 Src-osrc corr  15   5 o,n=   0.00144   0.00168
 Src-osrc corr  16   5 o,n=   0.00023   0.00147
 Src-osrc corr  13   6 o,n=   0.00326   0.00344
 Src-osrc corr  14   6 o,n=   0.00948   0.01060
 Src-osrc corr  15   6 o,n=   0.00168   0.00169
 Src-osrc corr  16   6 o,n=   0.00147   0.00104
 Src-osrc corr  13   7 o,n=   0.00344   0.00343
 Src-osrc corr  14   7 o,n=   0.01060   0.01083
 Src-osrc corr  15   7 o,n=   0.00169   0.00273
 Src-osrc corr  16   7 o,n=   0.00104   0.00106
 Src-osrc corr  13   8 o,n=   0.00343   0.03299
 Src-osrc corr  14   8 o,n=   0.01083   0.01853
 Src-osrc corr  16   8 o,n=   0.00106   0.01278
 Src-osrc corr   9   1 o,n=   2.51432   1.30106
 Src-osrc corr  10   1 o,n=   2.37292   1.22890
 Src-osrc corr  13   2 o,n=   0.00046   0.00130
 Src-osrc corr  14   2 o,n=   0.00076   0.00821
 Src-osrc corr  15   2 o,n=   0.00008   0.00145
 Src-osrc corr  13   3 o,n=   0.00130   0.00136
 Src-osrc corr  14   3 o,n=   0.00821   0.00930
 Src-osrc corr  15   3 o,n=   0.00145   0.00149
 Src-osrc corr  16   3 o,n=   0.00003   0.00023
 Src-osrc corr  13   4 o,n=   0.00136   0.00145
 Src-osrc corr  14   4 o,n=   0.00930   0.00925
 Src-osrc corr  15   4 o,n=   0.00149   0.00144
 Src-osrc corr  16   4 o,n=   0.00023   0.00023
 Src-osrc corr  13   5 o,n=   0.00145   0.00326
 Src-osrc corr  14   5 o,n=   0.00925   0.00949
 Src-osrc corr  15   5 o,n=   0.00144   0.00168
 Src-osrc corr  16   5 o,n=   0.00023   0.00147
 Src-osrc corr  13   6 o,n=   0.00326   0.00345
 Src-osrc corr  14   6 o,n=   0.00949   0.01060
 Src-osrc corr  15   6 o,n=   0.00168   0.00169
 Src-osrc corr  16   6 o,n=   0.00147   0.00104
 Src-osrc corr  13   7 o,n=   0.00345   0.00343
 Src-osrc corr  14   7 o,n=   0.01060   0.01083
 Src-osrc corr  15   7 o,n=   0.00169   0.00273
 Src-osrc corr  16   7 o,n=   0.00104   0.00106
 Src-osrc corr  13   8 o,n=   0.00343   0.03300
 Src-osrc corr  14   8 o,n=   0.01083   0.01853
 Src-osrc corr  16   8 o,n=   0.00106   0.01278
 Src-osrc corr   9   1 o,n=   2.51548   1.30227
 Src-osrc corr  10   1 o,n=   2.37402   1.23004
 Src-osrc corr  13   2 o,n=   0.00046   0.00130
 Src-osrc corr  14   2 o,n=   0.00075   0.00822
 Src-osrc corr  15   2 o,n=   0.00008   0.00145
 Src-osrc corr  13   3 o,n=   0.00130   0.00135
 Src-osrc corr  14   3 o,n=   0.00822   0.00931
 Src-osrc corr  15   3 o,n=   0.00145   0.00150
 Src-osrc corr  16   3 o,n=   0.00003   0.00023
 Src-osrc corr  13   4 o,n=   0.00135   0.00145
 Src-osrc corr  14   4 o,n=   0.00931   0.00926
 Src-osrc corr  15   4 o,n=   0.00150   0.00144
 Src-osrc corr  16   4 o,n=   0.00023   0.00023
 Src-osrc corr  13   5 o,n=   0.00145   0.00326
 Src-osrc corr  14   5 o,n=   0.00926   0.00949
 Src-osrc corr  15   5 o,n=   0.00144   0.00168
 Src-osrc corr  16   5 o,n=   0.00023   0.00147
 Src-osrc corr  13   6 o,n=   0.00326   0.00344
 Src-osrc corr  14   6 o,n=   0.00949   0.01060
 Src-osrc corr  15   6 o,n=   0.00168   0.00169
 Src-osrc corr  16   6 o,n=   0.00147   0.00104
 Src-osrc corr  13   7 o,n=   0.00344   0.00343
 Src-osrc corr  14   7 o,n=   0.01060   0.01083
 Src-osrc corr  15   7 o,n=   0.00169   0.00273
 Src-osrc corr  16   7 o,n=   0.00104   0.00106
 Src-osrc corr  13   8 o,n=   0.00343   0.03303
 Src-osrc corr  14   8 o,n=   0.01083   0.01855
 Src-osrc corr  16   8 o,n=   0.00106   0.01279
 Src-osrc corr   9   1 o,n=   2.51548   1.30227
 Src-osrc corr  10   1 o,n=   2.37402   1.23004
 Src-osrc corr  13   2 o,n=   0.00046   0.00130
 Src-osrc corr  14   2 o,n=   0.00075   0.00822
 Src-osrc corr  15   2 o,n=   0.00008   0.00145
 Src-osrc corr  13   3 o,n=   0.00130   0.00135
 Src-osrc corr  14   3 o,n=   0.00822   0.00931
 Src-osrc corr  15   3 o,n=   0.00145   0.00150
 Src-osrc corr  16   3 o,n=   0.00003   0.00023
 Src-osrc corr  13   4 o,n=   0.00135   0.00144
 Src-osrc corr  14   4 o,n=   0.00931   0.00926
 Src-osrc corr  15   4 o,n=   0.00150   0.00144
 Src-osrc corr  16   4 o,n=   0.00023   0.00023
 Src-osrc corr  13   5 o,n=   0.00144   0.00326
 Src-osrc corr  14   5 o,n=   0.00926   0.00949
 Src-osrc corr  15   5 o,n=   0.00144   0.00168
 Src-osrc corr  16   5 o,n=   0.00023   0.00147
 Src-osrc corr  13   6 o,n=   0.00326   0.00344
 Src-osrc corr  14   6 o,n=   0.00949   0.01060
 Src-osrc corr  15   6 o,n=   0.00168   0.00169
 Src-osrc corr  16   6 o,n=   0.00147   0.00104
 Src-osrc corr  13   7 o,n=   0.00344   0.00343
 Src-osrc corr  14   7 o,n=   0.01060   0.01083
 Src-osrc corr  15   7 o,n=   0.00169   0.00273
 Src-osrc corr  16   7 o,n=   0.00104   0.00106
 Src-osrc corr  13   8 o,n=   0.00343   0.03304
 Src-osrc corr  14   8 o,n=   0.01083   0.01855
 Src-osrc corr  16   8 o,n=   0.00106   0.01279
 Reaction Xsec     8.0+/ 8 @ 1 =     2.560 , Out:   0.000#   3.679/   0.160    0.000#   0.003#   0.000#   2.397f

 Total SPIN, PARITY =     8.0 -,     18 chs,     18 cc.  Rmin & Coul turning =    1.2    8.3
 Src-osrc corr  11   1 o,n=   5.69952   3.42785
 Src-osrc corr  15   3 o,n=   0.00418   0.00730
 Src-osrc corr  17   3 o,n=   0.00090   0.00561
 Src-osrc corr  15   4 o,n=   0.00730   0.00730
 Src-osrc corr  16   4 o,n=   0.00000   0.00067
 Src-osrc corr  17   4 o,n=   0.00561   0.00561
 Src-osrc corr  15   5 o,n=   0.00730   0.00742
 Src-osrc corr  16   5 o,n=   0.00067   0.00233
 Src-osrc corr  17   5 o,n=   0.00561   0.00547
 Src-osrc corr  18   5 o,n=   0.00000   0.00054
 Src-osrc corr  15   6 o,n=   0.00742   0.01698
 Src-osrc corr  16   6 o,n=   0.00233   0.00000
 Src-osrc corr  17   6 o,n=   0.00547   0.00782
 Src-osrc corr  18   6 o,n=   0.00054   0.00000
 Src-osrc corr  15   7 o,n=   0.01698   0.01694
 Src-osrc corr  16   7 o,n=   0.00000   0.00052
 Src-osrc corr  17   7 o,n=   0.00782   0.00785
 Src-osrc corr  18   7 o,n=   0.00000   0.00011
 Src-osrc corr  15   8 o,n=   0.01694   0.01608
 Src-osrc corr  16   8 o,n=   0.00052   0.00341
 Src-osrc corr  17   8 o,n=   0.00785   0.00996
 Src-osrc corr  18   8 o,n=   0.00011   0.00081
 Src-osrc corr  15   9 o,n=   0.01608   0.18162
 Src-osrc corr  16   9 o,n=   0.00341   0.00000
 Src-osrc corr  18   9 o,n=   0.00081   0.00020
 Src-osrc corr  11   1 o,n=   5.69952   3.42785
 Src-osrc corr  15   3 o,n=   0.00418   0.00730
 Src-osrc corr  17   3 o,n=   0.00090   0.00561
 Src-osrc corr  15   4 o,n=   0.00730   0.00730
 Src-osrc corr  16   4 o,n=   0.00000   0.00067
 Src-osrc corr  17   4 o,n=   0.00561   0.00561
 Src-osrc corr  15   5 o,n=   0.00730   0.00742
 Src-osrc corr  16   5 o,n=   0.00067   0.00233
 Src-osrc corr  17   5 o,n=   0.00561   0.00547
 Src-osrc corr  18   5 o,n=   0.00000   0.00054
 Src-osrc corr  15   6 o,n=   0.00742   0.01698
 Src-osrc corr  16   6 o,n=   0.00233   0.00000
 Src-osrc corr  17   6 o,n=   0.00547   0.00782
 Src-osrc corr  18   6 o,n=   0.00054   0.00000
 Src-osrc corr  15   7 o,n=   0.01698   0.01694
 Src-osrc corr  16   7 o,n=   0.00000   0.00052
 Src-osrc corr  17   7 o,n=   0.00782   0.00785
 Src-osrc corr  18   7 o,n=   0.00000   0.00011
 Src-osrc corr  15   8 o,n=   0.01694   0.01608
 Src-osrc corr  16   8 o,n=   0.00052   0.00341
 Src-osrc corr  17   8 o,n=   0.00785   0.00996
 Src-osrc corr  18   8 o,n=   0.00011   0.00081
 Src-osrc corr  15   9 o,n=   0.01608   0.18162
 Src-osrc corr  16   9 o,n=   0.00341   0.00000
 Src-osrc corr  18   9 o,n=   0.00081   0.00020
 Src-osrc corr  11   1 o,n=   5.69008   3.41946
 Src-osrc corr  15   3 o,n=   0.00420   0.00733
 Src-osrc corr  17   3 o,n=   0.00090   0.00562
 Src-osrc corr  15   4 o,n=   0.00733   0.00733
 Src-osrc corr  16   4 o,n=   0.00000   0.00067
 Src-osrc corr  17   4 o,n=   0.00562   0.00562
 Src-osrc corr  15   5 o,n=   0.00733   0.00745
 Src-osrc corr  16   5 o,n=   0.00067   0.00233
 Src-osrc corr  17   5 o,n=   0.00562   0.00547
 Src-osrc corr  18   5 o,n=   0.00000   0.00054
 Src-osrc corr  15   6 o,n=   0.00745   0.01700
 Src-osrc corr  16   6 o,n=   0.00233   0.00000
 Src-osrc corr  17   6 o,n=   0.00547   0.00783
 Src-osrc corr  18   6 o,n=   0.00054   0.00000
 Src-osrc corr  15   7 o,n=   0.01700   0.01696
 Src-osrc corr  16   7 o,n=   0.00000   0.00052
 Src-osrc corr  17   7 o,n=   0.00783   0.00786
 Src-osrc corr  18   7 o,n=   0.00000   0.00011
 Src-osrc corr  15   8 o,n=   0.01696   0.01610
 Src-osrc corr  16   8 o,n=   0.00052   0.00342
 Src-osrc corr  17   8 o,n=   0.00786   0.00997
 Src-osrc corr  18   8 o,n=   0.00011   0.00081
 Src-osrc corr  15   9 o,n=   0.01610   0.18174
 Src-osrc corr  16   9 o,n=   0.00342   0.00000
 Src-osrc corr  18   9 o,n=   0.00081   0.00020
 Src-osrc corr  11   1 o,n=   5.69736   3.42712
 Src-osrc corr  15   3 o,n=   0.00415   0.00728
 Src-osrc corr  17   3 o,n=   0.00090   0.00563
 Src-osrc corr  15   4 o,n=   0.00728   0.00728
 Src-osrc corr  16   4 o,n=   0.00000   0.00067
 Src-osrc corr  17   4 o,n=   0.00563   0.00563
 Src-osrc corr  15   5 o,n=   0.00728   0.00740
 Src-osrc corr  16   5 o,n=   0.00067   0.00233
 Src-osrc corr  17   5 o,n=   0.00563   0.00548
 Src-osrc corr  18   5 o,n=   0.00000   0.00054
 Src-osrc corr  15   6 o,n=   0.00740   0.01695
 Src-osrc corr  16   6 o,n=   0.00233   0.00000
 Src-osrc corr  17   6 o,n=   0.00548   0.00782
 Src-osrc corr  18   6 o,n=   0.00054   0.00000
 Src-osrc corr  15   7 o,n=   0.01695   0.01692
 Src-osrc corr  16   7 o,n=   0.00000   0.00052
 Src-osrc corr  17   7 o,n=   0.00782   0.00785
 Src-osrc corr  18   7 o,n=   0.00000   0.00011
 Src-osrc corr  15   8 o,n=   0.01692   0.01606
 Src-osrc corr  16   8 o,n=   0.00052   0.00342
 Src-osrc corr  17   8 o,n=   0.00785   0.00996
 Src-osrc corr  18   8 o,n=   0.00011   0.00081
 Src-osrc corr  15   9 o,n=   0.01606   0.18189
 Src-osrc corr  16   9 o,n=   0.00342   0.00000
 Src-osrc corr  18   9 o,n=   0.00081   0.00020
 Src-osrc corr  16  10 o,n=   0.00000   0.00000
 Src-osrc corr  18  10 o,n=   0.00020   0.00020
 Src-osrc corr  11   1 o,n=   5.69738   3.42715
 Src-osrc corr  15   3 o,n=   0.00415   0.00728
 Src-osrc corr  17   3 o,n=   0.00090   0.00563
 Src-osrc corr  15   4 o,n=   0.00728   0.00728
 Src-osrc corr  16   4 o,n=   0.00000   0.00067
 Src-osrc corr  17   4 o,n=   0.00563   0.00563
 Src-osrc corr  15   5 o,n=   0.00728   0.00740
 Src-osrc corr  16   5 o,n=   0.00067   0.00233
 Src-osrc corr  17   5 o,n=   0.00563   0.00548
 Src-osrc corr  18   5 o,n=   0.00000   0.00054
 Src-osrc corr  15   6 o,n=   0.00740   0.01695
 Src-osrc corr  16   6 o,n=   0.00233   0.00000
 Src-osrc corr  17   6 o,n=   0.00548   0.00782
 Src-osrc corr  18   6 o,n=   0.00054   0.00000
 Src-osrc corr  15   7 o,n=   0.01695   0.01692
 Src-osrc corr  16   7 o,n=   0.00000   0.00052
 Src-osrc corr  17   7 o,n=   0.00782   0.00785
 Src-osrc corr  18   7 o,n=   0.00000   0.00011
 Src-osrc corr  15   8 o,n=   0.01692   0.01606
 Src-osrc corr  16   8 o,n=   0.00052   0.00342
 Src-osrc corr  17   8 o,n=   0.00785   0.00996
 Src-osrc corr  18   8 o,n=   0.00011   0.00081
 Src-osrc corr  15   9 o,n=   0.01606   0.18189
 Src-osrc corr  16   9 o,n=   0.00342   0.00000
 Src-osrc corr  18   9 o,n=   0.00081   0.00020
 Src-osrc corr  16  10 o,n=   0.00000   0.00000
 Src-osrc corr  18  10 o,n=   0.00020   0.00020
 Reaction Xsec     8.0-/ 7 @ 1 =    10.275 , Out:   0.000#   0.087    0.514    0.000#   0.142#   0.007#   9.675f
 Src-osrc corr  12   2 o,n=   2.15739   0.92322
 Src-osrc corr  15   4 o,n=   0.00000   0.00016
 Src-osrc corr  16   4 o,n=   0.00012   0.00313
 Src-osrc corr  17   4 o,n=   0.00000   0.00010
 Src-osrc corr  15   5 o,n=   0.00016   0.00003
 Src-osrc corr  16   5 o,n=   0.00313   0.00336
 Src-osrc corr  17   5 o,n=   0.00010   0.00001
 Src-osrc corr  18   5 o,n=   0.00001   0.00004
 Src-osrc corr  15   6 o,n=   0.00003   0.00000
 Src-osrc corr  16   6 o,n=   0.00336   0.00337
 Src-osrc corr  17   6 o,n=   0.00001   0.00000
 Src-osrc corr  18   6 o,n=   0.00004   0.00004
 Src-osrc corr  15   7 o,n=   0.00000   0.00063
 Src-osrc corr  16   7 o,n=   0.00337   0.00359
 Src-osrc corr  17   7 o,n=   0.00000   0.00039
 Src-osrc corr  18   7 o,n=   0.00004   0.00052
 Src-osrc corr  15   8 o,n=   0.00063   0.00020
 Src-osrc corr  16   8 o,n=   0.00359   0.00384
 Src-osrc corr  17   8 o,n=   0.00039   0.00000
 Src-osrc corr  18   8 o,n=   0.00052   0.00045
 Src-osrc corr  15   9 o,n=   0.00020   0.00000
 Src-osrc corr  16   9 o,n=   0.00384   0.00385
 Src-osrc corr  18   9 o,n=   0.00045   0.00045
 Src-osrc corr  16  10 o,n=   0.00385   0.00528
 Src-osrc corr  18  10 o,n=   0.00045   0.00299
 Src-osrc corr  12   2 o,n=   2.15739   0.92322
 Src-osrc corr  15   4 o,n=   0.00000   0.00016
 Src-osrc corr  16   4 o,n=   0.00012   0.00313
 Src-osrc corr  17   4 o,n=   0.00000   0.00010
 Src-osrc corr  15   5 o,n=   0.00016   0.00003
 Src-osrc corr  16   5 o,n=   0.00313   0.00336
 Src-osrc corr  17   5 o,n=   0.00010   0.00001
 Src-osrc corr  18   5 o,n=   0.00001   0.00004
 Src-osrc corr  15   6 o,n=   0.00003   0.00000
 Src-osrc corr  16   6 o,n=   0.00336   0.00337
 Src-osrc corr  17   6 o,n=   0.00001   0.00000
 Src-osrc corr  18   6 o,n=   0.00004   0.00004
 Src-osrc corr  15   7 o,n=   0.00000   0.00063
 Src-osrc corr  16   7 o,n=   0.00337   0.00359
 Src-osrc corr  17   7 o,n=   0.00000   0.00039
 Src-osrc corr  18   7 o,n=   0.00004   0.00052
 Src-osrc corr  15   8 o,n=   0.00063   0.00020
 Src-osrc corr  16   8 o,n=   0.00359   0.00384
 Src-osrc corr  17   8 o,n=   0.00039   0.00000
 Src-osrc corr  18   8 o,n=   0.00052   0.00045
 Src-osrc corr  15   9 o,n=   0.00020   0.00000
 Src-osrc corr  16   9 o,n=   0.00384   0.00385
 Src-osrc corr  18   9 o,n=   0.00045   0.00045
 Src-osrc corr  16  10 o,n=   0.00385   0.00528
 Src-osrc corr  18  10 o,n=   0.00045   0.00299
 Src-osrc corr  12   2 o,n=   2.15696   0.92286
 Src-osrc corr  15   4 o,n=   0.00000   0.00016
 Src-osrc corr  16   4 o,n=   0.00012   0.00313
 Src-osrc corr  17   4 o,n=   0.00000   0.00010
 Src-osrc corr  15   5 o,n=   0.00016   0.00003
 Src-osrc corr  16   5 o,n=   0.00313   0.00336
 Src-osrc corr  17   5 o,n=   0.00010   0.00001
 Src-osrc corr  18   5 o,n=   0.00001   0.00004
 Src-osrc corr  15   6 o,n=   0.00003   0.00000
 Src-osrc corr  16   6 o,n=   0.00336   0.00337
 Src-osrc corr  17   6 o,n=   0.00001   0.00000
 Src-osrc corr  18   6 o,n=   0.00004   0.00004
 Src-osrc corr  15   7 o,n=   0.00000   0.00063
 Src-osrc corr  16   7 o,n=   0.00337   0.00359
 Src-osrc corr  17   7 o,n=   0.00000   0.00039
 Src-osrc corr  18   7 o,n=   0.00004   0.00052
 Src-osrc corr  15   8 o,n=   0.00063   0.00020
 Src-osrc corr  16   8 o,n=   0.00359   0.00384
 Src-osrc corr  17   8 o,n=   0.00039   0.00000
 Src-osrc corr  18   8 o,n=   0.00052   0.00045
 Src-osrc corr  15   9 o,n=   0.00020   0.00000
 Src-osrc corr  16   9 o,n=   0.00384   0.00385
 Src-osrc corr  18   9 o,n=   0.00045   0.00045
 Src-osrc corr  16  10 o,n=   0.00385   0.00528
 Src-osrc corr  18  10 o,n=   0.00045   0.00299
 Src-osrc corr  11   1 o,n=   0.00228   0.00133
 Src-osrc corr  12   2 o,n=   2.15728   0.92319
 Src-osrc corr  15   3 o,n=   0.00001   0.00001
 Src-osrc corr  17   3 o,n=   0.00000   0.00001
 Src-osrc corr  15   4 o,n=   0.00001   0.00016
 Src-osrc corr  16   4 o,n=   0.00012   0.00313
 Src-osrc corr  17   4 o,n=   0.00001   0.00011
 Src-osrc corr  15   5 o,n=   0.00016   0.00004
 Src-osrc corr  16   5 o,n=   0.00313   0.00336
 Src-osrc corr  17   5 o,n=   0.00011   0.00002
 Src-osrc corr  18   5 o,n=   0.00001   0.00004
 Src-osrc corr  15   6 o,n=   0.00004   0.00004
 Src-osrc corr  16   6 o,n=   0.00336   0.00337
 Src-osrc corr  17   6 o,n=   0.00002   0.00002
 Src-osrc corr  18   6 o,n=   0.00004   0.00004
 Src-osrc corr  15   7 o,n=   0.00004   0.00063
 Src-osrc corr  16   7 o,n=   0.00337   0.00359
 Src-osrc corr  17   7 o,n=   0.00002   0.00040
 Src-osrc corr  18   7 o,n=   0.00004   0.00052
 Src-osrc corr  15   8 o,n=   0.00063   0.00022
 Src-osrc corr  16   8 o,n=   0.00359   0.00384
 Src-osrc corr  17   8 o,n=   0.00040   0.00002
 Src-osrc corr  18   8 o,n=   0.00052   0.00045
 Src-osrc corr  15   9 o,n=   0.00022   0.00037
 Src-osrc corr  16   9 o,n=   0.00384   0.00385
 Src-osrc corr  18   9 o,n=   0.00045   0.00045
 Src-osrc corr  16  10 o,n=   0.00385   0.00528
 Src-osrc corr  18  10 o,n=   0.00045   0.00299
 Src-osrc corr  11   1 o,n=   0.00228   0.00133
 Src-osrc corr  12   2 o,n=   2.15728   0.92319
 Src-osrc corr  15   3 o,n=   0.00001   0.00001
 Src-osrc corr  17   3 o,n=   0.00000   0.00001
 Src-osrc corr  15   4 o,n=   0.00001   0.00016
 Src-osrc corr  16   4 o,n=   0.00012   0.00313
 Src-osrc corr  17   4 o,n=   0.00001   0.00011
 Src-osrc corr  15   5 o,n=   0.00016   0.00004
 Src-osrc corr  16   5 o,n=   0.00313   0.00336
 Src-osrc corr  17   5 o,n=   0.00011   0.00002
 Src-osrc corr  18   5 o,n=   0.00001   0.00004
 Src-osrc corr  15   6 o,n=   0.00004   0.00004
 Src-osrc corr  16   6 o,n=   0.00336   0.00337
 Src-osrc corr  17   6 o,n=   0.00002   0.00002
 Src-osrc corr  18   6 o,n=   0.00004   0.00004
 Src-osrc corr  15   7 o,n=   0.00004   0.00063
 Src-osrc corr  16   7 o,n=   0.00337   0.00359
 Src-osrc corr  17   7 o,n=   0.00002   0.00040
 Src-osrc corr  18   7 o,n=   0.00004   0.00052
 Src-osrc corr  15   8 o,n=   0.00063   0.00022
 Src-osrc corr  16   8 o,n=   0.00359   0.00384
 Src-osrc corr  17   8 o,n=   0.00040   0.00002
 Src-osrc corr  18   8 o,n=   0.00052   0.00045
 Src-osrc corr  15   9 o,n=   0.00022   0.00037
 Src-osrc corr  16   9 o,n=   0.00384   0.00385
 Src-osrc corr  18   9 o,n=   0.00045   0.00045
 Src-osrc corr  16  10 o,n=   0.00385   0.00528
 Src-osrc corr  18  10 o,n=   0.00045   0.00299
 Src-osrc corr  11   1 o,n=   0.00001   0.00001
 Src-osrc corr  12   2 o,n=   2.15728   0.92319
 Src-osrc corr  15   3 o,n=   0.00000   0.00000
 Src-osrc corr  17   3 o,n=   0.00000   0.00000
 Src-osrc corr  15   4 o,n=   0.00000   0.00016
 Src-osrc corr  16   4 o,n=   0.00012   0.00313
 Src-osrc corr  17   4 o,n=   0.00000   0.00010
 Src-osrc corr  15   5 o,n=   0.00016   0.00003
 Src-osrc corr  16   5 o,n=   0.00313   0.00337
 Src-osrc corr  17   5 o,n=   0.00010   0.00001
 Src-osrc corr  18   5 o,n=   0.00001   0.00004
 Src-osrc corr  15   6 o,n=   0.00003   0.00000
 Src-osrc corr  16   6 o,n=   0.00337   0.00337
 Src-osrc corr  17   6 o,n=   0.00001   0.00000
 Src-osrc corr  18   6 o,n=   0.00004   0.00004
 Src-osrc corr  15   7 o,n=   0.00000   0.00063
 Src-osrc corr  16   7 o,n=   0.00337   0.00359
 Src-osrc corr  17   7 o,n=   0.00000   0.00039
 Src-osrc corr  18   7 o,n=   0.00004   0.00052
 Src-osrc corr  15   8 o,n=   0.00063   0.00020
 Src-osrc corr  16   8 o,n=   0.00359   0.00384
 Src-osrc corr  17   8 o,n=   0.00039   0.00000
 Src-osrc corr  18   8 o,n=   0.00052   0.00045
 Src-osrc corr  15   9 o,n=   0.00020   0.00000
 Src-osrc corr  16   9 o,n=   0.00384   0.00385
 Src-osrc corr  18   9 o,n=   0.00045   0.00045
 Src-osrc corr  16  10 o,n=   0.00385   0.00528
 Src-osrc corr  18  10 o,n=   0.00045   0.00299
 Reaction Xsec     8.0-/ 9 @ 2 =     0.657 , Out:   0.014/   0.386/   0.051    0.000#   0.000#   0.000#   0.605f

 Total SPIN, PARITY =     9.0 +,     18 chs,     18 cc.  Rmin & Coul turning =    1.4    9.2
 Src-osrc corr  11   1 o,n=   3.46199   1.79262
 Src-osrc corr  15   3 o,n=   0.00063   0.00162
 Src-osrc corr  17   3 o,n=   0.00011   0.00149
 Src-osrc corr  15   4 o,n=   0.00162   0.00162
 Src-osrc corr  16   4 o,n=   0.00000   0.00014
 Src-osrc corr  17   4 o,n=   0.00149   0.00149
 Src-osrc corr  15   5 o,n=   0.00162   0.00167
 Src-osrc corr  16   5 o,n=   0.00014   0.00055
 Src-osrc corr  17   5 o,n=   0.00149   0.00144
 Src-osrc corr  18   5 o,n=   0.00000   0.00013
 Src-osrc corr  15   6 o,n=   0.00167   0.00465
 Src-osrc corr  16   6 o,n=   0.00055   0.00000
 Src-osrc corr  17   6 o,n=   0.00144   0.00206
 Src-osrc corr  18   6 o,n=   0.00013   0.00000
 Src-osrc corr  15   7 o,n=   0.00465   0.00465
 Src-osrc corr  16   7 o,n=   0.00000   0.00012
 Src-osrc corr  17   7 o,n=   0.00206   0.00207
 Src-osrc corr  18   7 o,n=   0.00000   0.00002
 Src-osrc corr  15   8 o,n=   0.00465   0.00452
 Src-osrc corr  16   8 o,n=   0.00012   0.00087
 Src-osrc corr  17   8 o,n=   0.00207   0.00247
 Src-osrc corr  18   8 o,n=   0.00002   0.00021
 Src-osrc corr  15   9 o,n=   0.00452   0.04797
 Src-osrc corr  16   9 o,n=   0.00087   0.00000
 Src-osrc corr  18   9 o,n=   0.00021   0.00005
 Src-osrc corr  11   1 o,n=   3.46199   1.79262
 Src-osrc corr  15   3 o,n=   0.00063   0.00162
 Src-osrc corr  17   3 o,n=   0.00011   0.00149
 Src-osrc corr  15   4 o,n=   0.00162   0.00162
 Src-osrc corr  16   4 o,n=   0.00000   0.00014
 Src-osrc corr  17   4 o,n=   0.00149   0.00149
 Src-osrc corr  15   5 o,n=   0.00162   0.00167
 Src-osrc corr  16   5 o,n=   0.00014   0.00055
 Src-osrc corr  17   5 o,n=   0.00149   0.00144
 Src-osrc corr  18   5 o,n=   0.00000   0.00013
 Src-osrc corr  15   6 o,n=   0.00167   0.00465
 Src-osrc corr  16   6 o,n=   0.00055   0.00000
 Src-osrc corr  17   6 o,n=   0.00144   0.00206
 Src-osrc corr  18   6 o,n=   0.00013   0.00000
 Src-osrc corr  15   7 o,n=   0.00465   0.00465
 Src-osrc corr  16   7 o,n=   0.00000   0.00012
 Src-osrc corr  17   7 o,n=   0.00206   0.00207
 Src-osrc corr  18   7 o,n=   0.00000   0.00002
 Src-osrc corr  15   8 o,n=   0.00465   0.00452
 Src-osrc corr  16   8 o,n=   0.00012   0.00087
 Src-osrc corr  17   8 o,n=   0.00207   0.00247
 Src-osrc corr  18   8 o,n=   0.00002   0.00021
 Src-osrc corr  15   9 o,n=   0.00452   0.04797
 Src-osrc corr  16   9 o,n=   0.00087   0.00000
 Src-osrc corr  18   9 o,n=   0.00021   0.00005
 Src-osrc corr  11   1 o,n=   3.46011   1.79097
 Src-osrc corr  15   3 o,n=   0.00063   0.00162
 Src-osrc corr  17   3 o,n=   0.00011   0.00149
 Src-osrc corr  15   4 o,n=   0.00162   0.00162
 Src-osrc corr  16   4 o,n=   0.00000   0.00014
 Src-osrc corr  17   4 o,n=   0.00149   0.00149
 Src-osrc corr  15   5 o,n=   0.00162   0.00167
 Src-osrc corr  16   5 o,n=   0.00014   0.00055
 Src-osrc corr  17   5 o,n=   0.00149   0.00144
 Src-osrc corr  18   5 o,n=   0.00000   0.00013
 Src-osrc corr  15   6 o,n=   0.00167   0.00465
 Src-osrc corr  16   6 o,n=   0.00055   0.00000
 Src-osrc corr  17   6 o,n=   0.00144   0.00206
 Src-osrc corr  18   6 o,n=   0.00013   0.00000
 Src-osrc corr  15   7 o,n=   0.00465   0.00465
 Src-osrc corr  16   7 o,n=   0.00000   0.00012
 Src-osrc corr  17   7 o,n=   0.00206   0.00207
 Src-osrc corr  18   7 o,n=   0.00000   0.00002
 Src-osrc corr  15   8 o,n=   0.00465   0.00452
 Src-osrc corr  16   8 o,n=   0.00012   0.00087
 Src-osrc corr  17   8 o,n=   0.00207   0.00247
 Src-osrc corr  18   8 o,n=   0.00002   0.00021
 Src-osrc corr  15   9 o,n=   0.00452   0.04798
 Src-osrc corr  16   9 o,n=   0.00087   0.00000
 Src-osrc corr  18   9 o,n=   0.00021   0.00005
 Src-osrc corr  11   1 o,n=   3.46171   1.79263
 Src-osrc corr  15   3 o,n=   0.00063   0.00162
 Src-osrc corr  17   3 o,n=   0.00011   0.00149
 Src-osrc corr  15   4 o,n=   0.00162   0.00162
 Src-osrc corr  16   4 o,n=   0.00000   0.00014
 Src-osrc corr  17   4 o,n=   0.00149   0.00149
 Src-osrc corr  15   5 o,n=   0.00162   0.00167
 Src-osrc corr  16   5 o,n=   0.00014   0.00055
 Src-osrc corr  17   5 o,n=   0.00149   0.00145
 Src-osrc corr  18   5 o,n=   0.00000   0.00013
 Src-osrc corr  15   6 o,n=   0.00167   0.00465
 Src-osrc corr  16   6 o,n=   0.00055   0.00000
 Src-osrc corr  17   6 o,n=   0.00145   0.00206
 Src-osrc corr  18   6 o,n=   0.00013   0.00000
 Src-osrc corr  15   7 o,n=   0.00465   0.00464
 Src-osrc corr  16   7 o,n=   0.00000   0.00012
 Src-osrc corr  17   7 o,n=   0.00206   0.00207
 Src-osrc corr  18   7 o,n=   0.00000   0.00002
 Src-osrc corr  15   8 o,n=   0.00464   0.00452
 Src-osrc corr  16   8 o,n=   0.00012   0.00087
 Src-osrc corr  17   8 o,n=   0.00207   0.00247
 Src-osrc corr  18   8 o,n=   0.00002   0.00021
 Src-osrc corr  15   9 o,n=   0.00452   0.04803
 Src-osrc corr  16   9 o,n=   0.00087   0.00000
 Src-osrc corr  18   9 o,n=   0.00021   0.00005
 Src-osrc corr  11   1 o,n=   3.46171   1.79263
 Src-osrc corr  15   3 o,n=   0.00062   0.00161
 Src-osrc corr  17   3 o,n=   0.00011   0.00149
 Src-osrc corr  15   4 o,n=   0.00161   0.00161
 Src-osrc corr  16   4 o,n=   0.00000   0.00014
 Src-osrc corr  17   4 o,n=   0.00149   0.00149
 Src-osrc corr  15   5 o,n=   0.00161   0.00166
 Src-osrc corr  16   5 o,n=   0.00014   0.00055
 Src-osrc corr  17   5 o,n=   0.00149   0.00145
 Src-osrc corr  18   5 o,n=   0.00000   0.00013
 Src-osrc corr  15   6 o,n=   0.00166   0.00465
 Src-osrc corr  16   6 o,n=   0.00055   0.00000
 Src-osrc corr  17   6 o,n=   0.00145   0.00206
 Src-osrc corr  18   6 o,n=   0.00013   0.00000
 Src-osrc corr  15   7 o,n=   0.00465   0.00464
 Src-osrc corr  16   7 o,n=   0.00000   0.00012
 Src-osrc corr  17   7 o,n=   0.00206   0.00207
 Src-osrc corr  18   7 o,n=   0.00000   0.00002
 Src-osrc corr  15   8 o,n=   0.00464   0.00452
 Src-osrc corr  16   8 o,n=   0.00012   0.00087
 Src-osrc corr  17   8 o,n=   0.00207   0.00247
 Src-osrc corr  18   8 o,n=   0.00002   0.00021
 Src-osrc corr  15   9 o,n=   0.00452   0.04805
 Src-osrc corr  16   9 o,n=   0.00087   0.00000
 Src-osrc corr  18   9 o,n=   0.00021   0.00005
 Reaction Xsec     9.0+/ 8 @ 1 =     2.881 , Out:   0.000#   4.224/   0.179    0.000#   0.002#   0.000#   2.698f
 Src-osrc corr  12   2 o,n=   1.35134   0.40683
 Src-osrc corr  15   4 o,n=   0.00000   0.00004
 Src-osrc corr  16   4 o,n=   0.00004   0.00080
 Src-osrc corr  17   4 o,n=   0.00000   0.00003
 Src-osrc corr  15   5 o,n=   0.00004   0.00001
 Src-osrc corr  16   5 o,n=   0.00080   0.00086
 Src-osrc corr  17   5 o,n=   0.00003   0.00000
 Src-osrc corr  18   5 o,n=   0.00000   0.00001
 Src-osrc corr  15   6 o,n=   0.00001   0.00000
 Src-osrc corr  16   6 o,n=   0.00086   0.00086
 Src-osrc corr  17   6 o,n=   0.00000   0.00000
 Src-osrc corr  18   6 o,n=   0.00001   0.00001
 Src-osrc corr  15   7 o,n=   0.00000   0.00015
 Src-osrc corr  16   7 o,n=   0.00086   0.00094
 Src-osrc corr  17   7 o,n=   0.00000   0.00009
 Src-osrc corr  18   7 o,n=   0.00001   0.00015
 Src-osrc corr  15   8 o,n=   0.00015   0.00004
 Src-osrc corr  16   8 o,n=   0.00094   0.00100
 Src-osrc corr  17   8 o,n=   0.00009   0.00000
 Src-osrc corr  18   8 o,n=   0.00015   0.00013
 Src-osrc corr  15   9 o,n=   0.00004   0.00000
 Src-osrc corr  16   9 o,n=   0.00100   0.00100
 Src-osrc corr  18   9 o,n=   0.00013   0.00013
 Src-osrc corr  16  10 o,n=   0.00100   0.00131
 Src-osrc corr  18  10 o,n=   0.00013   0.00076
 Src-osrc corr  12   2 o,n=   1.35134   0.40683
 Src-osrc corr  15   4 o,n=   0.00000   0.00004
 Src-osrc corr  16   4 o,n=   0.00004   0.00080
 Src-osrc corr  17   4 o,n=   0.00000   0.00003
 Src-osrc corr  15   5 o,n=   0.00004   0.00001
 Src-osrc corr  16   5 o,n=   0.00080   0.00086
 Src-osrc corr  17   5 o,n=   0.00003   0.00000
 Src-osrc corr  18   5 o,n=   0.00000   0.00001
 Src-osrc corr  15   6 o,n=   0.00001   0.00000
 Src-osrc corr  16   6 o,n=   0.00086   0.00086
 Src-osrc corr  17   6 o,n=   0.00000   0.00000
 Src-osrc corr  18   6 o,n=   0.00001   0.00001
 Src-osrc corr  15   7 o,n=   0.00000   0.00015
 Src-osrc corr  16   7 o,n=   0.00086   0.00094
 Src-osrc corr  17   7 o,n=   0.00000   0.00009
 Src-osrc corr  18   7 o,n=   0.00001   0.00015
 Src-osrc corr  15   8 o,n=   0.00015   0.00004
 Src-osrc corr  16   8 o,n=   0.00094   0.00100
 Src-osrc corr  17   8 o,n=   0.00009   0.00000
 Src-osrc corr  18   8 o,n=   0.00015   0.00013
 Src-osrc corr  15   9 o,n=   0.00004   0.00000
 Src-osrc corr  16   9 o,n=   0.00100   0.00100
 Src-osrc corr  18   9 o,n=   0.00013   0.00013
 Src-osrc corr  16  10 o,n=   0.00100   0.00131
 Src-osrc corr  18  10 o,n=   0.00013   0.00076
 Reaction Xsec     9.0+/10 @ 2 =     0.187 , Out:   0.000#   0.636/   0.014    0.000#   0.000#   0.000#   0.172f

 Total SPIN, PARITY =     9.0 -,     16 chs,     16 cc.  Rmin & Coul turning =    1.4    9.2
 Src-osrc corr   9   1 o,n=   1.56533   0.66969
 Src-osrc corr  10   1 o,n=   1.48553   0.63581
 Src-osrc corr  13   2 o,n=   0.00007   0.00031
 Src-osrc corr  14   2 o,n=   0.00008   0.00219
 Src-osrc corr  15   2 o,n=   0.00001   0.00039
 Src-osrc corr  13   3 o,n=   0.00031   0.00032
 Src-osrc corr  14   3 o,n=   0.00219   0.00244
 Src-osrc corr  15   3 o,n=   0.00039   0.00040
 Src-osrc corr  16   3 o,n=   0.00001   0.00006
 Src-osrc corr  13   4 o,n=   0.00032   0.00035
 Src-osrc corr  14   4 o,n=   0.00244   0.00243
 Src-osrc corr  15   4 o,n=   0.00040   0.00038
 Src-osrc corr  16   4 o,n=   0.00006   0.00006
 Src-osrc corr  13   5 o,n=   0.00035   0.00089
 Src-osrc corr  14   5 o,n=   0.00243   0.00245
 Src-osrc corr  15   5 o,n=   0.00038   0.00043
 Src-osrc corr  16   5 o,n=   0.00006   0.00041
 Src-osrc corr  13   6 o,n=   0.00089   0.00094
 Src-osrc corr  14   6 o,n=   0.00245   0.00273
 Src-osrc corr  15   6 o,n=   0.00043   0.00044
 Src-osrc corr  16   6 o,n=   0.00041   0.00030
 Src-osrc corr  13   7 o,n=   0.00094   0.00097
 Src-osrc corr  14   7 o,n=   0.00273   0.00276
 Src-osrc corr  15   7 o,n=   0.00044   0.00066
 Src-osrc corr  16   7 o,n=   0.00030   0.00030
 Src-osrc corr  13   8 o,n=   0.00097   0.00860
 Src-osrc corr  14   8 o,n=   0.00276   0.00479
 Src-osrc corr  16   8 o,n=   0.00030   0.00331
 Src-osrc corr   9   1 o,n=   1.56533   0.66969
 Src-osrc corr  10   1 o,n=   1.48553   0.63581
 Src-osrc corr  13   2 o,n=   0.00007   0.00031
 Src-osrc corr  14   2 o,n=   0.00008   0.00219
 Src-osrc corr  15   2 o,n=   0.00001   0.00039
 Src-osrc corr  13   3 o,n=   0.00031   0.00032
 Src-osrc corr  14   3 o,n=   0.00219   0.00244
 Src-osrc corr  15   3 o,n=   0.00039   0.00040
 Src-osrc corr  16   3 o,n=   0.00001   0.00006
 Src-osrc corr  13   4 o,n=   0.00032   0.00035
 Src-osrc corr  14   4 o,n=   0.00244   0.00243
 Src-osrc corr  15   4 o,n=   0.00040   0.00038
 Src-osrc corr  16   4 o,n=   0.00006   0.00006
 Src-osrc corr  13   5 o,n=   0.00035   0.00089
 Src-osrc corr  14   5 o,n=   0.00243   0.00245
 Src-osrc corr  15   5 o,n=   0.00038   0.00043
 Src-osrc corr  16   5 o,n=   0.00006   0.00041
 Src-osrc corr  13   6 o,n=   0.00089   0.00094
 Src-osrc corr  14   6 o,n=   0.00245   0.00273
 Src-osrc corr  15   6 o,n=   0.00043   0.00044
 Src-osrc corr  16   6 o,n=   0.00041   0.00030
 Src-osrc corr  13   7 o,n=   0.00094   0.00097
 Src-osrc corr  14   7 o,n=   0.00273   0.00276
 Src-osrc corr  15   7 o,n=   0.00044   0.00066
 Src-osrc corr  16   7 o,n=   0.00030   0.00030
 Src-osrc corr  13   8 o,n=   0.00097   0.00860
 Src-osrc corr  14   8 o,n=   0.00276   0.00479
 Src-osrc corr  16   8 o,n=   0.00030   0.00331
 Src-osrc corr   9   1 o,n=   1.56502   0.66944
 Src-osrc corr  10   1 o,n=   1.48523   0.63556
 Src-osrc corr  13   2 o,n=   0.00007   0.00031
 Src-osrc corr  14   2 o,n=   0.00008   0.00219
 Src-osrc corr  15   2 o,n=   0.00001   0.00039
 Src-osrc corr  13   3 o,n=   0.00031   0.00032
 Src-osrc corr  14   3 o,n=   0.00219   0.00245
 Src-osrc corr  15   3 o,n=   0.00039   0.00040
 Src-osrc corr  16   3 o,n=   0.00001   0.00006
 Src-osrc corr  13   4 o,n=   0.00032   0.00035
 Src-osrc corr  14   4 o,n=   0.00245   0.00243
 Src-osrc corr  15   4 o,n=   0.00040   0.00038
 Src-osrc corr  16   4 o,n=   0.00006   0.00006
 Src-osrc corr  13   5 o,n=   0.00035   0.00089
 Src-osrc corr  14   5 o,n=   0.00243   0.00245
 Src-osrc corr  15   5 o,n=   0.00038   0.00043
 Src-osrc corr  16   5 o,n=   0.00006   0.00041
 Src-osrc corr  13   6 o,n=   0.00089   0.00094
 Src-osrc corr  14   6 o,n=   0.00245   0.00273
 Src-osrc corr  15   6 o,n=   0.00043   0.00044
 Src-osrc corr  16   6 o,n=   0.00041   0.00030
 Src-osrc corr  13   7 o,n=   0.00094   0.00097
 Src-osrc corr  14   7 o,n=   0.00273   0.00276
 Src-osrc corr  15   7 o,n=   0.00044   0.00066
 Src-osrc corr  16   7 o,n=   0.00030   0.00030
 Src-osrc corr  13   8 o,n=   0.00097   0.00860
 Src-osrc corr  14   8 o,n=   0.00276   0.00479
 Src-osrc corr  16   8 o,n=   0.00030   0.00331
 Src-osrc corr   9   1 o,n=   1.56525   0.66967
 Src-osrc corr  10   1 o,n=   1.48545   0.63579
 Src-osrc corr  13   2 o,n=   0.00007   0.00031
 Src-osrc corr  14   2 o,n=   0.00008   0.00219
 Src-osrc corr  15   2 o,n=   0.00001   0.00039
 Src-osrc corr  13   3 o,n=   0.00031   0.00032
 Src-osrc corr  14   3 o,n=   0.00219   0.00245
 Src-osrc corr  15   3 o,n=   0.00039   0.00040
 Src-osrc corr  16   3 o,n=   0.00001   0.00006
 Src-osrc corr  13   4 o,n=   0.00032   0.00035
 Src-osrc corr  14   4 o,n=   0.00245   0.00243
 Src-osrc corr  15   4 o,n=   0.00040   0.00038
 Src-osrc corr  16   4 o,n=   0.00006   0.00006
 Src-osrc corr  13   5 o,n=   0.00035   0.00089
 Src-osrc corr  14   5 o,n=   0.00243   0.00245
 Src-osrc corr  15   5 o,n=   0.00038   0.00043
 Src-osrc corr  16   5 o,n=   0.00006   0.00041
 Src-osrc corr  13   6 o,n=   0.00089   0.00094
 Src-osrc corr  14   6 o,n=   0.00245   0.00273
 Src-osrc corr  15   6 o,n=   0.00043   0.00044
 Src-osrc corr  16   6 o,n=   0.00041   0.00030
 Src-osrc corr  13   7 o,n=   0.00094   0.00097
 Src-osrc corr  14   7 o,n=   0.00273   0.00276
 Src-osrc corr  15   7 o,n=   0.00044   0.00066
 Src-osrc corr  16   7 o,n=   0.00030   0.00030
 Src-osrc corr  13   8 o,n=   0.00097   0.00861
 Src-osrc corr  14   8 o,n=   0.00276   0.00479
 Src-osrc corr  16   8 o,n=   0.00030   0.00331
 Src-osrc corr   9   1 o,n=   1.56525   0.66967
 Src-osrc corr  10   1 o,n=   1.48545   0.63579
 Src-osrc corr  13   2 o,n=   0.00006   0.00031
 Src-osrc corr  14   2 o,n=   0.00008   0.00219
 Src-osrc corr  15   2 o,n=   0.00001   0.00039
 Src-osrc corr  13   3 o,n=   0.00031   0.00032
 Src-osrc corr  14   3 o,n=   0.00219   0.00245
 Src-osrc corr  15   3 o,n=   0.00039   0.00040
 Src-osrc corr  16   3 o,n=   0.00001   0.00006
 Src-osrc corr  13   4 o,n=   0.00032   0.00035
 Src-osrc corr  14   4 o,n=   0.00245   0.00243
 Src-osrc corr  15   4 o,n=   0.00040   0.00038
 Src-osrc corr  16   4 o,n=   0.00006   0.00006
 Src-osrc corr  13   5 o,n=   0.00035   0.00089
 Src-osrc corr  14   5 o,n=   0.00243   0.00245
 Src-osrc corr  15   5 o,n=   0.00038   0.00043
 Src-osrc corr  16   5 o,n=   0.00006   0.00041
 Src-osrc corr  13   6 o,n=   0.00089   0.00094
 Src-osrc corr  14   6 o,n=   0.00245   0.00273
 Src-osrc corr  15   6 o,n=   0.00043   0.00044
 Src-osrc corr  16   6 o,n=   0.00041   0.00030
 Src-osrc corr  13   7 o,n=   0.00094   0.00097
 Src-osrc corr  14   7 o,n=   0.00273   0.00276
 Src-osrc corr  15   7 o,n=   0.00044   0.00066
 Src-osrc corr  16   7 o,n=   0.00030   0.00030
 Src-osrc corr  13   8 o,n=   0.00097   0.00861
 Src-osrc corr  14   8 o,n=   0.00276   0.00479
 Src-osrc corr  16   8 o,n=   0.00030   0.00331
 Reaction Xsec     9.0-/ 9 @ 1 =     0.736 , Out:   0.000#   0.431/   0.058    0.000#   0.000#   0.000#   0.678f

 Total SPIN, PARITY =    10.0 +,     16 chs,     16 cc.  Rmin & Coul turning =    1.6   10.2
 Src-osrc corr   9   1 o,n=   0.97809   0.29442
 Src-osrc corr  10   1 o,n=   0.93269   0.28082
 Src-osrc corr  13   2 o,n=   0.00002   0.00007
 Src-osrc corr  14   2 o,n=   0.00003   0.00056
 Src-osrc corr  15   2 o,n=   0.00000   0.00010
 Src-osrc corr  13   3 o,n=   0.00007   0.00008
 Src-osrc corr  14   3 o,n=   0.00056   0.00062
 Src-osrc corr  15   3 o,n=   0.00010   0.00010
 Src-osrc corr  16   3 o,n=   0.00000   0.00001
 Src-osrc corr  13   4 o,n=   0.00008   0.00008
 Src-osrc corr  14   4 o,n=   0.00062   0.00061
 Src-osrc corr  15   4 o,n=   0.00010   0.00010
 Src-osrc corr  16   4 o,n=   0.00001   0.00001
 Src-osrc corr  13   5 o,n=   0.00008   0.00025
 Src-osrc corr  14   5 o,n=   0.00061   0.00064
 Src-osrc corr  15   5 o,n=   0.00010   0.00011
 Src-osrc corr  16   5 o,n=   0.00001   0.00011
 Src-osrc corr  13   6 o,n=   0.00025   0.00026
 Src-osrc corr  14   6 o,n=   0.00064   0.00071
 Src-osrc corr  15   6 o,n=   0.00011   0.00011
 Src-osrc corr  16   6 o,n=   0.00011   0.00009
 Src-osrc corr  13   7 o,n=   0.00026   0.00027
 Src-osrc corr  14   7 o,n=   0.00071   0.00071
 Src-osrc corr  15   7 o,n=   0.00011   0.00015
 Src-osrc corr  16   7 o,n=   0.00009   0.00009
 Src-osrc corr  13   8 o,n=   0.00027   0.00219
 Src-osrc corr  14   8 o,n=   0.00071   0.00119
 Src-osrc corr  16   8 o,n=   0.00009   0.00084
 Src-osrc corr   9   1 o,n=   0.97809   0.29442
 Src-osrc corr  10   1 o,n=   0.93269   0.28082
 Src-osrc corr  13   2 o,n=   0.00002   0.00007
 Src-osrc corr  14   2 o,n=   0.00003   0.00056
 Src-osrc corr  15   2 o,n=   0.00000   0.00010
 Src-osrc corr  13   3 o,n=   0.00007   0.00008
 Src-osrc corr  14   3 o,n=   0.00056   0.00062
 Src-osrc corr  15   3 o,n=   0.00010   0.00010
 Src-osrc corr  16   3 o,n=   0.00000   0.00001
 Src-osrc corr  13   4 o,n=   0.00008   0.00008
 Src-osrc corr  14   4 o,n=   0.00062   0.00061
 Src-osrc corr  15   4 o,n=   0.00010   0.00010
 Src-osrc corr  16   4 o,n=   0.00001   0.00001
 Src-osrc corr  13   5 o,n=   0.00008   0.00025
 Src-osrc corr  14   5 o,n=   0.00061   0.00064
 Src-osrc corr  15   5 o,n=   0.00010   0.00011
 Src-osrc corr  16   5 o,n=   0.00001   0.00011
 Src-osrc corr  13   6 o,n=   0.00025   0.00026
 Src-osrc corr  14   6 o,n=   0.00064   0.00071
 Src-osrc corr  15   6 o,n=   0.00011   0.00011
 Src-osrc corr  16   6 o,n=   0.00011   0.00009
 Src-osrc corr  13   7 o,n=   0.00026   0.00027
 Src-osrc corr  14   7 o,n=   0.00071   0.00071
 Src-osrc corr  15   7 o,n=   0.00011   0.00015
 Src-osrc corr  16   7 o,n=   0.00009   0.00009
 Src-osrc corr  13   8 o,n=   0.00027   0.00219
 Src-osrc corr  14   8 o,n=   0.00071   0.00119
 Src-osrc corr  16   8 o,n=   0.00009   0.00084
 Reaction Xsec    10.0+/10 @ 1 =     0.207 , Out:   0.000#   0.703/   0.016    0.000#   0.000#   0.000#   0.190f

 Total SPIN, PARITY =    10.0 -,     18 chs,     18 cc.  Rmin & Coul turning =    1.6   10.2
 Src-osrc corr  11   1 o,n=   2.15873   0.92368
 Src-osrc corr  15   3 o,n=   0.00009   0.00038
 Src-osrc corr  17   3 o,n=   0.00001   0.00039
 Src-osrc corr  15   4 o,n=   0.00038   0.00038
 Src-osrc corr  16   4 o,n=   0.00000   0.00003
 Src-osrc corr  17   4 o,n=   0.00039   0.00039
 Src-osrc corr  15   5 o,n=   0.00038   0.00040
 Src-osrc corr  16   5 o,n=   0.00003   0.00013
 Src-osrc corr  17   5 o,n=   0.00039   0.00038
 Src-osrc corr  18   5 o,n=   0.00000   0.00003
 Src-osrc corr  15   6 o,n=   0.00040   0.00127
 Src-osrc corr  16   6 o,n=   0.00013   0.00000
 Src-osrc corr  17   6 o,n=   0.00038   0.00053
 Src-osrc corr  18   6 o,n=   0.00003   0.00000
 Src-osrc corr  15   7 o,n=   0.00127   0.00127
 Src-osrc corr  16   7 o,n=   0.00000   0.00003
 Src-osrc corr  17   7 o,n=   0.00053   0.00053
 Src-osrc corr  18   7 o,n=   0.00000   0.00001
 Src-osrc corr  15   8 o,n=   0.00127   0.00126
 Src-osrc corr  16   8 o,n=   0.00003   0.00022
 Src-osrc corr  17   8 o,n=   0.00053   0.00061
 Src-osrc corr  18   8 o,n=   0.00001   0.00005
 Src-osrc corr  15   9 o,n=   0.00126   0.01242
 Src-osrc corr  16   9 o,n=   0.00022   0.00000
 Src-osrc corr  18   9 o,n=   0.00005   0.00001
 Src-osrc corr  11   1 o,n=   2.15873   0.92368
 Src-osrc corr  15   3 o,n=   0.00009   0.00038
 Src-osrc corr  17   3 o,n=   0.00001   0.00039
 Src-osrc corr  15   4 o,n=   0.00038   0.00038
 Src-osrc corr  16   4 o,n=   0.00000   0.00003
 Src-osrc corr  17   4 o,n=   0.00039   0.00039
 Src-osrc corr  15   5 o,n=   0.00038   0.00040
 Src-osrc corr  16   5 o,n=   0.00003   0.00013
 Src-osrc corr  17   5 o,n=   0.00039   0.00038
 Src-osrc corr  18   5 o,n=   0.00000   0.00003
 Src-osrc corr  15   6 o,n=   0.00040   0.00127
 Src-osrc corr  16   6 o,n=   0.00013   0.00000
 Src-osrc corr  17   6 o,n=   0.00038   0.00053
 Src-osrc corr  18   6 o,n=   0.00003   0.00000
 Src-osrc corr  15   7 o,n=   0.00127   0.00127
 Src-osrc corr  16   7 o,n=   0.00000   0.00003
 Src-osrc corr  17   7 o,n=   0.00053   0.00053
 Src-osrc corr  18   7 o,n=   0.00000   0.00001
 Src-osrc corr  15   8 o,n=   0.00127   0.00126
 Src-osrc corr  16   8 o,n=   0.00003   0.00022
 Src-osrc corr  17   8 o,n=   0.00053   0.00061
 Src-osrc corr  18   8 o,n=   0.00001   0.00005
 Src-osrc corr  15   9 o,n=   0.00126   0.01242
 Src-osrc corr  16   9 o,n=   0.00022   0.00000
 Src-osrc corr  18   9 o,n=   0.00005   0.00001
 Src-osrc corr  11   1 o,n=   2.15830   0.92333
 Src-osrc corr  15   3 o,n=   0.00009   0.00038
 Src-osrc corr  17   3 o,n=   0.00001   0.00039
 Src-osrc corr  15   4 o,n=   0.00038   0.00038
 Src-osrc corr  16   4 o,n=   0.00000   0.00003
 Src-osrc corr  17   4 o,n=   0.00039   0.00039
 Src-osrc corr  15   5 o,n=   0.00038   0.00040
 Src-osrc corr  16   5 o,n=   0.00003   0.00013
 Src-osrc corr  17   5 o,n=   0.00039   0.00038
 Src-osrc corr  18   5 o,n=   0.00000   0.00003
 Src-osrc corr  15   6 o,n=   0.00040   0.00127
 Src-osrc corr  16   6 o,n=   0.00013   0.00000
 Src-osrc corr  17   6 o,n=   0.00038   0.00053
 Src-osrc corr  18   6 o,n=   0.00003   0.00000
 Src-osrc corr  15   7 o,n=   0.00127   0.00127
 Src-osrc corr  16   7 o,n=   0.00000   0.00003
 Src-osrc corr  17   7 o,n=   0.00053   0.00053
 Src-osrc corr  18   7 o,n=   0.00000   0.00001
 Src-osrc corr  15   8 o,n=   0.00127   0.00126
 Src-osrc corr  16   8 o,n=   0.00003   0.00022
 Src-osrc corr  17   8 o,n=   0.00053   0.00061
 Src-osrc corr  18   8 o,n=   0.00001   0.00005
 Src-osrc corr  15   9 o,n=   0.00126   0.01242
 Src-osrc corr  16   9 o,n=   0.00022   0.00000
 Src-osrc corr  18   9 o,n=   0.00005   0.00001
 Src-osrc corr  11   1 o,n=   2.15862   0.92365
 Src-osrc corr  15   3 o,n=   0.00009   0.00038
 Src-osrc corr  17   3 o,n=   0.00001   0.00039
 Src-osrc corr  15   4 o,n=   0.00038   0.00038
 Src-osrc corr  16   4 o,n=   0.00000   0.00003
 Src-osrc corr  17   4 o,n=   0.00039   0.00039
 Src-osrc corr  15   5 o,n=   0.00038   0.00040
 Src-osrc corr  16   5 o,n=   0.00003   0.00013
 Src-osrc corr  17   5 o,n=   0.00039   0.00038
 Src-osrc corr  18   5 o,n=   0.00000   0.00003
 Src-osrc corr  15   6 o,n=   0.00040   0.00127
 Src-osrc corr  16   6 o,n=   0.00013   0.00000
 Src-osrc corr  17   6 o,n=   0.00038   0.00053
 Src-osrc corr  18   6 o,n=   0.00003   0.00000
 Src-osrc corr  15   7 o,n=   0.00127   0.00127
 Src-osrc corr  16   7 o,n=   0.00000   0.00003
 Src-osrc corr  17   7 o,n=   0.00053   0.00053
 Src-osrc corr  18   7 o,n=   0.00000   0.00001
 Src-osrc corr  15   8 o,n=   0.00127   0.00126
 Src-osrc corr  16   8 o,n=   0.00003   0.00022
 Src-osrc corr  17   8 o,n=   0.00053   0.00061
 Src-osrc corr  18   8 o,n=   0.00001   0.00005
 Src-osrc corr  15   9 o,n=   0.00126   0.01243
 Src-osrc corr  16   9 o,n=   0.00022   0.00000
 Src-osrc corr  18   9 o,n=   0.00005   0.00001
 Src-osrc corr  11   1 o,n=   2.15862   0.92365
 Src-osrc corr  15   3 o,n=   0.00009   0.00038
 Src-osrc corr  17   3 o,n=   0.00001   0.00039
 Src-osrc corr  15   4 o,n=   0.00038   0.00038
 Src-osrc corr  16   4 o,n=   0.00000   0.00003
 Src-osrc corr  17   4 o,n=   0.00039   0.00039
 Src-osrc corr  15   5 o,n=   0.00038   0.00040
 Src-osrc corr  16   5 o,n=   0.00003   0.00013
 Src-osrc corr  17   5 o,n=   0.00039   0.00038
 Src-osrc corr  18   5 o,n=   0.00000   0.00003
 Src-osrc corr  15   6 o,n=   0.00040   0.00127
 Src-osrc corr  16   6 o,n=   0.00013   0.00000
 Src-osrc corr  17   6 o,n=   0.00038   0.00053
 Src-osrc corr  18   6 o,n=   0.00003   0.00000
 Src-osrc corr  15   7 o,n=   0.00127   0.00127
 Src-osrc corr  16   7 o,n=   0.00000   0.00003
 Src-osrc corr  17   7 o,n=   0.00053   0.00053
 Src-osrc corr  18   7 o,n=   0.00000   0.00001
 Src-osrc corr  15   8 o,n=   0.00127   0.00126
 Src-osrc corr  16   8 o,n=   0.00003   0.00022
 Src-osrc corr  17   8 o,n=   0.00053   0.00061
 Src-osrc corr  18   8 o,n=   0.00001   0.00005
 Src-osrc corr  15   9 o,n=   0.00126   0.01244
 Src-osrc corr  16   9 o,n=   0.00022   0.00000
 Src-osrc corr  18   9 o,n=   0.00005   0.00001
 Reaction Xsec    10.0-/ 9 @ 1 =     0.816 , Out:   0.000#   0.477/   0.064    0.000#   0.000#   0.000#   0.752f
 Src-osrc corr  12   2 o,n=   0.86011   0.15092
 Src-osrc corr  15   4 o,n=   0.00000   0.00001
 Src-osrc corr  16   4 o,n=   0.00002   0.00020
 Src-osrc corr  17   4 o,n=   0.00000   0.00001
 Src-osrc corr  15   5 o,n=   0.00001   0.00000
 Src-osrc corr  16   5 o,n=   0.00020   0.00021
 Src-osrc corr  17   5 o,n=   0.00001   0.00000
 Src-osrc corr  18   5 o,n=   0.00000   0.00000
 Src-osrc corr  15   6 o,n=   0.00000   0.00000
 Src-osrc corr  16   6 o,n=   0.00021   0.00021
 Src-osrc corr  17   6 o,n=   0.00000   0.00000
 Src-osrc corr  18   6 o,n=   0.00000   0.00000
 Src-osrc corr  15   7 o,n=   0.00000   0.00003
 Src-osrc corr  16   7 o,n=   0.00021   0.00026
 Src-osrc corr  17   7 o,n=   0.00000   0.00002
 Src-osrc corr  18   7 o,n=   0.00000   0.00004
 Src-osrc corr  15   8 o,n=   0.00003   0.00001
 Src-osrc corr  16   8 o,n=   0.00026   0.00028
 Src-osrc corr  17   8 o,n=   0.00002   0.00000
 Src-osrc corr  18   8 o,n=   0.00004   0.00004
 Src-osrc corr  15   9 o,n=   0.00001   0.00000
 Src-osrc corr  16   9 o,n=   0.00028   0.00028
 Src-osrc corr  18   9 o,n=   0.00004   0.00004
 Src-osrc corr  16  10 o,n=   0.00028   0.00034
 Src-osrc corr  18  10 o,n=   0.00004   0.00019
 Src-osrc corr  12   2 o,n=   0.86011   0.15092
 Src-osrc corr  15   4 o,n=   0.00000   0.00001
 Src-osrc corr  16   4 o,n=   0.00002   0.00020
 Src-osrc corr  17   4 o,n=   0.00000   0.00001
 Src-osrc corr  15   5 o,n=   0.00001   0.00000
 Src-osrc corr  16   5 o,n=   0.00020   0.00021
 Src-osrc corr  17   5 o,n=   0.00001   0.00000
 Src-osrc corr  18   5 o,n=   0.00000   0.00000
 Src-osrc corr  15   6 o,n=   0.00000   0.00000
 Src-osrc corr  16   6 o,n=   0.00021   0.00021
 Src-osrc corr  17   6 o,n=   0.00000   0.00000
 Src-osrc corr  18   6 o,n=   0.00000   0.00000
 Src-osrc corr  15   7 o,n=   0.00000   0.00003
 Src-osrc corr  16   7 o,n=   0.00021   0.00026
 Src-osrc corr  17   7 o,n=   0.00000   0.00002
 Src-osrc corr  18   7 o,n=   0.00000   0.00004
 Src-osrc corr  15   8 o,n=   0.00003   0.00001
 Src-osrc corr  16   8 o,n=   0.00026   0.00028
 Src-osrc corr  17   8 o,n=   0.00002   0.00000
 Src-osrc corr  18   8 o,n=   0.00004   0.00004
 Src-osrc corr  15   9 o,n=   0.00001   0.00000
 Src-osrc corr  16   9 o,n=   0.00028   0.00028
 Src-osrc corr  18   9 o,n=   0.00004   0.00004
 Src-osrc corr  16  10 o,n=   0.00028   0.00034
 Src-osrc corr  18  10 o,n=   0.00004   0.00019
 Reaction Xsec    10.0-/11 @ 2 =     0.052 , Out:   0.000#   0.648/   2.902/   0.000#   0.000#   0.000#   0.048f

 Total SPIN, PARITY =    11.0 +,     18 chs,     18 cc.  Rmin & Coul turning =    1.7   11.1
 Src-osrc corr  11   1 o,n=   1.35168   0.40691
 Src-osrc corr  15   3 o,n=   0.00003   0.00009
 Src-osrc corr  17   3 o,n=   0.00000   0.00010
 Src-osrc corr  15   4 o,n=   0.00009   0.00009
 Src-osrc corr  16   4 o,n=   0.00000   0.00001
 Src-osrc corr  17   4 o,n=   0.00010   0.00010
 Src-osrc corr  15   5 o,n=   0.00009   0.00009
 Src-osrc corr  16   5 o,n=   0.00001   0.00003
 Src-osrc corr  17   5 o,n=   0.00010   0.00009
 Src-osrc corr  18   5 o,n=   0.00000   0.00001
 Src-osrc corr  15   6 o,n=   0.00009   0.00035
 Src-osrc corr  16   6 o,n=   0.00003   0.00000
 Src-osrc corr  17   6 o,n=   0.00009   0.00014
 Src-osrc corr  18   6 o,n=   0.00001   0.00000
 Src-osrc corr  15   7 o,n=   0.00035   0.00035
 Src-osrc corr  16   7 o,n=   0.00000   0.00001
 Src-osrc corr  17   7 o,n=   0.00014   0.00014
 Src-osrc corr  18   7 o,n=   0.00000   0.00000
 Src-osrc corr  15   8 o,n=   0.00035   0.00036
 Src-osrc corr  16   8 o,n=   0.00001   0.00005
 Src-osrc corr  17   8 o,n=   0.00014   0.00015
 Src-osrc corr  18   8 o,n=   0.00000   0.00001
 Src-osrc corr  15   9 o,n=   0.00036   0.00315
 Src-osrc corr  16   9 o,n=   0.00005   0.00000
 Src-osrc corr  18   9 o,n=   0.00001   0.00000
 Src-osrc corr  11   1 o,n=   1.35168   0.40691
 Src-osrc corr  15   3 o,n=   0.00003   0.00009
 Src-osrc corr  17   3 o,n=   0.00000   0.00010
 Src-osrc corr  15   4 o,n=   0.00009   0.00009
 Src-osrc corr  16   4 o,n=   0.00000   0.00001
 Src-osrc corr  17   4 o,n=   0.00010   0.00010
 Src-osrc corr  15   5 o,n=   0.00009   0.00009
 Src-osrc corr  16   5 o,n=   0.00001   0.00003
 Src-osrc corr  17   5 o,n=   0.00010   0.00009
 Src-osrc corr  18   5 o,n=   0.00000   0.00001
 Src-osrc corr  15   6 o,n=   0.00009   0.00035
 Src-osrc corr  16   6 o,n=   0.00003   0.00000
 Src-osrc corr  17   6 o,n=   0.00009   0.00014
 Src-osrc corr  18   6 o,n=   0.00001   0.00000
 Src-osrc corr  15   7 o,n=   0.00035   0.00035
 Src-osrc corr  16   7 o,n=   0.00000   0.00001
 Src-osrc corr  17   7 o,n=   0.00014   0.00014
 Src-osrc corr  18   7 o,n=   0.00000   0.00000
 Src-osrc corr  15   8 o,n=   0.00035   0.00036
 Src-osrc corr  16   8 o,n=   0.00001   0.00005
 Src-osrc corr  17   8 o,n=   0.00014   0.00015
 Src-osrc corr  18   8 o,n=   0.00000   0.00001
 Src-osrc corr  15   9 o,n=   0.00036   0.00315
 Src-osrc corr  16   9 o,n=   0.00005   0.00000
 Src-osrc corr  18   9 o,n=   0.00001   0.00000
 Reaction Xsec    11.0+/10 @ 1 =     0.227 , Out:   0.000#   0.770/   0.018    0.000#   0.000#   0.000#   0.209f
 Src-osrc corr  12   2 o,n=   0.59350   0.07875
 Src-osrc corr  15   4 o,n=   0.00000   0.00000
 Src-osrc corr  16   4 o,n=   0.00001   0.00005
 Src-osrc corr  17   4 o,n=   0.00000   0.00000
 Src-osrc corr  15   5 o,n=   0.00000   0.00000
 Src-osrc corr  16   5 o,n=   0.00005   0.00005
 Src-osrc corr  17   5 o,n=   0.00000   0.00000
 Src-osrc corr  18   5 o,n=   0.00000   0.00000
 Src-osrc corr  15   6 o,n=   0.00000   0.00000
 Src-osrc corr  16   6 o,n=   0.00005   0.00005
 Src-osrc corr  17   6 o,n=   0.00000   0.00000
 Src-osrc corr  18   6 o,n=   0.00000   0.00000
 Src-osrc corr  15   7 o,n=   0.00000   0.00001
 Src-osrc corr  16   7 o,n=   0.00005   0.00008
 Src-osrc corr  17   7 o,n=   0.00000   0.00000
 Src-osrc corr  18   7 o,n=   0.00000   0.00001
 Src-osrc corr  15   8 o,n=   0.00001   0.00000
 Src-osrc corr  16   8 o,n=   0.00008   0.00009
 Src-osrc corr  17   8 o,n=   0.00000   0.00000
 Src-osrc corr  18   8 o,n=   0.00001   0.00001
 Src-osrc corr  15   9 o,n=   0.00000   0.00000
 Src-osrc corr  16   9 o,n=   0.00009   0.00009
 Src-osrc corr  18   9 o,n=   0.00001   0.00001
 Src-osrc corr  16  10 o,n=   0.00009   0.00011
 Src-osrc corr  18  10 o,n=   0.00001   0.00005
 Src-osrc corr  12   2 o,n=   0.59350   0.07875
 Src-osrc corr  15   4 o,n=   0.00000   0.00000
 Src-osrc corr  16   4 o,n=   0.00001   0.00005
 Src-osrc corr  17   4 o,n=   0.00000   0.00000
 Src-osrc corr  15   5 o,n=   0.00000   0.00000
 Src-osrc corr  16   5 o,n=   0.00005   0.00005
 Src-osrc corr  17   5 o,n=   0.00000   0.00000
 Src-osrc corr  18   5 o,n=   0.00000   0.00000
 Src-osrc corr  15   6 o,n=   0.00000   0.00000
 Src-osrc corr  16   6 o,n=   0.00005   0.00005
 Src-osrc corr  17   6 o,n=   0.00000   0.00000
 Src-osrc corr  18   6 o,n=   0.00000   0.00000
 Src-osrc corr  15   7 o,n=   0.00000   0.00001
 Src-osrc corr  16   7 o,n=   0.00005   0.00008
 Src-osrc corr  17   7 o,n=   0.00000   0.00000
 Src-osrc corr  18   7 o,n=   0.00000   0.00001
 Src-osrc corr  15   8 o,n=   0.00001   0.00000
 Src-osrc corr  16   8 o,n=   0.00008   0.00009
 Src-osrc corr  17   8 o,n=   0.00000   0.00000
 Src-osrc corr  18   8 o,n=   0.00001   0.00001
 Src-osrc corr  15   9 o,n=   0.00000   0.00000
 Src-osrc corr  16   9 o,n=   0.00009   0.00009
 Src-osrc corr  18   9 o,n=   0.00001   0.00001
 Src-osrc corr  16  10 o,n=   0.00009   0.00011
 Src-osrc corr  18  10 o,n=   0.00001   0.00005
 Reaction Xsec    11.0+/12 @ 2 =     0.015 , Out:   0.000#   0.490/   1.476/   0.000#   0.000#   0.000#   0.013f

 Total SPIN, PARITY =    11.0 -,     16 chs,     16 cc.  Rmin & Coul turning =    1.7   11.1
 Src-osrc corr   9   1 o,n=   0.62129   0.10901
 Src-osrc corr  10   1 o,n=   0.59487   0.10439
 Src-osrc corr  13   2 o,n=   0.00001   0.00002
 Src-osrc corr  14   2 o,n=   0.00002   0.00014
 Src-osrc corr  15   2 o,n=   0.00000   0.00002
 Src-osrc corr  13   3 o,n=   0.00002   0.00002
 Src-osrc corr  14   3 o,n=   0.00014   0.00015
 Src-osrc corr  15   3 o,n=   0.00002   0.00002
 Src-osrc corr  16   3 o,n=   0.00000   0.00000
 Src-osrc corr  13   4 o,n=   0.00002   0.00002
 Src-osrc corr  14   4 o,n=   0.00015   0.00015
 Src-osrc corr  15   4 o,n=   0.00002   0.00002
 Src-osrc corr  16   4 o,n=   0.00000   0.00000
 Src-osrc corr  13   5 o,n=   0.00002   0.00007
 Src-osrc corr  14   5 o,n=   0.00015   0.00017
 Src-osrc corr  15   5 o,n=   0.00002   0.00003
 Src-osrc corr  16   5 o,n=   0.00000   0.00003
 Src-osrc corr  13   6 o,n=   0.00007   0.00007
 Src-osrc corr  14   6 o,n=   0.00017   0.00019
 Src-osrc corr  15   6 o,n=   0.00003   0.00003
 Src-osrc corr  16   6 o,n=   0.00003   0.00002
 Src-osrc corr  13   7 o,n=   0.00007   0.00008
 Src-osrc corr  14   7 o,n=   0.00019   0.00020
 Src-osrc corr  15   7 o,n=   0.00003   0.00004
 Src-osrc corr  16   7 o,n=   0.00002   0.00002
 Src-osrc corr  13   8 o,n=   0.00008   0.00055
 Src-osrc corr  14   8 o,n=   0.00020   0.00030
 Src-osrc corr  16   8 o,n=   0.00002   0.00021
 Src-osrc corr   9   1 o,n=   0.62129   0.10901
 Src-osrc corr  10   1 o,n=   0.59487   0.10439
 Src-osrc corr  13   2 o,n=   0.00001   0.00002
 Src-osrc corr  14   2 o,n=   0.00002   0.00014
 Src-osrc corr  15   2 o,n=   0.00000   0.00002
 Src-osrc corr  13   3 o,n=   0.00002   0.00002
 Src-osrc corr  14   3 o,n=   0.00014   0.00015
 Src-osrc corr  15   3 o,n=   0.00002   0.00002
 Src-osrc corr  16   3 o,n=   0.00000   0.00000
 Src-osrc corr  13   4 o,n=   0.00002   0.00002
 Src-osrc corr  14   4 o,n=   0.00015   0.00015
 Src-osrc corr  15   4 o,n=   0.00002   0.00002
 Src-osrc corr  16   4 o,n=   0.00000   0.00000
 Src-osrc corr  13   5 o,n=   0.00002   0.00007
 Src-osrc corr  14   5 o,n=   0.00015   0.00017
 Src-osrc corr  15   5 o,n=   0.00002   0.00003
 Src-osrc corr  16   5 o,n=   0.00000   0.00003
 Src-osrc corr  13   6 o,n=   0.00007   0.00007
 Src-osrc corr  14   6 o,n=   0.00017   0.00019
 Src-osrc corr  15   6 o,n=   0.00003   0.00003
 Src-osrc corr  16   6 o,n=   0.00003   0.00002
 Src-osrc corr  13   7 o,n=   0.00007   0.00008
 Src-osrc corr  14   7 o,n=   0.00019   0.00020
 Src-osrc corr  15   7 o,n=   0.00003   0.00004
 Src-osrc corr  16   7 o,n=   0.00002   0.00002
 Src-osrc corr  13   8 o,n=   0.00008   0.00055
 Src-osrc corr  14   8 o,n=   0.00020   0.00030
 Src-osrc corr  16   8 o,n=   0.00002   0.00021
 Reaction Xsec    11.0-/11 @ 1 =     0.057 , Out:   0.000#   0.710/   3.179/   0.000#   0.000#   0.000#   0.053f

 Total SPIN, PARITY =    12.0 +,     16 chs,     16 cc.  Rmin & Coul turning =    1.9   12.1
 Src-osrc corr   9   1 o,n=   0.42798   0.05678
 Src-osrc corr  10   1 o,n=   0.41120   0.05456
 Src-osrc corr  13   2 o,n=   0.00000   0.00001
 Src-osrc corr  14   2 o,n=   0.00001   0.00003
 Src-osrc corr  15   2 o,n=   0.00000   0.00001
 Src-osrc corr  13   3 o,n=   0.00001   0.00001
 Src-osrc corr  14   3 o,n=   0.00003   0.00004
 Src-osrc corr  15   3 o,n=   0.00001   0.00001
 Src-osrc corr  16   3 o,n=   0.00000   0.00000
 Src-osrc corr  13   4 o,n=   0.00001   0.00000
 Src-osrc corr  14   4 o,n=   0.00004   0.00004
 Src-osrc corr  15   4 o,n=   0.00001   0.00001
 Src-osrc corr  16   4 o,n=   0.00000   0.00000
 Src-osrc corr  13   5 o,n=   0.00000   0.00002
 Src-osrc corr  14   5 o,n=   0.00004   0.00006
 Src-osrc corr  15   5 o,n=   0.00001   0.00001
 Src-osrc corr  16   5 o,n=   0.00000   0.00001
 Src-osrc corr  13   6 o,n=   0.00002   0.00002
 Src-osrc corr  14   6 o,n=   0.00006   0.00006
 Src-osrc corr  15   6 o,n=   0.00001   0.00001
 Src-osrc corr  16   6 o,n=   0.00001   0.00001
 Src-osrc corr  13   7 o,n=   0.00002   0.00002
 Src-osrc corr  14   7 o,n=   0.00006   0.00006
 Src-osrc corr  15   7 o,n=   0.00001   0.00001
 Src-osrc corr  16   7 o,n=   0.00001   0.00001
 Src-osrc corr  13   8 o,n=   0.00002   0.00014
 Src-osrc corr  14   8 o,n=   0.00006   0.00009
 Src-osrc corr  16   8 o,n=   0.00001   0.00006
 Src-osrc corr   9   1 o,n=   0.42798   0.05678
 Src-osrc corr  10   1 o,n=   0.41120   0.05456
 Src-osrc corr  13   2 o,n=   0.00000   0.00001
 Src-osrc corr  14   2 o,n=   0.00001   0.00003
 Src-osrc corr  15   2 o,n=   0.00000   0.00001
 Src-osrc corr  13   3 o,n=   0.00001   0.00001
 Src-osrc corr  14   3 o,n=   0.00003   0.00004
 Src-osrc corr  15   3 o,n=   0.00001   0.00001
 Src-osrc corr  16   3 o,n=   0.00000   0.00000
 Src-osrc corr  13   4 o,n=   0.00001   0.00000
 Src-osrc corr  14   4 o,n=   0.00004   0.00004
 Src-osrc corr  15   4 o,n=   0.00001   0.00001
 Src-osrc corr  16   4 o,n=   0.00000   0.00000
 Src-osrc corr  13   5 o,n=   0.00000   0.00002
 Src-osrc corr  14   5 o,n=   0.00004   0.00006
 Src-osrc corr  15   5 o,n=   0.00001   0.00001
 Src-osrc corr  16   5 o,n=   0.00000   0.00001
 Src-osrc corr  13   6 o,n=   0.00002   0.00002
 Src-osrc corr  14   6 o,n=   0.00006   0.00006
 Src-osrc corr  15   6 o,n=   0.00001   0.00001
 Src-osrc corr  16   6 o,n=   0.00001   0.00001
 Src-osrc corr  13   7 o,n=   0.00002   0.00002
 Src-osrc corr  14   7 o,n=   0.00006   0.00006
 Src-osrc corr  15   7 o,n=   0.00001   0.00001
 Src-osrc corr  16   7 o,n=   0.00001   0.00001
 Src-osrc corr  13   8 o,n=   0.00002   0.00014
 Src-osrc corr  14   8 o,n=   0.00006   0.00009
 Src-osrc corr  16   8 o,n=   0.00001   0.00006
 Reaction Xsec    12.0+/12 @ 1 =     0.017 , Out:   0.000#   0.532/   1.604/   0.000#   0.000#   0.000#   0.014f

 Total SPIN, PARITY =    12.0 -,     18 chs,     18 cc.  Rmin & Coul turning =    1.9   12.1
 Src-osrc corr  11   1 o,n=   0.86020   0.15093
 Src-osrc corr  15   3 o,n=   0.00001   0.00002
 Src-osrc corr  17   3 o,n=   0.00000   0.00002
 Src-osrc corr  15   4 o,n=   0.00002   0.00002
 Src-osrc corr  16   4 o,n=   0.00000   0.00000
 Src-osrc corr  17   4 o,n=   0.00002   0.00002
 Src-osrc corr  15   5 o,n=   0.00002   0.00002
 Src-osrc corr  16   5 o,n=   0.00000   0.00001
 Src-osrc corr  17   5 o,n=   0.00002   0.00002
 Src-osrc corr  18   5 o,n=   0.00000   0.00000
 Src-osrc corr  15   6 o,n=   0.00002   0.00010
 Src-osrc corr  16   6 o,n=   0.00001   0.00000
 Src-osrc corr  17   6 o,n=   0.00002   0.00004
 Src-osrc corr  18   6 o,n=   0.00000   0.00000
 Src-osrc corr  15   7 o,n=   0.00010   0.00010
 Src-osrc corr  16   7 o,n=   0.00000   0.00000
 Src-osrc corr  17   7 o,n=   0.00004   0.00004
 Src-osrc corr  18   7 o,n=   0.00000   0.00000
 Src-osrc corr  15   8 o,n=   0.00010   0.00010
 Src-osrc corr  16   8 o,n=   0.00000   0.00001
 Src-osrc corr  17   8 o,n=   0.00004   0.00004
 Src-osrc corr  18   8 o,n=   0.00000   0.00000
 Src-osrc corr  15   9 o,n=   0.00010   0.00079
 Src-osrc corr  16   9 o,n=   0.00001   0.00000
 Src-osrc corr  18   9 o,n=   0.00000   0.00000
 Src-osrc corr  11   1 o,n=   0.86020   0.15093
 Src-osrc corr  15   3 o,n=   0.00001   0.00002
 Src-osrc corr  17   3 o,n=   0.00000   0.00002
 Src-osrc corr  15   4 o,n=   0.00002   0.00002
 Src-osrc corr  16   4 o,n=   0.00000   0.00000
 Src-osrc corr  17   4 o,n=   0.00002   0.00002
 Src-osrc corr  15   5 o,n=   0.00002   0.00002
 Src-osrc corr  16   5 o,n=   0.00000   0.00001
 Src-osrc corr  17   5 o,n=   0.00002   0.00002
 Src-osrc corr  18   5 o,n=   0.00000   0.00000
 Src-osrc corr  15   6 o,n=   0.00002   0.00010
 Src-osrc corr  16   6 o,n=   0.00001   0.00000
 Src-osrc corr  17   6 o,n=   0.00002   0.00004
 Src-osrc corr  18   6 o,n=   0.00000   0.00000
 Src-osrc corr  15   7 o,n=   0.00010   0.00010
 Src-osrc corr  16   7 o,n=   0.00000   0.00000
 Src-osrc corr  17   7 o,n=   0.00004   0.00004
 Src-osrc corr  18   7 o,n=   0.00000   0.00000
 Src-osrc corr  15   8 o,n=   0.00010   0.00010
 Src-osrc corr  16   8 o,n=   0.00000   0.00001
 Src-osrc corr  17   8 o,n=   0.00004   0.00004
 Src-osrc corr  18   8 o,n=   0.00000   0.00000
 Src-osrc corr  15   9 o,n=   0.00010   0.00079
 Src-osrc corr  16   9 o,n=   0.00001   0.00000
 Src-osrc corr  18   9 o,n=   0.00000   0.00000
 Reaction Xsec    12.0-/11 @ 1 =     0.062 , Out:   0.000#   0.771/   3.455/   0.000#   0.000#   0.000#   0.057f
 Src-osrc corr  12   2 o,n=   0.44255   0.06860
 Src-osrc corr  15   4 o,n=   0.00000   0.00000
 Src-osrc corr  16   4 o,n=   0.00000   0.00002
 Src-osrc corr  17   4 o,n=   0.00000   0.00000
 Src-osrc corr  15   5 o,n=   0.00000   0.00000
 Src-osrc corr  16   5 o,n=   0.00002   0.00002
 Src-osrc corr  17   5 o,n=   0.00000   0.00000
 Src-osrc corr  18   5 o,n=   0.00000   0.00000
 Src-osrc corr  15   6 o,n=   0.00000   0.00000
 Src-osrc corr  16   6 o,n=   0.00002   0.00002
 Src-osrc corr  17   6 o,n=   0.00000   0.00000
 Src-osrc corr  18   6 o,n=   0.00000   0.00000
 Src-osrc corr  15   7 o,n=   0.00000   0.00000
 Src-osrc corr  16   7 o,n=   0.00002   0.00003
 Src-osrc corr  17   7 o,n=   0.00000   0.00000
 Src-osrc corr  18   7 o,n=   0.00000   0.00000
 Src-osrc corr  15   8 o,n=   0.00000   0.00000
 Src-osrc corr  16   8 o,n=   0.00003   0.00003
 Src-osrc corr  17   8 o,n=   0.00000   0.00000
 Src-osrc corr  18   8 o,n=   0.00000   0.00000
 Src-osrc corr  15   9 o,n=   0.00000   0.00000
 Src-osrc corr  16   9 o,n=   0.00003   0.00003
 Src-osrc corr  18   9 o,n=   0.00000   0.00000
 Src-osrc corr  16  10 o,n=   0.00003   0.00004
 Src-osrc corr  18  10 o,n=   0.00000   0.00002
 Src-osrc corr  12   2 o,n=   0.44255   0.06860
 Src-osrc corr  15   4 o,n=   0.00000   0.00000
 Src-osrc corr  16   4 o,n=   0.00000   0.00002
 Src-osrc corr  17   4 o,n=   0.00000   0.00000
 Src-osrc corr  15   5 o,n=   0.00000   0.00000
 Src-osrc corr  16   5 o,n=   0.00002   0.00002
 Src-osrc corr  17   5 o,n=   0.00000   0.00000
 Src-osrc corr  18   5 o,n=   0.00000   0.00000
 Src-osrc corr  15   6 o,n=   0.00000   0.00000
 Src-osrc corr  16   6 o,n=   0.00002   0.00002
 Src-osrc corr  17   6 o,n=   0.00000   0.00000
 Src-osrc corr  18   6 o,n=   0.00000   0.00000
 Src-osrc corr  15   7 o,n=   0.00000   0.00000
 Src-osrc corr  16   7 o,n=   0.00002   0.00003
 Src-osrc corr  17   7 o,n=   0.00000   0.00000
 Src-osrc corr  18   7 o,n=   0.00000   0.00000
 Src-osrc corr  15   8 o,n=   0.00000   0.00000
 Src-osrc corr  16   8 o,n=   0.00003   0.00003
 Src-osrc corr  17   8 o,n=   0.00000   0.00000
 Src-osrc corr  18   8 o,n=   0.00000   0.00000
 Src-osrc corr  15   9 o,n=   0.00000   0.00000
 Src-osrc corr  16   9 o,n=   0.00003   0.00003
 Src-osrc corr  18   9 o,n=   0.00000   0.00000
 Src-osrc corr  16  10 o,n=   0.00003   0.00004
 Src-osrc corr  18  10 o,n=   0.00000   0.00002
 Reaction Xsec    12.0-/13 @ 2 =     5.894/, Out:   0.000#   0.328/   2.050/   0.000#   0.000#   0.000#   0.004f

 Total SPIN, PARITY =    13.0 +,     18 chs,     18 cc.  Rmin & Coul turning =    2.0   13.0
 Src-osrc corr  11   1 o,n=   0.59352   0.07874
 Src-osrc corr  15   3 o,n=   0.00001   0.00001
 Src-osrc corr  17   3 o,n=   0.00000   0.00001
 Src-osrc corr  15   4 o,n=   0.00001   0.00001
 Src-osrc corr  16   4 o,n=   0.00000   0.00000
 Src-osrc corr  17   4 o,n=   0.00001   0.00001
 Src-osrc corr  15   5 o,n=   0.00001   0.00001
 Src-osrc corr  16   5 o,n=   0.00000   0.00000
 Src-osrc corr  17   5 o,n=   0.00001   0.00001
 Src-osrc corr  18   5 o,n=   0.00000   0.00000
 Src-osrc corr  15   6 o,n=   0.00001   0.00003
 Src-osrc corr  16   6 o,n=   0.00000   0.00000
 Src-osrc corr  17   6 o,n=   0.00001   0.00001
 Src-osrc corr  18   6 o,n=   0.00000   0.00000
 Src-osrc corr  15   7 o,n=   0.00003   0.00003
 Src-osrc corr  16   7 o,n=   0.00000   0.00000
 Src-osrc corr  17   7 o,n=   0.00001   0.00001
 Src-osrc corr  18   7 o,n=   0.00000   0.00000
 Src-osrc corr  15   8 o,n=   0.00003   0.00003
 Src-osrc corr  16   8 o,n=   0.00000   0.00000
 Src-osrc corr  17   8 o,n=   0.00001   0.00001
 Src-osrc corr  18   8 o,n=   0.00000   0.00000
 Src-osrc corr  15   9 o,n=   0.00003   0.00021
 Src-osrc corr  16   9 o,n=   0.00000   0.00000
 Src-osrc corr  18   9 o,n=   0.00000   0.00000
 Src-osrc corr  11   1 o,n=   0.59352   0.07874
 Src-osrc corr  15   3 o,n=   0.00001   0.00001
 Src-osrc corr  17   3 o,n=   0.00000   0.00001
 Src-osrc corr  15   4 o,n=   0.00001   0.00001
 Src-osrc corr  16   4 o,n=   0.00000   0.00000
 Src-osrc corr  17   4 o,n=   0.00001   0.00001
 Src-osrc corr  15   5 o,n=   0.00001   0.00001
 Src-osrc corr  16   5 o,n=   0.00000   0.00000
 Src-osrc corr  17   5 o,n=   0.00001   0.00001
 Src-osrc corr  18   5 o,n=   0.00000   0.00000
 Src-osrc corr  15   6 o,n=   0.00001   0.00003
 Src-osrc corr  16   6 o,n=   0.00000   0.00000
 Src-osrc corr  17   6 o,n=   0.00001   0.00001
 Src-osrc corr  18   6 o,n=   0.00000   0.00000
 Src-osrc corr  15   7 o,n=   0.00003   0.00003
 Src-osrc corr  16   7 o,n=   0.00000   0.00000
 Src-osrc corr  17   7 o,n=   0.00001   0.00001
 Src-osrc corr  18   7 o,n=   0.00000   0.00000
 Src-osrc corr  15   8 o,n=   0.00003   0.00003
 Src-osrc corr  16   8 o,n=   0.00000   0.00000
 Src-osrc corr  17   8 o,n=   0.00001   0.00001
 Src-osrc corr  18   8 o,n=   0.00000   0.00000
 Src-osrc corr  15   9 o,n=   0.00003   0.00021
 Src-osrc corr  16   9 o,n=   0.00000   0.00000
 Src-osrc corr  18   9 o,n=   0.00000   0.00000
 Reaction Xsec    13.0+/12 @ 1 =     0.018 , Out:   0.000#   0.575/   1.733/   0.000#   0.000#   0.000#   0.016f
 Src-osrc corr  12   2 o,n=   0.32623   0.05411
 Src-osrc corr  15   4 o,n=   0.00000   0.00000
 Src-osrc corr  16   4 o,n=   0.00000   0.00001
 Src-osrc corr  17   4 o,n=   0.00000   0.00000
 Src-osrc corr  15   5 o,n=   0.00000   0.00000
 Src-osrc corr  16   5 o,n=   0.00001   0.00001
 Src-osrc corr  17   5 o,n=   0.00000   0.00000
 Src-osrc corr  18   5 o,n=   0.00000   0.00000
 Src-osrc corr  15   6 o,n=   0.00000   0.00000
 Src-osrc corr  16   6 o,n=   0.00001   0.00001
 Src-osrc corr  17   6 o,n=   0.00000   0.00000
 Src-osrc corr  18   6 o,n=   0.00000   0.00000
 Src-osrc corr  15   7 o,n=   0.00000   0.00000
 Src-osrc corr  16   7 o,n=   0.00001   0.00001
 Src-osrc corr  17   7 o,n=   0.00000   0.00000
 Src-osrc corr  18   7 o,n=   0.00000   0.00000
 Src-osrc corr  15   8 o,n=   0.00000   0.00000
 Src-osrc corr  16   8 o,n=   0.00001   0.00001
 Src-osrc corr  17   8 o,n=   0.00000   0.00000
 Src-osrc corr  18   8 o,n=   0.00000   0.00000
 Src-osrc corr  15   9 o,n=   0.00000   0.00000
 Src-osrc corr  16   9 o,n=   0.00001   0.00001
 Src-osrc corr  18   9 o,n=   0.00000   0.00000
 Src-osrc corr  16  10 o,n=   0.00001   0.00002
 Src-osrc corr  18  10 o,n=   0.00000   0.00001
 Src-osrc corr  12   2 o,n=   0.32623   0.05411
 Src-osrc corr  15   4 o,n=   0.00000   0.00000
 Src-osrc corr  16   4 o,n=   0.00000   0.00001
 Src-osrc corr  17   4 o,n=   0.00000   0.00000
 Src-osrc corr  15   5 o,n=   0.00000   0.00000
 Src-osrc corr  16   5 o,n=   0.00001   0.00001
 Src-osrc corr  17   5 o,n=   0.00000   0.00000
 Src-osrc corr  18   5 o,n=   0.00000   0.00000
 Src-osrc corr  15   6 o,n=   0.00000   0.00000
 Src-osrc corr  16   6 o,n=   0.00001   0.00001
 Src-osrc corr  17   6 o,n=   0.00000   0.00000
 Src-osrc corr  18   6 o,n=   0.00000   0.00000
 Src-osrc corr  15   7 o,n=   0.00000   0.00000
 Src-osrc corr  16   7 o,n=   0.00001   0.00001
 Src-osrc corr  17   7 o,n=   0.00000   0.00000
 Src-osrc corr  18   7 o,n=   0.00000   0.00000
 Src-osrc corr  15   8 o,n=   0.00000   0.00000
 Src-osrc corr  16   8 o,n=   0.00001   0.00001
 Src-osrc corr  17   8 o,n=   0.00000   0.00000
 Src-osrc corr  18   8 o,n=   0.00000   0.00000
 Src-osrc corr  15   9 o,n=   0.00000   0.00000
 Src-osrc corr  16   9 o,n=   0.00001   0.00001
 Src-osrc corr  18   9 o,n=   0.00000   0.00000
 Src-osrc corr  16  10 o,n=   0.00001   0.00002
 Src-osrc corr  18  10 o,n=   0.00000   0.00001
 Reaction Xsec    13.0+/14 @ 2 =     2.991/, Out:   0.000#   0.255/   1.921/   0.000#   0.000#   0.000#   0.001f

 Total SPIN, PARITY =    13.0 -,     16 chs,     16 cc.  Rmin & Coul turning =    2.0   13.0
 Src-osrc corr   9   1 o,n=   0.31867   0.04939
 Src-osrc corr  10   1 o,n=   0.30708   0.04760
 Src-osrc corr  13   2 o,n=   0.00000   0.00000
 Src-osrc corr  14   2 o,n=   0.00000   0.00001
 Src-osrc corr  15   2 o,n=   0.00000   0.00000
 Src-osrc corr  13   3 o,n=   0.00000   0.00000
 Src-osrc corr  14   3 o,n=   0.00001   0.00001
 Src-osrc corr  15   3 o,n=   0.00000   0.00000
 Src-osrc corr  16   3 o,n=   0.00000   0.00000
 Src-osrc corr  13   4 o,n=   0.00000   0.00000
 Src-osrc corr  14   4 o,n=   0.00001   0.00001
 Src-osrc corr  15   4 o,n=   0.00000   0.00000
 Src-osrc corr  16   4 o,n=   0.00000   0.00000
 Src-osrc corr  13   5 o,n=   0.00000   0.00001
 Src-osrc corr  14   5 o,n=   0.00001   0.00002
 Src-osrc corr  15   5 o,n=   0.00000   0.00000
 Src-osrc corr  16   5 o,n=   0.00000   0.00000
 Src-osrc corr  13   6 o,n=   0.00001   0.00001
 Src-osrc corr  14   6 o,n=   0.00002   0.00002
 Src-osrc corr  15   6 o,n=   0.00000   0.00000
 Src-osrc corr  16   6 o,n=   0.00000   0.00000
 Src-osrc corr  13   7 o,n=   0.00001   0.00001
 Src-osrc corr  14   7 o,n=   0.00002   0.00002
 Src-osrc corr  15   7 o,n=   0.00000   0.00000
 Src-osrc corr  16   7 o,n=   0.00000   0.00000
 Src-osrc corr  13   8 o,n=   0.00001   0.00004
 Src-osrc corr  14   8 o,n=   0.00002   0.00003
 Src-osrc corr  16   8 o,n=   0.00000   0.00002
 Src-osrc corr   9   1 o,n=   0.31867   0.04939
 Src-osrc corr  10   1 o,n=   0.30708   0.04760
 Src-osrc corr  13   2 o,n=   0.00000   0.00000
 Src-osrc corr  14   2 o,n=   0.00000   0.00001
 Src-osrc corr  15   2 o,n=   0.00000   0.00000
 Src-osrc corr  13   3 o,n=   0.00000   0.00000
 Src-osrc corr  14   3 o,n=   0.00001   0.00001
 Src-osrc corr  15   3 o,n=   0.00000   0.00000
 Src-osrc corr  16   3 o,n=   0.00000   0.00000
 Src-osrc corr  13   4 o,n=   0.00000   0.00000
 Src-osrc corr  14   4 o,n=   0.00001   0.00001
 Src-osrc corr  15   4 o,n=   0.00000   0.00000
 Src-osrc corr  16   4 o,n=   0.00000   0.00000
 Src-osrc corr  13   5 o,n=   0.00000   0.00001
 Src-osrc corr  14   5 o,n=   0.00001   0.00002
 Src-osrc corr  15   5 o,n=   0.00000   0.00000
 Src-osrc corr  16   5 o,n=   0.00000   0.00000
 Src-osrc corr  13   6 o,n=   0.00001   0.00001
 Src-osrc corr  14   6 o,n=   0.00002   0.00002
 Src-osrc corr  15   6 o,n=   0.00000   0.00000
 Src-osrc corr  16   6 o,n=   0.00000   0.00000
 Src-osrc corr  13   7 o,n=   0.00001   0.00001
 Src-osrc corr  14   7 o,n=   0.00002   0.00002
 Src-osrc corr  15   7 o,n=   0.00000   0.00000
 Src-osrc corr  16   7 o,n=   0.00000   0.00000
 Src-osrc corr  13   8 o,n=   0.00001   0.00004
 Src-osrc corr  14   8 o,n=   0.00002   0.00003
 Src-osrc corr  16   8 o,n=   0.00000   0.00002
 Reaction Xsec    13.0-/13 @ 1 =     6.366/, Out:   0.000#   0.354/   2.214/   0.000#   0.000#   0.000#   0.004f

 Total SPIN, PARITY =    14.0 +,     16 chs,     16 cc.  Rmin & Coul turning =    2.2   13.9
 Src-osrc corr   9   1 o,n=   0.23463   0.03892
 Src-osrc corr  10   1 o,n=   0.22667   0.03760
 Src-osrc corr  13   2 o,n=   0.00000   0.00000
 Src-osrc corr  14   2 o,n=   0.00000   0.00000
 Src-osrc corr  15   2 o,n=   0.00000   0.00000
 Src-osrc corr  13   3 o,n=   0.00000   0.00000
 Src-osrc corr  14   3 o,n=   0.00000   0.00001
 Src-osrc corr  15   3 o,n=   0.00000   0.00000
 Src-osrc corr  16   3 o,n=   0.00000   0.00000
 Src-osrc corr  13   4 o,n=   0.00000   0.00000
 Src-osrc corr  14   4 o,n=   0.00001   0.00001
 Src-osrc corr  15   4 o,n=   0.00000   0.00000
 Src-osrc corr  16   4 o,n=   0.00000   0.00000
 Src-osrc corr  13   5 o,n=   0.00000   0.00000
 Src-osrc corr  14   5 o,n=   0.00001   0.00001
 Src-osrc corr  15   5 o,n=   0.00000   0.00000
 Src-osrc corr  16   5 o,n=   0.00000   0.00000
 Src-osrc corr  13   6 o,n=   0.00000   0.00000
 Src-osrc corr  14   6 o,n=   0.00001   0.00001
 Src-osrc corr  15   6 o,n=   0.00000   0.00000
 Src-osrc corr  16   6 o,n=   0.00000   0.00000
 Src-osrc corr  13   7 o,n=   0.00000   0.00000
 Src-osrc corr  14   7 o,n=   0.00001   0.00001
 Src-osrc corr  15   7 o,n=   0.00000   0.00000
 Src-osrc corr  16   7 o,n=   0.00000   0.00000
 Src-osrc corr  13   8 o,n=   0.00000   0.00002
 Src-osrc corr  14   8 o,n=   0.00001   0.00001
 Src-osrc corr  16   8 o,n=   0.00000   0.00001
 Src-osrc corr   9   1 o,n=   0.23463   0.03892
 Src-osrc corr  10   1 o,n=   0.22667   0.03760
 Src-osrc corr  13   2 o,n=   0.00000   0.00000
 Src-osrc corr  14   2 o,n=   0.00000   0.00000
 Src-osrc corr  15   2 o,n=   0.00000   0.00000
 Src-osrc corr  13   3 o,n=   0.00000   0.00000
 Src-osrc corr  14   3 o,n=   0.00000   0.00001
 Src-osrc corr  15   3 o,n=   0.00000   0.00000
 Src-osrc corr  16   3 o,n=   0.00000   0.00000
 Src-osrc corr  13   4 o,n=   0.00000   0.00000
 Src-osrc corr  14   4 o,n=   0.00001   0.00001
 Src-osrc corr  15   4 o,n=   0.00000   0.00000
 Src-osrc corr  16   4 o,n=   0.00000   0.00000
 Src-osrc corr  13   5 o,n=   0.00000   0.00000
 Src-osrc corr  14   5 o,n=   0.00001   0.00001
 Src-osrc corr  15   5 o,n=   0.00000   0.00000
 Src-osrc corr  16   5 o,n=   0.00000   0.00000
 Src-osrc corr  13   6 o,n=   0.00000   0.00000
 Src-osrc corr  14   6 o,n=   0.00001   0.00001
 Src-osrc corr  15   6 o,n=   0.00000   0.00000
 Src-osrc corr  16   6 o,n=   0.00000   0.00000
 Src-osrc corr  13   7 o,n=   0.00000   0.00000
 Src-osrc corr  14   7 o,n=   0.00001   0.00001
 Src-osrc corr  15   7 o,n=   0.00000   0.00000
 Src-osrc corr  16   7 o,n=   0.00000   0.00000
 Src-osrc corr  13   8 o,n=   0.00000   0.00002
 Src-osrc corr  14   8 o,n=   0.00001   0.00001
 Src-osrc corr  16   8 o,n=   0.00000   0.00001
 Reaction Xsec    14.0+/14 @ 1 =     3.213/, Out:   0.000#   0.274/   2.063/   0.000#   0.000#   0.000#   0.001f

 Total SPIN, PARITY =    14.0 -,     18 chs,     18 cc.  Rmin & Coul turning =    2.2   13.9
 Src-osrc corr  11   1 o,n=   0.44255   0.06859
 Src-osrc corr  15   3 o,n=   0.00000   0.00000
 Src-osrc corr  17   3 o,n=   0.00000   0.00000
 Src-osrc corr  15   4 o,n=   0.00000   0.00000
 Src-osrc corr  16   4 o,n=   0.00000   0.00000
 Src-osrc corr  17   4 o,n=   0.00000   0.00000
 Src-osrc corr  15   5 o,n=   0.00000   0.00000
 Src-osrc corr  16   5 o,n=   0.00000   0.00000
 Src-osrc corr  17   5 o,n=   0.00000   0.00000
 Src-osrc corr  18   5 o,n=   0.00000   0.00000
 Src-osrc corr  15   6 o,n=   0.00000   0.00001
 Src-osrc corr  16   6 o,n=   0.00000   0.00000
 Src-osrc corr  17   6 o,n=   0.00000   0.00000
 Src-osrc corr  18   6 o,n=   0.00000   0.00000
 Src-osrc corr  15   7 o,n=   0.00001   0.00001
 Src-osrc corr  16   7 o,n=   0.00000   0.00000
 Src-osrc corr  17   7 o,n=   0.00000   0.00000
 Src-osrc corr  18   7 o,n=   0.00000   0.00000
 Src-osrc corr  15   8 o,n=   0.00001   0.00001
 Src-osrc corr  16   8 o,n=   0.00000   0.00000
 Src-osrc corr  17   8 o,n=   0.00000   0.00000
 Src-osrc corr  18   8 o,n=   0.00000   0.00000
 Src-osrc corr  15   9 o,n=   0.00001   0.00006
 Src-osrc corr  16   9 o,n=   0.00000   0.00000
 Src-osrc corr  18   9 o,n=   0.00000   0.00000
 Src-osrc corr  11   1 o,n=   0.44255   0.06859
 Src-osrc corr  15   3 o,n=   0.00000   0.00000
 Src-osrc corr  17   3 o,n=   0.00000   0.00000
 Src-osrc corr  15   4 o,n=   0.00000   0.00000
 Src-osrc corr  16   4 o,n=   0.00000   0.00000
 Src-osrc corr  17   4 o,n=   0.00000   0.00000
 Src-osrc corr  15   5 o,n=   0.00000   0.00000
 Src-osrc corr  16   5 o,n=   0.00000   0.00000
 Src-osrc corr  17   5 o,n=   0.00000   0.00000
 Src-osrc corr  18   5 o,n=   0.00000   0.00000
 Src-osrc corr  15   6 o,n=   0.00000   0.00001
 Src-osrc corr  16   6 o,n=   0.00000   0.00000
 Src-osrc corr  17   6 o,n=   0.00000   0.00000
 Src-osrc corr  18   6 o,n=   0.00000   0.00000
 Src-osrc corr  15   7 o,n=   0.00001   0.00001
 Src-osrc corr  16   7 o,n=   0.00000   0.00000
 Src-osrc corr  17   7 o,n=   0.00000   0.00000
 Src-osrc corr  18   7 o,n=   0.00000   0.00000
 Src-osrc corr  15   8 o,n=   0.00001   0.00001
 Src-osrc corr  16   8 o,n=   0.00000   0.00000
 Src-osrc corr  17   8 o,n=   0.00000   0.00000
 Src-osrc corr  18   8 o,n=   0.00000   0.00000
 Src-osrc corr  15   9 o,n=   0.00001   0.00006
 Src-osrc corr  16   9 o,n=   0.00000   0.00000
 Src-osrc corr  18   9 o,n=   0.00000   0.00000
 Reaction Xsec    14.0-/13 @ 1 =     6.838/, Out:   0.000#   0.381/   2.378/   0.000#   0.000#   0.000#   0.004f
 Src-osrc corr  12   2 o,n=   0.22436   0.03215
 Src-osrc corr  15   4 o,n=   0.00000   0.00000
 Src-osrc corr  16   4 o,n=   0.00000   0.00000
 Src-osrc corr  17   4 o,n=   0.00000   0.00000
 Src-osrc corr  15   5 o,n=   0.00000   0.00000
 Src-osrc corr  16   5 o,n=   0.00000   0.00000
 Src-osrc corr  17   5 o,n=   0.00000   0.00000
 Src-osrc corr  18   5 o,n=   0.00000   0.00000
 Src-osrc corr  15   6 o,n=   0.00000   0.00000
 Src-osrc corr  16   6 o,n=   0.00000   0.00000
 Src-osrc corr  17   6 o,n=   0.00000   0.00000
 Src-osrc corr  18   6 o,n=   0.00000   0.00000
 Src-osrc corr  15   7 o,n=   0.00000   0.00000
 Src-osrc corr  16   7 o,n=   0.00000   0.00001
 Src-osrc corr  17   7 o,n=   0.00000   0.00000
 Src-osrc corr  18   7 o,n=   0.00000   0.00000
 Src-osrc corr  15   8 o,n=   0.00000   0.00000
 Src-osrc corr  16   8 o,n=   0.00001   0.00001
 Src-osrc corr  17   8 o,n=   0.00000   0.00000
 Src-osrc corr  18   8 o,n=   0.00000   0.00000
 Src-osrc corr  15   9 o,n=   0.00000   0.00000
 Src-osrc corr  16   9 o,n=   0.00001   0.00001
 Src-osrc corr  18   9 o,n=   0.00000   0.00000
 Src-osrc corr  16  10 o,n=   0.00001   0.00001
 Src-osrc corr  18  10 o,n=   0.00000   0.00000
 Src-osrc corr  12   2 o,n=   0.22436   0.03215
 Src-osrc corr  15   4 o,n=   0.00000   0.00000
 Src-osrc corr  16   4 o,n=   0.00000   0.00000
 Src-osrc corr  17   4 o,n=   0.00000   0.00000
 Src-osrc corr  15   5 o,n=   0.00000   0.00000
 Src-osrc corr  16   5 o,n=   0.00000   0.00000
 Src-osrc corr  17   5 o,n=   0.00000   0.00000
 Src-osrc corr  18   5 o,n=   0.00000   0.00000
 Src-osrc corr  15   6 o,n=   0.00000   0.00000
 Src-osrc corr  16   6 o,n=   0.00000   0.00000
 Src-osrc corr  17   6 o,n=   0.00000   0.00000
 Src-osrc corr  18   6 o,n=   0.00000   0.00000
 Src-osrc corr  15   7 o,n=   0.00000   0.00000
 Src-osrc corr  16   7 o,n=   0.00000   0.00001
 Src-osrc corr  17   7 o,n=   0.00000   0.00000
 Src-osrc corr  18   7 o,n=   0.00000   0.00000
 Src-osrc corr  15   8 o,n=   0.00000   0.00000
 Src-osrc corr  16   8 o,n=   0.00001   0.00001
 Src-osrc corr  17   8 o,n=   0.00000   0.00000
 Src-osrc corr  18   8 o,n=   0.00000   0.00000
 Src-osrc corr  15   9 o,n=   0.00000   0.00000
 Src-osrc corr  16   9 o,n=   0.00001   0.00001
 Src-osrc corr  18   9 o,n=   0.00000   0.00000
 Src-osrc corr  16  10 o,n=   0.00001   0.00001
 Src-osrc corr  18  10 o,n=   0.00000   0.00000
 Reaction Xsec    14.0-/15 @ 2 =     1.240/, Out:   0.000#   0.207/   0.950/   0.000#   0.000#   0.000#   0.000f

 Total SPIN, PARITY =    15.0 +,     18 chs,     18 cc.  Rmin & Coul turning =    2.4   14.9
 Src-osrc corr  11   1 o,n=   0.32624   0.05411
 Src-osrc corr  15   3 o,n=   0.00000   0.00000
 Src-osrc corr  17   3 o,n=   0.00000   0.00000
 Src-osrc corr  15   4 o,n=   0.00000   0.00000
 Src-osrc corr  16   4 o,n=   0.00000   0.00000
 Src-osrc corr  17   4 o,n=   0.00000   0.00000
 Src-osrc corr  15   5 o,n=   0.00000   0.00000
 Src-osrc corr  16   5 o,n=   0.00000   0.00000
 Src-osrc corr  17   5 o,n=   0.00000   0.00000
 Src-osrc corr  18   5 o,n=   0.00000   0.00000
 Src-osrc corr  15   6 o,n=   0.00000   0.00000
 Src-osrc corr  16   6 o,n=   0.00000   0.00000
 Src-osrc corr  17   6 o,n=   0.00000   0.00000
 Src-osrc corr  18   6 o,n=   0.00000   0.00000
 Src-osrc corr  15   7 o,n=   0.00000   0.00000
 Src-osrc corr  16   7 o,n=   0.00000   0.00000
 Src-osrc corr  17   7 o,n=   0.00000   0.00000
 Src-osrc corr  18   7 o,n=   0.00000   0.00000
 Src-osrc corr  15   8 o,n=   0.00000   0.00000
 Src-osrc corr  16   8 o,n=   0.00000   0.00000
 Src-osrc corr  17   8 o,n=   0.00000   0.00000
 Src-osrc corr  18   8 o,n=   0.00000   0.00000
 Src-osrc corr  15   9 o,n=   0.00000   0.00002
 Src-osrc corr  16   9 o,n=   0.00000   0.00000
 Src-osrc corr  18   9 o,n=   0.00000   0.00000
 Src-osrc corr  11   1 o,n=   0.32624   0.05411
 Src-osrc corr  15   3 o,n=   0.00000   0.00000
 Src-osrc corr  17   3 o,n=   0.00000   0.00000
 Src-osrc corr  15   4 o,n=   0.00000   0.00000
 Src-osrc corr  16   4 o,n=   0.00000   0.00000
 Src-osrc corr  17   4 o,n=   0.00000   0.00000
 Src-osrc corr  15   5 o,n=   0.00000   0.00000
 Src-osrc corr  16   5 o,n=   0.00000   0.00000
 Src-osrc corr  17   5 o,n=   0.00000   0.00000
 Src-osrc corr  18   5 o,n=   0.00000   0.00000
 Src-osrc corr  15   6 o,n=   0.00000   0.00000
 Src-osrc corr  16   6 o,n=   0.00000   0.00000
 Src-osrc corr  17   6 o,n=   0.00000   0.00000
 Src-osrc corr  18   6 o,n=   0.00000   0.00000
 Src-osrc corr  15   7 o,n=   0.00000   0.00000
 Src-osrc corr  16   7 o,n=   0.00000   0.00000
 Src-osrc corr  17   7 o,n=   0.00000   0.00000
 Src-osrc corr  18   7 o,n=   0.00000   0.00000
 Src-osrc corr  15   8 o,n=   0.00000   0.00000
 Src-osrc corr  16   8 o,n=   0.00000   0.00000
 Src-osrc corr  17   8 o,n=   0.00000   0.00000
 Src-osrc corr  18   8 o,n=   0.00000   0.00000
 Src-osrc corr  15   9 o,n=   0.00000   0.00002
 Src-osrc corr  16   9 o,n=   0.00000   0.00000
 Src-osrc corr  18   9 o,n=   0.00000   0.00000
 Reaction Xsec    15.0+/14 @ 1 =     3.434/, Out:   0.000#   0.293/   2.205/   0.000#   0.000#   0.000#   0.001f
 Src-osrc corr  12   2 o,n=   0.14312   0.01411
 Src-osrc corr  15   4 o,n=   0.00000   0.00000
 Src-osrc corr  16   4 o,n=   0.00000   0.00000
 Src-osrc corr  17   4 o,n=   0.00000   0.00000
 Src-osrc corr  15   5 o,n=   0.00000   0.00000
 Src-osrc corr  16   5 o,n=   0.00000   0.00000
 Src-osrc corr  17   5 o,n=   0.00000   0.00000
 Src-osrc corr  18   5 o,n=   0.00000   0.00000
 Src-osrc corr  15   6 o,n=   0.00000   0.00000
 Src-osrc corr  16   6 o,n=   0.00000   0.00000
 Src-osrc corr  17   6 o,n=   0.00000   0.00000
 Src-osrc corr  18   6 o,n=   0.00000   0.00000
 Src-osrc corr  15   7 o,n=   0.00000   0.00000
 Src-osrc corr  16   7 o,n=   0.00000   0.00000
 Src-osrc corr  17   7 o,n=   0.00000   0.00000
 Src-osrc corr  18   7 o,n=   0.00000   0.00000
 Src-osrc corr  15   8 o,n=   0.00000   0.00000
 Src-osrc corr  16   8 o,n=   0.00000   0.00000
 Src-osrc corr  17   8 o,n=   0.00000   0.00000
 Src-osrc corr  18   8 o,n=   0.00000   0.00000
 Src-osrc corr  15   9 o,n=   0.00000   0.00000
 Src-osrc corr  16   9 o,n=   0.00000   0.00000
 Src-osrc corr  18   9 o,n=   0.00000   0.00000
 Src-osrc corr  16  10 o,n=   0.00000   0.00000
 Src-osrc corr  18  10 o,n=   0.00000   0.00000
 Src-osrc corr  12   2 o,n=   0.14312   0.01411
 Src-osrc corr  15   4 o,n=   0.00000   0.00000
 Src-osrc corr  16   4 o,n=   0.00000   0.00000
 Src-osrc corr  17   4 o,n=   0.00000   0.00000
 Src-osrc corr  15   5 o,n=   0.00000   0.00000
 Src-osrc corr  16   5 o,n=   0.00000   0.00000
 Src-osrc corr  17   5 o,n=   0.00000   0.00000
 Src-osrc corr  18   5 o,n=   0.00000   0.00000
 Src-osrc corr  15   6 o,n=   0.00000   0.00000
 Src-osrc corr  16   6 o,n=   0.00000   0.00000
 Src-osrc corr  17   6 o,n=   0.00000   0.00000
 Src-osrc corr  18   6 o,n=   0.00000   0.00000
 Src-osrc corr  15   7 o,n=   0.00000   0.00000
 Src-osrc corr  16   7 o,n=   0.00000   0.00000
 Src-osrc corr  17   7 o,n=   0.00000   0.00000
 Src-osrc corr  18   7 o,n=   0.00000   0.00000
 Src-osrc corr  15   8 o,n=   0.00000   0.00000
 Src-osrc corr  16   8 o,n=   0.00000   0.00000
 Src-osrc corr  17   8 o,n=   0.00000   0.00000
 Src-osrc corr  18   8 o,n=   0.00000   0.00000
 Src-osrc corr  15   9 o,n=   0.00000   0.00000
 Src-osrc corr  16   9 o,n=   0.00000   0.00000
 Src-osrc corr  18   9 o,n=   0.00000   0.00000
 Src-osrc corr  16  10 o,n=   0.00000   0.00000
 Src-osrc corr  18  10 o,n=   0.00000   0.00000
 Reaction Xsec    15.0+/16 @ 2 =     0.347/, Out:   0.000#   0.132/   0.271/   0.000#   0.000#   0.000#  -0.000f

 Total SPIN, PARITY =    15.0 -,     16 chs,     16 cc.  Rmin & Coul turning =    2.4   14.9
 Src-osrc corr   9   1 o,n=   0.16119   0.02310
 Src-osrc corr  10   1 o,n=   0.15607   0.02236
 Src-osrc corr  13   2 o,n=   0.00000   0.00000
 Src-osrc corr  14   2 o,n=   0.00000   0.00000
 Src-osrc corr  15   2 o,n=   0.00000   0.00000
 Src-osrc corr  13   3 o,n=   0.00000   0.00000
 Src-osrc corr  14   3 o,n=   0.00000   0.00000
 Src-osrc corr  15   3 o,n=   0.00000   0.00000
 Src-osrc corr  16   3 o,n=   0.00000   0.00000
 Src-osrc corr  13   4 o,n=   0.00000   0.00000
 Src-osrc corr  14   4 o,n=   0.00000   0.00000
 Src-osrc corr  15   4 o,n=   0.00000   0.00000
 Src-osrc corr  16   4 o,n=   0.00000   0.00000
 Src-osrc corr  13   5 o,n=   0.00000   0.00000
 Src-osrc corr  14   5 o,n=   0.00000   0.00000
 Src-osrc corr  15   5 o,n=   0.00000   0.00000
 Src-osrc corr  16   5 o,n=   0.00000   0.00000
 Src-osrc corr  13   6 o,n=   0.00000   0.00000
 Src-osrc corr  14   6 o,n=   0.00000   0.00000
 Src-osrc corr  15   6 o,n=   0.00000   0.00000
 Src-osrc corr  16   6 o,n=   0.00000   0.00000
 Src-osrc corr  13   7 o,n=   0.00000   0.00000
 Src-osrc corr  14   7 o,n=   0.00000   0.00000
 Src-osrc corr  15   7 o,n=   0.00000   0.00000
 Src-osrc corr  16   7 o,n=   0.00000   0.00000
 Src-osrc corr  13   8 o,n=   0.00000   0.00001
 Src-osrc corr  14   8 o,n=   0.00000   0.00001
 Src-osrc corr  16   8 o,n=   0.00000   0.00000
 Src-osrc corr   9   1 o,n=   0.16119   0.02310
 Src-osrc corr  10   1 o,n=   0.15607   0.02236
 Src-osrc corr  13   2 o,n=   0.00000   0.00000
 Src-osrc corr  14   2 o,n=   0.00000   0.00000
 Src-osrc corr  15   2 o,n=   0.00000   0.00000
 Src-osrc corr  13   3 o,n=   0.00000   0.00000
 Src-osrc corr  14   3 o,n=   0.00000   0.00000
 Src-osrc corr  15   3 o,n=   0.00000   0.00000
 Src-osrc corr  16   3 o,n=   0.00000   0.00000
 Src-osrc corr  13   4 o,n=   0.00000   0.00000
 Src-osrc corr  14   4 o,n=   0.00000   0.00000
 Src-osrc corr  15   4 o,n=   0.00000   0.00000
 Src-osrc corr  16   4 o,n=   0.00000   0.00000
 Src-osrc corr  13   5 o,n=   0.00000   0.00000
 Src-osrc corr  14   5 o,n=   0.00000   0.00000
 Src-osrc corr  15   5 o,n=   0.00000   0.00000
 Src-osrc corr  16   5 o,n=   0.00000   0.00000
 Src-osrc corr  13   6 o,n=   0.00000   0.00000
 Src-osrc corr  14   6 o,n=   0.00000   0.00000
 Src-osrc corr  15   6 o,n=   0.00000   0.00000
 Src-osrc corr  16   6 o,n=   0.00000   0.00000
 Src-osrc corr  13   7 o,n=   0.00000   0.00000
 Src-osrc corr  14   7 o,n=   0.00000   0.00000
 Src-osrc corr  15   7 o,n=   0.00000   0.00000
 Src-osrc corr  16   7 o,n=   0.00000   0.00000
 Src-osrc corr  13   8 o,n=   0.00000   0.00001
 Src-osrc corr  14   8 o,n=   0.00000   0.00001
 Src-osrc corr  16   8 o,n=   0.00000   0.00000
 Reaction Xsec    15.0-/15 @ 1 =     1.325/, Out:   0.000#   0.221/   1.016/   0.000#   0.000#   0.000#   0.000f

 Total SPIN, PARITY =    16.0 +,     16 chs,     16 cc.  Rmin & Coul turning =    2.5   15.8
 Src-osrc corr   9   1 o,n=   0.10273   0.01013
 Src-osrc corr  10   1 o,n=   0.09966   0.00982
 Src-osrc corr  13   2 o,n=   0.00000   0.00000
 Src-osrc corr  14   2 o,n=   0.00000   0.00000
 Src-osrc corr  15   2 o,n=   0.00000   0.00000
 Src-osrc corr  13   3 o,n=   0.00000   0.00000
 Src-osrc corr  14   3 o,n=   0.00000   0.00000
 Src-osrc corr  15   3 o,n=   0.00000   0.00000
 Src-osrc corr  16   3 o,n=   0.00000   0.00000
 Src-osrc corr  13   4 o,n=   0.00000   0.00000
 Src-osrc corr  14   4 o,n=   0.00000   0.00000
 Src-osrc corr  15   4 o,n=   0.00000   0.00000
 Src-osrc corr  16   4 o,n=   0.00000   0.00000
 Src-osrc corr  13   5 o,n=   0.00000   0.00000
 Src-osrc corr  14   5 o,n=   0.00000   0.00000
 Src-osrc corr  15   5 o,n=   0.00000   0.00000
 Src-osrc corr  16   5 o,n=   0.00000   0.00000
 Src-osrc corr  13   6 o,n=   0.00000   0.00000
 Src-osrc corr  14   6 o,n=   0.00000   0.00000
 Src-osrc corr  15   6 o,n=   0.00000   0.00000
 Src-osrc corr  16   6 o,n=   0.00000   0.00000
 Src-osrc corr  13   7 o,n=   0.00000   0.00000
 Src-osrc corr  14   7 o,n=   0.00000   0.00000
 Src-osrc corr  15   7 o,n=   0.00000   0.00000
 Src-osrc corr  16   7 o,n=   0.00000   0.00000
 Src-osrc corr  13   8 o,n=   0.00000   0.00000
 Src-osrc corr  14   8 o,n=   0.00000   0.00000
 Src-osrc corr  16   8 o,n=   0.00000   0.00000
 Src-osrc corr   9   1 o,n=   0.10273   0.01013
 Src-osrc corr  10   1 o,n=   0.09966   0.00982
 Src-osrc corr  13   2 o,n=   0.00000   0.00000
 Src-osrc corr  14   2 o,n=   0.00000   0.00000
 Src-osrc corr  15   2 o,n=   0.00000   0.00000
 Src-osrc corr  13   3 o,n=   0.00000   0.00000
 Src-osrc corr  14   3 o,n=   0.00000   0.00000
 Src-osrc corr  15   3 o,n=   0.00000   0.00000
 Src-osrc corr  16   3 o,n=   0.00000   0.00000
 Src-osrc corr  13   4 o,n=   0.00000   0.00000
 Src-osrc corr  14   4 o,n=   0.00000   0.00000
 Src-osrc corr  15   4 o,n=   0.00000   0.00000
 Src-osrc corr  16   4 o,n=   0.00000   0.00000
 Src-osrc corr  13   5 o,n=   0.00000   0.00000
 Src-osrc corr  14   5 o,n=   0.00000   0.00000
 Src-osrc corr  15   5 o,n=   0.00000   0.00000
 Src-osrc corr  16   5 o,n=   0.00000   0.00000
 Src-osrc corr  13   6 o,n=   0.00000   0.00000
 Src-osrc corr  14   6 o,n=   0.00000   0.00000
 Src-osrc corr  15   6 o,n=   0.00000   0.00000
 Src-osrc corr  16   6 o,n=   0.00000   0.00000
 Src-osrc corr  13   7 o,n=   0.00000   0.00000
 Src-osrc corr  14   7 o,n=   0.00000   0.00000
 Src-osrc corr  15   7 o,n=   0.00000   0.00000
 Src-osrc corr  16   7 o,n=   0.00000   0.00000
 Src-osrc corr  13   8 o,n=   0.00000   0.00000
 Src-osrc corr  14   8 o,n=   0.00000   0.00000
 Src-osrc corr  16   8 o,n=   0.00000   0.00000
 Reaction Xsec    16.0+/16 @ 1 =     0.370/, Out:   0.000#   0.141/   0.288/   0.000#   0.000#   0.000#  -0.000f

 Total SPIN, PARITY =    16.0 -,     18 chs,     18 cc.  Rmin & Coul turning =    2.5   15.8
 Src-osrc corr  11   1 o,n=   0.22437   0.03215
 Src-osrc corr  15   3 o,n=   0.00000   0.00000
 Src-osrc corr  17   3 o,n=   0.00000   0.00000
 Src-osrc corr  15   4 o,n=   0.00000   0.00000
 Src-osrc corr  16   4 o,n=   0.00000   0.00000
 Src-osrc corr  17   4 o,n=   0.00000   0.00000
 Src-osrc corr  15   5 o,n=   0.00000   0.00000
 Src-osrc corr  16   5 o,n=   0.00000   0.00000
 Src-osrc corr  17   5 o,n=   0.00000   0.00000
 Src-osrc corr  18   5 o,n=   0.00000   0.00000
 Src-osrc corr  15   6 o,n=   0.00000   0.00000
 Src-osrc corr  16   6 o,n=   0.00000   0.00000
 Src-osrc corr  17   6 o,n=   0.00000   0.00000
 Src-osrc corr  18   6 o,n=   0.00000   0.00000
 Src-osrc corr  15   7 o,n=   0.00000   0.00000
 Src-osrc corr  16   7 o,n=   0.00000   0.00000
 Src-osrc corr  17   7 o,n=   0.00000   0.00000
 Src-osrc corr  18   7 o,n=   0.00000   0.00000
 Src-osrc corr  15   8 o,n=   0.00000   0.00000
 Src-osrc corr  16   8 o,n=   0.00000   0.00000
 Src-osrc corr  17   8 o,n=   0.00000   0.00000
 Src-osrc corr  18   8 o,n=   0.00000   0.00000
 Src-osrc corr  15   9 o,n=   0.00000   0.00001
 Src-osrc corr  16   9 o,n=   0.00000   0.00000
 Src-osrc corr  18   9 o,n=   0.00000   0.00000
 Src-osrc corr  11   1 o,n=   0.22437   0.03215
 Src-osrc corr  15   3 o,n=   0.00000   0.00000
 Src-osrc corr  17   3 o,n=   0.00000   0.00000
 Src-osrc corr  15   4 o,n=   0.00000   0.00000
 Src-osrc corr  16   4 o,n=   0.00000   0.00000
 Src-osrc corr  17   4 o,n=   0.00000   0.00000
 Src-osrc corr  15   5 o,n=   0.00000   0.00000
 Src-osrc corr  16   5 o,n=   0.00000   0.00000
 Src-osrc corr  17   5 o,n=   0.00000   0.00000
 Src-osrc corr  18   5 o,n=   0.00000   0.00000
 Src-osrc corr  15   6 o,n=   0.00000   0.00000
 Src-osrc corr  16   6 o,n=   0.00000   0.00000
 Src-osrc corr  17   6 o,n=   0.00000   0.00000
 Src-osrc corr  18   6 o,n=   0.00000   0.00000
 Src-osrc corr  15   7 o,n=   0.00000   0.00000
 Src-osrc corr  16   7 o,n=   0.00000   0.00000
 Src-osrc corr  17   7 o,n=   0.00000   0.00000
 Src-osrc corr  18   7 o,n=   0.00000   0.00000
 Src-osrc corr  15   8 o,n=   0.00000   0.00000
 Src-osrc corr  16   8 o,n=   0.00000   0.00000
 Src-osrc corr  17   8 o,n=   0.00000   0.00000
 Src-osrc corr  18   8 o,n=   0.00000   0.00000
 Src-osrc corr  15   9 o,n=   0.00000   0.00001
 Src-osrc corr  16   9 o,n=   0.00000   0.00000
 Src-osrc corr  18   9 o,n=   0.00000   0.00000
 Reaction Xsec    16.0-/15 @ 1 =     1.411/, Out:   0.000#   0.235/   1.081/   0.000#   0.000#   0.000#   0.000f
 Src-osrc corr  12   2 o,n=   0.08559   0.00608
 Src-osrc corr  15   4 o,n=   0.00000   0.00000
 Src-osrc corr  16   4 o,n=   0.00000   0.00000
 Src-osrc corr  17   4 o,n=   0.00000   0.00000
 Src-osrc corr  15   5 o,n=   0.00000   0.00000
 Src-osrc corr  16   5 o,n=   0.00000   0.00000
 Src-osrc corr  17   5 o,n=   0.00000   0.00000
 Src-osrc corr  18   5 o,n=   0.00000   0.00000
 Src-osrc corr  15   6 o,n=   0.00000   0.00000
 Src-osrc corr  16   6 o,n=   0.00000   0.00000
 Src-osrc corr  17   6 o,n=   0.00000   0.00000
 Src-osrc corr  18   6 o,n=   0.00000   0.00000
 Src-osrc corr  15   7 o,n=   0.00000   0.00000
 Src-osrc corr  16   7 o,n=   0.00000   0.00000
 Src-osrc corr  17   7 o,n=   0.00000   0.00000
 Src-osrc corr  18   7 o,n=   0.00000   0.00000
 Src-osrc corr  15   8 o,n=   0.00000   0.00000
 Src-osrc corr  16   8 o,n=   0.00000   0.00000
 Src-osrc corr  17   8 o,n=   0.00000   0.00000
 Src-osrc corr  18   8 o,n=   0.00000   0.00000
 Src-osrc corr  15   9 o,n=   0.00000   0.00000
 Src-osrc corr  16   9 o,n=   0.00000   0.00000
 Src-osrc corr  18   9 o,n=   0.00000   0.00000
 Src-osrc corr  16  10 o,n=   0.00000   0.00000
 Src-osrc corr  18  10 o,n=   0.00000   0.00000
 Src-osrc corr  12   2 o,n=   0.08559   0.00608
 Src-osrc corr  15   4 o,n=   0.00000   0.00000
 Src-osrc corr  16   4 o,n=   0.00000   0.00000
 Src-osrc corr  17   4 o,n=   0.00000   0.00000
 Src-osrc corr  15   5 o,n=   0.00000   0.00000
 Src-osrc corr  16   5 o,n=   0.00000   0.00000
 Src-osrc corr  17   5 o,n=   0.00000   0.00000
 Src-osrc corr  18   5 o,n=   0.00000   0.00000
 Src-osrc corr  15   6 o,n=   0.00000   0.00000
 Src-osrc corr  16   6 o,n=   0.00000   0.00000
 Src-osrc corr  17   6 o,n=   0.00000   0.00000
 Src-osrc corr  18   6 o,n=   0.00000   0.00000
 Src-osrc corr  15   7 o,n=   0.00000   0.00000
 Src-osrc corr  16   7 o,n=   0.00000   0.00000
 Src-osrc corr  17   7 o,n=   0.00000   0.00000
 Src-osrc corr  18   7 o,n=   0.00000   0.00000
 Src-osrc corr  15   8 o,n=   0.00000   0.00000
 Src-osrc corr  16   8 o,n=   0.00000   0.00000
 Src-osrc corr  17   8 o,n=   0.00000   0.00000
 Src-osrc corr  18   8 o,n=   0.00000   0.00000
 Src-osrc corr  15   9 o,n=   0.00000   0.00000
 Src-osrc corr  16   9 o,n=   0.00000   0.00000
 Src-osrc corr  18   9 o,n=   0.00000   0.00000
 Src-osrc corr  16  10 o,n=   0.00000   0.00000
 Src-osrc corr  18  10 o,n=   0.00000   0.00000
 Reaction Xsec    16.0-/17 @ 2 =     0.069/, Out:   0.000#   0.058/   0.049/   0.000#   0.000#   0.000#  -0.000f

 Total SPIN, PARITY =    17.0 +,     18 chs,     18 cc.  Rmin & Coul turning =    2.7   16.8
 Src-osrc corr  11   1 o,n=   0.14312   0.01411
 Src-osrc corr  15   3 o,n=   0.00000   0.00000
 Src-osrc corr  17   3 o,n=   0.00000   0.00000
 Src-osrc corr  15   4 o,n=   0.00000   0.00000
 Src-osrc corr  16   4 o,n=   0.00000   0.00000
 Src-osrc corr  17   4 o,n=   0.00000   0.00000
 Src-osrc corr  15   5 o,n=   0.00000   0.00000
 Src-osrc corr  16   5 o,n=   0.00000   0.00000
 Src-osrc corr  17   5 o,n=   0.00000   0.00000
 Src-osrc corr  18   5 o,n=   0.00000   0.00000
 Src-osrc corr  15   6 o,n=   0.00000   0.00000
 Src-osrc corr  16   6 o,n=   0.00000   0.00000
 Src-osrc corr  17   6 o,n=   0.00000   0.00000
 Src-osrc corr  18   6 o,n=   0.00000   0.00000
 Src-osrc corr  15   7 o,n=   0.00000   0.00000
 Src-osrc corr  16   7 o,n=   0.00000   0.00000
 Src-osrc corr  17   7 o,n=   0.00000   0.00000
 Src-osrc corr  18   7 o,n=   0.00000   0.00000
 Src-osrc corr  15   8 o,n=   0.00000   0.00000
 Src-osrc corr  16   8 o,n=   0.00000   0.00000
 Src-osrc corr  17   8 o,n=   0.00000   0.00000
 Src-osrc corr  18   8 o,n=   0.00000   0.00000
 Src-osrc corr  15   9 o,n=   0.00000   0.00000
 Src-osrc corr  16   9 o,n=   0.00000   0.00000
 Src-osrc corr  18   9 o,n=   0.00000   0.00000
 Src-osrc corr  11   1 o,n=   0.14312   0.01411
 Src-osrc corr  15   3 o,n=   0.00000   0.00000
 Src-osrc corr  17   3 o,n=   0.00000   0.00000
 Src-osrc corr  15   4 o,n=   0.00000   0.00000
 Src-osrc corr  16   4 o,n=   0.00000   0.00000
 Src-osrc corr  17   4 o,n=   0.00000   0.00000
 Src-osrc corr  15   5 o,n=   0.00000   0.00000
 Src-osrc corr  16   5 o,n=   0.00000   0.00000
 Src-osrc corr  17   5 o,n=   0.00000   0.00000
 Src-osrc corr  18   5 o,n=   0.00000   0.00000
 Src-osrc corr  15   6 o,n=   0.00000   0.00000
 Src-osrc corr  16   6 o,n=   0.00000   0.00000
 Src-osrc corr  17   6 o,n=   0.00000   0.00000
 Src-osrc corr  18   6 o,n=   0.00000   0.00000
 Src-osrc corr  15   7 o,n=   0.00000   0.00000
 Src-osrc corr  16   7 o,n=   0.00000   0.00000
 Src-osrc corr  17   7 o,n=   0.00000   0.00000
 Src-osrc corr  18   7 o,n=   0.00000   0.00000
 Src-osrc corr  15   8 o,n=   0.00000   0.00000
 Src-osrc corr  16   8 o,n=   0.00000   0.00000
 Src-osrc corr  17   8 o,n=   0.00000   0.00000
 Src-osrc corr  18   8 o,n=   0.00000   0.00000
 Src-osrc corr  15   9 o,n=   0.00000   0.00000
 Src-osrc corr  16   9 o,n=   0.00000   0.00000
 Src-osrc corr  18   9 o,n=   0.00000   0.00000
 Reaction Xsec    17.0+/16 @ 1 =     0.392/, Out:   0.000#   0.149/   0.306/   0.000#   0.000#   0.000#  -0.000f
 Src-osrc corr  12   2 o,n=   0.04834   0.00546
 Src-osrc corr  15   4 o,n=   0.00000   0.00000
 Src-osrc corr  16   4 o,n=   0.00000   0.00000
 Src-osrc corr  17   4 o,n=   0.00000   0.00000
 Src-osrc corr  15   5 o,n=   0.00000   0.00000
 Src-osrc corr  16   5 o,n=   0.00000   0.00000
 Src-osrc corr  17   5 o,n=   0.00000   0.00000
 Src-osrc corr  18   5 o,n=   0.00000   0.00000
 Src-osrc corr  15   6 o,n=   0.00000   0.00000
 Src-osrc corr  16   6 o,n=   0.00000   0.00000
 Src-osrc corr  17   6 o,n=   0.00000   0.00000
 Src-osrc corr  18   6 o,n=   0.00000   0.00000
 Src-osrc corr  15   7 o,n=   0.00000   0.00000
 Src-osrc corr  16   7 o,n=   0.00000   0.00000
 Src-osrc corr  17   7 o,n=   0.00000   0.00000
 Src-osrc corr  18   7 o,n=   0.00000   0.00000
 Src-osrc corr  15   8 o,n=   0.00000   0.00000
 Src-osrc corr  16   8 o,n=   0.00000   0.00000
 Src-osrc corr  17   8 o,n=   0.00000   0.00000
 Src-osrc corr  18   8 o,n=   0.00000   0.00000
 Src-osrc corr  15   9 o,n=   0.00000   0.00000
 Src-osrc corr  16   9 o,n=   0.00000   0.00000
 Src-osrc corr  18   9 o,n=   0.00000   0.00000
 Src-osrc corr  16  10 o,n=   0.00000   0.00000
 Src-osrc corr  18  10 o,n=   0.00000   0.00000
 Src-osrc corr  12   2 o,n=   0.04834   0.00546
 Src-osrc corr  15   4 o,n=   0.00000   0.00000
 Src-osrc corr  16   4 o,n=   0.00000   0.00000
 Src-osrc corr  17   4 o,n=   0.00000   0.00000
 Src-osrc corr  15   5 o,n=   0.00000   0.00000
 Src-osrc corr  16   5 o,n=   0.00000   0.00000
 Src-osrc corr  17   5 o,n=   0.00000   0.00000
 Src-osrc corr  18   5 o,n=   0.00000   0.00000
 Src-osrc corr  15   6 o,n=   0.00000   0.00000
 Src-osrc corr  16   6 o,n=   0.00000   0.00000
 Src-osrc corr  17   6 o,n=   0.00000   0.00000
 Src-osrc corr  18   6 o,n=   0.00000   0.00000
 Src-osrc corr  15   7 o,n=   0.00000   0.00000
 Src-osrc corr  16   7 o,n=   0.00000   0.00000
 Src-osrc corr  17   7 o,n=   0.00000   0.00000
 Src-osrc corr  18   7 o,n=   0.00000   0.00000
 Src-osrc corr  15   8 o,n=   0.00000   0.00000
 Src-osrc corr  16   8 o,n=   0.00000   0.00000
 Src-osrc corr  17   8 o,n=   0.00000   0.00000
 Src-osrc corr  18   8 o,n=   0.00000   0.00000
 Src-osrc corr  15   9 o,n=   0.00000   0.00000
 Src-osrc corr  16   9 o,n=   0.00000   0.00000
 Src-osrc corr  18   9 o,n=   0.00000   0.00000
 Src-osrc corr  16  10 o,n=   0.00000   0.00000
 Src-osrc corr  18  10 o,n=   0.00000   0.00000
 Reaction Xsec    17.0+/18 @ 2 =     0.011/, Out:   0.000#   0.017/   5.908#   0.000#   0.000#   0.000#  -0.000f

 Total SPIN, PARITY =    17.0 -,     16 chs,     16 cc.  Rmin & Coul turning =    2.7   16.8
 Src-osrc corr   9   1 o,n=   0.06138   0.00436
 Src-osrc corr  10   1 o,n=   0.05965   0.00424
 Src-osrc corr  13   2 o,n=   0.00000   0.00000
 Src-osrc corr  14   2 o,n=   0.00000   0.00000
 Src-osrc corr  15   2 o,n=   0.00000   0.00000
 Src-osrc corr  13   3 o,n=   0.00000   0.00000
 Src-osrc corr  14   3 o,n=   0.00000   0.00000
 Src-osrc corr  15   3 o,n=   0.00000   0.00000
 Src-osrc corr  16   3 o,n=   0.00000   0.00000
 Src-osrc corr  13   4 o,n=   0.00000   0.00000
 Src-osrc corr  14   4 o,n=   0.00000   0.00000
 Src-osrc corr  15   4 o,n=   0.00000   0.00000
 Src-osrc corr  16   4 o,n=   0.00000   0.00000
 Src-osrc corr  13   5 o,n=   0.00000   0.00000
 Src-osrc corr  14   5 o,n=   0.00000   0.00000
 Src-osrc corr  15   5 o,n=   0.00000   0.00000
 Src-osrc corr  16   5 o,n=   0.00000   0.00000
 Src-osrc corr  13   6 o,n=   0.00000   0.00000
 Src-osrc corr  14   6 o,n=   0.00000   0.00000
 Src-osrc corr  15   6 o,n=   0.00000   0.00000
 Src-osrc corr  16   6 o,n=   0.00000   0.00000
 Src-osrc corr  13   7 o,n=   0.00000   0.00000
 Src-osrc corr  14   7 o,n=   0.00000   0.00000
 Src-osrc corr  15   7 o,n=   0.00000   0.00000
 Src-osrc corr  16   7 o,n=   0.00000   0.00000
 Src-osrc corr  13   8 o,n=   0.00000   0.00000
 Src-osrc corr  14   8 o,n=   0.00000   0.00000
 Src-osrc corr  16   8 o,n=   0.00000   0.00000
 Src-osrc corr   9   1 o,n=   0.06138   0.00436
 Src-osrc corr  10   1 o,n=   0.05965   0.00424
 Src-osrc corr  13   2 o,n=   0.00000   0.00000
 Src-osrc corr  14   2 o,n=   0.00000   0.00000
 Src-osrc corr  15   2 o,n=   0.00000   0.00000
 Src-osrc corr  13   3 o,n=   0.00000   0.00000
 Src-osrc corr  14   3 o,n=   0.00000   0.00000
 Src-osrc corr  15   3 o,n=   0.00000   0.00000
 Src-osrc corr  16   3 o,n=   0.00000   0.00000
 Src-osrc corr  13   4 o,n=   0.00000   0.00000
 Src-osrc corr  14   4 o,n=   0.00000   0.00000
 Src-osrc corr  15   4 o,n=   0.00000   0.00000
 Src-osrc corr  16   4 o,n=   0.00000   0.00000
 Src-osrc corr  13   5 o,n=   0.00000   0.00000
 Src-osrc corr  14   5 o,n=   0.00000   0.00000
 Src-osrc corr  15   5 o,n=   0.00000   0.00000
 Src-osrc corr  16   5 o,n=   0.00000   0.00000
 Src-osrc corr  13   6 o,n=   0.00000   0.00000
 Src-osrc corr  14   6 o,n=   0.00000   0.00000
 Src-osrc corr  15   6 o,n=   0.00000   0.00000
 Src-osrc corr  16   6 o,n=   0.00000   0.00000
 Src-osrc corr  13   7 o,n=   0.00000   0.00000
 Src-osrc corr  14   7 o,n=   0.00000   0.00000
 Src-osrc corr  15   7 o,n=   0.00000   0.00000
 Src-osrc corr  16   7 o,n=   0.00000   0.00000
 Src-osrc corr  13   8 o,n=   0.00000   0.00000
 Src-osrc corr  14   8 o,n=   0.00000   0.00000
 Src-osrc corr  16   8 o,n=   0.00000   0.00000
 Reaction Xsec    17.0-/17 @ 1 =     0.073/, Out:   0.000#   0.062/   0.052/   0.000#   0.000#   0.000#  -0.000f

 Total SPIN, PARITY =    18.0 +,     16 chs,     16 cc.  Rmin & Coul turning =    2.8   17.7
 Src-osrc corr   9   1 o,n=   0.03464   0.00391
 Src-osrc corr  10   1 o,n=   0.03372   0.00381
 Src-osrc corr  13   2 o,n=   0.00000   0.00000
 Src-osrc corr  14   2 o,n=   0.00000   0.00000
 Src-osrc corr  15   2 o,n=   0.00000   0.00000
 Src-osrc corr  13   3 o,n=   0.00000   0.00000
 Src-osrc corr  14   3 o,n=   0.00000   0.00000
 Src-osrc corr  15   3 o,n=   0.00000   0.00000
 Src-osrc corr  16   3 o,n=   0.00000   0.00000
 Src-osrc corr  13   4 o,n=   0.00000   0.00000
 Src-osrc corr  14   4 o,n=   0.00000   0.00000
 Src-osrc corr  15   4 o,n=   0.00000   0.00000
 Src-osrc corr  16   4 o,n=   0.00000   0.00000
 Src-osrc corr  13   5 o,n=   0.00000   0.00000
 Src-osrc corr  14   5 o,n=   0.00000   0.00000
 Src-osrc corr  15   5 o,n=   0.00000   0.00000
 Src-osrc corr  16   5 o,n=   0.00000   0.00000
 Src-osrc corr  13   6 o,n=   0.00000   0.00000
 Src-osrc corr  14   6 o,n=   0.00000   0.00000
 Src-osrc corr  15   6 o,n=   0.00000   0.00000
 Src-osrc corr  16   6 o,n=   0.00000   0.00000
 Src-osrc corr  13   7 o,n=   0.00000   0.00000
 Src-osrc corr  14   7 o,n=   0.00000   0.00000
 Src-osrc corr  15   7 o,n=   0.00000   0.00000
 Src-osrc corr  16   7 o,n=   0.00000   0.00000
 Src-osrc corr  13   8 o,n=   0.00000   0.00000
 Src-osrc corr  14   8 o,n=   0.00000   0.00000
 Src-osrc corr  16   8 o,n=   0.00000   0.00000
 Reaction Xsec    18.0+/18 @ 1 =     5.987#, Out:   0.000#   0.018/   6.246#   0.000#   0.000#   0.000#  -0.000f

 Total SPIN, PARITY =    18.0 -,     18 chs,     18 cc.  Rmin & Coul turning =    2.8   17.7
 Src-osrc corr  11   1 o,n=   0.08559   0.00608
 Src-osrc corr  15   3 o,n=   0.00000   0.00000
 Src-osrc corr  17   3 o,n=   0.00000   0.00000
 Src-osrc corr  15   4 o,n=   0.00000   0.00000
 Src-osrc corr  16   4 o,n=   0.00000   0.00000
 Src-osrc corr  17   4 o,n=   0.00000   0.00000
 Src-osrc corr  15   5 o,n=   0.00000   0.00000
 Src-osrc corr  16   5 o,n=   0.00000   0.00000
 Src-osrc corr  17   5 o,n=   0.00000   0.00000
 Src-osrc corr  18   5 o,n=   0.00000   0.00000
 Src-osrc corr  15   6 o,n=   0.00000   0.00000
 Src-osrc corr  16   6 o,n=   0.00000   0.00000
 Src-osrc corr  17   6 o,n=   0.00000   0.00000
 Src-osrc corr  18   6 o,n=   0.00000   0.00000
 Src-osrc corr  15   7 o,n=   0.00000   0.00000
 Src-osrc corr  16   7 o,n=   0.00000   0.00000
 Src-osrc corr  17   7 o,n=   0.00000   0.00000
 Src-osrc corr  18   7 o,n=   0.00000   0.00000
 Src-osrc corr  15   8 o,n=   0.00000   0.00000
 Src-osrc corr  16   8 o,n=   0.00000   0.00000
 Src-osrc corr  17   8 o,n=   0.00000   0.00000
 Src-osrc corr  18   8 o,n=   0.00000   0.00000
 Src-osrc corr  15   9 o,n=   0.00000   0.00000
 Src-osrc corr  16   9 o,n=   0.00000   0.00000
 Src-osrc corr  18   9 o,n=   0.00000   0.00000
 Src-osrc corr  11   1 o,n=   0.08559   0.00608
 Src-osrc corr  15   3 o,n=   0.00000   0.00000
 Src-osrc corr  17   3 o,n=   0.00000   0.00000
 Src-osrc corr  15   4 o,n=   0.00000   0.00000
 Src-osrc corr  16   4 o,n=   0.00000   0.00000
 Src-osrc corr  17   4 o,n=   0.00000   0.00000
 Src-osrc corr  15   5 o,n=   0.00000   0.00000
 Src-osrc corr  16   5 o,n=   0.00000   0.00000
 Src-osrc corr  17   5 o,n=   0.00000   0.00000
 Src-osrc corr  18   5 o,n=   0.00000   0.00000
 Src-osrc corr  15   6 o,n=   0.00000   0.00000
 Src-osrc corr  16   6 o,n=   0.00000   0.00000
 Src-osrc corr  17   6 o,n=   0.00000   0.00000
 Src-osrc corr  18   6 o,n=   0.00000   0.00000
 Src-osrc corr  15   7 o,n=   0.00000   0.00000
 Src-osrc corr  16   7 o,n=   0.00000   0.00000
 Src-osrc corr  17   7 o,n=   0.00000   0.00000
 Src-osrc corr  18   7 o,n=   0.00000   0.00000
 Src-osrc corr  15   8 o,n=   0.00000   0.00000
 Src-osrc corr  16   8 o,n=   0.00000   0.00000
 Src-osrc corr  17   8 o,n=   0.00000   0.00000
 Src-osrc corr  18   8 o,n=   0.00000   0.00000
 Src-osrc corr  15   9 o,n=   0.00000   0.00000
 Src-osrc corr  16   9 o,n=   0.00000   0.00000
 Src-osrc corr  18   9 o,n=   0.00000   0.00000
 Reaction Xsec    18.0-/17 @ 1 =     0.078/, Out:   0.000#   0.065/   0.055/   0.000#   0.000#   0.000#  -0.000f
 Src-osrc corr  12   2 o,n=   0.02586   0.00418
 Src-osrc corr  15   4 o,n=   0.00000   0.00000
 Src-osrc corr  16   4 o,n=   0.00000   0.00000
 Src-osrc corr  17   4 o,n=   0.00000   0.00000
 Src-osrc corr  15   5 o,n=   0.00000   0.00000
 Src-osrc corr  16   5 o,n=   0.00000   0.00000
 Src-osrc corr  17   5 o,n=   0.00000   0.00000
 Src-osrc corr  18   5 o,n=   0.00000   0.00000
 Src-osrc corr  15   6 o,n=   0.00000   0.00000
 Src-osrc corr  16   6 o,n=   0.00000   0.00000
 Src-osrc corr  17   6 o,n=   0.00000   0.00000
 Src-osrc corr  18   6 o,n=   0.00000   0.00000
 Src-osrc corr  15   7 o,n=   0.00000   0.00000
 Src-osrc corr  16   7 o,n=   0.00000   0.00000
 Src-osrc corr  17   7 o,n=   0.00000   0.00000
 Src-osrc corr  18   7 o,n=   0.00000   0.00000
 Src-osrc corr  15   8 o,n=   0.00000   0.00000
 Src-osrc corr  16   8 o,n=   0.00000   0.00000
 Src-osrc corr  17   8 o,n=   0.00000   0.00000
 Src-osrc corr  18   8 o,n=   0.00000   0.00000
 Src-osrc corr  15   9 o,n=   0.00000   0.00000
 Src-osrc corr  16   9 o,n=   0.00000   0.00000
 Src-osrc corr  18   9 o,n=   0.00000   0.00000
 Src-osrc corr  16  10 o,n=   0.00000   0.00000
 Src-osrc corr  18  10 o,n=   0.00000   0.00000
 Reaction Xsec    18.0-/19 @ 2 =     1.501#, Out:   0.000#   3.570#   0.509#   0.000#   0.000#   0.000#  -0.000f
 Finished all CC sets @    4.41145039    
0CUMULATIVE REACTION cross section               =        999.03567  <L> =     3.93  <L**2> =     18.5
0CUMULATIVE  ELASTIC cross section               =          0.00000
0CUMULATIVE outgoing cross sections in partition 1 :    0.00027   25.02966
0CUMULATIVE outgoing cross sections in partition 2 :   36.31101    0.00000    0.31841    0.00286
0Cumulative ABSORBTION by Imaginary Potentials    =       937.37347  <L> =     3.96  <L**2> =     18.7
   Fusion for specific 2H       M-states :     937.526593     937.067210     937.526593
0CUMULATIVE OUTGOING cross section               =         61.66221
 Strength functions * 10^4 for L=0-2  =   0.61223   0.67584   6.34257 (with r0= 1.35 fm).  R' =   0.014 fm
 To convert to S-factors (MeV.mb = keV.b),  multiply by  1.1260E+02


 CROSS SECTIONS FOR OUTGOING 2H       & 12C      in state #   1 with spins & parities 1.0  + &  0.0  +;  0

     0.01 deg.: X-S =   4.285737E+15 mb/sr,
+                                         /R =   1.000001E+00

     0.50 deg.: X-S =   6.842935E+08 mb/sr,
+                                         /R =   9.979114E-01

     1.00 deg.: X-S =   4.232554E+07 mb/sr,
+                                         /R =   9.875419E-01

     1.50 deg.: X-S =   8.207458E+06 mb/sr,
+                                         /R =   9.693913E-01

     2.00 deg.: X-S =   2.531805E+06 mb/sr,
+                                         /R =   9.450115E-01

     2.50 deg.: X-S =   1.005294E+06 mb/sr,
+                                         /R =   9.159889E-01

     3.00 deg.: X-S =   4.678598E+05 mb/sr,
+                                         /R =   8.838475E-01

     3.50 deg.: X-S =   2.429192E+05 mb/sr,
+                                         /R =   8.500392E-01

     4.00 deg.: X-S =   1.367100E+05 mb/sr,
+                                         /R =   8.159481E-01

     4.50 deg.: X-S =   8.190757E+04 mb/sr,
+                                         /R =   7.828934E-01

     5.00 deg.: X-S =   5.164036E+04 mb/sr,
+                                         /R =   7.521303E-01

     5.50 deg.: X-S =   3.400069E+04 mb/sr,
+                                         /R =   7.248472E-01

     6.00 deg.: X-S =   2.326220E+04 mb/sr,
+                                         /R =   7.021614E-01

     6.50 deg.: X-S =   1.648409E+04 mb/sr,
+                                         /R =   6.851124E-01

     7.00 deg.: X-S =   1.207244E+04 mb/sr,
+                                         /R =   6.746547E-01

     7.50 deg.: X-S =    9123.530239 mb/sr,
+                                         /R =   6.716493E-01

     8.00 deg.: X-S =    7105.134667 mb/sr,
+                                         /R =   6.768555E-01

     8.50 deg.: X-S =    5693.402617 mb/sr,
+                                         /R =   6.909225E-01

     9.00 deg.: X-S =    4685.669522 mb/sr,
+                                         /R =   7.143818E-01

     9.50 deg.: X-S =    3951.970016 mb/sr,
+                                         /R =   7.476404E-01

    10.00 deg.: X-S =    3407.160818 mb/sr,
+                                         /R =   7.909740E-01

    10.50 deg.: X-S =    2994.408228 mb/sr,
+                                         /R =   8.445234E-01

    11.00 deg.: X-S =    2675.145992 mb/sr,
+                                         /R =   9.082900E-01

    11.50 deg.: X-S =    2422.822777 mb/sr,
+                                         /R =   9.821348E-01

    12.00 deg.: X-S =    2218.926090 mb/sr,
+                                         /R =   1.065778E+00

    12.50 deg.: X-S =    2050.405226 mb/sr,
+                                         /R =   1.158799E+00

    13.00 deg.: X-S =    1907.971925 mb/sr,
+                                         /R =   1.260644E+00

    13.50 deg.: X-S =    1784.962099 mb/sr,
+                                         /R =   1.370626E+00

    14.00 deg.: X-S =    1676.562402 mb/sr,
+                                         /R =   1.487932E+00

    14.50 deg.: X-S =    1579.277782 mb/sr,
+                                         /R =   1.611637E+00

    15.00 deg.: X-S =    1490.560507 mb/sr,
+                                         /R =   1.740708E+00

    15.50 deg.: X-S =    1408.548845 mb/sr,
+                                         /R =   1.874016E+00

    16.00 deg.: X-S =    1331.881093 mb/sr,
+                                         /R =   2.010353E+00

    16.50 deg.: X-S =    1259.562014 mb/sr,
+                                         /R =   2.148441E+00

    17.00 deg.: X-S =    1190.866068 mb/sr,
+                                         /R =   2.286951E+00

    17.50 deg.: X-S =    1125.266771 mb/sr,
+                                         /R =   2.424516E+00

    18.00 deg.: X-S =    1062.384740 mb/sr,
+                                         /R =   2.559748E+00

    18.50 deg.: X-S =    1001.949253 mb/sr,
+                                         /R =   2.691255E+00

    19.00 deg.: X-S =     943.769626 mb/sr,
+                                         /R =   2.817659E+00

    19.50 deg.: X-S =     887.713814 mb/sr,
+                                         /R =   2.937611E+00

    20.00 deg.: X-S =     833.692334 mb/sr,
+                                         /R =   3.049807E+00

    20.50 deg.: X-S =     781.646151 mb/sr,
+                                         /R =   3.153005E+00

    21.00 deg.: X-S =     731.537535 mb/sr,
+                                         /R =   3.246044E+00

    21.50 deg.: X-S =     683.343149 mb/sr,
+                                         /R =   3.327849E+00

    22.00 deg.: X-S =     637.048834 mb/sr,
+                                         /R =   3.397455E+00

    22.50 deg.: X-S =     592.645686 mb/sr,
+                                         /R =   3.454010E+00

    23.00 deg.: X-S =     550.127113 mb/sr,
+                                         /R =   3.496792E+00

    23.50 deg.: X-S =     509.486657 mb/sr,
+                                         /R =   3.525215E+00

    24.00 deg.: X-S =     470.716409 mb/sr,
+                                         /R =   3.538837E+00

    24.50 deg.: X-S =     433.805864 mb/sr,
+                                         /R =   3.537364E+00

    25.00 deg.: X-S =     398.741145 mb/sr,
+                                         /R =   3.520656E+00

    25.50 deg.: X-S =     365.504497 mb/sr,
+                                         /R =   3.488731E+00

    26.00 deg.: X-S =     334.073991 mb/sr,
+                                         /R =   3.441758E+00

    26.50 deg.: X-S =     304.423405 mb/sr,
+                                         /R =   3.380065E+00

    27.00 deg.: X-S =     276.522233 mb/sr,
+                                         /R =   3.304126E+00

    27.50 deg.: X-S =     250.335788 mb/sr,
+                                         /R =   3.214564E+00

    28.00 deg.: X-S =     225.825394 mb/sr,
+                                         /R =   3.112139E+00

    28.50 deg.: X-S =     202.948626 mb/sr,
+                                         /R =   2.997742E+00

    29.00 deg.: X-S =     181.659603 mb/sr,
+                                         /R =   2.872384E+00

    29.50 deg.: X-S =     161.909307 mb/sr,
+                                         /R =   2.737186E+00

    30.00 deg.: X-S =     143.645921 mb/sr,
+                                         /R =   2.593366E+00

    30.50 deg.: X-S =     126.815188 mb/sr,
+                                         /R =   2.442227E+00

    31.00 deg.: X-S =     111.360770 mb/sr,
+                                         /R =   2.285141E+00

    31.50 deg.: X-S =      97.224610 mb/sr,
+                                         /R =   2.123538E+00

    32.00 deg.: X-S =      84.347290 mb/sr,
+                                         /R =   1.958885E+00

    32.50 deg.: X-S =      72.668381 mb/sr,
+                                         /R =   1.792677E+00

    33.00 deg.: X-S =      62.126785 mb/sr,
+                                         /R =   1.626416E+00

    33.50 deg.: X-S =      52.661059 mb/sr,
+                                         /R =   1.461600E+00

    34.00 deg.: X-S =      44.209726 mb/sr,
+                                         /R =   1.299705E+00

    34.50 deg.: X-S =      36.711574 mb/sr,
+                                         /R =   1.142170E+00

    35.00 deg.: X-S =      30.105928 mb/sr,
+                                         /R =   9.903867E-01

    35.50 deg.: X-S =      24.332907 mb/sr,
+                                         /R =   8.456796E-01

    36.00 deg.: X-S =      19.333666 mb/sr,
+                                         /R =   7.092988E-01

    36.50 deg.: X-S =      15.050608 mb/sr,
+                                         /R =   5.824060E-01

    37.00 deg.: X-S =      11.427584 mb/sr,
+                                         /R =   4.660642E-01

    37.50 deg.: X-S =       8.410067 mb/sr,
+                                         /R =   3.612283E-01

    38.00 deg.: X-S =       5.945310 mb/sr,
+                                         /R =   2.687372E-01

    38.50 deg.: X-S =       3.982480 mb/sr,
+                                         /R =   1.893065E-01

    39.00 deg.: X-S =       2.472773 mb/sr,
+                                         /R =   1.235239E-01

    39.50 deg.: X-S =       1.369516 mb/sr,
+                                         /R =   7.184415E-02

    40.00 deg.: X-S =       0.628239 mb/sr,
+                                         /R =   3.458737E-02

    40.50 deg.: X-S =       0.206741 mb/sr,
+                                         /R =   1.193725E-02

    41.00 deg.: X-S =       0.065130 mb/sr,
+                                         /R =   3.941531E-03

    41.50 deg.: X-S =       0.165852 mb/sr,
+                                         /R =   1.051350E-02

    42.00 deg.: X-S =       0.473707 mb/sr,
+                                         /R =   3.143489E-02

    42.50 deg.: X-S =       0.955842 mb/sr,
+                                         /R =   6.636002E-02

    43.00 deg.: X-S =       1.581738 mb/sr,
+                                         /R =   1.148212E-01

    43.50 deg.: X-S =       2.323188 mb/sr,
+                                         /R =   1.762350E-01

    44.00 deg.: X-S =       3.154251 mb/sr,
+                                         /R =   2.499099E-01

    44.50 deg.: X-S =       4.051207 mb/sr,
+                                         /R =   3.350546E-01

    45.00 deg.: X-S =       4.992504 mb/sr,
+                                         /R =   4.307871E-01

    45.50 deg.: X-S =       5.958686 mb/sr,
+                                         /R =   5.361447E-01

    46.00 deg.: X-S =       6.932323 mb/sr,
+                                         /R =   6.500943E-01

    46.50 deg.: X-S =       7.897932 mb/sr,
+                                         /R =   7.715436E-01

    47.00 deg.: X-S =       8.841894 mb/sr,
+                                         /R =   8.993518E-01

    47.50 deg.: X-S =       9.752365 mb/sr,
+                                         /R =   1.032342E+00

    48.00 deg.: X-S =      10.619183 mb/sr,
+                                         /R =   1.169311E+00

    48.50 deg.: X-S =      11.433775 mb/sr,
+                                         /R =   1.309042E+00

    49.00 deg.: X-S =      12.189058 mb/sr,
+                                         /R =   1.450319E+00

    49.50 deg.: X-S =      12.879346 mb/sr,
+                                         /R =   1.591931E+00

    50.00 deg.: X-S =      13.500249 mb/sr,
+                                         /R =   1.732688E+00

    50.50 deg.: X-S =      14.048574 mb/sr,
+                                         /R =   1.871431E+00

    51.00 deg.: X-S =      14.522230 mb/sr,
+                                         /R =   2.007041E+00

    51.50 deg.: X-S =      14.920135 mb/sr,
+                                         /R =   2.138447E+00

    52.00 deg.: X-S =      15.242117 mb/sr,
+                                         /R =   2.264637E+00

    52.50 deg.: X-S =      15.488824 mb/sr,
+                                         /R =   2.384665E+00

    53.00 deg.: X-S =      15.661638 mb/sr,
+                                         /R =   2.497655E+00

    53.50 deg.: X-S =      15.762587 mb/sr,
+                                         /R =   2.602814E+00

    54.00 deg.: X-S =      15.794261 mb/sr,
+                                         /R =   2.699429E+00

    54.50 deg.: X-S =      15.759737 mb/sr,
+                                         /R =   2.786879E+00

    55.00 deg.: X-S =      15.662501 mb/sr,
+                                         /R =   2.864634E+00

    55.50 deg.: X-S =      15.506377 mb/sr,
+                                         /R =   2.932257E+00

    56.00 deg.: X-S =      15.295462 mb/sr,
+                                         /R =   2.989409E+00

    56.50 deg.: X-S =      15.034060 mb/sr,
+                                         /R =   3.035848E+00

    57.00 deg.: X-S =      14.726627 mb/sr,
+                                         /R =   3.071429E+00

    57.50 deg.: X-S =      14.377715 mb/sr,
+                                         /R =   3.096101E+00

    58.00 deg.: X-S =      13.991921 mb/sr,
+                                         /R =   3.109910E+00

    58.50 deg.: X-S =      13.573844 mb/sr,
+                                         /R =   3.112990E+00

    59.00 deg.: X-S =      13.128040 mb/sr,
+                                         /R =   3.105566E+00

    59.50 deg.: X-S =      12.658990 mb/sr,
+                                         /R =   3.087944E+00

    60.00 deg.: X-S =      12.171061 mb/sr,
+                                         /R =   3.060511E+00

    60.50 deg.: X-S =      11.668479 mb/sr,
+                                         /R =   3.023728E+00

    61.00 deg.: X-S =      11.155304 mb/sr,
+                                         /R =   2.978122E+00

    61.50 deg.: X-S =      10.635409 mb/sr,
+                                         /R =   2.924283E+00

    62.00 deg.: X-S =      10.112459 mb/sr,
+                                         /R =   2.862857E+00

    62.50 deg.: X-S =       9.589898 mb/sr,
+                                         /R =   2.794537E+00

    63.00 deg.: X-S =       9.070934 mb/sr,
+                                         /R =   2.720057E+00

    63.50 deg.: X-S =       8.558534 mb/sr,
+                                         /R =   2.640184E+00

    64.00 deg.: X-S =       8.055415 mb/sr,
+                                         /R =   2.555714E+00

    64.50 deg.: X-S =       7.564042 mb/sr,
+                                         /R =   2.467460E+00

    65.00 deg.: X-S =       7.086625 mb/sr,
+                                         /R =   2.376244E+00

    65.50 deg.: X-S =       6.625119 mb/sr,
+                                         /R =   2.282897E+00

    66.00 deg.: X-S =       6.181231 mb/sr,
+                                         /R =   2.188243E+00

    66.50 deg.: X-S =       5.756421 mb/sr,
+                                         /R =   2.093098E+00

    67.00 deg.: X-S =       5.351906 mb/sr,
+                                         /R =   1.998260E+00

    67.50 deg.: X-S =       4.968676 mb/sr,
+                                         /R =   1.904505E+00

    68.00 deg.: X-S =       4.607494 mb/sr,
+                                         /R =   1.812579E+00

    68.50 deg.: X-S =       4.268910 mb/sr,
+                                         /R =   1.723194E+00

    69.00 deg.: X-S =       3.953273 mb/sr,
+                                         /R =   1.637022E+00

    69.50 deg.: X-S =       3.660738 mb/sr,
+                                         /R =   1.554690E+00

    70.00 deg.: X-S =       3.391283 mb/sr,
+                                         /R =   1.476777E+00

    70.50 deg.: X-S =       3.144721 mb/sr,
+                                         /R =   1.403809E+00

    71.00 deg.: X-S =       2.920710 mb/sr,
+                                         /R =   1.336257E+00

    71.50 deg.: X-S =       2.718768 mb/sr,
+                                         /R =   1.274534E+00

    72.00 deg.: X-S =       2.538287 mb/sr,
+                                         /R =   1.218993E+00

    72.50 deg.: X-S =       2.378546 mb/sr,
+                                         /R =   1.169922E+00

    73.00 deg.: X-S =       2.238723 mb/sr,
+                                         /R =   1.127551E+00

    73.50 deg.: X-S =       2.117908 mb/sr,
+                                         /R =   1.092044E+00

    74.00 deg.: X-S =       2.015118 mb/sr,
+                                         /R =   1.063502E+00

    74.50 deg.: X-S =       1.929308 mb/sr,
+                                         /R =   1.041963E+00

    75.00 deg.: X-S =       1.859379 mb/sr,
+                                         /R =   1.027406E+00

    75.50 deg.: X-S =       1.804199 mb/sr,
+                                         /R =   1.019747E+00

    76.00 deg.: X-S =       1.762602 mb/sr,
+                                         /R =   1.018844E+00

    76.50 deg.: X-S =       1.733408 mb/sr,
+                                         /R =   1.024501E+00

    77.00 deg.: X-S =       1.715428 mb/sr,
+                                         /R =   1.036469E+00

    77.50 deg.: X-S =       1.707475 mb/sr,
+                                         /R =   1.054447E+00

    78.00 deg.: X-S =       1.708370 mb/sr,
+                                         /R =   1.078089E+00

    78.50 deg.: X-S =       1.716953 mb/sr,
+                                         /R =   1.107006E+00

    79.00 deg.: X-S =       1.732089 mb/sr,
+                                         /R =   1.140769E+00

    79.50 deg.: X-S =       1.752674 mb/sr,
+                                         /R =   1.178917E+00

    80.00 deg.: X-S =       1.777642 mb/sr,
+                                         /R =   1.220956E+00

    80.50 deg.: X-S =       1.805968 mb/sr,
+                                         /R =   1.266366E+00

    81.00 deg.: X-S =       1.836676 mb/sr,
+                                         /R =   1.314607E+00

    81.50 deg.: X-S =       1.868840 mb/sr,
+                                         /R =   1.365121E+00

    82.00 deg.: X-S =       1.901589 mb/sr,
+                                         /R =   1.417340E+00

    82.50 deg.: X-S =       1.934110 mb/sr,
+                                         /R =   1.470685E+00

    83.00 deg.: X-S =       1.965648 mb/sr,
+                                         /R =   1.524578E+00

    83.50 deg.: X-S =       1.995511 mb/sr,
+                                         /R =   1.578439E+00

    84.00 deg.: X-S =       2.023068 mb/sr,
+                                         /R =   1.631698E+00

    84.50 deg.: X-S =       2.047753 mb/sr,
+                                         /R =   1.683791E+00

    85.00 deg.: X-S =       2.069062 mb/sr,
+                                         /R =   1.734173E+00

    85.50 deg.: X-S =       2.086554 mb/sr,
+                                         /R =   1.782315E+00

    86.00 deg.: X-S =       2.099852 mb/sr,
+                                         /R =   1.827711E+00

    86.50 deg.: X-S =       2.108639 mb/sr,
+                                         /R =   1.869882E+00

    87.00 deg.: X-S =       2.112660 mb/sr,
+                                         /R =   1.908376E+00

    87.50 deg.: X-S =       2.111718 mb/sr,
+                                         /R =   1.942778E+00

    88.00 deg.: X-S =       2.105673 mb/sr,
+                                         /R =   1.972703E+00

    88.50 deg.: X-S =       2.094439 mb/sr,
+                                         /R =   1.997807E+00

    89.00 deg.: X-S =       2.077984 mb/sr,
+                                         /R =   2.017785E+00

    89.50 deg.: X-S =       2.056325 mb/sr,
+                                         /R =   2.032377E+00

    90.00 deg.: X-S =       2.029525 mb/sr,
+                                         /R =   2.041362E+00

    90.50 deg.: X-S =       1.997694 mb/sr,
+                                         /R =   2.044567E+00

    91.00 deg.: X-S =       1.960981 mb/sr,
+                                         /R =   2.041866E+00

    91.50 deg.: X-S =       1.919576 mb/sr,
+                                         /R =   2.033178E+00

    92.00 deg.: X-S =       1.873701 mb/sr,
+                                         /R =   2.018470E+00

    92.50 deg.: X-S =       1.823614 mb/sr,
+                                         /R =   1.997758E+00

    93.00 deg.: X-S =       1.769599 mb/sr,
+                                         /R =   1.971103E+00

    93.50 deg.: X-S =       1.711968 mb/sr,
+                                         /R =   1.938616E+00

    94.00 deg.: X-S =       1.651054 mb/sr,
+                                         /R =   1.900451E+00

    94.50 deg.: X-S =       1.587211 mb/sr,
+                                         /R =   1.856810E+00

    95.00 deg.: X-S =       1.520809 mb/sr,
+                                         /R =   1.807939E+00

    95.50 deg.: X-S =       1.452233 mb/sr,
+                                         /R =   1.754125E+00

    96.00 deg.: X-S =       1.381876 mb/sr,
+                                         /R =   1.695698E+00

    96.50 deg.: X-S =       1.310143 mb/sr,
+                                         /R =   1.633026E+00

    97.00 deg.: X-S =       1.237440 mb/sr,
+                                         /R =   1.566514E+00

    97.50 deg.: X-S =       1.164178 mb/sr,
+                                         /R =   1.496602E+00

    98.00 deg.: X-S =       1.090768 mb/sr,
+                                         /R =   1.423762E+00

    98.50 deg.: X-S =       1.017617 mb/sr,
+                                         /R =   1.348495E+00

    99.00 deg.: X-S =       0.945129 mb/sr,
+                                         /R =   1.271331E+00

    99.50 deg.: X-S =       0.873701 mb/sr,
+                                         /R =   1.192823E+00

   100.00 deg.: X-S =       0.803721 mb/sr,
+                                         /R =   1.113542E+00

   100.50 deg.: X-S =       0.735565 mb/sr,
+                                         /R =   1.034081E+00

   101.00 deg.: X-S =       0.669598 mb/sr,
+                                         /R =   9.550449E-01

   101.50 deg.: X-S =       0.606170 mb/sr,
+                                         /R =   8.770513E-01

   102.00 deg.: X-S =       0.545617 mb/sr,
+                                         /R =   8.007252E-01

   102.50 deg.: X-S =       0.488255 mb/sr,
+                                         /R =   7.266965E-01

   103.00 deg.: X-S =       0.434384 mb/sr,
+                                         /R =   6.555964E-01

   103.50 deg.: X-S =       0.384284 mb/sr,
+                                         /R =   5.880542E-01

   104.00 deg.: X-S =       0.338214 mb/sr,
+                                         /R =   5.246939E-01

   104.50 deg.: X-S =       0.296414 mb/sr,
+                                         /R =   4.661307E-01

   105.00 deg.: X-S =       0.259098 mb/sr,
+                                         /R =   4.129680E-01

   105.50 deg.: X-S =       0.226462 mb/sr,
+                                         /R =   3.657940E-01

   106.00 deg.: X-S =       0.198674 mb/sr,
+                                         /R =   3.251786E-01

   106.50 deg.: X-S =       0.175884 mb/sr,
+                                         /R =   2.916701E-01

   107.00 deg.: X-S =       0.158213 mb/sr,
+                                         /R =   2.657926E-01

   107.50 deg.: X-S =       0.145761 mb/sr,
+                                         /R =   2.480427E-01

   108.00 deg.: X-S =       0.138604 mb/sr,
+                                         /R =   2.388869E-01

   108.50 deg.: X-S =       0.136792 mb/sr,
+                                         /R =   2.387588E-01

   109.00 deg.: X-S =       0.140353 mb/sr,
+                                         /R =   2.480569E-01

   109.50 deg.: X-S =       0.149290 mb/sr,
+                                         /R =   2.671415E-01

   110.00 deg.: X-S =       0.163582 mb/sr,
+                                         /R =   2.963332E-01

   110.50 deg.: X-S =       0.183188 mb/sr,
+                                         /R =   3.359101E-01

   111.00 deg.: X-S =       0.208040 mb/sr,
+                                         /R =   3.861066E-01

   111.50 deg.: X-S =       0.238051 mb/sr,
+                                         /R =   4.471108E-01

   112.00 deg.: X-S =       0.273110 mb/sr,
+                                         /R =   5.190637E-01

   112.50 deg.: X-S =       0.313088 mb/sr,
+                                         /R =   6.020573E-01

   113.00 deg.: X-S =       0.357833 mb/sr,
+                                         /R =   6.961335E-01

   113.50 deg.: X-S =       0.407175 mb/sr,
+                                         /R =   8.012833E-01

   114.00 deg.: X-S =       0.460924 mb/sr,
+                                         /R =   9.174457E-01

   114.50 deg.: X-S =       0.518873 mb/sr,
+                                         /R =   1.044508E+00

   115.00 deg.: X-S =       0.580800 mb/sr,
+                                         /R =   1.182303E+00

   115.50 deg.: X-S =       0.646463 mb/sr,
+                                         /R =   1.330612E+00

   116.00 deg.: X-S =       0.715608 mb/sr,
+                                         /R =   1.489165E+00

   116.50 deg.: X-S =       0.787967 mb/sr,
+                                         /R =   1.657636E+00

   117.00 deg.: X-S =       0.863259 mb/sr,
+                                         /R =   1.835651E+00

   117.50 deg.: X-S =       0.941191 mb/sr,
+                                         /R =   2.022781E+00

   118.00 deg.: X-S =       1.021460 mb/sr,
+                                         /R =   2.218550E+00

   118.50 deg.: X-S =       1.103753 mb/sr,
+                                         /R =   2.422434E+00

   119.00 deg.: X-S =       1.187751 mb/sr,
+                                         /R =   2.633858E+00

   119.50 deg.: X-S =       1.273125 mb/sr,
+                                         /R =   2.852205E+00

   120.00 deg.: X-S =       1.359544 mb/sr,
+                                         /R =   3.076815E+00

   120.50 deg.: X-S =       1.446671 mb/sr,
+                                         /R =   3.306983E+00

   121.00 deg.: X-S =       1.534166 mb/sr,
+                                         /R =   3.541971E+00

   121.50 deg.: X-S =       1.621688 mb/sr,
+                                         /R =   3.781000E+00

   122.00 deg.: X-S =       1.708896 mb/sr,
+                                         /R =   4.023262E+00

   122.50 deg.: X-S =       1.795450 mb/sr,
+                                         /R =   4.267917E+00

   123.00 deg.: X-S =       1.881012 mb/sr,
+                                         /R =   4.514099E+00

   123.50 deg.: X-S =       1.965247 mb/sr,
+                                         /R =   4.760920E+00

   124.00 deg.: X-S =       2.047827 mb/sr,
+                                         /R =   5.007472E+00

   124.50 deg.: X-S =       2.128429 mb/sr,
+                                         /R =   5.252833E+00

   125.00 deg.: X-S =       2.206739 mb/sr,
+                                         /R =   5.496068E+00

   125.50 deg.: X-S =       2.282449 mb/sr,
+                                         /R =   5.736238E+00

   126.00 deg.: X-S =       2.355264 mb/sr,
+                                         /R =   5.972397E+00

   126.50 deg.: X-S =       2.424900 mb/sr,
+                                         /R =   6.203606E+00

   127.00 deg.: X-S =       2.491084 mb/sr,
+                                         /R =   6.428930E+00

   127.50 deg.: X-S =       2.553559 mb/sr,
+                                         /R =   6.647444E+00

   128.00 deg.: X-S =       2.612080 mb/sr,
+                                         /R =   6.858241E+00

   128.50 deg.: X-S =       2.666420 mb/sr,
+                                         /R =   7.060434E+00

   129.00 deg.: X-S =       2.716368 mb/sr,
+                                         /R =   7.253159E+00

   129.50 deg.: X-S =       2.761732 mb/sr,
+                                         /R =   7.435585E+00

   130.00 deg.: X-S =       2.802335 mb/sr,
+                                         /R =   7.606914E+00

   130.50 deg.: X-S =       2.838024 mb/sr,
+                                         /R =   7.766386E+00

   131.00 deg.: X-S =       2.868664 mb/sr,
+                                         /R =   7.913286E+00

   131.50 deg.: X-S =       2.894140 mb/sr,
+                                         /R =   8.046946E+00

   132.00 deg.: X-S =       2.914360 mb/sr,
+                                         /R =   8.166752E+00

   132.50 deg.: X-S =       2.929253 mb/sr,
+                                         /R =   8.272143E+00

   133.00 deg.: X-S =       2.938770 mb/sr,
+                                         /R =   8.362620E+00

   133.50 deg.: X-S =       2.942887 mb/sr,
+                                         /R =   8.437747E+00

   134.00 deg.: X-S =       2.941600 mb/sr,
+                                         /R =   8.497155E+00

   134.50 deg.: X-S =       2.934930 mb/sr,
+                                         /R =   8.540545E+00

   135.00 deg.: X-S =       2.922919 mb/sr,
+                                         /R =   8.567689E+00

   135.50 deg.: X-S =       2.905634 mb/sr,
+                                         /R =   8.578438E+00

   136.00 deg.: X-S =       2.883165 mb/sr,
+                                         /R =   8.572716E+00

   136.50 deg.: X-S =       2.855622 mb/sr,
+                                         /R =   8.550529E+00

   137.00 deg.: X-S =       2.823140 mb/sr,
+                                         /R =   8.511961E+00

   137.50 deg.: X-S =       2.785876 mb/sr,
+                                         /R =   8.457180E+00

   138.00 deg.: X-S =       2.744005 mb/sr,
+                                         /R =   8.386434E+00

   138.50 deg.: X-S =       2.697725 mb/sr,
+                                         /R =   8.300053E+00

   139.00 deg.: X-S =       2.647255 mb/sr,
+                                         /R =   8.198450E+00

   139.50 deg.: X-S =       2.592829 mb/sr,
+                                         /R =   8.082118E+00

   140.00 deg.: X-S =       2.534704 mb/sr,
+                                         /R =   7.951629E+00

   140.50 deg.: X-S =       2.473151 mb/sr,
+                                         /R =   7.807636E+00

   141.00 deg.: X-S =       2.408456 mb/sr,
+                                         /R =   7.650864E+00

   141.50 deg.: X-S =       2.340922 mb/sr,
+                                         /R =   7.482115E+00

   142.00 deg.: X-S =       2.270866 mb/sr,
+                                         /R =   7.302260E+00

   142.50 deg.: X-S =       2.198614 mb/sr,
+                                         /R =   7.112237E+00

   143.00 deg.: X-S =       2.124505 mb/sr,
+                                         /R =   6.913048E+00

   143.50 deg.: X-S =       2.048887 mb/sr,
+                                         /R =   6.705754E+00

   144.00 deg.: X-S =       1.972115 mb/sr,
+                                         /R =   6.491470E+00

   144.50 deg.: X-S =       1.894551 mb/sr,
+                                         /R =   6.271362E+00

   145.00 deg.: X-S =       1.816563 mb/sr,
+                                         /R =   6.046637E+00

   145.50 deg.: X-S =       1.738517 mb/sr,
+                                         /R =   5.818545E+00

   146.00 deg.: X-S =       1.660787 mb/sr,
+                                         /R =   5.588364E+00

   146.50 deg.: X-S =       1.583740 mb/sr,
+                                         /R =   5.357401E+00

   147.00 deg.: X-S =       1.507747 mb/sr,
+                                         /R =   5.126983E+00

   147.50 deg.: X-S =       1.433171 mb/sr,
+                                         /R =   4.898449E+00

   148.00 deg.: X-S =       1.360371 mb/sr,
+                                         /R =   4.673146E+00

   148.50 deg.: X-S =       1.289699 mb/sr,
+                                         /R =   4.452419E+00

   149.00 deg.: X-S =       1.221499 mb/sr,
+                                         /R =   4.237607E+00

   149.50 deg.: X-S =       1.156103 mb/sr,
+                                         /R =   4.030031E+00

   150.00 deg.: X-S =       1.093833 mb/sr,
+                                         /R =   3.830995E+00

   150.50 deg.: X-S =       1.034996 mb/sr,
+                                         /R =   3.641770E+00

   151.00 deg.: X-S =       0.979885 mb/sr,
+                                         /R =   3.463594E+00

   151.50 deg.: X-S =       0.928777 mb/sr,
+                                         /R =   3.297661E+00

   152.00 deg.: X-S =       0.881930 mb/sr,
+                                         /R =   3.145114E+00

   152.50 deg.: X-S =       0.839586 mb/sr,
+                                         /R =   3.007042E+00

   153.00 deg.: X-S =       0.801963 mb/sr,
+                                         /R =   2.884471E+00

   153.50 deg.: X-S =       0.769262 mb/sr,
+                                         /R =   2.778358E+00

   154.00 deg.: X-S =       0.741659 mb/sr,
+                                         /R =   2.689586E+00

   154.50 deg.: X-S =       0.719307 mb/sr,
+                                         /R =   2.618957E+00

   155.00 deg.: X-S =       0.702338 mb/sr,
+                                         /R =   2.567189E+00

   155.50 deg.: X-S =       0.690857 mb/sr,
+                                         /R =   2.534911E+00

   156.00 deg.: X-S =       0.684944 mb/sr,
+                                         /R =   2.522658E+00

   156.50 deg.: X-S =       0.684656 mb/sr,
+                                         /R =   2.530866E+00

   157.00 deg.: X-S =       0.690020 mb/sr,
+                                         /R =   2.559872E+00

   157.50 deg.: X-S =       0.701042 mb/sr,
+                                         /R =   2.609908E+00

   158.00 deg.: X-S =       0.717698 mb/sr,
+                                         /R =   2.681102E+00

   158.50 deg.: X-S =       0.739939 mb/sr,
+                                         /R =   2.773473E+00

   159.00 deg.: X-S =       0.767691 mb/sr,
+                                         /R =   2.886932E+00

   159.50 deg.: X-S =       0.800854 mb/sr,
+                                         /R =   3.021281E+00

   160.00 deg.: X-S =       0.839302 mb/sr,
+                                         /R =   3.176213E+00

   160.50 deg.: X-S =       0.882885 mb/sr,
+                                         /R =   3.351314E+00

   161.00 deg.: X-S =       0.931429 mb/sr,
+                                         /R =   3.546060E+00

   161.50 deg.: X-S =       0.984736 mb/sr,
+                                         /R =   3.759824E+00

   162.00 deg.: X-S =       1.042586 mb/sr,
+                                         /R =   3.991878E+00

   162.50 deg.: X-S =       1.104738 mb/sr,
+                                         /R =   4.241389E+00

   163.00 deg.: X-S =       1.170929 mb/sr,
+                                         /R =   4.507433E+00

   163.50 deg.: X-S =       1.240879 mb/sr,
+                                         /R =   4.788991E+00

   164.00 deg.: X-S =       1.314288 mb/sr,
+                                         /R =   5.084958E+00

   164.50 deg.: X-S =       1.390841 mb/sr,
+                                         /R =   5.394145E+00

   165.00 deg.: X-S =       1.470206 mb/sr,
+                                         /R =   5.715287E+00

   165.50 deg.: X-S =       1.552039 mb/sr,
+                                         /R =   6.047050E+00

   166.00 deg.: X-S =       1.635983 mb/sr,
+                                         /R =   6.388033E+00

   166.50 deg.: X-S =       1.721670 mb/sr,
+                                         /R =   6.736779E+00

   167.00 deg.: X-S =       1.808725 mb/sr,
+                                         /R =   7.091780E+00

   167.50 deg.: X-S =       1.896765 mb/sr,
+                                         /R =   7.451488E+00

   168.00 deg.: X-S =       1.985400 mb/sr,
+                                         /R =   7.814315E+00

   168.50 deg.: X-S =       2.074239 mb/sr,
+                                         /R =   8.178650E+00

   169.00 deg.: X-S =       2.162887 mb/sr,
+                                         /R =   8.542862E+00

   169.50 deg.: X-S =       2.250953 mb/sr,
+                                         /R =   8.905309E+00

   170.00 deg.: X-S =       2.338043 mb/sr,
+                                         /R =   9.264348E+00

   170.50 deg.: X-S =       2.423769 mb/sr,
+                                         /R =   9.618341E+00

   171.00 deg.: X-S =       2.507750 mb/sr,
+                                         /R =   9.965666E+00

   171.50 deg.: X-S =       2.589609 mb/sr,
+                                         /R =   1.030472E+01

   172.00 deg.: X-S =       2.668981 mb/sr,
+                                         /R =   1.063394E+01

   172.50 deg.: X-S =       2.745511 mb/sr,
+                                         /R =   1.095180E+01

   173.00 deg.: X-S =       2.818855 mb/sr,
+                                         /R =   1.125680E+01

   173.50 deg.: X-S =       2.888684 mb/sr,
+                                         /R =   1.154754E+01

   174.00 deg.: X-S =       2.954685 mb/sr,
+                                         /R =   1.182264E+01

   174.50 deg.: X-S =       3.016561 mb/sr,
+                                         /R =   1.208081E+01

   175.00 deg.: X-S =       3.074035 mb/sr,
+                                         /R =   1.232083E+01

   175.50 deg.: X-S =       3.126846 mb/sr,
+                                         /R =   1.254158E+01

   176.00 deg.: X-S =       3.174759 mb/sr,
+                                         /R =   1.274200E+01

   176.50 deg.: X-S =       3.217556 mb/sr,
+                                         /R =   1.292115E+01

   177.00 deg.: X-S =       3.255045 mb/sr,
+                                         /R =   1.307818E+01

   177.50 deg.: X-S =       3.287057 mb/sr,
+                                         /R =   1.321233E+01

   178.00 deg.: X-S =       3.313449 mb/sr,
+                                         /R =   1.332297E+01

   178.50 deg.: X-S =       3.334100 mb/sr,
+                                         /R =   1.340958E+01

   179.00 deg.: X-S =       3.348917 mb/sr,
+                                         /R =   1.347174E+01

   179.50 deg.: X-S =       3.357835 mb/sr,
+                                         /R =   1.350916E+01

   179.99 deg.: X-S =       3.360810 mb/sr,
+                                         /R =   1.352165E+01

                                           Integrated  4.1014E+10 mb, over [   0.000, 180.000] at    16.0000 MeV 

 CROSS SECTIONS FOR OUTGOING 2H       & 12C      in state #   2 with spins & parities 1.0  + &  2.0  +;  0

     0.00 deg.: X-S =       7.948039 mb/sr,
+                                         REAC   2.5030E+01 mb

     0.50 deg.: X-S =       7.947831 mb/sr,

     1.00 deg.: X-S =       7.947187 mb/sr,

     1.50 deg.: X-S =       7.946040 mb/sr,

     2.00 deg.: X-S =       7.944282 mb/sr,

     2.50 deg.: X-S =       7.941765 mb/sr,

     3.00 deg.: X-S =       7.938308 mb/sr,

     3.50 deg.: X-S =       7.933698 mb/sr,

     4.00 deg.: X-S =       7.927696 mb/sr,

     4.50 deg.: X-S =       7.920047 mb/sr,

     5.00 deg.: X-S =       7.910484 mb/sr,

     5.50 deg.: X-S =       7.898734 mb/sr,

     6.00 deg.: X-S =       7.884531 mb/sr,

     6.50 deg.: X-S =       7.867618 mb/sr,

     7.00 deg.: X-S =       7.847755 mb/sr,

     7.50 deg.: X-S =       7.824730 mb/sr,

     8.00 deg.: X-S =       7.798361 mb/sr,

     8.50 deg.: X-S =       7.768502 mb/sr,

     9.00 deg.: X-S =       7.735050 mb/sr,

     9.50 deg.: X-S =       7.697947 mb/sr,

    10.00 deg.: X-S =       7.657182 mb/sr,

    10.50 deg.: X-S =       7.612790 mb/sr,

    11.00 deg.: X-S =       7.564858 mb/sr,

    11.50 deg.: X-S =       7.513516 mb/sr,

    12.00 deg.: X-S =       7.458938 mb/sr,

    12.50 deg.: X-S =       7.401338 mb/sr,

    13.00 deg.: X-S =       7.340966 mb/sr,

    13.50 deg.: X-S =       7.278096 mb/sr,

    14.00 deg.: X-S =       7.213028 mb/sr,

    14.50 deg.: X-S =       7.146074 mb/sr,

    15.00 deg.: X-S =       7.077554 mb/sr,

    15.50 deg.: X-S =       7.007788 mb/sr,

    16.00 deg.: X-S =       6.937086 mb/sr,

    16.50 deg.: X-S =       6.865746 mb/sr,

    17.00 deg.: X-S =       6.794042 mb/sr,

    17.50 deg.: X-S =       6.722223 mb/sr,

    18.00 deg.: X-S =       6.650507 mb/sr,

    18.50 deg.: X-S =       6.579075 mb/sr,

    19.00 deg.: X-S =       6.508072 mb/sr,

    19.50 deg.: X-S =       6.437601 mb/sr,

    20.00 deg.: X-S =       6.367729 mb/sr,

    20.50 deg.: X-S =       6.298482 mb/sr,

    21.00 deg.: X-S =       6.229846 mb/sr,

    21.50 deg.: X-S =       6.161778 mb/sr,

    22.00 deg.: X-S =       6.094199 mb/sr,

    22.50 deg.: X-S =       6.027003 mb/sr,

    23.00 deg.: X-S =       5.960062 mb/sr,

    23.50 deg.: X-S =       5.893229 mb/sr,

    24.00 deg.: X-S =       5.826343 mb/sr,

    24.50 deg.: X-S =       5.759234 mb/sr,

    25.00 deg.: X-S =       5.691726 mb/sr,

    25.50 deg.: X-S =       5.623646 mb/sr,

    26.00 deg.: X-S =       5.554822 mb/sr,

    26.50 deg.: X-S =       5.485092 mb/sr,

    27.00 deg.: X-S =       5.414302 mb/sr,

    27.50 deg.: X-S =       5.342312 mb/sr,

    28.00 deg.: X-S =       5.268999 mb/sr,

    28.50 deg.: X-S =       5.194254 mb/sr,

    29.00 deg.: X-S =       5.117987 mb/sr,

    29.50 deg.: X-S =       5.040128 mb/sr,

    30.00 deg.: X-S =       4.960624 mb/sr,

    30.50 deg.: X-S =       4.879440 mb/sr,

    31.00 deg.: X-S =       4.796562 mb/sr,

    31.50 deg.: X-S =       4.711991 mb/sr,

    32.00 deg.: X-S =       4.625750 mb/sr,

    32.50 deg.: X-S =       4.537873 mb/sr,

    33.00 deg.: X-S =       4.448414 mb/sr,

    33.50 deg.: X-S =       4.357440 mb/sr,

    34.00 deg.: X-S =       4.265033 mb/sr,

    34.50 deg.: X-S =       4.171289 mb/sr,

    35.00 deg.: X-S =       4.076317 mb/sr,

    35.50 deg.: X-S =       3.980237 mb/sr,

    36.00 deg.: X-S =       3.883183 mb/sr,

    36.50 deg.: X-S =       3.785298 mb/sr,

    37.00 deg.: X-S =       3.686739 mb/sr,

    37.50 deg.: X-S =       3.587669 mb/sr,

    38.00 deg.: X-S =       3.488265 mb/sr,

    38.50 deg.: X-S =       3.388711 mb/sr,

    39.00 deg.: X-S =       3.289201 mb/sr,

    39.50 deg.: X-S =       3.189938 mb/sr,

    40.00 deg.: X-S =       3.091131 mb/sr,

    40.50 deg.: X-S =       2.992997 mb/sr,

    41.00 deg.: X-S =       2.895759 mb/sr,

    41.50 deg.: X-S =       2.799643 mb/sr,

    42.00 deg.: X-S =       2.704883 mb/sr,

    42.50 deg.: X-S =       2.611711 mb/sr,

    43.00 deg.: X-S =       2.520362 mb/sr,

    43.50 deg.: X-S =       2.431072 mb/sr,

    44.00 deg.: X-S =       2.344072 mb/sr,

    44.50 deg.: X-S =       2.259591 mb/sr,

    45.00 deg.: X-S =       2.177852 mb/sr,

    45.50 deg.: X-S =       2.099071 mb/sr,

    46.00 deg.: X-S =       2.023453 mb/sr,

    46.50 deg.: X-S =       1.951193 mb/sr,

    47.00 deg.: X-S =       1.882473 mb/sr,

    47.50 deg.: X-S =       1.817459 mb/sr,

    48.00 deg.: X-S =       1.756301 mb/sr,

    48.50 deg.: X-S =       1.699132 mb/sr,

    49.00 deg.: X-S =       1.646066 mb/sr,

    49.50 deg.: X-S =       1.597194 mb/sr,

    50.00 deg.: X-S =       1.552589 mb/sr,

    50.50 deg.: X-S =       1.512301 mb/sr,

    51.00 deg.: X-S =       1.476357 mb/sr,

    51.50 deg.: X-S =       1.444763 mb/sr,

    52.00 deg.: X-S =       1.417504 mb/sr,

    52.50 deg.: X-S =       1.394541 mb/sr,

    53.00 deg.: X-S =       1.375816 mb/sr,

    53.50 deg.: X-S =       1.361251 mb/sr,

    54.00 deg.: X-S =       1.350747 mb/sr,

    54.50 deg.: X-S =       1.344191 mb/sr,

    55.00 deg.: X-S =       1.341451 mb/sr,

    55.50 deg.: X-S =       1.342382 mb/sr,

    56.00 deg.: X-S =       1.346825 mb/sr,

    56.50 deg.: X-S =       1.354611 mb/sr,

    57.00 deg.: X-S =       1.365560 mb/sr,

    57.50 deg.: X-S =       1.379485 mb/sr,

    58.00 deg.: X-S =       1.396192 mb/sr,

    58.50 deg.: X-S =       1.415482 mb/sr,

    59.00 deg.: X-S =       1.437154 mb/sr,

    59.50 deg.: X-S =       1.461003 mb/sr,

    60.00 deg.: X-S =       1.486826 mb/sr,

    60.50 deg.: X-S =       1.514416 mb/sr,

    61.00 deg.: X-S =       1.543572 mb/sr,

    61.50 deg.: X-S =       1.574092 mb/sr,

    62.00 deg.: X-S =       1.605779 mb/sr,

    62.50 deg.: X-S =       1.638437 mb/sr,

    63.00 deg.: X-S =       1.671877 mb/sr,

    63.50 deg.: X-S =       1.705913 mb/sr,

    64.00 deg.: X-S =       1.740365 mb/sr,

    64.50 deg.: X-S =       1.775057 mb/sr,

    65.00 deg.: X-S =       1.809820 mb/sr,

    65.50 deg.: X-S =       1.844490 mb/sr,

    66.00 deg.: X-S =       1.878909 mb/sr,

    66.50 deg.: X-S =       1.912925 mb/sr,

    67.00 deg.: X-S =       1.946395 mb/sr,

    67.50 deg.: X-S =       1.979178 mb/sr,

    68.00 deg.: X-S =       2.011143 mb/sr,

    68.50 deg.: X-S =       2.042165 mb/sr,

    69.00 deg.: X-S =       2.072125 mb/sr,

    69.50 deg.: X-S =       2.100912 mb/sr,

    70.00 deg.: X-S =       2.128422 mb/sr,

    70.50 deg.: X-S =       2.154558 mb/sr,

    71.00 deg.: X-S =       2.179232 mb/sr,

    71.50 deg.: X-S =       2.202361 mb/sr,

    72.00 deg.: X-S =       2.223872 mb/sr,

    72.50 deg.: X-S =       2.243698 mb/sr,

    73.00 deg.: X-S =       2.261781 mb/sr,

    73.50 deg.: X-S =       2.278072 mb/sr,

    74.00 deg.: X-S =       2.292526 mb/sr,

    74.50 deg.: X-S =       2.305110 mb/sr,

    75.00 deg.: X-S =       2.315797 mb/sr,

    75.50 deg.: X-S =       2.324566 mb/sr,

    76.00 deg.: X-S =       2.331407 mb/sr,

    76.50 deg.: X-S =       2.336315 mb/sr,

    77.00 deg.: X-S =       2.339292 mb/sr,

    77.50 deg.: X-S =       2.340347 mb/sr,

    78.00 deg.: X-S =       2.339497 mb/sr,

    78.50 deg.: X-S =       2.336764 mb/sr,

    79.00 deg.: X-S =       2.332176 mb/sr,

    79.50 deg.: X-S =       2.325767 mb/sr,

    80.00 deg.: X-S =       2.317574 mb/sr,

    80.50 deg.: X-S =       2.307641 mb/sr,

    81.00 deg.: X-S =       2.296016 mb/sr,

    81.50 deg.: X-S =       2.282750 mb/sr,

    82.00 deg.: X-S =       2.267899 mb/sr,

    82.50 deg.: X-S =       2.251519 mb/sr,

    83.00 deg.: X-S =       2.233671 mb/sr,

    83.50 deg.: X-S =       2.214418 mb/sr,

    84.00 deg.: X-S =       2.193825 mb/sr,

    84.50 deg.: X-S =       2.171957 mb/sr,

    85.00 deg.: X-S =       2.148882 mb/sr,

    85.50 deg.: X-S =       2.124669 mb/sr,

    86.00 deg.: X-S =       2.099385 mb/sr,

    86.50 deg.: X-S =       2.073100 mb/sr,

    87.00 deg.: X-S =       2.045884 mb/sr,

    87.50 deg.: X-S =       2.017805 mb/sr,

    88.00 deg.: X-S =       1.988933 mb/sr,

    88.50 deg.: X-S =       1.959337 mb/sr,

    89.00 deg.: X-S =       1.929085 mb/sr,

    89.50 deg.: X-S =       1.898245 mb/sr,

    90.00 deg.: X-S =       1.866885 mb/sr,

    90.50 deg.: X-S =       1.835071 mb/sr,

    91.00 deg.: X-S =       1.802870 mb/sr,

    91.50 deg.: X-S =       1.770346 mb/sr,

    92.00 deg.: X-S =       1.737565 mb/sr,

    92.50 deg.: X-S =       1.704592 mb/sr,

    93.00 deg.: X-S =       1.671489 mb/sr,

    93.50 deg.: X-S =       1.638320 mb/sr,

    94.00 deg.: X-S =       1.605147 mb/sr,

    94.50 deg.: X-S =       1.572033 mb/sr,

    95.00 deg.: X-S =       1.539039 mb/sr,

    95.50 deg.: X-S =       1.506226 mb/sr,

    96.00 deg.: X-S =       1.473654 mb/sr,

    96.50 deg.: X-S =       1.441385 mb/sr,

    97.00 deg.: X-S =       1.409476 mb/sr,

    97.50 deg.: X-S =       1.377988 mb/sr,

    98.00 deg.: X-S =       1.346979 mb/sr,

    98.50 deg.: X-S =       1.316507 mb/sr,

    99.00 deg.: X-S =       1.286630 mb/sr,

    99.50 deg.: X-S =       1.257404 mb/sr,

   100.00 deg.: X-S =       1.228886 mb/sr,

   100.50 deg.: X-S =       1.201131 mb/sr,

   101.00 deg.: X-S =       1.174193 mb/sr,

   101.50 deg.: X-S =       1.148125 mb/sr,

   102.00 deg.: X-S =       1.122980 mb/sr,

   102.50 deg.: X-S =       1.098808 mb/sr,

   103.00 deg.: X-S =       1.075658 mb/sr,

   103.50 deg.: X-S =       1.053578 mb/sr,

   104.00 deg.: X-S =       1.032612 mb/sr,

   104.50 deg.: X-S =       1.012805 mb/sr,

   105.00 deg.: X-S =       0.994197 mb/sr,

   105.50 deg.: X-S =       0.976826 mb/sr,

   106.00 deg.: X-S =       0.960730 mb/sr,

   106.50 deg.: X-S =       0.945939 mb/sr,

   107.00 deg.: X-S =       0.932486 mb/sr,

   107.50 deg.: X-S =       0.920395 mb/sr,

   108.00 deg.: X-S =       0.909690 mb/sr,

   108.50 deg.: X-S =       0.900391 mb/sr,

   109.00 deg.: X-S =       0.892512 mb/sr,

   109.50 deg.: X-S =       0.886066 mb/sr,

   110.00 deg.: X-S =       0.881060 mb/sr,

   110.50 deg.: X-S =       0.877498 mb/sr,

   111.00 deg.: X-S =       0.875378 mb/sr,

   111.50 deg.: X-S =       0.874695 mb/sr,

   112.00 deg.: X-S =       0.875441 mb/sr,

   112.50 deg.: X-S =       0.877600 mb/sr,

   113.00 deg.: X-S =       0.881154 mb/sr,

   113.50 deg.: X-S =       0.886080 mb/sr,

   114.00 deg.: X-S =       0.892352 mb/sr,

   114.50 deg.: X-S =       0.899937 mb/sr,

   115.00 deg.: X-S =       0.908801 mb/sr,

   115.50 deg.: X-S =       0.918902 mb/sr,

   116.00 deg.: X-S =       0.930198 mb/sr,

   116.50 deg.: X-S =       0.942641 mb/sr,

   117.00 deg.: X-S =       0.956180 mb/sr,

   117.50 deg.: X-S =       0.970758 mb/sr,

   118.00 deg.: X-S =       0.986319 mb/sr,

   118.50 deg.: X-S =       1.002800 mb/sr,

   119.00 deg.: X-S =       1.020137 mb/sr,

   119.50 deg.: X-S =       1.038262 mb/sr,

   120.00 deg.: X-S =       1.057106 mb/sr,

   120.50 deg.: X-S =       1.076595 mb/sr,

   121.00 deg.: X-S =       1.096656 mb/sr,

   121.50 deg.: X-S =       1.117211 mb/sr,

   122.00 deg.: X-S =       1.138181 mb/sr,

   122.50 deg.: X-S =       1.159487 mb/sr,

   123.00 deg.: X-S =       1.181048 mb/sr,

   123.50 deg.: X-S =       1.202782 mb/sr,

   124.00 deg.: X-S =       1.224604 mb/sr,

   124.50 deg.: X-S =       1.246431 mb/sr,

   125.00 deg.: X-S =       1.268180 mb/sr,

   125.50 deg.: X-S =       1.289767 mb/sr,

   126.00 deg.: X-S =       1.311107 mb/sr,

   126.50 deg.: X-S =       1.332119 mb/sr,

   127.00 deg.: X-S =       1.352718 mb/sr,

   127.50 deg.: X-S =       1.372826 mb/sr,

   128.00 deg.: X-S =       1.392361 mb/sr,

   128.50 deg.: X-S =       1.411246 mb/sr,

   129.00 deg.: X-S =       1.429406 mb/sr,

   129.50 deg.: X-S =       1.446767 mb/sr,

   130.00 deg.: X-S =       1.463259 mb/sr,

   130.50 deg.: X-S =       1.478814 mb/sr,

   131.00 deg.: X-S =       1.493368 mb/sr,

   131.50 deg.: X-S =       1.506862 mb/sr,

   132.00 deg.: X-S =       1.519238 mb/sr,

   132.50 deg.: X-S =       1.530444 mb/sr,

   133.00 deg.: X-S =       1.540435 mb/sr,

   133.50 deg.: X-S =       1.549165 mb/sr,

   134.00 deg.: X-S =       1.556599 mb/sr,

   134.50 deg.: X-S =       1.562705 mb/sr,

   135.00 deg.: X-S =       1.567454 mb/sr,

   135.50 deg.: X-S =       1.570828 mb/sr,

   136.00 deg.: X-S =       1.572809 mb/sr,

   136.50 deg.: X-S =       1.573390 mb/sr,

   137.00 deg.: X-S =       1.572567 mb/sr,

   137.50 deg.: X-S =       1.570342 mb/sr,

   138.00 deg.: X-S =       1.566724 mb/sr,

   138.50 deg.: X-S =       1.561729 mb/sr,

   139.00 deg.: X-S =       1.555376 mb/sr,

   139.50 deg.: X-S =       1.547692 mb/sr,

   140.00 deg.: X-S =       1.538708 mb/sr,

   140.50 deg.: X-S =       1.528464 mb/sr,

   141.00 deg.: X-S =       1.517000 mb/sr,

   141.50 deg.: X-S =       1.504366 mb/sr,

   142.00 deg.: X-S =       1.490612 mb/sr,

   142.50 deg.: X-S =       1.475797 mb/sr,

   143.00 deg.: X-S =       1.459982 mb/sr,

   143.50 deg.: X-S =       1.443230 mb/sr,

   144.00 deg.: X-S =       1.425610 mb/sr,

   144.50 deg.: X-S =       1.407194 mb/sr,

   145.00 deg.: X-S =       1.388055 mb/sr,

   145.50 deg.: X-S =       1.368269 mb/sr,

   146.00 deg.: X-S =       1.347916 mb/sr,

   146.50 deg.: X-S =       1.327073 mb/sr,

   147.00 deg.: X-S =       1.305823 mb/sr,

   147.50 deg.: X-S =       1.284246 mb/sr,

   148.00 deg.: X-S =       1.262425 mb/sr,

   148.50 deg.: X-S =       1.240441 mb/sr,

   149.00 deg.: X-S =       1.218375 mb/sr,

   149.50 deg.: X-S =       1.196309 mb/sr,

   150.00 deg.: X-S =       1.174321 mb/sr,

   150.50 deg.: X-S =       1.152490 mb/sr,

   151.00 deg.: X-S =       1.130893 mb/sr,

   151.50 deg.: X-S =       1.109602 mb/sr,

   152.00 deg.: X-S =       1.088691 mb/sr,

   152.50 deg.: X-S =       1.068229 mb/sr,

   153.00 deg.: X-S =       1.048281 mb/sr,

   153.50 deg.: X-S =       1.028910 mb/sr,

   154.00 deg.: X-S =       1.010178 mb/sr,

   154.50 deg.: X-S =       0.992138 mb/sr,

   155.00 deg.: X-S =       0.974844 mb/sr,

   155.50 deg.: X-S =       0.958344 mb/sr,

   156.00 deg.: X-S =       0.942681 mb/sr,

   156.50 deg.: X-S =       0.927894 mb/sr,

   157.00 deg.: X-S =       0.914019 mb/sr,

   157.50 deg.: X-S =       0.901086 mb/sr,

   158.00 deg.: X-S =       0.889119 mb/sr,

   158.50 deg.: X-S =       0.878139 mb/sr,

   159.00 deg.: X-S =       0.868161 mb/sr,

   159.50 deg.: X-S =       0.859196 mb/sr,

   160.00 deg.: X-S =       0.851248 mb/sr,

   160.50 deg.: X-S =       0.844319 mb/sr,

   161.00 deg.: X-S =       0.838403 mb/sr,

   161.50 deg.: X-S =       0.833489 mb/sr,

   162.00 deg.: X-S =       0.829564 mb/sr,

   162.50 deg.: X-S =       0.826608 mb/sr,

   163.00 deg.: X-S =       0.824596 mb/sr,

   163.50 deg.: X-S =       0.823499 mb/sr,

   164.00 deg.: X-S =       0.823285 mb/sr,

   164.50 deg.: X-S =       0.823915 mb/sr,

   165.00 deg.: X-S =       0.825348 mb/sr,

   165.50 deg.: X-S =       0.827540 mb/sr,

   166.00 deg.: X-S =       0.830441 mb/sr,

   166.50 deg.: X-S =       0.834000 mb/sr,

   167.00 deg.: X-S =       0.838163 mb/sr,

   167.50 deg.: X-S =       0.842873 mb/sr,

   168.00 deg.: X-S =       0.848072 mb/sr,

   168.50 deg.: X-S =       0.853698 mb/sr,

   169.00 deg.: X-S =       0.859689 mb/sr,

   169.50 deg.: X-S =       0.865984 mb/sr,

   170.00 deg.: X-S =       0.872518 mb/sr,

   170.50 deg.: X-S =       0.879227 mb/sr,

   171.00 deg.: X-S =       0.886050 mb/sr,

   171.50 deg.: X-S =       0.892921 mb/sr,

   172.00 deg.: X-S =       0.899781 mb/sr,

   172.50 deg.: X-S =       0.906567 mb/sr,

   173.00 deg.: X-S =       0.913222 mb/sr,

   173.50 deg.: X-S =       0.919689 mb/sr,

   174.00 deg.: X-S =       0.925913 mb/sr,

   174.50 deg.: X-S =       0.931843 mb/sr,

   175.00 deg.: X-S =       0.937429 mb/sr,

   175.50 deg.: X-S =       0.942627 mb/sr,

   176.00 deg.: X-S =       0.947395 mb/sr,

   176.50 deg.: X-S =       0.951695 mb/sr,

   177.00 deg.: X-S =       0.955492 mb/sr,

   177.50 deg.: X-S =       0.958757 mb/sr,

   178.00 deg.: X-S =       0.961463 mb/sr,

   178.50 deg.: X-S =       0.963590 mb/sr,

   179.00 deg.: X-S =       0.965122 mb/sr,

   179.50 deg.: X-S =       0.966045 mb/sr,

   180.00 deg.: X-S =       0.966354 mb/sr,

                                           Integrated  2.5029E+01 mb, over [   0.000, 180.000] at    16.0000 MeV 

 CROSS SECTIONS FOR OUTGOING 1H       & 13C      in state #   1 with spins & parities 0.5  + &  0.5  +;  0

     0.00 deg.: X-S =      97.092939 mb/sr,
+                                         REAC   3.6311E+01 mb

     0.50 deg.: X-S =      96.909699 mb/sr,

     1.00 deg.: X-S =      96.361991 mb/sr,

     1.50 deg.: X-S =      95.455809 mb/sr,

     2.00 deg.: X-S =      94.201024 mb/sr,

     2.50 deg.: X-S =      92.611207 mb/sr,

     3.00 deg.: X-S =      90.703390 mb/sr,

     3.50 deg.: X-S =      88.497769 mb/sr,

     4.00 deg.: X-S =      86.017350 mb/sr,

     4.50 deg.: X-S =      83.287563 mb/sr,

     5.00 deg.: X-S =      80.335838 mb/sr,

     5.50 deg.: X-S =      77.191158 mb/sr,

     6.00 deg.: X-S =      73.883600 mb/sr,

     6.50 deg.: X-S =      70.443875 mb/sr,

     7.00 deg.: X-S =      66.902878 mb/sr,

     7.50 deg.: X-S =      63.291250 mb/sr,

     8.00 deg.: X-S =      59.638970 mb/sr,

     8.50 deg.: X-S =      55.974976 mb/sr,

     9.00 deg.: X-S =      52.326832 mb/sr,

     9.50 deg.: X-S =      48.720429 mb/sr,

    10.00 deg.: X-S =      45.179742 mb/sr,

    10.50 deg.: X-S =      41.726631 mb/sr,

    11.00 deg.: X-S =      38.380693 mb/sr,

    11.50 deg.: X-S =      35.159169 mb/sr,

    12.00 deg.: X-S =      32.076884 mb/sr,

    12.50 deg.: X-S =      29.146249 mb/sr,

    13.00 deg.: X-S =      26.377292 mb/sr,

    13.50 deg.: X-S =      23.777727 mb/sr,

    14.00 deg.: X-S =      21.353058 mb/sr,

    14.50 deg.: X-S =      19.106705 mb/sr,

    15.00 deg.: X-S =      17.040155 mb/sr,

    15.50 deg.: X-S =      15.153122 mb/sr,

    16.00 deg.: X-S =      13.443725 mb/sr,

    16.50 deg.: X-S =      11.908663 mb/sr,

    17.00 deg.: X-S =      10.543399 mb/sr,

    17.50 deg.: X-S =       9.342336 mb/sr,

    18.00 deg.: X-S =       8.298988 mb/sr,

    18.50 deg.: X-S =       7.406143 mb/sr,

    19.00 deg.: X-S =       6.656016 mb/sr,

    19.50 deg.: X-S =       6.040385 mb/sr,

    20.00 deg.: X-S =       5.550719 mb/sr,

    20.50 deg.: X-S =       5.178291 mb/sr,

    21.00 deg.: X-S =       4.914273 mb/sr,

    21.50 deg.: X-S =       4.749822 mb/sr,

    22.00 deg.: X-S =       4.676151 mb/sr,

    22.50 deg.: X-S =       4.684588 mb/sr,

    23.00 deg.: X-S =       4.766628 mb/sr,

    23.50 deg.: X-S =       4.913967 mb/sr,

    24.00 deg.: X-S =       5.118538 mb/sr,

    24.50 deg.: X-S =       5.372531 mb/sr,

    25.00 deg.: X-S =       5.668413 mb/sr,

    25.50 deg.: X-S =       5.998945 mb/sr,

    26.00 deg.: X-S =       6.357186 mb/sr,

    26.50 deg.: X-S =       6.736510 mb/sr,

    27.00 deg.: X-S =       7.130607 mb/sr,

    27.50 deg.: X-S =       7.533491 mb/sr,

    28.00 deg.: X-S =       7.939507 mb/sr,

    28.50 deg.: X-S =       8.343341 mb/sr,

    29.00 deg.: X-S =       8.740019 mb/sr,

    29.50 deg.: X-S =       9.124922 mb/sr,

    30.00 deg.: X-S =       9.493794 mb/sr,

    30.50 deg.: X-S =       9.842743 mb/sr,

    31.00 deg.: X-S =      10.168261 mb/sr,

    31.50 deg.: X-S =      10.467221 mb/sr,

    32.00 deg.: X-S =      10.736892 mb/sr,

    32.50 deg.: X-S =      10.974941 mb/sr,

    33.00 deg.: X-S =      11.179440 mb/sr,

    33.50 deg.: X-S =      11.348866 mb/sr,

    34.00 deg.: X-S =      11.482100 mb/sr,

    34.50 deg.: X-S =      11.578425 mb/sr,

    35.00 deg.: X-S =      11.637518 mb/sr,

    35.50 deg.: X-S =      11.659436 mb/sr,

    36.00 deg.: X-S =      11.644607 mb/sr,

    36.50 deg.: X-S =      11.593807 mb/sr,

    37.00 deg.: X-S =      11.508139 mb/sr,

    37.50 deg.: X-S =      11.389005 mb/sr,

    38.00 deg.: X-S =      11.238081 mb/sr,

    38.50 deg.: X-S =      11.057283 mb/sr,

    39.00 deg.: X-S =      10.848731 mb/sr,

    39.50 deg.: X-S =      10.614716 mb/sr,

    40.00 deg.: X-S =      10.357662 mb/sr,

    40.50 deg.: X-S =      10.080089 mb/sr,

    41.00 deg.: X-S =       9.784577 mb/sr,

    41.50 deg.: X-S =       9.473726 mb/sr,

    42.00 deg.: X-S =       9.150129 mb/sr,

    42.50 deg.: X-S =       8.816333 mb/sr,

    43.00 deg.: X-S =       8.474812 mb/sr,

    43.50 deg.: X-S =       8.127943 mb/sr,

    44.00 deg.: X-S =       7.777980 mb/sr,

    44.50 deg.: X-S =       7.427035 mb/sr,

    45.00 deg.: X-S =       7.077066 mb/sr,

    45.50 deg.: X-S =       6.729862 mb/sr,

    46.00 deg.: X-S =       6.387035 mb/sr,

    46.50 deg.: X-S =       6.050021 mb/sr,

    47.00 deg.: X-S =       5.720073 mb/sr,

    47.50 deg.: X-S =       5.398267 mb/sr,

    48.00 deg.: X-S =       5.085508 mb/sr,

    48.50 deg.: X-S =       4.782534 mb/sr,

    49.00 deg.: X-S =       4.489929 mb/sr,

    49.50 deg.: X-S =       4.208135 mb/sr,

    50.00 deg.: X-S =       3.937458 mb/sr,

    50.50 deg.: X-S =       3.678088 mb/sr,

    51.00 deg.: X-S =       3.430112 mb/sr,

    51.50 deg.: X-S =       3.193522 mb/sr,

    52.00 deg.: X-S =       2.968234 mb/sr,

    52.50 deg.: X-S =       2.754097 mb/sr,

    53.00 deg.: X-S =       2.550910 mb/sr,

    53.50 deg.: X-S =       2.358429 mb/sr,

    54.00 deg.: X-S =       2.176377 mb/sr,

    54.50 deg.: X-S =       2.004458 mb/sr,

    55.00 deg.: X-S =       1.842361 mb/sr,

    55.50 deg.: X-S =       1.689768 mb/sr,

    56.00 deg.: X-S =       1.546363 mb/sr,

    56.50 deg.: X-S =       1.411832 mb/sr,

    57.00 deg.: X-S =       1.285870 mb/sr,

    57.50 deg.: X-S =       1.168184 mb/sr,

    58.00 deg.: X-S =       1.058495 mb/sr,

    58.50 deg.: X-S =       0.956537 mb/sr,

    59.00 deg.: X-S =       0.862060 mb/sr,

    59.50 deg.: X-S =       0.774831 mb/sr,

    60.00 deg.: X-S =       0.694628 mb/sr,

    60.50 deg.: X-S =       0.621246 mb/sr,

    61.00 deg.: X-S =       0.554491 mb/sr,

    61.50 deg.: X-S =       0.494177 mb/sr,

    62.00 deg.: X-S =       0.440130 mb/sr,

    62.50 deg.: X-S =       0.392181 mb/sr,

    63.00 deg.: X-S =       0.350163 mb/sr,

    63.50 deg.: X-S =       0.313915 mb/sr,

    64.00 deg.: X-S =       0.283274 mb/sr,

    64.50 deg.: X-S =       0.258073 mb/sr,

    65.00 deg.: X-S =       0.238147 mb/sr,

    65.50 deg.: X-S =       0.223319 mb/sr,

    66.00 deg.: X-S =       0.213412 mb/sr,

    66.50 deg.: X-S =       0.208236 mb/sr,

    67.00 deg.: X-S =       0.207597 mb/sr,

    67.50 deg.: X-S =       0.211291 mb/sr,

    68.00 deg.: X-S =       0.219104 mb/sr,

    68.50 deg.: X-S =       0.230815 mb/sr,

    69.00 deg.: X-S =       0.246195 mb/sr,

    69.50 deg.: X-S =       0.265007 mb/sr,

    70.00 deg.: X-S =       0.287008 mb/sr,

    70.50 deg.: X-S =       0.311951 mb/sr,

    71.00 deg.: X-S =       0.339582 mb/sr,

    71.50 deg.: X-S =       0.369648 mb/sr,

    72.00 deg.: X-S =       0.401894 mb/sr,

    72.50 deg.: X-S =       0.436065 mb/sr,

    73.00 deg.: X-S =       0.471911 mb/sr,

    73.50 deg.: X-S =       0.509184 mb/sr,

    74.00 deg.: X-S =       0.547641 mb/sr,

    74.50 deg.: X-S =       0.587050 mb/sr,

    75.00 deg.: X-S =       0.627183 mb/sr,

    75.50 deg.: X-S =       0.667824 mb/sr,

    76.00 deg.: X-S =       0.708769 mb/sr,

    76.50 deg.: X-S =       0.749824 mb/sr,

    77.00 deg.: X-S =       0.790807 mb/sr,

    77.50 deg.: X-S =       0.831550 mb/sr,

    78.00 deg.: X-S =       0.871899 mb/sr,

    78.50 deg.: X-S =       0.911712 mb/sr,

    79.00 deg.: X-S =       0.950861 mb/sr,

    79.50 deg.: X-S =       0.989232 mb/sr,

    80.00 deg.: X-S =       1.026724 mb/sr,

    80.50 deg.: X-S =       1.063247 mb/sr,

    81.00 deg.: X-S =       1.098725 mb/sr,

    81.50 deg.: X-S =       1.133094 mb/sr,

    82.00 deg.: X-S =       1.166299 mb/sr,

    82.50 deg.: X-S =       1.198296 mb/sr,

    83.00 deg.: X-S =       1.229051 mb/sr,

    83.50 deg.: X-S =       1.258537 mb/sr,

    84.00 deg.: X-S =       1.286736 mb/sr,

    84.50 deg.: X-S =       1.313635 mb/sr,

    85.00 deg.: X-S =       1.339230 mb/sr,

    85.50 deg.: X-S =       1.363519 mb/sr,

    86.00 deg.: X-S =       1.386505 mb/sr,

    86.50 deg.: X-S =       1.408195 mb/sr,

    87.00 deg.: X-S =       1.428601 mb/sr,

    87.50 deg.: X-S =       1.447732 mb/sr,

    88.00 deg.: X-S =       1.465604 mb/sr,

    88.50 deg.: X-S =       1.482231 mb/sr,

    89.00 deg.: X-S =       1.497627 mb/sr,

    89.50 deg.: X-S =       1.511809 mb/sr,

    90.00 deg.: X-S =       1.524791 mb/sr,

    90.50 deg.: X-S =       1.536588 mb/sr,

    91.00 deg.: X-S =       1.547213 mb/sr,

    91.50 deg.: X-S =       1.556678 mb/sr,

    92.00 deg.: X-S =       1.564994 mb/sr,

    92.50 deg.: X-S =       1.572172 mb/sr,

    93.00 deg.: X-S =       1.578219 mb/sr,

    93.50 deg.: X-S =       1.583142 mb/sr,

    94.00 deg.: X-S =       1.586947 mb/sr,

    94.50 deg.: X-S =       1.589637 mb/sr,

    95.00 deg.: X-S =       1.591216 mb/sr,

    95.50 deg.: X-S =       1.591685 mb/sr,

    96.00 deg.: X-S =       1.591045 mb/sr,

    96.50 deg.: X-S =       1.589296 mb/sr,

    97.00 deg.: X-S =       1.586437 mb/sr,

    97.50 deg.: X-S =       1.582468 mb/sr,

    98.00 deg.: X-S =       1.577387 mb/sr,

    98.50 deg.: X-S =       1.571195 mb/sr,

    99.00 deg.: X-S =       1.563890 mb/sr,

    99.50 deg.: X-S =       1.555475 mb/sr,

   100.00 deg.: X-S =       1.545949 mb/sr,

   100.50 deg.: X-S =       1.535317 mb/sr,

   101.00 deg.: X-S =       1.523584 mb/sr,

   101.50 deg.: X-S =       1.510755 mb/sr,

   102.00 deg.: X-S =       1.496840 mb/sr,

   102.50 deg.: X-S =       1.481850 mb/sr,

   103.00 deg.: X-S =       1.465799 mb/sr,

   103.50 deg.: X-S =       1.448702 mb/sr,

   104.00 deg.: X-S =       1.430580 mb/sr,

   104.50 deg.: X-S =       1.411455 mb/sr,

   105.00 deg.: X-S =       1.391353 mb/sr,

   105.50 deg.: X-S =       1.370301 mb/sr,

   106.00 deg.: X-S =       1.348333 mb/sr,

   106.50 deg.: X-S =       1.325483 mb/sr,

   107.00 deg.: X-S =       1.301791 mb/sr,

   107.50 deg.: X-S =       1.277296 mb/sr,

   108.00 deg.: X-S =       1.252044 mb/sr,

   108.50 deg.: X-S =       1.226082 mb/sr,

   109.00 deg.: X-S =       1.199459 mb/sr,

   109.50 deg.: X-S =       1.172228 mb/sr,

   110.00 deg.: X-S =       1.144443 mb/sr,

   110.50 deg.: X-S =       1.116160 mb/sr,

   111.00 deg.: X-S =       1.087438 mb/sr,

   111.50 deg.: X-S =       1.058334 mb/sr,

   112.00 deg.: X-S =       1.028910 mb/sr,

   112.50 deg.: X-S =       0.999226 mb/sr,

   113.00 deg.: X-S =       0.969343 mb/sr,

   113.50 deg.: X-S =       0.939324 mb/sr,

   114.00 deg.: X-S =       0.909228 mb/sr,

   114.50 deg.: X-S =       0.879117 mb/sr,

   115.00 deg.: X-S =       0.849051 mb/sr,

   115.50 deg.: X-S =       0.819088 mb/sr,

   116.00 deg.: X-S =       0.789285 mb/sr,

   116.50 deg.: X-S =       0.759699 mb/sr,

   117.00 deg.: X-S =       0.730383 mb/sr,

   117.50 deg.: X-S =       0.701391 mb/sr,

   118.00 deg.: X-S =       0.672771 mb/sr,

   118.50 deg.: X-S =       0.644572 mb/sr,

   119.00 deg.: X-S =       0.616839 mb/sr,

   119.50 deg.: X-S =       0.589616 mb/sr,

   120.00 deg.: X-S =       0.562943 mb/sr,

   120.50 deg.: X-S =       0.536858 mb/sr,

   121.00 deg.: X-S =       0.511396 mb/sr,

   121.50 deg.: X-S =       0.486591 mb/sr,

   122.00 deg.: X-S =       0.462473 mb/sr,

   122.50 deg.: X-S =       0.439069 mb/sr,

   123.00 deg.: X-S =       0.416406 mb/sr,

   123.50 deg.: X-S =       0.394506 mb/sr,

   124.00 deg.: X-S =       0.373391 mb/sr,

   124.50 deg.: X-S =       0.353078 mb/sr,

   125.00 deg.: X-S =       0.333584 mb/sr,

   125.50 deg.: X-S =       0.314924 mb/sr,

   126.00 deg.: X-S =       0.297109 mb/sr,

   126.50 deg.: X-S =       0.280149 mb/sr,

   127.00 deg.: X-S =       0.264055 mb/sr,

   127.50 deg.: X-S =       0.248831 mb/sr,

   128.00 deg.: X-S =       0.234485 mb/sr,

   128.50 deg.: X-S =       0.221018 mb/sr,

   129.00 deg.: X-S =       0.208434 mb/sr,

   129.50 deg.: X-S =       0.196733 mb/sr,

   130.00 deg.: X-S =       0.185914 mb/sr,

   130.50 deg.: X-S =       0.175977 mb/sr,

   131.00 deg.: X-S =       0.166918 mb/sr,

   131.50 deg.: X-S =       0.158733 mb/sr,

   132.00 deg.: X-S =       0.151418 mb/sr,

   132.50 deg.: X-S =       0.144966 mb/sr,

   133.00 deg.: X-S =       0.139371 mb/sr,

   133.50 deg.: X-S =       0.134625 mb/sr,

   134.00 deg.: X-S =       0.130721 mb/sr,

   134.50 deg.: X-S =       0.127648 mb/sr,

   135.00 deg.: X-S =       0.125397 mb/sr,

   135.50 deg.: X-S =       0.123959 mb/sr,

   136.00 deg.: X-S =       0.123322 mb/sr,

   136.50 deg.: X-S =       0.123477 mb/sr,

   137.00 deg.: X-S =       0.124410 mb/sr,

   137.50 deg.: X-S =       0.126110 mb/sr,

   138.00 deg.: X-S =       0.128566 mb/sr,

   138.50 deg.: X-S =       0.131766 mb/sr,

   139.00 deg.: X-S =       0.135696 mb/sr,

   139.50 deg.: X-S =       0.140344 mb/sr,

   140.00 deg.: X-S =       0.145698 mb/sr,

   140.50 deg.: X-S =       0.151745 mb/sr,

   141.00 deg.: X-S =       0.158473 mb/sr,

   141.50 deg.: X-S =       0.165868 mb/sr,

   142.00 deg.: X-S =       0.173918 mb/sr,

   142.50 deg.: X-S =       0.182611 mb/sr,

   143.00 deg.: X-S =       0.191932 mb/sr,

   143.50 deg.: X-S =       0.201871 mb/sr,

   144.00 deg.: X-S =       0.212413 mb/sr,

   144.50 deg.: X-S =       0.223546 mb/sr,

   145.00 deg.: X-S =       0.235256 mb/sr,

   145.50 deg.: X-S =       0.247531 mb/sr,

   146.00 deg.: X-S =       0.260357 mb/sr,

   146.50 deg.: X-S =       0.273720 mb/sr,

   147.00 deg.: X-S =       0.287605 mb/sr,

   147.50 deg.: X-S =       0.301999 mb/sr,

   148.00 deg.: X-S =       0.316886 mb/sr,

   148.50 deg.: X-S =       0.332250 mb/sr,

   149.00 deg.: X-S =       0.348076 mb/sr,

   149.50 deg.: X-S =       0.364347 mb/sr,

   150.00 deg.: X-S =       0.381045 mb/sr,

   150.50 deg.: X-S =       0.398152 mb/sr,

   151.00 deg.: X-S =       0.415649 mb/sr,

   151.50 deg.: X-S =       0.433518 mb/sr,

   152.00 deg.: X-S =       0.451738 mb/sr,

   152.50 deg.: X-S =       0.470288 mb/sr,

   153.00 deg.: X-S =       0.489146 mb/sr,

   153.50 deg.: X-S =       0.508290 mb/sr,

   154.00 deg.: X-S =       0.527698 mb/sr,

   154.50 deg.: X-S =       0.547346 mb/sr,

   155.00 deg.: X-S =       0.567209 mb/sr,

   155.50 deg.: X-S =       0.587264 mb/sr,

   156.00 deg.: X-S =       0.607486 mb/sr,

   156.50 deg.: X-S =       0.627849 mb/sr,

   157.00 deg.: X-S =       0.648329 mb/sr,

   157.50 deg.: X-S =       0.668899 mb/sr,

   158.00 deg.: X-S =       0.689535 mb/sr,

   158.50 deg.: X-S =       0.710209 mb/sr,

   159.00 deg.: X-S =       0.730897 mb/sr,

   159.50 deg.: X-S =       0.751574 mb/sr,

   160.00 deg.: X-S =       0.772212 mb/sr,

   160.50 deg.: X-S =       0.792789 mb/sr,

   161.00 deg.: X-S =       0.813277 mb/sr,

   161.50 deg.: X-S =       0.833653 mb/sr,

   162.00 deg.: X-S =       0.853892 mb/sr,

   162.50 deg.: X-S =       0.873970 mb/sr,

   163.00 deg.: X-S =       0.893862 mb/sr,

   163.50 deg.: X-S =       0.913546 mb/sr,

   164.00 deg.: X-S =       0.932996 mb/sr,

   164.50 deg.: X-S =       0.952190 mb/sr,

   165.00 deg.: X-S =       0.971105 mb/sr,

   165.50 deg.: X-S =       0.989718 mb/sr,

   166.00 deg.: X-S =       1.008004 mb/sr,

   166.50 deg.: X-S =       1.025942 mb/sr,

   167.00 deg.: X-S =       1.043508 mb/sr,

   167.50 deg.: X-S =       1.060680 mb/sr,

   168.00 deg.: X-S =       1.077433 mb/sr,

   168.50 deg.: X-S =       1.093745 mb/sr,

   169.00 deg.: X-S =       1.109593 mb/sr,

   169.50 deg.: X-S =       1.124953 mb/sr,

   170.00 deg.: X-S =       1.139801 mb/sr,

   170.50 deg.: X-S =       1.154116 mb/sr,

   171.00 deg.: X-S =       1.167873 mb/sr,

   171.50 deg.: X-S =       1.181049 mb/sr,

   172.00 deg.: X-S =       1.193621 mb/sr,

   172.50 deg.: X-S =       1.205566 mb/sr,

   173.00 deg.: X-S =       1.216864 mb/sr,

   173.50 deg.: X-S =       1.227490 mb/sr,

   174.00 deg.: X-S =       1.237426 mb/sr,

   174.50 deg.: X-S =       1.246650 mb/sr,

   175.00 deg.: X-S =       1.255143 mb/sr,

   175.50 deg.: X-S =       1.262887 mb/sr,

   176.00 deg.: X-S =       1.269864 mb/sr,

   176.50 deg.: X-S =       1.276060 mb/sr,

   177.00 deg.: X-S =       1.281460 mb/sr,

   177.50 deg.: X-S =       1.286051 mb/sr,

   178.00 deg.: X-S =       1.289822 mb/sr,

   178.50 deg.: X-S =       1.292765 mb/sr,

   179.00 deg.: X-S =       1.294872 mb/sr,

   179.50 deg.: X-S =       1.296138 mb/sr,

   180.00 deg.: X-S =       1.296561 mb/sr,

                                           Integrated  3.6307E+01 mb, over [   0.000, 180.000] at    16.0000 MeV 

 CROSS SECTIONS FOR OUTGOING 1H       & 13C      in state #   2 with spins & parities 0.5  + &  0.5  +;  0

     0.00 deg.: X-S =   0.000000E+00 mb/sr,
+                                         REAC   0.0000E+00 mb

     0.50 deg.: X-S =   0.000000E+00 mb/sr,

     1.00 deg.: X-S =   0.000000E+00 mb/sr,

     1.50 deg.: X-S =   0.000000E+00 mb/sr,

     2.00 deg.: X-S =   0.000000E+00 mb/sr,

     2.50 deg.: X-S =   0.000000E+00 mb/sr,

     3.00 deg.: X-S =   0.000000E+00 mb/sr,

     3.50 deg.: X-S =   0.000000E+00 mb/sr,

     4.00 deg.: X-S =   0.000000E+00 mb/sr,

     4.50 deg.: X-S =   0.000000E+00 mb/sr,

     5.00 deg.: X-S =   0.000000E+00 mb/sr,

     5.50 deg.: X-S =   0.000000E+00 mb/sr,

     6.00 deg.: X-S =   0.000000E+00 mb/sr,

     6.50 deg.: X-S =   0.000000E+00 mb/sr,

     7.00 deg.: X-S =   0.000000E+00 mb/sr,

     7.50 deg.: X-S =   0.000000E+00 mb/sr,

     8.00 deg.: X-S =   0.000000E+00 mb/sr,

     8.50 deg.: X-S =   0.000000E+00 mb/sr,

     9.00 deg.: X-S =   0.000000E+00 mb/sr,

     9.50 deg.: X-S =   0.000000E+00 mb/sr,

    10.00 deg.: X-S =   0.000000E+00 mb/sr,

    10.50 deg.: X-S =   0.000000E+00 mb/sr,

    11.00 deg.: X-S =   0.000000E+00 mb/sr,

    11.50 deg.: X-S =   0.000000E+00 mb/sr,

    12.00 deg.: X-S =   0.000000E+00 mb/sr,

    12.50 deg.: X-S =   0.000000E+00 mb/sr,

    13.00 deg.: X-S =   0.000000E+00 mb/sr,

    13.50 deg.: X-S =   0.000000E+00 mb/sr,

    14.00 deg.: X-S =   0.000000E+00 mb/sr,

    14.50 deg.: X-S =   0.000000E+00 mb/sr,

    15.00 deg.: X-S =   0.000000E+00 mb/sr,

    15.50 deg.: X-S =   0.000000E+00 mb/sr,

    16.00 deg.: X-S =   0.000000E+00 mb/sr,

    16.50 deg.: X-S =   0.000000E+00 mb/sr,

    17.00 deg.: X-S =   0.000000E+00 mb/sr,

    17.50 deg.: X-S =   0.000000E+00 mb/sr,

    18.00 deg.: X-S =   0.000000E+00 mb/sr,

    18.50 deg.: X-S =   0.000000E+00 mb/sr,

    19.00 deg.: X-S =   0.000000E+00 mb/sr,

    19.50 deg.: X-S =   0.000000E+00 mb/sr,

    20.00 deg.: X-S =   0.000000E+00 mb/sr,

    20.50 deg.: X-S =   0.000000E+00 mb/sr,

    21.00 deg.: X-S =   0.000000E+00 mb/sr,

    21.50 deg.: X-S =   0.000000E+00 mb/sr,

    22.00 deg.: X-S =   0.000000E+00 mb/sr,

    22.50 deg.: X-S =   0.000000E+00 mb/sr,

    23.00 deg.: X-S =   0.000000E+00 mb/sr,

    23.50 deg.: X-S =   0.000000E+00 mb/sr,

    24.00 deg.: X-S =   0.000000E+00 mb/sr,

    24.50 deg.: X-S =   0.000000E+00 mb/sr,

    25.00 deg.: X-S =   0.000000E+00 mb/sr,

    25.50 deg.: X-S =   0.000000E+00 mb/sr,

    26.00 deg.: X-S =   0.000000E+00 mb/sr,

    26.50 deg.: X-S =   0.000000E+00 mb/sr,

    27.00 deg.: X-S =   0.000000E+00 mb/sr,

    27.50 deg.: X-S =   0.000000E+00 mb/sr,

    28.00 deg.: X-S =   0.000000E+00 mb/sr,

    28.50 deg.: X-S =   0.000000E+00 mb/sr,

    29.00 deg.: X-S =   0.000000E+00 mb/sr,

    29.50 deg.: X-S =   0.000000E+00 mb/sr,

    30.00 deg.: X-S =   0.000000E+00 mb/sr,

    30.50 deg.: X-S =   0.000000E+00 mb/sr,

    31.00 deg.: X-S =   0.000000E+00 mb/sr,

    31.50 deg.: X-S =   0.000000E+00 mb/sr,

    32.00 deg.: X-S =   0.000000E+00 mb/sr,

    32.50 deg.: X-S =   0.000000E+00 mb/sr,

    33.00 deg.: X-S =   0.000000E+00 mb/sr,

    33.50 deg.: X-S =   0.000000E+00 mb/sr,

    34.00 deg.: X-S =   0.000000E+00 mb/sr,

    34.50 deg.: X-S =   0.000000E+00 mb/sr,

    35.00 deg.: X-S =   0.000000E+00 mb/sr,

    35.50 deg.: X-S =   0.000000E+00 mb/sr,

    36.00 deg.: X-S =   0.000000E+00 mb/sr,

    36.50 deg.: X-S =   0.000000E+00 mb/sr,

    37.00 deg.: X-S =   0.000000E+00 mb/sr,

    37.50 deg.: X-S =   0.000000E+00 mb/sr,

    38.00 deg.: X-S =   0.000000E+00 mb/sr,

    38.50 deg.: X-S =   0.000000E+00 mb/sr,

    39.00 deg.: X-S =   0.000000E+00 mb/sr,

    39.50 deg.: X-S =   0.000000E+00 mb/sr,

    40.00 deg.: X-S =   0.000000E+00 mb/sr,

    40.50 deg.: X-S =   0.000000E+00 mb/sr,

    41.00 deg.: X-S =   0.000000E+00 mb/sr,

    41.50 deg.: X-S =   0.000000E+00 mb/sr,

    42.00 deg.: X-S =   0.000000E+00 mb/sr,

    42.50 deg.: X-S =   0.000000E+00 mb/sr,

    43.00 deg.: X-S =   0.000000E+00 mb/sr,

    43.50 deg.: X-S =   0.000000E+00 mb/sr,

    44.00 deg.: X-S =   0.000000E+00 mb/sr,

    44.50 deg.: X-S =   0.000000E+00 mb/sr,

    45.00 deg.: X-S =   0.000000E+00 mb/sr,

    45.50 deg.: X-S =   0.000000E+00 mb/sr,

    46.00 deg.: X-S =   0.000000E+00 mb/sr,

    46.50 deg.: X-S =   0.000000E+00 mb/sr,

    47.00 deg.: X-S =   0.000000E+00 mb/sr,

    47.50 deg.: X-S =   0.000000E+00 mb/sr,

    48.00 deg.: X-S =   0.000000E+00 mb/sr,

    48.50 deg.: X-S =   0.000000E+00 mb/sr,

    49.00 deg.: X-S =   0.000000E+00 mb/sr,

    49.50 deg.: X-S =   0.000000E+00 mb/sr,

    50.00 deg.: X-S =   0.000000E+00 mb/sr,

    50.50 deg.: X-S =   0.000000E+00 mb/sr,

    51.00 deg.: X-S =   0.000000E+00 mb/sr,

    51.50 deg.: X-S =   0.000000E+00 mb/sr,

    52.00 deg.: X-S =   0.000000E+00 mb/sr,

    52.50 deg.: X-S =   0.000000E+00 mb/sr,

    53.00 deg.: X-S =   0.000000E+00 mb/sr,

    53.50 deg.: X-S =   0.000000E+00 mb/sr,

    54.00 deg.: X-S =   0.000000E+00 mb/sr,

    54.50 deg.: X-S =   0.000000E+00 mb/sr,

    55.00 deg.: X-S =   0.000000E+00 mb/sr,

    55.50 deg.: X-S =   0.000000E+00 mb/sr,

    56.00 deg.: X-S =   0.000000E+00 mb/sr,

    56.50 deg.: X-S =   0.000000E+00 mb/sr,

    57.00 deg.: X-S =   0.000000E+00 mb/sr,

    57.50 deg.: X-S =   0.000000E+00 mb/sr,

    58.00 deg.: X-S =   0.000000E+00 mb/sr,

    58.50 deg.: X-S =   0.000000E+00 mb/sr,

    59.00 deg.: X-S =   0.000000E+00 mb/sr,

    59.50 deg.: X-S =   0.000000E+00 mb/sr,

    60.00 deg.: X-S =   0.000000E+00 mb/sr,

    60.50 deg.: X-S =   0.000000E+00 mb/sr,

    61.00 deg.: X-S =   0.000000E+00 mb/sr,

    61.50 deg.: X-S =   0.000000E+00 mb/sr,

    62.00 deg.: X-S =   0.000000E+00 mb/sr,

    62.50 deg.: X-S =   0.000000E+00 mb/sr,

    63.00 deg.: X-S =   0.000000E+00 mb/sr,

    63.50 deg.: X-S =   0.000000E+00 mb/sr,

    64.00 deg.: X-S =   0.000000E+00 mb/sr,

    64.50 deg.: X-S =   0.000000E+00 mb/sr,

    65.00 deg.: X-S =   0.000000E+00 mb/sr,

    65.50 deg.: X-S =   0.000000E+00 mb/sr,

    66.00 deg.: X-S =   0.000000E+00 mb/sr,

    66.50 deg.: X-S =   0.000000E+00 mb/sr,

    67.00 deg.: X-S =   0.000000E+00 mb/sr,

    67.50 deg.: X-S =   0.000000E+00 mb/sr,

    68.00 deg.: X-S =   0.000000E+00 mb/sr,

    68.50 deg.: X-S =   0.000000E+00 mb/sr,

    69.00 deg.: X-S =   0.000000E+00 mb/sr,

    69.50 deg.: X-S =   0.000000E+00 mb/sr,

    70.00 deg.: X-S =   0.000000E+00 mb/sr,

    70.50 deg.: X-S =   0.000000E+00 mb/sr,

    71.00 deg.: X-S =   0.000000E+00 mb/sr,

    71.50 deg.: X-S =   0.000000E+00 mb/sr,

    72.00 deg.: X-S =   0.000000E+00 mb/sr,

    72.50 deg.: X-S =   0.000000E+00 mb/sr,

    73.00 deg.: X-S =   0.000000E+00 mb/sr,

    73.50 deg.: X-S =   0.000000E+00 mb/sr,

    74.00 deg.: X-S =   0.000000E+00 mb/sr,

    74.50 deg.: X-S =   0.000000E+00 mb/sr,

    75.00 deg.: X-S =   0.000000E+00 mb/sr,

    75.50 deg.: X-S =   0.000000E+00 mb/sr,

    76.00 deg.: X-S =   0.000000E+00 mb/sr,

    76.50 deg.: X-S =   0.000000E+00 mb/sr,

    77.00 deg.: X-S =   0.000000E+00 mb/sr,

    77.50 deg.: X-S =   0.000000E+00 mb/sr,

    78.00 deg.: X-S =   0.000000E+00 mb/sr,

    78.50 deg.: X-S =   0.000000E+00 mb/sr,

    79.00 deg.: X-S =   0.000000E+00 mb/sr,

    79.50 deg.: X-S =   0.000000E+00 mb/sr,

    80.00 deg.: X-S =   0.000000E+00 mb/sr,

    80.50 deg.: X-S =   0.000000E+00 mb/sr,

    81.00 deg.: X-S =   0.000000E+00 mb/sr,

    81.50 deg.: X-S =   0.000000E+00 mb/sr,

    82.00 deg.: X-S =   0.000000E+00 mb/sr,

    82.50 deg.: X-S =   0.000000E+00 mb/sr,

    83.00 deg.: X-S =   0.000000E+00 mb/sr,

    83.50 deg.: X-S =   0.000000E+00 mb/sr,

    84.00 deg.: X-S =   0.000000E+00 mb/sr,

    84.50 deg.: X-S =   0.000000E+00 mb/sr,

    85.00 deg.: X-S =   0.000000E+00 mb/sr,

    85.50 deg.: X-S =   0.000000E+00 mb/sr,

    86.00 deg.: X-S =   0.000000E+00 mb/sr,

    86.50 deg.: X-S =   0.000000E+00 mb/sr,

    87.00 deg.: X-S =   0.000000E+00 mb/sr,

    87.50 deg.: X-S =   0.000000E+00 mb/sr,

    88.00 deg.: X-S =   0.000000E+00 mb/sr,

    88.50 deg.: X-S =   0.000000E+00 mb/sr,

    89.00 deg.: X-S =   0.000000E+00 mb/sr,

    89.50 deg.: X-S =   0.000000E+00 mb/sr,

    90.00 deg.: X-S =   0.000000E+00 mb/sr,

    90.50 deg.: X-S =   0.000000E+00 mb/sr,

    91.00 deg.: X-S =   0.000000E+00 mb/sr,

    91.50 deg.: X-S =   0.000000E+00 mb/sr,

    92.00 deg.: X-S =   0.000000E+00 mb/sr,

    92.50 deg.: X-S =   0.000000E+00 mb/sr,

    93.00 deg.: X-S =   0.000000E+00 mb/sr,

    93.50 deg.: X-S =   0.000000E+00 mb/sr,

    94.00 deg.: X-S =   0.000000E+00 mb/sr,

    94.50 deg.: X-S =   0.000000E+00 mb/sr,

    95.00 deg.: X-S =   0.000000E+00 mb/sr,

    95.50 deg.: X-S =   0.000000E+00 mb/sr,

    96.00 deg.: X-S =   0.000000E+00 mb/sr,

    96.50 deg.: X-S =   0.000000E+00 mb/sr,

    97.00 deg.: X-S =   0.000000E+00 mb/sr,

    97.50 deg.: X-S =   0.000000E+00 mb/sr,

    98.00 deg.: X-S =   0.000000E+00 mb/sr,

    98.50 deg.: X-S =   0.000000E+00 mb/sr,

    99.00 deg.: X-S =   0.000000E+00 mb/sr,

    99.50 deg.: X-S =   0.000000E+00 mb/sr,

   100.00 deg.: X-S =   0.000000E+00 mb/sr,

   100.50 deg.: X-S =   0.000000E+00 mb/sr,

   101.00 deg.: X-S =   0.000000E+00 mb/sr,

   101.50 deg.: X-S =   0.000000E+00 mb/sr,

   102.00 deg.: X-S =   0.000000E+00 mb/sr,

   102.50 deg.: X-S =   0.000000E+00 mb/sr,

   103.00 deg.: X-S =   0.000000E+00 mb/sr,

   103.50 deg.: X-S =   0.000000E+00 mb/sr,

   104.00 deg.: X-S =   0.000000E+00 mb/sr,

   104.50 deg.: X-S =   0.000000E+00 mb/sr,

   105.00 deg.: X-S =   0.000000E+00 mb/sr,

   105.50 deg.: X-S =   0.000000E+00 mb/sr,

   106.00 deg.: X-S =   0.000000E+00 mb/sr,

   106.50 deg.: X-S =   0.000000E+00 mb/sr,

   107.00 deg.: X-S =   0.000000E+00 mb/sr,

   107.50 deg.: X-S =   0.000000E+00 mb/sr,

   108.00 deg.: X-S =   0.000000E+00 mb/sr,

   108.50 deg.: X-S =   0.000000E+00 mb/sr,

   109.00 deg.: X-S =   0.000000E+00 mb/sr,

   109.50 deg.: X-S =   0.000000E+00 mb/sr,

   110.00 deg.: X-S =   0.000000E+00 mb/sr,

   110.50 deg.: X-S =   0.000000E+00 mb/sr,

   111.00 deg.: X-S =   0.000000E+00 mb/sr,

   111.50 deg.: X-S =   0.000000E+00 mb/sr,

   112.00 deg.: X-S =   0.000000E+00 mb/sr,

   112.50 deg.: X-S =   0.000000E+00 mb/sr,

   113.00 deg.: X-S =   0.000000E+00 mb/sr,

   113.50 deg.: X-S =   0.000000E+00 mb/sr,

   114.00 deg.: X-S =   0.000000E+00 mb/sr,

   114.50 deg.: X-S =   0.000000E+00 mb/sr,

   115.00 deg.: X-S =   0.000000E+00 mb/sr,

   115.50 deg.: X-S =   0.000000E+00 mb/sr,

   116.00 deg.: X-S =   0.000000E+00 mb/sr,

   116.50 deg.: X-S =   0.000000E+00 mb/sr,

   117.00 deg.: X-S =   0.000000E+00 mb/sr,

   117.50 deg.: X-S =   0.000000E+00 mb/sr,

   118.00 deg.: X-S =   0.000000E+00 mb/sr,

   118.50 deg.: X-S =   0.000000E+00 mb/sr,

   119.00 deg.: X-S =   0.000000E+00 mb/sr,

   119.50 deg.: X-S =   0.000000E+00 mb/sr,

   120.00 deg.: X-S =   0.000000E+00 mb/sr,

   120.50 deg.: X-S =   0.000000E+00 mb/sr,

   121.00 deg.: X-S =   0.000000E+00 mb/sr,

   121.50 deg.: X-S =   0.000000E+00 mb/sr,

   122.00 deg.: X-S =   0.000000E+00 mb/sr,

   122.50 deg.: X-S =   0.000000E+00 mb/sr,

   123.00 deg.: X-S =   0.000000E+00 mb/sr,

   123.50 deg.: X-S =   0.000000E+00 mb/sr,

   124.00 deg.: X-S =   0.000000E+00 mb/sr,

   124.50 deg.: X-S =   0.000000E+00 mb/sr,

   125.00 deg.: X-S =   0.000000E+00 mb/sr,

   125.50 deg.: X-S =   0.000000E+00 mb/sr,

   126.00 deg.: X-S =   0.000000E+00 mb/sr,

   126.50 deg.: X-S =   0.000000E+00 mb/sr,

   127.00 deg.: X-S =   0.000000E+00 mb/sr,

   127.50 deg.: X-S =   0.000000E+00 mb/sr,

   128.00 deg.: X-S =   0.000000E+00 mb/sr,

   128.50 deg.: X-S =   0.000000E+00 mb/sr,

   129.00 deg.: X-S =   0.000000E+00 mb/sr,

   129.50 deg.: X-S =   0.000000E+00 mb/sr,

   130.00 deg.: X-S =   0.000000E+00 mb/sr,

   130.50 deg.: X-S =   0.000000E+00 mb/sr,

   131.00 deg.: X-S =   0.000000E+00 mb/sr,

   131.50 deg.: X-S =   0.000000E+00 mb/sr,

   132.00 deg.: X-S =   0.000000E+00 mb/sr,

   132.50 deg.: X-S =   0.000000E+00 mb/sr,

   133.00 deg.: X-S =   0.000000E+00 mb/sr,

   133.50 deg.: X-S =   0.000000E+00 mb/sr,

   134.00 deg.: X-S =   0.000000E+00 mb/sr,

   134.50 deg.: X-S =   0.000000E+00 mb/sr,

   135.00 deg.: X-S =   0.000000E+00 mb/sr,

   135.50 deg.: X-S =   0.000000E+00 mb/sr,

   136.00 deg.: X-S =   0.000000E+00 mb/sr,

   136.50 deg.: X-S =   0.000000E+00 mb/sr,

   137.00 deg.: X-S =   0.000000E+00 mb/sr,

   137.50 deg.: X-S =   0.000000E+00 mb/sr,

   138.00 deg.: X-S =   0.000000E+00 mb/sr,

   138.50 deg.: X-S =   0.000000E+00 mb/sr,

   139.00 deg.: X-S =   0.000000E+00 mb/sr,

   139.50 deg.: X-S =   0.000000E+00 mb/sr,

   140.00 deg.: X-S =   0.000000E+00 mb/sr,

   140.50 deg.: X-S =   0.000000E+00 mb/sr,

   141.00 deg.: X-S =   0.000000E+00 mb/sr,

   141.50 deg.: X-S =   0.000000E+00 mb/sr,

   142.00 deg.: X-S =   0.000000E+00 mb/sr,

   142.50 deg.: X-S =   0.000000E+00 mb/sr,

   143.00 deg.: X-S =   0.000000E+00 mb/sr,

   143.50 deg.: X-S =   0.000000E+00 mb/sr,

   144.00 deg.: X-S =   0.000000E+00 mb/sr,

   144.50 deg.: X-S =   0.000000E+00 mb/sr,

   145.00 deg.: X-S =   0.000000E+00 mb/sr,

   145.50 deg.: X-S =   0.000000E+00 mb/sr,

   146.00 deg.: X-S =   0.000000E+00 mb/sr,

   146.50 deg.: X-S =   0.000000E+00 mb/sr,

   147.00 deg.: X-S =   0.000000E+00 mb/sr,

   147.50 deg.: X-S =   0.000000E+00 mb/sr,

   148.00 deg.: X-S =   0.000000E+00 mb/sr,

   148.50 deg.: X-S =   0.000000E+00 mb/sr,

   149.00 deg.: X-S =   0.000000E+00 mb/sr,

   149.50 deg.: X-S =   0.000000E+00 mb/sr,

   150.00 deg.: X-S =   0.000000E+00 mb/sr,

   150.50 deg.: X-S =   0.000000E+00 mb/sr,

   151.00 deg.: X-S =   0.000000E+00 mb/sr,

   151.50 deg.: X-S =   0.000000E+00 mb/sr,

   152.00 deg.: X-S =   0.000000E+00 mb/sr,

   152.50 deg.: X-S =   0.000000E+00 mb/sr,

   153.00 deg.: X-S =   0.000000E+00 mb/sr,

   153.50 deg.: X-S =   0.000000E+00 mb/sr,

   154.00 deg.: X-S =   0.000000E+00 mb/sr,

   154.50 deg.: X-S =   0.000000E+00 mb/sr,

   155.00 deg.: X-S =   0.000000E+00 mb/sr,

   155.50 deg.: X-S =   0.000000E+00 mb/sr,

   156.00 deg.: X-S =   0.000000E+00 mb/sr,

   156.50 deg.: X-S =   0.000000E+00 mb/sr,

   157.00 deg.: X-S =   0.000000E+00 mb/sr,

   157.50 deg.: X-S =   0.000000E+00 mb/sr,

   158.00 deg.: X-S =   0.000000E+00 mb/sr,

   158.50 deg.: X-S =   0.000000E+00 mb/sr,

   159.00 deg.: X-S =   0.000000E+00 mb/sr,

   159.50 deg.: X-S =   0.000000E+00 mb/sr,

   160.00 deg.: X-S =   0.000000E+00 mb/sr,

   160.50 deg.: X-S =   0.000000E+00 mb/sr,

   161.00 deg.: X-S =   0.000000E+00 mb/sr,

   161.50 deg.: X-S =   0.000000E+00 mb/sr,

   162.00 deg.: X-S =   0.000000E+00 mb/sr,

   162.50 deg.: X-S =   0.000000E+00 mb/sr,

   163.00 deg.: X-S =   0.000000E+00 mb/sr,

   163.50 deg.: X-S =   0.000000E+00 mb/sr,

   164.00 deg.: X-S =   0.000000E+00 mb/sr,

   164.50 deg.: X-S =   0.000000E+00 mb/sr,

   165.00 deg.: X-S =   0.000000E+00 mb/sr,

   165.50 deg.: X-S =   0.000000E+00 mb/sr,

   166.00 deg.: X-S =   0.000000E+00 mb/sr,

   166.50 deg.: X-S =   0.000000E+00 mb/sr,

   167.00 deg.: X-S =   0.000000E+00 mb/sr,

   167.50 deg.: X-S =   0.000000E+00 mb/sr,

   168.00 deg.: X-S =   0.000000E+00 mb/sr,

   168.50 deg.: X-S =   0.000000E+00 mb/sr,

   169.00 deg.: X-S =   0.000000E+00 mb/sr,

   169.50 deg.: X-S =   0.000000E+00 mb/sr,

   170.00 deg.: X-S =   0.000000E+00 mb/sr,

   170.50 deg.: X-S =   0.000000E+00 mb/sr,

   171.00 deg.: X-S =   0.000000E+00 mb/sr,

   171.50 deg.: X-S =   0.000000E+00 mb/sr,

   172.00 deg.: X-S =   0.000000E+00 mb/sr,

   172.50 deg.: X-S =   0.000000E+00 mb/sr,

   173.00 deg.: X-S =   0.000000E+00 mb/sr,

   173.50 deg.: X-S =   0.000000E+00 mb/sr,

   174.00 deg.: X-S =   0.000000E+00 mb/sr,

   174.50 deg.: X-S =   0.000000E+00 mb/sr,

   175.00 deg.: X-S =   0.000000E+00 mb/sr,

   175.50 deg.: X-S =   0.000000E+00 mb/sr,

   176.00 deg.: X-S =   0.000000E+00 mb/sr,

   176.50 deg.: X-S =   0.000000E+00 mb/sr,

   177.00 deg.: X-S =   0.000000E+00 mb/sr,

   177.50 deg.: X-S =   0.000000E+00 mb/sr,

   178.00 deg.: X-S =   0.000000E+00 mb/sr,

   178.50 deg.: X-S =   0.000000E+00 mb/sr,

   179.00 deg.: X-S =   0.000000E+00 mb/sr,

   179.50 deg.: X-S =   0.000000E+00 mb/sr,

   180.00 deg.: X-S =   0.000000E+00 mb/sr,


 CROSS SECTIONS FOR OUTGOING 1H       & 13C      in state #   3 with spins & parities 0.5  + &  0.5  +;  0

     0.00 deg.: X-S =       0.012039 mb/sr,
+                                         REAC   3.1841E-01 mb

     0.50 deg.: X-S =       0.012046 mb/sr,

     1.00 deg.: X-S =       0.012066 mb/sr,

     1.50 deg.: X-S =       0.012101 mb/sr,

     2.00 deg.: X-S =       0.012150 mb/sr,

     2.50 deg.: X-S =       0.012212 mb/sr,

     3.00 deg.: X-S =       0.012289 mb/sr,

     3.50 deg.: X-S =       0.012380 mb/sr,

     4.00 deg.: X-S =       0.012486 mb/sr,

     4.50 deg.: X-S =       0.012606 mb/sr,

     5.00 deg.: X-S =       0.012741 mb/sr,

     5.50 deg.: X-S =       0.012891 mb/sr,

     6.00 deg.: X-S =       0.013056 mb/sr,

     6.50 deg.: X-S =       0.013237 mb/sr,

     7.00 deg.: X-S =       0.013433 mb/sr,

     7.50 deg.: X-S =       0.013646 mb/sr,

     8.00 deg.: X-S =       0.013874 mb/sr,

     8.50 deg.: X-S =       0.014119 mb/sr,

     9.00 deg.: X-S =       0.014380 mb/sr,

     9.50 deg.: X-S =       0.014659 mb/sr,

    10.00 deg.: X-S =       0.014954 mb/sr,

    10.50 deg.: X-S =       0.015267 mb/sr,

    11.00 deg.: X-S =       0.015598 mb/sr,

    11.50 deg.: X-S =       0.015946 mb/sr,

    12.00 deg.: X-S =       0.016312 mb/sr,

    12.50 deg.: X-S =       0.016697 mb/sr,

    13.00 deg.: X-S =       0.017099 mb/sr,

    13.50 deg.: X-S =       0.017520 mb/sr,

    14.00 deg.: X-S =       0.017959 mb/sr,

    14.50 deg.: X-S =       0.018417 mb/sr,

    15.00 deg.: X-S =       0.018893 mb/sr,

    15.50 deg.: X-S =       0.019387 mb/sr,

    16.00 deg.: X-S =       0.019900 mb/sr,

    16.50 deg.: X-S =       0.020431 mb/sr,

    17.00 deg.: X-S =       0.020980 mb/sr,

    17.50 deg.: X-S =       0.021546 mb/sr,

    18.00 deg.: X-S =       0.022130 mb/sr,

    18.50 deg.: X-S =       0.022731 mb/sr,

    19.00 deg.: X-S =       0.023350 mb/sr,

    19.50 deg.: X-S =       0.023984 mb/sr,

    20.00 deg.: X-S =       0.024634 mb/sr,

    20.50 deg.: X-S =       0.025300 mb/sr,

    21.00 deg.: X-S =       0.025981 mb/sr,

    21.50 deg.: X-S =       0.026676 mb/sr,

    22.00 deg.: X-S =       0.027385 mb/sr,

    22.50 deg.: X-S =       0.028106 mb/sr,

    23.00 deg.: X-S =       0.028839 mb/sr,

    23.50 deg.: X-S =       0.029584 mb/sr,

    24.00 deg.: X-S =       0.030339 mb/sr,

    24.50 deg.: X-S =       0.031104 mb/sr,

    25.00 deg.: X-S =       0.031877 mb/sr,

    25.50 deg.: X-S =       0.032657 mb/sr,

    26.00 deg.: X-S =       0.033444 mb/sr,

    26.50 deg.: X-S =       0.034236 mb/sr,

    27.00 deg.: X-S =       0.035033 mb/sr,

    27.50 deg.: X-S =       0.035833 mb/sr,

    28.00 deg.: X-S =       0.036635 mb/sr,

    28.50 deg.: X-S =       0.037437 mb/sr,

    29.00 deg.: X-S =       0.038239 mb/sr,

    29.50 deg.: X-S =       0.039040 mb/sr,

    30.00 deg.: X-S =       0.039837 mb/sr,

    30.50 deg.: X-S =       0.040630 mb/sr,

    31.00 deg.: X-S =       0.041418 mb/sr,

    31.50 deg.: X-S =       0.042198 mb/sr,

    32.00 deg.: X-S =       0.042971 mb/sr,

    32.50 deg.: X-S =       0.043734 mb/sr,

    33.00 deg.: X-S =       0.044487 mb/sr,

    33.50 deg.: X-S =       0.045228 mb/sr,

    34.00 deg.: X-S =       0.045955 mb/sr,

    34.50 deg.: X-S =       0.046668 mb/sr,

    35.00 deg.: X-S =       0.047365 mb/sr,

    35.50 deg.: X-S =       0.048046 mb/sr,

    36.00 deg.: X-S =       0.048708 mb/sr,

    36.50 deg.: X-S =       0.049351 mb/sr,

    37.00 deg.: X-S =       0.049973 mb/sr,

    37.50 deg.: X-S =       0.050574 mb/sr,

    38.00 deg.: X-S =       0.051153 mb/sr,

    38.50 deg.: X-S =       0.051708 mb/sr,

    39.00 deg.: X-S =       0.052239 mb/sr,

    39.50 deg.: X-S =       0.052744 mb/sr,

    40.00 deg.: X-S =       0.053223 mb/sr,

    40.50 deg.: X-S =       0.053674 mb/sr,

    41.00 deg.: X-S =       0.054098 mb/sr,

    41.50 deg.: X-S =       0.054493 mb/sr,

    42.00 deg.: X-S =       0.054859 mb/sr,

    42.50 deg.: X-S =       0.055195 mb/sr,

    43.00 deg.: X-S =       0.055501 mb/sr,

    43.50 deg.: X-S =       0.055775 mb/sr,

    44.00 deg.: X-S =       0.056019 mb/sr,

    44.50 deg.: X-S =       0.056230 mb/sr,

    45.00 deg.: X-S =       0.056410 mb/sr,

    45.50 deg.: X-S =       0.056557 mb/sr,

    46.00 deg.: X-S =       0.056672 mb/sr,

    46.50 deg.: X-S =       0.056754 mb/sr,

    47.00 deg.: X-S =       0.056804 mb/sr,

    47.50 deg.: X-S =       0.056820 mb/sr,

    48.00 deg.: X-S =       0.056805 mb/sr,

    48.50 deg.: X-S =       0.056757 mb/sr,

    49.00 deg.: X-S =       0.056676 mb/sr,

    49.50 deg.: X-S =       0.056564 mb/sr,

    50.00 deg.: X-S =       0.056419 mb/sr,

    50.50 deg.: X-S =       0.056243 mb/sr,

    51.00 deg.: X-S =       0.056037 mb/sr,

    51.50 deg.: X-S =       0.055799 mb/sr,

    52.00 deg.: X-S =       0.055532 mb/sr,

    52.50 deg.: X-S =       0.055235 mb/sr,

    53.00 deg.: X-S =       0.054909 mb/sr,

    53.50 deg.: X-S =       0.054555 mb/sr,

    54.00 deg.: X-S =       0.054174 mb/sr,

    54.50 deg.: X-S =       0.053765 mb/sr,

    55.00 deg.: X-S =       0.053331 mb/sr,

    55.50 deg.: X-S =       0.052871 mb/sr,

    56.00 deg.: X-S =       0.052387 mb/sr,

    56.50 deg.: X-S =       0.051879 mb/sr,

    57.00 deg.: X-S =       0.051349 mb/sr,

    57.50 deg.: X-S =       0.050797 mb/sr,

    58.00 deg.: X-S =       0.050224 mb/sr,

    58.50 deg.: X-S =       0.049631 mb/sr,

    59.00 deg.: X-S =       0.049020 mb/sr,

    59.50 deg.: X-S =       0.048391 mb/sr,

    60.00 deg.: X-S =       0.047745 mb/sr,

    60.50 deg.: X-S =       0.047083 mb/sr,

    61.00 deg.: X-S =       0.046407 mb/sr,

    61.50 deg.: X-S =       0.045717 mb/sr,

    62.00 deg.: X-S =       0.045015 mb/sr,

    62.50 deg.: X-S =       0.044301 mb/sr,

    63.00 deg.: X-S =       0.043577 mb/sr,

    63.50 deg.: X-S =       0.042844 mb/sr,

    64.00 deg.: X-S =       0.042103 mb/sr,

    64.50 deg.: X-S =       0.041354 mb/sr,

    65.00 deg.: X-S =       0.040600 mb/sr,

    65.50 deg.: X-S =       0.039840 mb/sr,

    66.00 deg.: X-S =       0.039077 mb/sr,

    66.50 deg.: X-S =       0.038310 mb/sr,

    67.00 deg.: X-S =       0.037542 mb/sr,

    67.50 deg.: X-S =       0.036773 mb/sr,

    68.00 deg.: X-S =       0.036004 mb/sr,

    68.50 deg.: X-S =       0.035236 mb/sr,

    69.00 deg.: X-S =       0.034470 mb/sr,

    69.50 deg.: X-S =       0.033707 mb/sr,

    70.00 deg.: X-S =       0.032948 mb/sr,

    70.50 deg.: X-S =       0.032194 mb/sr,

    71.00 deg.: X-S =       0.031445 mb/sr,

    71.50 deg.: X-S =       0.030703 mb/sr,

    72.00 deg.: X-S =       0.029968 mb/sr,

    72.50 deg.: X-S =       0.029241 mb/sr,

    73.00 deg.: X-S =       0.028523 mb/sr,

    73.50 deg.: X-S =       0.027815 mb/sr,

    74.00 deg.: X-S =       0.027117 mb/sr,

    74.50 deg.: X-S =       0.026430 mb/sr,

    75.00 deg.: X-S =       0.025754 mb/sr,

    75.50 deg.: X-S =       0.025091 mb/sr,

    76.00 deg.: X-S =       0.024440 mb/sr,

    76.50 deg.: X-S =       0.023802 mb/sr,

    77.00 deg.: X-S =       0.023179 mb/sr,

    77.50 deg.: X-S =       0.022570 mb/sr,

    78.00 deg.: X-S =       0.021975 mb/sr,

    78.50 deg.: X-S =       0.021395 mb/sr,

    79.00 deg.: X-S =       0.020832 mb/sr,

    79.50 deg.: X-S =       0.020284 mb/sr,

    80.00 deg.: X-S =       0.019752 mb/sr,

    80.50 deg.: X-S =       0.019236 mb/sr,

    81.00 deg.: X-S =       0.018738 mb/sr,

    81.50 deg.: X-S =       0.018256 mb/sr,

    82.00 deg.: X-S =       0.017792 mb/sr,

    82.50 deg.: X-S =       0.017345 mb/sr,

    83.00 deg.: X-S =       0.016915 mb/sr,

    83.50 deg.: X-S =       0.016503 mb/sr,

    84.00 deg.: X-S =       0.016108 mb/sr,

    84.50 deg.: X-S =       0.015731 mb/sr,

    85.00 deg.: X-S =       0.015372 mb/sr,

    85.50 deg.: X-S =       0.015031 mb/sr,

    86.00 deg.: X-S =       0.014707 mb/sr,

    86.50 deg.: X-S =       0.014400 mb/sr,

    87.00 deg.: X-S =       0.014111 mb/sr,

    87.50 deg.: X-S =       0.013839 mb/sr,

    88.00 deg.: X-S =       0.013585 mb/sr,

    88.50 deg.: X-S =       0.013347 mb/sr,

    89.00 deg.: X-S =       0.013126 mb/sr,

    89.50 deg.: X-S =       0.012921 mb/sr,

    90.00 deg.: X-S =       0.012733 mb/sr,

    90.50 deg.: X-S =       0.012561 mb/sr,

    91.00 deg.: X-S =       0.012404 mb/sr,

    91.50 deg.: X-S =       0.012263 mb/sr,

    92.00 deg.: X-S =       0.012137 mb/sr,

    92.50 deg.: X-S =       0.012025 mb/sr,

    93.00 deg.: X-S =       0.011928 mb/sr,

    93.50 deg.: X-S =       0.011845 mb/sr,

    94.00 deg.: X-S =       0.011775 mb/sr,

    94.50 deg.: X-S =       0.011718 mb/sr,

    95.00 deg.: X-S =       0.011674 mb/sr,

    95.50 deg.: X-S =       0.011642 mb/sr,

    96.00 deg.: X-S =       0.011622 mb/sr,

    96.50 deg.: X-S =       0.011613 mb/sr,

    97.00 deg.: X-S =       0.011615 mb/sr,

    97.50 deg.: X-S =       0.011627 mb/sr,

    98.00 deg.: X-S =       0.011649 mb/sr,

    98.50 deg.: X-S =       0.011680 mb/sr,

    99.00 deg.: X-S =       0.011719 mb/sr,

    99.50 deg.: X-S =       0.011767 mb/sr,

   100.00 deg.: X-S =       0.011822 mb/sr,

   100.50 deg.: X-S =       0.011885 mb/sr,

   101.00 deg.: X-S =       0.011954 mb/sr,

   101.50 deg.: X-S =       0.012029 mb/sr,

   102.00 deg.: X-S =       0.012109 mb/sr,

   102.50 deg.: X-S =       0.012195 mb/sr,

   103.00 deg.: X-S =       0.012284 mb/sr,

   103.50 deg.: X-S =       0.012378 mb/sr,

   104.00 deg.: X-S =       0.012474 mb/sr,

   104.50 deg.: X-S =       0.012574 mb/sr,

   105.00 deg.: X-S =       0.012675 mb/sr,

   105.50 deg.: X-S =       0.012778 mb/sr,

   106.00 deg.: X-S =       0.012883 mb/sr,

   106.50 deg.: X-S =       0.012988 mb/sr,

   107.00 deg.: X-S =       0.013093 mb/sr,

   107.50 deg.: X-S =       0.013197 mb/sr,

   108.00 deg.: X-S =       0.013301 mb/sr,

   108.50 deg.: X-S =       0.013404 mb/sr,

   109.00 deg.: X-S =       0.013504 mb/sr,

   109.50 deg.: X-S =       0.013603 mb/sr,

   110.00 deg.: X-S =       0.013698 mb/sr,

   110.50 deg.: X-S =       0.013791 mb/sr,

   111.00 deg.: X-S =       0.013880 mb/sr,

   111.50 deg.: X-S =       0.013966 mb/sr,

   112.00 deg.: X-S =       0.014047 mb/sr,

   112.50 deg.: X-S =       0.014123 mb/sr,

   113.00 deg.: X-S =       0.014195 mb/sr,

   113.50 deg.: X-S =       0.014262 mb/sr,

   114.00 deg.: X-S =       0.014323 mb/sr,

   114.50 deg.: X-S =       0.014378 mb/sr,

   115.00 deg.: X-S =       0.014428 mb/sr,

   115.50 deg.: X-S =       0.014471 mb/sr,

   116.00 deg.: X-S =       0.014508 mb/sr,

   116.50 deg.: X-S =       0.014539 mb/sr,

   117.00 deg.: X-S =       0.014563 mb/sr,

   117.50 deg.: X-S =       0.014580 mb/sr,

   118.00 deg.: X-S =       0.014591 mb/sr,

   118.50 deg.: X-S =       0.014594 mb/sr,

   119.00 deg.: X-S =       0.014591 mb/sr,

   119.50 deg.: X-S =       0.014582 mb/sr,

   120.00 deg.: X-S =       0.014565 mb/sr,

   120.50 deg.: X-S =       0.014542 mb/sr,

   121.00 deg.: X-S =       0.014512 mb/sr,

   121.50 deg.: X-S =       0.014475 mb/sr,

   122.00 deg.: X-S =       0.014433 mb/sr,

   122.50 deg.: X-S =       0.014384 mb/sr,

   123.00 deg.: X-S =       0.014329 mb/sr,

   123.50 deg.: X-S =       0.014268 mb/sr,

   124.00 deg.: X-S =       0.014202 mb/sr,

   124.50 deg.: X-S =       0.014131 mb/sr,

   125.00 deg.: X-S =       0.014055 mb/sr,

   125.50 deg.: X-S =       0.013974 mb/sr,

   126.00 deg.: X-S =       0.013889 mb/sr,

   126.50 deg.: X-S =       0.013800 mb/sr,

   127.00 deg.: X-S =       0.013708 mb/sr,

   127.50 deg.: X-S =       0.013613 mb/sr,

   128.00 deg.: X-S =       0.013515 mb/sr,

   128.50 deg.: X-S =       0.013416 mb/sr,

   129.00 deg.: X-S =       0.013315 mb/sr,

   129.50 deg.: X-S =       0.013213 mb/sr,

   130.00 deg.: X-S =       0.013110 mb/sr,

   130.50 deg.: X-S =       0.013008 mb/sr,

   131.00 deg.: X-S =       0.012906 mb/sr,

   131.50 deg.: X-S =       0.012805 mb/sr,

   132.00 deg.: X-S =       0.012706 mb/sr,

   132.50 deg.: X-S =       0.012610 mb/sr,

   133.00 deg.: X-S =       0.012516 mb/sr,

   133.50 deg.: X-S =       0.012426 mb/sr,

   134.00 deg.: X-S =       0.012341 mb/sr,

   134.50 deg.: X-S =       0.012260 mb/sr,

   135.00 deg.: X-S =       0.012184 mb/sr,

   135.50 deg.: X-S =       0.012115 mb/sr,

   136.00 deg.: X-S =       0.012052 mb/sr,

   136.50 deg.: X-S =       0.011997 mb/sr,

   137.00 deg.: X-S =       0.011950 mb/sr,

   137.50 deg.: X-S =       0.011911 mb/sr,

   138.00 deg.: X-S =       0.011882 mb/sr,

   138.50 deg.: X-S =       0.011862 mb/sr,

   139.00 deg.: X-S =       0.011852 mb/sr,

   139.50 deg.: X-S =       0.011854 mb/sr,

   140.00 deg.: X-S =       0.011866 mb/sr,

   140.50 deg.: X-S =       0.011891 mb/sr,

   141.00 deg.: X-S =       0.011928 mb/sr,

   141.50 deg.: X-S =       0.011978 mb/sr,

   142.00 deg.: X-S =       0.012042 mb/sr,

   142.50 deg.: X-S =       0.012119 mb/sr,

   143.00 deg.: X-S =       0.012211 mb/sr,

   143.50 deg.: X-S =       0.012317 mb/sr,

   144.00 deg.: X-S =       0.012438 mb/sr,

   144.50 deg.: X-S =       0.012574 mb/sr,

   145.00 deg.: X-S =       0.012726 mb/sr,

   145.50 deg.: X-S =       0.012894 mb/sr,

   146.00 deg.: X-S =       0.013077 mb/sr,

   146.50 deg.: X-S =       0.013277 mb/sr,

   147.00 deg.: X-S =       0.013493 mb/sr,

   147.50 deg.: X-S =       0.013726 mb/sr,

   148.00 deg.: X-S =       0.013975 mb/sr,

   148.50 deg.: X-S =       0.014240 mb/sr,

   149.00 deg.: X-S =       0.014522 mb/sr,

   149.50 deg.: X-S =       0.014821 mb/sr,

   150.00 deg.: X-S =       0.015135 mb/sr,

   150.50 deg.: X-S =       0.015466 mb/sr,

   151.00 deg.: X-S =       0.015813 mb/sr,

   151.50 deg.: X-S =       0.016175 mb/sr,

   152.00 deg.: X-S =       0.016553 mb/sr,

   152.50 deg.: X-S =       0.016945 mb/sr,

   153.00 deg.: X-S =       0.017353 mb/sr,

   153.50 deg.: X-S =       0.017774 mb/sr,

   154.00 deg.: X-S =       0.018210 mb/sr,

   154.50 deg.: X-S =       0.018658 mb/sr,

   155.00 deg.: X-S =       0.019120 mb/sr,

   155.50 deg.: X-S =       0.019593 mb/sr,

   156.00 deg.: X-S =       0.020079 mb/sr,

   156.50 deg.: X-S =       0.020575 mb/sr,

   157.00 deg.: X-S =       0.021081 mb/sr,

   157.50 deg.: X-S =       0.021597 mb/sr,

   158.00 deg.: X-S =       0.022121 mb/sr,

   158.50 deg.: X-S =       0.022653 mb/sr,

   159.00 deg.: X-S =       0.023193 mb/sr,

   159.50 deg.: X-S =       0.023738 mb/sr,

   160.00 deg.: X-S =       0.024289 mb/sr,

   160.50 deg.: X-S =       0.024844 mb/sr,

   161.00 deg.: X-S =       0.025403 mb/sr,

   161.50 deg.: X-S =       0.025964 mb/sr,

   162.00 deg.: X-S =       0.026526 mb/sr,

   162.50 deg.: X-S =       0.027089 mb/sr,

   163.00 deg.: X-S =       0.027652 mb/sr,

   163.50 deg.: X-S =       0.028213 mb/sr,

   164.00 deg.: X-S =       0.028772 mb/sr,

   164.50 deg.: X-S =       0.029327 mb/sr,

   165.00 deg.: X-S =       0.029877 mb/sr,

   165.50 deg.: X-S =       0.030422 mb/sr,

   166.00 deg.: X-S =       0.030960 mb/sr,

   166.50 deg.: X-S =       0.031490 mb/sr,

   167.00 deg.: X-S =       0.032012 mb/sr,

   167.50 deg.: X-S =       0.032523 mb/sr,

   168.00 deg.: X-S =       0.033024 mb/sr,

   168.50 deg.: X-S =       0.033514 mb/sr,

   169.00 deg.: X-S =       0.033990 mb/sr,

   169.50 deg.: X-S =       0.034453 mb/sr,

   170.00 deg.: X-S =       0.034901 mb/sr,

   170.50 deg.: X-S =       0.035333 mb/sr,

   171.00 deg.: X-S =       0.035750 mb/sr,

   171.50 deg.: X-S =       0.036148 mb/sr,

   172.00 deg.: X-S =       0.036529 mb/sr,

   172.50 deg.: X-S =       0.036891 mb/sr,

   173.00 deg.: X-S =       0.037233 mb/sr,

   173.50 deg.: X-S =       0.037555 mb/sr,

   174.00 deg.: X-S =       0.037856 mb/sr,

   174.50 deg.: X-S =       0.038135 mb/sr,

   175.00 deg.: X-S =       0.038392 mb/sr,

   175.50 deg.: X-S =       0.038626 mb/sr,

   176.00 deg.: X-S =       0.038836 mb/sr,

   176.50 deg.: X-S =       0.039023 mb/sr,

   177.00 deg.: X-S =       0.039186 mb/sr,

   177.50 deg.: X-S =       0.039325 mb/sr,

   178.00 deg.: X-S =       0.039438 mb/sr,

   178.50 deg.: X-S =       0.039527 mb/sr,

   179.00 deg.: X-S =       0.039591 mb/sr,

   179.50 deg.: X-S =       0.039629 mb/sr,

   180.00 deg.: X-S =       0.039641 mb/sr,

                                           Integrated  3.1841E-01 mb, over [   0.000, 180.000] at    16.0000 MeV 

 CROSS SECTIONS FOR OUTGOING 1H       & 13C      in state #   4 with spins & parities 0.5  + &  0.5  +;  0

     0.00 deg.: X-S =       0.000112 mb/sr,
+                                         REAC   2.8621E-03 mb

     0.50 deg.: X-S =       0.000112 mb/sr,

     1.00 deg.: X-S =       0.000112 mb/sr,

     1.50 deg.: X-S =       0.000112 mb/sr,

     2.00 deg.: X-S =       0.000113 mb/sr,

     2.50 deg.: X-S =       0.000113 mb/sr,

     3.00 deg.: X-S =       0.000114 mb/sr,

     3.50 deg.: X-S =       0.000115 mb/sr,

     4.00 deg.: X-S =       0.000116 mb/sr,

     4.50 deg.: X-S =       0.000117 mb/sr,

     5.00 deg.: X-S =       0.000118 mb/sr,

     5.50 deg.: X-S =       0.000120 mb/sr,

     6.00 deg.: X-S =       0.000121 mb/sr,

     6.50 deg.: X-S =       0.000123 mb/sr,

     7.00 deg.: X-S =       0.000125 mb/sr,

     7.50 deg.: X-S =       0.000127 mb/sr,

     8.00 deg.: X-S =       0.000129 mb/sr,

     8.50 deg.: X-S =       0.000131 mb/sr,

     9.00 deg.: X-S =       0.000133 mb/sr,

     9.50 deg.: X-S =       0.000136 mb/sr,

    10.00 deg.: X-S =       0.000138 mb/sr,

    10.50 deg.: X-S =       0.000141 mb/sr,

    11.00 deg.: X-S =       0.000144 mb/sr,

    11.50 deg.: X-S =       0.000147 mb/sr,

    12.00 deg.: X-S =       0.000151 mb/sr,

    12.50 deg.: X-S =       0.000154 mb/sr,

    13.00 deg.: X-S =       0.000158 mb/sr,

    13.50 deg.: X-S =       0.000161 mb/sr,

    14.00 deg.: X-S =       0.000165 mb/sr,

    14.50 deg.: X-S =       0.000169 mb/sr,

    15.00 deg.: X-S =       0.000173 mb/sr,

    15.50 deg.: X-S =       0.000178 mb/sr,

    16.00 deg.: X-S =       0.000182 mb/sr,

    16.50 deg.: X-S =       0.000187 mb/sr,

    17.00 deg.: X-S =       0.000192 mb/sr,

    17.50 deg.: X-S =       0.000197 mb/sr,

    18.00 deg.: X-S =       0.000202 mb/sr,

    18.50 deg.: X-S =       0.000207 mb/sr,

    19.00 deg.: X-S =       0.000212 mb/sr,

    19.50 deg.: X-S =       0.000218 mb/sr,

    20.00 deg.: X-S =       0.000223 mb/sr,

    20.50 deg.: X-S =       0.000229 mb/sr,

    21.00 deg.: X-S =       0.000235 mb/sr,

    21.50 deg.: X-S =       0.000241 mb/sr,

    22.00 deg.: X-S =       0.000247 mb/sr,

    22.50 deg.: X-S =       0.000253 mb/sr,

    23.00 deg.: X-S =       0.000259 mb/sr,

    23.50 deg.: X-S =       0.000266 mb/sr,

    24.00 deg.: X-S =       0.000272 mb/sr,

    24.50 deg.: X-S =       0.000279 mb/sr,

    25.00 deg.: X-S =       0.000285 mb/sr,

    25.50 deg.: X-S =       0.000292 mb/sr,

    26.00 deg.: X-S =       0.000298 mb/sr,

    26.50 deg.: X-S =       0.000305 mb/sr,

    27.00 deg.: X-S =       0.000312 mb/sr,

    27.50 deg.: X-S =       0.000319 mb/sr,

    28.00 deg.: X-S =       0.000326 mb/sr,

    28.50 deg.: X-S =       0.000332 mb/sr,

    29.00 deg.: X-S =       0.000339 mb/sr,

    29.50 deg.: X-S =       0.000346 mb/sr,

    30.00 deg.: X-S =       0.000353 mb/sr,

    30.50 deg.: X-S =       0.000360 mb/sr,

    31.00 deg.: X-S =       0.000366 mb/sr,

    31.50 deg.: X-S =       0.000373 mb/sr,

    32.00 deg.: X-S =       0.000380 mb/sr,

    32.50 deg.: X-S =       0.000386 mb/sr,

    33.00 deg.: X-S =       0.000393 mb/sr,

    33.50 deg.: X-S =       0.000399 mb/sr,

    34.00 deg.: X-S =       0.000406 mb/sr,

    34.50 deg.: X-S =       0.000412 mb/sr,

    35.00 deg.: X-S =       0.000418 mb/sr,

    35.50 deg.: X-S =       0.000424 mb/sr,

    36.00 deg.: X-S =       0.000430 mb/sr,

    36.50 deg.: X-S =       0.000435 mb/sr,

    37.00 deg.: X-S =       0.000441 mb/sr,

    37.50 deg.: X-S =       0.000446 mb/sr,

    38.00 deg.: X-S =       0.000451 mb/sr,

    38.50 deg.: X-S =       0.000456 mb/sr,

    39.00 deg.: X-S =       0.000461 mb/sr,

    39.50 deg.: X-S =       0.000466 mb/sr,

    40.00 deg.: X-S =       0.000470 mb/sr,

    40.50 deg.: X-S =       0.000474 mb/sr,

    41.00 deg.: X-S =       0.000478 mb/sr,

    41.50 deg.: X-S =       0.000482 mb/sr,

    42.00 deg.: X-S =       0.000485 mb/sr,

    42.50 deg.: X-S =       0.000489 mb/sr,

    43.00 deg.: X-S =       0.000492 mb/sr,

    43.50 deg.: X-S =       0.000494 mb/sr,

    44.00 deg.: X-S =       0.000497 mb/sr,

    44.50 deg.: X-S =       0.000499 mb/sr,

    45.00 deg.: X-S =       0.000501 mb/sr,

    45.50 deg.: X-S =       0.000503 mb/sr,

    46.00 deg.: X-S =       0.000505 mb/sr,

    46.50 deg.: X-S =       0.000506 mb/sr,

    47.00 deg.: X-S =       0.000507 mb/sr,

    47.50 deg.: X-S =       0.000507 mb/sr,

    48.00 deg.: X-S =       0.000508 mb/sr,

    48.50 deg.: X-S =       0.000508 mb/sr,

    49.00 deg.: X-S =       0.000508 mb/sr,

    49.50 deg.: X-S =       0.000508 mb/sr,

    50.00 deg.: X-S =       0.000507 mb/sr,

    50.50 deg.: X-S =       0.000506 mb/sr,

    51.00 deg.: X-S =       0.000505 mb/sr,

    51.50 deg.: X-S =       0.000503 mb/sr,

    52.00 deg.: X-S =       0.000502 mb/sr,

    52.50 deg.: X-S =       0.000500 mb/sr,

    53.00 deg.: X-S =       0.000498 mb/sr,

    53.50 deg.: X-S =       0.000495 mb/sr,

    54.00 deg.: X-S =       0.000493 mb/sr,

    54.50 deg.: X-S =       0.000490 mb/sr,

    55.00 deg.: X-S =       0.000487 mb/sr,

    55.50 deg.: X-S =       0.000483 mb/sr,

    56.00 deg.: X-S =       0.000480 mb/sr,

    56.50 deg.: X-S =       0.000476 mb/sr,

    57.00 deg.: X-S =       0.000472 mb/sr,

    57.50 deg.: X-S =       0.000468 mb/sr,

    58.00 deg.: X-S =       0.000463 mb/sr,

    58.50 deg.: X-S =       0.000459 mb/sr,

    59.00 deg.: X-S =       0.000454 mb/sr,

    59.50 deg.: X-S =       0.000449 mb/sr,

    60.00 deg.: X-S =       0.000444 mb/sr,

    60.50 deg.: X-S =       0.000439 mb/sr,

    61.00 deg.: X-S =       0.000433 mb/sr,

    61.50 deg.: X-S =       0.000428 mb/sr,

    62.00 deg.: X-S =       0.000422 mb/sr,

    62.50 deg.: X-S =       0.000416 mb/sr,

    63.00 deg.: X-S =       0.000410 mb/sr,

    63.50 deg.: X-S =       0.000404 mb/sr,

    64.00 deg.: X-S =       0.000398 mb/sr,

    64.50 deg.: X-S =       0.000391 mb/sr,

    65.00 deg.: X-S =       0.000385 mb/sr,

    65.50 deg.: X-S =       0.000379 mb/sr,

    66.00 deg.: X-S =       0.000372 mb/sr,

    66.50 deg.: X-S =       0.000366 mb/sr,

    67.00 deg.: X-S =       0.000359 mb/sr,

    67.50 deg.: X-S =       0.000352 mb/sr,

    68.00 deg.: X-S =       0.000346 mb/sr,

    68.50 deg.: X-S =       0.000339 mb/sr,

    69.00 deg.: X-S =       0.000332 mb/sr,

    69.50 deg.: X-S =       0.000325 mb/sr,

    70.00 deg.: X-S =       0.000319 mb/sr,

    70.50 deg.: X-S =       0.000312 mb/sr,

    71.00 deg.: X-S =       0.000305 mb/sr,

    71.50 deg.: X-S =       0.000298 mb/sr,

    72.00 deg.: X-S =       0.000292 mb/sr,

    72.50 deg.: X-S =       0.000285 mb/sr,

    73.00 deg.: X-S =       0.000278 mb/sr,

    73.50 deg.: X-S =       0.000272 mb/sr,

    74.00 deg.: X-S =       0.000265 mb/sr,

    74.50 deg.: X-S =       0.000259 mb/sr,

    75.00 deg.: X-S =       0.000252 mb/sr,

    75.50 deg.: X-S =       0.000246 mb/sr,

    76.00 deg.: X-S =       0.000240 mb/sr,

    76.50 deg.: X-S =       0.000234 mb/sr,

    77.00 deg.: X-S =       0.000227 mb/sr,

    77.50 deg.: X-S =       0.000221 mb/sr,

    78.00 deg.: X-S =       0.000216 mb/sr,

    78.50 deg.: X-S =       0.000210 mb/sr,

    79.00 deg.: X-S =       0.000204 mb/sr,

    79.50 deg.: X-S =       0.000198 mb/sr,

    80.00 deg.: X-S =       0.000193 mb/sr,

    80.50 deg.: X-S =       0.000188 mb/sr,

    81.00 deg.: X-S =       0.000182 mb/sr,

    81.50 deg.: X-S =       0.000177 mb/sr,

    82.00 deg.: X-S =       0.000172 mb/sr,

    82.50 deg.: X-S =       0.000168 mb/sr,

    83.00 deg.: X-S =       0.000163 mb/sr,

    83.50 deg.: X-S =       0.000158 mb/sr,

    84.00 deg.: X-S =       0.000154 mb/sr,

    84.50 deg.: X-S =       0.000150 mb/sr,

    85.00 deg.: X-S =       0.000146 mb/sr,

    85.50 deg.: X-S =       0.000142 mb/sr,

    86.00 deg.: X-S =       0.000138 mb/sr,

    86.50 deg.: X-S =       0.000134 mb/sr,

    87.00 deg.: X-S =       0.000131 mb/sr,

    87.50 deg.: X-S =       0.000127 mb/sr,

    88.00 deg.: X-S =       0.000124 mb/sr,

    88.50 deg.: X-S =       0.000121 mb/sr,

    89.00 deg.: X-S =       0.000118 mb/sr,

    89.50 deg.: X-S =       0.000115 mb/sr,

    90.00 deg.: X-S =       0.000113 mb/sr,

    90.50 deg.: X-S =       0.000110 mb/sr,

    91.00 deg.: X-S =       0.000108 mb/sr,

    91.50 deg.: X-S =       0.000106 mb/sr,

    92.00 deg.: X-S =       0.000103 mb/sr,

    92.50 deg.: X-S =       0.000102 mb/sr,

    93.00 deg.: X-S =   9.978498E-05 mb/sr,

    93.50 deg.: X-S =   9.815382E-05 mb/sr,

    94.00 deg.: X-S =   9.665890E-05 mb/sr,

    94.50 deg.: X-S =   9.529792E-05 mb/sr,

    95.00 deg.: X-S =   9.406844E-05 mb/sr,

    95.50 deg.: X-S =   9.296785E-05 mb/sr,

    96.00 deg.: X-S =   9.199341E-05 mb/sr,

    96.50 deg.: X-S =   9.114224E-05 mb/sr,

    97.00 deg.: X-S =   9.041132E-05 mb/sr,

    97.50 deg.: X-S =   8.979751E-05 mb/sr,

    98.00 deg.: X-S =   8.929757E-05 mb/sr,

    98.50 deg.: X-S =   8.890811E-05 mb/sr,

    99.00 deg.: X-S =   8.862568E-05 mb/sr,

    99.50 deg.: X-S =   8.844671E-05 mb/sr,

   100.00 deg.: X-S =   8.836756E-05 mb/sr,

   100.50 deg.: X-S =   8.838448E-05 mb/sr,

   101.00 deg.: X-S =   8.849369E-05 mb/sr,

   101.50 deg.: X-S =   8.869131E-05 mb/sr,

   102.00 deg.: X-S =   8.897341E-05 mb/sr,

   102.50 deg.: X-S =   8.933604E-05 mb/sr,

   103.00 deg.: X-S =   8.977517E-05 mb/sr,

   103.50 deg.: X-S =   9.028676E-05 mb/sr,

   104.00 deg.: X-S =   9.086675E-05 mb/sr,

   104.50 deg.: X-S =   9.151103E-05 mb/sr,

   105.00 deg.: X-S =   9.221552E-05 mb/sr,

   105.50 deg.: X-S =   9.297612E-05 mb/sr,

   106.00 deg.: X-S =   9.378874E-05 mb/sr,

   106.50 deg.: X-S =   9.464929E-05 mb/sr,

   107.00 deg.: X-S =   9.555373E-05 mb/sr,

   107.50 deg.: X-S =   9.649802E-05 mb/sr,

   108.00 deg.: X-S =   9.747819E-05 mb/sr,

   108.50 deg.: X-S =   9.849027E-05 mb/sr,

   109.00 deg.: X-S =   9.953038E-05 mb/sr,

   109.50 deg.: X-S =       0.000101 mb/sr,

   110.00 deg.: X-S =       0.000102 mb/sr,

   110.50 deg.: X-S =       0.000103 mb/sr,

   111.00 deg.: X-S =       0.000104 mb/sr,

   111.50 deg.: X-S =       0.000105 mb/sr,

   112.00 deg.: X-S =       0.000106 mb/sr,

   112.50 deg.: X-S =       0.000107 mb/sr,

   113.00 deg.: X-S =       0.000108 mb/sr,

   113.50 deg.: X-S =       0.000110 mb/sr,

   114.00 deg.: X-S =       0.000111 mb/sr,

   114.50 deg.: X-S =       0.000112 mb/sr,

   115.00 deg.: X-S =       0.000113 mb/sr,

   115.50 deg.: X-S =       0.000114 mb/sr,

   116.00 deg.: X-S =       0.000115 mb/sr,

   116.50 deg.: X-S =       0.000116 mb/sr,

   117.00 deg.: X-S =       0.000117 mb/sr,

   117.50 deg.: X-S =       0.000118 mb/sr,

   118.00 deg.: X-S =       0.000119 mb/sr,

   118.50 deg.: X-S =       0.000120 mb/sr,

   119.00 deg.: X-S =       0.000121 mb/sr,

   119.50 deg.: X-S =       0.000122 mb/sr,

   120.00 deg.: X-S =       0.000123 mb/sr,

   120.50 deg.: X-S =       0.000124 mb/sr,

   121.00 deg.: X-S =       0.000124 mb/sr,

   121.50 deg.: X-S =       0.000125 mb/sr,

   122.00 deg.: X-S =       0.000126 mb/sr,

   122.50 deg.: X-S =       0.000126 mb/sr,

   123.00 deg.: X-S =       0.000127 mb/sr,

   123.50 deg.: X-S =       0.000128 mb/sr,

   124.00 deg.: X-S =       0.000128 mb/sr,

   124.50 deg.: X-S =       0.000129 mb/sr,

   125.00 deg.: X-S =       0.000129 mb/sr,

   125.50 deg.: X-S =       0.000130 mb/sr,

   126.00 deg.: X-S =       0.000130 mb/sr,

   126.50 deg.: X-S =       0.000131 mb/sr,

   127.00 deg.: X-S =       0.000131 mb/sr,

   127.50 deg.: X-S =       0.000131 mb/sr,

   128.00 deg.: X-S =       0.000132 mb/sr,

   128.50 deg.: X-S =       0.000132 mb/sr,

   129.00 deg.: X-S =       0.000132 mb/sr,

   129.50 deg.: X-S =       0.000132 mb/sr,

   130.00 deg.: X-S =       0.000133 mb/sr,

   130.50 deg.: X-S =       0.000133 mb/sr,

   131.00 deg.: X-S =       0.000133 mb/sr,

   131.50 deg.: X-S =       0.000133 mb/sr,

   132.00 deg.: X-S =       0.000133 mb/sr,

   132.50 deg.: X-S =       0.000133 mb/sr,

   133.00 deg.: X-S =       0.000133 mb/sr,

   133.50 deg.: X-S =       0.000134 mb/sr,

   134.00 deg.: X-S =       0.000134 mb/sr,

   134.50 deg.: X-S =       0.000134 mb/sr,

   135.00 deg.: X-S =       0.000134 mb/sr,

   135.50 deg.: X-S =       0.000134 mb/sr,

   136.00 deg.: X-S =       0.000134 mb/sr,

   136.50 deg.: X-S =       0.000134 mb/sr,

   137.00 deg.: X-S =       0.000134 mb/sr,

   137.50 deg.: X-S =       0.000134 mb/sr,

   138.00 deg.: X-S =       0.000134 mb/sr,

   138.50 deg.: X-S =       0.000134 mb/sr,

   139.00 deg.: X-S =       0.000135 mb/sr,

   139.50 deg.: X-S =       0.000135 mb/sr,

   140.00 deg.: X-S =       0.000135 mb/sr,

   140.50 deg.: X-S =       0.000135 mb/sr,

   141.00 deg.: X-S =       0.000136 mb/sr,

   141.50 deg.: X-S =       0.000136 mb/sr,

   142.00 deg.: X-S =       0.000136 mb/sr,

   142.50 deg.: X-S =       0.000137 mb/sr,

   143.00 deg.: X-S =       0.000137 mb/sr,

   143.50 deg.: X-S =       0.000137 mb/sr,

   144.00 deg.: X-S =       0.000138 mb/sr,

   144.50 deg.: X-S =       0.000138 mb/sr,

   145.00 deg.: X-S =       0.000139 mb/sr,

   145.50 deg.: X-S =       0.000140 mb/sr,

   146.00 deg.: X-S =       0.000140 mb/sr,

   146.50 deg.: X-S =       0.000141 mb/sr,

   147.00 deg.: X-S =       0.000142 mb/sr,

   147.50 deg.: X-S =       0.000143 mb/sr,

   148.00 deg.: X-S =       0.000144 mb/sr,

   148.50 deg.: X-S =       0.000145 mb/sr,

   149.00 deg.: X-S =       0.000146 mb/sr,

   149.50 deg.: X-S =       0.000147 mb/sr,

   150.00 deg.: X-S =       0.000148 mb/sr,

   150.50 deg.: X-S =       0.000149 mb/sr,

   151.00 deg.: X-S =       0.000150 mb/sr,

   151.50 deg.: X-S =       0.000151 mb/sr,

   152.00 deg.: X-S =       0.000153 mb/sr,

   152.50 deg.: X-S =       0.000154 mb/sr,

   153.00 deg.: X-S =       0.000156 mb/sr,

   153.50 deg.: X-S =       0.000157 mb/sr,

   154.00 deg.: X-S =       0.000159 mb/sr,

   154.50 deg.: X-S =       0.000160 mb/sr,

   155.00 deg.: X-S =       0.000162 mb/sr,

   155.50 deg.: X-S =       0.000164 mb/sr,

   156.00 deg.: X-S =       0.000166 mb/sr,

   156.50 deg.: X-S =       0.000167 mb/sr,

   157.00 deg.: X-S =       0.000169 mb/sr,

   157.50 deg.: X-S =       0.000171 mb/sr,

   158.00 deg.: X-S =       0.000173 mb/sr,

   158.50 deg.: X-S =       0.000175 mb/sr,

   159.00 deg.: X-S =       0.000177 mb/sr,

   159.50 deg.: X-S =       0.000179 mb/sr,

   160.00 deg.: X-S =       0.000181 mb/sr,

   160.50 deg.: X-S =       0.000183 mb/sr,

   161.00 deg.: X-S =       0.000185 mb/sr,

   161.50 deg.: X-S =       0.000187 mb/sr,

   162.00 deg.: X-S =       0.000189 mb/sr,

   162.50 deg.: X-S =       0.000191 mb/sr,

   163.00 deg.: X-S =       0.000193 mb/sr,

   163.50 deg.: X-S =       0.000195 mb/sr,

   164.00 deg.: X-S =       0.000197 mb/sr,

   164.50 deg.: X-S =       0.000199 mb/sr,

   165.00 deg.: X-S =       0.000201 mb/sr,

   165.50 deg.: X-S =       0.000203 mb/sr,

   166.00 deg.: X-S =       0.000205 mb/sr,

   166.50 deg.: X-S =       0.000207 mb/sr,

   167.00 deg.: X-S =       0.000209 mb/sr,

   167.50 deg.: X-S =       0.000211 mb/sr,

   168.00 deg.: X-S =       0.000213 mb/sr,

   168.50 deg.: X-S =       0.000215 mb/sr,

   169.00 deg.: X-S =       0.000217 mb/sr,

   169.50 deg.: X-S =       0.000219 mb/sr,

   170.00 deg.: X-S =       0.000220 mb/sr,

   170.50 deg.: X-S =       0.000222 mb/sr,

   171.00 deg.: X-S =       0.000223 mb/sr,

   171.50 deg.: X-S =       0.000225 mb/sr,

   172.00 deg.: X-S =       0.000226 mb/sr,

   172.50 deg.: X-S =       0.000228 mb/sr,

   173.00 deg.: X-S =       0.000229 mb/sr,

   173.50 deg.: X-S =       0.000230 mb/sr,

   174.00 deg.: X-S =       0.000231 mb/sr,

   174.50 deg.: X-S =       0.000232 mb/sr,

   175.00 deg.: X-S =       0.000233 mb/sr,

   175.50 deg.: X-S =       0.000234 mb/sr,

   176.00 deg.: X-S =       0.000235 mb/sr,

   176.50 deg.: X-S =       0.000236 mb/sr,

   177.00 deg.: X-S =       0.000236 mb/sr,

   177.50 deg.: X-S =       0.000237 mb/sr,

   178.00 deg.: X-S =       0.000237 mb/sr,

   178.50 deg.: X-S =       0.000238 mb/sr,

   179.00 deg.: X-S =       0.000238 mb/sr,

   179.50 deg.: X-S =       0.000238 mb/sr,

   180.00 deg.: X-S =       0.000238 mb/sr,

                                           Integrated  2.8620E-03 mb, over [   0.000, 180.000] at    16.0000 MeV 
 Finished all xsecs @    4.42997837    



 Mean components of Elastic Optical Potential generated by channel couplings of type  1

     0.200     0.0000     0.0000     0.0000     0.0000     0.0000     0.0000
     0.400     0.0000     0.0000     0.0000     0.0000     0.0000     0.0000
     0.600     0.0000     0.0000     0.0000     0.0000     0.0000     0.0000
     0.800    -2.8500     3.2733    -6.0637     0.9995     0.0376    -0.0026
     1.000    -1.5488     3.6050    -5.6582     0.9928     0.0473    -0.0038
     1.200    -0.4502     3.2993    -5.2713     0.9434     0.0390    -0.0030
     1.400     0.4452     2.5814    -4.8775     0.8463     0.0270    -0.0010
     1.600     1.2876     1.7453    -4.3588     0.7168     0.0258    -0.0000
     1.800     2.2336     0.9978    -3.7684     0.6083     0.0280    -0.0005
     2.000     3.3888     0.4440    -3.2439     0.5743     0.0215    -0.0006
     2.200     4.7674     0.1572    -2.8351     0.6258     0.0057     0.0015
     2.400     6.2131     0.2000    -2.5535     0.7256    -0.0084     0.0048
     2.600     7.2288     0.5408    -2.3438     0.7984    -0.0139     0.0074
     2.800     7.2732     1.0468    -2.2429     0.7874    -0.0174     0.0099
     3.000     6.2043     1.4990    -2.2190     0.6730    -0.0260     0.0130
     3.200     4.4792     1.7158    -2.1850     0.4636    -0.0381     0.0146
     3.400     2.7737     1.6571    -2.0688     0.1942    -0.0467     0.0122
     3.600     1.4884     1.3949    -1.8356    -0.0753    -0.0465     0.0062
     3.800     0.7126     1.0724    -1.5356    -0.2882    -0.0386    -0.0002
     4.000     0.3229     0.7807    -1.2132    -0.4055    -0.0275    -0.0038
     4.200     0.1664     0.5621    -0.9222    -0.4334    -0.0176    -0.0043
     4.400     0.1243     0.4144    -0.6868    -0.3970    -0.0107    -0.0030
     4.600     0.1296     0.2969    -0.5026    -0.3219    -0.0067    -0.0009
     4.800     0.1374     0.2325    -0.3762    -0.2437    -0.0045     0.0005
     5.000     0.1516     0.1660    -0.2840    -0.1657    -0.0036     0.0017
     5.200     0.1461     0.1297    -0.2231    -0.1068    -0.0032     0.0022
     5.400     0.1428     0.0926    -0.1806    -0.0582    -0.0031     0.0024
     5.600     0.1256     0.0710    -0.1512    -0.0271    -0.0029     0.0023
     5.800     0.1128     0.0501    -0.1304    -0.0041    -0.0028     0.0021
     6.000     0.0926     0.0375    -0.1141     0.0078    -0.0025     0.0018
     6.200     0.0817     0.0242    -0.1025     0.0164    -0.0023     0.0015
     6.400     0.0627     0.0171    -0.0911     0.0175    -0.0019     0.0012
     6.600     0.0552     0.0093    -0.0831     0.0188    -0.0016     0.0009
     6.800     0.0424     0.0047    -0.0741     0.0161    -0.0012     0.0007
     7.000     0.0372     0.0010    -0.0675     0.0140    -0.0009     0.0006
     7.200     0.0297    -0.0015    -0.0596     0.0102    -0.0006     0.0004
     7.400     0.0270    -0.0019    -0.0549     0.0070    -0.0005     0.0004
     7.600     0.0188    -0.0031    -0.0448     0.0021    -0.0003     0.0003
     7.800     0.0264     0.0030    -0.0474    -0.0018    -0.0003     0.0005
     8.000     0.0134    -0.0027    -0.0324     0.0000    -0.0001     0.0004
     8.200     0.0193     0.0107    -0.0355    -0.0155    -0.0003     0.0003
     8.400     0.0175     0.0096    -0.0304    -0.0062    -0.0002     0.0005
     8.600     0.0100     0.0026    -0.0139    -0.0173    -0.0005     0.0002
     8.800     0.0132     0.0331    -0.0313    -0.0213    -0.0004     0.0004
     9.000     0.0137     0.0123    -0.0137    -0.0159    -0.0005     0.0002
     9.200     0.0074     0.0139    -0.0070    -0.0226    -0.0006    -0.0000
     9.400     0.0085     0.0328    -0.0236    -0.0221    -0.0005     0.0003
     9.600     0.0088     0.0127    -0.0066    -0.0161    -0.0005    -0.0001
     9.800     0.0015     0.0118    -0.0014    -0.0191    -0.0005    -0.0002
    10.000     0.0091     0.0200    -0.0188    -0.0169    -0.0003     0.0003
    10.200     0.0027     0.0067    -0.0022    -0.0113    -0.0003    -0.0001
    10.400    -0.0010     0.0057     0.0009    -0.0131    -0.0004    -0.0003
    10.600     0.0077     0.0093    -0.0147    -0.0109    -0.0001     0.0005
    10.800    -0.0034     0.0002     0.0061    -0.0071    -0.0002    -0.0005
    11.000     0.0043     0.0054    -0.0103    -0.0091    -0.0001     0.0004
    11.200    -0.0010     0.0001     0.0008    -0.0041    -0.0000    -0.0002
    11.400    -0.0012     0.0002     0.0023    -0.0056    -0.0001    -0.0003
    11.600     0.0005     0.0028    -0.0057    -0.0056    -0.0001     0.0003
    11.800    -0.0012    -0.0004     0.0014    -0.0022     0.0000    -0.0001
    12.000    -0.0015    -0.0002     0.0028    -0.0032     0.0000    -0.0003
    12.200    -0.0011     0.0030    -0.0034    -0.0036    -0.0002     0.0002
    12.400    -0.0013    -0.0007     0.0044    -0.0012     0.0001    -0.0003
    12.600    -0.0010     0.0029    -0.0019    -0.0030    -0.0001     0.0001
    12.800    -0.0007     0.0008     0.0017    -0.0009     0.0000    -0.0001
    13.000    -0.0011     0.0011     0.0022    -0.0013     0.0000    -0.0002
    13.200     0.0001     0.0020    -0.0008    -0.0020    -0.0001     0.0000
    13.400    -0.0003     0.0008     0.0010    -0.0006     0.0000    -0.0001
    13.600    -0.0005     0.0008     0.0012    -0.0006     0.0000    -0.0001
    13.800     0.0004     0.0011    -0.0000    -0.0012    -0.0000     0.0000
    14.000    -0.0001     0.0005     0.0005    -0.0004     0.0000    -0.0000
    14.200    -0.0001     0.0004     0.0006    -0.0003     0.0000    -0.0000
    14.400     0.0003     0.0005     0.0002    -0.0006    -0.0000    -0.0000
    14.600     0.0000     0.0001     0.0003    -0.0002     0.0000    -0.0000
    14.800    -0.0000     0.0000     0.0004    -0.0001     0.0000    -0.0000
    15.000     0.0002     0.0001     0.0002    -0.0002     0.0000     0.0000
    15.200    -0.0001    -0.0002     0.0002     0.0001     0.0000    -0.0000
    15.400     0.0000    -0.0000     0.0002    -0.0000     0.0000     0.0000
    15.600    -0.0000    -0.0001     0.0002     0.0001     0.0000    -0.0000
    15.800    -0.0000    -0.0001     0.0001     0.0001     0.0000    -0.0000
    16.000    -0.0001    -0.0000     0.0002     0.0001     0.0000     0.0000
    16.200     0.0001    -0.0001     0.0000     0.0001     0.0000    -0.0000
    16.400    -0.0001    -0.0000     0.0001     0.0001     0.0000     0.0000
    16.600     0.0001    -0.0000     0.0000     0.0000     0.0000    -0.0000
    16.800     0.0000    -0.0000     0.0000     0.0001     0.0000     0.0000
    17.000     0.0001     0.0000     0.0000     0.0000     0.0000    -0.0000
    17.200     0.0001    -0.0000     0.0000     0.0000     0.0000     0.0000
    17.400     0.0001     0.0000     0.0000     0.0000     0.0000    -0.0000
    17.600     0.0001    -0.0000     0.0000     0.0000    -0.0000     0.0000
    17.800     0.0001     0.0000     0.0000     0.0000     0.0000     0.0000
    18.000     0.0001    -0.0000     0.0000    -0.0000    -0.0000    -0.0000
    18.200     0.0001    -0.0000     0.0000     0.0000     0.0000     0.0000
    18.400     0.0001    -0.0000     0.0000    -0.0000    -0.0000    -0.0000
    18.600     0.0001    -0.0000     0.0000    -0.0000    -0.0000    -0.0000
    18.800     0.0001    -0.0000     0.0000     0.0000    -0.0000     0.0000
    19.000     0.0000    -0.0000     0.0000    -0.0000    -0.0000    -0.0000
    19.200     0.0000     0.0000     0.0000     0.0000     0.0000     0.0000
    19.400     0.0000     0.0000     0.0000     0.0000     0.0000     0.0000
    19.600     0.0000     0.0000     0.0000     0.0000     0.0000     0.0000
    19.800     0.0000     0.0000     0.0000     0.0000     0.0000     0.0000
    20.000     0.0000     0.0000     0.0000     0.0000     0.0000     0.0000

 BPM: Using the real scalar part of the  Elastic Channel Potential

 Incident energy (cm) =  13.700. Fusion inside radius of   3.550 fm.

 L =  0, Barrier =  3.47-12.68, Peak @  7.60  3.47, Tl = 1.0000: Xsec-F =  27.789 mb
 L =  1, Barrier =  4.78-12.22, Peak @  7.00  4.78, Tl = 1.0000: Xsec-F =  83.368 mb
 L =  2, Barrier =  7.43-11.09, Peak @  6.20  7.43, Tl = 0.9999: Xsec-F = 138.935 mb
 L =  3, Barrier = 10.56 -8.92, Peak @  5.50 10.56, Tl = 0.9951: Xsec-F = 193.568 mb
 L =  4, Barrier = 15.43 -5.15, Peak @  4.70 15.43, Tl = 0.8905: Xsec-F = 222.724 mb
 L =  5, Barrier = 15.43  1.54, Turn @  0.00  4.80, Tl = 0.3215: Xsec-F =  98.275 mb
 L =  6, Barrier = 15.43 12.74, Turn @  0.00  6.20, Tl = 0.0267: Xsec-F =   9.634 mb
 L =  7, Barrier = 15.43 25.83, Turn @  0.00  7.30, Tl = 0.0016: Xsec-F =   0.676 mb
 L =  8, Barrier = 15.43 40.79, Turn @  0.00  8.20, Tl = 0.0001: Xsec-F =   0.039 mb
0Cumulative FUSION cross section by BPM (case 1)   =  0.775E+03  <L> =     3.08  <L**2> =     11.3

 BPM: Using the real scalar part of the  Elastic Channel Potential
 Including CRC local equivalent potential.

 Incident energy (cm) =  13.700. Fusion inside radius of   3.550 fm.

 L =  0, Barrier =  3.46-12.69, Peak @  7.60  3.46, Tl = 1.0000: Xsec-F =  27.789 mb
 L =  1, Barrier =  4.76-12.23, Peak @  7.00  4.76, Tl = 1.0000: Xsec-F =  83.368 mb
 L =  2, Barrier =  7.44-11.10, Peak @  6.20  7.44, Tl = 0.9999: Xsec-F = 138.935 mb
 L =  3, Barrier = 10.44 -8.94, Peak @  5.50 10.44, Tl = 0.9954: Xsec-F = 193.630 mb
 L =  4, Barrier = 15.44 -5.23, Peak @  4.80 15.44, Tl = 0.8937: Xsec-F = 223.529 mb
 L =  5, Barrier = 15.44  1.39, Turn @  0.00  4.80, Tl = 0.3400: Xsec-F = 103.929 mb
 L =  6, Barrier = 15.44 12.61, Turn @  0.00  6.20, Tl = 0.0274: Xsec-F =   9.912 mb
 L =  7, Barrier = 15.44 25.70, Turn @  0.00  7.30, Tl = 0.0017: Xsec-F =   0.692 mb
 L =  8, Barrier = 15.44 40.66, Turn @  0.00  8.20, Tl = 0.0001: Xsec-F =   0.040 mb
0Cumulative FUSION cross section by BPM (case 2)   =  0.782E+03  <L> =     3.10  <L**2> =     11.4
0Fusion at  16.000 MeV: Bare =  7.750E+02, Actual =  9.374E+02, BPM-equiv =  7.818E+02 mb

  The following files have been created:
   3:local copy of User input.            6:standard output.                   
   8:single-particle & scattering wfs.   12:transfer kernels.                  
  13:total cross sections/state.         15:local equivalent potentials.       
  16:tables of cross sections.           17:output scattering waves.           
  35:Astrophysics S-factors  / Ecm.      37:output scattering FAM amplitudes.  
  39:cross sections for each Ecm.        40:all cross sectns. for each Elab.   
  46:bs wave functions & ANC ratios.     55:Single-particle wfns.              
  56:Fusion for each Jtotal.             58:Single-particle wfns.              
  59:Single-particle vertex functions.   75:S-factors for lab energies.        
  90:average polarisation potential.     91:polarisation potl for rereading.   
 201:Separate cross sections.           202:Separate cross sections.           
 203:Separate cross sections.           204:Separate cross sections.           
 205:Separate cross sections.           206:Separate cross sections.           

 PARAMETERS : MAXQRN   MLOC  LMAX1 MCLIST     MFNL  MPWCOUP
    ALLOWED :     39     17     38     10      324        0
    REQUIRED:      3     17     22      4       56        0


 ACCURACY ANALYSIS at    16.000 MeV :

  Elastic h*k = 0.106 so OK       compared with 0.200

   Real(S-el) > 0.01 first at J =       1.0
   Real(S-el) > 0.10 first at J =       1.0
   Real(S-el) > 0.50 first at J =       4.0
   Real(S-el) > 0.90 first at J =       6.0
   Real(S-el) > 0.99 first at J =       7.0
   R-turn =    17.71 fm    at J =      18.0

 Forward-angle excitation cut off below   2.077 deg by max JT =      18.0
                              and below   1.807 deg by max R.


 1: Recommended RNL: non-local width >   8.40 cf:  20.00 fm: OK      
    Recommended CENTRE: centration   ~   0.20 cf:   0.00 fm


 2: Recommended RNL: non-local width >  16.60 cf:  20.00 fm: OK      
    Recommended CENTRE: centration   ~  -1.70 cf:   0.00 fm

 Total CPU  0 time =       4.43 seconds
