  1.0  0.0  0.5  0.5 361   1  16.00000   0.00000   3.08900
   0.0000000000000000     
  1.0167E+00  2.7950E+00  0.0000E+00  0.0000E+00  0.0000E+00  0.0000E+00
  0.0000E+00  0.0000E+00  0.0000E+00  0.0000E+00  7.1856E-01  1.9796E+00
  7.1856E-01  1.9796E+00  0.0000E+00  0.0000E+00  0.0000E+00  0.0000E+00
  0.0000E+00  0.0000E+00  0.0000E+00  0.0000E+00  1.0167E+00  2.7950E+00
  0.50000000000000000     
  1.0165E+00  2.7920E+00  1.3573E-04 -2.1423E-04 -2.2547E-03  7.8052E-05
  4.2834E-07 -1.3231E-06  1.4928E-03  1.2618E-04  7.1843E-01  1.9774E+00
  7.1843E-01  1.9774E+00 -1.4928E-03 -1.2618E-04  4.2834E-07 -1.3231E-06
  2.2547E-03 -7.8052E-05 -1.3573E-04  2.1423E-04  1.0165E+00  2.7920E+00
   1.0000000000000000     
  1.0159E+00  2.7829E+00  2.7093E-04 -4.2683E-04 -4.5079E-03  1.5614E-04
  1.7014E-06 -5.2670E-06  2.9850E-03  2.5122E-04  7.1801E-01  1.9710E+00
  7.1801E-01  1.9710E+00 -2.9850E-03 -2.5122E-04  1.7014E-06 -5.2670E-06
  4.5079E-03 -1.5614E-04 -2.7093E-04  4.2683E-04  1.0159E+00  2.7829E+00
   1.5000000000000000     
  1.0149E+00  2.7679E+00  4.0508E-04 -6.3619E-04 -6.7582E-03  2.3427E-04
  3.7837E-06 -1.1755E-05  4.4758E-03  3.7402E-04  7.1732E-01  1.9604E+00
  7.1732E-01  1.9604E+00 -4.4758E-03 -3.7402E-04  3.7837E-06 -1.1755E-05
  6.7582E-03 -2.3427E-04 -4.0508E-04  6.3619E-04  1.0149E+00  2.7679E+00
   2.0000000000000000     
  1.0135E+00  2.7470E+00  5.3767E-04 -8.4077E-04 -9.0041E-03  3.1242E-04
  6.6167E-06 -2.0663E-05  5.9646E-03  4.9355E-04  7.1633E-01  1.9457E+00
  7.1633E-01  1.9457E+00 -5.9646E-03 -4.9355E-04  6.6167E-06 -2.0663E-05
  9.0041E-03 -3.1242E-04 -5.3767E-04  8.4077E-04  1.0135E+00  2.7470E+00
   2.5000000000000000     
  1.0117E+00  2.7203E+00  6.6825E-04 -1.0391E-03 -1.1244E-02  3.9049E-04
  1.0120E-05 -3.1820E-05  7.4504E-03  6.0886E-04  7.1505E-01  1.9268E+00
  7.1505E-01  1.9268E+00 -7.4504E-03 -6.0886E-04  1.0120E-05 -3.1820E-05
  1.1244E-02 -3.9049E-04 -6.6825E-04  1.0391E-03  1.0117E+00  2.7203E+00
   3.0000000000000000     
  1.0095E+00  2.6880E+00  7.9640E-04 -1.2297E-03 -1.3476E-02  4.6829E-04
  1.4195E-05 -4.5011E-05  8.9327E-03  7.1915E-04  7.1346E-01  1.9040E+00
  7.1346E-01  1.9040E+00 -8.9327E-03 -7.1915E-04  1.4195E-05 -4.5011E-05
  1.3476E-02 -4.6829E-04 -7.9640E-04  1.2297E-03  1.0095E+00  2.6880E+00
   3.5000000000000000     
  1.0067E+00  2.6501E+00  9.2174E-04 -1.4115E-03 -1.5700E-02  5.4555E-04
  1.8724E-05 -5.9987E-05  1.0410E-02  8.2373E-04  7.1153E-01  1.8772E+00
  7.1153E-01  1.8772E+00 -1.0410E-02 -8.2373E-04  1.8724E-05 -5.9987E-05
  1.5700E-02 -5.4555E-04 -9.2174E-04  1.4115E-03  1.0067E+00  2.6501E+00
   4.0000000000000000     
  1.0035E+00  2.6070E+00  1.0440E-03 -1.5831E-03 -1.7912E-02  6.2184E-04
  2.3574E-05 -7.6463E-05  1.1882E-02  9.2213E-04  7.0926E-01  1.8467E+00
  7.0926E-01  1.8467E+00 -1.1882E-02 -9.2213E-04  2.3574E-05 -7.6463E-05
  1.7912E-02 -6.2184E-04 -1.0440E-03  1.5831E-03  1.0035E+00  2.6070E+00
   4.5000000000000000     
  9.9983E-01  2.5587E+00  1.1629E-03 -1.7438E-03 -2.0112E-02  6.9665E-04
  2.8600E-05 -9.4133E-05  1.3348E-02  1.0140E-03  7.0663E-01  1.8126E+00
  7.0663E-01  1.8126E+00 -1.3348E-02 -1.0140E-03  2.8600E-05 -9.4133E-05
  2.0112E-02 -6.9665E-04 -1.1629E-03  1.7438E-03  9.9983E-01  2.5587E+00
   5.0000000000000000     
  9.9556E-01  2.5055E+00  1.2783E-03 -1.8925E-03 -2.2298E-02  7.6931E-04
  3.3650E-05 -1.1267E-04  1.4806E-02  1.0994E-03  7.0361E-01  1.7750E+00
  7.0361E-01  1.7750E+00 -1.4806E-02 -1.0994E-03  3.3650E-05 -1.1267E-04
  2.2298E-02 -7.6931E-04 -1.2783E-03  1.8925E-03  9.9556E-01  2.5055E+00
   5.5000000000000000     
  9.9071E-01  2.4477E+00  1.3901E-03 -2.0287E-03 -2.4468E-02  8.3900E-04
  3.8564E-05 -1.3173E-04  1.6255E-02  1.1782E-03  7.0018E-01  1.7342E+00
  7.0018E-01  1.7342E+00 -1.6255E-02 -1.1782E-03  3.8564E-05 -1.3173E-04
  2.4468E-02 -8.3900E-04 -1.3901E-03  2.0287E-03  9.9071E-01  2.4477E+00
   6.0000000000000000     
  9.8526E-01  2.3855E+00  1.4983E-03 -2.1519E-03 -2.6619E-02  9.0476E-04
  4.3182E-05 -1.5098E-04  1.7694E-02  1.2509E-03  6.9631E-01  1.6902E+00
  6.9631E-01  1.6902E+00 -1.7694E-02 -1.2509E-03  4.3182E-05 -1.5098E-04
  2.6619E-02 -9.0476E-04 -1.4983E-03  2.1519E-03  9.8526E-01  2.3855E+00
   6.5000000000000000     
  9.7915E-01  2.3192E+00  1.6029E-03 -2.2617E-03 -2.8751E-02  9.6551E-04
  4.7344E-05 -1.7007E-04  1.9121E-02  1.3180E-03  6.9199E-01  1.6434E+00
  6.9199E-01  1.6434E+00 -1.9121E-02 -1.3180E-03  4.7344E-05 -1.7007E-04
  2.8751E-02 -9.6551E-04 -1.6029E-03  2.2617E-03  9.7915E-01  2.3192E+00
   7.0000000000000000     
  9.7237E-01  2.2492E+00  1.7041E-03 -2.3579E-03 -3.0861E-02  1.0200E-03
  5.0896E-05 -1.8868E-04  2.0535E-02  1.3803E-03  6.8719E-01  1.5939E+00
  6.8719E-01  1.5939E+00 -2.0535E-02 -1.3803E-03  5.0896E-05 -1.8868E-04
  3.0861E-02 -1.0200E-03 -1.7041E-03  2.3579E-03  9.7237E-01  2.2492E+00
   7.5000000000000000     
  9.6488E-01  2.1756E+00  1.8022E-03 -2.4407E-03 -3.2947E-02  1.0669E-03
  5.3691E-05 -2.0650E-04  2.1934E-02  1.4387E-03  6.8189E-01  1.5419E+00
  6.8189E-01  1.5419E+00 -2.1934E-02 -1.4387E-03  5.3691E-05 -2.0650E-04
  3.2947E-02 -1.0669E-03 -1.8022E-03  2.4407E-03  9.6488E-01  2.1756E+00
   8.0000000000000000     
  9.5664E-01  2.0989E+00  1.8973E-03 -2.5100E-03 -3.5007E-02  1.1046E-03
  5.5596E-05 -2.2325E-04  2.3317E-02  1.4943E-03  6.7607E-01  1.4876E+00
  6.7607E-01  1.4876E+00 -2.3317E-02 -1.4943E-03  5.5596E-05 -2.2325E-04
  3.5007E-02 -1.1046E-03 -1.8973E-03  2.5100E-03  9.5664E-01  2.0989E+00
   8.5000000000000000     
  9.4763E-01  2.0193E+00  1.9898E-03 -2.5662E-03 -3.7039E-02  1.1317E-03
  5.6491E-05 -2.3867E-04  2.4681E-02  1.5485E-03  6.6970E-01  1.4314E+00
  6.6970E-01  1.4314E+00 -2.4681E-02 -1.5485E-03  5.6491E-05 -2.3867E-04
  3.7039E-02 -1.1317E-03 -1.9898E-03  2.5662E-03  9.4763E-01  2.0193E+00
   9.0000000000000000     
  9.3782E-01  1.9371E+00  2.0801E-03 -2.6098E-03 -3.9040E-02  1.1465E-03
  5.6275E-05 -2.5257E-04  2.6026E-02  1.6027E-03  6.6276E-01  1.3733E+00
  6.6276E-01  1.3733E+00 -2.6026E-02 -1.6027E-03  5.6275E-05 -2.5257E-04
  3.9040E-02 -1.1465E-03 -2.0801E-03  2.6098E-03  9.3782E-01  1.9371E+00
   9.5000000000000000     
  9.2718E-01  1.8528E+00  2.1685E-03 -2.6411E-03 -4.1009E-02  1.1472E-03
  5.4864E-05 -2.6475E-04  2.7349E-02  1.6584E-03  6.5524E-01  1.3137E+00
  6.5524E-01  1.3137E+00 -2.7349E-02 -1.6584E-03  5.4864E-05 -2.6475E-04
  4.1009E-02 -1.1472E-03 -2.1685E-03  2.6411E-03  9.2718E-01  1.8528E+00
   10.000000000000000     
  9.1570E-01  1.7666E+00  2.2556E-03 -2.6609E-03 -4.2944E-02  1.1322E-03
  5.2199E-05 -2.7511E-04  2.8649E-02  1.7172E-03  6.4713E-01  1.2528E+00
  6.4713E-01  1.2528E+00 -2.8649E-02 -1.7172E-03  5.2199E-05 -2.7511E-04
  4.2944E-02 -1.1322E-03 -2.2556E-03  2.6609E-03  9.1570E-01  1.7666E+00
   10.500000000000000     
  9.0335E-01  1.6788E+00  2.3418E-03 -2.6696E-03 -4.4842E-02  1.0995E-03
  4.8241E-05 -2.8356E-04  2.9924E-02  1.7809E-03  6.3841E-01  1.1907E+00
  6.3841E-01  1.1907E+00 -2.9924E-02 -1.7809E-03  4.8241E-05 -2.8356E-04
  4.4842E-02 -1.0995E-03 -2.3418E-03  2.6696E-03  9.0335E-01  1.6788E+00
   11.000000000000000     
  8.9013E-01  1.5897E+00  2.4275E-03 -2.6681E-03 -4.6701E-02  1.0475E-03
  4.2977E-05 -2.9008E-04  3.1171E-02  1.8512E-03  6.2906E-01  1.1277E+00
  6.2906E-01  1.1277E+00 -3.1171E-02 -1.8512E-03  4.2977E-05 -2.9008E-04
  4.6701E-02 -1.0475E-03 -2.4275E-03  2.6681E-03  8.9013E-01  1.5897E+00
   11.500000000000000     
  8.7603E-01  1.4997E+00  2.5132E-03 -2.6571E-03 -4.8519E-02  9.7446E-04
  3.6416E-05 -2.9471E-04  3.2390E-02  1.9297E-03  6.1910E-01  1.0641E+00
  6.1910E-01  1.0641E+00 -3.2390E-02 -1.9297E-03  3.6416E-05 -2.9471E-04
  4.8519E-02 -9.7446E-04 -2.5132E-03  2.6571E-03  8.7603E-01  1.4997E+00
   12.000000000000000     
  8.6103E-01  1.4090E+00  2.5993E-03 -2.6371E-03 -5.0295E-02  8.7867E-04
  2.8594E-05 -2.9753E-04  3.3578E-02  2.0180E-03  6.0851E-01  1.0000E+00
  6.0851E-01  1.0000E+00 -3.3578E-02 -2.0180E-03  2.8594E-05 -2.9753E-04
  5.0295E-02 -8.7867E-04 -2.5993E-03  2.6371E-03  8.6103E-01  1.4090E+00
   12.500000000000000     
  8.4515E-01  1.3180E+00  2.6863E-03 -2.6089E-03 -5.2026E-02  7.5855E-04
  1.9567E-05 -2.9865E-04  3.4734E-02  2.1177E-03  5.9729E-01  9.3564E-01
  5.9729E-01  9.3564E-01 -3.4734E-02 -2.1177E-03  1.9567E-05 -2.9865E-04
  5.2026E-02 -7.5855E-04 -2.6863E-03  2.6089E-03  8.4515E-01  1.3180E+00
   13.000000000000000     
  8.2839E-01  1.2268E+00  2.7745E-03 -2.5730E-03 -5.3710E-02  6.1262E-04
  9.4150E-06 -2.9827E-04  3.5857E-02  2.2304E-03  5.8545E-01  8.7121E-01
  5.8545E-01  8.7121E-01 -3.5857E-02 -2.2304E-03  9.4150E-06 -2.9827E-04
  5.3710E-02 -6.1262E-04 -2.7745E-03  2.5730E-03  8.2839E-01  1.2268E+00
   13.500000000000000     
  8.1076E-01  1.1359E+00  2.8642E-03 -2.5301E-03 -5.5346E-02  4.3951E-04
 -1.7614E-06 -2.9659E-04  3.6945E-02  2.3572E-03  5.7300E-01  8.0688E-01
  5.7300E-01  8.0688E-01 -3.6945E-02 -2.3572E-03 -1.7614E-06 -2.9659E-04
  5.5346E-02 -4.3951E-04 -2.8642E-03  2.5301E-03  8.1076E-01  1.1359E+00
   14.000000000000000     
  7.9227E-01  1.0453E+00  2.9556E-03 -2.4805E-03 -5.6932E-02  2.3800E-04
 -1.3844E-05 -2.9388E-04  3.7996E-02  2.4994E-03  5.5994E-01  7.4285E-01
  5.5994E-01  7.4285E-01 -3.7996E-02 -2.4994E-03 -1.3844E-05 -2.9388E-04
  5.6932E-02 -2.3800E-04 -2.9556E-03  2.4805E-03  7.9227E-01  1.0453E+00
   14.500000000000000     
  7.7296E-01  9.5536E-01  3.0490E-03 -2.4246E-03 -5.8466E-02  7.0096E-06
 -2.6700E-05 -2.9043E-04  3.9009E-02  2.6580E-03  5.4631E-01  6.7926E-01
  5.4631E-01  6.7926E-01 -3.9009E-02 -2.6580E-03 -2.6700E-05 -2.9043E-04
  5.8466E-02 -7.0096E-06 -3.0490E-03  2.4246E-03  7.7296E-01  9.5536E-01
   15.000000000000000     
  7.5285E-01  8.6628E-01  3.1445E-03 -2.3628E-03 -5.9948E-02 -2.5435E-04
 -4.0182E-05 -2.8656E-04  3.9984E-02  2.8337E-03  5.3210E-01  6.1627E-01
  5.3210E-01  6.1627E-01 -3.9984E-02 -2.8337E-03 -4.0182E-05 -2.8656E-04
  5.9948E-02  2.5435E-04 -3.1445E-03  2.3628E-03  7.5285E-01  8.6628E-01
   15.500000000000000     
  7.3197E-01  7.7826E-01  3.2421E-03 -2.2950E-03 -6.1375E-02 -5.4681E-04
 -5.4135E-05 -2.8259E-04  4.0920E-02  3.0271E-03  5.1736E-01  5.5403E-01
  5.1736E-01  5.5403E-01 -4.0920E-02 -3.0271E-03 -5.4135E-05 -2.8259E-04
  6.1375E-02  5.4681E-04 -3.2421E-03  2.2950E-03  7.3197E-01  7.7826E-01
   16.000000000000000     
  7.1035E-01  6.9147E-01  3.3419E-03 -2.2213E-03 -6.2747E-02 -8.7092E-04
 -6.8396E-05 -2.7888E-04  4.1815E-02  3.2387E-03  5.0209E-01  4.9266E-01
  5.0209E-01  4.9266E-01 -4.1815E-02 -3.2387E-03 -6.8396E-05 -2.7888E-04
  6.2747E-02  8.7092E-04 -3.3419E-03  2.2213E-03  7.1035E-01  6.9147E-01
   16.500000000000000     
  6.8804E-01  6.0608E-01  3.4436E-03 -2.1415E-03 -6.4062E-02 -1.2270E-03
 -8.2802E-05 -2.7577E-04  4.2669E-02  3.4687E-03  4.8634E-01  4.3228E-01
  4.8634E-01  4.3228E-01 -4.2669E-02 -3.4687E-03 -8.2802E-05 -2.7577E-04
  6.4062E-02  1.2270E-03 -3.4436E-03  2.1415E-03  6.8804E-01  6.0608E-01
   17.000000000000000     
  6.6508E-01  5.2224E-01  3.5471E-03 -2.0556E-03 -6.5320E-02 -1.6154E-03
 -9.7189E-05 -2.7362E-04  4.3481E-02  3.7169E-03  4.7012E-01  3.7299E-01
  4.7012E-01  3.7299E-01 -4.3481E-02 -3.7169E-03 -9.7189E-05 -2.7362E-04
  6.5320E-02  1.6154E-03 -3.5471E-03  2.0556E-03  6.6508E-01  5.2224E-01
   17.500000000000000     
  6.4152E-01  4.4009E-01  3.6521E-03 -1.9630E-03 -6.6519E-02 -2.0359E-03
 -1.1140E-04 -2.7275E-04  4.4251E-02  3.9831E-03  4.5349E-01  3.1490E-01
  4.5349E-01  3.1490E-01 -4.4251E-02 -3.9831E-03 -1.1140E-04 -2.7275E-04
  6.6519E-02  2.0359E-03 -3.6521E-03  1.9630E-03  6.4152E-01  4.4009E-01
   18.000000000000000     
  6.1742E-01  3.5973E-01  3.7584E-03 -1.8634E-03 -6.7660E-02 -2.4884E-03
 -1.2529E-04 -2.7348E-04  4.4979E-02  4.2670E-03  4.3646E-01  2.5808E-01
  4.3646E-01  2.5808E-01 -4.4979E-02 -4.2670E-03 -1.2529E-04 -2.7348E-04
  6.7660E-02  2.4884E-03 -3.7584E-03  1.8634E-03  6.1742E-01  3.5973E-01
   18.500000000000000     
  5.9282E-01  2.8129E-01  3.8656E-03 -1.7561E-03 -6.8740E-02 -2.9727E-03
 -1.3871E-04 -2.7610E-04  4.5665E-02  4.5679E-03  4.1909E-01  2.0261E-01
  4.1909E-01  2.0261E-01 -4.5665E-02 -4.5679E-03 -1.3871E-04 -2.7610E-04
  6.8740E-02  2.9727E-03 -3.8656E-03  1.7561E-03  5.9282E-01  2.8129E-01
   19.000000000000000     
  5.6777E-01  2.0484E-01  3.9731E-03 -1.6406E-03 -6.9761E-02 -3.4883E-03
 -1.5155E-04 -2.8086E-04  4.6308E-02  4.8852E-03  4.0140E-01  1.4855E-01
  4.0140E-01  1.4855E-01 -4.6308E-02 -4.8852E-03 -1.5155E-04 -2.8086E-04
  6.9761E-02  3.4883E-03 -3.9731E-03  1.6406E-03  5.6777E-01  2.0484E-01
   19.500000000000000     
  5.4235E-01  1.3046E-01  4.0806E-03 -1.5162E-03 -7.0722E-02 -4.0346E-03
 -1.6370E-04 -2.8798E-04  4.6909E-02  5.2179E-03  3.8344E-01  9.5962E-02
  3.8344E-01  9.5962E-02 -4.6909E-02 -5.2179E-03 -1.6370E-04 -2.8798E-04
  7.0722E-02  4.0346E-03 -4.0806E-03  1.5162E-03  5.4235E-01  1.3046E-01
   20.000000000000000     
  5.1660E-01  5.8231E-02  4.1875E-03 -1.3821E-03 -7.1621E-02 -4.6108E-03
 -1.7508E-04 -2.9762E-04  4.7468E-02  5.5650E-03  3.6525E-01  4.4887E-02
  3.6525E-01  4.4887E-02 -4.7468E-02 -5.5650E-03 -1.7508E-04 -2.9762E-04
  7.1621E-02  4.6108E-03 -4.1875E-03  1.3821E-03  5.1660E-01  5.8231E-02
   20.500000000000000     
  4.9058E-01 -1.1809E-02  4.2932E-03 -1.2376E-03 -7.2459E-02 -5.2163E-03
 -1.8563E-04 -3.0991E-04  4.7985E-02  5.9256E-03  3.4688E-01 -4.6347E-03
  3.4688E-01 -4.6347E-03 -4.7985E-02 -5.9256E-03 -1.8563E-04 -3.0991E-04
  7.2459E-02  5.2163E-03 -4.2932E-03  1.2376E-03  4.9058E-01 -1.1809E-02
   21.000000000000000     
  4.6436E-01 -7.9610E-02  4.3972E-03 -1.0819E-03 -7.3237E-02 -5.8501E-03
 -1.9530E-04 -3.2491E-04  4.8460E-02  6.2985E-03  3.2835E-01 -5.2573E-02
  3.2835E-01 -5.2573E-02 -4.8460E-02 -6.2985E-03 -1.9530E-04 -3.2491E-04
  7.3237E-02  5.8501E-03 -4.3972E-03  1.0819E-03  4.6436E-01 -7.9610E-02
   21.500000000000000     
  4.3799E-01 -1.4514E-01  4.4990E-03 -9.1431E-04 -7.3953E-02 -6.5115E-03
 -2.0409E-04 -3.4264E-04  4.8894E-02  6.6825E-03  3.0972E-01 -9.8902E-02
  3.0972E-01 -9.8902E-02 -4.8894E-02 -6.6825E-03 -2.0409E-04 -3.4264E-04
  7.3953E-02  6.5115E-03 -4.4990E-03  9.1431E-04  4.3799E-01 -1.4514E-01
   22.000000000000000     
  4.1152E-01 -2.0837E-01  4.5979E-03 -7.3402E-04 -7.4608E-02 -7.1994E-03
 -2.1201E-04 -3.6307E-04  4.9287E-02  7.0767E-03  2.9103E-01 -1.4360E-01
  2.9103E-01 -1.4360E-01 -4.9287E-02 -7.0767E-03 -2.1201E-04 -3.6307E-04
  7.4608E-02  7.1994E-03 -4.5979E-03  7.3402E-04  4.1152E-01 -2.0837E-01
   22.500000000000000     
  3.8502E-01 -2.6928E-01  4.6934E-03 -5.4043E-04 -7.5201E-02 -7.9130E-03
 -2.1909E-04 -3.8609E-04  4.9639E-02  7.4799E-03  2.7230E-01 -1.8666E-01
  2.7230E-01 -1.8666E-01 -4.9639E-02 -7.4799E-03 -2.1909E-04 -3.8609E-04
  7.5201E-02  7.9130E-03 -4.6934E-03  5.4043E-04  3.8502E-01 -2.6928E-01
   23.000000000000000     
  3.5854E-01 -3.2786E-01  4.7850E-03 -3.3294E-04 -7.5733E-02 -8.6514E-03
 -2.2540E-04 -4.1158E-04  4.9951E-02  7.8911E-03  2.5359E-01 -2.2807E-01
  2.5359E-01 -2.2807E-01 -4.9951E-02 -7.8911E-03 -2.2540E-04 -4.1158E-04
  7.5733E-02  8.6514E-03 -4.7850E-03  3.3294E-04  3.5854E-01 -3.2786E-01
   23.500000000000000     
  3.3213E-01 -3.8409E-01  4.8723E-03 -1.1108E-04 -7.6204E-02 -9.4136E-03
 -2.3101E-04 -4.3932E-04  5.0223E-02  8.3093E-03  2.3493E-01 -2.6783E-01
  2.3493E-01 -2.6783E-01 -5.0223E-02 -8.3093E-03 -2.3101E-04 -4.3932E-04
  7.6204E-02  9.4136E-03 -4.8723E-03  1.1108E-04  3.3213E-01 -3.8409E-01
   24.000000000000000     
  3.0583E-01 -4.3798E-01  4.9547E-03  1.2554E-04 -7.6614E-02 -1.0199E-02
 -2.3605E-04 -4.6910E-04  5.0456E-02  8.7338E-03  2.1635E-01 -3.0592E-01
  2.1635E-01 -3.0592E-01 -5.0456E-02 -8.7338E-03 -2.3605E-04 -4.6910E-04
  7.6614E-02  1.0199E-02 -4.9547E-03 -1.2554E-04  3.0583E-01 -4.3798E-01
   24.500000000000000     
  2.7970E-01 -4.8953E-01  5.0320E-03  3.7717E-04 -7.6963E-02 -1.1006E-02
 -2.4063E-04 -5.0061E-04  5.0649E-02  9.1639E-03  1.9788E-01 -3.4236E-01
  1.9788E-01 -3.4236E-01 -5.0649E-02 -9.1639E-03 -2.4063E-04 -5.0061E-04
  7.6963E-02  1.1006E-02 -5.0320E-03 -3.7717E-04  2.7970E-01 -4.8953E-01
   25.000000000000000     
  2.5378E-01 -5.3874E-01  5.1037E-03  6.4396E-04 -7.7250E-02 -1.1836E-02
 -2.4490E-04 -5.3357E-04  5.0804E-02  9.5991E-03  1.7956E-01 -3.7713E-01
  1.7956E-01 -3.7713E-01 -5.0804E-02 -9.5991E-03 -2.4490E-04 -5.3357E-04
  7.7250E-02  1.1836E-02 -5.1037E-03 -6.4396E-04  2.5378E-01 -5.3874E-01
   25.500000000000000     
  2.2811E-01 -5.8561E-01  5.1695E-03  9.2589E-04 -7.7477E-02 -1.2686E-02
 -2.4900E-04 -5.6762E-04  5.0920E-02  1.0039E-02  1.6142E-01 -4.1026E-01
  1.6142E-01 -4.1026E-01 -5.0920E-02 -1.0039E-02 -2.4900E-04 -5.6762E-04
  7.7477E-02  1.2686E-02 -5.1695E-03 -9.2589E-04  2.2811E-01 -5.8561E-01
   26.000000000000000     
  2.0272E-01 -6.3014E-01  5.2294E-03  1.2228E-03 -7.7642E-02 -1.3556E-02
 -2.5310E-04 -6.0240E-04  5.0997E-02  1.0483E-02  1.4348E-01 -4.4173E-01
  1.4348E-01 -4.4173E-01 -5.0997E-02 -1.0483E-02 -2.5310E-04 -6.0240E-04
  7.7642E-02  1.3556E-02 -5.2294E-03 -1.2228E-03  2.0272E-01 -6.3014E-01
   26.500000000000000     
  1.7765E-01 -6.7236E-01  5.2831E-03  1.5345E-03 -7.7747E-02 -1.4447E-02
 -2.5738E-04 -6.3754E-04  5.1036E-02  1.0931E-02  1.2577E-01 -4.7157E-01
  1.2577E-01 -4.7157E-01 -5.1036E-02 -1.0931E-02 -2.5738E-04 -6.3754E-04
  7.7747E-02  1.4447E-02 -5.2831E-03 -1.5345E-03  1.7765E-01 -6.7236E-01
   27.000000000000000     
  1.5294E-01 -7.1226E-01  5.3305E-03  1.8604E-03 -7.7791E-02 -1.5357E-02
 -2.6201E-04 -6.7267E-04  5.1037E-02  1.1384E-02  1.0830E-01 -4.9976E-01
  1.0830E-01 -4.9976E-01 -5.1037E-02 -1.1384E-02 -2.6201E-04 -6.7267E-04
  7.7791E-02  1.5357E-02 -5.3305E-03 -1.8604E-03  1.5294E-01 -7.1226E-01
   27.500000000000000     
  1.2860E-01 -7.4986E-01  5.3717E-03  2.2000E-03 -7.7774E-02 -1.6287E-02
 -2.6716E-04 -7.0740E-04  5.1000E-02  1.1841E-02  9.1102E-02 -5.2633E-01
  9.1102E-02 -5.2633E-01 -5.1000E-02 -1.1841E-02 -2.6716E-04 -7.0740E-04
  7.7774E-02  1.6287E-02 -5.3717E-03 -2.2000E-03  1.2860E-01 -7.4986E-01
   28.000000000000000     
  1.0467E-01 -7.8516E-01  5.4067E-03  2.5527E-03 -7.7696E-02 -1.7236E-02
 -2.7299E-04 -7.4139E-04  5.0924E-02  1.2303E-02  7.4188E-02 -5.5128E-01
  7.4188E-02 -5.5128E-01 -5.0924E-02 -1.2303E-02 -2.7299E-04 -7.4139E-04
  7.7696E-02  1.7236E-02 -5.4067E-03 -2.5527E-03  1.0467E-01 -7.8516E-01
   28.500000000000000     
  8.1160E-02 -8.1819E-01  5.4354E-03  2.9176E-03 -7.7557E-02 -1.8204E-02
 -2.7967E-04 -7.7428E-04  5.0810E-02  1.2771E-02  5.7574E-02 -5.7462E-01
  5.7574E-02 -5.7462E-01 -5.0810E-02 -1.2771E-02 -2.7967E-04 -7.7428E-04
  7.7557E-02  1.8204E-02 -5.4354E-03 -2.9176E-03  8.1160E-02 -8.1819E-01
   29.000000000000000     
  5.8092E-02 -8.4894E-01  5.4582E-03  3.2939E-03 -7.7357E-02 -1.9191E-02
 -2.8733E-04 -8.0577E-04  5.0658E-02  1.3244E-02  4.1272E-02 -5.9636E-01
  4.1272E-02 -5.9636E-01 -5.0658E-02 -1.3244E-02 -2.8733E-04 -8.0577E-04
  7.7357E-02  1.9191E-02 -5.4582E-03 -3.2939E-03  5.8092E-02 -8.4894E-01
   29.500000000000000     
  3.5480E-02 -8.7744E-01  5.4752E-03  3.6805E-03 -7.7097E-02 -2.0197E-02
 -2.9611E-04 -8.3556E-04  5.0468E-02  1.3724E-02  2.5293E-02 -6.1650E-01
  2.5293E-02 -6.1650E-01 -5.0468E-02 -1.3724E-02 -2.9611E-04 -8.3556E-04
  7.7097E-02  2.0197E-02 -5.4752E-03 -3.6805E-03  3.5480E-02 -8.7744E-01
   30.000000000000000     
  1.3337E-02 -9.0370E-01  5.4865E-03  4.0764E-03 -7.6776E-02 -2.1222E-02
 -3.0612E-04 -8.6343E-04  5.0239E-02  1.4212E-02  9.6460E-03 -6.3505E-01
  9.6460E-03 -6.3505E-01 -5.0239E-02 -1.4212E-02 -3.0612E-04 -8.6343E-04
  7.6776E-02  2.1222E-02 -5.4865E-03 -4.0764E-03  1.3337E-02 -9.0370E-01
   30.500000000000000     
 -8.3257E-03 -9.2773E-01  5.4924E-03  4.4805E-03 -7.6394E-02 -2.2265E-02
 -3.1745E-04 -8.8917E-04  4.9972E-02  1.4707E-02 -5.6611E-03 -6.5204E-01
 -5.6611E-03 -6.5204E-01 -4.9972E-02 -1.4707E-02 -3.1745E-04 -8.8917E-04
  7.6394E-02  2.2265E-02 -5.4924E-03 -4.4805E-03 -8.3257E-03 -9.2773E-01
   31.000000000000000     
 -2.9501E-02 -9.4955E-01  5.4931E-03  4.8917E-03 -7.5952E-02 -2.3328E-02
 -3.3016E-04 -9.1263E-04  4.9666E-02  1.5211E-02 -2.0623E-02 -6.6746E-01
 -2.0623E-02 -6.6746E-01 -4.9666E-02 -1.5211E-02 -3.3016E-04 -9.1263E-04
  7.5952E-02  2.3328E-02 -5.4931E-03 -4.8917E-03 -2.9501E-02 -9.4955E-01
   31.500000000000000     
 -5.0182E-02 -9.6918E-01  5.4890E-03  5.3088E-03 -7.5450E-02 -2.4409E-02
 -3.4429E-04 -9.3373E-04  4.9321E-02  1.5725E-02 -3.5235E-02 -6.8134E-01
 -3.5235E-02 -6.8134E-01 -4.9321E-02 -1.5725E-02 -3.4429E-04 -9.3373E-04
  7.5450E-02  2.4409E-02 -5.4890E-03 -5.3088E-03 -5.0182E-02 -9.6918E-01
   32.000000000000000     
 -7.0365E-02 -9.8664E-01  5.4802E-03  5.7306E-03 -7.4887E-02 -2.5509E-02
 -3.5986E-04 -9.5241E-04  4.8938E-02  1.6249E-02 -4.9493E-02 -6.9368E-01
 -4.9493E-02 -6.9368E-01 -4.8938E-02 -1.6249E-02 -3.5986E-04 -9.5241E-04
  7.4887E-02  2.5509E-02 -5.4802E-03 -5.7306E-03 -7.0365E-02 -9.8664E-01
   32.500000000000000     
 -9.0045E-02 -1.0019E+00  5.4670E-03  6.1560E-03 -7.4265E-02 -2.6628E-02
 -3.7686E-04 -9.6870E-04  4.8517E-02  1.6784E-02 -6.3396E-02 -7.0451E-01
 -6.3396E-02 -7.0451E-01 -4.8517E-02 -1.6784E-02 -3.7686E-04 -9.6870E-04
  7.4265E-02  2.6628E-02 -5.4670E-03 -6.1560E-03 -9.0045E-02 -1.0019E+00
   33.000000000000000     
 -1.0922E-01 -1.0151E+00  5.4496E-03  6.5840E-03 -7.3584E-02 -2.7765E-02
 -3.9525E-04 -9.8265E-04  4.8057E-02  1.7330E-02 -7.6942E-02 -7.1384E-01
 -7.6942E-02 -7.1384E-01 -4.8057E-02 -1.7330E-02 -3.9525E-04 -9.8265E-04
  7.3584E-02  2.7765E-02 -5.4496E-03 -6.5840E-03 -1.0922E-01 -1.0151E+00
   33.500000000000000     
 -1.2789E-01 -1.0262E+00  5.4282E-03  7.0136E-03 -7.2844E-02 -2.8920E-02
 -4.1496E-04 -9.9439E-04  4.7559E-02  1.7889E-02 -9.0129E-02 -7.2169E-01
 -9.0129E-02 -7.2169E-01 -4.7559E-02 -1.7889E-02 -4.1496E-04 -9.9439E-04
  7.2844E-02  2.8920E-02 -5.4282E-03 -7.0136E-03 -1.2789E-01 -1.0262E+00
   34.000000000000000     
 -1.4605E-01 -1.0353E+00  5.4030E-03  7.4438E-03 -7.2045E-02 -3.0092E-02
 -4.3592E-04 -1.0041E-03  4.7022E-02  1.8459E-02 -1.0296E-01 -7.2809E-01
 -1.0296E-01 -7.2809E-01 -4.7022E-02 -1.8459E-02 -4.3592E-04 -1.0041E-03
  7.2045E-02  3.0092E-02 -5.4030E-03 -7.4438E-03 -1.4605E-01 -1.0353E+00
   34.500000000000000     
 -1.6371E-01 -1.0423E+00  5.3741E-03  7.8737E-03 -7.1188E-02 -3.1282E-02
 -4.5802E-04 -1.0119E-03  4.6449E-02  1.9043E-02 -1.1543E-01 -7.3306E-01
 -1.1543E-01 -7.3306E-01 -4.6449E-02 -1.9043E-02 -4.5802E-04 -1.0119E-03
  7.1188E-02  3.1282E-02 -5.3741E-03 -7.8737E-03 -1.6371E-01 -1.0423E+00
   35.000000000000000     
 -1.8086E-01 -1.0473E+00  5.3415E-03  8.3026E-03 -7.0275E-02 -3.2488E-02
 -4.8111E-04 -1.0182E-03  4.5838E-02  1.9638E-02 -1.2753E-01 -7.3664E-01
 -1.2753E-01 -7.3664E-01 -4.5838E-02 -1.9638E-02 -4.8111E-04 -1.0182E-03
  7.0275E-02  3.2488E-02 -5.3415E-03 -8.3026E-03 -1.8086E-01 -1.0473E+00
   35.500000000000000     
 -1.9749E-01 -1.0504E+00  5.3054E-03  8.7299E-03 -6.9305E-02 -3.3709E-02
 -5.0508E-04 -1.0231E-03  4.5190E-02  2.0247E-02 -1.3928E-01 -7.3885E-01
 -1.3928E-01 -7.3885E-01 -4.5190E-02 -2.0247E-02 -5.0508E-04 -1.0231E-03
  6.9305E-02  3.3709E-02 -5.3054E-03 -8.7299E-03 -1.9749E-01 -1.0504E+00
   36.000000000000000     
 -2.1362E-01 -1.0516E+00  5.2657E-03  9.1549E-03 -6.8279E-02 -3.4945E-02
 -5.2974E-04 -1.0271E-03  4.4507E-02  2.0867E-02 -1.5067E-01 -7.3972E-01
 -1.5067E-01 -7.3972E-01 -4.4507E-02 -2.0867E-02 -5.2974E-04 -1.0271E-03
  6.8279E-02  3.4945E-02 -5.2657E-03 -9.1549E-03 -2.1362E-01 -1.0516E+00
   36.500000000000000     
 -2.2924E-01 -1.0510E+00  5.2224E-03  9.5772E-03 -6.7200E-02 -3.6195E-02
 -5.5495E-04 -1.0304E-03  4.3788E-02  2.1499E-02 -1.6170E-01 -7.3930E-01
 -1.6170E-01 -7.3930E-01 -4.3788E-02 -2.1499E-02 -5.5495E-04 -1.0304E-03
  6.7200E-02  3.6195E-02 -5.2224E-03 -9.5772E-03 -2.2924E-01 -1.0510E+00
   37.000000000000000     
 -2.4434E-01 -1.0486E+00  5.1753E-03  9.9965E-03 -6.6066E-02 -3.7457E-02
 -5.8052E-04 -1.0333E-03  4.3035E-02  2.2142E-02 -1.7236E-01 -7.3763E-01
 -1.7236E-01 -7.3763E-01 -4.3035E-02 -2.2142E-02 -5.8052E-04 -1.0333E-03
  6.6066E-02  3.7457E-02 -5.1753E-03 -9.9965E-03 -2.4434E-01 -1.0486E+00
   37.500000000000000     
 -2.5893E-01 -1.0445E+00  5.1243E-03  1.0413E-02 -6.4881E-02 -3.8730E-02
 -6.0628E-04 -1.0362E-03  4.2249E-02  2.2795E-02 -1.8266E-01 -7.3474E-01
 -1.8266E-01 -7.3474E-01 -4.2249E-02 -2.2795E-02 -6.0628E-04 -1.0362E-03
  6.4881E-02  3.8730E-02 -5.1243E-03 -1.0413E-02 -2.5893E-01 -1.0445E+00
   38.000000000000000     
 -2.7300E-01 -1.0388E+00  5.0693E-03  1.0825E-02 -6.3644E-02 -4.0013E-02
 -6.3206E-04 -1.0395E-03  4.1429E-02  2.3458E-02 -1.9259E-01 -7.3070E-01
 -1.9259E-01 -7.3070E-01 -4.1429E-02 -2.3458E-02 -6.3206E-04 -1.0395E-03
  6.3644E-02  4.0013E-02 -5.0693E-03 -1.0825E-02 -2.7300E-01 -1.0388E+00
   38.500000000000000     
 -2.8655E-01 -1.0314E+00  5.0101E-03  1.1234E-02 -6.2358E-02 -4.1305E-02
 -6.5769E-04 -1.0433E-03  4.0579E-02  2.4130E-02 -2.0216E-01 -7.2554E-01
 -2.0216E-01 -7.2554E-01 -4.0579E-02 -2.4130E-02 -6.5769E-04 -1.0433E-03
  6.2358E-02  4.1305E-02 -5.0101E-03 -1.1234E-02 -2.8655E-01 -1.0314E+00
   39.000000000000000     
 -2.9957E-01 -1.0226E+00  4.9463E-03  1.1640E-02 -6.1024E-02 -4.2603E-02
 -6.8301E-04 -1.0482E-03  3.9698E-02  2.4808E-02 -2.1135E-01 -7.1932E-01
 -2.1135E-01 -7.1932E-01 -3.9698E-02 -2.4808E-02 -6.8301E-04 -1.0482E-03
  6.1024E-02  4.2603E-02 -4.9463E-03 -1.1640E-02 -2.9957E-01 -1.0226E+00
   39.500000000000000     
 -3.1207E-01 -1.0124E+00  4.8779E-03  1.2042E-02 -5.9642E-02 -4.3905E-02
 -7.0788E-04 -1.0542E-03  3.8787E-02  2.5493E-02 -2.2017E-01 -7.1209E-01
 -2.2017E-01 -7.1209E-01 -3.8787E-02 -2.5493E-02 -7.0788E-04 -1.0542E-03
  5.9642E-02  4.3905E-02 -4.8779E-03 -1.2042E-02 -3.1207E-01 -1.0124E+00
   40.000000000000000     
 -3.2403E-01 -1.0008E+00  4.8044E-03  1.2441E-02 -5.8215E-02 -4.5211E-02
 -7.3218E-04 -1.0616E-03  3.7849E-02  2.6182E-02 -2.2862E-01 -7.0391E-01
 -2.2862E-01 -7.0391E-01 -3.7849E-02 -2.6182E-02 -7.3218E-04 -1.0616E-03
  5.8215E-02  4.5211E-02 -4.8044E-03 -1.2441E-02 -3.2403E-01 -1.0008E+00
   40.500000000000000     
 -3.3545E-01 -9.8792E-01  4.7256E-03  1.2837E-02 -5.6743E-02 -4.6519E-02
 -7.5578E-04 -1.0707E-03  3.6884E-02  2.6875E-02 -2.3668E-01 -6.9485E-01
 -2.3668E-01 -6.9485E-01 -3.6884E-02 -2.6875E-02 -7.5578E-04 -1.0707E-03
  5.6743E-02  4.6519E-02 -4.7256E-03 -1.2837E-02 -3.3545E-01 -9.8792E-01
   41.000000000000000     
 -3.4633E-01 -9.7390E-01  4.6412E-03  1.3231E-02 -5.5230E-02 -4.7826E-02
 -7.7862E-04 -1.0815E-03  3.5893E-02  2.7570E-02 -2.4436E-01 -6.8495E-01
 -2.4436E-01 -6.8495E-01 -3.5893E-02 -2.7570E-02 -7.7862E-04 -1.0815E-03
  5.5230E-02  4.7826E-02 -4.6412E-03 -1.3231E-02 -3.4633E-01 -9.7390E-01
   41.500000000000000     
 -3.5665E-01 -9.5879E-01  4.5511E-03  1.3621E-02 -5.3675E-02 -4.9131E-02
 -8.0062E-04 -1.0941E-03  3.4879E-02  2.8266E-02 -2.5165E-01 -6.7429E-01
 -2.5165E-01 -6.7429E-01 -3.4879E-02 -2.8266E-02 -8.0062E-04 -1.0941E-03
  5.3675E-02  4.9131E-02 -4.5511E-03 -1.3621E-02 -3.5665E-01 -9.5879E-01
   42.000000000000000     
 -3.6642E-01 -9.4269E-01  4.4549E-03  1.4009E-02 -5.2081E-02 -5.0433E-02
 -8.2174E-04 -1.1086E-03  3.3841E-02  2.8961E-02 -2.5855E-01 -6.6292E-01
 -2.5855E-01 -6.6292E-01 -3.3841E-02 -2.8961E-02 -8.2174E-04 -1.1086E-03
  5.2081E-02  5.0433E-02 -4.4549E-03 -1.4009E-02 -3.6642E-01 -9.4269E-01
   42.500000000000000     
 -3.7563E-01 -9.2567E-01  4.3525E-03  1.4394E-02 -5.0449E-02 -5.1728E-02
 -8.4198E-04 -1.1249E-03  3.2781E-02  2.9654E-02 -2.6505E-01 -6.5090E-01
 -2.6505E-01 -6.5090E-01 -3.2781E-02 -2.9654E-02 -8.4198E-04 -1.1249E-03
  5.0449E-02  5.1728E-02 -4.3525E-03 -1.4394E-02 -3.7563E-01 -9.2567E-01
   43.000000000000000     
 -3.8427E-01 -9.0784E-01  4.2436E-03  1.4778E-02 -4.8781E-02 -5.3017E-02
 -8.6134E-04 -1.1431E-03  3.1700E-02  3.0344E-02 -2.7115E-01 -6.3831E-01
 -2.7115E-01 -6.3831E-01 -3.1700E-02 -3.0344E-02 -8.6134E-04 -1.1431E-03
  4.8781E-02  5.3017E-02 -4.2436E-03 -1.4778E-02 -3.8427E-01 -9.0784E-01
   43.500000000000000     
 -3.9233E-01 -8.8927E-01  4.1281E-03  1.5158E-02 -4.7078E-02 -5.4297E-02
 -8.7987E-04 -1.1629E-03  3.0601E-02  3.1029E-02 -2.7684E-01 -6.2520E-01
 -2.7684E-01 -6.2520E-01 -3.0601E-02 -3.1029E-02 -8.7987E-04 -1.1629E-03
  4.7078E-02  5.4297E-02 -4.1281E-03 -1.5158E-02 -3.9233E-01 -8.8927E-01
   44.000000000000000     
 -3.9982E-01 -8.7007E-01  4.0060E-03  1.5537E-02 -4.5342E-02 -5.5566E-02
 -8.9762E-04 -1.1841E-03  2.9483E-02  3.1709E-02 -2.8213E-01 -6.1164E-01
 -2.8213E-01 -6.1164E-01 -2.9483E-02 -3.1709E-02 -8.9762E-04 -1.1841E-03
  4.5342E-02  5.5566E-02 -4.0060E-03 -1.5537E-02 -3.9982E-01 -8.7007E-01
   44.500000000000000     
 -4.0673E-01 -8.5030E-01  3.8772E-03  1.5913E-02 -4.3574E-02 -5.6823E-02
 -9.1470E-04 -1.2067E-03  2.8347E-02  3.2382E-02 -2.8701E-01 -5.9768E-01
 -2.8701E-01 -5.9768E-01 -2.8347E-02 -3.2382E-02 -9.1470E-04 -1.2067E-03
  4.3574E-02  5.6823E-02 -3.8772E-03 -1.5913E-02 -4.0673E-01 -8.5030E-01
   45.000000000000000     
 -4.1306E-01 -8.3006E-01  3.7417E-03  1.6287E-02 -4.1776E-02 -5.8067E-02
 -9.3118E-04 -1.2302E-03  2.7195E-02  3.3048E-02 -2.9148E-01 -5.8338E-01
 -2.9148E-01 -5.8338E-01 -2.7195E-02 -3.3048E-02 -9.3118E-04 -1.2302E-03
  4.1776E-02  5.8067E-02 -3.7417E-03 -1.6287E-02 -4.1306E-01 -8.3006E-01
   45.500000000000000     
 -4.1880E-01 -8.0943E-01  3.5997E-03  1.6658E-02 -3.9949E-02 -5.9296E-02
 -9.4721E-04 -1.2545E-03  2.6028E-02  3.3706E-02 -2.9554E-01 -5.6880E-01
 -2.9554E-01 -5.6880E-01 -2.6028E-02 -3.3706E-02 -9.4721E-04 -1.2545E-03
  3.9949E-02  5.9296E-02 -3.5997E-03 -1.6658E-02 -4.1880E-01 -8.0943E-01
   46.000000000000000     
 -4.2395E-01 -7.8847E-01  3.4511E-03  1.7026E-02 -3.8094E-02 -6.0510E-02
 -9.6292E-04 -1.2792E-03  2.4847E-02  3.4356E-02 -2.9918E-01 -5.5400E-01
 -2.9918E-01 -5.5400E-01 -2.4847E-02 -3.4356E-02 -9.6292E-04 -1.2792E-03
  3.8094E-02  6.0510E-02 -3.4511E-03 -1.7026E-02 -4.2395E-01 -7.8847E-01
   46.500000000000000     
 -4.2852E-01 -7.6728E-01  3.2963E-03  1.7391E-02 -3.6214E-02 -6.1706E-02
 -9.7844E-04 -1.3039E-03  2.3652E-02  3.4996E-02 -3.0240E-01 -5.3903E-01
 -3.0240E-01 -5.3903E-01 -2.3652E-02 -3.4996E-02 -9.7844E-04 -1.3039E-03
  3.6214E-02  6.1706E-02 -3.2963E-03 -1.7391E-02 -4.2852E-01 -7.6728E-01
   47.000000000000000     
 -4.3250E-01 -7.4590E-01  3.1353E-03  1.7751E-02 -3.4309E-02 -6.2885E-02
 -9.9395E-04 -1.3283E-03  2.2444E-02  3.5627E-02 -3.0522E-01 -5.2393E-01
 -3.0522E-01 -5.2393E-01 -2.2444E-02 -3.5627E-02 -9.9395E-04 -1.3283E-03
  3.4309E-02  6.2885E-02 -3.1353E-03 -1.7751E-02 -4.3250E-01 -7.4590E-01
   47.500000000000000     
 -4.3590E-01 -7.2443E-01  2.9687E-03  1.8107E-02 -3.2380E-02 -6.4045E-02
 -1.0096E-03 -1.3521E-03  2.1223E-02  3.6247E-02 -3.0762E-01 -5.0876E-01
 -3.0762E-01 -5.0876E-01 -2.1223E-02 -3.6247E-02 -1.0096E-03 -1.3521E-03
  3.2380E-02  6.4045E-02 -2.9687E-03 -1.8107E-02 -4.3590E-01 -7.2443E-01
   48.000000000000000     
 -4.3872E-01 -7.0290E-01  2.7966E-03  1.8458E-02 -3.0429E-02 -6.5186E-02
 -1.0255E-03 -1.3749E-03  1.9991E-02  3.6859E-02 -3.0961E-01 -4.9356E-01
 -3.0961E-01 -4.9356E-01 -1.9991E-02 -3.6859E-02 -1.0255E-03 -1.3749E-03
  3.0429E-02  6.5186E-02 -2.7966E-03 -1.8458E-02 -4.3872E-01 -7.0290E-01
   48.500000000000000     
 -4.4097E-01 -6.8138E-01  2.6194E-03  1.8802E-02 -2.8457E-02 -6.6306E-02
 -1.0419E-03 -1.3964E-03  1.8748E-02  3.7460E-02 -3.1120E-01 -4.7836E-01
 -3.1120E-01 -4.7836E-01 -1.8748E-02 -3.7460E-02 -1.0419E-03 -1.3964E-03
  2.8457E-02  6.6306E-02 -2.6194E-03 -1.8802E-02 -4.4097E-01 -6.8138E-01
   49.000000000000000     
 -4.4265E-01 -6.5991E-01  2.4376E-03  1.9140E-02 -2.6466E-02 -6.7405E-02
 -1.0588E-03 -1.4162E-03  1.7495E-02  3.8051E-02 -3.1239E-01 -4.6321E-01
 -3.1239E-01 -4.6321E-01 -1.7495E-02 -3.8051E-02 -1.0588E-03 -1.4162E-03
  2.6466E-02  6.7405E-02 -2.4376E-03 -1.9140E-02 -4.4265E-01 -6.5991E-01
   49.500000000000000     
 -4.4377E-01 -6.3855E-01  2.2516E-03  1.9471E-02 -2.4455E-02 -6.8483E-02
 -1.0765E-03 -1.4341E-03  1.6231E-02  3.8632E-02 -3.1318E-01 -4.4813E-01
 -3.1318E-01 -4.4813E-01 -1.6231E-02 -3.8632E-02 -1.0765E-03 -1.4341E-03
  2.4455E-02  6.8483E-02 -2.2516E-03 -1.9471E-02 -4.4377E-01 -6.3855E-01
   50.000000000000000     
 -4.4435E-01 -6.1734E-01  2.0619E-03  1.9793E-02 -2.2428E-02 -6.9539E-02
 -1.0949E-03 -1.4498E-03  1.4958E-02  3.9204E-02 -3.1359E-01 -4.3315E-01
 -3.1359E-01 -4.3315E-01 -1.4958E-02 -3.9204E-02 -1.0949E-03 -1.4498E-03
  2.2428E-02  6.9539E-02 -2.0619E-03 -1.9793E-02 -4.4435E-01 -6.1734E-01
   50.500000000000000     
 -4.4439E-01 -5.9631E-01  1.8689E-03  2.0106E-02 -2.0384E-02 -7.0572E-02
 -1.1143E-03 -1.4631E-03  1.3676E-02  3.9767E-02 -3.1361E-01 -4.1831E-01
 -3.1361E-01 -4.1831E-01 -1.3676E-02 -3.9767E-02 -1.1143E-03 -1.4631E-03
  2.0384E-02  7.0572E-02 -1.8689E-03 -2.0106E-02 -4.4439E-01 -5.9631E-01
   51.000000000000000     
 -4.4390E-01 -5.7548E-01  1.6732E-03  2.0409E-02 -1.8324E-02 -7.1582E-02
 -1.1347E-03 -1.4739E-03  1.2385E-02  4.0320E-02 -3.1326E-01 -4.0361E-01
 -3.1326E-01 -4.0361E-01 -1.2385E-02 -4.0320E-02 -1.1347E-03 -1.4739E-03
  1.8324E-02  7.1582E-02 -1.6732E-03 -2.0409E-02 -4.4390E-01 -5.7548E-01
   51.500000000000000     
 -4.4290E-01 -5.5490E-01  1.4751E-03  2.0702E-02 -1.6251E-02 -7.2569E-02
 -1.1561E-03 -1.4821E-03  1.1087E-02  4.0864E-02 -3.1255E-01 -3.8909E-01
 -3.1255E-01 -3.8909E-01 -1.1087E-02 -4.0864E-02 -1.1561E-03 -1.4821E-03
  1.6251E-02  7.2569E-02 -1.4751E-03 -2.0702E-02 -4.4290E-01 -5.5490E-01
   52.000000000000000     
 -4.4140E-01 -5.3457E-01  1.2753E-03  2.0983E-02 -1.4165E-02 -7.3531E-02
 -1.1785E-03 -1.4875E-03  9.7802E-03  4.1399E-02 -3.1149E-01 -3.7475E-01
 -3.1149E-01 -3.7475E-01 -9.7802E-03 -4.1399E-02 -1.1785E-03 -1.4875E-03
  1.4165E-02  7.3531E-02 -1.2753E-03 -2.0983E-02 -4.4140E-01 -5.3457E-01
   52.500000000000000     
 -4.3942E-01 -5.1451E-01  1.0742E-03  2.1253E-02 -1.2068E-02 -7.4469E-02
 -1.2020E-03 -1.4902E-03  8.4666E-03  4.1925E-02 -3.1008E-01 -3.6061E-01
 -3.1008E-01 -3.6061E-01 -8.4666E-03 -4.1925E-02 -1.2020E-03 -1.4902E-03
  1.2068E-02  7.4469E-02 -1.0742E-03 -2.1253E-02 -4.3942E-01 -5.1451E-01
   53.000000000000000     
 -4.3698E-01 -4.9475E-01  8.7208E-04  2.1509E-02 -9.9595E-03 -7.5382E-02
 -1.2265E-03 -1.4903E-03  7.1465E-03  4.2442E-02 -3.0835E-01 -3.4667E-01
 -3.0835E-01 -3.4667E-01 -7.1465E-03 -4.2442E-02 -1.2265E-03 -1.4903E-03
  9.9595E-03  7.5382E-02 -8.7208E-04 -2.1509E-02 -4.3698E-01 -4.9475E-01
   53.500000000000000     
 -4.3408E-01 -4.7527E-01  6.6952E-04  2.1753E-02 -7.8423E-03 -7.6269E-02
 -1.2519E-03 -1.4878E-03  5.8203E-03  4.2949E-02 -3.0629E-01 -3.3294E-01
 -3.0629E-01 -3.3294E-01 -5.8203E-03 -4.2949E-02 -1.2519E-03 -1.4878E-03
  7.8423E-03  7.6269E-02 -6.6952E-04 -2.1753E-02 -4.3408E-01 -4.7527E-01
   54.000000000000000     
 -4.3074E-01 -4.5610E-01  4.6683E-04  2.1982E-02 -5.7172E-03 -7.7130E-02
 -1.2783E-03 -1.4829E-03  4.4888E-03  4.3448E-02 -3.0393E-01 -3.1943E-01
 -3.0393E-01 -3.1943E-01 -4.4888E-03 -4.3448E-02 -1.2783E-03 -1.4829E-03
  5.7172E-03  7.7130E-02 -4.6683E-04 -2.1982E-02 -4.3074E-01 -4.5610E-01
   54.500000000000000     
 -4.2699E-01 -4.3723E-01  2.6437E-04  2.2198E-02 -3.5855E-03 -7.7964E-02
 -1.3054E-03 -1.4759E-03  3.1525E-03  4.3937E-02 -3.0127E-01 -3.0613E-01
 -3.0127E-01 -3.0613E-01 -3.1525E-03 -4.3937E-02 -1.3054E-03 -1.4759E-03
  3.5855E-03  7.7964E-02 -2.6437E-04 -2.2198E-02 -4.2699E-01 -4.3723E-01
   55.000000000000000     
 -4.2284E-01 -4.1866E-01  6.2430E-05  2.2400E-02 -1.4486E-03 -7.8770E-02
 -1.3331E-03 -1.4669E-03  1.8122E-03  4.4416E-02 -2.9833E-01 -2.9305E-01
 -2.9833E-01 -2.9305E-01 -1.8122E-03 -4.4416E-02 -1.3331E-03 -1.4669E-03
  1.4486E-03  7.8770E-02 -6.2430E-05 -2.2400E-02 -4.2284E-01 -4.1866E-01
   55.500000000000000     
 -4.1832E-01 -4.0039E-01 -1.3873E-04  2.2587E-02  6.9229E-04 -7.9547E-02
 -1.3614E-03 -1.4562E-03  4.6873E-04  4.4885E-02 -2.9512E-01 -2.8018E-01
 -2.9512E-01 -2.8018E-01 -4.6873E-04 -4.4885E-02 -1.3614E-03 -1.4562E-03
 -6.9229E-04  7.9547E-02  1.3873E-04 -2.2587E-02 -4.1832E-01 -4.0039E-01
   56.000000000000000     
 -4.1342E-01 -3.8241E-01 -3.3890E-04  2.2760E-02  2.8356E-03 -8.0294E-02
 -1.3900E-03 -1.4442E-03 -8.7716E-04  4.5342E-02 -2.9165E-01 -2.6752E-01
 -2.9165E-01 -2.6752E-01  8.7716E-04 -4.5342E-02 -1.3900E-03 -1.4442E-03
 -2.8356E-03  8.0294E-02  3.3890E-04 -2.2760E-02 -4.1342E-01 -3.8241E-01
   56.500000000000000     
 -4.0819E-01 -3.6472E-01 -5.3790E-04  2.2918E-02  4.9800E-03 -8.1012E-02
 -1.4189E-03 -1.4312E-03 -2.2246E-03  4.5788E-02 -2.8794E-01 -2.5506E-01
 -2.8794E-01 -2.5506E-01  2.2246E-03 -4.5788E-02 -1.4189E-03 -1.4312E-03
 -4.9800E-03  8.1012E-02  5.3790E-04 -2.2918E-02 -4.0819E-01 -3.6472E-01
   57.000000000000000     
 -4.0263E-01 -3.4730E-01 -7.3561E-04  2.3062E-02  7.1240E-03 -8.1697E-02
 -1.4477E-03 -1.4175E-03 -3.5726E-03  4.6221E-02 -2.8400E-01 -2.4280E-01
 -2.8400E-01 -2.4280E-01  3.5726E-03 -4.6221E-02 -1.4477E-03 -1.4175E-03
 -7.1240E-03  8.1697E-02  7.3561E-04 -2.3062E-02 -4.0263E-01 -3.4730E-01
   57.500000000000000     
 -3.9676E-01 -3.3015E-01 -9.3192E-04  2.3192E-02  9.2660E-03 -8.2350E-02
 -1.4764E-03 -1.4035E-03 -4.9202E-03  4.6640E-02 -2.7984E-01 -2.3073E-01
 -2.7984E-01 -2.3073E-01  4.9202E-03 -4.6640E-02 -1.4764E-03 -1.4035E-03
 -9.2660E-03  8.2350E-02  9.3192E-04 -2.3192E-02 -3.9676E-01 -3.3015E-01
   58.000000000000000     
 -3.9059E-01 -3.1325E-01 -1.1268E-03  2.3309E-02  1.1405E-02 -8.2969E-02
 -1.5048E-03 -1.3895E-03 -6.2664E-03  4.7045E-02 -2.7548E-01 -2.1884E-01
 -2.7548E-01 -2.1884E-01  6.2664E-03 -4.7045E-02 -1.5048E-03 -1.3895E-03
 -1.1405E-02  8.2969E-02  1.1268E-03 -2.3309E-02 -3.9059E-01 -3.1325E-01
   58.500000000000000     
 -3.8415E-01 -2.9661E-01 -1.3201E-03  2.3412E-02  1.3538E-02 -8.3554E-02
 -1.5327E-03 -1.3758E-03 -7.6102E-03  4.7434E-02 -2.7092E-01 -2.0713E-01
 -2.7092E-01 -2.0713E-01  7.6102E-03 -4.7434E-02 -1.5327E-03 -1.3758E-03
 -1.3538E-02  8.3554E-02  1.3201E-03 -2.3412E-02 -3.8415E-01 -2.9661E-01
   59.000000000000000     
 -3.7746E-01 -2.8020E-01 -1.5120E-03  2.3502E-02  1.5665E-02 -8.4102E-02
 -1.5600E-03 -1.3628E-03 -8.9505E-03  4.7805E-02 -2.6617E-01 -1.9558E-01
 -2.6617E-01 -1.9558E-01  8.9505E-03 -4.7805E-02 -1.5600E-03 -1.3628E-03
 -1.5665E-02  8.4102E-02  1.5120E-03 -2.3502E-02 -3.7746E-01 -2.8020E-01
   59.500000000000000     
 -3.7051E-01 -2.6401E-01 -1.7024E-03  2.3581E-02  1.7784E-02 -8.4613E-02
 -1.5865E-03 -1.3507E-03 -1.0286E-02  4.8159E-02 -2.6126E-01 -1.8419E-01
 -2.6126E-01 -1.8419E-01  1.0286E-02 -4.8159E-02 -1.5865E-03 -1.3507E-03
 -1.7784E-02  8.4613E-02  1.7024E-03 -2.3581E-02 -3.7051E-01 -2.6401E-01
   60.000000000000000     
 -3.6334E-01 -2.4805E-01 -1.8914E-03  2.3647E-02  1.9894E-02 -8.5086E-02
 -1.6121E-03 -1.3398E-03 -1.1616E-02  4.8494E-02 -2.5618E-01 -1.7296E-01
 -2.5618E-01 -1.7296E-01  1.1616E-02 -4.8494E-02 -1.6121E-03 -1.3398E-03
 -1.9894E-02  8.5086E-02  1.8914E-03 -2.3647E-02 -3.6334E-01 -2.4805E-01
   60.500000000000000     
 -3.5595E-01 -2.3229E-01 -2.0789E-03  2.3702E-02  2.1992E-02 -8.5519E-02
 -1.6367E-03 -1.3302E-03 -1.2940E-02  4.8808E-02 -2.5096E-01 -1.6188E-01
 -2.5096E-01 -1.6188E-01  1.2940E-02 -4.8808E-02 -1.6367E-03 -1.3302E-03
 -2.1992E-02  8.5519E-02  2.0789E-03 -2.3702E-02 -3.5595E-01 -2.3229E-01
   61.000000000000000     
 -3.4837E-01 -2.1674E-01 -2.2651E-03  2.3746E-02  2.4078E-02 -8.5912E-02
 -1.6602E-03 -1.3221E-03 -1.4255E-02  4.9100E-02 -2.4559E-01 -1.5094E-01
 -2.4559E-01 -1.5094E-01  1.4255E-02 -4.9100E-02 -1.6602E-03 -1.3221E-03
 -2.4078E-02  8.5912E-02  2.2651E-03 -2.3746E-02 -3.4837E-01 -2.1674E-01
   61.500000000000000     
 -3.4059E-01 -2.0139E-01 -2.4499E-03  2.3781E-02  2.6149E-02 -8.6263E-02
 -1.6826E-03 -1.3157E-03 -1.5562E-02  4.9369E-02 -2.4009E-01 -1.4013E-01
 -2.4009E-01 -1.4013E-01  1.5562E-02 -4.9369E-02 -1.6826E-03 -1.3157E-03
 -2.6149E-02  8.6263E-02  2.4499E-03 -2.3781E-02 -3.4059E-01 -2.0139E-01
   62.000000000000000     
 -3.3263E-01 -1.8622E-01 -2.6334E-03  2.3805E-02  2.8205E-02 -8.6571E-02
 -1.7038E-03 -1.3108E-03 -1.6858E-02  4.9615E-02 -2.3446E-01 -1.2946E-01
 -2.3446E-01 -1.2946E-01  1.6858E-02 -4.9615E-02 -1.7038E-03 -1.3108E-03
 -2.8205E-02  8.6571E-02  2.6334E-03 -2.3805E-02 -3.3263E-01 -1.8622E-01
   62.500000000000000     
 -3.2451E-01 -1.7124E-01 -2.8155E-03  2.3821E-02  3.0244E-02 -8.6835E-02
 -1.7240E-03 -1.3077E-03 -1.8144E-02  4.9836E-02 -2.2872E-01 -1.1893E-01
 -2.2872E-01 -1.1893E-01  1.8144E-02 -4.9836E-02 -1.7240E-03 -1.3077E-03
 -3.0244E-02  8.6835E-02  2.8155E-03 -2.3821E-02 -3.2451E-01 -1.7124E-01
   63.000000000000000     
 -3.1624E-01 -1.5645E-01 -2.9962E-03  2.3828E-02  3.2264E-02 -8.7056E-02
 -1.7430E-03 -1.3060E-03 -1.9418E-02  5.0030E-02 -2.2287E-01 -1.0852E-01
 -2.2287E-01 -1.0852E-01  1.9418E-02 -5.0030E-02 -1.7430E-03 -1.3060E-03
 -3.2264E-02  8.7056E-02  2.9962E-03 -2.3828E-02 -3.1624E-01 -1.5645E-01
   63.500000000000000     
 -3.0782E-01 -1.4184E-01 -3.1756E-03  2.3827E-02  3.4265E-02 -8.7230E-02
 -1.7609E-03 -1.3059E-03 -2.0680E-02  5.0199E-02 -2.1691E-01 -9.8242E-02
 -2.1691E-01 -9.8242E-02  2.0680E-02 -5.0199E-02 -1.7609E-03 -1.3059E-03
 -3.4265E-02  8.7230E-02  3.1756E-03 -2.3827E-02 -3.0782E-01 -1.4184E-01
   64.000000000000000     
 -2.9926E-01 -1.2742E-01 -3.3534E-03  2.3818E-02  3.6245E-02 -8.7360E-02
 -1.7779E-03 -1.3070E-03 -2.1928E-02  5.0339E-02 -2.1086E-01 -8.8095E-02
 -2.1086E-01 -8.8095E-02  2.1928E-02 -5.0339E-02 -1.7779E-03 -1.3070E-03
 -3.6245E-02  8.7360E-02  3.3534E-03 -2.3818E-02 -2.9926E-01 -1.2742E-01
   64.500000000000000     
 -2.9057E-01 -1.1318E-01 -3.5295E-03  2.3802E-02  3.8202E-02 -8.7442E-02
 -1.7940E-03 -1.3091E-03 -2.3162E-02  5.0452E-02 -2.0473E-01 -7.8079E-02
 -2.0473E-01 -7.8079E-02  2.3162E-02 -5.0452E-02 -1.7940E-03 -1.3091E-03
 -3.8202E-02  8.7442E-02  3.5295E-03 -2.3802E-02 -2.9057E-01 -1.1318E-01
   65.000000000000000     
 -2.8177E-01 -9.9135E-02 -3.7039E-03  2.3778E-02  4.0136E-02 -8.7478E-02
 -1.8094E-03 -1.3120E-03 -2.4381E-02  5.0537E-02 -1.9850E-01 -6.8197E-02
 -1.9850E-01 -6.8197E-02  2.4381E-02 -5.0537E-02 -1.8094E-03 -1.3120E-03
 -4.0136E-02  8.7478E-02  3.7039E-03 -2.3778E-02 -2.8177E-01 -9.9135E-02
   65.500000000000000     
 -2.7285E-01 -8.5281E-02 -3.8764E-03  2.3747E-02  4.2046E-02 -8.7466E-02
 -1.8243E-03 -1.3154E-03 -2.5584E-02  5.0593E-02 -1.9220E-01 -5.8452E-02
 -1.9220E-01 -5.8452E-02  2.5584E-02 -5.0593E-02 -1.8243E-03 -1.3154E-03
 -4.2046E-02  8.7466E-02  3.8764E-03 -2.3747E-02 -2.7285E-01 -8.5281E-02
   66.000000000000000     
 -2.6382E-01 -7.1626E-02 -4.0466E-03  2.3708E-02  4.3931E-02 -8.7408E-02
 -1.8387E-03 -1.3190E-03 -2.6772E-02  5.0620E-02 -1.8583E-01 -4.8848E-02
 -1.8583E-01 -4.8848E-02  2.6772E-02 -5.0620E-02 -1.8387E-03 -1.3190E-03
 -4.3931E-02  8.7408E-02  4.0466E-03 -2.3708E-02 -2.6382E-01 -7.1626E-02
   66.500000000000000     
 -2.5470E-01 -5.8177E-02 -4.2144E-03  2.3663E-02  4.5789E-02 -8.7301E-02
 -1.8528E-03 -1.3223E-03 -2.7943E-02  5.0618E-02 -1.7938E-01 -3.9389E-02
 -1.7938E-01 -3.9389E-02  2.7943E-02 -5.0618E-02 -1.8528E-03 -1.3223E-03
 -4.5789E-02  8.7301E-02  4.2144E-03 -2.3663E-02 -2.5470E-01 -5.8177E-02
   67.000000000000000     
 -2.4549E-01 -4.4940E-02 -4.3795E-03  2.3610E-02  4.7620E-02 -8.7148E-02
 -1.8669E-03 -1.3252E-03 -2.9096E-02  5.0588E-02 -1.7287E-01 -3.0082E-02
 -1.7287E-01 -3.0082E-02  2.9096E-02 -5.0588E-02 -1.8669E-03 -1.3252E-03
 -4.7620E-02  8.7148E-02  4.3795E-03 -2.3610E-02 -2.4549E-01 -4.4940E-02
   67.500000000000000     
 -2.3619E-01 -3.1923E-02 -4.5415E-03  2.3550E-02  4.9422E-02 -8.6947E-02
 -1.8811E-03 -1.3271E-03 -3.0233E-02  5.0528E-02 -1.6630E-01 -2.0931E-02
 -1.6630E-01 -2.0931E-02  3.0233E-02 -5.0528E-02 -1.8811E-03 -1.3271E-03
 -4.9422E-02  8.6947E-02  4.5415E-03 -2.3550E-02 -2.3619E-01 -3.1923E-02
   68.000000000000000     
 -2.2681E-01 -1.9135E-02 -4.7001E-03  2.3482E-02  5.1196E-02 -8.6699E-02
 -1.8957E-03 -1.3278E-03 -3.1352E-02  5.0441E-02 -1.5968E-01 -1.1943E-02
 -1.5968E-01 -1.1943E-02  3.1352E-02 -5.0441E-02 -1.8957E-03 -1.3278E-03
 -5.1196E-02  8.6699E-02  4.7001E-03 -2.3482E-02 -2.2681E-01 -1.9135E-02
   68.500000000000000     
 -2.1736E-01 -6.5836E-03 -4.8550E-03  2.3406E-02  5.2940E-02 -8.6404E-02
 -1.9106E-03 -1.3269E-03 -3.2453E-02  5.0325E-02 -1.5300E-01 -3.1234E-03
 -1.5300E-01 -3.1234E-03  3.2453E-02 -5.0325E-02 -1.9106E-03 -1.3269E-03
 -5.2940E-02  8.6404E-02  4.8550E-03 -2.3406E-02 -2.1736E-01 -6.5836E-03
   69.000000000000000     
 -2.0784E-01  5.7218E-03 -5.0058E-03  2.3323E-02  5.4654E-02 -8.6062E-02
 -1.9263E-03 -1.3242E-03 -3.3536E-02  5.0182E-02 -1.4627E-01  5.5204E-03
 -1.4627E-01  5.5204E-03  3.3536E-02 -5.0182E-02 -1.9263E-03 -1.3242E-03
 -5.4654E-02  8.6062E-02  5.0058E-03 -2.3323E-02 -2.0784E-01  5.7218E-03
   69.500000000000000     
 -1.9826E-01  1.7773E-02 -5.1521E-03  2.3230E-02  5.6336E-02 -8.5675E-02
 -1.9427E-03 -1.3193E-03 -3.4600E-02  5.0012E-02 -1.3950E-01  1.3982E-02
 -1.3950E-01  1.3982E-02  3.4600E-02 -5.0012E-02 -1.9427E-03 -1.3193E-03
 -5.6336E-02  8.5675E-02  5.1521E-03 -2.3230E-02 -1.9826E-01  1.7773E-02
   70.000000000000000     
 -1.8863E-01  2.9560E-02 -5.2936E-03  2.3129E-02  5.7987E-02 -8.5242E-02
 -1.9600E-03 -1.3120E-03 -3.5646E-02  4.9815E-02 -1.3269E-01  2.2256E-02
 -1.3269E-01  2.2256E-02  3.5646E-02 -4.9815E-02 -1.9600E-03 -1.3120E-03
 -5.7987E-02  8.5242E-02  5.2936E-03 -2.3129E-02 -1.8863E-01  2.9560E-02
   70.500000000000000     
 -1.7894E-01  4.1075E-02 -5.4299E-03  2.3019E-02  5.9606E-02 -8.4764E-02
 -1.9783E-03 -1.3021E-03 -3.6672E-02  4.9592E-02 -1.2585E-01  3.0335E-02
 -1.2585E-01  3.0335E-02  3.6672E-02 -4.9592E-02 -1.9783E-03 -1.3021E-03
 -5.9606E-02  8.4764E-02  5.4299E-03 -2.3019E-02 -1.7894E-01  4.1075E-02
   71.000000000000000     
 -1.6921E-01  5.2311E-02 -5.5606E-03  2.2899E-02  6.1192E-02 -8.4241E-02
 -1.9977E-03 -1.2895E-03 -3.7680E-02  4.9344E-02 -1.1897E-01  3.8214E-02
 -1.1897E-01  3.8214E-02  3.7680E-02 -4.9344E-02 -1.9977E-03 -1.2895E-03
 -6.1192E-02  8.4241E-02  5.5606E-03 -2.2899E-02 -1.6921E-01  5.2311E-02
   71.500000000000000     
 -1.5945E-01  6.3259E-02 -5.6855E-03  2.2769E-02  6.2744E-02 -8.3675E-02
 -2.0182E-03 -1.2741E-03 -3.8669E-02  4.9071E-02 -1.1207E-01  4.5887E-02
 -1.1207E-01  4.5887E-02  3.8669E-02 -4.9071E-02 -2.0182E-03 -1.2741E-03
 -6.2744E-02  8.3675E-02  5.6855E-03 -2.2769E-02 -1.5945E-01  6.3259E-02
   72.000000000000000     
 -1.4965E-01  7.3912E-02 -5.8041E-03  2.2630E-02  6.4263E-02 -8.3065E-02
 -2.0400E-03 -1.2560E-03 -3.9638E-02  4.8774E-02 -1.0514E-01  5.3350E-02
 -1.0514E-01  5.3350E-02  3.9638E-02 -4.8774E-02 -2.0400E-03 -1.2560E-03
 -6.4263E-02  8.3065E-02  5.8041E-03 -2.2630E-02 -1.4965E-01  7.3912E-02
   72.500000000000000     
 -1.3983E-01  8.4265E-02 -5.9162E-03  2.2480E-02  6.5747E-02 -8.2412E-02
 -2.0629E-03 -1.2350E-03 -4.0588E-02  4.8453E-02 -9.8195E-02  6.0598E-02
 -9.8195E-02  6.0598E-02  4.0588E-02 -4.8453E-02 -2.0629E-03 -1.2350E-03
 -6.5747E-02  8.2412E-02  5.9162E-03 -2.2480E-02 -1.3983E-01  8.4265E-02
   73.000000000000000     
 -1.2999E-01  9.4311E-02 -6.0217E-03  2.2320E-02  6.7196E-02 -8.1717E-02
 -2.0869E-03 -1.2113E-03 -4.1518E-02  4.8108E-02 -9.1238E-02  6.7627E-02
 -9.1238E-02  6.7627E-02  4.1518E-02 -4.8108E-02 -2.0869E-03 -1.2113E-03
 -6.7196E-02  8.1717E-02  6.0217E-03 -2.2320E-02 -1.2999E-01  9.4311E-02
   73.500000000000000     
 -1.2014E-01  1.0405E-01 -6.1202E-03  2.2150E-02  6.8609E-02 -8.0979E-02
 -2.1120E-03 -1.1852E-03 -4.2428E-02  4.7741E-02 -8.4272E-02  7.4435E-02
 -8.4272E-02  7.4435E-02  4.2428E-02 -4.7741E-02 -2.1120E-03 -1.1852E-03
 -6.8609E-02  8.0979E-02  6.1202E-03 -2.2150E-02 -1.2014E-01  1.0405E-01
   74.000000000000000     
 -1.1029E-01  1.1347E-01 -6.2116E-03  2.1969E-02  6.9985E-02 -8.0201E-02
 -2.1382E-03 -1.1567E-03 -4.3317E-02  4.7351E-02 -7.7303E-02  8.1018E-02
 -7.7303E-02  8.1018E-02  4.3317E-02 -4.7351E-02 -2.1382E-03 -1.1567E-03
 -6.9985E-02  8.0201E-02  6.2116E-03 -2.1969E-02 -1.1029E-01  1.1347E-01
   74.500000000000000     
 -1.0044E-01  1.2258E-01 -6.2957E-03  2.1777E-02  7.1325E-02 -7.9381E-02
 -2.1652E-03 -1.1261E-03 -4.4186E-02  4.6938E-02 -7.0337E-02  8.7377E-02
 -7.0337E-02  8.7377E-02  4.4186E-02 -4.6938E-02 -2.1652E-03 -1.1261E-03
 -7.1325E-02  7.9381E-02  6.2957E-03 -2.1777E-02 -1.0044E-01  1.2258E-01
   75.000000000000000     
 -9.0602E-02  1.3136E-01 -6.3727E-03  2.1576E-02  7.2628E-02 -7.8520E-02
 -2.1929E-03 -1.0937E-03 -4.5033E-02  4.6503E-02 -6.3378E-02  9.3509E-02
 -6.3378E-02  9.3509E-02  4.5033E-02 -4.6503E-02 -2.1929E-03 -1.0937E-03
 -7.2628E-02  7.8520E-02  6.3727E-03 -2.1576E-02 -9.0602E-02  1.3136E-01
   75.500000000000000     
 -8.0784E-02  1.3983E-01 -6.4422E-03  2.1364E-02  7.3892E-02 -7.7619E-02
 -2.2213E-03 -1.0598E-03 -4.5859E-02  4.6046E-02 -5.6432E-02  9.9415E-02
 -5.6432E-02  9.9415E-02  4.5859E-02 -4.6046E-02 -2.2213E-03 -1.0598E-03
 -7.3892E-02  7.7619E-02  6.4422E-03 -2.1364E-02 -8.0784E-02  1.3983E-01
   76.000000000000000     
 -7.0993E-02  1.4799E-01 -6.5045E-03  2.1142E-02  7.5118E-02 -7.6678E-02
 -2.2501E-03 -1.0248E-03 -4.6662E-02  4.5566E-02 -4.9505E-02  1.0510E-01
 -4.9505E-02  1.0510E-01  4.6662E-02 -4.5566E-02 -2.2501E-03 -1.0248E-03
 -7.5118E-02  7.6678E-02  6.5045E-03 -2.1142E-02 -7.0993E-02  1.4799E-01
   76.500000000000000     
 -6.1236E-02  1.5582E-01 -6.5595E-03  2.0911E-02  7.6304E-02 -7.5697E-02
 -2.2793E-03 -9.8913E-04 -4.7443E-02  4.5064E-02 -4.2602E-02  1.1055E-01
 -4.2602E-02  1.1055E-01  4.7443E-02 -4.5064E-02 -2.2793E-03 -9.8913E-04
 -7.6304E-02  7.5697E-02  6.5595E-03 -2.0911E-02 -6.1236E-02  1.5582E-01
   77.000000000000000     
 -5.1523E-02  1.6335E-01 -6.6074E-03  2.0671E-02  7.7451E-02 -7.4676E-02
 -2.3085E-03 -9.5304E-04 -4.8201E-02  4.4539E-02 -3.5730E-02  1.1579E-01
 -3.5730E-02  1.1579E-01  4.8201E-02 -4.4539E-02 -2.3085E-03 -9.5304E-04
 -7.7451E-02  7.4676E-02  6.6074E-03 -2.0671E-02 -5.1523E-02  1.6335E-01
   77.500000000000000     
 -4.1860E-02  1.7056E-01 -6.6482E-03  2.0422E-02  7.8557E-02 -7.3615E-02
 -2.3376E-03 -9.1697E-04 -4.8936E-02  4.3992E-02 -2.8894E-02  1.2080E-01
 -2.8894E-02  1.2080E-01  4.8936E-02 -4.3992E-02 -2.3376E-03 -9.1697E-04
 -7.8557E-02  7.3615E-02  6.6482E-03 -2.0422E-02 -4.1860E-02  1.7056E-01
   78.000000000000000     
 -3.2256E-02  1.7747E-01 -6.6821E-03  2.0165E-02  7.9621E-02 -7.2515E-02
 -2.3665E-03 -8.8127E-04 -4.9646E-02  4.3422E-02 -2.2099E-02  1.2560E-01
 -2.2099E-02  1.2560E-01  4.9646E-02 -4.3422E-02 -2.3665E-03 -8.8127E-04
 -7.9621E-02  7.2515E-02  6.6821E-03 -2.0165E-02 -3.2256E-02  1.7747E-01
   78.500000000000000     
 -2.2720E-02  1.8408E-01 -6.7093E-03  1.9900E-02  8.0644E-02 -7.1376E-02
 -2.3950E-03 -8.4629E-04 -5.0331E-02  4.2828E-02 -1.5352E-02  1.3020E-01
 -1.5352E-02  1.3020E-01  5.0331E-02 -4.2828E-02 -2.3950E-03 -8.4629E-04
 -8.0644E-02  7.1376E-02  6.7093E-03 -1.9900E-02 -2.2720E-02  1.8408E-01
   79.000000000000000     
 -1.3259E-02  1.9041E-01 -6.7301E-03  1.9628E-02  8.1625E-02 -7.0197E-02
 -2.4229E-03 -8.1236E-04 -5.0991E-02  4.2211E-02 -8.6589E-03  1.3458E-01
 -8.6589E-03  1.3458E-01  5.0991E-02 -4.2211E-02 -2.4229E-03 -8.1236E-04
 -8.1625E-02  7.0197E-02  6.7301E-03 -1.9628E-02 -1.3259E-02  1.9041E-01
   79.500000000000000     
 -3.8807E-03  1.9644E-01 -6.7445E-03  1.9349E-02  8.2562E-02 -6.8980E-02
 -2.4501E-03 -7.7973E-04 -5.1625E-02  4.1571E-02 -2.0252E-03  1.3877E-01
 -2.0252E-03  1.3877E-01  5.1625E-02 -4.1571E-02 -2.4501E-03 -7.7973E-04
 -8.2562E-02  6.8980E-02  6.7445E-03 -1.9349E-02 -3.8807E-03  1.9644E-01
   80.000000000000000     
  5.4058E-03  2.0220E-01 -6.7529E-03  1.9065E-02  8.3456E-02 -6.7723E-02
 -2.4766E-03 -7.4867E-04 -5.2232E-02  4.0906E-02  4.5434E-03  1.4276E-01
  4.5434E-03  1.4276E-01  5.2232E-02 -4.0906E-02 -2.4766E-03 -7.4867E-04
 -8.3456E-02  6.7723E-02  6.7529E-03 -1.9065E-02  5.4058E-03  2.0220E-01
   80.500000000000000     
  1.4593E-02  2.0769E-01 -6.7555E-03  1.8775E-02  8.4306E-02 -6.6427E-02
 -2.5021E-03 -7.1934E-04 -5.2813E-02  4.0216E-02  1.1041E-02  1.4656E-01
  1.1041E-02  1.4656E-01  5.2813E-02 -4.0216E-02 -2.5021E-03 -7.1934E-04
 -8.4306E-02  6.6427E-02  6.7555E-03 -1.8775E-02  1.4593E-02  2.0769E-01
   81.000000000000000     
  2.3673E-02  2.1293E-01 -6.7525E-03  1.8480E-02  8.5111E-02 -6.5093E-02
 -2.5266E-03 -6.9188E-04 -5.3366E-02  3.9503E-02  1.7462E-02  1.5018E-01
  1.7462E-02  1.5018E-01  5.3366E-02 -3.9503E-02 -2.5266E-03 -6.9188E-04
 -8.5111E-02  6.5093E-02  6.7525E-03 -1.8480E-02  2.3673E-02  2.1293E-01
   81.500000000000000     
  3.2638E-02  2.1791E-01 -6.7441E-03  1.8181E-02  8.5871E-02 -6.3721E-02
 -2.5502E-03 -6.6637E-04 -5.3891E-02  3.8764E-02  2.3802E-02  1.5363E-01
  2.3802E-02  1.5363E-01  5.3891E-02 -3.8764E-02 -2.5502E-03 -6.6637E-04
 -8.5871E-02  6.3721E-02  6.7441E-03 -1.8181E-02  3.2638E-02  2.1791E-01
   82.000000000000000     
  4.1481E-02  2.2266E-01 -6.7306E-03  1.7878E-02  8.6586E-02 -6.2311E-02
 -2.5728E-03 -6.4281E-04 -5.4387E-02  3.8001E-02  3.0054E-02  1.5691E-01
  3.0054E-02  1.5691E-01  5.4387E-02 -3.8001E-02 -2.5728E-03 -6.4281E-04
 -8.6586E-02  6.2311E-02  6.7306E-03 -1.7878E-02  4.1481E-02  2.2266E-01
   82.500000000000000     
  5.0195E-02  2.2718E-01 -6.7120E-03  1.7572E-02  8.7255E-02 -6.0863E-02
 -2.5944E-03 -6.2116E-04 -5.4854E-02  3.7213E-02  3.6214E-02  1.6003E-01
  3.6214E-02  1.6003E-01  5.4854E-02 -3.7213E-02 -2.5944E-03 -6.2116E-04
 -8.7255E-02  6.0863E-02  6.7120E-03 -1.7572E-02  5.0195E-02  2.2718E-01
   83.000000000000000     
  5.8772E-02  2.3148E-01 -6.6886E-03  1.7262E-02  8.7878E-02 -5.9378E-02
 -2.6151E-03 -6.0130E-04 -5.5293E-02  3.6400E-02  4.2277E-02  1.6300E-01
  4.2277E-02  1.6300E-01  5.5293E-02 -3.6400E-02 -2.6151E-03 -6.0130E-04
 -8.7878E-02  5.9378E-02  6.6886E-03 -1.7262E-02  5.8772E-02  2.3148E-01
   83.500000000000000     
  6.7205E-02  2.3558E-01 -6.6605E-03  1.6950E-02  8.8455E-02 -5.7857E-02
 -2.6349E-03 -5.8307E-04 -5.5702E-02  3.5563E-02  4.8238E-02  1.6583E-01
  4.8238E-02  1.6583E-01  5.5702E-02 -3.5563E-02 -2.6349E-03 -5.8307E-04
 -8.8455E-02  5.7857E-02  6.6605E-03 -1.6950E-02  6.7205E-02  2.3558E-01
   84.000000000000000     
  7.5489E-02  2.3948E-01 -6.6279E-03  1.6635E-02  8.8985E-02 -5.6299E-02
 -2.6540E-03 -5.6625E-04 -5.6081E-02  3.4703E-02  5.4093E-02  1.6851E-01
  5.4093E-02  1.6851E-01  5.6081E-02 -3.4703E-02 -2.6540E-03 -5.6625E-04
 -8.8985E-02  5.6299E-02  6.6279E-03 -1.6635E-02  7.5489E-02  2.3948E-01
   84.500000000000000     
  8.3617E-02  2.4320E-01 -6.5906E-03  1.6317E-02  8.9468E-02 -5.4707E-02
 -2.6725E-03 -5.5057E-04 -5.6431E-02  3.3818E-02  5.9837E-02  1.7107E-01
  5.9837E-02  1.7107E-01  5.6431E-02 -3.3818E-02 -2.6725E-03 -5.5057E-04
 -8.9468E-02  5.4707E-02  6.5906E-03 -1.6317E-02  8.3617E-02  2.4320E-01
   85.000000000000000     
  9.1583E-02  2.4674E-01 -6.5489E-03  1.5997E-02  8.9905E-02 -5.3081E-02
 -2.6906E-03 -5.3573E-04 -5.6750E-02  3.2911E-02  6.5466E-02  1.7351E-01
  6.5466E-02  1.7351E-01  5.6750E-02 -3.2911E-02 -2.6906E-03 -5.3573E-04
 -8.9905E-02  5.3081E-02  6.5489E-03 -1.5997E-02  9.1583E-02  2.4674E-01
   85.500000000000000     
  9.9381E-02  2.5012E-01 -6.5027E-03  1.5675E-02  9.0296E-02 -5.1421E-02
 -2.7084E-03 -5.2138E-04 -5.7040E-02  3.1981E-02  7.0977E-02  1.7583E-01
  7.0977E-02  1.7583E-01  5.7040E-02 -3.1981E-02 -2.7084E-03 -5.2138E-04
 -9.0296E-02  5.1421E-02  6.5027E-03 -1.5675E-02  9.9381E-02  2.5012E-01
   86.000000000000000     
  1.0701E-01  2.5335E-01 -6.4520E-03  1.5350E-02  9.0640E-02 -4.9729E-02
 -2.7261E-03 -5.0716E-04 -5.7300E-02  3.1030E-02  7.6365E-02  1.7804E-01
  7.6365E-02  1.7804E-01  5.7300E-02 -3.1030E-02 -2.7261E-03 -5.0716E-04
 -9.0640E-02  4.9729E-02  6.4520E-03 -1.5350E-02  1.0701E-01  2.5335E-01
   86.500000000000000     
  1.1445E-01  2.5643E-01 -6.3968E-03  1.5022E-02  9.0937E-02 -4.8005E-02
 -2.7439E-03 -4.9270E-04 -5.7531E-02  3.0058E-02  8.1627E-02  1.8016E-01
  8.1627E-02  1.8016E-01  5.7531E-02 -3.0058E-02 -2.7439E-03 -4.9270E-04
 -9.0937E-02  4.8005E-02  6.3968E-03 -1.5022E-02  1.1445E-01  2.5643E-01
   87.000000000000000     
  1.2172E-01  2.5938E-01 -6.3369E-03  1.4691E-02  9.1188E-02 -4.6252E-02
 -2.7620E-03 -4.7761E-04 -5.7732E-02  2.9067E-02  8.6760E-02  1.8218E-01
  8.6760E-02  1.8218E-01  5.7732E-02 -2.9067E-02 -2.7620E-03 -4.7761E-04
 -9.1188E-02  4.6252E-02  6.3369E-03 -1.4691E-02  1.2172E-01  2.5938E-01
   87.500000000000000     
  1.2879E-01  2.6220E-01 -6.2723E-03  1.4357E-02  9.1394E-02 -4.4470E-02
 -2.7805E-03 -4.6151E-04 -5.7904E-02  2.8057E-02  9.1762E-02  1.8411E-01
  9.1762E-02  1.8411E-01  5.7904E-02 -2.8057E-02 -2.7805E-03 -4.6151E-04
 -9.1394E-02  4.4470E-02  6.2723E-03 -1.4357E-02  1.2879E-01  2.6220E-01
   88.000000000000000     
  1.3568E-01  2.6491E-01 -6.2029E-03  1.4020E-02  9.1553E-02 -4.2661E-02
 -2.7997E-03 -4.4405E-04 -5.8046E-02  2.7030E-02  9.6629E-02  1.8595E-01
  9.6629E-02  1.8595E-01  5.8046E-02 -2.7030E-02 -2.7997E-03 -4.4405E-04
 -9.1553E-02  4.2661E-02  6.2029E-03 -1.4020E-02  1.3568E-01  2.6491E-01
   88.500000000000000     
  1.4237E-01  2.6751E-01 -6.1285E-03  1.3678E-02  9.1668E-02 -4.0825E-02
 -2.8197E-03 -4.2489E-04 -5.8160E-02  2.5987E-02  1.0136E-01  1.8773E-01
  1.0136E-01  1.8773E-01  5.8160E-02 -2.5987E-02 -2.8197E-03 -4.2489E-04
 -9.1668E-02  4.0825E-02  6.1285E-03 -1.3678E-02  1.4237E-01  2.6751E-01
   89.000000000000000     
  1.4887E-01  2.7002E-01 -6.0490E-03  1.3333E-02  9.1737E-02 -3.8965E-02
 -2.8407E-03 -4.0372E-04 -5.8246E-02  2.4929E-02  1.0595E-01  1.8943E-01
  1.0595E-01  1.8943E-01  5.8246E-02 -2.4929E-02 -2.8407E-03 -4.0372E-04
 -9.1737E-02  3.8965E-02  6.0490E-03 -1.3333E-02  1.4887E-01  2.7002E-01
   89.500000000000000     
  1.5516E-01  2.7243E-01 -5.9642E-03  1.2982E-02  9.1762E-02 -3.7082E-02
 -2.8627E-03 -3.8029E-04 -5.8304E-02  2.3857E-02  1.1040E-01  1.9106E-01
  1.1040E-01  1.9106E-01  5.8304E-02 -2.3857E-02 -2.8627E-03 -3.8029E-04
 -9.1762E-02  3.7082E-02  5.9642E-03 -1.2982E-02  1.5516E-01  2.7243E-01
   90.000000000000000     
  1.6125E-01  2.7475E-01 -5.8740E-03  1.2626E-02  9.1743E-02 -3.5177E-02
 -2.8860E-03 -3.5439E-04 -5.8334E-02  2.2773E-02  1.1471E-01  1.9263E-01
  1.1471E-01  1.9263E-01  5.8334E-02 -2.2773E-02 -2.8860E-03 -3.5439E-04
 -9.1743E-02  3.5177E-02  5.8740E-03 -1.2626E-02  1.6125E-01  2.7475E-01
   90.500000000000000     
  1.6713E-01  2.7699E-01 -5.7783E-03  1.2265E-02  9.1680E-02 -3.3251E-02
 -2.9106E-03 -3.2586E-04 -5.8337E-02  2.1678E-02  1.1887E-01  1.9414E-01
  1.1887E-01  1.9414E-01  5.8337E-02 -2.1678E-02 -2.9106E-03 -3.2586E-04
 -9.1680E-02  3.3251E-02  5.7783E-03 -1.2265E-02  1.6713E-01  2.7699E-01
   91.000000000000000     
  1.7281E-01  2.7915E-01 -5.6770E-03  1.1897E-02  9.1574E-02 -3.1307E-02
 -2.9365E-03 -2.9462E-04 -5.8313E-02  2.0573E-02  1.2289E-01  1.9560E-01
  1.2289E-01  1.9560E-01  5.8313E-02 -2.0573E-02 -2.9365E-03 -2.9462E-04
 -9.1574E-02  3.1307E-02  5.6770E-03 -1.1897E-02  1.7281E-01  2.7915E-01
   91.500000000000000     
  1.7828E-01  2.8125E-01 -5.5699E-03  1.1523E-02  9.1425E-02 -2.9345E-02
 -2.9637E-03 -2.6064E-04 -5.8263E-02  1.9460E-02  1.2676E-01  1.9700E-01
  1.2676E-01  1.9700E-01  5.8263E-02 -1.9460E-02 -2.9637E-03 -2.6064E-04
 -9.1425E-02  2.9345E-02  5.5699E-03 -1.1523E-02  1.7828E-01  2.8125E-01
   92.000000000000000     
  1.8354E-01  2.8327E-01 -5.4569E-03  1.1143E-02  9.1234E-02 -2.7367E-02
 -2.9923E-03 -2.2394E-04 -5.8186E-02  1.8339E-02  1.3049E-01  1.9835E-01
  1.3049E-01  1.9835E-01  5.8186E-02 -1.8339E-02 -2.9923E-03 -2.2394E-04
 -9.1234E-02  2.7367E-02  5.4569E-03 -1.1143E-02  1.8354E-01  2.8327E-01
   92.500000000000000     
  1.8859E-01  2.8523E-01 -5.3381E-03  1.0755E-02  9.1001E-02 -2.5374E-02
 -3.0222E-03 -1.8464E-04 -5.8084E-02  1.7213E-02  1.3406E-01  1.9966E-01
  1.3406E-01  1.9966E-01  5.8084E-02 -1.7213E-02 -3.0222E-03 -1.8464E-04
 -9.1001E-02  2.5374E-02  5.3381E-03 -1.0755E-02  1.8859E-01  2.8523E-01
   93.000000000000000     
  1.9343E-01  2.8712E-01 -5.2134E-03  1.0361E-02  9.0727E-02 -2.3368E-02
 -3.0532E-03 -1.4289E-04 -5.7957E-02  1.6080E-02  1.3749E-01  2.0092E-01
  1.3749E-01  2.0092E-01  5.7957E-02 -1.6080E-02 -3.0532E-03 -1.4289E-04
 -9.0727E-02  2.3368E-02  5.2134E-03 -1.0361E-02  1.9343E-01  2.8712E-01
   93.500000000000000     
  1.9805E-01  2.8896E-01 -5.0828E-03  9.9585E-03  9.0412E-02 -2.1349E-02
 -3.0854E-03 -9.8924E-05 -5.7804E-02  1.4944E-02  1.4077E-01  2.0214E-01
  1.4077E-01  2.0214E-01  5.7804E-02 -1.4944E-02 -3.0854E-03 -9.8924E-05
 -9.0412E-02  2.1349E-02  5.0828E-03 -9.9585E-03  1.9805E-01  2.8896E-01
   94.000000000000000     
  2.0247E-01  2.9073E-01 -4.9463E-03  9.5488E-03  9.0057E-02 -1.9319E-02
 -3.1185E-03 -5.3009E-05 -5.7627E-02  1.3805E-02  1.4390E-01  2.0331E-01
  1.4390E-01  2.0331E-01  5.7627E-02 -1.3805E-02 -3.1185E-03 -5.3009E-05
 -9.0057E-02  1.9319E-02  4.9463E-03 -9.5488E-03  2.0247E-01  2.9073E-01
   94.500000000000000     
  2.0667E-01  2.9245E-01 -4.8040E-03  9.1315E-03  8.9662E-02 -1.7280E-02
 -3.1525E-03 -5.4724E-06 -5.7425E-02  1.2662E-02  1.4688E-01  2.0444E-01
  1.4688E-01  2.0444E-01  5.7425E-02 -1.2662E-02 -3.1525E-03 -5.4724E-06
 -8.9662E-02  1.7280E-02  4.8040E-03 -9.1315E-03  2.0667E-01  2.9245E-01
   95.000000000000000     
  2.1066E-01  2.9410E-01 -4.6561E-03  8.7067E-03  8.9227E-02 -1.5231E-02
 -3.1870E-03  4.3321E-05 -5.7198E-02  1.1519E-02  1.4972E-01  2.0553E-01
  1.4972E-01  2.0553E-01  5.7198E-02 -1.1519E-02 -3.1870E-03  4.3321E-05
 -8.9227E-02  1.5231E-02  4.6561E-03 -8.7067E-03  2.1066E-01  2.9410E-01
   95.500000000000000     
  2.1445E-01  2.9569E-01 -4.5026E-03  8.2745E-03  8.8753E-02 -1.3175E-02
 -3.2219E-03  9.2976E-05 -5.6948E-02  1.0373E-02  1.5240E-01  2.0658E-01
  1.5240E-01  2.0658E-01  5.6948E-02 -1.0373E-02 -3.2219E-03  9.2976E-05
 -8.8753E-02  1.3175E-02  4.5026E-03 -8.2745E-03  2.1445E-01  2.9569E-01
   96.000000000000000     
  2.1802E-01  2.9722E-01 -4.3437E-03  7.8349E-03  8.8241E-02 -1.1111E-02
 -3.2571E-03  1.4308E-04 -5.6673E-02  9.2276E-03  1.5494E-01  2.0758E-01
  1.5494E-01  2.0758E-01  5.6673E-02 -9.2276E-03 -3.2571E-03  1.4308E-04
 -8.8241E-02  1.1111E-02  4.3437E-03 -7.8349E-03  2.1802E-01  2.9722E-01
   96.500000000000000     
  2.2139E-01  2.9869E-01 -4.1796E-03  7.3883E-03  8.7691E-02 -9.0416E-03
 -3.2923E-03  1.9319E-04 -5.6375E-02  8.0817E-03  1.5734E-01  2.0854E-01
  1.5734E-01  2.0854E-01  5.6375E-02 -8.0817E-03 -3.2923E-03  1.9319E-04
 -8.7691E-02  9.0416E-03  4.1796E-03 -7.3883E-03  2.2139E-01  2.9869E-01
   97.000000000000000     
  2.2456E-01  3.0008E-01 -4.0106E-03  6.9348E-03  8.7103E-02 -6.9667E-03
 -3.3272E-03  2.4290E-04 -5.6053E-02  6.9359E-03  1.5959E-01  2.0945E-01
  1.5959E-01  2.0945E-01  5.6053E-02 -6.9359E-03 -3.3272E-03  2.4290E-04
 -8.7103E-02  6.9667E-03  4.0106E-03 -6.9348E-03  2.2456E-01  3.0008E-01
   97.500000000000000     
  2.2752E-01  3.0141E-01 -3.8369E-03  6.4748E-03  8.6477E-02 -4.8873E-03
 -3.3616E-03  2.9177E-04 -5.5708E-02  5.7907E-03  1.6169E-01  2.1031E-01
  1.6169E-01  2.1031E-01  5.5708E-02 -5.7907E-03 -3.3616E-03  2.9177E-04
 -8.6477E-02  4.8873E-03  3.8369E-03 -6.4748E-03  2.2752E-01  3.0141E-01
   98.000000000000000     
  2.3029E-01  3.0267E-01 -3.6587E-03  6.0087E-03  8.5814E-02 -2.8042E-03
 -3.3955E-03  3.3942E-04 -5.5339E-02  4.6464E-03  1.6366E-01  2.1113E-01
  1.6366E-01  2.1113E-01  5.5339E-02 -4.6464E-03 -3.3955E-03  3.3942E-04
 -8.5814E-02  2.8042E-03  3.6587E-03 -6.0087E-03  2.3029E-01  3.0267E-01
   98.500000000000000     
  2.3285E-01  3.0386E-01 -3.4764E-03  5.5367E-03  8.5115E-02 -7.1798E-04
 -3.4284E-03  3.8548E-04 -5.4946E-02  3.5031E-03  1.6548E-01  2.1189E-01
  1.6548E-01  2.1189E-01  5.4946E-02 -3.5031E-03 -3.4284E-03  3.8548E-04
 -8.5115E-02  7.1798E-04  3.4764E-03 -5.5367E-03  2.3285E-01  3.0386E-01
   99.000000000000000     
  2.3522E-01  3.0496E-01 -3.2902E-03  5.0593E-03  8.4380E-02  1.3705E-03
 -3.4604E-03  4.2962E-04 -5.4531E-02  2.3612E-03  1.6716E-01  2.1260E-01
  1.6716E-01  2.1260E-01  5.4531E-02 -2.3612E-03 -3.4604E-03  4.2962E-04
 -8.4380E-02 -1.3705E-03  3.2902E-03 -5.0593E-03  2.3522E-01  3.0496E-01
   99.500000000000000     
  2.3740E-01  3.0599E-01 -3.1003E-03  4.5770E-03  8.3609E-02  3.4607E-03
 -3.4912E-03  4.7156E-04 -5.4092E-02  1.2208E-03  1.6871E-01  2.1326E-01
  1.6871E-01  2.1326E-01  5.4092E-02 -1.2208E-03 -3.4912E-03  4.7156E-04
 -8.3609E-02 -3.4607E-03  3.1003E-03 -4.5770E-03  2.3740E-01  3.0599E-01
   100.00000000000000     
  2.3938E-01  3.0692E-01 -2.9072E-03  4.0900E-03  8.2803E-02  5.5518E-03
 -3.5207E-03  5.1107E-04 -5.3630E-02  8.2212E-05  1.7012E-01  2.1386E-01
  1.7012E-01  2.1386E-01  5.3630E-02 -8.2212E-05 -3.5207E-03  5.1107E-04
 -8.2803E-02 -5.5518E-03  2.9072E-03 -4.0900E-03  2.3938E-01  3.0692E-01
   100.50000000000000     
  2.4118E-01  3.0777E-01 -2.7110E-03  3.5989E-03  8.1963E-02  7.6432E-03
 -3.5489E-03  5.4801E-04 -5.3146E-02 -1.0543E-03  1.7140E-01  2.1440E-01
  1.7140E-01  2.1440E-01  5.3146E-02  1.0543E-03 -3.5489E-03  5.4801E-04
 -8.1963E-02 -7.6432E-03  2.7110E-03 -3.5989E-03  2.4118E-01  3.0777E-01
   101.00000000000000     
  2.4279E-01  3.0853E-01 -2.5120E-03  3.1038E-03  8.1088E-02  9.7341E-03
 -3.5756E-03  5.8226E-04 -5.2639E-02 -2.1886E-03  1.7255E-01  2.1487E-01
  1.7255E-01  2.1487E-01  5.2639E-02  2.1886E-03 -3.5756E-03  5.8226E-04
 -8.1088E-02 -9.7341E-03  2.5120E-03 -3.1038E-03  2.4279E-01  3.0853E-01
   101.50000000000000     
  2.4423E-01  3.0919E-01 -2.3105E-03  2.6053E-03  8.0180E-02  1.1824E-02
 -3.6008E-03  6.1381E-04 -5.2109E-02 -3.3201E-03  1.7356E-01  2.1528E-01
  1.7356E-01  2.1528E-01  5.2109E-02  3.3201E-03 -3.6008E-03  6.1381E-04
 -8.0180E-02 -1.1824E-02  2.3105E-03 -2.6053E-03  2.4423E-01  3.0919E-01
   102.00000000000000     
  2.4548E-01  3.0975E-01 -2.1066E-03  2.1036E-03  7.9238E-02  1.3911E-02
 -3.6246E-03  6.4268E-04 -5.1558E-02 -4.4487E-03  1.7445E-01  2.1563E-01
  1.7445E-01  2.1563E-01  5.1558E-02  4.4487E-03 -3.6246E-03  6.4268E-04
 -7.9238E-02 -1.3911E-02  2.1066E-03 -2.1036E-03  2.4548E-01  3.0975E-01
   102.50000000000000     
  2.4657E-01  3.1020E-01 -1.9006E-03  1.5989E-03  7.8265E-02  1.5996E-02
 -3.6470E-03  6.6900E-04 -5.0985E-02 -5.5738E-03  1.7522E-01  2.1590E-01
  1.7522E-01  2.1590E-01  5.0985E-02  5.5738E-03 -3.6470E-03  6.6900E-04
 -7.8265E-02 -1.5996E-02  1.9006E-03 -1.5989E-03  2.4657E-01  3.1020E-01
   103.00000000000000     
  2.4748E-01  3.1055E-01 -1.6927E-03  1.0914E-03  7.7259E-02  1.8077E-02
 -3.6680E-03  6.9292E-04 -5.0390E-02 -6.6949E-03  1.7587E-01  2.1609E-01
  1.7587E-01  2.1609E-01  5.0390E-02  6.6949E-03 -3.6680E-03  6.9292E-04
 -7.7259E-02 -1.8077E-02  1.6927E-03 -1.0914E-03  2.4748E-01  3.1055E-01
   103.50000000000000     
  2.4822E-01  3.1078E-01 -1.4829E-03  5.8133E-04  7.6223E-02  2.0154E-02
 -3.6878E-03  7.1468E-04 -4.9775E-02 -7.8115E-03  1.7639E-01  2.1622E-01
  1.7639E-01  2.1622E-01  4.9775E-02  7.8115E-03 -3.6878E-03  7.1468E-04
 -7.6223E-02 -2.0154E-02  1.4829E-03 -5.8133E-04  2.4822E-01  3.1078E-01
   104.00000000000000     
  2.4880E-01  3.1090E-01 -1.2714E-03  6.8717E-05  7.5157E-02  2.2224E-02
 -3.7065E-03  7.3456E-04 -4.9139E-02 -8.9228E-03  1.7680E-01  2.1626E-01
  1.7680E-01  2.1626E-01  4.9139E-02  8.9228E-03 -3.7065E-03  7.3456E-04
 -7.5157E-02 -2.2224E-02  1.2714E-03 -6.8717E-05  2.4880E-01  3.1090E-01
   104.50000000000000     
  2.4922E-01  3.1091E-01 -1.0582E-03 -4.4640E-04  7.4061E-02  2.4288E-02
 -3.7242E-03  7.5289E-04 -4.8484E-02 -1.0028E-02  1.7710E-01  2.1622E-01
  1.7710E-01  2.1622E-01  4.8484E-02  1.0028E-02 -3.7242E-03  7.5289E-04
 -7.4061E-02 -2.4288E-02  1.0582E-03  4.4640E-04  2.4922E-01  3.1091E-01
   105.00000000000000     
  2.4949E-01  3.1079E-01 -8.4336E-04 -9.6406E-04  7.2937E-02  2.6344E-02
 -3.7411E-03  7.7005E-04 -4.7809E-02 -1.1127E-02  1.7728E-01  2.1610E-01
  1.7728E-01  2.1610E-01  4.7809E-02  1.1127E-02 -3.7411E-03  7.7005E-04
 -7.2937E-02 -2.6344E-02  8.4336E-04  9.6406E-04  2.4949E-01  3.1079E-01
   105.50000000000000     
  2.4960E-01  3.1055E-01 -6.2694E-04 -1.4844E-03  7.1786E-02  2.8392E-02
 -3.7574E-03  7.8642E-04 -4.7116E-02 -1.2218E-02  1.7735E-01  2.1590E-01
  1.7735E-01  2.1590E-01  4.7116E-02  1.2218E-02 -3.7574E-03  7.8642E-04
 -7.1786E-02 -2.8392E-02  6.2694E-04  1.4844E-03  2.4960E-01  3.1055E-01
   106.00000000000000     
  2.4956E-01  3.1019E-01 -4.0887E-04 -2.0074E-03  7.0607E-02  3.0428E-02
 -3.7733E-03  8.0243E-04 -4.6405E-02 -1.3300E-02  1.7732E-01  2.1561E-01
  1.7732E-01  2.1561E-01  4.6405E-02  1.3300E-02 -3.7733E-03  8.0243E-04
 -7.0607E-02 -3.0428E-02  4.0887E-04  2.0074E-03  2.4956E-01  3.1019E-01
   106.50000000000000     
  2.4938E-01  3.0971E-01 -1.8913E-04 -2.5334E-03  6.9404E-02  3.2454E-02
 -3.7890E-03  8.1848E-04 -4.5676E-02 -1.4373E-02  1.7719E-01  2.1523E-01
  1.7719E-01  2.1523E-01  4.5676E-02  1.4373E-02 -3.7890E-03  8.1848E-04
 -6.9404E-02 -3.2454E-02  1.8913E-04  2.5334E-03  2.4938E-01  3.0971E-01
   107.00000000000000     
  2.4905E-01  3.0910E-01  3.2364E-05 -3.0627E-03  6.8176E-02  3.4467E-02
 -3.8046E-03  8.3499E-04 -4.4932E-02 -1.5435E-02  1.7695E-01  2.1477E-01
  1.7695E-01  2.1477E-01  4.4932E-02  1.5435E-02 -3.8046E-03  8.3499E-04
 -6.8176E-02 -3.4467E-02 -3.2364E-05  3.0627E-03  2.4905E-01  3.0910E-01
   107.50000000000000     
  2.4859E-01  3.0836E-01  2.5570E-04 -3.5953E-03  6.6924E-02  3.6465E-02
 -3.8204E-03  8.5236E-04 -4.4172E-02 -1.6485E-02  1.7662E-01  2.1421E-01
  1.7662E-01  2.1421E-01  4.4172E-02  1.6485E-02 -3.8204E-03  8.5236E-04
 -6.6924E-02 -3.6465E-02 -2.5570E-04  3.5953E-03  2.4859E-01  3.0836E-01
   108.00000000000000     
  2.4799E-01  3.0749E-01  4.8098E-04 -4.1317E-03  6.5650E-02  3.8449E-02
 -3.8366E-03  8.7095E-04 -4.3397E-02 -1.7522E-02  1.7619E-01  2.1357E-01
  1.7619E-01  2.1357E-01  4.3397E-02  1.7522E-02 -3.8366E-03  8.7095E-04
 -6.5650E-02 -3.8449E-02 -4.8098E-04  4.1317E-03  2.4799E-01  3.0749E-01
   108.50000000000000     
  2.4727E-01  3.0649E-01  7.0831E-04 -4.6722E-03  6.4354E-02  4.0415E-02
 -3.8532E-03  8.9110E-04 -4.2609E-02 -1.8546E-02  1.7568E-01  2.1283E-01
  1.7568E-01  2.1283E-01  4.2609E-02  1.8546E-02 -3.8532E-03  8.9110E-04
 -6.4354E-02 -4.0415E-02 -7.0831E-04  4.6722E-03  2.4727E-01  3.0649E-01
   109.00000000000000     
  2.4641E-01  3.0536E-01  9.3782E-04 -5.2169E-03  6.3039E-02  4.2364E-02
 -3.8705E-03  9.1308E-04 -4.1807E-02 -1.9554E-02  1.7507E-01  2.1200E-01
  1.7507E-01  2.1200E-01  4.1807E-02  1.9554E-02 -3.8705E-03  9.1308E-04
 -6.3039E-02 -4.2364E-02 -9.3782E-04  5.2169E-03  2.4641E-01  3.0536E-01
   109.50000000000000     
  2.4544E-01  3.0411E-01  1.1696E-03 -5.7664E-03  6.1704E-02  4.4293E-02
 -3.8886E-03  9.3713E-04 -4.0994E-02 -2.0546E-02  1.7437E-01  2.1108E-01
  1.7437E-01  2.1108E-01  4.0994E-02  2.0546E-02 -3.8886E-03  9.3713E-04
 -6.1704E-02 -4.4293E-02 -1.1696E-03  5.7664E-03  2.4544E-01  3.0411E-01
   110.00000000000000     
  2.4434E-01  3.0273E-01  1.4038E-03 -6.3207E-03  6.0352E-02  4.6202E-02
 -3.9074E-03  9.6340E-04 -4.0169E-02 -2.1520E-02  1.7359E-01  2.1007E-01
  1.7359E-01  2.1007E-01  4.0169E-02  2.1520E-02 -3.9074E-03  9.6340E-04
 -6.0352E-02 -4.6202E-02 -1.4038E-03  6.3207E-03  2.4434E-01  3.0273E-01
   110.50000000000000     
  2.4313E-01  3.0122E-01  1.6405E-03 -6.8802E-03  5.8982E-02  4.8088E-02
 -3.9271E-03  9.9199E-04 -3.9334E-02 -2.2476E-02  1.7273E-01  2.0897E-01
  1.7273E-01  2.0897E-01  3.9334E-02  2.2476E-02 -3.9271E-03  9.9199E-04
 -5.8982E-02 -4.8088E-02 -1.6405E-03  6.8802E-03  2.4313E-01  3.0122E-01
   111.00000000000000     
  2.4181E-01  2.9959E-01  1.8798E-03 -7.4450E-03  5.7597E-02  4.9952E-02
 -3.9476E-03  1.0229E-03 -3.8489E-02 -2.3413E-02  1.7179E-01  2.0778E-01
  1.7179E-01  2.0778E-01  3.8489E-02  2.3413E-02 -3.9476E-03  1.0229E-03
 -5.7597E-02 -4.9952E-02 -1.8798E-03  7.4450E-03  2.4181E-01  2.9959E-01
   111.50000000000000     
  2.4038E-01  2.9783E-01  2.1217E-03 -8.0154E-03  5.6198E-02  5.1791E-02
 -3.9689E-03  1.0562E-03 -3.7636E-02 -2.4329E-02  1.7077E-01  2.0651E-01
  1.7077E-01  2.0651E-01  3.7636E-02  2.4329E-02 -3.9689E-03  1.0562E-03
 -5.6198E-02 -5.1791E-02 -2.1217E-03  8.0154E-03  2.4038E-01  2.9783E-01
   112.00000000000000     
  2.3885E-01  2.9596E-01  2.3663E-03 -8.5915E-03  5.4785E-02  5.3604E-02
 -3.9910E-03  1.0916E-03 -3.6775E-02 -2.5225E-02  1.6969E-01  2.0514E-01
  1.6969E-01  2.0514E-01  3.6775E-02  2.5225E-02 -3.9910E-03  1.0916E-03
 -5.4785E-02 -5.3604E-02 -2.3663E-03  8.5915E-03  2.3885E-01  2.9596E-01
   112.50000000000000     
  2.3722E-01  2.9396E-01  2.6136E-03 -9.1732E-03  5.3359E-02  5.5392E-02
 -4.0137E-03  1.1289E-03 -3.5906E-02 -2.6098E-02  1.6853E-01  2.0370E-01
  1.6853E-01  2.0370E-01  3.5906E-02  2.6098E-02 -4.0137E-03  1.1289E-03
 -5.3359E-02 -5.5392E-02 -2.6136E-03  9.1732E-03  2.3722E-01  2.9396E-01
   113.00000000000000     
  2.3549E-01  2.9184E-01  2.8636E-03 -9.7607E-03  5.1922E-02  5.7152E-02
 -4.0370E-03  1.1680E-03 -3.5032E-02 -2.6949E-02  1.6730E-01  2.0216E-01
  1.6730E-01  2.0216E-01  3.5032E-02  2.6949E-02 -4.0370E-03  1.1680E-03
 -5.1922E-02 -5.7152E-02 -2.8636E-03  9.7607E-03  2.3549E-01  2.9184E-01
   113.50000000000000     
  2.3368E-01  2.8961E-01  3.1162E-03 -1.0354E-02  5.0475E-02  5.8883E-02
 -4.0606E-03  1.2086E-03 -3.4151E-02 -2.7777E-02  1.6601E-01  2.0055E-01
  1.6601E-01  2.0055E-01  3.4151E-02  2.7777E-02 -4.0606E-03  1.2086E-03
 -5.0475E-02 -5.8883E-02 -3.1162E-03  1.0354E-02  2.3368E-01  2.8961E-01
   114.00000000000000     
  2.3177E-01  2.8727E-01  3.3714E-03 -1.0952E-02  4.9018E-02  6.0586E-02
 -4.0843E-03  1.2501E-03 -3.3266E-02 -2.8582E-02  1.6466E-01  1.9886E-01
  1.6466E-01  1.9886E-01  3.3266E-02  2.8582E-02 -4.0843E-03  1.2501E-03
 -4.9018E-02 -6.0586E-02 -3.3714E-03  1.0952E-02  2.3177E-01  2.8727E-01
   114.50000000000000     
  2.2979E-01  2.8481E-01  3.6290E-03 -1.1556E-02  4.7553E-02  6.2259E-02
 -4.1080E-03  1.2922E-03 -3.2376E-02 -2.9362E-02  1.6325E-01  1.9709E-01
  1.6325E-01  1.9709E-01  3.2376E-02  2.9362E-02 -4.1080E-03  1.2922E-03
 -4.7553E-02 -6.2259E-02 -3.6290E-03  1.1556E-02  2.2979E-01  2.8481E-01
   115.00000000000000     
  2.2772E-01  2.8225E-01  3.8890E-03 -1.2164E-02  4.6080E-02  6.3901E-02
 -4.1313E-03  1.3345E-03 -3.1482E-02 -3.0119E-02  1.6178E-01  1.9525E-01
  1.6178E-01  1.9525E-01  3.1482E-02  3.0119E-02 -4.1313E-03  1.3345E-03
 -4.6080E-02 -6.3901E-02 -3.8890E-03  1.2164E-02  2.2772E-01  2.8225E-01
   115.50000000000000     
  2.2559E-01  2.7958E-01  4.1511E-03 -1.2778E-02  4.4600E-02  6.5512E-02
 -4.1541E-03  1.3765E-03 -3.0585E-02 -3.0852E-02  1.6025E-01  1.9333E-01
  1.6025E-01  1.9333E-01  3.0585E-02  3.0852E-02 -4.1541E-03  1.3765E-03
 -4.4600E-02 -6.5512E-02 -4.1511E-03  1.2778E-02  2.2559E-01  2.7958E-01
   116.00000000000000     
  2.2338E-01  2.7682E-01  4.4151E-03 -1.3395E-02  4.3115E-02  6.7092E-02
 -4.1760E-03  1.4176E-03 -2.9685E-02 -3.1560E-02  1.5868E-01  1.9134E-01
  1.5868E-01  1.9134E-01  2.9685E-02  3.1560E-02 -4.1760E-03  1.4176E-03
 -4.3115E-02 -6.7092E-02 -4.4151E-03  1.3395E-02  2.2338E-01  2.7682E-01
   116.50000000000000     
  2.2110E-01  2.7395E-01  4.6807E-03 -1.4016E-02  4.1625E-02  6.8640E-02
 -4.1969E-03  1.4575E-03 -2.8782E-02 -3.2245E-02  1.5706E-01  1.8929E-01
  1.5706E-01  1.8929E-01  2.8782E-02  3.2245E-02 -4.1969E-03  1.4575E-03
 -4.1625E-02 -6.8640E-02 -4.6807E-03  1.4016E-02  2.2110E-01  2.7395E-01
   117.00000000000000     
  2.1877E-01  2.7099E-01  4.9479E-03 -1.4639E-02  4.0130E-02  7.0156E-02
 -4.2164E-03  1.4956E-03 -2.7877E-02 -3.2905E-02  1.5539E-01  1.8717E-01
  1.5539E-01  1.8717E-01  2.7877E-02  3.2905E-02 -4.2164E-03  1.4956E-03
 -4.0130E-02 -7.0156E-02 -4.9479E-03  1.4639E-02  2.1877E-01  2.7099E-01
   117.50000000000000     
  2.1638E-01  2.6793E-01  5.2162E-03 -1.5266E-02  3.8632E-02  7.1640E-02
 -4.2344E-03  1.5314E-03 -2.6971E-02 -3.3542E-02  1.5368E-01  1.8498E-01
  1.5368E-01  1.8498E-01  2.6971E-02  3.3542E-02 -4.2344E-03  1.5314E-03
 -3.8632E-02 -7.1640E-02 -5.2162E-03  1.5266E-02  2.1638E-01  2.6793E-01
   118.00000000000000     
  2.1393E-01  2.6478E-01  5.4854E-03 -1.5894E-02  3.7132E-02  7.3090E-02
 -4.2506E-03  1.5646E-03 -2.6064E-02 -3.4155E-02  1.5193E-01  1.8274E-01
  1.5193E-01  1.8274E-01  2.6064E-02  3.4155E-02 -4.2506E-03  1.5646E-03
 -3.7132E-02 -7.3090E-02 -5.4854E-03  1.5894E-02  2.1393E-01  2.6478E-01
   118.50000000000000     
  2.1144E-01  2.6155E-01  5.7552E-03 -1.6523E-02  3.5630E-02  7.4508E-02
 -4.2648E-03  1.5948E-03 -2.5155E-02 -3.4745E-02  1.5015E-01  1.8044E-01
  1.5015E-01  1.8044E-01  2.5155E-02  3.4745E-02 -4.2648E-03  1.5948E-03
 -3.5630E-02 -7.4508E-02 -5.7552E-03  1.6523E-02  2.1144E-01  2.6155E-01
   119.00000000000000     
  2.0891E-01  2.5824E-01  6.0252E-03 -1.7153E-02  3.4126E-02  7.5893E-02
 -4.2768E-03  1.6216E-03 -2.4246E-02 -3.5312E-02  1.4833E-01  1.7808E-01
  1.4833E-01  1.7808E-01  2.4246E-02  3.5312E-02 -4.2768E-03  1.6216E-03
 -3.4126E-02 -7.5893E-02 -6.0252E-03  1.7153E-02  2.0891E-01  2.5824E-01
   119.50000000000000     
  2.0633E-01  2.5484E-01  6.2953E-03 -1.7782E-02  3.2623E-02  7.7244E-02
 -4.2865E-03  1.6449E-03 -2.3337E-02 -3.5856E-02  1.4648E-01  1.7567E-01
  1.4648E-01  1.7567E-01  2.3337E-02  3.5856E-02 -4.2865E-03  1.6449E-03
 -3.2623E-02 -7.7244E-02 -6.2953E-03  1.7782E-02  2.0633E-01  2.5484E-01
   120.00000000000000     
  2.0372E-01  2.5137E-01  6.5650E-03 -1.8411E-02  3.1120E-02  7.8562E-02
 -4.2938E-03  1.6644E-03 -2.2428E-02 -3.6379E-02  1.4460E-01  1.7321E-01
  1.4460E-01  1.7321E-01  2.2428E-02  3.6379E-02 -4.2938E-03  1.6644E-03
 -3.1120E-02 -7.8562E-02 -6.5650E-03  1.8411E-02  2.0372E-01  2.5137E-01
   120.50000000000000     
  2.0108E-01  2.4782E-01  6.8341E-03 -1.9037E-02  2.9618E-02  7.9847E-02
 -4.2986E-03  1.6801E-03 -2.1520E-02 -3.6879E-02  1.4270E-01  1.7070E-01
  1.4270E-01  1.7070E-01  2.1520E-02  3.6879E-02 -4.2986E-03  1.6801E-03
 -2.9618E-02 -7.9847E-02 -6.8341E-03  1.9037E-02  2.0108E-01  2.4782E-01
   121.00000000000000     
  1.9841E-01  2.4420E-01  7.1023E-03 -1.9662E-02  2.8118E-02  8.1098E-02
 -4.3010E-03  1.6919E-03 -2.0613E-02 -3.7358E-02  1.4078E-01  1.6814E-01
  1.4078E-01  1.6814E-01  2.0613E-02  3.7358E-02 -4.3010E-03  1.6919E-03
 -2.8118E-02 -8.1098E-02 -7.1023E-03  1.9662E-02  1.9841E-01  2.4420E-01
   121.50000000000000     
  1.9573E-01  2.4052E-01  7.3694E-03 -2.0284E-02  2.6621E-02  8.2316E-02
 -4.3008E-03  1.6998E-03 -1.9707E-02 -3.7816E-02  1.3884E-01  1.6554E-01
  1.3884E-01  1.6554E-01  1.9707E-02  3.7816E-02 -4.3008E-03  1.6998E-03
 -2.6621E-02 -8.2316E-02 -7.3694E-03  2.0284E-02  1.9573E-01  2.4052E-01
   122.00000000000000     
  1.9302E-01  2.3677E-01  7.6351E-03 -2.0902E-02  2.5128E-02  8.3499E-02
 -4.2982E-03  1.7042E-03 -1.8802E-02 -3.8252E-02  1.3688E-01  1.6290E-01
  1.3688E-01  1.6290E-01  1.8802E-02  3.8252E-02 -4.2982E-03  1.7042E-03
 -2.5128E-02 -8.3499E-02 -7.6351E-03  2.0902E-02  1.9302E-01  2.3677E-01
   122.50000000000000     
  1.9030E-01  2.3296E-01  7.8992E-03 -2.1516E-02  2.3639E-02  8.4648E-02
 -4.2932E-03  1.7050E-03 -1.7901E-02 -3.8668E-02  1.3492E-01  1.6022E-01
  1.3492E-01  1.6022E-01  1.7901E-02  3.8668E-02 -4.2932E-03  1.7050E-03
 -2.3639E-02 -8.4648E-02 -7.8992E-03  2.1516E-02  1.9030E-01  2.3296E-01
   123.00000000000000     
  1.8757E-01  2.2909E-01  8.1615E-03 -2.2126E-02  2.2155E-02  8.5763E-02
 -4.2860E-03  1.7027E-03 -1.7001E-02 -3.9063E-02  1.3294E-01  1.5750E-01
  1.3294E-01  1.5750E-01  1.7001E-02  3.9063E-02 -4.2860E-03  1.7027E-03
 -2.2155E-02 -8.5763E-02 -8.1615E-03  2.2126E-02  1.8757E-01  2.2909E-01
   123.50000000000000     
  1.8484E-01  2.2516E-01  8.4219E-03 -2.2731E-02  2.0678E-02  8.6843E-02
 -4.2767E-03  1.6975E-03 -1.6106E-02 -3.9438E-02  1.3095E-01  1.5474E-01
  1.3095E-01  1.5474E-01  1.6106E-02  3.9438E-02 -4.2767E-03  1.6975E-03
 -2.0678E-02 -8.6843E-02 -8.4219E-03  2.2731E-02  1.8484E-01  2.2516E-01
   124.00000000000000     
  1.8211E-01  2.2118E-01  8.6801E-03 -2.3330E-02  1.9207E-02  8.7888E-02
 -4.2655E-03  1.6899E-03 -1.5214E-02 -3.9792E-02  1.2897E-01  1.5195E-01
  1.2897E-01  1.5195E-01  1.5214E-02  3.9792E-02 -4.2655E-03  1.6899E-03
 -1.9207E-02 -8.7888E-02 -8.6801E-03  2.3330E-02  1.8211E-01  2.2118E-01
   124.50000000000000     
  1.7938E-01  2.1716E-01  8.9361E-03 -2.3924E-02  1.7745E-02  8.8898E-02
 -4.2526E-03  1.6804E-03 -1.4326E-02 -4.0125E-02  1.2698E-01  1.4912E-01
  1.2698E-01  1.4912E-01  1.4326E-02  4.0125E-02 -4.2526E-03  1.6804E-03
 -1.7745E-02 -8.8898E-02 -8.9361E-03  2.3924E-02  1.7938E-01  2.1716E-01
   125.00000000000000     
  1.7665E-01  2.1308E-01  9.1898E-03 -2.4511E-02  1.6291E-02  8.9872E-02
 -4.2383E-03  1.6693E-03 -1.3444E-02 -4.0437E-02  1.2499E-01  1.4626E-01
  1.2499E-01  1.4626E-01  1.3444E-02  4.0437E-02 -4.2383E-03  1.6693E-03
 -1.6291E-02 -8.9872E-02 -9.1898E-03  2.4511E-02  1.7665E-01  2.1308E-01
   125.50000000000000     
  1.7394E-01  2.0897E-01  9.4412E-03 -2.5093E-02  1.4847E-02  9.0809E-02
 -4.2228E-03  1.6573E-03 -1.2567E-02 -4.0729E-02  1.2301E-01  1.4338E-01
  1.2301E-01  1.4338E-01  1.2567E-02  4.0729E-02 -4.2228E-03  1.6573E-03
 -1.4847E-02 -9.0809E-02 -9.4412E-03  2.5093E-02  1.7394E-01  2.0897E-01
   126.00000000000000     
  1.7124E-01  2.0481E-01  9.6901E-03 -2.5668E-02  1.3413E-02  9.1710E-02
 -4.2062E-03  1.6447E-03 -1.1697E-02 -4.0999E-02  1.2104E-01  1.4046E-01
  1.2104E-01  1.4046E-01  1.1697E-02  4.0999E-02 -4.2062E-03  1.6447E-03
 -1.3413E-02 -9.1710E-02 -9.6901E-03  2.5668E-02  1.7124E-01  2.0481E-01
   126.50000000000000     
  1.6856E-01  2.0061E-01  9.9367E-03 -2.6237E-02  1.1991E-02  9.2574E-02
 -4.1890E-03  1.6322E-03 -1.0833E-02 -4.1248E-02  1.1908E-01  1.3753E-01
  1.1908E-01  1.3753E-01  1.0833E-02  4.1248E-02 -4.1890E-03  1.6322E-03
 -1.1991E-02 -9.2574E-02 -9.9367E-03  2.6237E-02  1.6856E-01  2.0061E-01
   127.00000000000000     
  1.6590E-01  1.9638E-01  1.0181E-02 -2.6799E-02  1.0582E-02  9.3400E-02
 -4.1712E-03  1.6202E-03 -9.9777E-03 -4.1476E-02  1.1713E-01  1.3456E-01
  1.1713E-01  1.3456E-01  9.9777E-03  4.1476E-02 -4.1712E-03  1.6202E-03
 -1.0582E-02 -9.3400E-02 -1.0181E-02  2.6799E-02  1.6590E-01  1.9638E-01
   127.50000000000000     
  1.6326E-01  1.9212E-01  1.0423E-02 -2.7354E-02  9.1863E-03  9.4188E-02
 -4.1531E-03  1.6091E-03 -9.1306E-03 -4.1681E-02  1.1520E-01  1.3158E-01
  1.1520E-01  1.3158E-01  9.1306E-03  4.1681E-02 -4.1531E-03  1.6091E-03
 -9.1863E-03 -9.4188E-02 -1.0423E-02  2.7354E-02  1.6326E-01  1.9212E-01
   128.00000000000000     
  1.6065E-01  1.8784E-01  1.0662E-02 -2.7903E-02  7.8051E-03  9.4937E-02
 -4.1349E-03  1.5994E-03 -8.2926E-03 -4.1864E-02  1.1329E-01  1.2857E-01
  1.1329E-01  1.2857E-01  8.2926E-03  4.1864E-02 -4.1349E-03  1.5994E-03
 -7.8051E-03 -9.4937E-02 -1.0662E-02  2.7903E-02  1.6065E-01  1.8784E-01
   128.50000000000000     
  1.5807E-01  1.8352E-01  1.0899E-02 -2.8445E-02  6.4393E-03  9.5647E-02
 -4.1168E-03  1.5914E-03 -7.4646E-03 -4.2024E-02  1.1139E-01  1.2555E-01
  1.1139E-01  1.2555E-01  7.4646E-03  4.2024E-02 -4.1168E-03  1.5914E-03
 -6.4393E-03 -9.5647E-02 -1.0899E-02  2.8445E-02  1.5807E-01  1.8352E-01
   129.00000000000000     
  1.5553E-01  1.7919E-01  1.1134E-02 -2.8980E-02  5.0899E-03  9.6317E-02
 -4.0989E-03  1.5854E-03 -6.6471E-03 -4.2162E-02  1.0952E-01  1.2251E-01
  1.0952E-01  1.2251E-01  6.6471E-03  4.2162E-02 -4.0989E-03  1.5854E-03
 -5.0899E-03 -9.6317E-02 -1.1134E-02  2.8980E-02  1.5553E-01  1.7919E-01
   129.50000000000000     
  1.5302E-01  1.7483E-01  1.1366E-02 -2.9508E-02  3.7578E-03  9.6946E-02
 -4.0813E-03  1.5816E-03 -5.8408E-03 -4.2276E-02  1.0768E-01  1.1945E-01
  1.0768E-01  1.1945E-01  5.8408E-03  4.2276E-02 -4.0813E-03  1.5816E-03
 -3.7578E-03 -9.6946E-02 -1.1366E-02  2.9508E-02  1.5302E-01  1.7483E-01
   130.00000000000000     
  1.5055E-01  1.7046E-01  1.1596E-02 -3.0029E-02  2.4440E-03  9.7535E-02
 -4.0641E-03  1.5803E-03 -5.0464E-03 -4.2366E-02  1.0586E-01  1.1638E-01
  1.0586E-01  1.1638E-01  5.0464E-03  4.2366E-02 -4.0641E-03  1.5803E-03
 -2.4440E-03 -9.7535E-02 -1.1596E-02  3.0029E-02  1.5055E-01  1.7046E-01
   130.50000000000000     
  1.4812E-01  1.6607E-01  1.1824E-02 -3.0544E-02  1.1491E-03  9.8083E-02
 -4.0473E-03  1.5813E-03 -4.2646E-03 -4.2433E-02  1.0406E-01  1.1331E-01
  1.0406E-01  1.1331E-01  4.2646E-03  4.2433E-02 -4.0473E-03  1.5813E-03
 -1.1491E-03 -9.8083E-02 -1.1824E-02  3.0544E-02  1.4812E-01  1.6607E-01
   131.00000000000000     
  1.4574E-01  1.6168E-01  1.2049E-02 -3.1051E-02 -1.2578E-04  9.8589E-02
 -4.0309E-03  1.5848E-03 -3.4958E-03 -4.2476E-02  1.0230E-01  1.1022E-01
  1.0230E-01  1.1022E-01  3.4958E-03  4.2476E-02 -4.0309E-03  1.5848E-03
  1.2578E-04 -9.8589E-02 -1.2049E-02  3.1051E-02  1.4574E-01  1.6168E-01
   131.50000000000000     
  1.4340E-01  1.5728E-01  1.2272E-02 -3.1551E-02 -1.3800E-03  9.9054E-02
 -4.0148E-03  1.5906E-03 -2.7407E-03 -4.2495E-02  1.0057E-01  1.0713E-01
  1.0057E-01  1.0713E-01  2.7407E-03  4.2495E-02 -4.0148E-03  1.5906E-03
  1.3800E-03 -9.9054E-02 -1.2272E-02  3.1551E-02  1.4340E-01  1.5728E-01
   132.00000000000000     
  1.4111E-01  1.5287E-01  1.2493E-02 -3.2043E-02 -2.6128E-03  9.9476E-02
 -3.9989E-03  1.5984E-03 -1.9997E-03 -4.2490E-02  9.8872E-02  1.0403E-01
  9.8872E-02  1.0403E-01  1.9997E-03  4.2490E-02 -3.9989E-03  1.5984E-03
  2.6128E-03 -9.9476E-02 -1.2493E-02  3.2043E-02  1.4111E-01  1.5287E-01
   132.50000000000000     
  1.3887E-01  1.4846E-01  1.2711E-02 -3.2528E-02 -3.8234E-03  9.9857E-02
 -3.9831E-03  1.6081E-03 -1.2733E-03 -4.2461E-02  9.7208E-02  1.0093E-01
  9.7208E-02  1.0093E-01  1.2733E-03  4.2461E-02 -3.9831E-03  1.6081E-03
  3.8234E-03 -9.9857E-02 -1.2711E-02  3.2528E-02  1.3887E-01  1.4846E-01
   133.00000000000000     
  1.3668E-01  1.4405E-01  1.2926E-02 -3.3005E-02 -5.0112E-03  1.0019E-01
 -3.9673E-03  1.6193E-03 -5.6183E-04 -4.2409E-02  9.5580E-02  9.7830E-02
  9.5580E-02  9.7830E-02  5.6183E-04  4.2409E-02 -3.9673E-03  1.6193E-03
  5.0112E-03 -1.0019E-01 -1.2926E-02  3.3005E-02  1.3668E-01  1.4405E-01
   133.50000000000000     
  1.3455E-01  1.3964E-01  1.3139E-02 -3.3473E-02 -6.1755E-03  1.0049E-01
 -3.9511E-03  1.6315E-03  1.3425E-04 -4.2333E-02  9.3989E-02  9.4732E-02
  9.3989E-02  9.4732E-02 -1.3425E-04  4.2333E-02 -3.9511E-03  1.6315E-03
  6.1755E-03 -1.0049E-01 -1.3139E-02  3.3473E-02  1.3455E-01  1.3964E-01
   134.00000000000000     
  1.3247E-01  1.3524E-01  1.3348E-02 -3.3932E-02 -7.3158E-03  1.0074E-01
 -3.9344E-03  1.6444E-03  8.1471E-04 -4.2235E-02  9.2435E-02  9.1639E-02
  9.2435E-02  9.1639E-02 -8.1471E-04  4.2235E-02 -3.9344E-03  1.6444E-03
  7.3158E-03 -1.0074E-01 -1.3348E-02  3.3932E-02  1.3247E-01  1.3524E-01
   134.50000000000000     
  1.3045E-01  1.3085E-01  1.3555E-02 -3.4382E-02 -8.4316E-03  1.0096E-01
 -3.9169E-03  1.6573E-03  1.4793E-03 -4.2114E-02  9.0920E-02  8.8552E-02
  9.0920E-02  8.8552E-02 -1.4793E-03  4.2114E-02 -3.9169E-03  1.6573E-03
  8.4316E-03 -1.0096E-01 -1.3555E-02  3.4382E-02  1.3045E-01  1.3085E-01
   135.00000000000000     
  1.2849E-01  1.2646E-01  1.3758E-02 -3.4822E-02 -9.5224E-03  1.0113E-01
 -3.8984E-03  1.6699E-03  2.1278E-03 -4.1970E-02  8.9444E-02  8.5473E-02
  8.9444E-02  8.5473E-02 -2.1278E-03  4.1970E-02 -3.8984E-03  1.6699E-03
  9.5224E-03 -1.0113E-01 -1.3758E-02  3.4822E-02  1.2849E-01  1.2646E-01
   135.50000000000000     
  1.2658E-01  1.2209E-01  1.3957E-02 -3.5251E-02 -1.0588E-02  1.0125E-01
 -3.8786E-03  1.6815E-03  2.7601E-03 -4.1806E-02  8.8008E-02  8.2404E-02
  8.8008E-02  8.2404E-02 -2.7601E-03  4.1806E-02 -3.8786E-03  1.6815E-03
  1.0588E-02 -1.0125E-01 -1.3957E-02  3.5251E-02  1.2658E-01  1.2209E-01
   136.00000000000000     
  1.2474E-01  1.1774E-01  1.4152E-02 -3.5669E-02 -1.1627E-02  1.0134E-01
 -3.8571E-03  1.6915E-03  3.3762E-03 -4.1621E-02  8.6614E-02  7.9348E-02
  8.6614E-02  7.9348E-02 -3.3762E-03  4.1621E-02 -3.8571E-03  1.6915E-03
  1.1627E-02 -1.0134E-01 -1.4152E-02  3.5669E-02  1.2474E-01  1.1774E-01
   136.50000000000000     
  1.2297E-01  1.1340E-01  1.4343E-02 -3.6075E-02 -1.2641E-02  1.0139E-01
 -3.8339E-03  1.6995E-03  3.9759E-03 -4.1416E-02  8.5261E-02  7.6306E-02
  8.5261E-02  7.6306E-02 -3.9759E-03  4.1416E-02 -3.8339E-03  1.6995E-03
  1.2641E-02 -1.0139E-01 -1.4343E-02  3.6075E-02  1.2297E-01  1.1340E-01
   137.00000000000000     
  1.2125E-01  1.0908E-01  1.4529E-02 -3.6469E-02 -1.3628E-02  1.0139E-01
 -3.8085E-03  1.7049E-03  4.5592E-03 -4.1192E-02  8.3950E-02  7.3279E-02
  8.3950E-02  7.3279E-02 -4.5592E-03  4.1192E-02 -3.8085E-03  1.7049E-03
  1.3628E-02 -1.0139E-01 -1.4529E-02  3.6469E-02  1.2125E-01  1.0908E-01
   137.50000000000000     
  1.1960E-01  1.0478E-01  1.4710E-02 -3.6849E-02 -1.4588E-02  1.0136E-01
 -3.7808E-03  1.7073E-03  5.1261E-03 -4.0950E-02  8.2682E-02  7.0271E-02
  8.2682E-02  7.0271E-02 -5.1261E-03  4.0950E-02 -3.7808E-03  1.7073E-03
  1.4588E-02 -1.0136E-01 -1.4710E-02  3.6849E-02  1.1960E-01  1.0478E-01
   138.00000000000000     
  1.1802E-01  1.0050E-01  1.4885E-02 -3.7215E-02 -1.5521E-02  1.0129E-01
 -3.7505E-03  1.7063E-03  5.6768E-03 -4.0692E-02  8.1457E-02  6.7281E-02
  8.1457E-02  6.7281E-02 -5.6768E-03  4.0692E-02 -3.7505E-03  1.7063E-03
  1.5521E-02 -1.0129E-01 -1.4885E-02  3.7215E-02  1.1802E-01  1.0050E-01
   138.50000000000000     
  1.1650E-01  9.6245E-02  1.5055E-02 -3.7565E-02 -1.6428E-02  1.0118E-01
 -3.7175E-03  1.7015E-03  6.2112E-03 -4.0416E-02  8.0276E-02  6.4311E-02
  8.0276E-02  6.4311E-02 -6.2112E-03  4.0416E-02 -3.7175E-03  1.7015E-03
  1.6428E-02 -1.0118E-01 -1.5055E-02  3.7565E-02  1.1650E-01  9.6245E-02
   139.00000000000000     
  1.1505E-01  9.2017E-02  1.5218E-02 -3.7900E-02 -1.7306E-02  1.0103E-01
 -3.6817E-03  1.6926E-03  6.7295E-03 -4.0126E-02  7.9139E-02  6.1363E-02
  7.9139E-02  6.1363E-02 -6.7295E-03  4.0126E-02 -3.6817E-03  1.6926E-03
  1.7306E-02 -1.0103E-01 -1.5218E-02  3.7900E-02  1.1505E-01  9.2017E-02
   139.50000000000000     
  1.1366E-01  8.7817E-02  1.5375E-02 -3.8219E-02 -1.8158E-02  1.0085E-01
 -3.6430E-03  1.6795E-03  7.2317E-03 -3.9821E-02  7.8047E-02  5.8438E-02
  7.8047E-02  5.8438E-02 -7.2317E-03  3.9821E-02 -3.6430E-03  1.6795E-03
  1.8158E-02 -1.0085E-01 -1.5375E-02  3.8219E-02  1.1366E-01  8.7817E-02
   140.00000000000000     
  1.1234E-01  8.3646E-02  1.5525E-02 -3.8520E-02 -1.8982E-02  1.0062E-01
 -3.6013E-03  1.6621E-03  7.7179E-03 -3.9503E-02  7.6999E-02  5.5537E-02
  7.6999E-02  5.5537E-02 -7.7179E-03  3.9503E-02 -3.6013E-03  1.6621E-03
  1.8982E-02 -1.0062E-01 -1.5525E-02  3.8520E-02  1.1234E-01  8.3646E-02
   140.50000000000000     
  1.1109E-01  7.9505E-02  1.5667E-02 -3.8803E-02 -1.9777E-02  1.0037E-01
 -3.5566E-03  1.6403E-03  8.1882E-03 -3.9173E-02  7.5996E-02  5.2661E-02
  7.5996E-02  5.2661E-02 -8.1882E-03  3.9173E-02 -3.5566E-03  1.6403E-03
  1.9777E-02 -1.0037E-01 -1.5667E-02  3.8803E-02  1.1109E-01  7.9505E-02
   141.00000000000000     
  1.0991E-01  7.5396E-02  1.5803E-02 -3.9067E-02 -2.0545E-02  1.0007E-01
 -3.5090E-03  1.6143E-03  8.6426E-03 -3.8831E-02  7.5039E-02  4.9811E-02
  7.5039E-02  4.9811E-02 -8.6426E-03  3.8831E-02 -3.5090E-03  1.6143E-03
  2.0545E-02 -1.0007E-01 -1.5803E-02  3.9067E-02  1.0991E-01  7.5396E-02
   141.50000000000000     
  1.0880E-01  7.1320E-02  1.5930E-02 -3.9312E-02 -2.1285E-02  9.9746E-02
 -3.4587E-03  1.5842E-03  9.0813E-03 -3.8478E-02  7.4127E-02  4.6987E-02
  7.4127E-02  4.6987E-02 -9.0813E-03  3.8478E-02 -3.4587E-03  1.5842E-03
  2.1285E-02 -9.9746E-02 -1.5930E-02  3.9312E-02  1.0880E-01  7.1320E-02
   142.00000000000000     
  1.0775E-01  6.7278E-02  1.6049E-02 -3.9536E-02 -2.1997E-02  9.9385E-02
 -3.4056E-03  1.5503E-03  9.5042E-03 -3.8116E-02  7.3261E-02  4.4190E-02
  7.3261E-02  4.4190E-02 -9.5042E-03  3.8116E-02 -3.4056E-03  1.5503E-03
  2.1997E-02 -9.9385E-02 -1.6049E-02  3.9536E-02  1.0775E-01  6.7278E-02
   142.50000000000000     
  1.0678E-01  6.3272E-02  1.6159E-02 -3.9741E-02 -2.2681E-02  9.8990E-02
 -3.3502E-03  1.5130E-03  9.9115E-03 -3.7744E-02  7.2440E-02  4.1421E-02
  7.2440E-02  4.1421E-02 -9.9115E-03  3.7744E-02 -3.3502E-03  1.5130E-03
  2.2681E-02 -9.8990E-02 -1.6159E-02  3.9741E-02  1.0678E-01  6.3272E-02
   143.00000000000000     
  1.0587E-01  5.9302E-02  1.6261E-02 -3.9924E-02 -2.3335E-02  9.8562E-02
 -3.2925E-03  1.4728E-03  1.0303E-02 -3.7363E-02  7.1665E-02  3.8680E-02
  7.1665E-02  3.8680E-02 -1.0303E-02  3.7363E-02 -3.2925E-03  1.4728E-03
  2.3335E-02 -9.8562E-02 -1.6261E-02  3.9924E-02  1.0587E-01  5.9302E-02
   143.50000000000000     
  1.0502E-01  5.5370E-02  1.6354E-02 -4.0086E-02 -2.3962E-02  9.8101E-02
 -3.2328E-03  1.4300E-03  1.0679E-02 -3.6974E-02  7.0936E-02  3.5967E-02
  7.0936E-02  3.5967E-02 -1.0679E-02  3.6974E-02 -3.2328E-03  1.4300E-03
  2.3962E-02 -9.8101E-02 -1.6354E-02  4.0086E-02  1.0502E-01  5.5370E-02
   144.00000000000000     
  1.0425E-01  5.1477E-02  1.6438E-02 -4.0226E-02 -2.4559E-02  9.7608E-02
 -3.1715E-03  1.3854E-03  1.1039E-02 -3.6578E-02  7.0253E-02  3.3283E-02
  7.0253E-02  3.3283E-02 -1.1039E-02  3.6578E-02 -3.1715E-03  1.3854E-03
  2.4559E-02 -9.7608E-02 -1.6438E-02  4.0226E-02  1.0425E-01  5.1477E-02
   144.50000000000000     
  1.0354E-01  4.7624E-02  1.6513E-02 -4.0345E-02 -2.5127E-02  9.7084E-02
 -3.1088E-03  1.3395E-03  1.1383E-02 -3.6174E-02  6.9616E-02  3.0628E-02
  6.9616E-02  3.0628E-02 -1.1383E-02  3.6174E-02 -3.1088E-03  1.3395E-03
  2.5127E-02 -9.7084E-02 -1.6513E-02  4.0345E-02  1.0354E-01  4.7624E-02
   145.00000000000000     
  1.0290E-01  4.3812E-02  1.6579E-02 -4.0442E-02 -2.5666E-02  9.6527E-02
 -3.0452E-03  1.2929E-03  1.1710E-02 -3.5763E-02  6.9024E-02  2.8003E-02
  6.9024E-02  2.8003E-02 -1.1710E-02  3.5763E-02 -3.0452E-03  1.2929E-03
  2.5666E-02 -9.6527E-02 -1.6579E-02  4.0442E-02  1.0290E-01  4.3812E-02
   145.50000000000000     
  1.0232E-01  4.0042E-02  1.6636E-02 -4.0516E-02 -2.6176E-02  9.5939E-02
 -2.9809E-03  1.2463E-03  1.2022E-02 -3.5345E-02  6.8478E-02  2.5407E-02
  6.8478E-02  2.5407E-02 -1.2022E-02  3.5345E-02 -2.9809E-03  1.2463E-03
  2.6176E-02 -9.5939E-02 -1.6636E-02  4.0516E-02  1.0232E-01  4.0042E-02
   146.00000000000000     
  1.0180E-01  3.6315E-02  1.6683E-02 -4.0569E-02 -2.6656E-02  9.5319E-02
 -2.9163E-03  1.2003E-03  1.2318E-02 -3.4920E-02  6.7976E-02  2.2840E-02
  6.7976E-02  2.2840E-02 -1.2318E-02  3.4920E-02 -2.9163E-03  1.2003E-03
  2.6656E-02 -9.5319E-02 -1.6683E-02  4.0569E-02  1.0180E-01  3.6315E-02
   146.50000000000000     
  1.0135E-01  3.2633E-02  1.6721E-02 -4.0600E-02 -2.7106E-02  9.4668E-02
 -2.8518E-03  1.1556E-03  1.2597E-02 -3.4489E-02  6.7519E-02  2.0304E-02
  6.7519E-02  2.0304E-02 -1.2597E-02  3.4489E-02 -2.8518E-03  1.1556E-03
  2.7106E-02 -9.4668E-02 -1.6721E-02  4.0600E-02  1.0135E-01  3.2633E-02
   147.00000000000000     
  1.0096E-01  2.8996E-02  1.6750E-02 -4.0609E-02 -2.7526E-02  9.3986E-02
 -2.7876E-03  1.1128E-03  1.2859E-02 -3.4050E-02  6.7106E-02  1.7799E-02
  6.7106E-02  1.7799E-02 -1.2859E-02  3.4050E-02 -2.7876E-03  1.1128E-03
  2.7526E-02 -9.3986E-02 -1.6750E-02  4.0609E-02  1.0096E-01  2.8996E-02
   147.50000000000000     
  1.0063E-01  2.5404E-02  1.6770E-02 -4.0596E-02 -2.7916E-02  9.3273E-02
 -2.7241E-03  1.0724E-03  1.3104E-02 -3.3605E-02  6.6737E-02  1.5324E-02
  6.6737E-02  1.5324E-02 -1.3104E-02  3.3605E-02 -2.7241E-03  1.0724E-03
  2.7916E-02 -9.3273E-02 -1.6770E-02  4.0596E-02  1.0063E-01  2.5404E-02
   148.00000000000000     
  1.0036E-01  2.1860E-02  1.6780E-02 -4.0562E-02 -2.8276E-02  9.2528E-02
 -2.6615E-03  1.0348E-03  1.3333E-02 -3.3153E-02  6.6410E-02  1.2880E-02
  6.6410E-02  1.2880E-02 -1.3333E-02  3.3153E-02 -2.6615E-03  1.0348E-03
  2.8276E-02 -9.2528E-02 -1.6780E-02  4.0562E-02  1.0036E-01  2.1860E-02
   148.50000000000000     
  1.0015E-01  1.8365E-02  1.6782E-02 -4.0506E-02 -2.8605E-02  9.1753E-02
 -2.6001E-03  1.0006E-03  1.3544E-02 -3.2694E-02  6.6126E-02  1.0467E-02
  6.6126E-02  1.0467E-02 -1.3544E-02  3.2694E-02 -2.6001E-03  1.0006E-03
  2.8605E-02 -9.1753E-02 -1.6782E-02  4.0506E-02  1.0015E-01  1.8365E-02
   149.00000000000000     
  9.9997E-02  1.4918E-02  1.6775E-02 -4.0430E-02 -2.8903E-02  9.0946E-02
 -2.5401E-03  9.6991E-04  1.3737E-02 -3.2228E-02  6.5883E-02  8.0873E-03
  6.5883E-02  8.0873E-03 -1.3737E-02  3.2228E-02 -2.5401E-03  9.6991E-04
  2.8903E-02 -9.0946E-02 -1.6775E-02  4.0430E-02  9.9997E-02  1.4918E-02
   149.50000000000000     
  9.9898E-02  1.1522E-02  1.6758E-02 -4.0333E-02 -2.9170E-02  9.0108E-02
 -2.4816E-03  9.4310E-04  1.3913E-02 -3.1754E-02  6.5680E-02  5.7398E-03
  6.5680E-02  5.7398E-03 -1.3913E-02  3.1754E-02 -2.4816E-03  9.4310E-04
  2.9170E-02 -9.0108E-02 -1.6758E-02  4.0333E-02  9.9898E-02  1.1522E-02
   150.00000000000000     
  9.9852E-02  8.1764E-03  1.6734E-02 -4.0216E-02 -2.9406E-02  8.9239E-02
 -2.4246E-03  9.2027E-04  1.4071E-02 -3.1273E-02  6.5516E-02  3.4256E-03
  6.5516E-02  3.4256E-03 -1.4071E-02  3.1273E-02 -2.4246E-03  9.2027E-04
  2.9406E-02 -8.9239E-02 -1.6734E-02  4.0216E-02  9.9852E-02  8.1764E-03
   150.50000000000000     
  9.9859E-02  4.8831E-03  1.6700E-02 -4.0078E-02 -2.9611E-02  8.8339E-02
 -2.3694E-03  9.0143E-04  1.4211E-02 -3.0785E-02  6.5391E-02  1.1455E-03
  6.5391E-02  1.1455E-03 -1.4211E-02  3.0785E-02 -2.3694E-03  9.0143E-04
  2.9611E-02 -8.8339E-02 -1.6700E-02  4.0078E-02  9.9859E-02  4.8831E-03
   151.00000000000000     
  9.9915E-02  1.6428E-03  1.6658E-02 -3.9921E-02 -2.9785E-02  8.7409E-02
 -2.3158E-03  8.8650E-04  1.4334E-02 -3.0289E-02  6.5302E-02 -1.0999E-03
  6.5302E-02 -1.0999E-03 -1.4334E-02  3.0289E-02 -2.3158E-03  8.8650E-04
  2.9785E-02 -8.7409E-02 -1.6658E-02  3.9921E-02  9.9915E-02  1.6428E-03
   151.50000000000000     
  1.0002E-01 -1.5437E-03  1.6608E-02 -3.9744E-02 -2.9927E-02  8.6448E-02
 -2.2638E-03  8.7530E-04  1.4438E-02 -2.9786E-02  6.5250E-02 -3.3096E-03
  6.5250E-02 -3.3096E-03 -1.4438E-02  2.9786E-02 -2.2638E-03  8.7530E-04
  2.9927E-02 -8.6448E-02 -1.6608E-02  3.9744E-02  1.0002E-01 -1.5437E-03
   152.00000000000000     
  1.0017E-01 -4.6755E-03  1.6549E-02 -3.9547E-02 -3.0039E-02  8.5456E-02
 -2.2132E-03  8.6754E-04  1.4524E-02 -2.9275E-02  6.5231E-02 -5.4827E-03
  6.5231E-02 -5.4827E-03 -1.4524E-02  2.9275E-02 -2.2132E-03  8.6754E-04
  3.0039E-02 -8.5456E-02 -1.6549E-02  3.9547E-02  1.0017E-01 -4.6755E-03
   152.50000000000000     
  1.0037E-01 -7.7519E-03  1.6482E-02 -3.9331E-02 -3.0120E-02  8.4434E-02
 -2.1641E-03  8.6285E-04  1.4592E-02 -2.8757E-02  6.5246E-02 -7.6185E-03
  6.5246E-02 -7.6185E-03 -1.4592E-02  2.8757E-02 -2.1641E-03  8.6285E-04
  3.0120E-02 -8.4434E-02 -1.6482E-02  3.9331E-02  1.0037E-01 -7.7519E-03
   153.00000000000000     
  1.0061E-01 -1.0772E-02  1.6406E-02 -3.9097E-02 -3.0169E-02  8.3382E-02
 -2.1161E-03  8.6076E-04  1.4642E-02 -2.8231E-02  6.5292E-02 -9.7160E-03
  6.5292E-02 -9.7160E-03 -1.4642E-02  2.8231E-02 -2.1161E-03  8.6076E-04
  3.0169E-02 -8.3382E-02 -1.6406E-02  3.9097E-02  1.0061E-01 -1.0772E-02
   153.50000000000000     
  1.0089E-01 -1.3735E-02  1.6323E-02 -3.8843E-02 -3.0188E-02  8.2301E-02
 -2.0690E-03  8.6074E-04  1.4674E-02 -2.7699E-02  6.5368E-02 -1.1774E-02
  6.5368E-02 -1.1774E-02 -1.4674E-02  2.7699E-02 -2.0690E-03  8.6074E-04
  3.0188E-02 -8.2301E-02 -1.6323E-02  3.8843E-02  1.0089E-01 -1.3735E-02
   154.00000000000000     
  1.0121E-01 -1.6641E-02  1.6230E-02 -3.8570E-02 -3.0176E-02  8.1191E-02
 -2.0226E-03  8.6220E-04  1.4689E-02 -2.7160E-02  6.5473E-02 -1.3792E-02
  6.5473E-02 -1.3792E-02 -1.4689E-02  2.7160E-02 -2.0226E-03  8.6220E-04
  3.0176E-02 -8.1191E-02 -1.6230E-02  3.8570E-02  1.0121E-01 -1.6641E-02
   154.50000000000000     
  1.0157E-01 -1.9489E-02  1.6129E-02 -3.8277E-02 -3.0134E-02  8.0053E-02
 -1.9766E-03  8.6449E-04  1.4686E-02 -2.6616E-02  6.5604E-02 -1.5769E-02
  6.5604E-02 -1.5769E-02 -1.4686E-02  2.6616E-02 -1.9766E-03  8.6449E-04
  3.0134E-02 -8.0053E-02 -1.6129E-02  3.8277E-02  1.0157E-01 -1.9489E-02
   155.00000000000000     
  1.0196E-01 -2.2277E-02  1.6020E-02 -3.7966E-02 -3.0063E-02  7.8886E-02
 -1.9306E-03  8.6694E-04  1.4667E-02 -2.6065E-02  6.5761E-02 -1.7704E-02
  6.5761E-02 -1.7704E-02 -1.4667E-02  2.6065E-02 -1.9306E-03  8.6694E-04
  3.0063E-02 -7.8886E-02 -1.6020E-02  3.7966E-02  1.0196E-01 -2.2277E-02
   155.50000000000000     
  1.0239E-01 -2.5007E-02  1.5902E-02 -3.7635E-02 -2.9961E-02  7.7693E-02
 -1.8845E-03  8.6887E-04  1.4630E-02 -2.5510E-02  6.5941E-02 -1.9596E-02
  6.5941E-02 -1.9596E-02 -1.4630E-02  2.5510E-02 -1.8845E-03  8.6887E-04
  2.9961E-02 -7.7693E-02 -1.5902E-02  3.7635E-02  1.0239E-01 -2.5007E-02
   156.00000000000000     
  1.0284E-01 -2.7677E-02  1.5775E-02 -3.7285E-02 -2.9831E-02  7.6473E-02
 -1.8379E-03  8.6959E-04  1.4577E-02 -2.4950E-02  6.6144E-02 -2.1444E-02
  6.6144E-02 -2.1444E-02 -1.4577E-02  2.4950E-02 -1.8379E-03  8.6959E-04
  2.9831E-02 -7.6473E-02 -1.5775E-02  3.7285E-02  1.0284E-01 -2.7677E-02
   156.50000000000000     
  1.0333E-01 -3.0288E-02  1.5639E-02 -3.6915E-02 -2.9672E-02  7.5228E-02
 -1.7904E-03  8.6844E-04  1.4508E-02 -2.4387E-02  6.6368E-02 -2.3249E-02
  6.6368E-02 -2.3249E-02 -1.4508E-02  2.4387E-02 -1.7904E-03  8.6844E-04
  2.9672E-02 -7.5228E-02 -1.5639E-02  3.6915E-02  1.0333E-01 -3.0288E-02
   157.00000000000000     
  1.0384E-01 -3.2838E-02  1.5494E-02 -3.6525E-02 -2.9485E-02  7.3959E-02
 -1.7419E-03  8.6481E-04  1.4423E-02 -2.3821E-02  6.6610E-02 -2.5008E-02
  6.6610E-02 -2.5008E-02 -1.4423E-02  2.3821E-02 -1.7419E-03  8.6481E-04
  2.9485E-02 -7.3959E-02 -1.5494E-02  3.6525E-02  1.0384E-01 -3.2838E-02
   157.50000000000000     
  1.0438E-01 -3.5328E-02  1.5340E-02 -3.6115E-02 -2.9270E-02  7.2665E-02
 -1.6921E-03  8.5811E-04  1.4324E-02 -2.3253E-02  6.6870E-02 -2.6722E-02
  6.6870E-02 -2.6722E-02 -1.4324E-02  2.3253E-02 -1.6921E-03  8.5811E-04
  2.9270E-02 -7.2665E-02 -1.5340E-02  3.6115E-02  1.0438E-01 -3.5328E-02
   158.00000000000000     
  1.0495E-01 -3.7758E-02  1.5177E-02 -3.5684E-02 -2.9028E-02  7.1349E-02
 -1.6407E-03  8.4786E-04  1.4210E-02 -2.2683E-02  6.7146E-02 -2.8391E-02
  6.7146E-02 -2.8391E-02 -1.4210E-02  2.2683E-02 -1.6407E-03  8.4786E-04
  2.9028E-02 -7.1349E-02 -1.5177E-02  3.5684E-02  1.0495E-01 -3.7758E-02
   158.50000000000000     
  1.0553E-01 -4.0127E-02  1.5003E-02 -3.5232E-02 -2.8760E-02  7.0011E-02
 -1.5877E-03  8.3362E-04  1.4081E-02 -2.2113E-02  6.7437E-02 -3.0014E-02
  6.7437E-02 -3.0014E-02 -1.4081E-02  2.2113E-02 -1.5877E-03  8.3362E-04
  2.8760E-02 -7.0011E-02 -1.5003E-02  3.5232E-02  1.0553E-01 -4.0127E-02
   159.00000000000000     
  1.0613E-01 -4.2436E-02  1.4820E-02 -3.4760E-02 -2.8466E-02  6.8651E-02
 -1.5328E-03  8.1507E-04  1.3940E-02 -2.1543E-02  6.7741E-02 -3.1591E-02
  6.7741E-02 -3.1591E-02 -1.3940E-02  2.1543E-02 -1.5328E-03  8.1507E-04
  2.8466E-02 -6.8651E-02 -1.4820E-02  3.4760E-02  1.0613E-01 -4.2436E-02
   159.50000000000000     
  1.0675E-01 -4.4685E-02  1.4627E-02 -3.4266E-02 -2.8147E-02  6.7273E-02
 -1.4761E-03  7.9199E-04  1.3785E-02 -2.0975E-02  6.8057E-02 -3.3123E-02
  6.8057E-02 -3.3123E-02 -1.3785E-02  2.0975E-02 -1.4761E-03  7.9199E-04
  2.8147E-02 -6.7273E-02 -1.4627E-02  3.4266E-02  1.0675E-01 -4.4685E-02
   160.00000000000000     
  1.0739E-01 -4.6873E-02  1.4424E-02 -3.3750E-02 -2.7803E-02  6.5875E-02
 -1.4174E-03  7.6425E-04  1.3618E-02 -2.0408E-02  6.8384E-02 -3.4609E-02
  6.8384E-02 -3.4609E-02 -1.3618E-02  2.0408E-02 -1.4174E-03  7.6425E-04
  2.7803E-02 -6.5875E-02 -1.4424E-02  3.3750E-02  1.0739E-01 -4.6873E-02
   160.50000000000000     
  1.0804E-01 -4.9002E-02  1.4211E-02 -3.3213E-02 -2.7435E-02  6.4459E-02
 -1.3569E-03  7.3185E-04  1.3439E-02 -1.9844E-02  6.8721E-02 -3.6049E-02
  6.8721E-02 -3.6049E-02 -1.3439E-02  1.9844E-02 -1.3569E-03  7.3185E-04
  2.7435E-02 -6.4459E-02 -1.4211E-02  3.3213E-02  1.0804E-01 -4.9002E-02
   161.00000000000000     
  1.0870E-01 -5.1071E-02  1.3987E-02 -3.2653E-02 -2.7044E-02  6.3026E-02
 -1.2946E-03  6.9489E-04  1.3248E-02 -1.9284E-02  6.9066E-02 -3.7445E-02
  6.9066E-02 -3.7445E-02 -1.3248E-02  1.9284E-02 -1.2946E-03  6.9489E-04
  2.7044E-02 -6.3026E-02 -1.3987E-02  3.2653E-02  1.0870E-01 -5.1071E-02
   161.50000000000000     
  1.0937E-01 -5.3082E-02  1.3753E-02 -3.2072E-02 -2.6631E-02  6.1577E-02
 -1.2306E-03  6.5360E-04  1.3047E-02 -1.8728E-02  6.9418E-02 -3.8797E-02
  6.9418E-02 -3.8797E-02 -1.3047E-02  1.8728E-02 -1.2306E-03  6.5360E-04
  2.6631E-02 -6.1577E-02 -1.3753E-02  3.2072E-02  1.0937E-01 -5.3082E-02
   162.00000000000000     
  1.1005E-01 -5.5033E-02  1.3509E-02 -3.1468E-02 -2.6195E-02  6.0112E-02
 -1.1653E-03  6.0830E-04  1.2835E-02 -1.8176E-02  6.9777E-02 -4.0106E-02
  6.9777E-02 -4.0106E-02 -1.2835E-02  1.8176E-02 -1.1653E-03  6.0830E-04
  2.6195E-02 -6.0112E-02 -1.3509E-02  3.1468E-02  1.1005E-01 -5.5033E-02
   162.50000000000000     
  1.1074E-01 -5.6926E-02  1.3254E-02 -3.0842E-02 -2.5738E-02  5.8633E-02
 -1.0987E-03  5.5942E-04  1.2613E-02 -1.7630E-02  7.0142E-02 -4.1372E-02
  7.0142E-02 -4.1372E-02 -1.2613E-02  1.7630E-02 -1.0987E-03  5.5942E-04
  2.5738E-02 -5.8633E-02 -1.3254E-02  3.0842E-02  1.1074E-01 -5.6926E-02
   163.00000000000000     
  1.1143E-01 -5.8761E-02  1.2988E-02 -3.0195E-02 -2.5260E-02  5.7141E-02
 -1.0313E-03  5.0749E-04  1.2382E-02 -1.7089E-02  7.0511E-02 -4.2596E-02
  7.0511E-02 -4.2596E-02 -1.2382E-02  1.7089E-02 -1.0313E-03  5.0749E-04
  2.5260E-02 -5.7141E-02 -1.2988E-02  3.0195E-02  1.1143E-01 -5.8761E-02
   163.50000000000000     
  1.1212E-01 -6.0538E-02  1.2712E-02 -2.9525E-02 -2.4762E-02  5.5635E-02
 -9.6339E-04  4.5309E-04  1.2141E-02 -1.6554E-02  7.0884E-02 -4.3779E-02
  7.0884E-02 -4.3779E-02 -1.2141E-02  1.6554E-02 -9.6339E-04  4.5309E-04
  2.4762E-02 -5.5635E-02 -1.2712E-02  2.9525E-02  1.1212E-01 -6.0538E-02
   164.00000000000000     
  1.1281E-01 -6.2259E-02  1.2426E-02 -2.8834E-02 -2.4244E-02  5.4116E-02
 -8.9528E-04  3.9691E-04  1.1892E-02 -1.6024E-02  7.1259E-02 -4.4923E-02
  7.1259E-02 -4.4923E-02 -1.1892E-02  1.6024E-02 -8.9528E-04  3.9691E-04
  2.4244E-02 -5.4116E-02 -1.2426E-02  2.8834E-02  1.1281E-01 -6.2259E-02
   164.50000000000000     
  1.1351E-01 -6.3922E-02  1.2130E-02 -2.8122E-02 -2.3707E-02  5.2585E-02
 -8.2741E-04  3.3965E-04  1.1633E-02 -1.5501E-02  7.1637E-02 -4.6029E-02
  7.1637E-02 -4.6029E-02 -1.1633E-02  1.5501E-02 -8.2741E-04  3.3965E-04
  2.3707E-02 -5.2585E-02 -1.2130E-02  2.8122E-02  1.1351E-01 -6.3922E-02
   165.00000000000000     
  1.1420E-01 -6.5530E-02  1.1824E-02 -2.7389E-02 -2.3152E-02  5.1042E-02
 -7.6020E-04  2.8207E-04  1.1367E-02 -1.4984E-02  7.2016E-02 -4.7096E-02
  7.2016E-02 -4.7096E-02 -1.1367E-02  1.4984E-02 -7.6020E-04  2.8207E-04
  2.3152E-02 -5.1042E-02 -1.1824E-02  2.7389E-02  1.1420E-01 -6.5530E-02
   165.50000000000000     
  1.1489E-01 -6.7082E-02  1.1508E-02 -2.6637E-02 -2.2578E-02  4.9488E-02
 -6.9406E-04  2.2494E-04  1.1092E-02 -1.4473E-02  7.2396E-02 -4.8128E-02
  7.2396E-02 -4.8128E-02 -1.1092E-02  1.4473E-02 -6.9406E-04  2.2494E-04
  2.2578E-02 -4.9488E-02 -1.1508E-02  2.6637E-02  1.1489E-01 -6.7082E-02
   166.00000000000000     
  1.1557E-01 -6.8580E-02  1.1183E-02 -2.5865E-02 -2.1986E-02  4.7923E-02
 -6.2941E-04  1.6904E-04  1.0809E-02 -1.3967E-02  7.2776E-02 -4.9123E-02
  7.2776E-02 -4.9123E-02 -1.0809E-02  1.3967E-02 -6.2941E-04  1.6904E-04
  2.1986E-02 -4.7923E-02 -1.1183E-02  2.5865E-02  1.1557E-01 -6.8580E-02
   166.50000000000000     
  1.1624E-01 -7.0022E-02  1.0850E-02 -2.5074E-02 -2.1378E-02  4.6347E-02
 -5.6668E-04  1.1511E-04  1.0518E-02 -1.3467E-02  7.3155E-02 -5.0085E-02
  7.3155E-02 -5.0085E-02 -1.0518E-02  1.3467E-02 -5.6668E-04  1.1511E-04
  2.1378E-02 -4.6347E-02 -1.0850E-02  2.5074E-02  1.1624E-01 -7.0022E-02
   167.00000000000000     
  1.1691E-01 -7.1410E-02  1.0507E-02 -2.4265E-02 -2.0752E-02  4.4760E-02
 -5.0625E-04  6.3870E-05  1.0219E-02 -1.2971E-02  7.3532E-02 -5.1012E-02
  7.3532E-02 -5.1012E-02 -1.0219E-02  1.2971E-02 -5.0625E-04  6.3870E-05
  2.0752E-02 -4.4760E-02 -1.0507E-02  2.4265E-02  1.1691E-01 -7.1410E-02
   167.50000000000000     
  1.1757E-01 -7.2745E-02  1.0156E-02 -2.3440E-02 -2.0109E-02  4.3163E-02
 -4.4849E-04  1.5983E-05  9.9131E-03 -1.2480E-02  7.3906E-02 -5.1907E-02
  7.3906E-02 -5.1907E-02 -9.9131E-03  1.2480E-02 -4.4849E-04  1.5983E-05
  2.0109E-02 -4.3163E-02 -1.0156E-02  2.3440E-02  1.1757E-01 -7.2745E-02
   168.00000000000000     
  1.1821E-01 -7.4026E-02  9.7974E-03 -2.2598E-02 -1.9451E-02  4.1554E-02
 -3.9373E-04 -2.7955E-05  9.5989E-03 -1.1992E-02  7.4278E-02 -5.2770E-02
  7.4278E-02 -5.2770E-02 -9.5989E-03  1.1992E-02 -3.9373E-04 -2.7955E-05
  1.9451E-02 -4.1554E-02 -9.7974E-03  2.2598E-02  1.1821E-01 -7.4026E-02
   168.50000000000000     
  1.1884E-01 -7.5254E-02  9.4314E-03 -2.1741E-02 -1.8777E-02  3.9935E-02
 -3.4227E-04 -6.7430E-05  9.2771E-03 -1.1508E-02  7.4645E-02 -5.3601E-02
  7.4645E-02 -5.3601E-02 -9.2771E-03  1.1508E-02 -3.4227E-04 -6.7430E-05
  1.8777E-02 -3.9935E-02 -9.4314E-03  2.1741E-02  1.1884E-01 -7.5254E-02
   169.00000000000000     
  1.1946E-01 -7.6429E-02  9.0585E-03 -2.0870E-02 -1.8087E-02  3.8306E-02
 -2.9435E-04 -1.0202E-04  8.9476E-03 -1.1026E-02  7.5007E-02 -5.4402E-02
  7.5007E-02 -5.4402E-02 -8.9476E-03  1.1026E-02 -2.9435E-04 -1.0202E-04
  1.8087E-02 -3.8306E-02 -9.0585E-03  2.0870E-02  1.1946E-01 -7.6429E-02
   169.50000000000000     
  1.2006E-01 -7.7552E-02  8.6793E-03 -1.9986E-02 -1.7383E-02  3.6665E-02
 -2.5016E-04 -1.3141E-04  8.6104E-03 -1.0545E-02  7.5363E-02 -5.5171E-02
  7.5363E-02 -5.5171E-02 -8.6104E-03  1.0545E-02 -2.5016E-04 -1.3141E-04
  1.7383E-02 -3.6665E-02 -8.6793E-03  1.9986E-02  1.2006E-01 -7.7552E-02
   170.00000000000000     
  1.2064E-01 -7.8622E-02  8.2941E-03 -1.9090E-02 -1.6663E-02  3.5014E-02
 -2.0982E-04 -1.5540E-04  8.2654E-03 -1.0066E-02  7.5713E-02 -5.5910E-02
  7.5713E-02 -5.5910E-02 -8.2654E-03  1.0066E-02 -2.0982E-04 -1.5540E-04
  1.6663E-02 -3.5014E-02 -8.2941E-03  1.9090E-02  1.2064E-01 -7.8622E-02
   170.50000000000000     
  1.2120E-01 -7.9640E-02  7.9036E-03 -1.8183E-02 -1.5930E-02  3.3352E-02
 -1.7343E-04 -1.7388E-04  7.9129E-03 -9.5870E-03  7.6055E-02 -5.6619E-02
  7.6055E-02 -5.6619E-02 -7.9129E-03  9.5870E-03 -1.7343E-04 -1.7388E-04
  1.5930E-02 -3.3352E-02 -7.9036E-03  1.8183E-02  1.2120E-01 -7.9640E-02
   171.00000000000000     
  1.2175E-01 -8.0607E-02  7.5082E-03 -1.7266E-02 -1.5182E-02  3.1679E-02
 -1.4099E-04 -1.8689E-04  7.5526E-03 -9.1076E-03  7.6388E-02 -5.7297E-02
  7.6388E-02 -5.7297E-02 -7.5526E-03  9.1076E-03 -1.4099E-04 -1.8689E-04
  1.5182E-02 -3.1679E-02 -7.5082E-03  1.7266E-02  1.2175E-01 -8.0607E-02
   171.50000000000000     
  1.2227E-01 -8.1521E-02  7.1085E-03 -1.6341E-02 -1.4421E-02  2.9995E-02
 -1.1246E-04 -1.9457E-04  7.1848E-03 -8.6271E-03  7.6711E-02 -5.7944E-02
  7.6711E-02 -5.7944E-02 -7.1848E-03  8.6271E-03 -1.1246E-04 -1.9457E-04
  1.4421E-02 -2.9995E-02 -7.1085E-03  1.6341E-02  1.2227E-01 -8.1521E-02
   172.00000000000000     
  1.2277E-01 -8.2384E-02  6.7048E-03 -1.5407E-02 -1.3647E-02  2.8300E-02
 -8.7749E-05 -1.9715E-04  6.8094E-03 -8.1450E-03  7.7023E-02 -5.8560E-02
  7.7023E-02 -5.8560E-02 -6.8094E-03  8.1450E-03 -8.7749E-05 -1.9715E-04
  1.3647E-02 -2.8300E-02 -6.7048E-03  1.5407E-02  1.2277E-01 -8.2384E-02
   172.50000000000000     
  1.2325E-01 -8.3194E-02  6.2976E-03 -1.4467E-02 -1.2861E-02  2.6595E-02
 -6.6697E-05 -1.9501E-04  6.4267E-03 -7.6606E-03  7.7324E-02 -5.9144E-02
  7.7324E-02 -5.9144E-02 -6.4267E-03  7.6606E-03 -6.6697E-05 -1.9501E-04
  1.2861E-02 -2.6595E-02 -6.2976E-03  1.4467E-02  1.2325E-01 -8.3194E-02
   173.00000000000000     
  1.2370E-01 -8.3954E-02  5.8874E-03 -1.3521E-02 -1.2062E-02  2.4879E-02
 -4.9106E-05 -1.8857E-04  6.0366E-03 -7.1735E-03  7.7611E-02 -5.9697E-02
  7.7611E-02 -5.9697E-02 -6.0366E-03  7.1735E-03 -4.9106E-05 -1.8857E-04
  1.2062E-02 -2.4879E-02 -5.8874E-03  1.3521E-02  1.2370E-01 -8.3954E-02
   173.50000000000000     
  1.2412E-01 -8.4661E-02  5.4746E-03 -1.2569E-02 -1.1253E-02  2.3152E-02
 -3.4732E-05 -1.7839E-04  5.6395E-03 -6.6833E-03  7.7885E-02 -6.0216E-02
  7.7885E-02 -6.0216E-02 -5.6395E-03  6.6833E-03 -3.4732E-05 -1.7839E-04
  1.1253E-02 -2.3152E-02 -5.4746E-03  1.2569E-02  1.2412E-01 -8.4661E-02
   174.00000000000000     
  1.2452E-01 -8.5316E-02  5.0596E-03 -1.1614E-02 -1.0432E-02  2.1416E-02
 -2.3295E-05 -1.6505E-04  5.2355E-03 -6.1895E-03  7.8143E-02 -6.0701E-02
  7.8143E-02 -6.0701E-02 -5.2355E-03  6.1895E-03 -2.3295E-05 -1.6505E-04
  1.0432E-02 -2.1416E-02 -5.0596E-03  1.1614E-02  1.2452E-01 -8.5316E-02
   174.50000000000000     
  1.2489E-01 -8.5920E-02  4.6427E-03 -1.0654E-02 -9.6007E-03  1.9670E-02
 -1.4486E-05 -1.4921E-04  4.8249E-03 -5.6921E-03  7.8386E-02 -6.1152E-02
  7.8386E-02 -6.1152E-02 -4.8249E-03  5.6921E-03 -1.4486E-05 -1.4921E-04
  9.6007E-03 -1.9670E-02 -4.6427E-03  1.0654E-02  1.2489E-01 -8.5920E-02
   175.00000000000000     
  1.2523E-01 -8.6471E-02  4.2243E-03 -9.6921E-03 -8.7600E-03  1.7914E-02
 -7.9768E-06 -1.3157E-04  4.4081E-03 -5.1907E-03  7.8611E-02 -6.1568E-02
  7.8611E-02 -6.1568E-02 -4.4081E-03  5.1907E-03 -7.9768E-06 -1.3157E-04
  8.7600E-03 -1.7914E-02 -4.2243E-03  9.6921E-03  1.2523E-01 -8.6471E-02
   175.50000000000000     
  1.2554E-01 -8.6971E-02  3.8045E-03 -8.7275E-03 -7.9104E-03  1.6150E-02
 -3.4261E-06 -1.1283E-04  3.9854E-03 -4.6855E-03  7.8818E-02 -6.1947E-02
  7.8818E-02 -6.1947E-02 -3.9854E-03  4.6855E-03 -3.4261E-06 -1.1283E-04
  7.9104E-03 -1.6150E-02 -3.8045E-03  8.7275E-03  1.2554E-01 -8.6971E-02
   176.00000000000000     
  1.2582E-01 -8.7418E-02  3.3838E-03 -7.7611E-03 -7.0528E-03  1.4378E-02
 -4.9157E-07 -9.3719E-05  3.5572E-03 -4.1764E-03  7.9005E-02 -6.2290E-02
  7.9005E-02 -6.2290E-02 -3.5572E-03  4.1764E-03 -4.9157E-07 -9.3719E-05
  7.0528E-03 -1.4378E-02 -3.3838E-03  7.7611E-03  1.2582E-01 -8.7418E-02
   176.50000000000000     
  1.2607E-01 -8.7813E-02  2.9622E-03 -6.7932E-03 -6.1877E-03  1.2598E-02
  1.1633E-06 -7.4925E-05  3.1240E-03 -3.6636E-03  7.9173E-02 -6.2594E-02
  7.9173E-02 -6.2594E-02 -3.1240E-03  3.6636E-03  1.1633E-06 -7.4925E-05
  6.1877E-03 -1.2598E-02 -2.9622E-03  6.7932E-03  1.2607E-01 -8.7813E-02
   177.00000000000000     
  1.2628E-01 -8.8155E-02  2.5399E-03 -5.8243E-03 -5.3161E-03  1.0811E-02
  1.8594E-06 -5.7115E-05  2.6864E-03 -3.1474E-03  7.9321E-02 -6.2860E-02
  7.9321E-02 -6.2860E-02 -2.6864E-03  3.1474E-03  1.8594E-06 -5.7115E-05
  5.3161E-03 -1.0811E-02 -2.5399E-03  5.8243E-03  1.2628E-01 -8.8155E-02
   177.50000000000000     
  1.2647E-01 -8.8445E-02  2.1172E-03 -4.8545E-03 -4.4389E-03  9.0185E-03
  1.8941E-06 -4.0903E-05  2.2448E-03 -2.6280E-03  7.9447E-02 -6.3086E-02
  7.9447E-02 -6.3086E-02 -2.2448E-03  2.6280E-03  1.8941E-06 -4.0903E-05
  4.4389E-03 -9.0185E-03 -2.1172E-03  4.8545E-03  1.2647E-01 -8.8445E-02
   178.00000000000000     
  1.2662E-01 -8.8683E-02  1.6941E-03 -3.8841E-03 -3.5569E-03  7.2210E-03
  1.5335E-06 -2.6838E-05  1.8000E-03 -2.1059E-03  7.9550E-02 -6.3271E-02
  7.9550E-02 -6.3271E-02 -1.8000E-03  2.1059E-03  1.5335E-06 -2.6838E-05
  3.5569E-03 -7.2210E-03 -1.6941E-03  3.8841E-03  1.2662E-01 -8.8683E-02
   178.50000000000000     
  1.2674E-01 -8.8868E-02  1.2708E-03 -2.9134E-03 -2.6711E-03  5.4194E-03
  1.0051E-06 -1.5389E-05  1.3524E-03 -1.5815E-03  7.9632E-02 -6.3417E-02
  7.9632E-02 -6.3417E-02 -1.3524E-03  1.5815E-03  1.0051E-06 -1.5389E-05
  2.6711E-03 -5.4194E-03 -1.2708E-03  2.9134E-03  1.2674E-01 -8.8868E-02
   179.00000000000000     
  1.2682E-01 -8.9000E-02  8.4729E-04 -1.9424E-03 -1.7824E-03  3.6147E-03
  4.9242E-07 -6.9337E-06  9.0273E-04 -1.0553E-03  7.9690E-02 -6.3521E-02
  7.9690E-02 -6.3521E-02 -9.0273E-04  1.0553E-03  4.9242E-07 -6.9337E-06
  1.7824E-03 -3.6147E-03 -8.4729E-04  1.9424E-03  1.2682E-01 -8.9000E-02
   179.50000000000000     
  1.2687E-01 -8.9079E-02  4.2367E-04 -9.7123E-04 -8.9167E-04  1.8079E-03
  1.3001E-07 -1.7476E-06  4.5171E-04 -5.2796E-04  7.9725E-02 -6.3583E-02
  7.9725E-02 -6.3583E-02 -4.5171E-04  5.2796E-04  1.3001E-07 -1.7476E-06
  8.9167E-04 -1.8079E-03 -4.2367E-04  9.7123E-04  1.2687E-01 -8.9079E-02
   180.00000000000000     
  1.2689E-01 -8.9105E-02  0.0000E+00  0.0000E+00  0.0000E+00  0.0000E+00
  0.0000E+00  0.0000E+00  0.0000E+00  0.0000E+00  7.9737E-02 -6.3604E-02
  7.9737E-02 -6.3604E-02  0.0000E+00  0.0000E+00  0.0000E+00  0.0000E+00
  0.0000E+00  0.0000E+00  0.0000E+00  0.0000E+00  1.2689E-01 -8.9105E-02
  1.0  0.0  0.5  0.5 361   1  16.00000   0.00000   3.08900
   0.0000000000000000     
  1.0948E+00  2.7963E+00  0.0000E+00  0.0000E+00  0.0000E+00  0.0000E+00
  0.0000E+00  0.0000E+00  0.0000E+00  0.0000E+00  7.7561E-01  1.9831E+00
  7.7561E-01  1.9831E+00  0.0000E+00  0.0000E+00  0.0000E+00  0.0000E+00
  0.0000E+00  0.0000E+00  0.0000E+00  0.0000E+00  1.0948E+00  2.7963E+00
  0.50000000000000000     
  1.0947E+00  2.7933E+00  4.0546E-05  3.9267E-05 -2.0166E-03  1.9399E-04
  6.6245E-07 -1.4553E-06  1.4092E-03 -1.0966E-04  7.7548E-01  1.9810E+00
  7.7548E-01  1.9810E+00 -1.4092E-03  1.0966E-04  6.6245E-07 -1.4553E-06
  2.0166E-03 -1.9399E-04 -4.0546E-05 -3.9267E-05  1.0947E+00  2.7933E+00
   1.0000000000000000     
  1.0941E+00  2.7843E+00  8.0778E-05  7.9853E-05 -4.0319E-03  3.8805E-04
  2.6380E-06 -5.7953E-06  2.8177E-03 -2.2027E-04  7.7507E-01  1.9747E+00
  7.7507E-01  1.9747E+00 -2.8177E-03  2.2027E-04  2.6380E-06 -5.7953E-06
  4.0319E-03 -3.8805E-04 -8.0778E-05 -7.9853E-05  1.0941E+00  2.7843E+00
   1.5000000000000000     
  1.0931E+00  2.7694E+00  1.2040E-04  1.2305E-04 -6.0445E-03  5.8222E-04
  5.8914E-06 -1.2943E-05  4.2246E-03 -3.3274E-04  7.7437E-01  1.9641E+00
  7.7437E-01  1.9641E+00 -4.2246E-03  3.3274E-04  5.8914E-06 -1.2943E-05
  6.0445E-03 -5.8222E-04 -1.2040E-04 -1.2305E-04  1.0931E+00  2.7694E+00
   2.0000000000000000     
  1.0917E+00  2.7487E+00  1.5912E-04  1.7010E-04 -8.0530E-03  7.7651E-04
  1.0365E-05 -2.2773E-05  5.6293E-03 -4.4792E-04  7.7339E-01  1.9494E+00
  7.7339E-01  1.9494E+00 -5.6293E-03  4.4792E-04  1.0365E-05 -2.2773E-05
  8.0530E-03 -7.7651E-04 -1.5912E-04 -1.7010E-04  1.0917E+00  2.7487E+00
   2.5000000000000000     
  1.0899E+00  2.7221E+00  1.9671E-04  2.2218E-04 -1.0056E-02  9.7085E-04
  1.5979E-05 -3.5112E-05  7.0308E-03 -5.6658E-04  7.7212E-01  1.9307E+00
  7.7212E-01  1.9307E+00 -7.0308E-03  5.6658E-04  1.5979E-05 -3.5112E-05
  1.0056E-02 -9.7085E-04 -1.9671E-04 -2.2218E-04  1.0899E+00  2.7221E+00
   3.0000000000000000     
  1.0877E+00  2.6900E+00  2.3295E-04  2.8037E-04 -1.2052E-02  1.1651E-03
  2.2636E-05 -4.9744E-05  8.4283E-03 -6.8933E-04  7.7053E-01  1.9080E+00
  7.7053E-01  1.9080E+00 -8.4283E-03  6.8933E-04  2.2636E-05 -4.9744E-05
  1.2052E-02 -1.1651E-03 -2.3295E-04 -2.8037E-04  1.0877E+00  2.6900E+00
   3.5000000000000000     
  1.0850E+00  2.6524E+00  2.6770E-04  3.4564E-04 -1.4040E-02  1.3590E-03
  3.0219E-05 -6.6416E-05  9.8208E-03 -8.1667E-04  7.6861E-01  1.8814E+00
  7.6861E-01  1.8814E+00 -9.8208E-03  8.1667E-04  3.0219E-05 -6.6416E-05
  1.4040E-02 -1.3590E-03 -2.6770E-04 -3.4564E-04  1.0850E+00  2.6524E+00
   4.0000000000000000     
  1.0818E+00  2.6094E+00  3.0087E-04  4.1881E-04 -1.6018E-02  1.5522E-03
  3.8598E-05 -8.4842E-05  1.1207E-02 -9.4890E-04  7.6635E-01  1.8511E+00
  7.6635E-01  1.8511E+00 -1.1207E-02  9.4890E-04  3.8598E-05 -8.4842E-05
  1.6018E-02 -1.5522E-03 -3.0087E-04 -4.1881E-04  1.0818E+00  2.6094E+00
   4.5000000000000000     
  1.0781E+00  2.5614E+00  3.3242E-04  5.0059E-04 -1.7984E-02  1.7441E-03
  4.7629E-05 -1.0471E-04  1.2587E-02 -1.0862E-03  7.6373E-01  1.8172E+00
  7.6373E-01  1.8172E+00 -1.2587E-02  1.0862E-03  4.7629E-05 -1.0471E-04
  1.7984E-02 -1.7441E-03 -3.3242E-04 -5.0059E-04  1.0781E+00  2.5614E+00
   5.0000000000000000     
  1.0739E+00  2.5086E+00  3.6241E-04  5.9152E-04 -1.9937E-02  1.9342E-03
  5.7162E-05 -1.2569E-04  1.3958E-02 -1.2284E-03  7.6072E-01  1.7798E+00
  7.6072E-01  1.7798E+00 -1.3958E-02  1.2284E-03  5.7162E-05 -1.2569E-04
  1.9937E-02 -1.9342E-03 -3.6241E-04 -5.9152E-04  1.0739E+00  2.5086E+00
   5.5000000000000000     
  1.0690E+00  2.4512E+00  3.9095E-04  6.9198E-04 -2.1876E-02  2.1217E-03
  6.7040E-05 -1.4744E-04  1.5319E-02 -1.3752E-03  7.5730E-01  1.7392E+00
  7.5730E-01  1.7392E+00 -1.5319E-02  1.3752E-03  6.7040E-05 -1.4744E-04
  2.1876E-02 -2.1217E-03 -3.9095E-04 -6.9198E-04  1.0690E+00  2.4512E+00
   6.0000000000000000     
  1.0636E+00  2.3894E+00  4.1823E-04  8.0219E-04 -2.3797E-02  2.3056E-03
  7.7103E-05 -1.6961E-04  1.6669E-02 -1.5262E-03  7.5345E-01  1.6956E+00
  7.5345E-01  1.6956E+00 -1.6669E-02  1.5262E-03  7.7103E-05 -1.6961E-04
  2.3797E-02 -2.3056E-03 -4.1823E-04 -8.0219E-04  1.0636E+00  2.3894E+00
   6.5000000000000000     
  1.0575E+00  2.3235E+00  4.4452E-04  9.2219E-04 -2.5700E-02  2.4849E-03
  8.7196E-05 -1.9185E-04  1.8007E-02 -1.6807E-03  7.4914E-01  1.6490E+00
  7.4914E-01  1.6490E+00 -1.8007E-02  1.6807E-03  8.7196E-05 -1.9185E-04
  2.5700E-02 -2.4849E-03 -4.4452E-04 -9.2219E-04  1.0575E+00  2.3235E+00
   7.0000000000000000     
  1.0508E+00  2.2539E+00  4.7013E-04  1.0519E-03 -2.7583E-02  2.6583E-03
  9.7167E-05 -2.1384E-04  1.9331E-02 -1.8377E-03  7.4436E-01  1.5999E+00
  7.4436E-01  1.5999E+00 -1.9331E-02  1.8377E-03  9.7167E-05 -2.1384E-04
  2.7583E-02 -2.6583E-03 -4.7013E-04 -1.0519E-03  1.0508E+00  2.2539E+00
   7.5000000000000000     
  1.0433E+00  2.1809E+00  4.9548E-04  1.1910E-03 -2.9444E-02  2.8246E-03
  1.0687E-04 -2.3526E-04  2.0639E-02 -1.9961E-03  7.3907E-01  1.5482E+00
  7.3907E-01  1.5482E+00 -2.0639E-02  1.9961E-03  1.0687E-04 -2.3526E-04
  2.9444E-02 -2.8246E-03 -4.9548E-04 -1.1910E-03  1.0433E+00  2.1809E+00
   8.0000000000000000     
  1.0351E+00  2.1047E+00  5.2101E-04  1.3392E-03 -3.1280E-02  2.9822E-03
  1.1618E-04 -2.5582E-04  2.1930E-02 -2.1546E-03  7.3326E-01  1.4944E+00
  7.3326E-01  1.4944E+00 -2.1930E-02  2.1546E-03  1.1618E-04 -2.5582E-04
  3.1280E-02 -2.9822E-03 -5.2101E-04 -1.3392E-03  1.0351E+00  2.1047E+00
   8.5000000000000000     
  1.0261E+00  2.0256E+00  5.4725E-04  1.4958E-03 -3.3090E-02  3.1297E-03
  1.2498E-04 -2.7526E-04  2.3201E-02 -2.3118E-03  7.2690E-01  1.4385E+00
  7.2690E-01  1.4385E+00 -2.3201E-02  2.3118E-03  1.2498E-04 -2.7526E-04
  3.3090E-02 -3.1297E-03 -5.4725E-04 -1.4958E-03  1.0261E+00  2.0256E+00
   9.0000000000000000     
  1.0163E+00  1.9441E+00  5.7473E-04  1.6604E-03 -3.4872E-02  3.2653E-03
  1.3317E-04 -2.9337E-04  2.4452E-02 -2.4662E-03  7.1997E-01  1.3809E+00
  7.1997E-01  1.3809E+00 -2.4452E-02  2.4662E-03  1.3317E-04 -2.9337E-04
  3.4872E-02 -3.2653E-03 -5.7473E-04 -1.6604E-03  1.0163E+00  1.9441E+00
   9.5000000000000000     
  1.0057E+00  1.8604E+00  6.0404E-04  1.8320E-03 -3.6624E-02  3.3875E-03
  1.4067E-04 -3.0996E-04  2.5679E-02 -2.6160E-03  7.1247E-01  1.3217E+00
  7.1247E-01  1.3217E+00 -2.5679E-02  2.6160E-03  1.4067E-04 -3.0996E-04
  3.6624E-02 -3.3875E-03 -6.0404E-04 -1.8320E-03  1.0057E+00  1.8604E+00
   10.000000000000000     
  9.9429E-01  1.7748E+00  6.3579E-04  2.0100E-03 -3.8343E-02  3.4945E-03
  1.4742E-04 -3.2491E-04  2.6882E-02 -2.7594E-03  7.0436E-01  1.2612E+00
  7.0436E-01  1.2612E+00 -2.6882E-02  2.7594E-03  1.4742E-04 -3.2491E-04
  3.8343E-02 -3.4945E-03 -6.3579E-04 -2.0100E-03  9.9429E-01  1.7748E+00
   10.500000000000000     
  9.8197E-01  1.6877E+00  6.7060E-04  2.1934E-03 -4.0028E-02  3.5844E-03
  1.5340E-04 -3.3812E-04  2.8059E-02 -2.8947E-03  6.9565E-01  1.1996E+00
  6.9565E-01  1.1996E+00 -2.8059E-02  2.8947E-03  1.5340E-04 -3.3812E-04
  4.0028E-02 -3.5844E-03 -6.7060E-04 -2.1934E-03  9.8197E-01  1.6877E+00
   11.000000000000000     
  9.6877E-01  1.5993E+00  7.0908E-04  2.3815E-03 -4.1677E-02  3.6557E-03
  1.5858E-04 -3.4958E-04  2.9207E-02 -3.0200E-03  6.8631E-01  1.1372E+00
  6.8631E-01  1.1372E+00 -2.9207E-02  3.0200E-03  1.5858E-04 -3.4958E-04
  4.1677E-02 -3.6557E-03 -7.0908E-04 -2.3815E-03  9.6877E-01  1.5993E+00
   11.500000000000000     
  9.5469E-01  1.5100E+00  7.5183E-04  2.5732E-03 -4.3287E-02  3.7065E-03
  1.6299E-04 -3.5929E-04  3.0325E-02 -3.1336E-03  6.7635E-01  1.0740E+00
  6.7635E-01  1.0740E+00 -3.0325E-02  3.1336E-03  1.6299E-04 -3.5929E-04
  4.3287E-02 -3.7065E-03 -7.5183E-04 -2.5732E-03  9.5469E-01  1.5100E+00
   12.000000000000000     
  9.3972E-01  1.4201E+00  7.9942E-04  2.7678E-03 -4.4858E-02  3.7353E-03
  1.6667E-04 -3.6734E-04  3.1412E-02 -3.2337E-03  6.6576E-01  1.0105E+00
  6.6576E-01  1.0105E+00 -3.1412E-02  3.2337E-03  1.6667E-04 -3.6734E-04
  4.4858E-02 -3.7353E-03 -7.9942E-04 -2.7678E-03  9.3972E-01  1.4201E+00
   12.500000000000000     
  9.2385E-01  1.3299E+00  8.5241E-04  2.9644E-03 -4.6386E-02  3.7404E-03
  1.6966E-04 -3.7383E-04  3.2465E-02 -3.3187E-03  6.5455E-01  9.4668E-01
  6.5455E-01  9.4668E-01 -3.2465E-02  3.3187E-03  1.6966E-04 -3.7383E-04
  4.6386E-02 -3.7404E-03 -8.5241E-04 -2.9644E-03  9.2385E-01  1.3299E+00
   13.000000000000000     
  9.0711E-01  1.2395E+00  9.1128E-04  3.1622E-03 -4.7871E-02  3.7204E-03
  1.7207E-04 -3.7894E-04  3.3482E-02 -3.3870E-03  6.4270E-01  8.8282E-01
  6.4270E-01  8.8282E-01 -3.3482E-02  3.3870E-03  1.7207E-04 -3.7894E-04
  4.7871E-02 -3.7204E-03 -9.1128E-04 -3.1622E-03  9.0711E-01  1.2395E+00
   13.500000000000000     
  8.8949E-01  1.1494E+00  9.7647E-04  3.3607E-03 -4.9310E-02  3.6739E-03
  1.7399E-04 -3.8288E-04  3.4464E-02 -3.4371E-03  6.3025E-01  8.1909E-01
  6.3025E-01  8.1909E-01 -3.4464E-02  3.4371E-03  1.7399E-04 -3.8288E-04
  4.9310E-02 -3.6739E-03 -9.7647E-04 -3.3607E-03  8.8949E-01  1.1494E+00
   14.000000000000000     
  8.7102E-01  1.0597E+00  1.0483E-03  3.5590E-03 -5.0703E-02  3.5997E-03
  1.7555E-04 -3.8588E-04  3.5407E-02 -3.4679E-03  6.1719E-01  7.5566E-01
  6.1719E-01  7.5566E-01 -3.5407E-02  3.4679E-03  1.7555E-04 -3.8588E-04
  5.0703E-02 -3.5997E-03 -1.0483E-03 -3.5590E-03  8.7102E-01  1.0597E+00
   14.500000000000000     
  8.5171E-01  9.7066E-01  1.1272E-03  3.7569E-03 -5.2047E-02  3.4968E-03
  1.7688E-04 -3.8824E-04  3.6312E-02 -3.4783E-03  6.0354E-01  6.9270E-01
  6.0354E-01  6.9270E-01 -3.6312E-02  3.4783E-03  1.7688E-04 -3.8824E-04
  5.2047E-02 -3.4968E-03 -1.1272E-03 -3.7569E-03  8.5171E-01  9.7066E-01
   15.000000000000000     
  8.3160E-01  8.8249E-01  1.2133E-03  3.9540E-03 -5.3342E-02  3.3643E-03
  1.7814E-04 -3.9026E-04  3.7176E-02 -3.4674E-03  5.8932E-01  6.3035E-01
  5.8932E-01  6.3035E-01 -3.7176E-02  3.4674E-03  1.7814E-04 -3.9026E-04
  5.3342E-02 -3.3643E-03 -1.2133E-03 -3.9540E-03  8.3160E-01  8.8249E-01
   15.500000000000000     
  8.1071E-01  7.9539E-01  1.3067E-03  4.1499E-03 -5.4585E-02  3.2014E-03
  1.7949E-04 -3.9225E-04  3.8000E-02 -3.4346E-03  5.7455E-01  5.6877E-01
  5.7455E-01  5.6877E-01 -3.8000E-02  3.4346E-03  1.7949E-04 -3.9225E-04
  5.4585E-02 -3.2014E-03 -1.3067E-03 -4.1499E-03  8.1071E-01  7.9539E-01
   16.000000000000000     
  7.8909E-01  7.0955E-01  1.4075E-03  4.3447E-03 -5.5777E-02  3.0076E-03
  1.8108E-04 -3.9456E-04  3.8781E-02 -3.3795E-03  5.5926E-01  5.0807E-01
  5.5926E-01  5.0807E-01 -3.8781E-02  3.3795E-03  1.8108E-04 -3.9456E-04
  5.5777E-02 -3.0076E-03 -1.4075E-03 -4.3447E-03  7.8909E-01  7.0955E-01
   16.500000000000000     
  7.6676E-01  6.2513E-01  1.5157E-03  4.5384E-03 -5.6915E-02  2.7826E-03
  1.8310E-04 -3.9752E-04  3.9520E-02 -3.3017E-03  5.4347E-01  4.4837E-01
  5.4347E-01  4.4837E-01 -3.9520E-02  3.3017E-03  1.8310E-04 -3.9752E-04
  5.6915E-02 -2.7826E-03 -1.5157E-03 -4.5384E-03  7.6676E-01  6.2513E-01
   17.000000000000000     
  7.4378E-01  5.4227E-01  1.6311E-03  4.7311E-03 -5.8000E-02  2.5262E-03
  1.8571E-04 -4.0147E-04  4.0216E-02 -3.2014E-03  5.2723E-01  3.8978E-01
  5.2723E-01  3.8978E-01 -4.0216E-02  3.2014E-03  1.8571E-04 -4.0147E-04
  5.8000E-02 -2.5262E-03 -1.6311E-03 -4.7311E-03  7.4378E-01  5.4227E-01
   17.500000000000000     
  7.2020E-01  4.6112E-01  1.7536E-03  4.9232E-03 -5.9031E-02  2.2384E-03
  1.8906E-04 -4.0672E-04  4.0868E-02 -3.0787E-03  5.1055E-01  3.3239E-01
  5.1055E-01  3.3239E-01 -4.0868E-02  3.0787E-03  1.8906E-04 -4.0672E-04
  5.9031E-02 -2.2384E-03 -1.7536E-03 -4.9232E-03  7.2020E-01  4.6112E-01
   18.000000000000000     
  6.9605E-01  3.8179E-01  1.8829E-03  5.1150E-03 -6.0006E-02  1.9192E-03
  1.9332E-04 -4.1358E-04  4.1476E-02 -2.9340E-03  4.9348E-01  2.7629E-01
  4.9348E-01  2.7629E-01 -4.1476E-02  2.9340E-03  1.9332E-04 -4.1358E-04
  6.0006E-02 -1.9192E-03 -1.8829E-03 -5.1150E-03  6.9605E-01  3.8179E-01
   18.500000000000000     
  6.7141E-01  3.0437E-01  2.0186E-03  5.3071E-03 -6.0925E-02  1.5692E-03
  1.9862E-04 -4.2232E-04  4.2041E-02 -2.7679E-03  4.7605E-01  2.2155E-01
  4.7605E-01  2.2155E-01 -4.2041E-02  2.7679E-03  1.9862E-04 -4.2232E-04
  6.0925E-02 -1.5692E-03 -2.0186E-03 -5.3071E-03  6.7141E-01  3.0437E-01
   19.000000000000000     
  6.4631E-01  2.2897E-01  2.1603E-03  5.5002E-03 -6.1788E-02  1.1886E-03
  2.0509E-04 -4.3319E-04  4.2562E-02 -2.5812E-03  4.5831E-01  1.6824E-01
  4.5831E-01  1.6824E-01 -4.2562E-02  2.5812E-03  2.0509E-04 -4.3319E-04
  6.1788E-02 -1.1886E-03 -2.1603E-03 -5.5002E-03  6.4631E-01  2.2897E-01
   19.500000000000000     
  6.2083E-01  1.5566E-01  2.3077E-03  5.6949E-03 -6.2595E-02  7.7814E-04
  2.1284E-04 -4.4638E-04  4.3039E-02 -2.3747E-03  4.4028E-01  1.1640E-01
  4.4028E-01  1.1640E-01 -4.3039E-02  2.3747E-03  2.1284E-04 -4.4638E-04
  6.2595E-02 -7.7814E-04 -2.3077E-03 -5.6949E-03  6.2083E-01  1.5566E-01
   20.000000000000000     
  5.9501E-01  8.4504E-02  2.4601E-03  5.8919E-03 -6.3345E-02  3.3843E-04
  2.2196E-04 -4.6204E-04  4.3473E-02 -2.1494E-03  4.2202E-01  6.6082E-02
  4.2202E-01  6.6082E-02 -4.3473E-02  2.1494E-03  2.2196E-04 -4.6204E-04
  6.3345E-02 -3.3843E-04 -2.4601E-03 -5.8919E-03  5.9501E-01  8.4504E-02
   20.500000000000000     
  5.6891E-01  1.5551E-02  2.6171E-03  6.0921E-03 -6.4039E-02 -1.2975E-04
  2.3250E-04 -4.8030E-04  4.3863E-02 -1.9063E-03  4.0357E-01  1.7327E-02
  4.0357E-01  1.7327E-02 -4.3863E-02  1.9063E-03  2.3250E-04 -4.8030E-04
  6.4039E-02  1.2975E-04 -2.6171E-03 -6.0921E-03  5.6891E-01  1.5551E-02
   21.000000000000000     
  5.4260E-01 -5.1154E-02  2.7780E-03  6.2962E-03 -6.4675E-02 -6.2555E-04
  2.4452E-04 -5.0119E-04  4.4211E-02 -1.6467E-03  3.8496E-01 -2.9836E-02
  3.8496E-01 -2.9836E-02 -4.4211E-02  1.6467E-03  2.4452E-04 -5.0119E-04
  6.4675E-02  6.2555E-04 -2.7780E-03 -6.2962E-03  5.4260E-01 -5.1154E-02
   21.500000000000000     
  5.1613E-01 -1.1558E-01  2.9424E-03  6.5051E-03 -6.5255E-02 -1.1481E-03
  2.5802E-04 -5.2473E-04  4.4516E-02 -1.3716E-03  3.6623E-01 -7.5383E-02
  3.6623E-01 -7.5383E-02 -4.4516E-02  1.3716E-03  2.5802E-04 -5.2473E-04
  6.5255E-02  1.1481E-03 -2.9424E-03 -6.5051E-03  5.1613E-01 -1.1558E-01
   22.000000000000000     
  4.8956E-01 -1.7769E-01  3.1095E-03  6.7196E-03 -6.5778E-02 -1.6965E-03
  2.7300E-04 -5.5086E-04  4.4778E-02 -1.0821E-03  3.4743E-01 -1.1930E-01
  3.4743E-01 -1.1930E-01 -4.4778E-02  1.0821E-03  2.7300E-04 -5.5086E-04
  6.5778E-02  1.6965E-03 -3.1095E-03 -6.7196E-03  4.8956E-01 -1.7769E-01
   22.500000000000000     
  4.6294E-01 -2.3748E-01  3.2790E-03  6.9402E-03 -6.6244E-02 -2.2699E-03
  2.8942E-04 -5.7947E-04  4.4999E-02 -7.7954E-04  3.2859E-01 -1.6156E-01
  3.2859E-01 -1.6156E-01 -4.4999E-02  7.7954E-04  2.8942E-04 -5.7947E-04
  6.6244E-02  2.2699E-03 -3.2790E-03 -6.9402E-03  4.6294E-01 -2.3748E-01
   23.000000000000000     
  4.3632E-01 -2.9492E-01  3.4501E-03  7.1679E-03 -6.6653E-02 -2.8673E-03
  3.0723E-04 -6.1041E-04  4.5179E-02 -4.6481E-04  3.0976E-01 -2.0218E-01
  3.0976E-01 -2.0218E-01 -4.5179E-02  4.6481E-04  3.0723E-04 -6.1041E-04
  6.6653E-02  2.8673E-03 -3.4501E-03 -7.1679E-03  4.3632E-01 -2.9492E-01
   23.500000000000000     
  4.0976E-01 -3.5003E-01  3.6224E-03  7.4030E-03 -6.7006E-02 -3.4879E-03
  3.2633E-04 -6.4347E-04  4.5318E-02 -1.3895E-04  2.9097E-01 -2.4113E-01
  2.9097E-01 -2.4113E-01 -4.5318E-02  1.3895E-04  3.2633E-04 -6.4347E-04
  6.7006E-02  3.4879E-03 -3.6224E-03 -7.4030E-03  4.0976E-01 -3.5003E-01
   24.000000000000000     
  3.8331E-01 -4.0278E-01  3.7954E-03  7.6461E-03 -6.7302E-02 -4.1309E-03
  3.4663E-04 -6.7840E-04  4.5416E-02  1.9717E-04  2.7224E-01 -2.7842E-01
  2.7224E-01 -2.7842E-01 -4.5416E-02 -1.9717E-04  3.4663E-04 -6.7840E-04
  6.7302E-02  4.1309E-03 -3.7954E-03 -7.6461E-03  3.8331E-01 -4.0278E-01
   24.500000000000000     
  3.5701E-01 -4.5318E-01  3.9687E-03  7.8977E-03 -6.7542E-02 -4.7956E-03
  3.6800E-04 -7.1490E-04  4.5475E-02  5.4279E-04  2.5363E-01 -3.1404E-01
  2.5363E-01 -3.1404E-01 -4.5475E-02 -5.4279E-04  3.6800E-04 -7.1490E-04
  6.7542E-02  4.7956E-03 -3.9687E-03 -7.8977E-03  3.5701E-01 -4.5318E-01
   25.000000000000000     
  3.3090E-01 -5.0124E-01  4.1418E-03  8.1578E-03 -6.7725E-02 -5.4812E-03
  3.9031E-04 -7.5264E-04  4.5494E-02  8.9726E-04  2.3515E-01 -3.4801E-01
  2.3515E-01 -3.4801E-01 -4.5494E-02 -8.9726E-04  3.9031E-04 -7.5264E-04
  6.7725E-02  5.4812E-03 -4.1418E-03 -8.1578E-03  3.3090E-01 -5.0124E-01
   25.500000000000000     
  3.0503E-01 -5.4696E-01  4.3144E-03  8.4267E-03 -6.7853E-02 -6.1873E-03
  4.1339E-04 -7.9128E-04  4.5473E-02  1.2601E-03  2.1684E-01 -3.8033E-01
  2.1684E-01 -3.8033E-01 -4.5473E-02 -1.2601E-03  4.1339E-04 -7.9128E-04
  6.7853E-02  6.1873E-03 -4.3144E-03 -8.4267E-03  3.0503E-01 -5.4696E-01
   26.000000000000000     
  2.7944E-01 -5.9035E-01  4.4862E-03  8.7045E-03 -6.7924E-02 -6.9132E-03
  4.3708E-04 -8.3044E-04  4.5413E-02  1.6310E-03  1.9872E-01 -4.1099E-01
  1.9872E-01 -4.1099E-01 -4.5413E-02 -1.6310E-03  4.3708E-04 -8.3044E-04
  6.7924E-02  6.9132E-03 -4.4862E-03 -8.7045E-03  2.7944E-01 -5.9035E-01
   26.500000000000000     
  2.5415E-01 -6.3142E-01  4.6569E-03  8.9908E-03 -6.7939E-02 -7.6586E-03
  4.6122E-04 -8.6973E-04  4.5314E-02  2.0097E-03  1.8081E-01 -4.4002E-01
  1.8081E-01 -4.4002E-01 -4.5314E-02 -2.0097E-03  4.6122E-04 -8.6973E-04
  6.7939E-02  7.6586E-03 -4.6569E-03 -8.9908E-03  2.5415E-01 -6.3142E-01
   27.000000000000000     
  2.2920E-01 -6.7017E-01  4.8264E-03  9.2856E-03 -6.7899E-02 -8.4232E-03
  4.8562E-04 -9.0876E-04  4.5177E-02  2.3963E-03  1.6314E-01 -4.6741E-01
  1.6314E-01 -4.6741E-01 -4.5177E-02 -2.3963E-03  4.8562E-04 -9.0876E-04
  6.7899E-02  8.4232E-03 -4.8264E-03 -9.2856E-03  2.2920E-01 -6.7017E-01
   27.500000000000000     
  2.0461E-01 -7.0663E-01  4.9946E-03  9.5883E-03 -6.7802E-02 -9.2067E-03
  5.1012E-04 -9.4714E-04  4.5001E-02  2.7907E-03  1.4573E-01 -4.9317E-01
  1.4573E-01 -4.9317E-01 -4.5001E-02 -2.7907E-03  5.1012E-04 -9.4714E-04
  6.7802E-02  9.2067E-03 -4.9946E-03 -9.5883E-03  2.0461E-01 -7.0663E-01
   28.000000000000000     
  1.8041E-01 -7.4079E-01  5.1613E-03  9.8986E-03 -6.7650E-02 -1.0009E-02
  5.3454E-04 -9.8450E-04  4.4787E-02  3.1933E-03  1.2859E-01 -5.1731E-01
  1.2859E-01 -5.1731E-01 -4.4787E-02 -3.1933E-03  5.3454E-04 -9.8450E-04
  6.7650E-02  1.0009E-02 -5.1613E-03 -9.8986E-03  1.8041E-01 -7.4079E-01
   28.500000000000000     
  1.5661E-01 -7.7268E-01  5.3265E-03  1.0216E-02 -6.7442E-02 -1.0830E-02
  5.5874E-04 -1.0205E-03  4.4534E-02  3.6044E-03  1.1174E-01 -5.3985E-01
  1.1174E-01 -5.3985E-01 -4.4534E-02 -3.6044E-03  5.5874E-04 -1.0205E-03
  6.7442E-02  1.0830E-02 -5.3265E-03 -1.0216E-02  1.5661E-01 -7.7268E-01
   29.000000000000000     
  1.3324E-01 -8.0231E-01  5.4903E-03  1.0539E-02 -6.7178E-02 -1.1669E-02
  5.8255E-04 -1.0548E-03  4.4243E-02  4.0245E-03  9.5192E-02 -5.6078E-01
  9.5192E-02 -5.6078E-01 -4.4243E-02 -4.0245E-03  5.8255E-04 -1.0548E-03
  6.7178E-02  1.1669E-02 -5.4903E-03 -1.0539E-02  1.3324E-01 -8.0231E-01
   29.500000000000000     
  1.1032E-01 -8.2968E-01  5.6526E-03  1.0868E-02 -6.6859E-02 -1.2527E-02
  6.0586E-04 -1.0870E-03  4.3914E-02  4.4541E-03  7.8953E-02 -5.8013E-01
  7.8953E-02 -5.8013E-01 -4.3914E-02 -4.4541E-03  6.0586E-04 -1.0870E-03
  6.6859E-02  1.2527E-02 -5.6526E-03 -1.0868E-02  1.1032E-01 -8.2968E-01
   30.000000000000000     
  8.7844E-02 -8.5482E-01  5.8135E-03  1.1201E-02 -6.6484E-02 -1.3404E-02
  6.2854E-04 -1.1170E-03  4.3546E-02  4.8937E-03  6.3034E-02 -5.9790E-01
  6.3034E-02 -5.9790E-01 -4.3546E-02 -4.8937E-03  6.2854E-04 -1.1170E-03
  6.6484E-02  1.3404E-02 -5.8135E-03 -1.1201E-02  8.7844E-02 -8.5482E-01
   30.500000000000000     
  6.5833E-02 -8.7774E-01  5.9731E-03  1.1538E-02 -6.6054E-02 -1.4299E-02
  6.5050E-04 -1.1446E-03  4.3140E-02  5.3441E-03  4.7442E-02 -6.1410E-01
  4.7442E-02 -6.1410E-01 -4.3140E-02 -5.3441E-03  6.5050E-04 -1.1446E-03
  6.6054E-02  1.4299E-02 -5.9731E-03 -1.1538E-02  6.5833E-02 -8.7774E-01
   31.000000000000000     
  4.4294E-02 -8.9846E-01  6.1316E-03  1.1878E-02 -6.5568E-02 -1.5213E-02
  6.7168E-04 -1.1695E-03  4.2696E-02  5.8058E-03  3.2183E-02 -6.2875E-01
  3.2183E-02 -6.2875E-01 -4.2696E-02 -5.8058E-03  6.7168E-04 -1.1695E-03
  6.5568E-02  1.5213E-02 -6.1316E-03 -1.1878E-02  4.4294E-02 -8.9846E-01
   31.500000000000000     
  2.3233E-02 -9.1699E-01  6.2888E-03  1.2220E-02 -6.5028E-02 -1.6146E-02
  6.9203E-04 -1.1917E-03  4.2214E-02  6.2794E-03  1.7262E-02 -6.4186E-01
  1.7262E-02 -6.4186E-01 -4.2214E-02 -6.2794E-03  6.9203E-04 -1.1917E-03
  6.5028E-02  1.6146E-02 -6.2888E-03 -1.2220E-02  2.3233E-02 -9.1699E-01
   32.000000000000000     
  2.6530E-03 -9.3337E-01  6.4450E-03  1.2562E-02 -6.4433E-02 -1.7097E-02
  7.1152E-04 -1.2111E-03  4.1694E-02  6.7657E-03  2.6813E-03 -6.5344E-01
  2.6813E-03 -6.5344E-01 -4.1694E-02 -6.7657E-03  7.1152E-04 -1.2111E-03
  6.4433E-02  1.7097E-02 -6.4450E-03 -1.2562E-02  2.6530E-03 -9.3337E-01
   32.500000000000000     
 -1.7442E-02 -9.4761E-01  6.6002E-03  1.2905E-02 -6.3784E-02 -1.8067E-02
  7.3017E-04 -1.2277E-03  4.1137E-02  7.2649E-03 -1.1556E-02 -6.6351E-01
 -1.1556E-02 -6.6351E-01 -4.1137E-02 -7.2649E-03  7.3017E-04 -1.2277E-03
  6.3784E-02  1.8067E-02 -6.6002E-03 -1.2905E-02 -1.7442E-02 -9.4761E-01
   33.000000000000000     
 -3.7049E-02 -9.5974E-01  6.7545E-03  1.3247E-02 -6.3080E-02 -1.9055E-02
  7.4800E-04 -1.2416E-03  4.0542E-02  7.7777E-03 -2.5450E-02 -6.7210E-01
 -2.5450E-02 -6.7210E-01 -4.0542E-02 -7.7777E-03  7.4800E-04 -1.2416E-03
  6.3080E-02  1.9055E-02 -6.7545E-03 -1.3247E-02 -3.7049E-02 -9.5974E-01
   33.500000000000000     
 -5.6167E-02 -9.6979E-01  6.9078E-03  1.3587E-02 -6.2323E-02 -2.0061E-02
  7.6508E-04 -1.2529E-03  3.9909E-02  8.3043E-03 -3.8997E-02 -6.7922E-01
 -3.8997E-02 -6.7922E-01 -3.9909E-02 -8.3043E-03  7.6508E-04 -1.2529E-03
  6.2323E-02  2.0061E-02 -6.9078E-03 -1.3587E-02 -5.6167E-02 -9.6979E-01
   34.000000000000000     
 -7.4795E-02 -9.7780E-01  7.0600E-03  1.3925E-02 -6.1513E-02 -2.1084E-02
  7.8147E-04 -1.2617E-03  3.9240E-02  8.8449E-03 -5.2199E-02 -6.8489E-01
 -5.2199E-02 -6.8489E-01 -3.9240E-02 -8.8449E-03  7.8147E-04 -1.2617E-03
  6.1513E-02  2.1084E-02 -7.0600E-03 -1.3925E-02 -7.4795E-02 -9.7780E-01
   34.500000000000000     
 -9.2933E-02 -9.8380E-01  7.2112E-03  1.4260E-02 -6.0650E-02 -2.2125E-02
  7.9728E-04 -1.2682E-03  3.8535E-02  9.3996E-03 -6.5053E-02 -6.8915E-01
 -6.5053E-02 -6.8915E-01 -3.8535E-02 -9.3996E-03  7.9728E-04 -1.2682E-03
  6.0650E-02  2.2125E-02 -7.2112E-03 -1.4260E-02 -9.2933E-02 -9.8380E-01
   35.000000000000000     
 -1.1058E-01 -9.8783E-01  7.3612E-03  1.4592E-02 -5.9736E-02 -2.3183E-02
  8.1264E-04 -1.2726E-03  3.7794E-02  9.9682E-03 -7.7561E-02 -6.9202E-01
 -7.7561E-02 -6.9202E-01 -3.7794E-02 -9.9682E-03  8.1264E-04 -1.2726E-03
  5.9736E-02  2.3183E-02 -7.3612E-03 -1.4592E-02 -1.1058E-01 -9.8783E-01
   35.500000000000000     
 -1.2773E-01 -9.8995E-01  7.5099E-03  1.4920E-02 -5.8770E-02 -2.4256E-02
  8.2766E-04 -1.2754E-03  3.7018E-02  1.0551E-02 -8.9722E-02 -6.9354E-01
 -8.9722E-02 -6.9354E-01 -3.7018E-02 -1.0551E-02  8.2766E-04 -1.2754E-03
  5.8770E-02  2.4256E-02 -7.5099E-03 -1.4920E-02 -1.2773E-01 -9.8995E-01
   36.000000000000000     
 -1.4440E-01 -9.9019E-01  7.6569E-03  1.5244E-02 -5.7755E-02 -2.5344E-02
  8.4252E-04 -1.2766E-03  3.6207E-02  1.1146E-02 -1.0153E-01 -6.9373E-01
 -1.0153E-01 -6.9373E-01 -3.6207E-02 -1.1146E-02  8.4252E-04 -1.2766E-03
  5.7755E-02  2.5344E-02 -7.6569E-03 -1.5244E-02 -1.4440E-01 -9.9019E-01
   36.500000000000000     
 -1.6057E-01 -9.8862E-01  7.8021E-03  1.5563E-02 -5.6690E-02 -2.6446E-02
  8.5735E-04 -1.2767E-03  3.5364E-02  1.1755E-02 -1.1300E-01 -6.9264E-01
 -1.1300E-01 -6.9264E-01 -3.5364E-02 -1.1755E-02  8.5735E-04 -1.2767E-03
  5.6690E-02  2.6446E-02 -7.8021E-03 -1.5563E-02 -1.6057E-01 -9.8862E-01
   37.000000000000000     
 -1.7624E-01 -9.8529E-01  7.9450E-03  1.5878E-02 -5.5577E-02 -2.7561E-02
  8.7232E-04 -1.2760E-03  3.4487E-02  1.2375E-02 -1.2411E-01 -6.9031E-01
 -1.2411E-01 -6.9031E-01 -3.4487E-02 -1.2375E-02  8.7232E-04 -1.2760E-03
  5.5577E-02  2.7561E-02 -7.9450E-03 -1.5878E-02 -1.7624E-01 -9.8529E-01
   37.500000000000000     
 -1.9142E-01 -9.8027E-01  8.0854E-03  1.6189E-02 -5.4418E-02 -2.8687E-02
  8.8761E-04 -1.2748E-03  3.3580E-02  1.3007E-02 -1.3488E-01 -6.8679E-01
 -1.3488E-01 -6.8679E-01 -3.3580E-02 -1.3007E-02  8.8761E-04 -1.2748E-03
  5.4418E-02  2.8687E-02 -8.0854E-03 -1.6189E-02 -1.9142E-01 -9.8027E-01
   38.000000000000000     
 -2.0609E-01 -9.7362E-01  8.2229E-03  1.6496E-02 -5.3212E-02 -2.9824E-02
  9.0336E-04 -1.2734E-03  3.2642E-02  1.3648E-02 -1.4529E-01 -6.8211E-01
 -1.4529E-01 -6.8211E-01 -3.2642E-02 -1.3648E-02  9.0336E-04 -1.2734E-03
  5.3212E-02  2.9824E-02 -8.2229E-03 -1.6496E-02 -2.0609E-01 -9.7362E-01
   38.500000000000000     
 -2.2026E-01 -9.6542E-01  8.3569E-03  1.6799E-02 -5.1963E-02 -3.0969E-02
  9.1973E-04 -1.2721E-03  3.1675E-02  1.4299E-02 -1.5534E-01 -6.7634E-01
 -1.5534E-01 -6.7634E-01 -3.1675E-02 -1.4299E-02  9.1973E-04 -1.2721E-03
  5.1963E-02  3.0969E-02 -8.3569E-03 -1.6799E-02 -2.2026E-01 -9.6542E-01
   39.000000000000000     
 -2.3393E-01 -9.5574E-01  8.4871E-03  1.7097E-02 -5.0670E-02 -3.2122E-02
  9.3688E-04 -1.2713E-03  3.0681E-02  1.4957E-02 -1.6504E-01 -6.6952E-01
 -1.6504E-01 -6.6952E-01 -3.0681E-02 -1.4957E-02  9.3688E-04 -1.2713E-03
  5.0670E-02  3.2122E-02 -8.4871E-03 -1.7097E-02 -2.3393E-01 -9.5574E-01
   39.500000000000000     
 -2.4708E-01 -9.4465E-01  8.6129E-03  1.7393E-02 -4.9335E-02 -3.3281E-02
  9.5493E-04 -1.2711E-03  2.9660E-02  1.5621E-02 -1.7438E-01 -6.6171E-01
 -1.7438E-01 -6.6171E-01 -2.9660E-02 -1.5621E-02  9.5493E-04 -1.2711E-03
  4.9335E-02  3.3281E-02 -8.6129E-03 -1.7393E-02 -2.4708E-01 -9.4465E-01
   40.000000000000000     
 -2.5971E-01 -9.3225E-01  8.7337E-03  1.7685E-02 -4.7960E-02 -3.4443E-02
  9.7399E-04 -1.2719E-03  2.8614E-02  1.6291E-02 -1.8335E-01 -6.5297E-01
 -1.8335E-01 -6.5297E-01 -2.8614E-02 -1.6291E-02  9.7399E-04 -1.2719E-03
  4.7960E-02  3.4443E-02 -8.7337E-03 -1.7685E-02 -2.5971E-01 -9.3225E-01
   40.500000000000000     
 -2.7182E-01 -9.1861E-01  8.8492E-03  1.7974E-02 -4.6546E-02 -3.5608E-02
  9.9416E-04 -1.2737E-03  2.7544E-02  1.6963E-02 -1.9195E-01 -6.4335E-01
 -1.9195E-01 -6.4335E-01 -2.7544E-02 -1.6963E-02  9.9416E-04 -1.2737E-03
  4.6546E-02  3.5608E-02 -8.8492E-03 -1.7974E-02 -2.7182E-01 -9.1861E-01
   41.000000000000000     
 -2.8341E-01 -9.0382E-01  8.9588E-03  1.8261E-02 -4.5095E-02 -3.6773E-02
  1.0155E-03 -1.2767E-03  2.6451E-02  1.7638E-02 -2.0018E-01 -6.3292E-01
 -2.0018E-01 -6.3292E-01 -2.6451E-02 -1.7638E-02  1.0155E-03 -1.2767E-03
  4.5095E-02  3.6773E-02 -8.9588E-03 -1.8261E-02 -2.8341E-01 -9.0382E-01
   41.500000000000000     
 -2.9446E-01 -8.8796E-01  9.0620E-03  1.8546E-02 -4.3608E-02 -3.7938E-02
  1.0381E-03 -1.2810E-03  2.5338E-02  1.8313E-02 -2.0804E-01 -6.2173E-01
 -2.0804E-01 -6.2173E-01 -2.5338E-02 -1.8313E-02  1.0381E-03 -1.2810E-03
  4.3608E-02  3.7938E-02 -9.0620E-03 -1.8546E-02 -2.9446E-01 -8.8796E-01
   42.000000000000000     
 -3.0496E-01 -8.7114E-01  9.1582E-03  1.8830E-02 -4.2086E-02 -3.9099E-02
  1.0619E-03 -1.2867E-03  2.4205E-02  1.8987E-02 -2.1551E-01 -6.0986E-01
 -2.1551E-01 -6.0986E-01 -2.4205E-02 -1.8987E-02  1.0619E-03 -1.2867E-03
  4.2086E-02  3.9099E-02 -9.1582E-03 -1.8830E-02 -3.0496E-01 -8.7114E-01
   42.500000000000000     
 -3.1493E-01 -8.5343E-01  9.2471E-03  1.9113E-02 -4.0532E-02 -4.0256E-02
  1.0870E-03 -1.2936E-03  2.3054E-02  1.9659E-02 -2.2260E-01 -5.9736E-01
 -2.2260E-01 -5.9736E-01 -2.3054E-02 -1.9659E-02  1.0870E-03 -1.2936E-03
  4.0532E-02  4.0256E-02 -9.2471E-03 -1.9113E-02 -3.1493E-01 -8.5343E-01
   43.000000000000000     
 -3.2434E-01 -8.3492E-01  9.3283E-03  1.9395E-02 -3.8947E-02 -4.1407E-02
  1.1133E-03 -1.3018E-03  2.1886E-02  2.0327E-02 -2.2930E-01 -5.8430E-01
 -2.2930E-01 -5.8430E-01 -2.1886E-02 -2.0327E-02  1.1133E-03 -1.3018E-03
  3.8947E-02  4.1407E-02 -9.3283E-03 -1.9395E-02 -3.2434E-01 -8.3492E-01
   43.500000000000000     
 -3.3319E-01 -8.1571E-01  9.4012E-03  1.9676E-02 -3.7332E-02 -4.2551E-02
  1.1408E-03 -1.3111E-03  2.0702E-02  2.0990E-02 -2.3561E-01 -5.7074E-01
 -2.3561E-01 -5.7074E-01 -2.0702E-02 -2.0990E-02  1.1408E-03 -1.3111E-03
  3.7332E-02  4.2551E-02 -9.4012E-03 -1.9676E-02 -3.3319E-01 -8.1571E-01
   44.000000000000000     
 -3.4148E-01 -7.9587E-01  9.4657E-03  1.9957E-02 -3.5689E-02 -4.3685E-02
  1.1693E-03 -1.3213E-03  1.9504E-02  2.1646E-02 -2.4153E-01 -5.5674E-01
 -2.4153E-01 -5.5674E-01 -1.9504E-02 -2.1646E-02  1.1693E-03 -1.3213E-03
  3.5689E-02  4.3685E-02 -9.4657E-03 -1.9957E-02 -3.4148E-01 -7.9587E-01
   44.500000000000000     
 -3.4921E-01 -7.7551E-01  9.5214E-03  2.0238E-02 -3.4019E-02 -4.4809E-02
  1.1989E-03 -1.3322E-03  1.8293E-02  2.2296E-02 -2.4704E-01 -5.4237E-01
 -2.4704E-01 -5.4237E-01 -1.8293E-02 -2.2296E-02  1.1989E-03 -1.3322E-03
  3.4019E-02  4.4809E-02 -9.5214E-03 -2.0238E-02 -3.4921E-01 -7.7551E-01
   45.000000000000000     
 -3.5637E-01 -7.5470E-01  9.5681E-03  2.0518E-02 -3.2323E-02 -4.5920E-02
  1.2293E-03 -1.3436E-03  1.7070E-02  2.2937E-02 -2.5215E-01 -5.2768E-01
 -2.5215E-01 -5.2768E-01 -1.7070E-02 -2.2937E-02  1.2293E-03 -1.3436E-03
  3.2323E-02  4.5920E-02 -9.5681E-03 -2.0518E-02 -3.5637E-01 -7.5470E-01
   45.500000000000000     
 -3.6296E-01 -7.3351E-01  9.6056E-03  2.0798E-02 -3.0604E-02 -4.7019E-02
  1.2604E-03 -1.3551E-03  1.5836E-02  2.3569E-02 -2.5686E-01 -5.1272E-01
 -2.5686E-01 -5.1272E-01 -1.5836E-02 -2.3569E-02  1.2604E-03 -1.3551E-03
  3.0604E-02  4.7019E-02 -9.6056E-03 -2.0798E-02 -3.6296E-01 -7.3351E-01
   46.000000000000000     
 -3.6897E-01 -7.1204E-01  9.6339E-03  2.1078E-02 -2.8862E-02 -4.8104E-02
  1.2920E-03 -1.3665E-03  1.4592E-02  2.4191E-02 -2.6117E-01 -4.9756E-01
 -2.6117E-01 -4.9756E-01 -1.4592E-02 -2.4191E-02  1.2920E-03 -1.3665E-03
  2.8862E-02  4.8104E-02 -9.6339E-03 -2.1078E-02 -3.6897E-01 -7.1204E-01
   46.500000000000000     
 -3.7441E-01 -6.9035E-01  9.6528E-03  2.1357E-02 -2.7098E-02 -4.9173E-02
  1.3241E-03 -1.3774E-03  1.3339E-02  2.4803E-02 -2.6507E-01 -4.8225E-01
 -2.6507E-01 -4.8225E-01 -1.3339E-02 -2.4803E-02  1.3241E-03 -1.3774E-03
  2.7098E-02  4.9173E-02 -9.6528E-03 -2.1357E-02 -3.7441E-01 -6.9035E-01
   47.000000000000000     
 -3.7928E-01 -6.6851E-01  9.6624E-03  2.1635E-02 -2.5315E-02 -5.0226E-02
  1.3564E-03 -1.3874E-03  1.2078E-02  2.5404E-02 -2.6857E-01 -4.6684E-01
 -2.6857E-01 -4.6684E-01 -1.2078E-02 -2.5404E-02  1.3564E-03 -1.3874E-03
  2.5315E-02  5.0226E-02 -9.6624E-03 -2.1635E-02 -3.7928E-01 -6.6851E-01
   47.500000000000000     
 -3.8359E-01 -6.4659E-01  9.6628E-03  2.1912E-02 -2.3512E-02 -5.1263E-02
  1.3887E-03 -1.3963E-03  1.0810E-02  2.5994E-02 -2.7167E-01 -4.5136E-01
 -2.7167E-01 -4.5136E-01 -1.0810E-02 -2.5994E-02  1.3887E-03 -1.3963E-03
  2.3512E-02  5.1263E-02 -9.6628E-03 -2.1912E-02 -3.8359E-01 -6.4659E-01
   48.000000000000000     
 -3.8732E-01 -6.2464E-01  9.6539E-03  2.2186E-02 -2.1692E-02 -5.2281E-02
  1.4209E-03 -1.4036E-03  9.5349E-03  2.6573E-02 -2.7437E-01 -4.3588E-01
 -2.7437E-01 -4.3588E-01 -9.5349E-03 -2.6573E-02  1.4209E-03 -1.4036E-03
  2.1692E-02  5.2281E-02 -9.6539E-03 -2.2186E-02 -3.8732E-01 -6.2464E-01
   48.500000000000000     
 -3.9050E-01 -6.0273E-01  9.6361E-03  2.2458E-02 -1.9856E-02 -5.3281E-02
  1.4528E-03 -1.4090E-03  8.2539E-03  2.7140E-02 -2.7667E-01 -4.2042E-01
 -2.7667E-01 -4.2042E-01 -8.2539E-03 -2.7140E-02  1.4528E-03 -1.4090E-03
  1.9856E-02  5.3281E-02 -9.6361E-03 -2.2458E-02 -3.9050E-01 -6.0273E-01
   49.000000000000000     
 -3.9312E-01 -5.8091E-01  9.6095E-03  2.2727E-02 -1.8004E-02 -5.4263E-02
  1.4843E-03 -1.4122E-03  6.9676E-03  2.7697E-02 -2.7858E-01 -4.0502E-01
 -2.7858E-01 -4.0502E-01 -6.9676E-03 -2.7697E-02  1.4843E-03 -1.4122E-03
  1.8004E-02  5.4263E-02 -9.6095E-03 -2.2727E-02 -3.9312E-01 -5.8091E-01
   49.500000000000000     
 -3.9520E-01 -5.5922E-01  9.5743E-03  2.2992E-02 -1.6138E-02 -5.5225E-02
  1.5151E-03 -1.4130E-03  5.6767E-03  2.8242E-02 -2.8011E-01 -3.8971E-01
 -2.8011E-01 -3.8971E-01 -5.6767E-03 -2.8242E-02  1.5151E-03 -1.4130E-03
  1.6138E-02  5.5225E-02 -9.5743E-03 -2.2992E-02 -3.9520E-01 -5.5922E-01
   50.000000000000000     
 -3.9674E-01 -5.3770E-01  9.5308E-03  2.3253E-02 -1.4259E-02 -5.6167E-02
  1.5452E-03 -1.4110E-03  4.3817E-03  2.8776E-02 -2.8125E-01 -3.7453E-01
 -2.8125E-01 -3.7453E-01 -4.3817E-03 -2.8776E-02  1.5452E-03 -1.4110E-03
  1.4259E-02  5.6167E-02 -9.5308E-03 -2.3253E-02 -3.9674E-01 -5.3770E-01
   50.500000000000000     
 -3.9776E-01 -5.1639E-01  9.4792E-03  2.3508E-02 -1.2368E-02 -5.7089E-02
  1.5744E-03 -1.4062E-03  3.0832E-03  2.9299E-02 -2.8203E-01 -3.5950E-01
 -2.8203E-01 -3.5950E-01 -3.0832E-03 -2.9299E-02  1.5744E-03 -1.4062E-03
  1.2368E-02  5.7089E-02 -9.4792E-03 -2.3508E-02 -3.9776E-01 -5.1639E-01
   51.000000000000000     
 -3.9826E-01 -4.9531E-01  9.4199E-03  2.3758E-02 -1.0466E-02 -5.7989E-02
  1.6027E-03 -1.3983E-03  1.7817E-03  2.9811E-02 -2.8244E-01 -3.4465E-01
 -2.8244E-01 -3.4465E-01 -1.7817E-03 -2.9811E-02  1.6027E-03 -1.3983E-03
  1.0466E-02  5.7989E-02 -9.4199E-03 -2.3758E-02 -3.9826E-01 -4.9531E-01
   51.500000000000000     
 -3.9826E-01 -4.7450E-01  9.3531E-03  2.4001E-02 -8.5536E-03 -5.8869E-02
  1.6300E-03 -1.3872E-03  4.7775E-04  3.0313E-02 -2.8249E-01 -3.2998E-01
 -2.8249E-01 -3.2998E-01 -4.7775E-04 -3.0313E-02  1.6300E-03 -1.3872E-03
  8.5536E-03  5.8869E-02 -9.3531E-03 -2.4001E-02 -3.9826E-01 -4.7450E-01
   52.000000000000000     
 -3.9777E-01 -4.5398E-01  9.2792E-03  2.4237E-02 -6.6328E-03 -5.9727E-02
  1.6562E-03 -1.3729E-03 -8.2802E-04  3.0804E-02 -2.8219E-01 -3.1551E-01
 -2.8219E-01 -3.1551E-01  8.2802E-04 -3.0804E-02  1.6562E-03 -1.3729E-03
  6.6328E-03  5.9727E-02 -9.2792E-03 -2.4237E-02 -3.9777E-01 -4.5398E-01
   52.500000000000000     
 -3.9680E-01 -4.3375E-01  9.1983E-03  2.4465E-02 -4.7044E-03 -6.0563E-02
  1.6813E-03 -1.3554E-03 -2.1351E-03  3.1285E-02 -2.8157E-01 -3.0126E-01
 -2.8157E-01 -3.0126E-01  2.1351E-03 -3.1285E-02  1.6813E-03 -1.3554E-03
  4.7044E-03  6.0563E-02 -9.1983E-03 -2.4465E-02 -3.9680E-01 -4.3375E-01
   53.000000000000000     
 -3.9538E-01 -4.1384E-01  9.1108E-03  2.4685E-02 -2.7695E-03 -6.1377E-02
  1.7053E-03 -1.3348E-03 -3.4428E-03  3.1755E-02 -2.8061E-01 -2.8724E-01
 -2.8061E-01 -2.8724E-01  3.4428E-03 -3.1755E-02  1.7053E-03 -1.3348E-03
  2.7695E-03  6.1377E-02 -9.1108E-03 -2.4685E-02 -3.9538E-01 -4.1384E-01
   53.500000000000000     
 -3.9351E-01 -3.9426E-01  9.0170E-03  2.4896E-02 -8.2920E-04 -6.2167E-02
  1.7283E-03 -1.3111E-03 -4.7505E-03  3.2214E-02 -2.7935E-01 -2.7344E-01
 -2.7935E-01 -2.7344E-01  4.7505E-03 -3.2214E-02  1.7283E-03 -1.3111E-03
  8.2920E-04  6.2167E-02 -9.0170E-03 -2.4896E-02 -3.9351E-01 -3.9426E-01
   54.000000000000000     
 -3.9123E-01 -3.7500E-01  8.9169E-03  2.5097E-02  1.1152E-03 -6.2934E-02
  1.7503E-03 -1.2846E-03 -6.0575E-03  3.2662E-02 -2.7778E-01 -2.5988E-01
 -2.7778E-01 -2.5988E-01  6.0575E-03 -3.2662E-02  1.7503E-03 -1.2846E-03
 -1.1152E-03  6.2934E-02 -8.9169E-03 -2.5097E-02 -3.9123E-01 -3.7500E-01
   54.500000000000000     
 -3.8853E-01 -3.5607E-01  8.8109E-03  2.5290E-02  3.0626E-03 -6.3677E-02
  1.7714E-03 -1.2555E-03 -7.3632E-03  3.3100E-02 -2.7592E-01 -2.4656E-01
 -2.7592E-01 -2.4656E-01  7.3632E-03 -3.3100E-02  1.7714E-03 -1.2555E-03
 -3.0626E-03  6.3677E-02 -8.8109E-03 -2.5290E-02 -3.8853E-01 -3.5607E-01
   55.000000000000000     
 -3.8544E-01 -3.3746E-01  8.6990E-03  2.5472E-02  5.0115E-03 -6.4394E-02
  1.7917E-03 -1.2239E-03 -8.6667E-03  3.3526E-02 -2.7379E-01 -2.3347E-01
 -2.7379E-01 -2.3347E-01  8.6667E-03 -3.3526E-02  1.7917E-03 -1.2239E-03
 -5.0115E-03  6.4394E-02 -8.6990E-03 -2.5472E-02 -3.8544E-01 -3.3746E-01
   55.500000000000000     
 -3.8198E-01 -3.1919E-01  8.5814E-03  2.5644E-02  6.9609E-03 -6.5086E-02
  1.8113E-03 -1.1903E-03 -9.9672E-03  3.3940E-02 -2.7139E-01 -2.2061E-01
 -2.7139E-01 -2.2061E-01  9.9672E-03 -3.3940E-02  1.8113E-03 -1.1903E-03
 -6.9609E-03  6.5086E-02 -8.5814E-03 -2.5644E-02 -3.8198E-01 -3.1919E-01
   56.000000000000000     
 -3.7816E-01 -3.0123E-01  8.4581E-03  2.5807E-02  8.9093E-03 -6.5751E-02
  1.8303E-03 -1.1549E-03 -1.1264E-02  3.4342E-02 -2.6874E-01 -2.0798E-01
 -2.6874E-01 -2.0798E-01  1.1264E-02 -3.4342E-02  1.8303E-03 -1.1549E-03
 -8.9093E-03  6.5751E-02 -8.4581E-03 -2.5807E-02 -3.7816E-01 -3.0123E-01
   56.500000000000000     
 -3.7400E-01 -2.8358E-01  8.3293E-03  2.5960E-02  1.0855E-02 -6.6388E-02
  1.8489E-03 -1.1181E-03 -1.2556E-02  3.4730E-02 -2.6585E-01 -1.9557E-01
 -2.6585E-01 -1.9557E-01  1.2556E-02 -3.4730E-02  1.8489E-03 -1.1181E-03
 -1.0855E-02  6.6388E-02 -8.3293E-03 -2.5960E-02 -3.7400E-01 -2.8358E-01
   57.000000000000000     
 -3.6953E-01 -2.6623E-01  8.1949E-03  2.6103E-02  1.2798E-02 -6.6998E-02
  1.8673E-03 -1.0802E-03 -1.3842E-02  3.5105E-02 -2.6273E-01 -1.8338E-01
 -2.6273E-01 -1.8338E-01  1.3842E-02 -3.5105E-02  1.8673E-03 -1.0802E-03
 -1.2798E-02  6.6998E-02 -8.1949E-03 -2.6103E-02 -3.6953E-01 -2.6623E-01
   57.500000000000000     
 -3.6475E-01 -2.4918E-01  8.0549E-03  2.6236E-02  1.4735E-02 -6.7577E-02
  1.8855E-03 -1.0416E-03 -1.5121E-02  3.5464E-02 -2.5940E-01 -1.7139E-01
 -2.5940E-01 -1.7139E-01  1.5121E-02 -3.5464E-02  1.8855E-03 -1.0416E-03
 -1.4735E-02  6.7577E-02 -8.0549E-03 -2.6236E-02 -3.6475E-01 -2.4918E-01
   58.000000000000000     
 -3.5968E-01 -2.3242E-01  7.9093E-03  2.6361E-02  1.6666E-02 -6.8126E-02
  1.9037E-03 -1.0026E-03 -1.6393E-02  3.5808E-02 -2.5586E-01 -1.5961E-01
 -2.5586E-01 -1.5961E-01  1.6393E-02 -3.5808E-02  1.9037E-03 -1.0026E-03
 -1.6666E-02  6.8126E-02 -7.9093E-03 -2.6361E-02 -3.5968E-01 -2.3242E-01
   58.500000000000000     
 -3.5434E-01 -2.1592E-01  7.7580E-03  2.6476E-02  1.8588E-02 -6.8644E-02
  1.9221E-03 -9.6365E-04 -1.7656E-02  3.6135E-02 -2.5213E-01 -1.4802E-01
 -2.5213E-01 -1.4802E-01  1.7656E-02 -3.6135E-02  1.9221E-03 -9.6365E-04
 -1.8588E-02  6.8644E-02 -7.7580E-03 -2.6476E-02 -3.5434E-01 -2.1592E-01
   59.000000000000000     
 -3.4875E-01 -1.9969E-01  7.6009E-03  2.6584E-02  2.0502E-02 -6.9129E-02
  1.9407E-03 -9.2499E-04 -1.8909E-02  3.6444E-02 -2.4822E-01 -1.3661E-01
 -2.4822E-01 -1.3661E-01  1.8909E-02 -3.6444E-02  1.9407E-03 -9.2499E-04
 -2.0502E-02  6.9129E-02 -7.6009E-03 -2.6584E-02 -3.4875E-01 -1.9969E-01
   59.500000000000000     
 -3.4291E-01 -1.8371E-01  7.4380E-03  2.6683E-02  2.2404E-02 -6.9580E-02
  1.9598E-03 -8.8693E-04 -2.0151E-02  3.6733E-02 -2.4415E-01 -1.2539E-01
 -2.4415E-01 -1.2539E-01  2.0151E-02 -3.6733E-02  1.9598E-03 -8.8693E-04
 -2.2404E-02  6.9580E-02 -7.4380E-03 -2.6683E-02 -3.4291E-01 -1.8371E-01
   60.000000000000000     
 -3.3686E-01 -1.6797E-01  7.2692E-03  2.6775E-02  2.4294E-02 -6.9996E-02
  1.9794E-03 -8.4973E-04 -2.1381E-02  3.7002E-02 -2.3991E-01 -1.1434E-01
 -2.3991E-01 -1.1434E-01  2.1381E-02 -3.7002E-02  1.9794E-03 -8.4973E-04
 -2.4294E-02  6.9996E-02 -7.2692E-03 -2.6775E-02 -3.3686E-01 -1.6797E-01
   60.500000000000000     
 -3.3058E-01 -1.5247E-01  7.0943E-03  2.6860E-02  2.6170E-02 -7.0376E-02
  1.9995E-03 -8.1360E-04 -2.2598E-02  3.7250E-02 -2.3552E-01 -1.0345E-01
 -2.3552E-01 -1.0345E-01  2.2598E-02 -3.7250E-02  1.9995E-03 -8.1360E-04
 -2.6170E-02  7.0376E-02 -7.0943E-03 -2.6860E-02 -3.3058E-01 -1.5247E-01
   61.000000000000000     
 -3.2411E-01 -1.3720E-01  6.9133E-03  2.6938E-02  2.8031E-02 -7.0719E-02
  2.0203E-03 -7.7870E-04 -2.3801E-02  3.7476E-02 -2.3100E-01 -9.2721E-02
 -2.3100E-01 -9.2721E-02  2.3801E-02 -3.7476E-02  2.0203E-03 -7.7870E-04
 -2.8031E-02  7.0719E-02 -6.9133E-03 -2.6938E-02 -3.2411E-01 -1.3720E-01
   61.500000000000000     
 -3.1746E-01 -1.2214E-01  6.7261E-03  2.7011E-02  2.9875E-02 -7.1024E-02
  2.0417E-03 -7.4516E-04 -2.4989E-02  3.7678E-02 -2.2634E-01 -8.2150E-02
 -2.2634E-01 -8.2150E-02  2.4989E-02 -3.7678E-02  2.0417E-03 -7.4516E-04
 -2.9875E-02  7.1024E-02 -6.7261E-03 -2.7011E-02 -3.1746E-01 -1.2214E-01
   62.000000000000000     
 -3.1062E-01 -1.0731E-01  6.5326E-03  2.7078E-02  3.1701E-02 -7.1290E-02
  2.0638E-03 -7.1303E-04 -2.6161E-02  3.7855E-02 -2.2155E-01 -7.1730E-02
 -2.2155E-01 -7.1730E-02  2.6161E-02 -3.7855E-02  2.0638E-03 -7.1303E-04
 -3.1701E-02  7.1290E-02 -6.5326E-03 -2.7078E-02 -3.1062E-01 -1.0731E-01
   62.500000000000000     
 -3.0363E-01 -9.2679E-02  6.3330E-03  2.7140E-02  3.3508E-02 -7.1516E-02
  2.0865E-03 -6.8231E-04 -2.7315E-02  3.8007E-02 -2.1665E-01 -6.1459E-02
 -2.1665E-01 -6.1459E-02  2.7315E-02 -3.8007E-02  2.0865E-03 -6.8231E-04
 -3.3508E-02  7.1516E-02 -6.3330E-03 -2.7140E-02 -3.0363E-01 -9.2679E-02
   63.000000000000000     
 -2.9647E-01 -7.8261E-02  6.1270E-03  2.7198E-02  3.5294E-02 -7.1701E-02
  2.1098E-03 -6.5295E-04 -2.8452E-02  3.8133E-02 -2.1164E-01 -5.1335E-02
 -2.1164E-01 -5.1335E-02  2.8452E-02 -3.8133E-02  2.1098E-03 -6.5295E-04
 -3.5294E-02  7.1701E-02 -6.1270E-03 -2.7198E-02 -2.9647E-01 -7.8261E-02
   63.500000000000000     
 -2.8918E-01 -6.4050E-02  5.9150E-03  2.7251E-02  3.7059E-02 -7.1845E-02
  2.1336E-03 -6.2486E-04 -2.9570E-02  3.8232E-02 -2.0653E-01 -4.1358E-02
 -2.0653E-01 -4.1358E-02  2.9570E-02 -3.8232E-02  2.1336E-03 -6.2486E-04
 -3.7059E-02  7.1845E-02 -5.9150E-03 -2.7251E-02 -2.8918E-01 -6.4050E-02
   64.000000000000000     
 -2.8174E-01 -5.0047E-02  5.6968E-03  2.7300E-02  3.8800E-02 -7.1947E-02
  2.1578E-03 -5.9786E-04 -3.0668E-02  3.8303E-02 -2.0132E-01 -3.1527E-02
 -2.0132E-01 -3.1527E-02  3.0668E-02 -3.8303E-02  2.1578E-03 -5.9786E-04
 -3.8800E-02  7.1947E-02 -5.6968E-03 -2.7300E-02 -2.8174E-01 -5.0047E-02
   64.500000000000000     
 -2.7418E-01 -3.6253E-02  5.4726E-03  2.7345E-02  4.0518E-02 -7.2006E-02
  2.1823E-03 -5.7177E-04 -3.1746E-02  3.8346E-02 -1.9603E-01 -2.1844E-02
 -1.9603E-01 -2.1844E-02  3.1746E-02 -3.8346E-02  2.1823E-03 -5.7177E-04
 -4.0518E-02  7.2006E-02 -5.4726E-03 -2.7345E-02 -2.7418E-01 -3.6253E-02
   65.000000000000000     
 -2.6650E-01 -2.2671E-02  5.2427E-03  2.7387E-02  4.2210E-02 -7.2023E-02
  2.2068E-03 -5.4635E-04 -3.2804E-02  3.8361E-02 -1.9064E-01 -1.2311E-02
 -1.9064E-01 -1.2311E-02  3.2804E-02 -3.8361E-02  2.2068E-03 -5.4635E-04
 -4.2210E-02  7.2023E-02 -5.2427E-03 -2.7387E-02 -2.6650E-01 -2.2671E-02
   65.500000000000000     
 -2.5870E-01 -9.3046E-03  5.0072E-03  2.7424E-02  4.3876E-02 -7.1996E-02
  2.2313E-03 -5.2130E-04 -3.3840E-02  3.8347E-02 -1.8518E-01 -2.9302E-03
 -1.8518E-01 -2.9302E-03  3.3840E-02 -3.8347E-02  2.2313E-03 -5.2130E-04
 -4.3876E-02  7.1996E-02 -5.0072E-03 -2.7424E-02 -2.5870E-01 -9.3046E-03
   66.000000000000000     
 -2.5080E-01  3.8408E-03  4.7664E-03  2.7458E-02  4.5515E-02 -7.1926E-02
  2.2556E-03 -4.9633E-04 -3.4854E-02  3.8305E-02 -1.7963E-01  6.2937E-03
 -1.7963E-01  6.2937E-03  3.4854E-02 -3.8305E-02  2.2556E-03 -4.9633E-04
 -4.5515E-02  7.1926E-02 -4.7664E-03 -2.7458E-02 -2.5080E-01  3.8408E-03
   66.500000000000000     
 -2.4280E-01  1.6760E-02  4.5206E-03  2.7488E-02  4.7126E-02 -7.1812E-02
  2.2794E-03 -4.7111E-04 -3.5846E-02  3.8233E-02 -1.7402E-01  1.5357E-02
 -1.7402E-01  1.5357E-02  3.5846E-02 -3.8233E-02  2.2794E-03 -4.7111E-04
 -4.7126E-02  7.1812E-02 -4.5206E-03 -2.7488E-02 -2.4280E-01  1.6760E-02
   67.000000000000000     
 -2.3470E-01  2.9445E-02  4.2701E-03  2.7514E-02  4.8708E-02 -7.1655E-02
  2.3025E-03 -4.4532E-04 -3.6815E-02  3.8134E-02 -1.6834E-01  2.4253E-02
 -1.6834E-01  2.4253E-02  3.6815E-02 -3.8134E-02  2.3025E-03 -4.4532E-04
 -4.8708E-02  7.1655E-02 -4.2701E-03 -2.7514E-02 -2.3470E-01  2.9445E-02
   67.500000000000000     
 -2.2652E-01  4.1889E-02  4.0153E-03  2.7536E-02  5.0260E-02 -7.1455E-02
  2.3249E-03 -4.1861E-04 -3.7762E-02  3.8006E-02 -1.6260E-01  3.2979E-02
 -1.6260E-01  3.2979E-02  3.7762E-02 -3.8006E-02  2.3249E-03 -4.1861E-04
 -5.0260E-02  7.1455E-02 -4.0153E-03 -2.7536E-02 -2.2652E-01  4.1889E-02
   68.000000000000000     
 -2.1825E-01  5.4085E-02  3.7567E-03  2.7553E-02  5.1783E-02 -7.1212E-02
  2.3461E-03 -3.9066E-04 -3.8685E-02  3.7850E-02 -1.5680E-01  4.1527E-02
 -1.5680E-01  4.1527E-02  3.8685E-02 -3.7850E-02  2.3461E-03 -3.9066E-04
 -5.1783E-02  7.1212E-02 -3.7567E-03 -2.7553E-02 -2.1825E-01  5.4085E-02
   68.500000000000000     
 -2.0991E-01  6.6023E-02  3.4946E-03  2.7564E-02  5.3274E-02 -7.0927E-02
  2.3662E-03 -3.6116E-04 -3.9585E-02  3.7668E-02 -1.5094E-01  4.9892E-02
 -1.5094E-01  4.9892E-02  3.9585E-02 -3.7668E-02  2.3662E-03 -3.6116E-04
 -5.3274E-02  7.0927E-02 -3.4946E-03 -2.7564E-02 -2.0991E-01  6.6023E-02
   69.000000000000000     
 -2.0149E-01  7.7696E-02  3.2295E-03  2.7570E-02  5.4734E-02 -7.0599E-02
  2.3848E-03 -3.2982E-04 -4.0462E-02  3.7458E-02 -1.4503E-01  5.8067E-02
 -1.4503E-01  5.8067E-02  4.0462E-02 -3.7458E-02  2.3848E-03 -3.2982E-04
 -5.4734E-02  7.0599E-02 -3.2295E-03 -2.7570E-02 -2.0149E-01  7.7696E-02
   69.500000000000000     
 -1.9301E-01  8.9095E-02  2.9619E-03  2.7571E-02  5.6162E-02 -7.0229E-02
  2.4019E-03 -2.9639E-04 -4.1315E-02  3.7222E-02 -1.3907E-01  6.6047E-02
 -1.3907E-01  6.6047E-02  4.1315E-02 -3.7222E-02  2.4019E-03 -2.9639E-04
 -5.6162E-02  7.0229E-02 -2.9619E-03 -2.7571E-02 -1.9301E-01  8.9095E-02
   70.000000000000000     
 -1.8447E-01  1.0021E-01  2.6923E-03  2.7565E-02  5.7558E-02 -6.9818E-02
  2.4172E-03 -2.6066E-04 -4.2145E-02  3.6961E-02 -1.3307E-01  7.3824E-02
 -1.3307E-01  7.3824E-02  4.2145E-02 -3.6961E-02  2.4172E-03 -2.6066E-04
 -5.7558E-02  6.9818E-02 -2.6923E-03 -2.7565E-02 -1.8447E-01  1.0021E-01
   70.500000000000000     
 -1.7588E-01  1.1104E-01  2.4211E-03  2.7552E-02  5.8920E-02 -6.9366E-02
  2.4307E-03 -2.2247E-04 -4.2951E-02  3.6675E-02 -1.2702E-01  8.1394E-02
 -1.2702E-01  8.1394E-02  4.2951E-02 -3.6675E-02  2.4307E-03 -2.2247E-04
 -5.8920E-02  6.9366E-02 -2.4211E-03 -2.7552E-02 -1.7588E-01  1.1104E-01
   71.000000000000000     
 -1.6724E-01  1.2157E-01  2.1488E-03  2.7531E-02  6.0249E-02 -6.8875E-02
  2.4422E-03 -1.8169E-04 -4.3734E-02  3.6365E-02 -1.2095E-01  8.8751E-02
 -1.2095E-01  8.8751E-02  4.3734E-02 -3.6365E-02  2.4422E-03 -1.8169E-04
 -6.0249E-02  6.8875E-02 -2.1488E-03 -2.7531E-02 -1.6724E-01  1.2157E-01
   71.500000000000000     
 -1.5855E-01  1.3179E-01  1.8758E-03  2.7504E-02  6.1544E-02 -6.8343E-02
  2.4518E-03 -1.3827E-04 -4.4492E-02  3.6031E-02 -1.1483E-01  9.5889E-02
 -1.1483E-01  9.5889E-02  4.4492E-02 -3.6031E-02  2.4518E-03 -1.3827E-04
 -6.1544E-02  6.8343E-02 -1.8758E-03 -2.7504E-02 -1.5855E-01  1.3179E-01
   72.000000000000000     
 -1.4983E-01  1.4170E-01  1.6027E-03  2.7468E-02  6.2804E-02 -6.7773E-02
  2.4592E-03 -9.2204E-05 -4.5227E-02  3.5674E-02 -1.0869E-01  1.0280E-01
 -1.0869E-01  1.0280E-01  4.5227E-02 -3.5674E-02  2.4592E-03 -9.2204E-05
 -6.2804E-02  6.7773E-02 -1.6027E-03 -2.7468E-02 -1.4983E-01  1.4170E-01
   72.500000000000000     
 -1.4108E-01  1.5129E-01  1.3297E-03  2.7423E-02  6.4029E-02 -6.7164E-02
  2.4647E-03 -4.3557E-05 -4.5938E-02  3.5295E-02 -1.0253E-01  1.0949E-01
 -1.0253E-01  1.0949E-01  4.5938E-02 -3.5295E-02  2.4647E-03 -4.3557E-05
 -6.4029E-02  6.7164E-02 -1.3297E-03 -2.7423E-02 -1.4108E-01  1.5129E-01
   73.000000000000000     
 -1.3230E-01  1.6056E-01  1.0574E-03  2.7370E-02  6.5219E-02 -6.6517E-02
  2.4680E-03  7.5598E-06 -4.6625E-02  3.4895E-02 -9.6350E-02  1.1595E-01
 -9.6350E-02  1.1595E-01  4.6625E-02 -3.4895E-02  2.4680E-03  7.5598E-06
 -6.5219E-02  6.6517E-02 -1.0574E-03 -2.7370E-02 -1.3230E-01  1.6056E-01
   73.500000000000000     
 -1.2351E-01  1.6950E-01  7.8603E-04  2.7308E-02  6.6372E-02 -6.5832E-02
  2.4694E-03  6.0976E-05 -4.7288E-02  3.4473E-02 -9.0154E-02  1.2217E-01
 -9.0154E-02  1.2217E-01  4.7288E-02 -3.4473E-02  2.4694E-03  6.0976E-05
 -6.6372E-02  6.5832E-02 -7.8603E-04 -2.7308E-02 -1.2351E-01  1.6950E-01
   74.000000000000000     
 -1.1470E-01  1.7812E-01  5.1594E-04  2.7237E-02  6.7489E-02 -6.5111E-02
  2.4688E-03  1.1647E-04 -4.7927E-02  3.4030E-02 -8.3948E-02  1.2816E-01
 -8.3948E-02  1.2816E-01  4.7927E-02 -3.4030E-02  2.4688E-03  1.1647E-04
 -6.7489E-02  6.5111E-02 -5.1594E-04 -2.7237E-02 -1.1470E-01  1.7812E-01
   74.500000000000000     
 -1.0590E-01  1.8640E-01  2.4741E-04  2.7157E-02  6.8570E-02 -6.4352E-02
  2.4664E-03  1.7377E-04 -4.8541E-02  3.3567E-02 -7.7738E-02  1.3391E-01
 -7.7738E-02  1.3391E-01  4.8541E-02 -3.3567E-02  2.4664E-03  1.7377E-04
 -6.8570E-02  6.4352E-02 -2.4741E-04 -2.7157E-02 -1.0590E-01  1.8640E-01
   75.000000000000000     
 -9.7094E-02  1.9434E-01 -1.9315E-05  2.7067E-02  6.9612E-02 -6.3558E-02
  2.4622E-03  2.3256E-04 -4.9130E-02  3.3083E-02 -7.1529E-02  1.3943E-01
 -7.1529E-02  1.3943E-01  4.9130E-02 -3.3083E-02  2.4622E-03  2.3256E-04
 -6.9612E-02  6.3558E-02  1.9315E-05 -2.7067E-02 -9.7094E-02  1.9434E-01
   75.500000000000000     
 -8.8302E-02  2.0196E-01 -2.8403E-04  2.6969E-02  7.0617E-02 -6.2728E-02
  2.4565E-03  2.9250E-04 -4.9695E-02  3.2579E-02 -6.5325E-02  1.4471E-01
 -6.5325E-02  1.4471E-01  4.9695E-02 -3.2579E-02  2.4565E-03  2.9250E-04
 -7.0617E-02  6.2728E-02  2.8403E-04 -2.6969E-02 -8.8302E-02  2.0196E-01
   76.000000000000000     
 -7.9529E-02  2.0924E-01 -5.4656E-04  2.6861E-02  7.1583E-02 -6.1862E-02
  2.4493E-03  3.5322E-04 -5.0234E-02  3.2056E-02 -5.9133E-02  1.4975E-01
 -5.9133E-02  1.4975E-01  5.0234E-02 -3.2056E-02  2.4493E-03  3.5322E-04
 -7.1583E-02  6.1862E-02  5.4656E-04 -2.6861E-02 -7.9529E-02  2.0924E-01
   76.500000000000000     
 -7.0782E-02  2.1619E-01 -8.0678E-04  2.6745E-02  7.2510E-02 -6.0960E-02
  2.4408E-03  4.1433E-04 -5.0748E-02  3.1512E-02 -5.2957E-02  1.5456E-01
 -5.2957E-02  1.5456E-01  5.0748E-02 -3.1512E-02  2.4408E-03  4.1433E-04
 -7.2510E-02  6.0960E-02  8.0678E-04 -2.6745E-02 -7.0782E-02  2.1619E-01
   77.000000000000000     
 -6.2069E-02  2.2282E-01 -1.0646E-03  2.6620E-02  7.3398E-02 -6.0023E-02
  2.4313E-03  4.7542E-04 -5.1235E-02  3.0948E-02 -4.6804E-02  1.5913E-01
 -4.6804E-02  1.5913E-01  5.1235E-02 -3.0948E-02  2.4313E-03  4.7542E-04
 -7.3398E-02  6.0023E-02  1.0646E-03 -2.6620E-02 -6.2069E-02  2.2282E-01
   77.500000000000000     
 -5.3398E-02  2.2912E-01 -1.3200E-03  2.6487E-02  7.4245E-02 -5.9051E-02
  2.4208E-03  5.3610E-04 -5.1697E-02  3.0363E-02 -4.0679E-02  1.6348E-01
 -4.0679E-02  1.6348E-01  5.1697E-02 -3.0363E-02  2.4208E-03  5.3610E-04
 -7.4245E-02  5.9051E-02  1.3200E-03 -2.6487E-02 -5.3398E-02  2.2912E-01
   78.000000000000000     
 -4.4777E-02  2.3511E-01 -1.5728E-03  2.6347E-02  7.5052E-02 -5.8045E-02
  2.4095E-03  5.9600E-04 -5.2131E-02  2.9759E-02 -3.4588E-02  1.6760E-01
 -3.4588E-02  1.6760E-01  5.2131E-02 -2.9759E-02  2.4095E-03  5.9600E-04
 -7.5052E-02  5.8045E-02  1.5728E-03 -2.6347E-02 -4.4777E-02  2.3511E-01
   78.500000000000000     
 -3.6213E-02  2.4078E-01 -1.8232E-03  2.6199E-02  7.5818E-02 -5.7003E-02
  2.3976E-03  6.5473E-04 -5.2539E-02  2.9134E-02 -2.8536E-02  1.7151E-01
 -2.8536E-02  1.7151E-01  5.2539E-02 -2.9134E-02  2.3976E-03  6.5473E-04
 -7.5818E-02  5.7003E-02  1.8232E-03 -2.6199E-02 -3.6213E-02  2.4078E-01
   79.000000000000000     
 -2.7714E-02  2.4615E-01 -2.0710E-03  2.6044E-02  7.6542E-02 -5.5926E-02
  2.3852E-03  7.1198E-04 -5.2919E-02  2.8488E-02 -2.2529E-02  1.7520E-01
 -2.2529E-02  1.7520E-01  5.2919E-02 -2.8488E-02  2.3852E-03  7.1198E-04
 -7.6542E-02  5.5926E-02  2.0710E-03 -2.6044E-02 -2.7714E-02  2.4615E-01
   79.500000000000000     
 -1.9289E-02  2.5122E-01 -2.3163E-03  2.5883E-02  7.7223E-02 -5.4815E-02
  2.3725E-03  7.6743E-04 -5.3271E-02  2.7820E-02 -1.6572E-02  1.7868E-01
 -1.6572E-02  1.7868E-01  5.3271E-02 -2.7820E-02  2.3725E-03  7.6743E-04
 -7.7223E-02  5.4815E-02  2.3163E-03 -2.5883E-02 -1.9289E-02  2.5122E-01
   80.000000000000000     
 -1.0945E-02  2.5601E-01 -2.5592E-03  2.5715E-02  7.7862E-02 -5.3670E-02
  2.3595E-03  8.2083E-04 -5.3595E-02  2.7132E-02 -1.0672E-02  1.8196E-01
 -1.0672E-02  1.8196E-01  5.3595E-02 -2.7132E-02  2.3595E-03  8.2083E-04
 -7.7862E-02  5.3670E-02  2.5592E-03 -2.5715E-02 -1.0945E-02  2.5601E-01
   80.500000000000000     
 -2.6891E-03  2.6051E-01 -2.7996E-03  2.5542E-02  7.8458E-02 -5.2490E-02
  2.3464E-03  8.7199E-04 -5.3890E-02  2.6422E-02 -4.8330E-03  1.8504E-01
 -4.8330E-03  1.8504E-01  5.3890E-02 -2.6422E-02  2.3464E-03  8.7199E-04
 -7.8458E-02  5.2490E-02  2.7996E-03 -2.5542E-02 -2.6891E-03  2.6051E-01
   81.000000000000000     
  5.4705E-03  2.6475E-01 -3.0375E-03  2.5364E-02  7.9010E-02 -5.1276E-02
  2.3332E-03  9.2075E-04 -5.4156E-02  2.5691E-02  9.3889E-04  1.8793E-01
  9.3889E-04  1.8793E-01  5.4156E-02 -2.5691E-02  2.3332E-03  9.2075E-04
 -7.9010E-02  5.1276E-02  3.0375E-03 -2.5364E-02  5.4705E-03  2.6475E-01
   81.500000000000000     
  1.3526E-02  2.6873E-01 -3.2730E-03  2.5182E-02  7.9518E-02 -5.0028E-02
  2.3199E-03  9.6703E-04 -5.4393E-02  2.4938E-02  6.6386E-03  1.9064E-01
  6.6386E-03  1.9064E-01  5.4393E-02 -2.4938E-02  2.3199E-03  9.6703E-04
 -7.9518E-02  5.0028E-02  3.2730E-03 -2.5182E-02  1.3526E-02  2.6873E-01
   82.000000000000000     
  2.1472E-02  2.7245E-01 -3.5061E-03  2.4995E-02  7.9982E-02 -4.8746E-02
  2.3065E-03  1.0108E-03 -5.4600E-02  2.4163E-02  1.2261E-02  1.9318E-01
  1.2261E-02  1.9318E-01  5.4600E-02 -2.4163E-02  2.3065E-03  1.0108E-03
 -7.9982E-02  4.8746E-02  3.5061E-03 -2.4995E-02  2.1472E-02  2.7245E-01
   82.500000000000000     
  2.9299E-02  2.7594E-01 -3.7367E-03  2.4804E-02  8.0401E-02 -4.7432E-02
  2.2930E-03  1.0521E-03 -5.4778E-02  2.3367E-02  1.7801E-02  1.9555E-01
  1.7801E-02  1.9555E-01  5.4778E-02 -2.3367E-02  2.2930E-03  1.0521E-03
 -8.0401E-02  4.7432E-02  3.7367E-03 -2.4804E-02  2.9299E-02  2.7594E-01
   83.000000000000000     
  3.7002E-02  2.7921E-01 -3.9647E-03  2.4609E-02  8.0776E-02 -4.6085E-02
  2.2794E-03  1.0910E-03 -5.4925E-02  2.2550E-02  2.3254E-02  1.9776E-01
  2.3254E-02  1.9776E-01  5.4925E-02 -2.2550E-02  2.2794E-03  1.0910E-03
 -8.0776E-02  4.6085E-02  3.9647E-03 -2.4609E-02  3.7002E-02  2.7921E-01
   83.500000000000000     
  4.4574E-02  2.8225E-01 -4.1901E-03  2.4411E-02  8.1105E-02 -4.4705E-02
  2.2655E-03  1.1276E-03 -5.5043E-02  2.1711E-02  2.8616E-02  1.9982E-01
  2.8616E-02  1.9982E-01  5.5043E-02 -2.1711E-02  2.2655E-03  1.1276E-03
 -8.1105E-02  4.4705E-02  4.1901E-03 -2.4411E-02  4.4574E-02  2.8225E-01
   84.000000000000000     
  5.2008E-02  2.8510E-01 -4.4128E-03  2.4210E-02  8.1390E-02 -4.3294E-02
  2.2513E-03  1.1623E-03 -5.5131E-02  2.0852E-02  3.3882E-02  2.0173E-01
  3.3882E-02  2.0173E-01  5.5131E-02 -2.0852E-02  2.2513E-03  1.1623E-03
 -8.1390E-02  4.3294E-02  4.4128E-03 -2.4210E-02  5.2008E-02  2.8510E-01
   84.500000000000000     
  5.9299E-02  2.8775E-01 -4.6326E-03  2.4005E-02  8.1630E-02 -4.1853E-02
  2.2366E-03  1.1951E-03 -5.5189E-02  1.9972E-02  3.9048E-02  2.0351E-01
  3.9048E-02  2.0351E-01  5.5189E-02 -1.9972E-02  2.2366E-03  1.1951E-03
 -8.1630E-02  4.1853E-02  4.6326E-03 -2.4005E-02  5.9299E-02  2.8775E-01
   85.000000000000000     
  6.6441E-02  2.9021E-01 -4.8494E-03  2.3796E-02  8.1825E-02 -4.0381E-02
  2.2212E-03  1.2265E-03 -5.5217E-02  1.9073E-02  4.4110E-02  2.0516E-01
  4.4110E-02  2.0516E-01  5.5217E-02 -1.9073E-02  2.2212E-03  1.2265E-03
 -8.1825E-02  4.0381E-02  4.8494E-03 -2.3796E-02  6.6441E-02  2.9021E-01
   85.500000000000000     
  7.3428E-02  2.9251E-01 -5.0629E-03  2.3585E-02  8.1974E-02 -3.8881E-02
  2.2051E-03  1.2567E-03 -5.5215E-02  1.8154E-02  4.9064E-02  2.0670E-01
  4.9064E-02  2.0670E-01  5.5215E-02 -1.8154E-02  2.2051E-03  1.2567E-03
 -8.1974E-02  3.8881E-02  5.0629E-03 -2.3585E-02  7.3428E-02  2.9251E-01
   86.000000000000000     
  8.0256E-02  2.9464E-01 -5.2728E-03  2.3369E-02  8.2079E-02 -3.7352E-02
  2.1880E-03  1.2862E-03 -5.5184E-02  1.7218E-02  5.3907E-02  2.0811E-01
  5.3907E-02  2.0811E-01  5.5184E-02 -1.7218E-02  2.1880E-03  1.2862E-03
 -8.2079E-02  3.7352E-02  5.2728E-03 -2.3369E-02  8.0256E-02  2.9464E-01
   86.500000000000000     
  8.6919E-02  2.9663E-01 -5.4790E-03  2.3150E-02  8.2140E-02 -3.5797E-02
  2.1697E-03  1.3151E-03 -5.5124E-02  1.6265E-02  5.8636E-02  2.0943E-01
  5.8636E-02  2.0943E-01  5.5124E-02 -1.6265E-02  2.1697E-03  1.3151E-03
 -8.2140E-02  3.5797E-02  5.4790E-03 -2.3150E-02  8.6919E-02  2.9663E-01
   87.000000000000000     
  9.3414E-02  2.9847E-01 -5.6812E-03  2.2927E-02  8.2156E-02 -3.4215E-02
  2.1501E-03  1.3441E-03 -5.5035E-02  1.5295E-02  6.3247E-02  2.1064E-01
  6.3247E-02  2.1064E-01  5.5035E-02 -1.5295E-02  2.1501E-03  1.3441E-03
 -8.2156E-02  3.4215E-02  5.6812E-03 -2.2927E-02  9.3414E-02  2.9847E-01
   87.500000000000000     
  9.9735E-02  3.0018E-01 -5.8789E-03  2.2699E-02  8.2128E-02 -3.2609E-02
  2.1289E-03  1.3733E-03 -5.4918E-02  1.4310E-02  6.7738E-02  2.1176E-01
  6.7738E-02  2.1176E-01  5.4918E-02 -1.4310E-02  2.1289E-03  1.3733E-03
 -8.2128E-02  3.2609E-02  5.8789E-03 -2.2699E-02  9.9735E-02  3.0018E-01
   88.000000000000000     
  1.0588E-01  3.0177E-01 -6.0720E-03  2.2467E-02  8.2056E-02 -3.0980E-02
  2.1060E-03  1.4032E-03 -5.4773E-02  1.3312E-02  7.2107E-02  2.1279E-01
  7.2107E-02  2.1279E-01  5.4773E-02 -1.3312E-02  2.1060E-03  1.4032E-03
 -8.2056E-02  3.0980E-02  6.0720E-03 -2.2467E-02  1.0588E-01  3.0177E-01
   88.500000000000000     
  1.1185E-01  3.0325E-01 -6.2601E-03  2.2229E-02  8.1941E-02 -2.9328E-02
  2.0812E-03  1.4340E-03 -5.4600E-02  1.2301E-02  7.6351E-02  2.1374E-01
  7.6351E-02  2.1374E-01  5.4600E-02 -1.2301E-02  2.0812E-03  1.4340E-03
 -8.1941E-02  2.9328E-02  6.2601E-03 -2.2229E-02  1.1185E-01  3.0325E-01
   89.000000000000000     
  1.1763E-01  3.0461E-01 -6.4427E-03  2.1985E-02  8.1784E-02 -2.7656E-02
  2.0545E-03  1.4661E-03 -5.4400E-02  1.1278E-02  8.0468E-02  2.1462E-01
  8.0468E-02  2.1462E-01  5.4400E-02 -1.1278E-02  2.0545E-03  1.4661E-03
 -8.1784E-02  2.7656E-02  6.4427E-03 -2.1985E-02  1.1763E-01  3.0461E-01
   89.500000000000000     
  1.2322E-01  3.0588E-01 -6.6197E-03  2.1736E-02  8.1584E-02 -2.5965E-02
  2.0255E-03  1.4998E-03 -5.4174E-02  1.0245E-02  8.4457E-02  2.1542E-01
  8.4457E-02  2.1542E-01  5.4174E-02 -1.0245E-02  2.0255E-03  1.4998E-03
 -8.1584E-02  2.5965E-02  6.6197E-03 -2.1736E-02  1.2322E-01  3.0588E-01
   90.000000000000000     
  1.2863E-01  3.0706E-01 -6.7905E-03  2.1479E-02  8.1342E-02 -2.4256E-02
  1.9944E-03  1.5352E-03 -5.3923E-02  9.2035E-03  8.8315E-02  2.1616E-01
  8.8315E-02  2.1616E-01  5.3923E-02 -9.2035E-03  1.9944E-03  1.5352E-03
 -8.1342E-02  2.4256E-02  6.7905E-03 -2.1479E-02  1.2863E-01  3.0706E-01
   90.500000000000000     
  1.3385E-01  3.0815E-01 -6.9550E-03  2.1216E-02  8.1059E-02 -2.2530E-02
  1.9609E-03  1.5724E-03 -5.3645E-02  8.1543E-03  9.2041E-02  2.1683E-01
  9.2041E-02  2.1683E-01  5.3645E-02 -8.1543E-03  1.9609E-03  1.5724E-03
 -8.1059E-02  2.2530E-02  6.9550E-03 -2.1216E-02  1.3385E-01  3.0815E-01
   91.000000000000000     
  1.3888E-01  3.0916E-01 -7.1128E-03  2.0945E-02  8.0735E-02 -2.0789E-02
  1.9250E-03  1.6116E-03 -5.3343E-02  7.0987E-03  9.5635E-02  2.1745E-01
  9.5635E-02  2.1745E-01  5.3343E-02 -7.0987E-03  1.9250E-03  1.6116E-03
 -8.0735E-02  2.0789E-02  7.1128E-03 -2.0945E-02  1.3888E-01  3.0916E-01
   91.500000000000000     
  1.4371E-01  3.1010E-01 -7.2635E-03  2.0666E-02  8.0371E-02 -1.9034E-02
  1.8868E-03  1.6528E-03 -5.3017E-02  6.0380E-03  9.9096E-02  2.1801E-01
  9.9096E-02  2.1801E-01  5.3017E-02 -6.0380E-03  1.8868E-03  1.6528E-03
 -8.0371E-02  1.9034E-02  7.2635E-03 -2.0666E-02  1.4371E-01  3.1010E-01
   92.000000000000000     
  1.4835E-01  3.1096E-01 -7.4070E-03  2.0378E-02  7.9967E-02 -1.7267E-02
  1.8462E-03  1.6960E-03 -5.2667E-02  4.9733E-03  1.0242E-01  2.1852E-01
  1.0242E-01  2.1852E-01  5.2667E-02 -4.9733E-03  1.8462E-03  1.6960E-03
 -7.9967E-02  1.7267E-02  7.4070E-03 -2.0378E-02  1.4835E-01  3.1096E-01
   92.500000000000000     
  1.5280E-01  3.1175E-01 -7.5429E-03  2.0082E-02  7.9524E-02 -1.5489E-02
  1.8034E-03  1.7409E-03 -5.2294E-02  3.9058E-03  1.0561E-01  2.1898E-01
  1.0561E-01  2.1898E-01  5.2294E-02 -3.9058E-03  1.8034E-03  1.7409E-03
 -7.9524E-02  1.5489E-02  7.5429E-03 -2.0082E-02  1.5280E-01  3.1175E-01
   93.000000000000000     
  1.5705E-01  3.1248E-01 -7.6712E-03  1.9778E-02  7.9043E-02 -1.3701E-02
  1.7583E-03  1.7876E-03 -5.1898E-02  2.8364E-03  1.0867E-01  2.1939E-01
  1.0867E-01  2.1939E-01  5.1898E-02 -2.8364E-03  1.7583E-03  1.7876E-03
 -7.9043E-02  1.3701E-02  7.6712E-03 -1.9778E-02  1.5705E-01  3.1248E-01
   93.500000000000000     
  1.6111E-01  3.1314E-01 -7.7915E-03  1.9464E-02  7.8523E-02 -1.1904E-02
  1.7112E-03  1.8357E-03 -5.1480E-02  1.7661E-03  1.1159E-01  2.1976E-01
  1.1159E-01  2.1976E-01  5.1480E-02 -1.7661E-03  1.7112E-03  1.8357E-03
 -7.8523E-02  1.1904E-02  7.7915E-03 -1.9464E-02  1.6111E-01  3.1314E-01
   94.000000000000000     
  1.6497E-01  3.1373E-01 -7.9038E-03  1.9141E-02  7.7965E-02 -1.0099E-02
  1.6621E-03  1.8849E-03 -5.1039E-02  6.9578E-04  1.1438E-01  2.2008E-01
  1.1438E-01  2.2008E-01  5.1039E-02 -6.9578E-04  1.6621E-03  1.8849E-03
 -7.7965E-02  1.0099E-02  7.9038E-03 -1.9141E-02  1.6497E-01  3.1373E-01
   94.500000000000000     
  1.6864E-01  3.1427E-01 -8.0080E-03  1.8809E-02  7.7371E-02 -8.2876E-03
  1.6113E-03  1.9350E-03 -5.0578E-02 -3.7386E-04  1.1703E-01  2.2035E-01
  1.1703E-01  2.2035E-01  5.0578E-02  3.7386E-04  1.6113E-03  1.9350E-03
 -7.7371E-02  8.2876E-03  8.0080E-03 -1.8809E-02  1.6864E-01  3.1427E-01
   95.000000000000000     
  1.7212E-01  3.1474E-01 -8.1039E-03  1.8468E-02  7.6740E-02 -6.4708E-03
  1.5589E-03  1.9856E-03 -5.0095E-02 -1.4421E-03  1.1955E-01  2.2058E-01
  1.1955E-01  2.2058E-01  5.0095E-02  1.4421E-03  1.5589E-03  1.9856E-03
 -7.6740E-02  6.4708E-03  8.1039E-03 -1.8468E-02  1.7212E-01  3.1474E-01
   95.500000000000000     
  1.7540E-01  3.1515E-01 -8.1917E-03  1.8117E-02  7.6072E-02 -4.6493E-03
  1.5051E-03  2.0363E-03 -4.9591E-02 -2.5084E-03  1.2193E-01  2.2077E-01
  1.2193E-01  2.2077E-01  4.9591E-02  2.5084E-03  1.5051E-03  2.0363E-03
 -7.6072E-02  4.6493E-03  8.1917E-03 -1.8117E-02  1.7540E-01  3.1515E-01
   96.000000000000000     
  1.7849E-01  3.1549E-01 -8.2713E-03  1.7758E-02  7.5369E-02 -2.8239E-03
  1.4502E-03  2.0866E-03 -4.9067E-02 -3.5723E-03  1.2418E-01  2.2091E-01
  1.2418E-01  2.2091E-01  4.9067E-02  3.5723E-03  1.4502E-03  2.0866E-03
 -7.5369E-02  2.8239E-03  8.2713E-03 -1.7758E-02  1.7849E-01  3.1549E-01
   96.500000000000000     
  1.8140E-01  3.1577E-01 -8.3427E-03  1.7390E-02  7.4631E-02 -9.9553E-04
  1.3945E-03  2.1362E-03 -4.8522E-02 -4.6332E-03  1.2630E-01  2.2100E-01
  1.2630E-01  2.2100E-01  4.8522E-02  4.6332E-03  1.3945E-03  2.1362E-03
 -7.4631E-02  9.9553E-04  8.3427E-03 -1.7390E-02  1.8140E-01  3.1577E-01
   97.000000000000000     
  1.8412E-01  3.1598E-01 -8.4060E-03  1.7013E-02  7.3858E-02  8.3512E-04
  1.3380E-03  2.1846E-03 -4.7958E-02 -5.6910E-03  1.2829E-01  2.2105E-01
  1.2829E-01  2.2105E-01  4.7958E-02  5.6910E-03  1.3380E-03  2.1846E-03
 -7.3858E-02 -8.3512E-04  8.4060E-03 -1.7013E-02  1.8412E-01  3.1598E-01
   97.500000000000000     
  1.8666E-01  3.1612E-01 -8.4614E-03  1.6628E-02  7.3050E-02  2.6673E-03
  1.2811E-03  2.2313E-03 -4.7373E-02 -6.7452E-03  1.3015E-01  2.2105E-01
  1.3015E-01  2.2105E-01  4.7373E-02  6.7452E-03  1.2811E-03  2.2313E-03
 -7.3050E-02 -2.6673E-03  8.4614E-03 -1.6628E-02  1.8666E-01  3.1612E-01
   98.000000000000000     
  1.8901E-01  3.1619E-01 -8.5089E-03  1.6235E-02  7.2209E-02  4.5005E-03
  1.2240E-03  2.2761E-03 -4.6769E-02 -7.7956E-03  1.3188E-01  2.2101E-01
  1.3188E-01  2.2101E-01  4.6769E-02  7.7956E-03  1.2240E-03  2.2761E-03
 -7.2209E-02 -4.5005E-03  8.5089E-03 -1.6235E-02  1.8901E-01  3.1619E-01
   98.500000000000000     
  1.9119E-01  3.1618E-01 -8.5487E-03  1.5835E-02  7.1334E-02  6.3339E-03
  1.1669E-03  2.3186E-03 -4.6146E-02 -8.8422E-03  1.3349E-01  2.2091E-01
  1.3349E-01  2.2091E-01  4.6146E-02  8.8422E-03  1.1669E-03  2.3186E-03
 -7.1334E-02 -6.3339E-03  8.5487E-03 -1.5835E-02  1.9119E-01  3.1618E-01
   99.000000000000000     
  1.9318E-01  3.1610E-01 -8.5809E-03  1.5428E-02  7.0426E-02  8.1669E-03
  1.1099E-03  2.3583E-03 -4.5503E-02 -9.8846E-03  1.3497E-01  2.2076E-01
  1.3497E-01  2.2076E-01  4.5503E-02  9.8846E-03  1.1099E-03  2.3583E-03
 -7.0426E-02 -8.1669E-03  8.5809E-03 -1.5428E-02  1.9318E-01  3.1610E-01
   99.500000000000000     
  1.9501E-01  3.1593E-01 -8.6058E-03  1.5014E-02  6.9486E-02  9.9990E-03
  1.0532E-03  2.3951E-03 -4.4842E-02 -1.0923E-02  1.3633E-01  2.2055E-01
  1.3633E-01  2.2055E-01  4.4842E-02  1.0923E-02  1.0532E-03  2.3951E-03
 -6.9486E-02 -9.9990E-03  8.6058E-03 -1.5014E-02  1.9501E-01  3.1593E-01
   100.00000000000000     
  1.9666E-01  3.1568E-01 -8.6235E-03  1.4594E-02  6.8514E-02  1.1829E-02
  9.9708E-04  2.4288E-03 -4.4161E-02 -1.1956E-02  1.3757E-01  2.2029E-01
  1.3757E-01  2.2029E-01  4.4161E-02  1.1956E-02  9.9708E-04  2.4288E-03
 -6.8514E-02 -1.1829E-02  8.6235E-03 -1.4594E-02  1.9666E-01  3.1568E-01
   100.50000000000000     
  1.9815E-01  3.1534E-01 -8.6341E-03  1.4168E-02  6.7511E-02  1.3658E-02
  9.4150E-04  2.4591E-03 -4.3463E-02 -1.2985E-02  1.3869E-01  2.1996E-01
  1.3869E-01  2.1996E-01  4.3463E-02  1.2985E-02  9.4150E-04  2.4591E-03
 -6.7511E-02 -1.3658E-02  8.6341E-03 -1.4168E-02  1.9815E-01  3.1534E-01
   101.00000000000000     
  1.9947E-01  3.1490E-01 -8.6377E-03  1.3737E-02  6.6476E-02  1.5483E-02
  8.8656E-04  2.4860E-03 -4.2746E-02 -1.4009E-02  1.3970E-01  2.1958E-01
  1.3970E-01  2.1958E-01  4.2746E-02  1.4009E-02  8.8656E-04  2.4860E-03
 -6.6476E-02 -1.5483E-02  8.6377E-03 -1.3737E-02  1.9947E-01  3.1490E-01
   101.50000000000000     
  2.0063E-01  3.1438E-01 -8.6346E-03  1.3300E-02  6.5412E-02  1.7305E-02
  8.3233E-04  2.5095E-03 -4.2011E-02 -1.5028E-02  1.4059E-01  2.1913E-01
  1.4059E-01  2.1913E-01  4.2011E-02  1.5028E-02  8.3233E-04  2.5095E-03
 -6.5412E-02 -1.7305E-02  8.6346E-03 -1.3300E-02  2.0063E-01  3.1438E-01
   102.00000000000000     
  2.0163E-01  3.1375E-01 -8.6249E-03  1.2859E-02  6.4318E-02  1.9123E-02
  7.7880E-04  2.5296E-03 -4.1259E-02 -1.6042E-02  1.4137E-01  2.1861E-01
  1.4137E-01  2.1861E-01  4.1259E-02  1.6042E-02  7.7880E-04  2.5296E-03
 -6.4318E-02 -1.9123E-02  8.6249E-03 -1.2859E-02  2.0163E-01  3.1375E-01
   102.50000000000000     
  2.0248E-01  3.1302E-01 -8.6086E-03  1.2413E-02  6.3195E-02  2.0936E-02
  7.2596E-04  2.5465E-03 -4.0490E-02 -1.7050E-02  1.4204E-01  2.1803E-01
  1.4204E-01  2.1803E-01  4.0490E-02  1.7050E-02  7.2596E-04  2.5465E-03
 -6.3195E-02 -2.0936E-02  8.6086E-03 -1.2413E-02  2.0248E-01  3.1302E-01
   103.00000000000000     
  2.0318E-01  3.1219E-01 -8.5859E-03  1.1963E-02  6.2043E-02  2.2744E-02
  6.7374E-04  2.5602E-03 -3.9704E-02 -1.8051E-02  1.4261E-01  2.1737E-01
  1.4261E-01  2.1737E-01  3.9704E-02  1.8051E-02  6.7374E-04  2.5602E-03
 -6.2043E-02 -2.2744E-02  8.5859E-03 -1.1963E-02  2.0318E-01  3.1219E-01
   103.50000000000000     
  2.0373E-01  3.1124E-01 -8.5567E-03  1.1509E-02  6.0865E-02  2.4544E-02
  6.2208E-04  2.5711E-03 -3.8902E-02 -1.9046E-02  1.4307E-01  2.1664E-01
  1.4307E-01  2.1664E-01  3.8902E-02  1.9046E-02  6.2208E-04  2.5711E-03
 -6.0865E-02 -2.4544E-02  8.5567E-03 -1.1509E-02  2.0373E-01  3.1124E-01
   104.00000000000000     
  2.0414E-01  3.1019E-01 -8.5212E-03  1.1050E-02  5.9659E-02  2.6337E-02
  5.7085E-04  2.5795E-03 -3.8085E-02 -2.0034E-02  1.4343E-01  2.1583E-01
  1.4343E-01  2.1583E-01  3.8085E-02  2.0034E-02  5.7085E-04  2.5795E-03
 -5.9659E-02 -2.6337E-02  8.5212E-03 -1.1050E-02  2.0414E-01  3.1019E-01
   104.50000000000000     
  2.0441E-01  3.0902E-01 -8.4793E-03  1.0588E-02  5.8428E-02  2.8122E-02
  5.1991E-04  2.5856E-03 -3.7253E-02 -2.1013E-02  1.4369E-01  2.1495E-01
  1.4369E-01  2.1495E-01  3.7253E-02  2.1013E-02  5.1991E-04  2.5856E-03
 -5.8428E-02 -2.8122E-02  8.4793E-03 -1.0588E-02  2.0441E-01  3.0902E-01
   105.00000000000000     
  2.0454E-01  3.0773E-01 -8.4309E-03  1.0122E-02  5.7172E-02  2.9898E-02
  4.6913E-04  2.5900E-03 -3.6406E-02 -2.1984E-02  1.4386E-01  2.1398E-01
  1.4386E-01  2.1398E-01  3.6406E-02  2.1984E-02  4.6913E-04  2.5900E-03
 -5.7172E-02 -2.9898E-02  8.4309E-03 -1.0122E-02  2.0454E-01  3.0773E-01
   105.50000000000000     
  2.0455E-01  3.0633E-01 -8.3761E-03  9.6513E-03  5.5892E-02  3.1663E-02
  4.1832E-04  2.5929E-03 -3.5546E-02 -2.2945E-02  1.4394E-01  2.1293E-01
  1.4394E-01  2.1293E-01  3.5546E-02  2.2945E-02  4.1832E-04  2.5929E-03
 -5.5892E-02 -3.1663E-02  8.3761E-03 -9.6513E-03  2.0455E-01  3.0633E-01
   106.00000000000000     
  2.0442E-01  3.0481E-01 -8.3148E-03  9.1767E-03  5.4589E-02  3.3416E-02
  3.6732E-04  2.5948E-03 -3.4673E-02 -2.3896E-02  1.4392E-01  2.1180E-01
  1.4392E-01  2.1180E-01  3.4673E-02  2.3896E-02  3.6732E-04  2.5948E-03
 -5.4589E-02 -3.3416E-02  8.3148E-03 -9.1767E-03  2.0442E-01  3.0481E-01
   106.50000000000000     
  2.0417E-01  3.0317E-01 -8.2469E-03  8.6978E-03  5.3264E-02  3.5157E-02
  3.1595E-04  2.5962E-03 -3.3788E-02 -2.4835E-02  1.4382E-01  2.1059E-01
  1.4382E-01  2.1059E-01  3.3788E-02  2.4835E-02  3.1595E-04  2.5962E-03
 -5.3264E-02 -3.5157E-02  8.2469E-03 -8.6978E-03  2.0417E-01  3.0317E-01
   107.00000000000000     
  2.0380E-01  3.0140E-01 -8.1722E-03  8.2142E-03  5.1918E-02  3.6884E-02
  2.6402E-04  2.5974E-03 -3.2892E-02 -2.5762E-02  1.4363E-01  2.0929E-01
  1.4363E-01  2.0929E-01  3.2892E-02  2.5762E-02  2.6402E-04  2.5974E-03
 -5.1918E-02 -3.6884E-02  8.1722E-03 -8.2142E-03  2.0380E-01  3.0140E-01
   107.50000000000000     
  2.0332E-01  2.9951E-01 -8.0906E-03  7.7258E-03  5.0552E-02  3.8596E-02
  2.1138E-04  2.5989E-03 -3.1986E-02 -2.6676E-02  1.4336E-01  2.0790E-01
  1.4336E-01  2.0790E-01  3.1986E-02  2.6676E-02  2.1138E-04  2.5989E-03
 -5.0552E-02 -3.8596E-02  8.0906E-03 -7.7258E-03  2.0332E-01  2.9951E-01
   108.00000000000000     
  2.0272E-01  2.9750E-01 -8.0020E-03  7.2323E-03  4.9168E-02  4.0292E-02
  1.5786E-04  2.6011E-03 -3.1069E-02 -2.7575E-02  1.4302E-01  2.0643E-01
  1.4302E-01  2.0643E-01  3.1069E-02  2.7575E-02  1.5786E-04  2.6011E-03
 -4.9168E-02 -4.0292E-02  8.0020E-03 -7.2323E-03  2.0272E-01  2.9750E-01
   108.50000000000000     
  2.0202E-01  2.9536E-01 -7.9063E-03  6.7335E-03  4.7766E-02  4.1970E-02
  1.0333E-04  2.6042E-03 -3.0145E-02 -2.8459E-02  1.4260E-01  2.0487E-01
  1.4260E-01  2.0487E-01  3.0145E-02  2.8459E-02  1.0333E-04  2.6042E-03
 -4.7766E-02 -4.1970E-02  7.9063E-03 -6.7335E-03  2.0202E-01  2.9536E-01
   109.00000000000000     
  2.0121E-01  2.9311E-01 -7.8033E-03  6.2289E-03  4.6347E-02  4.3629E-02
  4.7670E-05  2.6087E-03 -2.9212E-02 -2.9326E-02  1.4210E-01  2.0322E-01
  1.4210E-01  2.0322E-01  2.9212E-02  2.9326E-02  4.7670E-05  2.6087E-03
 -4.6347E-02 -4.3629E-02  7.8033E-03 -6.2289E-03  2.0121E-01  2.9311E-01
   109.50000000000000     
  2.0029E-01  2.9073E-01 -7.6928E-03  5.7184E-03  4.4913E-02  4.5269E-02
 -9.1939E-06  2.6147E-03 -2.8273E-02 -3.0176E-02  1.4153E-01  2.0149E-01
  1.4153E-01  2.0149E-01  2.8273E-02  3.0176E-02 -9.1939E-06  2.6147E-03
 -4.4913E-02 -4.5269E-02  7.6928E-03 -5.7184E-03  2.0029E-01  2.9073E-01
   110.00000000000000     
  1.9929E-01  2.8823E-01 -7.5749E-03  5.2017E-03  4.3465E-02  4.6887E-02
 -6.7322E-05  2.6225E-03 -2.7328E-02 -3.1007E-02  1.4090E-01  1.9967E-01
  1.4090E-01  1.9967E-01  2.7328E-02  3.1007E-02 -6.7322E-05  2.6225E-03
 -4.3465E-02 -4.6887E-02  7.5749E-03 -5.2017E-03  1.9929E-01  2.8823E-01
   110.50000000000000     
  1.9819E-01  2.8560E-01 -7.4492E-03  4.6786E-03  4.2004E-02  4.8483E-02
 -1.2673E-04  2.6321E-03 -2.6377E-02 -3.1819E-02  1.4020E-01  1.9777E-01
  1.4020E-01  1.9777E-01  2.6377E-02  3.1819E-02 -1.2673E-04  2.6321E-03
 -4.2004E-02 -4.8483E-02  7.4492E-03 -4.6786E-03  1.9819E-01  2.8560E-01
   111.00000000000000     
  1.9700E-01  2.8286E-01 -7.3158E-03  4.1488E-03  4.0530E-02  5.0056E-02
 -1.8741E-04  2.6436E-03 -2.5423E-02 -3.2611E-02  1.3945E-01  1.9578E-01
  1.3945E-01  1.9578E-01  2.5423E-02  3.2611E-02 -1.8741E-04  2.6436E-03
 -4.0530E-02 -5.0056E-02  7.3158E-03 -4.1488E-03  1.9700E-01  2.8286E-01
   111.50000000000000     
  1.9573E-01  2.8001E-01 -7.1746E-03  3.6123E-03  3.9046E-02  5.1604E-02
 -2.4931E-04  2.6569E-03 -2.4464E-02 -3.3381E-02  1.3863E-01  1.9371E-01
  1.3863E-01  1.9371E-01  2.4464E-02  3.3381E-02 -2.4931E-04  2.6569E-03
 -3.9046E-02 -5.1604E-02  7.1746E-03 -3.6123E-03  1.9573E-01  2.8001E-01
   112.00000000000000     
  1.9437E-01  2.7704E-01 -7.0256E-03  3.0688E-03  3.7552E-02  5.3127E-02
 -3.1234E-04  2.6720E-03 -2.3504E-02 -3.4129E-02  1.3775E-01  1.9155E-01
  1.3775E-01  1.9155E-01  2.3504E-02  3.4129E-02 -3.1234E-04  2.6720E-03
 -3.7552E-02 -5.3127E-02  7.0256E-03 -3.0688E-03  1.9437E-01  2.7704E-01
   112.50000000000000     
  1.9294E-01  2.7395E-01 -6.8687E-03  2.5184E-03  3.6050E-02  5.4624E-02
 -3.7638E-04  2.6886E-03 -2.2541E-02 -3.4854E-02  1.3682E-01  1.8932E-01
  1.3682E-01  1.8932E-01  2.2541E-02  3.4854E-02 -3.7638E-04  2.6886E-03
 -3.6050E-02 -5.4624E-02  6.8687E-03 -2.5184E-03  1.9294E-01  2.7395E-01
   113.00000000000000     
  1.9144E-01  2.7076E-01 -6.7040E-03  1.9611E-03  3.4540E-02  5.6093E-02
 -4.4126E-04  2.7066E-03 -2.1577E-02 -3.5557E-02  1.3584E-01  1.8701E-01
  1.3584E-01  1.8701E-01  2.1577E-02  3.5557E-02 -4.4126E-04  2.7066E-03
 -3.4540E-02 -5.6093E-02  6.7040E-03 -1.9611E-03  1.9144E-01  2.7076E-01
   113.50000000000000     
  1.8987E-01  2.6746E-01 -6.5315E-03  1.3969E-03  3.3023E-02  5.7535E-02
 -5.0680E-04  2.7256E-03 -2.0613E-02 -3.6236E-02  1.3482E-01  1.8462E-01
  1.3482E-01  1.8462E-01  2.0613E-02  3.6236E-02 -5.0680E-04  2.7256E-03
 -3.3023E-02 -5.7535E-02  6.5315E-03 -1.3969E-03  1.8987E-01  2.6746E-01
   114.00000000000000     
  1.8823E-01  2.6405E-01 -6.3514E-03  8.2616E-04  3.1500E-02  5.8948E-02
 -5.7279E-04  2.7452E-03 -1.9648E-02 -3.6890E-02  1.3374E-01  1.8217E-01
  1.3374E-01  1.8217E-01  1.9648E-02  3.6890E-02 -5.7279E-04  2.7452E-03
 -3.1500E-02 -5.8948E-02  6.3514E-03 -8.2616E-04  1.8823E-01  2.6405E-01
   114.50000000000000     
  1.8654E-01  2.6055E-01 -6.1637E-03  2.4897E-04  2.9973E-02  6.0332E-02
 -6.3898E-04  2.7652E-03 -1.8685E-02 -3.7521E-02  1.3263E-01  1.7964E-01
  1.3263E-01  1.7964E-01  1.8685E-02  3.7521E-02 -6.3898E-04  2.7652E-03
 -2.9973E-02 -6.0332E-02  6.1637E-03 -2.4897E-04  1.8654E-01  2.6055E-01
   115.00000000000000     
  1.8479E-01  2.5694E-01 -5.9687E-03 -3.3433E-04  2.8442E-02  6.1687E-02
 -7.0512E-04  2.7850E-03 -1.7723E-02 -3.8127E-02  1.3147E-01  1.7704E-01
  1.3147E-01  1.7704E-01  1.7723E-02  3.8127E-02 -7.0512E-04  2.7850E-03
 -2.8442E-02 -6.1687E-02  5.9687E-03  3.3433E-04  1.8479E-01  2.5694E-01
   115.50000000000000     
  1.8299E-01  2.5324E-01 -5.7665E-03 -9.2335E-04  2.6908E-02  6.3011E-02
 -7.7095E-04  2.8041E-03 -1.6762E-02 -3.8709E-02  1.3028E-01  1.7437E-01
  1.3028E-01  1.7437E-01  1.6762E-02  3.8709E-02 -7.7095E-04  2.8041E-03
 -2.6908E-02 -6.3011E-02  5.7665E-03  9.2335E-04  1.8299E-01  2.5324E-01
   116.00000000000000     
  1.8114E-01  2.4944E-01 -5.5574E-03 -1.5176E-03  2.5372E-02  6.4305E-02
 -8.3617E-04  2.8222E-03 -1.5803E-02 -3.9266E-02  1.2905E-01  1.7164E-01
  1.2905E-01  1.7164E-01  1.5803E-02  3.9266E-02 -8.3617E-04  2.8222E-03
 -2.5372E-02 -6.4305E-02  5.5574E-03  1.5176E-03  1.8114E-01  2.4944E-01
   116.50000000000000     
  1.7925E-01  2.4556E-01 -5.3417E-03 -2.1167E-03  2.3835E-02  6.5569E-02
 -9.0053E-04  2.8387E-03 -1.4848E-02 -3.9799E-02  1.2779E-01  1.6885E-01
  1.2779E-01  1.6885E-01  1.4848E-02  3.9799E-02 -9.0053E-04  2.8387E-03
 -2.3835E-02 -6.5569E-02  5.3417E-03  2.1167E-03  1.7925E-01  2.4556E-01
   117.00000000000000     
  1.7732E-01  2.4159E-01 -5.1197E-03 -2.7200E-03  2.2298E-02  6.6801E-02
 -9.6374E-04  2.8532E-03 -1.3895E-02 -4.0308E-02  1.2650E-01  1.6601E-01
  1.2650E-01  1.6601E-01  1.3895E-02  4.0308E-02 -9.6374E-04  2.8532E-03
 -2.2298E-02 -6.6801E-02  5.1197E-03  2.7200E-03  1.7732E-01  2.4159E-01
   117.50000000000000     
  1.7535E-01  2.3754E-01 -4.8916E-03 -3.3270E-03  2.0761E-02  6.8002E-02
 -1.0256E-03  2.8652E-03 -1.2945E-02 -4.0793E-02  1.2519E-01  1.6310E-01
  1.2519E-01  1.6310E-01  1.2945E-02  4.0793E-02 -1.0256E-03  2.8652E-03
 -2.0761E-02 -6.8002E-02  4.8916E-03  3.3270E-03  1.7535E-01  2.3754E-01
   118.00000000000000     
  1.7336E-01  2.3340E-01 -4.6578E-03 -3.9369E-03  1.9225E-02  6.9173E-02
 -1.0857E-03  2.8744E-03 -1.1999E-02 -4.1255E-02  1.2385E-01  1.6015E-01
  1.2385E-01  1.6015E-01  1.1999E-02  4.1255E-02 -1.0857E-03  2.8744E-03
 -1.9225E-02 -6.9173E-02  4.6578E-03  3.9369E-03  1.7336E-01  2.3340E-01
   118.50000000000000     
  1.7134E-01  2.2919E-01 -4.4187E-03 -4.5491E-03  1.7691E-02  7.0312E-02
 -1.1440E-03  2.8804E-03 -1.1057E-02 -4.1693E-02  1.2249E-01  1.5714E-01
  1.2249E-01  1.5714E-01  1.1057E-02  4.1693E-02 -1.1440E-03  2.8804E-03
 -1.7691E-02 -7.0312E-02  4.4187E-03  4.5491E-03  1.7134E-01  2.2919E-01
   119.00000000000000     
  1.6930E-01  2.2491E-01 -4.1746E-03 -5.1630E-03  1.6160E-02  7.1419E-02
 -1.2003E-03  2.8829E-03 -1.0120E-02 -4.2109E-02  1.2112E-01  1.5408E-01
  1.2112E-01  1.5408E-01  1.0120E-02  4.2109E-02 -1.2003E-03  2.8829E-03
 -1.6160E-02 -7.1419E-02  4.1746E-03  5.1630E-03  1.6930E-01  2.2491E-01
   119.50000000000000     
  1.6724E-01  2.2056E-01 -3.9258E-03 -5.7779E-03  1.4632E-02  7.2496E-02
 -1.2543E-03  2.8817E-03 -9.1872E-03 -4.2503E-02  1.1973E-01  1.5098E-01
  1.1973E-01  1.5098E-01  9.1872E-03  4.2503E-02 -1.2543E-03  2.8817E-03
 -1.4632E-02 -7.2496E-02  3.9258E-03  5.7779E-03  1.6724E-01  2.2056E-01
   120.00000000000000     
  1.6517E-01  2.1615E-01 -3.6728E-03 -6.3930E-03  1.3109E-02  7.3541E-02
 -1.3060E-03  2.8766E-03 -8.2593E-03 -4.2875E-02  1.1833E-01  1.4784E-01
  1.1833E-01  1.4784E-01  8.2593E-03  4.2875E-02 -1.3060E-03  2.8766E-03
 -1.3109E-02 -7.3541E-02  3.6728E-03  6.3930E-03  1.6517E-01  2.1615E-01
   120.50000000000000     
  1.6309E-01  2.1167E-01 -3.4159E-03 -7.0078E-03  1.1590E-02  7.4555E-02
 -1.3553E-03  2.8676E-03 -7.3368E-03 -4.3225E-02  1.1692E-01  1.4466E-01
  1.1692E-01  1.4466E-01  7.3368E-03  4.3225E-02 -1.3553E-03  2.8676E-03
 -1.1590E-02 -7.4555E-02  3.4159E-03  7.0078E-03  1.6309E-01  2.1167E-01
   121.00000000000000     
  1.6101E-01  2.0713E-01 -3.1554E-03 -7.6215E-03  1.0077E-02  7.5538E-02
 -1.4021E-03  2.8546E-03 -6.4199E-03 -4.3554E-02  1.1550E-01  1.4144E-01
  1.1550E-01  1.4144E-01  6.4199E-03  4.3554E-02 -1.4021E-03  2.8546E-03
 -1.0077E-02 -7.5538E-02  3.1554E-03  7.6215E-03  1.6101E-01  2.0713E-01
   121.50000000000000     
  1.5893E-01  2.0253E-01 -2.8916E-03 -8.2336E-03  8.5712E-03  7.6489E-02
 -1.4465E-03  2.8378E-03 -5.5090E-03 -4.3863E-02  1.1409E-01  1.3818E-01
  1.1409E-01  1.3818E-01  5.5090E-03  4.3863E-02 -1.4465E-03  2.8378E-03
 -8.5712E-03 -7.6489E-02  2.8916E-03  8.2336E-03  1.5893E-01  2.0253E-01
   122.00000000000000     
  1.5685E-01  1.9788E-01 -2.6249E-03 -8.8435E-03  7.0724E-03  7.7409E-02
 -1.4884E-03  2.8172E-03 -4.6044E-03 -4.4151E-02  1.1267E-01  1.3489E-01
  1.1267E-01  1.3489E-01  4.6044E-03  4.4151E-02 -1.4884E-03  2.8172E-03
 -7.0724E-03 -7.7409E-02  2.6249E-03  8.8435E-03  1.5685E-01  1.9788E-01
   122.50000000000000     
  1.5479E-01  1.9319E-01 -2.3556E-03 -9.4507E-03  5.5816E-03  7.8298E-02
 -1.5279E-03  2.7932E-03 -3.7067E-03 -4.4418E-02  1.1126E-01  1.3156E-01
  1.1126E-01  1.3156E-01  3.7067E-03  4.4418E-02 -1.5279E-03  2.7932E-03
 -5.5816E-03 -7.8298E-02  2.3556E-03  9.4507E-03  1.5479E-01  1.9319E-01
   123.00000000000000     
  1.5273E-01  1.8844E-01 -2.0839E-03 -1.0055E-02  4.0999E-03  7.9155E-02
 -1.5652E-03  2.7659E-03 -2.8162E-03 -4.4666E-02  1.0985E-01  1.2821E-01
  1.0985E-01  1.2821E-01  2.8162E-03  4.4666E-02 -1.5652E-03  2.7659E-03
 -4.0999E-03 -7.9155E-02  2.0839E-03  1.0055E-02  1.5273E-01  1.8844E-01
   123.50000000000000     
  1.5069E-01  1.8365E-01 -1.8101E-03 -1.0655E-02  2.6279E-03  7.9980E-02
 -1.6003E-03  2.7359E-03 -1.9333E-03 -4.4894E-02  1.0845E-01  1.2483E-01
  1.0845E-01  1.2483E-01  1.9333E-03  4.4894E-02 -1.6003E-03  2.7359E-03
 -2.6279E-03 -7.9980E-02  1.8101E-03  1.0655E-02  1.5069E-01  1.8365E-01
   124.00000000000000     
  1.4867E-01  1.7883E-01 -1.5343E-03 -1.1251E-02  1.1666E-03  8.0774E-02
 -1.6336E-03  2.7034E-03 -1.0587E-03 -4.5103E-02  1.0706E-01  1.2142E-01
  1.0706E-01  1.2142E-01  1.0587E-03  4.5103E-02 -1.6336E-03  2.7034E-03
 -1.1666E-03 -8.0774E-02  1.5343E-03  1.1251E-02  1.4867E-01  1.7883E-01
   124.50000000000000     
  1.4668E-01  1.7396E-01 -1.2568E-03 -1.1843E-02 -2.8315E-04  8.1535E-02
 -1.6650E-03  2.6691E-03 -1.9277E-04 -4.5291E-02  1.0569E-01  1.1799E-01
  1.0569E-01  1.1799E-01  1.9277E-04  4.5291E-02 -1.6650E-03  2.6691E-03
  2.8315E-04 -8.1535E-02  1.2568E-03  1.1843E-02  1.4668E-01  1.7396E-01
   125.00000000000000     
  1.4471E-01  1.6906E-01 -9.7775E-04 -1.2430E-02 -1.7205E-03  8.2264E-02
 -1.6949E-03  2.6333E-03  6.6390E-04 -4.5460E-02  1.0433E-01  1.1454E-01
  1.0433E-01  1.1454E-01 -6.6390E-04  4.5460E-02 -1.6949E-03  2.6333E-03
  1.7205E-03 -8.2264E-02  9.7775E-04  1.2430E-02  1.4471E-01  1.6906E-01
   125.50000000000000     
  1.4278E-01  1.6414E-01 -6.9725E-04 -1.3013E-02 -3.1444E-03  8.2960E-02
 -1.7234E-03  2.5965E-03  1.5107E-03 -4.5608E-02  1.0300E-01  1.1107E-01
  1.0300E-01  1.1107E-01 -1.5107E-03  4.5608E-02 -1.7234E-03  2.5965E-03
  3.1444E-03 -8.2960E-02  6.9725E-04  1.3013E-02  1.4278E-01  1.6414E-01
   126.00000000000000     
  1.4088E-01  1.5918E-01 -4.1545E-04 -1.3591E-02 -4.5541E-03  8.3623E-02
 -1.7509E-03  2.5594E-03  2.3471E-03 -4.5737E-02  1.0169E-01  1.0758E-01
  1.0169E-01  1.0758E-01 -2.3471E-03  4.5737E-02 -1.7509E-03  2.5594E-03
  4.5541E-03 -8.3623E-02  4.1545E-04  1.3591E-02  1.4088E-01  1.5918E-01
   126.50000000000000     
  1.3901E-01  1.5420E-01 -1.3244E-04 -1.4163E-02 -5.9485E-03  8.4253E-02
 -1.7774E-03  2.5225E-03  3.1724E-03 -4.5845E-02  1.0040E-01  1.0407E-01
  1.0040E-01  1.0407E-01 -3.1724E-03  4.5845E-02 -1.7774E-03  2.5225E-03
  5.9485E-03 -8.4253E-02  1.3244E-04  1.4163E-02  1.3901E-01  1.5420E-01
   127.00000000000000     
  1.3719E-01  1.4920E-01  1.5170E-04 -1.4730E-02 -7.3268E-03  8.4849E-02
 -1.8033E-03  2.4861E-03  3.9861E-03 -4.5933E-02  9.9137E-02  1.0055E-01
  9.9137E-02  1.0055E-01 -3.9861E-03  4.5933E-02 -1.8033E-03  2.4861E-03
  7.3268E-03 -8.4849E-02 -1.5170E-04  1.4730E-02  1.3719E-01  1.4920E-01
   127.50000000000000     
  1.3541E-01  1.4418E-01  4.3689E-04 -1.5293E-02 -8.6880E-03  8.5411E-02
 -1.8288E-03  2.4509E-03  4.7874E-03 -4.6000E-02  9.7905E-02  9.7014E-02
  9.7905E-02  9.7014E-02 -4.7874E-03  4.6000E-02 -1.8288E-03  2.4509E-03
  8.6880E-03 -8.5411E-02 -4.3689E-04  1.5293E-02  1.3541E-01  1.4418E-01
   128.00000000000000     
  1.3368E-01  1.3915E-01  7.2306E-04 -1.5850E-02 -1.0031E-02  8.5937E-02
 -1.8539E-03  2.4172E-03  5.5758E-03 -4.6046E-02  9.6705E-02  9.3469E-02
  9.6705E-02  9.3469E-02 -5.5758E-03  4.6046E-02 -1.8539E-03  2.4172E-03
  1.0031E-02 -8.5937E-02 -7.2306E-04  1.5850E-02  1.3368E-01  1.3915E-01
   128.50000000000000     
  1.3200E-01  1.3410E-01  1.0102E-03 -1.6401E-02 -1.1355E-02  8.6429E-02
 -1.8790E-03  2.3854E-03  6.3505E-03 -4.6070E-02  9.5539E-02  8.9916E-02
  9.5539E-02  8.9916E-02 -6.3505E-03  4.6070E-02 -1.8790E-03  2.3854E-03
  1.1355E-02 -8.6429E-02 -1.0102E-03  1.6401E-02  1.3200E-01  1.3410E-01
   129.00000000000000     
  1.3037E-01  1.2905E-01  1.2981E-03 -1.6948E-02 -1.2659E-02  8.6886E-02
 -1.9040E-03  2.3558E-03  7.1110E-03 -4.6073E-02  9.4408E-02  8.6355E-02
  9.4408E-02  8.6355E-02 -7.1110E-03  4.6073E-02 -1.9040E-03  2.3558E-03
  1.2659E-02 -8.6886E-02 -1.2981E-03  1.6948E-02  1.3037E-01  1.2905E-01
   129.50000000000000     
  1.2880E-01  1.2399E-01  1.5869E-03 -1.7489E-02 -1.3943E-02  8.7306E-02
 -1.9291E-03  2.3287E-03  7.8568E-03 -4.6054E-02  9.3314E-02  8.2790E-02
  9.3314E-02  8.2790E-02 -7.8568E-03  4.6054E-02 -1.9291E-03  2.3287E-03
  1.3943E-02 -8.7306E-02 -1.5869E-03  1.7489E-02  1.2880E-01  1.2399E-01
   130.00000000000000     
  1.2728E-01  1.1893E-01  1.8763E-03 -1.8025E-02 -1.5205E-02  8.7691E-02
 -1.9543E-03  2.3041E-03  8.5871E-03 -4.6013E-02  9.2260E-02  7.9222E-02
  9.2260E-02  7.9222E-02 -8.5871E-03  4.6013E-02 -1.9543E-03  2.3041E-03
  1.5205E-02 -8.7691E-02 -1.8763E-03  1.8025E-02  1.2728E-01  1.1893E-01
   130.50000000000000     
  1.2582E-01  1.1387E-01  2.1664E-03 -1.8556E-02 -1.6444E-02  8.8039E-02
 -1.9797E-03  2.2823E-03  9.3015E-03 -4.5949E-02  9.1246E-02  7.5653E-02
  9.1246E-02  7.5653E-02 -9.3015E-03  4.5949E-02 -1.9797E-03  2.2823E-03
  1.6444E-02 -8.8039E-02 -2.1664E-03  1.8556E-02  1.2582E-01  1.1387E-01
   131.00000000000000     
  1.2443E-01  1.0881E-01  2.4570E-03 -1.9081E-02 -1.7660E-02  8.8350E-02
 -2.0052E-03  2.2631E-03  9.9994E-03 -4.5864E-02  9.0274E-02  7.2086E-02
  9.0274E-02  7.2086E-02 -9.9994E-03  4.5864E-02 -2.0052E-03  2.2631E-03
  1.7660E-02 -8.8350E-02 -2.4570E-03  1.9081E-02  1.2443E-01  1.0881E-01
   131.50000000000000     
  1.2309E-01  1.0376E-01  2.7480E-03 -1.9601E-02 -1.8852E-02  8.8625E-02
 -2.0308E-03  2.2465E-03  1.0680E-02 -4.5756E-02  8.9345E-02  6.8522E-02
  8.9345E-02  6.8522E-02 -1.0680E-02  4.5756E-02 -2.0308E-03  2.2465E-03
  1.8852E-02 -8.8625E-02 -2.7480E-03  1.9601E-02  1.2309E-01  1.0376E-01
   132.00000000000000     
  1.2183E-01  9.8715E-02  3.0392E-03 -2.0114E-02 -2.0019E-02  8.8862E-02
 -2.0563E-03  2.2322E-03  1.1344E-02 -4.5625E-02  8.8461E-02  6.4964E-02
  8.8461E-02  6.4964E-02 -1.1344E-02  4.5625E-02 -2.0563E-03  2.2322E-03
  2.0019E-02 -8.8862E-02 -3.0392E-03  2.0114E-02  1.2183E-01  9.8715E-02
   132.50000000000000     
  1.2063E-01  9.3684E-02  3.3304E-03 -2.0622E-02 -2.1160E-02  8.9063E-02
 -2.0816E-03  2.2201E-03  1.1990E-02 -4.5473E-02  8.7622E-02  6.1414E-02
  8.7622E-02  6.1414E-02 -1.1990E-02  4.5473E-02 -2.0816E-03  2.2201E-03
  2.1160E-02 -8.9063E-02 -3.3304E-03  2.0622E-02  1.2063E-01  9.3684E-02
   133.00000000000000     
  1.1949E-01  8.8668E-02  3.6214E-03 -2.1124E-02 -2.2276E-02  8.9226E-02
 -2.1064E-03  2.2097E-03  1.2618E-02 -4.5298E-02  8.6829E-02  5.7874E-02
  8.6829E-02  5.7874E-02 -1.2618E-02  4.5298E-02 -2.1064E-03  2.2097E-03
  2.2276E-02 -8.9226E-02 -3.6214E-03  2.1124E-02  1.1949E-01  8.8668E-02
   133.50000000000000     
  1.1843E-01  8.3669E-02  3.9120E-03 -2.1619E-02 -2.3364E-02  8.9353E-02
 -2.1307E-03  2.2007E-03  1.3227E-02 -4.5102E-02  8.6084E-02  5.4345E-02
  8.6084E-02  5.4345E-02 -1.3227E-02  4.5102E-02 -2.1307E-03  2.2007E-03
  2.3364E-02 -8.9353E-02 -3.9120E-03  2.1619E-02  1.1843E-01  8.3669E-02
   134.00000000000000     
  1.1744E-01  7.8689E-02  4.2020E-03 -2.2107E-02 -2.4425E-02  8.9443E-02
 -2.1541E-03  2.1927E-03  1.3819E-02 -4.4884E-02  8.5387E-02  5.0831E-02
  8.5387E-02  5.0831E-02 -1.3819E-02  4.4884E-02 -2.1541E-03  2.1927E-03
  2.4425E-02 -8.9443E-02 -4.2020E-03  2.2107E-02  1.1744E-01  7.8689E-02
   134.50000000000000     
  1.1652E-01  7.3731E-02  4.4908E-03 -2.2587E-02 -2.5459E-02  8.9496E-02
 -2.1764E-03  2.1851E-03  1.4391E-02 -4.4646E-02  8.4738E-02  4.7334E-02
  8.4738E-02  4.7334E-02 -1.4391E-02  4.4646E-02 -2.1764E-03  2.1851E-03
  2.5459E-02 -8.9496E-02 -4.4908E-03  2.2587E-02  1.1652E-01  7.3731E-02
   135.00000000000000     
  1.1567E-01  6.8798E-02  4.7784E-03 -2.3060E-02 -2.6464E-02  8.9513E-02
 -2.1973E-03  2.1775E-03  1.4944E-02 -4.4388E-02  8.4138E-02  4.3854E-02
  8.4138E-02  4.3854E-02 -1.4944E-02  4.4388E-02 -2.1973E-03  2.1775E-03
  2.6464E-02 -8.9513E-02 -4.7784E-03  2.3060E-02  1.1567E-01  6.8798E-02
   135.50000000000000     
  1.1490E-01  6.3891E-02  5.0642E-03 -2.3523E-02 -2.7441E-02  8.9495E-02
 -2.2165E-03  2.1692E-03  1.5479E-02 -4.4110E-02  8.3588E-02  4.0395E-02
  8.3588E-02  4.0395E-02 -1.5479E-02  4.4110E-02 -2.2165E-03  2.1692E-03
  2.7441E-02 -8.9495E-02 -5.0642E-03  2.3523E-02  1.1490E-01  6.3891E-02
   136.00000000000000     
  1.1420E-01  5.9013E-02  5.3479E-03 -2.3978E-02 -2.8388E-02  8.9441E-02
 -2.2337E-03  2.1598E-03  1.5995E-02 -4.3814E-02  8.3088E-02  3.6958E-02
  8.3088E-02  3.6958E-02 -1.5995E-02  4.3814E-02 -2.2337E-03  2.1598E-03
  2.8388E-02 -8.9441E-02 -5.3479E-03  2.3978E-02  1.1420E-01  5.9013E-02
   136.50000000000000     
  1.1358E-01  5.4166E-02  5.6291E-03 -2.4422E-02 -2.9306E-02  8.9352E-02
 -2.2487E-03  2.1487E-03  1.6491E-02 -4.3499E-02  8.2638E-02  3.3545E-02
  8.2638E-02  3.3545E-02 -1.6491E-02  4.3499E-02 -2.2487E-03  2.1487E-03
  2.9306E-02 -8.9352E-02 -5.6291E-03  2.4422E-02  1.1358E-01  5.4166E-02
   137.00000000000000     
  1.1303E-01  4.9351E-02  5.9074E-03 -2.4856E-02 -3.0195E-02  8.9230E-02
 -2.2612E-03  2.1354E-03  1.6969E-02 -4.3168E-02  8.2238E-02  3.0158E-02
  8.2238E-02  3.0158E-02 -1.6969E-02  4.3168E-02 -2.2612E-03  2.1354E-03
  3.0195E-02 -8.9230E-02 -5.9074E-03  2.4856E-02  1.1303E-01  4.9351E-02
   137.50000000000000     
  1.1256E-01  4.4571E-02  6.1823E-03 -2.5279E-02 -3.1054E-02  8.9074E-02
 -2.2710E-03  2.1194E-03  1.7429E-02 -4.2820E-02  8.1889E-02  2.6798E-02
  8.1889E-02  2.6798E-02 -1.7429E-02  4.2820E-02 -2.2710E-03  2.1194E-03
  3.1054E-02 -8.9074E-02 -6.1823E-03  2.5279E-02  1.1256E-01  4.4571E-02
   138.00000000000000     
  1.1217E-01  3.9827E-02  6.4533E-03 -2.5689E-02 -3.1883E-02  8.8885E-02
 -2.2778E-03  2.1004E-03  1.7869E-02 -4.2457E-02  8.1590E-02  2.3467E-02
  8.1590E-02  2.3467E-02 -1.7869E-02  4.2457E-02 -2.2778E-03  2.1004E-03
  3.1883E-02 -8.8885E-02 -6.4533E-03  2.5689E-02  1.1217E-01  3.9827E-02
   138.50000000000000     
  1.1185E-01  3.5121E-02  6.7200E-03 -2.6087E-02 -3.2682E-02  8.8664E-02
 -2.2815E-03  2.0781E-03  1.8292E-02 -4.2080E-02  8.1343E-02  2.0166E-02
  8.1343E-02  2.0166E-02 -1.8292E-02  4.2080E-02 -2.2815E-03  2.0781E-03
  3.2682E-02 -8.8664E-02 -6.7200E-03  2.6087E-02  1.1185E-01  3.5121E-02
   139.00000000000000     
  1.1161E-01  3.0455E-02  6.9820E-03 -2.6471E-02 -3.3450E-02  8.8411E-02
 -2.2820E-03  2.0520E-03  1.8695E-02 -4.1690E-02  8.1146E-02  1.6897E-02
  8.1146E-02  1.6897E-02 -1.8695E-02  4.1690E-02 -2.2820E-03  2.0520E-03
  3.3450E-02 -8.8411E-02 -6.9820E-03  2.6471E-02  1.1161E-01  3.0455E-02
   139.50000000000000     
  1.1145E-01  2.5829E-02  7.2388E-03 -2.6840E-02 -3.4188E-02  8.8128E-02
 -2.2791E-03  2.0222E-03  1.9081E-02 -4.1288E-02  8.1000E-02  1.3660E-02
  8.1000E-02  1.3660E-02 -1.9081E-02  4.1288E-02 -2.2791E-03  2.0222E-03
  3.4188E-02 -8.8128E-02 -7.2388E-03  2.6840E-02  1.1145E-01  2.5829E-02
   140.00000000000000     
  1.1136E-01  2.1246E-02  7.4899E-03 -2.7194E-02 -3.4895E-02  8.7815E-02
 -2.2728E-03  1.9884E-03  1.9449E-02 -4.0874E-02  8.0904E-02  1.0456E-02
  8.0904E-02  1.0456E-02 -1.9449E-02  4.0874E-02 -2.2728E-03  1.9884E-03
  3.4895E-02 -8.7815E-02 -7.4899E-03  2.7194E-02  1.1136E-01  2.1246E-02
   140.50000000000000     
  1.1135E-01  1.6707E-02  7.7350E-03 -2.7533E-02 -3.5572E-02  8.7472E-02
 -2.2631E-03  1.9507E-03  1.9798E-02 -4.0450E-02  8.0859E-02  7.2871E-03
  8.0859E-02  7.2871E-03 -1.9798E-02  4.0450E-02 -2.2631E-03  1.9507E-03
  3.5572E-02 -8.7472E-02 -7.7350E-03  2.7533E-02  1.1135E-01  1.6707E-02
   141.00000000000000     
  1.1142E-01  1.2213E-02  7.9736E-03 -2.7855E-02 -3.6217E-02  8.7101E-02
 -2.2500E-03  1.9092E-03  2.0130E-02 -4.0016E-02  8.0864E-02  4.1532E-03
  8.0864E-02  4.1532E-03 -2.0130E-02  4.0016E-02 -2.2500E-03  1.9092E-03
  3.6217E-02 -8.7101E-02 -7.9736E-03  2.7855E-02  1.1142E-01  1.2213E-02
   141.50000000000000     
  1.1156E-01  7.7648E-03  8.2053E-03 -2.8159E-02 -3.6832E-02  8.6702E-02
 -2.2337E-03  1.8640E-03  2.0445E-02 -3.9574E-02  8.0919E-02  1.0551E-03
  8.0919E-02  1.0551E-03 -2.0445E-02  3.9574E-02 -2.2337E-03  1.8640E-03
  3.6832E-02 -8.6702E-02 -8.2053E-03  2.8159E-02  1.1156E-01  7.7648E-03
   142.00000000000000     
  1.1178E-01  3.3640E-03  8.4298E-03 -2.8447E-02 -3.7416E-02  8.6276E-02
 -2.2143E-03  1.8155E-03  2.0742E-02 -3.9124E-02  8.1024E-02 -2.0067E-03
  8.1024E-02 -2.0067E-03 -2.0742E-02  3.9124E-02 -2.2143E-03  1.8155E-03
  3.7416E-02 -8.6276E-02 -8.4298E-03  2.8447E-02  1.1178E-01  3.3640E-03
   142.50000000000000     
  1.1207E-01 -9.8848E-04  8.6468E-03 -2.8715E-02 -3.7968E-02  8.5823E-02
 -2.1919E-03  1.7640E-03  2.1021E-02 -3.8667E-02  8.1179E-02 -5.0317E-03
  8.1179E-02 -5.0317E-03 -2.1021E-02  3.8667E-02 -2.1919E-03  1.7640E-03
  3.7968E-02 -8.5823E-02 -8.6468E-03  2.8715E-02  1.1207E-01 -9.8848E-04
   143.00000000000000     
  1.1243E-01 -5.2915E-03  8.8560E-03 -2.8966E-02 -3.8490E-02  8.5344E-02
 -2.1669E-03  1.7099E-03  2.1283E-02 -3.8204E-02  8.1382E-02 -8.0197E-03
  8.1382E-02 -8.0197E-03 -2.1283E-02  3.8204E-02 -2.1669E-03  1.7099E-03
  3.8490E-02 -8.5344E-02 -8.8560E-03  2.8966E-02  1.1243E-01 -5.2915E-03
   143.50000000000000     
  1.1287E-01 -9.5442E-03  9.0571E-03 -2.9197E-02 -3.8979E-02  8.4838E-02
 -2.1395E-03  1.6538E-03  2.1528E-02 -3.7734E-02  8.1635E-02 -1.0970E-02
  8.1635E-02 -1.0970E-02 -2.1528E-02  3.7734E-02 -2.1395E-03  1.6538E-03
  3.8979E-02 -8.4838E-02 -9.0571E-03  2.9197E-02  1.1287E-01 -9.5442E-03
   144.00000000000000     
  1.1338E-01 -1.3746E-02  9.2499E-03 -2.9409E-02 -3.9438E-02  8.4308E-02
 -2.1099E-03  1.5962E-03  2.1756E-02 -3.7259E-02  8.1935E-02 -1.3883E-02
  8.1935E-02 -1.3883E-02 -2.1756E-02  3.7259E-02 -2.1099E-03  1.5962E-03
  3.9438E-02 -8.4308E-02 -9.2499E-03  2.9409E-02  1.1338E-01 -1.3746E-02
   144.50000000000000     
  1.1396E-01 -1.7895E-02  9.4342E-03 -2.9602E-02 -3.9864E-02  8.3752E-02
 -2.0785E-03  1.5377E-03  2.1966E-02 -3.6778E-02  8.2284E-02 -1.6758E-02
  8.2284E-02 -1.6758E-02 -2.1966E-02  3.6778E-02 -2.0785E-03  1.5377E-03
  3.9864E-02 -8.3752E-02 -9.4342E-03  2.9602E-02  1.1396E-01 -1.7895E-02
   145.00000000000000     
  1.1461E-01 -2.1990E-02  9.6098E-03 -2.9775E-02 -4.0259E-02  8.3172E-02
 -2.0456E-03  1.4790E-03  2.2159E-02 -3.6293E-02  8.2679E-02 -1.9596E-02
  8.2679E-02 -1.9596E-02 -2.2159E-02  3.6293E-02 -2.0456E-03  1.4790E-03
  4.0259E-02 -8.3172E-02 -9.6098E-03  2.9775E-02  1.1461E-01 -2.1990E-02
   145.50000000000000     
  1.1532E-01 -2.6032E-02  9.7767E-03 -2.9929E-02 -4.0621E-02  8.2567E-02
 -2.0116E-03  1.4208E-03  2.2334E-02 -3.5803E-02  8.3120E-02 -2.2395E-02
  8.3120E-02 -2.2395E-02 -2.2334E-02  3.5803E-02 -2.0116E-03  1.4208E-03
  4.0621E-02 -8.2567E-02 -9.7767E-03  2.9929E-02  1.1532E-01 -2.6032E-02
   146.00000000000000     
  1.1610E-01 -3.0019E-02  9.9348E-03 -3.0063E-02 -4.0952E-02  8.1937E-02
 -1.9768E-03  1.3635E-03  2.2492E-02 -3.5308E-02  8.3607E-02 -2.5156E-02
  8.3607E-02 -2.5156E-02 -2.2492E-02  3.5308E-02 -1.9768E-03  1.3635E-03
  4.0952E-02 -8.1937E-02 -9.9348E-03  3.0063E-02  1.1610E-01 -3.0019E-02
   146.50000000000000     
  1.1695E-01 -3.3951E-02  1.0084E-02 -3.0177E-02 -4.1250E-02  8.1283E-02
 -1.9416E-03  1.3080E-03  2.2632E-02 -3.4809E-02  8.4139E-02 -2.7879E-02
  8.4139E-02 -2.7879E-02 -2.2632E-02  3.4809E-02 -1.9416E-03  1.3080E-03
  4.1250E-02 -8.1283E-02 -1.0084E-02  3.0177E-02  1.1695E-01 -3.3951E-02
   147.00000000000000     
  1.1786E-01 -3.7825E-02  1.0224E-02 -3.0272E-02 -4.1515E-02  8.0606E-02
 -1.9063E-03  1.2547E-03  2.2754E-02 -3.4305E-02  8.4714E-02 -3.0563E-02
  8.4714E-02 -3.0563E-02 -2.2754E-02  3.4305E-02 -1.9063E-03  1.2547E-03
  4.1515E-02 -8.0606E-02 -1.0224E-02  3.0272E-02  1.1786E-01 -3.7825E-02
   147.50000000000000     
  1.1883E-01 -4.1643E-02  1.0356E-02 -3.0348E-02 -4.1748E-02  7.9904E-02
 -1.8711E-03  1.2043E-03  2.2859E-02 -3.3797E-02  8.5332E-02 -3.3209E-02
  8.5332E-02 -3.3209E-02 -2.2859E-02  3.3797E-02 -1.8711E-03  1.2043E-03
  4.1748E-02 -7.9904E-02 -1.0356E-02  3.0348E-02  1.1883E-01 -4.1643E-02
   148.00000000000000     
  1.1985E-01 -4.5402E-02  1.0478E-02 -3.0405E-02 -4.1948E-02  7.9178E-02
 -1.8363E-03  1.1571E-03  2.2945E-02 -3.3284E-02  8.5992E-02 -3.5816E-02
  8.5992E-02 -3.5816E-02 -2.2945E-02  3.3284E-02 -1.8363E-03  1.1571E-03
  4.1948E-02 -7.9178E-02 -1.0478E-02  3.0405E-02  1.1985E-01 -4.5402E-02
   148.50000000000000     
  1.2094E-01 -4.9102E-02  1.0592E-02 -3.0443E-02 -4.2114E-02  7.8427E-02
 -1.8023E-03  1.1137E-03  2.3013E-02 -3.2766E-02  8.6691E-02 -3.8383E-02
  8.6691E-02 -3.8383E-02 -2.3013E-02  3.2766E-02 -1.8023E-03  1.1137E-03
  4.2114E-02 -7.8427E-02 -1.0592E-02  3.0443E-02  1.2094E-01 -4.9102E-02
   149.00000000000000     
  1.2208E-01 -5.2743E-02  1.0697E-02 -3.0463E-02 -4.2248E-02  7.7653E-02
 -1.7691E-03  1.0742E-03  2.3063E-02 -3.2243E-02  8.7430E-02 -4.0911E-02
  8.7430E-02 -4.0911E-02 -2.3063E-02  3.2243E-02 -1.7691E-03  1.0742E-03
  4.2248E-02 -7.7653E-02 -1.0697E-02  3.0463E-02  1.2208E-01 -5.2743E-02
   149.50000000000000     
  1.2327E-01 -5.6323E-02  1.0793E-02 -3.0465E-02 -4.2348E-02  7.6855E-02
 -1.7369E-03  1.0390E-03  2.3094E-02 -3.1715E-02  8.8206E-02 -4.3399E-02
  8.8206E-02 -4.3399E-02 -2.3094E-02  3.1715E-02 -1.7369E-03  1.0390E-03
  4.2348E-02 -7.6855E-02 -1.0793E-02  3.0465E-02  1.2327E-01 -5.6323E-02
   150.00000000000000     
  1.2451E-01 -5.9842E-02  1.0880E-02 -3.0448E-02 -4.2415E-02  7.6033E-02
 -1.7058E-03  1.0082E-03  2.3106E-02 -3.1182E-02  8.9018E-02 -4.5846E-02
  8.9018E-02 -4.5846E-02 -2.3106E-02  3.1182E-02 -1.7058E-03  1.0082E-03
  4.2415E-02 -7.6033E-02 -1.0880E-02  3.0448E-02  1.2451E-01 -5.9842E-02
   150.50000000000000     
  1.2580E-01 -6.3299E-02  1.0959E-02 -3.0414E-02 -4.2449E-02  7.5187E-02
 -1.6759E-03  9.8170E-04  2.3100E-02 -3.0643E-02  8.9864E-02 -4.8253E-02
  8.9864E-02 -4.8253E-02 -2.3100E-02  3.0643E-02 -1.6759E-03  9.8170E-04
  4.2449E-02 -7.5187E-02 -1.0959E-02  3.0414E-02  1.2580E-01 -6.3299E-02
   151.00000000000000     
  1.2714E-01 -6.6693E-02  1.1029E-02 -3.0363E-02 -4.2449E-02  7.4318E-02
 -1.6472E-03  9.5951E-04  2.3076E-02 -3.0100E-02  9.0743E-02 -5.0618E-02
  9.0743E-02 -5.0618E-02 -2.3076E-02  3.0100E-02 -1.6472E-03  9.5951E-04
  4.2449E-02 -7.4318E-02 -1.1029E-02  3.0363E-02  1.2714E-01 -6.6693E-02
   151.50000000000000     
  1.2851E-01 -7.0024E-02  1.1090E-02 -3.0294E-02 -4.2416E-02  7.3424E-02
 -1.6195E-03  9.4142E-04  2.3032E-02 -2.9551E-02  9.1653E-02 -5.2940E-02
  9.1653E-02 -5.2940E-02 -2.3032E-02  2.9551E-02 -1.6195E-03  9.4142E-04
  4.2416E-02 -7.3424E-02 -1.1090E-02  3.0294E-02  1.2851E-01 -7.0024E-02
   152.00000000000000     
  1.2993E-01 -7.3292E-02  1.1143E-02 -3.0209E-02 -4.2349E-02  7.2508E-02
 -1.5929E-03  9.2714E-04  2.2970E-02 -2.8996E-02  9.2591E-02 -5.5220E-02
  9.2591E-02 -5.5220E-02 -2.2970E-02  2.8996E-02 -1.5929E-03  9.2714E-04
  4.2349E-02 -7.2508E-02 -1.1143E-02  3.0209E-02  1.2993E-01 -7.3292E-02
   152.50000000000000     
  1.3139E-01 -7.6495E-02  1.1187E-02 -3.0107E-02 -4.2249E-02  7.1568E-02
 -1.5671E-03  9.1629E-04  2.2889E-02 -2.8437E-02  9.3557E-02 -5.7455E-02
  9.3557E-02 -5.7455E-02 -2.2889E-02  2.8437E-02 -1.5671E-03  9.1629E-04
  4.2249E-02 -7.1568E-02 -1.1187E-02  3.0107E-02  1.3139E-01 -7.6495E-02
   153.00000000000000     
  1.3288E-01 -7.9634E-02  1.1222E-02 -2.9988E-02 -4.2117E-02  7.0605E-02
 -1.5420E-03  9.0839E-04  2.2790E-02 -2.7873E-02  9.4549E-02 -5.9647E-02
  9.4549E-02 -5.9647E-02 -2.2790E-02  2.7873E-02 -1.5420E-03  9.0839E-04
  4.2117E-02 -7.0605E-02 -1.1222E-02  2.9988E-02  1.3288E-01 -7.9634E-02
   153.50000000000000     
  1.3441E-01 -8.2707E-02  1.1249E-02 -2.9852E-02 -4.1951E-02  6.9620E-02
 -1.5173E-03  9.0289E-04  2.2673E-02 -2.7303E-02  9.5563E-02 -6.1793E-02
  9.5563E-02 -6.1793E-02 -2.2673E-02  2.7303E-02 -1.5173E-03  9.0289E-04
  4.1951E-02 -6.9620E-02 -1.1249E-02  2.9852E-02  1.3441E-01 -8.2707E-02
   154.00000000000000     
  1.3596E-01 -8.5715E-02  1.1267E-02 -2.9700E-02 -4.1753E-02  6.8613E-02
 -1.4927E-03  8.9921E-04  2.2537E-02 -2.6730E-02  9.6599E-02 -6.3893E-02
  9.6599E-02 -6.3893E-02 -2.2537E-02  2.6730E-02 -1.4927E-03  8.9921E-04
  4.1753E-02 -6.8613E-02 -1.1267E-02  2.9700E-02  1.3596E-01 -8.5715E-02
   154.50000000000000     
  1.3755E-01 -8.8656E-02  1.1276E-02 -2.9531E-02 -4.1522E-02  6.7584E-02
 -1.4681E-03  8.9668E-04  2.2384E-02 -2.6153E-02  9.7653E-02 -6.5946E-02
  9.7653E-02 -6.5946E-02 -2.2384E-02  2.6153E-02 -1.4681E-03  8.9668E-04
  4.1522E-02 -6.7584E-02 -1.1276E-02  2.9531E-02  1.3755E-01 -8.8656E-02
   155.00000000000000     
  1.3915E-01 -9.1532E-02  1.1276E-02 -2.9345E-02 -4.1260E-02  6.6534E-02
 -1.4431E-03  8.9463E-04  2.2213E-02 -2.5572E-02  9.8725E-02 -6.7952E-02
  9.8725E-02 -6.7952E-02 -2.2213E-02  2.5572E-02 -1.4431E-03  8.9463E-04
  4.1260E-02 -6.6534E-02 -1.1276E-02  2.9345E-02  1.3915E-01 -9.1532E-02
   155.50000000000000     
  1.4078E-01 -9.4340E-02  1.1267E-02 -2.9142E-02 -4.0967E-02  6.5464E-02
 -1.4174E-03  8.9237E-04  2.2026E-02 -2.4988E-02  9.9812E-02 -6.9909E-02
  9.9812E-02 -6.9909E-02 -2.2026E-02  2.4988E-02 -1.4174E-03  8.9237E-04
  4.0967E-02 -6.5464E-02 -1.1267E-02  2.9142E-02  1.4078E-01 -9.4340E-02
   156.00000000000000     
  1.4243E-01 -9.7083E-02  1.1248E-02 -2.8923E-02 -4.0642E-02  6.4374E-02
 -1.3907E-03  8.8919E-04  2.1821E-02 -2.4402E-02  1.0091E-01 -7.1819E-02
  1.0091E-01 -7.1819E-02 -2.1821E-02  2.4402E-02 -1.3907E-03  8.8919E-04
  4.0642E-02 -6.4374E-02 -1.1248E-02  2.8923E-02  1.4243E-01 -9.7083E-02
   156.50000000000000     
  1.4410E-01 -9.9759E-02  1.1221E-02 -2.8685E-02 -4.0287E-02  6.3266E-02
 -1.3627E-03  8.8444E-04  2.1600E-02 -2.3814E-02  1.0202E-01 -7.3679E-02
  1.0202E-01 -7.3679E-02 -2.1600E-02  2.3814E-02 -1.3627E-03  8.8444E-04
  4.0287E-02 -6.3266E-02 -1.1221E-02  2.8685E-02  1.4410E-01 -9.9759E-02
   157.00000000000000     
  1.4578E-01 -1.0237E-01  1.1183E-02 -2.8431E-02 -3.9902E-02  6.2139E-02
 -1.3332E-03  8.7748E-04  2.1364E-02 -2.3226E-02  1.0314E-01 -7.5489E-02
  1.0314E-01 -7.5489E-02 -2.1364E-02  2.3226E-02 -1.3332E-03  8.7748E-04
  3.9902E-02 -6.2139E-02 -1.1183E-02  2.8431E-02  1.4578E-01 -1.0237E-01
   157.50000000000000     
  1.4747E-01 -1.0491E-01  1.1136E-02 -2.8158E-02 -3.9487E-02  6.0995E-02
 -1.3019E-03  8.6773E-04  2.1112E-02 -2.2637E-02  1.0427E-01 -7.7250E-02
  1.0427E-01 -7.7250E-02 -2.1112E-02  2.2637E-02 -1.3019E-03  8.6773E-04
  3.9487E-02 -6.0995E-02 -1.1136E-02  2.8158E-02  1.4747E-01 -1.0491E-01
   158.00000000000000     
  1.4917E-01 -1.0739E-01  1.1079E-02 -2.7867E-02 -3.9044E-02  5.9835E-02
 -1.2686E-03  8.5468E-04  2.0846E-02 -2.2049E-02  1.0540E-01 -7.8961E-02
  1.0540E-01 -7.8961E-02 -2.0846E-02  2.2049E-02 -1.2686E-03  8.5468E-04
  3.9044E-02 -5.9835E-02 -1.1079E-02  2.7867E-02  1.4917E-01 -1.0739E-01
   158.50000000000000     
  1.5088E-01 -1.0980E-01  1.1011E-02 -2.7557E-02 -3.8572E-02  5.8659E-02
 -1.2331E-03  8.3790E-04  2.0565E-02 -2.1463E-02  1.0653E-01 -8.0622E-02
  1.0653E-01 -8.0622E-02 -2.0565E-02  2.1463E-02 -1.2331E-03  8.3790E-04
  3.8572E-02 -5.8659E-02 -1.1011E-02  2.7557E-02  1.5088E-01 -1.0980E-01
   159.00000000000000     
  1.5259E-01 -1.1214E-01  1.0933E-02 -2.7229E-02 -3.8073E-02  5.7469E-02
 -1.1953E-03  8.1705E-04  2.0271E-02 -2.0879E-02  1.0767E-01 -8.2233E-02
  1.0767E-01 -8.2233E-02 -2.0271E-02  2.0879E-02 -1.1953E-03  8.1705E-04
  3.8073E-02 -5.7469E-02 -1.0933E-02  2.7229E-02  1.5259E-01 -1.1214E-01
   159.50000000000000     
  1.5431E-01 -1.1442E-01  1.0845E-02 -2.6881E-02 -3.7548E-02  5.6265E-02
 -1.1552E-03  7.9189E-04  1.9963E-02 -2.0298E-02  1.0880E-01 -8.3795E-02
  1.0880E-01 -8.3795E-02 -1.9963E-02  2.0298E-02 -1.1552E-03  7.9189E-04
  3.7548E-02 -5.6265E-02 -1.0845E-02  2.6881E-02  1.5431E-01 -1.1442E-01
   160.00000000000000     
  1.5602E-01 -1.1663E-01  1.0746E-02 -2.6514E-02 -3.6996E-02  5.5048E-02
 -1.1127E-03  7.6230E-04  1.9644E-02 -1.9721E-02  1.0994E-01 -8.5308E-02
  1.0994E-01 -8.5308E-02 -1.9644E-02  1.9721E-02 -1.1127E-03  7.6230E-04
  3.6996E-02 -5.5048E-02 -1.0746E-02  2.6514E-02  1.5602E-01 -1.1663E-01
   160.50000000000000     
  1.5773E-01 -1.1878E-01  1.0636E-02 -2.6128E-02 -3.6418E-02  5.3819E-02
 -1.0679E-03  7.2826E-04  1.9312E-02 -1.9148E-02  1.1107E-01 -8.6772E-02
  1.1107E-01 -8.6772E-02 -1.9312E-02  1.9148E-02 -1.0679E-03  7.2826E-04
  3.6418E-02 -5.3819E-02 -1.0636E-02  2.6128E-02  1.5773E-01 -1.1878E-01
   161.00000000000000     
  1.5943E-01 -1.2087E-01  1.0515E-02 -2.5721E-02 -3.5816E-02  5.2579E-02
 -1.0208E-03  6.8987E-04  1.8969E-02 -1.8581E-02  1.1219E-01 -8.8188E-02
  1.1219E-01 -8.8188E-02 -1.8969E-02  1.8581E-02 -1.0208E-03  6.8987E-04
  3.5816E-02 -5.2579E-02 -1.0515E-02  2.5721E-02  1.5943E-01 -1.2087E-01
   161.50000000000000     
  1.6112E-01 -1.2289E-01  1.0382E-02 -2.5295E-02 -3.5190E-02  5.1329E-02
 -9.7167E-04  6.4733E-04  1.8615E-02 -1.8020E-02  1.1331E-01 -8.9557E-02
  1.1331E-01 -8.9557E-02 -1.8615E-02  1.8020E-02 -9.7167E-04  6.4733E-04
  3.5190E-02 -5.1329E-02 -1.0382E-02  2.5295E-02  1.6112E-01 -1.2289E-01
   162.00000000000000     
  1.6280E-01 -1.2485E-01  1.0239E-02 -2.4848E-02 -3.4540E-02  5.0069E-02
 -9.2065E-04  6.0096E-04  1.8250E-02 -1.7465E-02  1.1441E-01 -9.0879E-02
  1.1441E-01 -9.0879E-02 -1.8250E-02  1.7465E-02 -9.2065E-04  6.0096E-04
  3.4540E-02 -5.0069E-02 -1.0239E-02  2.4848E-02  1.6280E-01 -1.2485E-01
   162.50000000000000     
  1.6447E-01 -1.2675E-01  1.0085E-02 -2.4382E-02 -3.3868E-02  4.8800E-02
 -8.6801E-04  5.5118E-04  1.7876E-02 -1.6917E-02  1.1551E-01 -9.2157E-02
  1.1551E-01 -9.2157E-02 -1.7876E-02  1.6917E-02 -8.6801E-04  5.5118E-04
  3.3868E-02 -4.8800E-02 -1.0085E-02  2.4382E-02  1.6447E-01 -1.2675E-01
   163.00000000000000     
  1.6612E-01 -1.2859E-01  9.9190E-03 -2.3895E-02 -3.3173E-02  4.7523E-02
 -8.1407E-04  4.9851E-04  1.7492E-02 -1.6376E-02  1.1660E-01 -9.3390E-02
  1.1660E-01 -9.3390E-02 -1.7492E-02  1.6376E-02 -8.1407E-04  4.9851E-04
  3.3173E-02 -4.7523E-02 -9.9190E-03  2.3895E-02  1.6612E-01 -1.2859E-01
   163.50000000000000     
  1.6775E-01 -1.3036E-01  9.7424E-03 -2.3389E-02 -3.2457E-02  4.6238E-02
 -7.5914E-04  4.4353E-04  1.7099E-02 -1.5843E-02  1.1768E-01 -9.4580E-02
  1.1768E-01 -9.4580E-02 -1.7099E-02  1.5843E-02 -7.5914E-04  4.4353E-04
  3.2457E-02 -4.6238E-02 -9.7424E-03  2.3389E-02  1.6775E-01 -1.3036E-01
   164.00000000000000     
  1.6937E-01 -1.3208E-01  9.5549E-03 -2.2862E-02 -3.1720E-02  4.4946E-02
 -7.0363E-04  3.8690E-04  1.6697E-02 -1.5317E-02  1.1874E-01 -9.5728E-02
  1.1874E-01 -9.5728E-02 -1.6697E-02  1.5317E-02 -7.0363E-04  3.8690E-04
  3.1720E-02 -4.4946E-02 -9.5549E-03  2.2862E-02  1.6937E-01 -1.3208E-01
   164.50000000000000     
  1.7096E-01 -1.3374E-01  9.3566E-03 -2.2317E-02 -3.0962E-02  4.3646E-02
 -6.4791E-04  3.2932E-04  1.6286E-02 -1.4799E-02  1.1979E-01 -9.6836E-02
  1.1979E-01 -9.6836E-02 -1.6286E-02  1.4799E-02 -6.4791E-04  3.2932E-04
  3.0962E-02 -4.3646E-02 -9.3566E-03  2.2317E-02  1.7096E-01 -1.3374E-01
   165.00000000000000     
  1.7252E-01 -1.3533E-01  9.1478E-03 -2.1753E-02 -3.0184E-02  4.2340E-02
 -5.9243E-04  2.7155E-04  1.5867E-02 -1.4288E-02  1.2082E-01 -9.7904E-02
  1.2082E-01 -9.7904E-02 -1.5867E-02  1.4288E-02 -5.9243E-04  2.7155E-04
  3.0184E-02 -4.2340E-02 -9.1478E-03  2.1753E-02  1.7252E-01 -1.3533E-01
   165.50000000000000     
  1.7406E-01 -1.3687E-01  8.9287E-03 -2.1171E-02 -2.9387E-02  4.1027E-02
 -5.3759E-04  2.1434E-04  1.5441E-02 -1.3785E-02  1.2183E-01 -9.8934E-02
  1.2183E-01 -9.8934E-02 -1.5441E-02  1.3785E-02 -5.3759E-04  2.1434E-04
  2.9387E-02 -4.1027E-02 -8.9287E-03  2.1171E-02  1.7406E-01 -1.3687E-01
   166.00000000000000     
  1.7557E-01 -1.3836E-01  8.6996E-03 -2.0571E-02 -2.8571E-02  3.9708E-02
 -4.8382E-04  1.5845E-04  1.5006E-02 -1.3289E-02  1.2283E-01 -9.9927E-02
  1.2283E-01 -9.9927E-02 -1.5006E-02  1.3289E-02 -4.8382E-04  1.5845E-04
  2.8571E-02 -3.9708E-02 -8.6996E-03  2.0571E-02  1.7557E-01 -1.3836E-01
   166.50000000000000     
  1.7704E-01 -1.3979E-01  8.4608E-03 -1.9954E-02 -2.7737E-02  3.8383E-02
 -4.3155E-04  1.0463E-04  1.4563E-02 -1.2800E-02  1.2381E-01 -1.0088E-01
  1.2381E-01 -1.0088E-01 -1.4563E-02  1.2800E-02 -4.3155E-04  1.0463E-04
  2.7737E-02 -3.8383E-02 -8.4608E-03  1.9954E-02  1.7704E-01 -1.3979E-01
   167.00000000000000     
  1.7849E-01 -1.4116E-01  8.2127E-03 -1.9320E-02 -2.6885E-02  3.7051E-02
 -3.8117E-04  5.3578E-05  1.4113E-02 -1.2316E-02  1.2476E-01 -1.0181E-01
  1.2476E-01 -1.0181E-01 -1.4113E-02  1.2316E-02 -3.8117E-04  5.3578E-05
  2.6885E-02 -3.7051E-02 -8.2127E-03  1.9320E-02  1.7849E-01 -1.4116E-01
   167.50000000000000     
  1.7990E-01 -1.4247E-01  7.9558E-03 -1.8672E-02 -2.6015E-02  3.5713E-02
 -3.3305E-04  5.9580E-06  1.3655E-02 -1.1839E-02  1.2570E-01 -1.0270E-01
  1.2570E-01 -1.0270E-01 -1.3655E-02  1.1839E-02 -3.3305E-04  5.9580E-06
  2.6015E-02 -3.5713E-02 -7.9558E-03  1.8672E-02  1.7990E-01 -1.4247E-01
   168.00000000000000     
  1.8127E-01 -1.4374E-01  7.6905E-03 -1.8008E-02 -2.5128E-02  3.4369E-02
 -2.8753E-04 -3.7648E-05  1.3190E-02 -1.1366E-02  1.2661E-01 -1.0355E-01
  1.2661E-01 -1.0355E-01 -1.3190E-02  1.1366E-02 -2.8753E-04 -3.7648E-05
  2.5128E-02 -3.4369E-02 -7.6905E-03  1.8008E-02  1.8127E-01 -1.4374E-01
   168.50000000000000     
  1.8260E-01 -1.4494E-01  7.4172E-03 -1.7331E-02 -2.4225E-02  3.3018E-02
 -2.4489E-04 -7.6734E-05  1.2717E-02 -1.0898E-02  1.2750E-01 -1.0437E-01
  1.2750E-01 -1.0437E-01 -1.2717E-02  1.0898E-02 -2.4489E-04 -7.6734E-05
  2.4225E-02 -3.3018E-02 -7.4172E-03  1.7331E-02  1.8260E-01 -1.4494E-01
   169.00000000000000     
  1.8389E-01 -1.4610E-01  7.1365E-03 -1.6642E-02 -2.3305E-02  3.1660E-02
 -2.0540E-04 -1.1089E-04  1.2236E-02 -1.0434E-02  1.2836E-01 -1.0516E-01
  1.2836E-01 -1.0516E-01 -1.2236E-02  1.0434E-02 -2.0540E-04 -1.1089E-04
  2.3305E-02 -3.1660E-02 -7.1365E-03  1.6642E-02  1.8389E-01 -1.4610E-01
   169.50000000000000     
  1.8513E-01 -1.4720E-01  6.8488E-03 -1.5940E-02 -2.2369E-02  3.0295E-02
 -1.6923E-04 -1.3980E-04  1.1748E-02 -9.9720E-03  1.2920E-01 -1.0593E-01
  1.2920E-01 -1.0593E-01 -1.1748E-02  9.9720E-03 -1.6923E-04 -1.3980E-04
  2.2369E-02 -3.0295E-02 -6.8488E-03  1.5940E-02  1.8513E-01 -1.4720E-01
   170.00000000000000     
  1.8634E-01 -1.4825E-01  6.5547E-03 -1.5228E-02 -2.1417E-02  2.8923E-02
 -1.3653E-04 -1.6328E-04  1.1253E-02 -9.5126E-03  1.3001E-01 -1.0665E-01
  1.3001E-01 -1.0665E-01 -1.1253E-02  9.5126E-03 -1.3653E-04 -1.6328E-04
  2.1417E-02 -2.8923E-02 -6.5547E-03  1.5228E-02  1.8634E-01 -1.4825E-01
   170.50000000000000     
  1.8749E-01 -1.4925E-01  6.2547E-03 -1.4507E-02 -2.0451E-02  2.7544E-02
 -1.0737E-04 -1.8123E-04  1.0750E-02 -9.0545E-03  1.3080E-01 -1.0735E-01
  1.3080E-01 -1.0735E-01 -1.0750E-02  9.0545E-03 -1.0737E-04 -1.8123E-04
  2.0451E-02 -2.7544E-02 -6.2547E-03  1.4507E-02  1.8749E-01 -1.4925E-01
   171.00000000000000     
  1.8860E-01 -1.5019E-01  5.9492E-03 -1.3776E-02 -1.9470E-02  2.6157E-02
 -8.1781E-05 -1.9368E-04  1.0239E-02 -8.5970E-03  1.3155E-01 -1.0802E-01
  1.3155E-01 -1.0802E-01 -1.0239E-02  8.5970E-03 -8.1781E-05 -1.9368E-04
  1.9470E-02 -2.6157E-02 -5.9492E-03  1.3776E-02  1.8860E-01 -1.5019E-01
   171.50000000000000     
  1.8966E-01 -1.5108E-01  5.6389E-03 -1.3038E-02 -1.8475E-02  2.4762E-02
 -5.9717E-05 -2.0079E-04  9.7210E-03 -8.1395E-03  1.3227E-01 -1.0866E-01
  1.3227E-01 -1.0866E-01 -9.7210E-03  8.1395E-03 -5.9717E-05 -2.0079E-04
  1.8475E-02 -2.4762E-02 -5.6389E-03  1.3038E-02  1.8966E-01 -1.5108E-01
   172.00000000000000     
  1.9066E-01 -1.5193E-01  5.3242E-03 -1.2293E-02 -1.7466E-02  2.3360E-02
 -4.1084E-05 -2.0281E-04  9.1956E-03 -7.6812E-03  1.3296E-01 -1.0926E-01
  1.3296E-01 -1.0926E-01 -9.1956E-03  7.6812E-03 -4.1084E-05 -2.0281E-04
  1.7466E-02 -2.3360E-02 -5.3242E-03  1.2293E-02  1.9066E-01 -1.5193E-01
   172.50000000000000     
  1.9161E-01 -1.5272E-01  5.0056E-03 -1.1543E-02 -1.6444E-02  2.1949E-02
 -2.5730E-05 -2.0009E-04  8.6629E-03 -7.2215E-03  1.3362E-01 -1.0984E-01
  1.3362E-01 -1.0984E-01 -8.6629E-03  7.2215E-03 -2.5730E-05 -2.0009E-04
  1.6444E-02 -2.1949E-02 -5.0056E-03  1.1543E-02  1.9161E-01 -1.5272E-01
   173.00000000000000     
  1.9251E-01 -1.5346E-01  4.6835E-03 -1.0787E-02 -1.5409E-02  2.0531E-02
 -1.3458E-05 -1.9310E-04  8.1231E-03 -6.7599E-03  1.3424E-01 -1.1038E-01
  1.3424E-01 -1.1038E-01 -8.1231E-03  6.7599E-03 -1.3458E-05 -1.9310E-04
  1.5409E-02 -2.0531E-02 -4.6835E-03  1.0787E-02  1.9251E-01 -1.5346E-01
   173.50000000000000     
  1.9335E-01 -1.5415E-01  4.3585E-03 -1.0027E-02 -1.4363E-02  1.9105E-02
 -4.0257E-06 -1.8237E-04  7.5764E-03 -6.2960E-03  1.3482E-01 -1.1089E-01
  1.3482E-01 -1.1089E-01 -7.5764E-03  6.2960E-03 -4.0257E-06 -1.8237E-04
  1.4363E-02 -1.9105E-02 -4.3585E-03  1.0027E-02  1.9335E-01 -1.5415E-01
   174.00000000000000     
  1.9414E-01 -1.5478E-01  4.0308E-03 -9.2637E-03 -1.3305E-02  1.7670E-02
  2.8444E-06 -1.6850E-04  7.0229E-03 -5.8292E-03  1.3537E-01 -1.1136E-01
  1.3537E-01 -1.1136E-01 -7.0229E-03  5.8292E-03  2.8444E-06 -1.6850E-04
  1.3305E-02 -1.7670E-02 -4.0308E-03  9.2637E-03  1.9414E-01 -1.5478E-01
   174.50000000000000     
  1.9487E-01 -1.5537E-01  3.7009E-03 -8.4975E-03 -1.2236E-02  1.6229E-02
  7.4591E-06 -1.5216E-04  6.4629E-03 -5.3594E-03  1.3588E-01 -1.1181E-01
  1.3588E-01 -1.1181E-01 -6.4629E-03  5.3594E-03  7.4591E-06 -1.5216E-04
  1.2236E-02 -1.6229E-02 -3.7009E-03  8.4975E-03  1.9487E-01 -1.5537E-01
   175.00000000000000     
  1.9554E-01 -1.5591E-01  3.3691E-03 -7.7291E-03 -1.1157E-02  1.4780E-02
  1.0145E-05 -1.3404E-04  5.8968E-03 -4.8864E-03  1.3635E-01 -1.1221E-01
  1.3635E-01 -1.1221E-01 -5.8968E-03  4.8864E-03  1.0145E-05 -1.3404E-04
  1.1157E-02 -1.4780E-02 -3.3691E-03  7.7291E-03  1.9554E-01 -1.5591E-01
   175.50000000000000     
  1.9614E-01 -1.5639E-01  3.0357E-03 -6.9590E-03 -1.0069E-02  1.3324E-02
  1.1242E-05 -1.1486E-04  5.3249E-03 -4.4100E-03  1.3677E-01 -1.1259E-01
  1.3677E-01 -1.1259E-01 -5.3249E-03  4.4100E-03  1.1242E-05 -1.1486E-04
  1.0069E-02 -1.3324E-02 -3.0357E-03  6.9590E-03  1.9614E-01 -1.5639E-01
   176.00000000000000     
  1.9669E-01 -1.5682E-01  2.7011E-03 -6.1876E-03 -8.9722E-03  1.1861E-02
  1.1091E-05 -9.5340E-05  4.7477E-03 -3.9303E-03  1.3716E-01 -1.1292E-01
  1.3716E-01 -1.1292E-01 -4.7477E-03  3.9303E-03  1.1091E-05 -9.5340E-05
  8.9722E-03 -1.1861E-02 -2.7011E-03  6.1876E-03  1.9669E-01 -1.5682E-01
   176.50000000000000     
  1.9717E-01 -1.5721E-01  2.3653E-03 -5.4153E-03 -7.8679E-03  1.0393E-02
  1.0026E-05 -7.6178E-05  4.1655E-03 -3.4473E-03  1.3750E-01 -1.1322E-01
  1.3750E-01 -1.1322E-01 -4.1655E-03  3.4473E-03  1.0026E-05 -7.6178E-05
  7.8679E-03 -1.0393E-02 -2.3653E-03  5.4153E-03  1.9717E-01 -1.5721E-01
   177.00000000000000     
  1.9759E-01 -1.5754E-01  2.0288E-03 -4.6423E-03 -6.7568E-03  8.9189E-03
  8.3674E-06 -5.8044E-05  3.5789E-03 -2.9612E-03  1.3780E-01 -1.1348E-01
  1.3780E-01 -1.1348E-01 -3.5789E-03  2.9612E-03  8.3674E-06 -5.8044E-05
  6.7568E-03 -8.9189E-03 -2.0288E-03  4.6423E-03  1.9759E-01 -1.5754E-01
   177.50000000000000     
  1.9795E-01 -1.5782E-01  1.6915E-03 -3.8689E-03 -5.6399E-03  7.4401E-03
  6.4117E-06 -4.1553E-05  2.9885E-03 -2.4723E-03  1.3806E-01 -1.1370E-01
  1.3806E-01 -1.1370E-01 -2.9885E-03  2.4723E-03  6.4117E-06 -4.1553E-05
  5.6399E-03 -7.4401E-03 -1.6915E-03  3.8689E-03  1.9795E-01 -1.5782E-01
   178.00000000000000     
  1.9824E-01 -1.5805E-01  1.3538E-03 -3.0953E-03 -4.5179E-03  5.9572E-03
  4.4237E-06 -2.7257E-05  2.3948E-03 -1.9810E-03  1.3827E-01 -1.1388E-01
  1.3827E-01 -1.1388E-01 -2.3948E-03  1.9810E-03  4.4237E-06 -2.7257E-05
  4.5179E-03 -5.9572E-03 -1.3538E-03  3.0953E-03  1.9824E-01 -1.5805E-01
   178.50000000000000     
  1.9847E-01 -1.5823E-01  1.0156E-03 -2.3215E-03 -3.3920E-03  4.4709E-03
  2.6304E-06 -1.5626E-05  1.7985E-03 -1.4876E-03  1.3843E-01 -1.1402E-01
  1.3843E-01 -1.1402E-01 -1.7985E-03  1.4876E-03  2.6304E-06 -1.5626E-05
  3.3920E-03 -4.4709E-03 -1.0156E-03  2.3215E-03  1.9847E-01 -1.5823E-01
   179.00000000000000     
  1.9864E-01 -1.5836E-01  6.7723E-04 -1.5477E-03 -2.2630E-03  2.9820E-03
  1.2146E-06 -7.0391E-06  1.2001E-03 -9.9265E-04  1.3855E-01 -1.1412E-01
  1.3855E-01 -1.1412E-01 -1.2001E-03  9.9265E-04  1.2146E-06 -7.0391E-06
  2.2630E-03 -2.9820E-03 -6.7723E-04  1.5477E-03  1.9864E-01 -1.5836E-01
   179.50000000000000     
  1.9873E-01 -1.5843E-01  3.3866E-04 -7.7385E-04 -1.1320E-03  1.4914E-03
  3.1054E-07 -1.7740E-06  6.0040E-04 -4.9660E-04  1.3862E-01 -1.1419E-01
  1.3862E-01 -1.1419E-01 -6.0040E-04  4.9660E-04  3.1054E-07 -1.7740E-06
  1.1320E-03 -1.4914E-03 -3.3866E-04  7.7385E-04  1.9873E-01 -1.5843E-01
   180.00000000000000     
  1.9877E-01 -1.5846E-01  0.0000E+00  0.0000E+00  0.0000E+00  0.0000E+00
  0.0000E+00  0.0000E+00  0.0000E+00  0.0000E+00  1.3864E-01 -1.1421E-01
  1.3864E-01 -1.1421E-01  0.0000E+00  0.0000E+00  0.0000E+00  0.0000E+00
  0.0000E+00  0.0000E+00  0.0000E+00  0.0000E+00  1.9877E-01 -1.5846E-01
  1.0  0.0  0.5  0.5 361   1  16.00000   0.00000   3.08900
   0.0000000000000000     
 -7.8177E-02 -1.3419E-03  0.0000E+00  0.0000E+00  0.0000E+00  0.0000E+00
  0.0000E+00  0.0000E+00  0.0000E+00  0.0000E+00 -5.7050E-02 -3.5628E-03
 -5.7050E-02 -3.5628E-03  0.0000E+00  0.0000E+00  0.0000E+00  0.0000E+00
  0.0000E+00  0.0000E+00  0.0000E+00  0.0000E+00 -7.8177E-02 -1.3419E-03
  0.50000000000000000     
 -7.8179E-02 -1.3597E-03  9.5188E-05 -2.5349E-04 -2.3808E-04 -1.1594E-04
 -2.3411E-07  1.3213E-07  8.3632E-05  2.3584E-04 -5.7050E-02 -3.5754E-03
 -5.7050E-02 -3.5754E-03 -8.3632E-05 -2.3584E-04 -2.3411E-07  1.3213E-07
  2.3808E-04  1.1594E-04 -9.5188E-05  2.5349E-04 -7.8179E-02 -1.3597E-03
   1.0000000000000000     
 -7.8183E-02 -1.4131E-03  1.9016E-04 -5.0668E-04 -4.7604E-04 -2.3191E-04
 -9.3656E-07  5.2830E-07  1.6734E-04  4.7148E-04 -5.7052E-02 -3.6132E-03
 -5.7052E-02 -3.6132E-03 -1.6734E-04 -4.7148E-04 -9.3656E-07  5.2830E-07
  4.7604E-04  2.3191E-04 -1.9016E-04  5.0668E-04 -7.8183E-02 -1.4131E-03
   1.5000000000000000     
 -7.8189E-02 -1.5021E-03  2.8468E-04 -7.5924E-04 -7.1375E-04 -3.4795E-04
 -2.1077E-06  1.1878E-06  2.5119E-04  7.0676E-04 -5.7056E-02 -3.6761E-03
 -5.7056E-02 -3.6761E-03 -2.5119E-04 -7.0676E-04 -2.1077E-06  1.1878E-06
  7.1375E-04  3.4795E-04 -2.8468E-04  7.5924E-04 -7.8189E-02 -1.5021E-03
   2.0000000000000000     
 -7.8199E-02 -1.6265E-03  3.7855E-04 -1.0109E-03 -9.5109E-04 -4.6409E-04
 -3.7482E-06  2.1095E-06  3.3527E-04  9.4147E-04 -5.7061E-02 -3.7641E-03
 -5.7061E-02 -3.7641E-03 -3.3527E-04 -9.4147E-04 -3.7482E-06  2.1095E-06
  9.5109E-04  4.6409E-04 -3.7855E-04  1.0109E-03 -7.8199E-02 -1.6265E-03
   2.5000000000000000     
 -7.8211E-02 -1.7862E-03  4.7155E-04 -1.2613E-03 -1.1880E-03 -5.8036E-04
 -5.8589E-06  3.2917E-06  4.1964E-04  1.1754E-03 -5.7067E-02 -3.8772E-03
 -5.7067E-02 -3.8772E-03 -4.1964E-04 -1.1754E-03 -5.8589E-06  3.2917E-06
  1.1880E-03  5.8036E-04 -4.7155E-04  1.2613E-03 -7.8211E-02 -1.7862E-03
   3.0000000000000000     
 -7.8225E-02 -1.9811E-03  5.6345E-04 -1.5101E-03 -1.4242E-03 -6.9681E-04
 -8.4409E-06  4.7324E-06  5.0438E-04  1.4085E-03 -5.7074E-02 -4.0151E-03
 -5.7074E-02 -4.0151E-03 -5.0438E-04 -1.4085E-03 -8.4409E-06  4.7324E-06
  1.4242E-03  6.9681E-04 -5.6345E-04  1.5101E-03 -7.8225E-02 -1.9811E-03
   3.5000000000000000     
 -7.8241E-02 -2.2110E-03  6.5404E-04 -1.7571E-03 -1.6597E-03 -8.1345E-04
 -1.1495E-05  6.4290E-06  5.8956E-04  1.6404E-03 -5.7082E-02 -4.1777E-03
 -5.7082E-02 -4.1777E-03 -5.8956E-04 -1.6404E-03 -1.1495E-05  6.4290E-06
  1.6597E-03  8.1345E-04 -6.5404E-04  1.7571E-03 -7.8241E-02 -2.2110E-03
   4.0000000000000000     
 -7.8260E-02 -2.4756E-03  7.4311E-04 -2.0020E-03 -1.8944E-03 -9.3033E-04
 -1.5024E-05  8.3785E-06  6.7524E-04  1.8710E-03 -5.7092E-02 -4.3650E-03
 -5.7092E-02 -4.3650E-03 -6.7524E-04 -1.8710E-03 -1.5024E-05  8.3785E-06
  1.8944E-03  9.3033E-04 -7.4311E-04  2.0020E-03 -7.8260E-02 -2.4756E-03
   4.5000000000000000     
 -7.8281E-02 -2.7746E-03  8.3046E-04 -2.2444E-03 -2.1281E-03 -1.0475E-03
 -1.9029E-05  1.0577E-05  7.6151E-04  2.1002E-03 -5.7102E-02 -4.5766E-03
 -5.7102E-02 -4.5766E-03 -7.6151E-04 -2.1002E-03 -1.9029E-05  1.0577E-05
  2.1281E-03  1.0475E-03 -8.3046E-04  2.2444E-03 -7.8281E-02 -2.7746E-03
   5.0000000000000000     
 -7.8304E-02 -3.1079E-03  9.1586E-04 -2.4841E-03 -2.3607E-03 -1.1649E-03
 -2.3512E-05  1.3022E-05  8.4842E-04  2.3277E-03 -5.7113E-02 -4.8124E-03
 -5.7113E-02 -4.8124E-03 -8.4842E-04 -2.3277E-03 -2.3512E-05  1.3022E-05
  2.3607E-03  1.1649E-03 -9.1586E-04  2.4841E-03 -7.8304E-02 -3.1079E-03
   5.5000000000000000     
 -7.8328E-02 -3.4750E-03  9.9911E-04 -2.7207E-03 -2.5921E-03 -1.2827E-03
 -2.8475E-05  1.5708E-05  9.3605E-04  2.5534E-03 -5.7125E-02 -5.0722E-03
 -5.7125E-02 -5.0722E-03 -9.3605E-04 -2.5534E-03 -2.8475E-05  1.5708E-05
  2.5921E-03  1.2827E-03 -9.9911E-04  2.7207E-03 -7.8328E-02 -3.4750E-03
   6.0000000000000000     
 -7.8354E-02 -3.8756E-03  1.0800E-03 -2.9541E-03 -2.8221E-03 -1.4008E-03
 -3.3921E-05  1.8630E-05  1.0245E-03  2.7771E-03 -5.7137E-02 -5.3556E-03
 -5.7137E-02 -5.3556E-03 -1.0245E-03 -2.7771E-03 -3.3921E-05  1.8630E-05
  2.8221E-03  1.4008E-03 -1.0800E-03  2.9541E-03 -7.8354E-02 -3.8756E-03
   6.5000000000000000     
 -7.8381E-02 -4.3092E-03  1.1584E-03 -3.1839E-03 -3.0508E-03 -1.5194E-03
 -3.9852E-05  2.1783E-05  1.1137E-03  2.9987E-03 -5.7150E-02 -5.6624E-03
 -5.7150E-02 -5.6624E-03 -1.1137E-03 -2.9987E-03 -3.9852E-05  2.1783E-05
  3.0508E-03  1.5194E-03 -1.1584E-03  3.1839E-03 -7.8381E-02 -4.3092E-03
   7.0000000000000000     
 -7.8410E-02 -4.7755E-03  1.2340E-03 -3.4098E-03 -3.2778E-03 -1.6383E-03
 -4.6272E-05  2.5162E-05  1.2038E-03  3.2180E-03 -5.7163E-02 -5.9923E-03
 -5.7163E-02 -5.9923E-03 -1.2038E-03 -3.2180E-03 -4.6272E-05  2.5162E-05
  3.2778E-03  1.6383E-03 -1.2340E-03  3.4098E-03 -7.8410E-02 -4.7755E-03
   7.5000000000000000     
 -7.8439E-02 -5.2740E-03  1.3067E-03 -3.6317E-03 -3.5032E-03 -1.7577E-03
 -5.3183E-05  2.8760E-05  1.2950E-03  3.4348E-03 -5.7176E-02 -6.3450E-03
 -5.7176E-02 -6.3450E-03 -1.2950E-03 -3.4348E-03 -5.3183E-05  2.8760E-05
  3.5032E-03  1.7577E-03 -1.3067E-03  3.6317E-03 -7.8439E-02 -5.2740E-03
   8.0000000000000000     
 -7.8468E-02 -5.8041E-03  1.3763E-03 -3.8492E-03 -3.7268E-03 -1.8776E-03
 -6.0588E-05  3.2571E-05  1.3871E-03  3.6489E-03 -5.7189E-02 -6.7201E-03
 -5.7189E-02 -6.7201E-03 -1.3871E-03 -3.6489E-03 -6.0588E-05  3.2571E-05
  3.7268E-03  1.8776E-03 -1.3763E-03  3.8492E-03 -7.8468E-02 -5.8041E-03
   8.5000000000000000     
 -7.8498E-02 -6.3654E-03  1.4425E-03 -4.0621E-03 -3.9484E-03 -1.9979E-03
 -6.8491E-05  3.6588E-05  1.4803E-03  3.8604E-03 -5.7201E-02 -7.1172E-03
 -5.7201E-02 -7.1172E-03 -1.4803E-03 -3.8604E-03 -6.8491E-05  3.6588E-05
  3.9484E-03  1.9979E-03 -1.4425E-03  4.0621E-03 -7.8498E-02 -6.3654E-03
   9.0000000000000000     
 -7.8528E-02 -6.9573E-03  1.5053E-03 -4.2701E-03 -4.1681E-03 -2.1188E-03
 -7.6896E-05  4.0804E-05  1.5746E-03  4.0689E-03 -5.7213E-02 -7.5360E-03
 -5.7213E-02 -7.5360E-03 -1.5746E-03 -4.0689E-03 -7.6896E-05  4.0804E-05
  4.1681E-03  2.1188E-03 -1.5053E-03  4.2701E-03 -7.8528E-02 -6.9573E-03
   9.5000000000000000     
 -7.8557E-02 -7.5792E-03  1.5645E-03 -4.4731E-03 -4.3856E-03 -2.2403E-03
 -8.5806E-05  4.5211E-05  1.6701E-03  4.2743E-03 -5.7224E-02 -7.9760E-03
 -5.7224E-02 -7.9760E-03 -1.6701E-03 -4.2743E-03 -8.5806E-05  4.5211E-05
  4.3856E-03  2.2403E-03 -1.5645E-03  4.4731E-03 -7.8557E-02 -7.5792E-03
   10.000000000000000     
 -7.8586E-02 -8.2306E-03  1.6198E-03 -4.6708E-03 -4.6008E-03 -2.3623E-03
 -9.5225E-05  4.9800E-05  1.7668E-03  4.4766E-03 -5.7234E-02 -8.4368E-03
 -5.7234E-02 -8.4368E-03 -1.7668E-03 -4.4766E-03 -9.5225E-05  4.9800E-05
  4.6008E-03  2.3623E-03 -1.6198E-03  4.6708E-03 -7.8586E-02 -8.2306E-03
   10.500000000000000     
 -7.8613E-02 -8.9106E-03  1.6712E-03 -4.8631E-03 -4.8137E-03 -2.4849E-03
 -1.0516E-04  5.4564E-05  1.8647E-03  4.6756E-03 -5.7242E-02 -8.9179E-03
 -5.7242E-02 -8.9179E-03 -1.8647E-03 -4.6756E-03 -1.0516E-04  5.4564E-05
  4.8137E-03  2.4849E-03 -1.6712E-03  4.8631E-03 -7.8613E-02 -8.9106E-03
   11.000000000000000     
 -7.8639E-02 -9.6188E-03  1.7184E-03 -5.0496E-03 -5.0242E-03 -2.6082E-03
 -1.1561E-04  5.9493E-05  1.9640E-03  4.8712E-03 -5.7249E-02 -9.4189E-03
 -5.7249E-02 -9.4189E-03 -1.9640E-03 -4.8712E-03 -1.1561E-04  5.9493E-05
  5.0242E-03  2.6082E-03 -1.7184E-03  5.0496E-03 -7.8639E-02 -9.6188E-03
   11.500000000000000     
 -7.8664E-02 -1.0354E-02  1.7614E-03 -5.2303E-03 -5.2320E-03 -2.7321E-03
 -1.2658E-04  6.4579E-05  2.0645E-03  5.0633E-03 -5.7254E-02 -9.9392E-03
 -5.7254E-02 -9.9392E-03 -2.0645E-03 -5.0633E-03 -1.2658E-04  6.4579E-05
  5.2320E-03  2.7321E-03 -1.7614E-03  5.2303E-03 -7.8664E-02 -1.0354E-02
   12.000000000000000     
 -7.8686E-02 -1.1117E-02  1.7999E-03 -5.4049E-03 -5.4372E-03 -2.8566E-03
 -1.3807E-04  6.9811E-05  2.1665E-03  5.2517E-03 -5.7257E-02 -1.0478E-02
 -5.7257E-02 -1.0478E-02 -2.1665E-03 -5.2517E-03 -1.3807E-04  6.9811E-05
  5.4372E-03  2.8566E-03 -1.7999E-03  5.4049E-03 -7.8686E-02 -1.1117E-02
   12.500000000000000     
 -7.8706E-02 -1.1905E-02  1.8339E-03 -5.5733E-03 -5.6396E-03 -2.9818E-03
 -1.5010E-04  7.5179E-05  2.2698E-03  5.4364E-03 -5.7258E-02 -1.1036E-02
 -5.7258E-02 -1.1036E-02 -2.2698E-03 -5.4364E-03 -1.5010E-04  7.5179E-05
  5.6396E-03  2.9818E-03 -1.8339E-03  5.5733E-03 -7.8706E-02 -1.1905E-02
   13.000000000000000     
 -7.8722E-02 -1.2718E-02  1.8632E-03 -5.7353E-03 -5.8391E-03 -3.1077E-03
 -1.6266E-04  8.0674E-05  2.3746E-03  5.6173E-03 -5.7256E-02 -1.1611E-02
 -5.7256E-02 -1.1611E-02 -2.3746E-03 -5.6173E-03 -1.6266E-04  8.0674E-05
  5.8391E-03  3.1077E-03 -1.8632E-03  5.7353E-03 -7.8722E-02 -1.2718E-02
   13.500000000000000     
 -7.8736E-02 -1.3556E-02  1.8877E-03 -5.8907E-03 -6.0357E-03 -3.2344E-03
 -1.7575E-04  8.6285E-05  2.4808E-03  5.7943E-03 -5.7250E-02 -1.2204E-02
 -5.7250E-02 -1.2204E-02 -2.4808E-03 -5.7943E-03 -1.7575E-04  8.6285E-05
  6.0357E-03  3.2344E-03 -1.8877E-03  5.8907E-03 -7.8736E-02 -1.3556E-02
   14.000000000000000     
 -7.8745E-02 -1.4417E-02  1.9073E-03 -6.0395E-03 -6.2291E-03 -3.3617E-03
 -1.8940E-04  9.2001E-05  2.5884E-03  5.9673E-03 -5.7242E-02 -1.2813E-02
 -5.7242E-02 -1.2813E-02 -2.5884E-03 -5.9673E-03 -1.8940E-04  9.2001E-05
  6.2291E-03  3.3617E-03 -1.9073E-03  6.0395E-03 -7.8745E-02 -1.4417E-02
   14.500000000000000     
 -7.8751E-02 -1.5301E-02  1.9218E-03 -6.1816E-03 -6.4194E-03 -3.4898E-03
 -2.0358E-04  9.7810E-05  2.6976E-03  6.1363E-03 -5.7230E-02 -1.3438E-02
 -5.7230E-02 -1.3438E-02 -2.6976E-03 -6.1363E-03 -2.0358E-04  9.7810E-05
  6.4194E-03  3.4898E-03 -1.9218E-03  6.1816E-03 -7.8751E-02 -1.5301E-02
   15.000000000000000     
 -7.8752E-02 -1.6207E-02  1.9313E-03 -6.3167E-03 -6.6063E-03 -3.6186E-03
 -2.1833E-04  1.0370E-04  2.8082E-03  6.3011E-03 -5.7214E-02 -1.4079E-02
 -5.7214E-02 -1.4079E-02 -2.8082E-03 -6.3011E-03 -2.1833E-04  1.0370E-04
  6.6063E-03  3.6186E-03 -1.9313E-03  6.3167E-03 -7.8752E-02 -1.6207E-02
   15.500000000000000     
 -7.8747E-02 -1.7134E-02  1.9355E-03 -6.4449E-03 -6.7899E-03 -3.7482E-03
 -2.3362E-04  1.0966E-04  2.9203E-03  6.4618E-03 -5.7194E-02 -1.4734E-02
 -5.7194E-02 -1.4734E-02 -2.9203E-03 -6.4618E-03 -2.3362E-04  1.0966E-04
  6.7899E-03  3.7482E-03 -1.9355E-03  6.4449E-03 -7.8747E-02 -1.7134E-02
   16.000000000000000     
 -7.8738E-02 -1.8081E-02  1.9344E-03 -6.5660E-03 -6.9701E-03 -3.8786E-03
 -2.4948E-04  1.1568E-04  3.0339E-03  6.6182E-03 -5.7169E-02 -1.5404E-02
 -5.7169E-02 -1.5404E-02 -3.0339E-03 -6.6182E-03 -2.4948E-04  1.1568E-04
  6.9701E-03  3.8786E-03 -1.9344E-03  6.5660E-03 -7.8738E-02 -1.8081E-02
   16.500000000000000     
 -7.8722E-02 -1.9048E-02  1.9279E-03 -6.6799E-03 -7.1466E-03 -4.0097E-03
 -2.6590E-04  1.2175E-04  3.1489E-03  6.7704E-03 -5.7140E-02 -1.6087E-02
 -5.7140E-02 -1.6087E-02 -3.1489E-03 -6.7704E-03 -2.6590E-04  1.2175E-04
  7.1466E-03  4.0097E-03 -1.9279E-03  6.6799E-03 -7.8722E-02 -1.9048E-02
   17.000000000000000     
 -7.8700E-02 -2.0033E-02  1.9160E-03 -6.7867E-03 -7.3195E-03 -4.1416E-03
 -2.8290E-04  1.2785E-04  3.2655E-03  6.9182E-03 -5.7105E-02 -1.6783E-02
 -5.7105E-02 -1.6783E-02 -3.2655E-03 -6.9182E-03 -2.8290E-04  1.2785E-04
  7.3195E-03  4.1416E-03 -1.9160E-03  6.7867E-03 -7.8700E-02 -2.0033E-02
   17.500000000000000     
 -7.8671E-02 -2.1035E-02  1.8986E-03 -6.8861E-03 -7.4887E-03 -4.2742E-03
 -3.0046E-04  1.3397E-04  3.3835E-03  7.0618E-03 -5.7065E-02 -1.7492E-02
 -5.7065E-02 -1.7492E-02 -3.3835E-03 -7.0618E-03 -3.0046E-04  1.3397E-04
  7.4887E-03  4.2742E-03 -1.8986E-03  6.8861E-03 -7.8671E-02 -2.1035E-02
   18.000000000000000     
 -7.8635E-02 -2.2053E-02  1.8756E-03 -6.9783E-03 -7.6541E-03 -4.4077E-03
 -3.1861E-04  1.4010E-04  3.5030E-03  7.2010E-03 -5.7019E-02 -1.8212E-02
 -5.7019E-02 -1.8212E-02 -3.5030E-03 -7.2010E-03 -3.1861E-04  1.4010E-04
  7.6541E-03  4.4077E-03 -1.8756E-03  6.9783E-03 -7.8635E-02 -2.2053E-02
   18.500000000000000     
 -7.8591E-02 -2.3087E-02  1.8470E-03 -7.0632E-03 -7.8155E-03 -4.5419E-03
 -3.3733E-04  1.4622E-04  3.6240E-03  7.3359E-03 -5.6967E-02 -1.8943E-02
 -5.6967E-02 -1.8943E-02 -3.6240E-03 -7.3359E-03 -3.3733E-04  1.4622E-04
  7.8155E-03  4.5419E-03 -1.8470E-03  7.0632E-03 -7.8591E-02 -2.3087E-02
   19.000000000000000     
 -7.8540E-02 -2.4136E-02  1.8128E-03 -7.1408E-03 -7.9730E-03 -4.6769E-03
 -3.5664E-04  1.5232E-04  3.7463E-03  7.4664E-03 -5.6908E-02 -1.9684E-02
 -5.6908E-02 -1.9684E-02 -3.7463E-03 -7.4664E-03 -3.5664E-04  1.5232E-04
  7.9730E-03  4.6769E-03 -1.8128E-03  7.1408E-03 -7.8540E-02 -2.4136E-02
   19.500000000000000     
 -7.8479E-02 -2.5198E-02  1.7729E-03 -7.2111E-03 -8.1264E-03 -4.8127E-03
 -3.7654E-04  1.5840E-04  3.8700E-03  7.5926E-03 -5.6843E-02 -2.0435E-02
 -5.6843E-02 -2.0435E-02 -3.8700E-03 -7.5926E-03 -3.7654E-04  1.5840E-04
  8.1264E-03  4.8127E-03 -1.7729E-03  7.2111E-03 -7.8479E-02 -2.5198E-02
   20.000000000000000     
 -7.8410E-02 -2.6273E-02  1.7274E-03 -7.2740E-03 -8.2756E-03 -4.9492E-03
 -3.9704E-04  1.6442E-04  3.9951E-03  7.7144E-03 -5.6770E-02 -2.1194E-02
 -5.6770E-02 -2.1194E-02 -3.9951E-03 -7.7144E-03 -3.9704E-04  1.6442E-04
  8.2756E-03  4.9492E-03 -1.7274E-03  7.2740E-03 -7.8410E-02 -2.6273E-02
   20.500000000000000     
 -7.8331E-02 -2.7359E-02  1.6761E-03 -7.3297E-03 -8.4207E-03 -5.0865E-03
 -4.1813E-04  1.7039E-04  4.1215E-03  7.8319E-03 -5.6690E-02 -2.1962E-02
 -5.6690E-02 -2.1962E-02 -4.1215E-03 -7.8319E-03 -4.1813E-04  1.7039E-04
  8.4207E-03  5.0865E-03 -1.6761E-03  7.3297E-03 -7.8331E-02 -2.7359E-02
   21.000000000000000     
 -7.8242E-02 -2.8457E-02  1.6192E-03 -7.3782E-03 -8.5614E-03 -5.2246E-03
 -4.3982E-04  1.7628E-04  4.2492E-03  7.9451E-03 -5.6603E-02 -2.2737E-02
 -5.6603E-02 -2.2737E-02 -4.2492E-03 -7.9451E-03 -4.3982E-04  1.7628E-04
  8.5614E-03  5.2246E-03 -1.6192E-03  7.3782E-03 -7.8242E-02 -2.8457E-02
   21.500000000000000     
 -7.8143E-02 -2.9563E-02  1.5566E-03 -7.4194E-03 -8.6978E-03 -5.3634E-03
 -4.6211E-04  1.8209E-04  4.3781E-03  8.0541E-03 -5.6507E-02 -2.3519E-02
 -5.6507E-02 -2.3519E-02 -4.3781E-03 -8.0541E-03 -4.6211E-04  1.8209E-04
  8.6978E-03  5.3634E-03 -1.5566E-03  7.4194E-03 -7.8143E-02 -2.9563E-02
   22.000000000000000     
 -7.8033E-02 -3.0679E-02  1.4883E-03 -7.4536E-03 -8.8297E-03 -5.5029E-03
 -4.8500E-04  1.8779E-04  4.5081E-03  8.1588E-03 -5.6403E-02 -2.4307E-02
 -5.6403E-02 -2.4307E-02 -4.5081E-03 -8.1588E-03 -4.8500E-04  1.8779E-04
  8.8297E-03  5.5029E-03 -1.4883E-03  7.4536E-03 -7.8033E-02 -3.0679E-02
   22.500000000000000     
 -7.7912E-02 -3.1801E-02  1.4144E-03 -7.4807E-03 -8.9572E-03 -5.6432E-03
 -5.0851E-04  1.9338E-04  4.6393E-03  8.2594E-03 -5.6291E-02 -2.5100E-02
 -5.6291E-02 -2.5100E-02 -4.6393E-03 -8.2594E-03 -5.0851E-04  1.9338E-04
  8.9572E-03  5.6432E-03 -1.4144E-03  7.4807E-03 -7.7912E-02 -3.1801E-02
   23.000000000000000     
 -7.7779E-02 -3.2931E-02  1.3349E-03 -7.5008E-03 -9.0800E-03 -5.7841E-03
 -5.3262E-04  1.9883E-04  4.7716E-03  8.3559E-03 -5.6169E-02 -2.5898E-02
 -5.6169E-02 -2.5898E-02 -4.7716E-03 -8.3559E-03 -5.3262E-04  1.9883E-04
  9.0800E-03  5.7841E-03 -1.3349E-03  7.5008E-03 -7.7779E-02 -3.2931E-02
   23.500000000000000     
 -7.7634E-02 -3.4066E-02  1.2499E-03 -7.5141E-03 -9.1983E-03 -5.9257E-03
 -5.5735E-04  2.0415E-04  4.9049E-03  8.4483E-03 -5.6039E-02 -2.6699E-02
 -5.6039E-02 -2.6699E-02 -4.9049E-03 -8.4483E-03 -5.5735E-04  2.0415E-04
  9.1983E-03  5.9257E-03 -1.2499E-03  7.5141E-03 -7.7634E-02 -3.4066E-02
   24.000000000000000     
 -7.7478E-02 -3.5206E-02  1.1593E-03 -7.5206E-03 -9.3119E-03 -6.0680E-03
 -5.8268E-04  2.0930E-04  5.0391E-03  8.5367E-03 -5.5898E-02 -2.7504E-02
 -5.5898E-02 -2.7504E-02 -5.0391E-03 -8.5367E-03 -5.8268E-04  2.0930E-04
  9.3119E-03  6.0680E-03 -1.1593E-03  7.5206E-03 -7.7478E-02 -3.5206E-02
   24.500000000000000     
 -7.7308E-02 -3.6349E-02  1.0633E-03 -7.5205E-03 -9.4207E-03 -6.2109E-03
 -6.0864E-04  2.1428E-04  5.1742E-03  8.6212E-03 -5.5749E-02 -2.8311E-02
 -5.5749E-02 -2.8311E-02 -5.1742E-03 -8.6212E-03 -6.0864E-04  2.1428E-04
  9.4207E-03  6.2109E-03 -1.0633E-03  7.5205E-03 -7.7308E-02 -3.6349E-02
   25.000000000000000     
 -7.7125E-02 -3.7495E-02  9.6186E-04 -7.5139E-03 -9.5248E-03 -6.3545E-03
 -6.3520E-04  2.1908E-04  5.3101E-03  8.7018E-03 -5.5589E-02 -2.9120E-02
 -5.5589E-02 -2.9120E-02 -5.3101E-03 -8.7018E-03 -6.3520E-04  2.1908E-04
  9.5248E-03  6.3545E-03 -9.6186E-04  7.5139E-03 -7.7125E-02 -3.7495E-02
   25.500000000000000     
 -7.6929E-02 -3.8643E-02  8.5515E-04 -7.5009E-03 -9.6240E-03 -6.4986E-03
 -6.6239E-04  2.2367E-04  5.4466E-03  8.7787E-03 -5.5418E-02 -2.9930E-02
 -5.5418E-02 -2.9930E-02 -5.4466E-03 -8.7787E-03 -6.6239E-04  2.2367E-04
  9.6240E-03  6.4986E-03 -8.5515E-04  7.5009E-03 -7.6929E-02 -3.8643E-02
   26.000000000000000     
 -7.6719E-02 -3.9791E-02  7.4323E-04 -7.4816E-03 -9.7183E-03 -6.6433E-03
 -6.9019E-04  2.2804E-04  5.5839E-03  8.8519E-03 -5.5238E-02 -3.0741E-02
 -5.5238E-02 -3.0741E-02 -5.5839E-03 -8.8519E-03 -6.9019E-04  2.2804E-04
  9.7183E-03  6.6433E-03 -7.4323E-04  7.4816E-03 -7.6719E-02 -3.9791E-02
   26.500000000000000     
 -7.6495E-02 -4.0939E-02  6.2618E-04 -7.4564E-03 -9.8077E-03 -6.7885E-03
 -7.1860E-04  2.3219E-04  5.7216E-03  8.9215E-03 -5.5046E-02 -3.1551E-02
 -5.5046E-02 -3.1551E-02 -5.7216E-03 -8.9215E-03 -7.1860E-04  2.3219E-04
  9.8077E-03  6.7885E-03 -6.2618E-04  7.4564E-03 -7.6495E-02 -4.0939E-02
   27.000000000000000     
 -7.6257E-02 -4.2085E-02  5.0411E-04 -7.4252E-03 -9.8921E-03 -6.9343E-03
 -7.4763E-04  2.3609E-04  5.8598E-03  8.9877E-03 -5.4844E-02 -3.2359E-02
 -5.4844E-02 -3.2359E-02 -5.8598E-03 -8.9877E-03 -7.4763E-04  2.3609E-04
  9.8921E-03  6.9343E-03 -5.0411E-04  7.4252E-03 -7.6257E-02 -4.2085E-02
   27.500000000000000     
 -7.6003E-02 -4.3229E-02  3.7713E-04 -7.3883E-03 -9.9715E-03 -7.0805E-03
 -7.7728E-04  2.3974E-04  5.9984E-03  9.0505E-03 -5.4630E-02 -3.3167E-02
 -5.4630E-02 -3.3167E-02 -5.9984E-03 -9.0505E-03 -7.7728E-04  2.3974E-04
  9.9715E-03  7.0805E-03 -3.7713E-04  7.3883E-03 -7.6003E-02 -4.3229E-02
   28.000000000000000     
 -7.5735E-02 -4.4370E-02  2.4536E-04 -7.3459E-03 -1.0046E-02 -7.2272E-03
 -8.0754E-04  2.4311E-04  6.1372E-03  9.1101E-03 -5.4405E-02 -3.3971E-02
 -5.4405E-02 -3.3971E-02 -6.1372E-03 -9.1101E-03 -8.0754E-04  2.4311E-04
  1.0046E-02  7.2272E-03 -2.4536E-04  7.3459E-03 -7.5735E-02 -4.4370E-02
   28.500000000000000     
 -7.5452E-02 -4.5507E-02  1.0892E-04 -7.2981E-03 -1.0115E-02 -7.3743E-03
 -8.3841E-04  2.4620E-04  6.2761E-03  9.1665E-03 -5.4169E-02 -3.4773E-02
 -5.4169E-02 -3.4773E-02 -6.2761E-03 -9.1665E-03 -8.3841E-04  2.4620E-04
  1.0115E-02  7.3743E-03 -1.0892E-04  7.2981E-03 -7.5452E-02 -4.5507E-02
   29.000000000000000     
 -7.5152E-02 -4.6639E-02 -3.2063E-05 -7.2452E-03 -1.0179E-02 -7.5217E-03
 -8.6989E-04  2.4899E-04  6.4152E-03  9.2198E-03 -5.3921E-02 -3.5571E-02
 -5.3921E-02 -3.5571E-02 -6.4152E-03 -9.2198E-03 -8.6989E-04  2.4899E-04
  1.0179E-02  7.5217E-03  3.2063E-05  7.2452E-03 -7.5152E-02 -4.6639E-02
   29.500000000000000     
 -7.4837E-02 -4.7764E-02 -1.7744E-04 -7.1873E-03 -1.0238E-02 -7.6695E-03
 -9.0197E-04  2.5146E-04  6.5541E-03  9.2703E-03 -5.3660E-02 -3.6364E-02
 -5.3660E-02 -3.6364E-02 -6.5541E-03 -9.2703E-03 -9.0197E-04  2.5146E-04
  1.0238E-02  7.6695E-03  1.7744E-04  7.1873E-03 -7.4837E-02 -4.7764E-02
   30.000000000000000     
 -7.4506E-02 -4.8883E-02 -3.2706E-04 -7.1247E-03 -1.0292E-02 -7.8176E-03
 -9.3466E-04  2.5361E-04  6.6929E-03  9.3179E-03 -5.3388E-02 -3.7152E-02
 -5.3388E-02 -3.7152E-02 -6.6929E-03 -9.3179E-03 -9.3466E-04  2.5361E-04
  1.0292E-02  7.8176E-03  3.2706E-04  7.1247E-03 -7.4506E-02 -4.8883E-02
   30.500000000000000     
 -7.4159E-02 -4.9993E-02 -4.8078E-04 -7.0576E-03 -1.0340E-02 -7.9660E-03
 -9.6795E-04  2.5542E-04  6.8314E-03  9.3629E-03 -5.3103E-02 -3.7934E-02
 -5.3103E-02 -3.7934E-02 -6.8314E-03 -9.3629E-03 -9.6795E-04  2.5542E-04
  1.0340E-02  7.9660E-03  4.8078E-04  7.0576E-03 -7.4159E-02 -4.9993E-02
   31.000000000000000     
 -7.3795E-02 -5.1095E-02 -6.3843E-04 -6.9863E-03 -1.0384E-02 -8.1145E-03
 -1.0018E-03  2.5688E-04  6.9694E-03  9.4054E-03 -5.2806E-02 -3.8711E-02
 -5.2806E-02 -3.8711E-02 -6.9694E-03 -9.4054E-03 -1.0018E-03  2.5688E-04
  1.0384E-02  8.1145E-03  6.3843E-04  6.9863E-03 -7.3795E-02 -5.1095E-02
   31.500000000000000     
 -7.3415E-02 -5.2188E-02 -7.9985E-04 -6.9108E-03 -1.0422E-02 -8.2633E-03
 -1.0363E-03  2.5798E-04  7.1070E-03  9.4455E-03 -5.2497E-02 -3.9480E-02
 -5.2497E-02 -3.9480E-02 -7.1070E-03 -9.4455E-03 -1.0363E-03  2.5798E-04
  1.0422E-02  8.2633E-03  7.9985E-04  6.9108E-03 -7.3415E-02 -5.2188E-02
   32.000000000000000     
 -7.3018E-02 -5.3269E-02 -9.6485E-04 -6.8315E-03 -1.0454E-02 -8.4121E-03
 -1.0714E-03  2.5870E-04  7.2439E-03  9.4833E-03 -5.2175E-02 -4.0241E-02
 -5.2175E-02 -4.0241E-02 -7.2439E-03 -9.4833E-03 -1.0714E-03  2.5870E-04
  1.0454E-02  8.4121E-03  9.6485E-04  6.8315E-03 -7.3018E-02 -5.3269E-02
   32.500000000000000     
 -7.2604E-02 -5.4340E-02 -1.1333E-03 -6.7487E-03 -1.0482E-02 -8.5611E-03
 -1.1070E-03  2.5903E-04  7.3800E-03  9.5190E-03 -5.1840E-02 -4.0995E-02
 -5.1840E-02 -4.0995E-02 -7.3800E-03 -9.5190E-03 -1.1070E-03  2.5903E-04
  1.0482E-02  8.5611E-03  1.1333E-03  6.7487E-03 -7.2604E-02 -5.4340E-02
   33.000000000000000     
 -7.2173E-02 -5.5398E-02 -1.3049E-03 -6.6625E-03 -1.0504E-02 -8.7100E-03
 -1.1433E-03  2.5896E-04  7.5152E-03  9.5526E-03 -5.1492E-02 -4.1739E-02
 -5.1492E-02 -4.1739E-02 -7.5152E-03 -9.5526E-03 -1.1433E-03  2.5896E-04
  1.0504E-02  8.7100E-03  1.3049E-03  6.6625E-03 -7.2173E-02 -5.5398E-02
   33.500000000000000     
 -7.1724E-02 -5.6443E-02 -1.4796E-03 -6.5732E-03 -1.0521E-02 -8.8590E-03
 -1.1800E-03  2.5848E-04  7.6493E-03  9.5845E-03 -5.1132E-02 -4.2474E-02
 -5.1132E-02 -4.2474E-02 -7.6493E-03 -9.5845E-03 -1.1800E-03  2.5848E-04
  1.0521E-02  8.8590E-03  1.4796E-03  6.5732E-03 -7.1724E-02 -5.6443E-02
   34.000000000000000     
 -7.1259E-02 -5.7475E-02 -1.6571E-03 -6.4810E-03 -1.0532E-02 -9.0078E-03
 -1.2174E-03  2.5758E-04  7.7823E-03  9.6146E-03 -5.0758E-02 -4.3200E-02
 -5.0758E-02 -4.3200E-02 -7.7823E-03 -9.6146E-03 -1.2174E-03  2.5758E-04
  1.0532E-02  9.0078E-03  1.6571E-03  6.4810E-03 -7.1259E-02 -5.7475E-02
   34.500000000000000     
 -7.0776E-02 -5.8492E-02 -1.8372E-03 -6.3862E-03 -1.0538E-02 -9.1566E-03
 -1.2553E-03  2.5624E-04  7.9140E-03  9.6431E-03 -5.0372E-02 -4.3914E-02
 -5.0372E-02 -4.3914E-02 -7.9140E-03 -9.6431E-03 -1.2553E-03  2.5624E-04
  1.0538E-02  9.1566E-03  1.8372E-03  6.3862E-03 -7.0776E-02 -5.8492E-02
   35.000000000000000     
 -7.0276E-02 -5.9494E-02 -2.0197E-03 -6.2891E-03 -1.0539E-02 -9.3051E-03
 -1.2938E-03  2.5447E-04  8.0442E-03  9.6702E-03 -4.9972E-02 -4.4618E-02
 -4.9972E-02 -4.4618E-02 -8.0442E-03 -9.6702E-03 -1.2938E-03  2.5447E-04
  1.0539E-02  9.3051E-03  2.0197E-03  6.2891E-03 -7.0276E-02 -5.9494E-02
   35.500000000000000     
 -6.9758E-02 -6.0480E-02 -2.2045E-03 -6.1898E-03 -1.0535E-02 -9.4535E-03
 -1.3327E-03  2.5223E-04  8.1728E-03  9.6960E-03 -4.9560E-02 -4.5311E-02
 -4.9560E-02 -4.5311E-02 -8.1728E-03 -9.6960E-03 -1.3327E-03  2.5223E-04
  1.0535E-02  9.4535E-03  2.2045E-03  6.1898E-03 -6.9758E-02 -6.0480E-02
   36.000000000000000     
 -6.9223E-02 -6.1449E-02 -2.3912E-03 -6.0887E-03 -1.0525E-02 -9.6015E-03
 -1.3723E-03  2.4954E-04  8.2997E-03  9.7206E-03 -4.9135E-02 -4.5991E-02
 -4.9135E-02 -4.5991E-02 -8.2997E-03 -9.7206E-03 -1.3723E-03  2.4954E-04
  1.0525E-02  9.6015E-03  2.3912E-03  6.0887E-03 -6.9223E-02 -6.1449E-02
   36.500000000000000     
 -6.8670E-02 -6.2400E-02 -2.5797E-03 -5.9860E-03 -1.0510E-02 -9.7492E-03
 -1.4123E-03  2.4637E-04  8.4248E-03  9.7442E-03 -4.8696E-02 -4.6659E-02
 -4.8696E-02 -4.6659E-02 -8.4248E-03 -9.7442E-03 -1.4123E-03  2.4637E-04
  1.0510E-02  9.7492E-03  2.5797E-03  5.9860E-03 -6.8670E-02 -6.2400E-02
   37.000000000000000     
 -6.8100E-02 -6.3334E-02 -2.7698E-03 -5.8820E-03 -1.0489E-02 -9.8965E-03
 -1.4528E-03  2.4271E-04  8.5478E-03  9.7669E-03 -4.8245E-02 -4.7314E-02
 -4.8245E-02 -4.7314E-02 -8.5478E-03 -9.7669E-03 -1.4528E-03  2.4271E-04
  1.0489E-02  9.8965E-03  2.7698E-03  5.8820E-03 -6.8100E-02 -6.3334E-02
   37.500000000000000     
 -6.7512E-02 -6.4249E-02 -2.9611E-03 -5.7768E-03 -1.0463E-02 -1.0043E-02
 -1.4939E-03  2.3857E-04  8.6687E-03  9.7888E-03 -4.7780E-02 -4.7955E-02
 -4.7780E-02 -4.7955E-02 -8.6687E-03 -9.7888E-03 -1.4939E-03  2.3857E-04
  1.0463E-02  1.0043E-02  2.9611E-03  5.7768E-03 -6.7512E-02 -6.4249E-02
   38.000000000000000     
 -6.6908E-02 -6.5145E-02 -3.1536E-03 -5.6708E-03 -1.0432E-02 -1.0190E-02
 -1.5354E-03  2.3393E-04  8.7872E-03  9.8101E-03 -4.7303E-02 -4.8583E-02
 -4.7303E-02 -4.8583E-02 -8.7872E-03 -9.8101E-03 -1.5354E-03  2.3393E-04
  1.0432E-02  1.0190E-02  3.1536E-03  5.6708E-03 -6.6908E-02 -6.5145E-02
   38.500000000000000     
 -6.6286E-02 -6.6021E-02 -3.3468E-03 -5.5642E-03 -1.0396E-02 -1.0335E-02
 -1.5774E-03  2.2879E-04  8.9033E-03  9.8309E-03 -4.6813E-02 -4.9196E-02
 -4.6813E-02 -4.9196E-02 -8.9033E-03 -9.8309E-03 -1.5774E-03  2.2879E-04
  1.0396E-02  1.0335E-02  3.3468E-03  5.5642E-03 -6.6286E-02 -6.6021E-02
   39.000000000000000     
 -6.5646E-02 -6.6876E-02 -3.5407E-03 -5.4572E-03 -1.0354E-02 -1.0480E-02
 -1.6199E-03  2.2313E-04  9.0169E-03  9.8514E-03 -4.6311E-02 -4.9794E-02
 -4.6311E-02 -4.9794E-02 -9.0169E-03 -9.8514E-03 -1.6199E-03  2.2313E-04
  1.0354E-02  1.0480E-02  3.5407E-03  5.4572E-03 -6.5646E-02 -6.6876E-02
   39.500000000000000     
 -6.4990E-02 -6.7710E-02 -3.7350E-03 -5.3502E-03 -1.0307E-02 -1.0625E-02
 -1.6628E-03  2.1696E-04  9.1277E-03  9.8716E-03 -4.5795E-02 -5.0378E-02
 -4.5795E-02 -5.0378E-02 -9.1277E-03 -9.8716E-03 -1.6628E-03  2.1696E-04
  1.0307E-02  1.0625E-02  3.7350E-03  5.3502E-03 -6.4990E-02 -6.7710E-02
   40.000000000000000     
 -6.4317E-02 -6.8523E-02 -3.9294E-03 -5.2432E-03 -1.0255E-02 -1.0768E-02
 -1.7062E-03  2.1025E-04  9.2356E-03  9.8918E-03 -4.5267E-02 -5.0946E-02
 -4.5267E-02 -5.0946E-02 -9.2356E-03 -9.8918E-03 -1.7062E-03  2.1025E-04
  1.0255E-02  1.0768E-02  3.9294E-03  5.2432E-03 -6.4317E-02 -6.8523E-02
   40.500000000000000     
 -6.3626E-02 -6.9314E-02 -4.1237E-03 -5.1366E-03 -1.0198E-02 -1.0911E-02
 -1.7499E-03  2.0302E-04  9.3405E-03  9.9119E-03 -4.4727E-02 -5.1498E-02
 -4.4727E-02 -5.1498E-02 -9.3405E-03 -9.9119E-03 -1.7499E-03  2.0302E-04
  1.0198E-02  1.0911E-02  4.1237E-03  5.1366E-03 -6.3626E-02 -6.9314E-02
   41.000000000000000     
 -6.2920E-02 -7.0082E-02 -4.3176E-03 -5.0306E-03 -1.0135E-02 -1.1053E-02
 -1.7941E-03  1.9525E-04  9.4422E-03  9.9322E-03 -4.4174E-02 -5.2034E-02
 -4.4174E-02 -5.2034E-02 -9.4422E-03 -9.9322E-03 -1.7941E-03  1.9525E-04
  1.0135E-02  1.1053E-02  4.3176E-03  5.0306E-03 -6.2920E-02 -7.0082E-02
   41.500000000000000     
 -6.2196E-02 -7.0827E-02 -4.5109E-03 -4.9255E-03 -1.0067E-02 -1.1194E-02
 -1.8387E-03  1.8694E-04  9.5406E-03  9.9527E-03 -4.3609E-02 -5.2553E-02
 -4.3609E-02 -5.2553E-02 -9.5406E-03 -9.9527E-03 -1.8387E-03  1.8694E-04
  1.0067E-02  1.1194E-02  4.5109E-03  4.9255E-03 -6.2196E-02 -7.0827E-02
   42.000000000000000     
 -6.1457E-02 -7.1549E-02 -4.7033E-03 -4.8214E-03 -9.9945E-03 -1.1333E-02
 -1.8837E-03  1.7809E-04  9.6356E-03  9.9735E-03 -4.3032E-02 -5.3056E-02
 -4.3032E-02 -5.3056E-02 -9.6356E-03 -9.9735E-03 -1.8837E-03  1.7809E-04
  9.9945E-03  1.1333E-02  4.7033E-03  4.8214E-03 -6.1457E-02 -7.1549E-02
   42.500000000000000     
 -6.0701E-02 -7.2247E-02 -4.8947E-03 -4.7185E-03 -9.9166E-03 -1.1472E-02
 -1.9290E-03  1.6869E-04  9.7270E-03  9.9949E-03 -4.2444E-02 -5.3541E-02
 -4.2444E-02 -5.3541E-02 -9.7270E-03 -9.9949E-03 -1.9290E-03  1.6869E-04
  9.9166E-03  1.1472E-02  4.8947E-03  4.7185E-03 -6.0701E-02 -7.2247E-02
   43.000000000000000     
 -5.9929E-02 -7.2920E-02 -5.0847E-03 -4.6172E-03 -9.8337E-03 -1.1610E-02
 -1.9747E-03  1.5873E-04  9.8146E-03  1.0017E-02 -4.1843E-02 -5.4009E-02
 -4.1843E-02 -5.4009E-02 -9.8146E-03 -1.0017E-02 -1.9747E-03  1.5873E-04
  9.8337E-03  1.1610E-02  5.0847E-03  4.6172E-03 -5.9929E-02 -7.2920E-02
   43.500000000000000     
 -5.9142E-02 -7.3569E-02 -5.2731E-03 -4.5175E-03 -9.7458E-03 -1.1746E-02
 -2.0207E-03  1.4823E-04  9.8984E-03  1.0039E-02 -4.1231E-02 -5.4460E-02
 -4.1231E-02 -5.4460E-02 -9.8984E-03 -1.0039E-02 -2.0207E-03  1.4823E-04
  9.7458E-03  1.1746E-02  5.2731E-03  4.5175E-03 -5.9142E-02 -7.3569E-02
   44.000000000000000     
 -5.8339E-02 -7.4193E-02 -5.4597E-03 -4.4198E-03 -9.6529E-03 -1.1881E-02
 -2.0670E-03  1.3717E-04  9.9781E-03  1.0063E-02 -4.0608E-02 -5.4892E-02
 -4.0608E-02 -5.4892E-02 -9.9781E-03 -1.0063E-02 -2.0670E-03  1.3717E-04
  9.6529E-03  1.1881E-02  5.4597E-03  4.4198E-03 -5.8339E-02 -7.4193E-02
   44.500000000000000     
 -5.7521E-02 -7.4792E-02 -5.6442E-03 -4.3242E-03 -9.5551E-03 -1.2014E-02
 -2.1136E-03  1.2555E-04  1.0054E-02  1.0087E-02 -3.9974E-02 -5.5307E-02
 -3.9974E-02 -5.5307E-02 -1.0054E-02 -1.0087E-02 -2.1136E-03  1.2555E-04
  9.5551E-03  1.2014E-02  5.6442E-03  4.3242E-03 -5.7521E-02 -7.4792E-02
   45.000000000000000     
 -5.6688E-02 -7.5365E-02 -5.8264E-03 -4.2308E-03 -9.4524E-03 -1.2146E-02
 -2.1604E-03  1.1337E-04  1.0125E-02  1.0112E-02 -3.9329E-02 -5.5703E-02
 -3.9329E-02 -5.5703E-02 -1.0125E-02 -1.0112E-02 -2.1604E-03  1.1337E-04
  9.4524E-03  1.2146E-02  5.8264E-03  4.2308E-03 -5.6688E-02 -7.5365E-02
   45.500000000000000     
 -5.5841E-02 -7.5912E-02 -6.0060E-03 -4.1399E-03 -9.3449E-03 -1.2277E-02
 -2.2076E-03  1.0064E-04  1.0192E-02  1.0138E-02 -3.8673E-02 -5.6080E-02
 -3.8673E-02 -5.6080E-02 -1.0192E-02 -1.0138E-02 -2.2076E-03  1.0064E-04
  9.3449E-03  1.2277E-02  6.0060E-03  4.1399E-03 -5.5841E-02 -7.5912E-02
   46.000000000000000     
 -5.4979E-02 -7.6434E-02 -6.1828E-03 -4.0517E-03 -9.2326E-03 -1.2406E-02
 -2.2550E-03  8.7348E-05  1.0254E-02  1.0165E-02 -3.8006E-02 -5.6439E-02
 -3.8006E-02 -5.6439E-02 -1.0254E-02 -1.0165E-02 -2.2550E-03  8.7348E-05
  9.2326E-03  1.2406E-02  6.1828E-03  4.0517E-03 -5.4979E-02 -7.6434E-02
   46.500000000000000     
 -5.4103E-02 -7.6929E-02 -6.3566E-03 -3.9663E-03 -9.1156E-03 -1.2533E-02
 -2.3026E-03  7.3503E-05  1.0312E-02  1.0193E-02 -3.7330E-02 -5.6779E-02
 -3.7330E-02 -5.6779E-02 -1.0312E-02 -1.0193E-02 -2.3026E-03  7.3503E-05
  9.1156E-03  1.2533E-02  6.3566E-03  3.9663E-03 -5.4103E-02 -7.6929E-02
   47.000000000000000     
 -5.3213E-02 -7.7397E-02 -6.5271E-03 -3.8838E-03 -8.9939E-03 -1.2659E-02
 -2.3503E-03  5.9103E-05  1.0365E-02  1.0223E-02 -3.6644E-02 -5.7100E-02
 -3.6644E-02 -5.7100E-02 -1.0365E-02 -1.0223E-02 -2.3503E-03  5.9103E-05
  8.9939E-03  1.2659E-02  6.5271E-03  3.8838E-03 -5.3213E-02 -7.7397E-02
   47.500000000000000     
 -5.2311E-02 -7.7839E-02 -6.6941E-03 -3.8045E-03 -8.8675E-03 -1.2783E-02
 -2.3983E-03  4.4152E-05  1.0413E-02  1.0254E-02 -3.5948E-02 -5.7401E-02
 -3.5948E-02 -5.7401E-02 -1.0413E-02 -1.0254E-02 -2.3983E-03  4.4152E-05
  8.8675E-03  1.2783E-02  6.6941E-03  3.8045E-03 -5.2311E-02 -7.7839E-02
   48.000000000000000     
 -5.1394E-02 -7.8254E-02 -6.8574E-03 -3.7285E-03 -8.7366E-03 -1.2905E-02
 -2.4465E-03  2.8652E-05  1.0456E-02  1.0286E-02 -3.5242E-02 -5.7684E-02
 -3.5242E-02 -5.7684E-02 -1.0456E-02 -1.0286E-02 -2.4465E-03  2.8652E-05
  8.7366E-03  1.2905E-02  6.8574E-03  3.7285E-03 -5.1394E-02 -7.8254E-02
   48.500000000000000     
 -5.0466E-02 -7.8641E-02 -7.0167E-03 -3.6560E-03 -8.6012E-03 -1.3025E-02
 -2.4947E-03  1.2606E-05  1.0494E-02  1.0319E-02 -3.4528E-02 -5.7947E-02
 -3.4528E-02 -5.7947E-02 -1.0494E-02 -1.0319E-02 -2.4947E-03  1.2606E-05
  8.6012E-03  1.3025E-02  7.0167E-03  3.6560E-03 -5.0466E-02 -7.8641E-02
   49.000000000000000     
 -4.9525E-02 -7.9002E-02 -7.1719E-03 -3.5869E-03 -8.4613E-03 -1.3143E-02
 -2.5431E-03 -3.9807E-06  1.0527E-02  1.0354E-02 -3.3804E-02 -5.8190E-02
 -3.3804E-02 -5.8190E-02 -1.0527E-02 -1.0354E-02 -2.5431E-03 -3.9807E-06
  8.4613E-03  1.3143E-02  7.1719E-03  3.5869E-03 -4.9525E-02 -7.9002E-02
   49.500000000000000     
 -4.8572E-02 -7.9335E-02 -7.3227E-03 -3.5216E-03 -8.3171E-03 -1.3258E-02
 -2.5916E-03 -2.1104E-05  1.0554E-02  1.0390E-02 -3.3072E-02 -5.8414E-02
 -3.3072E-02 -5.8414E-02 -1.0554E-02 -1.0390E-02 -2.5916E-03 -2.1104E-05
  8.3171E-03  1.3258E-02  7.3227E-03  3.5216E-03 -4.8572E-02 -7.9335E-02
   50.000000000000000     
 -4.7607E-02 -7.9642E-02 -7.4689E-03 -3.4600E-03 -8.1685E-03 -1.3372E-02
 -2.6402E-03 -3.8759E-05  1.0576E-02  1.0428E-02 -3.2332E-02 -5.8619E-02
 -3.2332E-02 -5.8619E-02 -1.0576E-02 -1.0428E-02 -2.6402E-03 -3.8759E-05
  8.1685E-03  1.3372E-02  7.4689E-03  3.4600E-03 -4.7607E-02 -7.9642E-02
   50.500000000000000     
 -4.6631E-02 -7.9920E-02 -7.6103E-03 -3.4024E-03 -8.0157E-03 -1.3484E-02
 -2.6888E-03 -5.6939E-05  1.0593E-02  1.0468E-02 -3.1584E-02 -5.8804E-02
 -3.1584E-02 -5.8804E-02 -1.0593E-02 -1.0468E-02 -2.6888E-03 -5.6939E-05
  8.0157E-03  1.3484E-02  7.6103E-03  3.4024E-03 -4.6631E-02 -7.9920E-02
   51.000000000000000     
 -4.5644E-02 -8.0172E-02 -7.7467E-03 -3.3487E-03 -7.8587E-03 -1.3593E-02
 -2.7374E-03 -7.5637E-05  1.0604E-02  1.0508E-02 -3.0828E-02 -5.8969E-02
 -3.0828E-02 -5.8969E-02 -1.0604E-02 -1.0508E-02 -2.7374E-03 -7.5637E-05
  7.8587E-03  1.3593E-02  7.7467E-03  3.3487E-03 -4.5644E-02 -8.0172E-02
   51.500000000000000     
 -4.4647E-02 -8.0396E-02 -7.8780E-03 -3.2991E-03 -7.6975E-03 -1.3700E-02
 -2.7860E-03 -9.4848E-05  1.0609E-02  1.0551E-02 -3.0064E-02 -5.9114E-02
 -3.0064E-02 -5.9114E-02 -1.0609E-02 -1.0551E-02 -2.7860E-03 -9.4848E-05
  7.6975E-03  1.3700E-02  7.8780E-03  3.2991E-03 -4.4647E-02 -8.0396E-02
   52.000000000000000     
 -4.3639E-02 -8.0592E-02 -8.0038E-03 -3.2537E-03 -7.5323E-03 -1.3804E-02
 -2.8347E-03 -1.1456E-04  1.0608E-02  1.0595E-02 -2.9294E-02 -5.9240E-02
 -2.9294E-02 -5.9240E-02 -1.0608E-02 -1.0595E-02 -2.8347E-03 -1.1456E-04
  7.5323E-03  1.3804E-02  8.0038E-03  3.2537E-03 -4.3639E-02 -8.0592E-02
   52.500000000000000     
 -4.2622E-02 -8.0761E-02 -8.1242E-03 -3.2126E-03 -7.3631E-03 -1.3906E-02
 -2.8833E-03 -1.3477E-04  1.0602E-02  1.0640E-02 -2.8517E-02 -5.9346E-02
 -2.8517E-02 -5.9346E-02 -1.0602E-02 -1.0640E-02 -2.8833E-03 -1.3477E-04
  7.3631E-03  1.3906E-02  8.1242E-03  3.2126E-03 -4.2622E-02 -8.0761E-02
   53.000000000000000     
 -4.1596E-02 -8.0903E-02 -8.2387E-03 -3.1757E-03 -7.1900E-03 -1.4005E-02
 -2.9318E-03 -1.5547E-04  1.0589E-02  1.0687E-02 -2.7733E-02 -5.9433E-02
 -2.7733E-02 -5.9433E-02 -1.0589E-02 -1.0687E-02 -2.9318E-03 -1.5547E-04
  7.1900E-03  1.4005E-02  8.2387E-03  3.1757E-03 -4.1596E-02 -8.0903E-02
   53.500000000000000     
 -4.0561E-02 -8.1018E-02 -8.3474E-03 -3.1432E-03 -7.0131E-03 -1.4102E-02
 -2.9802E-03 -1.7664E-04  1.0571E-02  1.0736E-02 -2.6944E-02 -5.9500E-02
 -2.6944E-02 -5.9500E-02 -1.0571E-02 -1.0736E-02 -2.9802E-03 -1.7664E-04
  7.0131E-03  1.4102E-02  8.3474E-03  3.1432E-03 -4.0561E-02 -8.1018E-02
   54.000000000000000     
 -3.9517E-02 -8.1105E-02 -8.4501E-03 -3.1151E-03 -6.8324E-03 -1.4196E-02
 -3.0286E-03 -1.9829E-04  1.0546E-02  1.0786E-02 -2.6148E-02 -5.9547E-02
 -2.6148E-02 -5.9547E-02 -1.0546E-02 -1.0786E-02 -3.0286E-03 -1.9829E-04
  6.8324E-03  1.4196E-02  8.4501E-03  3.1151E-03 -3.9517E-02 -8.1105E-02
   54.500000000000000     
 -3.8465E-02 -8.1165E-02 -8.5465E-03 -3.0915E-03 -6.6481E-03 -1.4287E-02
 -3.0768E-03 -2.2038E-04  1.0516E-02  1.0837E-02 -2.5347E-02 -5.9575E-02
 -2.5347E-02 -5.9575E-02 -1.0516E-02 -1.0837E-02 -3.0768E-03 -2.2038E-04
  6.6481E-03  1.4287E-02  8.5465E-03  3.0915E-03 -3.8465E-02 -8.1165E-02
   55.000000000000000     
 -3.7406E-02 -8.1198E-02 -8.6365E-03 -3.0723E-03 -6.4601E-03 -1.4376E-02
 -3.1248E-03 -2.4293E-04  1.0479E-02  1.0890E-02 -2.4541E-02 -5.9584E-02
 -2.4541E-02 -5.9584E-02 -1.0479E-02 -1.0890E-02 -3.1248E-03 -2.4293E-04
  6.4601E-03  1.4376E-02  8.6365E-03  3.0723E-03 -3.7406E-02 -8.1198E-02
   55.500000000000000     
 -3.6339E-02 -8.1204E-02 -8.7201E-03 -3.0576E-03 -6.2686E-03 -1.4461E-02
 -3.1727E-03 -2.6591E-04  1.0436E-02  1.0945E-02 -2.3731E-02 -5.9573E-02
 -2.3731E-02 -5.9573E-02 -1.0436E-02 -1.0945E-02 -3.1727E-03 -2.6591E-04
  6.2686E-03  1.4461E-02  8.7201E-03  3.0576E-03 -3.6339E-02 -8.1204E-02
   56.000000000000000     
 -3.5266E-02 -8.1184E-02 -8.7970E-03 -3.0475E-03 -6.0737E-03 -1.4544E-02
 -3.2203E-03 -2.8930E-04  1.0387E-02  1.1000E-02 -2.2916E-02 -5.9543E-02
 -2.2916E-02 -5.9543E-02 -1.0387E-02 -1.1000E-02 -3.2203E-03 -2.8930E-04
  6.0737E-03  1.4544E-02  8.7970E-03  3.0475E-03 -3.5266E-02 -8.1184E-02
   56.500000000000000     
 -3.4186E-02 -8.1136E-02 -8.8672E-03 -3.0418E-03 -5.8754E-03 -1.4623E-02
 -3.2678E-03 -3.1311E-04  1.0331E-02  1.1057E-02 -2.2096E-02 -5.9494E-02
 -2.2096E-02 -5.9494E-02 -1.0331E-02 -1.1057E-02 -3.2678E-03 -3.1311E-04
  5.8754E-03  1.4623E-02  8.8672E-03  3.0418E-03 -3.4186E-02 -8.1136E-02
   57.000000000000000     
 -3.3101E-02 -8.1063E-02 -8.9305E-03 -3.0407E-03 -5.6738E-03 -1.4699E-02
 -3.3150E-03 -3.3732E-04  1.0269E-02  1.1116E-02 -2.1273E-02 -5.9426E-02
 -2.1273E-02 -5.9426E-02 -1.0269E-02 -1.1116E-02 -3.3150E-03 -3.3732E-04
  5.6738E-03  1.4699E-02  8.9305E-03  3.0407E-03 -3.3101E-02 -8.1063E-02
   57.500000000000000     
 -3.2010E-02 -8.0963E-02 -8.9868E-03 -3.0441E-03 -5.4690E-03 -1.4773E-02
 -3.3619E-03 -3.6190E-04  1.0201E-02  1.1176E-02 -2.0447E-02 -5.9339E-02
 -2.0447E-02 -5.9339E-02 -1.0201E-02 -1.1176E-02 -3.3619E-03 -3.6190E-04
  5.4690E-03  1.4773E-02  8.9868E-03  3.0441E-03 -3.2010E-02 -8.0963E-02
   58.000000000000000     
 -3.0913E-02 -8.0837E-02 -9.0361E-03 -3.0520E-03 -5.2612E-03 -1.4843E-02
 -3.4085E-03 -3.8685E-04  1.0127E-02  1.1237E-02 -1.9617E-02 -5.9234E-02
 -1.9617E-02 -5.9234E-02 -1.0127E-02 -1.1237E-02 -3.4085E-03 -3.8685E-04
  5.2612E-03  1.4843E-02  9.0361E-03  3.0520E-03 -3.0913E-02 -8.0837E-02
   58.500000000000000     
 -2.9813E-02 -8.0685E-02 -9.0782E-03 -3.0644E-03 -5.0502E-03 -1.4910E-02
 -3.4547E-03 -4.1216E-04  1.0046E-02  1.1299E-02 -1.8785E-02 -5.9110E-02
 -1.8785E-02 -5.9110E-02 -1.0046E-02 -1.1299E-02 -3.4547E-03 -4.1216E-04
  5.0502E-03  1.4910E-02  9.0782E-03  3.0644E-03 -2.9813E-02 -8.0685E-02
   59.000000000000000     
 -2.8707E-02 -8.0507E-02 -9.1130E-03 -3.0812E-03 -4.8364E-03 -1.4973E-02
 -3.5007E-03 -4.3780E-04  9.9587E-03  1.1362E-02 -1.7950E-02 -5.8967E-02
 -1.7950E-02 -5.8967E-02 -9.9587E-03 -1.1362E-02 -3.5007E-03 -4.3780E-04
  4.8364E-03  1.4973E-02  9.1130E-03  3.0812E-03 -2.8707E-02 -8.0507E-02
   59.500000000000000     
 -2.7599E-02 -8.0304E-02 -9.1405E-03 -3.1024E-03 -4.6197E-03 -1.5033E-02
 -3.5462E-03 -4.6376E-04  9.8651E-03  1.1426E-02 -1.7113E-02 -5.8806E-02
 -1.7113E-02 -5.8806E-02 -9.8651E-03 -1.1426E-02 -3.5462E-03 -4.6376E-04
  4.6197E-03  1.5033E-02  9.1405E-03  3.1024E-03 -2.7599E-02 -8.0304E-02
   60.000000000000000     
 -2.6486E-02 -8.0075E-02 -9.1606E-03 -3.1280E-03 -4.4002E-03 -1.5090E-02
 -3.5914E-03 -4.9003E-04  9.7652E-03  1.1491E-02 -1.6274E-02 -5.8627E-02
 -1.6274E-02 -5.8627E-02 -9.7652E-03 -1.1491E-02 -3.5914E-03 -4.9003E-04
  4.4002E-03  1.5090E-02  9.1606E-03  3.1280E-03 -2.6486E-02 -8.0075E-02
   60.500000000000000     
 -2.5371E-02 -7.9822E-02 -9.1732E-03 -3.1578E-03 -4.1781E-03 -1.5143E-02
 -3.6362E-03 -5.1659E-04  9.6590E-03  1.1557E-02 -1.5434E-02 -5.8431E-02
 -1.5434E-02 -5.8431E-02 -9.6590E-03 -1.1557E-02 -3.6362E-03 -5.1659E-04
  4.1781E-03  1.5143E-02  9.1732E-03  3.1578E-03 -2.5371E-02 -7.9822E-02
   61.000000000000000     
 -2.4253E-02 -7.9544E-02 -9.1784E-03 -3.1919E-03 -3.9534E-03 -1.5192E-02
 -3.6805E-03 -5.4342E-04  9.5464E-03  1.1624E-02 -1.4593E-02 -5.8216E-02
 -1.4593E-02 -5.8216E-02 -9.5464E-03 -1.1624E-02 -3.6805E-03 -5.4342E-04
  3.9534E-03  1.5192E-02  9.1784E-03  3.1919E-03 -2.4253E-02 -7.9544E-02
   61.500000000000000     
 -2.3133E-02 -7.9242E-02 -9.1760E-03 -3.2302E-03 -3.7262E-03 -1.5238E-02
 -3.7243E-03 -5.7050E-04  9.4275E-03  1.1692E-02 -1.3751E-02 -5.7984E-02
 -1.3751E-02 -5.7984E-02 -9.4275E-03 -1.1692E-02 -3.7243E-03 -5.7050E-04
  3.7262E-03  1.5238E-02  9.1760E-03  3.2302E-03 -2.3133E-02 -7.9242E-02
   62.000000000000000     
 -2.2011E-02 -7.8915E-02 -9.1660E-03 -3.2727E-03 -3.4965E-03 -1.5281E-02
 -3.7677E-03 -5.9782E-04  9.3024E-03  1.1760E-02 -1.2908E-02 -5.7735E-02
 -1.2908E-02 -5.7735E-02 -9.3024E-03 -1.1760E-02 -3.7677E-03 -5.9782E-04
  3.4965E-03  1.5281E-02  9.1660E-03  3.2727E-03 -2.2011E-02 -7.8915E-02
   62.500000000000000     
 -2.0888E-02 -7.8564E-02 -9.1484E-03 -3.3191E-03 -3.2646E-03 -1.5319E-02
 -3.8105E-03 -6.2535E-04  9.1711E-03  1.1828E-02 -1.2066E-02 -5.7468E-02
 -1.2066E-02 -5.7468E-02 -9.1711E-03 -1.1828E-02 -3.8105E-03 -6.2535E-04
  3.2646E-03  1.5319E-02  9.1484E-03  3.3191E-03 -2.0888E-02 -7.8564E-02
   63.000000000000000     
 -1.9765E-02 -7.8190E-02 -9.1233E-03 -3.3695E-03 -3.0304E-03 -1.5354E-02
 -3.8528E-03 -6.5309E-04  9.0336E-03  1.1897E-02 -1.1223E-02 -5.7185E-02
 -1.1223E-02 -5.7185E-02 -9.0336E-03 -1.1897E-02 -3.8528E-03 -6.5309E-04
  3.0304E-03  1.5354E-02  9.1233E-03  3.3695E-03 -1.9765E-02 -7.8190E-02
   63.500000000000000     
 -1.8640E-02 -7.7793E-02 -9.0905E-03 -3.4238E-03 -2.7941E-03 -1.5385E-02
 -3.8946E-03 -6.8101E-04  8.8900E-03  1.1967E-02 -1.0382E-02 -5.6885E-02
 -1.0382E-02 -5.6885E-02 -8.8900E-03 -1.1967E-02 -3.8946E-03 -6.8101E-04
  2.7941E-03  1.5385E-02  9.0905E-03  3.4238E-03 -1.8640E-02 -7.7793E-02
   64.000000000000000     
 -1.7516E-02 -7.7372E-02 -9.0501E-03 -3.4819E-03 -2.5558E-03 -1.5412E-02
 -3.9357E-03 -7.0909E-04  8.7403E-03  1.2036E-02 -9.5406E-03 -5.6568E-02
 -9.5406E-03 -5.6568E-02 -8.7403E-03 -1.2036E-02 -3.9357E-03 -7.0909E-04
  2.5558E-03  1.5412E-02  9.0501E-03  3.4819E-03 -1.7516E-02 -7.7372E-02
   64.500000000000000     
 -1.6391E-02 -7.6929E-02 -9.0022E-03 -3.5436E-03 -2.3155E-03 -1.5436E-02
 -3.9763E-03 -7.3731E-04  8.5847E-03  1.2106E-02 -8.7007E-03 -5.6235E-02
 -8.7007E-03 -5.6235E-02 -8.5847E-03 -1.2106E-02 -3.9763E-03 -7.3731E-04
  2.3155E-03  1.5436E-02  9.0022E-03  3.5436E-03 -1.6391E-02 -7.6929E-02
   65.000000000000000     
 -1.5268E-02 -7.6464E-02 -8.9466E-03 -3.6090E-03 -2.0734E-03 -1.5455E-02
 -4.0163E-03 -7.6565E-04  8.4231E-03  1.2176E-02 -7.8623E-03 -5.5886E-02
 -7.8623E-03 -5.5886E-02 -8.4231E-03 -1.2176E-02 -4.0163E-03 -7.6565E-04
  2.0734E-03  1.5455E-02  8.9466E-03  3.6090E-03 -1.5268E-02 -7.6464E-02
   65.500000000000000     
 -1.4145E-02 -7.5976E-02 -8.8836E-03 -3.6778E-03 -1.8295E-03 -1.5471E-02
 -4.0556E-03 -7.9410E-04  8.2556E-03  1.2246E-02 -7.0257E-03 -5.5522E-02
 -7.0257E-03 -5.5522E-02 -8.2556E-03 -1.2246E-02 -4.0556E-03 -7.9410E-04
  1.8295E-03  1.5471E-02  8.8836E-03  3.6778E-03 -1.4145E-02 -7.5976E-02
   66.000000000000000     
 -1.3024E-02 -7.5467E-02 -8.8130E-03 -3.7500E-03 -1.5839E-03 -1.5482E-02
 -4.0942E-03 -8.2262E-04  8.0823E-03  1.2315E-02 -6.1911E-03 -5.5141E-02
 -6.1911E-03 -5.5141E-02 -8.0823E-03 -1.2315E-02 -4.0942E-03 -8.2262E-04
  1.5839E-03  1.5482E-02  8.8130E-03  3.7500E-03 -1.3024E-02 -7.5467E-02
   66.500000000000000     
 -1.1905E-02 -7.4936E-02 -8.7350E-03 -3.8255E-03 -1.3368E-03 -1.5489E-02
 -4.1322E-03 -8.5121E-04  7.9034E-03  1.2385E-02 -5.3589E-03 -5.4746E-02
 -5.3589E-03 -5.4746E-02 -7.9034E-03 -1.2385E-02 -4.1322E-03 -8.5121E-04
  1.3368E-03  1.5489E-02  8.7350E-03  3.8255E-03 -1.1905E-02 -7.4936E-02
   67.000000000000000     
 -1.0788E-02 -7.4385E-02 -8.6495E-03 -3.9041E-03 -1.0881E-03 -1.5492E-02
 -4.1695E-03 -8.7984E-04  7.7189E-03  1.2454E-02 -4.5294E-03 -5.4335E-02
 -4.5294E-03 -5.4335E-02 -7.7189E-03 -1.2454E-02 -4.1695E-03 -8.7984E-04
  1.0881E-03  1.5492E-02  8.6495E-03  3.9041E-03 -1.0788E-02 -7.4385E-02
   67.500000000000000     
 -9.6739E-03 -7.3812E-02 -8.5568E-03 -3.9858E-03 -8.3813E-04 -1.5492E-02
 -4.2060E-03 -9.0849E-04  7.5288E-03  1.2522E-02 -3.7029E-03 -5.3910E-02
 -3.7029E-03 -5.3910E-02 -7.5288E-03 -1.2522E-02 -4.2060E-03 -9.0849E-04
  8.3813E-04  1.5492E-02  8.5568E-03  3.9858E-03 -9.6739E-03 -7.3812E-02
   68.000000000000000     
 -8.5625E-03 -7.3220E-02 -8.4568E-03 -4.0704E-03 -5.8683E-04 -1.5486E-02
 -4.2418E-03 -9.3714E-04  7.3333E-03  1.2590E-02 -2.8796E-03 -5.3470E-02
 -2.8796E-03 -5.3470E-02 -7.3333E-03 -1.2590E-02 -4.2418E-03 -9.3714E-04
  5.8683E-04  1.5486E-02  8.4568E-03  4.0704E-03 -8.5625E-03 -7.3220E-02
   68.500000000000000     
 -7.4544E-03 -7.2607E-02 -8.3496E-03 -4.1578E-03 -3.3432E-04 -1.5477E-02
 -4.2768E-03 -9.6577E-04  7.1326E-03  1.2658E-02 -2.0599E-03 -5.3015E-02
 -2.0599E-03 -5.3015E-02 -7.1326E-03 -1.2658E-02 -4.2768E-03 -9.6577E-04
  3.3432E-04  1.5477E-02  8.3496E-03  4.1578E-03 -7.4544E-03 -7.2607E-02
   69.000000000000000     
 -6.3500E-03 -7.1975E-02 -8.2353E-03 -4.2479E-03 -8.0710E-05 -1.5464E-02
 -4.3111E-03 -9.9435E-04  6.9266E-03  1.2724E-02 -1.2440E-03 -5.2547E-02
 -1.2440E-03 -5.2547E-02 -6.9266E-03 -1.2724E-02 -4.3111E-03 -9.9435E-04
  8.0710E-05  1.5464E-02  8.2353E-03  4.2479E-03 -6.3500E-03 -7.1975E-02
   69.500000000000000     
 -5.2496E-03 -7.1323E-02 -8.1141E-03 -4.3405E-03  1.7392E-04 -1.5446E-02
 -4.3445E-03 -1.0229E-03  6.7156E-03  1.2789E-02 -4.3223E-04 -5.2064E-02
 -4.3223E-04 -5.2064E-02 -6.7156E-03 -1.2789E-02 -4.3445E-03 -1.0229E-03
 -1.7392E-04  1.5446E-02  8.1141E-03  4.3405E-03 -5.2496E-03 -7.1323E-02
   70.000000000000000     
 -4.1536E-03 -7.0652E-02 -7.9859E-03 -4.4356E-03  4.2947E-04 -1.5424E-02
 -4.3772E-03 -1.0513E-03  6.4997E-03  1.2854E-02  3.7518E-04 -5.1569E-02
  3.7518E-04 -5.1569E-02 -6.4997E-03 -1.2854E-02 -4.3772E-03 -1.0513E-03
 -4.2947E-04  1.5424E-02  7.9859E-03  4.4356E-03 -4.1536E-03 -7.0652E-02
   70.500000000000000     
 -3.0623E-03 -6.9963E-02 -7.8510E-03 -4.5330E-03  6.8585E-04 -1.5397E-02
 -4.4090E-03 -1.0796E-03  6.2789E-03  1.2917E-02  1.1779E-03 -5.1059E-02
  1.1779E-03 -5.1059E-02 -6.2789E-03 -1.2917E-02 -4.4090E-03 -1.0796E-03
 -6.8585E-04  1.5397E-02  7.8510E-03  4.5330E-03 -3.0623E-03 -6.9963E-02
   71.000000000000000     
 -1.9761E-03 -6.9255E-02 -7.7094E-03 -4.6325E-03  9.4297E-04 -1.5367E-02
 -4.4399E-03 -1.1078E-03  6.0534E-03  1.2979E-02  1.9758E-03 -5.0537E-02
  1.9758E-03 -5.0537E-02 -6.0534E-03 -1.2979E-02 -4.4399E-03 -1.1078E-03
 -9.4297E-04  1.5367E-02  7.7094E-03  4.6325E-03 -1.9761E-03 -6.9255E-02
   71.500000000000000     
 -8.9526E-04 -6.8530E-02 -7.5613E-03 -4.7341E-03  1.2007E-03 -1.5332E-02
 -4.4700E-03 -1.1359E-03  5.8234E-03  1.3040E-02  2.7684E-03 -5.0002E-02
  2.7684E-03 -5.0002E-02 -5.8234E-03 -1.3040E-02 -4.4700E-03 -1.1359E-03
 -1.2007E-03  1.5332E-02  7.5613E-03  4.7341E-03 -8.9526E-04 -6.8530E-02
   72.000000000000000     
  1.7984E-04 -6.7787E-02 -7.4068E-03 -4.8376E-03  1.4590E-03 -1.5292E-02
 -4.4992E-03 -1.1638E-03  5.5889E-03  1.3100E-02  3.5556E-03 -4.9455E-02
  3.5556E-03 -4.9455E-02 -5.5889E-03 -1.3100E-02 -4.4992E-03 -1.1638E-03
 -1.4590E-03  1.5292E-02  7.4068E-03  4.8376E-03  1.7984E-04 -6.7787E-02
   72.500000000000000     
  1.2489E-03 -6.7027E-02 -7.2460E-03 -4.9428E-03  1.7178E-03 -1.5248E-02
 -4.5275E-03 -1.1914E-03  5.3502E-03  1.3157E-02  4.3372E-03 -4.8895E-02
  4.3372E-03 -4.8895E-02 -5.3502E-03 -1.3157E-02 -4.5275E-03 -1.1914E-03
 -1.7178E-03  1.5248E-02  7.2460E-03  4.9428E-03  1.2489E-03 -6.7027E-02
   73.000000000000000     
  2.3116E-03 -6.6250E-02 -7.0791E-03 -5.0498E-03  1.9770E-03 -1.5200E-02
 -4.5549E-03 -1.2189E-03  5.1073E-03  1.3214E-02  5.1127E-03 -4.8323E-02
  5.1127E-03 -4.8323E-02 -5.1073E-03 -1.3214E-02 -4.5549E-03 -1.2189E-03
 -1.9770E-03  1.5200E-02  7.0791E-03  5.0498E-03  2.3116E-03 -6.6250E-02
   73.500000000000000     
  3.3676E-03 -6.5456E-02 -6.9062E-03 -5.1582E-03  2.2364E-03 -1.5147E-02
 -4.5814E-03 -1.2461E-03  4.8604E-03  1.3268E-02  5.8821E-03 -4.7739E-02
  5.8821E-03 -4.7739E-02 -4.8604E-03 -1.3268E-02 -4.5814E-03 -1.2461E-03
 -2.2364E-03  1.5147E-02  6.9062E-03  5.1582E-03  3.3676E-03 -6.5456E-02
   74.000000000000000     
  4.4165E-03 -6.4647E-02 -6.7275E-03 -5.2681E-03  2.4960E-03 -1.5090E-02
 -4.6069E-03 -1.2731E-03  4.6097E-03  1.3321E-02  6.6451E-03 -4.7144E-02
  6.6451E-03 -4.7144E-02 -4.6097E-03 -1.3321E-02 -4.6069E-03 -1.2731E-03
 -2.4960E-03  1.5090E-02  6.7275E-03  5.2681E-03  4.4165E-03 -6.4647E-02
   74.500000000000000     
  5.4582E-03 -6.3821E-02 -6.5432E-03 -5.3792E-03  2.7557E-03 -1.5028E-02
 -4.6315E-03 -1.2998E-03  4.3554E-03  1.3371E-02  7.4013E-03 -4.6538E-02
  7.4013E-03 -4.6538E-02 -4.3554E-03 -1.3371E-02 -4.6315E-03 -1.2998E-03
 -2.7557E-03  1.5028E-02  6.5432E-03  5.3792E-03  5.4582E-03 -6.3821E-02
   75.000000000000000     
  6.4923E-03 -6.2981E-02 -6.3533E-03 -5.4915E-03  3.0154E-03 -1.4962E-02
 -4.6551E-03 -1.3262E-03  4.0975E-03  1.3420E-02  8.1507E-03 -4.5920E-02
  8.1507E-03 -4.5920E-02 -4.0975E-03 -1.3420E-02 -4.6551E-03 -1.3262E-03
 -3.0154E-03  1.4962E-02  6.3533E-03  5.4915E-03  6.4923E-03 -6.2981E-02
   75.500000000000000     
  7.5185E-03 -6.2125E-02 -6.1582E-03 -5.6048E-03  3.2751E-03 -1.4891E-02
 -4.6778E-03 -1.3523E-03  3.8363E-03  1.3466E-02  8.8929E-03 -4.5292E-02
  8.8929E-03 -4.5292E-02 -3.8363E-03 -1.3466E-02 -4.6778E-03 -1.3523E-03
 -3.2751E-03  1.4891E-02  6.1582E-03  5.6048E-03  7.5185E-03 -6.2125E-02
   76.000000000000000     
  8.5364E-03 -6.1255E-02 -5.9579E-03 -5.7190E-03  3.5345E-03 -1.4816E-02
 -4.6994E-03 -1.3781E-03  3.5719E-03  1.3510E-02  9.6278E-03 -4.4654E-02
  9.6278E-03 -4.4654E-02 -3.5719E-03 -1.3510E-02 -4.6994E-03 -1.3781E-03
 -3.5345E-03  1.4816E-02  5.9579E-03  5.7190E-03  8.5364E-03 -6.1255E-02
   76.500000000000000     
  9.5459E-03 -6.0370E-02 -5.7527E-03 -5.8339E-03  3.7938E-03 -1.4737E-02
 -4.7201E-03 -1.4035E-03  3.3044E-03  1.3552E-02  1.0355E-02 -4.4005E-02
  1.0355E-02 -4.4005E-02 -3.3044E-03 -1.3552E-02 -4.7201E-03 -1.4035E-03
 -3.7938E-03  1.4737E-02  5.7527E-03  5.8339E-03  9.5459E-03 -6.0370E-02
   77.000000000000000     
  1.0547E-02 -5.9471E-02 -5.5428E-03 -5.9495E-03  4.0527E-03 -1.4653E-02
 -4.7398E-03 -1.4285E-03  3.0341E-03  1.3592E-02  1.1074E-02 -4.3346E-02
  1.1074E-02 -4.3346E-02 -3.0341E-03 -1.3592E-02 -4.7398E-03 -1.4285E-03
 -4.0527E-03  1.4653E-02  5.5428E-03  5.9495E-03  1.0547E-02 -5.9471E-02
   77.500000000000000     
  1.1538E-02 -5.8559E-02 -5.3282E-03 -6.0657E-03  4.3111E-03 -1.4564E-02
 -4.7584E-03 -1.4531E-03  2.7612E-03  1.3629E-02  1.1786E-02 -4.2677E-02
  1.1786E-02 -4.2677E-02 -2.7612E-03 -1.3629E-02 -4.7584E-03 -1.4531E-03
 -4.3111E-03  1.4564E-02  5.3282E-03  6.0657E-03  1.1538E-02 -5.8559E-02
   78.000000000000000     
  1.2520E-02 -5.7633E-02 -5.1093E-03 -6.1822E-03  4.5691E-03 -1.4471E-02
 -4.7760E-03 -1.4773E-03  2.4857E-03  1.3663E-02  1.2489E-02 -4.2000E-02
  1.2489E-02 -4.2000E-02 -2.4857E-03 -1.3663E-02 -4.7760E-03 -1.4773E-03
 -4.5691E-03  1.4471E-02  5.1093E-03  6.1822E-03  1.2520E-02 -5.7633E-02
   78.500000000000000     
  1.3493E-02 -5.6695E-02 -4.8862E-03 -6.2991E-03  4.8264E-03 -1.4373E-02
 -4.7926E-03 -1.5010E-03  2.2079E-03  1.3695E-02  1.3184E-02 -4.1312E-02
  1.3184E-02 -4.1312E-02 -2.2079E-03 -1.3695E-02 -4.7926E-03 -1.5010E-03
 -4.8264E-03  1.4373E-02  4.8862E-03  6.2991E-03  1.3493E-02 -5.6695E-02
   79.000000000000000     
  1.4456E-02 -5.5744E-02 -4.6591E-03 -6.4162E-03  5.0831E-03 -1.4271E-02
 -4.8082E-03 -1.5243E-03  1.9280E-03  1.3724E-02  1.3870E-02 -4.0616E-02
  1.3870E-02 -4.0616E-02 -1.9280E-03 -1.3724E-02 -4.8082E-03 -1.5243E-03
 -5.0831E-03  1.4271E-02  4.6591E-03  6.4162E-03  1.4456E-02 -5.5744E-02
   79.500000000000000     
  1.5408E-02 -5.4781E-02 -4.4282E-03 -6.5333E-03  5.3390E-03 -1.4164E-02
 -4.8227E-03 -1.5472E-03  1.6461E-03  1.3750E-02  1.4547E-02 -3.9912E-02
  1.4547E-02 -3.9912E-02 -1.6461E-03 -1.3750E-02 -4.8227E-03 -1.5472E-03
 -5.3390E-03  1.4164E-02  4.4282E-03  6.5333E-03  1.5408E-02 -5.4781E-02
   80.000000000000000     
  1.6351E-02 -5.3805E-02 -4.1938E-03 -6.6504E-03  5.5941E-03 -1.4053E-02
 -4.8361E-03 -1.5695E-03  1.3623E-03  1.3774E-02  1.5215E-02 -3.9198E-02
  1.5215E-02 -3.9198E-02 -1.3623E-03 -1.3774E-02 -4.8361E-03 -1.5695E-03
 -5.5941E-03  1.4053E-02  4.1938E-03  6.6504E-03  1.6351E-02 -5.3805E-02
   80.500000000000000     
  1.7282E-02 -5.2819E-02 -3.9560E-03 -6.7674E-03  5.8482E-03 -1.3938E-02
 -4.8485E-03 -1.5913E-03  1.0770E-03  1.3794E-02  1.5874E-02 -3.8477E-02
  1.5874E-02 -3.8477E-02 -1.0770E-03 -1.3794E-02 -4.8485E-03 -1.5913E-03
 -5.8482E-03  1.3938E-02  3.9560E-03  6.7674E-03  1.7282E-02 -5.2819E-02
   81.000000000000000     
  1.8202E-02 -5.1821E-02 -3.7150E-03 -6.8842E-03  6.1013E-03 -1.3818E-02
 -4.8598E-03 -1.6126E-03  7.9026E-04  1.3812E-02  1.6523E-02 -3.7748E-02
  1.6523E-02 -3.7748E-02 -7.9026E-04 -1.3812E-02 -4.8598E-03 -1.6126E-03
 -6.1013E-03  1.3818E-02  3.7150E-03  6.8842E-03  1.8202E-02 -5.1821E-02
   81.500000000000000     
  1.9112E-02 -5.0812E-02 -3.4711E-03 -7.0006E-03  6.3534E-03 -1.3693E-02
 -4.8701E-03 -1.6334E-03  5.0225E-04  1.3826E-02  1.7163E-02 -3.7010E-02
  1.7163E-02 -3.7010E-02 -5.0225E-04 -1.3826E-02 -4.8701E-03 -1.6334E-03
 -6.3534E-03  1.3693E-02  3.4711E-03  7.0006E-03  1.9112E-02 -5.0812E-02
   82.000000000000000     
  2.0010E-02 -4.9792E-02 -3.2245E-03 -7.1167E-03  6.6043E-03 -1.3564E-02
 -4.8793E-03 -1.6536E-03  2.1316E-04  1.3837E-02  1.7793E-02 -3.6266E-02
  1.7793E-02 -3.6266E-02 -2.1316E-04 -1.3837E-02 -4.8793E-03 -1.6536E-03
 -6.6043E-03  1.3564E-02  3.2245E-03  7.1167E-03  2.0010E-02 -4.9792E-02
   82.500000000000000     
  2.0896E-02 -4.8763E-02 -2.9753E-03 -7.2322E-03  6.8539E-03 -1.3431E-02
 -4.8874E-03 -1.6732E-03 -7.6806E-05  1.3846E-02  1.8413E-02 -3.5514E-02
  1.8413E-02 -3.5514E-02  7.6806E-05 -1.3846E-02 -4.8874E-03 -1.6732E-03
 -6.8539E-03  1.3431E-02  2.9753E-03  7.2322E-03  2.0896E-02 -4.8763E-02
   83.000000000000000     
  2.1770E-02 -4.7723E-02 -2.7239E-03 -7.3471E-03  7.1023E-03 -1.3293E-02
 -4.8944E-03 -1.6923E-03 -3.6748E-04  1.3851E-02  1.9023E-02 -3.4755E-02
  1.9023E-02 -3.4755E-02  3.6748E-04 -1.3851E-02 -4.8944E-03 -1.6923E-03
 -7.1023E-03  1.3293E-02  2.7239E-03  7.3471E-03  2.1770E-02 -4.7723E-02
   83.500000000000000     
  2.2632E-02 -4.6674E-02 -2.4704E-03 -7.4613E-03  7.3492E-03 -1.3151E-02
 -4.9004E-03 -1.7107E-03 -6.5869E-04  1.3852E-02  1.9622E-02 -3.3990E-02
  1.9622E-02 -3.3990E-02  6.5869E-04 -1.3852E-02 -4.9004E-03 -1.7107E-03
 -7.3492E-03  1.3151E-02  2.4704E-03  7.4613E-03  2.2632E-02 -4.6674E-02
   84.000000000000000     
  2.3481E-02 -4.5616E-02 -2.2150E-03 -7.5748E-03  7.5947E-03 -1.3005E-02
 -4.9053E-03 -1.7285E-03 -9.5024E-04  1.3851E-02  2.0211E-02 -3.3218E-02
  2.0211E-02 -3.3218E-02  9.5024E-04 -1.3851E-02 -4.9053E-03 -1.7285E-03
 -7.5947E-03  1.3005E-02  2.2150E-03  7.5748E-03  2.3481E-02 -4.5616E-02
   84.500000000000000     
  2.4318E-02 -4.4549E-02 -1.9580E-03 -7.6875E-03  7.8386E-03 -1.2854E-02
 -4.9091E-03 -1.7457E-03 -1.2420E-03  1.3846E-02  2.0789E-02 -3.2439E-02
  2.0789E-02 -3.2439E-02  1.2420E-03 -1.3846E-02 -4.9091E-03 -1.7457E-03
 -7.8386E-03  1.2854E-02  1.9580E-03  7.6875E-03  2.4318E-02 -4.4549E-02
   85.000000000000000     
  2.5142E-02 -4.3473E-02 -1.6995E-03 -7.7992E-03  8.0809E-03 -1.2699E-02
 -4.9118E-03 -1.7622E-03 -1.5337E-03  1.3838E-02  2.1357E-02 -3.1655E-02
  2.1357E-02 -3.1655E-02  1.5337E-03 -1.3838E-02 -4.9118E-03 -1.7622E-03
 -8.0809E-03  1.2699E-02  1.6995E-03  7.7992E-03  2.5142E-02 -4.3473E-02
   85.500000000000000     
  2.5952E-02 -4.2389E-02 -1.4399E-03 -7.9100E-03  8.3216E-03 -1.2540E-02
 -4.9135E-03 -1.7781E-03 -1.8252E-03  1.3827E-02  2.1913E-02 -3.0865E-02
  2.1913E-02 -3.0865E-02  1.8252E-03 -1.3827E-02 -4.9135E-03 -1.7781E-03
 -8.3216E-03  1.2540E-02  1.4399E-03  7.9100E-03  2.5952E-02 -4.2389E-02
   86.000000000000000     
  2.6750E-02 -4.1298E-02 -1.1792E-03 -8.0197E-03  8.5604E-03 -1.2377E-02
 -4.9141E-03 -1.7933E-03 -2.1163E-03  1.3812E-02  2.2458E-02 -3.0069E-02
  2.2458E-02 -3.0069E-02  2.1163E-03 -1.3812E-02 -4.9141E-03 -1.7933E-03
 -8.5604E-03  1.2377E-02  1.1792E-03  8.0197E-03  2.6750E-02 -4.1298E-02
   86.500000000000000     
  2.7533E-02 -4.0198E-02 -9.1777E-04 -8.1283E-03  8.7975E-03 -1.2209E-02
 -4.9136E-03 -1.8078E-03 -2.4069E-03  1.3794E-02  2.2991E-02 -2.9268E-02
  2.2991E-02 -2.9268E-02  2.4069E-03 -1.3794E-02 -4.9136E-03 -1.8078E-03
 -8.7975E-03  1.2209E-02  9.1777E-04  8.1283E-03  2.7533E-02 -4.0198E-02
   87.000000000000000     
  2.8303E-02 -3.9091E-02 -6.5575E-04 -8.2358E-03  9.0327E-03 -1.2037E-02
 -4.9120E-03 -1.8217E-03 -2.6968E-03  1.3772E-02  2.3513E-02 -2.8462E-02
  2.3513E-02 -2.8462E-02  2.6968E-03 -1.3772E-02 -4.9120E-03 -1.8217E-03
 -9.0327E-03  1.2037E-02  6.5575E-04  8.2358E-03  2.8303E-02 -3.9091E-02
   87.500000000000000     
  2.9059E-02 -3.7977E-02 -3.9338E-04 -8.3420E-03  9.2659E-03 -1.1861E-02
 -4.9094E-03 -1.8348E-03 -2.9858E-03  1.3747E-02  2.4024E-02 -2.7651E-02
  2.4024E-02 -2.7651E-02  2.9858E-03 -1.3747E-02 -4.9094E-03 -1.8348E-03
 -9.2659E-03  1.1861E-02  3.9338E-04  8.3420E-03  2.9059E-02 -3.7977E-02
   88.000000000000000     
  2.9800E-02 -3.6857E-02 -1.3086E-04 -8.4469E-03  9.4971E-03 -1.1681E-02
 -4.9057E-03 -1.8472E-03 -3.2737E-03  1.3718E-02  2.4522E-02 -2.6835E-02
  2.4522E-02 -2.6835E-02  3.2737E-03 -1.3718E-02 -4.9057E-03 -1.8472E-03
 -9.4971E-03  1.1681E-02  1.3086E-04  8.4469E-03  2.9800E-02 -3.6857E-02
   88.500000000000000     
  3.0527E-02 -3.5730E-02  1.3159E-04 -8.5505E-03  9.7262E-03 -1.1497E-02
 -4.9009E-03 -1.8589E-03 -3.5604E-03  1.3686E-02  2.5008E-02 -2.6015E-02
  2.5008E-02 -2.6015E-02  3.5604E-03 -1.3686E-02 -4.9009E-03 -1.8589E-03
 -9.7262E-03  1.1497E-02 -1.3159E-04  8.5505E-03  3.0527E-02 -3.5730E-02
   89.000000000000000     
  3.1238E-02 -3.4597E-02  3.9378E-04 -8.6528E-03  9.9532E-03 -1.1309E-02
 -4.8951E-03 -1.8699E-03 -3.8457E-03  1.3651E-02  2.5483E-02 -2.5190E-02
  2.5483E-02 -2.5190E-02  3.8457E-03 -1.3651E-02 -4.8951E-03 -1.8699E-03
 -9.9532E-03  1.1309E-02 -3.9378E-04  8.6528E-03  3.1238E-02 -3.4597E-02
   89.500000000000000     
  3.1935E-02 -3.3459E-02  6.5550E-04 -8.7536E-03  1.0178E-02 -1.1117E-02
 -4.8883E-03 -1.8801E-03 -4.1294E-03  1.3612E-02  2.5945E-02 -2.4362E-02
  2.5945E-02 -2.4362E-02  4.1294E-03 -1.3612E-02 -4.8883E-03 -1.8801E-03
 -1.0178E-02  1.1117E-02 -6.5550E-04  8.7536E-03  3.1935E-02 -3.3459E-02
   90.000000000000000     
  3.2617E-02 -3.2315E-02  9.1654E-04 -8.8530E-03  1.0400E-02 -1.0921E-02
 -4.8804E-03 -1.8896E-03 -4.4115E-03  1.3570E-02  2.6394E-02 -2.3530E-02
  2.6394E-02 -2.3530E-02  4.4115E-03 -1.3570E-02 -4.8804E-03 -1.8896E-03
 -1.0400E-02  1.0921E-02 -9.1654E-04  8.8530E-03  3.2617E-02 -3.2315E-02
   90.500000000000000     
  3.3283E-02 -3.1165E-02  1.1767E-03 -8.9509E-03  1.0621E-02 -1.0722E-02
 -4.8714E-03 -1.8983E-03 -4.6916E-03  1.3524E-02  2.6831E-02 -2.2694E-02
  2.6831E-02 -2.2694E-02  4.6916E-03 -1.3524E-02 -4.8714E-03 -1.8983E-03
 -1.0621E-02  1.0722E-02 -1.1767E-03  8.9509E-03  3.3283E-02 -3.1165E-02
   91.000000000000000     
  3.3934E-02 -3.0011E-02  1.4358E-03 -9.0473E-03  1.0838E-02 -1.0518E-02
 -4.8615E-03 -1.9063E-03 -4.9697E-03  1.3475E-02  2.7255E-02 -2.1855E-02
  2.7255E-02 -2.1855E-02  4.9697E-03 -1.3475E-02 -4.8615E-03 -1.9063E-03
 -1.0838E-02  1.0518E-02 -1.4358E-03  9.0473E-03  3.3934E-02 -3.0011E-02
   91.500000000000000     
  3.4568E-02 -2.8853E-02  1.6937E-03 -9.1421E-03  1.1054E-02 -1.0311E-02
 -4.8505E-03 -1.9135E-03 -5.2456E-03  1.3422E-02  2.7666E-02 -2.1013E-02
  2.7666E-02 -2.1013E-02  5.2456E-03 -1.3422E-02 -4.8505E-03 -1.9135E-03
 -1.1054E-02  1.0311E-02 -1.6937E-03  9.1421E-03  3.4568E-02 -2.8853E-02
   92.000000000000000     
  3.5187E-02 -2.7690E-02  1.9501E-03 -9.2354E-03  1.1266E-02 -1.0100E-02
 -4.8385E-03 -1.9199E-03 -5.5192E-03  1.3366E-02  2.8064E-02 -2.0167E-02
  2.8064E-02 -2.0167E-02  5.5192E-03 -1.3366E-02 -4.8385E-03 -1.9199E-03
 -1.1266E-02  1.0100E-02 -1.9501E-03  9.2354E-03  3.5187E-02 -2.7690E-02
   92.500000000000000     
  3.5789E-02 -2.6523E-02  2.2048E-03 -9.3270E-03  1.1477E-02 -9.8853E-03
 -4.8255E-03 -1.9256E-03 -5.7903E-03  1.3307E-02  2.8449E-02 -1.9320E-02
  2.8449E-02 -1.9320E-02  5.7903E-03 -1.3307E-02 -4.8255E-03 -1.9256E-03
 -1.1477E-02  9.8853E-03 -2.2048E-03  9.3270E-03  3.5789E-02 -2.6523E-02
   93.000000000000000     
  3.6375E-02 -2.5353E-02  2.4578E-03 -9.4171E-03  1.1684E-02 -9.6672E-03
 -4.8115E-03 -1.9305E-03 -6.0587E-03  1.3244E-02  2.8821E-02 -1.8469E-02
  2.8821E-02 -1.8469E-02  6.0587E-03 -1.3244E-02 -4.8115E-03 -1.9305E-03
 -1.1684E-02  9.6672E-03 -2.4578E-03  9.4171E-03  3.6375E-02 -2.5353E-02
   93.500000000000000     
  3.6943E-02 -2.4179E-02  2.7087E-03 -9.5055E-03  1.1889E-02 -9.4455E-03
 -4.7966E-03 -1.9346E-03 -6.3244E-03  1.3178E-02  2.9179E-02 -1.7617E-02
  2.9179E-02 -1.7617E-02  6.3244E-03 -1.3178E-02 -4.7966E-03 -1.9346E-03
 -1.1889E-02  9.4455E-03 -2.7087E-03  9.5055E-03  3.6943E-02 -2.4179E-02
   94.000000000000000     
  3.7495E-02 -2.3003E-02  2.9575E-03 -9.5923E-03  1.2091E-02 -9.2205E-03
 -4.7806E-03 -1.9379E-03 -6.5872E-03  1.3109E-02  2.9523E-02 -1.6762E-02
  2.9523E-02 -1.6762E-02  6.5872E-03 -1.3109E-02 -4.7806E-03 -1.9379E-03
 -1.2091E-02  9.2205E-03 -2.9575E-03  9.5923E-03  3.7495E-02 -2.3003E-02
   94.500000000000000     
  3.8030E-02 -2.1823E-02  3.2039E-03 -9.6774E-03  1.2291E-02 -8.9921E-03
 -4.7637E-03 -1.9405E-03 -6.8469E-03  1.3036E-02  2.9854E-02 -1.5906E-02
  2.9854E-02 -1.5906E-02  6.8469E-03 -1.3036E-02 -4.7637E-03 -1.9405E-03
 -1.2291E-02  8.9921E-03 -3.2039E-03  9.6774E-03  3.8030E-02 -2.1823E-02
   95.000000000000000     
  3.8547E-02 -2.0641E-02  3.4479E-03 -9.7609E-03  1.2487E-02 -8.7603E-03
 -4.7459E-03 -1.9423E-03 -7.1035E-03  1.2961E-02  3.0171E-02 -1.5048E-02
  3.0171E-02 -1.5048E-02  7.1035E-03 -1.2961E-02 -4.7459E-03 -1.9423E-03
 -1.2487E-02  8.7603E-03 -3.4479E-03  9.7609E-03  3.8547E-02 -2.0641E-02
   95.500000000000000     
  3.9047E-02 -1.9457E-02  3.6891E-03 -9.8427E-03  1.2681E-02 -8.5254E-03
 -4.7271E-03 -1.9433E-03 -7.3568E-03  1.2882E-02  3.0474E-02 -1.4189E-02
  3.0474E-02 -1.4189E-02  7.3568E-03 -1.2882E-02 -4.7271E-03 -1.9433E-03
 -1.2681E-02  8.5254E-03 -3.6891E-03  9.8427E-03  3.9047E-02 -1.9457E-02
   96.000000000000000     
  3.9529E-02 -1.8272E-02  3.9276E-03 -9.9228E-03  1.2872E-02 -8.2872E-03
 -4.7073E-03 -1.9435E-03 -7.6066E-03  1.2800E-02  3.0763E-02 -1.3328E-02
  3.0763E-02 -1.3328E-02  7.6066E-03 -1.2800E-02 -4.7073E-03 -1.9435E-03
 -1.2872E-02  8.2872E-03 -3.9276E-03  9.9228E-03  3.9529E-02 -1.8272E-02
   96.500000000000000     
  3.9993E-02 -1.7084E-02  4.1630E-03 -1.0001E-02  1.3060E-02 -8.0460E-03
 -4.6867E-03 -1.9430E-03 -7.8529E-03  1.2715E-02  3.1037E-02 -1.2467E-02
  3.1037E-02 -1.2467E-02  7.8529E-03 -1.2715E-02 -4.6867E-03 -1.9430E-03
 -1.3060E-02  8.0460E-03 -4.1630E-03  1.0001E-02  3.9993E-02 -1.7084E-02
   97.000000000000000     
  4.0439E-02 -1.5895E-02  4.3954E-03 -1.0078E-02  1.3245E-02 -7.8018E-03
 -4.6652E-03 -1.9417E-03 -8.0956E-03  1.2627E-02  3.1297E-02 -1.1605E-02
  3.1297E-02 -1.1605E-02  8.0956E-03 -1.2627E-02 -4.6652E-03 -1.9417E-03
 -1.3245E-02  7.8018E-03 -4.3954E-03  1.0078E-02  4.0439E-02 -1.5895E-02
   97.500000000000000     
  4.0866E-02 -1.4706E-02  4.6245E-03 -1.0153E-02  1.3427E-02 -7.5546E-03
 -4.6427E-03 -1.9396E-03 -8.3345E-03  1.2536E-02  3.1543E-02 -1.0742E-02
  3.1543E-02 -1.0742E-02  8.3345E-03 -1.2536E-02 -4.6427E-03 -1.9396E-03
 -1.3427E-02  7.5546E-03 -4.6245E-03  1.0153E-02  4.0866E-02 -1.4706E-02
   98.000000000000000     
  4.1275E-02 -1.3516E-02  4.8502E-03 -1.0227E-02  1.3606E-02 -7.3046E-03
 -4.6195E-03 -1.9367E-03 -8.5695E-03  1.2442E-02  3.1774E-02 -9.8786E-03
  3.1774E-02 -9.8786E-03  8.5695E-03 -1.2442E-02 -4.6195E-03 -1.9367E-03
 -1.3606E-02  7.3046E-03 -4.8502E-03  1.0227E-02  4.1275E-02 -1.3516E-02
   98.500000000000000     
  4.1665E-02 -1.2325E-02  5.0723E-03 -1.0298E-02  1.3781E-02 -7.0518E-03
 -4.5953E-03 -1.9331E-03 -8.8005E-03  1.2345E-02  3.1991E-02 -9.0154E-03
  3.1991E-02 -9.0154E-03  8.8005E-03 -1.2345E-02 -4.5953E-03 -1.9331E-03
 -1.3781E-02  7.0518E-03 -5.0723E-03  1.0298E-02  4.1665E-02 -1.2325E-02
   99.000000000000000     
  4.2036E-02 -1.1134E-02  5.2908E-03 -1.0369E-02  1.3954E-02 -6.7964E-03
 -4.5703E-03 -1.9287E-03 -9.0275E-03  1.2246E-02  3.2192E-02 -8.1522E-03
  3.2192E-02 -8.1522E-03  9.0275E-03 -1.2246E-02 -4.5703E-03 -1.9287E-03
 -1.3954E-02  6.7964E-03 -5.2908E-03  1.0369E-02  4.2036E-02 -1.1134E-02
   99.500000000000000     
  4.2388E-02 -9.9434E-03  5.5055E-03 -1.0437E-02  1.4123E-02 -6.5383E-03
 -4.5445E-03 -1.9236E-03 -9.2503E-03  1.2143E-02  3.2379E-02 -7.2893E-03
  3.2379E-02 -7.2893E-03  9.2503E-03 -1.2143E-02 -4.5445E-03 -1.9236E-03
 -1.4123E-02  6.5383E-03 -5.5055E-03  1.0437E-02  4.2388E-02 -9.9434E-03
   100.00000000000000     
  4.2721E-02 -8.7533E-03  5.7163E-03 -1.0504E-02  1.4289E-02 -6.2777E-03
 -4.5178E-03 -1.9177E-03 -9.4688E-03  1.2039E-02  3.2551E-02 -6.4269E-03
  3.2551E-02 -6.4269E-03  9.4688E-03 -1.2039E-02 -4.5178E-03 -1.9177E-03
 -1.4289E-02  6.2777E-03 -5.7163E-03  1.0504E-02  4.2721E-02 -8.7533E-03
   100.50000000000000     
  4.3034E-02 -7.5640E-03  5.9231E-03 -1.0569E-02  1.4452E-02 -6.0146E-03
 -4.4904E-03 -1.9111E-03 -9.6830E-03  1.1931E-02  3.2707E-02 -5.5652E-03
  3.2707E-02 -5.5652E-03  9.6830E-03 -1.1931E-02 -4.4904E-03 -1.9111E-03
 -1.4452E-02  6.0146E-03 -5.9231E-03  1.0569E-02  4.3034E-02 -7.5640E-03
   101.00000000000000     
  4.3327E-02 -6.3757E-03  6.1257E-03 -1.0633E-02  1.4612E-02 -5.7493E-03
 -4.4622E-03 -1.9038E-03 -9.8927E-03  1.1821E-02  3.2849E-02 -4.7044E-03
  3.2849E-02 -4.7044E-03  9.8927E-03 -1.1821E-02 -4.4622E-03 -1.9038E-03
 -1.4612E-02  5.7493E-03 -6.1257E-03  1.0633E-02  4.3327E-02 -6.3757E-03
   101.50000000000000     
  4.3600E-02 -5.1888E-03  6.3242E-03 -1.0695E-02  1.4768E-02 -5.4817E-03
 -4.4332E-03 -1.8957E-03 -1.0098E-02  1.1708E-02  3.2975E-02 -3.8448E-03
  3.2975E-02 -3.8448E-03  1.0098E-02 -1.1708E-02 -4.4332E-03 -1.8957E-03
 -1.4768E-02  5.4817E-03 -6.3242E-03  1.0695E-02  4.3600E-02 -5.1888E-03
   102.00000000000000     
  4.3854E-02 -4.0035E-03  6.5183E-03 -1.0755E-02  1.4921E-02 -5.2119E-03
 -4.4034E-03 -1.8869E-03 -1.0299E-02  1.1593E-02  3.3085E-02 -2.9864E-03
  3.3085E-02 -2.9864E-03  1.0299E-02 -1.1593E-02 -4.4034E-03 -1.8869E-03
 -1.4921E-02  5.2119E-03 -6.5183E-03  1.0755E-02  4.3854E-02 -4.0035E-03
   102.50000000000000     
  4.4087E-02 -2.8202E-03  6.7080E-03 -1.0814E-02  1.5070E-02 -4.9400E-03
 -4.3730E-03 -1.8775E-03 -1.0495E-02  1.1476E-02  3.3180E-02 -2.1296E-03
  3.3180E-02 -2.1296E-03  1.0495E-02 -1.1476E-02 -4.3730E-03 -1.8775E-03
 -1.5070E-02  4.9400E-03 -6.7080E-03  1.0814E-02  4.4087E-02 -2.8202E-03
   103.00000000000000     
  4.4300E-02 -1.6390E-03  6.8932E-03 -1.0871E-02  1.5216E-02 -4.6663E-03
 -4.3418E-03 -1.8673E-03 -1.0686E-02  1.1356E-02  3.3260E-02 -1.2745E-03
  3.3260E-02 -1.2745E-03  1.0686E-02 -1.1356E-02 -4.3418E-03 -1.8673E-03
 -1.5216E-02  4.6663E-03 -6.8932E-03  1.0871E-02  4.4300E-02 -1.6390E-03
   103.50000000000000     
  4.4492E-02 -4.6043E-04  7.0738E-03 -1.0927E-02  1.5359E-02 -4.3906E-03
 -4.3099E-03 -1.8564E-03 -1.0872E-02  1.1235E-02  3.3323E-02 -4.2138E-04
  3.3323E-02 -4.2138E-04  1.0872E-02 -1.1235E-02 -4.3099E-03 -1.8564E-03
 -1.5359E-02  4.3906E-03 -7.0738E-03  1.0927E-02  4.4492E-02 -4.6043E-04
   104.00000000000000     
  4.4663E-02  7.1539E-04  7.2498E-03 -1.0982E-02  1.5498E-02 -4.1132E-03
 -4.2773E-03 -1.8449E-03 -1.1054E-02  1.1111E-02  3.3371E-02  4.2963E-04
  3.3371E-02  4.2963E-04  1.1054E-02 -1.1111E-02 -4.2773E-03 -1.8449E-03
 -1.5498E-02  4.1132E-03 -7.2498E-03  1.0982E-02  4.4663E-02  7.1539E-04
   104.50000000000000     
  4.4814E-02  1.8881E-03  7.4211E-03 -1.1034E-02  1.5633E-02 -3.8341E-03
 -4.2441E-03 -1.8327E-03 -1.1231E-02  1.0985E-02  3.3403E-02  1.2783E-03
  3.3403E-02  1.2783E-03  1.1231E-02 -1.0985E-02 -4.2441E-03 -1.8327E-03
 -1.5633E-02  3.8341E-03 -7.4211E-03  1.1034E-02  4.4814E-02  1.8881E-03
   105.00000000000000     
  4.4943E-02  3.0575E-03  7.5876E-03 -1.1086E-02  1.5765E-02 -3.5535E-03
 -4.2102E-03 -1.8199E-03 -1.1403E-02  1.0857E-02  3.3419E-02  2.1244E-03
  3.3419E-02  2.1244E-03  1.1403E-02 -1.0857E-02 -4.2102E-03 -1.8199E-03
 -1.5765E-02  3.5535E-03 -7.5876E-03  1.1086E-02  4.4943E-02  3.0575E-03
   105.50000000000000     
  4.5052E-02  4.2233E-03  7.7492E-03 -1.1136E-02  1.5894E-02 -3.2714E-03
 -4.1757E-03 -1.8064E-03 -1.1570E-02  1.0727E-02  3.3419E-02  2.9678E-03
  3.3419E-02  2.9678E-03  1.1570E-02 -1.0727E-02 -4.1757E-03 -1.8064E-03
 -1.5894E-02  3.2714E-03 -7.7492E-03  1.1136E-02  4.5052E-02  4.2233E-03
   106.00000000000000     
  4.5139E-02  5.3851E-03  7.9059E-03 -1.1184E-02  1.6019E-02 -2.9879E-03
 -4.1406E-03 -1.7924E-03 -1.1731E-02  1.0596E-02  3.3403E-02  3.8082E-03
  3.3403E-02  3.8082E-03  1.1731E-02 -1.0596E-02 -4.1406E-03 -1.7924E-03
 -1.6019E-02  2.9879E-03 -7.9059E-03  1.1184E-02  4.5139E-02  5.3851E-03
   106.50000000000000     
  4.5204E-02  6.5427E-03  8.0577E-03 -1.1231E-02  1.6140E-02 -2.7033E-03
 -4.1049E-03 -1.7777E-03 -1.1888E-02  1.0462E-02  3.3371E-02  4.6454E-03
  3.3371E-02  4.6454E-03  1.1888E-02 -1.0462E-02 -4.1049E-03 -1.7777E-03
 -1.6140E-02  2.7033E-03 -8.0577E-03  1.1231E-02  4.5204E-02  6.5427E-03
   107.00000000000000     
  4.5249E-02  7.6958E-03  8.2045E-03 -1.1277E-02  1.6258E-02 -2.4175E-03
 -4.0686E-03 -1.7624E-03 -1.2040E-02  1.0327E-02  3.3323E-02  5.4794E-03
  3.3323E-02  5.4794E-03  1.2040E-02 -1.0327E-02 -4.0686E-03 -1.7624E-03
 -1.6258E-02  2.4175E-03 -8.2045E-03  1.1277E-02  4.5249E-02  7.6958E-03
   107.50000000000000     
  4.5271E-02  8.8441E-03  8.3463E-03 -1.1321E-02  1.6372E-02 -2.1307E-03
 -4.0318E-03 -1.7465E-03 -1.2186E-02  1.0191E-02  3.3258E-02  6.3097E-03
  3.3258E-02  6.3097E-03  1.2186E-02 -1.0191E-02 -4.0318E-03 -1.7465E-03
 -1.6372E-02  2.1307E-03 -8.3463E-03  1.1321E-02  4.5271E-02  8.8441E-03
   108.00000000000000     
  4.5271E-02  9.9874E-03  8.4830E-03 -1.1364E-02  1.6482E-02 -1.8430E-03
 -3.9944E-03 -1.7301E-03 -1.2328E-02  1.0053E-02  3.3177E-02  7.1364E-03
  3.3177E-02  7.1364E-03  1.2328E-02 -1.0053E-02 -3.9944E-03 -1.7301E-03
 -1.6482E-02  1.8430E-03 -8.4830E-03  1.1364E-02  4.5271E-02  9.9874E-03
   108.50000000000000     
  4.5250E-02  1.1125E-02  8.6146E-03 -1.1406E-02  1.6589E-02 -1.5545E-03
 -3.9566E-03 -1.7131E-03 -1.2464E-02  9.9134E-03  3.3079E-02  7.9591E-03
  3.3079E-02  7.9591E-03  1.2464E-02 -9.9134E-03 -3.9566E-03 -1.7131E-03
 -1.6589E-02  1.5545E-03 -8.6146E-03  1.1406E-02  4.5250E-02  1.1125E-02
   109.00000000000000     
  4.5207E-02  1.2258E-02  8.7411E-03 -1.1446E-02  1.6692E-02 -1.2653E-03
 -3.9182E-03 -1.6956E-03 -1.2595E-02  9.7726E-03  3.2966E-02  8.7776E-03
  3.2966E-02  8.7776E-03  1.2595E-02 -9.7726E-03 -3.9182E-03 -1.6956E-03
 -1.6692E-02  1.2653E-03 -8.7411E-03  1.1446E-02  4.5207E-02  1.2258E-02
   109.50000000000000     
  4.5141E-02  1.3384E-02  8.8625E-03 -1.1485E-02  1.6791E-02 -9.7556E-04
 -3.8794E-03 -1.6776E-03 -1.2721E-02  9.6305E-03  3.2835E-02  9.5919E-03
  3.2835E-02  9.5919E-03  1.2721E-02 -9.6305E-03 -3.8794E-03 -1.6776E-03
 -1.6791E-02  9.7556E-04 -8.8625E-03  1.1485E-02  4.5141E-02  1.3384E-02
   110.00000000000000     
  4.5053E-02  1.4505E-02  8.9787E-03 -1.1522E-02  1.6887E-02 -6.8539E-04
 -3.8401E-03 -1.6591E-03 -1.2841E-02  9.4873E-03  3.2688E-02  1.0402E-02
  3.2688E-02  1.0402E-02  1.2841E-02 -9.4873E-03 -3.8401E-03 -1.6591E-03
 -1.6887E-02  6.8539E-04 -8.9787E-03  1.1522E-02  4.5053E-02  1.4505E-02
   110.50000000000000     
  4.4943E-02  1.5619E-02  9.0897E-03 -1.1559E-02  1.6979E-02 -3.9489E-04
 -3.8003E-03 -1.6401E-03 -1.2956E-02  9.3430E-03  3.2525E-02  1.1207E-02
  3.2525E-02  1.1207E-02  1.2956E-02 -9.3430E-03 -3.8003E-03 -1.6401E-03
 -1.6979E-02  3.9489E-04 -9.0897E-03  1.1559E-02  4.4943E-02  1.5619E-02
   111.00000000000000     
  4.4811E-02  1.6726E-02  9.1956E-03 -1.1594E-02  1.7067E-02 -1.0419E-04
 -3.7602E-03 -1.6206E-03 -1.3067E-02  9.1976E-03  3.2345E-02  1.2007E-02
  3.2345E-02  1.2007E-02  1.3067E-02 -9.1976E-03 -3.7602E-03 -1.6206E-03
 -1.7067E-02  1.0419E-04 -9.1956E-03  1.1594E-02  4.4811E-02  1.6726E-02
   111.50000000000000     
  4.4656E-02  1.7826E-02  9.2963E-03 -1.1628E-02  1.7152E-02  1.8659E-04
 -3.7196E-03 -1.6007E-03 -1.3171E-02  9.0514E-03  3.2148E-02  1.2802E-02
  3.2148E-02  1.2802E-02  1.3171E-02 -9.0514E-03 -3.7196E-03 -1.6007E-03
 -1.7152E-02 -1.8659E-04 -9.2963E-03  1.1628E-02  4.4656E-02  1.7826E-02
   112.00000000000000     
  4.4478E-02  1.8919E-02  9.3919E-03 -1.1660E-02  1.7232E-02  4.7734E-04
 -3.6787E-03 -1.5804E-03 -1.3271E-02  8.9042E-03  3.1935E-02  1.3591E-02
  3.1935E-02  1.3591E-02  1.3271E-02 -8.9042E-03 -3.6787E-03 -1.5804E-03
 -1.7232E-02 -4.7734E-04 -9.3919E-03  1.1660E-02  4.4478E-02  1.8919E-02
   112.50000000000000     
  4.4278E-02  2.0005E-02  9.4823E-03 -1.1692E-02  1.7309E-02  7.6792E-04
 -3.6374E-03 -1.5597E-03 -1.3365E-02  8.7563E-03  3.1706E-02  1.4376E-02
  3.1706E-02  1.4376E-02  1.3365E-02 -8.7563E-03 -3.6374E-03 -1.5597E-03
 -1.7309E-02 -7.6792E-04 -9.4823E-03  1.1692E-02  4.4278E-02  2.0005E-02
   113.00000000000000     
  4.4055E-02  2.1083E-02  9.5676E-03 -1.1722E-02  1.7383E-02  1.0582E-03
 -3.5957E-03 -1.5385E-03 -1.3455E-02  8.6077E-03  3.1459E-02  1.5154E-02
  3.1459E-02  1.5154E-02  1.3455E-02 -8.6077E-03 -3.5957E-03 -1.5385E-03
 -1.7383E-02 -1.0582E-03 -9.5676E-03  1.1722E-02  4.4055E-02  2.1083E-02
   113.50000000000000     
  4.3810E-02  2.2152E-02  9.6477E-03 -1.1751E-02  1.7452E-02  1.3481E-03
 -3.5538E-03 -1.5170E-03 -1.3539E-02  8.4585E-03  3.1196E-02  1.5927E-02
  3.1196E-02  1.5927E-02  1.3539E-02 -8.4585E-03 -3.5538E-03 -1.5170E-03
 -1.7452E-02 -1.3481E-03 -9.6477E-03  1.1751E-02  4.3810E-02  2.2152E-02
   114.00000000000000     
  4.3541E-02  2.3214E-02  9.7228E-03 -1.1778E-02  1.7518E-02  1.6374E-03
 -3.5115E-03 -1.4952E-03 -1.3617E-02  8.3087E-03  3.0917E-02  1.6694E-02
  3.0917E-02  1.6694E-02  1.3617E-02 -8.3087E-03 -3.5115E-03 -1.4952E-03
 -1.7518E-02 -1.6374E-03 -9.7228E-03  1.1778E-02  4.3541E-02  2.3214E-02
   114.50000000000000     
  4.3250E-02  2.4267E-02  9.7928E-03 -1.1805E-02  1.7580E-02  1.9261E-03
 -3.4690E-03 -1.4730E-03 -1.3691E-02  8.1584E-03  3.0620E-02  1.7455E-02
  3.0620E-02  1.7455E-02  1.3691E-02 -8.1584E-03 -3.4690E-03 -1.4730E-03
 -1.7580E-02 -1.9261E-03 -9.7928E-03  1.1805E-02  4.3250E-02  2.4267E-02
   115.00000000000000     
  4.2937E-02  2.5312E-02  9.8577E-03 -1.1830E-02  1.7638E-02  2.2140E-03
 -3.4262E-03 -1.4504E-03 -1.3760E-02  8.0078E-03  3.0307E-02  1.8209E-02
  3.0307E-02  1.8209E-02  1.3760E-02 -8.0078E-03 -3.4262E-03 -1.4504E-03
 -1.7638E-02 -2.2140E-03 -9.8577E-03  1.1830E-02  4.2937E-02  2.5312E-02
   115.50000000000000     
  4.2600E-02  2.6347E-02  9.9176E-03 -1.1854E-02  1.7692E-02  2.5010E-03
 -3.3831E-03 -1.4276E-03 -1.3823E-02  7.8568E-03  2.9978E-02  1.8957E-02
  2.9978E-02  1.8957E-02  1.3823E-02 -7.8568E-03 -3.3831E-03 -1.4276E-03
 -1.7692E-02 -2.5010E-03 -9.9176E-03  1.1854E-02  4.2600E-02  2.6347E-02
   116.00000000000000     
  4.2241E-02  2.7373E-02  9.9725E-03 -1.1877E-02  1.7743E-02  2.7869E-03
 -3.3398E-03 -1.4045E-03 -1.3881E-02  7.7056E-03  2.9632E-02  1.9698E-02
  2.9632E-02  1.9698E-02  1.3881E-02 -7.7056E-03 -3.3398E-03 -1.4045E-03
 -1.7743E-02 -2.7869E-03 -9.9725E-03  1.1877E-02  4.2241E-02  2.7373E-02
   116.50000000000000     
  4.1859E-02  2.8390E-02  1.0022E-02 -1.1899E-02  1.7789E-02  3.0717E-03
 -3.2964E-03 -1.3812E-03 -1.3935E-02  7.5542E-03  2.9270E-02  2.0432E-02
  2.9270E-02  2.0432E-02  1.3935E-02 -7.5542E-03 -3.2964E-03 -1.3812E-03
 -1.7789E-02 -3.0717E-03 -1.0022E-02  1.1899E-02  4.1859E-02  2.8390E-02
   117.00000000000000     
  4.1454E-02  2.9397E-02  1.0068E-02 -1.1919E-02  1.7832E-02  3.3552E-03
 -3.2527E-03 -1.3576E-03 -1.3983E-02  7.4028E-03  2.8891E-02  2.1160E-02
  2.8891E-02  2.1160E-02  1.3983E-02 -7.4028E-03 -3.2527E-03 -1.3576E-03
 -1.7832E-02 -3.3552E-03 -1.0068E-02  1.1919E-02  4.1454E-02  2.9397E-02
   117.50000000000000     
  4.1026E-02  3.0394E-02  1.0108E-02 -1.1939E-02  1.7872E-02  3.6372E-03
 -3.2088E-03 -1.3338E-03 -1.4026E-02  7.2513E-03  2.8496E-02  2.1880E-02
  2.8496E-02  2.1880E-02  1.4026E-02 -7.2513E-03 -3.2088E-03 -1.3338E-03
 -1.7872E-02 -3.6372E-03 -1.0108E-02  1.1939E-02  4.1026E-02  3.0394E-02
   118.00000000000000     
  4.0576E-02  3.1381E-02  1.0143E-02 -1.1957E-02  1.7907E-02  3.9177E-03
 -3.1649E-03 -1.3098E-03 -1.4064E-02  7.0998E-03  2.8084E-02  2.2593E-02
  2.8084E-02  2.2593E-02  1.4064E-02 -7.0998E-03 -3.1649E-03 -1.3098E-03
 -1.7907E-02 -3.9177E-03 -1.0143E-02  1.1957E-02  4.0576E-02  3.1381E-02
   118.50000000000000     
  4.0103E-02  3.2357E-02  1.0174E-02 -1.1974E-02  1.7939E-02  4.1964E-03
 -3.1207E-03 -1.2857E-03 -1.4098E-02  6.9485E-03  2.7657E-02  2.3298E-02
  2.7657E-02  2.3298E-02  1.4098E-02 -6.9485E-03 -3.1207E-03 -1.2857E-03
 -1.7939E-02 -4.1964E-03 -1.0174E-02  1.1974E-02  4.0103E-02  3.2357E-02
   119.00000000000000     
  3.9608E-02  3.3323E-02  1.0200E-02 -1.1990E-02  1.7967E-02  4.4734E-03
 -3.0765E-03 -1.2613E-03 -1.4126E-02  6.7974E-03  2.7213E-02  2.3996E-02
  2.7213E-02  2.3996E-02  1.4126E-02 -6.7974E-03 -3.0765E-03 -1.2613E-03
 -1.7967E-02 -4.4734E-03 -1.0200E-02  1.1990E-02  3.9608E-02  3.3323E-02
   119.50000000000000     
  3.9090E-02  3.4279E-02  1.0221E-02 -1.2004E-02  1.7991E-02  4.7484E-03
 -3.0322E-03 -1.2368E-03 -1.4150E-02  6.6465E-03  2.6753E-02  2.4685E-02
  2.6753E-02  2.4685E-02  1.4150E-02 -6.6465E-03 -3.0322E-03 -1.2368E-03
 -1.7991E-02 -4.7484E-03 -1.0221E-02  1.2004E-02  3.9090E-02  3.4279E-02
   120.00000000000000     
  3.8550E-02  3.5223E-02  1.0238E-02 -1.2018E-02  1.8011E-02  5.0213E-03
 -2.9878E-03 -1.2123E-03 -1.4169E-02  6.4959E-03  2.6277E-02  2.5367E-02
  2.6277E-02  2.5367E-02  1.4169E-02 -6.4959E-03 -2.9878E-03 -1.2123E-03
 -1.8011E-02 -5.0213E-03 -1.0238E-02  1.2018E-02  3.8550E-02  3.5223E-02
   120.50000000000000     
  3.7987E-02  3.6156E-02  1.0250E-02 -1.2030E-02  1.8028E-02  5.2920E-03
 -2.9433E-03 -1.1876E-03 -1.4183E-02  6.3458E-03  2.5785E-02  2.6041E-02
  2.5785E-02  2.6041E-02  1.4183E-02 -6.3458E-03 -2.9433E-03 -1.1876E-03
 -1.8028E-02 -5.2920E-03 -1.0250E-02  1.2030E-02  3.7987E-02  3.6156E-02
   121.00000000000000     
  3.7402E-02  3.7077E-02  1.0258E-02 -1.2040E-02  1.8041E-02  5.5604E-03
 -2.8988E-03 -1.1628E-03 -1.4193E-02  6.1960E-03  2.5277E-02  2.6707E-02
  2.5277E-02  2.6707E-02  1.4193E-02 -6.1960E-03 -2.8988E-03 -1.1628E-03
 -1.8041E-02 -5.5604E-03 -1.0258E-02  1.2040E-02  3.7402E-02  3.7077E-02
   121.50000000000000     
  3.6795E-02  3.7987E-02  1.0261E-02 -1.2050E-02  1.8050E-02  5.8263E-03
 -2.8543E-03 -1.1379E-03 -1.4198E-02  6.0469E-03  2.4753E-02  2.7365E-02
  2.4753E-02  2.7365E-02  1.4198E-02 -6.0469E-03 -2.8543E-03 -1.1379E-03
 -1.8050E-02 -5.8263E-03 -1.0261E-02  1.2050E-02  3.6795E-02  3.7987E-02
   122.00000000000000     
  3.6167E-02  3.8886E-02  1.0260E-02 -1.2058E-02  1.8056E-02  6.0896E-03
 -2.8098E-03 -1.1131E-03 -1.4198E-02  5.8982E-03  2.4214E-02  2.8014E-02
  2.4214E-02  2.8014E-02  1.4198E-02 -5.8982E-03 -2.8098E-03 -1.1131E-03
 -1.8056E-02 -6.0896E-03 -1.0260E-02  1.2058E-02  3.6167E-02  3.8886E-02
   122.50000000000000     
  3.5516E-02  3.9772E-02  1.0255E-02 -1.2065E-02  1.8058E-02  6.3502E-03
 -2.7653E-03 -1.0882E-03 -1.4194E-02  5.7503E-03  2.3660E-02  2.8654E-02
  2.3660E-02  2.8654E-02  1.4194E-02 -5.7503E-03 -2.7653E-03 -1.0882E-03
 -1.8058E-02 -6.3502E-03 -1.0255E-02  1.2065E-02  3.5516E-02  3.9772E-02
   123.00000000000000     
  3.4844E-02  4.0646E-02  1.0245E-02 -1.2071E-02  1.8056E-02  6.6079E-03
 -2.7208E-03 -1.0633E-03 -1.4185E-02  5.6030E-03  2.3090E-02  2.9286E-02
  2.3090E-02  2.9286E-02  1.4185E-02 -5.6030E-03 -2.7208E-03 -1.0633E-03
 -1.8056E-02 -6.6079E-03 -1.0245E-02  1.2071E-02  3.4844E-02  4.0646E-02
   123.50000000000000     
  3.4150E-02  4.1508E-02  1.0232E-02 -1.2076E-02  1.8050E-02  6.8626E-03
 -2.6763E-03 -1.0384E-03 -1.4172E-02  5.4565E-03  2.2504E-02  2.9909E-02
  2.2504E-02  2.9909E-02  1.4172E-02 -5.4565E-03 -2.6763E-03 -1.0384E-03
 -1.8050E-02 -6.8626E-03 -1.0232E-02  1.2076E-02  3.4150E-02  4.1508E-02
   124.00000000000000     
  3.3435E-02  4.2357E-02  1.0214E-02 -1.2079E-02  1.8041E-02  7.1142E-03
 -2.6319E-03 -1.0135E-03 -1.4155E-02  5.3109E-03  2.1904E-02  3.0523E-02
  2.1904E-02  3.0523E-02  1.4155E-02 -5.3109E-03 -2.6319E-03 -1.0135E-03
 -1.8041E-02 -7.1142E-03 -1.0214E-02  1.2079E-02  3.3435E-02  4.2357E-02
   124.50000000000000     
  3.2698E-02  4.3194E-02  1.0193E-02 -1.2081E-02  1.8028E-02  7.3625E-03
 -2.5876E-03 -9.8868E-04 -1.4133E-02  5.1661E-03  2.1289E-02  3.1128E-02
  2.1289E-02  3.1128E-02  1.4133E-02 -5.1661E-03 -2.5876E-03 -9.8868E-04
 -1.8028E-02 -7.3625E-03 -1.0193E-02  1.2081E-02  3.2698E-02  4.3194E-02
   125.00000000000000     
  3.1941E-02  4.4018E-02  1.0168E-02 -1.2081E-02  1.8011E-02  7.6075E-03
 -2.5434E-03 -9.6393E-04 -1.4108E-02  5.0222E-03  2.0660E-02  3.1724E-02
  2.0660E-02  3.1724E-02  1.4108E-02 -5.0222E-03 -2.5434E-03 -9.6393E-04
 -1.8011E-02 -7.6075E-03 -1.0168E-02  1.2081E-02  3.1941E-02  4.4018E-02
   125.50000000000000     
  3.1163E-02  4.4829E-02  1.0138E-02 -1.2080E-02  1.7991E-02  7.8490E-03
 -2.4993E-03 -9.3927E-04 -1.4078E-02  4.8793E-03  2.0015E-02  3.2310E-02
  2.0015E-02  3.2310E-02  1.4078E-02 -4.8793E-03 -2.4993E-03 -9.3927E-04
 -1.7991E-02 -7.8490E-03 -1.0138E-02  1.2080E-02  3.1163E-02  4.4829E-02
   126.00000000000000     
  3.0365E-02  4.5628E-02  1.0106E-02 -1.2078E-02  1.7967E-02  8.0868E-03
 -2.4553E-03 -9.1471E-04 -1.4044E-02  4.7375E-03  1.9357E-02  3.2888E-02
  1.9357E-02  3.2888E-02  1.4044E-02 -4.7375E-03 -2.4553E-03 -9.1471E-04
 -1.7967E-02 -8.0868E-03 -1.0106E-02  1.2078E-02  3.0365E-02  4.5628E-02
   126.50000000000000     
  2.9546E-02  4.6413E-02  1.0069E-02 -1.2074E-02  1.7940E-02  8.3209E-03
 -2.4115E-03 -8.9027E-04 -1.4006E-02  4.5968E-03  1.8684E-02  3.3456E-02
  1.8684E-02  3.3456E-02  1.4006E-02 -4.5968E-03 -2.4115E-03 -8.9027E-04
 -1.7940E-02 -8.3209E-03 -1.0069E-02  1.2074E-02  2.9546E-02  4.6413E-02
   127.00000000000000     
  2.8707E-02  4.7185E-02  1.0029E-02 -1.2068E-02  1.7909E-02  8.5511E-03
 -2.3678E-03 -8.6597E-04 -1.3964E-02  4.4572E-03  1.7997E-02  3.4014E-02
  1.7997E-02  3.4014E-02  1.3964E-02 -4.4572E-03 -2.3678E-03 -8.6597E-04
 -1.7909E-02 -8.5511E-03 -1.0029E-02  1.2068E-02  2.8707E-02  4.7185E-02
   127.50000000000000     
  2.7849E-02  4.7943E-02  9.9856E-03 -1.2062E-02  1.7874E-02  8.7773E-03
 -2.3243E-03 -8.4181E-04 -1.3918E-02  4.3189E-03  1.7296E-02  3.4563E-02
  1.7296E-02  3.4563E-02  1.3918E-02 -4.3189E-03 -2.3243E-03 -8.4181E-04
 -1.7874E-02 -8.7773E-03 -9.9856E-03  1.2062E-02  2.7849E-02  4.7943E-02
   128.00000000000000     
  2.6971E-02  4.8688E-02  9.9388E-03 -1.2053E-02  1.7836E-02  8.9995E-03
 -2.2810E-03 -8.1783E-04 -1.3868E-02  4.1817E-03  1.6582E-02  3.5103E-02
  1.6582E-02  3.5103E-02  1.3868E-02 -4.1817E-03 -2.2810E-03 -8.1783E-04
 -1.7836E-02 -8.9995E-03 -9.9388E-03  1.2053E-02  2.6971E-02  4.8688E-02
   128.50000000000000     
  2.6073E-02  4.9419E-02  9.8887E-03 -1.2043E-02  1.7795E-02  9.2173E-03
 -2.2379E-03 -7.9403E-04 -1.3815E-02  4.0459E-03  1.5855E-02  3.5632E-02
  1.5855E-02  3.5632E-02  1.3815E-02 -4.0459E-03 -2.2379E-03 -7.9403E-04
 -1.7795E-02 -9.2173E-03 -9.8887E-03  1.2043E-02  2.6073E-02  4.9419E-02
   129.00000000000000     
  2.5157E-02  5.0137E-02  9.8354E-03 -1.2032E-02  1.7749E-02  9.4308E-03
 -2.1950E-03 -7.7042E-04 -1.3758E-02  3.9114E-03  1.5115E-02  3.6152E-02
  1.5115E-02  3.6152E-02  1.3758E-02 -3.9114E-03 -2.1950E-03 -7.7042E-04
 -1.7749E-02 -9.4308E-03 -9.8354E-03  1.2032E-02  2.5157E-02  5.0137E-02
   129.50000000000000     
  2.4222E-02  5.0841E-02  9.7790E-03 -1.2019E-02  1.7701E-02  9.6399E-03
 -2.1523E-03 -7.4704E-04 -1.3698E-02  3.7783E-03  1.4361E-02  3.6662E-02
  1.4361E-02  3.6662E-02  1.3698E-02 -3.7783E-03 -2.1523E-03 -7.4704E-04
 -1.7701E-02 -9.6399E-03 -9.7790E-03  1.2019E-02  2.4222E-02  5.0841E-02
   130.00000000000000     
  2.3270E-02  5.1531E-02  9.7196E-03 -1.2004E-02  1.7649E-02  9.8444E-03
 -2.1098E-03 -7.2387E-04 -1.3634E-02  3.6467E-03  1.3595E-02  3.7163E-02
  1.3595E-02  3.7163E-02  1.3634E-02 -3.6467E-03 -2.1098E-03 -7.2387E-04
 -1.7649E-02 -9.8444E-03 -9.7196E-03  1.2004E-02  2.3270E-02  5.1531E-02
   130.50000000000000     
  2.2299E-02  5.2208E-02  9.6573E-03 -1.1988E-02  1.7593E-02  1.0044E-02
 -2.0676E-03 -7.0095E-04 -1.3566E-02  3.5165E-03  1.2817E-02  3.7653E-02
  1.2817E-02  3.7653E-02  1.3566E-02 -3.5165E-03 -2.0676E-03 -7.0095E-04
 -1.7593E-02 -1.0044E-02 -9.6573E-03  1.1988E-02  2.2299E-02  5.2208E-02
   131.00000000000000     
  2.1310E-02  5.2870E-02  9.5921E-03 -1.1970E-02  1.7534E-02  1.0239E-02
 -2.0257E-03 -6.7829E-04 -1.3495E-02  3.3878E-03  1.2027E-02  3.8134E-02
  1.2027E-02  3.8134E-02  1.3495E-02 -3.3878E-03 -2.0257E-03 -6.7829E-04
 -1.7534E-02 -1.0239E-02 -9.5921E-03  1.1970E-02  2.1310E-02  5.2870E-02
   131.50000000000000     
  2.0304E-02  5.3519E-02  9.5242E-03 -1.1950E-02  1.7472E-02  1.0429E-02
 -1.9840E-03 -6.5589E-04 -1.3421E-02  3.2607E-03  1.1225E-02  3.8604E-02
  1.1225E-02  3.8604E-02  1.3421E-02 -3.2607E-03 -1.9840E-03 -6.5589E-04
 -1.7472E-02 -1.0429E-02 -9.5242E-03  1.1950E-02  2.0304E-02  5.3519E-02
   132.00000000000000     
  1.9282E-02  5.4153E-02  9.4536E-03 -1.1929E-02  1.7406E-02  1.0614E-02
 -1.9427E-03 -6.3377E-04 -1.3344E-02  3.1351E-03  1.0411E-02  3.9065E-02
  1.0411E-02  3.9065E-02  1.3344E-02 -3.1351E-03 -1.9427E-03 -6.3377E-04
 -1.7406E-02 -1.0614E-02 -9.4536E-03  1.1929E-02  1.9282E-02  5.4153E-02
   132.50000000000000     
  1.8243E-02  5.4774E-02  9.3805E-03 -1.1906E-02  1.7337E-02  1.0794E-02
 -1.9016E-03 -6.1195E-04 -1.3263E-02  3.0112E-03  9.5866E-03  3.9516E-02
  9.5866E-03  3.9516E-02  1.3263E-02 -3.0112E-03 -1.9016E-03 -6.1195E-04
 -1.7337E-02 -1.0794E-02 -9.3805E-03  1.1906E-02  1.8243E-02  5.4774E-02
   133.00000000000000     
  1.7188E-02  5.5380E-02  9.3048E-03 -1.1881E-02  1.7264E-02  1.0968E-02
 -1.8608E-03 -5.9043E-04 -1.3180E-02  2.8890E-03  8.7509E-03  3.9956E-02
  8.7509E-03  3.9956E-02  1.3180E-02 -2.8890E-03 -1.8608E-03 -5.9043E-04
 -1.7264E-02 -1.0968E-02 -9.3048E-03  1.1881E-02  1.7188E-02  5.5380E-02
   133.50000000000000     
  1.6117E-02  5.5972E-02  9.2268E-03 -1.1854E-02  1.7189E-02  1.1138E-02
 -1.8204E-03 -5.6922E-04 -1.3093E-02  2.7685E-03  7.9047E-03  4.0387E-02
  7.9047E-03  4.0387E-02  1.3093E-02 -2.7685E-03 -1.8204E-03 -5.6922E-04
 -1.7189E-02 -1.1138E-02 -9.2268E-03  1.1854E-02  1.6117E-02  5.5972E-02
   134.00000000000000     
  1.5031E-02  5.6550E-02  9.1465E-03 -1.1825E-02  1.7109E-02  1.1302E-02
 -1.7803E-03 -5.4834E-04 -1.3004E-02  2.6497E-03  7.0482E-03  4.0807E-02
  7.0482E-03  4.0807E-02  1.3004E-02 -2.6497E-03 -1.7803E-03 -5.4834E-04
 -1.7109E-02 -1.1302E-02 -9.1465E-03  1.1825E-02  1.5031E-02  5.6550E-02
   134.50000000000000     
  1.3931E-02  5.7114E-02  9.0640E-03 -1.1795E-02  1.7027E-02  1.1460E-02
 -1.7406E-03 -5.2780E-04 -1.2912E-02  2.5327E-03  6.1817E-03  4.1218E-02
  6.1817E-03  4.1218E-02  1.2912E-02 -2.5327E-03 -1.7406E-03 -5.2780E-04
 -1.7027E-02 -1.1460E-02 -9.0640E-03  1.1795E-02  1.3931E-02  5.7114E-02
   135.00000000000000     
  1.2816E-02  5.7664E-02  8.9793E-03 -1.1762E-02  1.6942E-02  1.1612E-02
 -1.7011E-03 -5.0760E-04 -1.2817E-02  2.4174E-03  5.3057E-03  4.1619E-02
  5.3057E-03  4.1619E-02  1.2817E-02 -2.4174E-03 -1.7011E-03 -5.0760E-04
 -1.6942E-02 -1.1612E-02 -8.9793E-03  1.1762E-02  1.2816E-02  5.7664E-02
   135.50000000000000     
  1.1687E-02  5.8200E-02  8.8926E-03 -1.1728E-02  1.6853E-02  1.1759E-02
 -1.6621E-03 -4.8776E-04 -1.2719E-02  2.3041E-03  4.4203E-03  4.2009E-02
  4.4203E-03  4.2009E-02  1.2719E-02 -2.3041E-03 -1.6621E-03 -4.8776E-04
 -1.6853E-02 -1.1759E-02 -8.8926E-03  1.1728E-02  1.1687E-02  5.8200E-02
   136.00000000000000     
  1.0544E-02  5.8722E-02  8.8040E-03 -1.1691E-02  1.6761E-02  1.1900E-02
 -1.6234E-03 -4.6828E-04 -1.2618E-02  2.1925E-03  3.5261E-03  4.2390E-02
  3.5261E-03  4.2390E-02  1.2618E-02 -2.1925E-03 -1.6234E-03 -4.6828E-04
 -1.6761E-02 -1.1900E-02 -8.8040E-03  1.1691E-02  1.0544E-02  5.8722E-02
   136.50000000000000     
  9.3891E-03  5.9230E-02  8.7135E-03 -1.1653E-02  1.6666E-02  1.2035E-02
 -1.5852E-03 -4.4917E-04 -1.2516E-02  2.0829E-03  2.6232E-03  4.2761E-02
  2.6232E-03  4.2761E-02  1.2516E-02 -2.0829E-03 -1.5852E-03 -4.4917E-04
 -1.6666E-02 -1.2035E-02 -8.7135E-03  1.1653E-02  9.3891E-03  5.9230E-02
   137.00000000000000     
  8.2214E-03  5.9724E-02  8.6212E-03 -1.1612E-02  1.6567E-02  1.2165E-02
 -1.5473E-03 -4.3043E-04 -1.2410E-02  1.9752E-03  1.7122E-03  4.3121E-02
  1.7122E-03  4.3121E-02  1.2410E-02 -1.9752E-03 -1.5473E-03 -4.3043E-04
 -1.6567E-02 -1.2165E-02 -8.6212E-03  1.1612E-02  8.2214E-03  5.9724E-02
   137.50000000000000     
  7.0417E-03  6.0205E-02  8.5272E-03 -1.1570E-02  1.6466E-02  1.2288E-02
 -1.5098E-03 -4.1209E-04 -1.2303E-02  1.8694E-03  7.9337E-04  4.3472E-02
  7.9337E-04  4.3472E-02  1.2303E-02 -1.8694E-03 -1.5098E-03 -4.1209E-04
 -1.6466E-02 -1.2288E-02 -8.5272E-03  1.1570E-02  7.0417E-03  6.0205E-02
   138.00000000000000     
  5.8507E-03  6.0671E-02  8.4317E-03 -1.1525E-02  1.6362E-02  1.2404E-02
 -1.4727E-03 -3.9413E-04 -1.2193E-02  1.7656E-03 -1.3293E-04  4.3814E-02
 -1.3293E-04  4.3814E-02  1.2193E-02 -1.7656E-03 -1.4727E-03 -3.9413E-04
 -1.6362E-02 -1.2404E-02 -8.4317E-03  1.1525E-02  5.8507E-03  6.0671E-02
   138.50000000000000     
  4.6488E-03  6.1124E-02  8.3346E-03 -1.1479E-02  1.6254E-02  1.2515E-02
 -1.4360E-03 -3.7657E-04 -1.2080E-02  1.6638E-03 -1.0663E-03  4.4145E-02
 -1.0663E-03  4.4145E-02  1.2080E-02 -1.6638E-03 -1.4360E-03 -3.7657E-04
 -1.6254E-02 -1.2515E-02 -8.3346E-03  1.1479E-02  4.6488E-03  6.1124E-02
   139.00000000000000     
  3.4365E-03  6.1562E-02  8.2360E-03 -1.1430E-02  1.6144E-02  1.2619E-02
 -1.3997E-03 -3.5942E-04 -1.1966E-02  1.5640E-03 -2.0063E-03  4.4467E-02
 -2.0063E-03  4.4467E-02  1.1966E-02 -1.5640E-03 -1.3997E-03 -3.5942E-04
 -1.6144E-02 -1.2619E-02 -8.2360E-03  1.1430E-02  3.4365E-03  6.1562E-02
   139.50000000000000     
  2.2143E-03  6.1988E-02  8.1361E-03 -1.1379E-02  1.6030E-02  1.2717E-02
 -1.3639E-03 -3.4267E-04 -1.1849E-02  1.4662E-03 -2.9526E-03  4.4779E-02
 -2.9526E-03  4.4779E-02  1.1849E-02 -1.4662E-03 -1.3639E-03 -3.4267E-04
 -1.6030E-02 -1.2717E-02 -8.1361E-03  1.1379E-02  2.2143E-03  6.1988E-02
   140.00000000000000     
  9.8298E-04  6.2400E-02  8.0349E-03 -1.1325E-02  1.5914E-02  1.2809E-02
 -1.3285E-03 -3.2633E-04 -1.1731E-02  1.3705E-03 -3.9047E-03  4.5081E-02
 -3.9047E-03  4.5081E-02  1.1731E-02 -1.3705E-03 -1.3285E-03 -3.2633E-04
 -1.5914E-02 -1.2809E-02 -8.0349E-03  1.1325E-02  9.8298E-04  6.2400E-02
   140.50000000000000     
 -2.5709E-04  6.2798E-02  7.9325E-03 -1.1270E-02  1.5794E-02  1.2894E-02
 -1.2935E-03 -3.1041E-04 -1.1610E-02  1.2769E-03 -4.8623E-03  4.5374E-02
 -4.8623E-03  4.5374E-02  1.1610E-02 -1.2769E-03 -1.2935E-03 -3.1041E-04
 -1.5794E-02 -1.2894E-02 -7.9325E-03  1.1270E-02 -2.5709E-04  6.2798E-02
   141.00000000000000     
 -1.5053E-03  6.3183E-02  7.8290E-03 -1.1212E-02  1.5672E-02  1.2972E-02
 -1.2590E-03 -2.9491E-04 -1.1488E-02  1.1854E-03 -5.8250E-03  4.5658E-02
 -5.8250E-03  4.5658E-02  1.1488E-02 -1.1854E-03 -1.2590E-03 -2.9491E-04
 -1.5672E-02 -1.2972E-02 -7.8290E-03  1.1212E-02 -1.5053E-03  6.3183E-02
   141.50000000000000     
 -2.7610E-03  6.3555E-02  7.7244E-03 -1.1152E-02  1.5547E-02  1.3044E-02
 -1.2250E-03 -2.7983E-04 -1.1363E-02  1.0959E-03 -6.7922E-03  4.5932E-02
 -6.7922E-03  4.5932E-02  1.1363E-02 -1.0959E-03 -1.2250E-03 -2.7983E-04
 -1.5547E-02 -1.3044E-02 -7.7244E-03  1.1152E-02 -2.7610E-03  6.3555E-02
   142.00000000000000     
 -4.0236E-03  6.3914E-02  7.6189E-03 -1.1090E-02  1.5419E-02  1.3109E-02
 -1.1914E-03 -2.6517E-04 -1.1237E-02  1.0086E-03 -7.7636E-03  4.6197E-02
 -7.7636E-03  4.6197E-02  1.1237E-02 -1.0086E-03 -1.1914E-03 -2.6517E-04
 -1.5419E-02 -1.3109E-02 -7.6189E-03  1.1090E-02 -4.0236E-03  6.3914E-02
   142.50000000000000     
 -5.2926E-03  6.4260E-02  7.5124E-03 -1.1025E-02  1.5288E-02  1.3167E-02
 -1.1582E-03 -2.5093E-04 -1.1110E-02  9.2345E-04 -8.7387E-03  4.6453E-02
 -8.7387E-03  4.6453E-02  1.1110E-02 -9.2345E-04 -1.1582E-03 -2.5093E-04
 -1.5288E-02 -1.3167E-02 -7.5124E-03  1.1025E-02 -5.2926E-03  6.4260E-02
   143.00000000000000     
 -6.5674E-03  6.4594E-02  7.4051E-03 -1.0958E-02  1.5154E-02  1.3218E-02
 -1.1256E-03 -2.3713E-04 -1.0980E-02  8.4043E-04 -9.7171E-03  4.6700E-02
 -9.7171E-03  4.6700E-02  1.0980E-02 -8.4043E-04 -1.1256E-03 -2.3713E-04
 -1.5154E-02 -1.3218E-02 -7.4051E-03  1.0958E-02 -6.5674E-03  6.4594E-02
   143.50000000000000     
 -7.8472E-03  6.4914E-02  7.2971E-03 -1.0889E-02  1.5018E-02  1.3263E-02
 -1.0933E-03 -2.2374E-04 -1.0850E-02  7.5957E-04 -1.0698E-02  4.6937E-02
 -1.0698E-02  4.6937E-02  1.0850E-02 -7.5957E-04 -1.0933E-03 -2.2374E-04
 -1.5018E-02 -1.3263E-02 -7.2971E-03  1.0889E-02 -7.8472E-03  6.4914E-02
   144.00000000000000     
 -9.1316E-03  6.5223E-02  7.1884E-03 -1.0817E-02  1.4879E-02  1.3301E-02
 -1.0616E-03 -2.1079E-04 -1.0717E-02  6.8088E-04 -1.1682E-02  4.7166E-02
 -1.1682E-02  4.7166E-02  1.0717E-02 -6.8088E-04 -1.0616E-03 -2.1079E-04
 -1.4879E-02 -1.3301E-02 -7.1884E-03  1.0817E-02 -9.1316E-03  6.5223E-02
   144.50000000000000     
 -1.0420E-02  6.5519E-02  7.0791E-03 -1.0743E-02  1.4737E-02  1.3331E-02
 -1.0304E-03 -1.9826E-04 -1.0584E-02  6.0438E-04 -1.2668E-02  4.7387E-02
 -1.2668E-02  4.7387E-02  1.0584E-02 -6.0438E-04 -1.0304E-03 -1.9826E-04
 -1.4737E-02 -1.3331E-02 -7.0791E-03  1.0743E-02 -1.0420E-02  6.5519E-02
   145.00000000000000     
 -1.1711E-02  6.5803E-02  6.9692E-03 -1.0667E-02  1.4592E-02  1.3355E-02
 -9.9959E-04 -1.8615E-04 -1.0448E-02  5.3007E-04 -1.3655E-02  4.7598E-02
 -1.3655E-02  4.7598E-02  1.0448E-02 -5.3007E-04 -9.9959E-04 -1.8615E-04
 -1.4592E-02 -1.3355E-02 -6.9692E-03  1.0667E-02 -1.1711E-02  6.5803E-02
   145.50000000000000     
 -1.3005E-02  6.6075E-02  6.8588E-03 -1.0588E-02  1.4445E-02  1.3372E-02
 -9.6930E-04 -1.7447E-04 -1.0312E-02  4.5795E-04 -1.4643E-02  4.7802E-02
 -1.4643E-02  4.7802E-02  1.0312E-02 -4.5795E-04 -9.6930E-04 -1.7447E-04
 -1.4445E-02 -1.3372E-02 -6.8588E-03  1.0588E-02 -1.3005E-02  6.6075E-02
   146.00000000000000     
 -1.4301E-02  6.6335E-02  6.7480E-03 -1.0507E-02  1.4296E-02  1.3382E-02
 -9.3950E-04 -1.6321E-04 -1.0174E-02  3.8804E-04 -1.5631E-02  4.7996E-02
 -1.5631E-02  4.7996E-02  1.0174E-02 -3.8804E-04 -9.3950E-04 -1.6321E-04
 -1.4296E-02 -1.3382E-02 -6.7480E-03  1.0507E-02 -1.4301E-02  6.6335E-02
   146.50000000000000     
 -1.5598E-02  6.6583E-02  6.6369E-03 -1.0423E-02  1.4144E-02  1.3385E-02
 -9.1018E-04 -1.5237E-04 -1.0035E-02  3.2034E-04 -1.6620E-02  4.8183E-02
 -1.6620E-02  4.8183E-02  1.0035E-02 -3.2034E-04 -9.1018E-04 -1.5237E-04
 -1.4144E-02 -1.3385E-02 -6.6369E-03  1.0423E-02 -1.5598E-02  6.6583E-02
   147.00000000000000     
 -1.6896E-02  6.6821E-02  6.5255E-03 -1.0337E-02  1.3989E-02  1.3380E-02
 -8.8136E-04 -1.4194E-04 -9.8955E-03  2.5485E-04 -1.7608E-02  4.8362E-02
 -1.7608E-02  4.8362E-02  9.8955E-03 -2.5485E-04 -8.8136E-04 -1.4194E-04
 -1.3989E-02 -1.3380E-02 -6.5255E-03  1.0337E-02 -1.6896E-02  6.6821E-02
   147.50000000000000     
 -1.8194E-02  6.7047E-02  6.4138E-03 -1.0248E-02  1.3832E-02  1.3369E-02
 -8.5303E-04 -1.3193E-04 -9.7545E-03  1.9158E-04 -1.8595E-02  4.8532E-02
 -1.8595E-02  4.8532E-02  9.7545E-03 -1.9158E-04 -8.5303E-04 -1.3193E-04
 -1.3832E-02 -1.3369E-02 -6.4138E-03  1.0248E-02 -1.8194E-02  6.7047E-02
   148.00000000000000     
 -1.9491E-02  6.7262E-02  6.3019E-03 -1.0157E-02  1.3672E-02  1.3351E-02
 -8.2519E-04 -1.2233E-04 -9.6124E-03  1.3053E-04 -1.9581E-02  4.8695E-02
 -1.9581E-02  4.8695E-02  9.6124E-03 -1.3053E-04 -8.2519E-04 -1.2233E-04
 -1.3672E-02 -1.3351E-02 -6.3019E-03  1.0157E-02 -1.9491E-02  6.7262E-02
   148.50000000000000     
 -2.0787E-02  6.7467E-02  6.1899E-03 -1.0063E-02  1.3510E-02  1.3325E-02
 -7.9785E-04 -1.1313E-04 -9.4695E-03  7.1688E-05 -2.0565E-02  4.8851E-02
 -2.0565E-02  4.8851E-02  9.4695E-03 -7.1688E-05 -7.9785E-04 -1.1313E-04
 -1.3510E-02 -1.3325E-02 -6.1899E-03  1.0063E-02 -2.0787E-02  6.7467E-02
   149.00000000000000     
 -2.2080E-02  6.7661E-02  6.0778E-03 -9.9670E-03  1.3345E-02  1.3292E-02
 -7.7100E-04 -1.0432E-04 -9.3256E-03  1.5064E-05 -2.1547E-02  4.8998E-02
 -2.1547E-02  4.8998E-02  9.3256E-03 -1.5064E-05 -7.7100E-04 -1.0432E-04
 -1.3345E-02 -1.3292E-02 -6.0778E-03  9.9670E-03 -2.2080E-02  6.7661E-02
   149.50000000000000     
 -2.3371E-02  6.7844E-02  5.9657E-03 -9.8684E-03  1.3178E-02  1.3253E-02
 -7.4465E-04 -9.5919E-05 -9.1809E-03 -3.9346E-05 -2.2526E-02  4.9139E-02
 -2.2526E-02  4.9139E-02  9.1809E-03  3.9346E-05 -7.4465E-04 -9.5919E-05
 -1.3178E-02 -1.3253E-02 -5.9657E-03  9.8684E-03 -2.3371E-02  6.7844E-02
   150.00000000000000     
 -2.4658E-02  6.8018E-02  5.8537E-03 -9.7674E-03  1.3009E-02  1.3206E-02
 -7.1880E-04 -8.7902E-05 -9.0353E-03 -9.1546E-05 -2.3501E-02  4.9272E-02
 -2.3501E-02  4.9272E-02  9.0353E-03  9.1546E-05 -7.1880E-04 -8.7902E-05
 -1.3009E-02 -1.3206E-02 -5.8537E-03  9.7674E-03 -2.4658E-02  6.8018E-02
   150.50000000000000     
 -2.5942E-02  6.8182E-02  5.7417E-03 -9.6638E-03  1.2838E-02  1.3152E-02
 -6.9345E-04 -8.0269E-05 -8.8891E-03 -1.4154E-04 -2.4473E-02  4.9398E-02
 -2.4473E-02  4.9398E-02  8.8891E-03  1.4154E-04 -6.9345E-04 -8.0269E-05
 -1.2838E-02 -1.3152E-02 -5.7417E-03  9.6638E-03 -2.5942E-02  6.8182E-02
   151.00000000000000     
 -2.7220E-02  6.8336E-02  5.6298E-03 -9.5578E-03  1.2664E-02  1.3091E-02
 -6.6859E-04 -7.3013E-05 -8.7421E-03 -1.8933E-04 -2.5440E-02  4.9518E-02
 -2.5440E-02  4.9518E-02  8.7421E-03  1.8933E-04 -6.6859E-04 -7.3013E-05
 -1.2664E-02 -1.3091E-02 -5.6298E-03  9.5578E-03 -2.7220E-02  6.8336E-02
   151.50000000000000     
 -2.8493E-02  6.8481E-02  5.5181E-03 -9.4493E-03  1.2488E-02  1.3023E-02
 -6.4423E-04 -6.6128E-05 -8.5945E-03 -2.3494E-04 -2.6403E-02  4.9631E-02
 -2.6403E-02  4.9631E-02  8.5945E-03  2.3494E-04 -6.4423E-04 -6.6128E-05
 -1.2488E-02 -1.3023E-02 -5.5181E-03  9.4493E-03 -2.8493E-02  6.8481E-02
   152.00000000000000     
 -2.9760E-02  6.8617E-02  5.4066E-03 -9.3383E-03  1.2310E-02  1.2948E-02
 -6.2036E-04 -5.9606E-05 -8.4463E-03 -2.7835E-04 -2.7360E-02  4.9737E-02
 -2.7360E-02  4.9737E-02  8.4463E-03  2.7835E-04 -6.2036E-04 -5.9606E-05
 -1.2310E-02 -1.2948E-02 -5.4066E-03  9.3383E-03 -2.9760E-02  6.8617E-02
   152.50000000000000     
 -3.1020E-02  6.8743E-02  5.2953E-03 -9.2248E-03  1.2130E-02  1.2866E-02
 -5.9699E-04 -5.3441E-05 -8.2976E-03 -3.1960E-04 -2.8312E-02  4.9837E-02
 -2.8312E-02  4.9837E-02  8.2976E-03  3.1960E-04 -5.9699E-04 -5.3441E-05
 -1.2130E-02 -1.2866E-02 -5.2953E-03  9.2248E-03 -3.1020E-02  6.8743E-02
   153.00000000000000     
 -3.2272E-02  6.8862E-02  5.1844E-03 -9.1089E-03  1.1947E-02  1.2777E-02
 -5.7411E-04 -4.7626E-05 -8.1483E-03 -3.5868E-04 -2.9257E-02  4.9931E-02
 -2.9257E-02  4.9931E-02  8.1483E-03  3.5868E-04 -5.7411E-04 -4.7626E-05
 -1.1947E-02 -1.2777E-02 -5.1844E-03  9.1089E-03 -3.2272E-02  6.8862E-02
   153.50000000000000     
 -3.3516E-02  6.8972E-02  5.0738E-03 -8.9905E-03  1.1763E-02  1.2681E-02
 -5.5173E-04 -4.2151E-05 -7.9985E-03 -3.9560E-04 -3.0195E-02  5.0018E-02
 -3.0195E-02  5.0018E-02  7.9985E-03  3.9560E-04 -5.5173E-04 -4.2151E-05
 -1.1763E-02 -1.2681E-02 -5.0738E-03  8.9905E-03 -3.3516E-02  6.8972E-02
   154.00000000000000     
 -3.4751E-02  6.9074E-02  4.9635E-03 -8.8697E-03  1.1577E-02  1.2578E-02
 -5.2984E-04 -3.7010E-05 -7.8484E-03 -4.3039E-04 -3.1126E-02  5.0100E-02
 -3.1126E-02  5.0100E-02  7.8484E-03  4.3039E-04 -5.2984E-04 -3.7010E-05
 -1.1577E-02 -1.2578E-02 -4.9635E-03  8.8697E-03 -3.4751E-02  6.9074E-02
   154.50000000000000     
 -3.5977E-02  6.9168E-02  4.8536E-03 -8.7465E-03  1.1388E-02  1.2469E-02
 -5.0844E-04 -3.2193E-05 -7.6978E-03 -4.6305E-04 -3.2049E-02  5.0177E-02
 -3.2049E-02  5.0177E-02  7.6978E-03  4.6305E-04 -5.0844E-04 -3.2193E-05
 -1.1388E-02 -1.2469E-02 -4.8536E-03  8.7465E-03 -3.5977E-02  6.9168E-02
   155.00000000000000     
 -3.7192E-02  6.9254E-02  4.7441E-03 -8.6208E-03  1.1198E-02  1.2352E-02
 -4.8752E-04 -2.7693E-05 -7.5469E-03 -4.9360E-04 -3.2964E-02  5.0248E-02
 -3.2964E-02  5.0248E-02  7.5469E-03  4.9360E-04 -4.8752E-04 -2.7693E-05
 -1.1198E-02 -1.2352E-02 -4.7441E-03  8.6208E-03 -3.7192E-02  6.9254E-02
   155.50000000000000     
 -3.8396E-02  6.9333E-02  4.6351E-03 -8.4928E-03  1.1005E-02  1.2229E-02
 -4.6710E-04 -2.3500E-05 -7.3957E-03 -5.2206E-04 -3.3870E-02  5.0314E-02
 -3.3870E-02  5.0314E-02  7.3957E-03  5.2206E-04 -4.6710E-04 -2.3500E-05
 -1.1005E-02 -1.2229E-02 -4.6351E-03  8.4928E-03 -3.8396E-02  6.9333E-02
   156.00000000000000     
 -3.9589E-02  6.9406E-02  4.5266E-03 -8.3623E-03  1.0811E-02  1.2099E-02
 -4.4715E-04 -1.9605E-05 -7.2442E-03 -5.4844E-04 -3.4767E-02  5.0374E-02
 -3.4767E-02  5.0374E-02  7.2442E-03  5.4844E-04 -4.4715E-04 -1.9605E-05
 -1.0811E-02 -1.2099E-02 -4.5266E-03  8.3623E-03 -3.9589E-02  6.9406E-02
   156.50000000000000     
 -4.0769E-02  6.9471E-02  4.4186E-03 -8.2295E-03  1.0615E-02  1.1963E-02
 -4.2769E-04 -1.6000E-05 -7.0924E-03 -5.7277E-04 -3.5654E-02  5.0430E-02
 -3.5654E-02  5.0430E-02  7.0924E-03  5.7277E-04 -4.2769E-04 -1.6000E-05
 -1.0615E-02 -1.1963E-02 -4.4186E-03  8.2295E-03 -4.0769E-02  6.9471E-02
   157.00000000000000     
 -4.1936E-02  6.9530E-02  4.3111E-03 -8.0944E-03  1.0417E-02  1.1820E-02
 -4.0871E-04 -1.2674E-05 -6.9404E-03 -5.9506E-04 -3.6531E-02  5.0481E-02
 -3.6531E-02  5.0481E-02  6.9404E-03  5.9506E-04 -4.0871E-04 -1.2674E-05
 -1.0417E-02 -1.1820E-02 -4.3111E-03  8.0944E-03 -4.1936E-02  6.9530E-02
   157.50000000000000     
 -4.3090E-02  6.9582E-02  4.2042E-03 -7.9569E-03  1.0217E-02  1.1670E-02
 -3.9020E-04 -9.6193E-06 -6.7883E-03 -6.1533E-04 -3.7398E-02  5.0528E-02
 -3.7398E-02  5.0528E-02  6.7883E-03  6.1533E-04 -3.9020E-04 -9.6193E-06
 -1.0217E-02 -1.1670E-02 -4.2042E-03  7.9569E-03 -4.3090E-02  6.9582E-02
   158.00000000000000     
 -4.4229E-02  6.9629E-02  4.0979E-03 -7.8172E-03  1.0016E-02  1.1514E-02
 -3.7217E-04 -6.8248E-06 -6.6360E-03 -6.3361E-04 -3.8253E-02  5.0570E-02
 -3.8253E-02  5.0570E-02  6.6360E-03  6.3361E-04 -3.7217E-04 -6.8248E-06
 -1.0016E-02 -1.1514E-02 -4.0979E-03  7.8172E-03 -4.4229E-02  6.9629E-02
   158.50000000000000     
 -4.5353E-02  6.9670E-02  3.9921E-03 -7.6751E-03  9.8125E-03  1.1351E-02
 -3.5461E-04 -4.2812E-06 -6.4836E-03 -6.4993E-04 -3.9096E-02  5.0608E-02
 -3.9096E-02  5.0608E-02  6.4836E-03  6.4993E-04 -3.5461E-04 -4.2812E-06
 -9.8125E-03 -1.1351E-02 -3.9921E-03  7.6751E-03 -4.5353E-02  6.9670E-02
   159.00000000000000     
 -4.6462E-02  6.9706E-02  3.8870E-03 -7.5309E-03  9.6076E-03  1.1183E-02
 -3.3752E-04 -1.9785E-06 -6.3310E-03 -6.6430E-04 -3.9928E-02  5.0642E-02
 -3.9928E-02  5.0642E-02  6.3310E-03  6.6430E-04 -3.3752E-04 -1.9785E-06
 -9.6076E-03 -1.1183E-02 -3.8870E-03  7.5309E-03 -4.6462E-02  6.9706E-02
   159.50000000000000     
 -4.7554E-02  6.9736E-02  3.7824E-03 -7.3844E-03  9.4011E-03  1.1008E-02
 -3.2089E-04  9.3270E-08 -6.1784E-03 -6.7675E-04 -4.0747E-02  5.0672E-02
 -4.0747E-02  5.0672E-02  6.1784E-03  6.7675E-04 -3.2089E-04  9.3270E-08
 -9.4011E-03 -1.1008E-02 -3.7824E-03  7.3844E-03 -4.7554E-02  6.9736E-02
   160.00000000000000     
 -4.8630E-02  6.9761E-02  3.6786E-03 -7.2357E-03  9.1930E-03  1.0827E-02
 -3.0473E-04  1.9441E-06 -6.0258E-03 -6.8731E-04 -4.1553E-02  5.0699E-02
 -4.1553E-02  5.0699E-02  6.0258E-03  6.8731E-04 -3.0473E-04  1.9441E-06
 -9.1930E-03 -1.0827E-02 -3.6786E-03  7.2357E-03 -4.8630E-02  6.9761E-02
   160.50000000000000     
 -4.9688E-02  6.9782E-02  3.5753E-03 -7.0849E-03  8.9834E-03  1.0640E-02
 -2.8902E-04  3.5841E-06 -5.8731E-03 -6.9601E-04 -4.2345E-02  5.0722E-02
 -4.2345E-02  5.0722E-02  5.8731E-03  6.9601E-04 -2.8902E-04  3.5841E-06
 -8.9834E-03 -1.0640E-02 -3.5753E-03  7.0849E-03 -4.9688E-02  6.9782E-02
   161.00000000000000     
 -5.0727E-02  6.9799E-02  3.4727E-03 -6.9319E-03  8.7722E-03  1.0447E-02
 -2.7377E-04  5.0234E-06 -5.7204E-03 -7.0288E-04 -4.3124E-02  5.0742E-02
 -4.3124E-02  5.0742E-02  5.7204E-03  7.0288E-04 -2.7377E-04  5.0234E-06
 -8.7722E-03 -1.0447E-02 -3.4727E-03  6.9319E-03 -5.0727E-02  6.9799E-02
   161.50000000000000     
 -5.1748E-02  6.9811E-02  3.3708E-03 -6.7769E-03  8.5595E-03  1.0248E-02
 -2.5898E-04  6.2721E-06 -5.5677E-03 -7.0795E-04 -4.3888E-02  5.0759E-02
 -4.3888E-02  5.0759E-02  5.5677E-03  7.0795E-04 -2.5898E-04  6.2721E-06
 -8.5595E-03 -1.0248E-02 -3.3708E-03  6.7769E-03 -5.1748E-02  6.9811E-02
   162.00000000000000     
 -5.2750E-02  6.9820E-02  3.2696E-03 -6.6198E-03  8.3454E-03  1.0043E-02
 -2.4463E-04  7.3405E-06 -5.4151E-03 -7.1124E-04 -4.4637E-02  5.0774E-02
 -4.4637E-02  5.0774E-02  5.4151E-03  7.1124E-04 -2.4463E-04  7.3405E-06
 -8.3454E-03 -1.0043E-02 -3.2696E-03  6.6198E-03 -5.2750E-02  6.9820E-02
   162.50000000000000     
 -5.3732E-02  6.9824E-02  3.1690E-03 -6.4607E-03  8.1299E-03  9.8333E-03
 -2.3073E-04  8.2385E-06 -5.2625E-03 -7.1280E-04 -4.5371E-02  5.0785E-02
 -4.5371E-02  5.0785E-02  5.2625E-03  7.1280E-04 -2.3073E-04  8.2385E-06
 -8.1299E-03 -9.8333E-03 -3.1690E-03  6.4607E-03 -5.3732E-02  6.9824E-02
   163.00000000000000     
 -5.4693E-02  6.9826E-02  3.0691E-03 -6.2996E-03  7.9130E-03  9.6176E-03
 -2.1726E-04  8.9762E-06 -5.1100E-03 -7.1266E-04 -4.6090E-02  5.0794E-02
 -4.6090E-02  5.0794E-02  5.1100E-03  7.1266E-04 -2.1726E-04  8.9762E-06
 -7.9130E-03 -9.6176E-03 -3.0691E-03  6.2996E-03 -5.4693E-02  6.9826E-02
   163.50000000000000     
 -5.5633E-02  6.9824E-02  2.9699E-03 -6.1366E-03  7.6948E-03  9.3966E-03
 -2.0424E-04  9.5637E-06 -4.9575E-03 -7.1085E-04 -4.6793E-02  5.0801E-02
 -4.6793E-02  5.0801E-02  4.9575E-03  7.1085E-04 -2.0424E-04  9.5637E-06
 -7.6948E-03 -9.3966E-03 -2.9699E-03  6.1366E-03 -5.5633E-02  6.9824E-02
   164.00000000000000     
 -5.6551E-02  6.9820E-02  2.8714E-03 -5.9716E-03  7.4753E-03  9.1703E-03
 -1.9166E-04  1.0011E-05 -4.8052E-03 -7.0741E-04 -4.7479E-02  5.0805E-02
 -4.7479E-02  5.0805E-02  4.8052E-03  7.0741E-04 -1.9166E-04  1.0011E-05
 -7.4753E-03 -9.1703E-03 -2.8714E-03  5.9716E-03 -5.6551E-02  6.9820E-02
   164.50000000000000     
 -5.7447E-02  6.9813E-02  2.7735E-03 -5.8049E-03  7.2545E-03  8.9388E-03
 -1.7950E-04  1.0328E-05 -4.6529E-03 -7.0237E-04 -4.8148E-02  5.0807E-02
 -4.8148E-02  5.0807E-02  4.6529E-03  7.0237E-04 -1.7950E-04  1.0328E-05
 -7.2545E-03 -8.9388E-03 -2.7735E-03  5.8049E-03 -5.7447E-02  6.9813E-02
   165.00000000000000     
 -5.8321E-02  6.9804E-02  2.6763E-03 -5.6363E-03  7.0326E-03  8.7024E-03
 -1.6777E-04  1.0524E-05 -4.5008E-03 -6.9578E-04 -4.8801E-02  5.0808E-02
 -4.8801E-02  5.0808E-02  4.5008E-03  6.9578E-04 -1.6777E-04  1.0524E-05
 -7.0326E-03 -8.7024E-03 -2.6763E-03  5.6363E-03 -5.8321E-02  6.9804E-02
   165.50000000000000     
 -5.9171E-02  6.9792E-02  2.5798E-03 -5.4660E-03  6.8094E-03  8.4610E-03
 -1.5647E-04  1.0609E-05 -4.3488E-03 -6.8767E-04 -4.9435E-02  5.0807E-02
 -4.9435E-02  5.0807E-02  4.3488E-03  6.8767E-04 -1.5647E-04  1.0609E-05
 -6.8094E-03 -8.4610E-03 -2.5798E-03  5.4660E-03 -5.9171E-02  6.9792E-02
   166.00000000000000     
 -5.9997E-02  6.9778E-02  2.4839E-03 -5.2939E-03  6.5851E-03  8.2148E-03
 -1.4559E-04  1.0592E-05 -4.1969E-03 -6.7809E-04 -5.0052E-02  5.0804E-02
 -5.0052E-02  5.0804E-02  4.1969E-03  6.7809E-04 -1.4559E-04  1.0592E-05
 -6.5851E-03 -8.2148E-03 -2.4839E-03  5.2939E-03 -5.9997E-02  6.9778E-02
   166.50000000000000     
 -6.0799E-02  6.9763E-02  2.3887E-03 -5.1202E-03  6.3597E-03  7.9640E-03
 -1.3513E-04  1.0483E-05 -4.0451E-03 -6.6707E-04 -5.0651E-02  5.0800E-02
 -5.0651E-02  5.0800E-02  4.0451E-03  6.6707E-04 -1.3513E-04  1.0483E-05
 -6.3597E-03 -7.9640E-03 -2.3887E-03  5.1202E-03 -6.0799E-02  6.9763E-02
   167.00000000000000     
 -6.1577E-02  6.9747E-02  2.2941E-03 -4.9449E-03  6.1332E-03  7.7087E-03
 -1.2508E-04  1.0291E-05 -3.8935E-03 -6.5466E-04 -5.1231E-02  5.0794E-02
 -5.1231E-02  5.0794E-02  3.8935E-03  6.5466E-04 -1.2508E-04  1.0291E-05
 -6.1332E-03 -7.7087E-03 -2.2941E-03  4.9449E-03 -6.1577E-02  6.9747E-02
   167.50000000000000     
 -6.2329E-02  6.9729E-02  2.2002E-03 -4.7680E-03  5.9057E-03  7.4491E-03
 -1.1544E-04  1.0025E-05 -3.7421E-03 -6.4090E-04 -5.1792E-02  5.0788E-02
 -5.1792E-02  5.0788E-02  3.7421E-03  6.4090E-04 -1.1544E-04  1.0025E-05
 -5.9057E-03 -7.4491E-03 -2.2002E-03  4.7680E-03 -6.2329E-02  6.9729E-02
   168.00000000000000     
 -6.3055E-02  6.9710E-02  2.1069E-03 -4.5895E-03  5.6772E-03  7.1852E-03
 -1.0621E-04  9.6930E-06 -3.5908E-03 -6.2583E-04 -5.2333E-02  5.0780E-02
 -5.2333E-02  5.0780E-02  3.5908E-03  6.2583E-04 -1.0621E-04  9.6930E-06
 -5.6772E-03 -7.1852E-03 -2.1069E-03  4.5895E-03 -6.3055E-02  6.9710E-02
   168.50000000000000     
 -6.3755E-02  6.9690E-02  2.0141E-03 -4.4096E-03  5.4478E-03  6.9173E-03
 -9.7381E-05  9.3043E-06 -3.4397E-03 -6.0950E-04 -5.2855E-02  5.0772E-02
 -5.2855E-02  5.0772E-02  3.4397E-03  6.0950E-04 -9.7381E-05  9.3043E-06
 -5.4478E-03 -6.9173E-03 -2.0141E-03  4.4096E-03 -6.3755E-02  6.9690E-02
   169.00000000000000     
 -6.4429E-02  6.9669E-02  1.9220E-03 -4.2283E-03  5.2175E-03  6.6454E-03
 -8.8956E-05  8.8669E-06 -3.2887E-03 -5.9195E-04 -5.3358E-02  5.0763E-02
 -5.3358E-02  5.0763E-02  3.2887E-03  5.9195E-04 -8.8956E-05  8.8669E-06
 -5.2175E-03 -6.6454E-03 -1.9220E-03  4.2283E-03 -6.4429E-02  6.9669E-02
   169.50000000000000     
 -6.5076E-02  6.9649E-02  1.8304E-03 -4.0457E-03  4.9863E-03  6.3698E-03
 -8.0929E-05  8.3890E-06 -3.1379E-03 -5.7324E-04 -5.3839E-02  5.0754E-02
 -5.3839E-02  5.0754E-02  3.1379E-03  5.7324E-04 -8.0929E-05  8.3890E-06
 -4.9863E-03 -6.3698E-03 -1.8304E-03  4.0457E-03 -6.5076E-02  6.9649E-02
   170.00000000000000     
 -6.5695E-02  6.9627E-02  1.7394E-03 -3.8617E-03  4.7542E-03  6.0905E-03
 -7.3298E-05  7.8782E-06 -2.9872E-03 -5.5341E-04 -5.4301E-02  5.0744E-02
 -5.4301E-02  5.0744E-02  2.9872E-03  5.5341E-04 -7.3298E-05  7.8782E-06
 -4.7542E-03 -6.0905E-03 -1.7394E-03  3.8617E-03 -6.5695E-02  6.9627E-02
   170.50000000000000     
 -6.6287E-02  6.9606E-02  1.6490E-03 -3.6765E-03  4.5214E-03  5.8078E-03
 -6.6058E-05  7.3421E-06 -2.8367E-03 -5.3250E-04 -5.4742E-02  5.0734E-02
 -5.4742E-02  5.0734E-02  2.8367E-03  5.3250E-04 -6.6058E-05  7.3421E-06
 -4.5214E-03 -5.8078E-03 -1.6490E-03  3.6765E-03 -6.6287E-02  6.9606E-02
   171.00000000000000     
 -6.6850E-02  6.9585E-02  1.5590E-03 -3.4901E-03  4.2878E-03  5.5218E-03
 -5.9208E-05  6.7881E-06 -2.6864E-03 -5.1057E-04 -5.5161E-02  5.0723E-02
 -5.5161E-02  5.0723E-02  2.6864E-03  5.1057E-04 -5.9208E-05  6.7881E-06
 -4.2878E-03 -5.5218E-03 -1.5590E-03  3.4901E-03 -6.6850E-02  6.9585E-02
   171.50000000000000     
 -6.7385E-02  6.9564E-02  1.4695E-03 -3.3025E-03  4.0536E-03  5.2326E-03
 -5.2744E-05  6.2229E-06 -2.5362E-03 -4.8767E-04 -5.5560E-02  5.0713E-02
 -5.5560E-02  5.0713E-02  2.5362E-03  4.8767E-04 -5.2744E-05  6.2229E-06
 -4.0536E-03 -5.2326E-03 -1.4695E-03  3.3025E-03 -6.7385E-02  6.9564E-02
   172.00000000000000     
 -6.7891E-02  6.9543E-02  1.3805E-03 -3.1139E-03  3.8186E-03  4.9405E-03
 -4.6665E-05  5.6532E-06 -2.3862E-03 -4.6384E-04 -5.5937E-02  5.0702E-02
 -5.5937E-02  5.0702E-02  2.3862E-03  4.6384E-04 -4.6665E-05  5.6532E-06
 -3.8186E-03 -4.9405E-03 -1.3805E-03  3.1139E-03 -6.7891E-02  6.9543E-02
   172.50000000000000     
 -6.8369E-02  6.9523E-02  1.2920E-03 -2.9243E-03  3.5830E-03  4.6455E-03
 -4.0967E-05  5.0854E-06 -2.2363E-03 -4.3913E-04 -5.6292E-02  5.0692E-02
 -5.6292E-02  5.0692E-02  2.2363E-03  4.3913E-04 -4.0967E-05  5.0854E-06
 -3.5830E-03 -4.6455E-03 -1.2920E-03  2.9243E-03 -6.8369E-02  6.9523E-02
   173.00000000000000     
 -6.8816E-02  6.9503E-02  1.2039E-03 -2.7337E-03  3.3468E-03  4.3479E-03
 -3.5648E-05  4.5254E-06 -2.0865E-03 -4.1361E-04 -5.6626E-02  5.0682E-02
 -5.6626E-02  5.0682E-02  2.0865E-03  4.1361E-04 -3.5648E-05  4.5254E-06
 -3.3468E-03 -4.3479E-03 -1.2039E-03  2.7337E-03 -6.8816E-02  6.9503E-02
   173.50000000000000     
 -6.9234E-02  6.9484E-02  1.1162E-03 -2.5422E-03  3.1101E-03  4.0478E-03
 -3.0707E-05  3.9788E-06 -1.9369E-03 -3.8731E-04 -5.6937E-02  5.0672E-02
 -5.6937E-02  5.0672E-02  1.9369E-03  3.8731E-04 -3.0707E-05  3.9788E-06
 -3.1101E-03 -4.0478E-03 -1.1162E-03  2.5422E-03 -6.9234E-02  6.9484E-02
   174.00000000000000     
 -6.9623E-02  6.9466E-02  1.0288E-03 -2.3499E-03  2.8728E-03  3.7454E-03
 -2.6140E-05  3.4511E-06 -1.7874E-03 -3.6030E-04 -5.7226E-02  5.0663E-02
 -5.7226E-02  5.0663E-02  1.7874E-03  3.6030E-04 -2.6140E-05  3.4511E-06
 -2.8728E-03 -3.7454E-03 -1.0288E-03  2.3499E-03 -6.9623E-02  6.9466E-02
   174.50000000000000     
 -6.9981E-02  6.9450E-02  9.4182E-04 -2.1568E-03  2.6351E-03  3.4408E-03
 -2.1945E-05  2.9470E-06 -1.6380E-03 -3.3263E-04 -5.7492E-02  5.0654E-02
 -5.7492E-02  5.0654E-02  1.6380E-03  3.3263E-04 -2.1945E-05  2.9470E-06
 -2.6351E-03 -3.4408E-03 -9.4182E-04  2.1568E-03 -6.9981E-02  6.9450E-02
   175.00000000000000     
 -7.0308E-02  6.9434E-02  8.5515E-04 -1.9630E-03  2.3969E-03  3.1343E-03
 -1.8122E-05  2.4712E-06 -1.4887E-03 -3.0434E-04 -5.7736E-02  5.0645E-02
 -5.7736E-02  5.0645E-02  1.4887E-03  3.0434E-04 -1.8122E-05  2.4712E-06
 -2.3969E-03 -3.1343E-03 -8.5515E-04  1.9630E-03 -7.0308E-02  6.9434E-02
   175.50000000000000     
 -7.0605E-02  6.9419E-02  7.6878E-04 -1.7685E-03  2.1584E-03  2.8260E-03
 -1.4668E-05  2.0278E-06 -1.3395E-03 -2.7550E-04 -5.7957E-02  5.0638E-02
 -5.7957E-02  5.0638E-02  1.3395E-03  2.7550E-04 -1.4668E-05  2.0278E-06
 -2.1584E-03 -2.8260E-03 -7.6878E-04  1.7685E-03 -7.0605E-02  6.9419E-02
   176.00000000000000     
 -7.0872E-02  6.9406E-02  6.8268E-04 -1.5735E-03  1.9194E-03  2.5161E-03
 -1.1582E-05  1.6208E-06 -1.1905E-03 -2.4616E-04 -5.8155E-02  5.0631E-02
 -5.8155E-02  5.0631E-02  1.1905E-03  2.4616E-04 -1.1582E-05  1.6208E-06
 -1.9194E-03 -2.5161E-03 -6.8268E-04  1.5735E-03 -7.0872E-02  6.9406E-02
   176.50000000000000     
 -7.1107E-02  6.9394E-02  5.9681E-04 -1.3780E-03  1.6802E-03  2.2048E-03
 -8.8626E-06  1.2535E-06 -1.0415E-03 -2.1637E-04 -5.8330E-02  5.0624E-02
 -5.8330E-02  5.0624E-02  1.0415E-03  2.1637E-04 -8.8626E-06  1.2535E-06
 -1.6802E-03 -2.2048E-03 -5.9681E-04  1.3780E-03 -7.1107E-02  6.9394E-02
   177.00000000000000     
 -7.1311E-02  6.9384E-02  5.1116E-04 -1.1820E-03  1.4407E-03  1.8921E-03
 -6.5081E-06  9.2891E-07 -8.9254E-04 -1.8619E-04 -5.8482E-02  5.0618E-02
 -5.8482E-02  5.0618E-02  8.9254E-04  1.8619E-04 -6.5081E-06  9.2891E-07
 -1.4407E-03 -1.8921E-03 -5.1116E-04  1.1820E-03 -7.1311E-02  6.9384E-02
   177.50000000000000     
 -7.1484E-02  6.9375E-02  4.2569E-04 -9.8556E-04  1.2009E-03  1.5784E-03
 -4.5176E-06  6.4979E-07 -7.4368E-04 -1.5567E-04 -5.8611E-02  5.0614E-02
 -5.8611E-02  5.0614E-02  7.4368E-04  1.5567E-04 -4.5176E-06  6.4979E-07
 -1.2009E-03 -1.5784E-03 -4.2569E-04  9.8556E-04 -7.1484E-02  6.9375E-02
   178.00000000000000     
 -7.1626E-02  6.9367E-02  3.4037E-04 -7.8884E-04  9.6099E-04  1.2638E-03
 -2.8902E-06  4.1833E-07 -5.9488E-04 -1.2488E-04 -5.8716E-02  5.0610E-02
 -5.8716E-02  5.0610E-02  5.9488E-04  1.2488E-04 -2.8902E-06  4.1833E-07
 -9.6099E-04 -1.2638E-03 -3.4037E-04  7.8884E-04 -7.1626E-02  6.9367E-02
   178.50000000000000     
 -7.1736E-02  6.9362E-02  2.5517E-04 -5.9186E-04  7.2088E-04  9.4852E-04
 -1.6253E-06  2.3639E-07 -4.4612E-04 -9.3854E-05 -5.8798E-02  5.0606E-02
 -5.8798E-02  5.0606E-02  4.4612E-04  9.3854E-05 -1.6253E-06  2.3639E-07
 -7.2088E-04 -9.4852E-04 -2.5517E-04  5.9186E-04 -7.1736E-02  6.9362E-02
   179.00000000000000     
 -7.1815E-02  6.9357E-02  1.7006E-04 -3.9468E-04  4.8066E-04  6.3265E-04
 -7.2223E-07  1.0541E-07 -2.9740E-04 -6.2663E-05 -5.8857E-02  5.0604E-02
 -5.8857E-02  5.0604E-02  2.9740E-04  6.2663E-05 -7.2223E-07  1.0541E-07
 -4.8066E-04 -6.3265E-04 -1.7006E-04  3.9468E-04 -7.1815E-02  6.9357E-02
   179.50000000000000     
 -7.1863E-02  6.9355E-02  8.5016E-05 -1.9737E-04  2.4035E-04  3.1641E-04
 -1.8054E-07  2.6403E-08 -1.4869E-04 -3.1360E-05 -5.8892E-02  5.0603E-02
 -5.8892E-02  5.0603E-02  1.4869E-04  3.1360E-05 -1.8054E-07  2.6403E-08
 -2.4035E-04 -3.1641E-04 -8.5016E-05  1.9737E-04 -7.1863E-02  6.9355E-02
   180.00000000000000     
 -7.1878E-02  6.9354E-02  0.0000E+00  0.0000E+00  0.0000E+00  0.0000E+00
  0.0000E+00  0.0000E+00  0.0000E+00  0.0000E+00 -5.8904E-02  5.0602E-02
 -5.8904E-02  5.0602E-02  0.0000E+00  0.0000E+00  0.0000E+00  0.0000E+00
  0.0000E+00  0.0000E+00  0.0000E+00  0.0000E+00 -7.1878E-02  6.9354E-02
