Running on jalapeno
 FRESCOX - version 7.2-4-g8e5699f: Coupled Reaction Channels             on gfortran                      

 Assuming NAMELIST input.

 9Be(6Li,d)13C at 32 MeV -- 7.688 MeV trapped state: L=1/L=3 mixing scan                                                 

   0.100  25.000   0.100   0.100  15.000   1.000   0.000   0.000   0.000   0.000

 Centre-of-mass Range is    252 * 0.1000 fm., Maximum at  25.00 fm., Interpolating NL forms every  0.10 fm.
 Non - locality width is    151 * 0.1000 fm., Maximum of  15.00 fm., Centred at  1.00 fm.
 2-Nucleon Separation of      0 * 0.1000 fm., Maximum of   0.00 fm., Minimum at  0.00 fm.
 Maximum single particle bins of 25.0000 fm.
               M,Mint =          251         251


 Range of total J is     0.0 <= J <=    30.0 (at least     0.0) and Absorbtion =>     0.0000 mb.
 Dry Run = F, CC set limits =  0  0, Relativistic kinematics =   , Both/Far/Near Analyses =  1                     

 Cross Sections (and up to T0 for 0=projectile) for Theta from   0.0 to 180.0 in steps of  0.5 degrees, DGAM=0, grace=T,  Coordinates = 1 (Mads,Tran)

 Lower Radial Cutoff = maximum of -1.60*L*h &       0.0 fm.,  Lower Cutoff for Couplings =   0.0  fm.


 Iterate Couplings between   1 and   1 times, to  0.000 % if sooner.                                          
  Block solved exactly =   1 chs., with Pade = 0 & Isocen =  =0, NOSOL = F, CCREAL = F, initwf =  0
    Small channels are  0.00E+00 and small couplings are  1.00E-12 of unitarity

  NL quadrature with   48 Gaussian points, Calculate multipoles up to    40 from   0
  M-transfers for lp+lt greater than or equal to  6, Angular Integration Cutoff below  0.3906 %


 Trace switches are :  CHANS =  1, LISTCC =  1, TRENEG =  0, CDETR =  0, SMATS =  1, XSTABL =  3, NLPL =  0

                       WAVES =  0, LAMPL = -2, VEFF =  1, KFUS =  0, WDISK =  2, BPM =  2, MELFIL =  0

                       CDCC =  0, NFUS =  0, TCFILE =  0

 Using unit mass = 1.000000 amu and 1/fine-structure constant = 137.03599 ( 1.000000 * true ) with hc = 197.32705 MeV.fm,
  thus 2*amu/hbar^2 = 0.0478450 = 1/20.9008 and Coulomb constant = 0.1574855 so e^2 =  1.43996515, and nuclear magneton= 0.1261183

 Now pre-scan input and save to file 3



 *********** PARTITION NUMBER  1 ******************************************************************************************

   PROJ=6Li        MASS=  6.0151 Z=   3.0,        # STATES=    1T, TARG=9Be      MASS=  9.0121 Z=   4.0,     Q-VALUE =   0.0000 MeV

   MIXPOT =  0: no couplings (default)

     1:  J= 1.0+ (B# 1), E=  0.0000, K= 0.0              Potl#  1       J= 1.5- (B#-1), E=  0.0000, K= 0.5    


 *********** PARTITION NUMBER  2 ******************************************************************************************

   PROJ=2H         MASS=  2.0141 Z=   1.0,        # STATES=    1T, TARG=13C_L1   MASS= 13.0034 Z=   6.0,     Q-VALUE =   9.1730 MeV

   MIXPOT =  0: no couplings (default)

     1:  J= 1.0+ (B# 1), E=  0.0000, K= 0.0              Potl#  2       J= 1.5+ (B# 1), E=  7.6880, K= 0.5    


 *********** PARTITION NUMBER  3 ******************************************************************************************

   PROJ=2H         MASS=  2.0141 Z=   1.0,        # STATES=    1T, TARG=13C_L3   MASS= 13.0034 Z=   6.0,     Q-VALUE =   9.1730 MeV

   MIXPOT =  0: no couplings (default)

     1:  J= 1.0+ (B# 1), E=  0.0000, K= 0.0              Potl#  2       J= 1.5+ (B# 1), E=  7.6880, K= 0.5    


 *********** PARTITION NUMBER  4 ******************************************************************************************

   PROJ=2H         MASS=  2.0141 Z=   1.0,        # STATES=    1T, TARG=13C_1090 MASS= 13.0034 Z=   6.0,     Q-VALUE =   9.1730 MeV

   MIXPOT =  0: no couplings (default)

     1:  J= 1.0+ (B# 1), E=  0.0000, K= 0.0              Potl#  2       J= 1.5+ (B# 1), E=  7.6880, K= 0.5    


 *********** PARTITION NUMBER  5 ******************************************************************************************

   PROJ=2H         MASS=  2.0141 Z=   1.0,        # STATES=    1T, TARG=13C_VOLY MASS= 13.0034 Z=   6.0,     Q-VALUE =   9.1730 MeV

   MIXPOT =  0: no couplings (default)

     1:  J= 1.0+ (B# 1), E=  0.0000, K= 0.0              Potl#  2       J= 1.5+ (B# 1), E=  7.6880, K= 0.5    


 *********** PARTITION NUMBER  6 ******************************************************************************************

   PROJ=2H         MASS=  2.0141 Z=   1.0,        # STATES=    1T, TARG=13C_2575 MASS= 13.0034 Z=   6.0,     Q-VALUE =   9.1730 MeV

   MIXPOT =  0: no couplings (default)

     1:  J= 1.0+ (B# 1), E=  0.0000, K= 0.0              Potl#  2       J= 1.5+ (B# 1), E=  7.6880, K= 0.5    


 *********** PARTITION NUMBER  7 ******************************************************************************************

   PROJ=2H         MASS=  2.0141 Z=   1.0,        # STATES=    1T, TARG=13C_5050 MASS= 13.0034 Z=   6.0,     Q-VALUE =   9.1730 MeV

   MIXPOT =  0: no couplings (default)

     1:  J= 1.0+ (B# 1), E=  0.0000, K= 0.0              Potl#  2       J= 1.5+ (B# 1), E=  7.6880, K= 0.5    


 *********** PARTITION NUMBER  8 ******************************************************************************************

   PROJ=2H         MASS=  2.0141 Z=   1.0,        # STATES=    1T, TARG=13C_7525 MASS= 13.0034 Z=   6.0,     Q-VALUE =   9.1730 MeV

   MIXPOT =  0: no couplings (default)

     1:  J= 1.0+ (B# 1), E=  0.0000, K= 0.0              Potl#  2       J= 1.5+ (B# 1), E=  7.6880, K= 0.5    


 *********** PARTITION NUMBER  9 ******************************************************************************************

   PROJ=2H         MASS=  2.0141 Z=   1.0,        # STATES=    1T, TARG=13C_9010 MASS= 13.0034 Z=   6.0,     Q-VALUE =   9.1730 MeV

   MIXPOT =  0: no couplings (default)

     1:  J= 1.0+ (B# 1), E=  0.0000, K= 0.0              Potl#  2       J= 1.5+ (B# 1), E=  7.6880, K= 0.5    


 ************************************************************************************************************************************

 The following POTENTIALS are defined :

  KP#       TYPE      IT    SHAPE      at     V1        r1        a1        V2        r2        a2        A-in     A-used


                                            A#1       A#2        r0c       ac                                                h @ 1
    1    0=Coulomb       0=CHARGE (WS)  1     9.000     0.000    2.3400    0.0000    0.0000    0.0000     0.000     9.000   0.10000

    1    1=Volume        0=Woods-Saxon  2  174.0000    1.2200    0.7500    5.8400    2.8100    0.6300     0.000     9.000
   --------------------------------------------------------------------------------------------------------------------

                                            A#1       A#2        r0c       ac                                                h @ 9
    2    0=Coulomb       0=CHARGE (WS)  3    13.000     0.000    1.3000    0.0000    0.0000    0.0000     0.000    13.000   0.10000

    2    1=Volume        0=Woods-Saxon  4   92.4100    1.0380    0.7900    0.0000    0.0000    0.0000     0.000    13.000

    2    2=Surface       0=Woods-Saxon  5    0.0000    0.0000    0.0000    9.7500    1.4260    0.6930     0.000    13.000
   --------------------------------------------------------------------------------------------------------------------

                                            A#1       A#2        r0c       ac                                                h @ 0
    3    0=Coulomb       0=CHARGE (WS)  6     1.000     0.000    1.9000    0.0000    0.0000    0.0000     0.000     1.000   0.10000

    3    1=Volume        0=Woods-Saxon  7   79.9000    1.9000    0.6500    0.0000    0.0000    0.0000     0.000     1.000
   --------------------------------------------------------------------------------------------------------------------

                                            A#1       A#2        r0c       ac                                                h @ 0
    4    0=Coulomb       0=CHARGE (WS)  8     1.000     0.000    2.7600    0.0000    0.0000    0.0000     0.000     1.000   0.10000

    4    1=Volume        0=Woods-Saxon  9   50.0000    2.7600    0.6500    0.0000    0.0000    0.0000     0.000     1.000


 ************************************************************************************************************************************

 The following    real SINGLE-PARTICLE FORM FACTORS are  constructed:


 No.   P1 P2 IN KIND T N  L  S1 IA J/S  IB BIND XFER  BE    SC PC FIL AFRAC Adjust  to  Z  Mass   K     Norm    rms      D0     D   ANC/Gsp

    1:  2  1  1  0     2  0 0.0  1 0.0   0   3   0   1.4740  1  0  0 0.0000 VR  0.9698; 2. 4.001 0.3074 1.0000  4.068   68.1   61.5 -2.5409

    2:  1  2  2  0     3  1 0.0  1 1.0   0   4   0   2.9680  1  0  0 0.0000 VR  1.7422; 2. 3.991 0.6267 1.0000  3.561  -60.6  105.3 84.6084

    3:  3  1  1  0     2  0 0.0  1 0.0   0   3   0   1.4740  1  0  0 0.0000 VR  0.9698; 2. 4.001 0.3074 1.0000  4.068   68.1   61.5 -2.5409

    4:  1  3  2  0     2  3 0.0  1 3.0   0   4   0   2.9680  1  0  0 0.0000 VR  1.8039; 2. 3.991 0.6267 1.0000  3.231    1.5  -17.4-17.1439

    5:  4  1  1  0     2  0 0.0  1 0.0   0   3   0   1.4740  1  0  0 0.0000 VR  0.9698; 2. 4.001 0.3074 1.0000  4.068   68.1   61.5 -2.5409

    6:  1  4  2  0     3  1 0.0  1 1.0   0   4   0   2.9680  1  0  0 0.0000 VR  1.7422; 2. 3.991 0.6267 1.0000  3.561  -60.6  105.3 84.6084

    7:  1  4  2  0     2  3 0.0  1 3.0   0   4   0   2.9680  1  0  0 0.0000 VR  1.8039; 2. 3.991 0.6267 1.0000  3.231    1.5  -17.4-17.1439

    8:  5  1  1  0     2  0 0.0  1 0.0   0   3   0   1.4740  1  0  0 0.0000 VR  0.9698; 2. 4.001 0.3074 1.0000  4.068   68.1   61.5 -2.5409

    9:  1  5  2  0     3  1 0.0  1 1.0   0   4   0   2.9680  1  0  0 0.0000 VR  1.7422; 2. 3.991 0.6267 1.0000  3.561  -60.6  105.3 84.6084

   10:  1  5  2  0     2  3 0.0  1 3.0   0   4   0   2.9680  1  0  0 0.0000 VR  1.8039; 2. 3.991 0.6267 1.0000  3.231    1.5  -17.4-17.1439

   11:  6  1  1  0     2  0 0.0  1 0.0   0   3   0   1.4740  1  0  0 0.0000 VR  0.9698; 2. 4.001 0.3074 1.0000  4.068   68.1   61.5 -2.5409

   12:  1  6  2  0     3  1 0.0  1 1.0   0   4   0   2.9680  1  0  0 0.0000 VR  1.7422; 2. 3.991 0.6267 1.0000  3.561  -60.6  105.3 84.6084

   13:  1  6  2  0     2  3 0.0  1 3.0   0   4   0   2.9680  1  0  0 0.0000 VR  1.8039; 2. 3.991 0.6267 1.0000  3.231    1.5  -17.4-17.1439

   14:  7  1  1  0     2  0 0.0  1 0.0   0   3   0   1.4740  1  0  0 0.0000 VR  0.9698; 2. 4.001 0.3074 1.0000  4.068   68.1   61.5 -2.5409

   15:  1  7  2  0     3  1 0.0  1 1.0   0   4   0   2.9680  1  0  0 0.0000 VR  1.7422; 2. 3.991 0.6267 1.0000  3.561  -60.6  105.3 84.6084

   16:  1  7  2  0     2  3 0.0  1 3.0   0   4   0   2.9680  1  0  0 0.0000 VR  1.8039; 2. 3.991 0.6267 1.0000  3.231    1.5  -17.4-17.1439

   17:  8  1  1  0     2  0 0.0  1 0.0   0   3   0   1.4740  1  0  0 0.0000 VR  0.9698; 2. 4.001 0.3074 1.0000  4.068   68.1   61.5 -2.5409

   18:  1  8  2  0     3  1 0.0  1 1.0   0   4   0   2.9680  1  0  0 0.0000 VR  1.7422; 2. 3.991 0.6267 1.0000  3.561  -60.6  105.3 84.6084

   19:  1  8  2  0     2  3 0.0  1 3.0   0   4   0   2.9680  1  0  0 0.0000 VR  1.8039; 2. 3.991 0.6267 1.0000  3.231    1.5  -17.4-17.1439

   20:  9  1  1  0     2  0 0.0  1 0.0   0   3   0   1.4740  1  0  0 0.0000 VR  0.9698; 2. 4.001 0.3074 1.0000  4.068   68.1   61.5 -2.5409

   21:  1  9  2  0     3  1 0.0  1 1.0   0   4   0   2.9680  1  0  0 0.0000 VR  1.7422; 2. 3.991 0.6267 1.0000  3.561  -60.6  105.3 84.6084

   22:  1  9  2  0     2  3 0.0  1 3.0   0   4   0   2.9680  1  0  0 0.0000 VR  1.8039; 2. 3.991 0.6267 1.0000  3.231    1.5  -17.4-17.1439

 ************************************************************************************************************************************

 ONE-way COUPLING # 1 for partitions -2 <-  1 of KIND  7,   0 -1  0 -1 -1 & P1,P2 =    0.0000   0.0000 : for J <=    30.5 & R <  24.7 fm.


 data =  1  1  1  1  0.8307,  so  < [6Li      #  1] / [2H       #  1]  * Eigen-form #  1>  =   0.8307            BE =  1.474     1

 data = -2  1  1  2  1.1500,  so  < [13C_L1   #  1] / [9Be      #  1]  * Eigen-form #  2>  =   1.1500            BE =  2.968     2
  LOCF =            9
  USED(1,*) =  T F F F F F F F F F F F F F F F F F F F F F
  USED(2,*) =  F T F F F F F F F F F F F F F F F F F F F F
 KNT =   2, KNP =   1: NK,NG,loc=   1   1   1      10  T  T  F
 KNT =   2, KNP =   1: NK,NG,loc=   1   1   1      10

     So FINITE-RANGE TRANSFER : IP1 = 0 (POST    ), IP2=-1 =COMPLEX     ,  for   1 pairs of bound states summed into   1 pairs
      The main coupling potential is that binding the transferred particle to the 2H       core.

          Using between 2H       & 9Be      the potential No.   2, and subtracting optical potential No.  2

   A real*8 is            8  bytes
   NLL,NLN,NLO =         248         252         151
0File   9 needs RL =   74896    REAL*8 numbers, and NR =    42. i.e.   25.17 Megabytes
   File            9  RECL =      606416
0RECOMMENDED NON-LOCAL WIDTH IS GREATER THAN   10.10 FM.,  RECOMMENDED CENTRATION  -0.05, after    0.15 secs.
0Relative non-local usages (rms) are
    0.004   0.004   0.005   0.005   0.006   0.007   0.007   0.009   0.010   0.012   0.015   0.019   0.025   0.031   0.039
    0.049   0.061   0.075   0.090   0.108   0.128   0.150   0.173   0.198   0.224   0.252   0.280   0.309   0.340   0.373
    0.412   0.460   0.526   0.619   0.753   0.943   1.201   1.542   1.983   2.539   3.232   4.084   5.117   6.356   7.817
    9.504  11.398  13.439  15.517  17.452  18.992  19.822  19.602  18.062  15.268  12.487  13.777  21.570  33.431  47.307
   61.794  75.581  87.357  95.866 100.000  98.912  91.331  79.574  64.984  49.753  35.562  23.658  14.856   9.502   7.111
    6.119   5.253   4.229   3.209   2.397   1.870   1.569   1.392   1.282   1.218   1.174   1.120   1.037   0.924   0.792
    0.658   0.539   0.449   0.391   0.361   0.348   0.341   0.332   0.320   0.303   0.283   0.261   0.238   0.215   0.192
    0.171   0.151   0.133   0.117   0.102   0.089   0.077   0.067   0.058   0.050   0.043   0.037   0.032   0.028   0.024
    0.021   0.018   0.015   0.013   0.011   0.010   0.009   0.007   0.006   0.005   0.005   0.004   0.004   0.003   0.003
    0.002   0.002   0.002   0.001   0.001   0.001   0.001   0.001   0.001   0.001   0.001   0.000   0.000   0.000   0.000
    0.000
0Binding Energies: (6Li      # 1 / 2H       # 1)(BE =  1.474)-(13C_L1   # 1 / 9Be      # 1)(BE =  2.968)- DISCREPANCY =  0.0090

 ************************************************************************************************************************************

 ONE-way COUPLING # 2 for partitions -3 <-  1 of KIND  7,   0 -1  0 -1 -1 & P1,P2 =    0.0000   0.0000 : for J <=    30.5 & R <  24.7 fm.


 data =  1  1  1  3  0.8307,  so  < [6Li      #  1] / [2H       #  1]  * Eigen-form #  3>  =   0.8307            BE =  1.474     3

 data = -2  1  1  4  1.0000,  so  < [13C_L3   #  1] / [9Be      #  1]  * Eigen-form #  4>  =   1.0000            BE =  2.968     4
  LOCF =            9
  USED(1,*) =  F F T F F F F F F F F F F F F F F F F F F F
  USED(2,*) =  F F F T F F F F F F F F F F F F F F F F F F
 KNT =   4, KNP =   3: NK,NG,loc=   1   1   1      10  T  T  F
 KNT =   4, KNP =   3: NK,NG,loc=   1   1   1      10

     So FINITE-RANGE TRANSFER : IP1 = 0 (POST    ), IP2=-1 =COMPLEX     ,  for   1 pairs of bound states summed into   1 pairs
      The main coupling potential is that binding the transferred particle to the 2H       core.

          Using between 2H       & 9Be      the potential No.   2, and subtracting optical potential No.  2

0RECOMMENDED NON-LOCAL WIDTH IS GREATER THAN    7.50 FM.,  RECOMMENDED CENTRATION  -1.05, after    0.15 secs.
0Relative non-local usages (rms) are
    0.002   0.002   0.002   0.003   0.003   0.004   0.004   0.005   0.006   0.007   0.008   0.010   0.012   0.015   0.020
    0.027   0.035   0.047   0.062   0.081   0.105   0.136   0.174   0.221   0.278   0.348   0.434   0.537   0.662   0.812
    0.993   1.210   1.469   1.778   2.144   2.576   3.085   3.681   4.377   5.189   6.133   7.230   8.499   9.960  11.627
   13.501  15.561  17.754  19.977  22.076  23.833  24.984  25.254  24.432  22.542  20.211  19.328  22.666  30.879  42.371
   55.450  68.723  80.931  90.892  97.536 100.000  97.167  90.276  80.189  68.293  55.770  43.617  32.594  23.192  15.636
    9.922   5.878   3.226   1.653   0.858   0.552   0.452   0.411   0.392   0.377   0.352   0.312   0.263   0.210   0.159
    0.115   0.080   0.054   0.036   0.027   0.023   0.021   0.020   0.018   0.017   0.015   0.013   0.011   0.010   0.008
    0.007   0.006   0.005   0.004   0.003   0.003   0.002   0.002   0.002   0.001   0.001   0.001   0.001   0.001   0.000
    0.000   0.000   0.000   0.000   0.000   0.000   0.000   0.000   0.000   0.000   0.000   0.000   0.000   0.000   0.000
    0.000   0.000   0.000   0.000   0.000   0.000   0.000   0.000   0.000   0.000   0.000   0.000   0.000   0.000   0.000
    0.000
0Binding Energies: (6Li      # 1 / 2H       # 1)(BE =  1.474)-(13C_L3   # 1 / 9Be      # 1)(BE =  2.968)- DISCREPANCY =  0.0090

 ************************************************************************************************************************************

 ONE-way COUPLING # 3 for partitions -4 <-  1 of KIND  7,   0 -1  0 -1 -1 & P1,P2 =    0.0000   0.0000 : for J <=    30.5 & R <  24.7 fm.


 data =  1  1  1  5  0.8307,  so  < [6Li      #  1] / [2H       #  1]  * Eigen-form #  5>  =   0.8307            BE =  1.474     5

 data =  2  1  1  6  0.3162,  so  < [13C_1090 #  1] / [9Be      #  1]  * Eigen-form #  6>  =   0.3162            BE =  2.968     6

 data = -2  1  1  7  0.9487,  so  < [13C_1090 #  1] / [9Be      #  1]  * Eigen-form #  7>  =   0.9487            BE =  2.968     7
  LOCF =            9
  USED(1,*) =  F F F F T F F F F F F F F F F F F F F F F F
  USED(2,*) =  F F F F F T T F F F F F F F F F F F F F F F
 KNT =   6, KNP =   5: NK,NG,loc=   1   1   1      10  T  T  F
 KNT =   6, KNP =   5: NK,NG,loc=   1   1   1      10
 KNT =   7, KNP =   5: NK,NG,loc=   2   2   2      11  T  T  F
 KNT =   7, KNP =   5: NK,NG,loc=   2   2   2      11

     So FINITE-RANGE TRANSFER : IP1 = 0 (POST    ), IP2=-1 =COMPLEX     ,  for   2 pairs of bound states summed into   2 pairs
      The main coupling potential is that binding the transferred particle to the 2H       core.

          Using between 2H       & 9Be      the potential No.   2, and subtracting optical potential No.  2

0RECOMMENDED NON-LOCAL WIDTH IS GREATER THAN   10.00 FM.,  RECOMMENDED CENTRATION   0.00, after    0.29 secs.
0Relative non-local usages (rms) are
    0.004   0.004   0.005   0.005   0.006   0.006   0.007   0.008   0.010   0.012   0.015   0.019   0.023   0.030   0.038
    0.047   0.058   0.072   0.087   0.105   0.126   0.148   0.174   0.202   0.233   0.267   0.305   0.348   0.397   0.455
    0.525   0.611   0.721   0.861   1.043   1.277   1.577   1.956   2.431   3.019   3.742   4.620   5.680   6.942   8.426
   10.134  12.046  14.107  16.204  18.164  19.737  20.617  20.473  19.053  16.427  13.758  14.648  21.780  33.220  46.853
   61.212  74.975  86.834  95.543 100.000  99.360  92.382  81.270  67.323  52.646  38.850  27.120  18.167  12.177   8.704
    6.745   5.353   4.127   3.065   2.266   1.763   1.479   1.313   1.209   1.149   1.107   1.055   0.976   0.869   0.744
    0.618   0.506   0.421   0.367   0.339   0.327   0.319   0.311   0.300   0.284   0.265   0.245   0.223   0.201   0.180
    0.160   0.142   0.125   0.109   0.095   0.083   0.072   0.063   0.054   0.047   0.041   0.035   0.030   0.026   0.023
    0.019   0.017   0.014   0.012   0.011   0.009   0.008   0.007   0.006   0.005   0.004   0.004   0.003   0.003   0.002
    0.002   0.002   0.002   0.001   0.001   0.001   0.001   0.001   0.001   0.001   0.000   0.000   0.000   0.000   0.000
    0.000
0Binding Energies: (6Li      # 1 / 2H       # 1)(BE =  1.474)-(13C_1090 # 1 / 9Be      # 1)(BE =  2.968)- DISCREPANCY =  0.0090

 ************************************************************************************************************************************

 ONE-way COUPLING # 4 for partitions -5 <-  1 of KIND  7,   0 -1  0 -1 -1 & P1,P2 =    0.0000   0.0000 : for J <=    30.5 & R <  24.7 fm.


 data =  1  1  1  8  0.8307,  so  < [6Li      #  1] / [2H       #  1]  * Eigen-form #  8>  =   0.8307            BE =  1.474     8

 data =  2  1  1  9  0.4418,  so  < [13C_VOLY #  1] / [9Be      #  1]  * Eigen-form #  9>  =   0.4418            BE =  2.968     9

 data = -2  1  1 10  0.8971,  so  < [13C_VOLY #  1] / [9Be      #  1]  * Eigen-form # 10>  =   0.8971            BE =  2.968    10
  LOCF =            9
  USED(1,*) =  F F F F F F F T F F F F F F F F F F F F F F
  USED(2,*) =  F F F F F F F F T T F F F F F F F F F F F F
 KNT =   9, KNP =   8: NK,NG,loc=   1   1   1      10  T  T  F
 KNT =   9, KNP =   8: NK,NG,loc=   1   1   1      10
 KNT =  10, KNP =   8: NK,NG,loc=   2   2   2      11  T  T  F
 KNT =  10, KNP =   8: NK,NG,loc=   2   2   2      11

     So FINITE-RANGE TRANSFER : IP1 = 0 (POST    ), IP2=-1 =COMPLEX     ,  for   2 pairs of bound states summed into   2 pairs
      The main coupling potential is that binding the transferred particle to the 2H       core.

          Using between 2H       & 9Be      the potential No.   2, and subtracting optical potential No.  2

0RECOMMENDED NON-LOCAL WIDTH IS GREATER THAN   10.00 FM.,  RECOMMENDED CENTRATION   0.00, after    0.30 secs.
0Relative non-local usages (rms) are
    0.004   0.004   0.005   0.005   0.006   0.006   0.007   0.008   0.010   0.012   0.015   0.019   0.023   0.030   0.038
    0.047   0.058   0.072   0.087   0.105   0.126   0.148   0.174   0.202   0.233   0.267   0.305   0.348   0.397   0.455
    0.525   0.611   0.721   0.861   1.043   1.277   1.577   1.956   2.431   3.019   3.742   4.620   5.680   6.942   8.426
   10.134  12.046  14.107  16.204  18.164  19.737  20.617  20.473  19.053  16.427  13.758  14.648  21.780  33.220  46.853
   61.212  74.975  86.834  95.543 100.000  99.360  92.382  81.270  67.323  52.646  38.850  27.120  18.167  12.177   8.704
    6.745   5.353   4.127   3.065   2.266   1.763   1.479   1.313   1.209   1.149   1.107   1.055   0.976   0.869   0.744
    0.618   0.506   0.421   0.367   0.339   0.327   0.319   0.311   0.300   0.284   0.265   0.245   0.223   0.201   0.180
    0.160   0.142   0.125   0.109   0.095   0.083   0.072   0.063   0.054   0.047   0.041   0.035   0.030   0.026   0.023
    0.019   0.017   0.014   0.012   0.011   0.009   0.008   0.007   0.006   0.005   0.004   0.004   0.003   0.003   0.002
    0.002   0.002   0.002   0.001   0.001   0.001   0.001   0.001   0.001   0.001   0.000   0.000   0.000   0.000   0.000
    0.000
0Binding Energies: (6Li      # 1 / 2H       # 1)(BE =  1.474)-(13C_VOLY # 1 / 9Be      # 1)(BE =  2.968)- DISCREPANCY =  0.0090

 ************************************************************************************************************************************

 ONE-way COUPLING # 5 for partitions -6 <-  1 of KIND  7,   0 -1  0 -1 -1 & P1,P2 =    0.0000   0.0000 : for J <=    30.5 & R <  24.7 fm.


 data =  1  1  1 11  0.8307,  so  < [6Li      #  1] / [2H       #  1]  * Eigen-form # 11>  =   0.8307            BE =  1.474    11

 data =  2  1  1 12  0.5000,  so  < [13C_2575 #  1] / [9Be      #  1]  * Eigen-form # 12>  =   0.5000            BE =  2.968    12

 data = -2  1  1 13  0.8660,  so  < [13C_2575 #  1] / [9Be      #  1]  * Eigen-form # 13>  =   0.8660            BE =  2.968    13
  LOCF =            9
  USED(1,*) =  F F F F F F F F F F T F F F F F F F F F F F
  USED(2,*) =  F F F F F F F F F F F T T F F F F F F F F F
 KNT =  12, KNP =  11: NK,NG,loc=   1   1   1      10  T  T  F
 KNT =  12, KNP =  11: NK,NG,loc=   1   1   1      10
 KNT =  13, KNP =  11: NK,NG,loc=   2   2   2      11  T  T  F
 KNT =  13, KNP =  11: NK,NG,loc=   2   2   2      11

     So FINITE-RANGE TRANSFER : IP1 = 0 (POST    ), IP2=-1 =COMPLEX     ,  for   2 pairs of bound states summed into   2 pairs
      The main coupling potential is that binding the transferred particle to the 2H       core.

          Using between 2H       & 9Be      the potential No.   2, and subtracting optical potential No.  2

0RECOMMENDED NON-LOCAL WIDTH IS GREATER THAN   10.00 FM.,  RECOMMENDED CENTRATION   0.00, after    0.32 secs.
0Relative non-local usages (rms) are
    0.004   0.004   0.005   0.005   0.006   0.006   0.007   0.008   0.010   0.012   0.015   0.019   0.023   0.030   0.038
    0.047   0.058   0.072   0.087   0.105   0.126   0.148   0.174   0.202   0.233   0.267   0.305   0.348   0.397   0.455
    0.525   0.611   0.721   0.861   1.043   1.277   1.577   1.956   2.431   3.019   3.742   4.620   5.680   6.942   8.426
   10.134  12.046  14.107  16.204  18.164  19.737  20.617  20.473  19.053  16.427  13.758  14.648  21.780  33.220  46.853
   61.212  74.975  86.834  95.543 100.000  99.360  92.382  81.270  67.323  52.646  38.850  27.120  18.167  12.177   8.704
    6.745   5.353   4.127   3.065   2.266   1.763   1.479   1.313   1.209   1.149   1.107   1.055   0.976   0.869   0.744
    0.618   0.506   0.421   0.367   0.339   0.327   0.319   0.311   0.300   0.284   0.265   0.245   0.223   0.201   0.180
    0.160   0.142   0.125   0.109   0.095   0.083   0.072   0.063   0.054   0.047   0.041   0.035   0.030   0.026   0.023
    0.019   0.017   0.014   0.012   0.011   0.009   0.008   0.007   0.006   0.005   0.004   0.004   0.003   0.003   0.002
    0.002   0.002   0.002   0.001   0.001   0.001   0.001   0.001   0.001   0.001   0.000   0.000   0.000   0.000   0.000
    0.000
0Binding Energies: (6Li      # 1 / 2H       # 1)(BE =  1.474)-(13C_2575 # 1 / 9Be      # 1)(BE =  2.968)- DISCREPANCY =  0.0090

 ************************************************************************************************************************************

 ONE-way COUPLING # 6 for partitions -7 <-  1 of KIND  7,   0 -1  0 -1 -1 & P1,P2 =    0.0000   0.0000 : for J <=    30.5 & R <  24.7 fm.


 data =  1  1  1 14  0.8307,  so  < [6Li      #  1] / [2H       #  1]  * Eigen-form # 14>  =   0.8307            BE =  1.474    14

 data =  2  1  1 15  0.7071,  so  < [13C_5050 #  1] / [9Be      #  1]  * Eigen-form # 15>  =   0.7071            BE =  2.968    15

 data = -2  1  1 16  0.7071,  so  < [13C_5050 #  1] / [9Be      #  1]  * Eigen-form # 16>  =   0.7071            BE =  2.968    16
  LOCF =            9
  USED(1,*) =  F F F F F F F F F F F F F T F F F F F F F F
  USED(2,*) =  F F F F F F F F F F F F F F T T F F F F F F
 KNT =  15, KNP =  14: NK,NG,loc=   1   1   1      10  T  T  F
 KNT =  15, KNP =  14: NK,NG,loc=   1   1   1      10
 KNT =  16, KNP =  14: NK,NG,loc=   2   2   2      11  T  T  F
 KNT =  16, KNP =  14: NK,NG,loc=   2   2   2      11

     So FINITE-RANGE TRANSFER : IP1 = 0 (POST    ), IP2=-1 =COMPLEX     ,  for   2 pairs of bound states summed into   2 pairs
      The main coupling potential is that binding the transferred particle to the 2H       core.

          Using between 2H       & 9Be      the potential No.   2, and subtracting optical potential No.  2

0RECOMMENDED NON-LOCAL WIDTH IS GREATER THAN   10.00 FM.,  RECOMMENDED CENTRATION   0.00, after    0.31 secs.
0Relative non-local usages (rms) are
    0.004   0.004   0.005   0.005   0.006   0.006   0.007   0.008   0.010   0.012   0.015   0.019   0.023   0.030   0.038
    0.047   0.058   0.072   0.087   0.105   0.126   0.148   0.174   0.202   0.233   0.267   0.305   0.348   0.397   0.455
    0.525   0.611   0.721   0.861   1.043   1.277   1.577   1.956   2.431   3.019   3.742   4.620   5.680   6.942   8.426
   10.134  12.046  14.107  16.204  18.164  19.737  20.617  20.473  19.053  16.427  13.758  14.648  21.780  33.220  46.853
   61.212  74.975  86.834  95.543 100.000  99.360  92.382  81.270  67.323  52.646  38.850  27.120  18.167  12.177   8.704
    6.745   5.353   4.127   3.065   2.266   1.763   1.479   1.313   1.209   1.149   1.107   1.055   0.976   0.869   0.744
    0.618   0.506   0.421   0.367   0.339   0.327   0.319   0.311   0.300   0.284   0.265   0.245   0.223   0.201   0.180
    0.160   0.142   0.125   0.109   0.095   0.083   0.072   0.063   0.054   0.047   0.041   0.035   0.030   0.026   0.023
    0.019   0.017   0.014   0.012   0.011   0.009   0.008   0.007   0.006   0.005   0.004   0.004   0.003   0.003   0.002
    0.002   0.002   0.002   0.001   0.001   0.001   0.001   0.001   0.001   0.001   0.000   0.000   0.000   0.000   0.000
    0.000
0Binding Energies: (6Li      # 1 / 2H       # 1)(BE =  1.474)-(13C_5050 # 1 / 9Be      # 1)(BE =  2.968)- DISCREPANCY =  0.0090

 ************************************************************************************************************************************

 ONE-way COUPLING # 7 for partitions -8 <-  1 of KIND  7,   0 -1  0 -1 -1 & P1,P2 =    0.0000   0.0000 : for J <=    30.5 & R <  24.7 fm.


 data =  1  1  1 17  0.8307,  so  < [6Li      #  1] / [2H       #  1]  * Eigen-form # 17>  =   0.8307            BE =  1.474    17

 data =  2  1  1 18  0.8660,  so  < [13C_7525 #  1] / [9Be      #  1]  * Eigen-form # 18>  =   0.8660            BE =  2.968    18

 data = -2  1  1 19  0.5000,  so  < [13C_7525 #  1] / [9Be      #  1]  * Eigen-form # 19>  =   0.5000            BE =  2.968    19
  LOCF =            9
  USED(1,*) =  F F F F F F F F F F F F F F F F T F F F F F
  USED(2,*) =  F F F F F F F F F F F F F F F F F T T F F F
 KNT =  18, KNP =  17: NK,NG,loc=   1   1   1      10  T  T  F
 KNT =  18, KNP =  17: NK,NG,loc=   1   1   1      10
 KNT =  19, KNP =  17: NK,NG,loc=   2   2   2      11  T  T  F
 KNT =  19, KNP =  17: NK,NG,loc=   2   2   2      11

     So FINITE-RANGE TRANSFER : IP1 = 0 (POST    ), IP2=-1 =COMPLEX     ,  for   2 pairs of bound states summed into   2 pairs
      The main coupling potential is that binding the transferred particle to the 2H       core.

          Using between 2H       & 9Be      the potential No.   2, and subtracting optical potential No.  2

0RECOMMENDED NON-LOCAL WIDTH IS GREATER THAN   10.00 FM.,  RECOMMENDED CENTRATION   0.00, after    0.31 secs.
0Relative non-local usages (rms) are
    0.004   0.004   0.005   0.005   0.006   0.006   0.007   0.008   0.010   0.012   0.015   0.019   0.023   0.030   0.038
    0.047   0.058   0.072   0.087   0.105   0.126   0.148   0.174   0.202   0.233   0.267   0.305   0.348   0.397   0.455
    0.525   0.611   0.721   0.861   1.043   1.277   1.577   1.956   2.431   3.019   3.742   4.620   5.680   6.942   8.426
   10.134  12.046  14.107  16.204  18.164  19.737  20.617  20.473  19.053  16.427  13.758  14.648  21.780  33.220  46.853
   61.212  74.975  86.834  95.543 100.000  99.360  92.382  81.270  67.323  52.646  38.850  27.120  18.167  12.177   8.704
    6.745   5.353   4.127   3.065   2.266   1.763   1.479   1.313   1.209   1.149   1.107   1.055   0.976   0.869   0.744
    0.618   0.506   0.421   0.367   0.339   0.327   0.319   0.311   0.300   0.284   0.265   0.245   0.223   0.201   0.180
    0.160   0.142   0.125   0.109   0.095   0.083   0.072   0.063   0.054   0.047   0.041   0.035   0.030   0.026   0.023
    0.019   0.017   0.014   0.012   0.011   0.009   0.008   0.007   0.006   0.005   0.004   0.004   0.003   0.003   0.002
    0.002   0.002   0.002   0.001   0.001   0.001   0.001   0.001   0.001   0.001   0.000   0.000   0.000   0.000   0.000
    0.000
0Binding Energies: (6Li      # 1 / 2H       # 1)(BE =  1.474)-(13C_7525 # 1 / 9Be      # 1)(BE =  2.968)- DISCREPANCY =  0.0090

 ************************************************************************************************************************************

 ONE-way COUPLING # 8 for partitions -9 <-  1 of KIND  7,   0 -1  0 -1 -1 & P1,P2 =    0.0000   0.0000 : for J <=    30.5 & R <  24.7 fm.


 data =  1  1  1 20  0.8307,  so  < [6Li      #  1] / [2H       #  1]  * Eigen-form # 20>  =   0.8307            BE =  1.474    20

 data =  2  1  1 21  0.9487,  so  < [13C_9010 #  1] / [9Be      #  1]  * Eigen-form # 21>  =   0.9487            BE =  2.968    21

 data = -2  1  1 22  0.3162,  so  < [13C_9010 #  1] / [9Be      #  1]  * Eigen-form # 22>  =   0.3162            BE =  2.968    22
  LOCF =            9
  USED(1,*) =  F F F F F F F F F F F F F F F F F F F T F F
  USED(2,*) =  F F F F F F F F F F F F F F F F F F F F T T
 KNT =  21, KNP =  20: NK,NG,loc=   1   1   1      10  T  T  F
 KNT =  21, KNP =  20: NK,NG,loc=   1   1   1      10
 KNT =  22, KNP =  20: NK,NG,loc=   2   2   2      11  T  T  F
 KNT =  22, KNP =  20: NK,NG,loc=   2   2   2      11

     So FINITE-RANGE TRANSFER : IP1 = 0 (POST    ), IP2=-1 =COMPLEX     ,  for   2 pairs of bound states summed into   2 pairs
      The main coupling potential is that binding the transferred particle to the 2H       core.

          Using between 2H       & 9Be      the potential No.   2, and subtracting optical potential No.  2

0RECOMMENDED NON-LOCAL WIDTH IS GREATER THAN   10.00 FM.,  RECOMMENDED CENTRATION   0.00, after    0.31 secs.
0Relative non-local usages (rms) are
    0.004   0.004   0.005   0.005   0.006   0.006   0.007   0.008   0.010   0.012   0.015   0.019   0.023   0.030   0.038
    0.047   0.058   0.072   0.087   0.105   0.126   0.148   0.174   0.202   0.233   0.267   0.305   0.348   0.397   0.455
    0.525   0.611   0.721   0.861   1.043   1.277   1.577   1.956   2.431   3.019   3.742   4.620   5.680   6.942   8.426
   10.134  12.046  14.107  16.204  18.164  19.737  20.617  20.473  19.053  16.427  13.758  14.648  21.780  33.220  46.853
   61.212  74.975  86.834  95.543 100.000  99.360  92.382  81.270  67.323  52.646  38.850  27.120  18.167  12.177   8.704
    6.745   5.353   4.127   3.065   2.266   1.763   1.479   1.313   1.209   1.149   1.107   1.055   0.976   0.869   0.744
    0.618   0.506   0.421   0.367   0.339   0.327   0.319   0.311   0.300   0.284   0.265   0.245   0.223   0.201   0.180
    0.160   0.142   0.125   0.109   0.095   0.083   0.072   0.063   0.054   0.047   0.041   0.035   0.030   0.026   0.023
    0.019   0.017   0.014   0.012   0.011   0.009   0.008   0.007   0.006   0.005   0.004   0.004   0.003   0.003   0.002
    0.002   0.002   0.002   0.001   0.001   0.001   0.001   0.001   0.001   0.001   0.000   0.000   0.000   0.000   0.000
    0.000
0Binding Energies: (6Li      # 1 / 2H       # 1)(BE =  1.474)-(13C_9010 # 1 / 9Be      # 1)(BE =  2.968)- DISCREPANCY =  0.0090

 Incoming partition  1 in excitation state # 1,   Laboratory Energy given for partition  1 Nucleus 1 in Excitation pair 1

0Lab. ENERGY ranges :

   from    32.0000     to   0.00000     in        0 intervals
   from    0.00000     to   0.00000     in        0 intervals
   from    0.00000     to   0.00000     in        0 intervals

 Largest real,imaginary parts of any form factor at R=   24.00 are   6.00E-02  4.49E-12 MeV
 Finished all Couplings @    2.18572092    

 Non-symmetric Hamiltonian
1***********************************************************************************************************************************
************************************************************************************************************************************

        INCOMING 6Li      ;    LABORATORY 6Li      ENERGY =   32.000     MeV.

 ***********************************************************************************************************************************
 ***********************************************************************************************************************************

 Allocate arrays for           27  channels, of which           27  need wfs.

 #########################################################################################################################
 #                                                                                                                       #
 # Total SPIN and PARITY =     0.5 +,     27 channels,    3 in 1st block.  Rmin & Coul turning =    0.0 9.004E-01 fm.    #
 #                                                                                                                       #
 #########################################################################################################################



    C Projectl Target   #   EX.   (L  Proj) J  + Targ = Jtotal     E-cm      Re K     Re Eta     RM*K            CH                     G-REL
    1 6Li      9Be      #    1: I   1 1.0    1.0  1.5     0.5    19.19101   1.81996   0.81935   45.4991  -0.09920  -0.49489 1 1 1   1  1.00000
    2 6Li      9Be      #    1: I   1 1.0    2.0  1.5     0.5    19.19101   1.81996   0.81935   45.4991  -0.09920  -0.49489 1 1 1   1  1.00000
    3 6Li      9Be      #    1: I   3 1.0    2.0  1.5     0.5    19.19101   1.81996   0.81935   45.4991  -0.27209   0.42587 1 1 1   1  1.00000
    4 2H       13C_L1   #    1:     0 1.0    1.0  1.5     0.5    20.67601   1.31348   0.27443   32.8369  -0.06172   0.49830 2 1 2   1  1.00000
    5 2H       13C_L1   #    1:     2 1.0    1.0  1.5     0.5    20.67601   1.31348   0.27443   32.8369   0.29182  -0.40948 2 1 2   1  1.00000
    6 2H       13C_L1   #    1:     2 1.0    2.0  1.5     0.5    20.67601   1.31348   0.27443   32.8369   0.29182  -0.40948 2 1 2   1  1.00000
    7 2H       13C_L3   #    1:     0 1.0    1.0  1.5     0.5    20.67601   1.31348   0.27443   32.8369  -0.06172   0.49830 3 1 3   1  1.00000
    8 2H       13C_L3   #    1:     2 1.0    1.0  1.5     0.5    20.67601   1.31348   0.27443   32.8369   0.29182  -0.40948 3 1 3   1  1.00000
    9 2H       13C_L3   #    1:     2 1.0    2.0  1.5     0.5    20.67601   1.31348   0.27443   32.8369   0.29182  -0.40948 3 1 3   1  1.00000
   10 2H       13C_1090 #    1:     0 1.0    1.0  1.5     0.5    20.67601   1.31348   0.27443   32.8369  -0.06172   0.49830 4 1 4   1  1.00000
   11 2H       13C_1090 #    1:     2 1.0    1.0  1.5     0.5    20.67601   1.31348   0.27443   32.8369   0.29182  -0.40948 4 1 4   1  1.00000
   12 2H       13C_1090 #    1:     2 1.0    2.0  1.5     0.5    20.67601   1.31348   0.27443   32.8369   0.29182  -0.40948 4 1 4   1  1.00000
   13 2H       13C_VOLY #    1:     0 1.0    1.0  1.5     0.5    20.67601   1.31348   0.27443   32.8369  -0.06172   0.49830 5 1 5   1  1.00000
   14 2H       13C_VOLY #    1:     2 1.0    1.0  1.5     0.5    20.67601   1.31348   0.27443   32.8369   0.29182  -0.40948 5 1 5   1  1.00000
   15 2H       13C_VOLY #    1:     2 1.0    2.0  1.5     0.5    20.67601   1.31348   0.27443   32.8369   0.29182  -0.40948 5 1 5   1  1.00000
   16 2H       13C_2575 #    1:     0 1.0    1.0  1.5     0.5    20.67601   1.31348   0.27443   32.8369  -0.06172   0.49830 6 1 6   1  1.00000
   17 2H       13C_2575 #    1:     2 1.0    1.0  1.5     0.5    20.67601   1.31348   0.27443   32.8369   0.29182  -0.40948 6 1 6   1  1.00000
   18 2H       13C_2575 #    1:     2 1.0    2.0  1.5     0.5    20.67601   1.31348   0.27443   32.8369   0.29182  -0.40948 6 1 6   1  1.00000
   19 2H       13C_5050 #    1:     0 1.0    1.0  1.5     0.5    20.67601   1.31348   0.27443   32.8369  -0.06172   0.49830 7 1 7   1  1.00000
   20 2H       13C_5050 #    1:     2 1.0    1.0  1.5     0.5    20.67601   1.31348   0.27443   32.8369   0.29182  -0.40948 7 1 7   1  1.00000
   21 2H       13C_5050 #    1:     2 1.0    2.0  1.5     0.5    20.67601   1.31348   0.27443   32.8369   0.29182  -0.40948 7 1 7   1  1.00000
   22 2H       13C_7525 #    1:     0 1.0    1.0  1.5     0.5    20.67601   1.31348   0.27443   32.8369  -0.06172   0.49830 8 1 8   1  1.00000
   23 2H       13C_7525 #    1:     2 1.0    1.0  1.5     0.5    20.67601   1.31348   0.27443   32.8369   0.29182  -0.40948 8 1 8   1  1.00000
   24 2H       13C_7525 #    1:     2 1.0    2.0  1.5     0.5    20.67601   1.31348   0.27443   32.8369   0.29182  -0.40948 8 1 8   1  1.00000
   25 2H       13C_9010 #    1:     0 1.0    1.0  1.5     0.5    20.67601   1.31348   0.27443   32.8369  -0.06172   0.49830 9 1 9   1  1.00000
   26 2H       13C_9010 #    1:     2 1.0    1.0  1.5     0.5    20.67601   1.31348   0.27443   32.8369   0.29182  -0.40948 9 1 9   1  1.00000
   27 2H       13C_9010 #    1:     2 1.0    2.0  1.5     0.5    20.67601   1.31348   0.27443   32.8369   0.29182  -0.40948 9 1 9   1  1.00000

L-couplings:

   1  4  2  1   10  1  1  1.0  1  0  1.0  1.0   1  0.91287 -1.00000  1.15000  0.83070-8.720701268333E-01  0.28209   -0.246

   1  5  2  1   10  1  1  1.0  1  2  1.0  1.0   1  0.91287  0.50000  1.15000  0.83070 4.360350634167E-01 -0.39894   -0.174

   1  6  2  1   10  1  1  1.0  1  2  1.0  2.0   1 -0.31623  0.86603  1.15000  0.83070-2.616210380500E-01 -0.39894    0.104

   2  4  2  1   10  1  1  1.0  1  0  2.0  1.0   1  0.40825  1.00000  1.15000  0.83070 3.900016169492E-01  0.28209    0.110

   2  5  2  1   10  1  1  1.0  1  2  2.0  1.0   1  0.40825  0.10000  1.15000  0.83070 3.900016169492E-02 -0.39894   -0.016

   2  6  2  1   10  1  1  1.0  1  2  2.0  2.0   1  0.94868  0.38730  1.15000  0.83070 3.510014552543E-01 -0.39894   -0.140

   3  5  2  1   10  1  1  1.0  3  2  2.0  1.0   3  0.40825  0.91652  1.15000  0.83070 3.574423861650E-01  0.31987    0.114

   3  6  2  1   10  1  1  1.0  3  2  2.0  2.0   3  0.94868 -0.39441  1.15000  0.83070-3.574423861650E-01  0.31987   -0.114

L-couplings:

   1  9  4  3   10  1  3  3.0  1  2  1.0  2.0   1 -0.77460 -0.57735  1.00000  0.83070 3.715003248375E-01  0.48860    0.182

   2  8  4  3   10  1  3  3.0  1  2  2.0  1.0   1  1.00000  0.60000  1.00000  0.83070 4.984199880000E-01  0.48860    0.244

   2  9  4  3   10  1  3  3.0  1  2  2.0  2.0   1  0.63246  0.63246  1.00000  0.83070 3.322799920000E-01  0.48860    0.162

   3  7  4  3   10  1  3  3.0  3  0  2.0  1.0   3  1.00000  1.00000  1.00000  0.83070 8.306999800000E-01  0.28209    0.234

   3  8  4  3   10  1  3  3.0  3  2  2.0  1.0   3  1.00000  0.48990  1.00000  0.83070 4.069582160680E-01 -0.32574   -0.133

   3  9  4  3   10  1  3  3.0  3  2  2.0  2.0   3  0.63246 -0.77460  1.00000  0.83070-4.069582160680E-01 -0.32574    0.133

L-couplings:

   1 10  6  5   10  1  1  1.0  1  0  1.0  1.0   1  0.91287 -1.00000  0.31623  0.83070-2.398026074856E-01  0.28209   -0.068

   1 11  6  5   10  1  1  1.0  1  2  1.0  1.0   1  0.91287  0.50000  0.31623  0.83070 1.199013037428E-01 -0.39894   -0.048

   1 12  6  5   10  1  1  1.0  1  2  1.0  2.0   1 -0.31623  0.86603  0.31623  0.83070-7.194078224568E-02 -0.39894    0.029

   1 12  7  5   11  2  3  3.0  1  2  1.0  2.0   1 -0.77460 -0.57735  0.94868  0.83070 3.524360512124E-01  0.48860    0.172

   2 10  6  5   10  1  1  1.0  1  0  2.0  1.0   1  0.40825  1.00000  0.31623  0.83070 1.072429863039E-01  0.28209    0.030

   2 11  6  5   10  1  1  1.0  1  2  2.0  1.0   1  0.40825  0.10000  0.31623  0.83070 1.072429863039E-02 -0.39894   -0.004

   2 11  7  5   11  2  3  3.0  1  2  2.0  1.0   1  1.00000  0.60000  0.94868  0.83070 4.728425809395E-01  0.48860    0.231

   2 12  6  5   10  1  1  1.0  1  2  2.0  2.0   1  0.94868  0.38730  0.31623  0.83070 9.651868767351E-02 -0.39894   -0.039

   2 12  7  5   11  2  3  3.0  1  2  2.0  2.0   1  0.63246  0.63246  0.94868  0.83070 3.152283872930E-01  0.48860    0.154

   3 10  7  5   11  2  3  3.0  3  0  2.0  1.0   3  1.00000  1.00000  0.94868  0.83070 7.880709682324E-01  0.28209    0.222

   3 11  6  5   10  1  1  1.0  3  2  2.0  1.0   3  0.40825  0.91652  0.31623  0.83070 9.828982049815E-02  0.31987    0.031

   3 11  7  5   11  2  3  3.0  3  2  2.0  1.0   3  1.00000  0.48990  0.94868  0.83070 3.860743506541E-01 -0.32574   -0.126

   3 12  6  5   10  1  1  1.0  3  2  2.0  2.0   3  0.94868 -0.39441  0.31623  0.83070-9.828982049815E-02  0.31987   -0.031

   3 12  7  5   11  2  3  3.0  3  2  2.0  2.0   3  0.63246 -0.77460  0.94868  0.83070-3.860743506541E-01 -0.32574    0.126

L-couplings:

   1 13  9  8   10  1  1  1.0  1  0  1.0  1.0   1  0.91287 -1.00000  0.44179  0.83070-3.350205406671E-01  0.28209   -0.095

   1 14  9  8   10  1  1  1.0  1  2  1.0  1.0   1  0.91287  0.50000  0.44179  0.83070 1.675102703335E-01 -0.39894   -0.067

   1 15  9  8   10  1  1  1.0  1  2  1.0  2.0   1 -0.31623  0.86603  0.44179  0.83070-1.005061622001E-01 -0.39894    0.040

   1 15 10  8   11  2  3  3.0  1  2  1.0  2.0   1 -0.77460 -0.57735  0.89712  0.83070 3.332792639758E-01  0.48860    0.163

   2 13  9  8   10  1  1  1.0  1  0  2.0  1.0   1  0.40825  1.00000  0.44179  0.83070 1.498257405581E-01  0.28209    0.042

   2 14  9  8   10  1  1  1.0  1  2  2.0  1.0   1  0.40825  0.10000  0.44179  0.83070 1.498257405581E-02 -0.39894   -0.006

   2 14 10  8   11  2  3  3.0  1  2  2.0  1.0   1  1.00000  0.60000  0.89712  0.83070 4.471410538446E-01  0.48860    0.218

   2 15  9  8   10  1  1  1.0  1  2  2.0  2.0   1  0.94868  0.38730  0.44179  0.83070 1.348431665023E-01 -0.39894   -0.054

   2 15 10  8   11  2  3  3.0  1  2  2.0  2.0   1  0.63246  0.63246  0.89712  0.83070 2.980940358964E-01  0.48860    0.146

   3 13 10  8   11  2  3  3.0  3  0  2.0  1.0   3  1.00000  1.00000  0.89712  0.83070 7.452350897410E-01  0.28209    0.210

   3 14  9  8   10  1  1  1.0  3  2  2.0  1.0   3  0.40825  0.91652  0.44179  0.83070 1.373175594320E-01  0.31987    0.044

   3 14 10  8   11  2  3  3.0  3  2  2.0  1.0   3  1.00000  0.48990  0.89712  0.83070 3.650891416565E-01 -0.32574   -0.119

   3 15  9  8   10  1  1  1.0  3  2  2.0  2.0   3  0.94868 -0.39441  0.44179  0.83070-1.373175594320E-01  0.31987   -0.044

   3 15 10  8   11  2  3  3.0  3  2  2.0  2.0   3  0.63246 -0.77460  0.89712  0.83070-3.650891416565E-01 -0.32574    0.119

L-couplings:

   1 16 12 11   10  1  1  1.0  1  0  1.0  1.0   1  0.91287 -1.00000  0.50000  0.83070-3.791609313042E-01  0.28209   -0.107

   1 17 12 11   10  1  1  1.0  1  2  1.0  1.0   1  0.91287  0.50000  0.50000  0.83070 1.895804656521E-01 -0.39894   -0.076

   1 18 12 11   10  1  1  1.0  1  2  1.0  2.0   1 -0.31623  0.86603  0.50000  0.83070-1.137482793913E-01 -0.39894    0.045

   1 18 13 11   11  2  3  3.0  1  2  1.0  2.0   1 -0.77460 -0.57735  0.86602  0.83070 3.217285580439E-01  0.48860    0.157

   2 16 12 11   10  1  1  1.0  1  0  2.0  1.0   1  0.40825  1.00000  0.50000  0.83070 1.695659233617E-01  0.28209    0.048

   2 17 12 11   10  1  1  1.0  1  2  2.0  1.0   1  0.40825  0.10000  0.50000  0.83070 1.695659233617E-02 -0.39894   -0.007

   2 17 13 11   11  2  3  3.0  1  2  2.0  1.0   1  1.00000  0.60000  0.86602  0.83070 4.316441556535E-01  0.48860    0.211

   2 18 12 11   10  1  1  1.0  1  2  2.0  2.0   1  0.94868  0.38730  0.50000  0.83070 1.526093310255E-01 -0.39894   -0.061

   2 18 13 11   11  2  3  3.0  1  2  2.0  2.0   1  0.63246  0.63246  0.86602  0.83070 2.877627704357E-01  0.48860    0.141

   3 16 13 11   11  2  3  3.0  3  0  2.0  1.0   3  1.00000  1.00000  0.86602  0.83070 7.194069260892E-01  0.28209    0.203

   3 17 12 11   10  1  1  1.0  3  2  2.0  1.0   3  0.40825  0.91652  0.50000  0.83070 1.554097358180E-01  0.31987    0.050

   3 17 13 11   11  2  3  3.0  3  2  2.0  1.0   3  1.00000  0.48990  0.86602  0.83070 3.524359772685E-01 -0.32574   -0.115

   3 18 12 11   10  1  1  1.0  3  2  2.0  2.0   3  0.94868 -0.39441  0.50000  0.83070-1.554097358180E-01  0.31987   -0.050

   3 18 13 11   11  2  3  3.0  3  2  2.0  2.0   3  0.63246 -0.77460  0.86602  0.83070-3.524359772685E-01 -0.32574    0.115

L-couplings:

   1 19 15 14   10  1  1  1.0  1  0  1.0  1.0   1  0.91287 -1.00000  0.70711  0.83070-5.362147033701E-01  0.28209   -0.151

   1 20 15 14   10  1  1  1.0  1  2  1.0  1.0   1  0.91287  0.50000  0.70711  0.83070 2.681073516850E-01 -0.39894   -0.107

   1 21 15 14   10  1  1  1.0  1  2  1.0  2.0   1 -0.31623  0.86603  0.70711  0.83070-1.608644110110E-01 -0.39894    0.064

   1 21 16 14   11  2  3  3.0  1  2  1.0  2.0   1 -0.77460 -0.57735  0.70711  0.83070 2.626904831669E-01  0.48860    0.128

   2 19 15 14   10  1  1  1.0  1  0  2.0  1.0   1  0.40825  1.00000  0.70711  0.83070 2.398025054541E-01  0.28209    0.068

   2 20 15 14   10  1  1  1.0  1  2  2.0  1.0   1  0.40825  0.10000  0.70711  0.83070 2.398025054541E-02 -0.39894   -0.010

   2 20 16 14   11  2  3  3.0  1  2  2.0  1.0   1  1.00000  0.60000  0.70711  0.83070 3.524362664421E-01  0.48860    0.172

   2 21 15 14   10  1  1  1.0  1  2  2.0  2.0   1  0.94868  0.38730  0.70711  0.83070 2.158222549087E-01 -0.39894   -0.086

   2 21 16 14   11  2  3  3.0  1  2  2.0  2.0   1  0.63246  0.63246  0.70711  0.83070 2.349575109614E-01  0.48860    0.115

   3 19 16 14   11  2  3  3.0  3  0  2.0  1.0   3  1.00000  1.00000  0.70711  0.83070 5.873937774035E-01  0.28209    0.166

   3 20 15 14   10  1  1  1.0  3  2  2.0  1.0   3  0.40825  0.91652  0.70711  0.83070 2.197826266167E-01  0.31987    0.070

   3 20 16 14   11  2  3  3.0  3  2  2.0  1.0   3  1.00000  0.48990  0.70711  0.83070 2.877630065449E-01 -0.32574   -0.094

   3 21 15 14   10  1  1  1.0  3  2  2.0  2.0   3  0.94868 -0.39441  0.70711  0.83070-2.197826266167E-01  0.31987   -0.070

   3 21 16 14   11  2  3  3.0  3  2  2.0  2.0   3  0.63246 -0.77460  0.70711  0.83070-2.877630065449E-01 -0.32574    0.094

L-couplings:

   1 22 18 17   10  1  1  1.0  1  0  1.0  1.0   1  0.91287 -1.00000  0.86602  0.83070-6.567256690742E-01  0.28209   -0.185

   1 23 18 17   10  1  1  1.0  1  2  1.0  1.0   1  0.91287  0.50000  0.86602  0.83070 3.283628345371E-01 -0.39894   -0.131

   1 24 18 17   10  1  1  1.0  1  2  1.0  2.0   1 -0.31623  0.86603  0.86602  0.83070-1.970177007223E-01 -0.39894    0.079

   1 24 19 17   11  2  3  3.0  1  2  1.0  2.0   1 -0.77460 -0.57735  0.50000  0.83070 1.857501624188E-01  0.48860    0.091

   2 22 18 17   10  1  1  1.0  1  0  2.0  1.0   1  0.40825  1.00000  0.86602  0.83070 2.936966477238E-01  0.28209    0.083

   2 23 18 17   10  1  1  1.0  1  2  2.0  1.0   1  0.40825  0.10000  0.86602  0.83070 2.936966477238E-02 -0.39894   -0.012

   2 23 19 17   11  2  3  3.0  1  2  2.0  1.0   1  1.00000  0.60000  0.50000  0.83070 2.492099940000E-01  0.48860    0.122

   2 24 18 17   10  1  1  1.0  1  2  2.0  2.0   1  0.94868  0.38730  0.86602  0.83070 2.643269829514E-01 -0.39894   -0.105

   2 24 19 17   11  2  3  3.0  1  2  2.0  2.0   1  0.63246  0.63246  0.50000  0.83070 1.661399960000E-01  0.48860    0.081

   3 22 19 17   11  2  3  3.0  3  0  2.0  1.0   3  1.00000  1.00000  0.50000  0.83070 4.153499900000E-01  0.28209    0.117

   3 23 18 17   10  1  1  1.0  3  2  2.0  1.0   3  0.40825  0.91652  0.86602  0.83070 2.691774239098E-01  0.31987    0.086

   3 23 19 17   11  2  3  3.0  3  2  2.0  1.0   3  1.00000  0.48990  0.50000  0.83070 2.034791080340E-01 -0.32574   -0.066

   3 24 18 17   10  1  1  1.0  3  2  2.0  2.0   3  0.94868 -0.39441  0.86602  0.83070-2.691774239098E-01  0.31987   -0.086

   3 24 19 17   11  2  3  3.0  3  2  2.0  2.0   3  0.63246 -0.77460  0.50000  0.83070-2.034791080340E-01 -0.32574    0.066

L-couplings:

   1 25 21 20   10  1  1  1.0  1  0  1.0  1.0   1  0.91287 -1.00000  0.94868  0.83070-7.194070770264E-01  0.28209   -0.203

   1 26 21 20   10  1  1  1.0  1  2  1.0  1.0   1  0.91287  0.50000  0.94868  0.83070 3.597035385132E-01 -0.39894   -0.144

   1 27 21 20   10  1  1  1.0  1  2  1.0  2.0   1 -0.31623  0.86603  0.94868  0.83070-2.158221231079E-01 -0.39894    0.086

   1 27 22 20   11  2  3  3.0  1  2  1.0  2.0   1 -0.77460 -0.57735  0.31623  0.83070 1.174788054657E-01  0.48860    0.057

   2 25 21 20   10  1  1  1.0  1  0  2.0  1.0   1  0.40825  1.00000  0.94868  0.83070 3.217286255451E-01  0.28209    0.091

   2 26 21 20   10  1  1  1.0  1  2  2.0  1.0   1  0.40825  0.10000  0.94868  0.83070 3.217286255451E-02 -0.39894   -0.013

   2 26 22 20   11  2  3  3.0  1  2  2.0  1.0   1  1.00000  0.60000  0.31623  0.83070 1.576143569621E-01  0.48860    0.077

   2 27 21 20   10  1  1  1.0  1  2  2.0  2.0   1  0.94868  0.38730  0.94868  0.83070 2.895557629906E-01 -0.39894   -0.116

   2 27 22 20   11  2  3  3.0  1  2  2.0  2.0   1  0.63246  0.63246  0.31623  0.83070 1.050762379747E-01  0.48860    0.051

   3 25 22 20   11  2  3  3.0  3  0  2.0  1.0   3  1.00000  1.00000  0.31623  0.83070 2.626905949368E-01  0.28209    0.074

   3 26 21 20   10  1  1  1.0  3  2  2.0  1.0   3  0.40825  0.91652  0.94868  0.83070 2.948691559589E-01  0.31987    0.094

   3 26 22 20   11  2  3  3.0  3  2  2.0  1.0   3  1.00000  0.48990  0.31623  0.83070 1.286915835647E-01 -0.32574   -0.042

   3 27 21 20   10  1  1  1.0  3  2  2.0  2.0   3  0.94868 -0.39441  0.94868  0.83070-2.948691559589E-01  0.31987   -0.094

   3 27 22 20   11  2  3  3.0  3  2  2.0  2.0   3  0.63246 -0.77460  0.31623  0.83070-1.286915835647E-01 -0.32574    0.042
 Reaction Xsec     0.5+/ 1 @ 1 =     1.547 , Out:   0.000#   1.029/   0.025/   0.082/   0.148/   0.187/   0.371/   0.563/   0.684/
           Xsec                          1.544f
 Reaction Xsec     0.5+/ 1 @ 2 =     1.547 , Out:   0.000#   0.261/   0.066/   0.105/   0.126/   0.136/   0.174/   0.201/   0.210/
           Xsec                          1.546f
 Reaction Xsec     0.5+/ 3 @ 3 =     1.551 , Out:   0.000#   0.229/   0.262/   0.308/   0.317/   0.319/   0.309/   0.275/   0.237/
           Xsec                          1.549f

 Total SPIN, PARITY =     0.5 -,     27 chs,      3 cc.  Rmin & Coul turning =    0.0    0.9

L-couplings:

   1  4  2  1   10  1  1  1.0  0  1  1.0  1.0   0  0.91287  0.57735  1.15000  0.83070 5.034899224794E-01 -0.48860   -0.246

   1  5  2  1   10  1  1  1.0  0  1  1.0  2.0   0 -0.31623  0.74536  1.15000  0.83070-2.251675385300E-01 -0.48860    0.110

   2  4  2  1   10  1  1  1.0  2  1  1.0  1.0   2  0.91287 -0.64550  1.15000  0.83070-5.629188463251E-01  0.30902   -0.174

   2  5  2  1   10  1  1  1.0  2  1  1.0  2.0   2 -0.31623  0.16667  1.15000  0.83070-5.034899224794E-02  0.30902   -0.016

   2  6  2  1   10  1  1  1.0  2  3  1.0  2.0   2 -0.31623  1.00000  1.15000  0.83070-3.020939534877E-01 -0.37847    0.114

   3  4  2  1   10  1  1  1.0  2  1  2.0  1.0   2  0.40825  0.86603  1.15000  0.83070 3.377513077950E-01  0.30902    0.104

   3  5  2  1   10  1  1  1.0  2  1  2.0  2.0   2  0.94868 -0.50000  1.15000  0.83070-4.531409302315E-01  0.30902   -0.140

   3  6  2  1   10  1  1  1.0  2  3  2.0  2.0   2  0.94868  0.33333  1.15000  0.83070 3.020939534877E-01 -0.37847   -0.114

L-couplings:

   1  9  4  3   10  1  3  3.0  0  3  1.0  2.0   0 -0.77460  0.48795  1.00000  0.83070-3.139750801695E-01 -0.74635    0.234

   2  8  4  3   10  1  3  3.0  2  1  1.0  2.0   2 -0.77460  1.00000  1.00000  0.83070-6.434574376470E-01 -0.37847    0.244

   2  9  4  3   10  1  3  3.0  2  3  1.0  2.0   2 -0.77460  0.53452  1.00000  0.83070-3.439424678066E-01  0.38541   -0.133

   3  7  4  3   10  1  3  3.0  2  1  2.0  1.0   2  1.00000 -0.57735  1.00000  0.83070-4.796048570688E-01 -0.37847    0.182

   3  8  4  3   10  1  3  3.0  2  1  2.0  2.0   2  0.63246 -0.81650  1.00000  0.83070-4.289716250980E-01 -0.37847    0.162

   3  9  4  3   10  1  3  3.0  2  3  2.0  2.0   2  0.63246  0.65465  1.00000  0.83070 3.439424678066E-01  0.38541    0.133

L-couplings:

   1 10  6  5   10  1  1  1.0  0  1  1.0  1.0   0  0.91287  0.57735  0.31623  0.83070 1.384500999842E-01 -0.48860   -0.068

   1 11  6  5   10  1  1  1.0  0  1  1.0  2.0   0 -0.31623  0.74536  0.31623  0.83070-6.191676701126E-02 -0.48860    0.030

   1 12  7  5   11  2  3  3.0  0  3  1.0  2.0   0 -0.77460  0.48795  0.94868  0.83070-2.978628282018E-01 -0.74635    0.222

   2 10  6  5   10  1  1  1.0  2  1  1.0  1.0   2  0.91287 -0.64550  0.31623  0.83070-1.547919175281E-01  0.30902   -0.048

   2 11  6  5   10  1  1  1.0  2  1  1.0  2.0   2 -0.31623  0.16667  0.31623  0.83070-1.384500999842E-02  0.30902   -0.004

   2 11  7  5   11  2  3  3.0  2  1  1.0  2.0   2 -0.77460  1.00000  0.94868  0.83070-6.104371471188E-01 -0.37847    0.231

   2 12  6  5   10  1  1  1.0  2  3  1.0  2.0   2 -0.31623  1.00000  0.31623  0.83070-8.307005999051E-02 -0.37847    0.031

   2 12  7  5   11  2  3  3.0  2  3  1.0  2.0   2 -0.77460  0.53452  0.94868  0.83070-3.262923800969E-01  0.38541   -0.126

   3 10  6  5   10  1  1  1.0  2  1  2.0  1.0   2  0.40825  0.86603  0.31623  0.83070 9.287515051688E-02  0.30902    0.029

   3 10  7  5   11  2  3  3.0  2  1  2.0  1.0   2  1.00000 -0.57735  0.94868  0.83070-4.549929856495E-01 -0.37847    0.172

   3 11  6  5   10  1  1  1.0  2  1  2.0  2.0   2  0.94868 -0.50000  0.31623  0.83070-1.246050899858E-01  0.30902   -0.039

   3 11  7  5   11  2  3  3.0  2  1  2.0  2.0   2  0.63246 -0.81650  0.94868  0.83070-4.069580980792E-01 -0.37847    0.154

   3 12  6  5   10  1  1  1.0  2  3  2.0  2.0   2  0.94868  0.33333  0.31623  0.83070 8.307005999051E-02 -0.37847   -0.031

   3 12  7  5   11  2  3  3.0  2  3  2.0  2.0   2  0.63246  0.65465  0.94868  0.83070 3.262923800969E-01  0.38541    0.126

L-couplings:

   1 13  9  8   10  1  1  1.0  0  1  1.0  1.0   0  0.91287  0.57735  0.44179  0.83070 1.934241993382E-01 -0.48860   -0.095

   1 14  9  8   10  1  1  1.0  0  1  1.0  2.0   0 -0.31623  0.74536  0.44179  0.83070-8.650193164273E-02 -0.48860    0.042

   1 15 10  8   11  2  3  3.0  0  3  1.0  2.0   0 -0.77460  0.48795  0.89712  0.83070-2.816723879619E-01 -0.74635    0.210

   2 13  9  8   10  1  1  1.0  2  1  1.0  1.0   2  0.91287 -0.64550  0.44179  0.83070-2.162548291068E-01  0.30902   -0.067

   2 14  9  8   10  1  1  1.0  2  1  1.0  2.0   2 -0.31623  0.16667  0.44179  0.83070-1.934241993382E-02  0.30902   -0.006

   2 14 10  8   11  2  3  3.0  2  1  1.0  2.0   2 -0.77460  1.00000  0.89712  0.83070-5.772566183152E-01 -0.37847    0.218

   2 15  9  8   10  1  1  1.0  2  3  1.0  2.0   2 -0.31623  1.00000  0.44179  0.83070-1.160545196029E-01 -0.37847    0.044

   2 15 10  8   11  2  3  3.0  2  3  1.0  2.0   2 -0.77460  0.53452  0.89712  0.83070-3.085566414262E-01  0.38541   -0.119

   3 13  9  8   10  1  1  1.0  2  1  2.0  1.0   2  0.40825  0.86603  0.44179  0.83070 1.297528974641E-01  0.30902    0.040

   3 13 10  8   11  2  3  3.0  2  1  2.0  1.0   2  1.00000 -0.57735  0.89712  0.83070-4.302616796715E-01 -0.37847    0.163

   3 14  9  8   10  1  1  1.0  2  1  2.0  2.0   2  0.94868 -0.50000  0.44179  0.83070-1.740817794044E-01  0.30902   -0.054

   3 14 10  8   11  2  3  3.0  2  1  2.0  2.0   2  0.63246 -0.81650  0.89712  0.83070-3.848377455435E-01 -0.37847    0.146

   3 15  9  8   10  1  1  1.0  2  3  2.0  2.0   2  0.94868  0.33333  0.44179  0.83070 1.160545196029E-01 -0.37847   -0.044

   3 15 10  8   11  2  3  3.0  2  3  2.0  2.0   2  0.63246  0.65465  0.89712  0.83070 3.085566414262E-01  0.38541    0.119

L-couplings:

   1 16 12 11   10  1  1  1.0  0  1  1.0  1.0   0  0.91287  0.57735  0.50000  0.83070 2.189086657547E-01 -0.48860   -0.107

   1 17 12 11   10  1  1  1.0  0  1  1.0  2.0   0 -0.31623  0.74536  0.50000  0.83070-9.789893149825E-02 -0.48860    0.048

   1 18 13 11   11  2  3  3.0  0  3  1.0  2.0   0 -0.77460  0.48795  0.86602  0.83070-2.719102596985E-01 -0.74635    0.203

   2 16 12 11   10  1  1  1.0  2  1  1.0  1.0   2  0.91287 -0.64550  0.50000  0.83070-2.447473287456E-01  0.30902   -0.076

   2 17 12 11   10  1  1  1.0  2  1  1.0  2.0   2 -0.31623  0.16667  0.50000  0.83070-2.189086657547E-02  0.30902   -0.007

   2 17 13 11   11  2  3  3.0  2  1  1.0  2.0   2 -0.77460  1.00000  0.86602  0.83070-5.572502087779E-01 -0.37847    0.211

   2 18 12 11   10  1  1  1.0  2  3  1.0  2.0   2 -0.31623  1.00000  0.50000  0.83070-1.313451994528E-01 -0.37847    0.050

   2 18 13 11   11  2  3  3.0  2  3  1.0  2.0   2 -0.77460  0.53452  0.86602  0.83070-2.978627657079E-01  0.38541   -0.115

   3 16 12 11   10  1  1  1.0  2  1  2.0  1.0   2  0.40825  0.86603  0.50000  0.83070 1.468483972474E-01  0.30902    0.045

   3 16 13 11   11  2  3  3.0  2  1  2.0  1.0   2  1.00000 -0.57735  0.86602  0.83070-4.153497824345E-01 -0.37847    0.157

   3 17 12 11   10  1  1  1.0  2  1  2.0  2.0   2  0.94868 -0.50000  0.50000  0.83070-1.970177991792E-01  0.30902   -0.061

   3 17 13 11   11  2  3  3.0  2  1  2.0  2.0   2  0.63246 -0.81650  0.86602  0.83070-3.715001391853E-01 -0.37847    0.141

   3 18 12 11   10  1  1  1.0  2  3  2.0  2.0   2  0.94868  0.33333  0.50000  0.83070 1.313451994528E-01 -0.37847   -0.050

   3 18 13 11   11  2  3  3.0  2  3  2.0  2.0   2  0.63246  0.65465  0.86602  0.83070 2.978627657079E-01  0.38541    0.115

L-couplings:

   1 19 15 14   10  1  1  1.0  0  1  1.0  1.0   0  0.91287  0.57735  0.70711  0.83070 3.095837033341E-01 -0.48860   -0.151

   1 20 15 14   10  1  1  1.0  0  1  1.0  2.0   0 -0.31623  0.74536  0.70711  0.83070-1.384500410763E-01 -0.48860    0.068

   1 21 16 14   11  2  3  3.0  0  3  1.0  2.0   0 -0.77460  0.48795  0.70711  0.83070-2.220139795252E-01 -0.74635    0.166

   2 19 15 14   10  1  1  1.0  2  1  1.0  1.0   2  0.91287 -0.64550  0.70711  0.83070-3.461251026906E-01  0.30902   -0.107

   2 20 15 14   10  1  1  1.0  2  1  1.0  2.0   2 -0.31623  0.16667  0.70711  0.83070-3.095837033341E-02  0.30902   -0.010

   2 20 16 14   11  2  3  3.0  2  1  1.0  2.0   2 -0.77460  1.00000  0.70711  0.83070-4.549932635099E-01 -0.37847    0.172

   2 21 15 14   10  1  1  1.0  2  3  1.0  2.0   2 -0.31623  1.00000  0.70711  0.83070-1.857502220005E-01 -0.37847    0.070

   2 21 16 14   11  2  3  3.0  2  3  1.0  2.0   2 -0.77460  0.53452  0.70711  0.83070-2.432041293349E-01  0.38541   -0.094

   3 19 15 14   10  1  1  1.0  2  1  2.0  1.0   2  0.40825  0.86603  0.70711  0.83070 2.076750616144E-01  0.30902    0.064

   3 19 16 14   11  2  3  3.0  2  1  2.0  1.0   2  1.00000 -0.57735  0.70711  0.83070-3.391319555042E-01 -0.37847    0.128

   3 20 15 14   10  1  1  1.0  2  1  2.0  2.0   2  0.94868 -0.50000  0.70711  0.83070-2.786253330007E-01  0.30902   -0.086

   3 20 16 14   11  2  3  3.0  2  1  2.0  2.0   2  0.63246 -0.81650  0.70711  0.83070-3.033288423399E-01 -0.37847    0.115

   3 21 15 14   10  1  1  1.0  2  3  2.0  2.0   2  0.94868  0.33333  0.70711  0.83070 1.857502220005E-01 -0.37847   -0.070

   3 21 16 14   11  2  3  3.0  2  3  2.0  2.0   2  0.63246  0.65465  0.70711  0.83070 2.432041293349E-01  0.38541    0.094

L-couplings:

   1 22 18 17   10  1  1  1.0  0  1  1.0  1.0   0  0.91287  0.57735  0.86602  0.83070 3.791607418237E-01 -0.48860   -0.185

   1 23 18 17   10  1  1  1.0  0  1  1.0  2.0   0 -0.31623  0.74536  0.86602  0.83070-1.695658386234E-01 -0.48860    0.083

   1 24 19 17   11  2  3  3.0  0  3  1.0  2.0   0 -0.77460  0.48795  0.50000  0.83070-1.569875400847E-01 -0.74635    0.117

   2 22 18 17   10  1  1  1.0  2  1  1.0  1.0   2  0.91287 -0.64550  0.86602  0.83070-4.239145965585E-01  0.30902   -0.131

   2 23 18 17   10  1  1  1.0  2  1  1.0  2.0   2 -0.31623  0.16667  0.86602  0.83070-3.791607418237E-02  0.30902   -0.012

   2 23 19 17   11  2  3  3.0  2  1  1.0  2.0   2 -0.77460  1.00000  0.50000  0.83070-3.217287188235E-01 -0.37847    0.122

   2 24 18 17   10  1  1  1.0  2  3  1.0  2.0   2 -0.31623  1.00000  0.86602  0.83070-2.274964450942E-01 -0.37847    0.086

   2 24 19 17   11  2  3  3.0  2  3  1.0  2.0   2 -0.77460  0.53452  0.50000  0.83070-1.719712339033E-01  0.38541   -0.066

   3 22 18 17   10  1  1  1.0  2  1  2.0  1.0   2  0.40825  0.86603  0.86602  0.83070 2.543487579351E-01  0.30902    0.079

   3 22 19 17   11  2  3  3.0  2  1  2.0  1.0   2  1.00000 -0.57735  0.50000  0.83070-2.398024285344E-01 -0.37847    0.091

   3 23 18 17   10  1  1  1.0  2  1  2.0  2.0   2  0.94868 -0.50000  0.86602  0.83070-3.412446676413E-01  0.30902   -0.105

   3 23 19 17   11  2  3  3.0  2  1  2.0  2.0   2  0.63246 -0.81650  0.50000  0.83070-2.144858125490E-01 -0.37847    0.081

   3 24 18 17   10  1  1  1.0  2  3  2.0  2.0   2  0.94868  0.33333  0.86602  0.83070 2.274964450942E-01 -0.37847   -0.086

   3 24 19 17   11  2  3  3.0  2  3  2.0  2.0   2  0.63246  0.65465  0.50000  0.83070 1.719712339033E-01  0.38541    0.066

L-couplings:

   1 25 21 20   10  1  1  1.0  0  1  1.0  1.0   0  0.91287  0.57735  0.94868  0.83070 4.153498695781E-01 -0.48860   -0.203

   1 26 21 20   10  1  1  1.0  0  1  1.0  2.0   0 -0.31623  0.74536  0.94868  0.83070-1.857501085645E-01 -0.48860    0.091

   1 27 22 20   11  2  3  3.0  0  3  1.0  2.0   0 -0.77460  0.48795  0.31623  0.83070-9.928771227978E-02 -0.74635    0.074

   2 25 21 20   10  1  1  1.0  2  1  1.0  1.0   2  0.91287 -0.64550  0.94868  0.83070-4.643752714112E-01  0.30902   -0.144

   2 26 21 20   10  1  1  1.0  2  1  1.0  2.0   2 -0.31623  0.16667  0.94868  0.83070-4.153498695781E-02  0.30902   -0.013

   2 26 22 20   11  2  3  3.0  2  1  1.0  2.0   2 -0.77460  1.00000  0.31623  0.83070-2.034792598791E-01 -0.37847    0.077

   2 27 21 20   10  1  1  1.0  2  3  1.0  2.0   2 -0.31623  1.00000  0.94868  0.83070-2.492099217469E-01 -0.37847    0.094

   2 27 22 20   11  2  3  3.0  2  3  1.0  2.0   2 -0.77460  0.53452  0.31623  0.83070-1.087642393974E-01  0.38541   -0.042

   3 25 21 20   10  1  1  1.0  2  1  2.0  1.0   2  0.40825  0.86603  0.94868  0.83070 2.786251628467E-01  0.30902    0.086

   3 25 22 20   11  2  3  3.0  2  1  2.0  1.0   2  1.00000 -0.57735  0.31623  0.83070-1.516644857004E-01 -0.37847    0.057

   3 26 21 20   10  1  1  1.0  2  1  2.0  2.0   2  0.94868 -0.50000  0.94868  0.83070-3.738148826203E-01  0.30902   -0.116

   3 26 22 20   11  2  3  3.0  2  1  2.0  2.0   2  0.63246 -0.81650  0.31623  0.83070-1.356528399194E-01 -0.37847    0.051

   3 27 21 20   10  1  1  1.0  2  3  2.0  2.0   2  0.94868  0.33333  0.94868  0.83070 2.492099217469E-01 -0.37847   -0.094

   3 27 22 20   11  2  3  3.0  2  3  2.0  2.0   2  0.63246  0.65465  0.31623  0.83070 1.087642393974E-01  0.38541    0.042
 Reaction Xsec     0.5-/ 0 @ 1 =     1.546 , Out:   0.000#   0.639/   6.876#   0.054/   0.100/   0.126/   0.245/   0.364/   0.435/
           Xsec                          1.544f
 Reaction Xsec     0.5-/ 2 @ 2 =     1.549 , Out:   0.000#   0.223/   0.035/   0.056/   0.071/   0.079/   0.114/   0.146/   0.162/
           Xsec                          1.548f
 Reaction Xsec     0.5-/ 2 @ 3 =     1.549 , Out:   0.000#   0.223/   0.035/   0.056/   0.071/   0.079/   0.114/   0.146/   0.162/
           Xsec                          1.548f
 Allocate arrays for           45  channels, of which           45  need wfs.

 Total SPIN, PARITY =     1.5 +,     45 chs,      5 cc.  Rmin & Coul turning =    0.1    1.3
 Reaction Xsec     1.5+/ 1 @ 1 =     3.094 , Out:   0.000#   1.125/   0.048/   0.128/   0.204/   0.248/   0.449/   0.650/   0.771/
           Xsec                          3.091f
 Reaction Xsec     1.5+/ 1 @ 2 =     3.094 , Out:   0.000#   0.642/   0.078/   0.149/   0.197/   0.223/   0.331/   0.426/   0.474/
           Xsec                          3.092f
 Reaction Xsec     1.5+/ 1 @ 3 =     3.094 , Out:   0.000#   1.388/   0.081/   0.178/   0.270/   0.323/   0.565/   0.808/   0.953/
           Xsec                          3.090f
 Reaction Xsec     1.5+/ 3 @ 4 =     3.102 , Out:   0.000#   0.878/   0.171/   0.154/   0.179/   0.198/   0.307/   0.445/   0.548/
           Xsec                          3.099f
 Reaction Xsec     1.5+/ 3 @ 5 =     3.102 , Out:   0.000#   0.563/   0.435/   0.500/   0.521/   0.528/   0.540/   0.523/   0.492/
           Xsec                          3.098f

 Total SPIN, PARITY =     1.5 -,     45 chs,      5 cc.  Rmin & Coul turning =    0.1    1.3
 Reaction Xsec     1.5-/ 0 @ 1 =     3.092 , Out:   0.000#   1.278/   0.014/   0.109/   0.200/   0.252/   0.490/   0.728/   0.871/
           Xsec                          3.088f
 Reaction Xsec     1.5-/ 2 @ 2 =     3.097 , Out:   0.000#   0.851/   0.020/   0.071/   0.126/   0.159/   0.312/   0.471/   0.569/
           Xsec                          3.095f
 Reaction Xsec     1.5-/ 2 @ 3 =     3.097 , Out:   0.000#   0.671/   0.043/   0.089/   0.133/   0.159/   0.275/   0.391/   0.461/
           Xsec                          3.095f
 Reaction Xsec     1.5-/ 2 @ 4 =     3.097 , Out:   0.000#   0.349/   0.086/   0.143/   0.173/   0.187/   0.240/   0.276/   0.286/
           Xsec                          3.096f
 Reaction Xsec     1.5-/ 4 @ 5 =     3.112 , Out:   0.000#   0.219/   0.166/   0.192/   0.201/   0.204/   0.210/   0.204/   0.192/
           Xsec                          3.110f
 Allocate arrays for           54  channels, of which           54  need wfs.

 Total SPIN, PARITY =     2.5 +,     54 chs,      6 cc.  Rmin & Coul turning =    0.3    1.9
 Reaction Xsec     2.5+/ 1 @ 1 =     4.642 , Out:   0.000#   2.146/   0.037/   0.183/   0.330/   0.416/   0.810/   1.209/   1.452/
           Xsec                          4.635f
 Reaction Xsec     2.5+/ 1 @ 2 =     4.642 , Out:   0.000#   3.737/   0.044/   0.262/   0.507/   0.653/   1.334/   2.043/   2.487/
           Xsec                          4.631f
 Reaction Xsec     2.5+/ 3 @ 3 =     4.653 , Out:   0.000#   1.582/   0.058/   0.167/   0.275/   0.336/   0.620/   0.906/   1.078/
           Xsec                          4.648f
 Reaction Xsec     2.5+/ 3 @ 4 =     4.653 , Out:   0.000#   1.395/   0.196/   0.195/   0.249/   0.285/   0.481/   0.715/   0.882/
           Xsec                          4.648f
 Reaction Xsec     2.5+/ 3 @ 5 =     4.653 , Out:   0.000#   0.799/   0.692/   0.802/   0.832/   0.842/   0.846/   0.798/   0.732/
           Xsec                          4.647f
 Reaction Xsec     2.5+/ 5 @ 6 =     4.670 , Out:   0.000#   0.376/   0.987/   1.000/   0.960/   0.932/   0.775/   0.580/   0.438/
           Xsec                          4.664f

 Total SPIN, PARITY =     2.5 -,     54 chs,      6 cc.  Rmin & Coul turning =    0.3    1.9
 Reaction Xsec     2.5-/ 0 @ 1 =     4.638 , Out:   0.000#   2.878/   0.022/   0.237/   0.442/   0.561/   1.099/   1.637/   1.960/
           Xsec                          4.629f
 Reaction Xsec     2.5-/ 2 @ 2 =     4.646 , Out:   0.000#   0.520/   9.370#   0.052/   0.090/   0.112/   0.209/   0.304/   0.359/
           Xsec                          4.644f
 Reaction Xsec     2.5-/ 2 @ 3 =     4.646 , Out:   0.000#   1.180/   0.019/   0.090/   0.168/   0.214/   0.429/   0.650/   0.789/
           Xsec                          4.642f
 Reaction Xsec     2.5-/ 2 @ 4 =     4.646 , Out:   0.000#   1.181/   0.039/   0.071/   0.136/   0.176/   0.377/   0.603/   0.754/
           Xsec                          4.643f
 Reaction Xsec     2.5-/ 4 @ 5 =     4.668 , Out:   0.000#   0.588/   0.047/   0.049/   0.075/   0.092/   0.184/   0.291/   0.367/
           Xsec                          4.666f
 Reaction Xsec     2.5-/ 4 @ 6 =     4.668 , Out:   0.000#   0.360/   0.225/   0.260/   0.274/   0.280/   0.299/   0.304/   0.298/
           Xsec                          4.665f

 Total SPIN, PARITY =     3.5 +,     54 chs,      6 cc.  Rmin & Coul turning =    0.4    2.4
 Reaction Xsec     3.5+/ 1 @ 1 =     6.189 , Out:   0.000#   1.519/   0.029/   0.180/   0.298/   0.364/   0.653/   0.924/   1.075/
           Xsec                          6.184f
 Reaction Xsec     3.5+/ 3 @ 2 =     6.204 , Out:   0.000#   0.397/   0.010/   0.055/   0.087/   0.105/   0.181/   0.250/   0.287/
           Xsec                          6.202f
 Reaction Xsec     3.5+/ 3 @ 3 =     6.204 , Out:   0.000#   1.933/   0.058/   0.200/   0.334/   0.411/   0.762/   1.112/   1.322/
           Xsec                          6.198f
 Reaction Xsec     3.5+/ 3 @ 4 =     6.204 , Out:   0.000#   1.997/   0.148/   0.098/   0.168/   0.220/   0.519/   0.901/   1.188/
           Xsec                          6.199f
 Reaction Xsec     3.5+/ 5 @ 5 =     6.227 , Out:   0.000#   0.820/   0.204/   0.102/   0.096/   0.101/   0.174/   0.310/   0.435/
           Xsec                          6.225f
 Reaction Xsec     3.5+/ 5 @ 6 =     6.227 , Out:   0.000#   0.524/   1.237/   1.246/   1.196/   1.161/   0.972/   0.741/   0.573/
           Xsec                          6.219f

 Total SPIN, PARITY =     3.5 -,     54 chs,      6 cc.  Rmin & Coul turning =    0.4    2.4
 Reaction Xsec     3.5-/ 2 @ 1 =     6.195 , Out:   0.000#   0.650/   0.010/   0.068/   0.117/   0.144/   0.266/   0.385/   0.453/
           Xsec                          6.193f
 Reaction Xsec     3.5-/ 2 @ 2 =     6.195 , Out:   0.000#   1.988/   0.014/   0.166/   0.309/   0.391/   0.763/   1.135/   1.357/
           Xsec                          6.189f
 Reaction Xsec     3.5-/ 4 @ 3 =     6.223 , Out:   0.000#   0.824/   0.013/   0.079/   0.139/   0.173/   0.326/   0.478/   0.567/
           Xsec                          6.221f
 Reaction Xsec     3.5-/ 4 @ 4 =     6.223 , Out:   0.000#   0.794/   0.052/   0.062/   0.100/   0.125/   0.252/   0.399/   0.501/
           Xsec                          6.221f
 Reaction Xsec     3.5-/ 4 @ 5 =     6.223 , Out:   0.000#   0.471/   0.307/   0.355/   0.374/   0.382/   0.404/   0.406/   0.394/
           Xsec                          6.220f
 Reaction Xsec     3.5-/ 6 @ 6 =     6.272 , Out:   0.000#   0.187/   0.150/   0.174/   0.181/   0.184/   0.187/   0.179/   0.167/
           Xsec                          6.270f

 Total SPIN, PARITY =     4.5 +,     54 chs,      6 cc.  Rmin & Coul turning =    0.6    2.9
 Reaction Xsec     4.5+/ 3 @ 1 =     7.755 , Out:   0.000#   0.468/   0.011/   0.066/   0.105/   0.127/   0.217/   0.298/   0.340/
           Xsec                          7.753f
 Reaction Xsec     4.5+/ 3 @ 2 =     7.755 , Out:   0.000#   2.908/   0.054/   0.331/   0.555/   0.680/   1.230/   1.753/   2.047/
           Xsec                          7.745f
 Reaction Xsec     4.5+/ 5 @ 3 =     7.784 , Out:   0.000#   0.976/   0.036/   0.161/   0.246/   0.291/   0.479/   0.642/   0.723/
           Xsec                          7.780f
 Reaction Xsec     4.5+/ 5 @ 4 =     7.784 , Out:   0.000#   1.025/   0.226/   0.117/   0.117/   0.127/   0.228/   0.401/   0.556/
           Xsec                          7.781f
 Reaction Xsec     4.5+/ 5 @ 5 =     7.784 , Out:   0.000#   0.649/   1.576/   1.588/   1.524/   1.479/   1.235/   0.937/   0.720/
           Xsec                          7.774f
 Reaction Xsec     4.5+/ 7 @ 6 =     7.838 , Out:   0.000#   0.324/   2.633/   2.456/   2.249/   2.125/   1.542/   0.931/   0.546/
           Xsec                          7.825f

 Total SPIN, PARITY =     4.5 -,     54 chs,      6 cc.  Rmin & Coul turning =    0.6    2.9
 Reaction Xsec     4.5-/ 2 @ 1 =     7.743 , Out:   0.000#   0.538/   4.545#   0.059/   0.101/   0.125/   0.229/   0.326/   0.380/
           Xsec                          7.742f
 Reaction Xsec     4.5-/ 4 @ 2 =     7.779 , Out:   0.000#   0.149/   0.011/   0.027/   0.039/   0.045/   0.072/   0.096/   0.108/
           Xsec                          7.779f
 Reaction Xsec     4.5-/ 4 @ 3 =     7.779 , Out:   0.000#   0.980/   0.015/   0.095/   0.166/   0.207/   0.390/   0.570/   0.676/
           Xsec                          7.776f
 Reaction Xsec     4.5-/ 4 @ 4 =     7.779 , Out:   0.000#   1.041/   0.035/   0.040/   0.089/   0.122/   0.294/   0.498/   0.642/
           Xsec                          7.776f
 Reaction Xsec     4.5-/ 6 @ 5 =     7.840 , Out:   0.000#   0.420/   0.040/   0.036/   0.053/   0.064/   0.126/   0.203/   0.259/
           Xsec                          7.839f
 Reaction Xsec     4.5-/ 6 @ 6 =     7.840 , Out:   0.000#   0.243/   0.181/   0.209/   0.218/   0.222/   0.228/   0.223/   0.211/
           Xsec                          7.838f

 Total SPIN, PARITY =     5.5 +,     54 chs,      6 cc.  Rmin & Coul turning =    0.8    3.5
 Reaction Xsec     5.5+/ 3 @ 1 =     9.306 , Out:   0.000#   0.215/   6.982#   0.037/   0.057/   0.067/   0.109/   0.145/   0.162/
           Xsec                          9.305f
 Reaction Xsec     5.5+/ 5 @ 2 =     9.340 , Out:   0.000#   0.073/   5.244#   0.015/   0.021/   0.024/   0.038/   0.049/   0.055/
           Xsec                          9.340f
 Reaction Xsec     5.5+/ 5 @ 3 =     9.340 , Out:   0.000#   1.120/   0.038/   0.184/   0.282/   0.335/   0.552/   0.739/   0.832/
           Xsec                          9.336f
 Reaction Xsec     5.5+/ 5 @ 4 =     9.340 , Out:   0.000#   1.258/   0.176/   0.032/   0.035/   0.050/   0.195/   0.438/   0.652/
           Xsec                          9.337f
 Reaction Xsec     5.5+/ 7 @ 5 =     9.406 , Out:   0.000#   0.612/   0.197/   0.114/   0.104/   0.105/   0.147/   0.238/   0.326/
           Xsec                          9.404f
 Reaction Xsec     5.5+/ 7 @ 6 =     9.406 , Out:   0.000#   0.396/   3.058/   2.850/   2.610/   2.467/   1.793/   1.088/   0.644/
           Xsec                          9.391f

 Total SPIN, PARITY =     5.5 -,     54 chs,      6 cc.  Rmin & Coul turning =    0.8    3.5
 Reaction Xsec     5.5-/ 4 @ 1 =     9.335 , Out:   0.000#   0.165/   0.013/   0.031/   0.044/   0.051/   0.081/   0.107/   0.121/
           Xsec                          9.334f
 Reaction Xsec     5.5-/ 4 @ 2 =     9.335 , Out:   0.000#   1.313/   0.014/   0.136/   0.237/   0.293/   0.544/   0.783/   0.919/
           Xsec                          9.331f
 Reaction Xsec     5.5-/ 6 @ 3 =     9.408 , Out:   0.000#   0.501/   0.027/   0.058/   0.090/   0.109/   0.196/   0.285/   0.340/
           Xsec                          9.406f
 Reaction Xsec     5.5-/ 6 @ 4 =     9.408 , Out:   0.000#   0.506/   0.046/   0.043/   0.063/   0.077/   0.153/   0.246/   0.312/
           Xsec                          9.406f
 Reaction Xsec     5.5-/ 6 @ 5 =     9.408 , Out:   0.000#   0.290/   0.220/   0.253/   0.264/   0.268/   0.276/   0.268/   0.253/
           Xsec                          9.406f
 Reaction Xsec     5.5-/ 8 @ 6 =     9.366 , Out:   0.000#   0.635/   0.862/   0.937/   0.937/   0.930/   0.860/   0.739/   0.631/
           Xsec                          9.359f

 Total SPIN, PARITY =     6.5 +,     54 chs,      6 cc.  Rmin & Coul turning =    0.9    4.0
 Reaction Xsec     6.5+/ 5 @ 1 =    10.897 , Out:   0.000#   0.076/   5.742#   0.016/   0.022/   0.026/   0.040/   0.052/   0.057/
           Xsec                         10.897f
 Reaction Xsec     6.5+/ 5 @ 2 =    10.897 , Out:   0.000#   1.310/   0.033/   0.228/   0.351/   0.416/   0.677/   0.894/   0.994/
           Xsec                         10.892f
 Reaction Xsec     6.5+/ 7 @ 3 =    10.973 , Out:   0.000#   0.640/   0.029/   0.119/   0.176/   0.206/   0.330/   0.434/   0.482/
           Xsec                         10.971f
 Reaction Xsec     6.5+/ 7 @ 4 =    10.973 , Out:   0.000#   0.712/   0.210/   0.120/   0.112/   0.115/   0.170/   0.280/   0.383/
           Xsec                         10.971f
 Reaction Xsec     6.5+/ 7 @ 5 =    10.973 , Out:   0.000#   0.461/   3.584/   3.341/   3.059/   2.892/   2.101/   1.274/   0.753/
           Xsec                         10.956f
 Reaction Xsec     6.5+/ 9 @ 6 =    10.693 , Out:   0.000#   0.291/   5.645/   5.151/   4.651/   4.359/   3.014/   1.647/   0.812/
           Xsec                         10.668f

 Total SPIN, PARITY =     6.5 -,     54 chs,      6 cc.  Rmin & Coul turning =    0.9    4.0
 Reaction Xsec     6.5-/ 4 @ 1 =    10.891 , Out:   0.000#   0.099/   0.014/   0.026/   0.034/   0.038/   0.054/   0.068/   0.075/
           Xsec                         10.890f
 Reaction Xsec     6.5-/ 6 @ 2 =    10.976 , Out:   0.000#   0.120/   5.834#   0.025/   0.037/   0.043/   0.067/   0.086/   0.093/
           Xsec                         10.975f
 Reaction Xsec     6.5-/ 6 @ 3 =    10.976 , Out:   0.000#   0.568/   0.030/   0.066/   0.103/   0.125/   0.224/   0.324/   0.386/
           Xsec                         10.974f
 Reaction Xsec     6.5-/ 6 @ 4 =    10.976 , Out:   0.000#   0.600/   0.045/   0.040/   0.064/   0.081/   0.173/   0.285/   0.367/
           Xsec                         10.974f
 Reaction Xsec     6.5-/ 8 @ 5 =    10.927 , Out:   0.000#   1.122/   0.179/   0.038/   0.034/   0.046/   0.167/   0.380/   0.573/
           Xsec                         10.924f
 Reaction Xsec     6.5-/ 8 @ 6 =    10.927 , Out:   0.000#   0.750/   0.984/   1.066/   1.066/   1.058/   0.982/   0.850/   0.732/
           Xsec                         10.919f

 Total SPIN, PARITY =     7.5 +,     54 chs,      6 cc.  Rmin & Coul turning =    1.1    4.6
 Reaction Xsec     7.5+/ 5 @ 1 =    12.454 , Out:   0.000#   0.033/   5.200#   8.637#   0.011/   0.012/   0.017/   0.022/   0.024/
           Xsec                         12.454f
 Reaction Xsec     7.5+/ 7 @ 2 =    12.541 , Out:   0.000#   0.046/   1.751#   9.021#   0.013/   0.016/   0.025/   0.032/   0.035/
           Xsec                         12.541f
 Reaction Xsec     7.5+/ 7 @ 3 =    12.541 , Out:   0.000#   0.714/   0.031/   0.132/   0.196/   0.230/   0.368/   0.484/   0.539/
           Xsec                         12.538f
 Reaction Xsec     7.5+/ 7 @ 4 =    12.541 , Out:   0.000#   0.823/   0.125/   0.026/   0.026/   0.036/   0.127/   0.284/   0.425/
           Xsec                         12.539f
 Reaction Xsec     7.5+/ 9 @ 5 =    12.221 , Out:   0.000#   0.497/   0.191/   0.119/   0.107/   0.107/   0.133/   0.199/   0.267/
           Xsec                         12.219f
 Reaction Xsec     7.5+/ 9 @ 6 =    12.221 , Out:   0.000#   0.336/   6.327/   5.772/   5.211/   4.885/   3.378/   1.848/   0.914/
           Xsec                         12.192f

 Total SPIN, PARITY =     7.5 -,     54 chs,      6 cc.  Rmin & Coul turning =    1.1    4.6
 Reaction Xsec     7.5-/ 6 @ 1 =    12.544 , Out:   0.000#   0.135/   6.504#   0.029/   0.042/   0.048/   0.075/   0.096/   0.105/
           Xsec                         12.543f
 Reaction Xsec     7.5-/ 6 @ 2 =    12.544 , Out:   0.000#   0.648/   0.033/   0.077/   0.119/   0.144/   0.257/   0.372/   0.442/
           Xsec                         12.542f
 Reaction Xsec     7.5-/ 8 @ 3 =    12.488 , Out:   0.000#   1.107/   0.043/   0.214/   0.319/   0.373/   0.592/   0.770/   0.849/
           Xsec                         12.484f
 Reaction Xsec     7.5-/ 8 @ 4 =    12.488 , Out:   0.000#   1.278/   0.197/   0.045/   0.045/   0.059/   0.200/   0.443/   0.660/
           Xsec                         12.485f
 Reaction Xsec     7.5-/ 8 @ 5 =    12.488 , Out:   0.000#   0.856/   1.127/   1.222/   1.222/   1.213/   1.125/   0.973/   0.838/
           Xsec                         12.479f
 Reaction Xsec     7.5-/10 @ 6 =    10.121 , Out:   0.000#   0.129/   3.549/   3.224/   2.902/   2.715/   1.857/   0.989/   0.463/
           Xsec                         10.105f

 Total SPIN, PARITY =     8.5 +,     54 chs,      6 cc.  Rmin & Coul turning =    1.2    5.1
 Reaction Xsec     8.5+/ 7 @ 1 =    14.109 , Out:   0.000#   0.049/   1.852#   9.738#   0.014/   0.017/   0.027/   0.035/   0.038/
           Xsec                         14.108f
 Reaction Xsec     8.5+/ 7 @ 2 =    14.109 , Out:   0.000#   0.802/   0.031/   0.153/   0.228/   0.268/   0.426/   0.555/   0.613/
           Xsec                         14.106f
 Reaction Xsec     8.5+/ 9 @ 3 =    13.749 , Out:   0.000#   0.474/   0.018/   0.093/   0.139/   0.162/   0.256/   0.332/   0.365/
           Xsec                         13.747f
 Reaction Xsec     8.5+/ 9 @ 4 =    13.749 , Out:   0.000#   0.557/   0.198/   0.121/   0.111/   0.111/   0.145/   0.223/   0.300/
           Xsec                         13.747f
 Reaction Xsec     8.5+/ 9 @ 5 =    13.749 , Out:   0.000#   0.378/   7.132/   6.507/   5.875/   5.507/   3.808/   2.083/   1.030/
           Xsec                         13.716f
 Reaction Xsec     8.5+/11 @ 6 =     7.562 , Out:   0.000#   0.036/   1.196/   1.084/   0.975/   0.911/   0.620/   0.327/   0.149/
           Xsec                          7.557f

 Total SPIN, PARITY =     8.5 -,     54 chs,      6 cc.  Rmin & Coul turning =    1.2    5.1
 Reaction Xsec     8.5-/ 6 @ 1 =    14.112 , Out:   0.000#   0.134/   6.361#   0.030/   0.044/   0.051/   0.078/   0.098/   0.106/
           Xsec                         14.111f
 Reaction Xsec     8.5-/ 8 @ 2 =    14.049 , Out:   0.000#   0.034/   1.274#   6.857#   0.010/   0.012/   0.019/   0.024/   0.026/
           Xsec                         14.049f
 Reaction Xsec     8.5-/ 8 @ 3 =    14.049 , Out:   0.000#   1.220/   0.046/   0.236/   0.352/   0.413/   0.655/   0.851/   0.937/
           Xsec                         14.044f
 Reaction Xsec     8.5-/ 8 @ 4 =    14.049 , Out:   0.000#   1.449/   0.199/   0.020/   0.019/   0.035/   0.199/   0.484/   0.737/
           Xsec                         14.046f
 Reaction Xsec     8.5-/10 @ 5 =    11.386 , Out:   0.000#   0.213/   0.089/   0.058/   0.053/   0.052/   0.062/   0.088/   0.116/
           Xsec                         11.385f
 Reaction Xsec     8.5-/10 @ 6 =    11.386 , Out:   0.000#   0.146/   3.930/   3.570/   3.213/   3.006/   2.056/   1.097/   0.514/
           Xsec                         11.368f

 Total SPIN, PARITY =     9.5 +,     54 chs,      6 cc.  Rmin & Coul turning =    1.4    5.7
 Reaction Xsec     9.5+/ 7 @ 1 =    15.676 , Out:   0.000#   0.035/   1.291#   7.103#   0.011/   0.012/   0.019/   0.025/   0.027/
           Xsec                         15.676f
 Reaction Xsec     9.5+/ 9 @ 2 =    15.276 , Out:   0.000#   0.011/   0.398#   2.198#   3.264#   3.814#   5.981#   7.691#   8.400#
           Xsec                         15.276f
 Reaction Xsec     9.5+/ 9 @ 3 =    15.276 , Out:   0.000#   0.518/   0.019/   0.101/   0.151/   0.177/   0.280/   0.364/   0.400/
           Xsec                         15.274f
 Reaction Xsec     9.5+/ 9 @ 4 =    15.276 , Out:   0.000#   0.623/   0.081/   6.567#   7.356#   0.015/   0.087/   0.210/   0.319/
           Xsec                         15.275f
 Reaction Xsec     9.5+/11 @ 5 =     8.402 , Out:   0.000#   0.059/   0.024/   0.016/   0.015/   0.014/   0.017/   0.025/   0.032/
           Xsec                          8.402f
 Reaction Xsec     9.5+/11 @ 6 =     8.402 , Out:   0.000#   0.040/   1.312/   1.189/   1.069/   1.000/   0.681/   0.359/   0.164/
           Xsec                          8.396f

 Total SPIN, PARITY =     9.5 -,     54 chs,      6 cc.  Rmin & Coul turning =    1.4    5.7
 Reaction Xsec     9.5-/ 8 @ 1 =    15.610 , Out:   0.000#   0.034/   1.291#   7.092#   0.011/   0.012/   0.019/   0.025/   0.027/
           Xsec                         15.610f
 Reaction Xsec     9.5-/ 8 @ 2 =    15.610 , Out:   0.000#   1.351/   0.047/   0.269/   0.402/   0.471/   0.742/   0.958/   1.049/
           Xsec                         15.604f
 Reaction Xsec     9.5-/10 @ 3 =    12.651 , Out:   0.000#   0.198/   7.470#   0.039/   0.058/   0.068/   0.108/   0.139/   0.153/
           Xsec                         12.650f
 Reaction Xsec     9.5-/10 @ 4 =    12.651 , Out:   0.000#   0.236/   0.091/   0.059/   0.054/   0.054/   0.067/   0.098/   0.129/
           Xsec                         12.650f
 Reaction Xsec     9.5-/10 @ 5 =    12.651 , Out:   0.000#   0.162/   4.373/   3.972/   3.576/   3.345/   2.288/   1.220/   0.572/
           Xsec                         12.631f
 Reaction Xsec     9.5-/12 @ 6 =     4.706 , Out:   0.000#   7.789#   0.268/   0.243/   0.218/   0.204/   0.139/   0.073/   0.033/
           Xsec                          4.705f

 Total SPIN, PARITY =    10.5 +,     54 chs,      6 cc.  Rmin & Coul turning =    1.6    6.2
 Reaction Xsec    10.5+/ 9 @ 1 =    16.804 , Out:   0.000#   0.011/   0.402#   2.255#   3.348#   3.911#   6.124#   7.863#   8.578#
           Xsec                         16.804f
 Reaction Xsec    10.5+/ 9 @ 2 =    16.804 , Out:   0.000#   0.569/   0.020/   0.114/   0.170/   0.199/   0.314/   0.404/   0.442/
           Xsec                         16.802f
 Reaction Xsec    10.5+/11 @ 3 =     9.242 , Out:   0.000#   0.053/   1.881#   0.010/   0.016/   0.018/   0.029/   0.037/   0.041/
           Xsec                          9.242f
 Reaction Xsec    10.5+/11 @ 4 =     9.242 , Out:   0.000#   0.064/   0.024/   0.016/   0.015/   0.015/   0.019/   0.027/   0.035/
           Xsec                          9.242f
 Reaction Xsec    10.5+/11 @ 5 =     9.242 , Out:   0.000#   0.044/   1.444/   1.310/   1.177/   1.101/   0.749/   0.395/   0.181/
           Xsec                          9.236f
 Reaction Xsec    10.5+/13 @ 6 =     2.598 , Out:   0.000#   1.471#   0.051/   0.046/   0.042/   0.039/   0.026/   0.014/   6.310#
           Xsec                          2.597f

 Total SPIN, PARITY =    10.5 -,     54 chs,      6 cc.  Rmin & Coul turning =    1.6    6.2
 Reaction Xsec    10.5-/ 8 @ 1 =    17.171 , Out:   0.000#   0.012/   0.506#   2.562#   3.743#   4.346#   6.686#   8.477#   9.171#
           Xsec                         17.171f
 Reaction Xsec    10.5-/10 @ 2 =    13.916 , Out:   0.000#   3.664#   0.132#   0.745#   1.108#   1.296#   2.033#   2.614#   2.855#
           Xsec                         13.916f
 Reaction Xsec    10.5-/10 @ 3 =    13.916 , Out:   0.000#   0.215/   7.713#   0.042/   0.063/   0.074/   0.117/   0.151/   0.166/
           Xsec                         13.915f
 Reaction Xsec    10.5-/10 @ 4 =    13.916 , Out:   0.000#   0.261/   0.032/   1.908#   2.786#   6.203#   0.037/   0.089/   0.135/
           Xsec                         13.915f
 Reaction Xsec    10.5-/12 @ 5 =     5.177 , Out:   0.000#   0.012/   4.459#   2.921#   2.739#   2.761#   3.544#   5.234#   6.876#
           Xsec                          5.177f
 Reaction Xsec    10.5-/12 @ 6 =     5.177 , Out:   0.000#   8.610#   0.291/   0.264/   0.237/   0.222/   0.151/   0.079/   0.036/
           Xsec                          5.175f

 Total SPIN, PARITY =    11.5 +,     54 chs,      6 cc.  Rmin & Coul turning =    1.7    6.8
 Reaction Xsec    11.5+/ 9 @ 1 =    18.332 , Out:   0.000#   3.034#   0.129#   0.666#   0.976#   1.133#   1.746#   2.216#   2.398#
           Xsec                         18.332f
 Reaction Xsec    11.5+/11 @ 2 =    10.083 , Out:   0.000#   0.851#   0.029#   0.170#   0.254#   0.298#   0.469#   0.605#   0.662#
           Xsec                         10.083f
 Reaction Xsec    11.5+/11 @ 3 =    10.083 , Out:   0.000#   0.058/   1.943#   0.011/   0.017/   0.020/   0.031/   0.040/   0.044/
           Xsec                         10.082f
 Reaction Xsec    11.5+/11 @ 4 =    10.083 , Out:   0.000#   0.071/   7.819#   0.351#   0.826#   1.853#   0.011/   0.025/   0.037/
           Xsec                         10.083f
 Reaction Xsec    11.5+/13 @ 5 =     2.834 , Out:   0.000#   2.315#   0.730#   0.469#   0.449#   0.461#   0.635#   0.971#   1.285#
           Xsec                          2.834f
 Reaction Xsec    11.5+/13 @ 6 =     2.834 , Out:   0.000#   1.611#   0.055/   0.050/   0.045/   0.042/   0.029/   0.015/   6.832#
           Xsec                          2.833f

 Total SPIN, PARITY =    11.5 -,     54 chs,      6 cc.  Rmin & Coul turning =    1.7    6.8
 Reaction Xsec    11.5-/10 @ 1 =    15.181 , Out:   0.000#   3.727#   0.134#   0.762#   1.134#   1.325#   2.076#   2.667#   2.910#
           Xsec                         15.181f
 Reaction Xsec    11.5-/10 @ 2 =    15.181 , Out:   0.000#   0.234/   7.958#   0.047/   0.070/   0.082/   0.129/   0.167/   0.182/
           Xsec                         15.180f
 Reaction Xsec    11.5-/12 @ 3 =     5.647 , Out:   0.000#   0.011/   0.364#   2.118#   3.189#   3.747#   5.973#   7.777#   8.565#
           Xsec                          5.647f
 Reaction Xsec    11.5-/12 @ 4 =     5.647 , Out:   0.000#   0.014/   4.561#   2.951#   2.792#   2.837#   3.769#   5.674#   7.491#
           Xsec                          5.647f
 Reaction Xsec    11.5-/12 @ 5 =     5.647 , Out:   0.000#   9.389#   0.318/   0.288/   0.259/   0.242/   0.165/   0.087/   0.039/
           Xsec                          5.646f
 Reaction Xsec    11.5-/14 @ 6 =     1.334 , Out:   0.000#   0.260#   9.124#   8.265#   7.425#   6.940#   4.715#   2.475#   1.122#
           Xsec                          1.334f

 Total SPIN, PARITY =    12.5 +,     54 chs,      6 cc.  Rmin & Coul turning =    1.9    7.3
 Reaction Xsec    12.5+/11 @ 1 =    10.923 , Out:   0.000#   0.867#   0.030#   0.174#   0.260#   0.304#   0.479#   0.617#   0.675#
           Xsec                         10.923f
 Reaction Xsec    12.5+/11 @ 2 =    10.923 , Out:   0.000#   0.062/   2.012#   0.012/   0.018/   0.022/   0.034/   0.044/   0.048/
           Xsec                         10.923f
 Reaction Xsec    12.5+/13 @ 3 =     3.070 , Out:   0.000#   2.044#   0.062#   0.381#   0.577#   0.679#   1.088#   1.421#   1.568#
           Xsec                          3.070f
 Reaction Xsec    12.5+/13 @ 4 =     3.070 , Out:   0.000#   2.503#   0.746#   0.474#   0.458#   0.474#   0.674#   1.047#   1.390#
           Xsec                          3.070f
 Reaction Xsec    12.5+/13 @ 5 =     3.070 , Out:   0.000#   1.745#   0.060/   0.054/   0.049/   0.046/   0.031/   0.016/   7.405#
           Xsec                          3.070f
 Reaction Xsec    12.5+/15 @ 6 =     0.657 , Out:   0.000#   0.045#   1.580#   1.431#   1.285#   1.201#   0.816#   0.428#   0.194#
           Xsec                          0.657f

 Total SPIN, PARITY =    12.5 -,     54 chs,      6 cc.  Rmin & Coul turning =    1.9    7.3
 Reaction Xsec    12.5-/10 @ 1 =    16.446 , Out:   0.000#   1.003#   0.042#   0.219#   0.321#   0.373#   0.576#   0.732#   0.792#
           Xsec                         16.446f
 Reaction Xsec    12.5-/12 @ 2 =     6.118 , Out:   0.000#   0.156#   0.005#   0.030#   0.046#   0.054#   0.085#   0.110#   0.121#
           Xsec                          6.118f
 Reaction Xsec    12.5-/12 @ 3 =     6.118 , Out:   0.000#   0.012/   0.377#   2.264#   3.416#   4.016#   6.409#   8.347#   9.194#
           Xsec                          6.118f
 Reaction Xsec    12.5-/12 @ 4 =     6.118 , Out:   0.000#   0.015/   1.488#   0.051#   0.197#   0.432#   2.306#   5.251#   7.761#
           Xsec                          6.118f
 Reaction Xsec    12.5-/14 @ 5 =     1.445 , Out:   0.000#   0.405#   0.113#   0.071#   0.070#   0.073#   0.108#   0.169#   0.225#
           Xsec                          1.445f
 Reaction Xsec    12.5-/14 @ 6 =     1.445 , Out:   0.000#   0.283#   9.806#   8.882#   7.980#   7.458#   5.067#   2.661#   1.207#
           Xsec                          1.445f

 Total SPIN, PARITY =    13.5 +,     54 chs,      6 cc.  Rmin & Coul turning =    2.0    7.9
 Reaction Xsec    13.5+/11 @ 1 =    11.763 , Out:   0.000#   0.258#   0.010#   0.055#   0.081#   0.094#   0.146#   0.187#   0.203#
           Xsec                         11.763f
 Reaction Xsec    13.5+/13 @ 2 =     3.306 , Out:   0.000#   0.025#   0.001#   0.005#   0.007#   0.009#   0.014#   0.018#   0.020#
           Xsec                          3.306f
 Reaction Xsec    13.5+/13 @ 3 =     3.306 , Out:   0.000#   2.184#   0.065#   0.406#   0.616#   0.725#   1.162#   1.518#   1.675#
           Xsec                          3.306f
 Reaction Xsec    13.5+/13 @ 4 =     3.306 , Out:   0.000#   2.703#   0.251#   0.007#   0.041#   0.088#   0.442#   0.984#   1.441#
           Xsec                          3.306f
 Reaction Xsec    13.5+/15 @ 5 =     0.708 , Out:   0.000#   0.069#   0.017#   0.011#   0.011#   0.011#   0.018#   0.029#   0.039#
           Xsec                          0.708f
 Reaction Xsec    13.5+/15 @ 6 =     0.708 , Out:   0.000#   0.049#   1.690#   1.530#   1.375#   1.285#   0.873#   0.458#   0.208#
           Xsec                          0.708f

 Total SPIN, PARITY =    13.5 -,     54 chs,      6 cc.  Rmin & Coul turning =    2.0    7.9
 Reaction Xsec    13.5-/12 @ 1 =     6.589 , Out:   0.000#   0.159#   0.005#   0.031#   0.047#   0.055#   0.087#   0.112#   0.123#
           Xsec                          6.589f
 Reaction Xsec    13.5-/12 @ 2 =     6.589 , Out:   0.000#   0.013/   0.392#   2.470#   3.725#   4.377#   6.963#   9.038#   9.928#
           Xsec                          6.589f
 Reaction Xsec    13.5-/14 @ 3 =     1.556 , Out:   0.000#   0.353#   0.010#   0.065#   0.098#   0.116#   0.187#   0.244#   0.270#
           Xsec                          1.556f
 Reaction Xsec    13.5-/14 @ 4 =     1.556 , Out:   0.000#   0.435#   0.116#   0.072#   0.071#   0.075#   0.114#   0.182#   0.243#
           Xsec                          1.556f
 Reaction Xsec    13.5-/14 @ 5 =     1.556 , Out:   0.000#   0.305#   0.011/   9.571#   8.599#   8.036#   5.460#   2.868#   1.301#
           Xsec                          1.556f
 Reaction Xsec    13.5-/16 @ 6 =     0.316 , Out:   0.000#   0.008#   0.270#   0.245#   0.220#   0.206#   0.140#   0.073#   0.033#
           Xsec                          0.316f

 Total SPIN, PARITY =    14.5 +,     54 chs,      6 cc.  Rmin & Coul turning =    2.2    8.4
 Reaction Xsec    14.5+/13 @ 1 =     3.542 , Out:   0.000#   0.026#   0.001#   0.005#   0.007#   0.009#   0.014#   0.018#   0.020#
           Xsec                          3.542f
 Reaction Xsec    14.5+/13 @ 2 =     3.542 , Out:   0.000#   2.335#   0.067#   0.440#   0.667#   0.785#   1.255#   1.634#   1.799#
           Xsec                          3.542f
 Reaction Xsec    14.5+/15 @ 3 =     0.758 , Out:   0.000#   0.060#   0.002#   0.011#   0.016#   0.019#   0.031#   0.041#   0.046#
           Xsec                          0.758f
 Reaction Xsec    14.5+/15 @ 4 =     0.758 , Out:   0.000#   0.074#   0.018#   0.011#   0.011#   0.012#   0.019#   0.031#   0.041#
           Xsec                          0.758f
 Reaction Xsec    14.5+/15 @ 5 =     0.758 , Out:   0.000#   0.052#   1.812#   1.640#   1.473#   1.377#   0.935#   0.491#   0.222#
           Xsec                          0.758f
 Reaction Xsec    14.5+/17 @ 6 =     0.150 , Out:   0.000#   0.001#   0.046#   0.042#   0.038#   0.035#   0.024#   0.013#   0.006#
           Xsec                          0.150f

 Total SPIN, PARITY =    14.5 -,     54 chs,      6 cc.  Rmin & Coul turning =    2.2    8.4
 Reaction Xsec    14.5-/12 @ 1 =     7.059 , Out:   0.000#   0.052#   0.002#   0.011#   0.016#   0.019#   0.029#   0.037#   0.041#
           Xsec                          7.059f
 Reaction Xsec    14.5-/14 @ 2 =     1.667 , Out:   0.000#   0.004#   0.000#   0.001#   0.001#   0.001#   0.002#   0.003#   0.003#
           Xsec                          1.667f
 Reaction Xsec    14.5-/14 @ 3 =     1.667 , Out:   0.000#   0.376#   0.011#   0.069#   0.105#   0.123#   0.199#   0.260#   0.288#
           Xsec                          1.667f
 Reaction Xsec    14.5-/14 @ 4 =     1.667 , Out:   0.000#   0.467#   0.040#   0.001#   0.008#   0.017#   0.079#   0.173#   0.251#
           Xsec                          1.667f
 Reaction Xsec    14.5-/16 @ 5 =     0.339 , Out:   0.000#   0.012#   0.003#   0.002#   0.002#   0.002#   0.003#   0.005#   0.007#
           Xsec                          0.339f
 Reaction Xsec    14.5-/16 @ 6 =     0.339 , Out:   0.000#   0.008#   0.288#   0.261#   0.234#   0.219#   0.149#   0.078#   0.035#
           Xsec                          0.339f

 Total SPIN, PARITY =    15.5 +,     54 chs,      6 cc.  Rmin & Coul turning =    2.4    9.0
 Reaction Xsec    15.5+/13 @ 1 =     3.778 , Out:   0.000#   0.009#   0.000#   0.002#   0.003#   0.003#   0.005#   0.006#   0.007#
           Xsec                          3.778f
 Reaction Xsec    15.5+/15 @ 2 =     0.809 , Out:   0.000#   0.001#   0.000#   0.000#   0.000#   0.000#   0.000#   0.000#   0.000#
           Xsec                          0.809f
 Reaction Xsec    15.5+/15 @ 3 =     0.809 , Out:   0.000#   0.063#   0.002#   0.011#   0.017#   0.021#   0.033#   0.044#   0.048#
           Xsec                          0.809f
 Reaction Xsec    15.5+/15 @ 4 =     0.809 , Out:   0.000#   0.079#   0.006#   0.000#   0.002#   0.003#   0.014#   0.030#   0.043#
           Xsec                          0.809f
 Reaction Xsec    15.5+/17 @ 5 =     0.160 , Out:   0.000#   0.002#   0.000#   0.000#   0.000#   0.000#   0.000#   0.001#   0.001#
           Xsec                          0.160f
 Reaction Xsec    15.5+/17 @ 6 =     0.160 , Out:   0.000#   0.001#   0.049#   0.044#   0.040#   0.037#   0.025#   0.013#   0.006#
           Xsec                          0.160f

 Total SPIN, PARITY =    15.5 -,     54 chs,      6 cc.  Rmin & Coul turning =    2.4    9.0
 Reaction Xsec    15.5-/14 @ 1 =     1.778 , Out:   0.000#   0.004#   0.000#   0.001#   0.001#   0.001#   0.002#   0.003#   0.003#
           Xsec                          1.778f
 Reaction Xsec    15.5-/14 @ 2 =     1.778 , Out:   0.000#   0.400#   0.011#   0.074#   0.113#   0.133#   0.213#   0.279#   0.307#
           Xsec                          1.778f
 Reaction Xsec    15.5-/16 @ 3 =     0.361 , Out:   0.000#   0.010#   0.000#   0.002#   0.003#   0.003#   0.005#   0.007#   0.008#
           Xsec                          0.361f
 Reaction Xsec    15.5-/16 @ 4 =     0.361 , Out:   0.000#   0.012#   0.003#   0.002#   0.002#   0.002#   0.003#   0.005#   0.007#
           Xsec                          0.361f
 Reaction Xsec    15.5-/16 @ 5 =     0.361 , Out:   0.000#   0.009#   0.307#   0.278#   0.250#   0.234#   0.159#   0.083#   0.038#
           Xsec                          0.361f
 Reaction Xsec    15.5-/18 @ 6 =     0.071 , Out:   0.000#   0.000#   0.008#   0.007#   0.006#   0.006#   0.004#   0.002#   0.001#
           Xsec                          0.071f

 Total SPIN, PARITY =    16.5 +,     54 chs,      6 cc.  Rmin & Coul turning =    2.5    9.5
 Reaction Xsec    16.5+/15 @ 1 =     0.859 , Out:   0.000#   0.001#   0.000#   0.000#   0.000#   0.000#   0.000#   0.000#   0.000#
           Xsec                          0.859f
 Reaction Xsec    16.5+/15 @ 2 =     0.859 , Out:   0.000#   0.067#   0.002#   0.012#   0.019#   0.022#   0.035#   0.046#   0.051#
           Xsec                          0.859f
 Reaction Xsec    16.5+/17 @ 3 =     0.170 , Out:   0.000#   0.002#   0.000#   0.000#   0.000#   0.001#   0.001#   0.001#   0.001#
           Xsec                          0.170f
 Reaction Xsec    16.5+/17 @ 4 =     0.170 , Out:   0.000#   0.002#   0.000#   0.000#   0.000#   0.000#   0.001#   0.001#   0.001#
           Xsec                          0.170f
 Reaction Xsec    16.5+/17 @ 5 =     0.170 , Out:   0.000#   0.001#   0.052#   0.047#   0.042#   0.040#   0.027#   0.014#   0.006#
           Xsec                          0.170f
 Reaction Xsec    16.5+/19 @ 6 =     0.033 , Out:   0.000#   0.000#   0.001#   0.001#   0.001#   0.001#   0.001#   0.000#   0.000#
           Xsec                          0.033f

 Total SPIN, PARITY =    16.5 -,     54 chs,      6 cc.  Rmin & Coul turning =    2.5    9.5
 Reaction Xsec    16.5-/14 @ 1 =     1.889 , Out:   0.000#   0.001#   0.000#   0.000#   0.000#   0.001#   0.001#   0.001#   0.001#
           Xsec                          1.889f
 Reaction Xsec    16.5-/16 @ 2 =     0.384 , Out:   0.000#   0.000#   0.000#   0.000#   0.000#   0.000#   0.000#   0.000#   0.000#
           Xsec                          0.384f
 Reaction Xsec    16.5-/16 @ 3 =     0.384 , Out:   0.000#   0.011#   0.000#   0.002#   0.003#   0.003#   0.006#   0.007#   0.008#
           Xsec                          0.384f
 Reaction Xsec    16.5-/16 @ 4 =     0.384 , Out:   0.000#   0.013#   0.001#   0.000#   0.000#   0.001#   0.002#   0.005#   0.007#
           Xsec                          0.384f
 Reaction Xsec    16.5-/18 @ 5 =     0.075 , Out:   0.000#   0.000#   0.000#   0.000#   0.000#   0.000#   0.000#   0.000#   0.000#
           Xsec                          0.075f
 Reaction Xsec    16.5-/18 @ 6 =     0.075 , Out:   0.000#   0.000#   0.008#   0.008#   0.007#   0.006#   0.004#   0.002#   0.001#
           Xsec                          0.075f

 Total SPIN, PARITY =    17.5 +,     54 chs,      6 cc.  Rmin & Coul turning =    2.7   10.1
 Reaction Xsec    17.5+/15 @ 1 =     0.910 , Out:   0.000#   0.000#   0.000#   0.000#   0.000#   0.000#   0.000#   0.000#   0.000#
           Xsec                          0.910f
 Reaction Xsec    17.5+/17 @ 2 =     0.180 , Out:   0.000#   0.000#   0.000#   0.000#   0.000#   0.000#   0.000#   0.000#   0.000#
           Xsec                          0.180f
 Reaction Xsec    17.5+/17 @ 3 =     0.180 , Out:   0.000#   0.002#   0.000#   0.000#   0.000#   0.001#   0.001#   0.001#   0.001#
           Xsec                          0.180f
 Reaction Xsec    17.5+/17 @ 4 =     0.180 , Out:   0.000#   0.002#   0.000#   0.000#   0.000#   0.000#   0.000#   0.001#   0.001#
           Xsec                          0.180f
 Reaction Xsec    17.5+/19 @ 5 =     0.035 , Out:   0.000#   0.000#   0.000#   0.000#   0.000#   0.000#   0.000#   0.000#   0.000#
           Xsec                          0.035f
 Reaction Xsec    17.5+/19 @ 6 =     0.035 , Out:   0.000#   0.000#   0.001#   0.001#   0.001#   0.001#   0.001#   0.000#   0.000#
           Xsec                          0.035f

 Total SPIN, PARITY =    17.5 -,     54 chs,      6 cc.  Rmin & Coul turning =    2.7   10.1
 Reaction Xsec    17.5-/16 @ 1 =     0.407 , Out:   0.000#   0.000#   0.000#   0.000#   0.000#   0.000#   0.000#   0.000#   0.000#
           Xsec                          0.407f
 Reaction Xsec    17.5-/16 @ 2 =     0.407 , Out:   0.000#   0.011#   0.000#   0.002#   0.003#   0.004#   0.006#   0.008#   0.009#
           Xsec                          0.407f
 Reaction Xsec    17.5-/18 @ 3 =     0.079 , Out:   0.000#   0.000#   0.000#   0.000#   0.000#   0.000#   0.000#   0.000#   0.000#
           Xsec                          0.079f
 Reaction Xsec    17.5-/18 @ 4 =     0.079 , Out:   0.000#   0.000#   0.000#   0.000#   0.000#   0.000#   0.000#   0.000#   0.000#
           Xsec                          0.079f
 Reaction Xsec    17.5-/18 @ 5 =     0.079 , Out:   0.000#   0.000#   0.009#   0.008#   0.007#   0.007#   0.005#   0.002#   0.001#
           Xsec                          0.079f
 Reaction Xsec    17.5-/20 @ 6 =     0.015 , Out:   0.000#   0.000#   0.000#   0.000#   0.000#   0.000#   0.000#   0.000#   0.000#
           Xsec                          0.015f

 Total SPIN, PARITY =    18.5 +,     54 chs,      6 cc.  Rmin & Coul turning =    2.8   10.6
 Reaction Xsec    18.5+/17 @ 1 =     0.190 , Out:   0.000#   0.000#   0.000#   0.000#   0.000#   0.000#   0.000#   0.000#   0.000#
           Xsec                          0.190f
 Reaction Xsec    18.5+/17 @ 2 =     0.190 , Out:   0.000#   0.002#   0.000#   0.000#   0.001#   0.001#   0.001#   0.001#   0.001#
           Xsec                          0.190f
 Reaction Xsec    18.5+/19 @ 3 =     0.037 , Out:   0.000#   0.000#   0.000#   0.000#   0.000#   0.000#   0.000#   0.000#   0.000#
           Xsec                          0.037f
 Reaction Xsec    18.5+/19 @ 4 =     0.037 , Out:   0.000#   0.000#   0.000#   0.000#   0.000#   0.000#   0.000#   0.000#   0.000#
           Xsec                          0.037f
 Reaction Xsec    18.5+/19 @ 5 =     0.037 , Out:   0.000#   0.000#   0.002#   0.001#   0.001#   0.001#   0.001#   0.000#   0.000#
           Xsec                          0.037f
 Reaction Xsec    18.5+/21 @ 6 =     7.085/, Out:   0.000#   0.000#   0.000#   0.000#   0.000#   0.000#   0.000#   0.000#   0.000#
           Xsec                          0.007f

 Total SPIN, PARITY =    18.5 -,     54 chs,      6 cc.  Rmin & Coul turning =    2.8   10.6
 Reaction Xsec    18.5-/16 @ 1 =     0.429 , Out:   0.000#   0.000#   0.000#   0.000#   0.000#   0.000#   0.000#   0.000#   0.000#
           Xsec                          0.429f
 Reaction Xsec    18.5-/18 @ 2 =     0.084 , Out:   0.000#   0.000#   0.000#   0.000#   0.000#   0.000#   0.000#   0.000#   0.000#
           Xsec                          0.084f
 Reaction Xsec    18.5-/18 @ 3 =     0.084 , Out:   0.000#   0.000#   0.000#   0.000#   0.000#   0.000#   0.000#   0.000#   0.000#
           Xsec                          0.084f
 Reaction Xsec    18.5-/18 @ 4 =     0.084 , Out:   0.000#   0.000#   0.000#   0.000#   0.000#   0.000#   0.000#   0.000#   0.000#
           Xsec                          0.084f
 Reaction Xsec    18.5-/20 @ 5 =     0.016 , Out:   0.000#   0.000#   0.000#   0.000#   0.000#   0.000#   0.000#   0.000#   0.000#
           Xsec                          0.016f
 Reaction Xsec    18.5-/20 @ 6 =     0.016 , Out:   0.000#   0.000#   0.000#   0.000#   0.000#   0.000#   0.000#   0.000#   0.000#
           Xsec                          0.016f

 Total SPIN, PARITY =    19.5 +,     54 chs,      6 cc.  Rmin & Coul turning =    3.0   11.2
 Reaction Xsec    19.5+/17 @ 1 =     0.200 , Out:   0.000#   0.000#   0.000#   0.000#   0.000#   0.000#   0.000#   0.000#   0.000#
           Xsec                          0.200f
0****** WARNING : ACCURACY LOSS IN ERWIN = 14.6 DIGITS, SO EXPECT ERRORS OF   0.0000 % OF UNITARITY

   441761412318906.56        711848.52701799024        2.2204460492503131E-016
 Reaction Xsec    19.5+/19 @ 2 =     0.039 , Out:   0.000#   0.000#   0.000#   0.000#   0.000#   0.000#   0.000#   0.000#   0.000#
           Xsec                          0.039f
0****** WARNING : ACCURACY LOSS IN ERWIN = 14.3 DIGITS, SO EXPECT ERRORS OF   0.0000 % OF UNITARITY

   182933240446016.22        44138.107670193589        2.2204460492503131E-016
 Reaction Xsec    19.5+/19 @ 3 =     0.039 , Out:   0.000#   0.000#   0.000#   0.000#   0.000#   0.000#   0.000#   0.000#   0.000#
           Xsec                          0.039f
 Reaction Xsec    19.5+/19 @ 4 =     0.039 , Out:   0.000#   0.000#   0.000#   0.000#   0.000#   0.000#   0.000#   0.000#   0.000#
           Xsec                          0.039f
0****** WARNING : ACCURACY LOSS IN ERWIN = 15.3 DIGITS, SO EXPECT ERRORS OF   0.0000 % OF UNITARITY

   2138491858677004.0        324808.29004392872        2.2204460492503131E-016
 Reaction Xsec    19.5+/21 @ 5 =     7.458/, Out:   0.000#   0.000#   0.000#   0.000#   0.000#   0.000#   0.000#   0.000#   0.000#
           Xsec                          0.007f
0****** WARNING : ACCURACY LOSS IN ERWIN = 14.2 DIGITS, SO EXPECT ERRORS OF   0.0000 % OF UNITARITY

   152856191808261.94        19200.320009239749        2.2204460492503131E-016
 Reaction Xsec    19.5+/21 @ 6 =     7.458/, Out:   0.000#   0.000#   0.000#   0.000#   0.000#   0.000#   0.000#   0.000#   0.000#
           Xsec                          0.007f

 Total SPIN, PARITY =    19.5 -,     54 chs,      6 cc.  Rmin & Coul turning =    3.0   11.2
 Reaction Xsec    19.5-/18 @ 1 =     0.088 , Out:   0.000#   0.000#   0.000#   0.000#   0.000#   0.000#   0.000#   0.000#   0.000#
           Xsec                          0.088f
 Reaction Xsec    19.5-/18 @ 2 =     0.088 , Out:   0.000#   0.000#   0.000#   0.000#   0.000#   0.000#   0.000#   0.000#   0.000#
           Xsec                          0.088f
 Reaction Xsec    19.5-/20 @ 3 =     0.017 , Out:   0.000#   0.000#   0.000#   0.000#   0.000#   0.000#   0.000#   0.000#   0.000#
           Xsec                          0.017f
 Reaction Xsec    19.5-/20 @ 4 =     0.017 , Out:   0.000#   0.000#   0.000#   0.000#   0.000#   0.000#   0.000#   0.000#   0.000#
           Xsec                          0.017f
 Reaction Xsec    19.5-/20 @ 5 =     0.017 , Out:   0.000#   0.000#   0.000#   0.000#   0.000#   0.000#   0.000#   0.000#   0.000#
           Xsec                          0.017f
 Reaction Xsec    19.5-/22 @ 6 =     3.266/, Out:   0.000#   0.000#   0.000#   0.000#   0.000#   0.000#   0.000#   0.000#   0.000#
           Xsec                          0.003f

 Total SPIN, PARITY =    20.5 +,     54 chs,      6 cc.  Rmin & Coul turning =    3.2   11.7
 Reaction Xsec    20.5+/19 @ 1 =     0.041 , Out:   0.000#   0.000#   0.000#   0.000#   0.000#   0.000#   0.000#   0.000#   0.000#
           Xsec                          0.041f
 Reaction Xsec    20.5+/19 @ 2 =     0.041 , Out:   0.000#   0.000#   0.000#   0.000#   0.000#   0.000#   0.000#   0.000#   0.000#
           Xsec                          0.041f
0****** WARNING : ACCURACY LOSS IN ERWIN = 14.5 DIGITS, SO EXPECT ERRORS OF   0.0000 % OF UNITARITY

   294921155303437.81        202379.65811910472        2.2204460492503131E-016
 Reaction Xsec    20.5+/21 @ 3 =     7.831/, Out:   0.000#   0.000#   0.000#   0.000#   0.000#   0.000#   0.000#   0.000#   0.000#
           Xsec                          0.008f
0****** WARNING : ACCURACY LOSS IN ERWIN = 14.6 DIGITS, SO EXPECT ERRORS OF   0.0000 % OF UNITARITY

   428936686530172.12        170469.75450920744        2.2204460492503131E-016
 Reaction Xsec    20.5+/21 @ 4 =     7.831/, Out:   0.000#   0.000#   0.000#   0.000#   0.000#   0.000#   0.000#   0.000#   0.000#
           Xsec                          0.008f
 Reaction Xsec    20.5+/21 @ 5 =     7.831/, Out:   0.000#   0.000#   0.000#   0.000#   0.000#   0.000#   0.000#   0.000#   0.000#
           Xsec                          0.008f
 Reaction Xsec    20.5+/23 @ 6 =     1.500/, Out:   0.000#   0.000#   0.000#   0.000#   0.000#   0.000#   0.000#   0.000#   0.000#
           Xsec                          0.002f

 Total SPIN, PARITY =    20.5 -,     54 chs,      6 cc.  Rmin & Coul turning =    3.2   11.7
 Reaction Xsec    20.5-/18 @ 1 =     0.093 , Out:   0.000#   0.000#   0.000#   0.000#   0.000#   0.000#   0.000#   0.000#   0.000#
           Xsec                          0.093f
0****** WARNING : ACCURACY LOSS IN ERWIN = 14.8 DIGITS, SO EXPECT ERRORS OF   0.0000 % OF UNITARITY

   686352539919276.88        2207118.9464757522        2.2204460492503131E-016
 Reaction Xsec    20.5-/20 @ 2 =     0.018 , Out:   0.000#   0.000#   0.000#   0.000#   0.000#   0.000#   0.000#   0.000#   0.000#
           Xsec                          0.018f
0****** WARNING : ACCURACY LOSS IN ERWIN = 14.5 DIGITS, SO EXPECT ERRORS OF   0.0000 % OF UNITARITY

   347269983511343.62        128922.87811901253        2.2204460492503131E-016
 Reaction Xsec    20.5-/20 @ 3 =     0.018 , Out:   0.000#   0.000#   0.000#   0.000#   0.000#   0.000#   0.000#   0.000#   0.000#
           Xsec                          0.018f
 Reaction Xsec    20.5-/20 @ 4 =     0.018 , Out:   0.000#   0.000#   0.000#   0.000#   0.000#   0.000#   0.000#   0.000#   0.000#
           Xsec                          0.018f
0****** WARNING : ACCURACY LOSS IN ERWIN = 14.5 DIGITS, SO EXPECT ERRORS OF   0.0000 % OF UNITARITY

   317495188873952.38        780488.01701759116        2.2204460492503131E-016
 Reaction Xsec    20.5-/22 @ 5 =     3.429/, Out:   0.000#   0.000#   0.000#   0.000#   0.000#   0.000#   0.000#   0.000#   0.000#
           Xsec                          0.003f
0****** WARNING : ACCURACY LOSS IN ERWIN = 14.2 DIGITS, SO EXPECT ERRORS OF   0.0000 % OF UNITARITY

   157957040624362.34        44158.987747117520        2.2204460492503131E-016
 Reaction Xsec    20.5-/22 @ 6 =     3.429/, Out:   0.000#   0.000#   0.000#   0.000#   0.000#   0.000#   0.000#   0.000#   0.000#
           Xsec                          0.003f

 Total SPIN, PARITY =    21.5 +,     54 chs,      6 cc.  Rmin & Coul turning =    3.3   12.3
 Reaction Xsec    21.5+/19 @ 1 =     0.043 , Out:   0.000#   0.000#   0.000#   0.000#   0.000#   0.000#   0.000#   0.000#   0.000#
           Xsec                          0.043f
 Reaction Xsec    21.5+/21 @ 2 =     8.204/, Out:   0.000#   0.000#   0.000#   0.000#   0.000#   0.000#   0.000#   0.000#   0.000#
           Xsec                          0.008f
 Reaction Xsec    21.5+/21 @ 3 =     8.204/, Out:   0.000#   0.000#   0.000#   0.000#   0.000#   0.000#   0.000#   0.000#   0.000#
           Xsec                          0.008f
 Reaction Xsec    21.5+/21 @ 4 =     8.204/, Out:   0.000#   0.000#   0.000#   0.000#   0.000#   0.000#   0.000#   0.000#   0.000#
           Xsec                          0.008f
0****** WARNING : ACCURACY LOSS IN ERWIN = 14.8 DIGITS, SO EXPECT ERRORS OF   0.0000 % OF UNITARITY

   570503638046809.62        353242.55122401851        2.2204460492503131E-016
 Reaction Xsec    21.5+/23 @ 5 =     1.571/, Out:   0.000#   0.000#   0.000#   0.000#   0.000#   0.000#   0.000#   0.000#   0.000#
           Xsec                          0.002f
0****** WARNING : ACCURACY LOSS IN ERWIN = 14.2 DIGITS, SO EXPECT ERRORS OF   0.0000 % OF UNITARITY

   146759243129673.16        19725.821890993186        2.2204460492503131E-016
 Reaction Xsec    21.5+/23 @ 6 =     1.571/, Out:   0.000#   0.000#   0.000#   0.000#   0.000#   0.000#   0.000#   0.000#   0.000#
           Xsec                          0.002f

 Total SPIN, PARITY =    21.5 -,     54 chs,      6 cc.  Rmin & Coul turning =    3.3   12.3
0****** WARNING : ACCURACY LOSS IN ERWIN = 14.9 DIGITS, SO EXPECT ERRORS OF   0.0000 % OF UNITARITY

   826957103682774.12        684218.74050128809        2.2204460492503131E-016
 Reaction Xsec    21.5-/20 @ 1 =     0.019 , Out:   0.000#   0.000#   0.000#   0.000#   0.000#   0.000#   0.000#   0.000#   0.000#
           Xsec                          0.019f
0****** WARNING : ACCURACY LOSS IN ERWIN = 14.5 DIGITS, SO EXPECT ERRORS OF   0.0000 % OF UNITARITY

   347400787221773.31        39487.919545727018        2.2204460492503131E-016
 Reaction Xsec    21.5-/20 @ 2 =     0.019 , Out:   0.000#   0.000#   0.000#   0.000#   0.000#   0.000#   0.000#   0.000#   0.000#
           Xsec                          0.019f
 Reaction Xsec    21.5-/22 @ 3 =     3.592/, Out:   0.000#   0.000#   0.000#   0.000#   0.000#   0.000#   0.000#   0.000#   0.000#
           Xsec                          0.004f
 Reaction Xsec    21.5-/22 @ 4 =     3.592/, Out:   0.000#   0.000#   0.000#   0.000#   0.000#   0.000#   0.000#   0.000#   0.000#
           Xsec                          0.004f
 Reaction Xsec    21.5-/22 @ 5 =     3.592/, Out:   0.000#   0.000#   0.000#   0.000#   0.000#   0.000#   0.000#   0.000#   0.000#
           Xsec                          0.004f
 Reaction Xsec    21.5-/24 @ 6 =     0.687/, Out:   0.000#   0.000#   0.000#   0.000#   0.000#   0.000#   0.000#   0.000#   0.000#
           Xsec                          0.001f

 Total SPIN, PARITY =    22.5 +,     54 chs,      6 cc.  Rmin & Coul turning =    3.5   12.8
0****** WARNING : ACCURACY LOSS IN ERWIN = 14.4 DIGITS, SO EXPECT ERRORS OF   0.0000 % OF UNITARITY

   247191577693892.16        328432.94803947420        2.2204460492503131E-016
 Reaction Xsec    22.5+/21 @ 1 =     8.577/, Out:   0.000#   0.000#   0.000#   0.000#   0.000#   0.000#   0.000#   0.000#   0.000#
           Xsec                          0.009f
 Reaction Xsec    22.5+/21 @ 2 =     8.577/, Out:   0.000#   0.000#   0.000#   0.000#   0.000#   0.000#   0.000#   0.000#   0.000#
           Xsec                          0.009f
 Reaction Xsec    22.5+/23 @ 3 =     1.643/, Out:   0.000#   0.000#   0.000#   0.000#   0.000#   0.000#   0.000#   0.000#   0.000#
           Xsec                          0.002f
 Reaction Xsec    22.5+/23 @ 4 =     1.643/, Out:   0.000#   0.000#   0.000#   0.000#   0.000#   0.000#   0.000#   0.000#   0.000#
           Xsec                          0.002f
 Reaction Xsec    22.5+/23 @ 5 =     1.643/, Out:   0.000#   0.000#   0.000#   0.000#   0.000#   0.000#   0.000#   0.000#   0.000#
           Xsec                          0.002f
 Reaction Xsec    22.5+/25 @ 6 =     0.314/, Out:   0.000#   0.000#   0.000#   0.000#   0.000#   0.000#   0.000#   0.000#   0.000#
           Xsec                          0.000f

 Total SPIN, PARITY =    22.5 -,     54 chs,      6 cc.  Rmin & Coul turning =    3.5   12.8
0****** WARNING : ACCURACY LOSS IN ERWIN = 14.3 DIGITS, SO EXPECT ERRORS OF   0.0000 % OF UNITARITY

   217416819090864.50        240196.35916035165        2.2204460492503131E-016
 Reaction Xsec    22.5-/20 @ 1 =     0.020 , Out:   0.000#   0.000#   0.000#   0.000#   0.000#   0.000#   0.000#   0.000#   0.000#
           Xsec                          0.020f
 Reaction Xsec    22.5-/22 @ 2 =     3.755/, Out:   0.000#   0.000#   0.000#   0.000#   0.000#   0.000#   0.000#   0.000#   0.000#
           Xsec                          0.004f
 Reaction Xsec    22.5-/22 @ 3 =     3.755/, Out:   0.000#   0.000#   0.000#   0.000#   0.000#   0.000#   0.000#   0.000#   0.000#
           Xsec                          0.004f
 Reaction Xsec    22.5-/22 @ 4 =     3.755/, Out:   0.000#   0.000#   0.000#   0.000#   0.000#   0.000#   0.000#   0.000#   0.000#
           Xsec                          0.004f
 Reaction Xsec    22.5-/24 @ 5 =     0.718/, Out:   0.000#   0.000#   0.000#   0.000#   0.000#   0.000#   0.000#   0.000#   0.000#
           Xsec                          0.001f
 Reaction Xsec    22.5-/24 @ 6 =     0.718/, Out:   0.000#   0.000#   0.000#   0.000#   0.000#   0.000#   0.000#   0.000#   0.000#
           Xsec                          0.001f

 Total SPIN, PARITY =    23.5 +,     54 chs,      6 cc.  Rmin & Coul turning =    3.6   13.4
0****** WARNING : ACCURACY LOSS IN ERWIN = 14.5 DIGITS, SO EXPECT ERRORS OF   0.0000 % OF UNITARITY

   323761302288478.94        150841.85501842832        2.2204460492503131E-016
 Reaction Xsec    23.5+/21 @ 1 =     8.949/, Out:   0.000#   0.000#   0.000#   0.000#   0.000#   0.000#   0.000#   0.000#   0.000#
           Xsec                          0.009f
0****** WARNING : ACCURACY LOSS IN ERWIN = 14.2 DIGITS, SO EXPECT ERRORS OF   0.0000 % OF UNITARITY

   165887166697645.84        3323559.2386665386        2.2204460492503131E-016
 Reaction Xsec    23.5+/23 @ 2 =     1.714/, Out:   0.000#   0.000#   0.000#   0.000#   0.000#   0.000#   0.000#   0.000#   0.000#
           Xsec                          0.002f
0****** WARNING : ACCURACY LOSS IN ERWIN = 14.2 DIGITS, SO EXPECT ERRORS OF   0.0000 % OF UNITARITY

   150403009455664.09        172164.98625564398        2.2204460492503131E-016
 Reaction Xsec    23.5+/23 @ 3 =     1.714/, Out:   0.000#   0.000#   0.000#   0.000#   0.000#   0.000#   0.000#   0.000#   0.000#
           Xsec                          0.002f
 Reaction Xsec    23.5+/23 @ 4 =     1.714/, Out:   0.000#   0.000#   0.000#   0.000#   0.000#   0.000#   0.000#   0.000#   0.000#
           Xsec                          0.002f
 Reaction Xsec    23.5+/25 @ 5 =     0.327/, Out:   0.000#   0.000#   0.000#   0.000#   0.000#   0.000#   0.000#   0.000#   0.000#
           Xsec                          0.000f
 Reaction Xsec    23.5+/25 @ 6 =     0.327/, Out:   0.000#   0.000#   0.000#   0.000#   0.000#   0.000#   0.000#   0.000#   0.000#
           Xsec                          0.000f

 Total SPIN, PARITY =    23.5 -,     54 chs,      6 cc.  Rmin & Coul turning =    3.6   13.4
 Reaction Xsec    23.5-/22 @ 1 =     3.919/, Out:   0.000#   0.000#   0.000#   0.000#   0.000#   0.000#   0.000#   0.000#   0.000#
           Xsec                          0.004f
 Reaction Xsec    23.5-/22 @ 2 =     3.919/, Out:   0.000#   0.000#   0.000#   0.000#   0.000#   0.000#   0.000#   0.000#   0.000#
           Xsec                          0.004f
 Reaction Xsec    23.5-/24 @ 3 =     0.749/, Out:   0.000#   0.000#   0.000#   0.000#   0.000#   0.000#   0.000#   0.000#   0.000#
           Xsec                          0.001f
 Reaction Xsec    23.5-/24 @ 4 =     0.749/, Out:   0.000#   0.000#   0.000#   0.000#   0.000#   0.000#   0.000#   0.000#   0.000#
           Xsec                          0.001f
 Reaction Xsec    23.5-/24 @ 5 =     0.749/, Out:   0.000#   0.000#   0.000#   0.000#   0.000#   0.000#   0.000#   0.000#   0.000#
           Xsec                          0.001f
 Reaction Xsec    23.5-/26 @ 6 =     0.143/, Out:   0.000#   0.000#   0.000#   0.000#   0.000#   0.000#   0.000#   0.000#   0.000#
           Xsec                          0.000f

 Total SPIN, PARITY =    24.5 +,     54 chs,      6 cc.  Rmin & Coul turning =    3.8   13.9
0****** WARNING : ACCURACY LOSS IN ERWIN = 14.6 DIGITS, SO EXPECT ERRORS OF   0.0000 % OF UNITARITY

   438175640219179.19        971474.56112866662        2.2204460492503131E-016
 Reaction Xsec    24.5+/23 @ 1 =     1.786/, Out:   0.000#   0.000#   0.000#   0.000#   0.000#   0.000#   0.000#   0.000#   0.000#
           Xsec                          0.002f
0****** WARNING : ACCURACY LOSS IN ERWIN = 14.2 DIGITS, SO EXPECT ERRORS OF   0.0000 % OF UNITARITY

   161516577443944.56        48845.079879256919        2.2204460492503131E-016
 Reaction Xsec    24.5+/23 @ 2 =     1.786/, Out:   0.000#   0.000#   0.000#   0.000#   0.000#   0.000#   0.000#   0.000#   0.000#
           Xsec                          0.002f
 Reaction Xsec    24.5+/25 @ 3 =     0.341/, Out:   0.000#   0.000#   0.000#   0.000#   0.000#   0.000#   0.000#   0.000#   0.000#
           Xsec                          0.000f
 Reaction Xsec    24.5+/25 @ 4 =     0.341/, Out:   0.000#   0.000#   0.000#   0.000#   0.000#   0.000#   0.000#   0.000#   0.000#
           Xsec                          0.000f
 Reaction Xsec    24.5+/25 @ 5 =     0.341/, Out:   0.000#   0.000#   0.000#   0.000#   0.000#   0.000#   0.000#   0.000#   0.000#
           Xsec                          0.000f
 Reaction Xsec    24.5+/27 @ 6 =     0.065/, Out:   0.000#   0.000#   0.000#   0.000#   0.000#   0.000#   0.000#   0.000#   0.000#
           Xsec                          0.000f

 Total SPIN, PARITY =    24.5 -,     54 chs,      6 cc.  Rmin & Coul turning =    3.8   13.9
 Reaction Xsec    24.5-/22 @ 1 =     4.082/, Out:   0.000#   0.000#   0.000#   0.000#   0.000#   0.000#   0.000#   0.000#   0.000#
           Xsec                          0.004f
0****** WARNING : ACCURACY LOSS IN ERWIN = 14.5 DIGITS, SO EXPECT ERRORS OF   0.0000 % OF UNITARITY

   347729289973843.31        17520626.146451730        2.2204460492503131E-016
 Reaction Xsec    24.5-/24 @ 2 =     0.781/, Out:   0.000#   0.000#   0.000#   0.000#   0.000#   0.000#   0.000#   0.000#   0.000#
           Xsec                          0.001f
0****** WARNING : ACCURACY LOSS IN ERWIN = 14.6 DIGITS, SO EXPECT ERRORS OF   0.0000 % OF UNITARITY

   434391986165658.50        888200.51020834805        2.2204460492503131E-016
 Reaction Xsec    24.5-/24 @ 3 =     0.781/, Out:   0.000#   0.000#   0.000#   0.000#   0.000#   0.000#   0.000#   0.000#   0.000#
           Xsec                          0.001f
0****** WARNING : ACCURACY LOSS IN ERWIN = 14.3 DIGITS, SO EXPECT ERRORS OF   0.0000 % OF UNITARITY

   207775472255046.62        23803.644494337859        2.2204460492503131E-016
 Reaction Xsec    24.5-/24 @ 4 =     0.781/, Out:   0.000#   0.000#   0.000#   0.000#   0.000#   0.000#   0.000#   0.000#   0.000#
           Xsec                          0.001f
0****** WARNING : ACCURACY LOSS IN ERWIN = 14.6 DIGITS, SO EXPECT ERRORS OF   0.0000 % OF UNITARITY

   388055311110373.06        9455572.1063495874        2.2204460492503131E-016
 Reaction Xsec    24.5-/26 @ 5 =     0.149/, Out:   0.000#   0.000#   0.000#   0.000#   0.000#   0.000#   0.000#   0.000#   0.000#
           Xsec                          0.000f
0****** WARNING : ACCURACY LOSS IN ERWIN = 14.8 DIGITS, SO EXPECT ERRORS OF   0.0000 % OF UNITARITY

   614470945705333.38        455989.12385606905        2.2204460492503131E-016
 Reaction Xsec    24.5-/26 @ 6 =     0.149/, Out:   0.000#   0.000#   0.000#   0.000#   0.000#   0.000#   0.000#   0.000#   0.000#
           Xsec                          0.000f

 Total SPIN, PARITY =    25.5 +,     54 chs,      6 cc.  Rmin & Coul turning =    4.0   14.5
0****** WARNING : ACCURACY LOSS IN ERWIN = 14.3 DIGITS, SO EXPECT ERRORS OF   0.0000 % OF UNITARITY

   194240692502268.56        552312.35015989619        2.2204460492503131E-016
 Reaction Xsec    25.5+/23 @ 1 =     1.857/, Out:   0.000#   0.000#   0.000#   0.000#   0.000#   0.000#   0.000#   0.000#   0.000#
           Xsec                          0.002f
0****** WARNING : ACCURACY LOSS IN ERWIN = 15.7 DIGITS, SO EXPECT ERRORS OF   0.0000 % OF UNITARITY

   4957316515228274.0        113247198.49054262        2.2204460492503131E-016
 Reaction Xsec    25.5+/25 @ 2 =     0.355/, Out:   0.000#   0.000#   0.000#   0.000#   0.000#   0.000#   0.000#   0.000#   0.000#
           Xsec                          0.000f
0****** WARNING : ACCURACY LOSS IN ERWIN = 15.0 DIGITS, SO EXPECT ERRORS OF   0.0000 % OF UNITARITY

   1073609031840189.1        4684943.9589248039        2.2204460492503131E-016
 Reaction Xsec    25.5+/25 @ 3 =     0.355/, Out:   0.000#   0.000#   0.000#   0.000#   0.000#   0.000#   0.000#   0.000#   0.000#
           Xsec                          0.000f
0****** WARNING : ACCURACY LOSS IN ERWIN = 14.9 DIGITS, SO EXPECT ERRORS OF   0.0000 % OF UNITARITY

   866897215372761.38        306015.31811883487        2.2204460492503131E-016
 Reaction Xsec    25.5+/25 @ 4 =     0.355/, Out:   0.000#   0.000#   0.000#   0.000#   0.000#   0.000#   0.000#   0.000#   0.000#
           Xsec                          0.000f
0****** WARNING : ACCURACY LOSS IN ERWIN = 15.1 DIGITS, SO EXPECT ERRORS OF   0.0000 % OF UNITARITY

   1216094043533361.5        51405189.651694931        2.2204460492503131E-016
 Reaction Xsec    25.5+/27 @ 5 =     0.068/, Out:   0.000#   0.000#   0.000#   0.000#   0.000#   0.000#   0.000#   0.000#   0.000#
           Xsec                          0.000f
0****** WARNING : ACCURACY LOSS IN ERWIN = 15.3 DIGITS, SO EXPECT ERRORS OF   0.0000 % OF UNITARITY

   1877326530786073.5        2340527.7811846617        2.2204460492503131E-016
 Reaction Xsec    25.5+/27 @ 6 =     0.068/, Out:   0.000#   0.000#   0.000#   0.000#   0.000#   0.000#   0.000#   0.000#   0.000#
           Xsec                          0.000f

 Total SPIN, PARITY =    25.5 -,     54 chs,      6 cc.  Rmin & Coul turning =    4.0   14.5
0****** WARNING : ACCURACY LOSS IN ERWIN = 14.9 DIGITS, SO EXPECT ERRORS OF   0.0000 % OF UNITARITY

   776549460206421.50        8616421.1966261100        2.2204460492503131E-016
 Reaction Xsec    25.5-/24 @ 1 =     0.812/, Out:   0.000#   0.000#   0.000#   0.000#   0.000#   0.000#   0.000#   0.000#   0.000#
           Xsec                          0.001f
0****** WARNING : ACCURACY LOSS IN ERWIN = 14.8 DIGITS, SO EXPECT ERRORS OF   0.0000 % OF UNITARITY

   615275323676470.25        443534.22168328008        2.2204460492503131E-016
 Reaction Xsec    25.5-/24 @ 2 =     0.812/, Out:   0.000#   0.000#   0.000#   0.000#   0.000#   0.000#   0.000#   0.000#   0.000#
           Xsec                          0.001f
0****** WARNING : ACCURACY LOSS IN ERWIN = 14.6 DIGITS, SO EXPECT ERRORS OF   0.0000 % OF UNITARITY

   415203334708950.12        5972030.3131055888        2.2204460492503131E-016
 Reaction Xsec    25.5-/26 @ 3 =     0.155/, Out:   0.000#   0.000#   0.000#   0.000#   0.000#   0.000#   0.000#   0.000#   0.000#
           Xsec                          0.000f
0****** WARNING : ACCURACY LOSS IN ERWIN = 15.1 DIGITS, SO EXPECT ERRORS OF   0.0000 % OF UNITARITY

   1353523577571767.2        4782174.9047906697        2.2204460492503131E-016
 Reaction Xsec    25.5-/26 @ 4 =     0.155/, Out:   0.000#   0.000#   0.000#   0.000#   0.000#   0.000#   0.000#   0.000#   0.000#
           Xsec                          0.000f
0****** WARNING : ACCURACY LOSS IN ERWIN = 14.9 DIGITS, SO EXPECT ERRORS OF   0.0000 % OF UNITARITY

   753152695953578.25        204638.70981186276        2.2204460492503131E-016
 Reaction Xsec    25.5-/26 @ 5 =     0.155/, Out:   0.000#   0.000#   0.000#   0.000#   0.000#   0.000#   0.000#   0.000#   0.000#
           Xsec                          0.000f
0****** WARNING : ACCURACY LOSS IN ERWIN = 15.4 DIGITS, SO EXPECT ERRORS OF   0.0000 % OF UNITARITY

   2649605880703460.5        862094.27175692958        2.2204460492503131E-016
 Reaction Xsec    25.5-/28 @ 6 =     0.029/, Out:   0.000#   0.000#   0.000#   0.000#   0.000#   0.000#   0.000#   0.000#   0.000#
           Xsec                          0.000f

 Total SPIN, PARITY =    26.5 +,     54 chs,      6 cc.  Rmin & Coul turning =    4.1   15.0
0****** WARNING : ACCURACY LOSS IN ERWIN = 15.3 DIGITS, SO EXPECT ERRORS OF   0.0000 % OF UNITARITY

   2237455216255987.0        29926932.279460032        2.2204460492503131E-016
 Reaction Xsec    26.5+/25 @ 1 =     0.368/, Out:   0.000#   0.000#   0.000#   0.000#   0.000#   0.000#   0.000#   0.000#   0.000#
           Xsec                          0.000f
0****** WARNING : ACCURACY LOSS IN ERWIN = 15.8 DIGITS, SO EXPECT ERRORS OF   0.0000 % OF UNITARITY

   6835898411260415.0        1277816.4330107500        2.2204460492503131E-016
 Reaction Xsec    26.5+/25 @ 2 =     0.368/, Out:   0.000#   0.000#   0.000#   0.000#   0.000#   0.000#   0.000#   0.000#   0.000#
           Xsec                          0.000f
0****** WARNING : ACCURACY LOSS IN ERWIN = 15.2 DIGITS, SO EXPECT ERRORS OF   0.0000 % OF UNITARITY

   1507674386246237.0        16289234.912380667        2.2204460492503131E-016
 Reaction Xsec    26.5+/27 @ 3 =     0.070/, Out:   0.000#   0.000#   0.000#   0.000#   0.000#   0.000#   0.000#   0.000#   0.000#
           Xsec                          0.000f
0****** WARNING : ACCURACY LOSS IN ERWIN = 15.2 DIGITS, SO EXPECT ERRORS OF   0.0000 % OF UNITARITY

   1678130566524191.8        12670476.417957889        2.2204460492503131E-016
 Reaction Xsec    26.5+/27 @ 4 =     0.070/, Out:   0.000#   0.000#   0.000#   0.000#   0.000#   0.000#   0.000#   0.000#   0.000#
           Xsec                          0.000f
0****** WARNING : ACCURACY LOSS IN ERWIN = 15.3 DIGITS, SO EXPECT ERRORS OF   0.0000 % OF UNITARITY

   1844081738165184.2        611163.31816800963        2.2204460492503131E-016
 Reaction Xsec    26.5+/27 @ 5 =     0.070/, Out:   0.000#   0.000#   0.000#   0.000#   0.000#   0.000#   0.000#   0.000#   0.000#
           Xsec                          0.000f
0****** WARNING : ACCURACY LOSS IN ERWIN = 14.7 DIGITS, SO EXPECT ERRORS OF   0.0000 % OF UNITARITY

   465948565085886.94        2444972.3738591061        2.2204460492503131E-016
 Reaction Xsec    26.5+/29 @ 6 =     0.013/, Out:   0.000#   0.000#   0.000#   0.000#   0.000#   0.000#   0.000#   0.000#   0.000#
           Xsec                          0.000f

 Total SPIN, PARITY =    26.5 -,     54 chs,      6 cc.  Rmin & Coul turning =    4.1   15.0
0****** WARNING : ACCURACY LOSS IN ERWIN = 15.0 DIGITS, SO EXPECT ERRORS OF   0.0000 % OF UNITARITY

   941211381538462.12        2260376.7400323297        2.2204460492503131E-016
 Reaction Xsec    26.5-/24 @ 1 =     0.843/, Out:   0.000#   0.000#   0.000#   0.000#   0.000#   0.000#   0.000#   0.000#   0.000#
           Xsec                          0.001f
0****** WARNING : ACCURACY LOSS IN ERWIN = 15.0 DIGITS, SO EXPECT ERRORS OF   0.0000 % OF UNITARITY

   963427638241161.00        186980416.42969126        2.2204460492503131E-016
 Reaction Xsec    26.5-/26 @ 2 =     0.161/, Out:   0.000#   0.000#   0.000#   0.000#   0.000#   0.000#   0.000#   0.000#   0.000#
           Xsec                          0.000f
0****** WARNING : ACCURACY LOSS IN ERWIN = 14.9 DIGITS, SO EXPECT ERRORS OF   0.0000 % OF UNITARITY

   740351045677712.50        8559107.7259151302        2.2204460492503131E-016
 Reaction Xsec    26.5-/26 @ 3 =     0.161/, Out:   0.000#   0.000#   0.000#   0.000#   0.000#   0.000#   0.000#   0.000#   0.000#
           Xsec                          0.000f
0****** WARNING : ACCURACY LOSS IN ERWIN = 14.6 DIGITS, SO EXPECT ERRORS OF   0.0000 % OF UNITARITY

   412420447709611.50        1377608.3246111542        2.2204460492503131E-016
 Reaction Xsec    26.5-/26 @ 4 =     0.161/, Out:   0.000#   0.000#   0.000#   0.000#   0.000#   0.000#   0.000#   0.000#   0.000#
           Xsec                          0.000f
0****** WARNING : ACCURACY LOSS IN ERWIN = 14.7 DIGITS, SO EXPECT ERRORS OF   0.0000 % OF UNITARITY

   551071943121537.31        79883302.700854152        2.2204460492503131E-016
 Reaction Xsec    26.5-/28 @ 5 =     0.031/, Out:   0.000#   0.000#   0.000#   0.000#   0.000#   0.000#   0.000#   0.000#   0.000#
           Xsec                          0.000f
0****** WARNING : ACCURACY LOSS IN ERWIN = 15.0 DIGITS, SO EXPECT ERRORS OF   0.0000 % OF UNITARITY

   892137609243646.62        3611026.2279505502        2.2204460492503131E-016
 Reaction Xsec    26.5-/28 @ 6 =     0.031/, Out:   0.000#   0.000#   0.000#   0.000#   0.000#   0.000#   0.000#   0.000#   0.000#
           Xsec                          0.000f

 Total SPIN, PARITY =    27.5 +,     54 chs,      6 cc.  Rmin & Coul turning =    4.3   15.6
0****** WARNING : ACCURACY LOSS IN ERWIN = 15.4 DIGITS, SO EXPECT ERRORS OF   0.0000 % OF UNITARITY

   2362061076323807.0        7446996.4753799988        2.2204460492503131E-016
 Reaction Xsec    27.5+/25 @ 1 =     0.382/, Out:   0.000#   0.000#   0.000#   0.000#   0.000#   0.000#   0.000#   0.000#   0.000#
           Xsec                          0.000f
0****** WARNING : ACCURACY LOSS IN ERWIN = 15.5 DIGITS, SO EXPECT ERRORS OF   0.0000 % OF UNITARITY

   2885201753573417.5        150067425.87263212        2.2204460492503131E-016
 Reaction Xsec    27.5+/27 @ 2 =     0.073/, Out:   0.000#   0.000#   0.000#   0.000#   0.000#   0.000#   0.000#   0.000#   0.000#
           Xsec                          0.000f
0****** WARNING : ACCURACY LOSS IN ERWIN = 15.3 DIGITS, SO EXPECT ERRORS OF   0.0000 % OF UNITARITY

   2187103904055696.5        6499836.8986658361        2.2204460492503131E-016
 Reaction Xsec    27.5+/27 @ 3 =     0.073/, Out:   0.000#   0.000#   0.000#   0.000#   0.000#   0.000#   0.000#   0.000#   0.000#
           Xsec                          0.000f
0****** WARNING : ACCURACY LOSS IN ERWIN = 15.1 DIGITS, SO EXPECT ERRORS OF   0.0000 % OF UNITARITY

   1278813236573570.5        3865118.3398229936        2.2204460492503131E-016
 Reaction Xsec    27.5+/27 @ 4 =     0.073/, Out:   0.000#   0.000#   0.000#   0.000#   0.000#   0.000#   0.000#   0.000#   0.000#
           Xsec                          0.000f
0****** WARNING : ACCURACY LOSS IN ERWIN = 15.2 DIGITS, SO EXPECT ERRORS OF   0.0000 % OF UNITARITY

   1684236156774870.5        53032792.633320287        2.2204460492503131E-016
 Reaction Xsec    27.5+/29 @ 5 =     0.014/, Out:   0.000#   0.000#   0.000#   0.000#   0.000#   0.000#   0.000#   0.000#   0.000#
           Xsec                          0.000f
0****** WARNING : ACCURACY LOSS IN ERWIN = 15.4 DIGITS, SO EXPECT ERRORS OF   0.0000 % OF UNITARITY

   2555555068003761.5        2314134.8706829641        2.2204460492503131E-016
 Reaction Xsec    27.5+/29 @ 6 =     0.014/, Out:   0.000#   0.000#   0.000#   0.000#   0.000#   0.000#   0.000#   0.000#   0.000#
           Xsec                          0.000f

 Total SPIN, PARITY =    27.5 -,     54 chs,      6 cc.  Rmin & Coul turning =    4.3   15.6
0****** WARNING : ACCURACY LOSS IN ERWIN = 14.8 DIGITS, SO EXPECT ERRORS OF   0.0000 % OF UNITARITY

   694120049362594.88        45766037.304139949        2.2204460492503131E-016
 Reaction Xsec    27.5-/26 @ 1 =     0.167/, Out:   0.000#   0.000#   0.000#   0.000#   0.000#   0.000#   0.000#   0.000#   0.000#
           Xsec                          0.000f
0****** WARNING : ACCURACY LOSS IN ERWIN = 14.9 DIGITS, SO EXPECT ERRORS OF   0.0000 % OF UNITARITY

   882735668586061.25        2122733.3561834721        2.2204460492503131E-016
 Reaction Xsec    27.5-/26 @ 2 =     0.167/, Out:   0.000#   0.000#   0.000#   0.000#   0.000#   0.000#   0.000#   0.000#   0.000#
           Xsec                          0.000f
0****** WARNING : ACCURACY LOSS IN ERWIN = 14.7 DIGITS, SO EXPECT ERRORS OF   0.0000 % OF UNITARITY

   558768172397559.31        24976049.627345752        2.2204460492503131E-016
 Reaction Xsec    27.5-/28 @ 3 =     0.032/, Out:   0.000#   0.000#   0.000#   0.000#   0.000#   0.000#   0.000#   0.000#   0.000#
           Xsec                          0.000f
0****** WARNING : ACCURACY LOSS IN ERWIN = 14.8 DIGITS, SO EXPECT ERRORS OF   0.0000 % OF UNITARITY

   566723891001530.00        21310515.409584593        2.2204460492503131E-016
 Reaction Xsec    27.5-/28 @ 4 =     0.032/, Out:   0.000#   0.000#   0.000#   0.000#   0.000#   0.000#   0.000#   0.000#   0.000#
           Xsec                          0.000f
0****** WARNING : ACCURACY LOSS IN ERWIN = 15.3 DIGITS, SO EXPECT ERRORS OF   0.0000 % OF UNITARITY

   2155844135218581.5        921638.97295396856        2.2204460492503131E-016
 Reaction Xsec    27.5-/28 @ 5 =     0.032/, Out:   0.000#   0.000#   0.000#   0.000#   0.000#   0.000#   0.000#   0.000#   0.000#
           Xsec                          0.000f
0****** WARNING : ACCURACY LOSS IN ERWIN = 15.1 DIGITS, SO EXPECT ERRORS OF   0.0000 % OF UNITARITY

   1136013456019358.0        3407787.2699364950        2.2204460492503131E-016
 Reaction Xsec    27.5-/30 @ 6 =     6.022#, Out:   0.000#   0.000#   0.000#   0.000#   0.000#   0.000#   0.000#   0.000#   0.000#
           Xsec                          0.000f

 Total SPIN, PARITY =    28.5 +,     54 chs,      6 cc.  Rmin & Coul turning =    4.4   16.1
0****** WARNING : ACCURACY LOSS IN ERWIN = 15.4 DIGITS, SO EXPECT ERRORS OF   0.0000 % OF UNITARITY

   2339999743090462.0        79152591.699059740        2.2204460492503131E-016
 Reaction Xsec    28.5+/27 @ 1 =     0.075/, Out:   0.000#   0.000#   0.000#   0.000#   0.000#   0.000#   0.000#   0.000#   0.000#
           Xsec                          0.000f
0****** WARNING : ACCURACY LOSS IN ERWIN = 15.5 DIGITS, SO EXPECT ERRORS OF   0.0000 % OF UNITARITY

   3286056193914553.0        3299065.3635235219        2.2204460492503131E-016
 Reaction Xsec    28.5+/27 @ 2 =     0.075/, Out:   0.000#   0.000#   0.000#   0.000#   0.000#   0.000#   0.000#   0.000#   0.000#
           Xsec                          0.000f
0****** WARNING : ACCURACY LOSS IN ERWIN = 15.6 DIGITS, SO EXPECT ERRORS OF   0.0000 % OF UNITARITY

   4453099166715867.0        33255686.449831471        2.2204460492503131E-016
 Reaction Xsec    28.5+/29 @ 3 =     0.014/, Out:   0.000#   0.000#   0.000#   0.000#   0.000#   0.000#   0.000#   0.000#   0.000#
           Xsec                          0.000f
0****** WARNING : ACCURACY LOSS IN ERWIN = 15.3 DIGITS, SO EXPECT ERRORS OF   0.0000 % OF UNITARITY

   2191856586663920.8        29054096.191855699        2.2204460492503131E-016
 Reaction Xsec    28.5+/29 @ 4 =     0.014/, Out:   0.000#   0.000#   0.000#   0.000#   0.000#   0.000#   0.000#   0.000#   0.000#
           Xsec                          0.000f
0****** WARNING : ACCURACY LOSS IN ERWIN = 15.4 DIGITS, SO EXPECT ERRORS OF   0.0000 % OF UNITARITY

   2543505672281539.0        1114251.9209939644        2.2204460492503131E-016
 Reaction Xsec    28.5+/29 @ 5 =     0.014/, Out:   0.000#   0.000#   0.000#   0.000#   0.000#   0.000#   0.000#   0.000#   0.000#
           Xsec                          0.000f
0****** WARNING : ACCURACY LOSS IN ERWIN = 15.4 DIGITS, SO EXPECT ERRORS OF   0.0000 % OF UNITARITY

   2382855395527048.5        3611679.2721696850        2.2204460492503131E-016
 Reaction Xsec    28.5+/31 @ 6 =     2.716#, Out:   0.000#   0.000#   0.000#   0.000#   0.000#   0.000#   0.000#   0.000#   0.000#
           Xsec                          0.000f

 Total SPIN, PARITY =    28.5 -,     54 chs,      6 cc.  Rmin & Coul turning =    4.4   16.1
0****** WARNING : ACCURACY LOSS IN ERWIN = 14.9 DIGITS, SO EXPECT ERRORS OF   0.0000 % OF UNITARITY

   859707851524284.62        23187914.188719779        2.2204460492503131E-016
 Reaction Xsec    28.5-/26 @ 1 =     0.173/, Out:   0.000#   0.000#   0.000#   0.000#   0.000#   0.000#   0.000#   0.000#   0.000#
           Xsec                          0.000f
0****** WARNING : ACCURACY LOSS IN ERWIN = 15.1 DIGITS, SO EXPECT ERRORS OF   0.0000 % OF UNITARITY

   1138949714622207.2        89005584.594036505        2.2204460492503131E-016
 Reaction Xsec    28.5-/28 @ 2 =     0.033/, Out:   0.000#   0.000#   0.000#   0.000#   0.000#   0.000#   0.000#   0.000#   0.000#
           Xsec                          0.000f
0****** WARNING : ACCURACY LOSS IN ERWIN = 15.0 DIGITS, SO EXPECT ERRORS OF   0.0000 % OF UNITARITY

   997678354169943.00        12913809.791311480        2.2204460492503131E-016
 Reaction Xsec    28.5-/28 @ 3 =     0.033/, Out:   0.000#   0.000#   0.000#   0.000#   0.000#   0.000#   0.000#   0.000#   0.000#
           Xsec                          0.000f
0****** WARNING : ACCURACY LOSS IN ERWIN = 15.2 DIGITS, SO EXPECT ERRORS OF   0.0000 % OF UNITARITY

   1696882545645775.5        11001381.974454697        2.2204460492503131E-016
 Reaction Xsec    28.5-/28 @ 4 =     0.033/, Out:   0.000#   0.000#   0.000#   0.000#   0.000#   0.000#   0.000#   0.000#   0.000#
           Xsec                          0.000f
0****** WARNING : ACCURACY LOSS IN ERWIN = 15.5 DIGITS, SO EXPECT ERRORS OF   0.0000 % OF UNITARITY

   3403815013685290.0        42058004.271973595        2.2204460492503131E-016
 Reaction Xsec    28.5-/30 @ 5 =     6.237#, Out:   0.000#   0.000#   0.000#   0.000#   0.000#   0.000#   0.000#   0.000#   0.000#
           Xsec                          0.000f
0****** WARNING : ACCURACY LOSS IN ERWIN = 15.2 DIGITS, SO EXPECT ERRORS OF   0.0000 % OF UNITARITY

   1562021956661589.0        1796915.0111362210        2.2204460492503131E-016
 Reaction Xsec    28.5-/30 @ 6 =     6.237#, Out:   0.000#   0.000#   0.000#   0.000#   0.000#   0.000#   0.000#   0.000#   0.000#
           Xsec                          0.000f

 Total SPIN, PARITY =    29.5 +,     54 chs,      6 cc.  Rmin & Coul turning =    4.6   16.7
0****** WARNING : ACCURACY LOSS IN ERWIN = 15.3 DIGITS, SO EXPECT ERRORS OF   0.0000 % OF UNITARITY

   2056781016404786.2        22479924.845917877        2.2204460492503131E-016
 Reaction Xsec    29.5+/27 @ 1 =     0.078/, Out:   0.000#   0.000#   0.000#   0.000#   0.000#   0.000#   0.000#   0.000#   0.000#
           Xsec                          0.000f
0****** WARNING : ACCURACY LOSS IN ERWIN = 15.4 DIGITS, SO EXPECT ERRORS OF   0.0000 % OF UNITARITY

   2371180189372923.0        23881088.921984497        2.2204460492503131E-016
 Reaction Xsec    29.5+/29 @ 2 =     0.015/, Out:   0.000#   0.000#   0.000#   0.000#   0.000#   0.000#   0.000#   0.000#   0.000#
           Xsec                          0.000f
0****** WARNING : ACCURACY LOSS IN ERWIN = 15.1 DIGITS, SO EXPECT ERRORS OF   0.0000 % OF UNITARITY

   1297354238093730.0        9601779.2142442800        2.2204460492503131E-016
 Reaction Xsec    29.5+/29 @ 3 =     0.015/, Out:   0.000#   0.000#   0.000#   0.000#   0.000#   0.000#   0.000#   0.000#   0.000#
           Xsec                          0.000f
0****** WARNING : ACCURACY LOSS IN ERWIN = 15.2 DIGITS, SO EXPECT ERRORS OF   0.0000 % OF UNITARITY

   1613972283127901.0        8317392.0287315473        2.2204460492503131E-016
 Reaction Xsec    29.5+/29 @ 4 =     0.015/, Out:   0.000#   0.000#   0.000#   0.000#   0.000#   0.000#   0.000#   0.000#   0.000#
           Xsec                          0.000f
0****** WARNING : ACCURACY LOSS IN ERWIN = 15.6 DIGITS, SO EXPECT ERRORS OF   0.0000 % OF UNITARITY

   4119312927106054.5        6199213.1177653996        2.2204460492503131E-016
 Reaction Xsec    29.5+/31 @ 5 =     2.809#, Out:   0.000#   0.000#   0.000#   0.000#   0.000#   0.000#   0.000#   0.000#   0.000#
           Xsec                          0.000f
0****** WARNING : ACCURACY LOSS IN ERWIN = 15.4 DIGITS, SO EXPECT ERRORS OF   0.0000 % OF UNITARITY

   2810091934999104.0        1086435.0038620923        2.2204460492503131E-016
 Reaction Xsec    29.5+/31 @ 6 =     2.809#, Out:   0.000#   0.000#   0.000#   0.000#   0.000#   0.000#   0.000#   0.000#   0.000#
           Xsec                          0.000f

 Total SPIN, PARITY =    29.5 -,     54 chs,      6 cc.  Rmin & Coul turning =    4.6   16.7
0****** WARNING : ACCURACY LOSS IN ERWIN = 15.1 DIGITS, SO EXPECT ERRORS OF   0.0000 % OF UNITARITY

   1391158667266532.5        23014640.789574448        2.2204460492503131E-016
 Reaction Xsec    29.5-/28 @ 1 =     0.034/, Out:   0.000#   0.000#   0.000#   0.000#   0.000#   0.000#   0.000#   0.000#   0.000#
           Xsec                          0.000f
0****** WARNING : ACCURACY LOSS IN ERWIN = 15.3 DIGITS, SO EXPECT ERRORS OF   0.0000 % OF UNITARITY

   2174690635792580.0        3470595.0186112556        2.2204460492503131E-016
 Reaction Xsec    29.5-/28 @ 2 =     0.034/, Out:   0.000#   0.000#   0.000#   0.000#   0.000#   0.000#   0.000#   0.000#   0.000#
           Xsec                          0.000f
0****** WARNING : ACCURACY LOSS IN ERWIN = 15.1 DIGITS, SO EXPECT ERRORS OF   0.0000 % OF UNITARITY

   1270057216352419.5        9827714.0679306723        2.2204460492503131E-016
 Reaction Xsec    29.5-/30 @ 3 =     6.452#, Out:   0.000#   0.000#   0.000#   0.000#   0.000#   0.000#   0.000#   0.000#   0.000#
           Xsec                          0.000f
0****** WARNING : ACCURACY LOSS IN ERWIN = 14.9 DIGITS, SO EXPECT ERRORS OF   0.0000 % OF UNITARITY

   741576051431193.12        8076792.7313441401        2.2204460492503131E-016
 Reaction Xsec    29.5-/30 @ 4 =     6.452#, Out:   0.000#   0.000#   0.000#   0.000#   0.000#   0.000#   0.000#   0.000#   0.000#
           Xsec                          0.000f
0****** WARNING : ACCURACY LOSS IN ERWIN = 15.4 DIGITS, SO EXPECT ERRORS OF   0.0000 % OF UNITARITY

   2588390676403904.5        509067.53043225600        2.2204460492503131E-016
 Reaction Xsec    29.5-/30 @ 5 =     6.452#, Out:   0.000#   0.000#   0.000#   0.000#   0.000#   0.000#   0.000#   0.000#   0.000#
           Xsec                          0.000f
0****** WARNING : ACCURACY LOSS IN ERWIN = 15.4 DIGITS, SO EXPECT ERRORS OF   0.0000 % OF UNITARITY

   2677878968210745.5        1046794.8104913584        2.2204460492503131E-016
 Reaction Xsec    29.5-/32 @ 6 =     1.223#, Out:   0.000#   0.000#   0.000#   0.000#   0.000#   0.000#   0.000#   0.000#   0.000#
           Xsec                          0.000f

 Total SPIN, PARITY =    30.5 +,     54 chs,      6 cc.  Rmin & Coul turning =    4.8   17.2
0****** WARNING : ACCURACY LOSS IN ERWIN = 15.3 DIGITS, SO EXPECT ERRORS OF   0.0000 % OF UNITARITY

   2169233845016788.0        10767542.684725281        2.2204460492503131E-016
 Reaction Xsec    30.5+/29 @ 1 =     0.015/, Out:   0.000#   0.000#   0.000#   0.000#   0.000#   0.000#   0.000#   0.000#   0.000#
           Xsec                          0.000f
0****** WARNING : ACCURACY LOSS IN ERWIN = 15.7 DIGITS, SO EXPECT ERRORS OF   0.0000 % OF UNITARITY

   5549181045540768.0        5574311.4787445040        2.2204460492503131E-016
 Reaction Xsec    30.5+/29 @ 2 =     0.015/, Out:   0.000#   0.000#   0.000#   0.000#   0.000#   0.000#   0.000#   0.000#   0.000#
           Xsec                          0.000f
0****** WARNING : ACCURACY LOSS IN ERWIN = 15.4 DIGITS, SO EXPECT ERRORS OF   0.0000 % OF UNITARITY

   2303203473475445.5        3252559.7036902448        2.2204460492503131E-016
 Reaction Xsec    30.5+/31 @ 3 =     2.903#, Out:   0.000#   0.000#   0.000#   0.000#   0.000#   0.000#   0.000#   0.000#   0.000#
           Xsec                          0.000f
0****** WARNING : ACCURACY LOSS IN ERWIN = 15.2 DIGITS, SO EXPECT ERRORS OF   0.0000 % OF UNITARITY

   1777961243548072.5        2897936.4996467694        2.2204460492503131E-016
 Reaction Xsec    30.5+/31 @ 4 =     2.903#, Out:   0.000#   0.000#   0.000#   0.000#   0.000#   0.000#   0.000#   0.000#   0.000#
           Xsec                          0.000f
0****** WARNING : ACCURACY LOSS IN ERWIN = 14.9 DIGITS, SO EXPECT ERRORS OF   0.0000 % OF UNITARITY

   846273225177074.75        644437.26533843228        2.2204460492503131E-016
 Reaction Xsec    30.5+/31 @ 5 =     2.903#, Out:   0.000#   0.000#   0.000#   0.000#   0.000#   0.000#   0.000#   0.000#   0.000#
           Xsec                          0.000f
0****** WARNING : ACCURACY LOSS IN ERWIN = 14.8 DIGITS, SO EXPECT ERRORS OF   0.0000 % OF UNITARITY

   628271012441382.62        409755.81375340733        2.2204460492503131E-016
 Reaction Xsec    30.5+/33 @ 6 =     0.550#, Out:   0.000#   0.000#   0.000#   0.000#   0.000#   0.000#   0.000#   0.000#   0.000#
           Xsec                          0.000f

 Total SPIN, PARITY =    30.5 -,     54 chs,      6 cc.  Rmin & Coul turning =    4.8   17.2
0****** WARNING : ACCURACY LOSS IN ERWIN = 15.5 DIGITS, SO EXPECT ERRORS OF   0.0000 % OF UNITARITY

   3172855600539603.5        12296146.295137834        2.2204460492503131E-016
 Reaction Xsec    30.5-/28 @ 1 =     0.035/, Out:   0.000#   0.000#   0.000#   0.000#   0.000#   0.000#   0.000#   0.000#   0.000#
           Xsec                          0.000f
0****** WARNING : ACCURACY LOSS IN ERWIN = 15.0 DIGITS, SO EXPECT ERRORS OF   0.0000 % OF UNITARITY

   980092003660421.75        42320002.483818859        2.2204460492503131E-016
 Reaction Xsec    30.5-/30 @ 2 =     6.667#, Out:   0.000#   0.000#   0.000#   0.000#   0.000#   0.000#   0.000#   0.000#   0.000#
           Xsec                          0.000f
0****** WARNING : ACCURACY LOSS IN ERWIN = 15.1 DIGITS, SO EXPECT ERRORS OF   0.0000 % OF UNITARITY

   1391042371927037.2        4571759.1794186560        2.2204460492503131E-016
 Reaction Xsec    30.5-/30 @ 3 =     6.667#, Out:   0.000#   0.000#   0.000#   0.000#   0.000#   0.000#   0.000#   0.000#   0.000#
           Xsec                          0.000f
0****** WARNING : ACCURACY LOSS IN ERWIN = 14.9 DIGITS, SO EXPECT ERRORS OF   0.0000 % OF UNITARITY

   870071691086527.38        4249597.1567962188        2.2204460492503131E-016
 Reaction Xsec    30.5-/30 @ 4 =     6.667#, Out:   0.000#   0.000#   0.000#   0.000#   0.000#   0.000#   0.000#   0.000#   0.000#
           Xsec                          0.000f
0****** WARNING : ACCURACY LOSS IN ERWIN = 15.0 DIGITS, SO EXPECT ERRORS OF   0.0000 % OF UNITARITY

   976643821368457.12        20559147.939977933        2.2204460492503131E-016
 Reaction Xsec    30.5-/32 @ 5 =     1.263#, Out:   0.000#   0.000#   0.000#   0.000#   0.000#   0.000#   0.000#   0.000#   0.000#
           Xsec                          0.000f
0****** WARNING : ACCURACY LOSS IN ERWIN = 15.1 DIGITS, SO EXPECT ERRORS OF   0.0000 % OF UNITARITY

   1244468696035733.5        765219.02184428833        2.2204460492503131E-016
 Reaction Xsec    30.5-/32 @ 6 =     1.263#, Out:   0.000#   0.000#   0.000#   0.000#   0.000#   0.000#   0.000#   0.000#   0.000#
           Xsec                          0.000f
 Finished all CC sets @    36.4757080    
0CUMULATIVE REACTION cross section               =       1353.57423  <L> =     8.05  <L**2> =     75.8
0CUMULATIVE  ELASTIC cross section               =          0.00000
0CUMULATIVE outgoing cross sections in partition 1 :    0.00000
0CUMULATIVE outgoing cross sections in partition 2 :    0.08013
0CUMULATIVE outgoing cross sections in partition 3 :    0.05952
0CUMULATIVE outgoing cross sections in partition 4 :    0.05964
0CUMULATIVE outgoing cross sections in partition 5 :    0.05975
0CUMULATIVE outgoing cross sections in partition 6 :    0.05981
0CUMULATIVE outgoing cross sections in partition 7 :    0.06008
0CUMULATIVE outgoing cross sections in partition 8 :    0.06035
0CUMULATIVE outgoing cross sections in partition 9 :    0.06050
0Cumulative ABSORBTION by Imaginary Potentials    =      1353.07445  <L> =     8.05  <L**2> =     75.8
   Fusion for specific 6Li      M-states :    1353.283536    1362.559504    1353.283536
0CUMULATIVE OUTGOING cross section               =          0.49979
 Strength functions * 10^4 for L=0-2  =   2.13174   2.21518  21.60047 (with r0= 1.35 fm).  R' =  -0.108 fm
 To convert to S-factors (MeV.mb = keV.b),  multiply by  3.3029E+03


 CROSS SECTIONS FOR OUTGOING 6Li      & 9Be      in state #   1 with spins & parities 1.0  + &  1.5  -;  0

     0.01 deg.: X-S =   8.736991E+15 mb/sr,
+                                         /R =   1.000002E+00

     0.50 deg.: X-S =   1.404008E+09 mb/sr,
+                                         /R =   1.004345E+00

     1.00 deg.: X-S =   8.849012E+07 mb/sr,
+                                         /R =   1.012772E+00

     1.50 deg.: X-S =   1.734151E+07 mb/sr,
+                                         /R =   1.004711E+00

     2.00 deg.: X-S =   5.329669E+06 mb/sr,
+                                         /R =   9.758226E-01

     2.50 deg.: X-S =   2.080248E+06 mb/sr,
+                                         /R =   9.297716E-01

     3.00 deg.: X-S =   9.419036E+05 mb/sr,
+                                         /R =   8.728345E-01

     3.50 deg.: X-S =   4.728433E+05 mb/sr,
+                                         /R =   8.116301E-01

     4.00 deg.: X-S =   2.569038E+05 mb/sr,
+                                         /R =   7.521364E-01

     4.50 deg.: X-S =   1.491424E+05 mb/sr,
+                                         /R =   6.992679E-01

     5.00 deg.: X-S =   9.192056E+04 mb/sr,
+                                         /R =   6.567201E-01

     5.50 deg.: X-S =   5.995306E+04 mb/sr,
+                                         /R =   6.269515E-01

     6.00 deg.: X-S =   4.128211E+04 mb/sr,
+                                         /R =   6.112402E-01

     6.50 deg.: X-S =   2.991004E+04 mb/sr,
+                                         /R =   6.097862E-01

     7.00 deg.: X-S =   2.268449E+04 mb/sr,
+                                         /R =   6.218413E-01

     7.50 deg.: X-S =   1.788518E+04 mb/sr,
+                                         /R =   6.458576E-01

     8.00 deg.: X-S =   1.454443E+04 mb/sr,
+                                         /R =   6.796480E-01

     8.50 deg.: X-S =   1.210444E+04 mb/sr,
+                                         /R =   7.205531E-01

     9.00 deg.: X-S =   1.023729E+04 mb/sr,
+                                         /R =   7.656097E-01

     9.50 deg.: X-S =    8747.052770 mb/sr,
+                                         /R =   8.117170E-01

    10.00 deg.: X-S =    7515.129981 mb/sr,
+                                         /R =   8.557953E-01

    10.50 deg.: X-S =    6468.836380 mb/sr,
+                                         /R =   8.949333E-01

    11.00 deg.: X-S =    5563.060183 mb/sr,
+                                         /R =   9.265196E-01

    11.50 deg.: X-S =    4769.335590 mb/sr,
+                                         /R =   9.483555E-01

    12.00 deg.: X-S =    4069.255649 mb/sr,
+                                         /R =   9.587439E-01

    12.50 deg.: X-S =    3450.462942 mb/sr,
+                                         /R =   9.565546E-01

    13.00 deg.: X-S =    2904.197091 mb/sr,
+                                         /R =   9.412619E-01

    13.50 deg.: X-S =    2423.795235 mb/sr,
+                                         /R =   9.129554E-01

    14.00 deg.: X-S =    2003.782197 mb/sr,
+                                         /R =   8.723239E-01

    14.50 deg.: X-S =    1639.328482 mb/sr,
+                                         /R =   8.206134E-01

    15.00 deg.: X-S =    1325.938694 mb/sr,
+                                         /R =   7.595625E-01

    15.50 deg.: X-S =    1059.284246 mb/sr,
+                                         /R =   6.913177E-01

    16.00 deg.: X-S =     835.125731 mb/sr,
+                                         /R =   6.183330E-01

    16.50 deg.: X-S =     649.290002 mb/sr,
+                                         /R =   5.432583E-01

    17.00 deg.: X-S =     497.679398 mb/sr,
+                                         /R =   4.688214E-01

    17.50 deg.: X-S =     376.298458 mb/sr,
+                                         /R =   3.977093E-01

    18.00 deg.: X-S =     281.288611 mb/sr,
+                                         /R =   3.324538E-01

    18.50 deg.: X-S =     208.964689 mb/sr,
+                                         /R =   2.753251E-01

    19.00 deg.: X-S =     155.849310 mb/sr,
+                                         /R =   2.282397E-01

    19.50 deg.: X-S =     118.702738 mb/sr,
+                                         /R =   1.926841E-01

    20.00 deg.: X-S =      94.546802 mb/sr,
+                                         /R =   1.696591E-01

    20.50 deg.: X-S =      80.682219 mb/sr,
+                                         /R =   1.596453E-01

    21.00 deg.: X-S =      74.699145 mb/sr,
+                                         /R =   1.625913E-01

    21.50 deg.: X-S =      74.481129 mb/sr,
+                                         /R =   1.779241E-01

    22.00 deg.: X-S =      78.202927 mb/sr,
+                                         /R =   2.045822E-01

    22.50 deg.: X-S =      84.322758 mb/sr,
+                                         /R =   2.410666E-01

    23.00 deg.: X-S =      91.569746 mb/sr,
+                                         /R =   2.855109E-01

    23.50 deg.: X-S =      98.927318 mb/sr,
+                                         /R =   3.357630E-01

    24.00 deg.: X-S =     105.613382 mb/sr,
+                                         /R =   3.894789E-01

    24.50 deg.: X-S =     111.058105 mb/sr,
+                                         /R =   4.442203E-01

    25.00 deg.: X-S =     114.880066 mb/sr,
+                                         /R =   4.975549E-01

    25.50 deg.: X-S =     116.861545 mb/sr,
+                                         /R =   5.471547E-01

    26.00 deg.: X-S =     116.923622 mb/sr,
+                                         /R =   5.908861E-01

    26.50 deg.: X-S =     115.101702 mb/sr,
+                                         /R =   6.268917E-01

    27.00 deg.: X-S =     111.521982 mb/sr,
+                                         /R =   6.536584E-01

    27.50 deg.: X-S =     106.379331 mb/sr,
+                                         /R =   6.700701E-01

    28.00 deg.: X-S =      99.916909 mb/sr,
+                                         /R =   6.754436E-01

    28.50 deg.: X-S =      92.407808 mb/sr,
+                                         /R =   6.695463E-01

    29.00 deg.: X-S =      84.138910 mb/sr,
+                                         /R =   6.525966E-01

    29.50 deg.: X-S =      75.397037 mb/sr,
+                                         /R =   6.252455E-01

    30.00 deg.: X-S =      66.457456 mb/sr,
+                                         /R =   5.885427E-01

    30.50 deg.: X-S =      57.574688 mb/sr,
+                                         /R =   5.438888E-01

    31.00 deg.: X-S =      48.975537 mb/sr,
+                                         /R =   4.929738E-01

    31.50 deg.: X-S =      40.854201 mb/sr,
+                                         /R =   4.377079E-01

    32.00 deg.: X-S =      33.369298 mb/sr,
+                                         /R =   3.801445E-01

    32.50 deg.: X-S =      26.642594 mb/sr,
+                                         /R =   3.224013E-01

    33.00 deg.: X-S =      20.759216 mb/sr,
+                                         /R =   2.665800E-01

    33.50 deg.: X-S =      15.769129 mb/sr,
+                                         /R =   2.146893E-01

    34.00 deg.: X-S =      11.689617 mb/sr,
+                                         /R =   1.685742E-01

    34.50 deg.: X-S =       8.508567 mb/sr,
+                                         /R =   1.298519E-01

    35.00 deg.: X-S =       6.188308 mb/sr,
+                                         /R =   9.985929E-02

    35.50 deg.: X-S =       4.669814 mb/sr,
+                                         /R =   7.961139E-02

    36.00 deg.: X-S =       3.877082 mb/sr,
+                                         /R =   6.977242E-02

    36.50 deg.: X-S =       3.721511 mb/sr,
+                                         /R =   7.064068E-02

    37.00 deg.: X-S =       4.106141 mb/sr,
+                                         /R =   8.214649E-02

    37.50 deg.: X-S =       4.929643 mb/sr,
+                                         /R =   1.038632E-01

    38.00 deg.: X-S =       6.089950 mb/sr,
+                                         /R =   1.350302E-01

    38.50 deg.: X-S =       7.487469 mb/sr,
+                                         /R =   1.745866E-01

    39.00 deg.: X-S =       9.027825 mb/sr,
+                                         /R =   2.212145E-01

    39.50 deg.: X-S =      10.624110 mb/sr,
+                                         /R =   2.733888E-01

    40.00 deg.: X-S =      12.198624 mb/sr,
+                                         /R =   3.294329E-01

    40.50 deg.: X-S =      13.684126 mb/sr,
+                                         /R =   3.875774E-01

    41.00 deg.: X-S =      15.024615 mb/sr,
+                                         /R =   4.460195E-01

    41.50 deg.: X-S =      16.175670 mb/sr,
+                                         /R =   5.029818E-01

    42.00 deg.: X-S =      17.104405 mb/sr,
+                                         /R =   5.567677E-01

    42.50 deg.: X-S =      17.789077 mb/sr,
+                                         /R =   6.058120E-01

    43.00 deg.: X-S =      18.218406 mb/sr,
+                                         /R =   6.487263E-01

    43.50 deg.: X-S =      18.390669 mb/sr,
+                                         /R =   6.843354E-01

    44.00 deg.: X-S =      18.312609 mb/sr,
+                                         /R =   7.117071E-01

    44.50 deg.: X-S =      17.998237 mb/sr,
+                                         /R =   7.301714E-01

    45.00 deg.: X-S =      17.467545 mb/sr,
+                                         /R =   7.393326E-01

    45.50 deg.: X-S =      16.745214 mb/sr,
+                                         /R =   7.390707E-01

    46.00 deg.: X-S =      15.859327 mb/sr,
+                                         /R =   7.295351E-01

    46.50 deg.: X-S =      14.840140 mb/sr,
+                                         /R =   7.111298E-01

    47.00 deg.: X-S =      13.718938 mb/sr,
+                                         /R =   6.844924E-01

    47.50 deg.: X-S =      12.526998 mb/sr,
+                                         /R =   6.504655E-01

    48.00 deg.: X-S =      11.294668 mb/sr,
+                                         /R =   6.100649E-01

    48.50 deg.: X-S =      10.050599 mb/sr,
+                                         /R =   5.644427E-01

    49.00 deg.: X-S =       8.821097 mb/sr,
+                                         /R =   5.148489E-01

    49.50 deg.: X-S =       7.629640 mb/sr,
+                                         /R =   4.625921E-01

    50.00 deg.: X-S =       6.496515 mb/sr,
+                                         /R =   4.089996E-01

    50.50 deg.: X-S =       5.438608 mb/sr,
+                                         /R =   3.553802E-01

    51.00 deg.: X-S =       4.469296 mb/sr,
+                                         /R =   3.029883E-01

    51.50 deg.: X-S =       3.598472 mb/sr,
+                                         /R =   2.529925E-01

    52.00 deg.: X-S =       2.832645 mb/sr,
+                                         /R =   2.064474E-01

    52.50 deg.: X-S =       2.175143 mb/sr,
+                                         /R =   1.642709E-01

    53.00 deg.: X-S =       1.626367 mb/sr,
+                                         /R =   1.272265E-01

    53.50 deg.: X-S =       1.184102 mb/sr,
+                                         /R =   9.591106E-02

    54.00 deg.: X-S =       0.843868 mb/sr,
+                                         /R =   7.074744E-02

    54.50 deg.: X-S =       0.599281 mb/sr,
+                                         /R =   5.198328E-02

    55.00 deg.: X-S =       0.442441 mb/sr,
+                                         /R =   3.969420E-02

    55.50 deg.: X-S =       0.364296 mb/sr,
+                                         /R =   3.379172E-02

    56.00 deg.: X-S =       0.355013 mb/sr,
+                                         /R =   3.403536E-02

    56.50 deg.: X-S =       0.404309 mb/sr,
+                                         /R =   4.004797E-02

    57.00 deg.: X-S =       0.501770 mb/sr,
+                                         /R =   5.133404E-02

    57.50 deg.: X-S =       0.637126 mb/sr,
+                                         /R =   6.729986E-02

    58.00 deg.: X-S =       0.800491 mb/sr,
+                                         /R =   8.727515E-02

    58.50 deg.: X-S =       0.982567 mb/sr,
+                                         /R =   1.105352E-01

    59.00 deg.: X-S =       1.174803 mb/sr,
+                                         /R =   1.363232E-01

    59.50 deg.: X-S =       1.369519 mb/sr,
+                                         /R =   1.638711E-01

    60.00 deg.: X-S =       1.559991 mb/sr,
+                                         /R =   1.924205E-01

    60.50 deg.: X-S =       1.740494 mb/sr,
+                                         /R =   2.212406E-01

    61.00 deg.: X-S =       1.906327 mb/sr,
+                                         /R =   2.496447E-01

    61.50 deg.: X-S =       2.053793 mb/sr,
+                                         /R =   2.770038E-01

    62.00 deg.: X-S =       2.180164 mb/sr,
+                                         /R =   3.027581E-01

    62.50 deg.: X-S =       2.283624 mb/sr,
+                                         /R =   3.264256E-01

    63.00 deg.: X-S =       2.363192 mb/sr,
+                                         /R =   3.476072E-01

    63.50 deg.: X-S =       2.418638 mb/sr,
+                                         /R =   3.659904E-01

    64.00 deg.: X-S =       2.450386 mb/sr,
+                                         /R =   3.813491E-01

    64.50 deg.: X-S =       2.459413 mb/sr,
+                                         /R =   3.935422E-01

    65.00 deg.: X-S =       2.447150 mb/sr,
+                                         /R =   4.025094E-01

    65.50 deg.: X-S =       2.415381 mb/sr,
+                                         /R =   4.082650E-01

    66.00 deg.: X-S =       2.366149 mb/sr,
+                                         /R =   4.108910E-01

    66.50 deg.: X-S =       2.301666 mb/sr,
+                                         /R =   4.105284E-01

    67.00 deg.: X-S =       2.224231 mb/sr,
+                                         /R =   4.073683E-01

    67.50 deg.: X-S =       2.136159 mb/sr,
+                                         /R =   4.016418E-01

    68.00 deg.: X-S =       2.039719 mb/sr,
+                                         /R =   3.936102E-01

    68.50 deg.: X-S =       1.937080 mb/sr,
+                                         /R =   3.835558E-01

    69.00 deg.: X-S =       1.830272 mb/sr,
+                                         /R =   3.717724E-01

    69.50 deg.: X-S =       1.721152 mb/sr,
+                                         /R =   3.585570E-01

    70.00 deg.: X-S =       1.611383 mb/sr,
+                                         /R =   3.442020E-01

    70.50 deg.: X-S =       1.502421 mb/sr,
+                                         /R =   3.289889E-01

    71.00 deg.: X-S =       1.395507 mb/sr,
+                                         /R =   3.131825E-01

    71.50 deg.: X-S =       1.291674 mb/sr,
+                                         /R =   2.970271E-01

    72.00 deg.: X-S =       1.191748 mb/sr,
+                                         /R =   2.807427E-01

    72.50 deg.: X-S =       1.096365 mb/sr,
+                                         /R =   2.645237E-01

    73.00 deg.: X-S =       1.005987 mb/sr,
+                                         /R =   2.485375E-01

    73.50 deg.: X-S =       0.920915 mb/sr,
+                                         /R =   2.329251E-01

    74.00 deg.: X-S =       0.841317 mb/sr,
+                                         /R =   2.178016E-01

    74.50 deg.: X-S =       0.767244 mb/sr,
+                                         /R =   2.032583E-01

    75.00 deg.: X-S =       0.698652 mb/sr,
+                                         /R =   1.893647E-01

    75.50 deg.: X-S =       0.635425 mb/sr,
+                                         /R =   1.761717E-01

    76.00 deg.: X-S =       0.577389 mb/sr,
+                                         /R =   1.637139E-01

    76.50 deg.: X-S =       0.524333 mb/sr,
+                                         /R =   1.520137E-01

    77.00 deg.: X-S =       0.476024 mb/sr,
+                                         /R =   1.410837E-01

    77.50 deg.: X-S =       0.432220 mb/sr,
+                                         /R =   1.309299E-01

    78.00 deg.: X-S =       0.392677 mb/sr,
+                                         /R =   1.215546E-01

    78.50 deg.: X-S =       0.357162 mb/sr,
+                                         /R =   1.129588E-01

    79.00 deg.: X-S =       0.325456 mb/sr,
+                                         /R =   1.051439E-01

    79.50 deg.: X-S =       0.297360 mb/sr,
+                                         /R =   9.811353E-02

    80.00 deg.: X-S =       0.272695 mb/sr,
+                                         /R =   9.187473E-02

    80.50 deg.: X-S =       0.251300 mb/sr,
+                                         /R =   8.643816E-02

    81.00 deg.: X-S =       0.233037 mb/sr,
+                                         /R =   8.181844E-02

    81.50 deg.: X-S =       0.217781 mb/sr,
+                                         /R =   7.803382E-02

    82.00 deg.: X-S =       0.205424 mb/sr,
+                                         /R =   7.510544E-02

    82.50 deg.: X-S =       0.195864 mb/sr,
+                                         /R =   7.305634E-02

    83.00 deg.: X-S =       0.189009 mb/sr,
+                                         /R =   7.191022E-02

    83.50 deg.: X-S =       0.184766 mb/sr,
+                                         /R =   7.169000E-02

    84.00 deg.: X-S =       0.183039 mb/sr,
+                                         /R =   7.241633E-02

    84.50 deg.: X-S =       0.183730 mb/sr,
+                                         /R =   7.410613E-02

    85.00 deg.: X-S =       0.186730 mb/sr,
+                                         /R =   7.677113E-02

    85.50 deg.: X-S =       0.191923 mb/sr,
+                                         /R =   8.041662E-02

    86.00 deg.: X-S =       0.199179 mb/sr,
+                                         /R =   8.504043E-02

    86.50 deg.: X-S =       0.208356 mb/sr,
+                                         /R =   9.063207E-02

    87.00 deg.: X-S =       0.219303 mb/sr,
+                                         /R =   9.717230E-02

    87.50 deg.: X-S =       0.231856 mb/sr,
+                                         /R =   1.046329E-01

    88.00 deg.: X-S =       0.245842 mb/sr,
+                                         /R =   1.129770E-01

    88.50 deg.: X-S =       0.261082 mb/sr,
+                                         /R =   1.221592E-01

    89.00 deg.: X-S =       0.277392 mb/sr,
+                                         /R =   1.321268E-01

    89.50 deg.: X-S =       0.294588 mb/sr,
+                                         /R =   1.428206E-01

    90.00 deg.: X-S =       0.312484 mb/sr,
+                                         /R =   1.541762E-01

    90.50 deg.: X-S =       0.330903 mb/sr,
+                                         /R =   1.661257E-01

    91.00 deg.: X-S =       0.349672 mb/sr,
+                                         /R =   1.785988E-01

    91.50 deg.: X-S =       0.368631 mb/sr,
+                                         /R =   1.915252E-01

    92.00 deg.: X-S =       0.387632 mb/sr,
+                                         /R =   2.048355E-01

    92.50 deg.: X-S =       0.406541 mb/sr,
+                                         /R =   2.184632E-01

    93.00 deg.: X-S =       0.425243 mb/sr,
+                                         /R =   2.323458E-01

    93.50 deg.: X-S =       0.443636 mb/sr,
+                                         /R =   2.464263E-01

    94.00 deg.: X-S =       0.461641 mb/sr,
+                                         /R =   2.606536E-01

    94.50 deg.: X-S =       0.479193 mb/sr,
+                                         /R =   2.749837E-01

    95.00 deg.: X-S =       0.496244 mb/sr,
+                                         /R =   2.893796E-01

    95.50 deg.: X-S =       0.512762 mb/sr,
+                                         /R =   3.038113E-01

    96.00 deg.: X-S =       0.528728 mb/sr,
+                                         /R =   3.182553E-01

    96.50 deg.: X-S =       0.544135 mb/sr,
+                                         /R =   3.326938E-01

    97.00 deg.: X-S =       0.558982 mb/sr,
+                                         /R =   3.471137E-01

    97.50 deg.: X-S =       0.573276 mb/sr,
+                                         /R =   3.615049E-01

    98.00 deg.: X-S =       0.587024 mb/sr,
+                                         /R =   3.758588E-01

    98.50 deg.: X-S =       0.600234 mb/sr,
+                                         /R =   3.901664E-01

    99.00 deg.: X-S =       0.612911 mb/sr,
+                                         /R =   4.044165E-01

    99.50 deg.: X-S =       0.625051 mb/sr,
+                                         /R =   4.185932E-01

   100.00 deg.: X-S =       0.636643 mb/sr,
+                                         /R =   4.326744E-01

   100.50 deg.: X-S =       0.647665 mb/sr,
+                                         /R =   4.466297E-01

   101.00 deg.: X-S =       0.658082 mb/sr,
+                                         /R =   4.604191E-01

   101.50 deg.: X-S =       0.667846 mb/sr,
+                                         /R =   4.739912E-01

   102.00 deg.: X-S =       0.676895 mb/sr,
+                                         /R =   4.872827E-01

   102.50 deg.: X-S =       0.685154 mb/sr,
+                                         /R =   5.002174E-01

   103.00 deg.: X-S =       0.692536 mb/sr,
+                                         /R =   5.127069E-01

   103.50 deg.: X-S =       0.698941 mb/sr,
+                                         /R =   5.246503E-01

   104.00 deg.: X-S =       0.704263 mb/sr,
+                                         /R =   5.359360E-01

   104.50 deg.: X-S =       0.708388 mb/sr,
+                                         /R =   5.464427E-01

   105.00 deg.: X-S =       0.711200 mb/sr,
+                                         /R =   5.560423E-01

   105.50 deg.: X-S =       0.712584 mb/sr,
+                                         /R =   5.646020E-01

   106.00 deg.: X-S =       0.712431 mb/sr,
+                                         /R =   5.719880E-01

   106.50 deg.: X-S =       0.710640 mb/sr,
+                                         /R =   5.780689E-01

   107.00 deg.: X-S =       0.707124 mb/sr,
+                                         /R =   5.827201E-01

   107.50 deg.: X-S =       0.701814 mb/sr,
+                                         /R =   5.858273E-01

   108.00 deg.: X-S =       0.694663 mb/sr,
+                                         /R =   5.872919E-01

   108.50 deg.: X-S =       0.685649 mb/sr,
+                                         /R =   5.870345E-01

   109.00 deg.: X-S =       0.674780 mb/sr,
+                                         /R =   5.850000E-01

   109.50 deg.: X-S =       0.662096 mb/sr,
+                                         /R =   5.811610E-01

   110.00 deg.: X-S =       0.647671 mb/sr,
+                                         /R =   5.755222E-01

   110.50 deg.: X-S =       0.631614 mb/sr,
+                                         /R =   5.681230E-01

   111.00 deg.: X-S =       0.614071 mb/sr,
+                                         /R =   5.590403E-01

   111.50 deg.: X-S =       0.595224 mb/sr,
+                                         /R =   5.483906E-01

   112.00 deg.: X-S =       0.575289 mb/sr,
+                                         /R =   5.363306E-01

   112.50 deg.: X-S =       0.554516 mb/sr,
+                                         /R =   5.230574E-01

   113.00 deg.: X-S =       0.533185 mb/sr,
+                                         /R =   5.088075E-01

   113.50 deg.: X-S =       0.511600 mb/sr,
+                                         /R =   4.938551E-01

   114.00 deg.: X-S =       0.490089 mb/sr,
+                                         /R =   4.785086E-01

   114.50 deg.: X-S =       0.468994 mb/sr,
+                                         /R =   4.631069E-01

   115.00 deg.: X-S =       0.448668 mb/sr,
+                                         /R =   4.480138E-01

   115.50 deg.: X-S =       0.429467 mb/sr,
+                                         /R =   4.336127E-01

   116.00 deg.: X-S =       0.411744 mb/sr,
+                                         /R =   4.202987E-01

   116.50 deg.: X-S =       0.395838 mb/sr,
+                                         /R =   4.084718E-01

   117.00 deg.: X-S =       0.382073 mb/sr,
+                                         /R =   3.985280E-01

   117.50 deg.: X-S =       0.370746 mb/sr,
+                                         /R =   3.908508E-01

   118.00 deg.: X-S =       0.362120 mb/sr,
+                                         /R =   3.858023E-01

   118.50 deg.: X-S =       0.356422 mb/sr,
+                                         /R =   3.837141E-01

   119.00 deg.: X-S =       0.353828 mb/sr,
+                                         /R =   3.848779E-01

   119.50 deg.: X-S =       0.354467 mb/sr,
+                                         /R =   3.895380E-01

   120.00 deg.: X-S =       0.358412 mb/sr,
+                                         /R =   3.978822E-01

   120.50 deg.: X-S =       0.365675 mb/sr,
+                                         /R =   4.100354E-01

   121.00 deg.: X-S =       0.376207 mb/sr,
+                                         /R =   4.260530E-01

   121.50 deg.: X-S =       0.389897 mb/sr,
+                                         /R =   4.459160E-01

   122.00 deg.: X-S =       0.406569 mb/sr,
+                                         /R =   4.695276E-01

   122.50 deg.: X-S =       0.425988 mb/sr,
+                                         /R =   4.967105E-01

   123.00 deg.: X-S =       0.447855 mb/sr,
+                                         /R =   5.272071E-01

   123.50 deg.: X-S =       0.471821 mb/sr,
+                                         /R =   5.606802E-01

   124.00 deg.: X-S =       0.497483 mb/sr,
+                                         /R =   5.967160E-01

   124.50 deg.: X-S =       0.524395 mb/sr,
+                                         /R =   6.348290E-01

   125.00 deg.: X-S =       0.552073 mb/sr,
+                                         /R =   6.744687E-01

   125.50 deg.: X-S =       0.580006 mb/sr,
+                                         /R =   7.150273E-01

   126.00 deg.: X-S =       0.607663 mb/sr,
+                                         /R =   7.558500E-01

   126.50 deg.: X-S =       0.634502 mb/sr,
+                                         /R =   7.962461E-01

   127.00 deg.: X-S =       0.659983 mb/sr,
+                                         /R =   8.355014E-01

   127.50 deg.: X-S =       0.683577 mb/sr,
+                                         /R =   8.728918E-01

   128.00 deg.: X-S =       0.704776 mb/sr,
+                                         /R =   9.076978E-01

   128.50 deg.: X-S =       0.723104 mb/sr,
+                                         /R =   9.392195E-01

   129.00 deg.: X-S =       0.738126 mb/sr,
+                                         /R =   9.667914E-01

   129.50 deg.: X-S =       0.749461 mb/sr,
+                                         /R =   9.897978E-01

   130.00 deg.: X-S =       0.756787 mb/sr,
+                                         /R =   1.007687E+00

   130.50 deg.: X-S =       0.759849 mb/sr,
+                                         /R =   1.019986E+00

   131.00 deg.: X-S =       0.758470 mb/sr,
+                                         /R =   1.026312E+00

   131.50 deg.: X-S =       0.752550 mb/sr,
+                                         /R =   1.026386E+00

   132.00 deg.: X-S =       0.742074 mb/sr,
+                                         /R =   1.020039E+00

   132.50 deg.: X-S =       0.727113 mb/sr,
+                                         /R =   1.007226E+00

   133.00 deg.: X-S =       0.707827 mb/sr,
+                                         /R =   9.880239E-01

   133.50 deg.: X-S =       0.684459 mb/sr,
+                                         /R =   9.626409E-01

   134.00 deg.: X-S =       0.657339 mb/sr,
+                                         /R =   9.314147E-01

   134.50 deg.: X-S =       0.626873 mb/sr,
+                                         /R =   8.948110E-01

   135.00 deg.: X-S =       0.593542 mb/sr,
+                                         /R =   8.534190E-01

   135.50 deg.: X-S =       0.557892 mb/sr,
+                                         /R =   8.079443E-01

   136.00 deg.: X-S =       0.520526 mb/sr,
+                                         /R =   7.591984E-01

   136.50 deg.: X-S =       0.482093 mb/sr,
+                                         /R =   7.080870E-01

   137.00 deg.: X-S =       0.443276 mb/sr,
+                                         /R =   6.555945E-01

   137.50 deg.: X-S =       0.404783 mb/sr,
+                                         /R =   6.027674E-01

   138.00 deg.: X-S =       0.367329 mb/sr,
+                                         /R =   5.506954E-01

   138.50 deg.: X-S =       0.331626 mb/sr,
+                                         /R =   5.004906E-01

   139.00 deg.: X-S =       0.298369 mb/sr,
+                                         /R =   4.532667E-01

   139.50 deg.: X-S =       0.268220 mb/sr,
+                                         /R =   4.101157E-01

   140.00 deg.: X-S =       0.241797 mb/sr,
+                                         /R =   3.720860E-01

   140.50 deg.: X-S =       0.219659 mb/sr,
+                                         /R =   3.401591E-01

   141.00 deg.: X-S =       0.202297 mb/sr,
+                                         /R =   3.152284E-01

   141.50 deg.: X-S =       0.190120 mb/sr,
+                                         /R =   2.980770E-01

   142.00 deg.: X-S =       0.183446 mb/sr,
+                                         /R =   2.893596E-01

   142.50 deg.: X-S =       0.182496 mb/sr,
+                                         /R =   2.895836E-01

   143.00 deg.: X-S =       0.187384 mb/sr,
+                                         /R =   2.990951E-01

   143.50 deg.: X-S =       0.198118 mb/sr,
+                                         /R =   3.180654E-01

   144.00 deg.: X-S =       0.214589 mb/sr,
+                                         /R =   3.464825E-01

   144.50 deg.: X-S =       0.236579 mb/sr,
+                                         /R =   3.841447E-01

   145.00 deg.: X-S =       0.263758 mb/sr,
+                                         /R =   4.306584E-01

   145.50 deg.: X-S =       0.295690 mb/sr,
+                                         /R =   4.854395E-01

   146.00 deg.: X-S =       0.331836 mb/sr,
+                                         /R =   5.477189E-01

   146.50 deg.: X-S =       0.371565 mb/sr,
+                                         /R =   6.165514E-01

   147.00 deg.: X-S =       0.414165 mb/sr,
+                                         /R =   6.908294E-01

   147.50 deg.: X-S =       0.458850 mb/sr,
+                                         /R =   7.692991E-01

   148.00 deg.: X-S =       0.504777 mb/sr,
+                                         /R =   8.505810E-01

   148.50 deg.: X-S =       0.551062 mb/sr,
+                                         /R =   9.331940E-01

   149.00 deg.: X-S =       0.596792 mb/sr,
+                                         /R =   1.015581E+00

   149.50 deg.: X-S =       0.641047 mb/sr,
+                                         /R =   1.096138E+00

   150.00 deg.: X-S =       0.682912 mb/sr,
+                                         /R =   1.173246E+00

   150.50 deg.: X-S =       0.721500 mb/sr,
+                                         /R =   1.245301E+00

   151.00 deg.: X-S =       0.755969 mb/sr,
+                                         /R =   1.310750E+00

   151.50 deg.: X-S =       0.785536 mb/sr,
+                                         /R =   1.368120E+00

   152.00 deg.: X-S =       0.809497 mb/sr,
+                                         /R =   1.416058E+00

   152.50 deg.: X-S =       0.827243 mb/sr,
+                                         /R =   1.453354E+00

   153.00 deg.: X-S =       0.838275 mb/sr,
+                                         /R =   1.478979E+00

   153.50 deg.: X-S =       0.842214 mb/sr,
+                                         /R =   1.492107E+00

   154.00 deg.: X-S =       0.838815 mb/sr,
+                                         /R =   1.492145E+00

   154.50 deg.: X-S =       0.827975 mb/sr,
+                                         /R =   1.478750E+00

   155.00 deg.: X-S =       0.809740 mb/sr,
+                                         /R =   1.451848E+00

   155.50 deg.: X-S =       0.784311 mb/sr,
+                                         /R =   1.411648E+00

   156.00 deg.: X-S =       0.752040 mb/sr,
+                                         /R =   1.358651E+00

   156.50 deg.: X-S =       0.713437 mb/sr,
+                                         /R =   1.293649E+00

   157.00 deg.: X-S =       0.669159 mb/sr,
+                                         /R =   1.217725E+00

   157.50 deg.: X-S =       0.620007 mb/sr,
+                                         /R =   1.132248E+00

   158.00 deg.: X-S =       0.566916 mb/sr,
+                                         /R =   1.038854E+00

   158.50 deg.: X-S =       0.510945 mb/sr,
+                                         /R =   9.394327E-01

   159.00 deg.: X-S =       0.453257 mb/sr,
+                                         /R =   8.361003E-01

   159.50 deg.: X-S =       0.395110 mb/sr,
+                                         /R =   7.311722E-01

   160.00 deg.: X-S =       0.337833 mb/sr,
+                                         /R =   6.271297E-01

   160.50 deg.: X-S =       0.282808 mb/sr,
+                                         /R =   5.265824E-01

   161.00 deg.: X-S =       0.231447 mb/sr,
+                                         /R =   4.322275E-01

   161.50 deg.: X-S =       0.185172 mb/sr,
+                                         /R =   3.468060E-01

   162.00 deg.: X-S =       0.145387 mb/sr,
+                                         /R =   2.730573E-01

   162.50 deg.: X-S =       0.113458 mb/sr,
+                                         /R =   2.136717E-01

   163.00 deg.: X-S =       0.090688 mb/sr,
+                                         /R =   1.712427E-01

   163.50 deg.: X-S =       0.078294 mb/sr,
+                                         /R =   1.482193E-01

   164.00 deg.: X-S =       0.077383 mb/sr,
+                                         /R =   1.468599E-01

   164.50 deg.: X-S =       0.088932 mb/sr,
+                                         /R =   1.691875E-01

   165.00 deg.: X-S =       0.113771 mb/sr,
+                                         /R =   2.169477E-01

   165.50 deg.: X-S =       0.152560 mb/sr,
+                                         /R =   2.915708E-01

   166.00 deg.: X-S =       0.205776 mb/sr,
+                                         /R =   3.941373E-01

   166.50 deg.: X-S =       0.273704 mb/sr,
+                                         /R =   5.253490E-01

   167.00 deg.: X-S =       0.356422 mb/sr,
+                                         /R =   6.855055E-01

   167.50 deg.: X-S =       0.453795 mb/sr,
+                                         /R =   8.744864E-01

   168.00 deg.: X-S =       0.565474 mb/sr,
+                                         /R =   1.091740E+00

   168.50 deg.: X-S =       0.690893 mb/sr,
+                                         /R =   1.336281E+00

   169.00 deg.: X-S =       0.829274 mb/sr,
+                                         /R =   1.606688E+00

   169.50 deg.: X-S =       0.979633 mb/sr,
+                                         /R =   1.901121E+00

   170.00 deg.: X-S =       1.140786 mb/sr,
+                                         /R =   2.217330E+00

   170.50 deg.: X-S =       1.311368 mb/sr,
+                                         /R =   2.552685E+00

   171.00 deg.: X-S =       1.489845 mb/sr,
+                                         /R =   2.904203E+00

   171.50 deg.: X-S =       1.674533 mb/sr,
+                                         /R =   3.268584E+00

   172.00 deg.: X-S =       1.863621 mb/sr,
+                                         /R =   3.642254E+00

   172.50 deg.: X-S =       2.055193 mb/sr,
+                                         /R =   4.021413E+00

   173.00 deg.: X-S =       2.247253 mb/sr,
+                                         /R =   4.402082E+00

   173.50 deg.: X-S =       2.437753 mb/sr,
+                                         /R =   4.780165E+00

   174.00 deg.: X-S =       2.624621 mb/sr,
+                                         /R =   5.151498E+00

   174.50 deg.: X-S =       2.805788 mb/sr,
+                                         /R =   5.511915E+00

   175.00 deg.: X-S =       2.979220 mb/sr,
+                                         /R =   5.857303E+00

   175.50 deg.: X-S =       3.142943 mb/sr,
+                                         /R =   6.183667E+00

   176.00 deg.: X-S =       3.295075 mb/sr,
+                                         /R =   6.487183E+00

   176.50 deg.: X-S =       3.433849 mb/sr,
+                                         /R =   6.764257E+00

   177.00 deg.: X-S =       3.557640 mb/sr,
+                                         /R =   7.011581E+00

   177.50 deg.: X-S =       3.664989 mb/sr,
+                                         /R =   7.226177E+00

   178.00 deg.: X-S =       3.754624 mb/sr,
+                                         /R =   7.405446E+00

   178.50 deg.: X-S =       3.825478 mb/sr,
+                                         /R =   7.547206E+00

   179.00 deg.: X-S =       3.876703 mb/sr,
+                                         /R =   7.649723E+00

   179.50 deg.: X-S =       3.907686 mb/sr,
+                                         /R =   7.711742E+00

   179.99 deg.: X-S =       3.918051 mb/sr,
+                                         /R =   7.732492E+00

                                           Integrated  8.3612E+10 mb, over [   0.000, 180.000] at    32.0000 MeV 

 CROSS SECTIONS FOR OUTGOING 2H       & 13C_L1   in state #   1 with spins & parities 1.0  + &  1.5  +;  0

     0.00 deg.: X-S =       0.053519 mb/sr,
+                                         REAC   8.0126E-02 mb

     0.50 deg.: X-S =       0.053477 mb/sr,

     1.00 deg.: X-S =       0.053349 mb/sr,

     1.50 deg.: X-S =       0.053137 mb/sr,

     2.00 deg.: X-S =       0.052842 mb/sr,

     2.50 deg.: X-S =       0.052465 mb/sr,

     3.00 deg.: X-S =       0.052007 mb/sr,

     3.50 deg.: X-S =       0.051473 mb/sr,

     4.00 deg.: X-S =       0.050863 mb/sr,

     4.50 deg.: X-S =       0.050182 mb/sr,

     5.00 deg.: X-S =       0.049434 mb/sr,

     5.50 deg.: X-S =       0.048623 mb/sr,

     6.00 deg.: X-S =       0.047754 mb/sr,

     6.50 deg.: X-S =       0.046833 mb/sr,

     7.00 deg.: X-S =       0.045864 mb/sr,

     7.50 deg.: X-S =       0.044856 mb/sr,

     8.00 deg.: X-S =       0.043815 mb/sr,

     8.50 deg.: X-S =       0.042748 mb/sr,

     9.00 deg.: X-S =       0.041663 mb/sr,

     9.50 deg.: X-S =       0.040568 mb/sr,

    10.00 deg.: X-S =       0.039471 mb/sr,

    10.50 deg.: X-S =       0.038381 mb/sr,

    11.00 deg.: X-S =       0.037306 mb/sr,

    11.50 deg.: X-S =       0.036254 mb/sr,

    12.00 deg.: X-S =       0.035234 mb/sr,

    12.50 deg.: X-S =       0.034252 mb/sr,

    13.00 deg.: X-S =       0.033317 mb/sr,

    13.50 deg.: X-S =       0.032435 mb/sr,

    14.00 deg.: X-S =       0.031613 mb/sr,

    14.50 deg.: X-S =       0.030856 mb/sr,

    15.00 deg.: X-S =       0.030169 mb/sr,

    15.50 deg.: X-S =       0.029555 mb/sr,

    16.00 deg.: X-S =       0.029017 mb/sr,

    16.50 deg.: X-S =       0.028557 mb/sr,

    17.00 deg.: X-S =       0.028175 mb/sr,

    17.50 deg.: X-S =       0.027872 mb/sr,

    18.00 deg.: X-S =       0.027645 mb/sr,

    18.50 deg.: X-S =       0.027493 mb/sr,

    19.00 deg.: X-S =       0.027412 mb/sr,

    19.50 deg.: X-S =       0.027396 mb/sr,

    20.00 deg.: X-S =       0.027442 mb/sr,

    20.50 deg.: X-S =       0.027542 mb/sr,

    21.00 deg.: X-S =       0.027690 mb/sr,

    21.50 deg.: X-S =       0.027879 mb/sr,

    22.00 deg.: X-S =       0.028100 mb/sr,

    22.50 deg.: X-S =       0.028345 mb/sr,

    23.00 deg.: X-S =       0.028606 mb/sr,

    23.50 deg.: X-S =       0.028874 mb/sr,

    24.00 deg.: X-S =       0.029140 mb/sr,

    24.50 deg.: X-S =       0.029397 mb/sr,

    25.00 deg.: X-S =       0.029637 mb/sr,

    25.50 deg.: X-S =       0.029851 mb/sr,

    26.00 deg.: X-S =       0.030032 mb/sr,

    26.50 deg.: X-S =       0.030174 mb/sr,

    27.00 deg.: X-S =       0.030272 mb/sr,

    27.50 deg.: X-S =       0.030320 mb/sr,

    28.00 deg.: X-S =       0.030313 mb/sr,

    28.50 deg.: X-S =       0.030250 mb/sr,

    29.00 deg.: X-S =       0.030126 mb/sr,

    29.50 deg.: X-S =       0.029940 mb/sr,

    30.00 deg.: X-S =       0.029692 mb/sr,

    30.50 deg.: X-S =       0.029381 mb/sr,

    31.00 deg.: X-S =       0.029009 mb/sr,

    31.50 deg.: X-S =       0.028576 mb/sr,

    32.00 deg.: X-S =       0.028086 mb/sr,

    32.50 deg.: X-S =       0.027541 mb/sr,

    33.00 deg.: X-S =       0.026945 mb/sr,

    33.50 deg.: X-S =       0.026301 mb/sr,

    34.00 deg.: X-S =       0.025615 mb/sr,

    34.50 deg.: X-S =       0.024890 mb/sr,

    35.00 deg.: X-S =       0.024133 mb/sr,

    35.50 deg.: X-S =       0.023348 mb/sr,

    36.00 deg.: X-S =       0.022540 mb/sr,

    36.50 deg.: X-S =       0.021716 mb/sr,

    37.00 deg.: X-S =       0.020880 mb/sr,

    37.50 deg.: X-S =       0.020037 mb/sr,

    38.00 deg.: X-S =       0.019193 mb/sr,

    38.50 deg.: X-S =       0.018352 mb/sr,

    39.00 deg.: X-S =       0.017519 mb/sr,

    39.50 deg.: X-S =       0.016698 mb/sr,

    40.00 deg.: X-S =       0.015893 mb/sr,

    40.50 deg.: X-S =       0.015107 mb/sr,

    41.00 deg.: X-S =       0.014344 mb/sr,

    41.50 deg.: X-S =       0.013606 mb/sr,

    42.00 deg.: X-S =       0.012896 mb/sr,

    42.50 deg.: X-S =       0.012216 mb/sr,

    43.00 deg.: X-S =       0.011567 mb/sr,

    43.50 deg.: X-S =       0.010951 mb/sr,

    44.00 deg.: X-S =       0.010368 mb/sr,

    44.50 deg.: X-S =       0.009819 mb/sr,

    45.00 deg.: X-S =       0.009304 mb/sr,

    45.50 deg.: X-S =       0.008824 mb/sr,

    46.00 deg.: X-S =       0.008378 mb/sr,

    46.50 deg.: X-S =       0.007965 mb/sr,

    47.00 deg.: X-S =       0.007585 mb/sr,

    47.50 deg.: X-S =       0.007238 mb/sr,

    48.00 deg.: X-S =       0.006921 mb/sr,

    48.50 deg.: X-S =       0.006634 mb/sr,

    49.00 deg.: X-S =       0.006376 mb/sr,

    49.50 deg.: X-S =       0.006146 mb/sr,

    50.00 deg.: X-S =       0.005942 mb/sr,

    50.50 deg.: X-S =       0.005763 mb/sr,

    51.00 deg.: X-S =       0.005608 mb/sr,

    51.50 deg.: X-S =       0.005475 mb/sr,

    52.00 deg.: X-S =       0.005364 mb/sr,

    52.50 deg.: X-S =       0.005272 mb/sr,

    53.00 deg.: X-S =       0.005198 mb/sr,

    53.50 deg.: X-S =       0.005142 mb/sr,

    54.00 deg.: X-S =       0.005102 mb/sr,

    54.50 deg.: X-S =       0.005077 mb/sr,

    55.00 deg.: X-S =       0.005065 mb/sr,

    55.50 deg.: X-S =       0.005067 mb/sr,

    56.00 deg.: X-S =       0.005080 mb/sr,

    56.50 deg.: X-S =       0.005105 mb/sr,

    57.00 deg.: X-S =       0.005139 mb/sr,

    57.50 deg.: X-S =       0.005182 mb/sr,

    58.00 deg.: X-S =       0.005233 mb/sr,

    58.50 deg.: X-S =       0.005292 mb/sr,

    59.00 deg.: X-S =       0.005357 mb/sr,

    59.50 deg.: X-S =       0.005428 mb/sr,

    60.00 deg.: X-S =       0.005503 mb/sr,

    60.50 deg.: X-S =       0.005583 mb/sr,

    61.00 deg.: X-S =       0.005666 mb/sr,

    61.50 deg.: X-S =       0.005751 mb/sr,

    62.00 deg.: X-S =       0.005839 mb/sr,

    62.50 deg.: X-S =       0.005927 mb/sr,

    63.00 deg.: X-S =       0.006016 mb/sr,

    63.50 deg.: X-S =       0.006105 mb/sr,

    64.00 deg.: X-S =       0.006193 mb/sr,

    64.50 deg.: X-S =       0.006279 mb/sr,

    65.00 deg.: X-S =       0.006364 mb/sr,

    65.50 deg.: X-S =       0.006445 mb/sr,

    66.00 deg.: X-S =       0.006523 mb/sr,

    66.50 deg.: X-S =       0.006597 mb/sr,

    67.00 deg.: X-S =       0.006667 mb/sr,

    67.50 deg.: X-S =       0.006731 mb/sr,

    68.00 deg.: X-S =       0.006791 mb/sr,

    68.50 deg.: X-S =       0.006844 mb/sr,

    69.00 deg.: X-S =       0.006891 mb/sr,

    69.50 deg.: X-S =       0.006932 mb/sr,

    70.00 deg.: X-S =       0.006965 mb/sr,

    70.50 deg.: X-S =       0.006992 mb/sr,

    71.00 deg.: X-S =       0.007011 mb/sr,

    71.50 deg.: X-S =       0.007022 mb/sr,

    72.00 deg.: X-S =       0.007025 mb/sr,

    72.50 deg.: X-S =       0.007021 mb/sr,

    73.00 deg.: X-S =       0.007009 mb/sr,

    73.50 deg.: X-S =       0.006989 mb/sr,

    74.00 deg.: X-S =       0.006960 mb/sr,

    74.50 deg.: X-S =       0.006924 mb/sr,

    75.00 deg.: X-S =       0.006880 mb/sr,

    75.50 deg.: X-S =       0.006829 mb/sr,

    76.00 deg.: X-S =       0.006770 mb/sr,

    76.50 deg.: X-S =       0.006704 mb/sr,

    77.00 deg.: X-S =       0.006630 mb/sr,

    77.50 deg.: X-S =       0.006550 mb/sr,

    78.00 deg.: X-S =       0.006464 mb/sr,

    78.50 deg.: X-S =       0.006371 mb/sr,

    79.00 deg.: X-S =       0.006272 mb/sr,

    79.50 deg.: X-S =       0.006168 mb/sr,

    80.00 deg.: X-S =       0.006059 mb/sr,

    80.50 deg.: X-S =       0.005945 mb/sr,

    81.00 deg.: X-S =       0.005826 mb/sr,

    81.50 deg.: X-S =       0.005703 mb/sr,

    82.00 deg.: X-S =       0.005577 mb/sr,

    82.50 deg.: X-S =       0.005447 mb/sr,

    83.00 deg.: X-S =       0.005315 mb/sr,

    83.50 deg.: X-S =       0.005180 mb/sr,

    84.00 deg.: X-S =       0.005042 mb/sr,

    84.50 deg.: X-S =       0.004903 mb/sr,

    85.00 deg.: X-S =       0.004763 mb/sr,

    85.50 deg.: X-S =       0.004622 mb/sr,

    86.00 deg.: X-S =       0.004479 mb/sr,

    86.50 deg.: X-S =       0.004337 mb/sr,

    87.00 deg.: X-S =       0.004195 mb/sr,

    87.50 deg.: X-S =       0.004052 mb/sr,

    88.00 deg.: X-S =       0.003911 mb/sr,

    88.50 deg.: X-S =       0.003771 mb/sr,

    89.00 deg.: X-S =       0.003631 mb/sr,

    89.50 deg.: X-S =       0.003494 mb/sr,

    90.00 deg.: X-S =       0.003358 mb/sr,

    90.50 deg.: X-S =       0.003225 mb/sr,

    91.00 deg.: X-S =       0.003094 mb/sr,

    91.50 deg.: X-S =       0.002965 mb/sr,

    92.00 deg.: X-S =       0.002839 mb/sr,

    92.50 deg.: X-S =       0.002717 mb/sr,

    93.00 deg.: X-S =       0.002598 mb/sr,

    93.50 deg.: X-S =       0.002482 mb/sr,

    94.00 deg.: X-S =       0.002370 mb/sr,

    94.50 deg.: X-S =       0.002262 mb/sr,

    95.00 deg.: X-S =       0.002158 mb/sr,

    95.50 deg.: X-S =       0.002058 mb/sr,

    96.00 deg.: X-S =       0.001963 mb/sr,

    96.50 deg.: X-S =       0.001871 mb/sr,

    97.00 deg.: X-S =       0.001785 mb/sr,

    97.50 deg.: X-S =       0.001703 mb/sr,

    98.00 deg.: X-S =       0.001626 mb/sr,

    98.50 deg.: X-S =       0.001553 mb/sr,

    99.00 deg.: X-S =       0.001486 mb/sr,

    99.50 deg.: X-S =       0.001423 mb/sr,

   100.00 deg.: X-S =       0.001365 mb/sr,

   100.50 deg.: X-S =       0.001312 mb/sr,

   101.00 deg.: X-S =       0.001263 mb/sr,

   101.50 deg.: X-S =       0.001220 mb/sr,

   102.00 deg.: X-S =       0.001181 mb/sr,

   102.50 deg.: X-S =       0.001147 mb/sr,

   103.00 deg.: X-S =       0.001118 mb/sr,

   103.50 deg.: X-S =       0.001093 mb/sr,

   104.00 deg.: X-S =       0.001073 mb/sr,

   104.50 deg.: X-S =       0.001056 mb/sr,

   105.00 deg.: X-S =       0.001044 mb/sr,

   105.50 deg.: X-S =       0.001036 mb/sr,

   106.00 deg.: X-S =       0.001032 mb/sr,

   106.50 deg.: X-S =       0.001031 mb/sr,

   107.00 deg.: X-S =       0.001033 mb/sr,

   107.50 deg.: X-S =       0.001039 mb/sr,

   108.00 deg.: X-S =       0.001048 mb/sr,

   108.50 deg.: X-S =       0.001059 mb/sr,

   109.00 deg.: X-S =       0.001073 mb/sr,

   109.50 deg.: X-S =       0.001089 mb/sr,

   110.00 deg.: X-S =       0.001108 mb/sr,

   110.50 deg.: X-S =       0.001128 mb/sr,

   111.00 deg.: X-S =       0.001149 mb/sr,

   111.50 deg.: X-S =       0.001172 mb/sr,

   112.00 deg.: X-S =       0.001196 mb/sr,

   112.50 deg.: X-S =       0.001221 mb/sr,

   113.00 deg.: X-S =       0.001247 mb/sr,

   113.50 deg.: X-S =       0.001272 mb/sr,

   114.00 deg.: X-S =       0.001298 mb/sr,

   114.50 deg.: X-S =       0.001324 mb/sr,

   115.00 deg.: X-S =       0.001349 mb/sr,

   115.50 deg.: X-S =       0.001374 mb/sr,

   116.00 deg.: X-S =       0.001399 mb/sr,

   116.50 deg.: X-S =       0.001422 mb/sr,

   117.00 deg.: X-S =       0.001445 mb/sr,

   117.50 deg.: X-S =       0.001466 mb/sr,

   118.00 deg.: X-S =       0.001486 mb/sr,

   118.50 deg.: X-S =       0.001505 mb/sr,

   119.00 deg.: X-S =       0.001522 mb/sr,

   119.50 deg.: X-S =       0.001537 mb/sr,

   120.00 deg.: X-S =       0.001551 mb/sr,

   120.50 deg.: X-S =       0.001563 mb/sr,

   121.00 deg.: X-S =       0.001574 mb/sr,

   121.50 deg.: X-S =       0.001582 mb/sr,

   122.00 deg.: X-S =       0.001589 mb/sr,

   122.50 deg.: X-S =       0.001594 mb/sr,

   123.00 deg.: X-S =       0.001597 mb/sr,

   123.50 deg.: X-S =       0.001599 mb/sr,

   124.00 deg.: X-S =       0.001598 mb/sr,

   124.50 deg.: X-S =       0.001596 mb/sr,

   125.00 deg.: X-S =       0.001593 mb/sr,

   125.50 deg.: X-S =       0.001587 mb/sr,

   126.00 deg.: X-S =       0.001580 mb/sr,

   126.50 deg.: X-S =       0.001572 mb/sr,

   127.00 deg.: X-S =       0.001562 mb/sr,

   127.50 deg.: X-S =       0.001550 mb/sr,

   128.00 deg.: X-S =       0.001538 mb/sr,

   128.50 deg.: X-S =       0.001524 mb/sr,

   129.00 deg.: X-S =       0.001508 mb/sr,

   129.50 deg.: X-S =       0.001492 mb/sr,

   130.00 deg.: X-S =       0.001474 mb/sr,

   130.50 deg.: X-S =       0.001456 mb/sr,

   131.00 deg.: X-S =       0.001436 mb/sr,

   131.50 deg.: X-S =       0.001416 mb/sr,

   132.00 deg.: X-S =       0.001394 mb/sr,

   132.50 deg.: X-S =       0.001372 mb/sr,

   133.00 deg.: X-S =       0.001349 mb/sr,

   133.50 deg.: X-S =       0.001325 mb/sr,

   134.00 deg.: X-S =       0.001300 mb/sr,

   134.50 deg.: X-S =       0.001274 mb/sr,

   135.00 deg.: X-S =       0.001247 mb/sr,

   135.50 deg.: X-S =       0.001220 mb/sr,

   136.00 deg.: X-S =       0.001192 mb/sr,

   136.50 deg.: X-S =       0.001163 mb/sr,

   137.00 deg.: X-S =       0.001134 mb/sr,

   137.50 deg.: X-S =       0.001104 mb/sr,

   138.00 deg.: X-S =       0.001073 mb/sr,

   138.50 deg.: X-S =       0.001041 mb/sr,

   139.00 deg.: X-S =       0.001009 mb/sr,

   139.50 deg.: X-S =       0.000976 mb/sr,

   140.00 deg.: X-S =       0.000942 mb/sr,

   140.50 deg.: X-S =       0.000908 mb/sr,

   141.00 deg.: X-S =       0.000873 mb/sr,

   141.50 deg.: X-S =       0.000838 mb/sr,

   142.00 deg.: X-S =       0.000802 mb/sr,

   142.50 deg.: X-S =       0.000766 mb/sr,

   143.00 deg.: X-S =       0.000730 mb/sr,

   143.50 deg.: X-S =       0.000693 mb/sr,

   144.00 deg.: X-S =       0.000656 mb/sr,

   144.50 deg.: X-S =       0.000620 mb/sr,

   145.00 deg.: X-S =       0.000583 mb/sr,

   145.50 deg.: X-S =       0.000546 mb/sr,

   146.00 deg.: X-S =       0.000510 mb/sr,

   146.50 deg.: X-S =       0.000475 mb/sr,

   147.00 deg.: X-S =       0.000439 mb/sr,

   147.50 deg.: X-S =       0.000405 mb/sr,

   148.00 deg.: X-S =       0.000372 mb/sr,

   148.50 deg.: X-S =       0.000339 mb/sr,

   149.00 deg.: X-S =       0.000308 mb/sr,

   149.50 deg.: X-S =       0.000278 mb/sr,

   150.00 deg.: X-S =       0.000249 mb/sr,

   150.50 deg.: X-S =       0.000222 mb/sr,

   151.00 deg.: X-S =       0.000197 mb/sr,

   151.50 deg.: X-S =       0.000173 mb/sr,

   152.00 deg.: X-S =       0.000152 mb/sr,

   152.50 deg.: X-S =       0.000133 mb/sr,

   153.00 deg.: X-S =       0.000116 mb/sr,

   153.50 deg.: X-S =       0.000101 mb/sr,

   154.00 deg.: X-S =   8.822907E-05 mb/sr,

   154.50 deg.: X-S =   7.819664E-05 mb/sr,

   155.00 deg.: X-S =   7.065580E-05 mb/sr,

   155.50 deg.: X-S =   6.564469E-05 mb/sr,

   156.00 deg.: X-S =   6.318608E-05 mb/sr,

   156.50 deg.: X-S =   6.328713E-05 mb/sr,

   157.00 deg.: X-S =   6.593914E-05 mb/sr,

   157.50 deg.: X-S =   7.111759E-05 mb/sr,

   158.00 deg.: X-S =   7.878229E-05 mb/sr,

   158.50 deg.: X-S =   8.887775E-05 mb/sr,

   159.00 deg.: X-S =       0.000101 mb/sr,

   159.50 deg.: X-S =       0.000116 mb/sr,

   160.00 deg.: X-S =       0.000133 mb/sr,

   160.50 deg.: X-S =       0.000152 mb/sr,

   161.00 deg.: X-S =       0.000173 mb/sr,

   161.50 deg.: X-S =       0.000196 mb/sr,

   162.00 deg.: X-S =       0.000220 mb/sr,

   162.50 deg.: X-S =       0.000246 mb/sr,

   163.00 deg.: X-S =       0.000273 mb/sr,

   163.50 deg.: X-S =       0.000302 mb/sr,

   164.00 deg.: X-S =       0.000331 mb/sr,

   164.50 deg.: X-S =       0.000362 mb/sr,

   165.00 deg.: X-S =       0.000393 mb/sr,

   165.50 deg.: X-S =       0.000424 mb/sr,

   166.00 deg.: X-S =       0.000456 mb/sr,

   166.50 deg.: X-S =       0.000489 mb/sr,

   167.00 deg.: X-S =       0.000521 mb/sr,

   167.50 deg.: X-S =       0.000553 mb/sr,

   168.00 deg.: X-S =       0.000585 mb/sr,

   168.50 deg.: X-S =       0.000616 mb/sr,

   169.00 deg.: X-S =       0.000647 mb/sr,

   169.50 deg.: X-S =       0.000678 mb/sr,

   170.00 deg.: X-S =       0.000707 mb/sr,

   170.50 deg.: X-S =       0.000736 mb/sr,

   171.00 deg.: X-S =       0.000763 mb/sr,

   171.50 deg.: X-S =       0.000790 mb/sr,

   172.00 deg.: X-S =       0.000815 mb/sr,

   172.50 deg.: X-S =       0.000839 mb/sr,

   173.00 deg.: X-S =       0.000862 mb/sr,

   173.50 deg.: X-S =       0.000883 mb/sr,

   174.00 deg.: X-S =       0.000903 mb/sr,

   174.50 deg.: X-S =       0.000922 mb/sr,

   175.00 deg.: X-S =       0.000939 mb/sr,

   175.50 deg.: X-S =       0.000954 mb/sr,

   176.00 deg.: X-S =       0.000968 mb/sr,

   176.50 deg.: X-S =       0.000981 mb/sr,

   177.00 deg.: X-S =       0.000991 mb/sr,

   177.50 deg.: X-S =       0.001000 mb/sr,

   178.00 deg.: X-S =       0.001008 mb/sr,

   178.50 deg.: X-S =       0.001014 mb/sr,

   179.00 deg.: X-S =       0.001018 mb/sr,

   179.50 deg.: X-S =       0.001020 mb/sr,

   180.00 deg.: X-S =       0.001021 mb/sr,

                                           Integrated  8.0124E-02 mb, over [   0.000, 180.000] at    32.0000 MeV 

 CROSS SECTIONS FOR OUTGOING 2H       & 13C_L3   in state #   1 with spins & parities 1.0  + &  1.5  +;  0

     0.00 deg.: X-S =       0.054609 mb/sr,
+                                         REAC   5.9520E-02 mb

     0.50 deg.: X-S =       0.054596 mb/sr,

     1.00 deg.: X-S =       0.054554 mb/sr,

     1.50 deg.: X-S =       0.054486 mb/sr,

     2.00 deg.: X-S =       0.054390 mb/sr,

     2.50 deg.: X-S =       0.054267 mb/sr,

     3.00 deg.: X-S =       0.054118 mb/sr,

     3.50 deg.: X-S =       0.053942 mb/sr,

     4.00 deg.: X-S =       0.053740 mb/sr,

     4.50 deg.: X-S =       0.053513 mb/sr,

     5.00 deg.: X-S =       0.053260 mb/sr,

     5.50 deg.: X-S =       0.052983 mb/sr,

     6.00 deg.: X-S =       0.052682 mb/sr,

     6.50 deg.: X-S =       0.052358 mb/sr,

     7.00 deg.: X-S =       0.052010 mb/sr,

     7.50 deg.: X-S =       0.051640 mb/sr,

     8.00 deg.: X-S =       0.051248 mb/sr,

     8.50 deg.: X-S =       0.050834 mb/sr,

     9.00 deg.: X-S =       0.050398 mb/sr,

     9.50 deg.: X-S =       0.049942 mb/sr,

    10.00 deg.: X-S =       0.049465 mb/sr,

    10.50 deg.: X-S =       0.048967 mb/sr,

    11.00 deg.: X-S =       0.048449 mb/sr,

    11.50 deg.: X-S =       0.047911 mb/sr,

    12.00 deg.: X-S =       0.047352 mb/sr,

    12.50 deg.: X-S =       0.046773 mb/sr,

    13.00 deg.: X-S =       0.046174 mb/sr,

    13.50 deg.: X-S =       0.045554 mb/sr,

    14.00 deg.: X-S =       0.044914 mb/sr,

    14.50 deg.: X-S =       0.044253 mb/sr,

    15.00 deg.: X-S =       0.043571 mb/sr,

    15.50 deg.: X-S =       0.042870 mb/sr,

    16.00 deg.: X-S =       0.042148 mb/sr,

    16.50 deg.: X-S =       0.041405 mb/sr,

    17.00 deg.: X-S =       0.040643 mb/sr,

    17.50 deg.: X-S =       0.039862 mb/sr,

    18.00 deg.: X-S =       0.039062 mb/sr,

    18.50 deg.: X-S =       0.038244 mb/sr,

    19.00 deg.: X-S =       0.037409 mb/sr,

    19.50 deg.: X-S =       0.036558 mb/sr,

    20.00 deg.: X-S =       0.035692 mb/sr,

    20.50 deg.: X-S =       0.034813 mb/sr,

    21.00 deg.: X-S =       0.033922 mb/sr,

    21.50 deg.: X-S =       0.033020 mb/sr,

    22.00 deg.: X-S =       0.032110 mb/sr,

    22.50 deg.: X-S =       0.031194 mb/sr,

    23.00 deg.: X-S =       0.030273 mb/sr,

    23.50 deg.: X-S =       0.029350 mb/sr,

    24.00 deg.: X-S =       0.028427 mb/sr,

    24.50 deg.: X-S =       0.027506 mb/sr,

    25.00 deg.: X-S =       0.026590 mb/sr,

    25.50 deg.: X-S =       0.025680 mb/sr,

    26.00 deg.: X-S =       0.024781 mb/sr,

    26.50 deg.: X-S =       0.023893 mb/sr,

    27.00 deg.: X-S =       0.023020 mb/sr,

    27.50 deg.: X-S =       0.022163 mb/sr,

    28.00 deg.: X-S =       0.021325 mb/sr,

    28.50 deg.: X-S =       0.020507 mb/sr,

    29.00 deg.: X-S =       0.019713 mb/sr,

    29.50 deg.: X-S =       0.018943 mb/sr,

    30.00 deg.: X-S =       0.018200 mb/sr,

    30.50 deg.: X-S =       0.017484 mb/sr,

    31.00 deg.: X-S =       0.016797 mb/sr,

    31.50 deg.: X-S =       0.016140 mb/sr,

    32.00 deg.: X-S =       0.015513 mb/sr,

    32.50 deg.: X-S =       0.014918 mb/sr,

    33.00 deg.: X-S =       0.014354 mb/sr,

    33.50 deg.: X-S =       0.013822 mb/sr,

    34.00 deg.: X-S =       0.013320 mb/sr,

    34.50 deg.: X-S =       0.012850 mb/sr,

    35.00 deg.: X-S =       0.012410 mb/sr,

    35.50 deg.: X-S =       0.011999 mb/sr,

    36.00 deg.: X-S =       0.011617 mb/sr,

    36.50 deg.: X-S =       0.011261 mb/sr,

    37.00 deg.: X-S =       0.010931 mb/sr,

    37.50 deg.: X-S =       0.010626 mb/sr,

    38.00 deg.: X-S =       0.010343 mb/sr,

    38.50 deg.: X-S =       0.010081 mb/sr,

    39.00 deg.: X-S =       0.009838 mb/sr,

    39.50 deg.: X-S =       0.009612 mb/sr,

    40.00 deg.: X-S =       0.009402 mb/sr,

    40.50 deg.: X-S =       0.009206 mb/sr,

    41.00 deg.: X-S =       0.009021 mb/sr,

    41.50 deg.: X-S =       0.008847 mb/sr,

    42.00 deg.: X-S =       0.008680 mb/sr,

    42.50 deg.: X-S =       0.008520 mb/sr,

    43.00 deg.: X-S =       0.008366 mb/sr,

    43.50 deg.: X-S =       0.008214 mb/sr,

    44.00 deg.: X-S =       0.008065 mb/sr,

    44.50 deg.: X-S =       0.007917 mb/sr,

    45.00 deg.: X-S =       0.007769 mb/sr,

    45.50 deg.: X-S =       0.007619 mb/sr,

    46.00 deg.: X-S =       0.007467 mb/sr,

    46.50 deg.: X-S =       0.007313 mb/sr,

    47.00 deg.: X-S =       0.007155 mb/sr,

    47.50 deg.: X-S =       0.006994 mb/sr,

    48.00 deg.: X-S =       0.006829 mb/sr,

    48.50 deg.: X-S =       0.006659 mb/sr,

    49.00 deg.: X-S =       0.006486 mb/sr,

    49.50 deg.: X-S =       0.006309 mb/sr,

    50.00 deg.: X-S =       0.006128 mb/sr,

    50.50 deg.: X-S =       0.005944 mb/sr,

    51.00 deg.: X-S =       0.005757 mb/sr,

    51.50 deg.: X-S =       0.005568 mb/sr,

    52.00 deg.: X-S =       0.005376 mb/sr,

    52.50 deg.: X-S =       0.005184 mb/sr,

    53.00 deg.: X-S =       0.004991 mb/sr,

    53.50 deg.: X-S =       0.004798 mb/sr,

    54.00 deg.: X-S =       0.004606 mb/sr,

    54.50 deg.: X-S =       0.004415 mb/sr,

    55.00 deg.: X-S =       0.004227 mb/sr,

    55.50 deg.: X-S =       0.004041 mb/sr,

    56.00 deg.: X-S =       0.003859 mb/sr,

    56.50 deg.: X-S =       0.003681 mb/sr,

    57.00 deg.: X-S =       0.003508 mb/sr,

    57.50 deg.: X-S =       0.003340 mb/sr,

    58.00 deg.: X-S =       0.003177 mb/sr,

    58.50 deg.: X-S =       0.003021 mb/sr,

    59.00 deg.: X-S =       0.002871 mb/sr,

    59.50 deg.: X-S =       0.002727 mb/sr,

    60.00 deg.: X-S =       0.002591 mb/sr,

    60.50 deg.: X-S =       0.002462 mb/sr,

    61.00 deg.: X-S =       0.002341 mb/sr,

    61.50 deg.: X-S =       0.002226 mb/sr,

    62.00 deg.: X-S =       0.002119 mb/sr,

    62.50 deg.: X-S =       0.002020 mb/sr,

    63.00 deg.: X-S =       0.001927 mb/sr,

    63.50 deg.: X-S =       0.001842 mb/sr,

    64.00 deg.: X-S =       0.001763 mb/sr,

    64.50 deg.: X-S =       0.001691 mb/sr,

    65.00 deg.: X-S =       0.001626 mb/sr,

    65.50 deg.: X-S =       0.001566 mb/sr,

    66.00 deg.: X-S =       0.001512 mb/sr,

    66.50 deg.: X-S =       0.001464 mb/sr,

    67.00 deg.: X-S =       0.001420 mb/sr,

    67.50 deg.: X-S =       0.001382 mb/sr,

    68.00 deg.: X-S =       0.001347 mb/sr,

    68.50 deg.: X-S =       0.001317 mb/sr,

    69.00 deg.: X-S =       0.001290 mb/sr,

    69.50 deg.: X-S =       0.001266 mb/sr,

    70.00 deg.: X-S =       0.001246 mb/sr,

    70.50 deg.: X-S =       0.001227 mb/sr,

    71.00 deg.: X-S =       0.001211 mb/sr,

    71.50 deg.: X-S =       0.001198 mb/sr,

    72.00 deg.: X-S =       0.001185 mb/sr,

    72.50 deg.: X-S =       0.001175 mb/sr,

    73.00 deg.: X-S =       0.001165 mb/sr,

    73.50 deg.: X-S =       0.001157 mb/sr,

    74.00 deg.: X-S =       0.001150 mb/sr,

    74.50 deg.: X-S =       0.001143 mb/sr,

    75.00 deg.: X-S =       0.001137 mb/sr,

    75.50 deg.: X-S =       0.001132 mb/sr,

    76.00 deg.: X-S =       0.001127 mb/sr,

    76.50 deg.: X-S =       0.001123 mb/sr,

    77.00 deg.: X-S =       0.001119 mb/sr,

    77.50 deg.: X-S =       0.001115 mb/sr,

    78.00 deg.: X-S =       0.001112 mb/sr,

    78.50 deg.: X-S =       0.001109 mb/sr,

    79.00 deg.: X-S =       0.001107 mb/sr,

    79.50 deg.: X-S =       0.001105 mb/sr,

    80.00 deg.: X-S =       0.001104 mb/sr,

    80.50 deg.: X-S =       0.001103 mb/sr,

    81.00 deg.: X-S =       0.001103 mb/sr,

    81.50 deg.: X-S =       0.001104 mb/sr,

    82.00 deg.: X-S =       0.001105 mb/sr,

    82.50 deg.: X-S =       0.001107 mb/sr,

    83.00 deg.: X-S =       0.001110 mb/sr,

    83.50 deg.: X-S =       0.001114 mb/sr,

    84.00 deg.: X-S =       0.001119 mb/sr,

    84.50 deg.: X-S =       0.001125 mb/sr,

    85.00 deg.: X-S =       0.001132 mb/sr,

    85.50 deg.: X-S =       0.001140 mb/sr,

    86.00 deg.: X-S =       0.001149 mb/sr,

    86.50 deg.: X-S =       0.001159 mb/sr,

    87.00 deg.: X-S =       0.001171 mb/sr,

    87.50 deg.: X-S =       0.001183 mb/sr,

    88.00 deg.: X-S =       0.001196 mb/sr,

    88.50 deg.: X-S =       0.001210 mb/sr,

    89.00 deg.: X-S =       0.001226 mb/sr,

    89.50 deg.: X-S =       0.001242 mb/sr,

    90.00 deg.: X-S =       0.001259 mb/sr,

    90.50 deg.: X-S =       0.001276 mb/sr,

    91.00 deg.: X-S =       0.001294 mb/sr,

    91.50 deg.: X-S =       0.001313 mb/sr,

    92.00 deg.: X-S =       0.001333 mb/sr,

    92.50 deg.: X-S =       0.001353 mb/sr,

    93.00 deg.: X-S =       0.001373 mb/sr,

    93.50 deg.: X-S =       0.001393 mb/sr,

    94.00 deg.: X-S =       0.001413 mb/sr,

    94.50 deg.: X-S =       0.001433 mb/sr,

    95.00 deg.: X-S =       0.001454 mb/sr,

    95.50 deg.: X-S =       0.001473 mb/sr,

    96.00 deg.: X-S =       0.001493 mb/sr,

    96.50 deg.: X-S =       0.001512 mb/sr,

    97.00 deg.: X-S =       0.001530 mb/sr,

    97.50 deg.: X-S =       0.001548 mb/sr,

    98.00 deg.: X-S =       0.001565 mb/sr,

    98.50 deg.: X-S =       0.001581 mb/sr,

    99.00 deg.: X-S =       0.001596 mb/sr,

    99.50 deg.: X-S =       0.001610 mb/sr,

   100.00 deg.: X-S =       0.001623 mb/sr,

   100.50 deg.: X-S =       0.001635 mb/sr,

   101.00 deg.: X-S =       0.001645 mb/sr,

   101.50 deg.: X-S =       0.001655 mb/sr,

   102.00 deg.: X-S =       0.001663 mb/sr,

   102.50 deg.: X-S =       0.001669 mb/sr,

   103.00 deg.: X-S =       0.001675 mb/sr,

   103.50 deg.: X-S =       0.001679 mb/sr,

   104.00 deg.: X-S =       0.001681 mb/sr,

   104.50 deg.: X-S =       0.001683 mb/sr,

   105.00 deg.: X-S =       0.001682 mb/sr,

   105.50 deg.: X-S =       0.001681 mb/sr,

   106.00 deg.: X-S =       0.001678 mb/sr,

   106.50 deg.: X-S =       0.001674 mb/sr,

   107.00 deg.: X-S =       0.001669 mb/sr,

   107.50 deg.: X-S =       0.001662 mb/sr,

   108.00 deg.: X-S =       0.001654 mb/sr,

   108.50 deg.: X-S =       0.001646 mb/sr,

   109.00 deg.: X-S =       0.001636 mb/sr,

   109.50 deg.: X-S =       0.001625 mb/sr,

   110.00 deg.: X-S =       0.001613 mb/sr,

   110.50 deg.: X-S =       0.001601 mb/sr,

   111.00 deg.: X-S =       0.001587 mb/sr,

   111.50 deg.: X-S =       0.001573 mb/sr,

   112.00 deg.: X-S =       0.001559 mb/sr,

   112.50 deg.: X-S =       0.001544 mb/sr,

   113.00 deg.: X-S =       0.001528 mb/sr,

   113.50 deg.: X-S =       0.001512 mb/sr,

   114.00 deg.: X-S =       0.001496 mb/sr,

   114.50 deg.: X-S =       0.001479 mb/sr,

   115.00 deg.: X-S =       0.001462 mb/sr,

   115.50 deg.: X-S =       0.001445 mb/sr,

   116.00 deg.: X-S =       0.001428 mb/sr,

   116.50 deg.: X-S =       0.001411 mb/sr,

   117.00 deg.: X-S =       0.001394 mb/sr,

   117.50 deg.: X-S =       0.001377 mb/sr,

   118.00 deg.: X-S =       0.001360 mb/sr,

   118.50 deg.: X-S =       0.001343 mb/sr,

   119.00 deg.: X-S =       0.001327 mb/sr,

   119.50 deg.: X-S =       0.001310 mb/sr,

   120.00 deg.: X-S =       0.001294 mb/sr,

   120.50 deg.: X-S =       0.001278 mb/sr,

   121.00 deg.: X-S =       0.001263 mb/sr,

   121.50 deg.: X-S =       0.001248 mb/sr,

   122.00 deg.: X-S =       0.001233 mb/sr,

   122.50 deg.: X-S =       0.001218 mb/sr,

   123.00 deg.: X-S =       0.001204 mb/sr,

   123.50 deg.: X-S =       0.001191 mb/sr,

   124.00 deg.: X-S =       0.001177 mb/sr,

   124.50 deg.: X-S =       0.001164 mb/sr,

   125.00 deg.: X-S =       0.001152 mb/sr,

   125.50 deg.: X-S =       0.001139 mb/sr,

   126.00 deg.: X-S =       0.001127 mb/sr,

   126.50 deg.: X-S =       0.001116 mb/sr,

   127.00 deg.: X-S =       0.001105 mb/sr,

   127.50 deg.: X-S =       0.001094 mb/sr,

   128.00 deg.: X-S =       0.001083 mb/sr,

   128.50 deg.: X-S =       0.001073 mb/sr,

   129.00 deg.: X-S =       0.001063 mb/sr,

   129.50 deg.: X-S =       0.001054 mb/sr,

   130.00 deg.: X-S =       0.001045 mb/sr,

   130.50 deg.: X-S =       0.001036 mb/sr,

   131.00 deg.: X-S =       0.001028 mb/sr,

   131.50 deg.: X-S =       0.001020 mb/sr,

   132.00 deg.: X-S =       0.001012 mb/sr,

   132.50 deg.: X-S =       0.001005 mb/sr,

   133.00 deg.: X-S =       0.000999 mb/sr,

   133.50 deg.: X-S =       0.000993 mb/sr,

   134.00 deg.: X-S =       0.000987 mb/sr,

   134.50 deg.: X-S =       0.000982 mb/sr,

   135.00 deg.: X-S =       0.000978 mb/sr,

   135.50 deg.: X-S =       0.000974 mb/sr,

   136.00 deg.: X-S =       0.000971 mb/sr,

   136.50 deg.: X-S =       0.000968 mb/sr,

   137.00 deg.: X-S =       0.000966 mb/sr,

   137.50 deg.: X-S =       0.000965 mb/sr,

   138.00 deg.: X-S =       0.000964 mb/sr,

   138.50 deg.: X-S =       0.000964 mb/sr,

   139.00 deg.: X-S =       0.000965 mb/sr,

   139.50 deg.: X-S =       0.000967 mb/sr,

   140.00 deg.: X-S =       0.000969 mb/sr,

   140.50 deg.: X-S =       0.000973 mb/sr,

   141.00 deg.: X-S =       0.000977 mb/sr,

   141.50 deg.: X-S =       0.000982 mb/sr,

   142.00 deg.: X-S =       0.000988 mb/sr,

   142.50 deg.: X-S =       0.000995 mb/sr,

   143.00 deg.: X-S =       0.001003 mb/sr,

   143.50 deg.: X-S =       0.001012 mb/sr,

   144.00 deg.: X-S =       0.001022 mb/sr,

   144.50 deg.: X-S =       0.001033 mb/sr,

   145.00 deg.: X-S =       0.001045 mb/sr,

   145.50 deg.: X-S =       0.001057 mb/sr,

   146.00 deg.: X-S =       0.001071 mb/sr,

   146.50 deg.: X-S =       0.001085 mb/sr,

   147.00 deg.: X-S =       0.001100 mb/sr,

   147.50 deg.: X-S =       0.001115 mb/sr,

   148.00 deg.: X-S =       0.001132 mb/sr,

   148.50 deg.: X-S =       0.001149 mb/sr,

   149.00 deg.: X-S =       0.001166 mb/sr,

   149.50 deg.: X-S =       0.001184 mb/sr,

   150.00 deg.: X-S =       0.001202 mb/sr,

   150.50 deg.: X-S =       0.001221 mb/sr,

   151.00 deg.: X-S =       0.001240 mb/sr,

   151.50 deg.: X-S =       0.001259 mb/sr,

   152.00 deg.: X-S =       0.001279 mb/sr,

   152.50 deg.: X-S =       0.001298 mb/sr,

   153.00 deg.: X-S =       0.001317 mb/sr,

   153.50 deg.: X-S =       0.001337 mb/sr,

   154.00 deg.: X-S =       0.001356 mb/sr,

   154.50 deg.: X-S =       0.001375 mb/sr,

   155.00 deg.: X-S =       0.001393 mb/sr,

   155.50 deg.: X-S =       0.001411 mb/sr,

   156.00 deg.: X-S =       0.001429 mb/sr,

   156.50 deg.: X-S =       0.001446 mb/sr,

   157.00 deg.: X-S =       0.001462 mb/sr,

   157.50 deg.: X-S =       0.001478 mb/sr,

   158.00 deg.: X-S =       0.001493 mb/sr,

   158.50 deg.: X-S =       0.001506 mb/sr,

   159.00 deg.: X-S =       0.001519 mb/sr,

   159.50 deg.: X-S =       0.001531 mb/sr,

   160.00 deg.: X-S =       0.001542 mb/sr,

   160.50 deg.: X-S =       0.001552 mb/sr,

   161.00 deg.: X-S =       0.001561 mb/sr,

   161.50 deg.: X-S =       0.001569 mb/sr,

   162.00 deg.: X-S =       0.001575 mb/sr,

   162.50 deg.: X-S =       0.001581 mb/sr,

   163.00 deg.: X-S =       0.001585 mb/sr,

   163.50 deg.: X-S =       0.001589 mb/sr,

   164.00 deg.: X-S =       0.001591 mb/sr,

   164.50 deg.: X-S =       0.001592 mb/sr,

   165.00 deg.: X-S =       0.001593 mb/sr,

   165.50 deg.: X-S =       0.001592 mb/sr,

   166.00 deg.: X-S =       0.001590 mb/sr,

   166.50 deg.: X-S =       0.001588 mb/sr,

   167.00 deg.: X-S =       0.001585 mb/sr,

   167.50 deg.: X-S =       0.001581 mb/sr,

   168.00 deg.: X-S =       0.001576 mb/sr,

   168.50 deg.: X-S =       0.001570 mb/sr,

   169.00 deg.: X-S =       0.001564 mb/sr,

   169.50 deg.: X-S =       0.001557 mb/sr,

   170.00 deg.: X-S =       0.001550 mb/sr,

   170.50 deg.: X-S =       0.001543 mb/sr,

   171.00 deg.: X-S =       0.001535 mb/sr,

   171.50 deg.: X-S =       0.001527 mb/sr,

   172.00 deg.: X-S =       0.001519 mb/sr,

   172.50 deg.: X-S =       0.001511 mb/sr,

   173.00 deg.: X-S =       0.001503 mb/sr,

   173.50 deg.: X-S =       0.001495 mb/sr,

   174.00 deg.: X-S =       0.001488 mb/sr,

   174.50 deg.: X-S =       0.001481 mb/sr,

   175.00 deg.: X-S =       0.001474 mb/sr,

   175.50 deg.: X-S =       0.001468 mb/sr,

   176.00 deg.: X-S =       0.001462 mb/sr,

   176.50 deg.: X-S =       0.001457 mb/sr,

   177.00 deg.: X-S =       0.001452 mb/sr,

   177.50 deg.: X-S =       0.001448 mb/sr,

   178.00 deg.: X-S =       0.001445 mb/sr,

   178.50 deg.: X-S =       0.001443 mb/sr,

   179.00 deg.: X-S =       0.001441 mb/sr,

   179.50 deg.: X-S =       0.001440 mb/sr,

   180.00 deg.: X-S =       0.001439 mb/sr,

                                           Integrated  5.9518E-02 mb, over [   0.000, 180.000] at    32.0000 MeV 

 CROSS SECTIONS FOR OUTGOING 2H       & 13C_1090 in state #   1 with spins & parities 1.0  + &  1.5  +;  0

     0.00 deg.: X-S =       0.053214 mb/sr,
+                                         REAC   5.9645E-02 mb

     0.50 deg.: X-S =       0.053199 mb/sr,

     1.00 deg.: X-S =       0.053152 mb/sr,

     1.50 deg.: X-S =       0.053074 mb/sr,

     2.00 deg.: X-S =       0.052966 mb/sr,

     2.50 deg.: X-S =       0.052827 mb/sr,

     3.00 deg.: X-S =       0.052658 mb/sr,

     3.50 deg.: X-S =       0.052459 mb/sr,

     4.00 deg.: X-S =       0.052231 mb/sr,

     4.50 deg.: X-S =       0.051975 mb/sr,

     5.00 deg.: X-S =       0.051691 mb/sr,

     5.50 deg.: X-S =       0.051381 mb/sr,

     6.00 deg.: X-S =       0.051044 mb/sr,

     6.50 deg.: X-S =       0.050682 mb/sr,

     7.00 deg.: X-S =       0.050295 mb/sr,

     7.50 deg.: X-S =       0.049885 mb/sr,

     8.00 deg.: X-S =       0.049453 mb/sr,

     8.50 deg.: X-S =       0.048999 mb/sr,

     9.00 deg.: X-S =       0.048525 mb/sr,

     9.50 deg.: X-S =       0.048031 mb/sr,

    10.00 deg.: X-S =       0.047518 mb/sr,

    10.50 deg.: X-S =       0.046988 mb/sr,

    11.00 deg.: X-S =       0.046440 mb/sr,

    11.50 deg.: X-S =       0.045875 mb/sr,

    12.00 deg.: X-S =       0.045295 mb/sr,

    12.50 deg.: X-S =       0.044699 mb/sr,

    13.00 deg.: X-S =       0.044088 mb/sr,

    13.50 deg.: X-S =       0.043464 mb/sr,

    14.00 deg.: X-S =       0.042825 mb/sr,

    14.50 deg.: X-S =       0.042172 mb/sr,

    15.00 deg.: X-S =       0.041507 mb/sr,

    15.50 deg.: X-S =       0.040828 mb/sr,

    16.00 deg.: X-S =       0.040137 mb/sr,

    16.50 deg.: X-S =       0.039434 mb/sr,

    17.00 deg.: X-S =       0.038719 mb/sr,

    17.50 deg.: X-S =       0.037993 mb/sr,

    18.00 deg.: X-S =       0.037255 mb/sr,

    18.50 deg.: X-S =       0.036507 mb/sr,

    19.00 deg.: X-S =       0.035749 mb/sr,

    19.50 deg.: X-S =       0.034981 mb/sr,

    20.00 deg.: X-S =       0.034205 mb/sr,

    20.50 deg.: X-S =       0.033421 mb/sr,

    21.00 deg.: X-S =       0.032630 mb/sr,

    21.50 deg.: X-S =       0.031832 mb/sr,

    22.00 deg.: X-S =       0.031030 mb/sr,

    22.50 deg.: X-S =       0.030223 mb/sr,

    23.00 deg.: X-S =       0.029414 mb/sr,

    23.50 deg.: X-S =       0.028604 mb/sr,

    24.00 deg.: X-S =       0.027793 mb/sr,

    24.50 deg.: X-S =       0.026983 mb/sr,

    25.00 deg.: X-S =       0.026177 mb/sr,

    25.50 deg.: X-S =       0.025375 mb/sr,

    26.00 deg.: X-S =       0.024579 mb/sr,

    26.50 deg.: X-S =       0.023790 mb/sr,

    27.00 deg.: X-S =       0.023012 mb/sr,

    27.50 deg.: X-S =       0.022244 mb/sr,

    28.00 deg.: X-S =       0.021489 mb/sr,

    28.50 deg.: X-S =       0.020749 mb/sr,

    29.00 deg.: X-S =       0.020024 mb/sr,

    29.50 deg.: X-S =       0.019317 mb/sr,

    30.00 deg.: X-S =       0.018629 mb/sr,

    30.50 deg.: X-S =       0.017962 mb/sr,

    31.00 deg.: X-S =       0.017315 mb/sr,

    31.50 deg.: X-S =       0.016691 mb/sr,

    32.00 deg.: X-S =       0.016090 mb/sr,

    32.50 deg.: X-S =       0.015513 mb/sr,

    33.00 deg.: X-S =       0.014961 mb/sr,

    33.50 deg.: X-S =       0.014433 mb/sr,

    34.00 deg.: X-S =       0.013931 mb/sr,

    34.50 deg.: X-S =       0.013453 mb/sr,

    35.00 deg.: X-S =       0.012999 mb/sr,

    35.50 deg.: X-S =       0.012571 mb/sr,

    36.00 deg.: X-S =       0.012165 mb/sr,

    36.50 deg.: X-S =       0.011783 mb/sr,

    37.00 deg.: X-S =       0.011423 mb/sr,

    37.50 deg.: X-S =       0.011085 mb/sr,

    38.00 deg.: X-S =       0.010766 mb/sr,

    38.50 deg.: X-S =       0.010467 mb/sr,

    39.00 deg.: X-S =       0.010185 mb/sr,

    39.50 deg.: X-S =       0.009920 mb/sr,

    40.00 deg.: X-S =       0.009670 mb/sr,

    40.50 deg.: X-S =       0.009434 mb/sr,

    41.00 deg.: X-S =       0.009210 mb/sr,

    41.50 deg.: X-S =       0.008997 mb/sr,

    42.00 deg.: X-S =       0.008793 mb/sr,

    42.50 deg.: X-S =       0.008598 mb/sr,

    43.00 deg.: X-S =       0.008409 mb/sr,

    43.50 deg.: X-S =       0.008226 mb/sr,

    44.00 deg.: X-S =       0.008048 mb/sr,

    44.50 deg.: X-S =       0.007873 mb/sr,

    45.00 deg.: X-S =       0.007700 mb/sr,

    45.50 deg.: X-S =       0.007529 mb/sr,

    46.00 deg.: X-S =       0.007358 mb/sr,

    46.50 deg.: X-S =       0.007188 mb/sr,

    47.00 deg.: X-S =       0.007017 mb/sr,

    47.50 deg.: X-S =       0.006845 mb/sr,

    48.00 deg.: X-S =       0.006672 mb/sr,

    48.50 deg.: X-S =       0.006498 mb/sr,

    49.00 deg.: X-S =       0.006322 mb/sr,

    49.50 deg.: X-S =       0.006145 mb/sr,

    50.00 deg.: X-S =       0.005966 mb/sr,

    50.50 deg.: X-S =       0.005787 mb/sr,

    51.00 deg.: X-S =       0.005606 mb/sr,

    51.50 deg.: X-S =       0.005426 mb/sr,

    52.00 deg.: X-S =       0.005245 mb/sr,

    52.50 deg.: X-S =       0.005064 mb/sr,

    53.00 deg.: X-S =       0.004885 mb/sr,

    53.50 deg.: X-S =       0.004707 mb/sr,

    54.00 deg.: X-S =       0.004530 mb/sr,

    54.50 deg.: X-S =       0.004357 mb/sr,

    55.00 deg.: X-S =       0.004186 mb/sr,

    55.50 deg.: X-S =       0.004019 mb/sr,

    56.00 deg.: X-S =       0.003856 mb/sr,

    56.50 deg.: X-S =       0.003697 mb/sr,

    57.00 deg.: X-S =       0.003543 mb/sr,

    57.50 deg.: X-S =       0.003395 mb/sr,

    58.00 deg.: X-S =       0.003253 mb/sr,

    58.50 deg.: X-S =       0.003116 mb/sr,

    59.00 deg.: X-S =       0.002986 mb/sr,

    59.50 deg.: X-S =       0.002862 mb/sr,

    60.00 deg.: X-S =       0.002745 mb/sr,

    60.50 deg.: X-S =       0.002635 mb/sr,

    61.00 deg.: X-S =       0.002532 mb/sr,

    61.50 deg.: X-S =       0.002435 mb/sr,

    62.00 deg.: X-S =       0.002346 mb/sr,

    62.50 deg.: X-S =       0.002263 mb/sr,

    63.00 deg.: X-S =       0.002186 mb/sr,

    63.50 deg.: X-S =       0.002116 mb/sr,

    64.00 deg.: X-S =       0.002052 mb/sr,

    64.50 deg.: X-S =       0.001994 mb/sr,

    65.00 deg.: X-S =       0.001942 mb/sr,

    65.50 deg.: X-S =       0.001895 mb/sr,

    66.00 deg.: X-S =       0.001852 mb/sr,

    66.50 deg.: X-S =       0.001814 mb/sr,

    67.00 deg.: X-S =       0.001781 mb/sr,

    67.50 deg.: X-S =       0.001751 mb/sr,

    68.00 deg.: X-S =       0.001725 mb/sr,

    68.50 deg.: X-S =       0.001701 mb/sr,

    69.00 deg.: X-S =       0.001681 mb/sr,

    69.50 deg.: X-S =       0.001663 mb/sr,

    70.00 deg.: X-S =       0.001647 mb/sr,

    70.50 deg.: X-S =       0.001633 mb/sr,

    71.00 deg.: X-S =       0.001620 mb/sr,

    71.50 deg.: X-S =       0.001609 mb/sr,

    72.00 deg.: X-S =       0.001598 mb/sr,

    72.50 deg.: X-S =       0.001589 mb/sr,

    73.00 deg.: X-S =       0.001579 mb/sr,

    73.50 deg.: X-S =       0.001571 mb/sr,

    74.00 deg.: X-S =       0.001562 mb/sr,

    74.50 deg.: X-S =       0.001554 mb/sr,

    75.00 deg.: X-S =       0.001545 mb/sr,

    75.50 deg.: X-S =       0.001537 mb/sr,

    76.00 deg.: X-S =       0.001528 mb/sr,

    76.50 deg.: X-S =       0.001519 mb/sr,

    77.00 deg.: X-S =       0.001510 mb/sr,

    77.50 deg.: X-S =       0.001501 mb/sr,

    78.00 deg.: X-S =       0.001492 mb/sr,

    78.50 deg.: X-S =       0.001483 mb/sr,

    79.00 deg.: X-S =       0.001473 mb/sr,

    79.50 deg.: X-S =       0.001464 mb/sr,

    80.00 deg.: X-S =       0.001454 mb/sr,

    80.50 deg.: X-S =       0.001445 mb/sr,

    81.00 deg.: X-S =       0.001436 mb/sr,

    81.50 deg.: X-S =       0.001427 mb/sr,

    82.00 deg.: X-S =       0.001419 mb/sr,

    82.50 deg.: X-S =       0.001411 mb/sr,

    83.00 deg.: X-S =       0.001404 mb/sr,

    83.50 deg.: X-S =       0.001398 mb/sr,

    84.00 deg.: X-S =       0.001392 mb/sr,

    84.50 deg.: X-S =       0.001386 mb/sr,

    85.00 deg.: X-S =       0.001382 mb/sr,

    85.50 deg.: X-S =       0.001379 mb/sr,

    86.00 deg.: X-S =       0.001376 mb/sr,

    86.50 deg.: X-S =       0.001374 mb/sr,

    87.00 deg.: X-S =       0.001374 mb/sr,

    87.50 deg.: X-S =       0.001374 mb/sr,

    88.00 deg.: X-S =       0.001375 mb/sr,

    88.50 deg.: X-S =       0.001377 mb/sr,

    89.00 deg.: X-S =       0.001380 mb/sr,

    89.50 deg.: X-S =       0.001384 mb/sr,

    90.00 deg.: X-S =       0.001389 mb/sr,

    90.50 deg.: X-S =       0.001395 mb/sr,

    91.00 deg.: X-S =       0.001402 mb/sr,

    91.50 deg.: X-S =       0.001409 mb/sr,

    92.00 deg.: X-S =       0.001417 mb/sr,

    92.50 deg.: X-S =       0.001425 mb/sr,

    93.00 deg.: X-S =       0.001434 mb/sr,

    93.50 deg.: X-S =       0.001443 mb/sr,

    94.00 deg.: X-S =       0.001453 mb/sr,

    94.50 deg.: X-S =       0.001463 mb/sr,

    95.00 deg.: X-S =       0.001473 mb/sr,

    95.50 deg.: X-S =       0.001483 mb/sr,

    96.00 deg.: X-S =       0.001494 mb/sr,

    96.50 deg.: X-S =       0.001504 mb/sr,

    97.00 deg.: X-S =       0.001514 mb/sr,

    97.50 deg.: X-S =       0.001523 mb/sr,

    98.00 deg.: X-S =       0.001533 mb/sr,

    98.50 deg.: X-S =       0.001541 mb/sr,

    99.00 deg.: X-S =       0.001550 mb/sr,

    99.50 deg.: X-S =       0.001558 mb/sr,

   100.00 deg.: X-S =       0.001565 mb/sr,

   100.50 deg.: X-S =       0.001571 mb/sr,

   101.00 deg.: X-S =       0.001577 mb/sr,

   101.50 deg.: X-S =       0.001582 mb/sr,

   102.00 deg.: X-S =       0.001586 mb/sr,

   102.50 deg.: X-S =       0.001590 mb/sr,

   103.00 deg.: X-S =       0.001592 mb/sr,

   103.50 deg.: X-S =       0.001594 mb/sr,

   104.00 deg.: X-S =       0.001595 mb/sr,

   104.50 deg.: X-S =       0.001595 mb/sr,

   105.00 deg.: X-S =       0.001594 mb/sr,

   105.50 deg.: X-S =       0.001592 mb/sr,

   106.00 deg.: X-S =       0.001589 mb/sr,

   106.50 deg.: X-S =       0.001585 mb/sr,

   107.00 deg.: X-S =       0.001580 mb/sr,

   107.50 deg.: X-S =       0.001575 mb/sr,

   108.00 deg.: X-S =       0.001568 mb/sr,

   108.50 deg.: X-S =       0.001561 mb/sr,

   109.00 deg.: X-S =       0.001554 mb/sr,

   109.50 deg.: X-S =       0.001545 mb/sr,

   110.00 deg.: X-S =       0.001536 mb/sr,

   110.50 deg.: X-S =       0.001526 mb/sr,

   111.00 deg.: X-S =       0.001516 mb/sr,

   111.50 deg.: X-S =       0.001505 mb/sr,

   112.00 deg.: X-S =       0.001494 mb/sr,

   112.50 deg.: X-S =       0.001482 mb/sr,

   113.00 deg.: X-S =       0.001470 mb/sr,

   113.50 deg.: X-S =       0.001457 mb/sr,

   114.00 deg.: X-S =       0.001444 mb/sr,

   114.50 deg.: X-S =       0.001431 mb/sr,

   115.00 deg.: X-S =       0.001418 mb/sr,

   115.50 deg.: X-S =       0.001405 mb/sr,

   116.00 deg.: X-S =       0.001391 mb/sr,

   116.50 deg.: X-S =       0.001378 mb/sr,

   117.00 deg.: X-S =       0.001364 mb/sr,

   117.50 deg.: X-S =       0.001350 mb/sr,

   118.00 deg.: X-S =       0.001337 mb/sr,

   118.50 deg.: X-S =       0.001323 mb/sr,

   119.00 deg.: X-S =       0.001310 mb/sr,

   119.50 deg.: X-S =       0.001296 mb/sr,

   120.00 deg.: X-S =       0.001283 mb/sr,

   120.50 deg.: X-S =       0.001269 mb/sr,

   121.00 deg.: X-S =       0.001256 mb/sr,

   121.50 deg.: X-S =       0.001243 mb/sr,

   122.00 deg.: X-S =       0.001230 mb/sr,

   122.50 deg.: X-S =       0.001218 mb/sr,

   123.00 deg.: X-S =       0.001205 mb/sr,

   123.50 deg.: X-S =       0.001193 mb/sr,

   124.00 deg.: X-S =       0.001181 mb/sr,

   124.50 deg.: X-S =       0.001169 mb/sr,

   125.00 deg.: X-S =       0.001158 mb/sr,

   125.50 deg.: X-S =       0.001146 mb/sr,

   126.00 deg.: X-S =       0.001135 mb/sr,

   126.50 deg.: X-S =       0.001124 mb/sr,

   127.00 deg.: X-S =       0.001113 mb/sr,

   127.50 deg.: X-S =       0.001102 mb/sr,

   128.00 deg.: X-S =       0.001092 mb/sr,

   128.50 deg.: X-S =       0.001082 mb/sr,

   129.00 deg.: X-S =       0.001072 mb/sr,

   129.50 deg.: X-S =       0.001062 mb/sr,

   130.00 deg.: X-S =       0.001052 mb/sr,

   130.50 deg.: X-S =       0.001043 mb/sr,

   131.00 deg.: X-S =       0.001034 mb/sr,

   131.50 deg.: X-S =       0.001025 mb/sr,

   132.00 deg.: X-S =       0.001017 mb/sr,

   132.50 deg.: X-S =       0.001009 mb/sr,

   133.00 deg.: X-S =       0.001001 mb/sr,

   133.50 deg.: X-S =       0.000994 mb/sr,

   134.00 deg.: X-S =       0.000987 mb/sr,

   134.50 deg.: X-S =       0.000981 mb/sr,

   135.00 deg.: X-S =       0.000974 mb/sr,

   135.50 deg.: X-S =       0.000969 mb/sr,

   136.00 deg.: X-S =       0.000964 mb/sr,

   136.50 deg.: X-S =       0.000959 mb/sr,

   137.00 deg.: X-S =       0.000955 mb/sr,

   137.50 deg.: X-S =       0.000951 mb/sr,

   138.00 deg.: X-S =       0.000948 mb/sr,

   138.50 deg.: X-S =       0.000946 mb/sr,

   139.00 deg.: X-S =       0.000944 mb/sr,

   139.50 deg.: X-S =       0.000944 mb/sr,

   140.00 deg.: X-S =       0.000943 mb/sr,

   140.50 deg.: X-S =       0.000944 mb/sr,

   141.00 deg.: X-S =       0.000945 mb/sr,

   141.50 deg.: X-S =       0.000947 mb/sr,

   142.00 deg.: X-S =       0.000950 mb/sr,

   142.50 deg.: X-S =       0.000953 mb/sr,

   143.00 deg.: X-S =       0.000958 mb/sr,

   143.50 deg.: X-S =       0.000963 mb/sr,

   144.00 deg.: X-S =       0.000969 mb/sr,

   144.50 deg.: X-S =       0.000976 mb/sr,

   145.00 deg.: X-S =       0.000983 mb/sr,

   145.50 deg.: X-S =       0.000992 mb/sr,

   146.00 deg.: X-S =       0.001001 mb/sr,

   146.50 deg.: X-S =       0.001011 mb/sr,

   147.00 deg.: X-S =       0.001022 mb/sr,

   147.50 deg.: X-S =       0.001033 mb/sr,

   148.00 deg.: X-S =       0.001045 mb/sr,

   148.50 deg.: X-S =       0.001058 mb/sr,

   149.00 deg.: X-S =       0.001071 mb/sr,

   149.50 deg.: X-S =       0.001085 mb/sr,

   150.00 deg.: X-S =       0.001100 mb/sr,

   150.50 deg.: X-S =       0.001115 mb/sr,

   151.00 deg.: X-S =       0.001130 mb/sr,

   151.50 deg.: X-S =       0.001145 mb/sr,

   152.00 deg.: X-S =       0.001161 mb/sr,

   152.50 deg.: X-S =       0.001177 mb/sr,

   153.00 deg.: X-S =       0.001193 mb/sr,

   153.50 deg.: X-S =       0.001210 mb/sr,

   154.00 deg.: X-S =       0.001226 mb/sr,

   154.50 deg.: X-S =       0.001242 mb/sr,

   155.00 deg.: X-S =       0.001258 mb/sr,

   155.50 deg.: X-S =       0.001274 mb/sr,

   156.00 deg.: X-S =       0.001290 mb/sr,

   156.50 deg.: X-S =       0.001305 mb/sr,

   157.00 deg.: X-S =       0.001320 mb/sr,

   157.50 deg.: X-S =       0.001335 mb/sr,

   158.00 deg.: X-S =       0.001348 mb/sr,

   158.50 deg.: X-S =       0.001362 mb/sr,

   159.00 deg.: X-S =       0.001374 mb/sr,

   159.50 deg.: X-S =       0.001386 mb/sr,

   160.00 deg.: X-S =       0.001398 mb/sr,

   160.50 deg.: X-S =       0.001408 mb/sr,

   161.00 deg.: X-S =       0.001418 mb/sr,

   161.50 deg.: X-S =       0.001426 mb/sr,

   162.00 deg.: X-S =       0.001434 mb/sr,

   162.50 deg.: X-S =       0.001441 mb/sr,

   163.00 deg.: X-S =       0.001448 mb/sr,

   163.50 deg.: X-S =       0.001453 mb/sr,

   164.00 deg.: X-S =       0.001457 mb/sr,

   164.50 deg.: X-S =       0.001461 mb/sr,

   165.00 deg.: X-S =       0.001464 mb/sr,

   165.50 deg.: X-S =       0.001465 mb/sr,

   166.00 deg.: X-S =       0.001466 mb/sr,

   166.50 deg.: X-S =       0.001467 mb/sr,

   167.00 deg.: X-S =       0.001466 mb/sr,

   167.50 deg.: X-S =       0.001465 mb/sr,

   168.00 deg.: X-S =       0.001463 mb/sr,

   168.50 deg.: X-S =       0.001461 mb/sr,

   169.00 deg.: X-S =       0.001457 mb/sr,

   169.50 deg.: X-S =       0.001454 mb/sr,

   170.00 deg.: X-S =       0.001450 mb/sr,

   170.50 deg.: X-S =       0.001445 mb/sr,

   171.00 deg.: X-S =       0.001441 mb/sr,

   171.50 deg.: X-S =       0.001436 mb/sr,

   172.00 deg.: X-S =       0.001430 mb/sr,

   172.50 deg.: X-S =       0.001425 mb/sr,

   173.00 deg.: X-S =       0.001420 mb/sr,

   173.50 deg.: X-S =       0.001414 mb/sr,

   174.00 deg.: X-S =       0.001409 mb/sr,

   174.50 deg.: X-S =       0.001404 mb/sr,

   175.00 deg.: X-S =       0.001399 mb/sr,

   175.50 deg.: X-S =       0.001395 mb/sr,

   176.00 deg.: X-S =       0.001391 mb/sr,

   176.50 deg.: X-S =       0.001387 mb/sr,

   177.00 deg.: X-S =       0.001384 mb/sr,

   177.50 deg.: X-S =       0.001381 mb/sr,

   178.00 deg.: X-S =       0.001378 mb/sr,

   178.50 deg.: X-S =       0.001377 mb/sr,

   179.00 deg.: X-S =       0.001375 mb/sr,

   179.50 deg.: X-S =       0.001374 mb/sr,

   180.00 deg.: X-S =       0.001374 mb/sr,

                                           Integrated  5.9643E-02 mb, over [   0.000, 180.000] at    32.0000 MeV 

 CROSS SECTIONS FOR OUTGOING 2H       & 13C_VOLY in state #   1 with spins & parities 1.0  + &  1.5  +;  0

     0.00 deg.: X-S =       0.051876 mb/sr,
+                                         REAC   5.9752E-02 mb

     0.50 deg.: X-S =       0.051858 mb/sr,

     1.00 deg.: X-S =       0.051806 mb/sr,

     1.50 deg.: X-S =       0.051720 mb/sr,

     2.00 deg.: X-S =       0.051599 mb/sr,

     2.50 deg.: X-S =       0.051444 mb/sr,

     3.00 deg.: X-S =       0.051256 mb/sr,

     3.50 deg.: X-S =       0.051035 mb/sr,

     4.00 deg.: X-S =       0.050782 mb/sr,

     4.50 deg.: X-S =       0.050499 mb/sr,

     5.00 deg.: X-S =       0.050185 mb/sr,

     5.50 deg.: X-S =       0.049842 mb/sr,

     6.00 deg.: X-S =       0.049471 mb/sr,

     6.50 deg.: X-S =       0.049073 mb/sr,

     7.00 deg.: X-S =       0.048650 mb/sr,

     7.50 deg.: X-S =       0.048203 mb/sr,

     8.00 deg.: X-S =       0.047734 mb/sr,

     8.50 deg.: X-S =       0.047243 mb/sr,

     9.00 deg.: X-S =       0.046732 mb/sr,

     9.50 deg.: X-S =       0.046203 mb/sr,

    10.00 deg.: X-S =       0.045656 mb/sr,

    10.50 deg.: X-S =       0.045094 mb/sr,

    11.00 deg.: X-S =       0.044518 mb/sr,

    11.50 deg.: X-S =       0.043929 mb/sr,

    12.00 deg.: X-S =       0.043328 mb/sr,

    12.50 deg.: X-S =       0.042717 mb/sr,

    13.00 deg.: X-S =       0.042096 mb/sr,

    13.50 deg.: X-S =       0.041466 mb/sr,

    14.00 deg.: X-S =       0.040829 mb/sr,

    14.50 deg.: X-S =       0.040185 mb/sr,

    15.00 deg.: X-S =       0.039534 mb/sr,

    15.50 deg.: X-S =       0.038878 mb/sr,

    16.00 deg.: X-S =       0.038217 mb/sr,

    16.50 deg.: X-S =       0.037551 mb/sr,

    17.00 deg.: X-S =       0.036881 mb/sr,

    17.50 deg.: X-S =       0.036207 mb/sr,

    18.00 deg.: X-S =       0.035529 mb/sr,

    18.50 deg.: X-S =       0.034848 mb/sr,

    19.00 deg.: X-S =       0.034164 mb/sr,

    19.50 deg.: X-S =       0.033476 mb/sr,

    20.00 deg.: X-S =       0.032786 mb/sr,

    20.50 deg.: X-S =       0.032092 mb/sr,

    21.00 deg.: X-S =       0.031397 mb/sr,

    21.50 deg.: X-S =       0.030699 mb/sr,

    22.00 deg.: X-S =       0.029998 mb/sr,

    22.50 deg.: X-S =       0.029297 mb/sr,

    23.00 deg.: X-S =       0.028594 mb/sr,

    23.50 deg.: X-S =       0.027890 mb/sr,

    24.00 deg.: X-S =       0.027186 mb/sr,

    24.50 deg.: X-S =       0.026483 mb/sr,

    25.00 deg.: X-S =       0.025780 mb/sr,

    25.50 deg.: X-S =       0.025080 mb/sr,

    26.00 deg.: X-S =       0.024382 mb/sr,

    26.50 deg.: X-S =       0.023689 mb/sr,

    27.00 deg.: X-S =       0.023000 mb/sr,

    27.50 deg.: X-S =       0.022318 mb/sr,

    28.00 deg.: X-S =       0.021642 mb/sr,

    28.50 deg.: X-S =       0.020975 mb/sr,

    29.00 deg.: X-S =       0.020317 mb/sr,

    29.50 deg.: X-S =       0.019671 mb/sr,

    30.00 deg.: X-S =       0.019036 mb/sr,

    30.50 deg.: X-S =       0.018414 mb/sr,

    31.00 deg.: X-S =       0.017806 mb/sr,

    31.50 deg.: X-S =       0.017213 mb/sr,

    32.00 deg.: X-S =       0.016637 mb/sr,

    32.50 deg.: X-S =       0.016078 mb/sr,

    33.00 deg.: X-S =       0.015536 mb/sr,

    33.50 deg.: X-S =       0.015013 mb/sr,

    34.00 deg.: X-S =       0.014508 mb/sr,

    34.50 deg.: X-S =       0.014023 mb/sr,

    35.00 deg.: X-S =       0.013557 mb/sr,

    35.50 deg.: X-S =       0.013110 mb/sr,

    36.00 deg.: X-S =       0.012683 mb/sr,

    36.50 deg.: X-S =       0.012276 mb/sr,

    37.00 deg.: X-S =       0.011887 mb/sr,

    37.50 deg.: X-S =       0.011517 mb/sr,

    38.00 deg.: X-S =       0.011165 mb/sr,

    38.50 deg.: X-S =       0.010830 mb/sr,

    39.00 deg.: X-S =       0.010511 mb/sr,

    39.50 deg.: X-S =       0.010209 mb/sr,

    40.00 deg.: X-S =       0.009921 mb/sr,

    40.50 deg.: X-S =       0.009647 mb/sr,

    41.00 deg.: X-S =       0.009385 mb/sr,

    41.50 deg.: X-S =       0.009136 mb/sr,

    42.00 deg.: X-S =       0.008897 mb/sr,

    42.50 deg.: X-S =       0.008668 mb/sr,

    43.00 deg.: X-S =       0.008447 mb/sr,

    43.50 deg.: X-S =       0.008235 mb/sr,

    44.00 deg.: X-S =       0.008028 mb/sr,

    44.50 deg.: X-S =       0.007828 mb/sr,

    45.00 deg.: X-S =       0.007632 mb/sr,

    45.50 deg.: X-S =       0.007440 mb/sr,

    46.00 deg.: X-S =       0.007252 mb/sr,

    46.50 deg.: X-S =       0.007066 mb/sr,

    47.00 deg.: X-S =       0.006883 mb/sr,

    47.50 deg.: X-S =       0.006701 mb/sr,

    48.00 deg.: X-S =       0.006521 mb/sr,

    48.50 deg.: X-S =       0.006342 mb/sr,

    49.00 deg.: X-S =       0.006164 mb/sr,

    49.50 deg.: X-S =       0.005987 mb/sr,

    50.00 deg.: X-S =       0.005811 mb/sr,

    50.50 deg.: X-S =       0.005636 mb/sr,

    51.00 deg.: X-S =       0.005463 mb/sr,

    51.50 deg.: X-S =       0.005290 mb/sr,

    52.00 deg.: X-S =       0.005119 mb/sr,

    52.50 deg.: X-S =       0.004950 mb/sr,

    53.00 deg.: X-S =       0.004784 mb/sr,

    53.50 deg.: X-S =       0.004620 mb/sr,

    54.00 deg.: X-S =       0.004459 mb/sr,

    54.50 deg.: X-S =       0.004301 mb/sr,

    55.00 deg.: X-S =       0.004148 mb/sr,

    55.50 deg.: X-S =       0.003998 mb/sr,

    56.00 deg.: X-S =       0.003853 mb/sr,

    56.50 deg.: X-S =       0.003713 mb/sr,

    57.00 deg.: X-S =       0.003579 mb/sr,

    57.50 deg.: X-S =       0.003449 mb/sr,

    58.00 deg.: X-S =       0.003326 mb/sr,

    58.50 deg.: X-S =       0.003209 mb/sr,

    59.00 deg.: X-S =       0.003097 mb/sr,

    59.50 deg.: X-S =       0.002992 mb/sr,

    60.00 deg.: X-S =       0.002894 mb/sr,

    60.50 deg.: X-S =       0.002802 mb/sr,

    61.00 deg.: X-S =       0.002716 mb/sr,

    61.50 deg.: X-S =       0.002637 mb/sr,

    62.00 deg.: X-S =       0.002563 mb/sr,

    62.50 deg.: X-S =       0.002496 mb/sr,

    63.00 deg.: X-S =       0.002435 mb/sr,

    63.50 deg.: X-S =       0.002380 mb/sr,

    64.00 deg.: X-S =       0.002330 mb/sr,

    64.50 deg.: X-S =       0.002285 mb/sr,

    65.00 deg.: X-S =       0.002244 mb/sr,

    65.50 deg.: X-S =       0.002209 mb/sr,

    66.00 deg.: X-S =       0.002177 mb/sr,

    66.50 deg.: X-S =       0.002149 mb/sr,

    67.00 deg.: X-S =       0.002125 mb/sr,

    67.50 deg.: X-S =       0.002103 mb/sr,

    68.00 deg.: X-S =       0.002085 mb/sr,

    68.50 deg.: X-S =       0.002068 mb/sr,

    69.00 deg.: X-S =       0.002054 mb/sr,

    69.50 deg.: X-S =       0.002041 mb/sr,

    70.00 deg.: X-S =       0.002030 mb/sr,

    70.50 deg.: X-S =       0.002019 mb/sr,

    71.00 deg.: X-S =       0.002009 mb/sr,

    71.50 deg.: X-S =       0.002000 mb/sr,

    72.00 deg.: X-S =       0.001991 mb/sr,

    72.50 deg.: X-S =       0.001982 mb/sr,

    73.00 deg.: X-S =       0.001973 mb/sr,

    73.50 deg.: X-S =       0.001964 mb/sr,

    74.00 deg.: X-S =       0.001954 mb/sr,

    74.50 deg.: X-S =       0.001944 mb/sr,

    75.00 deg.: X-S =       0.001933 mb/sr,

    75.50 deg.: X-S =       0.001921 mb/sr,

    76.00 deg.: X-S =       0.001909 mb/sr,

    76.50 deg.: X-S =       0.001896 mb/sr,

    77.00 deg.: X-S =       0.001882 mb/sr,

    77.50 deg.: X-S =       0.001867 mb/sr,

    78.00 deg.: X-S =       0.001852 mb/sr,

    78.50 deg.: X-S =       0.001836 mb/sr,

    79.00 deg.: X-S =       0.001820 mb/sr,

    79.50 deg.: X-S =       0.001803 mb/sr,

    80.00 deg.: X-S =       0.001786 mb/sr,

    80.50 deg.: X-S =       0.001769 mb/sr,

    81.00 deg.: X-S =       0.001751 mb/sr,

    81.50 deg.: X-S =       0.001734 mb/sr,

    82.00 deg.: X-S =       0.001716 mb/sr,

    82.50 deg.: X-S =       0.001699 mb/sr,

    83.00 deg.: X-S =       0.001682 mb/sr,

    83.50 deg.: X-S =       0.001665 mb/sr,

    84.00 deg.: X-S =       0.001649 mb/sr,

    84.50 deg.: X-S =       0.001633 mb/sr,

    85.00 deg.: X-S =       0.001618 mb/sr,

    85.50 deg.: X-S =       0.001604 mb/sr,

    86.00 deg.: X-S =       0.001590 mb/sr,

    86.50 deg.: X-S =       0.001577 mb/sr,

    87.00 deg.: X-S =       0.001565 mb/sr,

    87.50 deg.: X-S =       0.001554 mb/sr,

    88.00 deg.: X-S =       0.001544 mb/sr,

    88.50 deg.: X-S =       0.001534 mb/sr,

    89.00 deg.: X-S =       0.001526 mb/sr,

    89.50 deg.: X-S =       0.001519 mb/sr,

    90.00 deg.: X-S =       0.001512 mb/sr,

    90.50 deg.: X-S =       0.001506 mb/sr,

    91.00 deg.: X-S =       0.001502 mb/sr,

    91.50 deg.: X-S =       0.001498 mb/sr,

    92.00 deg.: X-S =       0.001495 mb/sr,

    92.50 deg.: X-S =       0.001493 mb/sr,

    93.00 deg.: X-S =       0.001491 mb/sr,

    93.50 deg.: X-S =       0.001490 mb/sr,

    94.00 deg.: X-S =       0.001490 mb/sr,

    94.50 deg.: X-S =       0.001490 mb/sr,

    95.00 deg.: X-S =       0.001491 mb/sr,

    95.50 deg.: X-S =       0.001492 mb/sr,

    96.00 deg.: X-S =       0.001493 mb/sr,

    96.50 deg.: X-S =       0.001495 mb/sr,

    97.00 deg.: X-S =       0.001497 mb/sr,

    97.50 deg.: X-S =       0.001499 mb/sr,

    98.00 deg.: X-S =       0.001501 mb/sr,

    98.50 deg.: X-S =       0.001503 mb/sr,

    99.00 deg.: X-S =       0.001505 mb/sr,

    99.50 deg.: X-S =       0.001507 mb/sr,

   100.00 deg.: X-S =       0.001509 mb/sr,

   100.50 deg.: X-S =       0.001511 mb/sr,

   101.00 deg.: X-S =       0.001512 mb/sr,

   101.50 deg.: X-S =       0.001513 mb/sr,

   102.00 deg.: X-S =       0.001513 mb/sr,

   102.50 deg.: X-S =       0.001514 mb/sr,

   103.00 deg.: X-S =       0.001514 mb/sr,

   103.50 deg.: X-S =       0.001513 mb/sr,

   104.00 deg.: X-S =       0.001512 mb/sr,

   104.50 deg.: X-S =       0.001511 mb/sr,

   105.00 deg.: X-S =       0.001509 mb/sr,

   105.50 deg.: X-S =       0.001506 mb/sr,

   106.00 deg.: X-S =       0.001503 mb/sr,

   106.50 deg.: X-S =       0.001500 mb/sr,

   107.00 deg.: X-S =       0.001496 mb/sr,

   107.50 deg.: X-S =       0.001491 mb/sr,

   108.00 deg.: X-S =       0.001486 mb/sr,

   108.50 deg.: X-S =       0.001481 mb/sr,

   109.00 deg.: X-S =       0.001475 mb/sr,

   109.50 deg.: X-S =       0.001469 mb/sr,

   110.00 deg.: X-S =       0.001462 mb/sr,

   110.50 deg.: X-S =       0.001455 mb/sr,

   111.00 deg.: X-S =       0.001447 mb/sr,

   111.50 deg.: X-S =       0.001440 mb/sr,

   112.00 deg.: X-S =       0.001431 mb/sr,

   112.50 deg.: X-S =       0.001423 mb/sr,

   113.00 deg.: X-S =       0.001414 mb/sr,

   113.50 deg.: X-S =       0.001405 mb/sr,

   114.00 deg.: X-S =       0.001396 mb/sr,

   114.50 deg.: X-S =       0.001386 mb/sr,

   115.00 deg.: X-S =       0.001376 mb/sr,

   115.50 deg.: X-S =       0.001366 mb/sr,

   116.00 deg.: X-S =       0.001356 mb/sr,

   116.50 deg.: X-S =       0.001346 mb/sr,

   117.00 deg.: X-S =       0.001336 mb/sr,

   117.50 deg.: X-S =       0.001325 mb/sr,

   118.00 deg.: X-S =       0.001314 mb/sr,

   118.50 deg.: X-S =       0.001304 mb/sr,

   119.00 deg.: X-S =       0.001293 mb/sr,

   119.50 deg.: X-S =       0.001282 mb/sr,

   120.00 deg.: X-S =       0.001271 mb/sr,

   120.50 deg.: X-S =       0.001260 mb/sr,

   121.00 deg.: X-S =       0.001250 mb/sr,

   121.50 deg.: X-S =       0.001239 mb/sr,

   122.00 deg.: X-S =       0.001228 mb/sr,

   122.50 deg.: X-S =       0.001217 mb/sr,

   123.00 deg.: X-S =       0.001206 mb/sr,

   123.50 deg.: X-S =       0.001195 mb/sr,

   124.00 deg.: X-S =       0.001184 mb/sr,

   124.50 deg.: X-S =       0.001174 mb/sr,

   125.00 deg.: X-S =       0.001163 mb/sr,

   125.50 deg.: X-S =       0.001152 mb/sr,

   126.00 deg.: X-S =       0.001142 mb/sr,

   126.50 deg.: X-S =       0.001131 mb/sr,

   127.00 deg.: X-S =       0.001120 mb/sr,

   127.50 deg.: X-S =       0.001110 mb/sr,

   128.00 deg.: X-S =       0.001100 mb/sr,

   128.50 deg.: X-S =       0.001089 mb/sr,

   129.00 deg.: X-S =       0.001079 mb/sr,

   129.50 deg.: X-S =       0.001069 mb/sr,

   130.00 deg.: X-S =       0.001059 mb/sr,

   130.50 deg.: X-S =       0.001050 mb/sr,

   131.00 deg.: X-S =       0.001040 mb/sr,

   131.50 deg.: X-S =       0.001030 mb/sr,

   132.00 deg.: X-S =       0.001021 mb/sr,

   132.50 deg.: X-S =       0.001012 mb/sr,

   133.00 deg.: X-S =       0.001003 mb/sr,

   133.50 deg.: X-S =       0.000995 mb/sr,

   134.00 deg.: X-S =       0.000987 mb/sr,

   134.50 deg.: X-S =       0.000979 mb/sr,

   135.00 deg.: X-S =       0.000971 mb/sr,

   135.50 deg.: X-S =       0.000964 mb/sr,

   136.00 deg.: X-S =       0.000957 mb/sr,

   136.50 deg.: X-S =       0.000951 mb/sr,

   137.00 deg.: X-S =       0.000945 mb/sr,

   137.50 deg.: X-S =       0.000939 mb/sr,

   138.00 deg.: X-S =       0.000934 mb/sr,

   138.50 deg.: X-S =       0.000929 mb/sr,

   139.00 deg.: X-S =       0.000925 mb/sr,

   139.50 deg.: X-S =       0.000922 mb/sr,

   140.00 deg.: X-S =       0.000919 mb/sr,

   140.50 deg.: X-S =       0.000916 mb/sr,

   141.00 deg.: X-S =       0.000915 mb/sr,

   141.50 deg.: X-S =       0.000913 mb/sr,

   142.00 deg.: X-S =       0.000913 mb/sr,

   142.50 deg.: X-S =       0.000913 mb/sr,

   143.00 deg.: X-S =       0.000914 mb/sr,

   143.50 deg.: X-S =       0.000916 mb/sr,

   144.00 deg.: X-S =       0.000918 mb/sr,

   144.50 deg.: X-S =       0.000922 mb/sr,

   145.00 deg.: X-S =       0.000926 mb/sr,

   145.50 deg.: X-S =       0.000930 mb/sr,

   146.00 deg.: X-S =       0.000936 mb/sr,

   146.50 deg.: X-S =       0.000942 mb/sr,

   147.00 deg.: X-S =       0.000948 mb/sr,

   147.50 deg.: X-S =       0.000956 mb/sr,

   148.00 deg.: X-S =       0.000964 mb/sr,

   148.50 deg.: X-S =       0.000973 mb/sr,

   149.00 deg.: X-S =       0.000982 mb/sr,

   149.50 deg.: X-S =       0.000992 mb/sr,

   150.00 deg.: X-S =       0.001003 mb/sr,

   150.50 deg.: X-S =       0.001014 mb/sr,

   151.00 deg.: X-S =       0.001026 mb/sr,

   151.50 deg.: X-S =       0.001038 mb/sr,

   152.00 deg.: X-S =       0.001050 mb/sr,

   152.50 deg.: X-S =       0.001063 mb/sr,

   153.00 deg.: X-S =       0.001076 mb/sr,

   153.50 deg.: X-S =       0.001089 mb/sr,

   154.00 deg.: X-S =       0.001103 mb/sr,

   154.50 deg.: X-S =       0.001117 mb/sr,

   155.00 deg.: X-S =       0.001131 mb/sr,

   155.50 deg.: X-S =       0.001144 mb/sr,

   156.00 deg.: X-S =       0.001158 mb/sr,

   156.50 deg.: X-S =       0.001172 mb/sr,

   157.00 deg.: X-S =       0.001185 mb/sr,

   157.50 deg.: X-S =       0.001199 mb/sr,

   158.00 deg.: X-S =       0.001212 mb/sr,

   158.50 deg.: X-S =       0.001225 mb/sr,

   159.00 deg.: X-S =       0.001237 mb/sr,

   159.50 deg.: X-S =       0.001249 mb/sr,

   160.00 deg.: X-S =       0.001260 mb/sr,

   160.50 deg.: X-S =       0.001271 mb/sr,

   161.00 deg.: X-S =       0.001281 mb/sr,

   161.50 deg.: X-S =       0.001291 mb/sr,

   162.00 deg.: X-S =       0.001300 mb/sr,

   162.50 deg.: X-S =       0.001309 mb/sr,

   163.00 deg.: X-S =       0.001316 mb/sr,

   163.50 deg.: X-S =       0.001323 mb/sr,

   164.00 deg.: X-S =       0.001330 mb/sr,

   164.50 deg.: X-S =       0.001335 mb/sr,

   165.00 deg.: X-S =       0.001340 mb/sr,

   165.50 deg.: X-S =       0.001345 mb/sr,

   166.00 deg.: X-S =       0.001348 mb/sr,

   166.50 deg.: X-S =       0.001351 mb/sr,

   167.00 deg.: X-S =       0.001353 mb/sr,

   167.50 deg.: X-S =       0.001355 mb/sr,

   168.00 deg.: X-S =       0.001355 mb/sr,

   168.50 deg.: X-S =       0.001356 mb/sr,

   169.00 deg.: X-S =       0.001355 mb/sr,

   169.50 deg.: X-S =       0.001355 mb/sr,

   170.00 deg.: X-S =       0.001353 mb/sr,

   170.50 deg.: X-S =       0.001352 mb/sr,

   171.00 deg.: X-S =       0.001350 mb/sr,

   171.50 deg.: X-S =       0.001347 mb/sr,

   172.00 deg.: X-S =       0.001345 mb/sr,

   172.50 deg.: X-S =       0.001342 mb/sr,

   173.00 deg.: X-S =       0.001339 mb/sr,

   173.50 deg.: X-S =       0.001336 mb/sr,

   174.00 deg.: X-S =       0.001333 mb/sr,

   174.50 deg.: X-S =       0.001330 mb/sr,

   175.00 deg.: X-S =       0.001327 mb/sr,

   175.50 deg.: X-S =       0.001325 mb/sr,

   176.00 deg.: X-S =       0.001322 mb/sr,

   176.50 deg.: X-S =       0.001320 mb/sr,

   177.00 deg.: X-S =       0.001317 mb/sr,

   177.50 deg.: X-S =       0.001316 mb/sr,

   178.00 deg.: X-S =       0.001314 mb/sr,

   178.50 deg.: X-S =       0.001313 mb/sr,

   179.00 deg.: X-S =       0.001312 mb/sr,

   179.50 deg.: X-S =       0.001311 mb/sr,

   180.00 deg.: X-S =       0.001311 mb/sr,

                                           Integrated  5.9750E-02 mb, over [   0.000, 180.000] at    32.0000 MeV 

 CROSS SECTIONS FOR OUTGOING 2H       & 13C_2575 in state #   1 with spins & parities 1.0  + &  1.5  +;  0

     0.00 deg.: X-S =       0.051103 mb/sr,
+                                         REAC   5.9813E-02 mb

     0.50 deg.: X-S =       0.051085 mb/sr,

     1.00 deg.: X-S =       0.051030 mb/sr,

     1.50 deg.: X-S =       0.050938 mb/sr,

     2.00 deg.: X-S =       0.050810 mb/sr,

     2.50 deg.: X-S =       0.050646 mb/sr,

     3.00 deg.: X-S =       0.050447 mb/sr,

     3.50 deg.: X-S =       0.050214 mb/sr,

     4.00 deg.: X-S =       0.049947 mb/sr,

     4.50 deg.: X-S =       0.049647 mb/sr,

     5.00 deg.: X-S =       0.049316 mb/sr,

     5.50 deg.: X-S =       0.048955 mb/sr,

     6.00 deg.: X-S =       0.048564 mb/sr,

     6.50 deg.: X-S =       0.048146 mb/sr,

     7.00 deg.: X-S =       0.047702 mb/sr,

     7.50 deg.: X-S =       0.047234 mb/sr,

     8.00 deg.: X-S =       0.046742 mb/sr,

     8.50 deg.: X-S =       0.046230 mb/sr,

     9.00 deg.: X-S =       0.045698 mb/sr,

     9.50 deg.: X-S =       0.045148 mb/sr,

    10.00 deg.: X-S =       0.044583 mb/sr,

    10.50 deg.: X-S =       0.044003 mb/sr,

    11.00 deg.: X-S =       0.043411 mb/sr,

    11.50 deg.: X-S =       0.042807 mb/sr,

    12.00 deg.: X-S =       0.042195 mb/sr,

    12.50 deg.: X-S =       0.041574 mb/sr,

    13.00 deg.: X-S =       0.040947 mb/sr,

    13.50 deg.: X-S =       0.040315 mb/sr,

    14.00 deg.: X-S =       0.039679 mb/sr,

    14.50 deg.: X-S =       0.039039 mb/sr,

    15.00 deg.: X-S =       0.038398 mb/sr,

    15.50 deg.: X-S =       0.037755 mb/sr,

    16.00 deg.: X-S =       0.037111 mb/sr,

    16.50 deg.: X-S =       0.036466 mb/sr,

    17.00 deg.: X-S =       0.035822 mb/sr,

    17.50 deg.: X-S =       0.035178 mb/sr,

    18.00 deg.: X-S =       0.034535 mb/sr,

    18.50 deg.: X-S =       0.033892 mb/sr,

    19.00 deg.: X-S =       0.033250 mb/sr,

    19.50 deg.: X-S =       0.032609 mb/sr,

    20.00 deg.: X-S =       0.031967 mb/sr,

    20.50 deg.: X-S =       0.031327 mb/sr,

    21.00 deg.: X-S =       0.030686 mb/sr,

    21.50 deg.: X-S =       0.030045 mb/sr,

    22.00 deg.: X-S =       0.029404 mb/sr,

    22.50 deg.: X-S =       0.028762 mb/sr,

    23.00 deg.: X-S =       0.028121 mb/sr,

    23.50 deg.: X-S =       0.027479 mb/sr,

    24.00 deg.: X-S =       0.026836 mb/sr,

    24.50 deg.: X-S =       0.026194 mb/sr,

    25.00 deg.: X-S =       0.025552 mb/sr,

    25.50 deg.: X-S =       0.024910 mb/sr,

    26.00 deg.: X-S =       0.024269 mb/sr,

    26.50 deg.: X-S =       0.023630 mb/sr,

    27.00 deg.: X-S =       0.022994 mb/sr,

    27.50 deg.: X-S =       0.022360 mb/sr,

    28.00 deg.: X-S =       0.021730 mb/sr,

    28.50 deg.: X-S =       0.021105 mb/sr,

    29.00 deg.: X-S =       0.020486 mb/sr,

    29.50 deg.: X-S =       0.019874 mb/sr,

    30.00 deg.: X-S =       0.019269 mb/sr,

    30.50 deg.: X-S =       0.018674 mb/sr,

    31.00 deg.: X-S =       0.018088 mb/sr,

    31.50 deg.: X-S =       0.017514 mb/sr,

    32.00 deg.: X-S =       0.016951 mb/sr,

    32.50 deg.: X-S =       0.016402 mb/sr,

    33.00 deg.: X-S =       0.015867 mb/sr,

    33.50 deg.: X-S =       0.015346 mb/sr,

    34.00 deg.: X-S =       0.014840 mb/sr,

    34.50 deg.: X-S =       0.014351 mb/sr,

    35.00 deg.: X-S =       0.013878 mb/sr,

    35.50 deg.: X-S =       0.013421 mb/sr,

    36.00 deg.: X-S =       0.012982 mb/sr,

    36.50 deg.: X-S =       0.012559 mb/sr,

    37.00 deg.: X-S =       0.012154 mb/sr,

    37.50 deg.: X-S =       0.011766 mb/sr,

    38.00 deg.: X-S =       0.011394 mb/sr,

    38.50 deg.: X-S =       0.011039 mb/sr,

    39.00 deg.: X-S =       0.010699 mb/sr,

    39.50 deg.: X-S =       0.010375 mb/sr,

    40.00 deg.: X-S =       0.010065 mb/sr,

    40.50 deg.: X-S =       0.009769 mb/sr,

    41.00 deg.: X-S =       0.009486 mb/sr,

    41.50 deg.: X-S =       0.009216 mb/sr,

    42.00 deg.: X-S =       0.008957 mb/sr,

    42.50 deg.: X-S =       0.008708 mb/sr,

    43.00 deg.: X-S =       0.008469 mb/sr,

    43.50 deg.: X-S =       0.008239 mb/sr,

    44.00 deg.: X-S =       0.008016 mb/sr,

    44.50 deg.: X-S =       0.007801 mb/sr,

    45.00 deg.: X-S =       0.007592 mb/sr,

    45.50 deg.: X-S =       0.007389 mb/sr,

    46.00 deg.: X-S =       0.007190 mb/sr,

    46.50 deg.: X-S =       0.006996 mb/sr,

    47.00 deg.: X-S =       0.006806 mb/sr,

    47.50 deg.: X-S =       0.006618 mb/sr,

    48.00 deg.: X-S =       0.006434 mb/sr,

    48.50 deg.: X-S =       0.006253 mb/sr,

    49.00 deg.: X-S =       0.006073 mb/sr,

    49.50 deg.: X-S =       0.005897 mb/sr,

    50.00 deg.: X-S =       0.005722 mb/sr,

    50.50 deg.: X-S =       0.005550 mb/sr,

    51.00 deg.: X-S =       0.005380 mb/sr,

    51.50 deg.: X-S =       0.005212 mb/sr,

    52.00 deg.: X-S =       0.005047 mb/sr,

    52.50 deg.: X-S =       0.004885 mb/sr,

    53.00 deg.: X-S =       0.004726 mb/sr,

    53.50 deg.: X-S =       0.004570 mb/sr,

    54.00 deg.: X-S =       0.004418 mb/sr,

    54.50 deg.: X-S =       0.004270 mb/sr,

    55.00 deg.: X-S =       0.004126 mb/sr,

    55.50 deg.: X-S =       0.003987 mb/sr,

    56.00 deg.: X-S =       0.003852 mb/sr,

    56.50 deg.: X-S =       0.003723 mb/sr,

    57.00 deg.: X-S =       0.003599 mb/sr,

    57.50 deg.: X-S =       0.003481 mb/sr,

    58.00 deg.: X-S =       0.003369 mb/sr,

    58.50 deg.: X-S =       0.003262 mb/sr,

    59.00 deg.: X-S =       0.003162 mb/sr,

    59.50 deg.: X-S =       0.003068 mb/sr,

    60.00 deg.: X-S =       0.002980 mb/sr,

    60.50 deg.: X-S =       0.002898 mb/sr,

    61.00 deg.: X-S =       0.002822 mb/sr,

    61.50 deg.: X-S =       0.002753 mb/sr,

    62.00 deg.: X-S =       0.002689 mb/sr,

    62.50 deg.: X-S =       0.002631 mb/sr,

    63.00 deg.: X-S =       0.002579 mb/sr,

    63.50 deg.: X-S =       0.002531 mb/sr,

    64.00 deg.: X-S =       0.002489 mb/sr,

    64.50 deg.: X-S =       0.002452 mb/sr,

    65.00 deg.: X-S =       0.002419 mb/sr,

    65.50 deg.: X-S =       0.002390 mb/sr,

    66.00 deg.: X-S =       0.002364 mb/sr,

    66.50 deg.: X-S =       0.002342 mb/sr,

    67.00 deg.: X-S =       0.002323 mb/sr,

    67.50 deg.: X-S =       0.002306 mb/sr,

    68.00 deg.: X-S =       0.002292 mb/sr,

    68.50 deg.: X-S =       0.002280 mb/sr,

    69.00 deg.: X-S =       0.002269 mb/sr,

    69.50 deg.: X-S =       0.002259 mb/sr,

    70.00 deg.: X-S =       0.002250 mb/sr,

    70.50 deg.: X-S =       0.002242 mb/sr,

    71.00 deg.: X-S =       0.002234 mb/sr,

    71.50 deg.: X-S =       0.002226 mb/sr,

    72.00 deg.: X-S =       0.002217 mb/sr,

    72.50 deg.: X-S =       0.002209 mb/sr,

    73.00 deg.: X-S =       0.002200 mb/sr,

    73.50 deg.: X-S =       0.002190 mb/sr,

    74.00 deg.: X-S =       0.002180 mb/sr,

    74.50 deg.: X-S =       0.002168 mb/sr,

    75.00 deg.: X-S =       0.002156 mb/sr,

    75.50 deg.: X-S =       0.002142 mb/sr,

    76.00 deg.: X-S =       0.002128 mb/sr,

    76.50 deg.: X-S =       0.002112 mb/sr,

    77.00 deg.: X-S =       0.002095 mb/sr,

    77.50 deg.: X-S =       0.002078 mb/sr,

    78.00 deg.: X-S =       0.002059 mb/sr,

    78.50 deg.: X-S =       0.002040 mb/sr,

    79.00 deg.: X-S =       0.002020 mb/sr,

    79.50 deg.: X-S =       0.001999 mb/sr,

    80.00 deg.: X-S =       0.001977 mb/sr,

    80.50 deg.: X-S =       0.001955 mb/sr,

    81.00 deg.: X-S =       0.001933 mb/sr,

    81.50 deg.: X-S =       0.001910 mb/sr,

    82.00 deg.: X-S =       0.001887 mb/sr,

    82.50 deg.: X-S =       0.001865 mb/sr,

    83.00 deg.: X-S =       0.001842 mb/sr,

    83.50 deg.: X-S =       0.001819 mb/sr,

    84.00 deg.: X-S =       0.001797 mb/sr,

    84.50 deg.: X-S =       0.001775 mb/sr,

    85.00 deg.: X-S =       0.001754 mb/sr,

    85.50 deg.: X-S =       0.001733 mb/sr,

    86.00 deg.: X-S =       0.001713 mb/sr,

    86.50 deg.: X-S =       0.001694 mb/sr,

    87.00 deg.: X-S =       0.001675 mb/sr,

    87.50 deg.: X-S =       0.001657 mb/sr,

    88.00 deg.: X-S =       0.001641 mb/sr,

    88.50 deg.: X-S =       0.001625 mb/sr,

    89.00 deg.: X-S =       0.001610 mb/sr,

    89.50 deg.: X-S =       0.001596 mb/sr,

    90.00 deg.: X-S =       0.001583 mb/sr,

    90.50 deg.: X-S =       0.001571 mb/sr,

    91.00 deg.: X-S =       0.001559 mb/sr,

    91.50 deg.: X-S =       0.001549 mb/sr,

    92.00 deg.: X-S =       0.001540 mb/sr,

    92.50 deg.: X-S =       0.001531 mb/sr,

    93.00 deg.: X-S =       0.001524 mb/sr,

    93.50 deg.: X-S =       0.001517 mb/sr,

    94.00 deg.: X-S =       0.001511 mb/sr,

    94.50 deg.: X-S =       0.001506 mb/sr,

    95.00 deg.: X-S =       0.001501 mb/sr,

    95.50 deg.: X-S =       0.001497 mb/sr,

    96.00 deg.: X-S =       0.001493 mb/sr,

    96.50 deg.: X-S =       0.001490 mb/sr,

    97.00 deg.: X-S =       0.001487 mb/sr,

    97.50 deg.: X-S =       0.001485 mb/sr,

    98.00 deg.: X-S =       0.001483 mb/sr,

    98.50 deg.: X-S =       0.001481 mb/sr,

    99.00 deg.: X-S =       0.001479 mb/sr,

    99.50 deg.: X-S =       0.001478 mb/sr,

   100.00 deg.: X-S =       0.001477 mb/sr,

   100.50 deg.: X-S =       0.001475 mb/sr,

   101.00 deg.: X-S =       0.001474 mb/sr,

   101.50 deg.: X-S =       0.001473 mb/sr,

   102.00 deg.: X-S =       0.001471 mb/sr,

   102.50 deg.: X-S =       0.001470 mb/sr,

   103.00 deg.: X-S =       0.001468 mb/sr,

   103.50 deg.: X-S =       0.001466 mb/sr,

   104.00 deg.: X-S =       0.001464 mb/sr,

   104.50 deg.: X-S =       0.001462 mb/sr,

   105.00 deg.: X-S =       0.001460 mb/sr,

   105.50 deg.: X-S =       0.001457 mb/sr,

   106.00 deg.: X-S =       0.001454 mb/sr,

   106.50 deg.: X-S =       0.001451 mb/sr,

   107.00 deg.: X-S =       0.001447 mb/sr,

   107.50 deg.: X-S =       0.001443 mb/sr,

   108.00 deg.: X-S =       0.001439 mb/sr,

   108.50 deg.: X-S =       0.001435 mb/sr,

   109.00 deg.: X-S =       0.001430 mb/sr,

   109.50 deg.: X-S =       0.001425 mb/sr,

   110.00 deg.: X-S =       0.001420 mb/sr,

   110.50 deg.: X-S =       0.001414 mb/sr,

   111.00 deg.: X-S =       0.001408 mb/sr,

   111.50 deg.: X-S =       0.001402 mb/sr,

   112.00 deg.: X-S =       0.001396 mb/sr,

   112.50 deg.: X-S =       0.001389 mb/sr,

   113.00 deg.: X-S =       0.001382 mb/sr,

   113.50 deg.: X-S =       0.001375 mb/sr,

   114.00 deg.: X-S =       0.001367 mb/sr,

   114.50 deg.: X-S =       0.001360 mb/sr,

   115.00 deg.: X-S =       0.001352 mb/sr,

   115.50 deg.: X-S =       0.001344 mb/sr,

   116.00 deg.: X-S =       0.001336 mb/sr,

   116.50 deg.: X-S =       0.001328 mb/sr,

   117.00 deg.: X-S =       0.001319 mb/sr,

   117.50 deg.: X-S =       0.001310 mb/sr,

   118.00 deg.: X-S =       0.001301 mb/sr,

   118.50 deg.: X-S =       0.001292 mb/sr,

   119.00 deg.: X-S =       0.001283 mb/sr,

   119.50 deg.: X-S =       0.001274 mb/sr,

   120.00 deg.: X-S =       0.001265 mb/sr,

   120.50 deg.: X-S =       0.001255 mb/sr,

   121.00 deg.: X-S =       0.001246 mb/sr,

   121.50 deg.: X-S =       0.001236 mb/sr,

   122.00 deg.: X-S =       0.001226 mb/sr,

   122.50 deg.: X-S =       0.001216 mb/sr,

   123.00 deg.: X-S =       0.001206 mb/sr,

   123.50 deg.: X-S =       0.001196 mb/sr,

   124.00 deg.: X-S =       0.001186 mb/sr,

   124.50 deg.: X-S =       0.001176 mb/sr,

   125.00 deg.: X-S =       0.001166 mb/sr,

   125.50 deg.: X-S =       0.001156 mb/sr,

   126.00 deg.: X-S =       0.001145 mb/sr,

   126.50 deg.: X-S =       0.001135 mb/sr,

   127.00 deg.: X-S =       0.001125 mb/sr,

   127.50 deg.: X-S =       0.001114 mb/sr,

   128.00 deg.: X-S =       0.001104 mb/sr,

   128.50 deg.: X-S =       0.001094 mb/sr,

   129.00 deg.: X-S =       0.001084 mb/sr,

   129.50 deg.: X-S =       0.001073 mb/sr,

   130.00 deg.: X-S =       0.001063 mb/sr,

   130.50 deg.: X-S =       0.001053 mb/sr,

   131.00 deg.: X-S =       0.001043 mb/sr,

   131.50 deg.: X-S =       0.001033 mb/sr,

   132.00 deg.: X-S =       0.001024 mb/sr,

   132.50 deg.: X-S =       0.001014 mb/sr,

   133.00 deg.: X-S =       0.001005 mb/sr,

   133.50 deg.: X-S =       0.000996 mb/sr,

   134.00 deg.: X-S =       0.000987 mb/sr,

   134.50 deg.: X-S =       0.000978 mb/sr,

   135.00 deg.: X-S =       0.000969 mb/sr,

   135.50 deg.: X-S =       0.000961 mb/sr,

   136.00 deg.: X-S =       0.000953 mb/sr,

   136.50 deg.: X-S =       0.000946 mb/sr,

   137.00 deg.: X-S =       0.000939 mb/sr,

   137.50 deg.: X-S =       0.000932 mb/sr,

   138.00 deg.: X-S =       0.000925 mb/sr,

   138.50 deg.: X-S =       0.000919 mb/sr,

   139.00 deg.: X-S =       0.000914 mb/sr,

   139.50 deg.: X-S =       0.000909 mb/sr,

   140.00 deg.: X-S =       0.000904 mb/sr,

   140.50 deg.: X-S =       0.000900 mb/sr,

   141.00 deg.: X-S =       0.000897 mb/sr,

   141.50 deg.: X-S =       0.000894 mb/sr,

   142.00 deg.: X-S =       0.000892 mb/sr,

   142.50 deg.: X-S =       0.000890 mb/sr,

   143.00 deg.: X-S =       0.000890 mb/sr,

   143.50 deg.: X-S =       0.000889 mb/sr,

   144.00 deg.: X-S =       0.000890 mb/sr,

   144.50 deg.: X-S =       0.000891 mb/sr,

   145.00 deg.: X-S =       0.000892 mb/sr,

   145.50 deg.: X-S =       0.000895 mb/sr,

   146.00 deg.: X-S =       0.000898 mb/sr,

   146.50 deg.: X-S =       0.000902 mb/sr,

   147.00 deg.: X-S =       0.000906 mb/sr,

   147.50 deg.: X-S =       0.000911 mb/sr,

   148.00 deg.: X-S =       0.000917 mb/sr,

   148.50 deg.: X-S =       0.000924 mb/sr,

   149.00 deg.: X-S =       0.000931 mb/sr,

   149.50 deg.: X-S =       0.000939 mb/sr,

   150.00 deg.: X-S =       0.000947 mb/sr,

   150.50 deg.: X-S =       0.000956 mb/sr,

   151.00 deg.: X-S =       0.000966 mb/sr,

   151.50 deg.: X-S =       0.000976 mb/sr,

   152.00 deg.: X-S =       0.000986 mb/sr,

   152.50 deg.: X-S =       0.000997 mb/sr,

   153.00 deg.: X-S =       0.001008 mb/sr,

   153.50 deg.: X-S =       0.001020 mb/sr,

   154.00 deg.: X-S =       0.001032 mb/sr,

   154.50 deg.: X-S =       0.001044 mb/sr,

   155.00 deg.: X-S =       0.001057 mb/sr,

   155.50 deg.: X-S =       0.001070 mb/sr,

   156.00 deg.: X-S =       0.001082 mb/sr,

   156.50 deg.: X-S =       0.001095 mb/sr,

   157.00 deg.: X-S =       0.001108 mb/sr,

   157.50 deg.: X-S =       0.001121 mb/sr,

   158.00 deg.: X-S =       0.001133 mb/sr,

   158.50 deg.: X-S =       0.001146 mb/sr,

   159.00 deg.: X-S =       0.001158 mb/sr,

   159.50 deg.: X-S =       0.001170 mb/sr,

   160.00 deg.: X-S =       0.001181 mb/sr,

   160.50 deg.: X-S =       0.001192 mb/sr,

   161.00 deg.: X-S =       0.001203 mb/sr,

   161.50 deg.: X-S =       0.001213 mb/sr,

   162.00 deg.: X-S =       0.001223 mb/sr,

   162.50 deg.: X-S =       0.001232 mb/sr,

   163.00 deg.: X-S =       0.001241 mb/sr,

   163.50 deg.: X-S =       0.001249 mb/sr,

   164.00 deg.: X-S =       0.001256 mb/sr,

   164.50 deg.: X-S =       0.001263 mb/sr,

   165.00 deg.: X-S =       0.001269 mb/sr,

   165.50 deg.: X-S =       0.001275 mb/sr,

   166.00 deg.: X-S =       0.001280 mb/sr,

   166.50 deg.: X-S =       0.001284 mb/sr,

   167.00 deg.: X-S =       0.001288 mb/sr,

   167.50 deg.: X-S =       0.001291 mb/sr,

   168.00 deg.: X-S =       0.001293 mb/sr,

   168.50 deg.: X-S =       0.001295 mb/sr,

   169.00 deg.: X-S =       0.001297 mb/sr,

   169.50 deg.: X-S =       0.001298 mb/sr,

   170.00 deg.: X-S =       0.001298 mb/sr,

   170.50 deg.: X-S =       0.001298 mb/sr,

   171.00 deg.: X-S =       0.001297 mb/sr,

   171.50 deg.: X-S =       0.001297 mb/sr,

   172.00 deg.: X-S =       0.001296 mb/sr,

   172.50 deg.: X-S =       0.001294 mb/sr,

   173.00 deg.: X-S =       0.001293 mb/sr,

   173.50 deg.: X-S =       0.001291 mb/sr,

   174.00 deg.: X-S =       0.001289 mb/sr,

   174.50 deg.: X-S =       0.001288 mb/sr,

   175.00 deg.: X-S =       0.001286 mb/sr,

   175.50 deg.: X-S =       0.001284 mb/sr,

   176.00 deg.: X-S =       0.001282 mb/sr,

   176.50 deg.: X-S =       0.001281 mb/sr,

   177.00 deg.: X-S =       0.001279 mb/sr,

   177.50 deg.: X-S =       0.001278 mb/sr,

   178.00 deg.: X-S =       0.001277 mb/sr,

   178.50 deg.: X-S =       0.001276 mb/sr,

   179.00 deg.: X-S =       0.001275 mb/sr,

   179.50 deg.: X-S =       0.001275 mb/sr,

   180.00 deg.: X-S =       0.001275 mb/sr,

                                           Integrated  5.9811E-02 mb, over [   0.000, 180.000] at    32.0000 MeV 

 CROSS SECTIONS FOR OUTGOING 2H       & 13C_5050 in state #   1 with spins & parities 1.0  + &  1.5  +;  0

     0.00 deg.: X-S =       0.047570 mb/sr,
+                                         REAC   6.0084E-02 mb

     0.50 deg.: X-S =       0.047547 mb/sr,

     1.00 deg.: X-S =       0.047478 mb/sr,

     1.50 deg.: X-S =       0.047363 mb/sr,

     2.00 deg.: X-S =       0.047204 mb/sr,

     2.50 deg.: X-S =       0.047000 mb/sr,

     3.00 deg.: X-S =       0.046752 mb/sr,

     3.50 deg.: X-S =       0.046462 mb/sr,

     4.00 deg.: X-S =       0.046130 mb/sr,

     4.50 deg.: X-S =       0.045759 mb/sr,

     5.00 deg.: X-S =       0.045350 mb/sr,

     5.50 deg.: X-S =       0.044905 mb/sr,

     6.00 deg.: X-S =       0.044425 mb/sr,

     6.50 deg.: X-S =       0.043914 mb/sr,

     7.00 deg.: X-S =       0.043374 mb/sr,

     7.50 deg.: X-S =       0.042807 mb/sr,

     8.00 deg.: X-S =       0.042217 mb/sr,

     8.50 deg.: X-S =       0.041606 mb/sr,

     9.00 deg.: X-S =       0.040977 mb/sr,

     9.50 deg.: X-S =       0.040335 mb/sr,

    10.00 deg.: X-S =       0.039681 mb/sr,

    10.50 deg.: X-S =       0.039019 mb/sr,

    11.00 deg.: X-S =       0.038353 mb/sr,

    11.50 deg.: X-S =       0.037686 mb/sr,

    12.00 deg.: X-S =       0.037020 mb/sr,

    12.50 deg.: X-S =       0.036359 mb/sr,

    13.00 deg.: X-S =       0.035705 mb/sr,

    13.50 deg.: X-S =       0.035061 mb/sr,

    14.00 deg.: X-S =       0.034429 mb/sr,

    14.50 deg.: X-S =       0.033812 mb/sr,

    15.00 deg.: X-S =       0.033211 mb/sr,

    15.50 deg.: X-S =       0.032627 mb/sr,

    16.00 deg.: X-S =       0.032062 mb/sr,

    16.50 deg.: X-S =       0.031516 mb/sr,

    17.00 deg.: X-S =       0.030990 mb/sr,

    17.50 deg.: X-S =       0.030484 mb/sr,

    18.00 deg.: X-S =       0.029998 mb/sr,

    18.50 deg.: X-S =       0.029531 mb/sr,

    19.00 deg.: X-S =       0.029082 mb/sr,

    19.50 deg.: X-S =       0.028650 mb/sr,

    20.00 deg.: X-S =       0.028233 mb/sr,

    20.50 deg.: X-S =       0.027831 mb/sr,

    21.00 deg.: X-S =       0.027441 mb/sr,

    21.50 deg.: X-S =       0.027061 mb/sr,

    22.00 deg.: X-S =       0.026689 mb/sr,

    22.50 deg.: X-S =       0.026323 mb/sr,

    23.00 deg.: X-S =       0.025961 mb/sr,

    23.50 deg.: X-S =       0.025600 mb/sr,

    24.00 deg.: X-S =       0.025239 mb/sr,

    24.50 deg.: X-S =       0.024876 mb/sr,

    25.00 deg.: X-S =       0.024508 mb/sr,

    25.50 deg.: X-S =       0.024134 mb/sr,

    26.00 deg.: X-S =       0.023753 mb/sr,

    26.50 deg.: X-S =       0.023363 mb/sr,

    27.00 deg.: X-S =       0.022963 mb/sr,

    27.50 deg.: X-S =       0.022552 mb/sr,

    28.00 deg.: X-S =       0.022131 mb/sr,

    28.50 deg.: X-S =       0.021698 mb/sr,

    29.00 deg.: X-S =       0.021254 mb/sr,

    29.50 deg.: X-S =       0.020799 mb/sr,

    30.00 deg.: X-S =       0.020333 mb/sr,

    30.50 deg.: X-S =       0.019858 mb/sr,

    31.00 deg.: X-S =       0.019374 mb/sr,

    31.50 deg.: X-S =       0.018882 mb/sr,

    32.00 deg.: X-S =       0.018383 mb/sr,

    32.50 deg.: X-S =       0.017880 mb/sr,

    33.00 deg.: X-S =       0.017373 mb/sr,

    33.50 deg.: X-S =       0.016863 mb/sr,

    34.00 deg.: X-S =       0.016353 mb/sr,

    34.50 deg.: X-S =       0.015845 mb/sr,

    35.00 deg.: X-S =       0.015338 mb/sr,

    35.50 deg.: X-S =       0.014836 mb/sr,

    36.00 deg.: X-S =       0.014340 mb/sr,

    36.50 deg.: X-S =       0.013851 mb/sr,

    37.00 deg.: X-S =       0.013370 mb/sr,

    37.50 deg.: X-S =       0.012899 mb/sr,

    38.00 deg.: X-S =       0.012438 mb/sr,

    38.50 deg.: X-S =       0.011989 mb/sr,

    39.00 deg.: X-S =       0.011553 mb/sr,

    39.50 deg.: X-S =       0.011129 mb/sr,

    40.00 deg.: X-S =       0.010720 mb/sr,

    40.50 deg.: X-S =       0.010325 mb/sr,

    41.00 deg.: X-S =       0.009944 mb/sr,

    41.50 deg.: X-S =       0.009577 mb/sr,

    42.00 deg.: X-S =       0.009226 mb/sr,

    42.50 deg.: X-S =       0.008888 mb/sr,

    43.00 deg.: X-S =       0.008565 mb/sr,

    43.50 deg.: X-S =       0.008256 mb/sr,

    44.00 deg.: X-S =       0.007961 mb/sr,

    44.50 deg.: X-S =       0.007679 mb/sr,

    45.00 deg.: X-S =       0.007410 mb/sr,

    45.50 deg.: X-S =       0.007153 mb/sr,

    46.00 deg.: X-S =       0.006908 mb/sr,

    46.50 deg.: X-S =       0.006675 mb/sr,

    47.00 deg.: X-S =       0.006452 mb/sr,

    47.50 deg.: X-S =       0.006239 mb/sr,

    48.00 deg.: X-S =       0.006036 mb/sr,

    48.50 deg.: X-S =       0.005843 mb/sr,

    49.00 deg.: X-S =       0.005658 mb/sr,

    49.50 deg.: X-S =       0.005482 mb/sr,

    50.00 deg.: X-S =       0.005314 mb/sr,

    50.50 deg.: X-S =       0.005153 mb/sr,

    51.00 deg.: X-S =       0.005001 mb/sr,

    51.50 deg.: X-S =       0.004855 mb/sr,

    52.00 deg.: X-S =       0.004717 mb/sr,

    52.50 deg.: X-S =       0.004585 mb/sr,

    53.00 deg.: X-S =       0.004460 mb/sr,

    53.50 deg.: X-S =       0.004342 mb/sr,

    54.00 deg.: X-S =       0.004231 mb/sr,

    54.50 deg.: X-S =       0.004125 mb/sr,

    55.00 deg.: X-S =       0.004027 mb/sr,

    55.50 deg.: X-S =       0.003934 mb/sr,

    56.00 deg.: X-S =       0.003848 mb/sr,

    56.50 deg.: X-S =       0.003767 mb/sr,

    57.00 deg.: X-S =       0.003693 mb/sr,

    57.50 deg.: X-S =       0.003625 mb/sr,

    58.00 deg.: X-S =       0.003563 mb/sr,

    58.50 deg.: X-S =       0.003507 mb/sr,

    59.00 deg.: X-S =       0.003456 mb/sr,

    59.50 deg.: X-S =       0.003411 mb/sr,

    60.00 deg.: X-S =       0.003371 mb/sr,

    60.50 deg.: X-S =       0.003337 mb/sr,

    61.00 deg.: X-S =       0.003307 mb/sr,

    61.50 deg.: X-S =       0.003283 mb/sr,

    62.00 deg.: X-S =       0.003262 mb/sr,

    62.50 deg.: X-S =       0.003246 mb/sr,

    63.00 deg.: X-S =       0.003233 mb/sr,

    63.50 deg.: X-S =       0.003224 mb/sr,

    64.00 deg.: X-S =       0.003219 mb/sr,

    64.50 deg.: X-S =       0.003215 mb/sr,

    65.00 deg.: X-S =       0.003215 mb/sr,

    65.50 deg.: X-S =       0.003216 mb/sr,

    66.00 deg.: X-S =       0.003219 mb/sr,

    66.50 deg.: X-S =       0.003223 mb/sr,

    67.00 deg.: X-S =       0.003228 mb/sr,

    67.50 deg.: X-S =       0.003233 mb/sr,

    68.00 deg.: X-S =       0.003239 mb/sr,

    68.50 deg.: X-S =       0.003244 mb/sr,

    69.00 deg.: X-S =       0.003249 mb/sr,

    69.50 deg.: X-S =       0.003252 mb/sr,

    70.00 deg.: X-S =       0.003255 mb/sr,

    70.50 deg.: X-S =       0.003256 mb/sr,

    71.00 deg.: X-S =       0.003256 mb/sr,

    71.50 deg.: X-S =       0.003254 mb/sr,

    72.00 deg.: X-S =       0.003249 mb/sr,

    72.50 deg.: X-S =       0.003243 mb/sr,

    73.00 deg.: X-S =       0.003234 mb/sr,

    73.50 deg.: X-S =       0.003222 mb/sr,

    74.00 deg.: X-S =       0.003208 mb/sr,

    74.50 deg.: X-S =       0.003191 mb/sr,

    75.00 deg.: X-S =       0.003172 mb/sr,

    75.50 deg.: X-S =       0.003150 mb/sr,

    76.00 deg.: X-S =       0.003126 mb/sr,

    76.50 deg.: X-S =       0.003099 mb/sr,

    77.00 deg.: X-S =       0.003070 mb/sr,

    77.50 deg.: X-S =       0.003038 mb/sr,

    78.00 deg.: X-S =       0.003004 mb/sr,

    78.50 deg.: X-S =       0.002967 mb/sr,

    79.00 deg.: X-S =       0.002929 mb/sr,

    79.50 deg.: X-S =       0.002889 mb/sr,

    80.00 deg.: X-S =       0.002847 mb/sr,

    80.50 deg.: X-S =       0.002804 mb/sr,

    81.00 deg.: X-S =       0.002759 mb/sr,

    81.50 deg.: X-S =       0.002713 mb/sr,

    82.00 deg.: X-S =       0.002666 mb/sr,

    82.50 deg.: X-S =       0.002618 mb/sr,

    83.00 deg.: X-S =       0.002570 mb/sr,

    83.50 deg.: X-S =       0.002521 mb/sr,

    84.00 deg.: X-S =       0.002471 mb/sr,

    84.50 deg.: X-S =       0.002422 mb/sr,

    85.00 deg.: X-S =       0.002372 mb/sr,

    85.50 deg.: X-S =       0.002323 mb/sr,

    86.00 deg.: X-S =       0.002273 mb/sr,

    86.50 deg.: X-S =       0.002224 mb/sr,

    87.00 deg.: X-S =       0.002176 mb/sr,

    87.50 deg.: X-S =       0.002129 mb/sr,

    88.00 deg.: X-S =       0.002082 mb/sr,

    88.50 deg.: X-S =       0.002036 mb/sr,

    89.00 deg.: X-S =       0.001990 mb/sr,

    89.50 deg.: X-S =       0.001946 mb/sr,

    90.00 deg.: X-S =       0.001903 mb/sr,

    90.50 deg.: X-S =       0.001862 mb/sr,

    91.00 deg.: X-S =       0.001821 mb/sr,

    91.50 deg.: X-S =       0.001782 mb/sr,

    92.00 deg.: X-S =       0.001744 mb/sr,

    92.50 deg.: X-S =       0.001707 mb/sr,

    93.00 deg.: X-S =       0.001672 mb/sr,

    93.50 deg.: X-S =       0.001638 mb/sr,

    94.00 deg.: X-S =       0.001606 mb/sr,

    94.50 deg.: X-S =       0.001575 mb/sr,

    95.00 deg.: X-S =       0.001546 mb/sr,

    95.50 deg.: X-S =       0.001518 mb/sr,

    96.00 deg.: X-S =       0.001491 mb/sr,

    96.50 deg.: X-S =       0.001466 mb/sr,

    97.00 deg.: X-S =       0.001442 mb/sr,

    97.50 deg.: X-S =       0.001420 mb/sr,

    98.00 deg.: X-S =       0.001399 mb/sr,

    98.50 deg.: X-S =       0.001380 mb/sr,

    99.00 deg.: X-S =       0.001362 mb/sr,

    99.50 deg.: X-S =       0.001345 mb/sr,

   100.00 deg.: X-S =       0.001329 mb/sr,

   100.50 deg.: X-S =       0.001315 mb/sr,

   101.00 deg.: X-S =       0.001302 mb/sr,

   101.50 deg.: X-S =       0.001290 mb/sr,

   102.00 deg.: X-S =       0.001279 mb/sr,

   102.50 deg.: X-S =       0.001270 mb/sr,

   103.00 deg.: X-S =       0.001261 mb/sr,

   103.50 deg.: X-S =       0.001253 mb/sr,

   104.00 deg.: X-S =       0.001247 mb/sr,

   104.50 deg.: X-S =       0.001241 mb/sr,

   105.00 deg.: X-S =       0.001237 mb/sr,

   105.50 deg.: X-S =       0.001233 mb/sr,

   106.00 deg.: X-S =       0.001230 mb/sr,

   106.50 deg.: X-S =       0.001227 mb/sr,

   107.00 deg.: X-S =       0.001225 mb/sr,

   107.50 deg.: X-S =       0.001224 mb/sr,

   108.00 deg.: X-S =       0.001224 mb/sr,

   108.50 deg.: X-S =       0.001224 mb/sr,

   109.00 deg.: X-S =       0.001224 mb/sr,

   109.50 deg.: X-S =       0.001225 mb/sr,

   110.00 deg.: X-S =       0.001226 mb/sr,

   110.50 deg.: X-S =       0.001227 mb/sr,

   111.00 deg.: X-S =       0.001229 mb/sr,

   111.50 deg.: X-S =       0.001230 mb/sr,

   112.00 deg.: X-S =       0.001232 mb/sr,

   112.50 deg.: X-S =       0.001234 mb/sr,

   113.00 deg.: X-S =       0.001236 mb/sr,

   113.50 deg.: X-S =       0.001237 mb/sr,

   114.00 deg.: X-S =       0.001239 mb/sr,

   114.50 deg.: X-S =       0.001241 mb/sr,

   115.00 deg.: X-S =       0.001242 mb/sr,

   115.50 deg.: X-S =       0.001243 mb/sr,

   116.00 deg.: X-S =       0.001243 mb/sr,

   116.50 deg.: X-S =       0.001244 mb/sr,

   117.00 deg.: X-S =       0.001244 mb/sr,

   117.50 deg.: X-S =       0.001243 mb/sr,

   118.00 deg.: X-S =       0.001243 mb/sr,

   118.50 deg.: X-S =       0.001241 mb/sr,

   119.00 deg.: X-S =       0.001240 mb/sr,

   119.50 deg.: X-S =       0.001237 mb/sr,

   120.00 deg.: X-S =       0.001235 mb/sr,

   120.50 deg.: X-S =       0.001231 mb/sr,

   121.00 deg.: X-S =       0.001228 mb/sr,

   121.50 deg.: X-S =       0.001223 mb/sr,

   122.00 deg.: X-S =       0.001218 mb/sr,

   122.50 deg.: X-S =       0.001213 mb/sr,

   123.00 deg.: X-S =       0.001207 mb/sr,

   123.50 deg.: X-S =       0.001201 mb/sr,

   124.00 deg.: X-S =       0.001194 mb/sr,

   124.50 deg.: X-S =       0.001187 mb/sr,

   125.00 deg.: X-S =       0.001179 mb/sr,

   125.50 deg.: X-S =       0.001171 mb/sr,

   126.00 deg.: X-S =       0.001162 mb/sr,

   126.50 deg.: X-S =       0.001153 mb/sr,

   127.00 deg.: X-S =       0.001144 mb/sr,

   127.50 deg.: X-S =       0.001134 mb/sr,

   128.00 deg.: X-S =       0.001124 mb/sr,

   128.50 deg.: X-S =       0.001114 mb/sr,

   129.00 deg.: X-S =       0.001103 mb/sr,

   129.50 deg.: X-S =       0.001092 mb/sr,

   130.00 deg.: X-S =       0.001081 mb/sr,

   130.50 deg.: X-S =       0.001069 mb/sr,

   131.00 deg.: X-S =       0.001058 mb/sr,

   131.50 deg.: X-S =       0.001046 mb/sr,

   132.00 deg.: X-S =       0.001034 mb/sr,

   132.50 deg.: X-S =       0.001022 mb/sr,

   133.00 deg.: X-S =       0.001010 mb/sr,

   133.50 deg.: X-S =       0.000998 mb/sr,

   134.00 deg.: X-S =       0.000986 mb/sr,

   134.50 deg.: X-S =       0.000973 mb/sr,

   135.00 deg.: X-S =       0.000961 mb/sr,

   135.50 deg.: X-S =       0.000948 mb/sr,

   136.00 deg.: X-S =       0.000936 mb/sr,

   136.50 deg.: X-S =       0.000924 mb/sr,

   137.00 deg.: X-S =       0.000912 mb/sr,

   137.50 deg.: X-S =       0.000899 mb/sr,

   138.00 deg.: X-S =       0.000887 mb/sr,

   138.50 deg.: X-S =       0.000875 mb/sr,

   139.00 deg.: X-S =       0.000863 mb/sr,

   139.50 deg.: X-S =       0.000852 mb/sr,

   140.00 deg.: X-S =       0.000840 mb/sr,

   140.50 deg.: X-S =       0.000829 mb/sr,

   141.00 deg.: X-S =       0.000818 mb/sr,

   141.50 deg.: X-S =       0.000807 mb/sr,

   142.00 deg.: X-S =       0.000796 mb/sr,

   142.50 deg.: X-S =       0.000786 mb/sr,

   143.00 deg.: X-S =       0.000776 mb/sr,

   143.50 deg.: X-S =       0.000767 mb/sr,

   144.00 deg.: X-S =       0.000758 mb/sr,

   144.50 deg.: X-S =       0.000749 mb/sr,

   145.00 deg.: X-S =       0.000741 mb/sr,

   145.50 deg.: X-S =       0.000734 mb/sr,

   146.00 deg.: X-S =       0.000727 mb/sr,

   146.50 deg.: X-S =       0.000720 mb/sr,

   147.00 deg.: X-S =       0.000714 mb/sr,

   147.50 deg.: X-S =       0.000709 mb/sr,

   148.00 deg.: X-S =       0.000704 mb/sr,

   148.50 deg.: X-S =       0.000700 mb/sr,

   149.00 deg.: X-S =       0.000697 mb/sr,

   149.50 deg.: X-S =       0.000695 mb/sr,

   150.00 deg.: X-S =       0.000693 mb/sr,

   150.50 deg.: X-S =       0.000692 mb/sr,

   151.00 deg.: X-S =       0.000692 mb/sr,

   151.50 deg.: X-S =       0.000693 mb/sr,

   152.00 deg.: X-S =       0.000695 mb/sr,

   152.50 deg.: X-S =       0.000697 mb/sr,

   153.00 deg.: X-S =       0.000701 mb/sr,

   153.50 deg.: X-S =       0.000705 mb/sr,

   154.00 deg.: X-S =       0.000710 mb/sr,

   154.50 deg.: X-S =       0.000715 mb/sr,

   155.00 deg.: X-S =       0.000722 mb/sr,

   155.50 deg.: X-S =       0.000729 mb/sr,

   156.00 deg.: X-S =       0.000737 mb/sr,

   156.50 deg.: X-S =       0.000745 mb/sr,

   157.00 deg.: X-S =       0.000755 mb/sr,

   157.50 deg.: X-S =       0.000765 mb/sr,

   158.00 deg.: X-S =       0.000775 mb/sr,

   158.50 deg.: X-S =       0.000786 mb/sr,

   159.00 deg.: X-S =       0.000797 mb/sr,

   159.50 deg.: X-S =       0.000809 mb/sr,

   160.00 deg.: X-S =       0.000821 mb/sr,

   160.50 deg.: X-S =       0.000833 mb/sr,

   161.00 deg.: X-S =       0.000845 mb/sr,

   161.50 deg.: X-S =       0.000858 mb/sr,

   162.00 deg.: X-S =       0.000871 mb/sr,

   162.50 deg.: X-S =       0.000883 mb/sr,

   163.00 deg.: X-S =       0.000896 mb/sr,

   163.50 deg.: X-S =       0.000909 mb/sr,

   164.00 deg.: X-S =       0.000921 mb/sr,

   164.50 deg.: X-S =       0.000933 mb/sr,

   165.00 deg.: X-S =       0.000945 mb/sr,

   165.50 deg.: X-S =       0.000957 mb/sr,

   166.00 deg.: X-S =       0.000969 mb/sr,

   166.50 deg.: X-S =       0.000980 mb/sr,

   167.00 deg.: X-S =       0.000990 mb/sr,

   167.50 deg.: X-S =       0.001001 mb/sr,

   168.00 deg.: X-S =       0.001010 mb/sr,

   168.50 deg.: X-S =       0.001020 mb/sr,

   169.00 deg.: X-S =       0.001028 mb/sr,

   169.50 deg.: X-S =       0.001037 mb/sr,

   170.00 deg.: X-S =       0.001044 mb/sr,

   170.50 deg.: X-S =       0.001052 mb/sr,

   171.00 deg.: X-S =       0.001058 mb/sr,

   171.50 deg.: X-S =       0.001064 mb/sr,

   172.00 deg.: X-S =       0.001070 mb/sr,

   172.50 deg.: X-S =       0.001075 mb/sr,

   173.00 deg.: X-S =       0.001080 mb/sr,

   173.50 deg.: X-S =       0.001085 mb/sr,

   174.00 deg.: X-S =       0.001088 mb/sr,

   174.50 deg.: X-S =       0.001092 mb/sr,

   175.00 deg.: X-S =       0.001095 mb/sr,

   175.50 deg.: X-S =       0.001098 mb/sr,

   176.00 deg.: X-S =       0.001100 mb/sr,

   176.50 deg.: X-S =       0.001102 mb/sr,

   177.00 deg.: X-S =       0.001104 mb/sr,

   177.50 deg.: X-S =       0.001106 mb/sr,

   178.00 deg.: X-S =       0.001107 mb/sr,

   178.50 deg.: X-S =       0.001108 mb/sr,

   179.00 deg.: X-S =       0.001108 mb/sr,

   179.50 deg.: X-S =       0.001109 mb/sr,

   180.00 deg.: X-S =       0.001109 mb/sr,

                                           Integrated  6.0082E-02 mb, over [   0.000, 180.000] at    32.0000 MeV 

 CROSS SECTIONS FOR OUTGOING 2H       & 13C_7525 in state #   1 with spins & parities 1.0  + &  1.5  +;  0

     0.00 deg.: X-S =       0.044031 mb/sr,
+                                         REAC   6.0347E-02 mb

     0.50 deg.: X-S =       0.044003 mb/sr,

     1.00 deg.: X-S =       0.043920 mb/sr,

     1.50 deg.: X-S =       0.043783 mb/sr,

     2.00 deg.: X-S =       0.043591 mb/sr,

     2.50 deg.: X-S =       0.043346 mb/sr,

     3.00 deg.: X-S =       0.043050 mb/sr,

     3.50 deg.: X-S =       0.042702 mb/sr,

     4.00 deg.: X-S =       0.042306 mb/sr,

     4.50 deg.: X-S =       0.041863 mb/sr,

     5.00 deg.: X-S =       0.041375 mb/sr,

     5.50 deg.: X-S =       0.040846 mb/sr,

     6.00 deg.: X-S =       0.040277 mb/sr,

     6.50 deg.: X-S =       0.039673 mb/sr,

     7.00 deg.: X-S =       0.039037 mb/sr,

     7.50 deg.: X-S =       0.038372 mb/sr,

     8.00 deg.: X-S =       0.037683 mb/sr,

     8.50 deg.: X-S =       0.036974 mb/sr,

     9.00 deg.: X-S =       0.036250 mb/sr,

     9.50 deg.: X-S =       0.035514 mb/sr,

    10.00 deg.: X-S =       0.034773 mb/sr,

    10.50 deg.: X-S =       0.034030 mb/sr,

    11.00 deg.: X-S =       0.033290 mb/sr,

    11.50 deg.: X-S =       0.032558 mb/sr,

    12.00 deg.: X-S =       0.031839 mb/sr,

    12.50 deg.: X-S =       0.031137 mb/sr,

    13.00 deg.: X-S =       0.030457 mb/sr,

    13.50 deg.: X-S =       0.029801 mb/sr,

    14.00 deg.: X-S =       0.029174 mb/sr,

    14.50 deg.: X-S =       0.028579 mb/sr,

    15.00 deg.: X-S =       0.028018 mb/sr,

    15.50 deg.: X-S =       0.027494 mb/sr,

    16.00 deg.: X-S =       0.027008 mb/sr,

    16.50 deg.: X-S =       0.026561 mb/sr,

    17.00 deg.: X-S =       0.026153 mb/sr,

    17.50 deg.: X-S =       0.025785 mb/sr,

    18.00 deg.: X-S =       0.025456 mb/sr,

    18.50 deg.: X-S =       0.025165 mb/sr,

    19.00 deg.: X-S =       0.024909 mb/sr,

    19.50 deg.: X-S =       0.024687 mb/sr,

    20.00 deg.: X-S =       0.024496 mb/sr,

    20.50 deg.: X-S =       0.024333 mb/sr,

    21.00 deg.: X-S =       0.024194 mb/sr,

    21.50 deg.: X-S =       0.024075 mb/sr,

    22.00 deg.: X-S =       0.023972 mb/sr,

    22.50 deg.: X-S =       0.023882 mb/sr,

    23.00 deg.: X-S =       0.023799 mb/sr,

    23.50 deg.: X-S =       0.023720 mb/sr,

    24.00 deg.: X-S =       0.023640 mb/sr,

    24.50 deg.: X-S =       0.023555 mb/sr,

    25.00 deg.: X-S =       0.023462 mb/sr,

    25.50 deg.: X-S =       0.023356 mb/sr,

    26.00 deg.: X-S =       0.023233 mb/sr,

    26.50 deg.: X-S =       0.023092 mb/sr,

    27.00 deg.: X-S =       0.022929 mb/sr,

    27.50 deg.: X-S =       0.022742 mb/sr,

    28.00 deg.: X-S =       0.022529 mb/sr,

    28.50 deg.: X-S =       0.022288 mb/sr,

    29.00 deg.: X-S =       0.022019 mb/sr,

    29.50 deg.: X-S =       0.021722 mb/sr,

    30.00 deg.: X-S =       0.021395 mb/sr,

    30.50 deg.: X-S =       0.021040 mb/sr,

    31.00 deg.: X-S =       0.020657 mb/sr,

    31.50 deg.: X-S =       0.020248 mb/sr,

    32.00 deg.: X-S =       0.019813 mb/sr,

    32.50 deg.: X-S =       0.019356 mb/sr,

    33.00 deg.: X-S =       0.018877 mb/sr,

    33.50 deg.: X-S =       0.018379 mb/sr,

    34.00 deg.: X-S =       0.017864 mb/sr,

    34.50 deg.: X-S =       0.017336 mb/sr,

    35.00 deg.: X-S =       0.016797 mb/sr,

    35.50 deg.: X-S =       0.016249 mb/sr,

    36.00 deg.: X-S =       0.015695 mb/sr,

    36.50 deg.: X-S =       0.015139 mb/sr,

    37.00 deg.: X-S =       0.014582 mb/sr,

    37.50 deg.: X-S =       0.014028 mb/sr,

    38.00 deg.: X-S =       0.013479 mb/sr,

    38.50 deg.: X-S =       0.012936 mb/sr,

    39.00 deg.: X-S =       0.012403 mb/sr,

    39.50 deg.: X-S =       0.011881 mb/sr,

    40.00 deg.: X-S =       0.011372 mb/sr,

    40.50 deg.: X-S =       0.010878 mb/sr,

    41.00 deg.: X-S =       0.010399 mb/sr,

    41.50 deg.: X-S =       0.009936 mb/sr,

    42.00 deg.: X-S =       0.009492 mb/sr,

    42.50 deg.: X-S =       0.009066 mb/sr,

    43.00 deg.: X-S =       0.008659 mb/sr,

    43.50 deg.: X-S =       0.008272 mb/sr,

    44.00 deg.: X-S =       0.007904 mb/sr,

    44.50 deg.: X-S =       0.007555 mb/sr,

    45.00 deg.: X-S =       0.007226 mb/sr,

    45.50 deg.: X-S =       0.006916 mb/sr,

    46.00 deg.: X-S =       0.006624 mb/sr,

    46.50 deg.: X-S =       0.006351 mb/sr,

    47.00 deg.: X-S =       0.006096 mb/sr,

    47.50 deg.: X-S =       0.005858 mb/sr,

    48.00 deg.: X-S =       0.005637 mb/sr,

    48.50 deg.: X-S =       0.005431 mb/sr,

    49.00 deg.: X-S =       0.005241 mb/sr,

    49.50 deg.: X-S =       0.005066 mb/sr,

    50.00 deg.: X-S =       0.004905 mb/sr,

    50.50 deg.: X-S =       0.004757 mb/sr,

    51.00 deg.: X-S =       0.004621 mb/sr,

    51.50 deg.: X-S =       0.004498 mb/sr,

    52.00 deg.: X-S =       0.004387 mb/sr,

    52.50 deg.: X-S =       0.004286 mb/sr,

    53.00 deg.: X-S =       0.004195 mb/sr,

    53.50 deg.: X-S =       0.004115 mb/sr,

    54.00 deg.: X-S =       0.004044 mb/sr,

    54.50 deg.: X-S =       0.003981 mb/sr,

    55.00 deg.: X-S =       0.003928 mb/sr,

    55.50 deg.: X-S =       0.003882 mb/sr,

    56.00 deg.: X-S =       0.003843 mb/sr,

    56.50 deg.: X-S =       0.003812 mb/sr,

    57.00 deg.: X-S =       0.003788 mb/sr,

    57.50 deg.: X-S =       0.003770 mb/sr,

    58.00 deg.: X-S =       0.003759 mb/sr,

    58.50 deg.: X-S =       0.003753 mb/sr,

    59.00 deg.: X-S =       0.003752 mb/sr,

    59.50 deg.: X-S =       0.003756 mb/sr,

    60.00 deg.: X-S =       0.003765 mb/sr,

    60.50 deg.: X-S =       0.003777 mb/sr,

    61.00 deg.: X-S =       0.003794 mb/sr,

    61.50 deg.: X-S =       0.003814 mb/sr,

    62.00 deg.: X-S =       0.003837 mb/sr,

    62.50 deg.: X-S =       0.003862 mb/sr,

    63.00 deg.: X-S =       0.003890 mb/sr,

    63.50 deg.: X-S =       0.003919 mb/sr,

    64.00 deg.: X-S =       0.003949 mb/sr,

    64.50 deg.: X-S =       0.003980 mb/sr,

    65.00 deg.: X-S =       0.004012 mb/sr,

    65.50 deg.: X-S =       0.004043 mb/sr,

    66.00 deg.: X-S =       0.004074 mb/sr,

    66.50 deg.: X-S =       0.004104 mb/sr,

    67.00 deg.: X-S =       0.004133 mb/sr,

    67.50 deg.: X-S =       0.004161 mb/sr,

    68.00 deg.: X-S =       0.004186 mb/sr,

    68.50 deg.: X-S =       0.004209 mb/sr,

    69.00 deg.: X-S =       0.004229 mb/sr,

    69.50 deg.: X-S =       0.004246 mb/sr,

    70.00 deg.: X-S =       0.004261 mb/sr,

    70.50 deg.: X-S =       0.004271 mb/sr,

    71.00 deg.: X-S =       0.004278 mb/sr,

    71.50 deg.: X-S =       0.004282 mb/sr,

    72.00 deg.: X-S =       0.004281 mb/sr,

    72.50 deg.: X-S =       0.004276 mb/sr,

    73.00 deg.: X-S =       0.004267 mb/sr,

    73.50 deg.: X-S =       0.004254 mb/sr,

    74.00 deg.: X-S =       0.004236 mb/sr,

    74.50 deg.: X-S =       0.004214 mb/sr,

    75.00 deg.: X-S =       0.004188 mb/sr,

    75.50 deg.: X-S =       0.004158 mb/sr,

    76.00 deg.: X-S =       0.004124 mb/sr,

    76.50 deg.: X-S =       0.004085 mb/sr,

    77.00 deg.: X-S =       0.004043 mb/sr,

    77.50 deg.: X-S =       0.003997 mb/sr,

    78.00 deg.: X-S =       0.003947 mb/sr,

    78.50 deg.: X-S =       0.003894 mb/sr,

    79.00 deg.: X-S =       0.003837 mb/sr,

    79.50 deg.: X-S =       0.003778 mb/sr,

    80.00 deg.: X-S =       0.003716 mb/sr,

    80.50 deg.: X-S =       0.003651 mb/sr,

    81.00 deg.: X-S =       0.003584 mb/sr,

    81.50 deg.: X-S =       0.003515 mb/sr,

    82.00 deg.: X-S =       0.003443 mb/sr,

    82.50 deg.: X-S =       0.003370 mb/sr,

    83.00 deg.: X-S =       0.003296 mb/sr,

    83.50 deg.: X-S =       0.003220 mb/sr,

    84.00 deg.: X-S =       0.003144 mb/sr,

    84.50 deg.: X-S =       0.003067 mb/sr,

    85.00 deg.: X-S =       0.002989 mb/sr,

    85.50 deg.: X-S =       0.002910 mb/sr,

    86.00 deg.: X-S =       0.002832 mb/sr,

    86.50 deg.: X-S =       0.002754 mb/sr,

    87.00 deg.: X-S =       0.002676 mb/sr,

    87.50 deg.: X-S =       0.002598 mb/sr,

    88.00 deg.: X-S =       0.002521 mb/sr,

    88.50 deg.: X-S =       0.002445 mb/sr,

    89.00 deg.: X-S =       0.002370 mb/sr,

    89.50 deg.: X-S =       0.002296 mb/sr,

    90.00 deg.: X-S =       0.002223 mb/sr,

    90.50 deg.: X-S =       0.002152 mb/sr,

    91.00 deg.: X-S =       0.002082 mb/sr,

    91.50 deg.: X-S =       0.002013 mb/sr,

    92.00 deg.: X-S =       0.001947 mb/sr,

    92.50 deg.: X-S =       0.001882 mb/sr,

    93.00 deg.: X-S =       0.001820 mb/sr,

    93.50 deg.: X-S =       0.001759 mb/sr,

    94.00 deg.: X-S =       0.001700 mb/sr,

    94.50 deg.: X-S =       0.001644 mb/sr,

    95.00 deg.: X-S =       0.001590 mb/sr,

    95.50 deg.: X-S =       0.001538 mb/sr,

    96.00 deg.: X-S =       0.001489 mb/sr,

    96.50 deg.: X-S =       0.001442 mb/sr,

    97.00 deg.: X-S =       0.001397 mb/sr,

    97.50 deg.: X-S =       0.001355 mb/sr,

    98.00 deg.: X-S =       0.001315 mb/sr,

    98.50 deg.: X-S =       0.001278 mb/sr,

    99.00 deg.: X-S =       0.001243 mb/sr,

    99.50 deg.: X-S =       0.001211 mb/sr,

   100.00 deg.: X-S =       0.001181 mb/sr,

   100.50 deg.: X-S =       0.001154 mb/sr,

   101.00 deg.: X-S =       0.001129 mb/sr,

   101.50 deg.: X-S =       0.001107 mb/sr,

   102.00 deg.: X-S =       0.001087 mb/sr,

   102.50 deg.: X-S =       0.001069 mb/sr,

   103.00 deg.: X-S =       0.001054 mb/sr,

   103.50 deg.: X-S =       0.001040 mb/sr,

   104.00 deg.: X-S =       0.001029 mb/sr,

   104.50 deg.: X-S =       0.001020 mb/sr,

   105.00 deg.: X-S =       0.001013 mb/sr,

   105.50 deg.: X-S =       0.001008 mb/sr,

   106.00 deg.: X-S =       0.001005 mb/sr,

   106.50 deg.: X-S =       0.001003 mb/sr,

   107.00 deg.: X-S =       0.001004 mb/sr,

   107.50 deg.: X-S =       0.001005 mb/sr,

   108.00 deg.: X-S =       0.001008 mb/sr,

   108.50 deg.: X-S =       0.001012 mb/sr,

   109.00 deg.: X-S =       0.001018 mb/sr,

   109.50 deg.: X-S =       0.001024 mb/sr,

   110.00 deg.: X-S =       0.001032 mb/sr,

   110.50 deg.: X-S =       0.001040 mb/sr,

   111.00 deg.: X-S =       0.001049 mb/sr,

   111.50 deg.: X-S =       0.001058 mb/sr,

   112.00 deg.: X-S =       0.001068 mb/sr,

   112.50 deg.: X-S =       0.001079 mb/sr,

   113.00 deg.: X-S =       0.001089 mb/sr,

   113.50 deg.: X-S =       0.001100 mb/sr,

   114.00 deg.: X-S =       0.001110 mb/sr,

   114.50 deg.: X-S =       0.001121 mb/sr,

   115.00 deg.: X-S =       0.001131 mb/sr,

   115.50 deg.: X-S =       0.001141 mb/sr,

   116.00 deg.: X-S =       0.001151 mb/sr,

   116.50 deg.: X-S =       0.001160 mb/sr,

   117.00 deg.: X-S =       0.001168 mb/sr,

   117.50 deg.: X-S =       0.001176 mb/sr,

   118.00 deg.: X-S =       0.001183 mb/sr,

   118.50 deg.: X-S =       0.001190 mb/sr,

   119.00 deg.: X-S =       0.001196 mb/sr,

   119.50 deg.: X-S =       0.001200 mb/sr,

   120.00 deg.: X-S =       0.001204 mb/sr,

   120.50 deg.: X-S =       0.001207 mb/sr,

   121.00 deg.: X-S =       0.001209 mb/sr,

   121.50 deg.: X-S =       0.001210 mb/sr,

   122.00 deg.: X-S =       0.001211 mb/sr,

   122.50 deg.: X-S =       0.001210 mb/sr,

   123.00 deg.: X-S =       0.001208 mb/sr,

   123.50 deg.: X-S =       0.001205 mb/sr,

   124.00 deg.: X-S =       0.001202 mb/sr,

   124.50 deg.: X-S =       0.001198 mb/sr,

   125.00 deg.: X-S =       0.001192 mb/sr,

   125.50 deg.: X-S =       0.001186 mb/sr,

   126.00 deg.: X-S =       0.001179 mb/sr,

   126.50 deg.: X-S =       0.001171 mb/sr,

   127.00 deg.: X-S =       0.001163 mb/sr,

   127.50 deg.: X-S =       0.001154 mb/sr,

   128.00 deg.: X-S =       0.001144 mb/sr,

   128.50 deg.: X-S =       0.001133 mb/sr,

   129.00 deg.: X-S =       0.001122 mb/sr,

   129.50 deg.: X-S =       0.001111 mb/sr,

   130.00 deg.: X-S =       0.001098 mb/sr,

   130.50 deg.: X-S =       0.001086 mb/sr,

   131.00 deg.: X-S =       0.001072 mb/sr,

   131.50 deg.: X-S =       0.001059 mb/sr,

   132.00 deg.: X-S =       0.001045 mb/sr,

   132.50 deg.: X-S =       0.001030 mb/sr,

   133.00 deg.: X-S =       0.001015 mb/sr,

   133.50 deg.: X-S =       0.001000 mb/sr,

   134.00 deg.: X-S =       0.000984 mb/sr,

   134.50 deg.: X-S =       0.000968 mb/sr,

   135.00 deg.: X-S =       0.000952 mb/sr,

   135.50 deg.: X-S =       0.000936 mb/sr,

   136.00 deg.: X-S =       0.000919 mb/sr,

   136.50 deg.: X-S =       0.000902 mb/sr,

   137.00 deg.: X-S =       0.000884 mb/sr,

   137.50 deg.: X-S =       0.000867 mb/sr,

   138.00 deg.: X-S =       0.000849 mb/sr,

   138.50 deg.: X-S =       0.000831 mb/sr,

   139.00 deg.: X-S =       0.000813 mb/sr,

   139.50 deg.: X-S =       0.000795 mb/sr,

   140.00 deg.: X-S =       0.000776 mb/sr,

   140.50 deg.: X-S =       0.000757 mb/sr,

   141.00 deg.: X-S =       0.000739 mb/sr,

   141.50 deg.: X-S =       0.000720 mb/sr,

   142.00 deg.: X-S =       0.000701 mb/sr,

   142.50 deg.: X-S =       0.000682 mb/sr,

   143.00 deg.: X-S =       0.000664 mb/sr,

   143.50 deg.: X-S =       0.000645 mb/sr,

   144.00 deg.: X-S =       0.000627 mb/sr,

   144.50 deg.: X-S =       0.000608 mb/sr,

   145.00 deg.: X-S =       0.000590 mb/sr,

   145.50 deg.: X-S =       0.000573 mb/sr,

   146.00 deg.: X-S =       0.000556 mb/sr,

   146.50 deg.: X-S =       0.000539 mb/sr,

   147.00 deg.: X-S =       0.000523 mb/sr,

   147.50 deg.: X-S =       0.000507 mb/sr,

   148.00 deg.: X-S =       0.000492 mb/sr,

   148.50 deg.: X-S =       0.000478 mb/sr,

   149.00 deg.: X-S =       0.000464 mb/sr,

   149.50 deg.: X-S =       0.000452 mb/sr,

   150.00 deg.: X-S =       0.000440 mb/sr,

   150.50 deg.: X-S =       0.000429 mb/sr,

   151.00 deg.: X-S =       0.000420 mb/sr,

   151.50 deg.: X-S =       0.000411 mb/sr,

   152.00 deg.: X-S =       0.000404 mb/sr,

   152.50 deg.: X-S =       0.000398 mb/sr,

   153.00 deg.: X-S =       0.000393 mb/sr,

   153.50 deg.: X-S =       0.000390 mb/sr,

   154.00 deg.: X-S =       0.000387 mb/sr,

   154.50 deg.: X-S =       0.000387 mb/sr,

   155.00 deg.: X-S =       0.000387 mb/sr,

   155.50 deg.: X-S =       0.000389 mb/sr,

   156.00 deg.: X-S =       0.000392 mb/sr,

   156.50 deg.: X-S =       0.000396 mb/sr,

   157.00 deg.: X-S =       0.000402 mb/sr,

   157.50 deg.: X-S =       0.000409 mb/sr,

   158.00 deg.: X-S =       0.000417 mb/sr,

   158.50 deg.: X-S =       0.000426 mb/sr,

   159.00 deg.: X-S =       0.000436 mb/sr,

   159.50 deg.: X-S =       0.000448 mb/sr,

   160.00 deg.: X-S =       0.000460 mb/sr,

   160.50 deg.: X-S =       0.000474 mb/sr,

   161.00 deg.: X-S =       0.000488 mb/sr,

   161.50 deg.: X-S =       0.000503 mb/sr,

   162.00 deg.: X-S =       0.000518 mb/sr,

   162.50 deg.: X-S =       0.000535 mb/sr,

   163.00 deg.: X-S =       0.000551 mb/sr,

   163.50 deg.: X-S =       0.000569 mb/sr,

   164.00 deg.: X-S =       0.000586 mb/sr,

   164.50 deg.: X-S =       0.000604 mb/sr,

   165.00 deg.: X-S =       0.000621 mb/sr,

   165.50 deg.: X-S =       0.000639 mb/sr,

   166.00 deg.: X-S =       0.000657 mb/sr,

   166.50 deg.: X-S =       0.000675 mb/sr,

   167.00 deg.: X-S =       0.000693 mb/sr,

   167.50 deg.: X-S =       0.000710 mb/sr,

   168.00 deg.: X-S =       0.000727 mb/sr,

   168.50 deg.: X-S =       0.000743 mb/sr,

   169.00 deg.: X-S =       0.000760 mb/sr,

   169.50 deg.: X-S =       0.000775 mb/sr,

   170.00 deg.: X-S =       0.000790 mb/sr,

   170.50 deg.: X-S =       0.000805 mb/sr,

   171.00 deg.: X-S =       0.000819 mb/sr,

   171.50 deg.: X-S =       0.000832 mb/sr,

   172.00 deg.: X-S =       0.000844 mb/sr,

   172.50 deg.: X-S =       0.000856 mb/sr,

   173.00 deg.: X-S =       0.000867 mb/sr,

   173.50 deg.: X-S =       0.000877 mb/sr,

   174.00 deg.: X-S =       0.000887 mb/sr,

   174.50 deg.: X-S =       0.000896 mb/sr,

   175.00 deg.: X-S =       0.000904 mb/sr,

   175.50 deg.: X-S =       0.000911 mb/sr,

   176.00 deg.: X-S =       0.000917 mb/sr,

   176.50 deg.: X-S =       0.000923 mb/sr,

   177.00 deg.: X-S =       0.000928 mb/sr,

   177.50 deg.: X-S =       0.000932 mb/sr,

   178.00 deg.: X-S =       0.000936 mb/sr,

   178.50 deg.: X-S =       0.000938 mb/sr,

   179.00 deg.: X-S =       0.000940 mb/sr,

   179.50 deg.: X-S =       0.000941 mb/sr,

   180.00 deg.: X-S =       0.000942 mb/sr,

                                           Integrated  6.0345E-02 mb, over [   0.000, 180.000] at    32.0000 MeV 

 CROSS SECTIONS FOR OUTGOING 2H       & 13C_9010 in state #   1 with spins & parities 1.0  + &  1.5  +;  0

     0.00 deg.: X-S =       0.041901 mb/sr,
+                                         REAC   6.0498E-02 mb

     0.50 deg.: X-S =       0.041870 mb/sr,

     1.00 deg.: X-S =       0.041779 mb/sr,

     1.50 deg.: X-S =       0.041628 mb/sr,

     2.00 deg.: X-S =       0.041418 mb/sr,

     2.50 deg.: X-S =       0.041149 mb/sr,

     3.00 deg.: X-S =       0.040822 mb/sr,

     3.50 deg.: X-S =       0.040441 mb/sr,

     4.00 deg.: X-S =       0.040006 mb/sr,

     4.50 deg.: X-S =       0.039520 mb/sr,

     5.00 deg.: X-S =       0.038985 mb/sr,

     5.50 deg.: X-S =       0.038405 mb/sr,

     6.00 deg.: X-S =       0.037784 mb/sr,

     6.50 deg.: X-S =       0.037124 mb/sr,

     7.00 deg.: X-S =       0.036430 mb/sr,

     7.50 deg.: X-S =       0.035707 mb/sr,

     8.00 deg.: X-S =       0.034959 mb/sr,

     8.50 deg.: X-S =       0.034191 mb/sr,

     9.00 deg.: X-S =       0.033409 mb/sr,

     9.50 deg.: X-S =       0.032618 mb/sr,

    10.00 deg.: X-S =       0.031823 mb/sr,

    10.50 deg.: X-S =       0.031031 mb/sr,

    11.00 deg.: X-S =       0.030247 mb/sr,

    11.50 deg.: X-S =       0.029477 mb/sr,

    12.00 deg.: X-S =       0.028727 mb/sr,

    12.50 deg.: X-S =       0.028000 mb/sr,

    13.00 deg.: X-S =       0.027304 mb/sr,

    13.50 deg.: X-S =       0.026641 mb/sr,

    14.00 deg.: X-S =       0.026017 mb/sr,

    14.50 deg.: X-S =       0.025436 mb/sr,

    15.00 deg.: X-S =       0.024899 mb/sr,

    15.50 deg.: X-S =       0.024411 mb/sr,

    16.00 deg.: X-S =       0.023972 mb/sr,

    16.50 deg.: X-S =       0.023584 mb/sr,

    17.00 deg.: X-S =       0.023248 mb/sr,

    17.50 deg.: X-S =       0.022963 mb/sr,

    18.00 deg.: X-S =       0.022729 mb/sr,

    18.50 deg.: X-S =       0.022543 mb/sr,

    19.00 deg.: X-S =       0.022404 mb/sr,

    19.50 deg.: X-S =       0.022308 mb/sr,

    20.00 deg.: X-S =       0.022252 mb/sr,

    20.50 deg.: X-S =       0.022232 mb/sr,

    21.00 deg.: X-S =       0.022243 mb/sr,

    21.50 deg.: X-S =       0.022281 mb/sr,

    22.00 deg.: X-S =       0.022340 mb/sr,

    22.50 deg.: X-S =       0.022415 mb/sr,

    23.00 deg.: X-S =       0.022500 mb/sr,

    23.50 deg.: X-S =       0.022590 mb/sr,

    24.00 deg.: X-S =       0.022679 mb/sr,

    24.50 deg.: X-S =       0.022762 mb/sr,

    25.00 deg.: X-S =       0.022833 mb/sr,

    25.50 deg.: X-S =       0.022887 mb/sr,

    26.00 deg.: X-S =       0.022920 mb/sr,

    26.50 deg.: X-S =       0.022928 mb/sr,

    27.00 deg.: X-S =       0.022907 mb/sr,

    27.50 deg.: X-S =       0.022854 mb/sr,

    28.00 deg.: X-S =       0.022766 mb/sr,

    28.50 deg.: X-S =       0.022641 mb/sr,

    29.00 deg.: X-S =       0.022477 mb/sr,

    29.50 deg.: X-S =       0.022274 mb/sr,

    30.00 deg.: X-S =       0.022031 mb/sr,

    30.50 deg.: X-S =       0.021748 mb/sr,

    31.00 deg.: X-S =       0.021426 mb/sr,

    31.50 deg.: X-S =       0.021066 mb/sr,

    32.00 deg.: X-S =       0.020670 mb/sr,

    32.50 deg.: X-S =       0.020239 mb/sr,

    33.00 deg.: X-S =       0.019777 mb/sr,

    33.50 deg.: X-S =       0.019286 mb/sr,

    34.00 deg.: X-S =       0.018769 mb/sr,

    34.50 deg.: X-S =       0.018229 mb/sr,

    35.00 deg.: X-S =       0.017670 mb/sr,

    35.50 deg.: X-S =       0.017094 mb/sr,

    36.00 deg.: X-S =       0.016507 mb/sr,

    36.50 deg.: X-S =       0.015910 mb/sr,

    37.00 deg.: X-S =       0.015308 mb/sr,

    37.50 deg.: X-S =       0.014704 mb/sr,

    38.00 deg.: X-S =       0.014102 mb/sr,

    38.50 deg.: X-S =       0.013503 mb/sr,

    39.00 deg.: X-S =       0.012912 mb/sr,

    39.50 deg.: X-S =       0.012331 mb/sr,

    40.00 deg.: X-S =       0.011762 mb/sr,

    40.50 deg.: X-S =       0.011207 mb/sr,

    41.00 deg.: X-S =       0.010670 mb/sr,

    41.50 deg.: X-S =       0.010150 mb/sr,

    42.00 deg.: X-S =       0.009650 mb/sr,

    42.50 deg.: X-S =       0.009171 mb/sr,

    43.00 deg.: X-S =       0.008714 mb/sr,

    43.50 deg.: X-S =       0.008279 mb/sr,

    44.00 deg.: X-S =       0.007867 mb/sr,

    44.50 deg.: X-S =       0.007479 mb/sr,

    45.00 deg.: X-S =       0.007114 mb/sr,

    45.50 deg.: X-S =       0.006772 mb/sr,

    46.00 deg.: X-S =       0.006452 mb/sr,

    46.50 deg.: X-S =       0.006156 mb/sr,

    47.00 deg.: X-S =       0.005881 mb/sr,

    47.50 deg.: X-S =       0.005628 mb/sr,

    48.00 deg.: X-S =       0.005396 mb/sr,

    48.50 deg.: X-S =       0.005183 mb/sr,

    49.00 deg.: X-S =       0.004990 mb/sr,

    49.50 deg.: X-S =       0.004816 mb/sr,

    50.00 deg.: X-S =       0.004658 mb/sr,

    50.50 deg.: X-S =       0.004518 mb/sr,

    51.00 deg.: X-S =       0.004393 mb/sr,

    51.50 deg.: X-S =       0.004284 mb/sr,

    52.00 deg.: X-S =       0.004188 mb/sr,

    52.50 deg.: X-S =       0.004106 mb/sr,

    53.00 deg.: X-S =       0.004036 mb/sr,

    53.50 deg.: X-S =       0.003979 mb/sr,

    54.00 deg.: X-S =       0.003932 mb/sr,

    54.50 deg.: X-S =       0.003895 mb/sr,

    55.00 deg.: X-S =       0.003869 mb/sr,

    55.50 deg.: X-S =       0.003851 mb/sr,

    56.00 deg.: X-S =       0.003842 mb/sr,

    56.50 deg.: X-S =       0.003840 mb/sr,

    57.00 deg.: X-S =       0.003846 mb/sr,

    57.50 deg.: X-S =       0.003858 mb/sr,

    58.00 deg.: X-S =       0.003877 mb/sr,

    58.50 deg.: X-S =       0.003901 mb/sr,

    59.00 deg.: X-S =       0.003930 mb/sr,

    59.50 deg.: X-S =       0.003964 mb/sr,

    60.00 deg.: X-S =       0.004001 mb/sr,

    60.50 deg.: X-S =       0.004043 mb/sr,

    61.00 deg.: X-S =       0.004087 mb/sr,

    61.50 deg.: X-S =       0.004134 mb/sr,

    62.00 deg.: X-S =       0.004182 mb/sr,

    62.50 deg.: X-S =       0.004233 mb/sr,

    63.00 deg.: X-S =       0.004284 mb/sr,

    63.50 deg.: X-S =       0.004336 mb/sr,

    64.00 deg.: X-S =       0.004388 mb/sr,

    64.50 deg.: X-S =       0.004440 mb/sr,

    65.00 deg.: X-S =       0.004491 mb/sr,

    65.50 deg.: X-S =       0.004540 mb/sr,

    66.00 deg.: X-S =       0.004588 mb/sr,

    66.50 deg.: X-S =       0.004634 mb/sr,

    67.00 deg.: X-S =       0.004677 mb/sr,

    67.50 deg.: X-S =       0.004717 mb/sr,

    68.00 deg.: X-S =       0.004755 mb/sr,

    68.50 deg.: X-S =       0.004788 mb/sr,

    69.00 deg.: X-S =       0.004818 mb/sr,

    69.50 deg.: X-S =       0.004843 mb/sr,

    70.00 deg.: X-S =       0.004864 mb/sr,

    70.50 deg.: X-S =       0.004880 mb/sr,

    71.00 deg.: X-S =       0.004892 mb/sr,

    71.50 deg.: X-S =       0.004898 mb/sr,

    72.00 deg.: X-S =       0.004900 mb/sr,

    72.50 deg.: X-S =       0.004896 mb/sr,

    73.00 deg.: X-S =       0.004887 mb/sr,

    73.50 deg.: X-S =       0.004872 mb/sr,

    74.00 deg.: X-S =       0.004853 mb/sr,

    74.50 deg.: X-S =       0.004828 mb/sr,

    75.00 deg.: X-S =       0.004797 mb/sr,

    75.50 deg.: X-S =       0.004762 mb/sr,

    76.00 deg.: X-S =       0.004722 mb/sr,

    76.50 deg.: X-S =       0.004676 mb/sr,

    77.00 deg.: X-S =       0.004626 mb/sr,

    77.50 deg.: X-S =       0.004571 mb/sr,

    78.00 deg.: X-S =       0.004512 mb/sr,

    78.50 deg.: X-S =       0.004449 mb/sr,

    79.00 deg.: X-S =       0.004382 mb/sr,

    79.50 deg.: X-S =       0.004311 mb/sr,

    80.00 deg.: X-S =       0.004236 mb/sr,

    80.50 deg.: X-S =       0.004159 mb/sr,

    81.00 deg.: X-S =       0.004078 mb/sr,

    81.50 deg.: X-S =       0.003995 mb/sr,

    82.00 deg.: X-S =       0.003909 mb/sr,

    82.50 deg.: X-S =       0.003821 mb/sr,

    83.00 deg.: X-S =       0.003731 mb/sr,

    83.50 deg.: X-S =       0.003639 mb/sr,

    84.00 deg.: X-S =       0.003547 mb/sr,

    84.50 deg.: X-S =       0.003453 mb/sr,

    85.00 deg.: X-S =       0.003358 mb/sr,

    85.50 deg.: X-S =       0.003262 mb/sr,

    86.00 deg.: X-S =       0.003166 mb/sr,

    86.50 deg.: X-S =       0.003070 mb/sr,

    87.00 deg.: X-S =       0.002975 mb/sr,

    87.50 deg.: X-S =       0.002879 mb/sr,

    88.00 deg.: X-S =       0.002784 mb/sr,

    88.50 deg.: X-S =       0.002690 mb/sr,

    89.00 deg.: X-S =       0.002597 mb/sr,

    89.50 deg.: X-S =       0.002505 mb/sr,

    90.00 deg.: X-S =       0.002414 mb/sr,

    90.50 deg.: X-S =       0.002325 mb/sr,

    91.00 deg.: X-S =       0.002237 mb/sr,

    91.50 deg.: X-S =       0.002152 mb/sr,

    92.00 deg.: X-S =       0.002068 mb/sr,

    92.50 deg.: X-S =       0.001987 mb/sr,

    93.00 deg.: X-S =       0.001907 mb/sr,

    93.50 deg.: X-S =       0.001831 mb/sr,

    94.00 deg.: X-S =       0.001756 mb/sr,

    94.50 deg.: X-S =       0.001685 mb/sr,

    95.00 deg.: X-S =       0.001616 mb/sr,

    95.50 deg.: X-S =       0.001550 mb/sr,

    96.00 deg.: X-S =       0.001487 mb/sr,

    96.50 deg.: X-S =       0.001426 mb/sr,

    97.00 deg.: X-S =       0.001369 mb/sr,

    97.50 deg.: X-S =       0.001315 mb/sr,

    98.00 deg.: X-S =       0.001264 mb/sr,

    98.50 deg.: X-S =       0.001216 mb/sr,

    99.00 deg.: X-S =       0.001172 mb/sr,

    99.50 deg.: X-S =       0.001130 mb/sr,

   100.00 deg.: X-S =       0.001092 mb/sr,

   100.50 deg.: X-S =       0.001057 mb/sr,

   101.00 deg.: X-S =       0.001025 mb/sr,

   101.50 deg.: X-S =       0.000997 mb/sr,

   102.00 deg.: X-S =       0.000971 mb/sr,

   102.50 deg.: X-S =       0.000948 mb/sr,

   103.00 deg.: X-S =       0.000929 mb/sr,

   103.50 deg.: X-S =       0.000912 mb/sr,

   104.00 deg.: X-S =       0.000898 mb/sr,

   104.50 deg.: X-S =       0.000888 mb/sr,

   105.00 deg.: X-S =       0.000879 mb/sr,

   105.50 deg.: X-S =       0.000873 mb/sr,

   106.00 deg.: X-S =       0.000870 mb/sr,

   106.50 deg.: X-S =       0.000869 mb/sr,

   107.00 deg.: X-S =       0.000870 mb/sr,

   107.50 deg.: X-S =       0.000874 mb/sr,

   108.00 deg.: X-S =       0.000879 mb/sr,

   108.50 deg.: X-S =       0.000886 mb/sr,

   109.00 deg.: X-S =       0.000894 mb/sr,

   109.50 deg.: X-S =       0.000904 mb/sr,

   110.00 deg.: X-S =       0.000915 mb/sr,

   110.50 deg.: X-S =       0.000928 mb/sr,

   111.00 deg.: X-S =       0.000941 mb/sr,

   111.50 deg.: X-S =       0.000955 mb/sr,

   112.00 deg.: X-S =       0.000970 mb/sr,

   112.50 deg.: X-S =       0.000986 mb/sr,

   113.00 deg.: X-S =       0.001001 mb/sr,

   113.50 deg.: X-S =       0.001017 mb/sr,

   114.00 deg.: X-S =       0.001033 mb/sr,

   114.50 deg.: X-S =       0.001049 mb/sr,

   115.00 deg.: X-S =       0.001065 mb/sr,

   115.50 deg.: X-S =       0.001080 mb/sr,

   116.00 deg.: X-S =       0.001095 mb/sr,

   116.50 deg.: X-S =       0.001109 mb/sr,

   117.00 deg.: X-S =       0.001123 mb/sr,

   117.50 deg.: X-S =       0.001136 mb/sr,

   118.00 deg.: X-S =       0.001148 mb/sr,

   118.50 deg.: X-S =       0.001159 mb/sr,

   119.00 deg.: X-S =       0.001169 mb/sr,

   119.50 deg.: X-S =       0.001178 mb/sr,

   120.00 deg.: X-S =       0.001186 mb/sr,

   120.50 deg.: X-S =       0.001192 mb/sr,

   121.00 deg.: X-S =       0.001198 mb/sr,

   121.50 deg.: X-S =       0.001202 mb/sr,

   122.00 deg.: X-S =       0.001206 mb/sr,

   122.50 deg.: X-S =       0.001207 mb/sr,

   123.00 deg.: X-S =       0.001208 mb/sr,

   123.50 deg.: X-S =       0.001208 mb/sr,

   124.00 deg.: X-S =       0.001206 mb/sr,

   124.50 deg.: X-S =       0.001204 mb/sr,

   125.00 deg.: X-S =       0.001200 mb/sr,

   125.50 deg.: X-S =       0.001195 mb/sr,

   126.00 deg.: X-S =       0.001189 mb/sr,

   126.50 deg.: X-S =       0.001182 mb/sr,

   127.00 deg.: X-S =       0.001174 mb/sr,

   127.50 deg.: X-S =       0.001165 mb/sr,

   128.00 deg.: X-S =       0.001156 mb/sr,

   128.50 deg.: X-S =       0.001145 mb/sr,

   129.00 deg.: X-S =       0.001134 mb/sr,

   129.50 deg.: X-S =       0.001121 mb/sr,

   130.00 deg.: X-S =       0.001109 mb/sr,

   130.50 deg.: X-S =       0.001095 mb/sr,

   131.00 deg.: X-S =       0.001081 mb/sr,

   131.50 deg.: X-S =       0.001066 mb/sr,

   132.00 deg.: X-S =       0.001051 mb/sr,

   132.50 deg.: X-S =       0.001035 mb/sr,

   133.00 deg.: X-S =       0.001018 mb/sr,

   133.50 deg.: X-S =       0.001001 mb/sr,

   134.00 deg.: X-S =       0.000983 mb/sr,

   134.50 deg.: X-S =       0.000965 mb/sr,

   135.00 deg.: X-S =       0.000947 mb/sr,

   135.50 deg.: X-S =       0.000928 mb/sr,

   136.00 deg.: X-S =       0.000908 mb/sr,

   136.50 deg.: X-S =       0.000889 mb/sr,

   137.00 deg.: X-S =       0.000868 mb/sr,

   137.50 deg.: X-S =       0.000847 mb/sr,

   138.00 deg.: X-S =       0.000826 mb/sr,

   138.50 deg.: X-S =       0.000805 mb/sr,

   139.00 deg.: X-S =       0.000783 mb/sr,

   139.50 deg.: X-S =       0.000760 mb/sr,

   140.00 deg.: X-S =       0.000738 mb/sr,

   140.50 deg.: X-S =       0.000715 mb/sr,

   141.00 deg.: X-S =       0.000691 mb/sr,

   141.50 deg.: X-S =       0.000668 mb/sr,

   142.00 deg.: X-S =       0.000644 mb/sr,

   142.50 deg.: X-S =       0.000620 mb/sr,

   143.00 deg.: X-S =       0.000596 mb/sr,

   143.50 deg.: X-S =       0.000572 mb/sr,

   144.00 deg.: X-S =       0.000548 mb/sr,

   144.50 deg.: X-S =       0.000524 mb/sr,

   145.00 deg.: X-S =       0.000500 mb/sr,

   145.50 deg.: X-S =       0.000477 mb/sr,

   146.00 deg.: X-S =       0.000453 mb/sr,

   146.50 deg.: X-S =       0.000430 mb/sr,

   147.00 deg.: X-S =       0.000408 mb/sr,

   147.50 deg.: X-S =       0.000386 mb/sr,

   148.00 deg.: X-S =       0.000365 mb/sr,

   148.50 deg.: X-S =       0.000344 mb/sr,

   149.00 deg.: X-S =       0.000325 mb/sr,

   149.50 deg.: X-S =       0.000306 mb/sr,

   150.00 deg.: X-S =       0.000289 mb/sr,

   150.50 deg.: X-S =       0.000272 mb/sr,

   151.00 deg.: X-S =       0.000257 mb/sr,

   151.50 deg.: X-S =       0.000243 mb/sr,

   152.00 deg.: X-S =       0.000230 mb/sr,

   152.50 deg.: X-S =       0.000219 mb/sr,

   153.00 deg.: X-S =       0.000209 mb/sr,

   153.50 deg.: X-S =       0.000201 mb/sr,

   154.00 deg.: X-S =       0.000195 mb/sr,

   154.50 deg.: X-S =       0.000190 mb/sr,

   155.00 deg.: X-S =       0.000186 mb/sr,

   155.50 deg.: X-S =       0.000185 mb/sr,

   156.00 deg.: X-S =       0.000185 mb/sr,

   156.50 deg.: X-S =       0.000187 mb/sr,

   157.00 deg.: X-S =       0.000190 mb/sr,

   157.50 deg.: X-S =       0.000195 mb/sr,

   158.00 deg.: X-S =       0.000202 mb/sr,

   158.50 deg.: X-S =       0.000210 mb/sr,

   159.00 deg.: X-S =       0.000220 mb/sr,

   159.50 deg.: X-S =       0.000232 mb/sr,

   160.00 deg.: X-S =       0.000244 mb/sr,

   160.50 deg.: X-S =       0.000258 mb/sr,

   161.00 deg.: X-S =       0.000273 mb/sr,

   161.50 deg.: X-S =       0.000290 mb/sr,

   162.00 deg.: X-S =       0.000307 mb/sr,

   162.50 deg.: X-S =       0.000325 mb/sr,

   163.00 deg.: X-S =       0.000345 mb/sr,

   163.50 deg.: X-S =       0.000364 mb/sr,

   164.00 deg.: X-S =       0.000385 mb/sr,

   164.50 deg.: X-S =       0.000406 mb/sr,

   165.00 deg.: X-S =       0.000427 mb/sr,

   165.50 deg.: X-S =       0.000449 mb/sr,

   166.00 deg.: X-S =       0.000470 mb/sr,

   166.50 deg.: X-S =       0.000492 mb/sr,

   167.00 deg.: X-S =       0.000514 mb/sr,

   167.50 deg.: X-S =       0.000535 mb/sr,

   168.00 deg.: X-S =       0.000557 mb/sr,

   168.50 deg.: X-S =       0.000577 mb/sr,

   169.00 deg.: X-S =       0.000598 mb/sr,

   169.50 deg.: X-S =       0.000618 mb/sr,

   170.00 deg.: X-S =       0.000637 mb/sr,

   170.50 deg.: X-S =       0.000656 mb/sr,

   171.00 deg.: X-S =       0.000674 mb/sr,

   171.50 deg.: X-S =       0.000692 mb/sr,

   172.00 deg.: X-S =       0.000708 mb/sr,

   172.50 deg.: X-S =       0.000724 mb/sr,

   173.00 deg.: X-S =       0.000738 mb/sr,

   173.50 deg.: X-S =       0.000752 mb/sr,

   174.00 deg.: X-S =       0.000765 mb/sr,

   174.50 deg.: X-S =       0.000777 mb/sr,

   175.00 deg.: X-S =       0.000788 mb/sr,

   175.50 deg.: X-S =       0.000798 mb/sr,

   176.00 deg.: X-S =       0.000807 mb/sr,

   176.50 deg.: X-S =       0.000815 mb/sr,

   177.00 deg.: X-S =       0.000822 mb/sr,

   177.50 deg.: X-S =       0.000828 mb/sr,

   178.00 deg.: X-S =       0.000832 mb/sr,

   178.50 deg.: X-S =       0.000836 mb/sr,

   179.00 deg.: X-S =       0.000839 mb/sr,

   179.50 deg.: X-S =       0.000840 mb/sr,

   180.00 deg.: X-S =       0.000841 mb/sr,

                                           Integrated  6.0497E-02 mb, over [   0.000, 180.000] at    32.0000 MeV 
 Finished all xsecs @    36.8292847    



 Mean components of Elastic Optical Potential generated by channel couplings of type  1

     0.100     0.0000     0.0000     0.0000     0.0000     0.0000     0.0000
     0.200     0.0000     0.0000     0.0000     0.0000     0.0000     0.0000
     0.300     0.0000     0.0000     0.0000     0.0000     0.0000     0.0000
     0.400     0.0000     0.0000     0.0000     0.0000     0.0000     0.0000
     0.500     0.0000     0.0000     0.0000     0.0000     0.0000     0.0000
     0.600     0.0000     0.0000     0.0000     0.0000     0.0000     0.0000
     0.700     0.0000     0.0000     0.0000     0.0000     0.0000     0.0000
     0.800     0.0000     0.0000     0.0000     0.0000     0.0000     0.0000
     0.900     0.0000     0.0000     0.0000     0.0000     0.0000     0.0000
     1.000     0.0000     0.0000     0.0000     0.0000     0.0000     0.0000
     1.100     0.0000     0.0000     0.0000     0.0000     0.0000     0.0000
     1.200     0.0000     0.0000     0.0000     0.0000     0.0000     0.0000
     1.300     0.0000     0.0000     0.0000     0.0000     0.0000     0.0000
     1.400     0.0000     0.0000     0.0000     0.0000     0.0000     0.0000
     1.500     0.0000     0.0000     0.0000     0.0000     0.0000     0.0000
     1.600     0.0000     0.0000     0.0000     0.0000     0.0000     0.0000
     1.700     0.0000     0.0000     0.0000     0.0000     0.0000     0.0000
     1.800     0.0000     0.0000     0.0000     0.0000     0.0000     0.0000
     1.900     0.0000     0.0000     0.0000     0.0000     0.0000     0.0000
     2.000     0.0000     0.0000     0.0000     0.0000     0.0000     0.0000
     2.100     0.0000     0.0000     0.0000     0.0000     0.0000     0.0000
     2.200     0.0000     0.0000     0.0000     0.0000     0.0000     0.0000
     2.300     0.0000     0.0000     0.0000     0.0000     0.0000     0.0000
     2.400     0.0000     0.0000     0.0000     0.0000     0.0000     0.0000
     2.500     0.0000     0.0000     0.0000     0.0000     0.0000     0.0000
     2.600     0.0000     0.0000     0.0000     0.0000     0.0000     0.0000
     2.700     0.0000     0.0000     0.0000     0.0000     0.0000     0.0000
     2.800     0.0000     0.0000     0.0000     0.0000     0.0000     0.0000
     2.900     0.0000     0.0000     0.0000     0.0000     0.0000     0.0000
     3.000     0.0000     0.0000     0.0000     0.0000     0.0000     0.0000
     3.100     0.0000     0.0000     0.0000     0.0000     0.0000     0.0000
     3.200     0.0000     0.0000     0.0000     0.0000     0.0000     0.0000
     3.300     0.0000     0.0000     0.0000     0.0000     0.0000     0.0000
     3.400     0.0000     0.0000     0.0000     0.0000     0.0000     0.0000
     3.500     0.0000     0.0000     0.0000     0.0000     0.0000     0.0000
     3.600     0.0000     0.0000     0.0000     0.0000     0.0000     0.0000
     3.700     0.0000     0.0000     0.0000     0.0000     0.0000     0.0000
     3.800     0.0000     0.0000     0.0000     0.0000     0.0000     0.0000
     3.900     0.0000     0.0000     0.0000     0.0000     0.0000     0.0000
     4.000     0.0000     0.0000     0.0000     0.0000     0.0000     0.0000
     4.100     0.0000     0.0000     0.0000     0.0000     0.0000     0.0000
     4.200     0.0000     0.0000     0.0000     0.0000     0.0000     0.0000
     4.300     0.0000     0.0000     0.0000     0.0000     0.0000     0.0000
     4.400     0.0000     0.0000     0.0000     0.0000     0.0000     0.0000
     4.500     0.0000     0.0000     0.0000     0.0000     0.0000     0.0000
     4.600     0.0000     0.0000     0.0000     0.0000     0.0000     0.0000
     4.700     0.0000     0.0000     0.0000     0.0000     0.0000     0.0000
     4.800     0.0000     0.0000     0.0000     0.0000     0.0000     0.0000
     4.900     0.0000     0.0000     0.0000     0.0000     0.0000     0.0000
     5.000     0.0000     0.0000     0.0000     0.0000     0.0000     0.0000
     5.100     0.0000     0.0000     0.0000     0.0000     0.0000     0.0000
     5.200     0.0000     0.0000     0.0000     0.0000     0.0000     0.0000
     5.300     0.0000     0.0000     0.0000     0.0000     0.0000     0.0000
     5.400     0.0000     0.0000     0.0000     0.0000     0.0000     0.0000
     5.500     0.0000     0.0000     0.0000     0.0000     0.0000     0.0000
     5.600     0.0000     0.0000     0.0000     0.0000     0.0000     0.0000
     5.700     0.0000     0.0000     0.0000     0.0000     0.0000     0.0000
     5.800     0.0000     0.0000     0.0000     0.0000     0.0000     0.0000
     5.900     0.0000     0.0000     0.0000     0.0000     0.0000     0.0000
     6.000     0.0000     0.0000     0.0000     0.0000     0.0000     0.0000
     6.100     0.0000     0.0000     0.0000     0.0000     0.0000     0.0000
     6.200     0.0000     0.0000     0.0000     0.0000     0.0000     0.0000
     6.300     0.0000     0.0000     0.0000     0.0000     0.0000     0.0000
     6.400     0.0000     0.0000     0.0000     0.0000     0.0000     0.0000
     6.500     0.0000     0.0000     0.0000     0.0000     0.0000     0.0000
     6.600     0.0000     0.0000     0.0000     0.0000     0.0000     0.0000
     6.700     0.0000     0.0000     0.0000     0.0000     0.0000     0.0000
     6.800     0.0000     0.0000     0.0000     0.0000     0.0000     0.0000
     6.900     0.0000     0.0000     0.0000     0.0000     0.0000     0.0000
     7.000     0.0000     0.0000     0.0000     0.0000     0.0000     0.0000
     7.100     0.0000     0.0000     0.0000     0.0000     0.0000     0.0000
     7.200     0.0000     0.0000     0.0000     0.0000     0.0000     0.0000
     7.300     0.0000     0.0000     0.0000     0.0000     0.0000     0.0000
     7.400     0.0000     0.0000     0.0000     0.0000     0.0000     0.0000
     7.500     0.0000     0.0000     0.0000     0.0000     0.0000     0.0000
     7.600     0.0000     0.0000     0.0000     0.0000     0.0000     0.0000
     7.700     0.0000     0.0000     0.0000     0.0000     0.0000     0.0000
     7.800     0.0000     0.0000     0.0000     0.0000     0.0000     0.0000
     7.900     0.0000     0.0000     0.0000     0.0000     0.0000     0.0000
     8.000     0.0000     0.0000     0.0000     0.0000     0.0000     0.0000
     8.100     0.0000     0.0000     0.0000     0.0000     0.0000     0.0000
     8.200     0.0000     0.0000     0.0000     0.0000     0.0000     0.0000
     8.300     0.0000     0.0000     0.0000     0.0000     0.0000     0.0000
     8.400     0.0000     0.0000     0.0000     0.0000     0.0000     0.0000
     8.500     0.0000     0.0000     0.0000     0.0000     0.0000     0.0000
     8.600     0.0000     0.0000     0.0000     0.0000     0.0000     0.0000
     8.700     0.0000     0.0000     0.0000     0.0000     0.0000     0.0000
     8.800     0.0000     0.0000     0.0000     0.0000     0.0000     0.0000
     8.900     0.0000     0.0000     0.0000     0.0000     0.0000     0.0000
     9.000     0.0000     0.0000     0.0000     0.0000     0.0000     0.0000
     9.100     0.0000     0.0000     0.0000     0.0000     0.0000     0.0000
     9.200     0.0000     0.0000     0.0000     0.0000     0.0000     0.0000
     9.300     0.0000     0.0000     0.0000     0.0000     0.0000     0.0000
     9.400     0.0000     0.0000     0.0000     0.0000     0.0000     0.0000
     9.500     0.0000     0.0000     0.0000     0.0000     0.0000     0.0000
     9.600     0.0000     0.0000     0.0000     0.0000     0.0000     0.0000
     9.700     0.0000     0.0000     0.0000     0.0000     0.0000     0.0000
     9.800     0.0000     0.0000     0.0000     0.0000     0.0000     0.0000
     9.900     0.0000     0.0000     0.0000     0.0000     0.0000     0.0000
    10.000     0.0000     0.0000     0.0000     0.0000     0.0000     0.0000
    10.100     0.0000     0.0000     0.0000     0.0000     0.0000     0.0000
    10.200     0.0000     0.0000     0.0000     0.0000     0.0000     0.0000
    10.300     0.0000     0.0000     0.0000     0.0000     0.0000     0.0000
    10.400     0.0000     0.0000     0.0000     0.0000     0.0000     0.0000
    10.500     0.0000     0.0000     0.0000     0.0000     0.0000     0.0000
    10.600     0.0000     0.0000     0.0000     0.0000     0.0000     0.0000
    10.700     0.0000     0.0000     0.0000     0.0000     0.0000     0.0000
    10.800     0.0000     0.0000     0.0000     0.0000     0.0000     0.0000
    10.900     0.0000     0.0000     0.0000     0.0000     0.0000     0.0000
    11.000     0.0000     0.0000     0.0000     0.0000     0.0000     0.0000
    11.100     0.0000     0.0000     0.0000     0.0000     0.0000     0.0000
    11.200     0.0000     0.0000     0.0000     0.0000     0.0000     0.0000
    11.300     0.0000     0.0000     0.0000     0.0000     0.0000     0.0000
    11.400     0.0000     0.0000     0.0000     0.0000     0.0000     0.0000
    11.500     0.0000     0.0000     0.0000     0.0000     0.0000     0.0000
    11.600     0.0000     0.0000     0.0000     0.0000     0.0000     0.0000
    11.700     0.0000     0.0000     0.0000     0.0000     0.0000     0.0000
    11.800     0.0000     0.0000     0.0000     0.0000     0.0000     0.0000
    11.900     0.0000     0.0000     0.0000     0.0000     0.0000     0.0000
    12.000     0.0000     0.0000     0.0000     0.0000     0.0000     0.0000
    12.100     0.0000     0.0000     0.0000     0.0000     0.0000     0.0000
    12.200     0.0000     0.0000     0.0000     0.0000     0.0000     0.0000
    12.300     0.0000     0.0000     0.0000     0.0000     0.0000     0.0000
    12.400     0.0000     0.0000     0.0000     0.0000     0.0000     0.0000
    12.500     0.0000     0.0000     0.0000     0.0000     0.0000     0.0000
    12.600     0.0000     0.0000     0.0000     0.0000     0.0000     0.0000
    12.700     0.0000     0.0000     0.0000     0.0000     0.0000     0.0000
    12.800     0.0000     0.0000     0.0000     0.0000     0.0000     0.0000
    12.900     0.0000     0.0000     0.0000     0.0000     0.0000     0.0000
    13.000     0.0000     0.0000     0.0000     0.0000     0.0000     0.0000
    13.100     0.0000     0.0000     0.0000     0.0000     0.0000     0.0000
    13.200     0.0000     0.0000     0.0000     0.0000     0.0000     0.0000
    13.300     0.0000     0.0000     0.0000     0.0000     0.0000     0.0000
    13.400     0.0000     0.0000     0.0000     0.0000     0.0000     0.0000
    13.500     0.0000     0.0000     0.0000     0.0000     0.0000     0.0000
    13.600     0.0000     0.0000     0.0000     0.0000     0.0000     0.0000
    13.700     0.0000     0.0000     0.0000     0.0000     0.0000     0.0000
    13.800     0.0000     0.0000     0.0000     0.0000     0.0000     0.0000
    13.900     0.0000     0.0000     0.0000     0.0000     0.0000     0.0000
    14.000     0.0000     0.0000     0.0000     0.0000     0.0000     0.0000
    14.100     0.0000     0.0000     0.0000     0.0000     0.0000     0.0000
    14.200     0.0000     0.0000     0.0000     0.0000     0.0000     0.0000
    14.300     0.0000     0.0000     0.0000     0.0000     0.0000     0.0000
    14.400     0.0000     0.0000     0.0000     0.0000     0.0000     0.0000
    14.500     0.0000     0.0000     0.0000     0.0000     0.0000     0.0000
    14.600     0.0000     0.0000     0.0000     0.0000     0.0000     0.0000
    14.700     0.0000     0.0000     0.0000     0.0000     0.0000     0.0000
    14.800     0.0000     0.0000     0.0000     0.0000     0.0000     0.0000
    14.900     0.0000     0.0000     0.0000     0.0000     0.0000     0.0000
    15.000     0.0000     0.0000     0.0000     0.0000     0.0000     0.0000
    15.100     0.0000     0.0000     0.0000     0.0000     0.0000     0.0000
    15.200     0.0000     0.0000     0.0000     0.0000     0.0000     0.0000
    15.300     0.0000     0.0000     0.0000     0.0000     0.0000     0.0000
    15.400     0.0000     0.0000     0.0000     0.0000     0.0000     0.0000
    15.500     0.0000     0.0000     0.0000     0.0000     0.0000     0.0000
    15.600     0.0000     0.0000     0.0000     0.0000     0.0000     0.0000
    15.700     0.0000     0.0000     0.0000     0.0000     0.0000     0.0000
    15.800     0.0000     0.0000     0.0000     0.0000     0.0000     0.0000
    15.900     0.0000     0.0000     0.0000     0.0000     0.0000     0.0000
    16.000     0.0000     0.0000     0.0000     0.0000     0.0000     0.0000
    16.100     0.0000     0.0000     0.0000     0.0000     0.0000     0.0000
    16.200     0.0000     0.0000     0.0000     0.0000     0.0000     0.0000
    16.300     0.0000     0.0000     0.0000     0.0000     0.0000     0.0000
    16.400     0.0000     0.0000     0.0000     0.0000     0.0000     0.0000
    16.500     0.0000     0.0000     0.0000     0.0000     0.0000     0.0000
    16.600     0.0000     0.0000     0.0000     0.0000     0.0000     0.0000
    16.700     0.0000     0.0000     0.0000     0.0000     0.0000     0.0000
    16.800     0.0000     0.0000     0.0000     0.0000     0.0000     0.0000
    16.900     0.0000     0.0000     0.0000     0.0000     0.0000     0.0000
    17.000     0.0000     0.0000     0.0000     0.0000     0.0000     0.0000
    17.100     0.0000     0.0000     0.0000     0.0000     0.0000     0.0000
    17.200     0.0000     0.0000     0.0000     0.0000     0.0000     0.0000
    17.300     0.0000     0.0000     0.0000     0.0000     0.0000     0.0000
    17.400     0.0000     0.0000     0.0000     0.0000     0.0000     0.0000
    17.500     0.0000     0.0000     0.0000     0.0000     0.0000     0.0000
    17.600     0.0000     0.0000     0.0000     0.0000     0.0000     0.0000
    17.700     0.0000     0.0000     0.0000     0.0000     0.0000     0.0000
    17.800     0.0000     0.0000     0.0000     0.0000     0.0000     0.0000
    17.900     0.0000     0.0000     0.0000     0.0000     0.0000     0.0000
    18.000     0.0000     0.0000     0.0000     0.0000     0.0000     0.0000
    18.100     0.0000     0.0000     0.0000     0.0000     0.0000     0.0000
    18.200     0.0000     0.0000     0.0000     0.0000     0.0000     0.0000
    18.300     0.0000     0.0000     0.0000     0.0000     0.0000     0.0000
    18.400     0.0000     0.0000     0.0000     0.0000     0.0000     0.0000
    18.500     0.0000     0.0000     0.0000     0.0000     0.0000     0.0000
    18.600     0.0000     0.0000     0.0000     0.0000     0.0000     0.0000
    18.700     0.0000     0.0000     0.0000     0.0000     0.0000     0.0000
    18.800     0.0000     0.0000     0.0000     0.0000     0.0000     0.0000
    18.900     0.0000     0.0000     0.0000     0.0000     0.0000     0.0000
    19.000     0.0000     0.0000     0.0000     0.0000     0.0000     0.0000
    19.100     0.0000     0.0000     0.0000     0.0000     0.0000     0.0000
    19.200     0.0000     0.0000     0.0000     0.0000     0.0000     0.0000
    19.300     0.0000     0.0000     0.0000     0.0000     0.0000     0.0000
    19.400     0.0000     0.0000     0.0000     0.0000     0.0000     0.0000
    19.500     0.0000     0.0000     0.0000     0.0000     0.0000     0.0000
    19.600     0.0000     0.0000     0.0000     0.0000     0.0000     0.0000
    19.700     0.0000     0.0000     0.0000     0.0000     0.0000     0.0000
    19.800     0.0000     0.0000     0.0000     0.0000     0.0000     0.0000
    19.900     0.0000     0.0000     0.0000     0.0000     0.0000     0.0000
    20.000     0.0000     0.0000     0.0000     0.0000     0.0000     0.0000
    20.100     0.0000     0.0000     0.0000     0.0000     0.0000     0.0000
    20.200     0.0000     0.0000     0.0000     0.0000     0.0000     0.0000
    20.300     0.0000     0.0000     0.0000     0.0000     0.0000     0.0000
    20.400     0.0000     0.0000     0.0000     0.0000     0.0000     0.0000
    20.500     0.0000     0.0000     0.0000     0.0000     0.0000     0.0000
    20.600     0.0000     0.0000     0.0000     0.0000     0.0000     0.0000
    20.700     0.0000     0.0000     0.0000     0.0000     0.0000     0.0000
    20.800     0.0000     0.0000     0.0000     0.0000     0.0000     0.0000
    20.900     0.0000     0.0000     0.0000     0.0000     0.0000     0.0000
    21.000     0.0000     0.0000     0.0000     0.0000     0.0000     0.0000
    21.100     0.0000     0.0000     0.0000     0.0000     0.0000     0.0000
    21.200     0.0000     0.0000     0.0000     0.0000     0.0000     0.0000
    21.300     0.0000     0.0000     0.0000     0.0000     0.0000     0.0000
    21.400     0.0000     0.0000     0.0000     0.0000     0.0000     0.0000
    21.500     0.0000     0.0000     0.0000     0.0000     0.0000     0.0000
    21.600     0.0000     0.0000     0.0000     0.0000     0.0000     0.0000
    21.700     0.0000     0.0000     0.0000     0.0000     0.0000     0.0000
    21.800     0.0000     0.0000     0.0000     0.0000     0.0000     0.0000
    21.900     0.0000     0.0000     0.0000     0.0000     0.0000     0.0000
    22.000     0.0000     0.0000     0.0000     0.0000     0.0000     0.0000
    22.100     0.0000     0.0000     0.0000     0.0000     0.0000     0.0000
    22.200     0.0000     0.0000     0.0000     0.0000     0.0000     0.0000
    22.300     0.0000     0.0000     0.0000     0.0000     0.0000     0.0000
    22.400     0.0000     0.0000     0.0000     0.0000     0.0000     0.0000
    22.500     0.0000     0.0000     0.0000     0.0000     0.0000     0.0000
    22.600     0.0000     0.0000     0.0000     0.0000     0.0000     0.0000
    22.700     0.0000     0.0000     0.0000     0.0000     0.0000     0.0000
    22.800     0.0000     0.0000     0.0000     0.0000     0.0000     0.0000
    22.900     0.0000     0.0000     0.0000     0.0000     0.0000     0.0000
    23.000     0.0000     0.0000     0.0000     0.0000     0.0000     0.0000
    23.100     0.0000     0.0000     0.0000     0.0000     0.0000     0.0000
    23.200     0.0000     0.0000     0.0000     0.0000     0.0000     0.0000
    23.300     0.0000     0.0000     0.0000     0.0000     0.0000     0.0000
    23.400     0.0000     0.0000     0.0000     0.0000     0.0000     0.0000
    23.500     0.0000     0.0000     0.0000     0.0000     0.0000     0.0000
    23.600     0.0000     0.0000     0.0000     0.0000     0.0000     0.0000
    23.700     0.0000     0.0000     0.0000     0.0000     0.0000     0.0000
    23.800     0.0000     0.0000     0.0000     0.0000     0.0000     0.0000
    23.900     0.0000     0.0000     0.0000     0.0000     0.0000     0.0000
    24.000     0.0000     0.0000     0.0000     0.0000     0.0000     0.0000
    24.100     0.0000     0.0000     0.0000     0.0000     0.0000     0.0000
    24.200     0.0000     0.0000     0.0000     0.0000     0.0000     0.0000
    24.300     0.0000     0.0000     0.0000     0.0000     0.0000     0.0000
    24.400     0.0000     0.0000     0.0000     0.0000     0.0000     0.0000
    24.500     0.0000     0.0000     0.0000     0.0000     0.0000     0.0000
    24.600     0.0000     0.0000     0.0000     0.0000     0.0000     0.0000
    24.700     0.0000     0.0000     0.0000     0.0000     0.0000     0.0000
    24.800     0.0000     0.0000     0.0000     0.0000     0.0000     0.0000
    24.900     0.0000     0.0000     0.0000     0.0000     0.0000     0.0000
    25.000     0.0000     0.0000     0.0000     0.0000     0.0000     0.0000
    25.100     0.0000     0.0000     0.0000     0.0000     0.0000     0.0000

 BPM: Using the real scalar part of the  Elastic Channel Potential

 Incident energy (cm) =  19.191. Fusion inside radius of   3.897 fm.

 L =  0, Barrier =  3.62-17.12, Peak @  7.50  3.62, Tl = 1.0000: Xsec-F =   9.485 mb
 L =  1, Barrier =  3.78-16.91, Peak @  7.40  3.78, Tl = 1.0000: Xsec-F =  28.454 mb
 L =  2, Barrier =  4.53-16.46, Peak @  7.10  4.53, Tl = 1.0000: Xsec-F =  47.424 mb
 L =  3, Barrier =  5.37-15.74, Peak @  6.80  5.37, Tl = 1.0000: Xsec-F =  66.393 mb
 L =  4, Barrier =  6.89-14.67, Peak @  6.40  6.89, Tl = 1.0000: Xsec-F =  85.362 mb
 L =  5, Barrier =  8.13-13.18, Peak @  6.10  8.13, Tl = 1.0000: Xsec-F = 104.328 mb
 L =  6, Barrier =  9.56-11.20, Peak @  5.80  9.56, Tl = 0.9994: Xsec-F = 123.223 mb
 L =  7, Barrier = 12.16 -8.61, Peak @  5.40 12.16, Tl = 0.9885: Xsec-F = 140.630 mb
 L =  8, Barrier = 14.06 -5.30, Peak @  5.10 14.06, Tl = 0.9142: Xsec-F = 147.406 mb
 L =  9, Barrier = 16.08 -1.08, Peak @  4.80 16.08, Tl = 0.6043: Xsec-F = 108.908 mb
 L = 10, Barrier = 16.08  4.24, Turn @  0.00  5.90, Tl = 0.0553: Xsec-F =  11.023 mb
 L = 11, Barrier = 16.08 11.10, Turn @  0.00  6.60, Tl = 0.0033: Xsec-F =   0.713 mb
 L = 12, Barrier = 16.08 20.08, Turn @  0.00  7.20, Tl = 0.0002: Xsec-F =   0.049 mb
 L = 13, Barrier = 16.08 29.99, Turn @  0.00  7.80, Tl = 0.0000: Xsec-F =   0.003 mb
0Cumulative FUSION cross section by BPM (case 1)   =  0.873E+03  <L> =     5.94  <L**2> =     40.7

 BPM: Using the real scalar part of the  Elastic Channel Potential
 Including CRC local equivalent potential.

 Incident energy (cm) =  19.191. Fusion inside radius of   3.897 fm.

 L =  0, Barrier =  3.62-17.12, Peak @  7.50  3.62, Tl = 1.0000: Xsec-F =   9.485 mb
 L =  1, Barrier =  3.78-16.91, Peak @  7.40  3.78, Tl = 1.0000: Xsec-F =  28.454 mb
 L =  2, Barrier =  4.53-16.46, Peak @  7.10  4.53, Tl = 1.0000: Xsec-F =  47.424 mb
 L =  3, Barrier =  5.37-15.74, Peak @  6.80  5.37, Tl = 1.0000: Xsec-F =  66.393 mb
 L =  4, Barrier =  6.89-14.67, Peak @  6.40  6.89, Tl = 1.0000: Xsec-F =  85.362 mb
 L =  5, Barrier =  8.13-13.18, Peak @  6.10  8.13, Tl = 1.0000: Xsec-F = 104.328 mb
 L =  6, Barrier =  9.56-11.20, Peak @  5.80  9.56, Tl = 0.9994: Xsec-F = 123.223 mb
 L =  7, Barrier = 12.16 -8.61, Peak @  5.40 12.16, Tl = 0.9885: Xsec-F = 140.630 mb
 L =  8, Barrier = 14.06 -5.30, Peak @  5.10 14.06, Tl = 0.9142: Xsec-F = 147.406 mb
 L =  9, Barrier = 16.08 -1.08, Peak @  4.80 16.08, Tl = 0.6043: Xsec-F = 108.908 mb
 L = 10, Barrier = 16.08  4.24, Turn @  0.00  5.90, Tl = 0.0553: Xsec-F =  11.023 mb
 L = 11, Barrier = 16.08 11.10, Turn @  0.00  6.60, Tl = 0.0033: Xsec-F =   0.713 mb
 L = 12, Barrier = 16.08 20.08, Turn @  0.00  7.20, Tl = 0.0002: Xsec-F =   0.049 mb
 L = 13, Barrier = 16.08 29.99, Turn @  0.00  7.80, Tl = 0.0000: Xsec-F =   0.003 mb
0Cumulative FUSION cross section by BPM (case 2)   =  0.873E+03  <L> =     5.94  <L**2> =     40.7
0Fusion at  32.000 MeV: Bare =  8.734E+02, Actual =  1.353E+03, BPM-equiv =  8.734E+02 mb

  The following files have been created:
   3:local copy of User input.            6:standard output.                   
  12:transfer kernels.                   13:total cross sections/state.        
  15:local equivalent potentials.        16:tables of cross sections.          
  17:output scattering waves.            35:Astrophysics S-factors  / Ecm.     
  37:output scattering FAM amplitudes.   39:cross sections for each Ecm.       
  40:all cross sectns. for each Elab.    46:bs wave functions & ANC ratios.    
  56:Fusion for each Jtotal.             75:S-factors for lab energies.        
  90:average polarisation potential.     91:polarisation potl for rereading.   
 201:Separate cross sections.           202:Separate cross sections.           
 203:Separate cross sections.           204:Separate cross sections.           
 205:Separate cross sections.           206:Separate cross sections.           
 207:Separate cross sections.           208:Separate cross sections.           
 209:Separate cross sections.           

 PARAMETERS : MAXQRN   MLOC  LMAX1 MCLIST     MFNL  MPWCOUP
    ALLOWED :      6      9     50      5     2916        0
    REQUIRED:      2      9     34      3      265        0


 ACCURACY ANALYSIS at    32.000 MeV :

  Elastic h*k = 0.182 so OK       compared with 0.200

   Real(S-el) > 0.01 first at J =       0.5
   Real(S-el) > 0.10 first at J =       0.5
   Real(S-el) > 0.50 first at J =       8.5
   Real(S-el) > 0.90 first at J =      10.5
   Real(S-el) > 0.99 first at J =      13.5
   R-turn =    17.21 fm    at J =      30.5

 Forward-angle excitation cut off below   3.029 deg by max JT =      30.5
                              and below   2.064 deg by max R.


 1: Recommended RNL: non-local width >  10.10 cf:  15.00 fm: OK      
    Recommended CENTRE: centration   ~  -0.05 cf:   1.00 fm


 2: Recommended RNL: non-local width >   7.50 cf:  15.00 fm: OK      
    Recommended CENTRE: centration   ~  -1.05 cf:   1.00 fm


 3: Recommended RNL: non-local width >  10.00 cf:  15.00 fm: OK      
    Recommended CENTRE: centration   ~   0.00 cf:   1.00 fm


 4: Recommended RNL: non-local width >  10.00 cf:  15.00 fm: OK      
    Recommended CENTRE: centration   ~   0.00 cf:   1.00 fm


 5: Recommended RNL: non-local width >  10.00 cf:  15.00 fm: OK      
    Recommended CENTRE: centration   ~   0.00 cf:   1.00 fm


 6: Recommended RNL: non-local width >  10.00 cf:  15.00 fm: OK      
    Recommended CENTRE: centration   ~   0.00 cf:   1.00 fm


 7: Recommended RNL: non-local width >  10.00 cf:  15.00 fm: OK      
    Recommended CENTRE: centration   ~   0.00 cf:   1.00 fm


 8: Recommended RNL: non-local width >  10.00 cf:  15.00 fm: OK      
    Recommended CENTRE: centration   ~   0.00 cf:   1.00 fm

 Total CPU  0 time =      36.87 seconds
