Running on jalapeno
 FRESCOX - version 7.2-4-g8e5699f: Coupled Reaction Channels             on gfortran                      

 Assuming NAMELIST input.

 12C(d,p)13C | E_beam = 16MeV | DWBA | Ex = 6.8640MeV                                                                    

   0.100  55.000   0.200   0.200  30.000  -6.000   0.000   0.000   0.000   0.000

 Centre-of-mass Range is    552 * 0.1000 fm., Maximum at  55.00 fm., Interpolating NL forms every  0.20 fm.
 Non - locality width is    151 * 0.2000 fm., Maximum of  30.00 fm., Centred at -6.00 fm.
 2-Nucleon Separation of      0 * 0.2000 fm., Maximum of   0.00 fm., Minimum at  0.00 fm.
 Maximum single particle bins of 55.0000 fm.
               M,Mint =          551         551


 Range of total J is     0.0 <= J <=    20.0 (at least     0.0) and Absorbtion =>     0.0000 mb.
 Dry Run = F, CC set limits =  0  0, Relativistic kinematics =   , Both/Far/Near Analyses =  1                     

 Cross Sections (and up to T0 for 0=projectile) for Theta from   0.0 to 180.0 in steps of  0.5 degrees, DGAM=0, grace=T,  Coordinates = 1 (Mads,Tran)

 Lower Radial Cutoff = maximum of -1.60*L*h &       0.0 fm.,  Lower Cutoff for Couplings =   0.0  fm.


 Iterate Couplings between   0 and   1 times, to  0.000 % if sooner.                                          
  Block solved exactly =   1 chs., with Pade = 1 & Isocen =  =0, NOSOL = F, CCREAL = F, initwf =  0
    Small channels are  0.00E+00 and small couplings are  1.00E-12 of unitarity

  NL quadrature with   48 Gaussian points, Calculate multipoles up to    30 from   0
  M-transfers for lp+lt greater than or equal to  6, Angular Integration Cutoff below  0.3906 %


 Trace switches are :  CHANS =  1, LISTCC =  1, TRENEG =  0, CDETR =  0, SMATS =  2, XSTABL =  3, NLPL =  0

                       WAVES =  0, LAMPL = -3, VEFF =  1, KFUS =  0, WDISK =  0, BPM =  1, MELFIL =  0

                       CDCC =  0, NFUS =  0, TCFILE =  0

 CAUTION: WAVE FUNCTIONS ARE NOT IMPROVED BY PADE ACCELERATION - ONLY THE S-MATRIX ELEMENTS.

          WAVE FUNCTIONS SIMPLY RESCALED BY S-MATRIX CORRECTIONS

 Using unit mass = 1.000000 amu and 1/fine-structure constant = 137.03599 ( 1.000000 * true ) with hc = 197.32705 MeV.fm,
  thus 2*amu/hbar^2 = 0.0478450 = 1/20.9008 and Coulomb constant = 0.1574855 so e^2 =  1.43996515, and nuclear magneton= 0.1261183

 Now pre-scan input and save to file 3



 *********** PARTITION NUMBER  1 ******************************************************************************************

   PROJ=2H         MASS=  2.0141 Z=   1.0,        # STATES=    1T, TARG=12C      MASS= 12.0000 Z=   6.0,     Q-VALUE =   0.0000 MeV

   MIXPOT =  0: no couplings (default)

     1:  J= 1.0+ (B# 1), E=  0.0000, K= 0.0              Potl#  1       J= 0.0+ (B# 1), E=  0.0000, K= 0.0    


 *********** PARTITION NUMBER  2 ******************************************************************************************

   PROJ=1H         MASS=  1.0078 Z=   1.0,        # STATES=    1T, TARG=13C      MASS= 13.0034 Z=   6.0,     Q-VALUE =   2.7217 MeV

   MIXPOT =  0: no couplings (default)

     1:  J= 0.5+ (B# 1), E=  0.0000, K= 0.5              Potl#  2       J= 2.5+ (B# 1), E=  6.8640, K= 0.5    


 ************************************************************************************************************************************

 The following POTENTIALS are defined :

  KP#       TYPE      IT    SHAPE      at     V1        r1        a1        V2        r2        a2        A-in     A-used


                                            A#1       A#2        r0c       ac                                                h @ 1
    1    0=Coulomb       0=CHARGE (WS)  1    12.000     0.000    1.3000    0.0000    0.0000    0.0000     0.000    12.000   0.10000

    1    1=Volume        0=Woods-Saxon  2  110.7000    0.9000    0.8010    0.0000    0.0000    0.0000     0.000    12.000

    1    2=Surface       0=Woods-Saxon  3    0.0000    0.0000    0.0000    9.2000    1.4200    0.7940     0.000    12.000

    1    3=Projtl S.O.   0=Woods-Saxon  4    4.6600    0.9000    0.5510    0.0000    0.0000    0.0000     0.000    12.000
   --------------------------------------------------------------------------------------------------------------------

                                            A#1       A#2        r0c       ac                                                h @ 2
    2    0=Coulomb       0=CHARGE (WS)  5    13.000     0.000    1.1404    0.0000    0.0000    0.0000     0.000    13.000   0.10000

    2    1=Volume        0=Woods-Saxon  6   60.2330    1.1404    0.5700    0.0000    0.0000    0.0000     0.000    13.000

    2    2=Surface       0=Woods-Saxon  7    0.0000    0.0000    0.0000    9.7970    1.1404    0.5000     0.000    13.000

    2    3=Projtl S.O.   0=Woods-Saxon  8    5.5000    1.1404    0.5700    0.0000    0.0000    0.0000     0.000    13.000
   --------------------------------------------------------------------------------------------------------------------

                                            A#1       A#2        r0c       ac                                                h @ 0
    3    0=Coulomb       0=CHARGE (WS)  9     1.000     0.000    1.2500    0.0000    0.0000    0.0000     0.000     1.000   0.10000

    3    1=Volume        5=RSC T=0     10    1.0000    0.0000    1.0000    0.0000    0.0000    0.0000     0.000     1.000

    3    3=Projtl S.O.   5=RSC T=0     11    1.0000    0.0000    1.0000    0.0000    0.0000    0.0000     0.000     1.000

    3    4=Target S.O.   5=RSC T=0     12    1.0000    0.0000    1.0000    0.0000    0.0000    0.0000     0.000     1.000

    3    7=Prj+Targ Tr   5=RSC T=0     13    1.0000    0.0000    1.0000    0.0000    0.0000    0.0000     0.000     1.000
   --------------------------------------------------------------------------------------------------------------------

                                            A#1       A#2        r0c       ac                                                h @ 0
    4    0=Coulomb       0=CHARGE (WS) 14    12.000     0.000    1.2500    0.0000    0.0000    0.0000     0.000    12.000   0.10000

    4    1=Volume        0=Woods-Saxon 15   50.0000    1.2500    0.6500    0.0000    0.0000    0.0000     0.000    12.000

    4    3=Projtl S.O.   0=Woods-Saxon 16    6.0000    1.2500    0.6500    0.0000    0.0000    0.0000     0.000    12.000


 ************************************************************************************************************************************

 The following    real SINGLE-PARTICLE FORM FACTORS are  constructed:


 No.   P1 P2 IN KIND T N  L  S1 IA J/S  IB BIND XFER  BE    SC PC FIL AFRAC Adjust  to  Z  Mass   K     Norm    rms      D0     D   ANC/Gsp

    Parameters      Mismatch   Nodes -> 1 in ch  1

      2.224600     0.00085590     1    22
      2.233565     0.00000059     1    22

 For Channel #  1 with l = 0,  j =  0.5, around core state #  1

   R    Y(R)
   0.00   0.0000E+00,    0.20   3.1761E-03,    0.40   4.6973E-02,    0.60   1.6251E-01,    0.80   3.0264E-01,    1.00   4.1526E-01, 
   1.20   4.8549E-01,    1.40   5.2046E-01,    1.60   5.3183E-01,    1.80   5.2901E-01,    2.00   5.1815E-01,    2.20   5.0297E-01, 
   2.40   4.8561E-01,    2.60   4.6729E-01,    2.80   4.4869E-01,    3.00   4.3022E-01,    3.20   4.1210E-01,    3.40   3.9446E-01, 
   3.60   3.7737E-01,    3.80   3.6087E-01,    4.00   3.4499E-01,    4.20   3.2972E-01,    4.40   3.1506E-01,    4.60   3.0100E-01, 
   4.80   2.8753E-01,    5.00   2.7464E-01,    5.20   2.6230E-01,    5.40   2.5050E-01,    5.60   2.3921E-01,    5.80   2.2842E-01, 
   6.00   2.1810E-01,    6.20   2.0825E-01,    6.40   1.9883E-01,    6.60   1.8984E-01,    6.80   1.8124E-01,    7.00   1.7304E-01, 
   7.20   1.6520E-01,    7.40   1.5772E-01,    7.60   1.5057E-01,    7.80   1.4375E-01,    8.00   1.3723E-01,    8.20   1.3101E-01, 
   8.40   1.2507E-01,    8.60   1.1940E-01,    8.80   1.1399E-01,    9.00   1.0882E-01,    9.20   1.0389E-01,    9.40   9.9175E-02, 
   9.60   9.4678E-02,    9.80   9.0384E-02,   10.00   8.6285E-02,   10.20   8.2371E-02,   10.40   7.8635E-02,   10.60   7.5069E-02, 
  10.80   7.1664E-02,   11.00   6.8413E-02,   11.20   6.5310E-02,   11.40   6.2348E-02,   11.60   5.9520E-02,   11.80   5.6820E-02, 
  12.00   5.4243E-02,   12.20   5.1783E-02,   12.40   4.9434E-02,   12.60   4.7191E-02,   12.80   4.5051E-02,   13.00   4.3007E-02, 
  13.20   4.1057E-02,   13.40   3.9194E-02,   13.60   3.7416E-02,   13.80   3.5719E-02,   14.00   3.4099E-02,   14.20   3.2552E-02, 
  14.40   3.1076E-02,   14.60   2.9666E-02,   14.80   2.8320E-02,   15.00   2.7036E-02,   15.20   2.5809E-02,   15.40   2.4639E-02, 
  15.60   2.3521E-02,   15.80   2.2454E-02,   16.00   2.1436E-02,   16.20   2.0463E-02,   16.40   1.9535E-02,   16.60   1.8649E-02, 
  16.80   1.7803E-02,   17.00   1.6996E-02,   17.20   1.6225E-02,   17.40   1.5489E-02,   17.60   1.4786E-02,   17.80   1.4115E-02, 
  18.00   1.3475E-02,   18.20   1.2864E-02,   18.40   1.2280E-02,   18.60   1.1723E-02,   18.80   1.1192E-02,   19.00   1.0684E-02, 
  19.20   1.0199E-02,   19.40   9.7367E-03,   19.60   9.2950E-03,   19.80   8.8734E-03,   20.00   8.4709E-03,   20.20   8.0867E-03, 
  20.40   7.7198E-03,   20.60   7.3697E-03,   20.80   7.0354E-03,   21.00   6.7163E-03,   21.20   6.4116E-03,   21.40   6.1208E-03, 
  21.60   5.8431E-03,   21.80   5.5781E-03,   22.00   5.3251E-03,   22.20   5.0835E-03,   22.40   4.8529E-03,   22.60   4.6328E-03, 
  22.80   4.4227E-03,   23.00   4.2220E-03,   23.20   4.0305E-03,   23.40   3.8477E-03,   23.60   3.6732E-03,   23.80   3.5066E-03, 
  24.00   3.3475E-03,   24.20   3.1957E-03,   24.40   3.0507E-03,   24.60   2.9123E-03,   24.80   2.7802E-03,   25.00   2.6541E-03, 
  25.20   2.5337E-03,   25.40   2.4188E-03,   25.60   2.3091E-03,   25.80   2.2043E-03,   26.00   2.1043E-03,   26.20   2.0089E-03, 
  26.40   1.9178E-03,   26.60   1.8308E-03,   26.80   1.7477E-03,   27.00   1.6685E-03,   27.20   1.5928E-03,   27.40   1.5205E-03, 
  27.60   1.4516E-03,   27.80   1.3857E-03,   28.00   1.3229E-03,   28.20   1.2628E-03,   28.40   1.2056E-03,   28.60   1.1509E-03, 
  28.80   1.0987E-03,   29.00   1.0488E-03,   29.20   1.0013E-03,   29.40   9.5585E-04,   29.60   9.1249E-04,   29.80   8.7110E-04, 
  30.00   8.3159E-04,   30.20   7.9387E-04,   30.40   7.5786E-04,   30.60   7.2348E-04,   30.80   6.9066E-04,   31.00   6.5933E-04, 
  31.20   6.2943E-04,   31.40   6.0088E-04,   31.60   5.7362E-04,   31.80   5.4760E-04,   32.00   5.2276E-04,   32.20   4.9905E-04, 
  32.40   4.7641E-04,   32.60   4.5480E-04,   32.80   4.3417E-04,   33.00   4.1448E-04,   33.20   3.9568E-04,   33.40   3.7773E-04, 
  33.60   3.6060E-04,   33.80   3.4424E-04,   34.00   3.2862E-04,   34.20   3.1372E-04,   34.40   2.9949E-04,   34.60   2.8590E-04, 
  34.80   2.7293E-04,   35.00   2.6055E-04,   35.20   2.4873E-04,   35.40   2.3745E-04,   35.60   2.2668E-04,   35.80   2.1640E-04, 
  36.00   2.0658E-04,   36.20   1.9721E-04,   36.40   1.8827E-04,   36.60   1.7973E-04,   36.80   1.7157E-04,   37.00   1.6379E-04, 
  37.20   1.5636E-04,   37.40   1.4927E-04,   37.60   1.4250E-04,   37.80   1.3604E-04,   38.00   1.2986E-04,   38.20   1.2397E-04, 
  38.40   1.1835E-04,   38.60   1.1298E-04,   38.80   1.0786E-04,   39.00   1.0296E-04,   39.20   9.8294E-05,   39.40   9.3836E-05, 
  39.60   8.9579E-05,   39.80   8.5516E-05,   40.00   8.1637E-05,   40.20   7.7934E-05,   40.40   7.4399E-05,   40.60   7.1024E-05, 
  40.80   6.7802E-05,   41.00   6.4727E-05,   41.20   6.1791E-05,   41.40   5.8988E-05,   41.60   5.6312E-05,   41.80   5.3758E-05, 
  42.00   5.1319E-05,   42.20   4.8992E-05,   42.40   4.6769E-05,   42.60   4.4648E-05,   42.80   4.2623E-05,   43.00   4.0689E-05, 
  43.20   3.8844E-05,   43.40   3.7082E-05,   43.60   3.5400E-05,   43.80   3.3794E-05,   44.00   3.2261E-05,   44.20   3.0798E-05, 
  44.40   2.9401E-05,   44.60   2.8067E-05,   44.80   2.6794E-05,   45.00   2.5579E-05,   45.20   2.4418E-05,   45.40   2.3311E-05, 
  45.60   2.2253E-05,   45.80   2.1244E-05,   46.00   2.0280E-05,   46.20   1.9360E-05,   46.40   1.8482E-05,   46.60   1.7644E-05, 
  46.80   1.6843E-05,   47.00   1.6079E-05,   47.20   1.5350E-05,   47.40   1.4654E-05,   47.60   1.3989E-05,   47.80   1.3355E-05, 
  48.00   1.2749E-05,   48.20   1.2170E-05,   48.40   1.1618E-05,   48.60   1.1091E-05,   48.80   1.0588E-05,   49.00   1.0108E-05, 
  49.20   9.6495E-06,   49.40   9.2118E-06,   49.60   8.7940E-06,   49.80   8.3951E-06,   50.00   8.0143E-06,   50.20   7.6507E-06, 
  50.40   7.3037E-06,   50.60   6.9724E-06,   50.80   6.6561E-06,   51.00   6.3542E-06,   51.20   6.0660E-06,   51.40   5.7908E-06, 
  51.60   5.5282E-06,   51.80   5.2774E-06,   52.00   5.0380E-06,   52.20   4.8095E-06,   52.40   4.5913E-06,   52.60   4.3831E-06, 
  52.80   4.1843E-06,   53.00   3.9945E-06,   53.20   3.8133E-06,   53.40   3.6403E-06,   53.60   3.4752E-06,   53.80   3.3175E-06, 
  54.00   3.1671E-06,   54.20   3.0234E-06,   54.40   2.8863E-06,   54.60   2.7553E-06,   54.80   2.6304E-06,   55.00   2.5110E-06, 

 For Channel #  2 with l = 2,  j =  1.5, around core state #  1

   R    Y(R)
   0.00   0.0000E+00,    0.20   1.1967E-03,    0.40   1.8951E-02,    0.60   6.7506E-02,    0.80   1.2495E-01,    1.00   1.6603E-01, 
   1.20   1.8505E-01,    1.40   1.8763E-01,    1.60   1.8072E-01,    1.80   1.6925E-01,    2.00   1.5612E-01,    2.20   1.4283E-01, 
   2.40   1.3011E-01,    2.60   1.1827E-01,    2.80   1.0742E-01,    3.00   9.7570E-02,    3.20   8.8660E-02,    3.40   8.0626E-02, 
   3.60   7.3391E-02,    3.80   6.6879E-02,    4.00   6.1017E-02,    4.20   5.5737E-02,    4.40   5.0980E-02,    4.60   4.6688E-02, 
   4.80   4.2812E-02,    5.00   3.9308E-02,    5.20   3.6137E-02,    5.40   3.3262E-02,    5.60   3.0654E-02,    5.80   2.8283E-02, 
   6.00   2.6126E-02,    6.20   2.4160E-02,    6.40   2.2366E-02,    6.60   2.0727E-02,    6.80   1.9228E-02,    7.00   1.7855E-02, 
   7.20   1.6595E-02,    7.40   1.5438E-02,    7.60   1.4374E-02,    7.80   1.3395E-02,    8.00   1.2493E-02,    8.20   1.1660E-02, 
   8.40   1.0891E-02,    8.60   1.0180E-02,    8.80   9.5214E-03,    9.00   8.9116E-03,    9.20   8.3460E-03,    9.40   7.8211E-03, 
   9.60   7.3333E-03,    9.80   6.8798E-03,   10.00   6.4578E-03,   10.20   6.0647E-03,   10.40   5.6984E-03,   10.60   5.3566E-03, 
  10.80   5.0377E-03,   11.00   4.7397E-03,   11.20   4.4613E-03,   11.40   4.2008E-03,   11.60   3.9571E-03,   11.80   3.7289E-03, 
  12.00   3.5151E-03,   12.20   3.3146E-03,   12.40   3.1267E-03,   12.60   2.9503E-03,   12.80   2.7846E-03,   13.00   2.6291E-03, 
  13.20   2.4829E-03,   13.40   2.3455E-03,   13.60   2.2163E-03,   13.80   2.0947E-03,   14.00   1.9803E-03,   14.20   1.8726E-03, 
  14.40   1.7711E-03,   14.60   1.6754E-03,   14.80   1.5853E-03,   15.00   1.5003E-03,   15.20   1.4202E-03,   15.40   1.3446E-03, 
  15.60   1.2733E-03,   15.80   1.2059E-03,   16.00   1.1423E-03,   16.20   1.0823E-03,   16.40   1.0255E-03,   16.60   9.7192E-04, 
  16.80   9.2125E-04,   17.00   8.7336E-04,   17.20   8.2807E-04,   17.40   7.8523E-04,   17.60   7.4471E-04,   17.80   7.0638E-04, 
  18.00   6.7010E-04,   18.20   6.3576E-04,   18.40   6.0325E-04,   18.60   5.7248E-04,   18.80   5.4333E-04,   19.00   5.1572E-04, 
  19.20   4.8957E-04,   19.40   4.6479E-04,   19.60   4.4131E-04,   19.80   4.1906E-04,   20.00   3.9796E-04,   20.20   3.7797E-04, 
  20.40   3.5901E-04,   20.60   3.4103E-04,   20.80   3.2398E-04,   21.00   3.0780E-04,   21.20   2.9246E-04,   21.40   2.7791E-04, 
  21.60   2.6410E-04,   21.80   2.5099E-04,   22.00   2.3855E-04,   22.20   2.2675E-04,   22.40   2.1554E-04,   22.60   2.0491E-04, 
  22.80   1.9481E-04,   23.00   1.8522E-04,   23.20   1.7611E-04,   23.40   1.6746E-04,   23.60   1.5925E-04,   23.80   1.5144E-04, 
  24.00   1.4403E-04,   24.20   1.3699E-04,   24.40   1.3030E-04,   24.60   1.2394E-04,   24.80   1.1790E-04,   25.00   1.1216E-04, 
  25.20   1.0671E-04,   25.40   1.0152E-04,   25.60   9.6595E-05,   25.80   9.1911E-05,   26.00   8.7457E-05,   26.20   8.3223E-05, 
  26.40   7.9198E-05,   26.60   7.5370E-05,   26.80   7.1731E-05,   27.00   6.8270E-05,   27.20   6.4979E-05,   27.40   6.1849E-05, 
  27.60   5.8872E-05,   27.80   5.6041E-05,   28.00   5.3347E-05,   28.20   5.0785E-05,   28.40   4.8348E-05,   28.60   4.6030E-05, 
  28.80   4.3824E-05,   29.00   4.1725E-05,   29.20   3.9728E-05,   29.40   3.7828E-05,   29.60   3.6020E-05,   29.80   3.4299E-05, 
  30.00   3.2662E-05,   30.20   3.1104E-05,   30.40   2.9621E-05,   30.60   2.8209E-05,   30.80   2.6866E-05,   31.00   2.5587E-05, 
  31.20   2.4370E-05,   31.40   2.3211E-05,   31.60   2.2109E-05,   31.80   2.1059E-05,   32.00   2.0059E-05,   32.20   1.9107E-05, 
  32.40   1.8201E-05,   32.60   1.7339E-05,   32.80   1.6517E-05,   33.00   1.5735E-05,   33.20   1.4990E-05,   33.40   1.4281E-05, 
  33.60   1.3606E-05,   33.80   1.2963E-05,   34.00   1.2351E-05,   34.20   1.1767E-05,   34.40   1.1212E-05,   34.60   1.0683E-05, 
  34.80   1.0179E-05,   35.00   9.6992E-06,   35.20   9.2421E-06,   35.40   8.8068E-06,   35.60   8.3921E-06,   35.80   7.9971E-06, 
  36.00   7.6208E-06,   36.20   7.2624E-06,   36.40   6.9210E-06,   36.60   6.5957E-06,   36.80   6.2858E-06,   37.00   5.9906E-06, 
  37.20   5.7093E-06,   37.40   5.4414E-06,   37.60   5.1861E-06,   37.80   4.9428E-06,   38.00   4.7111E-06,   38.20   4.4903E-06, 
  38.40   4.2799E-06,   38.60   4.0794E-06,   38.80   3.8883E-06,   39.00   3.7063E-06,   39.20   3.5329E-06,   39.40   3.3676E-06, 
  39.60   3.2101E-06,   39.80   3.0600E-06,   40.00   2.9169E-06,   40.20   2.7806E-06,   40.40   2.6507E-06,   40.60   2.5269E-06, 
  40.80   2.4089E-06,   41.00   2.2964E-06,   41.20   2.1893E-06,   41.40   2.0871E-06,   41.60   1.9898E-06,   41.80   1.8970E-06, 
  42.00   1.8085E-06,   42.20   1.7242E-06,   42.40   1.6439E-06,   42.60   1.5673E-06,   42.80   1.4943E-06,   43.00   1.4247E-06, 
  43.20   1.3584E-06,   43.40   1.2951E-06,   43.60   1.2349E-06,   43.80   1.1774E-06,   44.00   1.1226E-06,   44.20   1.0704E-06, 
  44.40   1.0207E-06,   44.60   9.7320E-07,   44.80   9.2797E-07,   45.00   8.8485E-07,   45.20   8.4374E-07,   45.40   8.0455E-07, 
  45.60   7.6719E-07,   45.80   7.3156E-07,   46.00   6.9760E-07,   46.20   6.6522E-07,   46.40   6.3435E-07,   46.60   6.0492E-07, 
  46.80   5.7686E-07,   47.00   5.5010E-07,   47.20   5.2459E-07,   47.40   5.0027E-07,   47.60   4.7708E-07,   47.80   4.5497E-07, 
  48.00   4.3389E-07,   48.20   4.1378E-07,   48.40   3.9461E-07,   48.60   3.7634E-07,   48.80   3.5891E-07,   49.00   3.4229E-07, 
  49.20   3.2644E-07,   49.40   3.1133E-07,   49.60   2.9693E-07,   49.80   2.8319E-07,   50.00   2.7008E-07,   50.20   2.5759E-07, 
  50.40   2.4568E-07,   50.60   2.3431E-07,   50.80   2.2348E-07,   51.00   2.1315E-07,   51.20   2.0329E-07,   51.40   1.9390E-07, 
  51.60   1.8494E-07,   51.80   1.7639E-07,   52.00   1.6824E-07,   52.20   1.6047E-07,   52.40   1.5306E-07,   52.60   1.4599E-07, 
  52.80   1.3925E-07,   53.00   1.3282E-07,   53.20   1.2669E-07,   53.40   1.2084E-07,   53.60   1.1526E-07,   53.80   1.0994E-07, 
  54.00   1.0487E-07,   54.20   1.0003E-07,   54.40   9.5417E-08,   54.60   9.1016E-08,   54.80   8.6818E-08,   55.00   8.2815E-08, 

 The following  2 components are in a group labelled    1 for   1.0+

 No.   P1 P2 IN KIND T N  L  S1 IA J/S  IB BIND XFER  BE    SC PC FIL AFRAC Adjust  to  Z  Mass   K     Norm    rms      D0     D   ANC/Gsp

    At R=   54.900, ANC in ch  1 is     0.87897

    1:  2  1  1  3   * 1  0 0.5  1 0.5   1   3   0   2.2336  0  3  0 0.0000 BE  2.2336; 0. 1.009 0.2321 0.9671  3.990 -125.3 -129.2  0.8790

    At R=   54.900, ANC in ch  2 is     0.02313

    2:  2  1  1  3     1  2 0.5  1 1.5   1   3   0   2.2336  0  3  0 0.0000 BE  2.2336; 0. 1.009 0.2321 0.2546  2.418   -7.6   -8.3  0.0231

 Overall sq,rms norms & radius =  1.0000  1.0000,  3.9074, & Overall D0 & D =  -132.92  -137.51
 ------------------------------------------------------------------------------------------------------------------------------------

 For Channel #  1 with l = 2,  j =  2.5, around core state #  1

   R    Y(R)
   0.00   0.0000E+00,    0.20   9.9165E-04,    0.40   7.7568E-03,    0.60   2.5236E-02,    0.80   5.6833E-02,    1.00   1.0391E-01, 
   1.20   1.6556E-01,    1.40   2.3870E-01,    1.60   3.1844E-01,    1.80   3.9881E-01,    2.00   4.7358E-01,    2.20   5.3715E-01, 
   2.40   5.8534E-01,    2.60   6.1589E-01,    2.80   6.2857E-01,    3.00   6.2496E-01,    3.20   6.0786E-01,    3.40   5.8068E-01, 
   3.60   5.4684E-01,    3.80   5.0932E-01,    4.00   4.7050E-01,    4.20   4.3211E-01,    4.40   3.9528E-01,    4.60   3.6069E-01, 
   4.80   3.2868E-01,    5.00   2.9935E-01,    5.20   2.7266E-01,    5.40   2.4846E-01,    5.60   2.2659E-01,    5.80   2.0683E-01, 
   6.00   1.8901E-01,    6.20   1.7291E-01,    6.40   1.5837E-01,    6.60   1.4521E-01,    6.80   1.3330E-01,    7.00   1.2250E-01, 
   7.20   1.1269E-01,    7.40   1.0378E-01,    7.60   9.5659E-02,    7.80   8.8256E-02,    8.00   8.1496E-02,    8.20   7.5317E-02, 
   8.40   6.9661E-02,    8.60   6.4477E-02,    8.80   5.9721E-02,    9.00   5.5352E-02,    9.20   5.1336E-02,    9.40   4.7639E-02, 
   9.60   4.4234E-02,    9.80   4.1094E-02,   10.00   3.8197E-02,   10.20   3.5522E-02,   10.40   3.3049E-02,   10.60   3.0762E-02, 
  10.80   2.8645E-02,   11.00   2.6685E-02,   11.20   2.4868E-02,   11.40   2.3183E-02,   11.60   2.1621E-02,   11.80   2.0170E-02, 
  12.00   1.8822E-02,   12.20   1.7571E-02,   12.40   1.6407E-02,   12.60   1.5324E-02,   12.80   1.4317E-02,   13.00   1.3380E-02, 
  13.20   1.2507E-02,   13.40   1.1693E-02,   13.60   1.0935E-02,   13.80   1.0229E-02,   14.00   9.5702E-03,   14.20   8.9557E-03, 
  14.40   8.3823E-03,   14.60   7.8471E-03,   14.80   7.3474E-03,   15.00   6.8808E-03,   15.20   6.4449E-03,   15.40   6.0376E-03, 
  15.60   5.6570E-03,   15.80   5.3011E-03,   16.00   4.9684E-03,   16.20   4.6572E-03,   16.40   4.3662E-03,   16.60   4.0938E-03, 
  16.80   3.8390E-03,   17.00   3.6005E-03,   17.20   3.3772E-03,   17.40   3.1681E-03,   17.60   2.9724E-03,   17.80   2.7890E-03, 
  18.00   2.6172E-03,   18.20   2.4563E-03,   18.40   2.3055E-03,   18.60   2.1641E-03,   18.80   2.0316E-03,   19.00   1.9075E-03, 
  19.20   1.7910E-03,   19.40   1.6818E-03,   19.60   1.5794E-03,   19.80   1.4834E-03,   20.00   1.3933E-03,   20.20   1.3088E-03, 
  20.40   1.2295E-03,   20.60   1.1551E-03,   20.80   1.0853E-03,   21.00   1.0198E-03,   21.20   9.5829E-04,   21.40   9.0055E-04, 
  21.60   8.4635E-04,   21.80   7.9546E-04,   22.00   7.4768E-04,   22.20   7.0281E-04,   22.40   6.6067E-04,   22.60   6.2110E-04, 
  22.80   5.8393E-04,   23.00   5.4901E-04,   23.20   5.1621E-04,   23.40   4.8539E-04,   23.60   4.5644E-04,   23.80   4.2923E-04, 
  24.00   4.0367E-04,   24.20   3.7965E-04,   24.40   3.5707E-04,   24.60   3.3585E-04,   24.80   3.1591E-04,   25.00   2.9716E-04, 
  25.20   2.7954E-04,   25.40   2.6297E-04,   25.60   2.4740E-04,   25.80   2.3275E-04,   26.00   2.1899E-04,   26.20   2.0604E-04, 
  26.40   1.9387E-04,   26.60   1.8242E-04,   26.80   1.7166E-04,   27.00   1.6153E-04,   27.20   1.5201E-04,   27.40   1.4305E-04, 
  27.60   1.3463E-04,   27.80   1.2671E-04,   28.00   1.1925E-04,   28.20   1.1224E-04,   28.40   1.0565E-04,   28.60   9.9440E-05, 
  28.80   9.3601E-05,   29.00   8.8108E-05,   29.20   8.2940E-05,   29.40   7.8077E-05,   29.60   7.3501E-05,   29.80   6.9195E-05, 
  30.00   6.5144E-05,   30.20   6.1330E-05,   30.40   5.7742E-05,   30.60   5.4365E-05,   30.80   5.1186E-05,   31.00   4.8195E-05, 
  31.20   4.5379E-05,   31.40   4.2729E-05,   31.60   4.0235E-05,   31.80   3.7887E-05,   32.00   3.5677E-05,   32.20   3.3596E-05, 
  32.40   3.1638E-05,   32.60   2.9794E-05,   32.80   2.8058E-05,   33.00   2.6424E-05,   33.20   2.4886E-05,   33.40   2.3437E-05, 
  33.60   2.2074E-05,   33.80   2.0790E-05,   34.00   1.9581E-05,   34.20   1.8442E-05,   34.40   1.7370E-05,   34.60   1.6361E-05, 
  34.80   1.5411E-05,   35.00   1.4516E-05,   35.20   1.3673E-05,   35.40   1.2880E-05,   35.60   1.2132E-05,   35.80   1.1429E-05, 
  36.00   1.0766E-05,   36.20   1.0142E-05,   36.40   9.5537E-06,   36.60   9.0001E-06,   36.80   8.4786E-06,   37.00   7.9875E-06, 
  37.20   7.5249E-06,   37.40   7.0893E-06,   37.60   6.6789E-06,   37.80   6.2924E-06,   38.00   5.9283E-06,   38.20   5.5853E-06, 
  38.40   5.2623E-06,   38.60   4.9580E-06,   38.80   4.6714E-06,   39.00   4.4014E-06,   39.20   4.1470E-06,   39.40   3.9074E-06, 
  39.60   3.6817E-06,   39.80   3.4691E-06,   40.00   3.2687E-06,   40.20   3.0800E-06,   40.40   2.9022E-06,   40.60   2.7347E-06, 
  40.80   2.5769E-06,   41.00   2.4282E-06,   41.20   2.2882E-06,   41.40   2.1562E-06,   41.60   2.0319E-06,   41.80   1.9147E-06, 
  42.00   1.8043E-06,   42.20   1.7003E-06,   42.40   1.6024E-06,   42.60   1.5100E-06,   42.80   1.4230E-06,   43.00   1.3411E-06, 
  43.20   1.2638E-06,   43.40   1.1911E-06,   43.60   1.1225E-06,   43.80   1.0579E-06,   44.00   9.9698E-07,   44.20   9.3960E-07, 
  44.40   8.8553E-07,   44.60   8.3458E-07,   44.80   7.8657E-07,   45.00   7.4133E-07,   45.20   6.9869E-07,   45.40   6.5851E-07, 
  45.60   6.2065E-07,   45.80   5.8497E-07,   46.00   5.5134E-07,   46.20   5.1966E-07,   46.40   4.8979E-07,   46.60   4.6165E-07, 
  46.80   4.3512E-07,   47.00   4.1013E-07,   47.20   3.8657E-07,   47.40   3.6437E-07,   47.60   3.4344E-07,   47.80   3.2372E-07, 
  48.00   3.0513E-07,   48.20   2.8762E-07,   48.40   2.7111E-07,   48.60   2.5554E-07,   48.80   2.4088E-07,   49.00   2.2706E-07, 
  49.20   2.1403E-07,   49.40   2.0175E-07,   49.60   1.9017E-07,   49.80   1.7927E-07,   50.00   1.6898E-07,   50.20   1.5929E-07, 
  50.40   1.5016E-07,   50.60   1.4155E-07,   50.80   1.3343E-07,   51.00   1.2578E-07,   51.20   1.1857E-07,   51.40   1.1178E-07, 
  51.60   1.0537E-07,   51.80   9.9331E-08,   52.00   9.3639E-08,   52.20   8.8274E-08,   52.40   8.3217E-08,   52.60   7.8449E-08, 
  52.80   7.3955E-08,   53.00   6.9719E-08,   53.20   6.5726E-08,   53.40   6.1962E-08,   53.60   5.8414E-08,   53.80   5.5069E-08, 
  54.00   5.1916E-08,   54.20   4.8944E-08,   54.40   4.6142E-08,   54.60   4.3501E-08,   54.80   4.1011E-08,   55.00   3.8664E-08, 

    At R=   54.900, ANC in ch  3 is     0.29575

    3:  1  2  2  0     1  2 0.5  1 2.5   0   4   0   1.9141  1  1  0 0.0000 VR  1.1671; 0. 1.005 0.2915 1.0000  3.641  -32.3  -38.2  0.2957

 ************************************************************************************************************************************

 ONE-way COUPLING # 1 for partitions -2 <-  1 of KIND  7,   0 -1  0 -1 -1 & P1,P2 =    0.0000   0.0000 : for J <=    20.5 & R <  54.7 fm.


 data =  1  1  1  1  1.0000,  so  < [2H       #  1] / [1H       #  1]  * Eigen-form #  1>  =   1.0000            BE =  2.234     2

 data = -2  1  1  3  0.3254,  so  < [13C      #  1] / [12C      #  1]  * Eigen-form #  3>  =   0.3254            BE =  1.914     3
  LOCF =           16
  USED(1,*) =  T F F
  USED(2,*) =  F F T
 KNT =   3, KNP =   1: NK,NG,loc=   1   1   1      17  T  T  F
 KNT =   3, KNP =   1: NK,NG,loc=   1   1   1      17

     So FINITE-RANGE TRANSFER : IP1 = 0 (POST    ), IP2=-1 =COMPLEX     ,  for   1 pairs of bound states summed into   1 pairs
      The main coupling potential is that binding the transferred particle to the 1H       core.

          Using between 1H       & 12C      the potential No.   2, and subtracting optical potential No.  2

   A real*8 is            8  bytes
   NLL,NLN,NLO =         275         276         151
0File   9 needs RL =   83050    REAL*8 numbers, and NR =    32. i.e.   21.26 Megabytes
   File            9  RECL =      664400
0RECOMMENDED NON-LOCAL WIDTH IS GREATER THAN    5.40 FM.,  RECOMMENDED CENTRATION  -0.90, after    0.13 secs.
0Relative non-local usages (rms) are
    0.000   0.000   0.000   0.000   0.000   0.000   0.000   0.000   0.000   0.000   0.000   0.000   0.000   0.000   0.000
    0.000   0.000   0.000   0.000   0.000   0.000   0.000   0.000   0.000   0.000   0.000   0.000   0.000   0.000   0.000
    0.000   0.000   0.000   0.000   0.000   0.000   0.000   0.000   0.000   0.000   0.000   0.000   0.000   0.000   0.000
    0.000   0.000   0.000   0.000   0.000   0.000   0.000   0.000   0.000   0.000   0.000   0.000   0.000   0.000   0.000
    0.000   0.000   0.000   0.000   0.000   0.000   0.000   0.000   0.000   0.000   0.000   0.000   0.000   0.000   0.000
    0.000   0.000   0.000   0.000   0.000   0.001   0.001   0.002   0.004   0.007   0.014   0.024   0.042   0.070   0.112
    0.172   0.251   0.348   0.461   0.583   0.706   0.826   0.958   1.182   1.797   3.816  10.331  28.650  58.912  56.899
  100.000  65.428  43.805  29.008  10.066   2.756   0.709   0.196   0.077   0.046   0.031   0.022   0.015   0.010   0.007
    0.005   0.004   0.003   0.002   0.001   0.001   0.001   0.001   0.000   0.000   0.000   0.000   0.000   0.000   0.000
    0.000   0.000   0.000   0.000   0.000   0.000   0.000   0.000   0.000   0.000   0.000   0.000   0.000   0.000   0.000
    0.000
0Binding Energies: (2H       # 1 / 1H       # 1)(BE =  2.234)-(13C      # 1 / 12C      # 1)(BE =  1.914)- DISCREPANCY =  3.8228

 Incoming partition  1 in excitation state # 1,   Laboratory Energy given for partition  1 Nucleus 1 in Excitation pair 1

0Lab. ENERGY ranges :

   from    16.0000     to   0.00000     in        0 intervals
   from    0.00000     to   0.00000     in        0 intervals
   from    0.00000     to   0.00000     in        0 intervals

 Largest real,imaginary parts of any form factor at R=   54.00 are   2.67E-02  6.42E-27 MeV
 Finished all Couplings @   0.150941998    

 Non-symmetric Hamiltonian
1***********************************************************************************************************************************
************************************************************************************************************************************

        INCOMING 2H       ;    LABORATORY 2H       ENERGY =   16.000     MeV.

 ***********************************************************************************************************************************
 ***********************************************************************************************************************************

 Allocate arrays for            3  channels, of which            2  need wfs.

 #########################################################################################################################
 #                                                                                                                       #
 # Total SPIN and PARITY =     0.0 -,      2 channels,    1 in 1st block.  Rmin & Coul turning =    0.0 6.306E-01 fm.    #
 #                                                                                                                       #
 #########################################################################################################################



    C Projectl Target   #   EX.   (L  Proj) J  + Targ = Jtotal     E-cm      Re K     Re Eta     RM*K            CH                     G-REL
    1 2H       12C      #    1: I   1 1.0    0.0  0.0     0.0    13.70049   1.06325   0.33525   58.4787   0.44109   0.23866 1 1 1   1  1.00000
    2 1H       13C      #    1:     3 0.5    2.5  2.5     0.0     9.55819   0.65401   0.29558   35.9705   0.38830   0.32015 2 1 2   1  1.00000

L-couplings:

   1  2  3  1   17  1  2  2.5  1  3  0.0  2.5   1  1.00000  1.00000  0.32540  1.00000 3.253999950000E-01  0.48860    0.159
   S-matrix    1 =   -0.13461  -0.10784 for L=    1, J=    0.0 channel on core I =   0.0 from L=    1,  Acc. loss =  0.0 D.
 Elastic phase shift   1 =  -70.651  50.348 deg. for the L =    1, J =    0.0 channel.
 Final S-matrices (    0.0-) at  0 after  1 accurate to   0.3013 % of J=   20.0 unitarity:  -0.13461 +i*-0.10784,
       0.0 -0.13461196 -0.10783601i: elastic S-matrix  @@      0.00  0   0 F  0  2  2  T
 Reaction Xsec     0.0-/ 1 @ 1 =     8.988 , Out:   0.000#   7.726/   8.980f

 Allocate arrays for            5  channels, of which            5  need wfs.

 Total SPIN, PARITY =     1.0 +,      5 chs,      2 cc.  Rmin & Coul turning =    0.1    1.7
   S-matrix    1 =    0.21675  -0.11446 for L=    0, J=    1.0 channel on core I =   0.0 from L=    0,  Acc. loss =  0.0 D.
 Elastic phase shift   1 =  -13.918  40.279 deg. for the L =    0, J =    1.0 channel.
 Final S-matrices (    1.0+) at  0 after  1 accurate to   0.5657 % of J=   20.0 unitarity:   0.21675 +i*-0.11446,
       1.0  0.21675412 -0.11445642i: elastic S-matrix  @@      0.01  0   0 F  0  2  2  T
 Reaction Xsec     1.0+/ 0 @ 1 =    26.120 , Out:   0.000#   0.057   26.063f

   S-matrix    2 =   -0.12955   0.14283 for L=    2, J=    1.0 channel on core I =   0.0 from L=    2,  Acc. loss =  0.0 D.
 Elastic phase shift   2 =   66.105  47.153 deg. for the L =    2, J =    1.0 channel.
 Final S-matrices (    1.0+) at  0 after  1 accurate to   0.1773 % of J=   20.0 unitarity:  -0.12955 +i* 0.14283,
       1.0 -0.12955060  0.14282938i: elastic S-matrix  @@      0.00  0   0 F  0  2  2  T
 Reaction Xsec     1.0+/ 2 @ 2 =    26.756 , Out:   0.000#   8.721/  26.747f


 Total SPIN, PARITY =     1.0 -,      4 chs,      1 cc.  Rmin & Coul turning =    0.1    1.7
   S-matrix    1 =   -0.06817  -0.15869 for L=    1, J=    1.0 channel on core I =   0.0 from L=    1,  Acc. loss =  0.0 D.
 Elastic phase shift   1 =  -56.624  50.309 deg. for the L =    1, J =    1.0 channel.
 Final S-matrices (    1.0-) at  0 after  1 accurate to   0.7554 % of J=   20.0 unitarity:  -0.06817 +i*-0.15869,
       1.0 -0.06817351 -0.15868842i: elastic S-matrix  @@      0.01  0   0 F  0  2  2  T
 Reaction Xsec     1.0-/ 1 @ 1 =    26.960 , Out:   0.000#   0.091   26.870f

 Allocate arrays for            6  channels, of which            6  need wfs.

 Total SPIN, PARITY =     2.0 +,      6 chs,      1 cc.  Rmin & Coul turning =    0.3    2.6
   S-matrix    1 =   -0.22181   0.03275 for L=    2, J=    2.0 channel on core I =   0.0 from L=    2,  Acc. loss =  0.0 D.
 Elastic phase shift   1 =   85.800  42.833 deg. for the L =    2, J =    2.0 channel.
 Final S-matrices (    2.0+) at  0 after  1 accurate to   0.7359 % of J=   20.0 unitarity:  -0.22181 +i* 0.03275,
       2.0 -0.22181311  0.03275357i: elastic S-matrix  @@      0.01  0   0 F  0  2  2  T
 Reaction Xsec     2.0+/ 2 @ 1 =    43.987 , Out:   0.000#   0.087   43.900f

 Allocate arrays for            7  channels, of which            7  need wfs.

 Total SPIN, PARITY =     2.0 -,      7 chs,      2 cc.  Rmin & Coul turning =    0.3    2.6
   S-matrix    1 =    0.09265  -0.16552 for L=    1, J=    2.0 channel on core I =   0.0 from L=    1,  Acc. loss =  0.0 D.
 Elastic phase shift   1 =  -30.381  47.623 deg. for the L =    1, J =    2.0 channel.
 Final S-matrices (    2.0-) at  0 after  1 accurate to   0.9554 % of J=   20.0 unitarity:   0.09265 +i*-0.16552,
       2.0  0.09265086 -0.16552365i: elastic S-matrix  @@      0.01  0   0 F  0  2  2  T
 Reaction Xsec     2.0-/ 1 @ 1 =    44.649 , Out:   0.000#   0.243   44.406f

   S-matrix    2 =    0.10787  -0.14072 for L=    3, J=    2.0 channel on core I =   0.0 from L=    3,  Acc. loss =  0.0 D.
 Elastic phase shift   2 =  -26.264  49.557 deg. for the L =    3, J =    2.0 channel.
 Final S-matrices (    2.0-) at  0 after  1 accurate to   0.4167 % of J=   20.0 unitarity:   0.10787 +i*-0.14072,
       2.0  0.10786897 -0.14072100i: elastic S-matrix  @@      0.01  0   0 F  0  2  2  T
 Reaction Xsec     2.0-/ 3 @ 2 =    44.860 , Out:   0.000#   0.069   44.790f

 Allocate arrays for            8  channels, of which            8  need wfs.

 Total SPIN, PARITY =     3.0 +,      8 chs,      2 cc.  Rmin & Coul turning =    0.4    3.6
   S-matrix    1 =   -0.14887  -0.16609 for L=    2, J=    3.0 channel on core I =   0.0 from L=    2,  Acc. loss =  0.0 D.
 Elastic phase shift   1 =  -65.935  42.983 deg. for the L =    2, J =    3.0 channel.
 Final S-matrices (    3.0+) at  0 after  1 accurate to   1.1596 % of J=   20.0 unitarity:  -0.14887 +i*-0.16609,
       3.0 -0.14887137 -0.16608990i: elastic S-matrix  @@      0.01  0   0 F  0  2  2  T
 Reaction Xsec     3.0+/ 2 @ 1 =    61.616 , Out:   0.000#   0.289   61.327f

   S-matrix    2 =    0.13894  -0.07385 for L=    4, J=    3.0 channel on core I =   0.0 from L=    4,  Acc. loss =  0.0 D.
 Elastic phase shift   2 =  -13.996  52.979 deg. for the L =    4, J =    3.0 channel.
 Final S-matrices (    3.0+) at  0 after  1 accurate to   0.3146 % of J=   20.0 unitarity:   0.13894 +i*-0.07385,
       3.0  0.13893608 -0.07384939i: elastic S-matrix  @@      0.01  0   0 F  0  2  2  T
 Reaction Xsec     3.0+/ 4 @ 2 =    63.237 , Out:   0.000#   0.022   63.215f


 Total SPIN, PARITY =     3.0 -,      7 chs,      1 cc.  Rmin & Coul turning =    0.4    3.6
   S-matrix    1 =    0.06703   0.03102 for L=    3, J=    3.0 channel on core I =   0.0 from L=    3,  Acc. loss =  0.0 D.
 Elastic phase shift   1 =   12.418  74.644 deg. for the L =    3, J =    3.0 channel.
 Final S-matrices (    3.0-) at  0 after  1 accurate to   1.8605 % of J=   20.0 unitarity:   0.06703 +i* 0.03102,
       3.0  0.06703117  0.03102278i: elastic S-matrix  @@      0.01  0   0 F  0  2  2  T
 Reaction Xsec     3.0-/ 3 @ 1 =    64.488 , Out:   0.000#   0.502   63.986f


 Total SPIN, PARITY =     4.0 +,      7 chs,      1 cc.  Rmin & Coul turning =    0.6    4.5
   S-matrix    1 =    0.20319  -0.13845 for L=    4, J=    4.0 channel on core I =   0.0 from L=    4,  Acc. loss =  0.0 D.
 Elastic phase shift   1 =  -17.136  40.191 deg. for the L =    4, J =    4.0 channel.
 Final S-matrices (    4.0+) at  0 after  1 accurate to   0.4161 % of J=   20.0 unitarity:   0.20319 +i*-0.13845,
       4.0  0.20318504 -0.13845298i: elastic S-matrix  @@      0.01  0   0 F  0  2  2  T
 Reaction Xsec     4.0+/ 4 @ 1 =    78.328 , Out:   0.000#   0.023   78.305f


 Total SPIN, PARITY =     4.0 -,      8 chs,      2 cc.  Rmin & Coul turning =    0.6    4.5
   S-matrix    1 =   -0.13730  -0.04483 for L=    3, J=    4.0 channel on core I =   0.0 from L=    3,  Acc. loss =  0.0 D.
 Elastic phase shift   1 =  -80.958  55.431 deg. for the L =    3, J =    4.0 channel.
 Final S-matrices (    4.0-) at  0 after  1 accurate to   2.1838 % of J=   20.0 unitarity:  -0.13730 +i*-0.04483,
       4.0 -0.13730307 -0.04483310i: elastic S-matrix  @@      0.01  0   0 F  0  2  2  T
 Reaction Xsec     4.0-/ 3 @ 1 =    81.629 , Out:   0.000#   0.589   81.040f

   S-matrix    2 =    0.50222   0.09255 for L=    5, J=    4.0 channel on core I =   0.0 from L=    5,  Acc. loss =  0.0 D.
 Elastic phase shift   2 =    5.221  19.252 deg. for the L =    5, J =    4.0 channel.
 Final S-matrices (    4.0-) at  0 after  1 accurate to   1.0252 % of J=   20.0 unitarity:   0.50222 +i* 0.09255,
       4.0  0.50221574  0.09255271i: elastic S-matrix  @@      0.01  0   0 F  0  2  2  T
 Reaction Xsec     4.0-/ 5 @ 2 =    61.627 , Out:   0.000#   0.146   61.481f


 Total SPIN, PARITY =     5.0 +,      8 chs,      2 cc.  Rmin & Coul turning =    0.8    5.5
   S-matrix    1 =    0.25789   0.00505 for L=    4, J=    5.0 channel on core I =   0.0 from L=    4,  Acc. loss =  0.0 D.
 Elastic phase shift   1 =    0.560  38.818 deg. for the L =    4, J =    5.0 channel.
 Final S-matrices (    5.0+) at  0 after  1 accurate to   2.8642 % of J=   20.0 unitarity:   0.25789 +i* 0.00505,
       5.0  0.25789320  0.00504619i: elastic S-matrix  @@      0.01  0   0 F  0  2  2  T
 Reaction Xsec     5.0+/ 4 @ 1 =    95.115 , Out:   0.000#   0.898   94.217f

   S-matrix    2 =    0.80075   0.08464 for L=    6, J=    5.0 channel on core I =   0.0 from L=    6,  Acc. loss =  0.0 D.
 Elastic phase shift   2 =    3.017   6.207 deg. for the L =    6, J =    5.0 channel.
 Final S-matrices (    5.0+) at  0 after  1 accurate to   0.7378 % of J=   20.0 unitarity:   0.80075 +i* 0.08464,
       5.0  0.80074942  0.08464235i: elastic S-matrix  @@      0.01  0   0 F  0  2  2  T
 Reaction Xsec     5.0+/ 6 @ 2 =    35.830 , Out:   0.000#   0.065   35.765f


 Total SPIN, PARITY =     5.0 -,      7 chs,      1 cc.  Rmin & Coul turning =    0.8    5.5
   S-matrix    1 =    0.47715   0.08154 for L=    5, J=    5.0 channel on core I =   0.0 from L=    5,  Acc. loss =  0.0 D.
 Elastic phase shift   1 =    4.849  20.785 deg. for the L =    5, J =    5.0 channel.
 Final S-matrices (    5.0-) at  0 after  1 accurate to   2.5646 % of J=   20.0 unitarity:   0.47715 +i* 0.08154,
       5.0  0.47714665  0.08154141i: elastic S-matrix  @@      0.01  0   0 F  0  2  2  T
 Reaction Xsec     5.0-/ 5 @ 1 =    78.019 , Out:   0.000#   0.703   77.315f


 Total SPIN, PARITY =     6.0 +,      7 chs,      1 cc.  Rmin & Coul turning =    0.9    6.4
   S-matrix    1 =    0.79543   0.08869 for L=    6, J=    6.0 channel on core I =   0.0 from L=    6,  Acc. loss =  0.0 D.
 Elastic phase shift   1 =    3.181   6.380 deg. for the L =    6, J =    6.0 channel.
 Final S-matrices (    6.0+) at  0 after  1 accurate to   1.7223 % of J=   20.0 unitarity:   0.79543 +i* 0.08869,
       6.0  0.79542799  0.08868920i: elastic S-matrix  @@      0.01  0   0 F  0  2  2  T
 Reaction Xsec     6.0+/ 6 @ 1 =    43.283 , Out:   0.000#   0.296   42.987f


 Total SPIN, PARITY =     6.0 -,      8 chs,      2 cc.  Rmin & Coul turning =    0.9    6.4
   S-matrix    1 =    0.46306   0.03796 for L=    5, J=    6.0 channel on core I =   0.0 from L=    5,  Acc. loss =  0.0 D.
 Elastic phase shift   1 =    2.343  21.960 deg. for the L =    5, J =    6.0 channel.
 Final S-matrices (    6.0-) at  0 after  1 accurate to   3.6982 % of J=   20.0 unitarity:   0.46306 +i* 0.03796,
       6.0  0.46305522  0.03796304i: elastic S-matrix  @@      0.01  0   0 F  0  2  2  T
 Reaction Xsec     6.0-/ 5 @ 1 =    94.427 , Out:   0.000#   1.324   93.103f

   S-matrix    2 =    0.93077   0.03981 for L=    7, J=    6.0 channel on core I =   0.0 from L=    7,  Acc. loss =  0.0 D.
 Elastic phase shift   2 =    1.225   2.029 deg. for the L =    7, J =    6.0 channel.
 Final S-matrices (    6.0-) at  0 after  1 accurate to   0.4428 % of J=   20.0 unitarity:   0.93077 +i* 0.03981,
       6.0  0.93076646  0.03981454i: elastic S-matrix  @@      0.01  0   0 F  0  2  2  T
 Reaction Xsec     6.0-/ 7 @ 2 =    15.906 , Out:   0.000#   0.021   15.886f


 Total SPIN, PARITY =     7.0 +,      8 chs,      2 cc.  Rmin & Coul turning =    1.1    7.4
   S-matrix    1 =    0.78773   0.09277 for L=    6, J=    7.0 channel on core I =   0.0 from L=    6,  Acc. loss =  0.0 D.
 Elastic phase shift   1 =    3.358   6.638 deg. for the L =    6, J =    7.0 channel.
 Final S-matrices (    7.0+) at  0 after  1 accurate to   2.7322 % of J=   20.0 unitarity:   0.78773 +i* 0.09277,
       7.0  0.78772992  0.09276535i: elastic S-matrix  @@      0.01  0   0 F  0  2  2  T
 Reaction Xsec     7.0+/ 6 @ 1 =    51.532 , Out:   0.000#   0.665   50.867f

   S-matrix    2 =    0.97658   0.01531 for L=    8, J=    7.0 channel on core I =   0.0 from L=    8,  Acc. loss =  0.0 D.
 Elastic phase shift   2 =    0.449   0.675 deg. for the L =    8, J =    7.0 channel.
 Final S-matrices (    7.0+) at  0 after  1 accurate to   0.2505 % of J=   20.0 unitarity:   0.97658 +i* 0.01531,
       7.0  0.97657674  0.01531254i: elastic S-matrix  @@      0.01  0   0 F  0  2  2  T
 Reaction Xsec     7.0+/ 8 @ 2 =     6.400 , Out:   0.000#   5.959/   6.394f


 Total SPIN, PARITY =     7.0 -,      7 chs,      1 cc.  Rmin & Coul turning =    1.1    7.4
   S-matrix    1 =    0.93018   0.04117 for L=    7, J=    7.0 channel on core I =   0.0 from L=    7,  Acc. loss =  0.0 D.
 Elastic phase shift   1 =    1.267   2.046 deg. for the L =    7, J =    7.0 channel.
 Final S-matrices (    7.0-) at  0 after  1 accurate to   0.9719 % of J=   20.0 unitarity:   0.93018 +i* 0.04117,
       7.0  0.93017594  0.04116541i: elastic S-matrix  @@      0.01  0   0 F  0  2  2  T
 Reaction Xsec     7.0-/ 7 @ 1 =    18.491 , Out:   0.000#   0.088   18.403f


 Total SPIN, PARITY =     8.0 +,      7 chs,      1 cc.  Rmin & Coul turning =    1.2    8.3
   S-matrix    1 =    0.97652   0.01563 for L=    8, J=    8.0 channel on core I =   0.0 from L=    8,  Acc. loss =  0.0 D.
 Elastic phase shift   1 =    0.458   0.677 deg. for the L =    8, J =    8.0 channel.
 Final S-matrices (    8.0+) at  0 after  1 accurate to   0.5260 % of J=   20.0 unitarity:   0.97652 +i* 0.01563,
       8.0  0.97651866  0.01562769i: elastic S-matrix  @@      0.01  0   0 F  0  2  2  T
 Reaction Xsec     8.0+/ 8 @ 1 =     7.270 , Out:   0.000#   0.024    7.246f


 Total SPIN, PARITY =     8.0 -,      8 chs,      2 cc.  Rmin & Coul turning =    1.2    8.3
   S-matrix    1 =    0.92943   0.04274 for L=    7, J=    8.0 channel on core I =   0.0 from L=    7,  Acc. loss =  0.0 D.
 Elastic phase shift   1 =    1.317   2.066 deg. for the L =    7, J =    8.0 channel.
 Final S-matrices (    8.0-) at  0 after  1 accurate to   1.4984 % of J=   20.0 unitarity:   0.92943 +i* 0.04274,
       8.0  0.92942623  0.04274145i: elastic S-matrix  @@      0.01  0   0 F  0  2  2  T
 Reaction Xsec     8.0-/ 7 @ 1 =    21.155 , Out:   0.000#   0.185   20.970f

   S-matrix    2 =    0.99209   0.00549 for L=    9, J=    8.0 channel on core I =   0.0 from L=    9,  Acc. loss =  0.0 D.
 Elastic phase shift   2 =    0.158   0.227 deg. for the L =    9, J =    8.0 channel.
 Final S-matrices (    8.0-) at  0 after  1 accurate to   0.1383 % of J=   20.0 unitarity:   0.99209 +i* 0.00549,
       8.0  0.99208708  0.00548607i: elastic S-matrix  @@      0.01  0   0 F  0  2  2  T
 Reaction Xsec     8.0-/ 9 @ 2 =     2.478 , Out:   0.000#   1.662/   2.476f


 Total SPIN, PARITY =     9.0 +,      8 chs,      2 cc.  Rmin & Coul turning =    1.4    9.2
   S-matrix    1 =    0.97645   0.01599 for L=    8, J=    9.0 channel on core I =   0.0 from L=    8,  Acc. loss =  0.0 D.
 Elastic phase shift   1 =    0.469   0.679 deg. for the L =    8, J =    9.0 channel.
 Final S-matrices (    9.0+) at  0 after  1 accurate to   0.8004 % of J=   20.0 unitarity:   0.97645 +i* 0.01599,
       9.0  0.97645024  0.01598585i: elastic S-matrix  @@      0.01  0   0 F  0  2  2  T
 Reaction Xsec     9.0+/ 8 @ 1 =     8.147 , Out:   0.000#   0.049    8.098f

   S-matrix    2 =    0.99733   0.00191 for L=   10, J=    9.0 channel on core I =   0.0 from L=   10,  Acc. loss =  0.0 D.
 Elastic phase shift   2 =    0.055   0.077 deg. for the L =   10, J =    9.0 channel.
 Final S-matrices (    9.0+) at  0 after  1 accurate to   0.0755 % of J=   20.0 unitarity:   0.99733 +i* 0.00191,
       9.0  0.99732633  0.00191085i: elastic S-matrix  @@      0.01  0   0 F  0  2  2  T
 Reaction Xsec     9.0+/10 @ 2 =     0.939 , Out:   0.000#   0.457/   0.939f


 Total SPIN, PARITY =     9.0 -,      7 chs,      1 cc.  Rmin & Coul turning =    1.4    9.2
   S-matrix    1 =    0.99208   0.00556 for L=    9, J=    9.0 channel on core I =   0.0 from L=    9,  Acc. loss =  0.0 D.
 Elastic phase shift   1 =    0.160   0.227 deg. for the L =    9, J =    9.0 channel.
 Final S-matrices (    9.0-) at  0 after  1 accurate to   0.2810 % of J=   20.0 unitarity:   0.99208 +i* 0.00556,
       9.0  0.99208145  0.00555611i: elastic S-matrix  @@      0.01  0   0 F  0  2  2  T
 Reaction Xsec     9.0-/ 9 @ 1 =     2.771 , Out:   0.000#   6.519/   2.764f


 Total SPIN, PARITY =    10.0 +,      7 chs,      1 cc.  Rmin & Coul turning =    1.6   10.2
   S-matrix    1 =    0.99733   0.00193 for L=   10, J=   10.0 channel on core I =   0.0 from L=   10,  Acc. loss =  0.0 D.
 Elastic phase shift   1 =    0.055   0.077 deg. for the L =   10, J =   10.0 channel.
 Final S-matrices (   10.0+) at  0 after  1 accurate to   0.1494 % of J=   20.0 unitarity:   0.99733 +i* 0.00193,
      10.0  0.99732578  0.00192637i: elastic S-matrix  @@      0.01  0   0 F  0  2  2  T
 Reaction Xsec    10.0+/10 @ 1 =     1.038 , Out:   0.000#   1.739/   1.037f


 Total SPIN, PARITY =    10.0 -,      8 chs,      2 cc.  Rmin & Coul turning =    1.6   10.2
   S-matrix    1 =    0.99208   0.00563 for L=    9, J=   10.0 channel on core I =   0.0 from L=    9,  Acc. loss =  0.0 D.
 Elastic phase shift   1 =    0.163   0.227 deg. for the L =    9, J =   10.0 channel.
 Final S-matrices (   10.0-) at  0 after  1 accurate to   0.4243 % of J=   20.0 unitarity:   0.99208 +i* 0.00563,
      10.0  0.99207506  0.00563421i: elastic S-matrix  @@      0.01  0   0 F  0  2  2  T
 Reaction Xsec    10.0-/ 9 @ 1 =     3.065 , Out:   0.000#   0.013    3.052f

   S-matrix    2 =    0.99910   0.00066 for L=   11, J=   10.0 channel on core I =   0.0 from L=   11,  Acc. loss =  0.0 D.
 Elastic phase shift   2 =    0.019   0.026 deg. for the L =   11, J =   10.0 channel.
 Final S-matrices (   10.0-) at  0 after  1 accurate to   0.0409 % of J=   20.0 unitarity:   0.99910 +i* 0.00066,
      10.0  0.99909756  0.00065708i: elastic S-matrix  @@      0.01  0   0 F  0  2  2  T
 Reaction Xsec    10.0-/11 @ 2 =     0.351 , Out:   0.000#   0.124/   0.351f


 Total SPIN, PARITY =    11.0 +,      8 chs,      2 cc.  Rmin & Coul turning =    1.7   11.1
   S-matrix    1 =    0.99733   0.00194 for L=   10, J=   11.0 channel on core I =   0.0 from L=   10,  Acc. loss =  0.0 D.
 Elastic phase shift   1 =    0.056   0.077 deg. for the L =   10, J =   11.0 channel.
 Final S-matrices (   11.0+) at  0 after  1 accurate to   0.2243 % of J=   20.0 unitarity:   0.99733 +i* 0.00194,
      11.0  0.99732517  0.00194346i: elastic S-matrix  @@      0.01  0   0 F  0  2  2  T
 Reaction Xsec    11.0+/10 @ 1 =     1.137 , Out:   0.000#   3.392/   1.134f

   S-matrix    2 =    0.99970   0.00022 for L=   12, J=   11.0 channel on core I =   0.0 from L=   12,  Acc. loss =  0.0 D.
 Elastic phase shift   2 =    0.006   0.009 deg. for the L =   12, J =   11.0 channel.
 Final S-matrices (   11.0+) at  0 after  1 accurate to   0.0220 % of J=   20.0 unitarity:   0.99970 +i* 0.00022,
      11.0  0.99969596  0.00022443i: elastic S-matrix  @@      0.01  0   0 F  0  2  2  T
 Reaction Xsec    11.0+/12 @ 2 =     0.130 , Out:   0.000#   0.034/   0.129f


 Total SPIN, PARITY =    11.0 -,      7 chs,      1 cc.  Rmin & Coul turning =    1.7   11.1
   S-matrix    1 =    0.99910   0.00066 for L=   11, J=   11.0 channel on core I =   0.0 from L=   11,  Acc. loss =  0.0 D.
 Elastic phase shift   1 =    0.019   0.026 deg. for the L =   11, J =   11.0 channel.
 Final S-matrices (   11.0-) at  0 after  1 accurate to   0.0793 % of J=   20.0 unitarity:   0.99910 +i* 0.00066,
      11.0  0.99909751  0.00066052i: elastic S-matrix  @@      0.01  0   0 F  0  2  2  T
 Reaction Xsec    11.0-/11 @ 1 =     0.384 , Out:   0.000#   0.463/   0.384f


 Total SPIN, PARITY =    12.0 +,      7 chs,      1 cc.  Rmin & Coul turning =    1.9   12.1
   S-matrix    1 =    0.99970   0.00023 for L=   12, J=   12.0 channel on core I =   0.0 from L=   12,  Acc. loss =  0.0 D.
 Elastic phase shift   1 =    0.006   0.009 deg. for the L =   12, J =   12.0 channel.
 Final S-matrices (   12.0+) at  0 after  1 accurate to   0.0420 % of J=   20.0 unitarity:   0.99970 +i* 0.00023,
      12.0  0.99969596  0.00022519i: elastic S-matrix  @@      0.01  0   0 F  0  2  2  T
 Reaction Xsec    12.0+/12 @ 1 =     0.141 , Out:   0.000#   0.123/   0.141f


 Total SPIN, PARITY =    12.0 -,      8 chs,      2 cc.  Rmin & Coul turning =    1.9   12.1
   S-matrix    1 =    0.99910   0.00066 for L=   11, J=   12.0 channel on core I =   0.0 from L=   11,  Acc. loss =  0.0 D.
 Elastic phase shift   1 =    0.019   0.026 deg. for the L =   11, J =   12.0 channel.
 Final S-matrices (   12.0-) at  0 after  1 accurate to   0.1184 % of J=   20.0 unitarity:   0.99910 +i* 0.00066,
      12.0  0.99909745  0.00066428i: elastic S-matrix  @@      0.01  0   0 F  0  2  2  T
 Reaction Xsec    12.0-/11 @ 1 =     0.418 , Out:   0.000#   0.891/   0.417f

   S-matrix    2 =    0.99990   0.00008 for L=   13, J=   12.0 channel on core I =   0.0 from L=   13,  Acc. loss =  0.0 D.
 Elastic phase shift   2 =    0.002   0.003 deg. for the L =   13, J =   12.0 channel.
 Final S-matrices (   12.0-) at  0 after  1 accurate to   0.0118 % of J=   20.0 unitarity:   0.99990 +i* 0.00008,
      12.0  0.99989778  0.00007636i: elastic S-matrix  @@      0.01  0   0 F  0  2  2  T
 Reaction Xsec    12.0-/13 @ 2 =     0.047 , Out:   0.000#   9.129#   0.047f


 Total SPIN, PARITY =    13.0 +,      8 chs,      2 cc.  Rmin & Coul turning =    2.0   13.0
   S-matrix    1 =    0.99970   0.00023 for L=   12, J=   13.0 channel on core I =   0.0 from L=   12,  Acc. loss =  0.0 D.
 Elastic phase shift   1 =    0.006   0.009 deg. for the L =   12, J =   13.0 channel.
 Final S-matrices (   13.0+) at  0 after  1 accurate to   0.0625 % of J=   20.0 unitarity:   0.99970 +i* 0.00023,
      13.0  0.99969595  0.00022602i: elastic S-matrix  @@      0.01  0   0 F  0  2  2  T
 Reaction Xsec    13.0+/12 @ 1 =     0.152 , Out:   0.000#   0.234/   0.152f

   S-matrix    2 =    0.99997   0.00003 for L=   14, J=   13.0 channel on core I =   0.0 from L=   14,  Acc. loss =  0.0 D.
 Elastic phase shift   2 =    0.001   0.001 deg. for the L =   14, J =   13.0 channel.
 Final S-matrices (   13.0+) at  0 after  1 accurate to   0.0063 % of J=   20.0 unitarity:   0.99997 +i* 0.00003,
      13.0  0.99996570  0.00002593i: elastic S-matrix  @@      0.01  0   0 F  0  2  2  T
 Reaction Xsec    13.0+/14 @ 2 =     0.017 , Out:   0.000#   2.465#   0.017f


 Total SPIN, PARITY =    13.0 -,      7 chs,      1 cc.  Rmin & Coul turning =    2.0   13.0
   S-matrix    1 =    0.99990   0.00008 for L=   13, J=   13.0 channel on core I =   0.0 from L=   13,  Acc. loss =  0.0 D.
 Elastic phase shift   1 =    0.002   0.003 deg. for the L =   13, J =   13.0 channel.
 Final S-matrices (   13.0-) at  0 after  1 accurate to   0.0222 % of J=   20.0 unitarity:   0.99990 +i* 0.00008,
      13.0  0.99989778  0.00007653i: elastic S-matrix  @@      0.01  0   0 F  0  2  2  T
 Reaction Xsec    13.0-/13 @ 1 =     0.051 , Out:   0.000#   0.033/   0.051f


 Total SPIN, PARITY =    14.0 +,      7 chs,      1 cc.  Rmin & Coul turning =    2.2   13.9
   S-matrix    1 =    0.99997   0.00003 for L=   14, J=   14.0 channel on core I =   0.0 from L=   14,  Acc. loss =  0.0 D.
 Elastic phase shift   1 =    0.001   0.001 deg. for the L =   14, J =   14.0 channel.
 Final S-matrices (   14.0+) at  0 after  1 accurate to   0.0118 % of J=   20.0 unitarity:   0.99997 +i* 0.00003,
      14.0  0.99996570  0.00002597i: elastic S-matrix  @@      0.01  0   0 F  0  2  2  T
 Reaction Xsec    14.0+/14 @ 1 =     0.018 , Out:   0.000#   8.735#   0.018f


 Total SPIN, PARITY =    14.0 -,      8 chs,      2 cc.  Rmin & Coul turning =    2.2   13.9
   S-matrix    1 =    0.99990   0.00008 for L=   13, J=   14.0 channel on core I =   0.0 from L=   13,  Acc. loss =  0.0 D.
 Elastic phase shift   1 =    0.002   0.003 deg. for the L =   13, J =   14.0 channel.
 Final S-matrices (   14.0-) at  0 after  1 accurate to   0.0330 % of J=   20.0 unitarity:   0.99990 +i* 0.00008,
      14.0  0.99989778  0.00007671i: elastic S-matrix  @@      0.01  0   0 F  0  2  2  T
 Reaction Xsec    14.0-/13 @ 1 =     0.055 , Out:   0.000#   0.062/   0.055f

   S-matrix    2 =    0.99999   0.00001 for L=   15, J=   14.0 channel on core I =   0.0 from L=   15,  Acc. loss =  0.0 D.
 Elastic phase shift   2 =    0.000   0.000 deg. for the L =   15, J =   14.0 channel.
 Final S-matrices (   14.0-) at  0 after  1 accurate to   0.0034 % of J=   20.0 unitarity:   0.99999 +i* 0.00001,
      14.0  0.99998851  0.00000881i: elastic S-matrix  @@      0.01  0   0 F  0  2  2  T
 Reaction Xsec    14.0-/15 @ 2 =     6.171/, Out:   0.000#   0.665#   0.006f


 Total SPIN, PARITY =    15.0 +,      8 chs,      2 cc.  Rmin & Coul turning =    2.4   14.9
   S-matrix    1 =    0.99997   0.00003 for L=   14, J=   15.0 channel on core I =   0.0 from L=   14,  Acc. loss =  0.0 D.
 Elastic phase shift   1 =    0.001   0.001 deg. for the L =   14, J =   15.0 channel.
 Final S-matrices (   15.0+) at  0 after  1 accurate to   0.0174 % of J=   20.0 unitarity:   0.99997 +i* 0.00003,
      15.0  0.99996570  0.00002601i: elastic S-matrix  @@      0.01  0   0 F  0  2  2  T
 Reaction Xsec    15.0+/14 @ 1 =     0.020 , Out:   0.000#   0.016/   0.020f

   S-matrix    2 =    1.00000   0.00000 for L=   16, J=   15.0 channel on core I =   0.0 from L=   16,  Acc. loss =  0.0 D.
 Elastic phase shift   2 =    0.000   0.000 deg. for the L =   16, J =   15.0 channel.
 Final S-matrices (   15.0+) at  0 after  1 accurate to   0.0018 % of J=   20.0 unitarity:   1.00000 +i* 0.00000,
      15.0  0.99999616  0.00000302i: elastic S-matrix  @@      0.01  0   0 F  0  2  2  T
 Reaction Xsec    15.0+/16 @ 2 =     2.205/, Out:   0.000#   0.179#   0.002f


 Total SPIN, PARITY =    15.0 -,      7 chs,      1 cc.  Rmin & Coul turning =    2.4   14.9
   S-matrix    1 =    0.99999   0.00001 for L=   15, J=   15.0 channel on core I =   0.0 from L=   15,  Acc. loss =  0.0 D.
 Elastic phase shift   1 =    0.000   0.000 deg. for the L =   15, J =   15.0 channel.
 Final S-matrices (   15.0-) at  0 after  1 accurate to   0.0062 % of J=   20.0 unitarity:   0.99999 +i* 0.00001,
      15.0  0.99998851  0.00000882i: elastic S-matrix  @@      0.01  0   0 F  0  2  2  T
 Reaction Xsec    15.0-/15 @ 1 =     6.597/, Out:   0.000#   2.328#   0.007f


 Total SPIN, PARITY =    16.0 +,      7 chs,      1 cc.  Rmin & Coul turning =    2.5   15.8
   S-matrix    1 =    1.00000   0.00000 for L=   16, J=   16.0 channel on core I =   0.0 from L=   16,  Acc. loss =  0.0 D.
 Elastic phase shift   1 =    0.000   0.000 deg. for the L =   16, J =   16.0 channel.
 Final S-matrices (   16.0+) at  0 after  1 accurate to   0.0033 % of J=   20.0 unitarity:   1.00000 +i* 0.00000,
      16.0  0.99999616  0.00000302i: elastic S-matrix  @@      0.01  0   0 F  0  2  2  T
 Reaction Xsec    16.0+/16 @ 1 =     2.348/, Out:   0.000#   0.621#   0.002f


 Total SPIN, PARITY =    16.0 -,      8 chs,      2 cc.  Rmin & Coul turning =    2.5   15.8
   S-matrix    1 =    0.99999   0.00001 for L=   15, J=   16.0 channel on core I =   0.0 from L=   15,  Acc. loss =  0.0 D.
 Elastic phase shift   1 =    0.000   0.000 deg. for the L =   15, J =   16.0 channel.
 Final S-matrices (   16.0-) at  0 after  1 accurate to   0.0092 % of J=   20.0 unitarity:   0.99999 +i* 0.00001,
      16.0  0.99998851  0.00000883i: elastic S-matrix  @@      0.01  0   0 F  0  2  2  T
 Reaction Xsec    16.0-/15 @ 1 =     7.022/, Out:   0.000#   4.315#   0.007f

   S-matrix    2 =    1.00000   0.00000 for L=   17, J=   16.0 channel on core I =   0.0 from L=   17,  Acc. loss =  0.0 D.
 Elastic phase shift   2 =    0.000   0.000 deg. for the L =   17, J =   16.0 channel.
 Final S-matrices (   16.0-) at  0 after  1 accurate to   0.0010 % of J=   20.0 unitarity:   1.00000 +i* 0.00000,
      16.0  0.99999872  0.00000105i: elastic S-matrix  @@      0.01  0   0 F  0  2  2  T
 Reaction Xsec    16.0-/17 @ 2 =     0.784/, Out:   0.000#   0.048#   0.001f


 Total SPIN, PARITY =    17.0 +,      8 chs,      2 cc.  Rmin & Coul turning =    2.7   16.8
   S-matrix    1 =    1.00000   0.00000 for L=   16, J=   17.0 channel on core I =   0.0 from L=   16,  Acc. loss =  0.0 D.
 Elastic phase shift   1 =    0.000   0.000 deg. for the L =   16, J =   17.0 channel.
 Final S-matrices (   17.0+) at  0 after  1 accurate to   0.0048 % of J=   20.0 unitarity:   1.00000 +i* 0.00000,
      17.0  0.99999616  0.00000302i: elastic S-matrix  @@      0.01  0   0 F  0  2  2  T
 Reaction Xsec    17.0+/16 @ 1 =     2.490/, Out:   0.000#   1.144#   0.002f

   S-matrix    2 =    1.00000   0.00000 for L=   18, J=   17.0 channel on core I =   0.0 from L=   18,  Acc. loss =  0.0 D.
 Elastic phase shift   2 =    0.000   0.000 deg. for the L =   18, J =   17.0 channel.
 Final S-matrices (   17.0+) at  0 after  1 accurate to   0.0005 % of J=   20.0 unitarity:   1.00000 +i* 0.00000,
      17.0  0.99999957  0.00000039i: elastic S-matrix  @@      0.01  0   0 F  0  2  2  T
 Reaction Xsec    17.0+/18 @ 2 =     0.277/, Out:   0.000#   0.014#   0.000f


 Total SPIN, PARITY =    17.0 -,      7 chs,      1 cc.  Rmin & Coul turning =    2.7   16.8
   S-matrix    1 =    1.00000   0.00000 for L=   17, J=   17.0 channel on core I =   0.0 from L=   17,  Acc. loss =  0.0 D.
 Elastic phase shift   1 =    0.000   0.000 deg. for the L =   17, J =   17.0 channel.
 Final S-matrices (   17.0-) at  0 after  1 accurate to   0.0017 % of J=   20.0 unitarity:   1.00000 +i* 0.00000,
      17.0  0.99999872  0.00000105i: elastic S-matrix  @@      0.01  0   0 F  0  2  2  T
 Reaction Xsec    17.0-/17 @ 1 =     0.831/, Out:   0.000#   0.166#   0.001f


 Total SPIN, PARITY =    18.0 +,      7 chs,      1 cc.  Rmin & Coul turning =    2.8   17.7
   S-matrix    1 =    1.00000   0.00000 for L=   18, J=   18.0 channel on core I =   0.0 from L=   18,  Acc. loss =  0.0 D.
 Elastic phase shift   1 =    0.000   0.000 deg. for the L =   18, J =   18.0 channel.
 Final S-matrices (   18.0+) at  0 after  1 accurate to   0.0009 % of J=   20.0 unitarity:   1.00000 +i* 0.00000,
      18.0  0.99999957  0.00000039i: elastic S-matrix  @@      0.01  0   0 F  0  2  2  T
 Reaction Xsec    18.0+/18 @ 1 =     0.293/, Out:   0.000#   0.045#   0.000f


 Total SPIN, PARITY =    18.0 -,      8 chs,      2 cc.  Rmin & Coul turning =    2.8   17.7
   S-matrix    1 =    1.00000   0.00000 for L=   17, J=   18.0 channel on core I =   0.0 from L=   17,  Acc. loss =  0.0 D.
 Elastic phase shift   1 =    0.000   0.000 deg. for the L =   17, J =   18.0 channel.
 Final S-matrices (   18.0-) at  0 after  1 accurate to   0.0025 % of J=   20.0 unitarity:   1.00000 +i* 0.00000,
      18.0  0.99999872  0.00000105i: elastic S-matrix  @@      0.01  0   0 F  0  2  2  T
 Reaction Xsec    18.0-/17 @ 1 =     0.879/, Out:   0.000#   0.304#   0.001f

   S-matrix    2 =    1.00000   0.00000 for L=   19, J=   18.0 channel on core I =   0.0 from L=   19,  Acc. loss =  0.0 D.
 Elastic phase shift   2 =    0.000   0.000 deg. for the L =   19, J =   18.0 channel.
 Final S-matrices (   18.0-) at  0 after  1 accurate to   0.0003 % of J=   20.0 unitarity:   1.00000 +i* 0.00000,
      18.0  0.99999986  0.00000017i: elastic S-matrix  @@      0.01  0   0 F  0  2  2  T
 Reaction Xsec    18.0-/19 @ 2 =     0.098/, Out:   0.000#   0.005#   0.000f


 Total SPIN, PARITY =    19.0 +,      8 chs,      2 cc.  Rmin & Coul turning =    3.0   18.7
   S-matrix    1 =    1.00000   0.00000 for L=   18, J=   19.0 channel on core I =   0.0 from L=   18,  Acc. loss =  0.0 D.
 Elastic phase shift   1 =    0.000   0.000 deg. for the L =   18, J =   19.0 channel.
 Final S-matrices (   19.0+) at  0 after  1 accurate to   0.0013 % of J=   20.0 unitarity:   1.00000 +i* 0.00000,
      19.0  0.99999957  0.00000039i: elastic S-matrix  @@      0.01  0   0 F  0  2  2  T
 Reaction Xsec    19.0+/18 @ 1 =     0.309/, Out:   0.000#   0.081#   0.000f

   S-matrix    2 =    1.00000   0.00000 for L=   20, J=   19.0 channel on core I =   0.0 from L=   20,  Acc. loss =  0.0 D.
 Elastic phase shift   2 =    0.000   0.000 deg. for the L =   20, J =   19.0 channel.
 Final S-matrices (   19.0+) at  0 after  1 accurate to   0.0006 % of J=   20.0 unitarity:   1.00000 +i* 0.00000,
      19.0  0.99999995  0.00000008i: elastic S-matrix  @@      0.01  0   0 F  0  2  2  T
 Reaction Xsec    19.0+/20 @ 2 =     0.034/, Out:   0.000#   0.015#   0.000f


 Total SPIN, PARITY =    19.0 -,      7 chs,      1 cc.  Rmin & Coul turning =    3.0   18.7
   S-matrix    1 =    1.00000   0.00000 for L=   19, J=   19.0 channel on core I =   0.0 from L=   19,  Acc. loss =  0.0 D.
 Elastic phase shift   1 =    0.000   0.000 deg. for the L =   19, J =   19.0 channel.
 Final S-matrices (   19.0-) at  0 after  1 accurate to   0.0005 % of J=   20.0 unitarity:   1.00000 +i* 0.00000,
      19.0  0.99999986  0.00000017i: elastic S-matrix  @@      0.01  0   0 F  0  2  2  T
 Reaction Xsec    19.0-/19 @ 1 =     0.103/, Out:   0.000#   0.012#   0.000f


 Total SPIN, PARITY =    20.0 +,      7 chs,      1 cc.  Rmin & Coul turning =    3.2   19.6
   S-matrix    1 =    1.00000   0.00000 for L=   20, J=   20.0 channel on core I =   0.0 from L=   20,  Acc. loss =  0.0 D.
 Elastic phase shift   1 =    0.000   0.000 deg. for the L =   20, J =   20.0 channel.
0****** WARNING : ACCURACY LOSS IN ERWIN = 14.4 DIGITS, SO EXPECT ERRORS OF   0.0000 % OF UNITARITY

   224212603341414.09        124111743.47359388        2.2204460492503131E-016
 Final S-matrices (   20.0+) at  0 after  1 accurate to   0.0005 % of J=   20.0 unitarity:   1.00000 +i* 0.00000,
      20.0  0.99999995  0.00000008i: elastic S-matrix  @@      0.01  0   0 F  0  2  2  T
 Reaction Xsec    20.0+/20 @ 1 =     0.036/, Out:   0.000#   0.015#   0.000f


 Total SPIN, PARITY =    20.0 -,      8 chs,      2 cc.  Rmin & Coul turning =    3.2   19.6
   S-matrix    1 =    1.00000   0.00000 for L=   19, J=   20.0 channel on core I =   0.0 from L=   19,  Acc. loss =  0.0 D.
 Elastic phase shift   1 =    0.000   0.000 deg. for the L =   19, J =   20.0 channel.
 Final S-matrices (   20.0-) at  0 after  1 accurate to   0.0007 % of J=   20.0 unitarity:   1.00000 +i* 0.00000,
      20.0  0.99999986  0.00000017i: elastic S-matrix  @@      0.01  0   0 F  0  2  2  T
 Reaction Xsec    20.0-/19 @ 1 =     0.108/, Out:   0.000#   0.022#   0.000f

   S-matrix    2 =    1.00000   0.00000 for L=   21, J=   20.0 channel on core I =   0.0 from L=   21,  Acc. loss =  0.0 D.
 Elastic phase shift   2 =    0.000   0.000 deg. for the L =   21, J =   20.0 channel.
 Final S-matrices (   20.0-) at  0 after  1 accurate to   0.0015 % of J=   20.0 unitarity:   1.00000 +i* 0.00000,
      20.0  0.99999998  0.00000006i: elastic S-matrix  @@      0.01  0   0 F  0  2  2  T
 Reaction Xsec    20.0-/21 @ 2 =     0.012/, Out:   0.000#   0.100#   0.000f

 Finished all CC sets @   0.754216969    
0CUMULATIVE REACTION cross section               =       1122.06340  <L> =     4.22  <L**2> =     21.5
0CUMULATIVE  ELASTIC cross section               =          0.00000
0CUMULATIVE outgoing cross sections in partition 1 :    0.00000
0CUMULATIVE outgoing cross sections in partition 2 :    6.48837
0Cumulative ABSORBTION by Imaginary Potentials    =      1115.57503  <L> =     4.21  <L**2> =     21.4
   Fusion for specific 2H       M-states :    1115.631338    1115.462414    1115.631338
0CUMULATIVE OUTGOING cross section               =          6.48837
 Strength functions * 10^4 for L=0-2  =   0.60622   0.68128   6.31465 (with r0= 1.35 fm).  R' =   0.144 fm
 To convert to S-factors (MeV.mb = keV.b),  multiply by  1.1260E+02


 CROSS SECTIONS FOR OUTGOING 2H       & 12C      in state #   1 with spins & parities 1.0  + &  0.0  +;  0

     0.01 deg.: X-S =   4.285738E+15 mb/sr,
+                                         /R =   1.000001E+00

     0.50 deg.: X-S =   6.840434E+08 mb/sr,
+                                         /R =   9.975467E-01

     1.00 deg.: X-S =   4.226301E+07 mb/sr,
+                                         /R =   9.860830E-01

     1.50 deg.: X-S =   8.182653E+06 mb/sr,
+                                         /R =   9.664616E-01

     2.00 deg.: X-S =   2.519779E+06 mb/sr,
+                                         /R =   9.405226E-01

     2.50 deg.: X-S =   9.988130E+05 mb/sr,
+                                         /R =   9.100839E-01

     3.00 deg.: X-S =   4.641624E+05 mb/sr,
+                                         /R =   8.768627E-01

     3.50 deg.: X-S =   2.407581E+05 mb/sr,
+                                         /R =   8.424770E-01

     4.00 deg.: X-S =   1.354545E+05 mb/sr,
+                                         /R =   8.084545E-01

     4.50 deg.: X-S =   8.121137E+04 mb/sr,
+                                         /R =   7.762389E-01

     5.00 deg.: X-S =   5.130122E+04 mb/sr,
+                                         /R =   7.471908E-01

     5.50 deg.: X-S =   3.389460E+04 mb/sr,
+                                         /R =   7.225855E-01

     6.00 deg.: X-S =   2.331011E+04 mb/sr,
+                                         /R =   7.036076E-01

     6.50 deg.: X-S =   1.663402E+04 mb/sr,
+                                         /R =   6.913437E-01

     7.00 deg.: X-S =   1.228930E+04 mb/sr,
+                                         /R =   6.867737E-01

     7.50 deg.: X-S =    9383.151031 mb/sr,
+                                         /R =   6.907619E-01

     8.00 deg.: X-S =    7390.576097 mb/sr,
+                                         /R =   7.040474E-01

     8.50 deg.: X-S =    5992.633262 mb/sr,
+                                         /R =   7.272356E-01

     9.00 deg.: X-S =    4990.060651 mb/sr,
+                                         /R =   7.607896E-01

     9.50 deg.: X-S =    4255.295247 mb/sr,
+                                         /R =   8.050239E-01

    10.00 deg.: X-S =    3704.918154 mb/sr,
+                                         /R =   8.600985E-01

    10.50 deg.: X-S =    3283.352081 mb/sr,
+                                         /R =   9.260152E-01

    11.00 deg.: X-S =    2952.958786 mb/sr,
+                                         /R =   1.002616E+00

    11.50 deg.: X-S =    2687.881001 mb/sr,
+                                         /R =   1.089581E+00

    12.00 deg.: X-S =    2470.131294 mb/sr,
+                                         /R =   1.186435E+00

    12.50 deg.: X-S =    2287.060328 mb/sr,
+                                         /R =   1.292547E+00

    13.00 deg.: X-S =    2129.689538 mb/sr,
+                                         /R =   1.407139E+00

    13.50 deg.: X-S =    1991.595756 mb/sr,
+                                         /R =   1.529294E+00

    14.00 deg.: X-S =    1868.154331 mb/sr,
+                                         /R =   1.657968E+00

    14.50 deg.: X-S =    1756.018768 mb/sr,
+                                         /R =   1.792000E+00

    15.00 deg.: X-S =    1652.758656 mb/sr,
+                                         /R =   1.930126E+00

    15.50 deg.: X-S =    1556.604965 mb/sr,
+                                         /R =   2.070998E+00

    16.00 deg.: X-S =    1466.269041 mb/sr,
+                                         /R =   2.213199E+00

    16.50 deg.: X-S =    1380.812793 mb/sr,
+                                         /R =   2.355259E+00

    17.00 deg.: X-S =    1299.554792 mb/sr,
+                                         /R =   2.495678E+00

    17.50 deg.: X-S =    1222.001836 mb/sr,
+                                         /R =   2.632942E+00

    18.00 deg.: X-S =    1147.798718 mb/sr,
+                                         /R =   2.765547E+00

    18.50 deg.: X-S =    1076.691134 mb/sr,
+                                         /R =   2.892013E+00

    19.00 deg.: X-S =    1008.498161 mb/sr,
+                                         /R =   3.010909E+00

    19.50 deg.: X-S =     943.091724 mb/sr,
+                                         /R =   3.120867E+00

    20.00 deg.: X-S =     880.381255 mb/sr,
+                                         /R =   3.220604E+00

    20.50 deg.: X-S =     820.302192 mb/sr,
+                                         /R =   3.308936E+00

    21.00 deg.: X-S =     762.807361 mb/sr,
+                                         /R =   3.384797E+00

    21.50 deg.: X-S =     707.860525 mb/sr,
+                                         /R =   3.447248E+00

    22.00 deg.: X-S =     655.431583 mb/sr,
+                                         /R =   3.495492E+00

    22.50 deg.: X-S =     605.493012 mb/sr,
+                                         /R =   3.528886E+00

    23.00 deg.: X-S =     558.017277 mb/sr,
+                                         /R =   3.546945E+00

    23.50 deg.: X-S =     512.974966 mb/sr,
+                                         /R =   3.549352E+00

    24.00 deg.: X-S =     470.333504 mb/sr,
+                                         /R =   3.535958E+00

    24.50 deg.: X-S =     430.056297 mb/sr,
+                                         /R =   3.506789E+00

    25.00 deg.: X-S =     392.102224 mb/sr,
+                                         /R =   3.462038E+00

    25.50 deg.: X-S =     356.425380 mb/sr,
+                                         /R =   3.402071E+00

    26.00 deg.: X-S =     322.975039 mb/sr,
+                                         /R =   3.327413E+00

    26.50 deg.: X-S =     291.695753 mb/sr,
+                                         /R =   3.238747E+00

    27.00 deg.: X-S =     262.527588 mb/sr,
+                                         /R =   3.136906E+00

    27.50 deg.: X-S =     235.406435 mb/sr,
+                                         /R =   3.022856E+00

    28.00 deg.: X-S =     210.264391 mb/sr,
+                                         /R =   2.897690E+00

    28.50 deg.: X-S =     187.030188 mb/sr,
+                                         /R =   2.762612E+00

    29.00 deg.: X-S =     165.629651 mb/sr,
+                                         /R =   2.618920E+00

    29.50 deg.: X-S =     145.986167 mb/sr,
+                                         /R =   2.467994E+00

    30.00 deg.: X-S =     128.021172 mb/sr,
+                                         /R =   2.311278E+00

    30.50 deg.: X-S =     111.654627 mb/sr,
+                                         /R =   2.150262E+00

    31.00 deg.: X-S =      96.805494 mb/sr,
+                                         /R =   1.986465E+00

    31.50 deg.: X-S =      83.392192 mb/sr,
+                                         /R =   1.821416E+00

    32.00 deg.: X-S =      71.333037 mb/sr,
+                                         /R =   1.656642E+00

    32.50 deg.: X-S =      60.546662 mb/sr,
+                                         /R =   1.493643E+00

    33.00 deg.: X-S =      50.952408 mb/sr,
+                                         /R =   1.333882E+00

    33.50 deg.: X-S =      42.470693 mb/sr,
+                                         /R =   1.178768E+00

    34.00 deg.: X-S =      35.023349 mb/sr,
+                                         /R =   1.029638E+00

    34.50 deg.: X-S =      28.533930 mb/sr,
+                                         /R =   8.877476E-01

    35.00 deg.: X-S =      22.927993 mb/sr,
+                                         /R =   7.542561E-01

    35.50 deg.: X-S =      18.133343 mb/sr,
+                                         /R =   6.302164E-01

    36.00 deg.: X-S =      14.080251 mb/sr,
+                                         /R =   5.165655E-01

    36.50 deg.: X-S =      10.701644 mb/sr,
+                                         /R =   4.141163E-01

    37.00 deg.: X-S =       7.933262 mb/sr,
+                                         /R =   3.235513E-01

    37.50 deg.: X-S =       5.713784 mb/sr,
+                                         /R =   2.454179E-01

    38.00 deg.: X-S =       3.984938 mb/sr,
+                                         /R =   1.801253E-01

    38.50 deg.: X-S =       2.691568 mb/sr,
+                                         /R =   1.279433E-01

    39.00 deg.: X-S =       1.781692 mb/sr,
+                                         /R =   8.900189E-02

    39.50 deg.: X-S =       1.206525 mb/sr,
+                                         /R =   6.329370E-02

    40.00 deg.: X-S =       0.920485 mb/sr,
+                                         /R =   5.067678E-02

    40.50 deg.: X-S =       0.881180 mb/sr,
+                                         /R =   5.087942E-02

    41.00 deg.: X-S =       1.049371 mb/sr,
+                                         /R =   6.350617E-02

    41.50 deg.: X-S =       1.388924 mb/sr,
+                                         /R =   8.804502E-02

    42.00 deg.: X-S =       1.866740 mb/sr,
+                                         /R =   1.238757E-01

    42.50 deg.: X-S =       2.452676 mb/sr,
+                                         /R =   1.702789E-01

    43.00 deg.: X-S =       3.119454 mb/sr,
+                                         /R =   2.264466E-01

    43.50 deg.: X-S =       3.842553 mb/sr,
+                                         /R =   2.914926E-01

    44.00 deg.: X-S =       4.600103 mb/sr,
+                                         /R =   3.644641E-01

    44.50 deg.: X-S =       5.372758 mb/sr,
+                                         /R =   4.443533E-01

    45.00 deg.: X-S =       6.143576 mb/sr,
+                                         /R =   5.301093E-01

    45.50 deg.: X-S =       6.897883 mb/sr,
+                                         /R =   6.206508E-01

    46.00 deg.: X-S =       7.623142 mb/sr,
+                                         /R =   7.148775E-01

    46.50 deg.: X-S =       8.308815 mb/sr,
+                                         /R =   8.116824E-01

    47.00 deg.: X-S =       8.946226 mb/sr,
+                                         /R =   9.099638E-01

    47.50 deg.: X-S =       9.528422 mb/sr,
+                                         /R =   1.008636E+00

    48.00 deg.: X-S =      10.050037 mb/sr,
+                                         /R =   1.106640E+00

    48.50 deg.: X-S =      10.507158 mb/sr,
+                                         /R =   1.202955E+00

    49.00 deg.: X-S =      10.897190 mb/sr,
+                                         /R =   1.296606E+00

    49.50 deg.: X-S =      11.218728 mb/sr,
+                                         /R =   1.386673E+00

    50.00 deg.: X-S =      11.471435 mb/sr,
+                                         /R =   1.472300E+00

    50.50 deg.: X-S =      11.655916 mb/sr,
+                                         /R =   1.552702E+00

    51.00 deg.: X-S =      11.773603 mb/sr,
+                                         /R =   1.627168E+00

    51.50 deg.: X-S =      11.826651 mb/sr,
+                                         /R =   1.695070E+00

    52.00 deg.: X-S =      11.817824 mb/sr,
+                                         /R =   1.755864E+00

    52.50 deg.: X-S =      11.750403 mb/sr,
+                                         /R =   1.809096E+00

    53.00 deg.: X-S =      11.628091 mb/sr,
+                                         /R =   1.854401E+00

    53.50 deg.: X-S =      11.454925 mb/sr,
+                                         /R =   1.891507E+00

    54.00 deg.: X-S =      11.235197 mb/sr,
+                                         /R =   1.920230E+00

    54.50 deg.: X-S =      10.973381 mb/sr,
+                                         /R =   1.940482E+00

    55.00 deg.: X-S =      10.674064 mb/sr,
+                                         /R =   1.952261E+00

    55.50 deg.: X-S =      10.341884 mb/sr,
+                                         /R =   1.955651E+00

    56.00 deg.: X-S =       9.981475 mb/sr,
+                                         /R =   1.950821E+00

    56.50 deg.: X-S =       9.597418 mb/sr,
+                                         /R =   1.938020E+00

    57.00 deg.: X-S =       9.194195 mb/sr,
+                                         /R =   1.917569E+00

    57.50 deg.: X-S =       8.776154 mb/sr,
+                                         /R =   1.889860E+00

    58.00 deg.: X-S =       8.347473 mb/sr,
+                                         /R =   1.855348E+00

    58.50 deg.: X-S =       7.912131 mb/sr,
+                                         /R =   1.814548E+00

    59.00 deg.: X-S =       7.473888 mb/sr,
+                                         /R =   1.768021E+00

    59.50 deg.: X-S =       7.036263 mb/sr,
+                                         /R =   1.716376E+00

    60.00 deg.: X-S =       6.602523 mb/sr,
+                                         /R =   1.660258E+00

    60.50 deg.: X-S =       6.175666 mb/sr,
+                                         /R =   1.600340E+00

    61.00 deg.: X-S =       5.758420 mb/sr,
+                                         /R =   1.537320E+00

    61.50 deg.: X-S =       5.353236 mb/sr,
+                                         /R =   1.471911E+00

    62.00 deg.: X-S =       4.962288 mb/sr,
+                                         /R =   1.404834E+00

    62.50 deg.: X-S =       4.587473 mb/sr,
+                                         /R =   1.336809E+00

    63.00 deg.: X-S =       4.230418 mb/sr,
+                                         /R =   1.268555E+00

    63.50 deg.: X-S =       3.892485 mb/sr,
+                                         /R =   1.200775E+00

    64.00 deg.: X-S =       3.574778 mb/sr,
+                                         /R =   1.134158E+00

    64.50 deg.: X-S =       3.278156 mb/sr,
+                                         /R =   1.069364E+00

    65.00 deg.: X-S =       3.003243 mb/sr,
+                                         /R =   1.007029E+00

    65.50 deg.: X-S =       2.750439 mb/sr,
+                                         /R =   9.477518E-01

    66.00 deg.: X-S =       2.519935 mb/sr,
+                                         /R =   8.920927E-01

    66.50 deg.: X-S =       2.311729 mb/sr,
+                                         /R =   8.405702E-01

    67.00 deg.: X-S =       2.125636 mb/sr,
+                                         /R =   7.936563E-01

    67.50 deg.: X-S =       1.961308 mb/sr,
+                                         /R =   7.517740E-01

    68.00 deg.: X-S =       1.818247 mb/sr,
+                                         /R =   7.152948E-01

    68.50 deg.: X-S =       1.695820 mb/sr,
+                                         /R =   6.845368E-01

    69.00 deg.: X-S =       1.593275 mb/sr,
+                                         /R =   6.597635E-01

    69.50 deg.: X-S =       1.509756 mb/sr,
+                                         /R =   6.411829E-01

    70.00 deg.: X-S =       1.444320 mb/sr,
+                                         /R =   6.289471E-01

    70.50 deg.: X-S =       1.395946 mb/sr,
+                                         /R =   6.231528E-01

    71.00 deg.: X-S =       1.363555 mb/sr,
+                                         /R =   6.238414E-01

    71.50 deg.: X-S =       1.346017 mb/sr,
+                                         /R =   6.310008E-01

    72.00 deg.: X-S =       1.342170 mb/sr,
+                                         /R =   6.445665E-01

    72.50 deg.: X-S =       1.350826 mb/sr,
+                                         /R =   6.644235E-01

    73.00 deg.: X-S =       1.370789 mb/sr,
+                                         /R =   6.904090E-01

    73.50 deg.: X-S =       1.400856 mb/sr,
+                                         /R =   7.223148E-01

    74.00 deg.: X-S =       1.439836 mb/sr,
+                                         /R =   7.598902E-01

    74.50 deg.: X-S =       1.486554 mb/sr,
+                                         /R =   8.028451E-01

    75.00 deg.: X-S =       1.539859 mb/sr,
+                                         /R =   8.508538E-01

    75.50 deg.: X-S =       1.598631 mb/sr,
+                                         /R =   9.035583E-01

    76.00 deg.: X-S =       1.661791 mb/sr,
+                                         /R =   9.605721E-01

    76.50 deg.: X-S =       1.728303 mb/sr,
+                                         /R =   1.021484E+00

    77.00 deg.: X-S =       1.797178 mb/sr,
+                                         /R =   1.085863E+00

    77.50 deg.: X-S =       1.867483 mb/sr,
+                                         /R =   1.153260E+00

    78.00 deg.: X-S =       1.938338 mb/sr,
+                                         /R =   1.223213E+00

    78.50 deg.: X-S =       2.008924 mb/sr,
+                                         /R =   1.295255E+00

    79.00 deg.: X-S =       2.078484 mb/sr,
+                                         /R =   1.368908E+00

    79.50 deg.: X-S =       2.146321 mb/sr,
+                                         /R =   1.443699E+00

    80.00 deg.: X-S =       2.211803 mb/sr,
+                                         /R =   1.519154E+00

    80.50 deg.: X-S =       2.274359 mb/sr,
+                                         /R =   1.594807E+00

    81.00 deg.: X-S =       2.333485 mb/sr,
+                                         /R =   1.670199E+00

    81.50 deg.: X-S =       2.388737 mb/sr,
+                                         /R =   1.744887E+00

    82.00 deg.: X-S =       2.439733 mb/sr,
+                                         /R =   1.818442E+00

    82.50 deg.: X-S =       2.486152 mb/sr,
+                                         /R =   1.890454E+00

    83.00 deg.: X-S =       2.527729 mb/sr,
+                                         /R =   1.960534E+00

    83.50 deg.: X-S =       2.564259 mb/sr,
+                                         /R =   2.028316E+00

    84.00 deg.: X-S =       2.595585 mb/sr,
+                                         /R =   2.093459E+00

    84.50 deg.: X-S =       2.621607 mb/sr,
+                                         /R =   2.155650E+00

    85.00 deg.: X-S =       2.642269 mb/sr,
+                                         /R =   2.214604E+00

    85.50 deg.: X-S =       2.657563 mb/sr,
+                                         /R =   2.270065E+00

    86.00 deg.: X-S =       2.667521 mb/sr,
+                                         /R =   2.321810E+00

    86.50 deg.: X-S =       2.672215 mb/sr,
+                                         /R =   2.369645E+00

    87.00 deg.: X-S =       2.671753 mb/sr,
+                                         /R =   2.413408E+00

    87.50 deg.: X-S =       2.666276 mb/sr,
+                                         /R =   2.452970E+00

    88.00 deg.: X-S =       2.655954 mb/sr,
+                                         /R =   2.488234E+00

    88.50 deg.: X-S =       2.640983 mb/sr,
+                                         /R =   2.519134E+00

    89.00 deg.: X-S =       2.621580 mb/sr,
+                                         /R =   2.545634E+00

    89.50 deg.: X-S =       2.597986 mb/sr,
+                                         /R =   2.567730E+00

    90.00 deg.: X-S =       2.570454 mb/sr,
+                                         /R =   2.585446E+00

    90.50 deg.: X-S =       2.539255 mb/sr,
+                                         /R =   2.598835E+00

    91.00 deg.: X-S =       2.504667 mb/sr,
+                                         /R =   2.607977E+00

    91.50 deg.: X-S =       2.466979 mb/sr,
+                                         /R =   2.612976E+00

    92.00 deg.: X-S =       2.426484 mb/sr,
+                                         /R =   2.613962E+00

    92.50 deg.: X-S =       2.383479 mb/sr,
+                                         /R =   2.611086E+00

    93.00 deg.: X-S =       2.338262 mb/sr,
+                                         /R =   2.604519E+00

    93.50 deg.: X-S =       2.291127 mb/sr,
+                                         /R =   2.594450E+00

    94.00 deg.: X-S =       2.242369 mb/sr,
+                                         /R =   2.581087E+00

    94.50 deg.: X-S =       2.192275 mb/sr,
+                                         /R =   2.564650E+00

    95.00 deg.: X-S =       2.141126 mb/sr,
+                                         /R =   2.545372E+00

    95.50 deg.: X-S =       2.089194 mb/sr,
+                                         /R =   2.523499E+00

    96.00 deg.: X-S =       2.036742 mb/sr,
+                                         /R =   2.499282E+00

    96.50 deg.: X-S =       1.984021 mb/sr,
+                                         /R =   2.472981E+00

    97.00 deg.: X-S =       1.931274 mb/sr,
+                                         /R =   2.444860E+00

    97.50 deg.: X-S =       1.878726 mb/sr,
+                                         /R =   2.415184E+00

    98.00 deg.: X-S =       1.826592 mb/sr,
+                                         /R =   2.384221E+00

    98.50 deg.: X-S =       1.775072 mb/sr,
+                                         /R =   2.352237E+00

    99.00 deg.: X-S =       1.724352 mb/sr,
+                                         /R =   2.319495E+00

    99.50 deg.: X-S =       1.674602 mb/sr,
+                                         /R =   2.286254E+00

   100.00 deg.: X-S =       1.625979 mb/sr,
+                                         /R =   2.252768E+00

   100.50 deg.: X-S =       1.578625 mb/sr,
+                                         /R =   2.219282E+00

   101.00 deg.: X-S =       1.532664 mb/sr,
+                                         /R =   2.186033E+00

   101.50 deg.: X-S =       1.488208 mb/sr,
+                                         /R =   2.153249E+00

   102.00 deg.: X-S =       1.445355 mb/sr,
+                                         /R =   2.121146E+00

   102.50 deg.: X-S =       1.404187 mb/sr,
+                                         /R =   2.089929E+00

   103.00 deg.: X-S =       1.364772 mb/sr,
+                                         /R =   2.059791E+00

   103.50 deg.: X-S =       1.327166 mb/sr,
+                                         /R =   2.030910E+00

   104.00 deg.: X-S =       1.291412 mb/sr,
+                                         /R =   2.003452E+00

   104.50 deg.: X-S =       1.257540 mb/sr,
+                                         /R =   1.977567E+00

   105.00 deg.: X-S =       1.225568 mb/sr,
+                                         /R =   1.953392E+00

   105.50 deg.: X-S =       1.195504 mb/sr,
+                                         /R =   1.931049E+00

   106.00 deg.: X-S =       1.167346 mb/sr,
+                                         /R =   1.910643E+00

   106.50 deg.: X-S =       1.141081 mb/sr,
+                                         /R =   1.892268E+00

   107.00 deg.: X-S =       1.116689 mb/sr,
+                                         /R =   1.875999E+00

   107.50 deg.: X-S =       1.094140 mb/sr,
+                                         /R =   1.861901E+00

   108.00 deg.: X-S =       1.073397 mb/sr,
+                                         /R =   1.850021E+00

   108.50 deg.: X-S =       1.054418 mb/sr,
+                                         /R =   1.840395E+00

   109.00 deg.: X-S =       1.037154 mb/sr,
+                                         /R =   1.833045E+00

   109.50 deg.: X-S =       1.021551 mb/sr,
+                                         /R =   1.827980E+00

   110.00 deg.: X-S =       1.007549 mb/sr,
+                                         /R =   1.825197E+00

   110.50 deg.: X-S =       0.995086 mb/sr,
+                                         /R =   1.824682E+00

   111.00 deg.: X-S =       0.984098 mb/sr,
+                                         /R =   1.826411E+00

   111.50 deg.: X-S =       0.974515 mb/sr,
+                                         /R =   1.830350E+00

   112.00 deg.: X-S =       0.966269 mb/sr,
+                                         /R =   1.836455E+00

   112.50 deg.: X-S =       0.959287 mb/sr,
+                                         /R =   1.844675E+00

   113.00 deg.: X-S =       0.953499 mb/sr,
+                                         /R =   1.854950E+00

   113.50 deg.: X-S =       0.948832 mb/sr,
+                                         /R =   1.867216E+00

   114.00 deg.: X-S =       0.945215 mb/sr,
+                                         /R =   1.881402E+00

   114.50 deg.: X-S =       0.942575 mb/sr,
+                                         /R =   1.897432E+00

   115.00 deg.: X-S =       0.940844 mb/sr,
+                                         /R =   1.915225E+00

   115.50 deg.: X-S =       0.939952 mb/sr,
+                                         /R =   1.934700E+00

   116.00 deg.: X-S =       0.939832 mb/sr,
+                                         /R =   1.955770E+00

   116.50 deg.: X-S =       0.940420 mb/sr,
+                                         /R =   1.978349E+00

   117.00 deg.: X-S =       0.941653 mb/sr,
+                                         /R =   2.002349E+00

   117.50 deg.: X-S =       0.943471 mb/sr,
+                                         /R =   2.027680E+00

   118.00 deg.: X-S =       0.945816 mb/sr,
+                                         /R =   2.054255E+00

   118.50 deg.: X-S =       0.948633 mb/sr,
+                                         /R =   2.081987E+00

   119.00 deg.: X-S =       0.951870 mb/sr,
+                                         /R =   2.110789E+00

   119.50 deg.: X-S =       0.955479 mb/sr,
+                                         /R =   2.140576E+00

   120.00 deg.: X-S =       0.959412 mb/sr,
+                                         /R =   2.171268E+00

   120.50 deg.: X-S =       0.963628 mb/sr,
+                                         /R =   2.202784E+00

   121.00 deg.: X-S =       0.968087 mb/sr,
+                                         /R =   2.235048E+00

   121.50 deg.: X-S =       0.972749 mb/sr,
+                                         /R =   2.267986E+00

   122.00 deg.: X-S =       0.977583 mb/sr,
+                                         /R =   2.301527E+00

   122.50 deg.: X-S =       0.982555 mb/sr,
+                                         /R =   2.335606E+00

   123.00 deg.: X-S =       0.987637 mb/sr,
+                                         /R =   2.370157E+00

   123.50 deg.: X-S =       0.992803 mb/sr,
+                                         /R =   2.405121E+00

   124.00 deg.: X-S =       0.998029 mb/sr,
+                                         /R =   2.440441E+00

   124.50 deg.: X-S =       1.003293 mb/sr,
+                                         /R =   2.476065E+00

   125.00 deg.: X-S =       1.008575 mb/sr,
+                                         /R =   2.511940E+00

   125.50 deg.: X-S =       1.013858 mb/sr,
+                                         /R =   2.548022E+00

   126.00 deg.: X-S =       1.019126 mb/sr,
+                                         /R =   2.584265E+00

   126.50 deg.: X-S =       1.024365 mb/sr,
+                                         /R =   2.620627E+00

   127.00 deg.: X-S =       1.029563 mb/sr,
+                                         /R =   2.657070E+00

   127.50 deg.: X-S =       1.034707 mb/sr,
+                                         /R =   2.693557E+00

   128.00 deg.: X-S =       1.039788 mb/sr,
+                                         /R =   2.730052E+00

   128.50 deg.: X-S =       1.044796 mb/sr,
+                                         /R =   2.766522E+00

   129.00 deg.: X-S =       1.049722 mb/sr,
+                                         /R =   2.802934E+00

   129.50 deg.: X-S =       1.054559 mb/sr,
+                                         /R =   2.839257E+00

   130.00 deg.: X-S =       1.059299 mb/sr,
+                                         /R =   2.875459E+00

   130.50 deg.: X-S =       1.063936 mb/sr,
+                                         /R =   2.911509E+00

   131.00 deg.: X-S =       1.068461 mb/sr,
+                                         /R =   2.947378E+00

   131.50 deg.: X-S =       1.072868 mb/sr,
+                                         /R =   2.983032E+00

   132.00 deg.: X-S =       1.077150 mb/sr,
+                                         /R =   3.018440E+00

   132.50 deg.: X-S =       1.081301 mb/sr,
+                                         /R =   3.053569E+00

   133.00 deg.: X-S =       1.085312 mb/sr,
+                                         /R =   3.088383E+00

   133.50 deg.: X-S =       1.089176 mb/sr,
+                                         /R =   3.122849E+00

   134.00 deg.: X-S =       1.092885 mb/sr,
+                                         /R =   3.156927E+00

   134.50 deg.: X-S =       1.096431 mb/sr,
+                                         /R =   3.190577E+00

   135.00 deg.: X-S =       1.099805 mb/sr,
+                                         /R =   3.223760E+00

   135.50 deg.: X-S =       1.102997 mb/sr,
+                                         /R =   3.256429E+00

   136.00 deg.: X-S =       1.105998 mb/sr,
+                                         /R =   3.288540E+00

   136.50 deg.: X-S =       1.108796 mb/sr,
+                                         /R =   3.320044E+00

   137.00 deg.: X-S =       1.111381 mb/sr,
+                                         /R =   3.350891E+00

   137.50 deg.: X-S =       1.113742 mb/sr,
+                                         /R =   3.381026E+00

   138.00 deg.: X-S =       1.115866 mb/sr,
+                                         /R =   3.410395E+00

   138.50 deg.: X-S =       1.117742 mb/sr,
+                                         /R =   3.438941E+00

   139.00 deg.: X-S =       1.119356 mb/sr,
+                                         /R =   3.466603E+00

   139.50 deg.: X-S =       1.120694 mb/sr,
+                                         /R =   3.493320E+00

   140.00 deg.: X-S =       1.121745 mb/sr,
+                                         /R =   3.519029E+00

   140.50 deg.: X-S =       1.122493 mb/sr,
+                                         /R =   3.543665E+00

   141.00 deg.: X-S =       1.122926 mb/sr,
+                                         /R =   3.567162E+00

   141.50 deg.: X-S =       1.123029 mb/sr,
+                                         /R =   3.589453E+00

   142.00 deg.: X-S =       1.122788 mb/sr,
+                                         /R =   3.610470E+00

   142.50 deg.: X-S =       1.122191 mb/sr,
+                                         /R =   3.630145E+00

   143.00 deg.: X-S =       1.121222 mb/sr,
+                                         /R =   3.648410E+00

   143.50 deg.: X-S =       1.119870 mb/sr,
+                                         /R =   3.665198E+00

   144.00 deg.: X-S =       1.118121 mb/sr,
+                                         /R =   3.680441E+00

   144.50 deg.: X-S =       1.115963 mb/sr,
+                                         /R =   3.694072E+00

   145.00 deg.: X-S =       1.113385 mb/sr,
+                                         /R =   3.706029E+00

   145.50 deg.: X-S =       1.110374 mb/sr,
+                                         /R =   3.716248E+00

   146.00 deg.: X-S =       1.106921 mb/sr,
+                                         /R =   3.724668E+00

   146.50 deg.: X-S =       1.103017 mb/sr,
+                                         /R =   3.731233E+00

   147.00 deg.: X-S =       1.098652 mb/sr,
+                                         /R =   3.735887E+00

   147.50 deg.: X-S =       1.093820 mb/sr,
+                                         /R =   3.738580E+00

   148.00 deg.: X-S =       1.088514 mb/sr,
+                                         /R =   3.739264E+00

   148.50 deg.: X-S =       1.082728 mb/sr,
+                                         /R =   3.737896E+00

   149.00 deg.: X-S =       1.076460 mb/sr,
+                                         /R =   3.734439E+00

   149.50 deg.: X-S =       1.069705 mb/sr,
+                                         /R =   3.728859E+00

   150.00 deg.: X-S =       1.062463 mb/sr,
+                                         /R =   3.721127E+00

   150.50 deg.: X-S =       1.054734 mb/sr,
+                                         /R =   3.711221E+00

   151.00 deg.: X-S =       1.046519 mb/sr,
+                                         /R =   3.699125E+00

   151.50 deg.: X-S =       1.037821 mb/sr,
+                                         /R =   3.684828E+00

   152.00 deg.: X-S =       1.028646 mb/sr,
+                                         /R =   3.668325E+00

   152.50 deg.: X-S =       1.018998 mb/sr,
+                                         /R =   3.649619E+00

   153.00 deg.: X-S =       1.008885 mb/sr,
+                                         /R =   3.628719E+00

   153.50 deg.: X-S =       0.998317 mb/sr,
+                                         /R =   3.605641E+00

   154.00 deg.: X-S =       0.987304 mb/sr,
+                                         /R =   3.580406E+00

   154.50 deg.: X-S =       0.975859 mb/sr,
+                                         /R =   3.553046E+00

   155.00 deg.: X-S =       0.963994 mb/sr,
+                                         /R =   3.523595E+00

   155.50 deg.: X-S =       0.951726 mb/sr,
+                                         /R =   3.492099E+00

   156.00 deg.: X-S =       0.939070 mb/sr,
+                                         /R =   3.458608E+00

   156.50 deg.: X-S =       0.926046 mb/sr,
+                                         /R =   3.423179E+00

   157.00 deg.: X-S =       0.912672 mb/sr,
+                                         /R =   3.385876E+00

   157.50 deg.: X-S =       0.898969 mb/sr,
+                                         /R =   3.346772E+00

   158.00 deg.: X-S =       0.884960 mb/sr,
+                                         /R =   3.305943E+00

   158.50 deg.: X-S =       0.870667 mb/sr,
+                                         /R =   3.263473E+00

   159.00 deg.: X-S =       0.856115 mb/sr,
+                                         /R =   3.219452E+00

   159.50 deg.: X-S =       0.841329 mb/sr,
+                                         /R =   3.173978E+00

   160.00 deg.: X-S =       0.826337 mb/sr,
+                                         /R =   3.127150E+00

   160.50 deg.: X-S =       0.811166 mb/sr,
+                                         /R =   3.079076E+00

   161.00 deg.: X-S =       0.795843 mb/sr,
+                                         /R =   3.029869E+00

   161.50 deg.: X-S =       0.780399 mb/sr,
+                                         /R =   2.979643E+00

   162.00 deg.: X-S =       0.764862 mb/sr,
+                                         /R =   2.928521E+00

   162.50 deg.: X-S =       0.749264 mb/sr,
+                                         /R =   2.876627E+00

   163.00 deg.: X-S =       0.733635 mb/sr,
+                                         /R =   2.824089E+00

   163.50 deg.: X-S =       0.718006 mb/sr,
+                                         /R =   2.771039E+00

   164.00 deg.: X-S =       0.702410 mb/sr,
+                                         /R =   2.717611E+00

   164.50 deg.: X-S =       0.686878 mb/sr,
+                                         /R =   2.663940E+00

   165.00 deg.: X-S =       0.671441 mb/sr,
+                                         /R =   2.610165E+00

   165.50 deg.: X-S =       0.656133 mb/sr,
+                                         /R =   2.556425E+00

   166.00 deg.: X-S =       0.640986 mb/sr,
+                                         /R =   2.502860E+00

   166.50 deg.: X-S =       0.626030 mb/sr,
+                                         /R =   2.449612E+00

   167.00 deg.: X-S =       0.611298 mb/sr,
+                                         /R =   2.396821E+00

   167.50 deg.: X-S =       0.596821 mb/sr,
+                                         /R =   2.344626E+00

   168.00 deg.: X-S =       0.582630 mb/sr,
+                                         /R =   2.293168E+00

   168.50 deg.: X-S =       0.568756 mb/sr,
+                                         /R =   2.242584E+00

   169.00 deg.: X-S =       0.555228 mb/sr,
+                                         /R =   2.193011E+00

   169.50 deg.: X-S =       0.542076 mb/sr,
+                                         /R =   2.144582E+00

   170.00 deg.: X-S =       0.529328 mb/sr,
+                                         /R =   2.097428E+00

   170.50 deg.: X-S =       0.517011 mb/sr,
+                                         /R =   2.051677E+00

   171.00 deg.: X-S =       0.505154 mb/sr,
+                                         /R =   2.007455E+00

   171.50 deg.: X-S =       0.493781 mb/sr,
+                                         /R =   1.964881E+00

   172.00 deg.: X-S =       0.482917 mb/sr,
+                                         /R =   1.924072E+00

   172.50 deg.: X-S =       0.472587 mb/sr,
+                                         /R =   1.885140E+00

   173.00 deg.: X-S =       0.462812 mb/sr,
+                                         /R =   1.848192E+00

   173.50 deg.: X-S =       0.453615 mb/sr,
+                                         /R =   1.813329E+00

   174.00 deg.: X-S =       0.445015 mb/sr,
+                                         /R =   1.780647E+00

   174.50 deg.: X-S =       0.437032 mb/sr,
+                                         /R =   1.750237E+00

   175.00 deg.: X-S =       0.429682 mb/sr,
+                                         /R =   1.722181E+00

   175.50 deg.: X-S =       0.422983 mb/sr,
+                                         /R =   1.696558E+00

   176.00 deg.: X-S =       0.416949 mb/sr,
+                                         /R =   1.673438E+00

   176.50 deg.: X-S =       0.411593 mb/sr,
+                                         /R =   1.652885E+00

   177.00 deg.: X-S =       0.406927 mb/sr,
+                                         /R =   1.634956E+00

   177.50 deg.: X-S =       0.402961 mb/sr,
+                                         /R =   1.619701E+00

   178.00 deg.: X-S =       0.399704 mb/sr,
+                                         /R =   1.607161E+00

   178.50 deg.: X-S =       0.397164 mb/sr,
+                                         /R =   1.597372E+00

   179.00 deg.: X-S =       0.395345 mb/sr,
+                                         /R =   1.590360E+00

   179.50 deg.: X-S =       0.394252 mb/sr,
+                                         /R =   1.586145E+00

   179.99 deg.: X-S =       0.393888 mb/sr,
+                                         /R =   1.584740E+00

                                           Integrated  4.1014E+10 mb, over [   0.000, 180.000] at    16.0000 MeV 

 CROSS SECTIONS FOR OUTGOING 1H       & 13C      in state #   1 with spins & parities 0.5  + &  2.5  +;  0

     0.00 deg.: X-S =       5.906512 mb/sr,
+                                         REAC   6.4884E+00 mb

     0.50 deg.: X-S =       5.905086 mb/sr,

     1.00 deg.: X-S =       5.900809 mb/sr,

     1.50 deg.: X-S =       5.893681 mb/sr,

     2.00 deg.: X-S =       5.883704 mb/sr,

     2.50 deg.: X-S =       5.870880 mb/sr,

     3.00 deg.: X-S =       5.855211 mb/sr,

     3.50 deg.: X-S =       5.836704 mb/sr,

     4.00 deg.: X-S =       5.815365 mb/sr,

     4.50 deg.: X-S =       5.791202 mb/sr,

     5.00 deg.: X-S =       5.764229 mb/sr,

     5.50 deg.: X-S =       5.734461 mb/sr,

     6.00 deg.: X-S =       5.701918 mb/sr,

     6.50 deg.: X-S =       5.666622 mb/sr,

     7.00 deg.: X-S =       5.628602 mb/sr,

     7.50 deg.: X-S =       5.587890 mb/sr,

     8.00 deg.: X-S =       5.544524 mb/sr,

     8.50 deg.: X-S =       5.498546 mb/sr,

     9.00 deg.: X-S =       5.450003 mb/sr,

     9.50 deg.: X-S =       5.398946 mb/sr,

    10.00 deg.: X-S =       5.345431 mb/sr,

    10.50 deg.: X-S =       5.289519 mb/sr,

    11.00 deg.: X-S =       5.231274 mb/sr,

    11.50 deg.: X-S =       5.170762 mb/sr,

    12.00 deg.: X-S =       5.108055 mb/sr,

    12.50 deg.: X-S =       5.043226 mb/sr,

    13.00 deg.: X-S =       4.976351 mb/sr,

    13.50 deg.: X-S =       4.907508 mb/sr,

    14.00 deg.: X-S =       4.836777 mb/sr,

    14.50 deg.: X-S =       4.764239 mb/sr,

    15.00 deg.: X-S =       4.689978 mb/sr,

    15.50 deg.: X-S =       4.614077 mb/sr,

    16.00 deg.: X-S =       4.536623 mb/sr,

    16.50 deg.: X-S =       4.457703 mb/sr,

    17.00 deg.: X-S =       4.377405 mb/sr,

    17.50 deg.: X-S =       4.295819 mb/sr,

    18.00 deg.: X-S =       4.213036 mb/sr,

    18.50 deg.: X-S =       4.129149 mb/sr,

    19.00 deg.: X-S =       4.044253 mb/sr,

    19.50 deg.: X-S =       3.958444 mb/sr,

    20.00 deg.: X-S =       3.871820 mb/sr,

    20.50 deg.: X-S =       3.784480 mb/sr,

    21.00 deg.: X-S =       3.696527 mb/sr,

    21.50 deg.: X-S =       3.608062 mb/sr,

    22.00 deg.: X-S =       3.519189 mb/sr,

    22.50 deg.: X-S =       3.430015 mb/sr,

    23.00 deg.: X-S =       3.340644 mb/sr,

    23.50 deg.: X-S =       3.251184 mb/sr,

    24.00 deg.: X-S =       3.161741 mb/sr,

    24.50 deg.: X-S =       3.072421 mb/sr,

    25.00 deg.: X-S =       2.983330 mb/sr,

    25.50 deg.: X-S =       2.894573 mb/sr,

    26.00 deg.: X-S =       2.806252 mb/sr,

    26.50 deg.: X-S =       2.718469 mb/sr,

    27.00 deg.: X-S =       2.631322 mb/sr,

    27.50 deg.: X-S =       2.544908 mb/sr,

    28.00 deg.: X-S =       2.459320 mb/sr,

    28.50 deg.: X-S =       2.374647 mb/sr,

    29.00 deg.: X-S =       2.290975 mb/sr,

    29.50 deg.: X-S =       2.208389 mb/sr,

    30.00 deg.: X-S =       2.126966 mb/sr,

    30.50 deg.: X-S =       2.046781 mb/sr,

    31.00 deg.: X-S =       1.967905 mb/sr,

    31.50 deg.: X-S =       1.890406 mb/sr,

    32.00 deg.: X-S =       1.814345 mb/sr,

    32.50 deg.: X-S =       1.739782 mb/sr,

    33.00 deg.: X-S =       1.666771 mb/sr,

    33.50 deg.: X-S =       1.595364 mb/sr,

    34.00 deg.: X-S =       1.525607 mb/sr,

    34.50 deg.: X-S =       1.457544 mb/sr,

    35.00 deg.: X-S =       1.391213 mb/sr,

    35.50 deg.: X-S =       1.326650 mb/sr,

    36.00 deg.: X-S =       1.263887 mb/sr,

    36.50 deg.: X-S =       1.202951 mb/sr,

    37.00 deg.: X-S =       1.143867 mb/sr,

    37.50 deg.: X-S =       1.086654 mb/sr,

    38.00 deg.: X-S =       1.031329 mb/sr,

    38.50 deg.: X-S =       0.977906 mb/sr,

    39.00 deg.: X-S =       0.926391 mb/sr,

    39.50 deg.: X-S =       0.876791 mb/sr,

    40.00 deg.: X-S =       0.829105 mb/sr,

    40.50 deg.: X-S =       0.783332 mb/sr,

    41.00 deg.: X-S =       0.739465 mb/sr,

    41.50 deg.: X-S =       0.697492 mb/sr,

    42.00 deg.: X-S =       0.657401 mb/sr,

    42.50 deg.: X-S =       0.619173 mb/sr,

    43.00 deg.: X-S =       0.582788 mb/sr,

    43.50 deg.: X-S =       0.548221 mb/sr,

    44.00 deg.: X-S =       0.515445 mb/sr,

    44.50 deg.: X-S =       0.484429 mb/sr,

    45.00 deg.: X-S =       0.455141 mb/sr,

    45.50 deg.: X-S =       0.427544 mb/sr,

    46.00 deg.: X-S =       0.401603 mb/sr,

    46.50 deg.: X-S =       0.377275 mb/sr,

    47.00 deg.: X-S =       0.354521 mb/sr,

    47.50 deg.: X-S =       0.333296 mb/sr,

    48.00 deg.: X-S =       0.313556 mb/sr,

    48.50 deg.: X-S =       0.295256 mb/sr,

    49.00 deg.: X-S =       0.278348 mb/sr,

    49.50 deg.: X-S =       0.262786 mb/sr,

    50.00 deg.: X-S =       0.248520 mb/sr,

    50.50 deg.: X-S =       0.235503 mb/sr,

    51.00 deg.: X-S =       0.223684 mb/sr,

    51.50 deg.: X-S =       0.213015 mb/sr,

    52.00 deg.: X-S =       0.203447 mb/sr,

    52.50 deg.: X-S =       0.194929 mb/sr,

    53.00 deg.: X-S =       0.187413 mb/sr,

    53.50 deg.: X-S =       0.180849 mb/sr,

    54.00 deg.: X-S =       0.175187 mb/sr,

    54.50 deg.: X-S =       0.170380 mb/sr,

    55.00 deg.: X-S =       0.166379 mb/sr,

    55.50 deg.: X-S =       0.163135 mb/sr,

    56.00 deg.: X-S =       0.160602 mb/sr,

    56.50 deg.: X-S =       0.158732 mb/sr,

    57.00 deg.: X-S =       0.157479 mb/sr,

    57.50 deg.: X-S =       0.156799 mb/sr,

    58.00 deg.: X-S =       0.156647 mb/sr,

    58.50 deg.: X-S =       0.156979 mb/sr,

    59.00 deg.: X-S =       0.157753 mb/sr,

    59.50 deg.: X-S =       0.158929 mb/sr,

    60.00 deg.: X-S =       0.160465 mb/sr,

    60.50 deg.: X-S =       0.162324 mb/sr,

    61.00 deg.: X-S =       0.164469 mb/sr,

    61.50 deg.: X-S =       0.166864 mb/sr,

    62.00 deg.: X-S =       0.169475 mb/sr,

    62.50 deg.: X-S =       0.172268 mb/sr,

    63.00 deg.: X-S =       0.175214 mb/sr,

    63.50 deg.: X-S =       0.178283 mb/sr,

    64.00 deg.: X-S =       0.181447 mb/sr,

    64.50 deg.: X-S =       0.184679 mb/sr,

    65.00 deg.: X-S =       0.187956 mb/sr,

    65.50 deg.: X-S =       0.191254 mb/sr,

    66.00 deg.: X-S =       0.194551 mb/sr,

    66.50 deg.: X-S =       0.197828 mb/sr,

    67.00 deg.: X-S =       0.201066 mb/sr,

    67.50 deg.: X-S =       0.204247 mb/sr,

    68.00 deg.: X-S =       0.207355 mb/sr,

    68.50 deg.: X-S =       0.210377 mb/sr,

    69.00 deg.: X-S =       0.213298 mb/sr,

    69.50 deg.: X-S =       0.216106 mb/sr,

    70.00 deg.: X-S =       0.218790 mb/sr,

    70.50 deg.: X-S =       0.221342 mb/sr,

    71.00 deg.: X-S =       0.223750 mb/sr,

    71.50 deg.: X-S =       0.226009 mb/sr,

    72.00 deg.: X-S =       0.228111 mb/sr,

    72.50 deg.: X-S =       0.230051 mb/sr,

    73.00 deg.: X-S =       0.231824 mb/sr,

    73.50 deg.: X-S =       0.233426 mb/sr,

    74.00 deg.: X-S =       0.234855 mb/sr,

    74.50 deg.: X-S =       0.236109 mb/sr,

    75.00 deg.: X-S =       0.237187 mb/sr,

    75.50 deg.: X-S =       0.238088 mb/sr,

    76.00 deg.: X-S =       0.238815 mb/sr,

    76.50 deg.: X-S =       0.239368 mb/sr,

    77.00 deg.: X-S =       0.239751 mb/sr,

    77.50 deg.: X-S =       0.239965 mb/sr,

    78.00 deg.: X-S =       0.240015 mb/sr,

    78.50 deg.: X-S =       0.239905 mb/sr,

    79.00 deg.: X-S =       0.239641 mb/sr,

    79.50 deg.: X-S =       0.239227 mb/sr,

    80.00 deg.: X-S =       0.238669 mb/sr,

    80.50 deg.: X-S =       0.237974 mb/sr,

    81.00 deg.: X-S =       0.237149 mb/sr,

    81.50 deg.: X-S =       0.236199 mb/sr,

    82.00 deg.: X-S =       0.235133 mb/sr,

    82.50 deg.: X-S =       0.233957 mb/sr,

    83.00 deg.: X-S =       0.232678 mb/sr,

    83.50 deg.: X-S =       0.231304 mb/sr,

    84.00 deg.: X-S =       0.229843 mb/sr,

    84.50 deg.: X-S =       0.228301 mb/sr,

    85.00 deg.: X-S =       0.226686 mb/sr,

    85.50 deg.: X-S =       0.225006 mb/sr,

    86.00 deg.: X-S =       0.223267 mb/sr,

    86.50 deg.: X-S =       0.221476 mb/sr,

    87.00 deg.: X-S =       0.219641 mb/sr,

    87.50 deg.: X-S =       0.217768 mb/sr,

    88.00 deg.: X-S =       0.215865 mb/sr,

    88.50 deg.: X-S =       0.213937 mb/sr,

    89.00 deg.: X-S =       0.211992 mb/sr,

    89.50 deg.: X-S =       0.210036 mb/sr,

    90.00 deg.: X-S =       0.208075 mb/sr,

    90.50 deg.: X-S =       0.206116 mb/sr,

    91.00 deg.: X-S =       0.204163 mb/sr,

    91.50 deg.: X-S =       0.202223 mb/sr,

    92.00 deg.: X-S =       0.200303 mb/sr,

    92.50 deg.: X-S =       0.198406 mb/sr,

    93.00 deg.: X-S =       0.196538 mb/sr,

    93.50 deg.: X-S =       0.194705 mb/sr,

    94.00 deg.: X-S =       0.192910 mb/sr,

    94.50 deg.: X-S =       0.191159 mb/sr,

    95.00 deg.: X-S =       0.189456 mb/sr,

    95.50 deg.: X-S =       0.187804 mb/sr,

    96.00 deg.: X-S =       0.186208 mb/sr,

    96.50 deg.: X-S =       0.184671 mb/sr,

    97.00 deg.: X-S =       0.183195 mb/sr,

    97.50 deg.: X-S =       0.181784 mb/sr,

    98.00 deg.: X-S =       0.180440 mb/sr,

    98.50 deg.: X-S =       0.179165 mb/sr,

    99.00 deg.: X-S =       0.177962 mb/sr,

    99.50 deg.: X-S =       0.176831 mb/sr,

   100.00 deg.: X-S =       0.175774 mb/sr,

   100.50 deg.: X-S =       0.174792 mb/sr,

   101.00 deg.: X-S =       0.173886 mb/sr,

   101.50 deg.: X-S =       0.173056 mb/sr,

   102.00 deg.: X-S =       0.172303 mb/sr,

   102.50 deg.: X-S =       0.171627 mb/sr,

   103.00 deg.: X-S =       0.171027 mb/sr,

   103.50 deg.: X-S =       0.170503 mb/sr,

   104.00 deg.: X-S =       0.170055 mb/sr,

   104.50 deg.: X-S =       0.169682 mb/sr,

   105.00 deg.: X-S =       0.169383 mb/sr,

   105.50 deg.: X-S =       0.169157 mb/sr,

   106.00 deg.: X-S =       0.169004 mb/sr,

   106.50 deg.: X-S =       0.168920 mb/sr,

   107.00 deg.: X-S =       0.168907 mb/sr,

   107.50 deg.: X-S =       0.168961 mb/sr,

   108.00 deg.: X-S =       0.169081 mb/sr,

   108.50 deg.: X-S =       0.169266 mb/sr,

   109.00 deg.: X-S =       0.169513 mb/sr,

   109.50 deg.: X-S =       0.169821 mb/sr,

   110.00 deg.: X-S =       0.170188 mb/sr,

   110.50 deg.: X-S =       0.170611 mb/sr,

   111.00 deg.: X-S =       0.171088 mb/sr,

   111.50 deg.: X-S =       0.171617 mb/sr,

   112.00 deg.: X-S =       0.172196 mb/sr,

   112.50 deg.: X-S =       0.172822 mb/sr,

   113.00 deg.: X-S =       0.173493 mb/sr,

   113.50 deg.: X-S =       0.174206 mb/sr,

   114.00 deg.: X-S =       0.174959 mb/sr,

   114.50 deg.: X-S =       0.175749 mb/sr,

   115.00 deg.: X-S =       0.176574 mb/sr,

   115.50 deg.: X-S =       0.177430 mb/sr,

   116.00 deg.: X-S =       0.178317 mb/sr,

   116.50 deg.: X-S =       0.179230 mb/sr,

   117.00 deg.: X-S =       0.180168 mb/sr,

   117.50 deg.: X-S =       0.181127 mb/sr,

   118.00 deg.: X-S =       0.182106 mb/sr,

   118.50 deg.: X-S =       0.183102 mb/sr,

   119.00 deg.: X-S =       0.184112 mb/sr,

   119.50 deg.: X-S =       0.185134 mb/sr,

   120.00 deg.: X-S =       0.186166 mb/sr,

   120.50 deg.: X-S =       0.187205 mb/sr,

   121.00 deg.: X-S =       0.188250 mb/sr,

   121.50 deg.: X-S =       0.189297 mb/sr,

   122.00 deg.: X-S =       0.190345 mb/sr,

   122.50 deg.: X-S =       0.191392 mb/sr,

   123.00 deg.: X-S =       0.192435 mb/sr,

   123.50 deg.: X-S =       0.193472 mb/sr,

   124.00 deg.: X-S =       0.194502 mb/sr,

   124.50 deg.: X-S =       0.195523 mb/sr,

   125.00 deg.: X-S =       0.196532 mb/sr,

   125.50 deg.: X-S =       0.197528 mb/sr,

   126.00 deg.: X-S =       0.198509 mb/sr,

   126.50 deg.: X-S =       0.199474 mb/sr,

   127.00 deg.: X-S =       0.200421 mb/sr,

   127.50 deg.: X-S =       0.201348 mb/sr,

   128.00 deg.: X-S =       0.202254 mb/sr,

   128.50 deg.: X-S =       0.203138 mb/sr,

   129.00 deg.: X-S =       0.203999 mb/sr,

   129.50 deg.: X-S =       0.204835 mb/sr,

   130.00 deg.: X-S =       0.205645 mb/sr,

   130.50 deg.: X-S =       0.206429 mb/sr,

   131.00 deg.: X-S =       0.207185 mb/sr,

   131.50 deg.: X-S =       0.207913 mb/sr,

   132.00 deg.: X-S =       0.208611 mb/sr,

   132.50 deg.: X-S =       0.209280 mb/sr,

   133.00 deg.: X-S =       0.209919 mb/sr,

   133.50 deg.: X-S =       0.210527 mb/sr,

   134.00 deg.: X-S =       0.211104 mb/sr,

   134.50 deg.: X-S =       0.211649 mb/sr,

   135.00 deg.: X-S =       0.212163 mb/sr,

   135.50 deg.: X-S =       0.212644 mb/sr,

   136.00 deg.: X-S =       0.213093 mb/sr,

   136.50 deg.: X-S =       0.213510 mb/sr,

   137.00 deg.: X-S =       0.213893 mb/sr,

   137.50 deg.: X-S =       0.214245 mb/sr,

   138.00 deg.: X-S =       0.214563 mb/sr,

   138.50 deg.: X-S =       0.214849 mb/sr,

   139.00 deg.: X-S =       0.215102 mb/sr,

   139.50 deg.: X-S =       0.215322 mb/sr,

   140.00 deg.: X-S =       0.215511 mb/sr,

   140.50 deg.: X-S =       0.215667 mb/sr,

   141.00 deg.: X-S =       0.215791 mb/sr,

   141.50 deg.: X-S =       0.215884 mb/sr,

   142.00 deg.: X-S =       0.215946 mb/sr,

   142.50 deg.: X-S =       0.215977 mb/sr,

   143.00 deg.: X-S =       0.215978 mb/sr,

   143.50 deg.: X-S =       0.215949 mb/sr,

   144.00 deg.: X-S =       0.215891 mb/sr,

   144.50 deg.: X-S =       0.215804 mb/sr,

   145.00 deg.: X-S =       0.215690 mb/sr,

   145.50 deg.: X-S =       0.215549 mb/sr,

   146.00 deg.: X-S =       0.215381 mb/sr,

   146.50 deg.: X-S =       0.215188 mb/sr,

   147.00 deg.: X-S =       0.214971 mb/sr,

   147.50 deg.: X-S =       0.214730 mb/sr,

   148.00 deg.: X-S =       0.214465 mb/sr,

   148.50 deg.: X-S =       0.214179 mb/sr,

   149.00 deg.: X-S =       0.213872 mb/sr,

   149.50 deg.: X-S =       0.213544 mb/sr,

   150.00 deg.: X-S =       0.213197 mb/sr,

   150.50 deg.: X-S =       0.212832 mb/sr,

   151.00 deg.: X-S =       0.212449 mb/sr,

   151.50 deg.: X-S =       0.212049 mb/sr,

   152.00 deg.: X-S =       0.211634 mb/sr,

   152.50 deg.: X-S =       0.211204 mb/sr,

   153.00 deg.: X-S =       0.210759 mb/sr,

   153.50 deg.: X-S =       0.210302 mb/sr,

   154.00 deg.: X-S =       0.209833 mb/sr,

   154.50 deg.: X-S =       0.209352 mb/sr,

   155.00 deg.: X-S =       0.208861 mb/sr,

   155.50 deg.: X-S =       0.208360 mb/sr,

   156.00 deg.: X-S =       0.207851 mb/sr,

   156.50 deg.: X-S =       0.207334 mb/sr,

   157.00 deg.: X-S =       0.206810 mb/sr,

   157.50 deg.: X-S =       0.206281 mb/sr,

   158.00 deg.: X-S =       0.205747 mb/sr,

   158.50 deg.: X-S =       0.205209 mb/sr,

   159.00 deg.: X-S =       0.204668 mb/sr,

   159.50 deg.: X-S =       0.204125 mb/sr,

   160.00 deg.: X-S =       0.203582 mb/sr,

   160.50 deg.: X-S =       0.203038 mb/sr,

   161.00 deg.: X-S =       0.202496 mb/sr,

   161.50 deg.: X-S =       0.201955 mb/sr,

   162.00 deg.: X-S =       0.201418 mb/sr,

   162.50 deg.: X-S =       0.200885 mb/sr,

   163.00 deg.: X-S =       0.200357 mb/sr,

   163.50 deg.: X-S =       0.199834 mb/sr,

   164.00 deg.: X-S =       0.199318 mb/sr,

   164.50 deg.: X-S =       0.198810 mb/sr,

   165.00 deg.: X-S =       0.198310 mb/sr,

   165.50 deg.: X-S =       0.197819 mb/sr,

   166.00 deg.: X-S =       0.197338 mb/sr,

   166.50 deg.: X-S =       0.196867 mb/sr,

   167.00 deg.: X-S =       0.196408 mb/sr,

   167.50 deg.: X-S =       0.195960 mb/sr,

   168.00 deg.: X-S =       0.195525 mb/sr,

   168.50 deg.: X-S =       0.195102 mb/sr,

   169.00 deg.: X-S =       0.194693 mb/sr,

   169.50 deg.: X-S =       0.194299 mb/sr,

   170.00 deg.: X-S =       0.193918 mb/sr,

   170.50 deg.: X-S =       0.193553 mb/sr,

   171.00 deg.: X-S =       0.193203 mb/sr,

   171.50 deg.: X-S =       0.192868 mb/sr,

   172.00 deg.: X-S =       0.192551 mb/sr,

   172.50 deg.: X-S =       0.192249 mb/sr,

   173.00 deg.: X-S =       0.191965 mb/sr,

   173.50 deg.: X-S =       0.191699 mb/sr,

   174.00 deg.: X-S =       0.191450 mb/sr,

   174.50 deg.: X-S =       0.191219 mb/sr,

   175.00 deg.: X-S =       0.191008 mb/sr,

   175.50 deg.: X-S =       0.190815 mb/sr,

   176.00 deg.: X-S =       0.190641 mb/sr,

   176.50 deg.: X-S =       0.190488 mb/sr,

   177.00 deg.: X-S =       0.190354 mb/sr,

   177.50 deg.: X-S =       0.190240 mb/sr,

   178.00 deg.: X-S =       0.190146 mb/sr,

   178.50 deg.: X-S =       0.190073 mb/sr,

   179.00 deg.: X-S =       0.190021 mb/sr,

   179.50 deg.: X-S =       0.189990 mb/sr,

   180.00 deg.: X-S =       0.189980 mb/sr,

                                           Integrated  6.4881E+00 mb, over [   0.000, 180.000] at    16.0000 MeV 
 Finished all xsecs @   0.757923961    



 Mean components of Elastic Optical Potential generated by channel couplings of type  1

     0.200     0.0000     0.0000     0.0000     0.0000     0.0000     0.0000
     0.400     0.0000     0.0000     0.0000     0.0000     0.0000     0.0000
     0.600     0.0000     0.0000     0.0000     0.0000     0.0000     0.0000
     0.800     0.0000     0.0000     0.0000     0.0000     0.0000     0.0000
     1.000     0.0000     0.0000     0.0000     0.0000     0.0000     0.0000
     1.200     0.0000     0.0000     0.0000     0.0000     0.0000     0.0000
     1.400     0.0000     0.0000     0.0000     0.0000     0.0000     0.0000
     1.600     0.0000     0.0000     0.0000     0.0000     0.0000     0.0000
     1.800     0.0000     0.0000     0.0000     0.0000     0.0000     0.0000
     2.000     0.0000     0.0000     0.0000     0.0000     0.0000     0.0000
     2.200     0.0000     0.0000     0.0000     0.0000     0.0000     0.0000
     2.400     0.0000     0.0000     0.0000     0.0000     0.0000     0.0000
     2.600     0.0000     0.0000     0.0000     0.0000     0.0000     0.0000
     2.800     0.0000     0.0000     0.0000     0.0000     0.0000     0.0000
     3.000     0.0000     0.0000     0.0000     0.0000     0.0000     0.0000
     3.200     0.0000     0.0000     0.0000     0.0000     0.0000     0.0000
     3.400     0.0000     0.0000     0.0000     0.0000     0.0000     0.0000
     3.600     0.0000     0.0000     0.0000     0.0000     0.0000     0.0000
     3.800     0.0000     0.0000     0.0000     0.0000     0.0000     0.0000
     4.000     0.0000     0.0000     0.0000     0.0000     0.0000     0.0000
     4.200     0.0000     0.0000     0.0000     0.0000     0.0000     0.0000
     4.400     0.0000     0.0000     0.0000     0.0000     0.0000     0.0000
     4.600     0.0000     0.0000     0.0000     0.0000     0.0000     0.0000
     4.800     0.0000     0.0000     0.0000     0.0000     0.0000     0.0000
     5.000     0.0000     0.0000     0.0000     0.0000     0.0000     0.0000
     5.200     0.0000     0.0000     0.0000     0.0000     0.0000     0.0000
     5.400     0.0000     0.0000     0.0000     0.0000     0.0000     0.0000
     5.600     0.0000     0.0000     0.0000     0.0000     0.0000     0.0000
     5.800     0.0000     0.0000     0.0000     0.0000     0.0000     0.0000
     6.000     0.0000     0.0000     0.0000     0.0000     0.0000     0.0000
     6.200     0.0000     0.0000     0.0000     0.0000     0.0000     0.0000
     6.400     0.0000     0.0000     0.0000     0.0000     0.0000     0.0000
     6.600     0.0000     0.0000     0.0000     0.0000     0.0000     0.0000
     6.800     0.0000     0.0000     0.0000     0.0000     0.0000     0.0000
     7.000     0.0000     0.0000     0.0000     0.0000     0.0000     0.0000
     7.200     0.0000     0.0000     0.0000     0.0000     0.0000     0.0000
     7.400     0.0000     0.0000     0.0000     0.0000     0.0000     0.0000
     7.600     0.0000     0.0000     0.0000     0.0000     0.0000     0.0000
     7.800     0.0000     0.0000     0.0000     0.0000     0.0000     0.0000
     8.000     0.0000     0.0000     0.0000     0.0000     0.0000     0.0000
     8.200     0.0000     0.0000     0.0000     0.0000     0.0000     0.0000
     8.400     0.0000     0.0000     0.0000     0.0000     0.0000     0.0000
     8.600     0.0000     0.0000     0.0000     0.0000     0.0000     0.0000
     8.800     0.0000     0.0000     0.0000     0.0000     0.0000     0.0000
     9.000     0.0000     0.0000     0.0000     0.0000     0.0000     0.0000
     9.200     0.0000     0.0000     0.0000     0.0000     0.0000     0.0000
     9.400     0.0000     0.0000     0.0000     0.0000     0.0000     0.0000
     9.600     0.0000     0.0000     0.0000     0.0000     0.0000     0.0000
     9.800     0.0000     0.0000     0.0000     0.0000     0.0000     0.0000
    10.000     0.0000     0.0000     0.0000     0.0000     0.0000     0.0000
    10.200     0.0000     0.0000     0.0000     0.0000     0.0000     0.0000
    10.400     0.0000     0.0000     0.0000     0.0000     0.0000     0.0000
    10.600     0.0000     0.0000     0.0000     0.0000     0.0000     0.0000
    10.800     0.0000     0.0000     0.0000     0.0000     0.0000     0.0000
    11.000     0.0000     0.0000     0.0000     0.0000     0.0000     0.0000
    11.200     0.0000     0.0000     0.0000     0.0000     0.0000     0.0000
    11.400     0.0000     0.0000     0.0000     0.0000     0.0000     0.0000
    11.600     0.0000     0.0000     0.0000     0.0000     0.0000     0.0000
    11.800     0.0000     0.0000     0.0000     0.0000     0.0000     0.0000
    12.000     0.0000     0.0000     0.0000     0.0000     0.0000     0.0000
    12.200     0.0000     0.0000     0.0000     0.0000     0.0000     0.0000
    12.400     0.0000     0.0000     0.0000     0.0000     0.0000     0.0000
    12.600     0.0000     0.0000     0.0000     0.0000     0.0000     0.0000
    12.800     0.0000     0.0000     0.0000     0.0000     0.0000     0.0000
    13.000     0.0000     0.0000     0.0000     0.0000     0.0000     0.0000
    13.200     0.0000     0.0000     0.0000     0.0000     0.0000     0.0000
    13.400     0.0000     0.0000     0.0000     0.0000     0.0000     0.0000
    13.600     0.0000     0.0000     0.0000     0.0000     0.0000     0.0000
    13.800     0.0000     0.0000     0.0000     0.0000     0.0000     0.0000
    14.000     0.0000     0.0000     0.0000     0.0000     0.0000     0.0000
    14.200     0.0000     0.0000     0.0000     0.0000     0.0000     0.0000
    14.400     0.0000     0.0000     0.0000     0.0000     0.0000     0.0000
    14.600     0.0000     0.0000     0.0000     0.0000     0.0000     0.0000
    14.800     0.0000     0.0000     0.0000     0.0000     0.0000     0.0000
    15.000     0.0000     0.0000     0.0000     0.0000     0.0000     0.0000
    15.200     0.0000     0.0000     0.0000     0.0000     0.0000     0.0000
    15.400     0.0000     0.0000     0.0000     0.0000     0.0000     0.0000
    15.600     0.0000     0.0000     0.0000     0.0000     0.0000     0.0000
    15.800     0.0000     0.0000     0.0000     0.0000     0.0000     0.0000
    16.000     0.0000     0.0000     0.0000     0.0000     0.0000     0.0000
    16.200     0.0000     0.0000     0.0000     0.0000     0.0000     0.0000
    16.400     0.0000     0.0000     0.0000     0.0000     0.0000     0.0000
    16.600     0.0000     0.0000     0.0000     0.0000     0.0000     0.0000
    16.800     0.0000     0.0000     0.0000     0.0000     0.0000     0.0000
    17.000     0.0000     0.0000     0.0000     0.0000     0.0000     0.0000
    17.200     0.0000     0.0000     0.0000     0.0000     0.0000     0.0000
    17.400     0.0000     0.0000     0.0000     0.0000     0.0000     0.0000
    17.600     0.0000     0.0000     0.0000     0.0000     0.0000     0.0000
    17.800     0.0000     0.0000     0.0000     0.0000     0.0000     0.0000
    18.000     0.0000     0.0000     0.0000     0.0000     0.0000     0.0000
    18.200     0.0000     0.0000     0.0000     0.0000     0.0000     0.0000
    18.400     0.0000     0.0000     0.0000     0.0000     0.0000     0.0000
    18.600     0.0000     0.0000     0.0000     0.0000     0.0000     0.0000
    18.800     0.0000     0.0000     0.0000     0.0000     0.0000     0.0000
    19.000     0.0000     0.0000     0.0000     0.0000     0.0000     0.0000
    19.200     0.0000     0.0000     0.0000     0.0000     0.0000     0.0000
    19.400     0.0000     0.0000     0.0000     0.0000     0.0000     0.0000
    19.600     0.0000     0.0000     0.0000     0.0000     0.0000     0.0000
    19.800     0.0000     0.0000     0.0000     0.0000     0.0000     0.0000
    20.000     0.0000     0.0000     0.0000     0.0000     0.0000     0.0000
    20.200     0.0000     0.0000     0.0000     0.0000     0.0000     0.0000
    20.400     0.0000     0.0000     0.0000     0.0000     0.0000     0.0000
    20.600     0.0000     0.0000     0.0000     0.0000     0.0000     0.0000
    20.800     0.0000     0.0000     0.0000     0.0000     0.0000     0.0000
    21.000     0.0000     0.0000     0.0000     0.0000     0.0000     0.0000
    21.200     0.0000     0.0000     0.0000     0.0000     0.0000     0.0000
    21.400     0.0000     0.0000     0.0000     0.0000     0.0000     0.0000
    21.600     0.0000     0.0000     0.0000     0.0000     0.0000     0.0000
    21.800     0.0000     0.0000     0.0000     0.0000     0.0000     0.0000
    22.000     0.0000     0.0000     0.0000     0.0000     0.0000     0.0000
    22.200     0.0000     0.0000     0.0000     0.0000     0.0000     0.0000
    22.400     0.0000     0.0000     0.0000     0.0000     0.0000     0.0000
    22.600     0.0000     0.0000     0.0000     0.0000     0.0000     0.0000
    22.800     0.0000     0.0000     0.0000     0.0000     0.0000     0.0000
    23.000     0.0000     0.0000     0.0000     0.0000     0.0000     0.0000
    23.200     0.0000     0.0000     0.0000     0.0000     0.0000     0.0000
    23.400     0.0000     0.0000     0.0000     0.0000     0.0000     0.0000
    23.600     0.0000     0.0000     0.0000     0.0000     0.0000     0.0000
    23.800     0.0000     0.0000     0.0000     0.0000     0.0000     0.0000
    24.000     0.0000     0.0000     0.0000     0.0000     0.0000     0.0000
    24.200     0.0000     0.0000     0.0000     0.0000     0.0000     0.0000
    24.400     0.0000     0.0000     0.0000     0.0000     0.0000     0.0000
    24.600     0.0000     0.0000     0.0000     0.0000     0.0000     0.0000
    24.800     0.0000     0.0000     0.0000     0.0000     0.0000     0.0000
    25.000     0.0000     0.0000     0.0000     0.0000     0.0000     0.0000
    25.200     0.0000     0.0000     0.0000     0.0000     0.0000     0.0000
    25.400     0.0000     0.0000     0.0000     0.0000     0.0000     0.0000
    25.600     0.0000     0.0000     0.0000     0.0000     0.0000     0.0000
    25.800     0.0000     0.0000     0.0000     0.0000     0.0000     0.0000
    26.000     0.0000     0.0000     0.0000     0.0000     0.0000     0.0000
    26.200     0.0000     0.0000     0.0000     0.0000     0.0000     0.0000
    26.400     0.0000     0.0000     0.0000     0.0000     0.0000     0.0000
    26.600     0.0000     0.0000     0.0000     0.0000     0.0000     0.0000
    26.800     0.0000     0.0000     0.0000     0.0000     0.0000     0.0000
    27.000     0.0000     0.0000     0.0000     0.0000     0.0000     0.0000
    27.200     0.0000     0.0000     0.0000     0.0000     0.0000     0.0000
    27.400     0.0000     0.0000     0.0000     0.0000     0.0000     0.0000
    27.600     0.0000     0.0000     0.0000     0.0000     0.0000     0.0000
    27.800     0.0000     0.0000     0.0000     0.0000     0.0000     0.0000
    28.000     0.0000     0.0000     0.0000     0.0000     0.0000     0.0000
    28.200     0.0000     0.0000     0.0000     0.0000     0.0000     0.0000
    28.400     0.0000     0.0000     0.0000     0.0000     0.0000     0.0000
    28.600     0.0000     0.0000     0.0000     0.0000     0.0000     0.0000
    28.800     0.0000     0.0000     0.0000     0.0000     0.0000     0.0000
    29.000     0.0000     0.0000     0.0000     0.0000     0.0000     0.0000
    29.200     0.0000     0.0000     0.0000     0.0000     0.0000     0.0000
    29.400     0.0000     0.0000     0.0000     0.0000     0.0000     0.0000
    29.600     0.0000     0.0000     0.0000     0.0000     0.0000     0.0000
    29.800     0.0000     0.0000     0.0000     0.0000     0.0000     0.0000
    30.000     0.0000     0.0000     0.0000     0.0000     0.0000     0.0000
    30.200     0.0000     0.0000     0.0000     0.0000     0.0000     0.0000
    30.400     0.0000     0.0000     0.0000     0.0000     0.0000     0.0000
    30.600     0.0000     0.0000     0.0000     0.0000     0.0000     0.0000
    30.800     0.0000     0.0000     0.0000     0.0000     0.0000     0.0000
    31.000     0.0000     0.0000     0.0000     0.0000     0.0000     0.0000
    31.200     0.0000     0.0000     0.0000     0.0000     0.0000     0.0000
    31.400     0.0000     0.0000     0.0000     0.0000     0.0000     0.0000
    31.600     0.0000     0.0000     0.0000     0.0000     0.0000     0.0000
    31.800     0.0000     0.0000     0.0000     0.0000     0.0000     0.0000
    32.000     0.0000     0.0000     0.0000     0.0000     0.0000     0.0000
    32.200     0.0000     0.0000     0.0000     0.0000     0.0000     0.0000
    32.400     0.0000     0.0000     0.0000     0.0000     0.0000     0.0000
    32.600     0.0000     0.0000     0.0000     0.0000     0.0000     0.0000
    32.800     0.0000     0.0000     0.0000     0.0000     0.0000     0.0000
    33.000     0.0000     0.0000     0.0000     0.0000     0.0000     0.0000
    33.200     0.0000     0.0000     0.0000     0.0000     0.0000     0.0000
    33.400     0.0000     0.0000     0.0000     0.0000     0.0000     0.0000
    33.600     0.0000     0.0000     0.0000     0.0000     0.0000     0.0000
    33.800     0.0000     0.0000     0.0000     0.0000     0.0000     0.0000
    34.000     0.0000     0.0000     0.0000     0.0000     0.0000     0.0000
    34.200     0.0000     0.0000     0.0000     0.0000     0.0000     0.0000
    34.400     0.0000     0.0000     0.0000     0.0000     0.0000     0.0000
    34.600     0.0000     0.0000     0.0000     0.0000     0.0000     0.0000
    34.800     0.0000     0.0000     0.0000     0.0000     0.0000     0.0000
    35.000     0.0000     0.0000     0.0000     0.0000     0.0000     0.0000
    35.200     0.0000     0.0000     0.0000     0.0000     0.0000     0.0000
    35.400     0.0000     0.0000     0.0000     0.0000     0.0000     0.0000
    35.600     0.0000     0.0000     0.0000     0.0000     0.0000     0.0000
    35.800     0.0000     0.0000     0.0000     0.0000     0.0000     0.0000
    36.000     0.0000     0.0000     0.0000     0.0000     0.0000     0.0000
    36.200     0.0000     0.0000     0.0000     0.0000     0.0000     0.0000
    36.400     0.0000     0.0000     0.0000     0.0000     0.0000     0.0000
    36.600     0.0000     0.0000     0.0000     0.0000     0.0000     0.0000
    36.800     0.0000     0.0000     0.0000     0.0000     0.0000     0.0000
    37.000     0.0000     0.0000     0.0000     0.0000     0.0000     0.0000
    37.200     0.0000     0.0000     0.0000     0.0000     0.0000     0.0000
    37.400     0.0000     0.0000     0.0000     0.0000     0.0000     0.0000
    37.600     0.0000     0.0000     0.0000     0.0000     0.0000     0.0000
    37.800     0.0000     0.0000     0.0000     0.0000     0.0000     0.0000
    38.000     0.0000     0.0000     0.0000     0.0000     0.0000     0.0000
    38.200     0.0000     0.0000     0.0000     0.0000     0.0000     0.0000
    38.400     0.0000     0.0000     0.0000     0.0000     0.0000     0.0000
    38.600     0.0000     0.0000     0.0000     0.0000     0.0000     0.0000
    38.800     0.0000     0.0000     0.0000     0.0000     0.0000     0.0000
    39.000     0.0000     0.0000     0.0000     0.0000     0.0000     0.0000
    39.200     0.0000     0.0000     0.0000     0.0000     0.0000     0.0000
    39.400     0.0000     0.0000     0.0000     0.0000     0.0000     0.0000
    39.600     0.0000     0.0000     0.0000     0.0000     0.0000     0.0000
    39.800     0.0000     0.0000     0.0000     0.0000     0.0000     0.0000
    40.000     0.0000     0.0000     0.0000     0.0000     0.0000     0.0000
    40.200     0.0000     0.0000     0.0000     0.0000     0.0000     0.0000
    40.400     0.0000     0.0000     0.0000     0.0000     0.0000     0.0000
    40.600     0.0000     0.0000     0.0000     0.0000     0.0000     0.0000
    40.800     0.0000     0.0000     0.0000     0.0000     0.0000     0.0000
    41.000     0.0000     0.0000     0.0000     0.0000     0.0000     0.0000
    41.200     0.0000     0.0000     0.0000     0.0000     0.0000     0.0000
    41.400     0.0000     0.0000     0.0000     0.0000     0.0000     0.0000
    41.600     0.0000     0.0000     0.0000     0.0000     0.0000     0.0000
    41.800     0.0000     0.0000     0.0000     0.0000     0.0000     0.0000
    42.000     0.0000     0.0000     0.0000     0.0000     0.0000     0.0000
    42.200     0.0000     0.0000     0.0000     0.0000     0.0000     0.0000
    42.400     0.0000     0.0000     0.0000     0.0000     0.0000     0.0000
    42.600     0.0000     0.0000     0.0000     0.0000     0.0000     0.0000
    42.800     0.0000     0.0000     0.0000     0.0000     0.0000     0.0000
    43.000     0.0000     0.0000     0.0000     0.0000     0.0000     0.0000
    43.200     0.0000     0.0000     0.0000     0.0000     0.0000     0.0000
    43.400     0.0000     0.0000     0.0000     0.0000     0.0000     0.0000
    43.600     0.0000     0.0000     0.0000     0.0000     0.0000     0.0000
    43.800     0.0000     0.0000     0.0000     0.0000     0.0000     0.0000
    44.000     0.0000     0.0000     0.0000     0.0000     0.0000     0.0000
    44.200     0.0000     0.0000     0.0000     0.0000     0.0000     0.0000
    44.400     0.0000     0.0000     0.0000     0.0000     0.0000     0.0000
    44.600     0.0000     0.0000     0.0000     0.0000     0.0000     0.0000
    44.800     0.0000     0.0000     0.0000     0.0000     0.0000     0.0000
    45.000     0.0000     0.0000     0.0000     0.0000     0.0000     0.0000
    45.200     0.0000     0.0000     0.0000     0.0000     0.0000     0.0000
    45.400     0.0000     0.0000     0.0000     0.0000     0.0000     0.0000
    45.600     0.0000     0.0000     0.0000     0.0000     0.0000     0.0000
    45.800     0.0000     0.0000     0.0000     0.0000     0.0000     0.0000
    46.000     0.0000     0.0000     0.0000     0.0000     0.0000     0.0000
    46.200     0.0000     0.0000     0.0000     0.0000     0.0000     0.0000
    46.400     0.0000     0.0000     0.0000     0.0000     0.0000     0.0000
    46.600     0.0000     0.0000     0.0000     0.0000     0.0000     0.0000
    46.800     0.0000     0.0000     0.0000     0.0000     0.0000     0.0000
    47.000     0.0000     0.0000     0.0000     0.0000     0.0000     0.0000
    47.200     0.0000     0.0000     0.0000     0.0000     0.0000     0.0000
    47.400     0.0000     0.0000     0.0000     0.0000     0.0000     0.0000
    47.600     0.0000     0.0000     0.0000     0.0000     0.0000     0.0000
    47.800     0.0000     0.0000     0.0000     0.0000     0.0000     0.0000
    48.000     0.0000     0.0000     0.0000     0.0000     0.0000     0.0000
    48.200     0.0000     0.0000     0.0000     0.0000     0.0000     0.0000
    48.400     0.0000     0.0000     0.0000     0.0000     0.0000     0.0000
    48.600     0.0000     0.0000     0.0000     0.0000     0.0000     0.0000
    48.800     0.0000     0.0000     0.0000     0.0000     0.0000     0.0000
    49.000     0.0000     0.0000     0.0000     0.0000     0.0000     0.0000
    49.200     0.0000     0.0000     0.0000     0.0000     0.0000     0.0000
    49.400     0.0000     0.0000     0.0000     0.0000     0.0000     0.0000
    49.600     0.0000     0.0000     0.0000     0.0000     0.0000     0.0000
    49.800     0.0000     0.0000     0.0000     0.0000     0.0000     0.0000
    50.000     0.0000     0.0000     0.0000     0.0000     0.0000     0.0000
    50.200     0.0000     0.0000     0.0000     0.0000     0.0000     0.0000
    50.400     0.0000     0.0000     0.0000     0.0000     0.0000     0.0000
    50.600     0.0000     0.0000     0.0000     0.0000     0.0000     0.0000
    50.800     0.0000     0.0000     0.0000     0.0000     0.0000     0.0000
    51.000     0.0000     0.0000     0.0000     0.0000     0.0000     0.0000
    51.200     0.0000     0.0000     0.0000     0.0000     0.0000     0.0000
    51.400     0.0000     0.0000     0.0000     0.0000     0.0000     0.0000
    51.600     0.0000     0.0000     0.0000     0.0000     0.0000     0.0000
    51.800     0.0000     0.0000     0.0000     0.0000     0.0000     0.0000
    52.000     0.0000     0.0000     0.0000     0.0000     0.0000     0.0000
    52.200     0.0000     0.0000     0.0000     0.0000     0.0000     0.0000
    52.400     0.0000     0.0000     0.0000     0.0000     0.0000     0.0000
    52.600     0.0000     0.0000     0.0000     0.0000     0.0000     0.0000
    52.800     0.0000     0.0000     0.0000     0.0000     0.0000     0.0000
    53.000     0.0000     0.0000     0.0000     0.0000     0.0000     0.0000
    53.200     0.0000     0.0000     0.0000     0.0000     0.0000     0.0000
    53.400     0.0000     0.0000     0.0000     0.0000     0.0000     0.0000
    53.600     0.0000     0.0000     0.0000     0.0000     0.0000     0.0000
    53.800     0.0000     0.0000     0.0000     0.0000     0.0000     0.0000
    54.000     0.0000     0.0000     0.0000     0.0000     0.0000     0.0000
    54.200     0.0000     0.0000     0.0000     0.0000     0.0000     0.0000
    54.400     0.0000     0.0000     0.0000     0.0000     0.0000     0.0000
    54.600     0.0000     0.0000     0.0000     0.0000     0.0000     0.0000
    54.800     0.0000     0.0000     0.0000     0.0000     0.0000     0.0000
    55.000     0.0000     0.0000     0.0000     0.0000     0.0000     0.0000

 BPM: Using the real scalar part of the  Elastic Channel Potential

 Incident energy (cm) =  13.700. Fusion inside radius of   3.550 fm.

0Cumulative FUSION cross section by BPM (case 1)   =  0.758E+03  <L> =     3.04  <L**2> =     11.0

 BPM: Using the real scalar part of the  Elastic Channel Potential
 Including CRC local equivalent potential.

 Incident energy (cm) =  13.700. Fusion inside radius of   3.550 fm.

0Cumulative FUSION cross section by BPM (case 2)   =  0.758E+03  <L> =     3.04  <L**2> =     11.0
0Fusion at  16.000 MeV: Bare =  7.579E+02, Actual =  1.116E+03, BPM-equiv =  7.579E+02 mb

  The following files have been created:
   3:local copy of User input.            6:standard output.                   
   7:elastic  S-matrix elements.         12:transfer kernels.                  
  13:total cross sections/state.         15:local equivalent potentials.       
  16:tables of cross sections.           35:Astrophysics S-factors  / Ecm.     
  38:cross sections for each J/pi.       39:cross sections for each Ecm.       
  40:all cross sectns. for each Elab.    45:scat phase shift as E functions.   
  46:bs wave functions & ANC ratios.     55:Single-particle wfns.              
  56:Fusion for each Jtotal.             58:Single-particle wfns.              
  59:Single-particle vertex functions.   75:S-factors for lab energies.        
  90:average polarisation potential.     91:polarisation potl for rereading.   
 201:Separate cross sections.           202:Separate cross sections.           

 PARAMETERS : MAXQRN   MLOC  LMAX1 MCLIST     MFNL  MPWCOUP
    ALLOWED :     14     16     40      7       64        0
    REQUIRED:      1     16     24      4       10        0


 ACCURACY ANALYSIS at    16.000 MeV :

  Elastic h*k = 0.106 so OK       compared with 0.200

   Real(S-el) > 0.01 first at J =       1.0
   Real(S-el) > 0.10 first at J =       1.0
   Real(S-el) > 0.50 first at J =       4.0
   Real(S-el) > 0.90 first at J =       6.0
   Real(S-el) > 0.99 first at J =       8.0
   R-turn =    19.59 fm    at J =      20.0

 Forward-angle excitation cut off below   1.874 deg by max JT =      20.0
                              and below   0.657 deg by max R.


 1: Recommended RNL: non-local width >   5.40 cf:  30.00 fm: OK      
    Recommended CENTRE: centration   ~  -0.90 cf:  -6.00 fm

 Total CPU  0 time =       0.76 seconds
