  1.0  0.0  0.5  0.5 121   1  16.00000   0.00000   0.00000
   0.0000000000000000     
  1.5345E+00  2.2722E-01  0.0000E+00  0.0000E+00  0.0000E+00  0.0000E+00
  0.0000E+00  0.0000E+00  0.0000E+00  0.0000E+00 -1.1479E+00 -3.0114E-01
  1.1479E+00  3.0114E-01  0.0000E+00  0.0000E+00  0.0000E+00  0.0000E+00
  0.0000E+00  0.0000E+00  0.0000E+00  0.0000E+00 -1.5345E+00 -2.2722E-01
  0.50000000000000000     
  1.5338E+00  2.2694E-01  6.1739E-02 -2.3176E-02  2.4321E-04 -1.8005E-03
  1.6043E-05 -3.2916E-06  4.0597E-02 -1.5188E-02 -1.1475E+00 -3.0090E-01
  1.1475E+00  3.0090E-01  4.0597E-02 -1.5188E-02 -1.6043E-05  3.2916E-06
  2.4321E-04 -1.8005E-03  6.1739E-02 -2.3176E-02 -1.5338E+00 -2.2694E-01
   1.0000000000000000     
  1.5318E+00  2.2612E-01  1.2331E-01 -4.6329E-02  4.8600E-04 -3.6011E-03
  6.4168E-05 -1.3140E-05  8.1077E-02 -3.0357E-02 -1.1461E+00 -3.0020E-01
  1.1461E+00  3.0020E-01  8.1077E-02 -3.0357E-02 -6.4168E-05  1.3140E-05
  4.8600E-04 -3.6011E-03  1.2331E-01 -4.6329E-02 -1.5318E+00 -2.2612E-01
   1.5000000000000000     
  1.5283E+00  2.2475E-01  1.8455E-01 -6.9433E-02  7.2792E-04 -5.4020E-03
  1.4436E-04 -2.9465E-05  1.2132E-01 -4.5492E-02 -1.1438E+00 -2.9903E-01
  1.1438E+00  2.9903E-01  1.2132E-01 -4.5492E-02 -1.4436E-04  2.9465E-05
  7.2792E-04 -5.4020E-03  1.8455E-01 -6.9433E-02 -1.5283E+00 -2.2475E-01
   2.0000000000000000     
  1.5235E+00  2.2283E-01  2.4529E-01 -9.2466E-02  9.6854E-04 -7.2032E-03
  2.5659E-04 -5.2135E-05  1.6122E-01 -6.0573E-02 -1.1406E+00 -2.9740E-01
  1.1406E+00  2.9740E-01  1.6122E-01 -6.0573E-02 -2.5659E-04  5.2135E-05
  9.6854E-04 -7.2032E-03  2.4529E-01 -9.2466E-02 -1.5235E+00 -2.2283E-01
   2.5000000000000000     
  1.5174E+00  2.2037E-01  3.0536E-01 -1.1540E-01  1.2074E-03 -9.0050E-03
  4.0081E-04 -8.0965E-05  2.0065E-01 -7.5584E-02 -1.1365E+00 -2.9531E-01
  1.1365E+00  2.9531E-01  2.0065E-01 -7.5584E-02 -4.0081E-04  8.0965E-05
  1.2074E-03 -9.0050E-03  3.0536E-01 -1.1540E-01 -1.5174E+00 -2.2037E-01
   3.0000000000000000     
  1.5099E+00  2.1736E-01  3.6462E-01 -1.3822E-01  1.4442E-03 -1.0807E-02
  5.7698E-04 -1.1572E-04  2.3951E-01 -9.0506E-02 -1.1314E+00 -2.9275E-01
  1.1314E+00  2.9275E-01  2.3951E-01 -9.0506E-02 -5.7698E-04  1.1572E-04
  1.4442E-03 -1.0807E-02  3.6462E-01 -1.3822E-01 -1.5099E+00 -2.1736E-01
   3.5000000000000000     
  1.5011E+00  2.1383E-01  4.2290E-01 -1.6089E-01  1.6783E-03 -1.2610E-02
  7.8502E-04 -1.5612E-04  2.7769E-01 -1.0532E-01 -1.1255E+00 -2.8975E-01
  1.1255E+00  2.8975E-01  2.7769E-01 -1.0532E-01 -7.8502E-04  1.5612E-04
  1.6783E-03 -1.2610E-02  4.2290E-01 -1.6089E-01 -1.5011E+00 -2.1383E-01
   4.0000000000000000     
  1.4910E+00  2.0977E-01  4.8005E-01 -1.8340E-01  1.9094E-03 -1.4414E-02
  1.0249E-03 -2.0182E-04  3.1508E-01 -1.2001E-01 -1.1188E+00 -2.8629E-01
  1.1188E+00  2.8629E-01  3.1508E-01 -1.2001E-01 -1.0249E-03  2.0182E-04
  1.9094E-03 -1.4414E-02  4.8005E-01 -1.8340E-01 -1.4910E+00 -2.0977E-01
   4.5000000000000000     
  1.4796E+00  2.0519E-01  5.3593E-01 -2.0571E-01  2.1371E-03 -1.6219E-02
  1.2964E-03 -2.5245E-04  3.5158E-01 -1.3456E-01 -1.1111E+00 -2.8239E-01
  1.1111E+00  2.8239E-01  3.5158E-01 -1.3456E-01 -1.2964E-03  2.5245E-04
  2.1371E-03 -1.6219E-02  5.3593E-01 -2.0571E-01 -1.4796E+00 -2.0519E-01
   5.0000000000000000     
  1.4669E+00  2.0010E-01  5.9041E-01 -2.2780E-01  2.3609E-03 -1.8025E-02
  1.5994E-03 -3.0759E-04  3.8710E-01 -1.4895E-01 -1.1027E+00 -2.7805E-01
  1.1027E+00  2.7805E-01  3.8710E-01 -1.4895E-01 -1.5994E-03  3.0759E-04
  2.3609E-03 -1.8025E-02  5.9041E-01 -2.2780E-01 -1.4669E+00 -2.0010E-01
   5.5000000000000000     
  1.4531E+00  1.9450E-01  6.4334E-01 -2.4965E-01  2.5803E-03 -1.9832E-02
  1.9339E-03 -3.6677E-04  4.2153E-01 -1.6315E-01 -1.0934E+00 -2.7328E-01
  1.0934E+00  2.7328E-01  4.2153E-01 -1.6315E-01 -1.9339E-03  3.6677E-04
  2.5803E-03 -1.9832E-02  6.4334E-01 -2.4965E-01 -1.4531E+00 -1.9450E-01
   6.0000000000000000     
  1.4380E+00  1.8841E-01  6.9460E-01 -2.7123E-01  2.7950E-03 -2.1640E-02
  2.2996E-03 -4.2947E-04  4.5481E-01 -1.7716E-01 -1.0833E+00 -2.6809E-01
  1.0833E+00  2.6809E-01  4.5481E-01 -1.7716E-01 -2.2996E-03  4.2947E-04
  2.7950E-03 -2.1640E-02  6.9460E-01 -2.7123E-01 -1.4380E+00 -1.8841E-01
   6.5000000000000000     
  1.4218E+00  1.8184E-01  7.4408E-01 -2.9252E-01  3.0046E-03 -2.3449E-02
  2.6962E-03 -4.9517E-04  4.8683E-01 -1.9095E-01 -1.0725E+00 -2.6248E-01
  1.0725E+00  2.6248E-01  4.8683E-01 -1.9095E-01 -2.6962E-03  4.9517E-04
  3.0046E-03 -2.3449E-02  7.4408E-01 -2.9252E-01 -1.4218E+00 -1.8184E-01
   7.0000000000000000     
  1.4044E+00  1.7479E-01  7.9167E-01 -3.1349E-01  3.2085E-03 -2.5259E-02
  3.1237E-03 -5.6327E-04  5.1754E-01 -2.0451E-01 -1.0609E+00 -2.5646E-01
  1.0609E+00  2.5646E-01  5.1754E-01 -2.0451E-01 -3.1237E-03  5.6327E-04
  3.2085E-03 -2.5259E-02  7.9167E-01 -3.1349E-01 -1.4044E+00 -1.7479E-01
   7.5000000000000000     
  1.3860E+00  1.6728E-01  8.3727E-01 -3.3412E-01  3.4064E-03 -2.7070E-02
  3.5816E-03 -6.3316E-04  5.4686E-01 -2.1782E-01 -1.0486E+00 -2.5005E-01
  1.0486E+00  2.5005E-01  5.4686E-01 -2.1782E-01 -3.5816E-03  6.3316E-04
  3.4064E-03 -2.7070E-02  8.3727E-01 -3.3412E-01 -1.3860E+00 -1.6728E-01
   8.0000000000000000     
  1.3665E+00  1.5933E-01  8.8078E-01 -3.5438E-01  3.5978E-03 -2.8882E-02
  4.0697E-03 -7.0421E-04  5.7472E-01 -2.3085E-01 -1.0356E+00 -2.4325E-01
  1.0356E+00  2.4325E-01  5.7472E-01 -2.3085E-01 -4.0697E-03  7.0421E-04
  3.5978E-03 -2.8882E-02  8.8078E-01 -3.5438E-01 -1.3665E+00 -1.5933E-01
   8.5000000000000000     
  1.3461E+00  1.5093E-01  9.2213E-01 -3.7424E-01  3.7823E-03 -3.0694E-02
  4.5877E-03 -7.7573E-04  6.0107E-01 -2.4360E-01 -1.0219E+00 -2.3607E-01
  1.0219E+00  2.3607E-01  6.0107E-01 -2.4360E-01 -4.5877E-03  7.7573E-04
  3.7823E-03 -3.0694E-02  9.2213E-01 -3.7424E-01 -1.3461E+00 -1.5093E-01
   9.0000000000000000     
  1.3246E+00  1.4212E-01  9.6125E-01 -3.9368E-01  3.9596E-03 -3.2508E-02
  5.1350E-03 -8.4703E-04  6.2586E-01 -2.5603E-01 -1.0076E+00 -2.2853E-01
  1.0076E+00  2.2853E-01  6.2586E-01 -2.5603E-01 -5.1350E-03  8.4703E-04
  3.9596E-03 -3.2508E-02  9.6125E-01 -3.9368E-01 -1.3246E+00 -1.4212E-01
   9.5000000000000000     
  1.3022E+00  1.3289E-01  9.9807E-01 -4.1268E-01  4.1291E-03 -3.4323E-02
  5.7114E-03 -9.1738E-04  6.4905E-01 -2.6814E-01 -9.9267E-01 -2.2063E-01
  9.9267E-01  2.2063E-01  6.4905E-01 -2.6814E-01 -5.7114E-03  9.1738E-04
  4.1291E-03 -3.4323E-02  9.9807E-01 -4.1268E-01 -1.3022E+00 -1.3289E-01
   10.000000000000000     
  1.2790E+00  1.2328E-01  1.0325E+00 -4.3121E-01  4.2906E-03 -3.6138E-02
  6.3162E-03 -9.8605E-04  6.7060E-01 -2.7990E-01 -9.7717E-01 -2.1238E-01
  9.7717E-01  2.1238E-01  6.7060E-01 -2.7990E-01 -6.3162E-03  9.8605E-04
  4.2906E-03 -3.6138E-02  1.0325E+00 -4.3121E-01 -1.2790E+00 -1.2328E-01
   10.500000000000000     
  1.2549E+00  1.1328E-01  1.0646E+00 -4.4925E-01  4.4435E-03 -3.7953E-02
  6.9491E-03 -1.0523E-03  6.9047E-01 -2.9130E-01 -9.6112E-01 -2.0381E-01
  9.6112E-01  2.0381E-01  6.9047E-01 -2.9130E-01 -6.9491E-03  1.0523E-03
  4.4435E-03 -3.7953E-02  1.0646E+00 -4.4925E-01 -1.2549E+00 -1.1328E-01
   11.000000000000000     
  1.2301E+00  1.0291E-01  1.0942E+00 -4.6677E-01  4.5876E-03 -3.9768E-02
  7.6094E-03 -1.1152E-03  7.0866E-01 -3.0233E-01 -9.4457E-01 -1.9491E-01
  9.4457E-01  1.9491E-01  7.0866E-01 -3.0233E-01 -7.6094E-03  1.1152E-03
  4.5876E-03 -3.9768E-02  1.0942E+00 -4.6677E-01 -1.2301E+00 -1.0291E-01
   11.500000000000000     
  1.2045E+00  9.2203E-02  1.1214E+00 -4.8375E-01  4.7223E-03 -4.1584E-02
  8.2966E-03 -1.1742E-03  7.2513E-01 -3.1295E-01 -9.2753E-01 -1.8570E-01
  9.2753E-01  1.8570E-01  7.2513E-01 -3.1295E-01 -8.2966E-03  1.1742E-03
  4.7223E-03 -4.1584E-02  1.1214E+00 -4.8375E-01 -1.2045E+00 -9.2203E-02
   12.000000000000000     
  1.1782E+00  8.1159E-02  1.1461E+00 -5.0016E-01  4.8474E-03 -4.3398E-02
  9.0100E-03 -1.2283E-03  7.3988E-01 -3.2316E-01 -9.1005E-01 -1.7620E-01
  9.1005E-01  1.7620E-01  7.3988E-01 -3.2316E-01 -9.0100E-03  1.2283E-03
  4.8474E-03 -4.3398E-02  1.1461E+00 -5.0016E-01 -1.1782E+00 -8.1159E-02
   12.500000000000000     
  1.1513E+00  6.9797E-02  1.1683E+00 -5.1599E-01  4.9625E-03 -4.5213E-02
  9.7490E-03 -1.2767E-03  7.5291E-01 -3.3294E-01 -8.9215E-01 -1.6642E-01
  8.9215E-01  1.6642E-01  7.5291E-01 -3.3294E-01 -9.7490E-03  1.2767E-03
  4.9625E-03 -4.5213E-02  1.1683E+00 -5.1599E-01 -1.1513E+00 -6.9797E-02
   13.000000000000000     
  1.1238E+00  5.8135E-02  1.1881E+00 -5.3121E-01  5.0672E-03 -4.7026E-02
  1.0513E-02 -1.3186E-03  7.6421E-01 -3.4228E-01 -8.7386E-01 -1.5637E-01
  8.7386E-01  1.5637E-01  7.6421E-01 -3.4228E-01 -1.0513E-02  1.3186E-03
  5.0672E-03 -4.7026E-02  1.1881E+00 -5.3121E-01 -1.1238E+00 -5.8135E-02
   13.500000000000000     
  1.0958E+00  4.6189E-02  1.2054E+00 -5.4580E-01  5.1612E-03 -4.8837E-02
  1.1301E-02 -1.3532E-03  7.7380E-01 -3.5116E-01 -8.5523E-01 -1.4606E-01
  8.5523E-01  1.4606E-01  7.7380E-01 -3.5116E-01 -1.1301E-02  1.3532E-03
  5.1612E-03 -4.8837E-02  1.2054E+00 -5.4580E-01 -1.0958E+00 -4.6189E-02
   14.000000000000000     
  1.0673E+00  3.3976E-02  1.2202E+00 -5.5974E-01  5.2442E-03 -5.0647E-02
  1.2112E-02 -1.3796E-03  7.8169E-01 -3.5956E-01 -8.3628E-01 -1.3550E-01
  8.3628E-01  1.3550E-01  7.8169E-01 -3.5956E-01 -1.2112E-02  1.3796E-03
  5.2442E-03 -5.0647E-02  1.2202E+00 -5.5974E-01 -1.0673E+00 -3.3976E-02
   14.500000000000000     
  1.0383E+00  2.1512E-02  1.2326E+00 -5.7302E-01  5.3158E-03 -5.2454E-02
  1.2945E-02 -1.3969E-03  7.8789E-01 -3.6748E-01 -8.1704E-01 -1.2472E-01
  8.1704E-01  1.2472E-01  7.8789E-01 -3.6748E-01 -1.2945E-02  1.3969E-03
  5.3158E-03 -5.2454E-02  1.2326E+00 -5.7302E-01 -1.0383E+00 -2.1512E-02
   15.000000000000000     
  1.0089E+00  8.8135E-03  1.2426E+00 -5.8561E-01  5.3758E-03 -5.4259E-02
  1.3801E-02 -1.4043E-03  7.9243E-01 -3.7490E-01 -7.9754E-01 -1.1372E-01
  7.9754E-01  1.1372E-01  7.9243E-01 -3.7490E-01 -1.3801E-02  1.4043E-03
  5.3758E-03 -5.4259E-02  1.2426E+00 -5.8561E-01 -1.0089E+00 -8.8135E-03
   15.500000000000000     
  9.7920E-01 -4.1016E-03  1.2502E+00 -5.9750E-01  5.4239E-03 -5.6059E-02
  1.4677E-02 -1.4009E-03  7.9534E-01 -3.8180E-01 -7.7783E-01 -1.0252E-01
  7.7783E-01  1.0252E-01  7.9534E-01 -3.8180E-01 -1.4677E-02  1.4009E-03
  5.4239E-03 -5.6059E-02  1.2502E+00 -5.9750E-01 -9.7920E-01  4.1016E-03
   16.000000000000000     
  9.4916E-01 -1.7217E-02  1.2556E+00 -6.0868E-01  5.4598E-03 -5.7856E-02
  1.5573E-02 -1.3858E-03  7.9665E-01 -3.8819E-01 -7.5792E-01 -9.1136E-02
  7.5792E-01  9.1136E-02  7.9665E-01 -3.8819E-01 -1.5573E-02  1.3858E-03
  5.4598E-03 -5.7856E-02  1.2556E+00 -6.0868E-01 -9.4916E-01  1.7217E-02
   16.500000000000000     
  9.1887E-01 -3.0516E-02  1.2586E+00 -6.1912E-01  5.4833E-03 -5.9649E-02
  1.6489E-02 -1.3582E-03  7.9639E-01 -3.9404E-01 -7.3784E-01 -7.9572E-02
  7.3784E-01  7.9572E-02  7.9639E-01 -3.9404E-01 -1.6489E-02  1.3582E-03
  5.4833E-03 -5.9649E-02  1.2586E+00 -6.1912E-01 -9.1887E-01  3.0516E-02
   17.000000000000000     
  8.8835E-01 -4.3981E-02  1.2595E+00 -6.2883E-01  5.4941E-03 -6.1436E-02
  1.7422E-02 -1.3171E-03  7.9461E-01 -3.9935E-01 -7.1763E-01 -6.7847E-02
  7.1763E-01  6.7847E-02  7.9461E-01 -3.9935E-01 -1.7422E-02  1.3171E-03
  5.4941E-03 -6.1436E-02  1.2595E+00 -6.2883E-01 -8.8835E-01  4.3981E-02
   17.500000000000000     
  8.5766E-01 -5.7597E-02  1.2582E+00 -6.3778E-01  5.4921E-03 -6.3216E-02
  1.8373E-02 -1.2618E-03  7.9134E-01 -4.0412E-01 -6.9732E-01 -5.5974E-02
  6.9732E-01  5.5974E-02  7.9134E-01 -4.0412E-01 -1.8373E-02  1.2618E-03
  5.4921E-03 -6.3216E-02  1.2582E+00 -6.3778E-01 -8.5766E-01  5.7597E-02
   18.000000000000000     
  8.2683E-01 -7.1345E-02  1.2548E+00 -6.4597E-01  5.4771E-03 -6.4991E-02
  1.9340E-02 -1.1912E-03  7.8664E-01 -4.0833E-01 -6.7692E-01 -4.3967E-02
  6.7692E-01  4.3967E-02  7.8664E-01 -4.0833E-01 -1.9340E-02  1.1912E-03
  5.4771E-03 -6.4991E-02  1.2548E+00 -6.4597E-01 -8.2683E-01  7.1345E-02
   18.500000000000000     
  7.9590E-01 -8.5211E-02  1.2494E+00 -6.5338E-01  5.4488E-03 -6.6757E-02
  2.0323E-02 -1.1047E-03  7.8055E-01 -4.1198E-01 -6.5647E-01 -3.1839E-02
  6.5647E-01  3.1839E-02  7.8055E-01 -4.1198E-01 -2.0323E-02  1.1047E-03
  5.4488E-03 -6.6757E-02  1.2494E+00 -6.5338E-01 -7.9590E-01  8.5211E-02
   19.000000000000000     
  7.6492E-01 -9.9176E-02  1.2421E+00 -6.6003E-01  5.4072E-03 -6.8515E-02
  2.1320E-02 -1.0011E-03  7.7312E-01 -4.1507E-01 -6.3599E-01 -1.9604E-02
  6.3599E-01  1.9604E-02  7.7312E-01 -4.1507E-01 -2.1320E-02  1.0011E-03
  5.4072E-03 -6.8515E-02  1.2421E+00 -6.6003E-01 -7.6492E-01  9.9176E-02
   19.500000000000000     
  7.3391E-01 -1.1323E-01  1.2329E+00 -6.6589E-01  5.3520E-03 -7.0264E-02
  2.2331E-02 -8.7986E-04  7.6441E-01 -4.1759E-01 -6.1551E-01 -7.2753E-03
  6.1551E-01  7.2753E-03  7.6441E-01 -4.1759E-01 -2.2331E-02  8.7986E-04
  5.3520E-03 -7.0264E-02  1.2329E+00 -6.6589E-01 -7.3391E-01  1.1323E-01
   20.000000000000000     
  7.0292E-01 -1.2734E-01  1.2218E+00 -6.7097E-01  5.2833E-03 -7.2003E-02
  2.3354E-02 -7.3994E-04  7.5447E-01 -4.1954E-01 -5.9505E-01  5.1342E-03
  5.9505E-01 -5.1342E-03  7.5447E-01 -4.1954E-01 -2.3354E-02  7.3994E-04
  5.2833E-03 -7.2003E-02  1.2218E+00 -6.7097E-01 -7.0292E-01  1.2734E-01
   20.500000000000000     
  6.7198E-01 -1.4151E-01  1.2091E+00 -6.7527E-01  5.2009E-03 -7.3731E-02
  2.4389E-02 -5.8052E-04  7.4335E-01 -4.2093E-01 -5.7463E-01  1.7611E-02
  5.7463E-01 -1.7611E-02  7.4335E-01 -4.2093E-01 -2.4389E-02  5.8052E-04
  5.2009E-03 -7.3731E-02  1.2091E+00 -6.7527E-01 -6.7198E-01  1.4151E-01
   21.000000000000000     
  6.4112E-01 -1.5572E-01  1.1947E+00 -6.7878E-01  5.1048E-03 -7.5447E-02
  2.5436E-02 -4.0079E-04  7.3110E-01 -4.2175E-01 -5.5427E-01  3.0142E-02
  5.5427E-01 -3.0142E-02  7.3110E-01 -4.2175E-01 -2.5436E-02  4.0079E-04
  5.1048E-03 -7.5447E-02  1.1947E+00 -6.7878E-01 -6.4112E-01  1.5572E-01
   21.500000000000000     
  6.1036E-01 -1.6994E-01  1.1788E+00 -6.8151E-01  4.9948E-03 -7.7150E-02
  2.6492E-02 -1.9992E-04  7.1780E-01 -4.2200E-01 -5.3399E-01  4.2714E-02
  5.3399E-01 -4.2714E-02  7.1780E-01 -4.2200E-01 -2.6492E-02  1.9992E-04
  4.9948E-03 -7.7150E-02  1.1788E+00 -6.8151E-01 -6.1036E-01  1.6994E-01
   22.000000000000000     
  5.7975E-01 -1.8418E-01  1.1613E+00 -6.8346E-01  4.8710E-03 -7.8839E-02
  2.7557E-02  2.2901E-05  7.0348E-01 -4.2170E-01 -5.1381E-01  5.5314E-02
  5.1381E-01 -5.5314E-02  7.0348E-01 -4.2170E-01 -2.7557E-02 -2.2901E-05
  4.8710E-03 -7.8839E-02  1.1613E+00 -6.8346E-01 -5.7975E-01  1.8418E-01
   22.500000000000000     
  5.4931E-01 -1.9839E-01  1.1425E+00 -6.8464E-01  4.7333E-03 -8.0512E-02
  2.8631E-02  2.6846E-04  6.8822E-01 -4.2083E-01 -4.9375E-01  6.7929E-02
  4.9375E-01 -6.7929E-02  6.8822E-01 -4.2083E-01 -2.8631E-02 -2.6846E-04
  4.7333E-03 -8.0512E-02  1.1425E+00 -6.8464E-01 -5.4931E-01  1.9839E-01
   23.000000000000000     
  5.1907E-01 -2.1259E-01  1.1223E+00 -6.8506E-01  4.5818E-03 -8.2170E-02
  2.9712E-02  5.3751E-04  6.7207E-01 -4.1941E-01 -4.7383E-01  8.0548E-02
  4.7383E-01 -8.0548E-02  6.7207E-01 -4.1941E-01 -2.9712E-02 -5.3751E-04
  4.5818E-03 -8.2170E-02  1.1223E+00 -6.8506E-01 -5.1907E-01  2.1259E-01
   23.500000000000000     
  4.8904E-01 -2.2674E-01  1.1009E+00 -6.8471E-01  4.4164E-03 -8.3810E-02
  3.0799E-02  8.3081E-04  6.5507E-01 -4.1745E-01 -4.5406E-01  9.3156E-02
  4.5406E-01 -9.3156E-02  6.5507E-01 -4.1745E-01 -3.0799E-02 -8.3081E-04
  4.4164E-03 -8.3810E-02  1.1009E+00 -6.8471E-01 -4.8904E-01  2.2674E-01
   24.000000000000000     
  4.5926E-01 -2.4084E-01  1.0784E+00 -6.8362E-01  4.2371E-03 -8.5432E-02
  3.1892E-02  1.1491E-03  6.3730E-01 -4.1494E-01 -4.3445E-01  1.0574E-01
  4.3445E-01 -1.0574E-01  6.3730E-01 -4.1494E-01 -3.1892E-02 -1.1491E-03
  4.2371E-03 -8.5432E-02  1.0784E+00 -6.8362E-01 -4.5926E-01  2.4084E-01
   24.500000000000000     
  4.2975E-01 -2.5486E-01  1.0547E+00 -6.8178E-01  4.0442E-03 -8.7035E-02
  3.2990E-02  1.4930E-03  6.1881E-01 -4.1191E-01 -4.1503E-01  1.1829E-01
  4.1503E-01 -1.1829E-01  6.1881E-01 -4.1191E-01 -3.2990E-02 -1.4930E-03
  4.0442E-03 -8.7035E-02  1.0547E+00 -6.8178E-01 -4.2975E-01  2.5486E-01
   25.000000000000000     
  4.0052E-01 -2.6880E-01  1.0300E+00 -6.7923E-01  3.8374E-03 -8.8616E-02
  3.4091E-02  1.8632E-03  5.9965E-01 -4.0835E-01 -3.9580E-01  1.3080E-01
  3.9580E-01 -1.3080E-01  5.9965E-01 -4.0835E-01 -3.4091E-02 -1.8632E-03
  3.8374E-03 -8.8616E-02  1.0300E+00 -6.7923E-01 -4.0052E-01  2.6880E-01
   25.500000000000000     
  3.7160E-01 -2.8265E-01  1.0044E+00 -6.7596E-01  3.6171E-03 -9.0176E-02
  3.5196E-02  2.2604E-03  5.7988E-01 -4.0428E-01 -3.7677E-01  1.4324E-01
  3.7677E-01 -1.4324E-01  5.7988E-01 -4.0428E-01 -3.5196E-02 -2.2604E-03
  3.6171E-03 -9.0176E-02  1.0044E+00 -6.7596E-01 -3.7160E-01  2.8265E-01
   26.000000000000000     
  3.4301E-01 -2.9637E-01  9.7800E-01 -6.7199E-01  3.3832E-03 -9.1713E-02
  3.6302E-02  2.6851E-03  5.5954E-01 -3.9972E-01 -3.5796E-01  1.5561E-01
  3.5796E-01 -1.5561E-01  5.5954E-01 -3.9972E-01 -3.6302E-02 -2.6851E-03
  3.3832E-03 -9.1713E-02  9.7800E-01 -6.7199E-01 -3.4301E-01  2.9637E-01
   26.500000000000000     
  3.1476E-01 -3.0997E-01  9.5077E-01 -6.6734E-01  3.1358E-03 -9.3225E-02
  3.7409E-02  3.1380E-03  5.3870E-01 -3.9466E-01 -3.3938E-01  1.6790E-01
  3.3938E-01 -1.6790E-01  5.3870E-01 -3.9466E-01 -3.7409E-02 -3.1380E-03
  3.1358E-03 -9.3225E-02  9.5077E-01 -6.6734E-01 -3.1476E-01  3.0997E-01
   27.000000000000000     
  2.8687E-01 -3.2342E-01  9.2283E-01 -6.6202E-01  2.8750E-03 -9.4712E-02
  3.8517E-02  3.6194E-03  5.1741E-01 -3.8913E-01 -3.2104E-01  1.8010E-01
  3.2104E-01 -1.8010E-01  5.1741E-01 -3.8913E-01 -3.8517E-02 -3.6194E-03
  2.8750E-03 -9.4712E-02  9.2283E-01 -6.6202E-01 -2.8687E-01  3.2342E-01
   27.500000000000000     
  2.5936E-01 -3.3672E-01  8.9424E-01 -6.5605E-01  2.6010E-03 -9.6171E-02
  3.9624E-02  4.1299E-03  4.9570E-01 -3.8314E-01 -3.0294E-01  1.9218E-01
  3.0294E-01 -1.9218E-01  4.9570E-01 -3.8314E-01 -3.9624E-02 -4.1299E-03
  2.6010E-03 -9.6171E-02  8.9424E-01 -6.5605E-01 -2.5936E-01  3.3672E-01
   28.000000000000000     
  2.3223E-01 -3.4985E-01  8.6509E-01 -6.4946E-01  2.3139E-03 -9.7603E-02
  4.0729E-02  4.6699E-03  4.7364E-01 -3.7670E-01 -2.8510E-01  2.0415E-01
  2.8510E-01 -2.0415E-01  4.7364E-01 -3.7670E-01 -4.0729E-02 -4.6699E-03
  2.3139E-03 -9.7603E-02  8.6509E-01 -6.4946E-01 -2.3223E-01  3.4985E-01
   28.500000000000000     
  2.0551E-01 -3.6279E-01  8.3543E-01 -6.4225E-01  2.0137E-03 -9.9005E-02
  4.1831E-02  5.2398E-03  4.5127E-01 -3.6982E-01 -2.6751E-01  2.1599E-01
  2.6751E-01 -2.1599E-01  4.5127E-01 -3.6982E-01 -4.1831E-02 -5.2398E-03
  2.0137E-03 -9.9005E-02  8.3543E-01 -6.4225E-01 -2.0551E-01  3.6279E-01
   29.000000000000000     
  1.7921E-01 -3.7554E-01  8.0534E-01 -6.3445E-01  1.7008E-03 -1.0038E-01
  4.2930E-02  5.8399E-03  4.2863E-01 -3.6252E-01 -2.5020E-01  2.2769E-01
  2.5020E-01 -2.2769E-01  4.2863E-01 -3.6252E-01 -4.2930E-02 -5.8399E-03
  1.7008E-03 -1.0038E-01  8.0534E-01 -6.3445E-01 -1.7921E-01  3.7554E-01
   29.500000000000000     
  1.5333E-01 -3.8807E-01  7.7487E-01 -6.2607E-01  1.3751E-03 -1.0172E-01
  4.4024E-02  6.4706E-03  4.0578E-01 -3.5483E-01 -2.3316E-01  2.3923E-01
  2.3316E-01 -2.3923E-01  4.0578E-01 -3.5483E-01 -4.4024E-02 -6.4706E-03
  1.3751E-03 -1.0172E-01  7.7487E-01 -6.2607E-01 -1.5333E-01  3.8807E-01
   30.000000000000000     
  1.2789E-01 -4.0038E-01  7.4408E-01 -6.1715E-01  1.0369E-03 -1.0302E-01
  4.5112E-02  7.1320E-03  3.8274E-01 -3.4674E-01 -2.1640E-01  2.5061E-01
  2.1640E-01 -2.5061E-01  3.8274E-01 -3.4674E-01 -4.5112E-02 -7.1320E-03
  1.0369E-03 -1.0302E-01  7.4408E-01 -6.1715E-01 -1.2789E-01  4.0038E-01
   30.500000000000000     
  1.0289E-01 -4.1245E-01  7.1303E-01 -6.0769E-01  6.8633E-04 -1.0429E-01
  4.6194E-02  7.8244E-03  3.5958E-01 -3.3828E-01 -1.9993E-01  2.6182E-01
  1.9993E-01 -2.6182E-01  3.5958E-01 -3.3828E-01 -4.6194E-02 -7.8244E-03
  6.8633E-04 -1.0429E-01  7.1303E-01 -6.0769E-01 -1.0289E-01  4.1245E-01
   31.000000000000000     
  7.8361E-02 -4.2427E-01  6.8179E-01 -5.9772E-01  3.2357E-04 -1.0553E-01
  4.7268E-02  8.5479E-03  3.3631E-01 -3.2946E-01 -1.8375E-01  2.7284E-01
  1.8375E-01 -2.7284E-01  3.3631E-01 -3.2946E-01 -4.7268E-02 -8.5479E-03
  3.2357E-04 -1.0553E-01  6.8179E-01 -5.9772E-01 -7.8361E-02  4.2427E-01
   31.500000000000000     
  5.4294E-02 -4.3583E-01  6.5041E-01 -5.8727E-01 -5.1188E-05 -1.0673E-01
  4.8334E-02  9.3026E-03  3.1300E-01 -3.2030E-01 -1.6787E-01  2.8366E-01
  1.6787E-01 -2.8366E-01  3.1300E-01 -3.2030E-01 -4.8334E-02 -9.3026E-03
 -5.1188E-05 -1.0673E-01  6.5041E-01 -5.8727E-01 -5.4294E-02  4.3583E-01
   32.000000000000000     
  3.0703E-02 -4.4711E-01  6.1893E-01 -5.7635E-01 -4.3775E-04 -1.0789E-01
  4.9390E-02  1.0089E-02  2.8966E-01 -3.1082E-01 -1.5229E-01  2.9428E-01
  1.5229E-01 -2.9428E-01  2.8966E-01 -3.1082E-01 -4.9390E-02 -1.0089E-02
 -4.3775E-04 -1.0789E-01  6.1893E-01 -5.7635E-01 -3.0703E-02  4.4711E-01
   32.500000000000000     
  7.5948E-03 -4.5810E-01  5.8742E-01 -5.6498E-01 -8.3592E-04 -1.0901E-01
  5.0434E-02  1.0906E-02  2.6634E-01 -3.0103E-01 -1.3701E-01  3.0468E-01
  1.3701E-01 -3.0468E-01  2.6634E-01 -3.0103E-01 -5.0434E-02 -1.0906E-02
 -8.3592E-04 -1.0901E-01  5.8742E-01 -5.6498E-01 -7.5948E-03  4.5810E-01
   33.000000000000000     
 -1.5022E-02 -4.6879E-01  5.5591E-01 -5.5319E-01 -1.2455E-03 -1.1009E-01
  5.1467E-02  1.1754E-02  2.4308E-01 -2.9095E-01 -1.2205E-01  3.1486E-01
  1.2205E-01 -3.1486E-01  2.4308E-01 -2.9095E-01 -5.1467E-02 -1.1754E-02
 -1.2455E-03 -1.1009E-01  5.5591E-01 -5.5319E-01  1.5022E-02  4.6879E-01
   33.500000000000000     
 -3.7142E-02 -4.7917E-01  5.2446E-01 -5.4100E-01 -1.6662E-03 -1.1113E-01
  5.2487E-02  1.2634E-02  2.1990E-01 -2.8060E-01 -1.0739E-01  3.2480E-01
  1.0739E-01 -3.2480E-01  2.1990E-01 -2.8060E-01 -5.2487E-02 -1.2634E-02
 -1.6662E-03 -1.1113E-01  5.2446E-01 -5.4100E-01  3.7142E-02  4.7917E-01
   34.000000000000000     
 -5.8757E-02 -4.8923E-01  4.9312E-01 -5.2843E-01 -2.0978E-03 -1.1212E-01
  5.3493E-02  1.3544E-02  1.9684E-01 -2.6999E-01 -9.3044E-02  3.3449E-01
  9.3044E-02 -3.3449E-01  1.9684E-01 -2.6999E-01 -5.3493E-02 -1.3544E-02
 -2.0978E-03 -1.1212E-01  4.9312E-01 -5.2843E-01  5.8757E-02  4.8923E-01
   34.500000000000000     
 -7.9863E-02 -4.9895E-01  4.6192E-01 -5.1550E-01 -2.5401E-03 -1.1307E-01
  5.4484E-02  1.4485E-02  1.7393E-01 -2.5914E-01 -7.9016E-02  3.4392E-01
  7.9016E-02 -3.4392E-01  1.7393E-01 -2.5914E-01 -5.4484E-02 -1.4485E-02
 -2.5401E-03 -1.1307E-01  4.6192E-01 -5.1550E-01  7.9863E-02  4.9895E-01
   35.000000000000000     
 -1.0045E-01 -5.0832E-01  4.3091E-01 -5.0224E-01 -2.9928E-03 -1.1398E-01
  5.5458E-02  1.5457E-02  1.5120E-01 -2.4807E-01 -6.5307E-02  3.5309E-01
  6.5307E-02 -3.5309E-01  1.5120E-01 -2.4807E-01 -5.5458E-02 -1.5457E-02
 -2.9928E-03 -1.1398E-01  4.3091E-01 -5.0224E-01  1.0045E-01  5.0832E-01
   35.500000000000000     
 -1.2052E-01 -5.1733E-01  4.0012E-01 -4.8867E-01 -3.4556E-03 -1.1484E-01
  5.6416E-02  1.6459E-02  1.2867E-01 -2.3679E-01 -5.1919E-02  3.6199E-01
  5.1919E-02 -3.6199E-01  1.2867E-01 -2.3679E-01 -5.6416E-02 -1.6459E-02
 -3.4556E-03 -1.1484E-01  4.0012E-01 -4.8867E-01  1.2052E-01  5.1733E-01
   36.000000000000000     
 -1.4007E-01 -5.2598E-01  3.6960E-01 -4.7480E-01 -3.9283E-03 -1.1564E-01
  5.7355E-02  1.7490E-02  1.0638E-01 -2.2532E-01 -3.8853E-02  3.7061E-01
  3.8853E-02 -3.7061E-01  1.0638E-01 -2.2532E-01 -5.7355E-02 -1.7490E-02
 -3.9283E-03 -1.1564E-01  3.6960E-01 -4.7480E-01  1.4007E-01  5.2598E-01
   36.500000000000000     
 -1.5909E-01 -5.3425E-01  3.3938E-01 -4.6066E-01 -4.4105E-03 -1.1640E-01
  5.8275E-02  1.8552E-02  8.4339E-02 -2.1367E-01 -2.6110E-02  3.7893E-01
  2.6110E-02 -3.7893E-01  8.4339E-02 -2.1367E-01 -5.8275E-02 -1.8552E-02
 -4.4105E-03 -1.1640E-01  3.3938E-01 -4.6066E-01  1.5909E-01  5.3425E-01
   37.000000000000000     
 -1.7757E-01 -5.4213E-01  3.0949E-01 -4.4627E-01 -4.9020E-03 -1.1711E-01
  5.9174E-02  1.9642E-02  6.2581E-02 -2.0187E-01 -1.3692E-02  3.8695E-01
  1.3692E-02 -3.8695E-01  6.2581E-02 -2.0187E-01 -5.9174E-02 -1.9642E-02
 -4.9020E-03 -1.1711E-01  3.0949E-01 -4.4627E-01  1.7757E-01  5.4213E-01
   37.500000000000000     
 -1.9552E-01 -5.4961E-01  2.7997E-01 -4.3165E-01 -5.4023E-03 -1.1777E-01
  6.0052E-02  2.0761E-02  4.1126E-02 -1.8992E-01 -1.5999E-03  3.9467E-01
  1.5999E-03 -3.9467E-01  4.1126E-02 -1.8992E-01 -6.0052E-02 -2.0761E-02
 -5.4023E-03 -1.1777E-01  2.7997E-01 -4.3165E-01  1.9552E-01  5.4961E-01
   38.000000000000000     
 -2.1293E-01 -5.5669E-01  2.5085E-01 -4.1683E-01 -5.9112E-03 -1.1838E-01
  6.0908E-02  2.1908E-02  1.9995E-02 -1.7785E-01  1.0166E-02  4.0208E-01
 -1.0166E-02 -4.0208E-01  1.9995E-02 -1.7785E-01 -6.0908E-02 -2.1908E-02
 -5.9112E-03 -1.1838E-01  2.5085E-01 -4.1683E-01  2.1293E-01  5.5669E-01
   38.500000000000000     
 -2.2980E-01 -5.6335E-01  2.2215E-01 -4.0181E-01 -6.4284E-03 -1.1893E-01
  6.1740E-02  2.3083E-02 -7.9289E-04 -1.6567E-01  2.1606E-02  4.0916E-01
 -2.1606E-02 -4.0916E-01 -7.9289E-04 -1.6567E-01 -6.1740E-02 -2.3083E-02
 -6.4284E-03 -1.1893E-01  2.2215E-01 -4.0181E-01  2.2980E-01  5.6335E-01
   39.000000000000000     
 -2.4612E-01 -5.6958E-01  1.9390E-01 -3.8663E-01 -6.9534E-03 -1.1943E-01
  6.2548E-02  2.4285E-02 -2.1218E-02 -1.5340E-01  3.2719E-02  4.1591E-01
 -3.2719E-02 -4.1591E-01 -2.1218E-02 -1.5340E-01 -6.2548E-02 -2.4285E-02
 -6.9534E-03 -1.1943E-01  1.9390E-01 -3.8663E-01  2.4612E-01  5.6958E-01
   39.500000000000000     
 -2.6191E-01 -5.7539E-01  1.6613E-01 -3.7130E-01 -7.4858E-03 -1.1987E-01
  6.3331E-02  2.5514E-02 -4.1265E-02 -1.4104E-01  4.3506E-02  4.2233E-01
 -4.3506E-02 -4.2233E-01 -4.1265E-02 -1.4104E-01 -6.3331E-02 -2.5514E-02
 -7.4858E-03 -1.1987E-01  1.6613E-01 -3.7130E-01  2.6191E-01  5.7539E-01
   40.000000000000000     
 -2.7714E-01 -5.8075E-01  1.3885E-01 -3.5584E-01 -8.0253E-03 -1.2025E-01
  6.4088E-02  2.6769E-02 -6.0916E-02 -1.2862E-01  5.3966E-02  4.2841E-01
 -5.3966E-02 -4.2841E-01 -6.0916E-02 -1.2862E-01 -6.4088E-02 -2.6769E-02
 -8.0253E-03 -1.2025E-01  1.3885E-01 -3.5584E-01  2.7714E-01  5.8075E-01
   40.500000000000000     
 -2.9184E-01 -5.8567E-01  1.1210E-01 -3.4028E-01 -8.5715E-03 -1.2058E-01
  6.4819E-02  2.8049E-02 -8.0157E-02 -1.1615E-01  6.4102E-02  4.3414E-01
 -6.4102E-02 -4.3414E-01 -8.0157E-02 -1.1615E-01 -6.4819E-02 -2.8049E-02
 -8.5715E-03 -1.2058E-01  1.1210E-01 -3.4028E-01  2.9184E-01  5.8567E-01
   41.000000000000000     
 -3.0598E-01 -5.9014E-01  8.5887E-02 -3.2462E-01 -9.1240E-03 -1.2085E-01
  6.5521E-02  2.9353E-02 -9.8975E-02 -1.0364E-01  7.3913E-02  4.3951E-01
 -7.3913E-02 -4.3951E-01 -9.8975E-02 -1.0364E-01 -6.5521E-02 -2.9353E-02
 -9.1240E-03 -1.2085E-01  8.5887E-02 -3.2462E-01  3.0598E-01  5.9014E-01
   41.500000000000000     
 -3.1958E-01 -5.9414E-01  6.0230E-02 -3.0889E-01 -9.6823E-03 -1.2106E-01
  6.6196E-02  3.0682E-02 -1.1736E-01 -9.1114E-02  8.3401E-02  4.4453E-01
 -8.3401E-02 -4.4453E-01 -1.1736E-01 -9.1114E-02 -6.6196E-02 -3.0682E-02
 -9.6823E-03 -1.2106E-01  6.0230E-02 -3.0889E-01  3.1958E-01  5.9414E-01
   42.000000000000000     
 -3.3264E-01 -5.9769E-01  3.5148E-02 -2.9310E-01 -1.0246E-02 -1.2121E-01
  6.6841E-02  3.2034E-02 -1.3529E-01 -7.8579E-02  9.2568E-02  4.4919E-01
 -9.2568E-02 -4.4919E-01 -1.3529E-01 -7.8579E-02 -6.6841E-02 -3.2034E-02
 -1.0246E-02 -1.2121E-01  3.5148E-02 -2.9310E-01  3.3264E-01  5.9769E-01
   42.500000000000000     
 -3.4515E-01 -6.0076E-01  1.0655E-02 -2.7728E-01 -1.0815E-02 -1.2129E-01
  6.7456E-02  3.3408E-02 -1.5277E-01 -6.6051E-02  1.0142E-01  4.5348E-01
 -1.0142E-01 -4.5348E-01 -1.5277E-01 -6.6051E-02 -6.7456E-02 -3.3408E-02
 -1.0815E-02 -1.2129E-01  1.0655E-02 -2.7728E-01  3.4515E-01  6.0076E-01
   43.000000000000000     
 -3.5713E-01 -6.0337E-01 -1.3237E-02 -2.6144E-01 -1.1388E-02 -1.2132E-01
  6.8041E-02  3.4804E-02 -1.6979E-01 -5.3543E-02  1.0995E-01  4.5741E-01
 -1.0995E-01 -4.5741E-01 -1.6979E-01 -5.3543E-02 -6.8041E-02 -3.4804E-02
 -1.1388E-02 -1.2132E-01 -1.3237E-02 -2.6144E-01  3.5713E-01  6.0337E-01
   43.500000000000000     
 -3.6856E-01 -6.0549E-01 -3.6515E-02 -2.4559E-01 -1.1965E-02 -1.2128E-01
  6.8595E-02  3.6221E-02 -1.8633E-01 -4.1067E-02  1.1816E-01  4.6095E-01
 -1.1816E-01 -4.6095E-01 -1.8633E-01 -4.1067E-02 -6.8595E-02 -3.6221E-02
 -1.1965E-02 -1.2128E-01 -3.6515E-02 -2.4559E-01  3.6856E-01  6.0549E-01
   44.000000000000000     
 -3.7946E-01 -6.0714E-01 -5.9170E-02 -2.2976E-01 -1.2546E-02 -1.2118E-01
  6.9117E-02  3.7658E-02 -2.0239E-01 -2.8638E-02  1.2606E-01  4.6412E-01
 -1.2606E-01 -4.6412E-01 -2.0239E-01 -2.8638E-02 -6.9117E-02 -3.7658E-02
 -1.2546E-02 -1.2118E-01 -5.9170E-02 -2.2976E-01  3.7946E-01  6.0714E-01
   44.500000000000000     
 -3.8982E-01 -6.0830E-01 -8.1192E-02 -2.1396E-01 -1.3130E-02 -1.2102E-01
  6.9607E-02  3.9115E-02 -2.1796E-01 -1.6267E-02  1.3365E-01  4.6692E-01
 -1.3365E-01 -4.6692E-01 -2.1796E-01 -1.6267E-02 -6.9607E-02 -3.9115E-02
 -1.3130E-02 -1.2102E-01 -8.1192E-02 -2.1396E-01  3.8982E-01  6.0830E-01
   45.000000000000000     
 -3.9966E-01 -6.0897E-01 -1.0257E-01 -1.9821E-01 -1.3717E-02 -1.2079E-01
  7.0064E-02  4.0589E-02 -2.3304E-01 -3.9675E-03  1.4094E-01  4.6933E-01
 -1.4094E-01 -4.6933E-01 -2.3304E-01 -3.9675E-03 -7.0064E-02 -4.0589E-02
 -1.3717E-02 -1.2079E-01 -1.0257E-01 -1.9821E-01  3.9966E-01  6.0897E-01
   45.500000000000000     
 -4.0896E-01 -6.0916E-01 -1.2331E-01 -1.8251E-01 -1.4307E-02 -1.2050E-01
  7.0487E-02  4.2082E-02 -2.4763E-01  8.2495E-03  1.4792E-01  4.7135E-01
 -1.4792E-01 -4.7135E-01 -2.4763E-01  8.2495E-03 -7.0487E-02 -4.2082E-02
 -1.4307E-02 -1.2050E-01 -1.2331E-01 -1.8251E-01  4.0896E-01  6.0916E-01
   46.000000000000000     
 -4.1775E-01 -6.0886E-01 -1.4340E-01 -1.6689E-01 -1.4898E-02 -1.2014E-01
  7.0876E-02  4.3591E-02 -2.6173E-01  2.0372E-02  1.5460E-01  4.7299E-01
 -1.5460E-01 -4.7299E-01 -2.6173E-01  2.0372E-02 -7.0876E-02 -4.3591E-02
 -1.4898E-02 -1.2014E-01 -1.4340E-01 -1.6689E-01  4.1775E-01  6.0886E-01
   46.500000000000000     
 -4.2602E-01 -6.0806E-01 -1.6283E-01 -1.5137E-01 -1.5490E-02 -1.1972E-01
  7.1231E-02  4.5116E-02 -2.7532E-01  3.2389E-02  1.6098E-01  4.7425E-01
 -1.6098E-01 -4.7425E-01 -2.7532E-01  3.2389E-02 -7.1231E-02 -4.5116E-02
 -1.5490E-02 -1.1972E-01 -1.6283E-01 -1.5137E-01  4.2602E-01  6.0806E-01
   47.000000000000000     
 -4.3378E-01 -6.0678E-01 -1.8160E-01 -1.3595E-01 -1.6084E-02 -1.1923E-01
  7.1551E-02  4.6655E-02 -2.8841E-01  4.4289E-02  1.6707E-01  4.7512E-01
 -1.6707E-01 -4.7512E-01 -2.8841E-01  4.4289E-02 -7.1551E-02 -4.6655E-02
 -1.6084E-02 -1.1923E-01 -1.8160E-01 -1.3595E-01  4.3378E-01  6.0678E-01
   47.500000000000000     
 -4.4103E-01 -6.0501E-01 -1.9972E-01 -1.2064E-01 -1.6678E-02 -1.1867E-01
  7.1835E-02  4.8209E-02 -3.0100E-01  5.6062E-02  1.7287E-01  4.7560E-01
 -1.7287E-01 -4.7560E-01 -3.0100E-01  5.6062E-02 -7.1835E-02 -4.8209E-02
 -1.6678E-02 -1.1867E-01 -1.9972E-01 -1.2064E-01  4.4103E-01  6.0501E-01
   48.000000000000000     
 -4.4778E-01 -6.0274E-01 -2.1718E-01 -1.0547E-01 -1.7272E-02 -1.1805E-01
  7.2083E-02  4.9775E-02 -3.1310E-01  6.7697E-02  1.7839E-01  4.7570E-01
 -1.7839E-01 -4.7570E-01 -3.1310E-01  6.7697E-02 -7.2083E-02 -4.9775E-02
 -1.7272E-02 -1.1805E-01 -2.1718E-01 -1.0547E-01  4.4778E-01  6.0274E-01
   48.500000000000000     
 -4.5403E-01 -5.9999E-01 -2.3398E-01 -9.0441E-02 -1.7866E-02 -1.1736E-01
  7.2295E-02  5.1353E-02 -3.2469E-01  7.9184E-02  1.8362E-01  4.7540E-01
 -1.8362E-01 -4.7540E-01 -3.2469E-01  7.9184E-02 -7.2295E-02 -5.1353E-02
 -1.7866E-02 -1.1736E-01 -2.3398E-01 -9.0441E-02  4.5403E-01  5.9999E-01
   49.000000000000000     
 -4.5980E-01 -5.9675E-01 -2.5012E-01 -7.5569E-02 -1.8460E-02 -1.1660E-01
  7.2470E-02  5.2941E-02 -3.3578E-01  9.0515E-02  1.8858E-01  4.7473E-01
 -1.8858E-01 -4.7473E-01 -3.3578E-01  9.0515E-02 -7.2470E-02 -5.2941E-02
 -1.8460E-02 -1.1660E-01 -2.5012E-01 -7.5569E-02  4.5980E-01  5.9675E-01
   49.500000000000000     
 -4.6508E-01 -5.9303E-01 -2.6561E-01 -6.0865E-02 -1.9053E-02 -1.1577E-01
  7.2608E-02  5.4540E-02 -3.4637E-01  1.0168E-01  1.9327E-01  4.7366E-01
 -1.9327E-01 -4.7366E-01 -3.4637E-01  1.0168E-01 -7.2608E-02 -5.4540E-02
 -1.9053E-02 -1.1577E-01 -2.6561E-01 -6.0865E-02  4.6508E-01  5.9303E-01
   50.000000000000000     
 -4.6988E-01 -5.8883E-01 -2.8045E-01 -4.6340E-02 -1.9644E-02 -1.1488E-01
  7.2709E-02  5.6147E-02 -3.5647E-01  1.1267E-01  1.9769E-01  4.7222E-01
 -1.9769E-01 -4.7222E-01 -3.5647E-01  1.1267E-01 -7.2709E-02 -5.6147E-02
 -1.9644E-02 -1.1488E-01 -2.8045E-01 -4.6340E-02  4.6988E-01  5.8883E-01
   50.500000000000000     
 -4.7422E-01 -5.8414E-01 -2.9464E-01 -3.2005E-02 -2.0233E-02 -1.1392E-01
  7.2771E-02  5.7762E-02 -3.6608E-01  1.2347E-01  2.0185E-01  4.7039E-01
 -2.0185E-01 -4.7039E-01 -3.6608E-01  1.2347E-01 -7.2771E-02 -5.7762E-02
 -2.0233E-02 -1.1392E-01 -2.9464E-01 -3.2005E-02  4.7422E-01  5.8414E-01
   51.000000000000000     
 -4.7809E-01 -5.7898E-01 -3.0818E-01 -1.7871E-02 -2.0821E-02 -1.1289E-01
  7.2795E-02  5.9384E-02 -3.7520E-01  1.3409E-01  2.0575E-01  4.6819E-01
 -2.0575E-01 -4.6819E-01 -3.7520E-01  1.3409E-01 -7.2795E-02 -5.9384E-02
 -2.0821E-02 -1.1289E-01 -3.0818E-01 -1.7871E-02  4.7809E-01  5.7898E-01
   51.500000000000000     
 -4.8150E-01 -5.7335E-01 -3.2109E-01 -3.9473E-03 -2.1406E-02 -1.1180E-01
  7.2781E-02  6.1011E-02 -3.8384E-01  1.4450E-01  2.0939E-01  4.6561E-01
 -2.0939E-01 -4.6561E-01 -3.8384E-01  1.4450E-01 -7.2781E-02 -6.1011E-02
 -2.1406E-02 -1.1180E-01 -3.2109E-01 -3.9473E-03  4.8150E-01  5.7335E-01
   52.000000000000000     
 -4.8447E-01 -5.6725E-01 -3.3336E-01  9.7569E-03 -2.1988E-02 -1.1063E-01
  7.2727E-02  6.2643E-02 -3.9200E-01  1.5471E-01  2.1279E-01  4.6265E-01
 -2.1279E-01 -4.6265E-01 -3.9200E-01  1.5471E-01 -7.2727E-02 -6.2643E-02
 -2.1988E-02 -1.1063E-01 -3.3336E-01  9.7569E-03  4.8447E-01  5.6725E-01
   52.500000000000000     
 -4.8699E-01 -5.6069E-01 -3.4501E-01  2.3233E-02 -2.2567E-02 -1.0940E-01
  7.2635E-02  6.4278E-02 -3.9968E-01  1.6470E-01  2.1594E-01  4.5933E-01
 -2.1594E-01 -4.5933E-01 -3.9968E-01  1.6470E-01 -7.2635E-02 -6.4278E-02
 -2.2567E-02 -1.0940E-01 -3.4501E-01  2.3233E-02  4.8699E-01  5.6069E-01
   53.000000000000000     
 -4.8908E-01 -5.5367E-01 -3.5604E-01  3.6471E-02 -2.3143E-02 -1.0810E-01
  7.2502E-02  6.5915E-02 -4.0689E-01  1.7447E-01  2.1886E-01  4.5564E-01
 -2.1886E-01 -4.5564E-01 -4.0689E-01  1.7447E-01 -7.2502E-02 -6.5915E-02
 -2.3143E-02 -1.0810E-01 -3.5604E-01  3.6471E-02  4.8908E-01  5.5367E-01
   53.500000000000000     
 -4.9074E-01 -5.4619E-01 -3.6645E-01  4.9465E-02 -2.3715E-02 -1.0674E-01
  7.2330E-02  6.7554E-02 -4.1364E-01  1.8401E-01  2.2154E-01  4.5158E-01
 -2.2154E-01 -4.5158E-01 -4.1364E-01  1.8401E-01 -7.2330E-02 -6.7554E-02
 -2.3715E-02 -1.0674E-01 -3.6645E-01  4.9465E-02  4.9074E-01  5.4619E-01
   54.000000000000000     
 -4.9198E-01 -5.3827E-01 -3.7626E-01  6.2206E-02 -2.4284E-02 -1.0531E-01
  7.2118E-02  6.9192E-02 -4.1993E-01  1.9333E-01  2.2399E-01  4.4717E-01
 -2.2399E-01 -4.4717E-01 -4.1993E-01  1.9333E-01 -7.2118E-02 -6.9192E-02
 -2.4284E-02 -1.0531E-01 -3.7626E-01  6.2206E-02  4.9198E-01  5.3827E-01
   54.500000000000000     
 -4.9280E-01 -5.2991E-01 -3.8547E-01  7.4688E-02 -2.4848E-02 -1.0381E-01
  7.1865E-02  7.0830E-02 -4.2577E-01  2.0240E-01  2.2622E-01  4.4241E-01
 -2.2622E-01 -4.4241E-01 -4.2577E-01  2.0240E-01 -7.1865E-02 -7.0830E-02
 -2.4848E-02 -1.0381E-01 -3.8547E-01  7.4688E-02  4.9280E-01  5.2991E-01
   55.000000000000000     
 -4.9322E-01 -5.2112E-01 -3.9409E-01  8.6904E-02 -2.5407E-02 -1.0225E-01
  7.1572E-02  7.2466E-02 -4.3116E-01  2.1123E-01  2.2823E-01  4.3730E-01
 -2.2823E-01 -4.3730E-01 -4.3116E-01  2.1123E-01 -7.1572E-02 -7.2466E-02
 -2.5407E-02 -1.0225E-01 -3.9409E-01  8.6904E-02  4.9322E-01  5.2112E-01
   55.500000000000000     
 -4.9324E-01 -5.1190E-01 -4.0212E-01  9.8848E-02 -2.5962E-02 -1.0062E-01
  7.1238E-02  7.4098E-02 -4.3611E-01  2.1981E-01  2.3002E-01  4.3184E-01
 -2.3002E-01 -4.3184E-01 -4.3611E-01  2.1981E-01 -7.1238E-02 -7.4098E-02
 -2.5962E-02 -1.0062E-01 -4.0212E-01  9.8848E-02  4.9324E-01  5.1190E-01
   56.000000000000000     
 -4.9287E-01 -5.0227E-01 -4.0959E-01  1.1051E-01 -2.6512E-02 -9.8929E-02
  7.0864E-02  7.5726E-02 -4.4062E-01  2.2814E-01  2.3161E-01  4.2604E-01
 -2.3161E-01 -4.2604E-01 -4.4062E-01  2.2814E-01 -7.0864E-02 -7.5726E-02
 -2.6512E-02 -9.8929E-02 -4.0959E-01  1.1051E-01  4.9287E-01  5.0227E-01
   56.500000000000000     
 -4.9211E-01 -4.9222E-01 -4.1648E-01  1.2190E-01 -2.7057E-02 -9.7172E-02
  7.0449E-02  7.7349E-02 -4.4470E-01  2.3621E-01  2.3298E-01  4.1991E-01
 -2.3298E-01 -4.1991E-01 -4.4470E-01  2.3621E-01 -7.0449E-02 -7.7349E-02
 -2.7057E-02 -9.7172E-02 -4.1648E-01  1.2190E-01  4.9211E-01  4.9222E-01
   57.000000000000000     
 -4.9098E-01 -4.8176E-01 -4.2283E-01  1.3299E-01 -2.7596E-02 -9.5352E-02
  6.9993E-02  7.8966E-02 -4.4837E-01  2.4402E-01  2.3416E-01  4.1346E-01
 -2.3416E-01 -4.1346E-01 -4.4837E-01  2.4402E-01 -6.9993E-02 -7.8966E-02
 -2.7596E-02 -9.5352E-02 -4.2283E-01  1.3299E-01  4.9098E-01  4.8176E-01
   57.500000000000000     
 -4.8948E-01 -4.7092E-01 -4.2862E-01  1.4380E-01 -2.8129E-02 -9.3468E-02
  6.9496E-02  8.0575E-02 -4.5162E-01  2.5157E-01  2.3514E-01  4.0668E-01
 -2.3514E-01 -4.0668E-01 -4.5162E-01  2.5157E-01 -6.9496E-02 -8.0575E-02
 -2.8129E-02 -9.3468E-02 -4.2862E-01  1.4380E-01  4.8948E-01  4.7092E-01
   58.000000000000000     
 -4.8762E-01 -4.5969E-01 -4.3388E-01  1.5430E-01 -2.8656E-02 -9.1522E-02
  6.8958E-02  8.2176E-02 -4.5446E-01  2.5885E-01  2.3593E-01  3.9959E-01
 -2.3593E-01 -3.9959E-01 -4.5446E-01  2.5885E-01 -6.8958E-02 -8.2176E-02
 -2.8656E-02 -9.1522E-02 -4.3388E-01  1.5430E-01  4.8762E-01  4.5969E-01
   58.500000000000000     
 -4.8540E-01 -4.4808E-01 -4.3861E-01  1.6451E-01 -2.9177E-02 -8.9514E-02
  6.8380E-02  8.3767E-02 -4.5690E-01  2.6586E-01  2.3652E-01  3.9219E-01
 -2.3652E-01 -3.9219E-01 -4.5690E-01  2.6586E-01 -6.8380E-02 -8.3767E-02
 -2.9177E-02 -8.9514E-02 -4.3861E-01  1.6451E-01  4.8540E-01  4.4808E-01
   59.000000000000000     
 -4.8283E-01 -4.3610E-01 -4.4282E-01  1.7441E-01 -2.9691E-02 -8.7445E-02
  6.7761E-02  8.5348E-02 -4.5895E-01  2.7259E-01  2.3694E-01  3.8448E-01
 -2.3694E-01 -3.8448E-01 -4.5895E-01  2.7259E-01 -6.7761E-02 -8.5348E-02
 -2.9691E-02 -8.7445E-02 -4.4282E-01  1.7441E-01  4.8283E-01  4.3610E-01
   59.500000000000000     
 -4.7993E-01 -4.2377E-01 -4.4653E-01  1.8401E-01 -3.0199E-02 -8.5315E-02
  6.7101E-02  8.6918E-02 -4.6061E-01  2.7905E-01  2.3717E-01  3.7649E-01
 -2.3717E-01 -3.7649E-01 -4.6061E-01  2.7905E-01 -6.7101E-02 -8.6918E-02
 -3.0199E-02 -8.5315E-02 -4.4653E-01  1.8401E-01  4.7993E-01  4.2377E-01
   60.000000000000000     
 -4.7669E-01 -4.1108E-01 -4.4973E-01  1.9330E-01 -3.0700E-02 -8.3127E-02
  6.6401E-02  8.8476E-02 -4.6189E-01  2.8524E-01  2.3723E-01  3.6821E-01
 -2.3723E-01 -3.6821E-01 -4.6189E-01  2.8524E-01 -6.6401E-02 -8.8476E-02
 -3.0700E-02 -8.3127E-02 -4.4973E-01  1.9330E-01  4.7669E-01  4.1108E-01
  1.0  0.0  0.5  0.5 121   1  16.00000   0.00000   3.08900
   0.0000000000000000     
  1.9821E+00  3.9334E+00  0.0000E+00  0.0000E+00  0.0000E+00  0.0000E+00
  0.0000E+00  0.0000E+00  0.0000E+00  0.0000E+00  1.2146E+00  2.5082E+00
  1.2146E+00  2.5082E+00  0.0000E+00  0.0000E+00  0.0000E+00  0.0000E+00
  0.0000E+00  0.0000E+00  0.0000E+00  0.0000E+00  1.9821E+00  3.9334E+00
  0.50000000000000000     
  1.9816E+00  3.9299E+00  4.0091E-03  5.0701E-04  2.7862E-04  2.9599E-03
 -1.0507E-05 -2.1966E-05 -4.7150E-03 -1.9710E-03  1.2143E+00  2.5058E+00
  1.2143E+00  2.5058E+00  4.7150E-03  1.9710E-03 -1.0507E-05 -2.1966E-05
 -2.7862E-04 -2.9599E-03 -4.0091E-03 -5.0701E-04  1.9816E+00  3.9299E+00
   1.0000000000000000     
  1.9801E+00  3.9196E+00  8.0122E-03  1.0143E-03  5.5351E-04  5.9166E-03
 -4.2032E-05 -8.7809E-05 -9.4227E-03 -3.9388E-03  1.2132E+00  2.4987E+00
  1.2132E+00  2.4987E+00  9.4227E-03  3.9388E-03 -4.2032E-05 -8.7809E-05
 -5.5351E-04 -5.9166E-03 -8.0122E-03 -1.0143E-03  1.9801E+00  3.9196E+00
   1.5000000000000000     
  1.9775E+00  3.9024E+00  1.2003E-02  1.5221E-03  8.2099E-04  8.8671E-03
 -9.4595E-05 -1.9737E-04 -1.4116E-02 -5.9003E-03  1.2115E+00  2.4867E+00
  1.2115E+00  2.4867E+00  1.4116E-02  5.9003E-03 -9.4595E-05 -1.9737E-04
 -8.2099E-04 -8.8671E-03 -1.2003E-02 -1.5221E-03  1.9775E+00  3.9024E+00
   2.0000000000000000     
  1.9739E+00  3.8785E+00  1.5976E-02  2.0306E-03  1.0774E-03  1.1808E-02
 -1.6822E-04 -3.5037E-04 -1.8788E-02 -7.8521E-03  1.2091E+00  2.4701E+00
  1.2091E+00  2.4701E+00  1.8788E-02  7.8521E-03 -1.6822E-04 -3.5037E-04
 -1.0774E-03 -1.1808E-02 -1.5976E-02 -2.0306E-03  1.9739E+00  3.8785E+00
   2.5000000000000000     
  1.9692E+00  3.8479E+00  1.9926E-02  2.5400E-03  1.3191E-03  1.4737E-02
 -2.6295E-04 -5.4644E-04 -2.3431E-02 -9.7909E-03  1.2060E+00  2.4488E+00
  1.2060E+00  2.4488E+00  2.3431E-02  9.7909E-03 -2.6295E-04 -5.4644E-04
 -1.3191E-03 -1.4737E-02 -1.9926E-02 -2.5400E-03  1.9692E+00  3.8479E+00
   3.0000000000000000     
  1.9635E+00  3.8107E+00  2.3845E-02  3.0503E-03  1.5426E-03  1.7649E-02
 -3.7883E-04 -7.8510E-04 -2.8039E-02 -1.1713E-02  1.2021E+00  2.4230E+00
  1.2021E+00  2.4230E+00  2.8039E-02  1.1713E-02 -3.7883E-04 -7.8510E-04
 -1.5426E-03 -1.7649E-02 -2.3845E-02 -3.0503E-03  1.9635E+00  3.8107E+00
   3.5000000000000000     
  1.9567E+00  3.7672E+00  2.7729E-02  3.5614E-03  1.7443E-03  2.0542E-02
 -5.1590E-04 -1.0658E-03 -3.2605E-02 -1.3616E-02  1.1975E+00  2.3927E+00
  1.1975E+00  2.3927E+00  3.2605E-02  1.3616E-02 -5.1590E-04 -1.0658E-03
 -1.7443E-03 -2.0542E-02 -2.7729E-02 -3.5614E-03  1.9567E+00  3.7672E+00
   4.0000000000000000     
  1.9488E+00  3.7176E+00  3.1572E-02  4.0733E-03  1.9211E-03  2.3413E-02
 -6.7423E-04 -1.3879E-03 -3.7121E-02 -1.5495E-02  1.1922E+00  2.3582E+00
  1.1922E+00  2.3582E+00  3.7121E-02  1.5495E-02 -6.7423E-04 -1.3879E-03
 -1.9211E-03 -2.3413E-02 -3.1572E-02 -4.0733E-03  1.9488E+00  3.7176E+00
   4.5000000000000000     
  1.9397E+00  3.6620E+00  3.5368E-02  4.5856E-03  2.0695E-03  2.6257E-02
 -8.5387E-04 -1.7505E-03 -4.1583E-02 -1.7346E-02  1.1861E+00  2.3195E+00
  1.1861E+00  2.3195E+00  4.1583E-02  1.7346E-02 -8.5387E-04 -1.7505E-03
 -2.0695E-03 -2.6257E-02 -3.5368E-02 -4.5856E-03  1.9397E+00  3.6620E+00
   5.0000000000000000     
  1.9295E+00  3.6006E+00  3.9113E-02  5.0979E-03  2.1866E-03  2.9072E-02
 -1.0549E-03 -2.1531E-03 -4.5982E-02 -1.9166E-02  1.1793E+00  2.2769E+00
  1.1793E+00  2.2769E+00  4.5982E-02  1.9166E-02 -1.0549E-03 -2.1531E-03
 -2.1866E-03 -2.9072E-02 -3.9113E-02 -5.0979E-03  1.9295E+00  3.6006E+00
   5.5000000000000000     
  1.9181E+00  3.5339E+00  4.2800E-02  5.6096E-03  2.2693E-03  3.1852E-02
 -1.2772E-03 -2.5945E-03 -5.0313E-02 -2.0950E-02  1.1716E+00  2.2305E+00
  1.1716E+00  2.2305E+00  5.0313E-02  2.0950E-02 -1.2772E-03 -2.5945E-03
 -2.2693E-03 -3.1852E-02 -4.2800E-02 -5.6096E-03  1.9181E+00  3.5339E+00
   6.0000000000000000     
  1.9056E+00  3.4619E+00  4.6425E-02  6.1201E-03  2.3148E-03  3.4595E-02
 -1.5211E-03 -3.0739E-03 -5.4571E-02 -2.2694E-02  1.1631E+00  2.1805E+00
  1.1631E+00  2.1805E+00  5.4571E-02  2.2694E-02 -1.5211E-03 -3.0739E-03
 -2.3148E-03 -3.4595E-02 -4.6425E-02 -6.1201E-03  1.9056E+00  3.4619E+00
   6.5000000000000000     
  1.8917E+00  3.3850E+00  4.9983E-02  6.6285E-03  2.3204E-03  3.7297E-02
 -1.7864E-03 -3.5904E-03 -5.8749E-02 -2.4394E-02  1.1538E+00  2.1271E+00
  1.1538E+00  2.1271E+00  5.8749E-02  2.4394E-02 -1.7864E-03 -3.5904E-03
 -2.3204E-03 -3.7297E-02 -4.9983E-02 -6.6285E-03  1.8917E+00  3.3850E+00
   7.0000000000000000     
  1.8767E+00  3.3035E+00  5.3469E-02  7.1338E-03  2.2835E-03  3.9953E-02
 -2.0731E-03 -4.1428E-03 -6.2842E-02 -2.6045E-02  1.1436E+00  2.0705E+00
  1.1436E+00  2.0705E+00  6.2842E-02  2.6045E-02 -2.0731E-03 -4.1428E-03
 -2.2835E-03 -3.9953E-02 -5.3469E-02 -7.1338E-03  1.8767E+00  3.3035E+00
   7.5000000000000000     
  1.8603E+00  3.2178E+00  5.6878E-02  7.6349E-03  2.2018E-03  4.2559E-02
 -2.3813E-03 -4.7302E-03 -6.6845E-02 -2.7643E-02  1.1326E+00  2.0110E+00
  1.1326E+00  2.0110E+00  6.6845E-02  2.7643E-02 -2.3813E-03 -4.7302E-03
 -2.2018E-03 -4.2559E-02 -5.6878E-02 -7.6349E-03  1.8603E+00  3.2178E+00
   8.0000000000000000     
  1.8426E+00  3.1281E+00  6.0207E-02  8.1307E-03  2.0729E-03  4.5111E-02
 -2.7109E-03 -5.3513E-03 -7.0752E-02 -2.9182E-02  1.1207E+00  1.9487E+00
  1.1207E+00  1.9487E+00  7.0752E-02  2.9182E-02 -2.7109E-03 -5.3513E-03
 -2.0729E-03 -4.5111E-02 -6.0207E-02 -8.1307E-03  1.8426E+00  3.1281E+00
   8.5000000000000000     
  1.8236E+00  3.0348E+00  6.3451E-02  8.6197E-03  1.8949E-03  4.7606E-02
 -3.0618E-03 -6.0052E-03 -7.4559E-02 -3.0658E-02  1.1079E+00  1.8840E+00
  1.1079E+00  1.8840E+00  7.4559E-02  3.0658E-02 -3.0618E-03 -6.0052E-03
 -1.8949E-03 -4.7606E-02 -6.3451E-02 -8.6197E-03  1.8236E+00  3.0348E+00
   9.0000000000000000     
  1.8033E+00  2.9382E+00  6.6605E-02  9.1008E-03  1.6657E-03  5.0038E-02
 -3.4340E-03 -6.6907E-03 -7.8262E-02 -3.2065E-02  1.0941E+00  1.8170E+00
  1.0941E+00  1.8170E+00  7.8262E-02  3.2065E-02 -3.4340E-03 -6.6907E-03
 -1.6657E-03 -5.0038E-02 -6.6605E-02 -9.1008E-03  1.8033E+00  2.9382E+00
   9.5000000000000000     
  1.7816E+00  2.8387E+00  6.9666E-02  9.5723E-03  1.3835E-03  5.2403E-02
 -3.8273E-03 -7.4068E-03 -8.1855E-02 -3.3400E-02  1.0795E+00  1.7480E+00
  1.0795E+00  1.7480E+00  8.1855E-02  3.3400E-02 -3.8273E-03 -7.4068E-03
 -1.3835E-03 -5.2403E-02 -6.9666E-02 -9.5723E-03  1.7816E+00  2.8387E+00
   10.000000000000000     
  1.7585E+00  2.7366E+00  7.2631E-02  1.0033E-02  1.0467E-03  5.4698E-02
 -4.2415E-03 -8.1521E-03 -8.5334E-02 -3.4656E-02  1.0639E+00  1.6772E+00
  1.0639E+00  1.6772E+00  8.5334E-02  3.4656E-02 -4.2415E-03 -8.1521E-03
 -1.0467E-03 -5.4698E-02 -7.2631E-02 -1.0033E-02  1.7585E+00  2.7366E+00
   10.500000000000000     
  1.7341E+00  2.6322E+00  7.5496E-02  1.0481E-02  6.5369E-04  5.6918E-02
 -4.6765E-03 -8.9258E-03 -8.8697E-02 -3.5830E-02  1.0474E+00  1.6049E+00
  1.0474E+00  1.6049E+00  8.8697E-02  3.5830E-02 -4.6765E-03 -8.9258E-03
 -6.5369E-04 -5.6918E-02 -7.5496E-02 -1.0481E-02  1.7341E+00  2.6322E+00
   11.000000000000000     
  1.7083E+00  2.5259E+00  7.8256E-02  1.0915E-02  2.0298E-04  5.9060E-02
 -5.1321E-03 -9.7266E-03 -9.1938E-02 -3.6916E-02  1.0299E+00  1.5313E+00
  1.0299E+00  1.5313E+00  9.1938E-02  3.6916E-02 -5.1321E-03 -9.7266E-03
 -2.0298E-04 -5.9060E-02 -7.8256E-02 -1.0915E-02  1.7083E+00  2.5259E+00
   11.500000000000000     
  1.6811E+00  2.4180E+00  8.0909E-02  1.1334E-02 -3.0672E-04  6.1118E-02
 -5.6079E-03 -1.0553E-02 -9.5054E-02 -3.7910E-02  1.0115E+00  1.4566E+00
  1.0115E+00  1.4566E+00  9.5054E-02  3.7910E-02 -5.6079E-03 -1.0553E-02
  3.0672E-04 -6.1118E-02 -8.0909E-02 -1.1334E-02  1.6811E+00  2.4180E+00
   12.000000000000000     
  1.6526E+00  2.3088E+00  8.3453E-02  1.1737E-02 -8.7665E-04  6.3090E-02
 -6.1037E-03 -1.1405E-02 -9.8041E-02 -3.8808E-02  9.9224E-01  1.3811E+00
  9.9224E-01  1.3811E+00  9.8041E-02  3.8808E-02 -6.1037E-03 -1.1405E-02
  8.7665E-04 -6.3090E-02 -8.3453E-02 -1.1737E-02  1.6526E+00  2.3088E+00
   12.500000000000000     
  1.6227E+00  2.1986E+00  8.5883E-02  1.2121E-02 -1.5079E-03  6.4972E-02
 -6.6191E-03 -1.2281E-02 -1.0090E-01 -3.9604E-02  9.7202E-01  1.3049E+00
  9.7202E-01  1.3049E+00  1.0090E-01  3.9604E-02 -6.6191E-03 -1.2281E-02
  1.5079E-03 -6.4972E-02 -8.5883E-02 -1.2121E-02  1.6227E+00  2.1986E+00
   13.000000000000000     
  1.5915E+00  2.0877E+00  8.8196E-02  1.2486E-02 -2.2017E-03  6.6761E-02
 -7.1537E-03 -1.3180E-02 -1.0362E-01 -4.0296E-02  9.5090E-01  1.2282E+00
  9.5090E-01  1.2282E+00  1.0362E-01  4.0296E-02 -7.1537E-03 -1.3180E-02
  2.2017E-03 -6.6761E-02 -8.8196E-02 -1.2486E-02  1.5915E+00  2.0877E+00
   13.500000000000000     
  1.5590E+00  1.9764E+00  9.0391E-02  1.2831E-02 -2.9588E-03  6.8452E-02
 -7.7073E-03 -1.4100E-02 -1.0620E-01 -4.0879E-02  9.2890E-01  1.1514E+00
  9.2890E-01  1.1514E+00  1.0620E-01  4.0879E-02 -7.7073E-03 -1.4100E-02
  2.9588E-03 -6.8452E-02 -9.0391E-02 -1.2831E-02  1.5590E+00  1.9764E+00
   14.000000000000000     
  1.5253E+00  1.8649E+00  9.2463E-02  1.3155E-02 -3.7802E-03  7.0045E-02
 -8.2792E-03 -1.5041E-02 -1.0864E-01 -4.1350E-02  9.0604E-01  1.0744E+00
  9.0604E-01  1.0744E+00  1.0864E-01  4.1350E-02 -8.2792E-03 -1.5041E-02
  3.7802E-03 -7.0045E-02 -9.2463E-02 -1.3155E-02  1.5253E+00  1.8649E+00
   14.500000000000000     
  1.4903E+00  1.7536E+00  9.4412E-02  1.3457E-02 -4.6668E-03  7.1534E-02
 -8.8692E-03 -1.6002E-02 -1.1094E-01 -4.1706E-02  8.8235E-01  9.9763E-01
  8.8235E-01  9.9763E-01  1.1094E-01  4.1706E-02 -8.8692E-03 -1.6002E-02
  4.6668E-03 -7.1534E-02 -9.4412E-02 -1.3457E-02  1.4903E+00  1.7536E+00
   15.000000000000000     
  1.4541E+00  1.6426E+00  9.6233E-02  1.3737E-02 -5.6193E-03  7.2919E-02
 -9.4766E-03 -1.6981E-02 -1.1309E-01 -4.1944E-02  8.5785E-01  9.2113E-01
  8.5785E-01  9.2113E-01  1.1309E-01  4.1944E-02 -9.4766E-03 -1.6981E-02
  5.6193E-03 -7.2919E-02 -9.6233E-02 -1.3737E-02  1.4541E+00  1.6426E+00
   15.500000000000000     
  1.4168E+00  1.5322E+00  9.7926E-02  1.3994E-02 -6.6384E-03  7.4197E-02
 -1.0101E-02 -1.7978E-02 -1.1510E-01 -4.2061E-02  8.3258E-01  8.4506E-01
  8.3258E-01  8.4506E-01  1.1510E-01  4.2061E-02 -1.0101E-02 -1.7978E-02
  6.6384E-03 -7.4197E-02 -9.7926E-02 -1.3994E-02  1.4168E+00  1.5322E+00
   16.000000000000000     
  1.3784E+00  1.4225E+00  9.9486E-02  1.4228E-02 -7.7248E-03  7.5366E-02
 -1.0742E-02 -1.8992E-02 -1.1695E-01 -4.2057E-02  8.0658E-01  7.6959E-01
  8.0658E-01  7.6959E-01  1.1695E-01  4.2057E-02 -1.0742E-02 -1.8992E-02
  7.7248E-03 -7.5366E-02 -9.9486E-02 -1.4228E-02  1.3784E+00  1.4225E+00
   16.500000000000000     
  1.3390E+00  1.3138E+00  1.0091E-01  1.4439E-02 -8.8791E-03  7.6424E-02
 -1.1399E-02 -2.0021E-02 -1.1864E-01 -4.1927E-02  7.7988E-01  6.9484E-01
  7.7988E-01  6.9484E-01  1.1864E-01  4.1927E-02 -1.1399E-02 -2.0021E-02
  8.8791E-03 -7.6424E-02 -1.0091E-01 -1.4439E-02  1.3390E+00  1.3138E+00
   17.000000000000000     
  1.2986E+00  1.2062E+00  1.0220E-01  1.4628E-02 -1.0102E-02  7.7371E-02
 -1.2071E-02 -2.1064E-02 -1.2019E-01 -4.1673E-02  7.5253E-01  6.2093E-01
  7.5253E-01  6.2093E-01  1.2019E-01  4.1673E-02 -1.2071E-02 -2.1064E-02
  1.0102E-02 -7.7371E-02 -1.0220E-01 -1.4628E-02  1.2986E+00  1.2062E+00
   17.500000000000000     
  1.2572E+00  1.0999E+00  1.0336E-01  1.4793E-02 -1.1393E-02  7.8205E-02
 -1.2758E-02 -2.2120E-02 -1.2157E-01 -4.1291E-02  7.2456E-01  5.4798E-01
  7.2456E-01  5.4798E-01  1.2157E-01  4.1291E-02 -1.2758E-02 -2.2120E-02
  1.1393E-02 -7.8205E-02 -1.0336E-01 -1.4793E-02  1.2572E+00  1.0999E+00
   18.000000000000000     
  1.2151E+00  9.9503E-01  1.0437E-01  1.4937E-02 -1.2754E-02  7.8925E-02
 -1.3460E-02 -2.3188E-02 -1.2279E-01 -4.0782E-02  6.9604E-01  4.7608E-01
  6.9604E-01  4.7608E-01  1.2279E-01  4.0782E-02 -1.3460E-02 -2.3188E-02
  1.2754E-02 -7.8925E-02 -1.0437E-01 -1.4937E-02  1.2151E+00  9.9503E-01
   18.500000000000000     
  1.1722E+00  8.9173E-01  1.0524E-01  1.5060E-02 -1.4185E-02  7.9531E-02
 -1.4175E-02 -2.4267E-02 -1.2385E-01 -4.0146E-02  6.6701E-01  4.0533E-01
  6.6701E-01  4.0533E-01  1.2385E-01  4.0146E-02 -1.4175E-02 -2.4267E-02
  1.4185E-02 -7.9531E-02 -1.0524E-01 -1.5060E-02  1.1722E+00  8.9173E-01
   19.000000000000000     
  1.1286E+00  7.9011E-01  1.0597E-01  1.5162E-02 -1.5685E-02  8.0023E-02
 -1.4904E-02 -2.5355E-02 -1.2475E-01 -3.9382E-02  6.3751E-01  3.3580E-01
  6.3751E-01  3.3580E-01  1.2475E-01  3.9382E-02 -1.4904E-02 -2.5355E-02
  1.5685E-02 -8.0023E-02 -1.0597E-01 -1.5162E-02  1.1286E+00  7.9011E-01
   19.500000000000000     
  1.0843E+00  6.9027E-01  1.0656E-01  1.5244E-02 -1.7255E-02  8.0400E-02
 -1.5645E-02 -2.6451E-02 -1.2548E-01 -3.8490E-02  6.0761E-01  2.6757E-01
  6.0761E-01  2.6757E-01  1.2548E-01  3.8490E-02 -1.5645E-02 -2.6451E-02
  1.7255E-02 -8.0400E-02 -1.0656E-01 -1.5244E-02  1.0843E+00  6.9027E-01
   20.000000000000000     
  1.0395E+00  5.9231E-01  1.0699E-01  1.5308E-02 -1.8895E-02  8.0663E-02
 -1.6399E-02 -2.7554E-02 -1.2605E-01 -3.7471E-02  5.7734E-01  2.0069E-01
  5.7734E-01  2.0069E-01  1.2605E-01  3.7471E-02 -1.6399E-02 -2.7554E-02
  1.8895E-02 -8.0663E-02 -1.0699E-01 -1.5308E-02  1.0395E+00  5.9231E-01
   20.500000000000000     
  9.9428E-01  4.9629E-01  1.0729E-01  1.5354E-02 -2.0606E-02  8.0812E-02
 -1.7164E-02 -2.8662E-02 -1.2644E-01 -3.6325E-02  5.4677E-01  1.3522E-01
  5.4677E-01  1.3522E-01  1.2644E-01  3.6325E-02 -1.7164E-02 -2.8662E-02
  2.0606E-02 -8.0812E-02 -1.0729E-01 -1.5354E-02  9.9428E-01  4.9629E-01
   21.000000000000000     
  9.4863E-01  4.0230E-01  1.0743E-01  1.5384E-02 -2.2386E-02  8.0848E-02
 -1.7941E-02 -2.9774E-02 -1.2667E-01 -3.5054E-02  5.1595E-01  7.1220E-02
  5.1595E-01  7.1220E-02  1.2667E-01  3.5054E-02 -1.7941E-02 -2.9774E-02
  2.2386E-02 -8.0848E-02 -1.0743E-01 -1.5384E-02  9.4863E-01  4.0230E-01
   21.500000000000000     
  9.0265E-01  3.1038E-01  1.0742E-01  1.5399E-02 -2.4235E-02  8.0772E-02
 -1.8728E-02 -3.0888E-02 -1.2673E-01 -3.3659E-02  4.8493E-01  8.7156E-03
  4.8493E-01  8.7156E-03  1.2673E-01  3.3659E-02 -1.8728E-02 -3.0888E-02
  2.4235E-02 -8.0772E-02 -1.0742E-01 -1.5399E-02  9.0265E-01  3.1038E-01
   22.000000000000000     
  8.5642E-01  2.2060E-01  1.0727E-01  1.5401E-02 -2.6154E-02  8.0583E-02
 -1.9526E-02 -3.2002E-02 -1.2662E-01 -3.2140E-02  4.5376E-01 -5.2253E-02
  4.5376E-01 -5.2253E-02  1.2662E-01  3.2140E-02 -1.9526E-02 -3.2002E-02
  2.6154E-02 -8.0583E-02 -1.0727E-01 -1.5401E-02  8.5642E-01  2.2060E-01
   22.500000000000000     
  8.1002E-01  1.3300E-01  1.0696E-01  1.5389E-02 -2.8141E-02  8.0284E-02
 -2.0333E-02 -3.3115E-02 -1.2634E-01 -3.0499E-02  4.2250E-01 -1.1165E-01
  4.2250E-01 -1.1165E-01  1.2634E-01  3.0499E-02 -2.0333E-02 -3.3115E-02
  2.8141E-02 -8.0284E-02 -1.0696E-01 -1.5389E-02  8.1002E-01  1.3300E-01
   23.000000000000000     
  7.6350E-01  4.7622E-02  1.0650E-01  1.5367E-02 -3.0196E-02  7.9875E-02
 -2.1150E-02 -3.4225E-02 -1.2589E-01 -2.8738E-02  3.9118E-01 -1.6946E-01
  3.9118E-01 -1.6946E-01  1.2589E-01  2.8738E-02 -2.1150E-02 -3.4225E-02
  3.0196E-02 -7.9875E-02 -1.0650E-01 -1.5367E-02  7.6350E-01  4.7622E-02
   23.500000000000000     
  7.1696E-01 -3.5507E-02  1.0590E-01  1.5334E-02 -3.2318E-02  7.9358E-02
 -2.1976E-02 -3.5331E-02 -1.2526E-01 -2.6858E-02  3.5987E-01 -2.2566E-01
  3.5987E-01 -2.2566E-01  1.2526E-01  2.6858E-02 -2.1976E-02 -3.5331E-02
  3.2318E-02 -7.9358E-02 -1.0590E-01 -1.5334E-02  7.1696E-01 -3.5507E-02
   24.000000000000000     
  6.7043E-01 -1.1635E-01  1.0514E-01  1.5293E-02 -3.4506E-02  7.8733E-02
 -2.2811E-02 -3.6430E-02 -1.2447E-01 -2.4860E-02  3.2860E-01 -2.8022E-01
  3.2860E-01 -2.8022E-01  1.2447E-01  2.4860E-02 -2.2811E-02 -3.6430E-02
  3.4506E-02 -7.8733E-02 -1.0514E-01 -1.5293E-02  6.7043E-01 -1.1635E-01
   24.500000000000000     
  6.2400E-01 -1.9489E-01  1.0423E-01  1.5243E-02 -3.6758E-02  7.8001E-02
 -2.3654E-02 -3.7520E-02 -1.2351E-01 -2.2746E-02  2.9742E-01 -3.3314E-01
  2.9742E-01 -3.3314E-01  1.2351E-01  2.2746E-02 -2.3654E-02 -3.7520E-02
  3.6758E-02 -7.8001E-02 -1.0423E-01 -1.5243E-02  6.2400E-01 -1.9489E-01
   25.000000000000000     
  5.7772E-01 -2.7110E-01  1.0318E-01  1.5187E-02 -3.9074E-02  7.7165E-02
 -2.4505E-02 -3.8601E-02 -1.2238E-01 -2.0518E-02  2.6637E-01 -3.8439E-01
  2.6637E-01 -3.8439E-01  1.2238E-01  2.0518E-02 -2.4505E-02 -3.8601E-02
  3.9074E-02 -7.7165E-02 -1.0318E-01 -1.5187E-02  5.7772E-01 -2.7110E-01
   25.500000000000000     
  5.3165E-01 -3.4495E-01  1.0197E-01  1.5124E-02 -4.1451E-02  7.6225E-02
 -2.5363E-02 -3.9669E-02 -1.2108E-01 -1.8177E-02  2.3550E-01 -4.3396E-01
  2.3550E-01 -4.3396E-01  1.2108E-01  1.8177E-02 -2.5363E-02 -3.9669E-02
  4.1451E-02 -7.6225E-02 -1.0197E-01 -1.5124E-02  5.3165E-01 -3.4495E-01
   26.000000000000000     
  4.8583E-01 -4.1644E-01  1.0062E-01  1.5057E-02 -4.3889E-02  7.5183E-02
 -2.6229E-02 -4.0723E-02 -1.1962E-01 -1.5724E-02  2.0483E-01 -4.8185E-01
  2.0483E-01 -4.8185E-01  1.1962E-01  1.5724E-02 -2.6229E-02 -4.0723E-02
  4.3889E-02 -7.5183E-02 -1.0062E-01 -1.5057E-02  4.8583E-01 -4.1644E-01
   26.500000000000000     
  4.4033E-01 -4.8553E-01  9.9121E-02  1.4985E-02 -4.6385E-02  7.4039E-02
 -2.7101E-02 -4.1762E-02 -1.1800E-01 -1.3162E-02  1.7440E-01 -5.2804E-01
  1.7440E-01 -5.2804E-01  1.1800E-01  1.3162E-02 -2.7101E-02 -4.1762E-02
  4.6385E-02 -7.4039E-02 -9.9121E-02 -1.4985E-02  4.4033E-01 -4.8553E-01
   27.000000000000000     
  3.9518E-01 -5.5223E-01  9.7477E-02  1.4909E-02 -4.8938E-02  7.2795E-02
 -2.7980E-02 -4.2782E-02 -1.1621E-01 -1.0490E-02  1.4425E-01 -5.7253E-01
  1.4425E-01 -5.7253E-01  1.1621E-01  1.0490E-02 -2.7980E-02 -4.2782E-02
  4.8938E-02 -7.2795E-02 -9.7477E-02 -1.4909E-02  3.9518E-01 -5.5223E-01
   27.500000000000000     
  3.5042E-01 -6.1650E-01  9.5690E-02  1.4829E-02 -5.1544E-02  7.1453E-02
 -2.8865E-02 -4.3783E-02 -1.1427E-01 -7.7121E-03  1.1440E-01 -6.1530E-01
  1.1440E-01 -6.1530E-01  1.1427E-01  7.7121E-03 -2.8865E-02 -4.3783E-02
  5.1544E-02 -7.1453E-02 -9.5690E-02 -1.4829E-02  3.5042E-01 -6.1650E-01
   28.000000000000000     
  3.0611E-01 -6.7835E-01  9.3762E-02  1.4747E-02 -5.4203E-02  7.0013E-02
 -2.9756E-02 -4.4763E-02 -1.1216E-01 -4.8281E-03  8.4882E-02 -6.5635E-01
  8.4882E-02 -6.5635E-01  1.1216E-01  4.8281E-03 -2.9756E-02 -4.4763E-02
  5.4203E-02 -7.0013E-02 -9.3762E-02 -1.4747E-02  3.0611E-01 -6.7835E-01
   28.500000000000000     
  2.6226E-01 -7.3775E-01  9.1694E-02  1.4662E-02 -5.6911E-02  6.8478E-02
 -3.0652E-02 -4.5719E-02 -1.0991E-01 -1.8398E-03  5.5719E-02 -6.9567E-01
  5.5719E-02 -6.9567E-01  1.0991E-01  1.8398E-03 -3.0652E-02 -4.5719E-02
  5.6911E-02 -6.8478E-02 -9.1694E-02 -1.4662E-02  2.6226E-01 -7.3775E-01
   29.000000000000000     
  2.1892E-01 -7.9470E-01  8.9489E-02  1.4575E-02 -5.9665E-02  6.6848E-02
 -3.1554E-02 -4.6651E-02 -1.0750E-01  1.2513E-03  2.6934E-02 -7.3326E-01
  2.6934E-02 -7.3326E-01  1.0750E-01 -1.2513E-03 -3.1554E-02 -4.6651E-02
  5.9665E-02 -6.6848E-02 -8.9489E-02 -1.4575E-02  2.1892E-01 -7.9470E-01
   29.500000000000000     
  1.7611E-01 -8.4918E-01  8.7150E-02  1.4486E-02 -6.2465E-02  6.5124E-02
 -3.2459E-02 -4.7555E-02 -1.0495E-01  4.4437E-03 -1.4539E-03 -7.6912E-01
 -1.4539E-03 -7.6912E-01  1.0495E-01 -4.4437E-03 -3.2459E-02 -4.7555E-02
  6.2465E-02 -6.5124E-02 -8.7150E-02 -1.4486E-02  1.7611E-01 -8.4918E-01
   30.000000000000000     
  1.3386E-01 -9.0119E-01  8.4678E-02  1.4395E-02 -6.5305E-02  6.3309E-02
 -3.3369E-02 -4.8432E-02 -1.0225E-01  7.7360E-03 -2.9426E-02 -8.0322E-01
 -2.9426E-02 -8.0322E-01  1.0225E-01 -7.7360E-03 -3.3369E-02 -4.8432E-02
  6.5305E-02 -6.3309E-02 -8.4678E-02 -1.4395E-02  1.3386E-01 -9.0119E-01
   30.500000000000000     
  9.2194E-02 -9.5072E-01  8.2076E-02  1.4302E-02 -6.8185E-02  6.1404E-02
 -3.4282E-02 -4.9279E-02 -9.9409E-02  1.1127E-02 -5.6966E-02 -8.3559E-01
 -5.6966E-02 -8.3559E-01  9.9409E-02 -1.1127E-02 -3.4282E-02 -4.9279E-02
  6.8185E-02 -6.1404E-02 -8.2076E-02 -1.4302E-02  9.2194E-02 -9.5072E-01
   31.000000000000000     
  5.1132E-02 -9.9776E-01  7.9348E-02  1.4208E-02 -7.1100E-02  5.9411E-02
 -3.5199E-02 -5.0094E-02 -9.6433E-02  1.4614E-02 -8.4060E-02 -8.6620E-01
 -8.4060E-02 -8.6620E-01  9.6433E-02 -1.4614E-02 -3.5199E-02 -5.0094E-02
  7.1100E-02 -5.9411E-02 -7.9348E-02 -1.4208E-02  5.1132E-02 -9.9776E-01
   31.500000000000000     
  1.0693E-02 -1.0423E+00  7.6495E-02  1.4113E-02 -7.4048E-02  5.7330E-02
 -3.6118E-02 -5.0878E-02 -9.3324E-02  1.8195E-02 -1.1070E-01 -8.9507E-01
 -1.1070E-01 -8.9507E-01  9.3324E-02 -1.8195E-02 -3.6118E-02 -5.0878E-02
  7.4048E-02 -5.7330E-02 -7.6495E-02 -1.4113E-02  1.0693E-02 -1.0423E+00
   32.000000000000000     
 -2.9106E-02 -1.0844E+00  7.3522E-02  1.4016E-02 -7.7026E-02  5.5165E-02
 -3.7039E-02 -5.1627E-02 -9.0085E-02  2.1870E-02 -1.3686E-01 -9.2219E-01
 -1.3686E-01 -9.2219E-01  9.0085E-02 -2.1870E-02 -3.7039E-02 -5.1627E-02
  7.7026E-02 -5.5165E-02 -7.3522E-02 -1.4016E-02 -2.9106E-02 -1.0844E+00
   32.500000000000000     
 -6.8249E-02 -1.1239E+00  7.0431E-02  1.3919E-02 -8.0031E-02  5.2916E-02
 -3.7961E-02 -5.2341E-02 -8.6721E-02  2.5636E-02 -1.6254E-01 -9.4756E-01
 -1.6254E-01 -9.4756E-01  8.6721E-02 -2.5636E-02 -3.7961E-02 -5.2341E-02
  8.0031E-02 -5.2916E-02 -7.0431E-02 -1.3919E-02 -6.8249E-02 -1.1239E+00
   33.000000000000000     
 -1.0672E-01 -1.1610E+00  6.7226E-02  1.3821E-02 -8.3059E-02  5.0587E-02
 -3.8885E-02 -5.3020E-02 -8.3236E-02  2.9490E-02 -1.8774E-01 -9.7120E-01
 -1.8774E-01 -9.7120E-01  8.3236E-02 -2.9490E-02 -3.8885E-02 -5.3020E-02
  8.3059E-02 -5.0587E-02 -6.7226E-02 -1.3821E-02 -1.0672E-01 -1.1610E+00
   33.500000000000000     
 -1.4451E-01 -1.1957E+00  6.3909E-02  1.3722E-02 -8.6109E-02  4.8179E-02
 -3.9808E-02 -5.3661E-02 -7.9633E-02  3.3430E-02 -2.1244E-01 -9.9311E-01
 -2.1244E-01 -9.9311E-01  7.9633E-02 -3.3430E-02 -3.9808E-02 -5.3661E-02
  8.6109E-02 -4.8179E-02 -6.3909E-02 -1.3722E-02 -1.4451E-01 -1.1957E+00
   34.000000000000000     
 -1.8161E-01 -1.2278E+00  6.0484E-02  1.3625E-02 -8.9176E-02  4.5695E-02
 -4.0731E-02 -5.4264E-02 -7.5918E-02  3.7453E-02 -2.3663E-01 -1.0133E+00
 -2.3663E-01 -1.0133E+00  7.5918E-02 -3.7453E-02 -4.0731E-02 -5.4264E-02
  8.9176E-02 -4.5695E-02 -6.0484E-02 -1.3625E-02 -1.8161E-01 -1.2278E+00
   34.500000000000000     
 -2.1800E-01 -1.2576E+00  5.6954E-02  1.3528E-02 -9.2258E-02  4.3137E-02
 -4.1653E-02 -5.4829E-02 -7.2094E-02  4.1557E-02 -2.6030E-01 -1.0318E+00
 -2.6030E-01 -1.0318E+00  7.2094E-02 -4.1557E-02 -4.1653E-02 -5.4829E-02
  9.2258E-02 -4.3137E-02 -5.6954E-02 -1.3528E-02 -2.1800E-01 -1.2576E+00
   35.000000000000000     
 -2.5367E-01 -1.2849E+00  5.3323E-02  1.3432E-02 -9.5351E-02  4.0509E-02
 -4.2573E-02 -5.5354E-02 -6.8166E-02  4.5739E-02 -2.8346E-01 -1.0486E+00
 -2.8346E-01 -1.0486E+00  6.8166E-02 -4.5739E-02 -4.2573E-02 -5.5354E-02
  9.5351E-02 -4.0509E-02 -5.3323E-02 -1.3432E-02 -2.5367E-01 -1.2849E+00
   35.500000000000000     
 -2.8861E-01 -1.3098E+00  4.9593E-02  1.3339E-02 -9.8454E-02  3.7813E-02
 -4.3490E-02 -5.5839E-02 -6.4137E-02  4.9995E-02 -3.0609E-01 -1.0637E+00
 -3.0609E-01 -1.0637E+00  6.4137E-02 -4.9995E-02 -4.3490E-02 -5.5839E-02
  9.8454E-02 -3.7813E-02 -4.9593E-02 -1.3339E-02 -2.8861E-01 -1.3098E+00
   36.000000000000000     
 -3.2282E-01 -1.3324E+00  4.5769E-02  1.3249E-02 -1.0156E-01  3.5052E-02
 -4.4405E-02 -5.6283E-02 -6.0011E-02  5.4321E-02 -3.2819E-01 -1.0772E+00
 -3.2819E-01 -1.0772E+00  6.0011E-02 -5.4321E-02 -4.4405E-02 -5.6283E-02
  1.0156E-01 -3.5052E-02 -4.5769E-02 -1.3249E-02 -3.2282E-01 -1.3324E+00
   36.500000000000000     
 -3.5628E-01 -1.3526E+00  4.1854E-02  1.3163E-02 -1.0467E-01  3.2230E-02
 -4.5315E-02 -5.6685E-02 -5.5794E-02  5.8714E-02 -3.4975E-01 -1.0891E+00
 -3.4975E-01 -1.0891E+00  5.5794E-02 -5.8714E-02 -4.5315E-02 -5.6685E-02
  1.0467E-01 -3.2230E-02 -4.1854E-02 -1.3163E-02 -3.5628E-01 -1.3526E+00
   37.000000000000000     
 -3.8897E-01 -1.3706E+00  3.7850E-02  1.3082E-02 -1.0779E-01  2.9350E-02
 -4.6220E-02 -5.7046E-02 -5.1489E-02  6.3171E-02 -3.7076E-01 -1.0994E+00
 -3.7076E-01 -1.0994E+00  5.1489E-02 -6.3171E-02 -4.6220E-02 -5.7046E-02
  1.0779E-01 -2.9350E-02 -3.7850E-02 -1.3082E-02 -3.8897E-01 -1.3706E+00
   37.500000000000000     
 -4.2090E-01 -1.3864E+00  3.3762E-02  1.3008E-02 -1.1090E-01  2.6415E-02
 -4.7120E-02 -5.7365E-02 -4.7099E-02  6.7686E-02 -3.9123E-01 -1.1082E+00
 -3.9123E-01 -1.1082E+00  4.7099E-02 -6.7686E-02 -4.7120E-02 -5.7365E-02
  1.1090E-01 -2.6415E-02 -3.3762E-02 -1.3008E-02 -4.2090E-01 -1.3864E+00
   38.000000000000000     
 -4.5205E-01 -1.4000E+00  2.9592E-02  1.2941E-02 -1.1400E-01  2.3430E-02
 -4.8014E-02 -5.7641E-02 -4.2630E-02  7.2255E-02 -4.1113E-01 -1.1154E+00
 -4.1113E-01 -1.1154E+00  4.2630E-02 -7.2255E-02 -4.8014E-02 -5.7641E-02
  1.1400E-01 -2.3430E-02 -2.9592E-02 -1.2941E-02 -4.5205E-01 -1.4000E+00
   38.500000000000000     
 -4.8241E-01 -1.4114E+00  2.5345E-02  1.2883E-02 -1.1710E-01  2.0399E-02
 -4.8901E-02 -5.7875E-02 -3.8086E-02  7.6875E-02 -4.3047E-01 -1.1212E+00
 -4.3047E-01 -1.1212E+00  3.8086E-02 -7.6875E-02 -4.8901E-02 -5.7875E-02
  1.1710E-01 -2.0399E-02 -2.5345E-02 -1.2883E-02 -4.8241E-01 -1.4114E+00
   39.000000000000000     
 -5.1197E-01 -1.4208E+00  2.1023E-02  1.2836E-02 -1.2018E-01  1.7325E-02
 -4.9780E-02 -5.8065E-02 -3.3470E-02  8.1540E-02 -4.4923E-01 -1.1256E+00
 -4.4923E-01 -1.1256E+00  3.3470E-02 -8.1540E-02 -4.9780E-02 -5.8065E-02
  1.2018E-01 -1.7325E-02 -2.1023E-02 -1.2836E-02 -5.1197E-01 -1.4208E+00
   39.500000000000000     
 -5.4071E-01 -1.4283E+00  1.6630E-02  1.2800E-02 -1.2326E-01  1.4212E-02
 -5.0651E-02 -5.8211E-02 -2.8786E-02  8.6245E-02 -4.6742E-01 -1.1286E+00
 -4.6742E-01 -1.1286E+00  2.8786E-02 -8.6245E-02 -5.0651E-02 -5.8211E-02
  1.2326E-01 -1.4212E-02 -1.6630E-02 -1.2800E-02 -5.4071E-01 -1.4283E+00
   40.000000000000000     
 -5.6863E-01 -1.4338E+00  1.2169E-02  1.2778E-02 -1.2631E-01  1.1066E-02
 -5.1513E-02 -5.8314E-02 -2.4038E-02  9.0987E-02 -4.8502E-01 -1.1302E+00
 -4.8502E-01 -1.1302E+00  2.4038E-02 -9.0987E-02 -5.1513E-02 -5.8314E-02
  1.2631E-01 -1.1066E-02 -1.2169E-02 -1.2778E-02 -5.6863E-01 -1.4338E+00
   40.500000000000000     
 -5.9571E-01 -1.4374E+00  7.6440E-03  1.2771E-02 -1.2935E-01  7.8887E-03
 -5.2366E-02 -5.8372E-02 -1.9231E-02  9.5759E-02 -5.0202E-01 -1.1306E+00
 -5.0202E-01 -1.1306E+00  1.9231E-02 -9.5759E-02 -5.2366E-02 -5.8372E-02
  1.2935E-01 -7.8887E-03 -7.6440E-03 -1.2771E-02 -5.9571E-01 -1.4374E+00
   41.000000000000000     
 -6.2194E-01 -1.4393E+00  3.0579E-03  1.2780E-02 -1.3237E-01  4.6862E-03
 -5.3208E-02 -5.8386E-02 -1.4368E-02  1.0056E-01 -5.1843E-01 -1.1298E+00
 -5.1843E-01 -1.1298E+00  1.4368E-02 -1.0056E-01 -5.3208E-02 -5.8386E-02
  1.3237E-01 -4.6862E-03 -3.0579E-03 -1.2780E-02 -6.2194E-01 -1.4393E+00
   41.500000000000000     
 -6.4731E-01 -1.4395E+00 -1.5857E-03  1.2806E-02 -1.3537E-01  1.4622E-03
 -5.4039E-02 -5.8356E-02 -9.4542E-03  1.0538E-01 -5.3423E-01 -1.1278E+00
 -5.3423E-01 -1.1278E+00  9.4542E-03 -1.0538E-01 -5.4039E-02 -5.8356E-02
  1.3537E-01 -1.4622E-03  1.5857E-03 -1.2806E-02 -6.4731E-01 -1.4395E+00
   42.000000000000000     
 -6.7182E-01 -1.4381E+00 -6.2834E-03  1.2852E-02 -1.3834E-01 -1.7790E-03
 -5.4859E-02 -5.8280E-02 -4.4922E-03  1.1021E-01 -5.4941E-01 -1.1247E+00
 -5.4941E-01 -1.1247E+00  4.4922E-03 -1.1021E-01 -5.4859E-02 -5.8280E-02
  1.3834E-01  1.7790E-03  6.2834E-03 -1.2852E-02 -6.7182E-01 -1.4381E+00
   42.500000000000000     
 -6.9544E-01 -1.4351E+00 -1.1032E-02  1.2919E-02 -1.4129E-01 -5.0329E-03
 -5.5667E-02 -5.8159E-02  5.1341E-04  1.1505E-01 -5.6397E-01 -1.1206E+00
 -5.6397E-01 -1.1206E+00 -5.1341E-04 -1.1505E-01 -5.5667E-02 -5.8159E-02
  1.4129E-01  5.0329E-03  1.1032E-02 -1.2919E-02 -6.9544E-01 -1.4351E+00
   43.000000000000000     
 -7.1818E-01 -1.4307E+00 -1.5827E-02  1.3007E-02 -1.4420E-01 -8.2956E-03
 -5.6463E-02 -5.7993E-02  5.5586E-03  1.1991E-01 -5.7790E-01 -1.1154E+00
 -5.7790E-01 -1.1154E+00 -5.5586E-03 -1.1991E-01 -5.6463E-02 -5.7993E-02
  1.4420E-01  8.2956E-03  1.5827E-02 -1.3007E-02 -7.1818E-01 -1.4307E+00
   43.500000000000000     
 -7.4001E-01 -1.4249E+00 -2.0666E-02  1.3119E-02 -1.4708E-01 -1.1563E-02
 -5.7246E-02 -5.7781E-02  1.0639E-02  1.2476E-01 -5.9121E-01 -1.1094E+00
 -5.9121E-01 -1.1094E+00 -1.0639E-02 -1.2476E-01 -5.7246E-02 -5.7781E-02
  1.4708E-01  1.1563E-02  2.0666E-02 -1.3119E-02 -7.4001E-01 -1.4249E+00
   44.000000000000000     
 -7.6094E-01 -1.4179E+00 -2.5546E-02  1.3255E-02 -1.4993E-01 -1.4830E-02
 -5.8015E-02 -5.7523E-02  1.5752E-02  1.2961E-01 -6.0387E-01 -1.1024E+00
 -6.0387E-01 -1.1024E+00 -1.5752E-02 -1.2961E-01 -5.8015E-02 -5.7523E-02
  1.4993E-01  1.4830E-02  2.5546E-02 -1.3255E-02 -7.6094E-01 -1.4179E+00
   44.500000000000000     
 -7.8095E-01 -1.4096E+00 -3.0461E-02  1.3416E-02 -1.5275E-01 -1.8094E-02
 -5.8771E-02 -5.7219E-02  2.0891E-02  1.3445E-01 -6.1590E-01 -1.0947E+00
 -6.1590E-01 -1.0947E+00 -2.0891E-02 -1.3445E-01 -5.8771E-02 -5.7219E-02
  1.5275E-01  1.8094E-02  3.0461E-02 -1.3416E-02 -7.8095E-01 -1.4096E+00
   45.000000000000000     
 -8.0005E-01 -1.4002E+00 -3.5410E-02  1.3603E-02 -1.5552E-01 -2.1350E-02
 -5.9514E-02 -5.6868E-02  2.6054E-02  1.3928E-01 -6.2727E-01 -1.0862E+00
 -6.2727E-01 -1.0862E+00 -2.6054E-02 -1.3928E-01 -5.9514E-02 -5.6868E-02
  1.5552E-01  2.1350E-02  3.5410E-02 -1.3603E-02 -8.0005E-01 -1.4002E+00
   45.500000000000000     
 -8.1821E-01 -1.3898E+00 -4.0388E-02  1.3818E-02 -1.5825E-01 -2.4595E-02
 -6.0241E-02 -5.6471E-02  3.1236E-02  1.4409E-01 -6.3801E-01 -1.0770E+00
 -6.3801E-01 -1.0770E+00 -3.1236E-02 -1.4409E-01 -6.0241E-02 -5.6471E-02
  1.5825E-01  2.4595E-02  4.0388E-02 -1.3818E-02 -8.1821E-01 -1.3898E+00
   46.000000000000000     
 -8.3545E-01 -1.3784E+00 -4.5392E-02  1.4060E-02 -1.6094E-01 -2.7825E-02
 -6.0955E-02 -5.6026E-02  3.6433E-02  1.4888E-01 -6.4809E-01 -1.0671E+00
 -6.4809E-01 -1.0671E+00 -3.6433E-02 -1.4888E-01 -6.0955E-02 -5.6026E-02
  1.6094E-01  2.7825E-02  4.5392E-02 -1.4060E-02 -8.3545E-01 -1.3784E+00
   46.500000000000000     
 -8.5176E-01 -1.3660E+00 -5.0418E-02  1.4330E-02 -1.6359E-01 -3.1036E-02
 -6.1653E-02 -5.5535E-02  4.1641E-02  1.5365E-01 -6.5752E-01 -1.0566E+00
 -6.5752E-01 -1.0566E+00 -4.1641E-02 -1.5365E-01 -6.1653E-02 -5.5535E-02
  1.6359E-01  3.1036E-02  5.0418E-02 -1.4330E-02 -8.5176E-01 -1.3660E+00
   47.000000000000000     
 -8.6714E-01 -1.3529E+00 -5.5462E-02  1.4629E-02 -1.6619E-01 -3.4225E-02
 -6.2337E-02 -5.4996E-02  4.6855E-02  1.5839E-01 -6.6630E-01 -1.0456E+00
 -6.6630E-01 -1.0456E+00 -4.6855E-02 -1.5839E-01 -6.2337E-02 -5.4996E-02
  1.6619E-01  3.4225E-02  5.5462E-02 -1.4629E-02 -8.6714E-01 -1.3529E+00
   47.500000000000000     
 -8.8159E-01 -1.3389E+00 -6.0521E-02  1.4956E-02 -1.6873E-01 -3.7389E-02
 -6.3005E-02 -5.4410E-02  5.2072E-02  1.6309E-01 -6.7444E-01 -1.0341E+00
 -6.7444E-01 -1.0341E+00 -5.2072E-02 -1.6309E-01 -6.3005E-02 -5.4410E-02
  1.6873E-01  3.7389E-02  6.0521E-02 -1.4956E-02 -8.8159E-01 -1.3389E+00
   48.000000000000000     
 -8.9511E-01 -1.3243E+00 -6.5591E-02  1.5313E-02 -1.7123E-01 -4.0524E-02
 -6.3657E-02 -5.3776E-02  5.7287E-02  1.6776E-01 -6.8193E-01 -1.0221E+00
 -6.8193E-01 -1.0221E+00 -5.7287E-02 -1.6776E-01 -6.3657E-02 -5.3776E-02
  1.7123E-01  4.0524E-02  6.5591E-02 -1.5313E-02 -8.9511E-01 -1.3243E+00
   48.500000000000000     
 -9.0771E-01 -1.3090E+00 -7.0668E-02  1.5699E-02 -1.7367E-01 -4.3627E-02
 -6.4294E-02 -5.3095E-02  6.2496E-02  1.7240E-01 -6.8877E-01 -1.0097E+00
 -6.8877E-01 -1.0097E+00 -6.2496E-02 -1.7240E-01 -6.4294E-02 -5.3095E-02
  1.7367E-01  4.3627E-02  7.0668E-02 -1.5699E-02 -9.0771E-01 -1.3090E+00
   49.000000000000000     
 -9.1939E-01 -1.2930E+00 -7.5749E-02  1.6114E-02 -1.7606E-01 -4.6696E-02
 -6.4914E-02 -5.2367E-02  6.7695E-02  1.7698E-01 -6.9499E-01 -9.9688E-01
 -6.9499E-01 -9.9688E-01 -6.7695E-02 -1.7698E-01 -6.4914E-02 -5.2367E-02
  1.7606E-01  4.6696E-02  7.5749E-02 -1.6114E-02 -9.1939E-01 -1.2930E+00
   49.500000000000000     
 -9.3017E-01 -1.2766E+00 -8.0830E-02  1.6558E-02 -1.7839E-01 -4.9727E-02
 -6.5519E-02 -5.1592E-02  7.2880E-02  1.8153E-01 -7.0057E-01 -9.8373E-01
 -7.0057E-01 -9.8373E-01 -7.2880E-02 -1.8153E-01 -6.5519E-02 -5.1592E-02
  1.7839E-01  4.9727E-02  8.0830E-02 -1.6558E-02 -9.3017E-01 -1.2766E+00
   50.000000000000000     
 -9.4004E-01 -1.2596E+00 -8.5908E-02  1.7031E-02 -1.8066E-01 -5.2718E-02
 -6.6107E-02 -5.0770E-02  7.8047E-02  1.8602E-01 -7.0553E-01 -9.7026E-01
 -7.0553E-01 -9.7026E-01 -7.8047E-02 -1.8602E-01 -6.6107E-02 -5.0770E-02
  1.8066E-01  5.2718E-02  8.5908E-02 -1.7031E-02 -9.4004E-01 -1.2596E+00
   50.500000000000000     
 -9.4903E-01 -1.2421E+00 -9.0978E-02  1.7532E-02 -1.8287E-01 -5.5665E-02
 -6.6678E-02 -4.9901E-02  8.3192E-02  1.9047E-01 -7.0987E-01 -9.5649E-01
 -7.0987E-01 -9.5649E-01 -8.3192E-02 -1.9047E-01 -6.6678E-02 -4.9901E-02
  1.8287E-01  5.5665E-02  9.0978E-02 -1.7532E-02 -9.4903E-01 -1.2421E+00
   51.000000000000000     
 -9.5714E-01 -1.2242E+00 -9.6037E-02  1.8062E-02 -1.8501E-01 -5.8566E-02
 -6.7232E-02 -4.8986E-02  8.8312E-02  1.9486E-01 -7.1361E-01 -9.4246E-01
 -7.1361E-01 -9.4246E-01 -8.8312E-02 -1.9486E-01 -6.7232E-02 -4.8986E-02
  1.8501E-01  5.8566E-02  9.6037E-02 -1.8062E-02 -9.5714E-01 -1.2242E+00
   51.500000000000000     
 -9.6438E-01 -1.2059E+00 -1.0108E-01  1.8620E-02 -1.8709E-01 -6.1419E-02
 -6.7770E-02 -4.8026E-02  9.3401E-02  1.9919E-01 -7.1675E-01 -9.2817E-01
 -7.1675E-01 -9.2817E-01 -9.3401E-02 -1.9919E-01 -6.7770E-02 -4.8026E-02
  1.8709E-01  6.1419E-02  1.0108E-01 -1.8620E-02 -9.6438E-01 -1.2059E+00
   52.000000000000000     
 -9.7078E-01 -1.1872E+00 -1.0611E-01  1.9206E-02 -1.8911E-01 -6.4220E-02
 -6.8289E-02 -4.7021E-02  9.8457E-02  2.0346E-01 -7.1931E-01 -9.1366E-01
 -7.1931E-01 -9.1366E-01 -9.8457E-02 -2.0346E-01 -6.8289E-02 -4.7021E-02
  1.8911E-01  6.4220E-02  1.0611E-01 -1.9206E-02 -9.7078E-01 -1.1872E+00
   52.500000000000000     
 -9.7634E-01 -1.1681E+00 -1.1112E-01  1.9820E-02 -1.9106E-01 -6.6968E-02
 -6.8792E-02 -4.5972E-02  1.0348E-01  2.0767E-01 -7.2130E-01 -8.9893E-01
 -7.2130E-01 -8.9893E-01 -1.0348E-01 -2.0767E-01 -6.8792E-02 -4.5972E-02
  1.9106E-01  6.6968E-02  1.1112E-01 -1.9820E-02 -9.7634E-01 -1.1681E+00
   53.000000000000000     
 -9.8108E-01 -1.1487E+00 -1.1610E-01  2.0461E-02 -1.9293E-01 -6.9659E-02
 -6.9276E-02 -4.4880E-02  1.0846E-01  2.1182E-01 -7.2272E-01 -8.8399E-01
 -7.2272E-01 -8.8399E-01 -1.0846E-01 -2.1182E-01 -6.9276E-02 -4.4880E-02
  1.9293E-01  6.9659E-02  1.1610E-01 -2.0461E-02 -9.8108E-01 -1.1487E+00
   53.500000000000000     
 -9.8503E-01 -1.1289E+00 -1.2106E-01  2.1128E-02 -1.9474E-01 -7.2291E-02
 -6.9742E-02 -4.3745E-02  1.1339E-01  2.1590E-01 -7.2360E-01 -8.6886E-01
 -7.2360E-01 -8.6886E-01 -1.1339E-01 -2.1590E-01 -6.9742E-02 -4.3745E-02
  1.9474E-01  7.2291E-02  1.2106E-01 -2.1128E-02 -9.8503E-01 -1.1289E+00
   54.000000000000000     
 -9.8820E-01 -1.1089E+00 -1.2599E-01  2.1823E-02 -1.9648E-01 -7.4861E-02
 -7.0189E-02 -4.2569E-02  1.1828E-01  2.1990E-01 -7.2395E-01 -8.5354E-01
 -7.2395E-01 -8.5354E-01 -1.1828E-01 -2.1990E-01 -7.0189E-02 -4.2569E-02
  1.9648E-01  7.4861E-02  1.2599E-01 -2.1823E-02 -9.8820E-01 -1.1089E+00
   54.500000000000000     
 -9.9061E-01 -1.0885E+00 -1.3088E-01  2.2544E-02 -1.9814E-01 -7.7367E-02
 -7.0618E-02 -4.1353E-02  1.2312E-01  2.2383E-01 -7.2378E-01 -8.3805E-01
 -7.2378E-01 -8.3805E-01 -1.2312E-01 -2.2383E-01 -7.0618E-02 -4.1353E-02
  1.9814E-01  7.7367E-02  1.3088E-01 -2.2544E-02 -9.9061E-01 -1.0885E+00
   55.000000000000000     
 -9.9227E-01 -1.0678E+00 -1.3574E-01  2.3292E-02 -1.9974E-01 -7.9806E-02
 -7.1027E-02 -4.0098E-02  1.2791E-01  2.2769E-01 -7.2311E-01 -8.2237E-01
 -7.2311E-01 -8.2237E-01 -1.2791E-01 -2.2769E-01 -7.1027E-02 -4.0098E-02
  1.9974E-01  7.9806E-02  1.3574E-01 -2.3292E-02 -9.9227E-01 -1.0678E+00
   55.500000000000000     
 -9.9321E-01 -1.0468E+00 -1.4056E-01  2.4066E-02 -2.0126E-01 -8.2175E-02
 -7.1417E-02 -3.8805E-02  1.3264E-01  2.3146E-01 -7.2194E-01 -8.0653E-01
 -7.2194E-01 -8.0653E-01 -1.3264E-01 -2.3146E-01 -7.1417E-02 -3.8805E-02
  2.0126E-01  8.2175E-02  1.4056E-01 -2.4066E-02 -9.9321E-01 -1.0468E+00
   56.000000000000000     
 -9.9346E-01 -1.0255E+00 -1.4534E-01  2.4867E-02 -2.0270E-01 -8.4473E-02
 -7.1788E-02 -3.7475E-02  1.3731E-01  2.3516E-01 -7.2030E-01 -7.9051E-01
 -7.2030E-01 -7.9051E-01 -1.3731E-01 -2.3516E-01 -7.1788E-02 -3.7475E-02
  2.0270E-01  8.4473E-02  1.4534E-01 -2.4867E-02 -9.9346E-01 -1.0255E+00
   56.500000000000000     
 -9.9302E-01 -1.0039E+00 -1.5007E-01  2.5694E-02 -2.0407E-01 -8.6696E-02
 -7.2138E-02 -3.6110E-02  1.4192E-01  2.3876E-01 -7.1821E-01 -7.7432E-01
 -7.1821E-01 -7.7432E-01 -1.4192E-01 -2.3876E-01 -7.2138E-02 -3.6110E-02
  2.0407E-01  8.6696E-02  1.5007E-01 -2.5694E-02 -9.9302E-01 -1.0039E+00
   57.000000000000000     
 -9.9191E-01 -9.8207E-01 -1.5476E-01  2.6547E-02 -2.0536E-01 -8.8841E-02
 -7.2468E-02 -3.4711E-02  1.4648E-01  2.4228E-01 -7.1567E-01 -7.5796E-01
 -7.1567E-01 -7.5796E-01 -1.4648E-01 -2.4228E-01 -7.2468E-02 -3.4711E-02
  2.0536E-01  8.8841E-02  1.5476E-01 -2.6547E-02 -9.9191E-01 -9.8207E-01
   57.500000000000000     
 -9.9017E-01 -9.5990E-01 -1.5940E-01  2.7427E-02 -2.0658E-01 -9.0906E-02
 -7.2778E-02 -3.3280E-02  1.5096E-01  2.4571E-01 -7.1269E-01 -7.4143E-01
 -7.1269E-01 -7.4143E-01 -1.5096E-01 -2.4571E-01 -7.2778E-02 -3.3280E-02
  2.0658E-01  9.0906E-02  1.5940E-01 -2.7427E-02 -9.9017E-01 -9.5990E-01
   58.000000000000000     
 -9.8780E-01 -9.3745E-01 -1.6399E-01  2.8334E-02 -2.0773E-01 -9.2888E-02
 -7.3066E-02 -3.1819E-02  1.5538E-01  2.4904E-01 -7.0931E-01 -7.2473E-01
 -7.0931E-01 -7.2473E-01 -1.5538E-01 -2.4904E-01 -7.3066E-02 -3.1819E-02
  2.0773E-01  9.2888E-02  1.6399E-01 -2.8334E-02 -9.8780E-01 -9.3745E-01
   58.500000000000000     
 -9.8483E-01 -9.1470E-01 -1.6853E-01  2.9268E-02 -2.0880E-01 -9.4786E-02
 -7.3334E-02 -3.0328E-02  1.5974E-01  2.5228E-01 -7.0552E-01 -7.0785E-01
 -7.0552E-01 -7.0785E-01 -1.5974E-01 -2.5228E-01 -7.3334E-02 -3.0328E-02
  2.0880E-01  9.4786E-02  1.6853E-01 -2.9268E-02 -9.8483E-01 -9.1470E-01
   59.000000000000000     
 -9.8128E-01 -8.9167E-01 -1.7302E-01  3.0229E-02 -2.0979E-01 -9.6595E-02
 -7.3581E-02 -2.8809E-02  1.6402E-01  2.5541E-01 -7.0135E-01 -6.9080E-01
 -7.0135E-01 -6.9080E-01 -1.6402E-01 -2.5541E-01 -7.3581E-02 -2.8809E-02
  2.0979E-01  9.6595E-02  1.7302E-01 -3.0229E-02 -9.8128E-01 -8.9167E-01
   59.500000000000000     
 -9.7716E-01 -8.6835E-01 -1.7745E-01  3.1217E-02 -2.1071E-01 -9.8315E-02
 -7.3806E-02 -2.7263E-02  1.6823E-01  2.5844E-01 -6.9680E-01 -6.7358E-01
 -6.9680E-01 -6.7358E-01 -1.6823E-01 -2.5844E-01 -7.3806E-02 -2.7263E-02
  2.1071E-01  9.8315E-02  1.7745E-01 -3.1217E-02 -9.7716E-01 -8.6835E-01
   60.000000000000000     
 -9.7248E-01 -8.4474E-01 -1.8183E-01  3.2232E-02 -2.1156E-01 -9.9941E-02
 -7.4010E-02 -2.5693E-02  1.7237E-01  2.6137E-01 -6.9189E-01 -6.5619E-01
 -6.9189E-01 -6.5619E-01 -1.7237E-01 -2.6137E-01 -7.4010E-02 -2.5693E-02
  2.1156E-01  9.9941E-02  1.8183E-01 -3.2232E-02 -9.7248E-01 -8.4474E-01
  1.0  0.0  0.5  1.5 121   1  16.00000   0.00000   3.68400
   0.0000000000000000     
  0.0000E+00  0.0000E+00  1.3758E+00 -6.1575E-02  0.0000E+00  0.0000E+00
  0.0000E+00  0.0000E+00  1.6223E-01 -2.5077E-01  0.0000E+00  0.0000E+00
  0.0000E+00  0.0000E+00  0.0000E+00  0.0000E+00  0.0000E+00  0.0000E+00
  0.0000E+00  0.0000E+00  9.8033E-01 -7.5867E-02  0.0000E+00  0.0000E+00
  0.0000E+00  0.0000E+00  9.8033E-01 -7.5867E-02  0.0000E+00  0.0000E+00
  0.0000E+00  0.0000E+00  0.0000E+00  0.0000E+00  0.0000E+00  0.0000E+00
  0.0000E+00  0.0000E+00  1.6223E-01 -2.5077E-01  0.0000E+00  0.0000E+00
  0.0000E+00  0.0000E+00  1.3758E+00 -6.1575E-02  0.0000E+00  0.0000E+00
  0.50000000000000000     
 -3.8795E-02  1.4891E-02  1.3748E+00 -6.1718E-02  1.5338E-02 -1.8447E-04
  2.2536E-05 -2.1854E-05  1.6219E-01 -2.5071E-01 -4.3705E-04 -9.7146E-04
  2.2770E-06  7.5438E-06 -4.5205E-08 -3.9847E-09  2.7771E-05 -2.5721E-05
 -1.0219E-02  2.7280E-03  9.7967E-01 -7.5952E-02  2.8562E-02 -6.9031E-03
 -2.8562E-02  6.9031E-03  9.7967E-01 -7.5952E-02  1.0219E-02 -2.7280E-03
  2.7771E-05 -2.5721E-05  4.5205E-08  3.9847E-09  2.2770E-06  7.5438E-06
  4.3705E-04  9.7146E-04  1.6219E-01 -2.5071E-01  2.2536E-05 -2.1854E-05
 -1.5338E-02  1.8447E-04  1.3748E+00 -6.1718E-02  3.8795E-02 -1.4891E-02
   1.0000000000000000     
 -7.7477E-02  2.9783E-02  1.3721E+00 -6.2146E-02  3.0616E-02 -3.7426E-04
  9.0107E-05 -8.7366E-05  1.6208E-01 -2.5054E-01 -8.7301E-04 -1.9425E-03
  9.1150E-06  3.0179E-05 -3.6114E-07 -3.1669E-08  1.1106E-04 -1.0283E-04
 -2.0397E-02  5.4586E-03  9.7769E-01 -7.6207E-02  5.7042E-02 -1.3809E-02
 -5.7042E-02  1.3809E-02  9.7769E-01 -7.6207E-02  2.0397E-02 -5.4586E-03
  1.1106E-04 -1.0283E-04  3.6114E-07  3.1669E-08  9.1150E-06  3.0179E-05
  8.7301E-04  1.9425E-03  1.6208E-01 -2.5054E-01  9.0107E-05 -8.7366E-05
 -3.0616E-02  3.7426E-04  1.3721E+00 -6.2146E-02  7.7477E-02 -2.9783E-02
   1.5000000000000000     
 -1.1593E-01  4.4677E-02  1.3674E+00 -6.2858E-02  4.5776E-02 -5.7461E-04
  2.0260E-04 -1.9638E-04  1.6189E-01 -2.5024E-01 -1.3068E-03 -2.9126E-03
  2.0534E-05  6.7917E-05 -1.2160E-06 -1.0571E-07  2.4979E-04 -2.3117E-04
 -3.0495E-02  8.1942E-03  9.7440E-01 -7.6630E-02  8.5362E-02 -2.0719E-02
 -8.5362E-02  2.0719E-02  9.7440E-01 -7.6630E-02  3.0495E-02 -8.1942E-03
  2.4979E-04 -2.3117E-04  1.2160E-06  1.0571E-07  2.0534E-05  6.7917E-05
  1.3068E-03  2.9126E-03  1.6189E-01 -2.5024E-01  2.0260E-04 -1.9638E-04
 -4.5776E-02  5.7461E-04  1.3674E+00 -6.2858E-02  1.1593E-01 -4.4677E-02
   2.0000000000000000     
 -1.5405E-01  5.9574E-02  1.3610E+00 -6.3848E-02  6.0759E-02 -7.9053E-04
  3.5982E-04 -3.4865E-04  1.6163E-01 -2.4982E-01 -1.7374E-03 -3.8815E-03
  3.6566E-05  1.2078E-04 -2.8731E-06 -2.4671E-07  4.4385E-04 -4.1049E-04
 -4.0471E-02  1.0937E-02  9.6982E-01 -7.7218E-02  1.1344E-01 -2.7636E-02
 -1.1344E-01  2.7636E-02  9.6982E-01 -7.7218E-02  4.0471E-02 -1.0937E-02
  4.4385E-04 -4.1049E-04  2.8731E-06  2.4671E-07  3.6566E-05  1.2078E-04
  1.7374E-03  3.8815E-03  1.6163E-01 -2.4982E-01  3.5982E-04 -3.4865E-04
 -6.0759E-02  7.9053E-04  1.3610E+00 -6.3848E-02  1.5405E-01 -5.9574E-02
   2.5000000000000000     
 -1.9172E-01  7.4474E-02  1.3528E+00 -6.5112E-02  7.5508E-02 -1.0267E-03
  5.6151E-04 -5.4383E-04  1.6129E-01 -2.4929E-01 -2.1638E-03 -4.8486E-03
  5.7253E-05  1.8878E-04 -5.5882E-06 -4.7224E-07  6.9304E-04 -6.4041E-04
 -5.0287E-02  1.3690E-02  9.6396E-01 -7.7968E-02  1.4120E-01 -3.4562E-02
 -1.4120E-01  3.4562E-02  9.6396E-01 -7.7968E-02  5.0287E-02 -1.3690E-02
  6.9304E-04 -6.4041E-04  5.5882E-06  4.7224E-07  5.7253E-05  1.8878E-04
  2.1638E-03  4.8486E-03  1.6129E-01 -2.4929E-01  5.6151E-04 -5.4383E-04
 -7.5508E-02  1.0267E-03  1.3528E+00 -6.5112E-02  1.9172E-01 -7.4474E-02
   3.0000000000000000     
 -2.2884E-01  8.9376E-02  1.3428E+00 -6.6641E-02  8.9969E-02 -1.2874E-03
  8.0732E-04 -7.8146E-04  1.6088E-01 -2.4864E-01 -2.5849E-03 -5.8137E-03
  8.2644E-05  2.7196E-04 -9.6076E-06 -7.9587E-07  9.9715E-04 -9.2049E-04
 -5.9905E-02  1.6453E-02  9.5684E-01 -7.8874E-02  1.6857E-01 -4.1498E-02
 -1.6857E-01  4.1498E-02  9.5684E-01 -7.8874E-02  5.9905E-02 -1.6453E-02
  9.9715E-04 -9.2049E-04  9.6076E-06  7.9587E-07  8.2644E-05  2.7196E-04
  2.5849E-03  5.8137E-03  1.6088E-01 -2.4864E-01  8.0732E-04 -7.8146E-04
 -8.9969E-02  1.2874E-03  1.3428E+00 -6.6641E-02  2.2884E-01 -8.9376E-02
   3.5000000000000000     
 -2.6530E-01  1.0428E-01  1.3311E+00 -6.8428E-02  1.0409E-01 -1.5765E-03
  1.0968E-03 -1.0610E-03  1.6039E-01 -2.4787E-01 -2.9999E-03 -6.7762E-03
  1.1279E-04  3.7034E-04 -1.5166E-05 -1.2264E-06  1.3559E-03 -1.2502E-03
 -6.9288E-02  1.9230E-02  9.4850E-01 -7.9931E-02  1.9547E-01 -4.8444E-02
 -1.9547E-01  4.8444E-02  9.4850E-01 -7.9931E-02  6.9288E-02 -1.9230E-02
  1.3559E-03 -1.2502E-03  1.5166E-05  1.2264E-06  1.1279E-04  3.7034E-04
  2.9999E-03  6.7762E-03  1.6039E-01 -2.4787E-01  1.0968E-03 -1.0610E-03
 -1.0409E-01  1.5765E-03  1.3311E+00 -6.8428E-02  2.6530E-01 -1.0428E-01
   4.0000000000000000     
 -3.0102E-01  1.1918E-01  1.3177E+00 -7.0462E-02  1.1781E-01 -1.8970E-03
  1.4295E-03 -1.3818E-03  1.5983E-01 -2.4698E-01 -3.4078E-03 -7.7360E-03
  1.4775E-04  4.8396E-04 -2.2484E-05 -1.7671E-06  1.7688E-03 -1.6288E-03
 -7.8402E-02  2.2021E-02  9.3897E-01 -8.1131E-02  2.2184E-01 -5.5401E-02
 -2.2184E-01  5.5401E-02  9.3897E-01 -8.1131E-02  7.8402E-02 -2.2021E-02
  1.7688E-03 -1.6288E-03  2.2484E-05  1.7671E-06  1.4775E-04  4.8396E-04
  3.4078E-03  7.7360E-03  1.5983E-01 -2.4698E-01  1.4295E-03 -1.3818E-03
 -1.1781E-01  1.8970E-03  1.3177E+00 -7.0462E-02  3.0102E-01 -1.1918E-01
   4.5000000000000000     
 -3.3588E-01  1.3408E-01  1.3027E+00 -7.2732E-02  1.3110E-01 -2.2517E-03
  1.8046E-03 -1.7432E-03  1.5919E-01 -2.4598E-01 -3.8078E-03 -8.6926E-03
  1.8757E-04  6.1285E-04 -3.1767E-05 -2.4150E-06  2.2355E-03 -2.0557E-03
 -8.7214E-02  2.4826E-02  9.2829E-01 -8.2467E-02  2.4760E-01 -6.2368E-02
 -2.4760E-01  6.2368E-02  9.2829E-01 -8.2467E-02  8.7214E-02 -2.4826E-02
  2.2355E-03 -2.0557E-03  3.1767E-05  2.4150E-06  1.8757E-04  6.1285E-04
  3.8078E-03  8.6926E-03  1.5919E-01 -2.4598E-01  1.8046E-03 -1.7432E-03
 -1.3110E-01  2.2517E-03  1.3027E+00 -7.2732E-02  3.3588E-01 -1.3408E-01
   5.0000000000000000     
 -3.6981E-01  1.4896E-01  1.2861E+00 -7.5225E-02  1.4389E-01 -2.6422E-03
  2.2217E-03 -2.1444E-03  1.5848E-01 -2.4487E-01 -4.1992E-03 -9.6458E-03
  2.3227E-04  7.5702E-04 -4.3205E-05 -3.1603E-06  2.7555E-03 -2.5300E-03
 -9.5692E-02  2.7646E-02  9.1650E-01 -8.3931E-02  2.7270E-01 -6.9342E-02
 -2.7270E-01  6.9342E-02  9.1650E-01 -8.3931E-02  9.5692E-02 -2.7646E-02
  2.7555E-03 -2.5300E-03  4.3205E-05  3.1603E-06  2.3227E-04  7.5702E-04
  4.1992E-03  9.6458E-03  1.5848E-01 -2.4487E-01  2.2217E-03 -2.1444E-03
 -1.4389E-01  2.6422E-03  1.2861E+00 -7.5225E-02  3.6981E-01 -1.4896E-01
   5.5000000000000000     
 -4.0272E-01  1.6383E-01  1.2681E+00 -7.7928E-02  1.5616E-01 -3.0696E-03
  2.6797E-03 -2.5845E-03  1.5769E-01 -2.4364E-01 -4.5813E-03 -1.0595E-02
  2.8190E-04  9.1650E-04 -5.6968E-05 -3.9862E-06  3.3281E-03 -3.0508E-03
 -1.0381E-01  3.0481E-02  9.0364E-01 -8.5512E-02  2.9708E-01 -7.6321E-02
 -2.9708E-01  7.6321E-02  9.0364E-01 -8.5512E-02  1.0381E-01 -3.0481E-02
  3.3281E-03 -3.0508E-03  5.6968E-05  3.9862E-06  2.8190E-04  9.1650E-04
  4.5813E-03  1.0595E-02  1.5769E-01 -2.4364E-01  2.6797E-03 -2.5845E-03
 -1.5616E-01  3.0696E-03  1.2681E+00 -7.7928E-02  4.0272E-01 -1.6383E-01
   6.0000000000000000     
 -4.3454E-01  1.7868E-01  1.2486E+00 -8.0826E-02  1.6787E-01 -3.5342E-03
  3.1778E-03 -3.0626E-03  1.5683E-01 -2.4230E-01 -4.9535E-03 -1.1541E-02
  3.3644E-04  1.0913E-03 -7.3209E-05 -4.8684E-06  3.9526E-03 -3.6173E-03
 -1.1154E-01  3.3329E-02  8.8977E-01 -8.7202E-02  3.2067E-01 -8.3302E-02
 -3.2067E-01  8.3302E-02  8.8977E-01 -8.7202E-02  1.1154E-01 -3.3329E-02
  3.9526E-03 -3.6173E-03  7.3209E-05  4.8684E-06  3.3644E-04  1.0913E-03
  4.9535E-03  1.1541E-02  1.5683E-01 -2.4230E-01  3.1778E-03 -3.0626E-03
 -1.6787E-01  3.5342E-03  1.2486E+00 -8.0826E-02  4.3454E-01 -1.7868E-01
   6.5000000000000000     
 -4.6520E-01  1.9349E-01  1.2278E+00 -8.3904E-02  1.7897E-01 -4.0352E-03
  3.7150E-03 -3.5777E-03  1.5589E-01 -2.4085E-01 -5.3151E-03 -1.2482E-02
  3.9587E-04  1.2814E-03 -9.2061E-05 -5.7752E-06  4.6282E-03 -4.2284E-03
 -1.1885E-01  3.6190E-02  8.7495E-01 -8.8989E-02  3.4344E-01 -9.0280E-02
 -3.4344E-01  9.0280E-02  8.7495E-01 -8.8989E-02  1.1885E-01 -3.6190E-02
  4.6282E-03 -4.2284E-03  9.2061E-05  5.7752E-06  3.9587E-04  1.2814E-03
  5.3151E-03  1.2482E-02  1.5589E-01 -2.4085E-01  3.7150E-03 -3.5777E-03
 -1.7897E-01  4.0352E-03  1.2278E+00 -8.3904E-02  4.6520E-01 -1.9349E-01
   7.0000000000000000     
 -4.9464E-01  2.0827E-01  1.2058E+00 -8.7146E-02  1.8944E-01 -4.5713E-03
  4.2901E-03 -4.1286E-03  1.5488E-01 -2.3930E-01 -5.6659E-03 -1.3420E-02
  4.6014E-04  1.4868E-03 -1.1364E-04 -6.6671E-06  5.3540E-03 -4.8830E-03
 -1.2574E-01  3.9061E-02  8.5921E-01 -9.0863E-02  3.6533E-01 -9.7250E-02
 -3.6533E-01  9.7250E-02  8.5921E-01 -9.0863E-02  1.2574E-01 -3.9061E-02
  5.3540E-03 -4.8830E-03  1.1364E-04  6.6671E-06  4.6014E-04  1.4868E-03
  5.6659E-03  1.3420E-02  1.5488E-01 -2.3930E-01  4.2901E-03 -4.1286E-03
 -1.8944E-01  4.5713E-03  1.2058E+00 -8.7146E-02  4.9464E-01 -2.0827E-01
   7.5000000000000000     
 -5.2279E-01  2.2298E-01  1.1825E+00 -9.0535E-02  1.9924E-01 -5.1401E-03
  4.9018E-03 -4.7143E-03  1.5380E-01 -2.3763E-01 -6.0053E-03 -1.4352E-02
  5.2915E-04  1.7074E-03 -1.3803E-04 -7.4973E-06  6.1288E-03 -5.5800E-03
 -1.3217E-01  4.1939E-02  8.4264E-01 -9.2813E-02  3.8631E-01 -1.0420E-01
 -3.8631E-01  1.0420E-01  8.4264E-01 -9.2813E-02  1.3217E-01 -4.1939E-02
  6.1288E-03 -5.5800E-03  1.3803E-04  7.4973E-06  5.2915E-04  1.7074E-03
  6.0053E-03  1.4352E-02  1.5380E-01 -2.3763E-01  4.9018E-03 -4.7143E-03
 -1.9924E-01  5.1401E-03  1.1825E+00 -9.0535E-02  5.2279E-01 -2.2298E-01
   8.0000000000000000     
 -5.4962E-01  2.3763E-01  1.1581E+00 -9.4056E-02  2.0837E-01 -5.7383E-03
  5.5487E-03 -5.3336E-03  1.5264E-01 -2.3586E-01 -6.3331E-03 -1.5281E-02
  6.0276E-04  1.9431E-03 -1.6532E-04 -8.2120E-06  6.9514E-03 -6.3184E-03
 -1.3813E-01  4.4821E-02  8.2527E-01 -9.4827E-02  4.0634E-01 -1.1114E-01
 -4.0634E-01  1.1114E-01  8.2527E-01 -9.4827E-02  1.3813E-01 -4.4821E-02
  6.9514E-03 -6.3184E-03  1.6532E-04  8.2120E-06  6.0276E-04  1.9431E-03
  6.3331E-03  1.5281E-02  1.5264E-01 -2.3586E-01  5.5487E-03 -5.3336E-03
 -2.0837E-01  5.7383E-03  1.1581E+00 -9.4056E-02  5.4962E-01 -2.3763E-01
   8.5000000000000000     
 -5.7508E-01  2.5220E-01  1.1328E+00 -9.7690E-02  2.1680E-01 -6.3619E-03
  6.2294E-03 -5.9854E-03  1.5141E-01 -2.3398E-01 -6.6490E-03 -1.6205E-02
  6.8079E-04  2.1940E-03 -1.9556E-04 -8.7505E-06  7.8206E-03 -7.0969E-03
 -1.4362E-01  4.7705E-02  8.0719E-01 -9.6893E-02  4.2540E-01 -1.1804E-01
 -4.2540E-01  1.1804E-01  8.0719E-01 -9.6893E-02  1.4362E-01 -4.7705E-02
  7.8206E-03 -7.0969E-03  1.9556E-04  8.7505E-06  6.8079E-04  2.1940E-03
  6.6490E-03  1.6205E-02  1.5141E-01 -2.3398E-01  6.2294E-03 -5.9854E-03
 -2.1680E-01  6.3619E-03  1.1328E+00 -9.7690E-02  5.7508E-01 -2.5220E-01
   9.0000000000000000     
 -5.9914E-01  2.6667E-01  1.1065E+00 -1.0142E-01  2.2451E-01 -7.0061E-03
  6.9421E-03 -6.6682E-03  1.5011E-01 -2.3200E-01 -6.9529E-03 -1.7124E-02
  7.6302E-04  2.4598E-03 -2.2879E-04 -9.0459E-06  8.7349E-03 -7.9144E-03
 -1.4861E-01  5.0584E-02  7.8844E-01 -9.9000E-02  4.4345E-01 -1.2489E-01
 -4.4345E-01  1.2489E-01  7.8844E-01 -9.9000E-02  1.4861E-01 -5.0584E-02
  8.7349E-03 -7.9144E-03  2.2879E-04  9.0459E-06  7.6302E-04  2.4598E-03
  6.9529E-03  1.7124E-02  1.5011E-01 -2.3200E-01  6.9421E-03 -6.6682E-03
 -2.2451E-01  7.0061E-03  1.1065E+00 -1.0142E-01  5.9914E-01 -2.6667E-01
   9.5000000000000000     
 -6.2177E-01  2.8102E-01  1.0793E+00 -1.0523E-01  2.3149E-01 -7.6653E-03
  7.6851E-03 -7.3810E-03  1.4874E-01 -2.2991E-01 -7.2446E-03 -1.8039E-02
  8.4914E-04  2.7404E-03 -2.6502E-04 -9.0255E-06  9.6926E-03 -8.7695E-03
 -1.5311E-01  5.3455E-02  7.6911E-01 -1.0114E-01  4.6049E-01 -1.3170E-01
 -4.6049E-01  1.3170E-01  7.6911E-01 -1.0114E-01  1.5311E-01 -5.3455E-02
  9.6926E-03 -8.7695E-03  2.6502E-04  9.0255E-06  8.4914E-04  2.7404E-03
  7.2446E-03  1.8039E-02  1.4874E-01 -2.2991E-01  7.6851E-03 -7.3810E-03
 -2.3149E-01  7.6653E-03  1.0793E+00 -1.0523E-01  6.2177E-01 -2.8102E-01
   10.000000000000000     
 -6.4295E-01  2.9525E-01  1.0515E+00 -1.0911E-01  2.3774E-01 -8.3332E-03
  8.4565E-03 -8.1222E-03  1.4730E-01 -2.2773E-01 -7.5240E-03 -1.8949E-02
  9.3883E-04  3.0357E-03 -3.0428E-04 -8.6118E-06  1.0692E-02 -9.6611E-03
 -1.5711E-01  5.6313E-02  7.4923E-01 -1.0329E-01  4.7648E-01 -1.3845E-01
 -4.7648E-01  1.3845E-01  7.4923E-01 -1.0329E-01  1.5711E-01 -5.6313E-02
  1.0692E-02 -9.6611E-03  3.0428E-04  8.6118E-06  9.3883E-04  3.0357E-03
  7.5240E-03  1.8949E-02  1.4730E-01 -2.2773E-01  8.4565E-03 -8.1222E-03
 -2.3774E-01  8.3332E-03  1.0515E+00 -1.0911E-01  6.4295E-01 -2.9525E-01
   10.500000000000000     
 -6.6267E-01  3.0932E-01  1.0229E+00 -1.1303E-01  2.4325E-01 -9.0029E-03
  9.2543E-03 -8.8906E-03  1.4579E-01 -2.2545E-01 -7.7912E-03 -1.9854E-02
  1.0317E-03  3.3454E-03 -3.4654E-04 -7.7230E-06  1.1731E-02 -1.0588E-02
 -1.6060E-01  5.9151E-02  7.2890E-01 -1.0545E-01  4.9144E-01 -1.4512E-01
 -4.9144E-01  1.4512E-01  7.2890E-01 -1.0545E-01  1.6060E-01 -5.9151E-02
  1.1731E-02 -1.0588E-02  3.4654E-04  7.7230E-06  1.0317E-03  3.3454E-03
  7.7912E-03  1.9854E-02  1.4579E-01 -2.2545E-01  9.2543E-03 -8.8906E-03
 -2.4325E-01  9.0029E-03  1.0229E+00 -1.1303E-01  6.6267E-01 -3.0932E-01
   11.000000000000000     
 -6.8092E-01  3.2321E-01  9.9386E-01 -1.1698E-01  2.4803E-01 -9.6669E-03
  1.0076E-02 -9.6849E-03  1.4422E-01 -2.2307E-01 -8.0461E-03 -2.0755E-02
  1.1272E-03  3.6693E-03 -3.9179E-04 -6.2737E-06  1.2809E-02 -1.1549E-02
 -1.6360E-01  6.1964E-02  7.0816E-01 -1.0761E-01  5.0534E-01 -1.5170E-01
 -5.0534E-01  1.5170E-01  7.0816E-01 -1.0761E-01  1.6360E-01 -6.1964E-02
  1.2809E-02 -1.1549E-02  3.9179E-04  6.2737E-06  1.1272E-03  3.6693E-03
  8.0461E-03  2.0755E-02  1.4422E-01 -2.2307E-01  1.0076E-02 -9.6849E-03
 -2.4803E-01  9.6669E-03  9.9386E-01 -1.1698E-01  6.8092E-01 -3.2321E-01
   11.500000000000000     
 -6.9771E-01  3.3692E-01  9.6430E-01 -1.2095E-01  2.5207E-01 -1.0317E-02
  1.0920E-02 -1.0504E-02  1.4258E-01 -2.2059E-01 -8.2888E-03 -2.1652E-02
  1.2250E-03  4.0071E-03 -4.3999E-04 -4.1760E-06  1.3921E-02 -1.2542E-02
 -1.6609E-01  6.4745E-02  6.8708E-01 -1.0975E-01  5.1819E-01 -1.5819E-01
 -5.1819E-01  1.5819E-01  6.8708E-01 -1.0975E-01  1.6609E-01 -6.4745E-02
  1.3921E-02 -1.2542E-02  4.3999E-04  4.1760E-06  1.2250E-03  4.0071E-03
  8.2888E-03  2.1652E-02  1.4258E-01 -2.2059E-01  1.0920E-02 -1.0504E-02
 -2.5207E-01  1.0317E-02  9.6430E-01 -1.2095E-01  6.9771E-01 -3.3692E-01
   12.000000000000000     
 -7.1303E-01  3.5041E-01  9.3435E-01 -1.2492E-01  2.5539E-01 -1.0946E-02
  1.1784E-02 -1.1345E-02  1.4087E-01 -2.1803E-01 -8.5194E-03 -2.2544E-02
  1.3243E-03  4.3585E-03 -4.9111E-04 -1.3402E-06  1.5068E-02 -1.3566E-02
 -1.6809E-01  6.7487E-02  6.6572E-01 -1.1187E-01  5.2999E-01 -1.6456E-01
 -5.2999E-01  1.6456E-01  6.6572E-01 -1.1187E-01  1.6809E-01 -6.7487E-02
  1.5068E-02 -1.3566E-02  4.9111E-04  1.3402E-06  1.3243E-03  4.3585E-03
  8.5194E-03  2.2544E-02  1.4087E-01 -2.1803E-01  1.1784E-02 -1.1345E-02
 -2.5539E-01  1.0946E-02  9.3435E-01 -1.2492E-01  7.1303E-01 -3.5041E-01
   12.500000000000000     
 -7.2691E-01  3.6367E-01  9.0410E-01 -1.2888E-01  2.5800E-01 -1.1544E-02
  1.2664E-02 -1.2209E-02  1.3910E-01 -2.1537E-01 -8.7379E-03 -2.3432E-02
  1.4247E-03  4.7231E-03 -5.4509E-04  2.3245E-06  1.6245E-02 -1.4621E-02
 -1.6960E-01  7.0185E-02  6.4415E-01 -1.1396E-01  5.4076E-01 -1.7081E-01
 -5.4076E-01  1.7081E-01  6.4415E-01 -1.1396E-01  1.6960E-01 -7.0185E-02
  1.6245E-02 -1.4621E-02  5.4509E-04 -2.3245E-06  1.4247E-03  4.7231E-03
  8.7379E-03  2.3432E-02  1.3910E-01 -2.1537E-01  1.2664E-02 -1.2209E-02
 -2.5800E-01  1.1544E-02  9.0410E-01 -1.2888E-01  7.2691E-01 -3.6367E-01
   13.000000000000000     
 -7.3936E-01  3.7668E-01  8.7362E-01 -1.3281E-01  2.5990E-01 -1.2103E-02
  1.3559E-02 -1.3092E-02  1.3727E-01 -2.1262E-01 -8.9445E-03 -2.4315E-02
  1.5253E-03  5.1007E-03 -6.0187E-04  6.9092E-06  1.7450E-02 -1.5704E-02
 -1.7063E-01  7.2830E-02  6.2242E-01 -1.1600E-01  5.5049E-01 -1.7692E-01
 -5.5049E-01  1.7692E-01  6.2242E-01 -1.1600E-01  1.7063E-01 -7.2830E-02
  1.7450E-02 -1.5704E-02  6.0187E-04 -6.9092E-06  1.5253E-03  5.1007E-03
  8.9445E-03  2.4315E-02  1.3727E-01 -2.1262E-01  1.3559E-02 -1.3092E-02
 -2.5990E-01  1.2103E-02  8.7362E-01 -1.3281E-01  7.3936E-01 -3.7668E-01
   13.500000000000000     
 -7.5039E-01  3.8940E-01  8.4299E-01 -1.3672E-01  2.6112E-01 -1.2614E-02
  1.4466E-02 -1.3994E-02  1.3537E-01 -2.0979E-01 -9.1392E-03 -2.5194E-02
  1.6255E-03  5.4907E-03 -6.6140E-04  1.2504E-05  1.8682E-02 -1.6815E-02
 -1.7120E-01  7.5417E-02  6.0058E-01 -1.1800E-01  5.5921E-01 -1.8287E-01
 -5.5921E-01  1.8287E-01  6.0058E-01 -1.1800E-01  1.7120E-01 -7.5417E-02
  1.8682E-02 -1.6815E-02  6.6140E-04 -1.2504E-05  1.6255E-03  5.4907E-03
  9.1392E-03  2.5194E-02  1.3537E-01 -2.0979E-01  1.4466E-02 -1.3994E-02
 -2.6112E-01  1.2614E-02  8.4299E-01 -1.3672E-01  7.5039E-01 -3.8940E-01
   14.000000000000000     
 -7.6004E-01  4.0183E-01  8.1230E-01 -1.4057E-01  2.6167E-01 -1.3068E-02
  1.5382E-02 -1.4913E-02  1.3343E-01 -2.0686E-01 -9.3220E-03 -2.6069E-02
  1.7246E-03  5.8929E-03 -7.2361E-04  1.9200E-05  1.9937E-02 -1.7952E-02
 -1.7132E-01  7.7937E-02  5.7869E-01 -1.1994E-01  5.6694E-01 -1.8866E-01
 -5.6694E-01  1.8866E-01  5.7869E-01 -1.1994E-01  1.7132E-01 -7.7937E-02
  1.9937E-02 -1.7952E-02  7.2361E-04 -1.9200E-05  1.7246E-03  5.8929E-03
  9.3220E-03  2.6069E-02  1.3343E-01 -2.0686E-01  1.5382E-02 -1.4913E-02
 -2.6167E-01  1.3068E-02  8.1230E-01 -1.4057E-01  7.6004E-01 -4.0183E-01
   14.500000000000000     
 -7.6834E-01  4.1394E-01  7.8160E-01 -1.4437E-01  2.6157E-01 -1.3457E-02
  1.6305E-02 -1.5848E-02  1.3142E-01 -2.0386E-01 -9.4932E-03 -2.6940E-02
  1.8216E-03  6.3066E-03 -7.8842E-04  2.7082E-05  2.1212E-02 -1.9113E-02
 -1.7100E-01  8.0385E-02  5.5681E-01 -1.2182E-01  5.7369E-01 -1.9427E-01
 -5.7369E-01  1.9427E-01  5.5681E-01 -1.2182E-01  1.7100E-01 -8.0385E-02
  2.1212E-02 -1.9113E-02  7.8842E-04 -2.7082E-05  1.8216E-03  6.3066E-03
  9.4932E-03  2.6940E-02  1.3142E-01 -2.0386E-01  1.6305E-02 -1.5848E-02
 -2.6157E-01  1.3457E-02  7.8160E-01 -1.4437E-01  7.6834E-01 -4.1394E-01
   15.000000000000000     
 -7.7531E-01  4.2571E-01  7.5097E-01 -1.4811E-01  2.6085E-01 -1.3771E-02
  1.7230E-02 -1.6797E-02  1.2936E-01 -2.0077E-01 -9.6525E-03 -2.7807E-02
  1.9158E-03  6.7314E-03 -8.5577E-04  3.6239E-05  2.2504E-02 -2.0298E-02
 -1.7025E-01  8.2754E-02  5.3497E-01 -1.2364E-01  5.7948E-01 -1.9969E-01
 -5.7948E-01  1.9969E-01  5.3497E-01 -1.2364E-01  1.7025E-01 -8.2754E-02
  2.2504E-02 -2.0298E-02  8.5577E-04 -3.6239E-05  1.9158E-03  6.7314E-03
  9.6525E-03  2.7807E-02  1.2936E-01 -2.0077E-01  1.7230E-02 -1.6797E-02
 -2.6085E-01  1.3771E-02  7.5097E-01 -1.4811E-01  7.7531E-01 -4.2571E-01
   15.500000000000000     
 -7.8099E-01  4.3713E-01  7.2047E-01 -1.5179E-01  2.5953E-01 -1.4004E-02
  1.8157E-02 -1.7759E-02  1.2725E-01 -1.9760E-01 -9.8001E-03 -2.8669E-02
  2.0062E-03  7.1669E-03 -9.2558E-04  4.6751E-05  2.3812E-02 -2.1505E-02
 -1.6910E-01  8.5037E-02  5.1323E-01 -1.2538E-01  5.8434E-01 -2.0490E-01
 -5.8434E-01  2.0490E-01  5.1323E-01 -1.2538E-01  1.6910E-01 -8.5037E-02
  2.3812E-02 -2.1505E-02  9.2558E-04 -4.6751E-05  2.0062E-03  7.1669E-03
  9.8001E-03  2.8669E-02  1.2725E-01 -1.9760E-01  1.8157E-02 -1.7759E-02
 -2.5953E-01  1.4004E-02  7.2047E-01 -1.5179E-01  7.8099E-01 -4.3713E-01
   16.000000000000000     
 -7.8543E-01  4.4816E-01  6.9015E-01 -1.5539E-01  2.5762E-01 -1.4146E-02
  1.9081E-02 -1.8732E-02  1.2509E-01 -1.9436E-01 -9.9360E-03 -2.9527E-02
  2.0921E-03  7.6126E-03 -9.9777E-04  5.8701E-05  2.5130E-02 -2.2732E-02
 -1.6756E-01  8.7227E-02  4.9163E-01 -1.2705E-01  5.8830E-01 -2.0990E-01
 -5.8830E-01  2.0990E-01  4.9163E-01 -1.2705E-01  1.6756E-01 -8.7227E-02
  2.5130E-02 -2.2732E-02  9.9777E-04 -5.8701E-05  2.0921E-03  7.6126E-03
  9.9360E-03  2.9527E-02  1.2509E-01 -1.9436E-01  1.9081E-02 -1.8732E-02
 -2.5762E-01  1.4146E-02  6.9015E-01 -1.5539E-01  7.8543E-01 -4.4816E-01
   16.500000000000000     
 -7.8865E-01  4.5880E-01  6.6006E-01 -1.5891E-01  2.5517E-01 -1.4191E-02
  1.9999E-02 -1.9715E-02  1.2289E-01 -1.9104E-01 -1.0060E-02 -3.0381E-02
  2.1724E-03  8.0678E-03 -1.0723E-03  7.2165E-05  2.6458E-02 -2.3979E-02
 -1.6565E-01  8.9320E-02  4.7020E-01 -1.2864E-01  5.9138E-01 -2.1467E-01
 -5.9138E-01  2.1467E-01  4.7020E-01 -1.2864E-01  1.6565E-01 -8.9320E-02
  2.6458E-02 -2.3979E-02  1.0723E-03 -7.2165E-05  2.1724E-03  8.0678E-03
  1.0060E-02  3.0381E-02  1.2289E-01 -1.9104E-01  1.9999E-02 -1.9715E-02
 -2.5517E-01  1.4191E-02  6.6006E-01 -1.5891E-01  7.8865E-01 -4.5880E-01
   17.000000000000000     
 -7.9070E-01  4.6904E-01  6.3026E-01 -1.6236E-01  2.5219E-01 -1.4133E-02
  2.0909E-02 -2.0705E-02  1.2064E-01 -1.8765E-01 -1.0172E-02 -3.1230E-02
  2.2463E-03  8.5320E-03 -1.1490E-03  8.7218E-05  2.7791E-02 -2.5243E-02
 -1.6338E-01  9.1310E-02  4.4898E-01 -1.3016E-01  5.9361E-01 -2.1920E-01
 -5.9361E-01  2.1920E-01  4.4898E-01 -1.3016E-01  1.6338E-01 -9.1310E-02
  2.7791E-02 -2.5243E-02  1.1490E-03 -8.7218E-05  2.2463E-03  8.5320E-03
  1.0172E-02  3.1230E-02  1.2064E-01 -1.8765E-01  2.0909E-02 -2.0705E-02
 -2.5219E-01  1.4133E-02  6.3026E-01 -1.6236E-01  7.9070E-01 -4.6904E-01
   17.500000000000000     
 -7.9162E-01  4.7885E-01  6.0079E-01 -1.6572E-01  2.4870E-01 -1.3964E-02
  2.1808E-02 -2.1702E-02  1.1834E-01 -1.8418E-01 -1.0272E-02 -3.2075E-02
  2.3129E-03  9.0048E-03 -1.2279E-03  1.0393E-04  2.9127E-02 -2.6524E-02
 -1.6078E-01  9.3191E-02  4.2799E-01 -1.3159E-01  5.9501E-01 -2.2349E-01
 -5.9501E-01  2.2349E-01  4.2799E-01 -1.3159E-01  1.6078E-01 -9.3191E-02
  2.9127E-02 -2.6524E-02  1.2279E-03 -1.0393E-04  2.3129E-03  9.0048E-03
  1.0272E-02  3.2075E-02  1.1834E-01 -1.8418E-01  2.1808E-02 -2.1702E-02
 -2.4870E-01  1.3964E-02  6.0079E-01 -1.6572E-01  7.9162E-01 -4.7885E-01
   18.000000000000000     
 -7.9145E-01  4.8822E-01  5.7168E-01 -1.6900E-01  2.4475E-01 -1.3679E-02
  2.2693E-02 -2.2704E-02  1.1601E-01 -1.8064E-01 -1.0359E-02 -3.2915E-02
  2.3712E-03  9.4854E-03 -1.3089E-03  1.2238E-04  3.0463E-02 -2.7820E-02
 -1.5787E-01  9.4959E-02  4.0728E-01 -1.3296E-01  5.9563E-01 -2.2752E-01
 -5.9563E-01  2.2752E-01  4.0728E-01 -1.3296E-01  1.5787E-01 -9.4959E-02
  3.0463E-02 -2.7820E-02  1.3089E-03 -1.2238E-04  2.3712E-03  9.4854E-03
  1.0359E-02  3.2915E-02  1.1601E-01 -1.8064E-01  2.2693E-02 -2.2704E-02
 -2.4475E-01  1.3679E-02  5.7168E-01 -1.6900E-01  7.9145E-01 -4.8822E-01
   18.500000000000000     
 -7.9023E-01  4.9714E-01  5.4296E-01 -1.7221E-01  2.4034E-01 -1.3274E-02
  2.3560E-02 -2.3709E-02  1.1364E-01 -1.7704E-01 -1.0434E-02 -3.3750E-02
  2.4204E-03  9.9735E-03 -1.3919E-03  1.4262E-04  3.1796E-02 -2.9129E-02
 -1.5466E-01  9.6611E-02  3.8686E-01 -1.3424E-01  5.9548E-01 -2.3129E-01
 -5.9548E-01  2.3129E-01  3.8686E-01 -1.3424E-01  1.5466E-01 -9.6611E-02
  3.1796E-02 -2.9129E-02  1.3919E-03 -1.4262E-04  2.4204E-03  9.9735E-03
  1.0434E-02  3.3750E-02  1.1364E-01 -1.7704E-01  2.3560E-02 -2.3709E-02
 -2.4034E-01  1.3274E-02  5.4296E-01 -1.7221E-01  7.9023E-01 -4.9714E-01
   19.000000000000000     
 -7.8802E-01  5.0560E-01  5.1467E-01 -1.7534E-01  2.3551E-01 -1.2745E-02
  2.4407E-02 -2.4715E-02  1.1123E-01 -1.7338E-01 -1.0495E-02 -3.4580E-02
  2.4597E-03  1.0468E-02 -1.4767E-03  1.6474E-04  3.3123E-02 -3.0450E-02
 -1.5117E-01  9.8142E-02  3.6676E-01 -1.3545E-01  5.9460E-01 -2.3480E-01
 -5.9460E-01  2.3480E-01  3.6676E-01 -1.3545E-01  1.5117E-01 -9.8142E-02
  3.3123E-02 -3.0450E-02  1.4767E-03 -1.6474E-04  2.4597E-03  1.0468E-02
  1.0495E-02  3.4580E-02  1.1123E-01 -1.7338E-01  2.4407E-02 -2.4715E-02
 -2.3551E-01  1.2745E-02  5.1467E-01 -1.7534E-01  7.8802E-01 -5.0560E-01
   19.500000000000000     
 -7.8483E-01  5.1359E-01  4.8684E-01 -1.7839E-01  2.3029E-01 -1.2089E-02
  2.5232E-02 -2.5722E-02  1.0879E-01 -1.6965E-01 -1.0543E-02 -3.5404E-02
  2.4881E-03  1.0970E-02 -1.5634E-03  1.8878E-04  3.4441E-02 -3.1781E-02
 -1.4742E-01  9.9549E-02  3.4699E-01 -1.3659E-01  5.9302E-01 -2.3803E-01
 -5.9302E-01  2.3803E-01  3.4699E-01 -1.3659E-01  1.4742E-01 -9.9549E-02
  3.4441E-02 -3.1781E-02  1.5634E-03 -1.8878E-04  2.4881E-03  1.0970E-02
  1.0543E-02  3.5404E-02  1.0879E-01 -1.6965E-01  2.5232E-02 -2.5722E-02
 -2.3029E-01  1.2089E-02  4.8684E-01 -1.7839E-01  7.8483E-01 -5.1359E-01
   20.000000000000000     
 -7.8073E-01  5.2111E-01  4.5947E-01 -1.8137E-01  2.2470E-01 -1.1303E-02
  2.6030E-02 -2.6727E-02  1.0632E-01 -1.6586E-01 -1.0578E-02 -3.6223E-02
  2.5050E-03  1.1476E-02 -1.6517E-03  2.1482E-04  3.5747E-02 -3.3121E-02
 -1.4343E-01  1.0083E-01  3.2756E-01 -1.3766E-01  5.9076E-01 -2.4099E-01
 -5.9076E-01  2.4099E-01  3.2756E-01 -1.3766E-01  1.4343E-01 -1.0083E-01
  3.5747E-02 -3.3121E-02  1.6517E-03 -2.1482E-04  2.5050E-03  1.1476E-02
  1.0578E-02  3.6223E-02  1.0632E-01 -1.6586E-01  2.6030E-02 -2.6727E-02
 -2.2470E-01  1.1303E-02  4.5947E-01 -1.8137E-01  7.8073E-01 -5.2111E-01
   20.500000000000000     
 -7.7574E-01  5.2815E-01  4.3258E-01 -1.8429E-01  2.1876E-01 -1.0385E-02
  2.6801E-02 -2.7728E-02  1.0382E-01 -1.6201E-01 -1.0599E-02 -3.7036E-02
  2.5094E-03  1.1989E-02 -1.7417E-03  2.4293E-04  3.7039E-02 -3.4468E-02
 -1.3921E-01  1.0199E-01  3.0850E-01 -1.3866E-01  5.8784E-01 -2.4367E-01
 -5.8784E-01  2.4367E-01  3.0850E-01 -1.3866E-01  1.3921E-01 -1.0199E-01
  3.7039E-02 -3.4468E-02  1.7417E-03 -2.4293E-04  2.5094E-03  1.1989E-02
  1.0599E-02  3.7036E-02  1.0382E-01 -1.6201E-01  2.6801E-02 -2.7728E-02
 -2.1876E-01  1.0385E-02  4.3258E-01 -1.8429E-01  7.7574E-01 -5.2815E-01
   21.000000000000000     
 -7.6991E-01  5.3470E-01  4.0619E-01 -1.8715E-01  2.1250E-01 -9.3353E-03
  2.7540E-02 -2.8724E-02  1.0130E-01 -1.5811E-01 -1.0605E-02 -3.7843E-02
  2.5008E-03  1.2505E-02 -1.8331E-03  2.7318E-04  3.8314E-02 -3.5820E-02
 -1.3479E-01  1.0301E-01  2.8980E-01 -1.3961E-01  5.8431E-01 -2.4607E-01
 -5.8431E-01  2.4607E-01  2.8980E-01 -1.3961E-01  1.3479E-01 -1.0301E-01
  3.8314E-02 -3.5820E-02  1.8331E-03 -2.7318E-04  2.5008E-03  1.2505E-02
  1.0605E-02  3.7843E-02  1.0130E-01 -1.5811E-01  2.7540E-02 -2.8724E-02
 -2.1250E-01  9.3353E-03  4.0619E-01 -1.8715E-01  7.6991E-01 -5.3470E-01
   21.500000000000000     
 -7.6327E-01  5.4077E-01  3.8031E-01 -1.8995E-01  2.0595E-01 -8.1533E-03
  2.8246E-02 -2.9714E-02  9.8747E-02 -1.5415E-01 -1.0596E-02 -3.8643E-02
  2.4784E-03  1.3026E-02 -1.9259E-03  3.0563E-04  3.9570E-02 -3.7177E-02
 -1.3018E-01  1.0391E-01  2.7148E-01 -1.4050E-01  5.8018E-01 -2.4819E-01
 -5.8018E-01  2.4819E-01  2.7148E-01 -1.4050E-01  1.3018E-01 -1.0391E-01
  3.9570E-02 -3.7177E-02  1.9259E-03 -3.0563E-04  2.4784E-03  1.3026E-02
  1.0596E-02  3.8643E-02  9.8747E-02 -1.5415E-01  2.8246E-02 -2.9714E-02
 -2.0595E-01  8.1533E-03  3.8031E-01 -1.8995E-01  7.6327E-01 -5.4077E-01
   22.000000000000000     
 -7.5587E-01  5.4635E-01  3.5493E-01 -1.9271E-01  1.9911E-01 -6.8400E-03
  2.8916E-02 -3.0694E-02  9.6175E-02 -1.5015E-01 -1.0571E-02 -3.9437E-02
  2.4417E-03  1.3551E-02 -2.0199E-03  3.4036E-04  4.0804E-02 -3.8535E-02
 -1.2539E-01  1.0467E-01  2.5354E-01 -1.4134E-01  5.7548E-01 -2.5003E-01
 -5.7548E-01  2.5003E-01  2.5354E-01 -1.4134E-01  1.2539E-01 -1.0467E-01
  4.0804E-02 -3.8535E-02  2.0199E-03 -3.4036E-04  2.4417E-03  1.3551E-02
  1.0571E-02  3.9437E-02  9.6175E-02 -1.5015E-01  2.8916E-02 -3.0694E-02
 -1.9911E-01  6.8400E-03  3.5493E-01 -1.9271E-01  7.5587E-01 -5.4635E-01
   22.500000000000000     
 -7.4772E-01  5.5144E-01  3.3007E-01 -1.9543E-01  1.9203E-01 -5.3969E-03
  2.9547E-02 -3.1665E-02  9.3584E-02 -1.4610E-01 -1.0531E-02 -4.0223E-02
  2.3900E-03  1.4078E-02 -2.1149E-03  3.7746E-04  4.2014E-02 -3.9894E-02
 -1.2045E-01  1.0531E-01  2.3598E-01 -1.4213E-01  5.7023E-01 -2.5159E-01
 -5.7023E-01  2.5159E-01  2.3598E-01 -1.4213E-01  1.2045E-01 -1.0531E-01
  4.2014E-02 -3.9894E-02  2.1149E-03 -3.7746E-04  2.3900E-03  1.4078E-02
  1.0531E-02  4.0223E-02  9.3584E-02 -1.4610E-01  2.9547E-02 -3.1665E-02
 -1.9203E-01  5.3969E-03  3.3007E-01 -1.9543E-01  7.4772E-01 -5.5144E-01
   23.000000000000000     
 -7.3888E-01  5.5605E-01  3.0571E-01 -1.9811E-01  1.8470E-01 -3.8260E-03
  3.0138E-02 -3.2624E-02  9.0974E-02 -1.4200E-01 -1.0474E-02 -4.1002E-02
  2.3228E-03  1.4608E-02 -2.2107E-03  4.1700E-04  4.3198E-02 -4.1252E-02
 -1.1535E-01  1.0582E-01  2.1881E-01 -1.4288E-01  5.6447E-01 -2.5288E-01
 -5.6447E-01  2.5288E-01  2.1881E-01 -1.4288E-01  1.1535E-01 -1.0582E-01
  4.3198E-02 -4.1252E-02  2.2107E-03 -4.1700E-04  2.3228E-03  1.4608E-02
  1.0474E-02  4.1002E-02  9.0974E-02 -1.4200E-01  3.0138E-02 -3.2624E-02
 -1.8470E-01  3.8260E-03  3.0571E-01 -1.9811E-01  7.3888E-01 -5.5605E-01
   23.500000000000000     
 -7.2937E-01  5.6018E-01  2.8186E-01 -2.0076E-01  1.7717E-01 -2.1304E-03
  3.0685E-02 -3.3569E-02  8.8349E-02 -1.3786E-01 -1.0401E-02 -4.1773E-02
  2.2397E-03  1.5141E-02 -2.3072E-03  4.5909E-04  4.4353E-02 -4.2607E-02
 -1.1013E-01  1.0621E-01  2.0202E-01 -1.4360E-01  5.5820E-01 -2.5389E-01
 -5.5820E-01  2.5389E-01  2.0202E-01 -1.4360E-01  1.1013E-01 -1.0621E-01
  4.4353E-02 -4.2607E-02  2.3072E-03 -4.5909E-04  2.2397E-03  1.5141E-02
  1.0401E-02  4.1773E-02  8.8349E-02 -1.3786E-01  3.0685E-02 -3.3569E-02
 -1.7717E-01  2.1304E-03  2.8186E-01 -2.0076E-01  7.2937E-01 -5.6018E-01
   24.000000000000000     
 -7.1922E-01  5.6383E-01  2.5851E-01 -2.0340E-01  1.6943E-01 -3.1325E-04
  3.1188E-02 -3.4498E-02  8.5710E-02 -1.3369E-01 -1.0311E-02 -4.2536E-02
  2.1402E-03  1.5675E-02 -2.4040E-03  5.0381E-04  4.5477E-02 -4.3957E-02
 -1.0479E-01  1.0646E-01  1.8560E-01 -1.4430E-01  5.5145E-01 -2.5464E-01
 -5.5145E-01  2.5464E-01  1.8560E-01 -1.4430E-01  1.0479E-01 -1.0646E-01
  4.5477E-02 -4.3957E-02  2.4040E-03 -5.0381E-04  2.1402E-03  1.5675E-02
  1.0311E-02  4.2536E-02  8.5710E-02 -1.3369E-01  3.1188E-02 -3.4498E-02
 -1.6943E-01  3.1325E-04  2.5851E-01 -2.0340E-01  7.1922E-01 -5.6383E-01
   24.500000000000000     
 -7.0847E-01  5.6701E-01  2.3565E-01 -2.0602E-01  1.6152E-01  1.6213E-03
  3.1644E-02 -3.5411E-02  8.3058E-02 -1.2947E-01 -1.0203E-02 -4.3291E-02
  2.0239E-03  1.6210E-02 -2.5011E-03  5.5128E-04  4.6569E-02 -4.5301E-02
 -9.9339E-02  1.0660E-01  1.6956E-01 -1.4496E-01  5.4425E-01 -2.5512E-01
 -5.4425E-01  2.5512E-01  1.6956E-01 -1.4496E-01  9.9339E-02 -1.0660E-01
  4.6569E-02 -4.5301E-02  2.5011E-03 -5.5128E-04  2.0239E-03  1.6210E-02
  1.0203E-02  4.3291E-02  8.3058E-02 -1.2947E-01  3.1644E-02 -3.5411E-02
 -1.6152E-01 -1.6213E-03  2.3565E-01 -2.0602E-01  7.0847E-01 -5.6701E-01
   25.000000000000000     
 -6.9714E-01  5.6973E-01  2.1329E-01 -2.0863E-01  1.5345E-01  3.6690E-03
  3.2051E-02 -3.6305E-02  8.0397E-02 -1.2523E-01 -1.0077E-02 -4.4037E-02
  1.8907E-03  1.6747E-02 -2.5981E-03  6.0160E-04  4.7626E-02 -4.6636E-02
 -9.3797E-02  1.0661E-01  1.5389E-01 -1.4561E-01  5.3661E-01 -2.5535E-01
 -5.3661E-01  2.5535E-01  1.5389E-01 -1.4561E-01  9.3797E-02 -1.0661E-01
  4.7626E-02 -4.6636E-02  2.5981E-03 -6.0160E-04  1.8907E-03  1.6747E-02
  1.0077E-02  4.4037E-02  8.0397E-02 -1.2523E-01  3.2051E-02 -3.6305E-02
 -1.5345E-01 -3.6690E-03  2.1329E-01 -2.0863E-01  6.9714E-01 -5.6973E-01
   25.500000000000000     
 -6.8526E-01  5.7200E-01  1.9140E-01 -2.1124E-01  1.4524E-01  5.8249E-03
  3.2407E-02 -3.7179E-02  7.7727E-02 -1.2095E-01 -9.9332E-03 -4.4774E-02
  1.7400E-03  1.7283E-02 -2.6946E-03  6.5492E-04  4.8647E-02 -4.7962E-02
 -8.8173E-02  1.0651E-01  1.3859E-01 -1.4625E-01  5.2855E-01 -2.5533E-01
 -5.2855E-01  2.5533E-01  1.3859E-01 -1.4625E-01  8.8173E-02 -1.0651E-01
  4.8647E-02 -4.7962E-02  2.6946E-03 -6.5492E-04  1.7400E-03  1.7283E-02
  9.9332E-03  4.4774E-02  7.7727E-02 -1.2095E-01  3.2407E-02 -3.7179E-02
 -1.4524E-01 -5.8249E-03  1.9140E-01 -2.1124E-01  6.8526E-01 -5.7200E-01
   26.000000000000000     
 -6.7285E-01  5.7382E-01  1.6998E-01 -2.1386E-01  1.3690E-01  8.0840E-03
  3.2711E-02 -3.8031E-02  7.5050E-02 -1.1665E-01 -9.7711E-03 -4.5502E-02
  1.5718E-03  1.7820E-02 -2.7905E-03  7.1135E-04  4.9630E-02 -4.9276E-02
 -8.2476E-02  1.0630E-01  1.2364E-01 -1.4688E-01  5.2010E-01 -2.5506E-01
 -5.2010E-01  2.5506E-01  1.2364E-01 -1.4688E-01  8.2476E-02 -1.0630E-01
  4.9630E-02 -4.9276E-02  2.7905E-03 -7.1135E-04  1.5718E-03  1.7820E-02
  9.7711E-03  4.5502E-02  7.5050E-02 -1.1665E-01  3.2711E-02 -3.8031E-02
 -1.3690E-01 -8.0840E-03  1.6998E-01 -2.1386E-01  6.7285E-01 -5.7382E-01
   26.500000000000000     
 -6.5996E-01  5.7520E-01  1.4902E-01 -2.1648E-01  1.2844E-01  1.0441E-02
  3.2961E-02 -3.8860E-02  7.2368E-02 -1.1232E-01 -9.5907E-03 -4.6221E-02
  1.3858E-03  1.8356E-02 -2.8853E-03  7.7105E-04  5.0574E-02 -5.0578E-02
 -7.6718E-02  1.0597E-01  1.0905E-01 -1.4751E-01  5.1127E-01 -2.5456E-01
 -5.1127E-01  2.5456E-01  1.0905E-01 -1.4751E-01  7.6718E-02 -1.0597E-01
  5.0574E-02 -5.0578E-02  2.8853E-03 -7.7105E-04  1.3858E-03  1.8356E-02
  9.5907E-03  4.6221E-02  7.2368E-02 -1.1232E-01  3.2961E-02 -3.8860E-02
 -1.2844E-01 -1.0441E-02  1.4902E-01 -2.1648E-01  6.5996E-01 -5.7520E-01
   27.000000000000000     
 -6.4659E-01  5.7615E-01  1.2851E-01 -2.1912E-01  1.1988E-01  1.2890E-02
  3.3155E-02 -3.9663E-02  6.9684E-02 -1.0797E-01 -9.3916E-03 -4.6930E-02
  1.1818E-03  1.8891E-02 -2.9787E-03  8.3416E-04  5.1476E-02 -5.1864E-02
 -7.0908E-02  1.0554E-01  9.4803E-02 -1.4813E-01  5.0208E-01 -2.5383E-01
 -5.0208E-01  2.5383E-01  9.4803E-02 -1.4813E-01  7.0908E-02 -1.0554E-01
  5.1476E-02 -5.1864E-02  2.9787E-03 -8.3416E-04  1.1818E-03  1.8891E-02
  9.3916E-03  4.6930E-02  6.9684E-02 -1.0797E-01  3.3155E-02 -3.9663E-02
 -1.1988E-01 -1.2890E-02  1.2851E-01 -2.1912E-01  6.4659E-01 -5.7615E-01
   27.500000000000000     
 -6.3278E-01  5.7669E-01  1.0845E-01 -2.2177E-01  1.1124E-01  1.5425E-02
  3.3292E-02 -4.0440E-02  6.6998E-02 -1.0360E-01 -9.1741E-03 -4.7629E-02
  9.5976E-04  1.9425E-02 -3.0703E-03  9.0085E-04  5.2336E-02 -5.3134E-02
 -6.5056E-02  1.0500E-01  8.0899E-02 -1.4876E-01  4.9254E-01 -2.5287E-01
 -4.9254E-01  2.5287E-01  8.0899E-02 -1.4876E-01  6.5056E-02 -1.0500E-01
  5.2336E-02 -5.3134E-02  3.0703E-03 -9.0085E-04  9.5976E-04  1.9425E-02
  9.1741E-03  4.7629E-02  6.6998E-02 -1.0360E-01  3.3292E-02 -4.0440E-02
 -1.1124E-01 -1.5425E-02  1.0845E-01 -2.2177E-01  6.3278E-01 -5.7669E-01
   28.000000000000000     
 -6.1856E-01  5.7682E-01  8.8816E-02 -2.2444E-01  1.0254E-01  1.8041E-02
  3.3370E-02 -4.1190E-02  6.4312E-02 -9.9211E-02 -8.9380E-03 -4.8319E-02
  7.1942E-04  1.9958E-02 -3.1597E-03  9.7128E-04  5.3151E-02 -5.4387E-02
 -5.9171E-02  1.0436E-01  6.7331E-02 -1.4939E-01  4.8268E-01 -2.5171E-01
 -4.8268E-01  2.5171E-01  6.7331E-02 -1.4939E-01  5.9171E-02 -1.0436E-01
  5.3151E-02 -5.4387E-02  3.1597E-03 -9.7128E-04  7.1942E-04  1.9958E-02
  8.9380E-03  4.8319E-02  6.4312E-02 -9.9211E-02  3.3370E-02 -4.1190E-02
 -1.0254E-01 -1.8041E-02  8.8816E-02 -2.2444E-01  6.1856E-01 -5.7682E-01
   28.500000000000000     
 -6.0394E-01  5.7656E-01  6.9611E-02 -2.2714E-01  9.3770E-02  2.0731E-02
  3.3389E-02 -4.1910E-02  6.1628E-02 -9.4812E-02 -8.6836E-03 -4.8999E-02
  4.6072E-04  2.0488E-02 -3.2464E-03  1.0456E-03  5.3921E-02 -5.5620E-02
 -5.3262E-02  1.0363E-01  5.4094E-02 -1.5003E-01  4.7251E-01 -2.5034E-01
 -4.7251E-01  2.5034E-01  5.4094E-02 -1.5003E-01  5.3262E-02 -1.0363E-01
  5.3921E-02 -5.5620E-02  3.2464E-03 -1.0456E-03  4.6072E-04  2.0488E-02
  8.6836E-03  4.8999E-02  6.1628E-02 -9.4812E-02  3.3389E-02 -4.1910E-02
 -9.3770E-02 -2.0731E-02  6.9611E-02 -2.2714E-01  6.0394E-01 -5.7656E-01
   29.000000000000000     
 -5.8896E-01  5.7591E-01  5.0827E-02 -2.2985E-01  8.4961E-02  2.3490E-02
  3.3346E-02 -4.2599E-02  5.8948E-02 -9.0403E-02 -8.4110E-03 -4.9669E-02
  1.8354E-04  2.1016E-02 -3.3301E-03  1.1241E-03  5.4644E-02 -5.6832E-02
 -4.7338E-02  1.0281E-01  4.1184E-02 -1.5067E-01  4.6206E-01 -2.4877E-01
 -4.6206E-01  2.4877E-01  4.1184E-02 -1.5067E-01  4.7338E-02 -1.0281E-01
  5.4644E-02 -5.6832E-02  3.3301E-03 -1.1241E-03  1.8354E-04  2.1016E-02
  8.4110E-03  4.9669E-02  5.8948E-02 -9.0403E-02  3.3346E-02 -4.2599E-02
 -8.4961E-02 -2.3490E-02  5.0827E-02 -2.2985E-01  5.8896E-01 -5.7591E-01
   29.500000000000000     
 -5.7364E-01  5.7488E-01  3.2458E-02 -2.3258E-01  7.6123E-02  2.6313E-02
  3.3241E-02 -4.3257E-02  5.6274E-02 -8.5987E-02 -8.1204E-03 -5.0329E-02
 -1.1219E-04  2.1540E-02 -3.4101E-03  1.2069E-03  5.5319E-02 -5.8022E-02
 -4.1408E-02  1.0190E-01  2.8597E-02 -1.5133E-01  4.5133E-01 -2.4702E-01
 -4.5133E-01  2.4702E-01  2.8597E-02 -1.5133E-01  4.1408E-02 -1.0190E-01
  5.5319E-02 -5.8022E-02  3.4101E-03 -1.2069E-03 -1.1219E-04  2.1540E-02
  8.1204E-03  5.0329E-02  5.6274E-02 -8.5987E-02  3.3241E-02 -4.3257E-02
 -7.6123E-02 -2.6313E-02  3.2458E-02 -2.3258E-01  5.7364E-01 -5.7488E-01
   30.000000000000000     
 -5.5800E-01  5.7349E-01  1.4498E-02 -2.3534E-01  6.7269E-02  2.9194E-02
  3.3073E-02 -4.3882E-02  5.3607E-02 -8.1566E-02 -7.8122E-03 -5.0979E-02
 -4.2658E-04  2.2062E-02 -3.4861E-03  1.2941E-03  5.5944E-02 -5.9188E-02
 -3.5481E-02  1.0090E-01  1.6331E-02 -1.5200E-01  4.4035E-01 -2.4508E-01
 -4.4035E-01  2.4508E-01  1.6331E-02 -1.5200E-01  3.5481E-02 -1.0090E-01
  5.5944E-02 -5.9188E-02  3.4861E-03 -1.2941E-03 -4.2658E-04  2.2062E-02
  7.8122E-03  5.0979E-02  5.3607E-02 -8.1566E-02  3.3073E-02 -4.3882E-02
 -6.7269E-02 -2.9194E-02  1.4498E-02 -2.3534E-01  5.5800E-01 -5.7349E-01
   30.500000000000000     
 -5.4208E-01  5.7175E-01 -3.0537E-03 -2.3811E-01  5.8413E-02  3.2126E-02
  3.2840E-02 -4.4473E-02  5.0948E-02 -7.7144E-02 -7.4867E-03 -5.1620E-02
 -7.5973E-04  2.2579E-02 -3.5576E-03  1.3861E-03  5.6519E-02 -6.0330E-02
 -2.9564E-02  9.9829E-02  4.3832E-03 -1.5268E-01  4.2914E-01 -2.4297E-01
 -4.2914E-01  2.4297E-01  4.3832E-03 -1.5268E-01  2.9564E-02 -9.9829E-02
  5.6519E-02 -6.0330E-02  3.5576E-03 -1.3861E-03 -7.5973E-04  2.2579E-02
  7.4867E-03  5.1620E-02  5.0948E-02 -7.7144E-02  3.2840E-02 -4.4473E-02
 -5.8413E-02 -3.2126E-02 -3.0537E-03 -2.3811E-01  5.4208E-01 -5.7175E-01
   31.000000000000000     
 -5.2589E-01  5.6966E-01 -2.0200E-02 -2.4090E-01  4.9567E-02  3.5106E-02
  3.2542E-02 -4.5028E-02  4.8300E-02 -7.2722E-02 -7.1445E-03 -5.2250E-02
 -1.1117E-03  2.3092E-02 -3.6240E-03  1.4830E-03  5.7041E-02 -6.1446E-02
 -2.3666E-02  9.8677E-02 -7.2471E-03 -1.5336E-01  4.1771E-01 -2.4069E-01
 -4.1771E-01  2.4069E-01 -7.2471E-03 -1.5336E-01  2.3666E-02 -9.8677E-02
  5.7041E-02 -6.1446E-02  3.6240E-03 -1.4830E-03 -1.1117E-03  2.3092E-02
  7.1445E-03  5.2250E-02  4.8300E-02 -7.2722E-02  3.2542E-02 -4.5028E-02
 -4.9567E-02 -3.5106E-02 -2.0200E-02 -2.4090E-01  5.2589E-01 -5.6966E-01
   31.500000000000000     
 -5.0947E-01  5.6724E-01 -3.6941E-02 -2.4370E-01  4.0745E-02  3.8128E-02
  3.2178E-02 -4.5548E-02  4.5665E-02 -6.8304E-02 -6.7858E-03 -5.2871E-02
 -1.4827E-03  2.3601E-02 -3.6848E-03  1.5851E-03  5.7510E-02 -6.2535E-02
 -1.7797E-02  9.7451E-02 -1.8560E-02 -1.5405E-01  4.0608E-01 -2.3826E-01
 -4.0608E-01  2.3826E-01 -1.8560E-02 -1.5405E-01  1.7797E-02 -9.7451E-02
  5.7510E-02 -6.2535E-02  3.6848E-03 -1.5851E-03 -1.4827E-03  2.3601E-02
  6.7858E-03  5.2871E-02  4.5665E-02 -6.8304E-02  3.2178E-02 -4.5548E-02
 -4.0745E-02 -3.8128E-02 -3.6941E-02 -2.4370E-01  5.0947E-01 -5.6724E-01
   32.000000000000000     
 -4.9285E-01  5.6449E-01 -5.3276E-02 -2.4651E-01  3.1961E-02  4.1188E-02
  3.1746E-02 -4.6031E-02  4.3044E-02 -6.3892E-02 -6.4114E-03 -5.3482E-02
 -1.8728E-03  2.4103E-02 -3.7395E-03  1.6924E-03  5.7925E-02 -6.3596E-02
 -1.1963E-02  9.6156E-02 -2.9554E-02 -1.5475E-01  3.9427E-01 -2.3568E-01
 -3.9427E-01  2.3568E-01 -2.9554E-02 -1.5475E-01  1.1963E-02 -9.6156E-02
  5.7925E-02 -6.3596E-02  3.7395E-03 -1.6924E-03 -1.8728E-03  2.4103E-02
  6.4114E-03  5.3482E-02  4.3044E-02 -6.3892E-02  3.1746E-02 -4.6031E-02
 -3.1961E-02 -4.1188E-02 -5.3276E-02 -2.4651E-01  4.9285E-01 -5.6449E-01
   32.500000000000000     
 -4.7604E-01  5.6142E-01 -6.9203E-02 -2.4932E-01  2.3228E-02  4.4281E-02
  3.1247E-02 -4.6476E-02  4.0439E-02 -5.9489E-02 -6.0216E-03 -5.4084E-02
 -2.2821E-03  2.4600E-02 -3.7876E-03  1.8053E-03  5.8285E-02 -6.4628E-02
 -6.1737E-03  9.4793E-02 -4.0229E-02 -1.5544E-01  3.8230E-01 -2.3295E-01
 -3.8230E-01  2.3295E-01 -4.0229E-02 -1.5544E-01  6.1737E-03 -9.4793E-02
  5.8285E-02 -6.4628E-02  3.7876E-03 -1.8053E-03 -2.2821E-03  2.4600E-02
  6.0216E-03  5.4084E-02  4.0439E-02 -5.9489E-02  3.1247E-02 -4.6476E-02
 -2.3228E-02 -4.4281E-02 -6.9203E-02 -2.4932E-01  4.7604E-01 -5.6142E-01
   33.000000000000000     
 -4.5908E-01  5.5805E-01 -8.4719E-02 -2.5213E-01  1.4559E-02  4.7404E-02
  3.0678E-02 -4.6882E-02  3.7852E-02 -5.5098E-02 -5.6172E-03 -5.4676E-02
 -2.7107E-03  2.5091E-02 -3.8285E-03  1.9240E-03  5.8588E-02 -6.5630E-02
 -4.3764E-04  9.3367E-02 -5.0581E-02 -1.5614E-01  3.7020E-01 -2.3008E-01
 -3.7020E-01  2.3008E-01 -5.0581E-02 -1.5614E-01  4.3764E-04 -9.3367E-02
  5.8588E-02 -6.5630E-02  3.8285E-03 -1.9240E-03 -2.7107E-03  2.5091E-02
  5.6172E-03  5.4676E-02  3.7852E-02 -5.5098E-02  3.0678E-02 -4.6882E-02
 -1.4559E-02 -4.7404E-02 -8.4719E-02 -2.5213E-01  4.5908E-01 -5.5805E-01
   33.500000000000000     
 -4.4200E-01  5.5438E-01 -9.9819E-02 -2.5493E-01  5.9684E-03  5.0551E-02
  3.0041E-02 -4.7250E-02  3.5285E-02 -5.0721E-02 -5.1987E-03 -5.5260E-02
 -3.1589E-03  2.5575E-02 -3.8618E-03  2.0486E-03  5.8834E-02 -6.6601E-02
  5.2370E-03  9.1879E-02 -6.0607E-02 -1.5683E-01  3.5797E-01 -2.2708E-01
 -3.5797E-01  2.2708E-01 -6.0607E-02 -1.5683E-01 -5.2370E-03 -9.1879E-02
  5.8834E-02 -6.6601E-02  3.8618E-03 -2.0486E-03 -3.1589E-03  2.5575E-02
  5.1987E-03  5.5260E-02  3.5285E-02 -5.0721E-02  3.0041E-02 -4.7250E-02
 -5.9684E-03 -5.0551E-02 -9.9819E-02 -2.5493E-01  4.4200E-01 -5.5438E-01
   34.000000000000000     
 -4.2482E-01  5.5042E-01 -1.1450E-01 -2.5772E-01 -2.5307E-03  5.3721E-02
  2.9334E-02 -4.7577E-02  3.2739E-02 -4.6360E-02 -4.7666E-03 -5.5834E-02
 -3.6268E-03  2.6051E-02 -3.8869E-03  2.1794E-03  5.9021E-02 -6.7541E-02
  1.0842E-02  9.0332E-02 -7.0304E-02 -1.5751E-01  3.4564E-01 -2.2396E-01
 -3.4564E-01  2.2396E-01 -7.0304E-02 -1.5751E-01 -1.0842E-02 -9.0332E-02
  5.9021E-02 -6.7541E-02  3.8869E-03 -2.1794E-03 -3.6268E-03  2.6051E-02
  4.7666E-03  5.5834E-02  3.2739E-02 -4.6360E-02  2.9334E-02 -4.7577E-02
  2.5307E-03 -5.3721E-02 -1.1450E-01 -2.5772E-01  4.2482E-01 -5.5042E-01
   34.500000000000000     
 -4.0757E-01  5.4618E-01 -1.2875E-01 -2.6048E-01 -1.0925E-02  5.6909E-02
  2.8557E-02 -4.7864E-02  3.0217E-02 -4.2018E-02 -4.3216E-03 -5.6399E-02
 -4.1146E-03  2.6519E-02 -3.9033E-03  2.3166E-03  5.9150E-02 -6.8449E-02
  1.6369E-02  8.8729E-02 -7.9667E-02 -1.5818E-01  3.3323E-01 -2.2071E-01
 -3.3323E-01  2.2071E-01 -7.9667E-02 -1.5818E-01 -1.6369E-02 -8.8729E-02
  5.9150E-02 -6.8449E-02  3.9033E-03 -2.3166E-03 -4.1146E-03  2.6519E-02
  4.3216E-03  5.6399E-02  3.0217E-02 -4.2018E-02  2.8557E-02 -4.7864E-02
  1.0925E-02 -5.6909E-02 -1.2875E-01 -2.6048E-01  4.0757E-01 -5.4618E-01
   35.000000000000000     
 -3.9028E-01  5.4166E-01 -1.4257E-01 -2.6321E-01 -1.9201E-02  6.0112E-02
  2.7709E-02 -4.8111E-02  2.7720E-02 -3.7697E-02 -3.8643E-03 -5.6955E-02
 -4.6224E-03  2.6978E-02 -3.9106E-03  2.4603E-03  5.9218E-02 -6.9324E-02
  2.1809E-02  8.7072E-02 -8.8691E-02 -1.5883E-01  3.2076E-01 -2.1735E-01
 -3.2076E-01  2.1735E-01 -8.8691E-02 -1.5883E-01 -2.1809E-02 -8.7072E-02
  5.9218E-02 -6.9324E-02  3.9106E-03 -2.4603E-03 -4.6224E-03  2.6978E-02
  3.8643E-03  5.6955E-02  2.7720E-02 -3.7697E-02  2.7709E-02 -4.8111E-02
  1.9201E-02 -6.0112E-02 -1.4257E-01 -2.6321E-01  3.9028E-01 -5.4166E-01
   35.500000000000000     
 -3.7298E-01  5.3687E-01 -1.5594E-01 -2.6590E-01 -2.7345E-02  6.3329E-02
  2.6791E-02 -4.8316E-02  2.5251E-02 -3.3399E-02 -3.3953E-03 -5.7503E-02
 -5.1505E-03  2.7428E-02 -3.9083E-03  2.6107E-03  5.9225E-02 -7.0165E-02
  2.7155E-02  8.5363E-02 -9.7372E-02 -1.5945E-01  3.0825E-01 -2.1388E-01
 -3.0825E-01  2.1388E-01 -9.7372E-02 -1.5945E-01 -2.7155E-02 -8.5363E-02
  5.9225E-02 -7.0165E-02  3.9083E-03 -2.6107E-03 -5.1505E-03  2.7428E-02
  3.3953E-03  5.7503E-02  2.5251E-02 -3.3399E-02  2.6791E-02 -4.8316E-02
  2.7345E-02 -6.3329E-02 -1.5594E-01 -2.6590E-01  3.7298E-01 -5.3687E-01
   36.000000000000000     
 -3.5570E-01  5.3182E-01 -1.6887E-01 -2.6855E-01 -3.5345E-02  6.6555E-02
  2.5802E-02 -4.8480E-02  2.2810E-02 -2.9128E-02 -2.9150E-03 -5.8042E-02
 -5.6990E-03  2.7868E-02 -3.8959E-03  2.7681E-03  5.9170E-02 -7.0973E-02
  3.2398E-02  8.3603E-02 -1.0570E-01 -1.6005E-01  2.9571E-01 -2.1031E-01
 -2.9571E-01  2.1031E-01 -1.0570E-01 -1.6005E-01 -3.2398E-02 -8.3603E-02
  5.9170E-02 -7.0973E-02  3.8959E-03 -2.7681E-03 -5.6990E-03  2.7868E-02
  2.9150E-03  5.8042E-02  2.2810E-02 -2.9128E-02  2.5802E-02 -4.8480E-02
  3.5345E-02 -6.6555E-02 -1.6887E-01 -2.6855E-01  3.5570E-01 -5.3182E-01
   36.500000000000000     
 -3.3846E-01  5.2652E-01 -1.8135E-01 -2.7114E-01 -4.3189E-02  6.9789E-02
  2.4742E-02 -4.8602E-02  2.0401E-02 -2.4884E-02 -2.4240E-03 -5.8573E-02
 -6.2682E-03  2.8297E-02 -3.8730E-03  2.9325E-03  5.9054E-02 -7.1746E-02
  3.7531E-02  8.1796E-02 -1.1368E-01 -1.6061E-01  2.8317E-01 -2.0664E-01
 -2.8317E-01  2.0664E-01 -1.1368E-01 -1.6061E-01 -3.7531E-02 -8.1796E-02
  5.9054E-02 -7.1746E-02  3.8730E-03 -2.9325E-03 -6.2682E-03  2.8297E-02
  2.4240E-03  5.8573E-02  2.0401E-02 -2.4884E-02  2.4742E-02 -4.8602E-02
  4.3189E-02 -6.9789E-02 -1.8135E-01 -2.7114E-01  3.3846E-01 -5.2652E-01
   37.000000000000000     
 -3.2128E-01  5.2097E-01 -1.9336E-01 -2.7367E-01 -5.0863E-02  7.3029E-02
  2.3611E-02 -4.8683E-02  1.8024E-02 -2.0671E-02 -1.9228E-03 -5.9095E-02
 -6.8583E-03  2.8715E-02 -3.8392E-03  3.1041E-03  5.8875E-02 -7.2485E-02
  4.2546E-02  7.9942E-02 -1.2130E-01 -1.6114E-01  2.7065E-01 -2.0287E-01
 -2.7065E-01  2.0287E-01 -1.2130E-01 -1.6114E-01 -4.2546E-02 -7.9942E-02
  5.8875E-02 -7.2485E-02  3.8392E-03 -3.1041E-03 -6.8583E-03  2.8715E-02
  1.9228E-03  5.9095E-02  1.8024E-02 -2.0671E-02  2.3611E-02 -4.8683E-02
  5.0863E-02 -7.3029E-02 -1.9336E-01 -2.7367E-01  3.2128E-01 -5.2097E-01
   37.500000000000000     
 -3.0420E-01  5.1517E-01 -2.0490E-01 -2.7613E-01 -5.8357E-02  7.6272E-02
  2.2409E-02 -4.8721E-02  1.5682E-02 -1.6490E-02 -1.4118E-03 -5.9609E-02
 -7.4694E-03  2.9121E-02 -3.7942E-03  3.2830E-03  5.8633E-02 -7.3189E-02
  4.7437E-02  7.8042E-02 -1.2855E-01 -1.6162E-01  2.5816E-01 -1.9900E-01
 -2.5816E-01  1.9900E-01 -1.2855E-01 -1.6162E-01 -4.7437E-02 -7.8042E-02
  5.8633E-02 -7.3189E-02  3.7942E-03 -3.2830E-03 -7.4694E-03  2.9121E-02
  1.4118E-03  5.9609E-02  1.5682E-02 -1.6490E-02  2.2409E-02 -4.8721E-02
  5.8357E-02 -7.6272E-02 -2.0490E-01 -2.7613E-01  3.0420E-01 -5.1517E-01
   38.000000000000000     
 -2.8724E-01  5.0914E-01 -2.1596E-01 -2.7851E-01 -6.5659E-02  7.9516E-02
  2.1137E-02 -4.8716E-02  1.3376E-02 -1.2343E-02 -8.9144E-04 -6.0115E-02
 -8.1017E-03  2.9515E-02 -3.7375E-03  3.4694E-03  5.8328E-02 -7.3857E-02
  5.2195E-02  7.6100E-02 -1.3544E-01 -1.6206E-01  2.4572E-01 -1.9506E-01
 -2.4572E-01  1.9506E-01 -1.3544E-01 -1.6206E-01 -5.2195E-02 -7.6100E-02
  5.8328E-02 -7.3857E-02  3.7375E-03 -3.4694E-03 -8.1017E-03  2.9515E-02
  8.9144E-04  6.0115E-02  1.3376E-02 -1.2343E-02  2.1137E-02 -4.8716E-02
  6.5659E-02 -7.9516E-02 -2.1596E-01 -2.7851E-01  2.8724E-01 -5.0914E-01
   38.500000000000000     
 -2.7042E-01  5.0288E-01 -2.2655E-01 -2.8080E-01 -7.2759E-02  8.2760E-02
  1.9795E-02 -4.8670E-02  1.1108E-02 -8.2337E-03 -3.6198E-04 -6.0612E-02
 -8.7553E-03  2.9896E-02 -3.6689E-03  3.6634E-03  5.7959E-02 -7.4490E-02
  5.6816E-02  7.4115E-02 -1.4195E-01 -1.6244E-01  2.3334E-01 -1.9103E-01
 -2.3334E-01  1.9103E-01 -1.4195E-01 -1.6244E-01 -5.6816E-02 -7.4115E-02
  5.7959E-02 -7.4490E-02  3.6689E-03 -3.6634E-03 -8.7553E-03  2.9896E-02
  3.6198E-04  6.0612E-02  1.1108E-02 -8.2337E-03  1.9795E-02 -4.8670E-02
  7.2759E-02 -8.2760E-02 -2.2655E-01 -2.8080E-01  2.7042E-01 -5.0288E-01
   39.000000000000000     
 -2.5377E-01  4.9640E-01 -2.3664E-01 -2.8300E-01 -7.9647E-02  8.6001E-02
  1.8384E-02 -4.8581E-02  8.8799E-03 -4.1625E-03  1.7628E-04 -6.1101E-02
 -9.4303E-03  3.0263E-02 -3.5880E-03  3.8651E-03  5.7527E-02 -7.5086E-02
  6.1292E-02  7.2089E-02 -1.4809E-01 -1.6276E-01  2.2105E-01 -1.8692E-01
 -2.2105E-01  1.8692E-01 -1.4809E-01 -1.6276E-01 -6.1292E-02 -7.2089E-02
  5.7527E-02 -7.5086E-02  3.5880E-03 -3.8651E-03 -9.4303E-03  3.0263E-02
 -1.7628E-04  6.1101E-02  8.8799E-03 -4.1625E-03  1.8384E-02 -4.8581E-02
  7.9647E-02 -8.6001E-02 -2.3664E-01 -2.8300E-01  2.5377E-01 -4.9640E-01
   39.500000000000000     
 -2.3730E-01  4.8970E-01 -2.4625E-01 -2.8510E-01 -8.6314E-02  8.9238E-02
  1.6904E-02 -4.8450E-02  6.6928E-03 -1.3202E-04  7.2309E-04 -6.1582E-02
 -1.0127E-02  3.0616E-02 -3.4946E-03  4.0745E-03  5.7031E-02 -7.5647E-02
  6.5619E-02  7.0025E-02 -1.5385E-01 -1.6303E-01  2.0886E-01 -1.8273E-01
 -2.0886E-01  1.8273E-01 -1.5385E-01 -1.6303E-01 -6.5619E-02 -7.0025E-02
  5.7031E-02 -7.5647E-02  3.4946E-03 -4.0745E-03 -1.0127E-02  3.0616E-02
 -7.2309E-04  6.1582E-02  6.6928E-03 -1.3202E-04  1.6904E-02 -4.8450E-02
  8.6314E-02 -8.9238E-02 -2.4625E-01 -2.8510E-01  2.3730E-01 -4.8970E-01
   40.000000000000000     
 -2.2104E-01  4.8280E-01 -2.5536E-01 -2.8710E-01 -9.2752E-02  9.2468E-02
  1.5357E-02 -4.8276E-02  4.5485E-03  3.8558E-03  1.2783E-03 -6.2054E-02
 -1.0845E-02  3.0954E-02 -3.3885E-03  4.2918E-03  5.6472E-02 -7.6171E-02
  6.9791E-02  6.7923E-02 -1.5922E-01 -1.6322E-01  1.9679E-01 -1.7848E-01
 -1.9679E-01  1.7848E-01 -1.5922E-01 -1.6322E-01 -6.9791E-02 -6.7923E-02
  5.6472E-02 -7.6171E-02  3.3885E-03 -4.2918E-03 -1.0845E-02  3.0954E-02
 -1.2783E-03  6.2054E-02  4.5485E-03  3.8558E-03  1.5357E-02 -4.8276E-02
  9.2752E-02 -9.2468E-02 -2.5536E-01 -2.8710E-01  2.2104E-01 -4.8280E-01
   40.500000000000000     
 -2.0501E-01  4.7569E-01 -2.6398E-01 -2.8898E-01 -9.8953E-02  9.5691E-02
  1.3742E-02 -4.8060E-02  2.4484E-03  7.7991E-03  1.8417E-03 -6.2517E-02
 -1.1585E-02  3.1276E-02 -3.2693E-03  4.5170E-03  5.5851E-02 -7.6659E-02
  7.3804E-02  6.5785E-02 -1.6422E-01 -1.6335E-01  1.8484E-01 -1.7416E-01
 -1.8484E-01  1.7416E-01 -1.6422E-01 -1.6335E-01 -7.3804E-02 -6.5785E-02
  5.5851E-02 -7.6659E-02  3.2693E-03 -4.5170E-03 -1.1585E-02  3.1276E-02
 -1.8417E-03  6.2517E-02  2.4484E-03  7.7991E-03  1.3742E-02 -4.8060E-02
  9.8953E-02 -9.5691E-02 -2.6398E-01 -2.8898E-01  2.0501E-01 -4.7569E-01
   41.000000000000000     
 -1.8922E-01  4.6838E-01 -2.7210E-01 -2.9074E-01 -1.0491E-01  9.8902E-02
  1.2062E-02 -4.7802E-02  3.9375E-04  1.1696E-02  2.4133E-03 -6.2972E-02
 -1.2346E-02  3.1583E-02 -3.1369E-03  4.7501E-03  5.5167E-02 -7.7110E-02
  7.7655E-02  6.3612E-02 -1.6884E-01 -1.6341E-01  1.7303E-01 -1.6978E-01
 -1.7303E-01  1.6978E-01 -1.6884E-01 -1.6341E-01 -7.7655E-02 -6.3612E-02
  5.5167E-02 -7.7110E-02  3.1369E-03 -4.7501E-03 -1.2346E-02  3.1583E-02
 -2.4133E-03  6.2972E-02  3.9375E-04  1.1696E-02  1.2062E-02 -4.7802E-02
  1.0491E-01 -9.8902E-02 -2.7210E-01 -2.9074E-01  1.8922E-01 -4.6838E-01
   41.500000000000000     
 -1.7368E-01  4.6089E-01 -2.7973E-01 -2.9238E-01 -1.1062E-01  1.0210E-01
  1.0317E-02 -4.7502E-02 -1.6140E-03  1.5544E-02  2.9930E-03 -6.3418E-02
 -1.3129E-02  3.1873E-02 -2.9912E-03  4.9913E-03  5.4421E-02 -7.7524E-02
  8.1340E-02  6.1406E-02 -1.7307E-01 -1.6339E-01  1.6136E-01 -1.6535E-01
 -1.6136E-01  1.6535E-01 -1.7307E-01 -1.6339E-01 -8.1340E-02 -6.1406E-02
  5.4421E-02 -7.7524E-02  2.9912E-03 -4.9913E-03 -1.3129E-02  3.1873E-02
 -2.9930E-03  6.3418E-02 -1.6140E-03  1.5544E-02  1.0317E-02 -4.7502E-02
  1.1062E-01 -1.0210E-01 -2.7973E-01 -2.9238E-01  1.7368E-01 -4.6089E-01
   42.000000000000000     
 -1.5841E-01  4.5322E-01 -2.8686E-01 -2.9389E-01 -1.1608E-01  1.0529E-01
  8.5095E-03 -4.7160E-02 -3.5738E-03  1.9342E-02  3.5808E-03 -6.3855E-02
 -1.3933E-02  3.2146E-02 -2.8319E-03  5.2404E-03  5.3614E-02 -7.7901E-02
  8.4857E-02  5.9169E-02 -1.7693E-01 -1.6329E-01  1.4986E-01 -1.6086E-01
 -1.4986E-01  1.6086E-01 -1.7693E-01 -1.6329E-01 -8.4857E-02 -5.9169E-02
  5.3614E-02 -7.7901E-02  2.8319E-03 -5.2404E-03 -1.3933E-02  3.2146E-02
 -3.5808E-03  6.3855E-02 -3.5738E-03  1.9342E-02  8.5095E-03 -4.7160E-02
  1.1608E-01 -1.0529E-01 -2.8686E-01 -2.9389E-01  1.5841E-01 -4.5322E-01
   42.500000000000000     
 -1.4342E-01  4.4538E-01 -2.9351E-01 -2.9528E-01 -1.2128E-01  1.0845E-01
  6.6400E-03 -4.6777E-02 -5.4844E-03  2.3088E-02  4.1767E-03 -6.4283E-02
 -1.4758E-02  3.2401E-02 -2.6590E-03  5.4976E-03  5.2747E-02 -7.8240E-02
  8.8205E-02  5.6902E-02 -1.8042E-01 -1.6312E-01  1.3853E-01 -1.5633E-01
 -1.3853E-01  1.5633E-01 -1.8042E-01 -1.6312E-01 -8.8205E-02 -5.6902E-02
  5.2747E-02 -7.8240E-02  2.6590E-03 -5.4976E-03 -1.4758E-02  3.2401E-02
 -4.1767E-03  6.4283E-02 -5.4844E-03  2.3088E-02  6.6400E-03 -4.6777E-02
  1.2128E-01 -1.0845E-01 -2.9351E-01 -2.9528E-01  1.4342E-01 -4.4538E-01
   43.000000000000000     
 -1.2873E-01  4.3737E-01 -2.9968E-01 -2.9652E-01 -1.2623E-01  1.1160E-01
  4.7105E-03 -4.6352E-02 -7.3449E-03  2.6780E-02  4.7808E-03 -6.4701E-02
 -1.5604E-02  3.2639E-02 -2.4724E-03  5.7628E-03  5.1821E-02 -7.8543E-02
  9.1382E-02  5.4607E-02 -1.8354E-01 -1.6286E-01  1.2737E-01 -1.5176E-01
 -1.2737E-01  1.5176E-01 -1.8354E-01 -1.6286E-01 -9.1382E-02 -5.4607E-02
  5.1821E-02 -7.8543E-02  2.4724E-03 -5.7628E-03 -1.5604E-02  3.2639E-02
 -4.7808E-03  6.4701E-02 -7.3449E-03  2.6780E-02  4.7105E-03 -4.6352E-02
  1.2623E-01 -1.1160E-01 -2.9968E-01 -2.9652E-01  1.2873E-01 -4.3737E-01
   43.500000000000000     
 -1.1433E-01  4.2920E-01 -3.0537E-01 -2.9764E-01 -1.3091E-01  1.1472E-01
  2.7227E-03 -4.5886E-02 -9.1542E-03  3.0416E-02  5.3931E-03 -6.5110E-02
 -1.6471E-02  3.2858E-02 -2.2718E-03  6.0361E-03  5.0837E-02 -7.8809E-02
  9.4389E-02  5.2287E-02 -1.8629E-01 -1.6253E-01  1.1639E-01 -1.4715E-01
 -1.1639E-01  1.4715E-01 -1.8629E-01 -1.6253E-01 -9.4389E-02 -5.2287E-02
  5.0837E-02 -7.8809E-02  2.2718E-03 -6.0361E-03 -1.6471E-02  3.2858E-02
 -5.3931E-03  6.5110E-02 -9.1542E-03  3.0416E-02  2.7227E-03 -4.5886E-02
  1.3091E-01 -1.1472E-01 -3.0537E-01 -2.9764E-01  1.1433E-01 -4.2920E-01
   44.000000000000000     
 -1.0024E-01  4.2089E-01 -3.1060E-01 -2.9861E-01 -1.3534E-01  1.1782E-01
  6.7852E-04 -4.5379E-02 -1.0912E-02  3.3994E-02  6.0137E-03 -6.5509E-02
 -1.7358E-02  3.3058E-02 -2.0574E-03  6.3174E-03  4.9797E-02 -7.9037E-02
  9.7225E-02  4.9943E-02 -1.8869E-01 -1.6211E-01  1.0560E-01 -1.4250E-01
 -1.0560E-01  1.4250E-01 -1.8869E-01 -1.6211E-01 -9.7225E-02 -4.9943E-02
  4.9797E-02 -7.9037E-02  2.0574E-03 -6.3174E-03 -1.7358E-02  3.3058E-02
 -6.0137E-03  6.5509E-02 -1.0912E-02  3.3994E-02  6.7852E-04 -4.5379E-02
  1.3534E-01 -1.1782E-01 -3.1060E-01 -2.9861E-01  1.0024E-01 -4.2089E-01
   44.500000000000000     
 -8.6457E-02  4.1245E-01 -3.1537E-01 -2.9945E-01 -1.3951E-01  1.2089E-01
 -1.4201E-03 -4.4831E-02 -1.2616E-02  3.7513E-02  6.6427E-03 -6.5897E-02
 -1.8264E-02  3.3240E-02 -1.8289E-03  6.6068E-03  4.8701E-02 -7.9227E-02
  9.9892E-02  4.7577E-02 -1.9074E-01 -1.6161E-01  9.4993E-02 -1.3784E-01
 -9.4993E-02  1.3784E-01 -1.9074E-01 -1.6161E-01 -9.9892E-02 -4.7577E-02
  4.8701E-02 -7.9227E-02  1.8289E-03 -6.6068E-03 -1.8264E-02  3.3240E-02
 -6.6427E-03  6.5897E-02 -1.2616E-02  3.7513E-02 -1.4201E-03 -4.4831E-02
  1.3951E-01 -1.2089E-01 -3.1537E-01 -2.9945E-01  8.6457E-02 -4.1245E-01
   45.000000000000000     
 -7.2986E-02  4.0387E-01 -3.1970E-01 -3.0014E-01 -1.4342E-01  1.2393E-01
 -3.5710E-03 -4.4243E-02 -1.4267E-02  4.0971E-02  7.2801E-03 -6.6276E-02
 -1.9190E-02  3.3402E-02 -1.5864E-03  6.9042E-03  4.7552E-02 -7.9381E-02
  1.0239E-01  4.5192E-02 -1.9245E-01 -1.6102E-01  8.4583E-02 -1.3315E-01
 -8.4583E-02  1.3315E-01 -1.9245E-01 -1.6102E-01 -1.0239E-01 -4.5192E-02
  4.7552E-02 -7.9381E-02  1.5864E-03 -6.9042E-03 -1.9190E-02  3.3402E-02
 -7.2801E-03  6.6276E-02 -1.4267E-02  4.0971E-02 -3.5710E-03 -4.4243E-02
  1.4342E-01 -1.2393E-01 -3.1970E-01 -3.0014E-01  7.2986E-02 -4.0387E-01
   45.500000000000000     
 -5.9829E-02  3.9517E-01 -3.2360E-01 -3.0070E-01 -1.4707E-01  1.2694E-01
 -5.7720E-03 -4.3615E-02 -1.5864E-02  4.4367E-02  7.9259E-03 -6.6644E-02
 -2.0135E-02  3.3544E-02 -1.3299E-03  7.2095E-03  4.6350E-02 -7.9497E-02
  1.0473E-01  4.2791E-02 -1.9383E-01 -1.6036E-01  7.4366E-02 -1.2845E-01
 -7.4366E-02  1.2845E-01 -1.9383E-01 -1.6036E-01 -1.0473E-01 -4.2791E-02
  4.6350E-02 -7.9497E-02  1.3299E-03 -7.2095E-03 -2.0135E-02  3.3544E-02
 -7.9259E-03  6.6644E-02 -1.5864E-02  4.4367E-02 -5.7720E-03 -4.3615E-02
  1.4707E-01 -1.2694E-01 -3.2360E-01 -3.0070E-01  5.9829E-02 -3.9517E-01
   46.000000000000000     
 -4.6985E-02  3.8637E-01 -3.2708E-01 -3.0111E-01 -1.5048E-01  1.2991E-01
 -8.0209E-03 -4.2947E-02 -1.7406E-02  4.7698E-02  8.5803E-03 -6.7001E-02
 -2.1098E-02  3.3666E-02 -1.0592E-03  7.5228E-03  4.5098E-02 -7.9575E-02
  1.0690E-01  4.0375E-02 -1.9490E-01 -1.5961E-01  6.4342E-02 -1.2375E-01
 -6.4342E-02  1.2375E-01 -1.9490E-01 -1.5961E-01 -1.0690E-01 -4.0375E-02
  4.5098E-02 -7.9575E-02  1.0592E-03 -7.5228E-03 -2.1098E-02  3.3666E-02
 -8.5803E-03  6.7001E-02 -1.7406E-02  4.7698E-02 -8.0209E-03 -4.2947E-02
  1.5048E-01 -1.2991E-01 -3.2708E-01 -3.0111E-01  4.6985E-02 -3.8637E-01
   46.500000000000000     
 -3.4452E-02  3.7746E-01 -3.3016E-01 -3.0139E-01 -1.5364E-01  1.3283E-01
 -1.0315E-02 -4.2240E-02 -1.8893E-02  5.0963E-02  9.2431E-03 -6.7347E-02
 -2.2078E-02  3.3768E-02 -7.7435E-04  7.8441E-03  4.3797E-02 -7.9616E-02
  1.0892E-01  3.7947E-02 -1.9565E-01 -1.5878E-01  5.4513E-02 -1.1904E-01
 -5.4513E-02  1.1904E-01 -1.9565E-01 -1.5878E-01 -1.0892E-01 -3.7947E-02
  4.3797E-02 -7.9616E-02  7.7435E-04 -7.8441E-03 -2.2078E-02  3.3768E-02
 -9.2431E-03  6.7347E-02 -1.8893E-02  5.0963E-02 -1.0315E-02 -4.2240E-02
  1.5364E-01 -1.3283E-01 -3.3016E-01 -3.0139E-01  3.4452E-02 -3.7746E-01
   47.000000000000000     
 -2.2227E-02  3.6847E-01 -3.3285E-01 -3.0152E-01 -1.5656E-01  1.3571E-01
 -1.2653E-02 -4.1494E-02 -2.0325E-02  5.4161E-02  9.9143E-03 -6.7682E-02
 -2.3075E-02  3.3850E-02 -4.7537E-04  8.1733E-03  4.2449E-02 -7.9620E-02
  1.1078E-01  3.5510E-02 -1.9612E-01 -1.5787E-01  4.4875E-02 -1.1433E-01
 -4.4875E-02  1.1433E-01 -1.9612E-01 -1.5787E-01 -1.1078E-01 -3.5510E-02
  4.2449E-02 -7.9620E-02  4.7537E-04 -8.1733E-03 -2.3075E-02  3.3850E-02
 -9.9143E-03  6.7682E-02 -2.0325E-02  5.4161E-02 -1.2653E-02 -4.1494E-02
  1.5656E-01 -1.3571E-01 -3.3285E-01 -3.0152E-01  2.2227E-02 -3.6847E-01
   47.500000000000000     
 -1.0307E-02  3.5939E-01 -3.3517E-01 -3.0152E-01 -1.5924E-01  1.3854E-01
 -1.5031E-02 -4.0710E-02 -2.1701E-02  5.7290E-02  1.0594E-02 -6.8006E-02
 -2.4089E-02  3.3911E-02 -1.6223E-04  8.5103E-03  4.1057E-02 -7.9586E-02
  1.1249E-01  3.3067E-02 -1.9630E-01 -1.5689E-01  3.5427E-02 -1.0963E-01
 -3.5427E-02  1.0963E-01 -1.9630E-01 -1.5689E-01 -1.1249E-01 -3.3067E-02
  4.1057E-02 -7.9586E-02  1.6223E-04 -8.5103E-03 -2.4089E-02  3.3911E-02
 -1.0594E-02  6.8006E-02 -2.1701E-02  5.7290E-02 -1.5031E-02 -4.0710E-02
  1.5924E-01 -1.3854E-01 -3.3517E-01 -3.0152E-01  1.0307E-02 -3.5939E-01
   48.000000000000000     
  1.3133E-03  3.5025E-01 -3.3714E-01 -3.0138E-01 -1.6170E-01  1.4132E-01
 -1.7447E-02 -3.9887E-02 -2.3020E-02  6.0348E-02  1.1282E-02 -6.8318E-02
 -2.5118E-02  3.3951E-02  1.6508E-04  8.8552E-03  3.9621E-02 -7.9515E-02
  1.1406E-01  3.0619E-02 -1.9621E-01 -1.5583E-01  2.6166E-02 -1.0495E-01
 -2.6166E-02  1.0495E-01 -1.9621E-01 -1.5583E-01 -1.1406E-01 -3.0619E-02
  3.9621E-02 -7.9515E-02 -1.6508E-04 -8.8552E-03 -2.5118E-02  3.3951E-02
 -1.1282E-02  6.8318E-02 -2.3020E-02  6.0348E-02 -1.7447E-02 -3.9887E-02
  1.6170E-01 -1.4132E-01 -3.3714E-01 -3.0138E-01 -1.3133E-03 -3.5025E-01
   48.500000000000000     
  1.2640E-02  3.4104E-01 -3.3878E-01 -3.0111E-01 -1.6393E-01  1.4405E-01
 -1.9898E-02 -3.9027E-02 -2.4283E-02  6.3335E-02  1.1978E-02 -6.8619E-02
 -2.6161E-02  3.3970E-02  5.0654E-04  9.2078E-03  3.8145E-02 -7.9408E-02
  1.1549E-01  2.8171E-02 -1.9587E-01 -1.5469E-01  1.7088E-02 -1.0029E-01
 -1.7088E-02  1.0029E-01 -1.9587E-01 -1.5469E-01 -1.1549E-01 -2.8171E-02
  3.8145E-02 -7.9408E-02 -5.0654E-04 -9.2078E-03 -2.6161E-02  3.3970E-02
 -1.1978E-02  6.8619E-02 -2.4283E-02  6.3335E-02 -1.9898E-02 -3.9027E-02
  1.6393E-01 -1.4405E-01 -3.3878E-01 -3.0111E-01 -1.2640E-02 -3.4104E-01
   49.000000000000000     
  2.3680E-02  3.3179E-01 -3.4010E-01 -3.0070E-01 -1.6595E-01  1.4672E-01
 -2.2382E-02 -3.8130E-02 -2.5489E-02  6.6249E-02  1.2682E-02 -6.8909E-02
 -2.7219E-02  3.3968E-02  8.6216E-04  9.5683E-03  3.6630E-02 -7.9263E-02
  1.1679E-01  2.5725E-02 -1.9529E-01 -1.5349E-01  8.1897E-03 -9.5657E-02
 -8.1897E-03  9.5657E-02 -1.9529E-01 -1.5349E-01 -1.1679E-01 -2.5725E-02
  3.6630E-02 -7.9263E-02 -8.6216E-04 -9.5683E-03 -2.7219E-02  3.3968E-02
 -1.2682E-02  6.8909E-02 -2.5489E-02  6.6249E-02 -2.2382E-02 -3.8130E-02
  1.6595E-01 -1.4672E-01 -3.4010E-01 -3.0070E-01 -2.3680E-02 -3.3179E-01
   49.500000000000000     
  3.4440E-02  3.2249E-01 -3.4112E-01 -3.0017E-01 -1.6776E-01  1.4932E-01
 -2.4896E-02 -3.7197E-02 -2.6638E-02  6.9088E-02  1.3393E-02 -6.9186E-02
 -2.8289E-02  3.3945E-02  1.2319E-03  9.9364E-03  3.5078E-02 -7.9082E-02
  1.1796E-01  2.3283E-02 -1.9449E-01 -1.5221E-01 -5.3339E-04 -9.1057E-02
  5.3339E-04  9.1057E-02 -1.9449E-01 -1.5221E-01 -1.1796E-01 -2.3283E-02
  3.5078E-02 -7.9082E-02 -1.2319E-03 -9.9364E-03 -2.8289E-02  3.3945E-02
 -1.3393E-02  6.9186E-02 -2.6638E-02  6.9088E-02 -2.4896E-02 -3.7197E-02
  1.6776E-01 -1.4932E-01 -3.4112E-01 -3.0017E-01 -3.4440E-02 -3.2249E-01
   50.000000000000000     
  4.4927E-02  3.1316E-01 -3.4186E-01 -2.9950E-01 -1.6938E-01  1.5186E-01
 -2.7438E-02 -3.6228E-02 -2.7729E-02  7.1852E-02  1.4112E-02 -6.9452E-02
 -2.9371E-02  3.3900E-02  1.6158E-03  1.0312E-02  3.3491E-02 -7.8865E-02
  1.1901E-01  2.0848E-02 -1.9347E-01 -1.5086E-01 -9.0860E-03 -8.6494E-02
  9.0860E-03  8.6494E-02 -1.9347E-01 -1.5086E-01 -1.1901E-01 -2.0848E-02
  3.3491E-02 -7.8865E-02 -1.6158E-03 -1.0312E-02 -2.9371E-02  3.3900E-02
 -1.4112E-02  6.9452E-02 -2.7729E-02  7.1852E-02 -2.7438E-02 -3.6228E-02
  1.6938E-01 -1.5186E-01 -3.4186E-01 -2.9950E-01 -4.4927E-02 -3.1316E-01
   50.500000000000000     
  5.5150E-02  3.0382E-01 -3.4233E-01 -2.9871E-01 -1.7080E-01  1.5432E-01
 -3.0004E-02 -3.5223E-02 -2.8764E-02  7.4540E-02  1.4838E-02 -6.9706E-02
 -3.0465E-02  3.3834E-02  2.0137E-03  1.0696E-02  3.1872E-02 -7.8612E-02
  1.1994E-01  1.8424E-02 -1.9225E-01 -1.4945E-01 -1.7473E-02 -8.1975E-02
  1.7473E-02  8.1975E-02 -1.9225E-01 -1.4945E-01 -1.1994E-01 -1.8424E-02
  3.1872E-02 -7.8612E-02 -2.0137E-03 -1.0696E-02 -3.0465E-02  3.3834E-02
 -1.4838E-02  6.9706E-02 -2.8764E-02  7.4540E-02 -3.0004E-02 -3.5223E-02
  1.7080E-01 -1.5432E-01 -3.4233E-01 -2.9871E-01 -5.5150E-02 -3.0382E-01
   51.000000000000000     
  6.5116E-02  2.9445E-01 -3.4256E-01 -2.9779E-01 -1.7204E-01  1.5672E-01
 -3.2592E-02 -3.4184E-02 -2.9741E-02  7.7149E-02  1.5571E-02 -6.9948E-02
 -3.1569E-02  3.3747E-02  2.4257E-03  1.1087E-02  3.0223E-02 -7.8323E-02
  1.2077E-01  1.6011E-02 -1.9085E-01 -1.4798E-01 -2.5699E-02 -7.7505E-02
  2.5699E-02  7.7505E-02 -1.9085E-01 -1.4798E-01 -1.2077E-01 -1.6011E-02
  3.0223E-02 -7.8323E-02 -2.4257E-03 -1.1087E-02 -3.1569E-02  3.3747E-02
 -1.5571E-02  6.9948E-02 -2.9741E-02  7.7149E-02 -3.2592E-02 -3.4184E-02
  1.7204E-01 -1.5672E-01 -3.4256E-01 -2.9779E-01 -6.5116E-02 -2.9445E-01
   51.500000000000000     
  7.4832E-02  2.8509E-01 -3.4256E-01 -2.9675E-01 -1.7311E-01  1.5904E-01
 -3.5199E-02 -3.3111E-02 -3.0661E-02  7.9680E-02  1.6309E-02 -7.0178E-02
 -3.2683E-02  3.3638E-02  2.8518E-03  1.1485E-02  2.8545E-02 -7.7999E-02
  1.2150E-01  1.3615E-02 -1.8928E-01 -1.4644E-01 -3.3769E-02 -7.3088E-02
  3.3769E-02  7.3088E-02 -1.8928E-01 -1.4644E-01 -1.2150E-01 -1.3615E-02
  2.8545E-02 -7.7999E-02 -2.8518E-03 -1.1485E-02 -3.2683E-02  3.3638E-02
 -1.6309E-02  7.0178E-02 -3.0661E-02  7.9680E-02 -3.5199E-02 -3.3111E-02
  1.7311E-01 -1.5904E-01 -3.4256E-01 -2.9675E-01 -7.4832E-02 -2.8509E-01
   52.000000000000000     
  8.4308E-02  2.7573E-01 -3.4235E-01 -2.9559E-01 -1.7401E-01  1.6128E-01
 -3.7823E-02 -3.2004E-02 -3.1523E-02  8.2131E-02  1.7054E-02 -7.0397E-02
 -3.3806E-02  3.3508E-02  3.2917E-03  1.1891E-02  2.6841E-02 -7.7639E-02
  1.2213E-01  1.1235E-02 -1.8754E-01 -1.4484E-01 -4.1688E-02 -6.8729E-02
  4.1688E-02  6.8729E-02 -1.8754E-01 -1.4484E-01 -1.2213E-01 -1.1235E-02
  2.6841E-02 -7.7639E-02 -3.2917E-03 -1.1891E-02 -3.3806E-02  3.3508E-02
 -1.7054E-02  7.0397E-02 -3.1523E-02  8.2131E-02 -3.7823E-02 -3.2004E-02
  1.7401E-01 -1.6128E-01 -3.4235E-01 -2.9559E-01 -8.4308E-02 -2.7573E-01
   52.500000000000000     
  9.3549E-02  2.6638E-01 -3.4194E-01 -2.9430E-01 -1.7476E-01  1.6344E-01
 -4.0461E-02 -3.0865E-02 -3.2327E-02  8.4501E-02  1.7803E-02 -7.0604E-02
 -3.4937E-02  3.3355E-02  3.7456E-03  1.2304E-02  2.5113E-02 -7.7246E-02
  1.2268E-01  8.8757E-03 -1.8567E-01 -1.4319E-01 -4.9460E-02 -6.4432E-02
  4.9460E-02  6.4432E-02 -1.8567E-01 -1.4319E-01 -1.2268E-01 -8.8757E-03
  2.5113E-02 -7.7246E-02 -3.7456E-03 -1.2304E-02 -3.4937E-02  3.3355E-02
 -1.7803E-02  7.0604E-02 -3.2327E-02  8.4501E-02 -4.0461E-02 -3.0865E-02
  1.7476E-01 -1.6344E-01 -3.4194E-01 -2.9430E-01 -9.3549E-02 -2.6638E-01
   53.000000000000000     
  1.0256E-01  2.5706E-01 -3.4134E-01 -2.9290E-01 -1.7535E-01  1.6551E-01
 -4.3109E-02 -2.9694E-02 -3.3074E-02  8.6791E-02  1.8557E-02 -7.0798E-02
 -3.6075E-02  3.3182E-02  4.2132E-03  1.2725E-02  2.3364E-02 -7.6818E-02
  1.2314E-01  6.5383E-03 -1.8365E-01 -1.4147E-01 -5.7089E-02 -6.0201E-02
  5.7089E-02  6.0201E-02 -1.8365E-01 -1.4147E-01 -1.2314E-01 -6.5383E-03
  2.3364E-02 -7.6818E-02 -4.2132E-03 -1.2725E-02 -3.6075E-02  3.3182E-02
 -1.8557E-02  7.0798E-02 -3.3074E-02  8.6791E-02 -4.3109E-02 -2.9694E-02
  1.7535E-01 -1.6551E-01 -3.4134E-01 -2.9290E-01 -1.0256E-01 -2.5706E-01
   53.500000000000000     
  1.1136E-01  2.4776E-01 -3.4057E-01 -2.9138E-01 -1.7580E-01  1.6750E-01
 -4.5766E-02 -2.8492E-02 -3.3763E-02  8.8998E-02  1.9316E-02 -7.0981E-02
 -3.7219E-02  3.2986E-02  4.6945E-03  1.3153E-02  2.1594E-02 -7.6358E-02
  1.2352E-01  4.2251E-03 -1.8152E-01 -1.3970E-01 -6.4580E-02 -5.6040E-02
  6.4580E-02  5.6040E-02 -1.8152E-01 -1.3970E-01 -1.2352E-01 -4.2251E-03
  2.1594E-02 -7.6358E-02 -4.6945E-03 -1.3153E-02 -3.7219E-02  3.2986E-02
 -1.9316E-02  7.0981E-02 -3.3763E-02  8.8998E-02 -4.5766E-02 -2.8492E-02
  1.7580E-01 -1.6750E-01 -3.4057E-01 -2.9138E-01 -1.1136E-01 -2.4776E-01
   54.000000000000000     
  1.1994E-01  2.3850E-01 -3.3965E-01 -2.8975E-01 -1.7611E-01  1.6940E-01
 -4.8428E-02 -2.7259E-02 -3.4395E-02  9.1122E-02  2.0078E-02 -7.1153E-02
 -3.8369E-02  3.2768E-02  5.1894E-03  1.3588E-02  1.9807E-02 -7.5864E-02
  1.2383E-01  1.9380E-03 -1.7926E-01 -1.3787E-01 -7.1935E-02 -5.1952E-02
  7.1935E-02  5.1952E-02 -1.7926E-01 -1.3787E-01 -1.2383E-01 -1.9380E-03
  1.9807E-02 -7.5864E-02 -5.1894E-03 -1.3588E-02 -3.8369E-02  3.2768E-02
 -2.0078E-02  7.1153E-02 -3.4395E-02  9.1122E-02 -4.8428E-02 -2.7259E-02
  1.7611E-01 -1.6940E-01 -3.3965E-01 -2.8975E-01 -1.1994E-01 -2.3850E-01
   54.500000000000000     
  1.2831E-01  2.2927E-01 -3.3858E-01 -2.8800E-01 -1.7630E-01  1.7121E-01
 -5.1094E-02 -2.5997E-02 -3.4968E-02  9.3163E-02  2.0843E-02 -7.1312E-02
 -3.9524E-02  3.2529E-02  5.6977E-03  1.4030E-02  1.8004E-02 -7.5338E-02
  1.2408E-01 -3.2124E-04 -1.7691E-01 -1.3599E-01 -7.9159E-02 -4.7940E-02
  7.9159E-02  4.7940E-02 -1.7691E-01 -1.3599E-01 -1.2408E-01  3.2124E-04
  1.8004E-02 -7.5338E-02 -5.6977E-03 -1.4030E-02 -3.9524E-02  3.2529E-02
 -2.0843E-02  7.1312E-02 -3.4968E-02  9.3163E-02 -5.1094E-02 -2.5997E-02
  1.7630E-01 -1.7121E-01 -3.3858E-01 -2.8800E-01 -1.2831E-01 -2.2927E-01
   55.000000000000000     
  1.3648E-01  2.2010E-01 -3.3738E-01 -2.8613E-01 -1.7636E-01  1.7293E-01
 -5.3759E-02 -2.4707E-02 -3.5484E-02  9.5120E-02  2.1611E-02 -7.1460E-02
 -4.0684E-02  3.2268E-02  6.2192E-03  1.4479E-02  1.6188E-02 -7.4780E-02
  1.2426E-01 -2.5511E-03 -1.7446E-01 -1.3406E-01 -8.6252E-02 -4.4006E-02
  8.6252E-02  4.4006E-02 -1.7446E-01 -1.3406E-01 -1.2426E-01  2.5511E-03
  1.6188E-02 -7.4780E-02 -6.2192E-03 -1.4479E-02 -4.0684E-02  3.2268E-02
 -2.1611E-02  7.1460E-02 -3.5484E-02  9.5120E-02 -5.3759E-02 -2.4707E-02
  1.7636E-01 -1.7293E-01 -3.3738E-01 -2.8613E-01 -1.3648E-01 -2.2010E-01
   55.500000000000000     
  1.4444E-01  2.1097E-01 -3.3605E-01 -2.8415E-01 -1.7630E-01  1.7455E-01
 -5.6423E-02 -2.3388E-02 -3.5942E-02  9.6993E-02  2.2381E-02 -7.1596E-02
 -4.1847E-02  3.1984E-02  6.7539E-03  1.4935E-02  1.4360E-02 -7.4192E-02
  1.2439E-01 -4.7501E-03 -1.7192E-01 -1.3207E-01 -9.3219E-02 -4.0153E-02
  9.3219E-02  4.0153E-02 -1.7192E-01 -1.3207E-01 -1.2439E-01  4.7501E-03
  1.4360E-02 -7.4192E-02 -6.7539E-03 -1.4935E-02 -4.1847E-02  3.1984E-02
 -2.2381E-02  7.1596E-02 -3.5942E-02  9.6993E-02 -5.6423E-02 -2.3388E-02
  1.7630E-01 -1.7455E-01 -3.3605E-01 -2.8415E-01 -1.4444E-01 -2.1097E-01
   56.000000000000000     
  1.5222E-01  2.0191E-01 -3.3460E-01 -2.8206E-01 -1.7613E-01  1.7608E-01
 -5.9081E-02 -2.2042E-02 -3.6343E-02  9.8782E-02  2.3152E-02 -7.1721E-02
 -4.3013E-02  3.1679E-02  7.3013E-03  1.5398E-02  1.2523E-02 -7.3573E-02
  1.2446E-01 -6.9171E-03 -1.6930E-01 -1.3003E-01 -1.0006E-01 -3.6384E-02
  1.0006E-01  3.6384E-02 -1.6930E-01 -1.3003E-01 -1.2446E-01  6.9171E-03
  1.2523E-02 -7.3573E-02 -7.3013E-03 -1.5398E-02 -4.3013E-02  3.1679E-02
 -2.3152E-02  7.1721E-02 -3.6343E-02  9.8782E-02 -5.9081E-02 -2.2042E-02
  1.7613E-01 -1.7608E-01 -3.3460E-01 -2.8206E-01 -1.5222E-01 -2.0191E-01
   56.500000000000000     
  1.5979E-01  1.9290E-01 -3.3304E-01 -2.7984E-01 -1.7586E-01  1.7751E-01
 -6.1732E-02 -2.0670E-02 -3.6686E-02  1.0049E-01  2.3925E-02 -7.1834E-02
 -4.4181E-02  3.1351E-02  7.8614E-03  1.5867E-02  1.0678E-02 -7.2924E-02
  1.2449E-01 -9.0509E-03 -1.6660E-01 -1.2794E-01 -1.0677E-01 -3.2698E-02
  1.0677E-01  3.2698E-02 -1.6660E-01 -1.2794E-01 -1.2449E-01  9.0509E-03
  1.0678E-02 -7.2924E-02 -7.8614E-03 -1.5867E-02 -4.4181E-02  3.1351E-02
 -2.3925E-02  7.1834E-02 -3.6686E-02  1.0049E-01 -6.1732E-02 -2.0670E-02
  1.7586E-01 -1.7751E-01 -3.3304E-01 -2.7984E-01 -1.5979E-01 -1.9290E-01
   57.000000000000000     
  1.6718E-01  1.8397E-01 -3.3137E-01 -2.7752E-01 -1.7548E-01  1.7885E-01
 -6.4374E-02 -1.9273E-02 -3.6972E-02  1.0210E-01  2.4698E-02 -7.1935E-02
 -4.5351E-02  3.1001E-02  8.4339E-03  1.6342E-02  8.8272E-03 -7.2246E-02
  1.2446E-01 -1.1151E-02 -1.6384E-01 -1.2579E-01 -1.1337E-01 -2.9098E-02
  1.1337E-01  2.9098E-02 -1.6384E-01 -1.2579E-01 -1.2446E-01  1.1151E-02
  8.8272E-03 -7.2246E-02 -8.4339E-03 -1.6342E-02 -4.5351E-02  3.1001E-02
 -2.4698E-02  7.1935E-02 -3.6972E-02  1.0210E-01 -6.4374E-02 -1.9273E-02
  1.7548E-01 -1.7885E-01 -3.3137E-01 -2.7752E-01 -1.6718E-01 -1.8397E-01
   57.500000000000000     
  1.7437E-01  1.7510E-01 -3.2960E-01 -2.7508E-01 -1.7500E-01  1.8009E-01
 -6.7002E-02 -1.7851E-02 -3.7200E-02  1.0364E-01  2.5472E-02 -7.2024E-02
 -4.6522E-02  3.0629E-02  9.0183E-03  1.6824E-02  6.9731E-03 -7.1540E-02
  1.2440E-01 -1.3216E-02 -1.6101E-01 -1.2359E-01 -1.1983E-01 -2.5585E-02
  1.1983E-01  2.5585E-02 -1.6101E-01 -1.2359E-01 -1.2440E-01  1.3216E-02
  6.9731E-03 -7.1540E-02 -9.0183E-03 -1.6824E-02 -4.6522E-02  3.0629E-02
 -2.5472E-02  7.2024E-02 -3.7200E-02  1.0364E-01 -6.7002E-02 -1.7851E-02
  1.7500E-01 -1.8009E-01 -3.2960E-01 -2.7508E-01 -1.7437E-01 -1.7510E-01
   58.000000000000000     
  1.8138E-01  1.6630E-01 -3.2774E-01 -2.7252E-01 -1.7442E-01  1.8123E-01
 -6.9616E-02 -1.6405E-02 -3.7371E-02  1.0508E-01  2.6246E-02 -7.2102E-02
 -4.7694E-02  3.0235E-02  9.6145E-03  1.7311E-02  5.1175E-03 -7.0807E-02
  1.2429E-01 -1.5246E-02 -1.5812E-01 -1.2134E-01 -1.2617E-01 -2.2158E-02
  1.2617E-01  2.2158E-02 -1.5812E-01 -1.2134E-01 -1.2429E-01  1.5246E-02
  5.1175E-03 -7.0807E-02 -9.6145E-03 -1.7311E-02 -4.7694E-02  3.0235E-02
 -2.6246E-02  7.2102E-02 -3.7371E-02  1.0508E-01 -6.9616E-02 -1.6405E-02
  1.7442E-01 -1.8123E-01 -3.2774E-01 -2.7252E-01 -1.8138E-01 -1.6630E-01
   58.500000000000000     
  1.8819E-01  1.5759E-01 -3.2578E-01 -2.6985E-01 -1.7375E-01  1.8228E-01
 -7.2213E-02 -1.4937E-02 -3.7486E-02  1.0644E-01  2.7019E-02 -7.2167E-02
 -4.8866E-02  2.9818E-02  1.0222E-02  1.7805E-02  3.2622E-03 -7.0047E-02
  1.2415E-01 -1.7240E-02 -1.5517E-01 -1.1904E-01 -1.3239E-01 -1.8819E-02
  1.3239E-01  1.8819E-02 -1.5517E-01 -1.1904E-01 -1.2415E-01  1.7240E-02
  3.2622E-03 -7.0047E-02 -1.0222E-02 -1.7805E-02 -4.8866E-02  2.9818E-02
 -2.7019E-02  7.2167E-02 -3.7486E-02  1.0644E-01 -7.2213E-02 -1.4937E-02
  1.7375E-01 -1.8228E-01 -3.2578E-01 -2.6985E-01 -1.8819E-01 -1.5759E-01
   59.000000000000000     
  1.9481E-01  1.4895E-01 -3.2372E-01 -2.6706E-01 -1.7299E-01  1.8323E-01
 -7.4789E-02 -1.3447E-02 -3.7544E-02  1.0772E-01  2.7792E-02 -7.2221E-02
 -5.0038E-02  2.9378E-02  1.0840E-02  1.8304E-02  1.4093E-03 -6.9260E-02
  1.2396E-01 -1.9199E-02 -1.5217E-01 -1.1668E-01 -1.3848E-01 -1.5567E-02
  1.3848E-01  1.5567E-02 -1.5217E-01 -1.1668E-01 -1.2396E-01  1.9199E-02
  1.4093E-03 -6.9260E-02 -1.0840E-02 -1.8304E-02 -5.0038E-02  2.9378E-02
 -2.7792E-02  7.2221E-02 -3.7544E-02  1.0772E-01 -7.4789E-02 -1.3447E-02
  1.7299E-01 -1.8323E-01 -3.2372E-01 -2.6706E-01 -1.9481E-01 -1.4895E-01
   59.500000000000000     
  2.0124E-01  1.4039E-01 -3.2157E-01 -2.6415E-01 -1.7214E-01  1.8408E-01
 -7.7344E-02 -1.1935E-02 -3.7545E-02  1.0891E-01  2.8565E-02 -7.2262E-02
 -5.1209E-02  2.8917E-02  1.1469E-02  1.8808E-02 -4.3932E-04 -6.8448E-02
  1.2374E-01 -2.1121E-02 -1.4911E-01 -1.1427E-01 -1.4444E-01 -1.2403E-02
  1.4444E-01  1.2403E-02 -1.4911E-01 -1.1427E-01 -1.2374E-01  2.1121E-02
 -4.3932E-04 -6.8448E-02 -1.1469E-02 -1.8808E-02 -5.1209E-02  2.8917E-02
 -2.8565E-02  7.2262E-02 -3.7545E-02  1.0891E-01 -7.7344E-02 -1.1935E-02
  1.7214E-01 -1.8408E-01 -3.2157E-01 -2.6415E-01 -2.0124E-01 -1.4039E-01
   60.000000000000000     
  2.0748E-01  1.3191E-01 -3.1933E-01 -2.6112E-01 -1.7121E-01  1.8483E-01
 -7.9874E-02 -1.0403E-02 -3.7491E-02  1.1001E-01  2.9337E-02 -7.2290E-02
 -5.2379E-02  2.8432E-02  1.2108E-02  1.9317E-02 -2.2817E-03 -6.7612E-02
  1.2349E-01 -2.3008E-02 -1.4599E-01 -1.1180E-01 -1.5026E-01 -9.3247E-03
  1.5026E-01  9.3247E-03 -1.4599E-01 -1.1180E-01 -1.2349E-01  2.3008E-02
 -2.2817E-03 -6.7612E-02 -1.2108E-02 -1.9317E-02 -5.2379E-02  2.8432E-02
 -2.9337E-02  7.2290E-02 -3.7491E-02  1.1001E-01 -7.9874E-02 -1.0403E-02
  1.7121E-01 -1.8483E-01 -3.1933E-01 -2.6112E-01 -2.0748E-01 -1.3191E-01
  1.0  0.0  0.5  2.5 121   1  16.00000   0.00000   3.85400
   0.0000000000000000     
  0.0000E+00  0.0000E+00  0.0000E+00  0.0000E+00 -1.0977E+00 -2.9198E+00
  0.0000E+00  0.0000E+00  0.0000E+00  0.0000E+00  0.0000E+00  0.0000E+00
  0.0000E+00  0.0000E+00 -1.7029E-01  1.4354E-01  0.0000E+00  0.0000E+00
  0.0000E+00  0.0000E+00  0.0000E+00  0.0000E+00  0.0000E+00  0.0000E+00
  0.0000E+00  0.0000E+00  0.0000E+00  0.0000E+00  0.0000E+00  0.0000E+00
 -8.7615E-01 -2.0978E+00  0.0000E+00  0.0000E+00  0.0000E+00  0.0000E+00
  0.0000E+00  0.0000E+00  0.0000E+00  0.0000E+00 -8.7615E-01 -2.0978E+00
  0.0000E+00  0.0000E+00  0.0000E+00  0.0000E+00  0.0000E+00  0.0000E+00
  0.0000E+00  0.0000E+00  0.0000E+00  0.0000E+00  0.0000E+00  0.0000E+00
  0.0000E+00  0.0000E+00 -1.7029E-01  1.4354E-01  0.0000E+00  0.0000E+00
  0.0000E+00  0.0000E+00  0.0000E+00  0.0000E+00  0.0000E+00  0.0000E+00
 -1.0977E+00 -2.9198E+00  0.0000E+00  0.0000E+00  0.0000E+00  0.0000E+00
  0.50000000000000000     
 -1.6443E-04 -1.0535E-03 -6.5236E-03  1.0150E-01 -1.0977E+00 -2.9179E+00
  7.5481E-03 -6.8641E-02 -1.0349E-04 -5.0265E-04 -1.2260E-07  1.4524E-07
  5.0825E-04  9.1224E-04 -1.7032E-01  1.4352E-01 -1.6188E-03  2.2875E-03
 -9.7494E-07 -4.9066E-06 -8.0217E-08  7.2849E-08  2.4568E-11  5.8904E-10
  3.3006E-07 -8.2780E-08 -4.7079E-05 -3.5629E-04 -2.3702E-03  4.7545E-02
 -8.7617E-01 -2.0964E+00  5.1487E-03 -7.1057E-02 -1.2062E-04 -7.3181E-04
 -1.2062E-04 -7.3181E-04 -5.1487E-03  7.1057E-02 -8.7617E-01 -2.0964E+00
  2.3702E-03 -4.7545E-02 -4.7079E-05 -3.5629E-04 -3.3006E-07  8.2780E-08
  2.4568E-11  5.8904E-10  8.0217E-08 -7.2849E-08 -9.7494E-07 -4.9066E-06
  1.6188E-03 -2.2875E-03 -1.7032E-01  1.4352E-01 -5.0825E-04 -9.1224E-04
  1.2260E-07 -1.4524E-07 -1.0349E-04 -5.0265E-04 -7.5481E-03  6.8641E-02
 -1.0977E+00 -2.9179E+00  6.5236E-03 -1.0150E-01 -1.6443E-04 -1.0535E-03
   1.0000000000000000     
 -6.5845E-04 -4.2081E-03 -1.3004E-02  2.0275E-01 -1.0977E+00 -2.9120E+00
  1.5064E-02 -1.3711E-01 -4.1427E-04 -2.0081E-03 -9.7955E-07  1.1603E-06
  1.0134E-03  1.8238E-03 -1.7038E-01  1.4349E-01 -3.2358E-03  4.5724E-03
 -3.8869E-06 -1.9680E-05 -6.4086E-07  5.8158E-07  4.0051E-10  9.4067E-09
  2.6386E-06 -6.6029E-07 -1.8854E-04 -1.4234E-03 -4.7208E-03  9.4969E-02
 -8.7622E-01 -2.0923E+00  1.0267E-02 -1.4194E-01 -4.8298E-04 -2.9232E-03
 -4.8298E-04 -2.9232E-03 -1.0267E-02  1.4194E-01 -8.7622E-01 -2.0923E+00
  4.7208E-03 -9.4969E-02 -1.8854E-04 -1.4234E-03 -2.6386E-06  6.6029E-07
  4.0051E-10  9.4067E-09  6.4086E-07 -5.8158E-07 -3.8869E-06 -1.9680E-05
  3.2358E-03 -4.5724E-03 -1.7038E-01  1.4349E-01 -1.0134E-03 -1.8238E-03
  9.7955E-07 -1.1603E-06 -4.1427E-04 -2.0081E-03 -1.5064E-02  1.3711E-01
 -1.0977E+00 -2.9120E+00  1.3004E-02 -2.0275E-01 -6.5845E-04 -4.2081E-03
   1.5000000000000000     
 -1.4843E-03 -9.4467E-03 -1.9399E-02  3.0350E-01 -1.0977E+00 -2.9023E+00
  2.2514E-02 -2.0523E-01 -9.3320E-04 -4.5086E-03 -3.2991E-06  3.9073E-06
  1.5123E-03  2.7339E-03 -1.7050E-01  1.4343E-01 -4.8490E-03  6.8519E-03
 -8.6976E-06 -4.4480E-05 -2.1580E-06  1.9561E-06  2.0900E-09  4.7471E-08
  8.8949E-06 -2.2176E-06 -4.2508E-04 -3.1960E-03 -7.0323E-03  1.4215E-01
 -8.7631E-01 -2.0855E+00  1.5326E-02 -2.1246E-01 -1.0886E-03 -6.5620E-03
 -1.0886E-03 -6.5620E-03 -1.5326E-02  2.1246E-01 -8.7631E-01 -2.0855E+00
  7.0323E-03 -1.4215E-01 -4.2508E-04 -3.1960E-03 -8.8949E-06  2.2176E-06
  2.0900E-09  4.7471E-08  2.1580E-06 -1.9561E-06 -8.6976E-06 -4.4480E-05
  4.8490E-03 -6.8519E-03 -1.7050E-01  1.4343E-01 -1.5123E-03 -2.7339E-03
  3.2991E-06 -3.9073E-06 -9.3320E-04 -4.5086E-03 -2.2514E-02  2.0523E-01
 -1.0977E+00 -2.9023E+00  1.9399E-02 -3.0350E-01 -1.4843E-03 -9.4467E-03
   2.0000000000000000     
 -2.6456E-03 -1.6741E-02 -2.5666E-02  4.0351E-01 -1.0977E+00 -2.8888E+00
  2.9868E-02 -2.7284E-01 -1.6617E-03 -7.9915E-03 -7.7972E-06  9.2324E-06
  2.0020E-03  3.6420E-03 -1.7066E-01  1.4334E-01 -6.4566E-03  9.1234E-03
 -1.5345E-05 -7.9571E-05 -5.0991E-06  4.6144E-06  6.8803E-09  1.4937E-07
  2.1049E-05 -5.2205E-06 -7.5779E-04 -5.6655E-03 -9.2858E-03  1.8897E-01
 -8.7642E-01 -2.0760E+00  2.0296E-02 -2.8246E-01 -1.9401E-03 -1.1628E-02
 -1.9401E-03 -1.1628E-02 -2.0296E-02  2.8246E-01 -8.7642E-01 -2.0760E+00
  9.2858E-03 -1.8897E-01 -7.5779E-04 -5.6655E-03 -2.1049E-05  5.2205E-06
  6.8803E-09  1.4937E-07  5.0991E-06 -4.6144E-06 -1.5345E-05 -7.9571E-05
  6.4566E-03 -9.1234E-03 -1.7066E-01  1.4334E-01 -2.0020E-03 -3.6420E-03
  7.7972E-06 -9.2324E-06 -1.6617E-03 -7.9915E-03 -2.9868E-02  2.7284E-01
 -1.0977E+00 -2.8888E+00  2.5666E-02 -4.0351E-01 -2.6456E-03 -1.6741E-02
   2.5000000000000000     
 -4.1474E-03 -2.6050E-02 -3.1765E-02  5.0254E-01 -1.0976E+00 -2.8715E+00
  3.7094E-02 -3.3976E-01 -2.6018E-03 -1.2439E-02 -1.5172E-05  1.7959E-05
  2.4794E-03  4.5471E-03 -1.7086E-01  1.4323E-01 -8.0569E-03  1.1385E-02
 -2.3745E-05 -1.2531E-04 -9.9188E-06  8.9570E-06  1.7654E-08  3.6261E-07
  4.1025E-05 -1.0107E-05 -1.1882E-03 -8.8197E-03 -1.1463E-02  2.3531E-01
 -8.7655E-01 -2.0639E+00  2.5149E-02 -3.5177E-01 -3.0409E-03 -1.8094E-02
 -3.0409E-03 -1.8094E-02 -2.5149E-02  3.5177E-01 -8.7655E-01 -2.0639E+00
  1.1463E-02 -2.3531E-01 -1.1882E-03 -8.8197E-03 -4.1025E-05  1.0107E-05
  1.7654E-08  3.6261E-07  9.9188E-06 -8.9570E-06 -2.3745E-05 -1.2531E-04
  8.0569E-03 -1.1385E-02 -1.7086E-01  1.4323E-01 -2.4794E-03 -4.5471E-03
  1.5172E-05 -1.7959E-05 -2.6018E-03 -1.2439E-02 -3.7094E-02  3.3976E-01
 -1.0976E+00 -2.8715E+00  3.1765E-02 -5.0254E-01 -4.1474E-03 -2.6050E-02
   3.0000000000000000     
 -5.9959E-03 -3.7324E-02 -3.7655E-02  6.0035E-01 -1.0976E+00 -2.8504E+00
  4.4161E-02 -4.0583E-01 -3.7560E-03 -1.7829E-02 -2.6097E-05  3.0882E-05
  2.9415E-03  5.4485E-03 -1.7111E-01  1.4311E-01 -9.6480E-03  1.3633E-02
 -3.3795E-05 -1.8216E-04 -1.7055E-05  1.5362E-05  3.8756E-08  7.4672E-07
  7.0710E-05 -1.7279E-05 -1.7183E-03 -1.2643E-02 -1.3545E-02  2.8106E-01
 -8.7670E-01 -2.0492E+00  2.9856E-02 -4.2020E-01 -4.3953E-03 -2.5923E-02
 -4.3953E-03 -2.5923E-02 -2.9856E-02  4.2020E-01 -8.7670E-01 -2.0492E+00
  1.3545E-02 -2.8106E-01 -1.7183E-03 -1.2643E-02 -7.0710E-05  1.7279E-05
  3.8756E-08  7.4672E-07  1.7055E-05 -1.5362E-05 -3.3795E-05 -1.8216E-04
  9.6480E-03 -1.3633E-02 -1.7111E-01  1.4311E-01 -2.9415E-03 -5.4485E-03
  2.6097E-05 -3.0882E-05 -3.7560E-03 -1.7829E-02 -4.4161E-02  4.0583E-01
 -1.0976E+00 -2.8504E+00  3.7655E-02 -6.0035E-01 -5.9959E-03 -3.7324E-02
   3.5000000000000000     
 -8.1985E-03 -5.0503E-02 -4.3299E-02  6.9672E-01 -1.0974E+00 -2.8258E+00
  5.1042E-02 -4.7090E-01 -5.1270E-03 -2.4135E-02 -4.1220E-05  4.8758E-05
  3.3854E-03  6.3452E-03 -1.7140E-01  1.4296E-01 -1.1228E-02  1.5866E-02
 -4.5378E-05 -2.5065E-04 -2.6926E-05  2.4180E-05  7.6453E-08  1.3721E-06
  1.1195E-04 -2.7094E-05 -2.3503E-03 -1.7117E-02 -1.5515E-02  3.2611E-01
 -8.7685E-01 -2.0320E+00  3.4392E-02 -4.8761E-01 -6.0084E-03 -3.5073E-02
 -6.0084E-03 -3.5073E-02 -3.4392E-02  4.8761E-01 -8.7685E-01 -2.0320E+00
  1.5515E-02 -3.2611E-01 -2.3503E-03 -1.7117E-02 -1.1195E-04  2.7094E-05
  7.6453E-08  1.3721E-06  2.6926E-05 -2.4180E-05 -4.5378E-05 -2.5065E-04
  1.1228E-02 -1.5866E-02 -1.7140E-01  1.4296E-01 -3.3854E-03 -6.3452E-03
  4.1220E-05 -4.8758E-05 -5.1270E-03 -2.4135E-02 -5.1042E-02  4.7090E-01
 -1.0974E+00 -2.8258E+00  4.3299E-02 -6.9672E-01 -8.1985E-03 -5.0503E-02
   4.0000000000000000     
 -1.0764E-02 -6.5516E-02 -4.8661E-02  7.9141E-01 -1.0972E+00 -2.7976E+00
  5.7708E-02 -5.3480E-01 -6.7183E-03 -3.1325E-02 -6.1152E-05  7.2306E-05
  3.8084E-03  7.2363E-03 -1.7174E-01  1.4279E-01 -1.2796E-02  1.8081E-02
 -5.8365E-05 -3.3137E-04 -3.9924E-05  3.5730E-05  1.3946E-07  2.3189E-06
  1.6653E-04 -3.9863E-05 -3.0869E-03 -2.2221E-02 -1.7357E-02  3.7034E-01
 -8.7699E-01 -2.0123E+00  3.8731E-02 -5.5383E-01 -7.8861E-03 -4.5496E-02
 -7.8861E-03 -4.5496E-02 -3.8731E-02  5.5383E-01 -8.7699E-01 -2.0123E+00
  1.7357E-02 -3.7034E-01 -3.0869E-03 -2.2221E-02 -1.6653E-04  3.9863E-05
  1.3946E-07  2.3189E-06  3.9924E-05 -3.5730E-05 -5.8365E-05 -3.3137E-04
  1.2796E-02 -1.8081E-02 -1.7174E-01  1.4279E-01 -3.8084E-03 -7.2363E-03
  6.1152E-05 -7.2306E-05 -6.7183E-03 -3.1325E-02 -5.7708E-02  5.3480E-01
 -1.0972E+00 -2.7976E+00  4.8661E-02 -7.9141E-01 -1.0764E-02 -6.5516E-02
   4.5000000000000000     
 -1.3700E-02 -8.2282E-02 -5.3708E-02  8.8423E-01 -1.0969E+00 -2.7661E+00
  6.4133E-02 -5.9740E-01 -8.5334E-03 -3.9363E-02 -8.6468E-05  1.0220E-04
  4.2076E-03  8.1207E-03 -1.7213E-01  1.4260E-01 -1.4350E-02  2.0277E-02
 -7.2623E-05 -4.2501E-04 -5.6419E-05  5.0298E-05  2.3956E-07  3.6753E-06
  2.3619E-04 -5.5840E-05 -3.9308E-03 -2.7929E-02 -1.9055E-02  4.1366E-01
 -8.7711E-01 -1.9902E+00  4.2850E-02 -6.1872E-01 -1.0035E-02 -5.7134E-02
 -1.0035E-02 -5.7134E-02 -4.2850E-02  6.1872E-01 -8.7711E-01 -1.9902E+00
  1.9055E-02 -4.1366E-01 -3.9308E-03 -2.7929E-02 -2.3619E-04  5.5840E-05
  2.3956E-07  3.6753E-06  5.6419E-05 -5.0298E-05 -7.2623E-05 -4.2501E-04
  1.4350E-02 -2.0277E-02 -1.7213E-01  1.4260E-01 -4.2076E-03 -8.1207E-03
  8.6468E-05 -1.0220E-04 -8.5334E-03 -3.9363E-02 -6.4133E-02  5.9740E-01
 -1.0969E+00 -2.7661E+00  5.3708E-02 -8.8423E-01 -1.3700E-02 -8.2282E-02
   5.0000000000000000     
 -1.7018E-02 -1.0072E-01 -5.8409E-02  9.7497E-01 -1.0966E+00 -2.7312E+00
  7.0293E-02 -6.5855E-01 -1.0576E-02 -4.8212E-02 -1.1770E-04  1.3906E-04
  4.5805E-03  8.9972E-03 -1.7255E-01  1.4239E-01 -1.5889E-02  2.2451E-02
 -8.8019E-05 -5.3227E-04 -7.6747E-05  6.8131E-05  3.9219E-07  5.5359E-06
  3.2260E-04 -7.5225E-05 -4.8852E-03 -3.4215E-02 -2.0596E-02  4.5597E-01
 -8.7720E-01 -1.9659E+00  4.6727E-02 -6.8212E-01 -1.2461E-02 -6.9925E-02
 -1.2461E-02 -6.9925E-02 -4.6727E-02  6.8212E-01 -8.7720E-01 -1.9659E+00
  2.0596E-02 -4.5597E-01 -4.8852E-03 -3.4215E-02 -3.2260E-04  7.5225E-05
  3.9219E-07  5.5359E-06  7.6747E-05 -6.8131E-05 -8.8019E-05 -5.3227E-04
  1.5889E-02 -2.2451E-02 -1.7255E-01  1.4239E-01 -4.5805E-03 -8.9972E-03
  1.1770E-04 -1.3906E-04 -1.0576E-02 -4.8212E-02 -7.0293E-02  6.5855E-01
 -1.0966E+00 -2.7312E+00  5.8409E-02 -9.7497E-01 -1.7018E-02 -1.0072E-01
   5.5000000000000000     
 -2.0728E-02 -1.2072E-01 -6.2735E-02  1.0634E+00 -1.0961E+00 -2.6932E+00
  7.6166E-02 -7.1812E-01 -1.2850E-02 -5.7827E-02 -1.5535E-04  1.8346E-04
  4.9244E-03  9.8646E-03 -1.7303E-01  1.4218E-01 -1.7411E-02  2.4602E-02
 -1.0443E-04 -6.5389E-04 -1.0122E-04  8.9439E-05  6.1719E-07  8.0005E-06
  4.2737E-04 -9.8159E-05 -5.9532E-03 -4.1050E-02 -2.1967E-02  4.9717E-01
 -8.7724E-01 -1.9393E+00  5.0343E-02 -7.4392E-01 -1.5171E-02 -8.3804E-02
 -1.5171E-02 -8.3804E-02 -5.0343E-02  7.4392E-01 -8.7724E-01 -1.9393E+00
  2.1967E-02 -4.9717E-01 -5.9532E-03 -4.1050E-02 -4.2737E-04  9.8159E-05
  6.1719E-07  8.0005E-06  1.0122E-04 -8.9439E-05 -1.0443E-04 -6.5389E-04
  1.7411E-02 -2.4602E-02 -1.7303E-01  1.4218E-01 -4.9244E-03 -9.8646E-03
  1.5535E-04 -1.8346E-04 -1.2850E-02 -5.7827E-02 -7.6166E-02  7.1812E-01
 -1.0961E+00 -2.6932E+00  6.2735E-02 -1.0634E+00 -2.0728E-02 -1.2072E-01
   6.0000000000000000     
 -2.4839E-02 -1.4219E-01 -6.6660E-02  1.1495E+00 -1.0954E+00 -2.6522E+00
  8.1732E-02 -7.7599E-01 -1.5359E-02 -6.8164E-02 -1.9985E-04  2.3594E-04
  5.2370E-03  1.0721E-02 -1.7355E-01  1.4194E-01 -1.8915E-02  2.6728E-02
 -1.2173E-04 -7.9063E-04 -1.3010E-04  1.1439E-04  9.3941E-07  1.1172E-05
  5.5202E-04 -1.2473E-04 -7.1383E-03 -4.8401E-02 -2.3156E-02  5.3718E-01
 -8.7721E-01 -1.9106E+00  5.3680E-02 -8.0397E-01 -1.8174E-02 -9.8697E-02
 -1.8174E-02 -9.8697E-02 -5.3680E-02  8.0397E-01 -8.7721E-01 -1.9106E+00
  2.3156E-02 -5.3718E-01 -7.1383E-03 -4.8401E-02 -5.5202E-04  1.2473E-04
  9.3941E-07  1.1172E-05  1.3010E-04 -1.1439E-04 -1.2173E-04 -7.9063E-04
  1.8915E-02 -2.6728E-02 -1.7355E-01  1.4194E-01 -5.2370E-03 -1.0721E-02
  1.9985E-04 -2.3594E-04 -1.5359E-02 -6.8164E-02 -8.1732E-02  7.7599E-01
 -1.0954E+00 -2.6522E+00  6.6660E-02 -1.1495E+00 -2.4839E-02 -1.4219E-01
   6.5000000000000000     
 -2.9361E-02 -1.6502E-01 -7.0164E-02  1.2329E+00 -1.0946E+00 -2.6083E+00
  8.6972E-02 -8.3204E-01 -1.8108E-02 -7.9174E-02 -2.5161E-04  2.9696E-04
  5.5160E-03  1.1566E-02 -1.7411E-01  1.4170E-01 -2.0400E-02  2.8828E-02
 -1.3984E-04 -9.4325E-04 -1.6364E-04  1.4313E-04  1.3894E-06  1.5154E-05
  6.9803E-04 -1.5496E-04 -8.4436E-03 -5.6236E-02 -2.4154E-02  5.7592E-01
 -8.7711E-01 -1.8800E+00  5.6722E-02 -8.6216E-01 -2.1474E-02 -1.1453E-01
 -2.1474E-02 -1.1453E-01 -5.6722E-02  8.6216E-01 -8.7711E-01 -1.8800E+00
  2.4154E-02 -5.7592E-01 -8.4436E-03 -5.6236E-02 -6.9803E-04  1.5496E-04
  1.3894E-06  1.5154E-05  1.6364E-04 -1.4313E-04 -1.3984E-04 -9.4325E-04
  2.0400E-02 -2.8828E-02 -1.7411E-01  1.4170E-01 -5.5160E-03 -1.1566E-02
  2.5161E-04 -2.9696E-04 -1.8108E-02 -7.9174E-02 -8.6972E-02  8.3204E-01
 -1.0946E+00 -2.6083E+00  7.0164E-02 -1.2329E+00 -2.9361E-02 -1.6502E-01
   7.0000000000000000     
 -3.4306E-02 -1.8910E-01 -7.3228E-02  1.3135E+00 -1.0936E+00 -2.5618E+00
  9.1871E-02 -8.8616E-01 -2.1100E-02 -9.0807E-02 -3.1097E-04  3.6695E-04
  5.7592E-03  1.2398E-02 -1.7471E-01  1.4145E-01 -2.1866E-02  3.0900E-02
 -1.5868E-04 -1.1125E-03 -2.0205E-04  1.7573E-04  2.0042E-06  2.0050E-05
  8.6677E-04 -1.8882E-04 -9.8725E-03 -6.4519E-02 -2.4951E-02  6.1331E-01
 -8.7690E-01 -1.8474E+00  5.9457E-02 -9.1838E-01 -2.5081E-02 -1.3122E-01
 -2.5081E-02 -1.3122E-01 -5.9457E-02  9.1838E-01 -8.7690E-01 -1.8474E+00
  2.4951E-02 -6.1331E-01 -9.8725E-03 -6.4519E-02 -8.6677E-04  1.8882E-04
  2.0042E-06  2.0050E-05  2.0205E-04 -1.7573E-04 -1.5868E-04 -1.1125E-03
  2.1866E-02 -3.0900E-02 -1.7471E-01  1.4145E-01 -5.7592E-03 -1.2398E-02
  3.1097E-04 -3.6695E-04 -2.1100E-02 -9.0807E-02 -9.1871E-02  8.8616E-01
 -1.0936E+00 -2.5618E+00  7.3228E-02 -1.3135E+00 -3.4306E-02 -1.8910E-01
   7.5000000000000000     
 -3.9681E-02 -2.1430E-01 -7.5835E-02  1.3912E+00 -1.0924E+00 -2.5128E+00
  9.6416E-02 -9.3827E-01 -2.4338E-02 -1.0301E-01 -3.7825E-04  4.4631E-04
  5.9644E-03  1.3214E-02 -1.7536E-01  1.4119E-01 -2.3310E-02  3.2944E-02
 -1.7821E-04 -1.2991E-03 -2.4549E-04  2.1227E-04  2.8276E-06  2.5962E-05
  1.0595E-03 -2.2626E-04 -1.1428E-02 -7.3214E-02 -2.5542E-02  6.4929E-01
 -8.7658E-01 -1.8131E+00  6.1872E-02 -9.7254E-01 -2.8999E-02 -1.4868E-01
 -2.8999E-02 -1.4868E-01 -6.1872E-02  9.7254E-01 -8.7658E-01 -1.8131E+00
  2.5542E-02 -6.4929E-01 -1.1428E-02 -7.3214E-02 -1.0595E-03  2.2626E-04
  2.8276E-06  2.5962E-05  2.4549E-04 -2.1227E-04 -1.7821E-04 -1.2991E-03
  2.3310E-02 -3.2944E-02 -1.7536E-01  1.4119E-01 -5.9644E-03 -1.3214E-02
  3.7825E-04 -4.4631E-04 -2.4338E-02 -1.0301E-01 -9.6416E-02  9.3827E-01
 -1.0924E+00 -2.5128E+00  7.5835E-02 -1.3912E+00 -3.9681E-02 -2.1430E-01
   8.0000000000000000     
 -4.5496E-02 -2.4052E-01 -7.7973E-02  1.4660E+00 -1.0910E+00 -2.4614E+00
  1.0059E-01 -9.8827E-01 -2.7825E-02 -1.1573E-01 -4.5369E-04  5.3536E-04
  6.1298E-03  1.4013E-02 -1.7605E-01  1.4092E-01 -2.4732E-02  3.4958E-02
 -1.9843E-04 -1.5037E-03 -2.9411E-04  2.5277E-04  3.9111E-06  3.2989E-05
  1.2776E-03 -2.6715E-04 -1.3113E-02 -8.2283E-02 -2.5921E-02  6.8379E-01
 -8.7613E-01 -1.7772E+00  6.3960E-02 -1.0245E+00 -3.3234E-02 -1.6684E-01
 -3.3234E-02 -1.6684E-01 -6.3960E-02  1.0245E+00 -8.7613E-01 -1.7772E+00
  2.5921E-02 -6.8379E-01 -1.3113E-02 -8.2283E-02 -1.2776E-03  2.6715E-04
  3.9111E-06  3.2989E-05  2.9411E-04 -2.5277E-04 -1.9843E-04 -1.5037E-03
  2.4732E-02 -3.4958E-02 -1.7605E-01  1.4092E-01 -6.1298E-03 -1.4013E-02
  4.5369E-04 -5.3536E-04 -2.7825E-02 -1.1573E-01 -1.0059E-01  9.8827E-01
 -1.0910E+00 -2.4614E+00  7.7973E-02 -1.4660E+00 -4.5496E-02 -2.4052E-01
   8.5000000000000000     
 -5.1758E-02 -2.6761E-01 -7.9636E-02  1.5376E+00 -1.0893E+00 -2.4079E+00
  1.0440E-01 -1.0361E+00 -3.1564E-02 -1.2890E-01 -5.3751E-04  6.3443E-04
  6.2535E-03  1.4793E-02 -1.7678E-01  1.4065E-01 -2.6132E-02  3.6942E-02
 -2.1939E-04 -1.7268E-03 -3.4801E-04  2.9723E-04  5.3139E-06  4.1223E-05
  1.5221E-03 -3.1137E-04 -1.4931E-02 -9.1689E-02 -2.6084E-02  7.1677E-01
 -8.7553E-01 -1.7398E+00  6.5715E-02 -1.0743E+00 -3.7793E-02 -1.8560E-01
 -3.7793E-02 -1.8560E-01 -6.5715E-02  1.0743E+00 -8.7553E-01 -1.7398E+00
  2.6084E-02 -7.1677E-01 -1.4931E-02 -9.1689E-02 -1.5221E-03  3.1137E-04
  5.3139E-06  4.1223E-05  3.4801E-04 -2.9723E-04 -2.1939E-04 -1.7268E-03
  2.6132E-02 -3.6942E-02 -1.7678E-01  1.4065E-01 -6.2535E-03 -1.4793E-02
  5.3751E-04 -6.3443E-04 -3.1564E-02 -1.2890E-01 -1.0440E-01  1.0361E+00
 -1.0893E+00 -2.4079E+00  7.9636E-02 -1.5376E+00 -5.1758E-02 -2.6761E-01
   9.0000000000000000     
 -5.8472E-02 -2.9547E-01 -8.0817E-02  1.6059E+00 -1.0873E+00 -2.3525E+00
  1.0783E-01 -1.0817E+00 -3.5558E-02 -1.4249E-01 -6.2988E-04  7.4379E-04
  6.3338E-03  1.5553E-02 -1.7755E-01  1.4037E-01 -2.7509E-02  3.8896E-02
 -2.4118E-04 -1.9692E-03 -4.0727E-04  3.4563E-04  7.1037E-06  5.0751E-05
  1.7941E-03 -3.5875E-04 -1.6884E-02 -1.0139E-01 -2.6029E-02  7.4818E-01
 -8.7476E-01 -1.7010E+00  6.7133E-02 -1.1218E+00 -4.2678E-02 -2.0487E-01
 -4.2678E-02 -2.0487E-01 -6.7133E-02  1.1218E+00 -8.7476E-01 -1.7010E+00
  2.6029E-02 -7.4818E-01 -1.6884E-02 -1.0139E-01 -1.7941E-03  3.5875E-04
  7.1037E-06  5.0751E-05  4.0727E-04 -3.4563E-04 -2.4118E-04 -1.9692E-03
  2.7509E-02 -3.8896E-02 -1.7755E-01  1.4037E-01 -6.3338E-03 -1.5553E-02
  6.2988E-04 -7.4379E-04 -3.5558E-02 -1.4249E-01 -1.0783E-01  1.0817E+00
 -1.0873E+00 -2.3525E+00  8.0817E-02 -1.6059E+00 -5.8472E-02 -2.9547E-01
   9.5000000000000000     
 -6.5645E-02 -3.2396E-01 -8.1515E-02  1.6710E+00 -1.0850E+00 -2.2953E+00
  1.1087E-01 -1.1250E+00 -3.9807E-02 -1.5642E-01 -7.3093E-04  8.6371E-04
  6.3692E-03  1.6291E-02 -1.7836E-01  1.4010E-01 -2.8863E-02  4.0817E-02
 -2.6394E-04 -2.2311E-03 -4.7193E-04  3.9793E-04  9.3568E-06  6.1654E-05
  2.0946E-03 -4.0912E-04 -1.8974E-02 -1.1135E-01 -2.5757E-02  7.7798E-01
 -8.7380E-01 -1.6610E+00  6.8212E-02 -1.1669E+00 -4.7893E-02 -2.2458E-01
 -4.7893E-02 -2.2458E-01 -6.8212E-02  1.1669E+00 -8.7380E-01 -1.6610E+00
  2.5757E-02 -7.7798E-01 -1.8974E-02 -1.1135E-01 -2.0946E-03  4.0912E-04
  9.3568E-06  6.1654E-05  4.7193E-04 -3.9793E-04 -2.6394E-04 -2.2311E-03
  2.8863E-02 -4.0817E-02 -1.7836E-01  1.4010E-01 -6.3692E-03 -1.6291E-02
  7.3093E-04 -8.6371E-04 -3.9807E-02 -1.5642E-01 -1.1087E-01  1.1250E+00
 -1.0850E+00 -2.2953E+00  8.1515E-02 -1.6710E+00 -6.5645E-02 -3.2396E-01
   10.000000000000000     
 -7.3279E-02 -3.5296E-01 -8.1731E-02  1.7327E+00 -1.0824E+00 -2.2365E+00
  1.1353E-01 -1.1659E+00 -4.4312E-02 -1.7064E-01 -8.4074E-04  9.9442E-04
  6.3580E-03  1.7004E-02 -1.7920E-01  1.3982E-01 -3.0193E-02  4.2708E-02
 -2.8788E-04 -2.5130E-03 -5.4201E-04  4.5409E-04  1.2158E-05  7.4003E-05
  2.4246E-03 -4.6230E-04 -2.1203E-02 -1.2153E-01 -2.5268E-02  8.0614E-01
 -8.7265E-01 -1.6200E+00  6.8955E-02 -1.2096E+00 -5.3441E-02 -2.4462E-01
 -5.3441E-02 -2.4462E-01 -6.8955E-02  1.2096E+00 -8.7265E-01 -1.6200E+00
  2.5268E-02 -8.0614E-01 -2.1203E-02 -1.2153E-01 -2.4246E-03  4.6230E-04
  1.2158E-05  7.4003E-05  5.4201E-04 -4.5409E-04 -2.8788E-04 -2.5130E-03
  3.0193E-02 -4.2708E-02 -1.7920E-01  1.3982E-01 -6.3580E-03 -1.7004E-02
  8.4074E-04 -9.9442E-04 -4.4312E-02 -1.7064E-01 -1.1353E-01  1.1659E+00
 -1.0824E+00 -2.2365E+00  8.1731E-02 -1.7327E+00 -7.3279E-02 -3.5296E-01
   10.500000000000000     
 -8.1374E-02 -3.8234E-01 -8.1473E-02  1.7910E+00 -1.0795E+00 -2.1764E+00
  1.1580E-01 -1.2045E+00 -4.9073E-02 -1.8509E-01 -9.5938E-04  1.1362E-03
  6.2990E-03  1.7691E-02 -1.8009E-01  1.3955E-01 -3.1499E-02  4.4566E-02
 -3.1325E-04 -2.8150E-03 -6.1750E-04  5.1403E-04  1.5601E-05  8.7861E-05
  2.7850E-03 -5.1815E-04 -2.3571E-02 -1.3189E-01 -2.4565E-02  8.3264E-01
 -8.7128E-01 -1.5779E+00  6.9364E-02 -1.2499E+00 -5.9321E-02 -2.6492E-01
 -5.9321E-02 -2.6492E-01 -6.9364E-02  1.2499E+00 -8.7128E-01 -1.5779E+00
  2.4565E-02 -8.3264E-01 -2.3571E-02 -1.3189E-01 -2.7850E-03  5.1815E-04
  1.5601E-05  8.7861E-05  6.1750E-04 -5.1403E-04 -3.1325E-04 -2.8150E-03
  3.1499E-02 -4.4566E-02 -1.8009E-01  1.3955E-01 -6.2990E-03 -1.7691E-02
  9.5938E-04 -1.1362E-03 -4.9073E-02 -1.8509E-01 -1.1580E-01  1.2045E+00
 -1.0795E+00 -2.1764E+00  8.1473E-02 -1.7910E+00 -8.1374E-02 -3.8234E-01
   11.000000000000000     
 -8.9932E-02 -4.1199E-01 -8.0747E-02  1.8458E+00 -1.0761E+00 -2.1151E+00
  1.1770E-01 -1.2407E+00 -5.4089E-02 -1.9973E-01 -1.0869E-03  1.2892E-03
  6.1909E-03  1.8350E-02 -1.8101E-01  1.3928E-01 -3.2780E-02  4.6392E-02
 -3.4038E-04 -3.1373E-03 -6.9838E-04  5.7773E-04  1.9787E-05  1.0328E-04
  3.1765E-03 -5.7652E-04 -2.6080E-02 -1.4238E-01 -2.3653E-02  8.5746E-01
 -8.6967E-01 -1.5350E+00  6.9445E-02 -1.2877E+00 -6.5533E-02 -2.8539E-01
 -6.5533E-02 -2.8539E-01 -6.9445E-02  1.2877E+00 -8.6967E-01 -1.5350E+00
  2.3653E-02 -8.5746E-01 -2.6080E-02 -1.4238E-01 -3.1765E-03  5.7652E-04
  1.9787E-05  1.0328E-04  6.9838E-04 -5.7773E-04 -3.4038E-04 -3.1373E-03
  3.2780E-02 -4.6392E-02 -1.8101E-01  1.3928E-01 -6.1909E-03 -1.8350E-02
  1.0869E-03 -1.2892E-03 -5.4089E-02 -1.9973E-01 -1.1770E-01  1.2407E+00
 -1.0761E+00 -2.1151E+00  8.0747E-02 -1.8458E+00 -8.9932E-02 -4.1199E-01
   11.500000000000000     
 -9.8948E-02 -4.4179E-01 -7.9565E-02  1.8972E+00 -1.0724E+00 -2.0528E+00
  1.1922E-01 -1.2745E+00 -5.9358E-02 -2.1450E-01 -1.2232E-03  1.4538E-03
  6.0325E-03  1.8979E-02 -1.8196E-01  1.3901E-01 -3.4037E-02  4.8186E-02
 -3.6966E-04 -3.4799E-03 -7.8459E-04  6.4512E-04  2.4828E-05  1.2031E-04
  3.6000E-03 -6.3733E-04 -2.8729E-02 -1.5298E-01 -2.2537E-02  8.8059E-01
 -8.6783E-01 -1.4915E+00  6.9206E-02 -1.3231E+00 -7.2076E-02 -3.0594E-01
 -7.2076E-02 -3.0594E-01 -6.9206E-02  1.3231E+00 -8.6783E-01 -1.4915E+00
  2.2537E-02 -8.8059E-01 -2.8729E-02 -1.5298E-01 -3.6000E-03  6.3733E-04
  2.4828E-05  1.2031E-04  7.8459E-04 -6.4512E-04 -3.6966E-04 -3.4799E-03
  3.4037E-02 -4.8186E-02 -1.8196E-01  1.3901E-01 -6.0325E-03 -1.8979E-02
  1.2232E-03 -1.4538E-03 -5.9358E-02 -2.1450E-01 -1.1922E-01  1.2745E+00
 -1.0724E+00 -2.0528E+00  7.9565E-02 -1.8972E+00 -9.8948E-02 -4.4179E-01
   12.000000000000000     
 -1.0842E-01 -4.7161E-01 -7.7943E-02  1.9451E+00 -1.0683E+00 -1.9898E+00
  1.2037E-01 -1.3058E+00 -6.4877E-02 -2.2933E-01 -1.3683E-03  1.6302E-03
  5.8226E-03  1.9576E-02 -1.8294E-01  1.3874E-01 -3.5270E-02  4.9948E-02
 -4.0155E-04 -3.8426E-03 -8.7607E-04  7.1618E-04  3.0841E-05  1.3899E-04
  4.0562E-03 -7.0051E-04 -3.1519E-02 -1.6365E-01 -2.1225E-02  9.0204E-01
 -8.6572E-01 -1.4474E+00  6.8656E-02 -1.3560E+00 -7.8944E-02 -3.2650E-01
 -7.8944E-02 -3.2650E-01 -6.8656E-02  1.3560E+00 -8.6572E-01 -1.4474E+00
  2.1225E-02 -9.0204E-01 -3.1519E-02 -1.6365E-01 -4.0562E-03  7.0051E-04
  3.0841E-05  1.3899E-04  8.7607E-04 -7.1618E-04 -4.0155E-04 -3.8426E-03
  3.5270E-02 -4.9948E-02 -1.8294E-01  1.3874E-01 -5.8226E-03 -1.9576E-02
  1.3683E-03 -1.6302E-03 -6.4877E-02 -2.2933E-01 -1.2037E-01  1.3058E+00
 -1.0683E+00 -1.9898E+00  7.7943E-02 -1.9451E+00 -1.0842E-01 -4.7161E-01
   12.500000000000000     
 -1.1833E-01 -5.0136E-01 -7.5895E-02  1.9896E+00 -1.0638E+00 -1.9262E+00
  1.2117E-01 -1.3348E+00 -7.0642E-02 -2.4419E-01 -1.5222E-03  1.8186E-03
  5.5603E-03  2.0139E-02 -1.8396E-01  1.3848E-01 -3.6477E-02  5.1677E-02
 -4.3655E-04 -4.2253E-03 -9.7274E-04  7.9091E-04  3.7952E-05  1.5934E-04
  4.5457E-03 -7.6609E-04 -3.4447E-02 -1.7435E-01 -1.9725E-02  9.2181E-01
 -8.6335E-01 -1.4029E+00  6.7808E-02 -1.3864E+00 -8.6134E-02 -3.4698E-01
 -8.6134E-02 -3.4698E-01 -6.7808E-02  1.3864E+00 -8.6335E-01 -1.4029E+00
  1.9725E-02 -9.2181E-01 -3.4447E-02 -1.7435E-01 -4.5457E-03  7.6609E-04
  3.7952E-05  1.5934E-04  9.7274E-04 -7.9091E-04 -4.3655E-04 -4.2253E-03
  3.6477E-02 -5.1677E-02 -1.8396E-01  1.3848E-01 -5.5603E-03 -2.0139E-02
  1.5222E-03 -1.8186E-03 -7.0642E-02 -2.4419E-01 -1.2117E-01  1.3348E+00
 -1.0638E+00 -1.9262E+00  7.5895E-02 -1.9896E+00 -1.1833E-01 -5.0136E-01
   13.000000000000000     
 -1.2869E-01 -5.3092E-01 -7.3443E-02  2.0306E+00 -1.0589E+00 -1.8621E+00
  1.2162E-01 -1.3614E+00 -7.6648E-02 -2.5903E-01 -1.6848E-03  2.0196E-03
  5.2446E-03  2.0668E-02 -1.8500E-01  1.3823E-01 -3.7661E-02  5.3375E-02
 -4.7525E-04 -4.6274E-03 -1.0745E-03  8.6934E-04  4.6293E-05  1.8139E-04
  5.0692E-03 -8.3414E-04 -3.7513E-02 -1.8504E-01 -1.8046E-02  9.3990E-01
 -8.6070E-01 -1.3581E+00  6.6675E-02 -1.4143E+00 -9.3638E-02 -3.6731E-01
 -9.3638E-02 -3.6731E-01 -6.6675E-02  1.4143E+00 -8.6070E-01 -1.3581E+00
  1.8046E-02 -9.3990E-01 -3.7513E-02 -1.8504E-01 -5.0692E-03  8.3414E-04
  4.6293E-05  1.8139E-04  1.0745E-03 -8.6934E-04 -4.7525E-04 -4.6274E-03
  3.7661E-02 -5.3375E-02 -1.8500E-01  1.3823E-01 -5.2446E-03 -2.0668E-02
  1.6848E-03 -2.0196E-03 -7.6648E-02 -2.5903E-01 -1.2162E-01  1.3614E+00
 -1.0589E+00 -1.8621E+00  7.3443E-02 -2.0306E+00 -1.2869E-01 -5.3092E-01
   13.500000000000000     
 -1.3946E-01 -5.6019E-01 -7.0606E-02  2.0683E+00 -1.0535E+00 -1.7978E+00
  1.2174E-01 -1.3857E+00 -8.2890E-02 -2.7379E-01 -1.8560E-03  2.2333E-03
  4.8747E-03  2.1159E-02 -1.8607E-01  1.3798E-01 -3.8819E-02  5.5039E-02
 -5.1828E-04 -5.0485E-03 -1.1813E-03  9.5153E-04  5.6001E-05  2.0516E-04
  5.6273E-03 -9.0482E-04 -4.0714E-02 -1.9570E-01 -1.6199E-02  9.5634E-01
 -8.5777E-01 -1.3132E+00  6.5270E-02 -1.4398E+00 -1.0145E-01 -3.8743E-01
 -1.0145E-01 -3.8743E-01 -6.5270E-02  1.4398E+00 -8.5777E-01 -1.3132E+00
  1.6199E-02 -9.5634E-01 -4.0714E-02 -1.9570E-01 -5.6273E-03  9.0482E-04
  5.6001E-05  2.0516E-04  1.1813E-03 -9.5153E-04 -5.1828E-04 -5.0485E-03
  3.8819E-02 -5.5039E-02 -1.8607E-01  1.3798E-01 -4.8747E-03 -2.1159E-02
  1.8560E-03 -2.2333E-03 -8.2890E-02 -2.7379E-01 -1.2174E-01  1.3857E+00
 -1.0535E+00 -1.7978E+00  7.0606E-02 -2.0683E+00 -1.3946E-01 -5.6019E-01
   14.000000000000000     
 -1.5065E-01 -5.8908E-01 -6.7409E-02  2.1025E+00 -1.0477E+00 -1.7335E+00
  1.2154E-01 -1.4076E+00 -8.9360E-02 -2.8843E-01 -2.0356E-03  2.4602E-03
  4.4496E-03  2.1612E-02 -1.8716E-01  1.3773E-01 -3.9953E-02  5.6672E-02
 -5.6633E-04 -5.4880E-03 -1.2930E-03  1.0376E-03  6.7220E-05  2.3064E-04
  6.2204E-03 -9.7838E-04 -4.4047E-02 -2.0628E-01 -1.4195E-02  9.7115E-01
 -8.5454E-01 -1.2682E+00  6.3611E-02 -1.4630E+00 -1.0955E-01 -4.0725E-01
 -1.0955E-01 -4.0725E-01 -6.3611E-02  1.4630E+00 -8.5454E-01 -1.2682E+00
  1.4195E-02 -9.7115E-01 -4.4047E-02 -2.0628E-01 -6.2204E-03  9.7838E-04
  6.7220E-05  2.3064E-04  1.2930E-03 -1.0376E-03 -5.6633E-04 -5.4880E-03
  3.9953E-02 -5.6672E-02 -1.8716E-01  1.3773E-01 -4.4496E-03 -2.1612E-02
  2.0356E-03 -2.4602E-03 -8.9360E-02 -2.8843E-01 -1.2154E-01  1.4076E+00
 -1.0477E+00 -1.7335E+00  6.7409E-02 -2.1025E+00 -1.5065E-01 -5.8908E-01
   14.500000000000000     
 -1.6224E-01 -6.1750E-01 -6.3877E-02  2.1335E+00 -1.0415E+00 -1.6693E+00
  1.2104E-01 -1.4272E+00 -9.6051E-02 -3.0292E-01 -2.2237E-03  2.7008E-03
  3.9688E-03  2.2026E-02 -1.8827E-01  1.3749E-01 -4.1062E-02  5.8271E-02
 -6.2016E-04 -5.9450E-03 -1.4094E-03  1.1277E-03  8.0097E-05  2.5786E-04
  6.8492E-03 -1.0552E-03 -4.7508E-02 -2.1677E-01 -1.2047E-02  9.8436E-01
 -8.5102E-01 -1.2233E+00  6.1714E-02 -1.4837E+00 -1.1794E-01 -4.2673E-01
 -1.1794E-01 -4.2673E-01 -6.1714E-02  1.4837E+00 -8.5102E-01 -1.2233E+00
  1.2047E-02 -9.8436E-01 -4.7508E-02 -2.1677E-01 -6.8492E-03  1.0552E-03
  8.0097E-05  2.5786E-04  1.4094E-03 -1.1277E-03 -6.2016E-04 -5.9450E-03
  4.1062E-02 -5.8271E-02 -1.8827E-01  1.3749E-01 -3.9688E-03 -2.2026E-02
  2.2237E-03 -2.7008E-03 -9.6051E-02 -3.0292E-01 -1.2104E-01  1.4272E+00
 -1.0415E+00 -1.6693E+00  6.3877E-02 -2.1335E+00 -1.6224E-01 -6.1750E-01
   15.000000000000000     
 -1.7419E-01 -6.4536E-01 -6.0035E-02  2.1613E+00 -1.0348E+00 -1.6053E+00
  1.2025E-01 -1.4446E+00 -1.0295E-01 -3.1720E-01 -2.4201E-03  2.9556E-03
  3.4314E-03  2.2399E-02 -1.8940E-01  1.3726E-01 -4.2147E-02  5.9837E-02
 -6.8053E-04 -6.4188E-03 -1.5305E-03  1.2220E-03  9.4780E-05  2.8681E-04
  7.5140E-03 -1.1356E-03 -5.1093E-02 -2.2713E-01 -9.7670E-03  9.9600E-01
 -8.4720E-01 -1.1786E+00  5.9598E-02 -1.5021E+00 -1.2660E-01 -4.4580E-01
 -1.2660E-01 -4.4580E-01 -5.9598E-02  1.5021E+00 -8.4720E-01 -1.1786E+00
  9.7670E-03 -9.9600E-01 -5.1093E-02 -2.2713E-01 -7.5140E-03  1.1356E-03
  9.4780E-05  2.8681E-04  1.5305E-03 -1.2220E-03 -6.8053E-04 -6.4188E-03
  4.2147E-02 -5.9837E-02 -1.8940E-01  1.3726E-01 -3.4314E-03 -2.2399E-02
  2.4201E-03 -2.9556E-03 -1.0295E-01 -3.1720E-01 -1.2025E-01  1.4446E+00
 -1.0348E+00 -1.6053E+00  6.0035E-02 -2.1613E+00 -1.7419E-01 -6.4536E-01
   15.500000000000000     
 -1.8651E-01 -6.7259E-01 -5.5910E-02  2.1859E+00 -1.0277E+00 -1.5418E+00
  1.1919E-01 -1.4598E+00 -1.1006E-01 -3.3125E-01 -2.6245E-03  3.2252E-03
  2.8368E-03  2.2731E-02 -1.9054E-01  1.3703E-01 -4.3207E-02  6.1370E-02
 -7.4828E-04 -6.9083E-03 -1.6562E-03  1.3207E-03  1.1142E-04  3.1750E-04
  8.2154E-03 -1.2202E-03 -5.4797E-02 -2.3733E-01 -7.3690E-03  1.0061E+00
 -8.4309E-01 -1.1343E+00  5.7280E-02 -1.5183E+00 -1.3551E-01 -4.6441E-01
 -1.3551E-01 -4.6441E-01 -5.7280E-02  1.5183E+00 -8.4309E-01 -1.1343E+00
  7.3690E-03 -1.0061E+00 -5.4797E-02 -2.3733E-01 -8.2154E-03  1.2202E-03
  1.1142E-04  3.1750E-04  1.6562E-03 -1.3207E-03 -7.4828E-04 -6.9083E-03
  4.3207E-02 -6.1370E-02 -1.9054E-01  1.3703E-01 -2.8368E-03 -2.2731E-02
  2.6245E-03 -3.2252E-03 -1.1006E-01 -3.3125E-01 -1.1919E-01  1.4598E+00
 -1.0277E+00 -1.5418E+00  5.5910E-02 -2.1859E+00 -1.8651E-01 -6.7259E-01
   16.000000000000000     
 -1.9915E-01 -6.9911E-01 -5.1530E-02  2.2074E+00 -1.0201E+00 -1.4788E+00
  1.1788E-01 -1.4729E+00 -1.1735E-01 -3.4503E-01 -2.8370E-03  3.5101E-03
  2.1845E-03  2.3020E-02 -1.9170E-01  1.3680E-01 -4.4243E-02  6.2869E-02
 -8.2427E-04 -7.4126E-03 -1.7864E-03  1.4243E-03  1.3017E-04  3.4994E-04
  8.9537E-03 -1.3096E-03 -5.8614E-02 -2.4736E-01 -4.8663E-03  1.0147E+00
 -8.3867E-01 -1.0903E+00  5.4780E-02 -1.5322E+00 -1.4466E-01 -4.8250E-01
 -1.4466E-01 -4.8250E-01 -5.4780E-02  1.5322E+00 -8.3867E-01 -1.0903E+00
  4.8663E-03 -1.0147E+00 -5.8614E-02 -2.4736E-01 -8.9537E-03  1.3096E-03
  1.3017E-04  3.4994E-04  1.7864E-03 -1.4243E-03 -8.2427E-04 -7.4126E-03
  4.4243E-02 -6.2869E-02 -1.9170E-01  1.3680E-01 -2.1845E-03 -2.3020E-02
  2.8370E-03 -3.5101E-03 -1.1735E-01 -3.4503E-01 -1.1788E-01  1.4729E+00
 -1.0201E+00 -1.4788E+00  5.1530E-02 -2.2074E+00 -1.9915E-01 -6.9911E-01
   16.500000000000000     
 -2.1210E-01 -7.2486E-01 -4.6923E-02  2.2259E+00 -1.0121E+00 -1.4166E+00
  1.1633E-01 -1.4839E+00 -1.2482E-01 -3.5851E-01 -3.0574E-03  3.8111E-03
  1.4737E-03  2.3266E-02 -1.9286E-01  1.3658E-01 -4.5255E-02  6.4334E-02
 -9.0938E-04 -7.9303E-03 -1.9209E-03  1.5331E-03  1.5119E-04  3.8413E-04
  9.7293E-03 -1.4046E-03 -6.2539E-02 -2.5719E-01 -2.2727E-03  1.0219E+00
 -8.3395E-01 -1.0468E+00  5.2118E-02 -1.5440E+00 -1.5404E-01 -5.0004E-01
 -1.5404E-01 -5.0004E-01 -5.2118E-02  1.5440E+00 -8.3395E-01 -1.0468E+00
  2.2727E-03 -1.0219E+00 -6.2539E-02 -2.5719E-01 -9.7293E-03  1.4046E-03
  1.5119E-04  3.8413E-04  1.9209E-03 -1.5331E-03 -9.0938E-04 -7.9303E-03
  4.5255E-02 -6.4334E-02 -1.9286E-01  1.3658E-01 -1.4737E-03 -2.3266E-02
  3.0574E-03 -3.8111E-03 -1.2482E-01 -3.5851E-01 -1.1633E-01  1.4839E+00
 -1.0121E+00 -1.4166E+00  4.6923E-02 -2.2259E+00 -2.1210E-01 -7.2486E-01
   17.000000000000000     
 -2.2534E-01 -7.4978E-01 -4.2117E-02  2.2415E+00 -1.0037E+00 -1.3551E+00
  1.1457E-01 -1.4930E+00 -1.3246E-01 -3.7166E-01 -3.2854E-03  4.1289E-03
  7.0408E-04  2.3469E-02 -1.9404E-01  1.3636E-01 -4.6241E-02  6.5763E-02
 -1.0045E-03 -8.4605E-03 -2.0597E-03  1.6475E-03  1.7461E-04  4.2008E-04
  1.0543E-02 -1.5061E-03 -6.6565E-02 -2.6680E-01  3.9785E-04  1.0277E+00
 -8.2895E-01 -1.0039E+00  4.9313E-02 -1.5537E+00 -1.6362E-01 -5.1697E-01
 -1.6362E-01 -5.1697E-01 -4.9313E-02  1.5537E+00 -8.2895E-01 -1.0039E+00
 -3.9785E-04 -1.0277E+00 -6.6565E-02 -2.6680E-01 -1.0543E-02  1.5061E-03
  1.7461E-04  4.2008E-04  2.0597E-03 -1.6475E-03 -1.0045E-03 -8.4605E-03
  4.6241E-02 -6.5763E-02 -1.9404E-01  1.3636E-01 -7.0408E-04 -2.3469E-02
  3.2854E-03 -4.1289E-03 -1.3246E-01 -3.7166E-01 -1.1457E-01  1.4930E+00
 -1.0037E+00 -1.3551E+00  4.2117E-02 -2.2415E+00 -2.2534E-01 -7.4978E-01
   17.500000000000000     
 -2.3882E-01 -7.7382E-01 -3.7139E-02  2.2544E+00 -9.9491E-01 -1.2946E+00
  1.1261E-01 -1.5001E+00 -1.4026E-01 -3.8446E-01 -3.5210E-03  4.4642E-03
 -1.2492E-04  2.3628E-02 -1.9522E-01  1.3614E-01 -4.7203E-02  6.7155E-02
 -1.1105E-03 -9.0018E-03 -2.2026E-03  1.7679E-03  2.0059E-04  4.5782E-04
  1.1394E-02 -1.6148E-03 -7.0685E-02 -2.7617E-01  3.1317E-03  1.0321E+00
 -8.2366E-01 -9.6165E-01  4.6383E-02 -1.5614E+00 -1.7338E-01 -5.3327E-01
 -1.7338E-01 -5.3327E-01 -4.6383E-02  1.5614E+00 -8.2366E-01 -9.6165E-01
 -3.1317E-03 -1.0321E+00 -7.0685E-02 -2.7617E-01 -1.1394E-02  1.6148E-03
  2.0059E-04  4.5782E-04  2.2026E-03 -1.7679E-03 -1.1105E-03 -9.0018E-03
  4.7203E-02 -6.7155E-02 -1.9522E-01  1.3614E-01  1.2492E-04 -2.3628E-02
  3.5210E-03 -4.4642E-03 -1.4026E-01 -3.8446E-01 -1.1261E-01  1.5001E+00
 -9.9491E-01 -1.2946E+00  3.7139E-02 -2.2544E+00 -2.3882E-01 -7.7382E-01
   18.000000000000000     
 -2.5253E-01 -7.9694E-01 -3.2017E-02  2.2645E+00 -9.8570E-01 -1.2352E+00
  1.1047E-01 -1.5053E+00 -1.4819E-01 -3.9687E-01 -3.7640E-03  4.8179E-03
 -1.0137E-03  2.3743E-02 -1.9639E-01  1.3592E-01 -4.8141E-02  6.8511E-02
 -1.2284E-03 -9.5529E-03 -2.3495E-03  1.8951E-03  2.2928E-04  4.9737E-04
  1.2283E-02 -1.7319E-03 -7.4892E-02 -2.8528E-01  5.9152E-03  1.0352E+00
 -8.1809E-01 -9.2016E-01  4.3348E-02 -1.5672E+00 -1.8330E-01 -5.4890E-01
 -1.8330E-01 -5.4890E-01 -4.3348E-02  1.5672E+00 -8.1809E-01 -9.2016E-01
 -5.9152E-03 -1.0352E+00 -7.4892E-02 -2.8528E-01 -1.2283E-02  1.7319E-03
  2.2928E-04  4.9737E-04  2.3495E-03 -1.8951E-03 -1.2284E-03 -9.5529E-03
  4.8141E-02 -6.8511E-02 -1.9639E-01  1.3592E-01  1.0137E-03 -2.3743E-02
  3.7640E-03 -4.8179E-03 -1.4819E-01 -3.9687E-01 -1.1047E-01  1.5053E+00
 -9.8570E-01 -1.2352E+00  3.2017E-02 -2.2645E+00 -2.5253E-01 -7.9694E-01
   18.500000000000000     
 -2.6644E-01 -8.1908E-01 -2.6778E-02  2.2720E+00 -9.7613E-01 -1.1769E+00
  1.0817E-01 -1.5088E+00 -1.5625E-01 -4.0889E-01 -4.0141E-03  5.1909E-03
 -1.9628E-03  2.3814E-02 -1.9757E-01  1.3570E-01 -4.9053E-02  6.9827E-02
 -1.3590E-03 -1.0113E-02 -2.5004E-03  2.0295E-03  2.6080E-04  5.3877E-04
  1.3211E-02 -1.8584E-03 -7.9177E-02 -2.9412E-01  8.7354E-03  1.0371E+00
 -8.1226E-01 -8.7948E-01  4.0227E-02 -1.5710E+00 -1.9336E-01 -5.6383E-01
 -1.9336E-01 -5.6383E-01 -4.0227E-02  1.5710E+00 -8.1226E-01 -8.7948E-01
 -8.7354E-03 -1.0371E+00 -7.9177E-02 -2.9412E-01 -1.3211E-02  1.8584E-03
  2.6080E-04  5.3877E-04  2.5004E-03 -2.0295E-03 -1.3590E-03 -1.0113E-02
  4.9053E-02 -6.9827E-02 -1.9757E-01  1.3570E-01  1.9628E-03 -2.3814E-02
  4.0141E-03 -5.1909E-03 -1.5625E-01 -4.0889E-01 -1.0817E-01  1.5088E+00
 -9.7613E-01 -1.1769E+00  2.6778E-02 -2.2720E+00 -2.6644E-01 -8.1908E-01
   19.000000000000000     
 -2.8051E-01 -8.4023E-01 -2.1445E-02  2.2771E+00 -9.6620E-01 -1.1198E+00
  1.0572E-01 -1.5105E+00 -1.6442E-01 -4.2049E-01 -4.2712E-03  5.5839E-03
 -2.9723E-03  2.3842E-02 -1.9874E-01  1.3548E-01 -4.9940E-02  7.1104E-02
 -1.5031E-03 -1.0679E-02 -2.6552E-03  2.1719E-03  2.9529E-04  5.8206E-04
  1.4178E-02 -1.9955E-03 -8.3534E-02 -3.0267E-01  1.1579E-02  1.0378E+00
 -8.0617E-01 -8.3968E-01  3.7035E-02 -1.5731E+00 -2.0355E-01 -5.7805E-01
 -2.0355E-01 -5.7805E-01 -3.7035E-02  1.5731E+00 -8.0617E-01 -8.3968E-01
 -1.1579E-02 -1.0378E+00 -8.3534E-02 -3.0267E-01 -1.4178E-02  1.9955E-03
  2.9529E-04  5.8206E-04  2.6552E-03 -2.1719E-03 -1.5031E-03 -1.0679E-02
  4.9940E-02 -7.1104E-02 -1.9874E-01  1.3548E-01  2.9723E-03 -2.3842E-02
  4.2712E-03 -5.5839E-03 -1.6442E-01 -4.2049E-01 -1.0572E-01  1.5105E+00
 -9.6620E-01 -1.1198E+00  2.1445E-02 -2.2771E+00 -2.8051E-01 -8.4023E-01
   19.500000000000000     
 -2.9471E-01 -8.6034E-01 -1.6044E-02  2.2797E+00 -9.5593E-01 -1.0640E+00
  1.0313E-01 -1.5106E+00 -1.7268E-01 -4.3166E-01 -4.5350E-03  5.9979E-03
 -4.0427E-03  2.3826E-02 -1.9991E-01  1.3526E-01 -5.0802E-02  7.2338E-02
 -1.6617E-03 -1.1252E-02 -2.8137E-03  2.3229E-03  3.3287E-04  6.2730E-04
  1.5183E-02 -2.1445E-03 -8.7952E-02 -3.1093E-01  1.4436E-02  1.0374E+00
 -7.9984E-01 -8.0081E-01  3.3791E-02 -1.5734E+00 -2.1383E-01 -5.9152E-01
 -2.1383E-01 -5.9152E-01 -3.3791E-02  1.5734E+00 -7.9984E-01 -8.0081E-01
 -1.4436E-02 -1.0374E+00 -8.7952E-02 -3.1093E-01 -1.5183E-02  2.1445E-03
  3.3287E-04  6.2730E-04  2.8137E-03 -2.3229E-03 -1.6617E-03 -1.1252E-02
  5.0802E-02 -7.2338E-02 -1.9991E-01  1.3526E-01  4.0427E-03 -2.3826E-02
  4.5350E-03 -5.9979E-03 -1.7268E-01 -4.3166E-01 -1.0313E-01  1.5106E+00
 -9.5593E-01 -1.0640E+00  1.6044E-02 -2.2797E+00 -2.9471E-01 -8.6034E-01
   20.000000000000000     
 -3.0901E-01 -8.7939E-01 -1.0597E-02  2.2801E+00 -9.4536E-01 -1.0096E+00
  1.0043E-01 -1.5092E+00 -1.8103E-01 -4.4238E-01 -4.8054E-03  6.4339E-03
 -5.1742E-03  2.3768E-02 -2.0106E-01  1.3504E-01 -5.1638E-02  7.3530E-02
 -1.8355E-03 -1.1830E-02 -2.9758E-03  2.4832E-03  3.7366E-04  6.7456E-04
  1.6227E-02 -2.3065E-03 -9.2425E-02 -3.1888E-01  1.7292E-02  1.0358E+00
 -7.9327E-01 -7.6292E-01  3.0509E-02 -1.5721E+00 -2.2418E-01 -6.0423E-01
 -2.2418E-01 -6.0423E-01 -3.0509E-02  1.5721E+00 -7.9327E-01 -7.6292E-01
 -1.7292E-02 -1.0358E+00 -9.2425E-02 -3.1888E-01 -1.6227E-02  2.3065E-03
  3.7366E-04  6.7456E-04  2.9758E-03 -2.4832E-03 -1.8355E-03 -1.1830E-02
  5.1638E-02 -7.3530E-02 -2.0106E-01  1.3504E-01  5.1742E-03 -2.3768E-02
  4.8054E-03 -6.4339E-03 -1.8103E-01 -4.4238E-01 -1.0043E-01  1.5092E+00
 -9.4536E-01 -1.0096E+00  1.0597E-02 -2.2801E+00 -3.0901E-01 -8.7939E-01
   20.500000000000000     
 -3.2337E-01 -8.9737E-01 -5.1243E-03  2.2782E+00 -9.3449E-01 -9.5666E-01
  9.7628E-02 -1.5063E+00 -1.8944E-01 -4.5265E-01 -5.0819E-03  6.8927E-03
 -6.3668E-03  2.3668E-02 -2.0220E-01  1.3481E-01 -5.2448E-02  7.4676E-02
 -2.0254E-03 -1.2411E-02 -3.1415E-03  2.6537E-03  4.1778E-04  7.2392E-04
  1.7309E-02 -2.4829E-03 -9.6943E-02 -3.2652E-01  2.0139E-02  1.0333E+00
 -7.8649E-01 -7.2604E-01  2.7205E-02 -1.5692E+00 -2.3459E-01 -6.1618E-01
 -2.3459E-01 -6.1618E-01 -2.7205E-02  1.5692E+00 -7.8649E-01 -7.2604E-01
 -2.0139E-02 -1.0333E+00 -9.6943E-02 -3.2652E-01 -1.7309E-02  2.4829E-03
  4.1778E-04  7.2392E-04  3.1415E-03 -2.6537E-03 -2.0254E-03 -1.2411E-02
  5.2448E-02 -7.4676E-02 -2.0220E-01  1.3481E-01  6.3668E-03 -2.3668E-02
  5.0819E-03 -6.8927E-03 -1.8944E-01 -4.5265E-01 -9.7628E-02  1.5063E+00
 -9.3449E-01 -9.5666E-01  5.1243E-03 -2.2782E+00 -3.2337E-01 -8.9737E-01
   21.000000000000000     
 -3.3777E-01 -9.1425E-01  3.5508E-04  2.2743E+00 -9.2337E-01 -9.0518E-01
  9.4734E-02 -1.5020E+00 -1.9790E-01 -4.6244E-01 -5.3643E-03  7.3754E-03
 -7.6208E-03  2.3527E-02 -2.0332E-01  1.3458E-01 -5.3232E-02  7.5775E-02
 -2.2319E-03 -1.2994E-02 -3.3106E-03  2.8352E-03  4.6532E-04  7.7548E-04
  1.8431E-02 -2.6751E-03 -1.0150E-01 -3.3384E-01  2.2967E-02  1.0297E+00
 -7.7951E-01 -6.9022E-01  2.3890E-02 -1.5648E+00 -2.4502E-01 -6.2734E-01
 -2.4502E-01 -6.2734E-01 -2.3890E-02  1.5648E+00 -7.7951E-01 -6.9022E-01
 -2.2967E-02 -1.0297E+00 -1.0150E-01 -3.3384E-01 -1.8431E-02  2.6751E-03
  4.6532E-04  7.7548E-04  3.3106E-03 -2.8352E-03 -2.2319E-03 -1.2994E-02
  5.3232E-02 -7.5775E-02 -2.0332E-01  1.3458E-01  7.6208E-03 -2.3527E-02
  5.3643E-03 -7.3754E-03 -1.9790E-01 -4.6244E-01 -9.4734E-02  1.5020E+00
 -9.2337E-01 -9.0518E-01 -3.5508E-04 -2.2743E+00 -3.3777E-01 -9.1425E-01
   21.500000000000000     
 -3.5218E-01 -9.3003E-01  5.8243E-03  2.2685E+00 -9.1202E-01 -8.5523E-01
  9.1760E-02 -1.4963E+00 -2.0640E-01 -4.7177E-01 -5.6523E-03  7.8826E-03
 -8.9362E-03  2.3346E-02 -2.0442E-01  1.3434E-01 -5.3989E-02  7.6824E-02
 -2.4558E-03 -1.3578E-02 -3.4830E-03  3.0284E-03  5.1637E-04  8.2934E-04
  1.9591E-02 -2.8842E-03 -1.0608E-01 -3.4083E-01  2.5766E-02  1.0253E+00
 -7.7236E-01 -6.5547E-01  2.0577E-02 -1.5590E+00 -2.5545E-01 -6.3771E-01
 -2.5545E-01 -6.3771E-01 -2.0577E-02  1.5590E+00 -7.7236E-01 -6.5547E-01
 -2.5766E-02 -1.0253E+00 -1.0608E-01 -3.4083E-01 -1.9591E-02  2.8842E-03
  5.1637E-04  8.2934E-04  3.4830E-03 -3.0284E-03 -2.4558E-03 -1.3578E-02
  5.3989E-02 -7.6824E-02 -2.0442E-01  1.3434E-01  8.9362E-03 -2.3346E-02
  5.6523E-03 -7.8826E-03 -2.0640E-01 -4.7177E-01 -9.1760E-02  1.4963E+00
 -9.1202E-01 -8.5523E-01 -5.8243E-03 -2.2685E+00 -3.5218E-01 -9.3003E-01
   22.000000000000000     
 -3.6655E-01 -9.4470E-01  1.1268E-02  2.2607E+00 -9.0046E-01 -8.0683E-01
  8.8717E-02 -1.4894E+00 -2.1491E-01 -4.8061E-01 -5.9455E-03  8.4155E-03
 -1.0313E-02  2.3126E-02 -2.0550E-01  1.3409E-01 -5.4719E-02  7.7823E-02
 -2.6977E-03 -1.4162E-02 -3.6585E-03  3.2343E-03  5.7101E-04  8.8561E-04
  2.0789E-02 -3.1118E-03 -1.1068E-01 -3.4749E-01  2.8531E-02  1.0199E+00
 -7.6503E-01 -6.2184E-01  1.7275E-02 -1.5518E+00 -2.6587E-01 -6.4728E-01
 -2.6587E-01 -6.4728E-01 -1.7275E-02  1.5518E+00 -7.6503E-01 -6.2184E-01
 -2.8531E-02 -1.0199E+00 -1.1068E-01 -3.4749E-01 -2.0789E-02  3.1118E-03
  5.7101E-04  8.8561E-04  3.6585E-03 -3.2343E-03 -2.6977E-03 -1.4162E-02
  5.4719E-02 -7.7823E-02 -2.0550E-01  1.3409E-01  1.0313E-02 -2.3126E-02
  5.9455E-03 -8.4155E-03 -2.1491E-01 -4.8061E-01 -8.8717E-02  1.4894E+00
 -9.0046E-01 -8.0683E-01 -1.1268E-02 -2.2607E+00 -3.6655E-01 -9.4470E-01
   22.500000000000000     
 -3.8087E-01 -9.5825E-01  1.6675E-02  2.2511E+00 -8.8873E-01 -7.6002E-01
  8.5612E-02 -1.4812E+00 -2.2343E-01 -4.8897E-01 -6.2434E-03  8.9747E-03
 -1.1751E-02  2.2867E-02 -2.0655E-01  1.3384E-01 -5.5421E-02  7.8768E-02
 -2.9581E-03 -1.4746E-02 -3.8370E-03  3.4535E-03  6.2933E-04  9.4443E-04
  2.2025E-02 -3.3589E-03 -1.1529E-01 -3.5381E-01  3.1253E-02  1.0138E+00
 -7.5757E-01 -5.8932E-01  1.3993E-02 -1.5432E+00 -2.7626E-01 -6.5606E-01
 -2.7626E-01 -6.5606E-01 -1.3993E-02  1.5432E+00 -7.5757E-01 -5.8932E-01
 -3.1253E-02 -1.0138E+00 -1.1529E-01 -3.5381E-01 -2.2025E-02  3.3589E-03
  6.2933E-04  9.4443E-04  3.8370E-03 -3.4535E-03 -2.9581E-03 -1.4746E-02
  5.5421E-02 -7.8768E-02 -2.0655E-01  1.3384E-01  1.1751E-02 -2.2867E-02
  6.2434E-03 -8.9747E-03 -2.2343E-01 -4.8897E-01 -8.5612E-02  1.4812E+00
 -8.8873E-01 -7.6002E-01 -1.6675E-02 -2.2511E+00 -3.8087E-01 -9.5825E-01
   23.000000000000000     
 -3.9510E-01 -9.7068E-01  2.2034E-02  2.2398E+00 -8.7686E-01 -7.1480E-01
  8.2452E-02 -1.4719E+00 -2.3193E-01 -4.9684E-01 -6.5456E-03  9.5612E-03
 -1.3249E-02  2.2572E-02 -2.0758E-01  1.3358E-01 -5.6095E-02  7.9656E-02
 -3.2374E-03 -1.5327E-02 -4.0183E-03  3.6871E-03  6.9139E-04  1.0059E-03
  2.3299E-02 -3.6270E-03 -1.1991E-01 -3.5980E-01  3.3928E-02  1.0068E+00
 -7.4997E-01 -5.5794E-01  1.0739E-02 -1.5335E+00 -2.8657E-01 -6.6403E-01
 -2.8657E-01 -6.6403E-01 -1.0739E-02  1.5335E+00 -7.4997E-01 -5.5794E-01
 -3.3928E-02 -1.0068E+00 -1.1991E-01 -3.5980E-01 -2.3299E-02  3.6270E-03
  6.9139E-04  1.0059E-03  4.0183E-03 -3.6871E-03 -3.2374E-03 -1.5327E-02
  5.6095E-02 -7.9656E-02 -2.0758E-01  1.3358E-01  1.3249E-02 -2.2572E-02
  6.5456E-03 -9.5612E-03 -2.3193E-01 -4.9684E-01 -8.2452E-02  1.4719E+00
 -8.7686E-01 -7.1480E-01 -2.2034E-02 -2.2398E+00 -3.9510E-01 -9.7068E-01
   23.500000000000000     
 -4.0921E-01 -9.8199E-01  2.7336E-02  2.2269E+00 -8.6487E-01 -6.7119E-01
  7.9242E-02 -1.4616E+00 -2.4041E-01 -5.0422E-01 -6.8516E-03  1.0176E-02
 -1.4809E-02  2.2241E-02 -2.0857E-01  1.3332E-01 -5.6741E-02  8.0487E-02
 -3.5360E-03 -1.5906E-02 -4.2021E-03  3.9357E-03  7.5725E-04  1.0702E-03
  2.4610E-02 -3.9172E-03 -1.2452E-01 -3.6545E-01  3.6551E-02  9.9916E-01
 -7.4228E-01 -5.2769E-01  7.5175E-03 -1.5225E+00 -2.9681E-01 -6.7121E-01
 -2.9681E-01 -6.7121E-01 -7.5175E-03  1.5225E+00 -7.4228E-01 -5.2769E-01
 -3.6551E-02 -9.9916E-01 -1.2452E-01 -3.6545E-01 -2.4610E-02  3.9172E-03
  7.5725E-04  1.0702E-03  4.2021E-03 -3.9357E-03 -3.5360E-03 -1.5906E-02
  5.6741E-02 -8.0487E-02 -2.0857E-01  1.3332E-01  1.4809E-02 -2.2241E-02
  6.8516E-03 -1.0176E-02 -2.4041E-01 -5.0422E-01 -7.9242E-02  1.4616E+00
 -8.6487E-01 -6.7119E-01 -2.7336E-02 -2.2269E+00 -4.0921E-01 -9.8199E-01
   24.000000000000000     
 -4.2317E-01 -9.9218E-01  3.2576E-02  2.2125E+00 -8.5280E-01 -6.2918E-01
  7.5987E-02 -1.4502E+00 -2.4886E-01 -5.1111E-01 -7.1608E-03  1.0819E-02
 -1.6428E-02  2.1876E-02 -2.0954E-01  1.3304E-01 -5.7359E-02  8.1258E-02
 -3.8543E-03 -1.6482E-02 -4.3883E-03  4.2001E-03  8.2695E-04  1.1375E-03
  2.5957E-02 -4.2307E-03 -1.2911E-01 -3.7076E-01  3.9120E-02  9.9078E-01
 -7.3449E-01 -4.9859E-01  4.3325E-03 -1.5105E+00 -3.0695E-01 -6.7759E-01
 -3.0695E-01 -6.7759E-01 -4.3325E-03  1.5105E+00 -7.3449E-01 -4.9859E-01
 -3.9120E-02 -9.9078E-01 -1.2911E-01 -3.7076E-01 -2.5957E-02  4.2307E-03
  8.2695E-04  1.1375E-03  4.3883E-03 -4.2001E-03 -3.8543E-03 -1.6482E-02
  5.7359E-02 -8.1258E-02 -2.0954E-01  1.3304E-01  1.6428E-02 -2.1876E-02
  7.1608E-03 -1.0819E-02 -2.4886E-01 -5.1111E-01 -7.5987E-02  1.4502E+00
 -8.5280E-01 -6.2918E-01 -3.2576E-02 -2.2125E+00 -4.2317E-01 -9.9218E-01
   24.500000000000000     
 -4.3696E-01 -1.0013E+00  3.7750E-02  2.1966E+00 -8.4069E-01 -5.8878E-01
  7.2688E-02 -1.4379E+00 -2.5724E-01 -5.1751E-01 -7.4727E-03  1.1491E-02
 -1.8107E-02  2.1477E-02 -2.1047E-01  1.3276E-01 -5.7947E-02  8.1966E-02
 -4.1924E-03 -1.7053E-02 -4.5765E-03  4.4811E-03  9.0055E-04  1.2080E-03
  2.7340E-02 -4.5686E-03 -1.3369E-01 -3.7573E-01  4.1632E-02  9.8176E-01
 -7.2664E-01 -4.7062E-01  1.1865E-03 -1.4974E+00 -3.1696E-01 -6.8318E-01
 -3.1696E-01 -6.8318E-01 -1.1865E-03  1.4974E+00 -7.2664E-01 -4.7062E-01
 -4.1632E-02 -9.8176E-01 -1.3369E-01 -3.7573E-01 -2.7340E-02  4.5686E-03
  9.0055E-04  1.2080E-03  4.5765E-03 -4.4811E-03 -4.1924E-03 -1.7053E-02
  5.7947E-02 -8.1966E-02 -2.1047E-01  1.3276E-01  1.8107E-02 -2.1477E-02
  7.4727E-03 -1.1491E-02 -2.5724E-01 -5.1751E-01 -7.2688E-02  1.4379E+00
 -8.4069E-01 -5.8878E-01 -3.7750E-02 -2.1966E+00 -4.3696E-01 -1.0013E+00
   25.000000000000000     
 -4.5055E-01 -1.0092E+00  4.2856E-02  2.1793E+00 -8.2855E-01 -5.4998E-01
  6.9348E-02 -1.4246E+00 -2.6556E-01 -5.2342E-01 -7.7865E-03  1.2193E-02
 -1.9845E-02  2.1046E-02 -2.1136E-01  1.3247E-01 -5.8505E-02  8.2609E-02
 -4.5504E-03 -1.7620E-02 -4.7665E-03  4.7795E-03  9.7807E-04  1.2817E-03
  2.8758E-02 -4.9319E-03 -1.3823E-01 -3.8036E-01  4.4086E-02  9.7211E-01
 -7.1874E-01 -4.4379E-01 -1.9198E-03 -1.4832E+00 -3.2684E-01 -6.8799E-01
 -3.2684E-01 -6.8799E-01  1.9198E-03  1.4832E+00 -7.1874E-01 -4.4379E-01
 -4.4086E-02 -9.7211E-01 -1.3823E-01 -3.8036E-01 -2.8758E-02  4.9319E-03
  9.7807E-04  1.2817E-03  4.7665E-03 -4.7795E-03 -4.5504E-03 -1.7620E-02
  5.8505E-02 -8.2609E-02 -2.1136E-01  1.3247E-01  1.9845E-02 -2.1046E-02
  7.7865E-03 -1.2193E-02 -2.6556E-01 -5.2342E-01 -6.9348E-02  1.4246E+00
 -8.2855E-01 -5.4998E-01 -4.2856E-02 -2.1793E+00 -4.5055E-01 -1.0092E+00
   25.500000000000000     
 -4.6392E-01 -1.0161E+00  4.7894E-02  2.1607E+00 -8.1642E-01 -5.1275E-01
  6.5964E-02 -1.4105E+00 -2.7380E-01 -5.2884E-01 -8.1015E-03  1.2926E-02
 -2.1641E-02  2.0585E-02 -2.1221E-01  1.3218E-01 -5.9035E-02  8.3185E-02
 -4.9285E-03 -1.8182E-02 -4.9579E-03  5.0958E-03  1.0596E-03  1.3588E-03
  3.0210E-02 -5.3216E-03 -1.4274E-01 -3.8465E-01  4.6483E-02  9.6189E-01
 -7.1082E-01 -4.1807E-01 -4.9869E-03 -1.4681E+00 -3.3656E-01 -6.9201E-01
 -3.3656E-01 -6.9201E-01  4.9869E-03  1.4681E+00 -7.1082E-01 -4.1807E-01
 -4.6483E-02 -9.6189E-01 -1.4274E-01 -3.8465E-01 -3.0210E-02  5.3216E-03
  1.0596E-03  1.3588E-03  4.9579E-03 -5.0958E-03 -4.9285E-03 -1.8182E-02
  5.9035E-02 -8.3185E-02 -2.1221E-01  1.3218E-01  2.1641E-02 -2.0585E-02
  8.1015E-03 -1.2926E-02 -2.7380E-01 -5.2884E-01 -6.5964E-02  1.4105E+00
 -8.1642E-01 -5.1275E-01 -4.7894E-02 -2.1607E+00 -4.6392E-01 -1.0161E+00
   26.000000000000000     
 -4.7705E-01 -1.0219E+00  5.2867E-02  2.1407E+00 -8.0433E-01 -4.7709E-01
  6.2537E-02 -1.3955E+00 -2.8196E-01 -5.3377E-01 -8.4171E-03  1.3689E-02
 -2.3495E-02  2.0094E-02 -2.1302E-01  1.3188E-01 -5.9534E-02  8.3692E-02
 -5.3266E-03 -1.8739E-02 -5.1504E-03  5.4307E-03  1.1450E-03  1.4395E-03
  3.1695E-02 -5.7384E-03 -1.4721E-01 -3.8861E-01  4.8824E-02  9.5111E-01
 -7.0289E-01 -3.9346E-01 -8.0166E-03 -1.4520E+00 -3.4611E-01 -6.9525E-01
 -3.4611E-01 -6.9525E-01  8.0166E-03  1.4520E+00 -7.0289E-01 -3.9346E-01
 -4.8824E-02 -9.5111E-01 -1.4721E-01 -3.8861E-01 -3.1695E-02  5.7384E-03
  1.1450E-03  1.4395E-03  5.1504E-03 -5.4307E-03 -5.3266E-03 -1.8739E-02
  5.9534E-02 -8.3692E-02 -2.1302E-01  1.3188E-01  2.3495E-02 -2.0094E-02
  8.4171E-03 -1.3689E-02 -2.8196E-01 -5.3377E-01 -6.2537E-02  1.3955E+00
 -8.0433E-01 -4.7709E-01 -5.2867E-02 -2.1407E+00 -4.7705E-01 -1.0219E+00
   26.500000000000000     
 -4.8990E-01 -1.0266E+00  5.7778E-02  2.1196E+00 -7.9232E-01 -4.4296E-01
  5.9063E-02 -1.3798E+00 -2.9000E-01 -5.3822E-01 -8.7323E-03  1.4483E-02
 -2.5405E-02  1.9575E-02 -2.1379E-01  1.3157E-01 -6.0003E-02  8.4128E-02
 -5.7447E-03 -1.9290E-02 -5.3435E-03  5.7848E-03  1.2346E-03  1.5239E-03
  3.3213E-02 -6.1832E-03 -1.5162E-01 -3.9224E-01  5.1111E-02  9.3981E-01
 -6.9497E-01 -3.6993E-01 -1.1012E-02 -1.4351E+00 -3.5547E-01 -6.9773E-01
 -3.5547E-01 -6.9773E-01  1.1012E-02  1.4351E+00 -6.9497E-01 -3.6993E-01
 -5.1111E-02 -9.3981E-01 -1.5162E-01 -3.9224E-01 -3.3213E-02  6.1832E-03
  1.2346E-03  1.5239E-03  5.3435E-03 -5.7848E-03 -5.7447E-03 -1.9290E-02
  6.0003E-02 -8.4128E-02 -2.1379E-01  1.3157E-01  2.5405E-02 -1.9575E-02
  8.7323E-03 -1.4483E-02 -2.9000E-01 -5.3822E-01 -5.9063E-02  1.3798E+00
 -7.9232E-01 -4.4296E-01 -5.7778E-02 -2.1196E+00 -4.8990E-01 -1.0266E+00
   27.000000000000000     
 -5.0248E-01 -1.0302E+00  6.2633E-02  2.0973E+00 -7.8040E-01 -4.1035E-01
  5.5539E-02 -1.3633E+00 -2.9794E-01 -5.4219E-01 -9.0464E-03  1.5309E-02
 -2.7369E-02  1.9028E-02 -2.1451E-01  1.3125E-01 -6.0442E-02  8.4491E-02
 -6.1826E-03 -1.9835E-02 -5.5368E-03  6.1584E-03  1.3281E-03  1.6123E-03
  3.4761E-02 -6.6565E-03 -1.5599E-01 -3.9553E-01  5.3346E-02  9.2802E-01
 -6.8708E-01 -3.4748E-01 -1.3978E-02 -1.4173E+00 -3.6463E-01 -6.9945E-01
 -3.6463E-01 -6.9945E-01  1.3978E-02  1.4173E+00 -6.8708E-01 -3.4748E-01
 -5.3346E-02 -9.2802E-01 -1.5599E-01 -3.9553E-01 -3.4761E-02  6.6565E-03
  1.3281E-03  1.6123E-03  5.5368E-03 -6.1584E-03 -6.1826E-03 -1.9835E-02
  6.0442E-02 -8.4491E-02 -2.1451E-01  1.3125E-01  2.7369E-02 -1.9028E-02
  9.0464E-03 -1.5309E-02 -2.9794E-01 -5.4219E-01 -5.5539E-02  1.3633E+00
 -7.8040E-01 -4.1035E-01 -6.2633E-02 -2.0973E+00 -5.0248E-01 -1.0302E+00
   27.500000000000000     
 -5.1475E-01 -1.0328E+00  6.7438E-02  2.0739E+00 -7.6861E-01 -3.7922E-01
  5.1959E-02 -1.3460E+00 -3.0575E-01 -5.4569E-01 -9.3583E-03  1.6165E-02
 -2.9388E-02  1.8456E-02 -2.1519E-01  1.3093E-01 -6.0850E-02  8.4780E-02
 -6.6401E-03 -2.0373E-02 -5.7298E-03  6.5521E-03  1.4257E-03  1.7045E-03
  3.6339E-02 -7.1591E-03 -1.6029E-01 -3.9850E-01  5.5534E-02  9.1576E-01
 -6.7923E-01 -3.2607E-01 -1.6919E-02 -1.3987E+00 -3.7357E-01 -7.0041E-01
 -3.7357E-01 -7.0041E-01  1.6919E-02  1.3987E+00 -6.7923E-01 -3.2607E-01
 -5.5534E-02 -9.1576E-01 -1.6029E-01 -3.9850E-01 -3.6339E-02  7.1591E-03
  1.4257E-03  1.7045E-03  5.7298E-03 -6.5521E-03 -6.6401E-03 -2.0373E-02
  6.0850E-02 -8.4780E-02 -2.1519E-01  1.3093E-01  2.9388E-02 -1.8456E-02
  9.3583E-03 -1.6165E-02 -3.0575E-01 -5.4569E-01 -5.1959E-02  1.3460E+00
 -7.6861E-01 -3.7922E-01 -6.7438E-02 -2.0739E+00 -5.1475E-01 -1.0328E+00
   28.000000000000000     
 -5.2670E-01 -1.0343E+00  7.2201E-02  2.0494E+00 -7.5696E-01 -3.4954E-01
  4.8318E-02 -1.3281E+00 -3.1343E-01 -5.4871E-01 -9.6673E-03  1.7054E-02
 -3.1460E-02  1.7858E-02 -2.1582E-01  1.3061E-01 -6.1229E-02  8.4993E-02
 -7.1170E-03 -2.0905E-02 -5.9220E-03  6.9661E-03  1.5274E-03  1.8009E-03
  3.7945E-02 -7.6913E-03 -1.6453E-01 -4.0113E-01  5.7678E-02  9.0305E-01
 -6.7145E-01 -3.0568E-01 -1.9841E-02 -1.3793E+00 -3.8229E-01 -7.0064E-01
 -3.8229E-01 -7.0064E-01  1.9841E-02  1.3793E+00 -6.7145E-01 -3.0568E-01
 -5.7678E-02 -9.0305E-01 -1.6453E-01 -4.0113E-01 -3.7945E-02  7.6913E-03
  1.5274E-03  1.8009E-03  5.9220E-03 -6.9661E-03 -7.1170E-03 -2.0905E-02
  6.1229E-02 -8.4993E-02 -2.1582E-01  1.3061E-01  3.1460E-02 -1.7858E-02
  9.6673E-03 -1.7054E-02 -3.1343E-01 -5.4871E-01 -4.8318E-02  1.3281E+00
 -7.5696E-01 -3.4954E-01 -7.2201E-02 -2.0494E+00 -5.2670E-01 -1.0343E+00
   28.500000000000000     
 -5.3832E-01 -1.0348E+00  7.6931E-02  2.0239E+00 -7.4549E-01 -3.2127E-01
  4.4611E-02 -1.3096E+00 -3.2097E-01 -5.5126E-01 -9.9722E-03  1.7974E-02
 -3.3582E-02  1.7237E-02 -2.1640E-01  1.3028E-01 -6.1577E-02  8.5129E-02
 -7.6128E-03 -2.1431E-02 -6.1128E-03  7.4008E-03  1.6332E-03  1.9014E-03
  3.9577E-02 -8.2536E-03 -1.6869E-01 -4.0345E-01  5.9784E-02  8.8991E-01
 -6.6375E-01 -2.8628E-01 -2.2752E-02 -1.3592E+00 -3.9077E-01 -7.0013E-01
 -3.9077E-01 -7.0013E-01  2.2752E-02  1.3592E+00 -6.6375E-01 -2.8628E-01
 -5.9784E-02 -8.8991E-01 -1.6869E-01 -4.0345E-01 -3.9577E-02  8.2536E-03
  1.6332E-03  1.9014E-03  6.1128E-03 -7.4008E-03 -7.6128E-03 -2.1431E-02
  6.1577E-02 -8.5129E-02 -2.1640E-01  1.3028E-01  3.3582E-02 -1.7237E-02
  9.9722E-03 -1.7974E-02 -3.2097E-01 -5.5126E-01 -4.4611E-02  1.3096E+00
 -7.4549E-01 -3.2127E-01 -7.6931E-02 -2.0239E+00 -5.3832E-01 -1.0348E+00
   29.000000000000000     
 -5.4959E-01 -1.0342E+00  8.1637E-02  1.9973E+00 -7.3422E-01 -2.9437E-01
  4.0830E-02 -1.2904E+00 -3.2836E-01 -5.5335E-01 -1.0272E-02  1.8925E-02
 -3.5754E-02  1.6592E-02 -2.1693E-01  1.2995E-01 -6.1896E-02  8.5187E-02
 -8.1273E-03 -2.1950E-02 -6.3016E-03  7.8564E-03  1.7432E-03  2.0062E-03
  4.1235E-02 -8.8463E-03 -1.7279E-01 -4.0545E-01  6.1857E-02  8.7637E-01
 -6.5615E-01 -2.6786E-01 -2.5659E-02 -1.3383E+00 -3.9901E-01 -6.9890E-01
 -3.9901E-01 -6.9890E-01  2.5659E-02  1.3383E+00 -6.5615E-01 -2.6786E-01
 -6.1857E-02 -8.7637E-01 -1.7279E-01 -4.0545E-01 -4.1235E-02  8.8463E-03
  1.7432E-03  2.0062E-03  6.3016E-03 -7.8564E-03 -8.1273E-03 -2.1950E-02
  6.1896E-02 -8.5187E-02 -2.1693E-01  1.2995E-01  3.5754E-02 -1.6592E-02
  1.0272E-02 -1.8925E-02 -3.2836E-01 -5.5335E-01 -4.0830E-02  1.2904E+00
 -7.3422E-01 -2.9437E-01 -8.1637E-02 -1.9973E+00 -5.4959E-01 -1.0342E+00
   29.500000000000000     
 -5.6051E-01 -1.0327E+00  8.6331E-02  1.9698E+00 -7.2317E-01 -2.6882E-01
  3.6969E-02 -1.2706E+00 -3.3559E-01 -5.5498E-01 -1.0566E-02  1.9907E-02
 -3.7973E-02  1.5926E-02 -2.1741E-01  1.2961E-01 -6.2184E-02  8.5166E-02
 -8.6601E-03 -2.2462E-02 -6.4878E-03  8.3329E-03  1.8573E-03  2.1153E-03
  4.2917E-02 -9.4695E-03 -1.7680E-01 -4.0713E-01  6.3903E-02  8.6244E-01
 -6.4865E-01 -2.5038E-01 -2.8569E-02 -1.3167E+00 -4.0699E-01 -6.9696E-01
 -4.0699E-01 -6.9696E-01  2.8569E-02  1.3167E+00 -6.4865E-01 -2.5038E-01
 -6.3903E-02 -8.6244E-01 -1.7680E-01 -4.0713E-01 -4.2917E-02  9.4695E-03
  1.8573E-03  2.1153E-03  6.4878E-03 -8.3329E-03 -8.6601E-03 -2.2462E-02
  6.2184E-02 -8.5166E-02 -2.1741E-01  1.2961E-01  3.7973E-02 -1.5926E-02
  1.0566E-02 -1.9907E-02 -3.3559E-01 -5.5498E-01 -3.6969E-02  1.2706E+00
 -7.2317E-01 -2.6882E-01 -8.6331E-02 -1.9698E+00 -5.6051E-01 -1.0327E+00
   30.000000000000000     
 -5.7105E-01 -1.0301E+00  9.1021E-02  1.9414E+00 -7.1237E-01 -2.4457E-01
  3.3020E-02 -1.2502E+00 -3.4266E-01 -5.5615E-01 -1.0853E-02  2.0921E-02
 -4.0239E-02  1.5238E-02 -2.1784E-01  1.2927E-01 -6.2444E-02  8.5065E-02
 -9.2107E-03 -2.2966E-02 -6.6706E-03  8.8304E-03  1.9756E-03  2.2287E-03
  4.4620E-02 -1.0123E-02 -1.8074E-01 -4.0849E-01  6.5928E-02  8.4813E-01
 -6.4128E-01 -2.3381E-01 -3.1491E-02 -1.2945E+00 -4.1470E-01 -6.9432E-01
 -4.1470E-01 -6.9432E-01  3.1491E-02  1.2945E+00 -6.4128E-01 -2.3381E-01
 -6.5928E-02 -8.4813E-01 -1.8074E-01 -4.0849E-01 -4.4620E-02  1.0123E-02
  1.9756E-03  2.2287E-03  6.6706E-03 -8.8304E-03 -9.2107E-03 -2.2966E-02
  6.2444E-02 -8.5065E-02 -2.1784E-01  1.2927E-01  4.0239E-02 -1.5238E-02
  1.0853E-02 -2.0921E-02 -3.4266E-01 -5.5615E-01 -3.3020E-02  1.2502E+00
 -7.1237E-01 -2.4457E-01 -9.1021E-02 -1.9414E+00 -5.7105E-01 -1.0301E+00
   30.500000000000000     
 -5.8122E-01 -1.0266E+00  9.5720E-02  1.9120E+00 -7.0181E-01 -2.2158E-01
  2.8976E-02 -1.2292E+00 -3.4956E-01 -5.5687E-01 -1.1131E-02  2.1965E-02
 -4.2549E-02  1.4530E-02 -2.1821E-01  1.2893E-01 -6.2675E-02  8.4884E-02
 -9.7787E-03 -2.3464E-02 -6.8496E-03  9.3489E-03  2.0982E-03  2.3464E-03
  4.6344E-02 -1.0808E-02 -1.8459E-01 -4.0955E-01  6.7938E-02  8.3346E-01
 -6.3403E-01 -2.1813E-01 -3.4433E-02 -1.2715E+00 -4.2215E-01 -6.9099E-01
 -4.2215E-01 -6.9099E-01  3.4433E-02  1.2715E+00 -6.3403E-01 -2.1813E-01
 -6.7938E-02 -8.3346E-01 -1.8459E-01 -4.0955E-01 -4.6344E-02  1.0808E-02
  2.0982E-03  2.3464E-03  6.8496E-03 -9.3489E-03 -9.7787E-03 -2.3464E-02
  6.2675E-02 -8.4884E-02 -2.1821E-01  1.2893E-01  4.2549E-02 -1.4530E-02
  1.1131E-02 -2.1965E-02 -3.4956E-01 -5.5687E-01 -2.8976E-02  1.2292E+00
 -7.0181E-01 -2.2158E-01 -9.5720E-02 -1.9120E+00 -5.8122E-01 -1.0266E+00
   31.000000000000000     
 -5.9100E-01 -1.0221E+00  1.0044E-01  1.8818E+00 -6.9154E-01 -1.9982E-01
  2.4830E-02 -1.2077E+00 -3.5628E-01 -5.5715E-01 -1.1400E-02  2.3039E-02
 -4.4901E-02  1.3802E-02 -2.1852E-01  1.2859E-01 -6.2878E-02  8.4622E-02
 -1.0364E-02 -2.3953E-02 -7.0237E-03  9.8883E-03  2.2251E-03  2.4684E-03
  4.8086E-02 -1.1524E-02 -1.8836E-01 -4.1030E-01  6.9940E-02  8.1845E-01
 -6.2694E-01 -2.0331E-01 -3.7404E-02 -1.2480E+00 -4.2933E-01 -6.8698E-01
 -4.2933E-01 -6.8698E-01  3.7404E-02  1.2480E+00 -6.2694E-01 -2.0331E-01
 -6.9940E-02 -8.1845E-01 -1.8836E-01 -4.1030E-01 -4.8086E-02  1.1524E-02
  2.2251E-03  2.4684E-03  7.0237E-03 -9.8883E-03 -1.0364E-02 -2.3953E-02
  6.2878E-02 -8.4622E-02 -2.1852E-01  1.2859E-01  4.4901E-02 -1.3802E-02
  1.1400E-02 -2.3039E-02 -3.5628E-01 -5.5715E-01 -2.4830E-02  1.2077E+00
 -6.9154E-01 -1.9982E-01 -1.0044E-01 -1.8818E+00 -5.9100E-01 -1.0221E+00
   31.500000000000000     
 -6.0039E-01 -1.0167E+00  1.0518E-01  1.8507E+00 -6.8155E-01 -1.7923E-01
  2.0576E-02 -1.1857E+00 -3.6282E-01 -5.5699E-01 -1.1659E-02  2.4144E-02
 -4.7293E-02  1.3055E-02 -2.1878E-01  1.2825E-01 -6.3053E-02  8.4280E-02
 -1.0965E-02 -2.4435E-02 -7.1925E-03  1.0448E-02  2.3562E-03  2.5946E-03
  4.9845E-02 -1.2271E-02 -1.9203E-01 -4.1075E-01  7.1940E-02  8.0311E-01
 -6.1999E-01 -1.8931E-01 -4.0410E-02 -1.2238E+00 -4.3622E-01 -6.8231E-01
 -4.3622E-01 -6.8231E-01  4.0410E-02  1.2238E+00 -6.1999E-01 -1.8931E-01
 -7.1940E-02 -8.0311E-01 -1.9203E-01 -4.1075E-01 -4.9845E-02  1.2271E-02
  2.3562E-03  2.5946E-03  7.1925E-03 -1.0448E-02 -1.0965E-02 -2.4435E-02
  6.3053E-02 -8.4280E-02 -2.1878E-01  1.2825E-01  4.7293E-02 -1.3055E-02
  1.1659E-02 -2.4144E-02 -3.6282E-01 -5.5699E-01 -2.0576E-02  1.1857E+00
 -6.8155E-01 -1.7923E-01 -1.0518E-01 -1.8507E+00 -6.0039E-01 -1.0167E+00
   32.000000000000000     
 -6.0938E-01 -1.0103E+00  1.0997E-01  1.8188E+00 -6.7186E-01 -1.5980E-01
  1.6205E-02 -1.1631E+00 -3.6918E-01 -5.5640E-01 -1.1906E-02  2.5278E-02
 -4.9723E-02  1.2290E-02 -2.1898E-01  1.2791E-01 -6.3201E-02  8.3857E-02
 -1.1582E-02 -2.4909E-02 -7.3550E-03  1.1029E-02  2.4918E-03  2.7249E-03
  5.1619E-02 -1.3048E-02 -1.9562E-01 -4.1091E-01  7.3943E-02  7.8744E-01
 -6.1321E-01 -1.7612E-01 -4.3461E-02 -1.1990E+00 -4.4282E-01 -6.7699E-01
 -4.4282E-01 -6.7699E-01  4.3461E-02  1.1990E+00 -6.1321E-01 -1.7612E-01
 -7.3943E-02 -7.8744E-01 -1.9562E-01 -4.1091E-01 -5.1619E-02  1.3048E-02
  2.4918E-03  2.7249E-03  7.3550E-03 -1.1029E-02 -1.1582E-02 -2.4909E-02
  6.3201E-02 -8.3857E-02 -2.1898E-01  1.2791E-01  4.9723E-02 -1.2290E-02
  1.1906E-02 -2.5278E-02 -3.6918E-01 -5.5640E-01 -1.6205E-02  1.1631E+00
 -6.7186E-01 -1.5980E-01 -1.0997E-01 -1.8188E+00 -6.0938E-01 -1.0103E+00
   32.500000000000000     
 -6.1796E-01 -1.0030E+00  1.1480E-01  1.7860E+00 -6.6249E-01 -1.4147E-01
  1.1714E-02 -1.1401E+00 -3.7534E-01 -5.5539E-01 -1.2141E-02  2.6442E-02
 -5.2189E-02  1.1507E-02 -2.1912E-01  1.2756E-01 -6.3323E-02  8.3353E-02
 -1.2215E-02 -2.5373E-02 -7.5104E-03  1.1630E-02  2.6318E-03  2.8592E-03
  5.3406E-02 -1.3857E-02 -1.9911E-01 -4.1077E-01  7.5956E-02  7.7147E-01
 -6.0659E-01 -1.6370E-01 -4.6563E-02 -1.1736E+00 -4.4914E-01 -6.7103E-01
 -4.4914E-01 -6.7103E-01  4.6563E-02  1.1736E+00 -6.0659E-01 -1.6370E-01
 -7.5956E-02 -7.7147E-01 -1.9911E-01 -4.1077E-01 -5.3406E-02  1.3857E-02
  2.6318E-03  2.8592E-03  7.5104E-03 -1.1630E-02 -1.2215E-02 -2.5373E-02
  6.3323E-02 -8.3353E-02 -2.1912E-01  1.2756E-01  5.2189E-02 -1.1507E-02
  1.2141E-02 -2.6442E-02 -3.7534E-01 -5.5539E-01 -1.1714E-02  1.1401E+00
 -6.6249E-01 -1.4147E-01 -1.1480E-01 -1.7860E+00 -6.1796E-01 -1.0030E+00
   33.000000000000000     
 -6.2614E-01 -9.9484E-01  1.1969E-01  1.7525E+00 -6.5344E-01 -1.2421E-01
  7.0950E-03 -1.1166E+00 -3.8132E-01 -5.5395E-01 -1.2361E-02  2.7634E-02
 -5.4688E-02  1.0708E-02 -2.1920E-01  1.2721E-01 -6.3420E-02  8.2770E-02
 -1.2863E-02 -2.5829E-02 -7.6581E-03  1.2251E-02  2.7763E-03  2.9974E-03
  5.5204E-02 -1.4696E-02 -2.0251E-01 -4.1034E-01  7.7985E-02  7.5520E-01
 -6.0014E-01 -1.5202E-01 -4.9723E-02 -1.1477E+00 -4.5517E-01 -6.6444E-01
 -4.5517E-01 -6.6444E-01  4.9723E-02  1.1477E+00 -6.0014E-01 -1.5202E-01
 -7.7985E-02 -7.5520E-01 -2.0251E-01 -4.1034E-01 -5.5204E-02  1.4696E-02
  2.7763E-03  2.9974E-03  7.6581E-03 -1.2251E-02 -1.2863E-02 -2.5829E-02
  6.3420E-02 -8.2770E-02 -2.1920E-01  1.2721E-01  5.4688E-02 -1.0708E-02
  1.2361E-02 -2.7634E-02 -3.8132E-01 -5.5395E-01 -7.0950E-03  1.1166E+00
 -6.5344E-01 -1.2421E-01 -1.1969E-01 -1.7525E+00 -6.2614E-01 -9.9484E-01
   33.500000000000000     
 -6.3391E-01 -9.8580E-01  1.2464E-01  1.7183E+00 -6.4472E-01 -1.0798E-01
  2.3447E-03 -1.0926E+00 -3.8709E-01 -5.5210E-01 -1.2567E-02  2.8855E-02
 -5.7219E-02  9.8932E-03 -2.1922E-01  1.2687E-01 -6.3492E-02  8.2108E-02
 -1.3525E-02 -2.6274E-02 -7.7972E-03  1.2892E-02  2.9254E-03  3.1393E-03
  5.7012E-02 -1.5566E-02 -2.0582E-01 -4.0963E-01  8.0034E-02  7.3865E-01
 -5.9388E-01 -1.4107E-01 -5.2947E-02 -1.1212E+00 -4.6090E-01 -6.5725E-01
 -4.6090E-01 -6.5725E-01  5.2947E-02  1.1212E+00 -5.9388E-01 -1.4107E-01
 -8.0034E-02 -7.3865E-01 -2.0582E-01 -4.0963E-01 -5.7012E-02  1.5566E-02
  2.9254E-03  3.1393E-03  7.7972E-03 -1.2892E-02 -1.3525E-02 -2.6274E-02
  6.3492E-02 -8.2108E-02 -2.1922E-01  1.2687E-01  5.7219E-02 -9.8932E-03
  1.2567E-02 -2.8855E-02 -3.8709E-01 -5.5210E-01 -2.3447E-03  1.0926E+00
 -6.4472E-01 -1.0798E-01 -1.2464E-01 -1.7183E+00 -6.3391E-01 -9.8580E-01
   34.000000000000000     
 -6.4126E-01 -9.7591E-01  1.2966E-01  1.6833E+00 -6.3634E-01 -9.2752E-02
 -2.5411E-03 -1.0682E+00 -3.9266E-01 -5.4986E-01 -1.2757E-02  3.0103E-02
 -5.9779E-02  9.0629E-03 -2.1918E-01  1.2652E-01 -6.3540E-02  8.1368E-02
 -1.4202E-02 -2.6708E-02 -7.9268E-03  1.3552E-02  3.0791E-03  3.2847E-03
  5.8826E-02 -1.6466E-02 -2.0902E-01 -4.0864E-01  8.2108E-02  7.2182E-01
 -5.8779E-01 -1.3081E-01 -5.6241E-02 -1.0942E+00 -4.6633E-01 -6.4947E-01
 -4.6633E-01 -6.4947E-01  5.6241E-02  1.0942E+00 -5.8779E-01 -1.3081E-01
 -8.2108E-02 -7.2182E-01 -2.0902E-01 -4.0864E-01 -5.8826E-02  1.6466E-02
  3.0791E-03  3.2847E-03  7.9268E-03 -1.3552E-02 -1.4202E-02 -2.6708E-02
  6.3540E-02 -8.1368E-02 -2.1918E-01  1.2652E-01  5.9779E-02 -9.0629E-03
  1.2757E-02 -3.0103E-02 -3.9266E-01 -5.4986E-01  2.5411E-03  1.0682E+00
 -6.3634E-01 -9.2752E-02 -1.2966E-01 -1.6833E+00 -6.4126E-01 -9.7591E-01
   34.500000000000000     
 -6.4819E-01 -9.6520E-01  1.3476E-01  1.6476E+00 -6.2830E-01 -7.8489E-02
 -7.5656E-03 -1.0434E+00 -3.9803E-01 -5.4721E-01 -1.2931E-02  3.1379E-02
 -6.2366E-02  8.2181E-03 -2.1908E-01  1.2617E-01 -6.3565E-02  8.0550E-02
 -1.4892E-02 -2.7130E-02 -8.0463E-03  1.4231E-02  3.2376E-03  3.4333E-03
  6.0647E-02 -1.7398E-02 -2.1214E-01 -4.0738E-01  8.4211E-02  7.0474E-01
 -5.8189E-01 -1.2122E-01 -5.9609E-02 -1.0667E+00 -4.7146E-01 -6.4111E-01
 -4.7146E-01 -6.4111E-01  5.9609E-02  1.0667E+00 -5.8189E-01 -1.2122E-01
 -8.4211E-02 -7.0474E-01 -2.1214E-01 -4.0738E-01 -6.0647E-02  1.7398E-02
  3.2376E-03  3.4333E-03  8.0463E-03 -1.4231E-02 -1.4892E-02 -2.7130E-02
  6.3565E-02 -8.0550E-02 -2.1908E-01  1.2617E-01  6.2366E-02 -8.2181E-03
  1.2931E-02 -3.1379E-02 -3.9803E-01 -5.4721E-01  7.5656E-03  1.0434E+00
 -6.2830E-01 -7.8489E-02 -1.3476E-01 -1.6476E+00 -6.4819E-01 -9.6520E-01
   35.000000000000000     
 -6.5470E-01 -9.5369E-01  1.3994E-01  1.6113E+00 -6.2060E-01 -6.5158E-02
 -1.2731E-02 -1.0181E+00 -4.0319E-01 -5.4418E-01 -1.3086E-02  3.2682E-02
 -6.4978E-02  7.3598E-03 -2.1891E-01  1.2582E-01 -6.3569E-02  7.9656E-02
 -1.5596E-02 -2.7540E-02 -8.1548E-03  1.4929E-02  3.4008E-03  3.5850E-03
  6.2471E-02 -1.8359E-02 -2.1515E-01 -4.0585E-01  8.6347E-02  6.8741E-01
 -5.7618E-01 -1.1228E-01 -6.3055E-02 -1.0388E+00 -4.7630E-01 -6.3220E-01
 -4.7630E-01 -6.3220E-01  6.3055E-02  1.0388E+00 -5.7618E-01 -1.1228E-01
 -8.6347E-02 -6.8741E-01 -2.1515E-01 -4.0585E-01 -6.2471E-02  1.8359E-02
  3.4008E-03  3.5850E-03  8.1548E-03 -1.4929E-02 -1.5596E-02 -2.7540E-02
  6.3569E-02 -7.9656E-02 -2.1891E-01  1.2582E-01  6.4978E-02 -7.3598E-03
  1.3086E-02 -3.2682E-02 -4.0319E-01 -5.4418E-01  1.2731E-02  1.0181E+00
 -6.2060E-01 -6.5158E-02 -1.3994E-01 -1.6113E+00 -6.5470E-01 -9.5369E-01
   35.500000000000000     
 -6.6080E-01 -9.4141E-01  1.4520E-01  1.5743E+00 -6.1325E-01 -5.2729E-02
 -1.8038E-02 -9.9253E-01 -4.0814E-01 -5.4078E-01 -1.3222E-02  3.4012E-02
 -6.7611E-02  6.4887E-03 -2.1868E-01  1.2546E-01 -6.3552E-02  7.8686E-02
 -1.6312E-02 -2.7936E-02 -8.2515E-03  1.5645E-02  3.5689E-03  3.7393E-03
  6.4297E-02 -1.9352E-02 -2.1806E-01 -4.0405E-01  8.8518E-02  6.6985E-01
 -5.7065E-01 -1.0396E-01 -6.6581E-02 -1.0103E+00 -4.8083E-01 -6.2276E-01
 -4.8083E-01 -6.2276E-01  6.6581E-02  1.0103E+00 -5.7065E-01 -1.0396E-01
 -8.8518E-02 -6.6985E-01 -2.1806E-01 -4.0405E-01 -6.4297E-02  1.9352E-02
  3.5689E-03  3.7393E-03  8.2515E-03 -1.5645E-02 -1.6312E-02 -2.7936E-02
  6.3552E-02 -7.8686E-02 -2.1868E-01  1.2546E-01  6.7611E-02 -6.4887E-03
  1.3222E-02 -3.4012E-02 -4.0814E-01 -5.4078E-01  1.8038E-02  9.9253E-01
 -6.1325E-01 -5.2729E-02 -1.4520E-01 -1.5743E+00 -6.6080E-01 -9.4141E-01
   36.000000000000000     
 -6.6647E-01 -9.2839E-01  1.5054E-01  1.5367E+00 -6.0624E-01 -4.1170E-02
 -2.3486E-02 -9.6655E-01 -4.1287E-01 -5.3701E-01 -1.3339E-02  3.5367E-02
 -7.0265E-02  5.6057E-03 -2.1838E-01  1.2510E-01 -6.3515E-02  7.7643E-02
 -1.7041E-02 -2.8316E-02 -8.3357E-03  1.6378E-02  3.7420E-03  3.8961E-03
  6.6124E-02 -2.0375E-02 -2.2088E-01 -4.0201E-01  9.0726E-02  6.5207E-01
 -5.6530E-01 -9.6247E-02 -7.0189E-02 -9.8146E-01 -4.8505E-01 -6.1279E-01
 -4.8505E-01 -6.1279E-01  7.0189E-02  9.8146E-01 -5.6530E-01 -9.6247E-02
 -9.0726E-02 -6.5207E-01 -2.2088E-01 -4.0201E-01 -6.6124E-02  2.0375E-02
  3.7420E-03  3.8961E-03  8.3357E-03 -1.6378E-02 -1.7041E-02 -2.8316E-02
  6.3515E-02 -7.7643E-02 -2.1838E-01  1.2510E-01  7.0265E-02 -5.6057E-03
  1.3339E-02 -3.5367E-02 -4.1287E-01 -5.3701E-01  2.3486E-02  9.6655E-01
 -6.0624E-01 -4.1170E-02 -1.5054E-01 -1.5367E+00 -6.6647E-01 -9.2839E-01
   36.500000000000000     
 -6.7171E-01 -9.1465E-01  1.5596E-01  1.4986E+00 -5.9958E-01 -3.0455E-02
 -2.9076E-02 -9.4024E-01 -4.1740E-01 -5.3289E-01 -1.3435E-02  3.6749E-02
 -7.2936E-02  4.7119E-03 -2.1801E-01  1.2473E-01 -6.3459E-02  7.6527E-02
 -1.7782E-02 -2.8680E-02 -8.4067E-03  1.7129E-02  3.9201E-03  4.0550E-03
  6.7948E-02 -2.1429E-02 -2.2360E-01 -3.9971E-01  9.2974E-02  6.3409E-01
 -5.6013E-01 -8.9119E-02 -7.3881E-02 -9.5219E-01 -4.8897E-01 -6.0234E-01
 -4.8897E-01 -6.0234E-01  7.3881E-02  9.5219E-01 -5.6013E-01 -8.9119E-02
 -9.2974E-02 -6.3409E-01 -2.2360E-01 -3.9971E-01 -6.7948E-02  2.1429E-02
  3.9201E-03  4.0550E-03  8.4067E-03 -1.7129E-02 -1.7782E-02 -2.8680E-02
  6.3459E-02 -7.6527E-02 -2.1801E-01  1.2473E-01  7.2936E-02 -4.7119E-03
  1.3435E-02 -3.6749E-02 -4.1740E-01 -5.3289E-01  2.9076E-02  9.4024E-01
 -5.9958E-01 -3.0455E-02 -1.5596E-01 -1.4986E+00 -6.7171E-01 -9.1465E-01
   37.000000000000000     
 -6.7653E-01 -9.0023E-01  1.6147E-01  1.4599E+00 -5.9325E-01 -2.0555E-02
 -3.4804E-02 -9.1362E-01 -4.2170E-01 -5.2842E-01 -1.3510E-02  3.8155E-02
 -7.5623E-02  3.8082E-03 -2.1758E-01  1.2436E-01 -6.3385E-02  7.5339E-02
 -1.8535E-02 -2.9026E-02 -8.4637E-03  1.7897E-02  4.1033E-03  4.2158E-03
  6.9770E-02 -2.2513E-02 -2.2622E-01 -3.9717E-01  9.5261E-02  6.1592E-01
 -5.5515E-01 -8.2557E-02 -7.7654E-02 -9.2254E-01 -4.9259E-01 -5.9141E-01
 -4.9259E-01 -5.9141E-01  7.7654E-02  9.2254E-01 -5.5515E-01 -8.2557E-02
 -9.5261E-02 -6.1592E-01 -2.2622E-01 -3.9717E-01 -6.9770E-02  2.2513E-02
  4.1033E-03  4.2158E-03  8.4637E-03 -1.7897E-02 -1.8535E-02 -2.9026E-02
  6.3385E-02 -7.5339E-02 -2.1758E-01  1.2436E-01  7.5623E-02 -3.8082E-03
  1.3510E-02 -3.8155E-02 -4.2170E-01 -5.2842E-01  3.4804E-02  9.1362E-01
 -5.9325E-01 -2.0555E-02 -1.6147E-01 -1.4599E+00 -6.7653E-01 -9.0023E-01
   37.500000000000000     
 -6.8093E-01 -8.8516E-01  1.6705E-01  1.4208E+00 -5.8727E-01 -1.1445E-02
 -4.0668E-02 -8.8672E-01 -4.2578E-01 -5.2362E-01 -1.3562E-02  3.9587E-02
 -7.8323E-02  2.8957E-03 -2.1707E-01  1.2398E-01 -6.3293E-02  7.4081E-02
 -1.9300E-02 -2.9353E-02 -8.5061E-03  1.8681E-02  4.2917E-03  4.3779E-03
  7.1587E-02 -2.3629E-02 -2.2873E-01 -3.9439E-01  9.7588E-02  5.9759E-01
 -5.5034E-01 -7.6542E-02 -8.1509E-02 -8.9255E-01 -4.9589E-01 -5.8002E-01
 -4.9589E-01 -5.8002E-01  8.1509E-02  8.9255E-01 -5.5034E-01 -7.6542E-02
 -9.7588E-02 -5.9759E-01 -2.2873E-01 -3.9439E-01 -7.1587E-02  2.3629E-02
  4.2917E-03  4.3779E-03  8.5061E-03 -1.8681E-02 -1.9300E-02 -2.9353E-02
  6.3293E-02 -7.4081E-02 -2.1707E-01  1.2398E-01  7.8323E-02 -2.8957E-03
  1.3562E-02 -3.9587E-02 -4.2578E-01 -5.2362E-01  4.0668E-02  8.8672E-01
 -5.8727E-01 -1.1445E-02 -1.6705E-01 -1.4208E+00 -6.8093E-01 -8.8516E-01
   38.000000000000000     
 -6.8489E-01 -8.6947E-01  1.7271E-01  1.3812E+00 -5.8162E-01 -3.1002E-03
 -4.6663E-02 -8.5955E-01 -4.2965E-01 -5.1850E-01 -1.3592E-02  4.1043E-02
 -8.1033E-02  1.9756E-03 -2.1650E-01  1.2359E-01 -6.3185E-02  7.2755E-02
 -2.0077E-02 -2.9658E-02 -8.5332E-03  1.9481E-02  4.4854E-03  4.5412E-03
  7.3397E-02 -2.4776E-02 -2.3115E-01 -3.9139E-01  9.9954E-02  5.7911E-01
 -5.4570E-01 -7.1057E-02 -8.5443E-02 -8.6223E-01 -4.9889E-01 -5.6822E-01
 -4.9889E-01 -5.6822E-01  8.5443E-02  8.6223E-01 -5.4570E-01 -7.1057E-02
 -9.9954E-02 -5.7911E-01 -2.3115E-01 -3.9139E-01 -7.3397E-02  2.4776E-02
  4.4854E-03  4.5412E-03  8.5332E-03 -1.9481E-02 -2.0077E-02 -2.9658E-02
  6.3185E-02 -7.2755E-02 -2.1650E-01  1.2359E-01  8.1033E-02 -1.9756E-03
  1.3592E-02 -4.1043E-02 -4.2965E-01 -5.1850E-01  4.6663E-02  8.5955E-01
 -5.8162E-01 -3.1002E-03 -1.7271E-01 -1.3812E+00 -6.8489E-01 -8.6947E-01
   38.500000000000000     
 -6.8843E-01 -8.5319E-01  1.7844E-01  1.3412E+00 -5.7629E-01  4.5031E-03
 -5.2785E-02 -8.3216E-01 -4.3328E-01 -5.1307E-01 -1.3598E-02  4.2524E-02
 -8.3753E-02  1.0491E-03 -2.1586E-01  1.2319E-01 -6.3062E-02  7.1361E-02
 -2.0864E-02 -2.9941E-02 -8.5445E-03  2.0297E-02  4.6844E-03  4.7052E-03
  7.5199E-02 -2.5954E-02 -2.3347E-01 -3.8816E-01  1.0236E-01  5.6050E-01
 -5.4123E-01 -6.6088E-02 -8.9453E-02 -8.3162E-01 -5.0158E-01 -5.5601E-01
 -5.0158E-01 -5.5601E-01  8.9453E-02  8.3162E-01 -5.4123E-01 -6.6088E-02
 -1.0236E-01 -5.6050E-01 -2.3347E-01 -3.8816E-01 -7.5199E-02  2.5954E-02
  4.6844E-03  4.7052E-03  8.5445E-03 -2.0297E-02 -2.0864E-02 -2.9941E-02
  6.3062E-02 -7.1361E-02 -2.1586E-01  1.2319E-01  8.3753E-02 -1.0491E-03
  1.3598E-02 -4.2524E-02 -4.3328E-01 -5.1307E-01  5.2785E-02  8.3216E-01
 -5.7629E-01  4.5031E-03 -1.7844E-01 -1.3412E+00 -6.8843E-01 -8.5319E-01
   39.000000000000000     
 -6.9154E-01 -8.3637E-01  1.8423E-01  1.3008E+00 -5.7128E-01  1.1387E-02
 -5.9026E-02 -8.0456E-01 -4.3670E-01 -5.0736E-01 -1.3580E-02  4.4029E-02
 -8.6479E-02  1.1741E-04 -2.1514E-01  1.2278E-01 -6.2923E-02  6.9900E-02
 -2.1662E-02 -3.0199E-02 -8.5393E-03  2.1129E-02  4.8888E-03  4.8696E-03
  7.6991E-02 -2.7163E-02 -2.3569E-01 -3.8472E-01  1.0480E-01  5.4177E-01
 -5.3692E-01 -6.1617E-02 -9.3535E-02 -8.0075E-01 -5.0396E-01 -5.4342E-01
 -5.0396E-01 -5.4342E-01  9.3535E-02  8.0075E-01 -5.3692E-01 -6.1617E-02
 -1.0480E-01 -5.4177E-01 -2.3569E-01 -3.8472E-01 -7.6991E-02  2.7163E-02
  4.8888E-03  4.8696E-03  8.5393E-03 -2.1129E-02 -2.1662E-02 -3.0199E-02
  6.2923E-02 -6.9900E-02 -2.1514E-01  1.2278E-01  8.6479E-02 -1.1741E-04
  1.3580E-02 -4.4029E-02 -4.3670E-01 -5.0736E-01  5.9026E-02  8.0456E-01
 -5.7128E-01  1.1387E-02 -1.8423E-01 -1.3008E+00 -6.9154E-01 -8.3637E-01
   39.500000000000000     
 -6.9422E-01 -8.1903E-01  1.9007E-01  1.2601E+00 -5.6659E-01  1.7574E-02
 -6.5381E-02 -7.7680E-01 -4.3988E-01 -5.0136E-01 -1.3537E-02  4.5558E-02
 -8.9209E-02 -8.1804E-04 -2.1435E-01  1.2235E-01 -6.2770E-02  6.8375E-02
 -2.2471E-02 -3.0431E-02 -8.5171E-03  2.1976E-02  5.0985E-03  5.0341E-03
  7.8773E-02 -2.8405E-02 -2.3780E-01 -3.8108E-01  1.0727E-01  5.2296E-01
 -5.3276E-01 -5.7631E-02 -9.7684E-02 -7.6966E-01 -5.0604E-01 -5.3049E-01
 -5.0604E-01 -5.3049E-01  9.7684E-02  7.6966E-01 -5.3276E-01 -5.7631E-02
 -1.0727E-01 -5.2296E-01 -2.3780E-01 -3.8108E-01 -7.8773E-02  2.8405E-02
  5.0985E-03  5.0341E-03  8.5171E-03 -2.1976E-02 -2.2471E-02 -3.0431E-02
  6.2770E-02 -6.8375E-02 -2.1435E-01  1.2235E-01  8.9209E-02  8.1804E-04
  1.3537E-02 -4.5558E-02 -4.3988E-01 -5.0136E-01  6.5381E-02  7.7680E-01
 -5.6659E-01  1.7574E-02 -1.9007E-01 -1.2601E+00 -6.9422E-01 -8.1903E-01
   40.000000000000000     
 -6.9648E-01 -8.0122E-01  1.9596E-01  1.2191E+00 -5.6220E-01  2.3085E-02
 -7.1842E-02 -7.4890E-01 -4.4284E-01 -4.9510E-01 -1.3469E-02  4.7111E-02
 -9.1942E-02 -1.7559E-03 -2.1349E-01  1.2191E-01 -6.2603E-02  6.6786E-02
 -2.3290E-02 -3.0634E-02 -8.4775E-03  2.2837E-02  5.3138E-03  5.1982E-03
  8.0541E-02 -2.9679E-02 -2.3982E-01 -3.7724E-01  1.0977E-01  5.0408E-01
 -5.2876E-01 -5.4115E-02 -1.0189E-01 -7.3838E-01 -5.0780E-01 -5.1723E-01
 -5.0780E-01 -5.1723E-01  1.0189E-01  7.3838E-01 -5.2876E-01 -5.4115E-02
 -1.0977E-01 -5.0408E-01 -2.3982E-01 -3.7724E-01 -8.0541E-02  2.9679E-02
  5.3138E-03  5.1982E-03  8.4775E-03 -2.2837E-02 -2.3290E-02 -3.0634E-02
  6.2603E-02 -6.6786E-02 -2.1349E-01  1.2191E-01  9.1942E-02  1.7559E-03
  1.3469E-02 -4.7111E-02 -4.4284E-01 -4.9510E-01  7.1842E-02  7.4890E-01
 -5.6220E-01  2.3085E-02 -1.9596E-01 -1.2191E+00 -6.9648E-01 -8.0122E-01
   40.500000000000000     
 -6.9830E-01 -7.8297E-01  2.0189E-01  1.1779E+00 -5.5811E-01  2.7940E-02
 -7.8400E-02 -7.2088E-01 -4.4556E-01 -4.8858E-01 -1.3375E-02  4.8686E-02
 -9.4676E-02 -2.6947E-03 -2.1256E-01  1.2144E-01 -6.2423E-02  6.5134E-02
 -2.4119E-02 -3.0808E-02 -8.4200E-03  2.3714E-02  5.5345E-03  5.3617E-03
  8.2296E-02 -3.0985E-02 -2.4173E-01 -3.7322E-01  1.1230E-01  4.8514E-01
 -5.2490E-01 -5.1056E-02 -1.0616E-01 -7.0694E-01 -5.0925E-01 -5.0367E-01
 -5.0925E-01 -5.0367E-01  1.0616E-01  7.0694E-01 -5.2490E-01 -5.1056E-02
 -1.1230E-01 -4.8514E-01 -2.4173E-01 -3.7322E-01 -8.2296E-02  3.0985E-02
  5.5345E-03  5.3617E-03  8.4200E-03 -2.3714E-02 -2.4119E-02 -3.0808E-02
  6.2423E-02 -6.5134E-02 -2.1256E-01  1.2144E-01  9.4676E-02  2.6947E-03
  1.3375E-02 -4.8686E-02 -4.4556E-01 -4.8858E-01  7.8400E-02  7.2088E-01
 -5.5811E-01  2.7940E-02 -2.0189E-01 -1.1779E+00 -6.9830E-01 -7.8297E-01
   41.000000000000000     
 -6.9969E-01 -7.6432E-01  2.0784E-01  1.1365E+00 -5.5430E-01  3.2158E-02
 -8.5047E-02 -6.9280E-01 -4.4805E-01 -4.8183E-01 -1.3254E-02  5.0285E-02
 -9.7407E-02 -3.6330E-03 -2.1155E-01  1.2096E-01 -6.2229E-02  6.3421E-02
 -2.4957E-02 -3.0950E-02 -8.3442E-03  2.4605E-02  5.7607E-03  5.5242E-03
  8.4036E-02 -3.2324E-02 -2.4355E-01 -3.6902E-01  1.1485E-01  4.6619E-01
 -5.2118E-01 -4.8442E-02 -1.1047E-01 -6.7538E-01 -5.1039E-01 -4.8985E-01
 -5.1039E-01 -4.8985E-01  1.1047E-01  6.7538E-01 -5.2118E-01 -4.8442E-02
 -1.1485E-01 -4.6619E-01 -2.4355E-01 -3.6902E-01 -8.4036E-02  3.2324E-02
  5.7607E-03  5.5242E-03  8.3442E-03 -2.4605E-02 -2.4957E-02 -3.0950E-02
  6.2229E-02 -6.3421E-02 -2.1155E-01  1.2096E-01  9.7407E-02  3.6330E-03
  1.3254E-02 -5.0285E-02 -4.4805E-01 -4.8183E-01  8.5047E-02  6.9280E-01
 -5.5430E-01  3.2158E-02 -2.0784E-01 -1.1365E+00 -6.9969E-01 -7.6432E-01
   41.500000000000000     
 -7.0065E-01 -7.4532E-01  2.1381E-01  1.0950E+00 -5.5077E-01  3.5759E-02
 -9.1771E-02 -6.6466E-01 -4.5031E-01 -4.7486E-01 -1.3108E-02  5.1907E-02
 -1.0014E-01 -4.5692E-03 -2.1047E-01  1.2046E-01 -6.2023E-02  6.1647E-02
 -2.5806E-02 -3.1059E-02 -8.2498E-03  2.5510E-02  5.9924E-03  5.6853E-03
  8.5759E-02 -3.3696E-02 -2.4526E-01 -3.6465E-01  1.1742E-01  4.4723E-01
 -5.1759E-01 -4.6258E-02 -1.1483E-01 -6.4373E-01 -5.1122E-01 -4.7578E-01
 -5.1122E-01 -4.7578E-01  1.1483E-01  6.4373E-01 -5.1759E-01 -4.6258E-02
 -1.1742E-01 -4.4723E-01 -2.4526E-01 -3.6465E-01 -8.5759E-02  3.3696E-02
  5.9924E-03  5.6853E-03  8.2498E-03 -2.5510E-02 -2.5806E-02 -3.1059E-02
  6.2023E-02 -6.1647E-02 -2.1047E-01  1.2046E-01  1.0014E-01  4.5692E-03
  1.3108E-02 -5.1907E-02 -4.5031E-01 -4.7486E-01  9.1771E-02  6.6466E-01
 -5.5077E-01  3.5759E-02 -2.1381E-01 -1.0950E+00 -7.0065E-01 -7.4532E-01
   42.000000000000000     
 -7.0118E-01 -7.2599E-01  2.1978E-01  1.0534E+00 -5.4751E-01  3.8762E-02
 -9.8565E-02 -6.3652E-01 -4.5233E-01 -4.6769E-01 -1.2934E-02  5.3552E-02
 -1.0286E-01 -5.5019E-03 -2.0931E-01  1.1993E-01 -6.1805E-02  5.9814E-02
 -2.6663E-02 -3.1132E-02 -8.1364E-03  2.6429E-02  6.2295E-03  5.8448E-03
  8.7464E-02 -3.5101E-02 -2.4687E-01 -3.6012E-01  1.2000E-01  4.2829E-01
 -5.1411E-01 -4.4493E-02 -1.1922E-01 -6.1204E-01 -5.1174E-01 -4.6149E-01
 -5.1174E-01 -4.6149E-01  1.1922E-01  6.1204E-01 -5.1411E-01 -4.4493E-02
 -1.2000E-01 -4.2829E-01 -2.4687E-01 -3.6012E-01 -8.7464E-02  3.5101E-02
  6.2295E-03  5.8448E-03  8.1364E-03 -2.6429E-02 -2.6663E-02 -3.1132E-02
  6.1805E-02 -5.9814E-02 -2.0931E-01  1.1993E-01  1.0286E-01  5.5019E-03
  1.2934E-02 -5.3552E-02 -4.5233E-01 -4.6769E-01  9.8565E-02  6.3652E-01
 -5.4751E-01  3.8762E-02 -2.1978E-01 -1.0534E+00 -7.0118E-01 -7.2599E-01
   42.500000000000000     
 -7.0129E-01 -7.0638E-01  2.2575E-01  1.0118E+00 -5.4451E-01  4.1186E-02
 -1.0542E-01 -6.0840E-01 -4.5411E-01 -4.6032E-01 -1.2733E-02  5.5219E-02
 -1.0557E-01 -6.4294E-03 -2.0807E-01  1.1938E-01 -6.1574E-02  5.7922E-02
 -2.7528E-02 -3.1168E-02 -8.0038E-03  2.7362E-02  6.4721E-03  6.0023E-03
  8.9149E-02 -3.6539E-02 -2.4837E-01 -3.5544E-01  1.2259E-01  4.0939E-01
 -5.1076E-01 -4.3133E-02 -1.2363E-01 -5.8032E-01 -5.1195E-01 -4.4702E-01
 -5.1195E-01 -4.4702E-01  1.2363E-01  5.8032E-01 -5.1076E-01 -4.3133E-02
 -1.2259E-01 -4.0939E-01 -2.4837E-01 -3.5544E-01 -8.9149E-02  3.6539E-02
  6.4721E-03  6.0023E-03  8.0038E-03 -2.7362E-02 -2.7528E-02 -3.1168E-02
  6.1574E-02 -5.7922E-02 -2.0807E-01  1.1938E-01  1.0557E-01  6.4294E-03
  1.2733E-02 -5.5219E-02 -4.5411E-01 -4.6032E-01  1.0542E-01  6.0840E-01
 -5.4451E-01  4.1186E-02 -2.2575E-01 -1.0118E+00 -7.0129E-01 -7.0638E-01
   43.000000000000000     
 -7.0096E-01 -6.8652E-01  2.3169E-01  9.7018E-01 -5.4175E-01  4.3050E-02
 -1.1232E-01 -5.8034E-01 -4.5566E-01 -4.5278E-01 -1.2505E-02  5.6908E-02
 -1.0828E-01 -7.3502E-03 -2.0676E-01  1.1880E-01 -6.1330E-02  5.5972E-02
 -2.8402E-02 -3.1166E-02 -7.8517E-03  2.8309E-02  6.7201E-03  6.1576E-03
  9.0815E-02 -3.8012E-02 -2.4978E-01 -3.5061E-01  1.2517E-01  3.9055E-01
 -5.0751E-01 -4.2167E-02 -1.2806E-01 -5.4863E-01 -5.1185E-01 -4.3239E-01
 -5.1185E-01 -4.3239E-01  1.2806E-01  5.4863E-01 -5.0751E-01 -4.2167E-02
 -1.2517E-01 -3.9055E-01 -2.4978E-01 -3.5061E-01 -9.0815E-02  3.8012E-02
  6.7201E-03  6.1576E-03  7.8517E-03 -2.8309E-02 -2.8402E-02 -3.1166E-02
  6.1330E-02 -5.5972E-02 -2.0676E-01  1.1880E-01  1.0828E-01  7.3502E-03
  1.2505E-02 -5.6908E-02 -4.5566E-01 -4.5278E-01  1.1232E-01  5.8034E-01
 -5.4175E-01  4.3050E-02 -2.3169E-01 -9.7018E-01 -7.0096E-01 -6.8652E-01
   43.500000000000000     
 -7.0021E-01 -6.6646E-01  2.3760E-01  9.2862E-01 -5.3923E-01  4.4373E-02
 -1.1925E-01 -5.5235E-01 -4.5697E-01 -4.4508E-01 -1.2249E-02  5.8618E-02
 -1.1098E-01 -8.2626E-03 -2.0537E-01  1.1820E-01 -6.1075E-02  5.3965E-02
 -2.9284E-02 -3.1124E-02 -7.6799E-03  2.9270E-02  6.9734E-03  6.3104E-03
  9.2459E-02 -3.9518E-02 -2.5108E-01 -3.4566E-01  1.2776E-01  3.7180E-01
 -5.0437E-01 -4.1582E-02 -1.3251E-01 -5.1698E-01 -5.1144E-01 -4.1762E-01
 -5.1144E-01 -4.1762E-01  1.3251E-01  5.1698E-01 -5.0437E-01 -4.1582E-02
 -1.2776E-01 -3.7180E-01 -2.5108E-01 -3.4566E-01 -9.2459E-02  3.9518E-02
  6.9734E-03  6.3104E-03  7.6799E-03 -2.9270E-02 -2.9284E-02 -3.1124E-02
  6.1075E-02 -5.3965E-02 -2.0537E-01  1.1820E-01  1.1098E-01  8.2626E-03
  1.2249E-02 -5.8618E-02 -4.5697E-01 -4.4508E-01  1.1925E-01  5.5235E-01
 -5.3923E-01  4.4373E-02 -2.3760E-01 -9.2862E-01 -7.0021E-01 -6.6646E-01
   44.000000000000000     
 -6.9904E-01 -6.4622E-01  2.4347E-01  8.8716E-01 -5.3694E-01  4.5174E-02
 -1.2621E-01 -5.2449E-01 -4.5803E-01 -4.3723E-01 -1.1965E-02  6.0350E-02
 -1.1366E-01 -9.1653E-03 -2.0391E-01  1.1756E-01 -6.0806E-02  5.1902E-02
 -3.0173E-02 -3.1040E-02 -7.4884E-03  3.0244E-02  7.2319E-03  6.4604E-03
  9.4080E-02 -4.1058E-02 -2.5227E-01 -3.4059E-01  1.3033E-01  3.5315E-01
 -5.0132E-01 -4.1365E-02 -1.3695E-01 -4.8543E-01 -5.1072E-01 -4.0274E-01
 -5.1072E-01 -4.0274E-01  1.3695E-01  4.8543E-01 -5.0132E-01 -4.1365E-02
 -1.3033E-01 -3.5315E-01 -2.5227E-01 -3.4059E-01 -9.4080E-02  4.1058E-02
  7.2319E-03  6.4604E-03  7.4884E-03 -3.0244E-02 -3.0173E-02 -3.1040E-02
  6.0806E-02 -5.1902E-02 -2.0391E-01  1.1756E-01  1.1366E-01  9.1653E-03
  1.1965E-02 -6.0350E-02 -4.5803E-01 -4.3723E-01  1.2621E-01  5.2449E-01
 -5.3694E-01  4.5174E-02 -2.4347E-01 -8.8716E-01 -6.9904E-01 -6.4622E-01
   44.500000000000000     
 -6.9744E-01 -6.2585E-01  2.4928E-01  8.4585E-01 -5.3487E-01  4.5472E-02
 -1.3319E-01 -4.9677E-01 -4.5886E-01 -4.2925E-01 -1.1653E-02  6.2104E-02
 -1.1633E-01 -1.0056E-02 -2.0237E-01  1.1690E-01 -6.0525E-02  4.9783E-02
 -3.1069E-02 -3.0913E-02 -7.2769E-03  3.1232E-02  7.4956E-03  6.6074E-03
  9.5677E-02 -4.2632E-02 -2.5337E-01 -3.3540E-01  1.3289E-01  3.3463E-01
 -4.9835E-01 -4.1503E-02 -1.4138E-01 -4.5399E-01 -5.0970E-01 -3.8778E-01
 -5.0970E-01 -3.8778E-01  1.4138E-01  4.5399E-01 -4.9835E-01 -4.1503E-02
 -1.3289E-01 -3.3463E-01 -2.5337E-01 -3.3540E-01 -9.5677E-02  4.2632E-02
  7.4956E-03  6.6074E-03  7.2769E-03 -3.1232E-02 -3.1069E-02 -3.0913E-02
  6.0525E-02 -4.9783E-02 -2.0237E-01  1.1690E-01  1.1633E-01  1.0056E-02
  1.1653E-02 -6.2104E-02 -4.5886E-01 -4.2925E-01  1.3319E-01  4.9677E-01
 -5.3487E-01  4.5472E-02 -2.4928E-01 -8.4585E-01 -6.9744E-01 -6.2585E-01
   45.000000000000000     
 -6.9542E-01 -6.0538E-01  2.5503E-01  8.0473E-01 -5.3301E-01  4.5288E-02
 -1.4017E-01 -4.6922E-01 -4.5944E-01 -4.2115E-01 -1.1313E-02  6.3877E-02
 -1.1898E-01 -1.0935E-02 -2.0076E-01  1.1620E-01 -6.0231E-02  4.7609E-02
 -3.1970E-02 -3.0743E-02 -7.0453E-03  3.2233E-02  7.7644E-03  6.7513E-03
  9.7249E-02 -4.4240E-02 -2.5436E-01 -3.3010E-01  1.3543E-01  3.1625E-01
 -4.9547E-01 -4.1982E-02 -1.4580E-01 -4.2270E-01 -5.0837E-01 -3.7277E-01
 -5.0837E-01 -3.7277E-01  1.4580E-01  4.2270E-01 -4.9547E-01 -4.1982E-02
 -1.3543E-01 -3.1625E-01 -2.5436E-01 -3.3010E-01 -9.7249E-02  4.4240E-02
  7.7644E-03  6.7513E-03  7.0453E-03 -3.2233E-02 -3.1970E-02 -3.0743E-02
  6.0231E-02 -4.7609E-02 -2.0076E-01  1.1620E-01  1.1898E-01  1.0935E-02
  1.1313E-02 -6.3877E-02 -4.5944E-01 -4.2115E-01  1.4017E-01  4.6922E-01
 -5.3301E-01  4.5288E-02 -2.5503E-01 -8.0473E-01 -6.9542E-01 -6.0538E-01
   45.500000000000000     
 -6.9298E-01 -5.8485E-01  2.6069E-01  7.6383E-01 -5.3134E-01  4.4641E-02
 -1.4715E-01 -4.4187E-01 -4.5978E-01 -4.1295E-01 -1.0944E-02  6.5671E-02
 -1.2161E-01 -1.1799E-02 -1.9907E-01  1.1547E-01 -5.9924E-02  4.5381E-02
 -3.2877E-02 -3.0527E-02 -6.7937E-03  3.3247E-02  8.0381E-03  6.8917E-03
  9.8796E-02 -4.5882E-02 -2.5525E-01 -3.2472E-01  1.3795E-01  2.9804E-01
 -4.9266E-01 -4.2789E-02 -1.5019E-01 -3.9159E-01 -5.0673E-01 -3.5772E-01
 -5.0673E-01 -3.5772E-01  1.5019E-01  3.9159E-01 -4.9266E-01 -4.2789E-02
 -1.3795E-01 -2.9804E-01 -2.5525E-01 -3.2472E-01 -9.8796E-02  4.5882E-02
  8.0381E-03  6.8917E-03  6.7937E-03 -3.3247E-02 -3.2877E-02 -3.0527E-02
  5.9924E-02 -4.5381E-02 -1.9907E-01  1.1547E-01  1.2161E-01  1.1799E-02
  1.0944E-02 -6.5671E-02 -4.5978E-01 -4.1295E-01  1.4715E-01  4.4187E-01
 -5.3134E-01  4.4641E-02 -2.6069E-01 -7.6383E-01 -6.9298E-01 -5.8485E-01
   46.000000000000000     
 -6.9013E-01 -5.6428E-01  2.6627E-01  7.2319E-01 -5.2986E-01  4.3552E-02
 -1.5411E-01 -4.1475E-01 -4.5988E-01 -4.0466E-01 -1.0547E-02  6.7485E-02
 -1.2423E-01 -1.2647E-02 -1.9731E-01  1.1471E-01 -5.9603E-02  4.3100E-02
 -3.3789E-02 -3.0266E-02 -6.5219E-03  3.4274E-02  8.3165E-03  7.0285E-03
  1.0031E-01 -4.7558E-02 -2.5603E-01 -3.1924E-01  1.4043E-01  2.8001E-01
 -4.8992E-01 -4.3910E-02 -1.5456E-01 -3.6068E-01 -5.0480E-01 -3.4266E-01
 -5.0480E-01 -3.4266E-01  1.5456E-01  3.6068E-01 -4.8992E-01 -4.3910E-02
 -1.4043E-01 -2.8001E-01 -2.5603E-01 -3.1924E-01 -1.0031E-01  4.7558E-02
  8.3165E-03  7.0285E-03  6.5219E-03 -3.4274E-02 -3.3789E-02 -3.0266E-02
  5.9603E-02 -4.3100E-02 -1.9731E-01  1.1471E-01  1.2423E-01  1.2647E-02
  1.0547E-02 -6.7485E-02 -4.5988E-01 -4.0466E-01  1.5411E-01  4.1475E-01
 -5.2986E-01  4.3552E-02 -2.6627E-01 -7.2319E-01 -6.9013E-01 -5.6428E-01
   46.500000000000000     
 -6.8687E-01 -5.4371E-01  2.7175E-01  6.8285E-01 -5.2856E-01  4.2042E-02
 -1.6104E-01 -3.8787E-01 -4.5974E-01 -3.9629E-01 -1.0122E-02  6.9317E-02
 -1.2682E-01 -1.3478E-02 -1.9547E-01  1.1391E-01 -5.9267E-02  4.0766E-02
 -3.4704E-02 -2.9957E-02 -6.2299E-03  3.5314E-02  8.5996E-03  7.1615E-03
  1.0181E-01 -4.9266E-02 -2.5671E-01 -3.1369E-01  1.4288E-01  2.6217E-01
 -4.8724E-01 -4.5331E-02 -1.5888E-01 -3.3001E-01 -5.0257E-01 -3.2761E-01
 -5.0257E-01 -3.2761E-01  1.5888E-01  3.3001E-01 -4.8724E-01 -4.5331E-02
 -1.4288E-01 -2.6217E-01 -2.5671E-01 -3.1369E-01 -1.0181E-01  4.9266E-02
  8.5996E-03  7.1615E-03  6.2299E-03 -3.5314E-02 -3.4704E-02 -2.9957E-02
  5.9267E-02 -4.0766E-02 -1.9547E-01  1.1391E-01  1.2682E-01  1.3478E-02
  1.0122E-02 -6.9317E-02 -4.5974E-01 -3.9629E-01  1.6104E-01  3.8787E-01
 -5.2856E-01  4.2042E-02 -2.7175E-01 -6.8285E-01 -6.8687E-01 -5.4371E-01
   47.000000000000000     
 -6.8321E-01 -5.2317E-01  2.7712E-01  6.4285E-01 -5.2743E-01  4.0134E-02
 -1.6794E-01 -3.6127E-01 -4.5936E-01 -3.8786E-01 -9.6679E-03  7.1168E-02
 -1.2940E-01 -1.4291E-02 -1.9356E-01  1.1307E-01 -5.8917E-02  3.8380E-02
 -3.5622E-02 -2.9602E-02 -5.9178E-03  3.6366E-02  8.8871E-03  7.2907E-03
  1.0327E-01 -5.1008E-02 -2.5729E-01 -3.0807E-01  1.4528E-01  2.4455E-01
 -4.8461E-01 -4.7035E-02 -1.6317E-01 -2.9960E-01 -5.0004E-01 -3.1260E-01
 -5.0004E-01 -3.1260E-01  1.6317E-01  2.9960E-01 -4.8461E-01 -4.7035E-02
 -1.4528E-01 -2.4455E-01 -2.5729E-01 -3.0807E-01 -1.0327E-01  5.1008E-02
  8.8871E-03  7.2907E-03  5.9178E-03 -3.6366E-02 -3.5622E-02 -2.9602E-02
  5.8917E-02 -3.8380E-02 -1.9356E-01  1.1307E-01  1.2940E-01  1.4291E-02
  9.6679E-03 -7.1168E-02 -4.5936E-01 -3.8786E-01  1.6794E-01  3.6127E-01
 -5.2743E-01  4.0134E-02 -2.7712E-01 -6.4285E-01 -6.8321E-01 -5.2317E-01
   47.500000000000000     
 -6.7915E-01 -5.0268E-01  2.8237E-01  6.0320E-01 -5.2645E-01  3.7848E-02
 -1.7479E-01 -3.3496E-01 -4.5874E-01 -3.7938E-01 -9.1854E-03  7.3037E-02
 -1.3194E-01 -1.5084E-02 -1.9158E-01  1.1220E-01 -5.8552E-02  3.5942E-02
 -3.6542E-02 -2.9198E-02 -5.5855E-03  3.7430E-02  9.1789E-03  7.4158E-03
  1.0470E-01 -5.2783E-02 -2.5777E-01 -3.0238E-01  1.4764E-01  2.2715E-01
 -4.8203E-01 -4.9008E-02 -1.6740E-01 -2.6947E-01 -4.9723E-01 -2.9764E-01
 -4.9723E-01 -2.9764E-01  1.6740E-01  2.6947E-01 -4.8203E-01 -4.9008E-02
 -1.4764E-01 -2.2715E-01 -2.5777E-01 -3.0238E-01 -1.0470E-01  5.2783E-02
  9.1789E-03  7.4158E-03  5.5855E-03 -3.7430E-02 -3.6542E-02 -2.9198E-02
  5.8552E-02 -3.5942E-02 -1.9158E-01  1.1220E-01  1.3194E-01  1.5084E-02
  9.1854E-03 -7.3037E-02 -4.5874E-01 -3.7938E-01  1.7479E-01  3.3496E-01
 -5.2645E-01  3.7848E-02 -2.8237E-01 -6.0320E-01 -6.7915E-01 -5.0268E-01
   48.000000000000000     
 -6.7470E-01 -4.8227E-01  2.8750E-01  5.6394E-01 -5.2563E-01  3.5209E-02
 -1.8160E-01 -3.0895E-01 -4.5788E-01 -3.7085E-01 -8.6744E-03  7.4922E-02
 -1.3447E-01 -1.5857E-02 -1.8952E-01  1.1130E-01 -5.8172E-02  3.3455E-02
 -3.7463E-02 -2.8746E-02 -5.2331E-03  3.8505E-02  9.4749E-03  7.5367E-03
  1.0610E-01 -5.4589E-02 -2.5814E-01 -2.9664E-01  1.4995E-01  2.0999E-01
 -4.7950E-01 -5.1234E-02 -1.7157E-01 -2.3964E-01 -4.9413E-01 -2.8274E-01
 -4.9413E-01 -2.8274E-01  1.7157E-01  2.3964E-01 -4.7950E-01 -5.1234E-02
 -1.4995E-01 -2.0999E-01 -2.5814E-01 -2.9664E-01 -1.0610E-01  5.4589E-02
  9.4749E-03  7.5367E-03  5.2331E-03 -3.8505E-02 -3.7463E-02 -2.8746E-02
  5.8172E-02 -3.3455E-02 -1.8952E-01  1.1130E-01  1.3447E-01  1.5857E-02
  8.6744E-03 -7.4922E-02 -4.5788E-01 -3.7085E-01  1.8160E-01  3.0895E-01
 -5.2563E-01  3.5209E-02 -2.8750E-01 -5.6394E-01 -6.7470E-01 -4.8227E-01
   48.500000000000000     
 -6.6986E-01 -4.6197E-01  2.9249E-01  5.2509E-01 -5.2494E-01  3.2238E-02
 -1.8834E-01 -2.8327E-01 -4.5679E-01 -3.6229E-01 -8.1349E-03  7.6823E-02
 -1.3696E-01 -1.6608E-02 -1.8740E-01  1.1036E-01 -5.7776E-02  3.0919E-02
 -3.8383E-02 -2.8246E-02 -4.8605E-03  3.9593E-02  9.7747E-03  7.6533E-03
  1.0746E-01 -5.6426E-02 -2.5841E-01 -2.9085E-01  1.5221E-01  1.9307E-01
 -4.7701E-01 -5.3697E-02 -1.7568E-01 -2.1013E-01 -4.9074E-01 -2.6794E-01
 -4.9074E-01 -2.6794E-01  1.7568E-01  2.1013E-01 -4.7701E-01 -5.3697E-02
 -1.5221E-01 -1.9307E-01 -2.5841E-01 -2.9085E-01 -1.0746E-01  5.6426E-02
  9.7747E-03  7.6533E-03  4.8605E-03 -3.9593E-02 -3.8383E-02 -2.8246E-02
  5.7776E-02 -3.0919E-02 -1.8740E-01  1.1036E-01  1.3696E-01  1.6608E-02
  8.1349E-03 -7.6823E-02 -4.5679E-01 -3.6229E-01  1.8834E-01  2.8327E-01
 -5.2494E-01  3.2238E-02 -2.9249E-01 -5.2509E-01 -6.6986E-01 -4.6197E-01
   49.000000000000000     
 -6.6464E-01 -4.4180E-01  2.9734E-01  4.8668E-01 -5.2439E-01  2.8961E-02
 -1.9501E-01 -2.5793E-01 -4.5546E-01 -3.5371E-01 -7.5668E-03  7.8740E-02
 -1.3943E-01 -1.7336E-02 -1.8520E-01  1.0938E-01 -5.7363E-02  2.8335E-02
 -3.9303E-02 -2.7698E-02 -4.4679E-03  4.0691E-02  1.0078E-02  7.7655E-03
  1.0880E-01 -5.8294E-02 -2.5859E-01 -2.8502E-01  1.5442E-01  1.7641E-01
 -4.7455E-01 -5.6379E-02 -1.7972E-01 -1.8095E-01 -4.8708E-01 -2.5324E-01
 -4.8708E-01 -2.5324E-01  1.7972E-01  1.8095E-01 -4.7455E-01 -5.6379E-02
 -1.5442E-01 -1.7641E-01 -2.5859E-01 -2.8502E-01 -1.0880E-01  5.8294E-02
  1.0078E-02  7.7655E-03  4.4679E-03 -4.0691E-02 -3.9303E-02 -2.7698E-02
  5.7363E-02 -2.8335E-02 -1.8520E-01  1.0938E-01  1.3943E-01  1.7336E-02
  7.5668E-03 -7.8740E-02 -4.5546E-01 -3.5371E-01  1.9501E-01  2.5793E-01
 -5.2439E-01  2.8961E-02 -2.9734E-01 -4.8668E-01 -6.6464E-01 -4.4180E-01
   49.500000000000000     
 -6.5906E-01 -4.2177E-01  3.0205E-01  4.4871E-01 -5.2396E-01  2.5401E-02
 -2.0161E-01 -2.3293E-01 -4.5389E-01 -3.4512E-01 -6.9703E-03  8.0670E-02
 -1.4186E-01 -1.8041E-02 -1.8294E-01  1.0836E-01 -5.6933E-02  2.5704E-02
 -4.0220E-02 -2.7101E-02 -4.0554E-03  4.1799E-02  1.0385E-02  7.8732E-03
  1.1010E-01 -6.0192E-02 -2.5866E-01 -2.7915E-01  1.5656E-01  1.6001E-01
 -4.7212E-01 -5.9263E-02 -1.8370E-01 -1.5212E-01 -4.8315E-01 -2.3866E-01
 -4.8315E-01 -2.3866E-01  1.8370E-01  1.5212E-01 -4.7212E-01 -5.9263E-02
 -1.5656E-01 -1.6001E-01 -2.5866E-01 -2.7915E-01 -1.1010E-01  6.0192E-02
  1.0385E-02  7.8732E-03  4.0554E-03 -4.1799E-02 -4.0220E-02 -2.7101E-02
  5.6933E-02 -2.5704E-02 -1.8294E-01  1.0836E-01  1.4186E-01  1.8041E-02
  6.9703E-03 -8.0670E-02 -4.5389E-01 -3.4512E-01  2.0161E-01  2.3293E-01
 -5.2396E-01  2.5401E-02 -3.0205E-01 -4.4871E-01 -6.5906E-01 -4.2177E-01
   50.000000000000000     
 -6.5311E-01 -4.0191E-01  3.0661E-01  4.1121E-01 -5.2364E-01  2.1583E-02
 -2.0813E-01 -2.0829E-01 -4.5210E-01 -3.3652E-01 -6.3454E-03  8.2614E-02
 -1.4427E-01 -1.8722E-02 -1.8061E-01  1.0731E-01 -5.6486E-02  2.3029E-02
 -4.1133E-02 -2.6455E-02 -3.6228E-03  4.2917E-02  1.0695E-02  7.9763E-03
  1.1136E-01 -6.2118E-02 -2.5863E-01 -2.7325E-01  1.5864E-01  1.4388E-01
 -4.6971E-01 -6.2332E-02 -1.8759E-01 -1.2366E-01 -4.7896E-01 -2.2421E-01
 -4.7896E-01 -2.2421E-01  1.8759E-01  1.2366E-01 -4.6971E-01 -6.2332E-02
 -1.5864E-01 -1.4388E-01 -2.5863E-01 -2.7325E-01 -1.1136E-01  6.2118E-02
  1.0695E-02  7.9763E-03  3.6228E-03 -4.2917E-02 -4.1133E-02 -2.6455E-02
  5.6486E-02 -2.3029E-02 -1.8061E-01  1.0731E-01  1.4427E-01  1.8722E-02
  6.3454E-03 -8.2614E-02 -4.5210E-01 -3.3652E-01  2.0813E-01  2.0829E-01
 -5.2364E-01  2.1583E-02 -3.0661E-01 -4.1121E-01 -6.5311E-01 -4.0191E-01
   50.500000000000000     
 -6.4682E-01 -3.8223E-01  3.1102E-01  3.7419E-01 -5.2343E-01  1.7532E-02
 -2.1456E-01 -1.8402E-01 -4.5008E-01 -3.2793E-01 -5.6922E-03  8.4570E-02
 -1.4664E-01 -1.9377E-02 -1.7822E-01  1.0623E-01 -5.6021E-02  2.0310E-02
 -4.2042E-02 -2.5762E-02 -3.1704E-03  4.4043E-02  1.1009E-02  8.0746E-03
  1.1259E-01 -6.4071E-02 -2.5851E-01 -2.6733E-01  1.6066E-01  1.2802E-01
 -4.6732E-01 -6.5568E-02 -1.9141E-01 -9.5563E-02 -4.7450E-01 -2.0990E-01
 -4.7450E-01 -2.0990E-01  1.9141E-01  9.5563E-02 -4.6732E-01 -6.5568E-02
 -1.6066E-01 -1.2802E-01 -2.5851E-01 -2.6733E-01 -1.1259E-01  6.4071E-02
  1.1009E-02  8.0746E-03  3.1704E-03 -4.4043E-02 -4.2042E-02 -2.5762E-02
  5.6021E-02 -2.0310E-02 -1.7822E-01  1.0623E-01  1.4664E-01  1.9377E-02
  5.6922E-03 -8.4570E-02 -4.5008E-01 -3.2793E-01  2.1456E-01  1.8402E-01
 -5.2343E-01  1.7532E-02 -3.1102E-01 -3.7419E-01 -6.4682E-01 -3.8223E-01
   51.000000000000000     
 -6.4018E-01 -3.6275E-01  3.1527E-01  3.3766E-01 -5.2332E-01  1.3273E-02
 -2.2090E-01 -1.6012E-01 -4.4783E-01 -3.1934E-01 -5.0109E-03  8.6537E-02
 -1.4898E-01 -2.0007E-02 -1.7576E-01  1.0510E-01 -5.5538E-02  1.7549E-02
 -4.2944E-02 -2.5022E-02 -2.6982E-03  4.5178E-02  1.1325E-02  8.1681E-03
  1.1378E-01 -6.6052E-02 -2.5829E-01 -2.6138E-01  1.6262E-01  1.1243E-01
 -4.6495E-01 -6.8952E-02 -1.9515E-01 -6.7848E-02 -4.6979E-01 -1.9575E-01
 -4.6979E-01 -1.9575E-01  1.9515E-01  6.7848E-02 -4.6495E-01 -6.8952E-02
 -1.6262E-01 -1.1243E-01 -2.5829E-01 -2.6138E-01 -1.1378E-01  6.6052E-02
  1.1325E-02  8.1681E-03  2.6982E-03 -4.5178E-02 -4.2944E-02 -2.5022E-02
  5.5538E-02 -1.7549E-02 -1.7576E-01  1.0510E-01  1.4898E-01  2.0007E-02
  5.0109E-03 -8.6537E-02 -4.4783E-01 -3.1934E-01  2.2090E-01  1.6012E-01
 -5.2332E-01  1.3273E-02 -3.1527E-01 -3.3766E-01 -6.4018E-01 -3.6275E-01
   51.500000000000000     
 -6.3321E-01 -3.4349E-01  3.1935E-01  3.0162E-01 -5.2329E-01  8.8320E-03
 -2.2714E-01 -1.3659E-01 -4.4536E-01 -3.1077E-01 -4.3016E-03  8.8513E-02
 -1.5128E-01 -2.0611E-02 -1.7325E-01  1.0395E-01 -5.5037E-02  1.4749E-02
 -4.3840E-02 -2.4234E-02 -2.2063E-03  4.6321E-02  1.1644E-02  8.2567E-03
  1.1493E-01 -6.8057E-02 -2.5797E-01 -2.5542E-01  1.6450E-01  9.7120E-02
 -4.6259E-01 -7.2467E-02 -1.9881E-01 -4.0519E-02 -4.6484E-01 -1.8176E-01
 -4.6484E-01 -1.8176E-01  1.9881E-01  4.0519E-02 -4.6259E-01 -7.2467E-02
 -1.6450E-01 -9.7120E-02 -2.5797E-01 -2.5542E-01 -1.1493E-01  6.8057E-02
  1.1644E-02  8.2567E-03  2.2063E-03 -4.6321E-02 -4.3840E-02 -2.4234E-02
  5.5037E-02 -1.4749E-02 -1.7325E-01  1.0395E-01  1.5128E-01  2.0611E-02
  4.3016E-03 -8.8513E-02 -4.4536E-01 -3.1077E-01  2.2714E-01  1.3659E-01
 -5.2329E-01  8.8320E-03 -3.1935E-01 -3.0162E-01 -6.3321E-01 -3.4349E-01
   52.000000000000000     
 -6.2592E-01 -3.2444E-01  3.2328E-01  2.6608E-01 -5.2335E-01  4.2339E-03
 -2.3328E-01 -1.1344E-01 -4.4268E-01 -3.0222E-01 -3.5644E-03  9.0499E-02
 -1.5354E-01 -2.1188E-02 -1.7067E-01  1.0275E-01 -5.4516E-02  1.1911E-02
 -4.4726E-02 -2.3400E-02 -1.6946E-03  4.7470E-02  1.1965E-02  8.3403E-03
  1.1604E-01 -7.0087E-02 -2.5757E-01 -2.4944E-01  1.6632E-01  8.2082E-02
 -4.6023E-01 -7.6093E-02 -2.0238E-01 -1.3579E-02 -4.5966E-01 -1.6795E-01
 -4.5966E-01 -1.6795E-01  2.0238E-01  1.3579E-02 -4.6023E-01 -7.6093E-02
 -1.6632E-01 -8.2082E-02 -2.5757E-01 -2.4944E-01 -1.1604E-01  7.0087E-02
  1.1965E-02  8.3403E-03  1.6946E-03 -4.7470E-02 -4.4726E-02 -2.3400E-02
  5.4516E-02 -1.1911E-02 -1.7067E-01  1.0275E-01  1.5354E-01  2.1188E-02
  3.5644E-03 -9.0499E-02 -4.4268E-01 -3.0222E-01  2.3328E-01  1.1344E-01
 -5.2335E-01  4.2339E-03 -3.2328E-01 -2.6608E-01 -6.2592E-01 -3.2444E-01
   52.500000000000000     
 -6.1833E-01 -3.0563E-01  3.2704E-01  2.3104E-01 -5.2348E-01 -4.9549E-04
 -2.3932E-01 -9.0659E-02 -4.3978E-01 -2.9369E-01 -2.7996E-03  9.2492E-02
 -1.5577E-01 -2.1739E-02 -1.6803E-01  1.0152E-01 -5.3977E-02  9.0385E-03
 -4.5603E-02 -2.2520E-02 -1.1634E-03  4.8624E-02  1.2288E-02  8.4188E-03
  1.1712E-01 -7.2139E-02 -2.5707E-01 -2.4345E-01  1.6808E-01  6.7316E-02
 -4.5787E-01 -7.9813E-02 -2.0586E-01  1.2967E-02 -4.5424E-01 -1.5431E-01
 -4.5424E-01 -1.5431E-01  2.0586E-01 -1.2967E-02 -4.5787E-01 -7.9813E-02
 -1.6808E-01 -6.7316E-02 -2.5707E-01 -2.4345E-01 -1.1712E-01  7.2139E-02
  1.2288E-02  8.4188E-03  1.1634E-03 -4.8624E-02 -4.5603E-02 -2.2520E-02
  5.3977E-02 -9.0385E-03 -1.6803E-01  1.0152E-01  1.5577E-01  2.1739E-02
  2.7996E-03 -9.2492E-02 -4.3978E-01 -2.9369E-01  2.3932E-01  9.0659E-02
 -5.2348E-01 -4.9549E-04 -3.2704E-01 -2.3104E-01 -6.1833E-01 -3.0563E-01
   53.000000000000000     
 -6.1044E-01 -2.8705E-01  3.3063E-01  1.9650E-01 -5.2367E-01 -5.3307E-03
 -2.4525E-01 -6.8255E-02 -4.3667E-01 -2.8520E-01 -2.0075E-03  9.4491E-02
 -1.5796E-01 -2.2262E-02 -1.6533E-01  1.0026E-01 -5.3418E-02  6.1329E-03
 -4.6469E-02 -2.1595E-02 -6.1260E-04  4.9784E-02  1.2613E-02  8.4919E-03
  1.1815E-01 -7.4213E-02 -2.5648E-01 -2.3745E-01  1.6976E-01  5.2818E-02
 -4.5551E-01 -8.3608E-02 -2.0925E-01  3.9119E-02 -4.4860E-01 -1.4086E-01
 -4.4860E-01 -1.4086E-01  2.0925E-01 -3.9119E-02 -4.5551E-01 -8.3608E-02
 -1.6976E-01 -5.2818E-02 -2.5648E-01 -2.3745E-01 -1.1815E-01  7.4213E-02
  1.2613E-02  8.4919E-03  6.1260E-04 -4.9784E-02 -4.6469E-02 -2.1595E-02
  5.3418E-02 -6.1329E-03 -1.6533E-01  1.0026E-01  1.5796E-01  2.2262E-02
  2.0075E-03 -9.4491E-02 -4.3667E-01 -2.8520E-01  2.4525E-01  6.8255E-02
 -5.2367E-01 -5.3307E-03 -3.3063E-01 -1.9650E-01 -6.1044E-01 -2.8705E-01
   53.500000000000000     
 -6.0226E-01 -2.6873E-01  3.3406E-01  1.6247E-01 -5.2391E-01 -1.0246E-02
 -2.5107E-01 -4.6222E-02 -4.3336E-01 -2.7673E-01 -1.1883E-03  9.6495E-02
 -1.6010E-01 -2.2759E-02 -1.6258E-01  9.8959E-02 -5.2840E-02  3.1972E-03
 -4.7323E-02 -2.0625E-02 -4.2386E-05  5.0946E-02  1.2940E-02  8.5597E-03
  1.1914E-01 -7.6307E-02 -2.5581E-01 -2.3145E-01  1.7138E-01  3.8586E-02
 -4.5315E-01 -8.7459E-02 -2.1256E-01  6.4878E-02 -4.4275E-01 -1.2759E-01
 -4.4275E-01 -1.2759E-01  2.1256E-01 -6.4878E-02 -4.5315E-01 -8.7459E-02
 -1.7138E-01 -3.8586E-02 -2.5581E-01 -2.3145E-01 -1.1914E-01  7.6307E-02
  1.2940E-02  8.5597E-03  4.2386E-05 -5.0946E-02 -4.7323E-02 -2.0625E-02
  5.2840E-02 -3.1972E-03 -1.6258E-01  9.8959E-02  1.6010E-01  2.2759E-02
  1.1883E-03 -9.6495E-02 -4.3336E-01 -2.7673E-01  2.5107E-01  4.6222E-02
 -5.2391E-01 -1.0246E-02 -3.3406E-01 -1.6247E-01 -6.0226E-01 -2.6873E-01
   54.000000000000000     
 -5.9381E-01 -2.5065E-01  3.3732E-01  1.2893E-01 -5.2420E-01 -1.5218E-02
 -2.5677E-01 -2.4555E-02 -4.2985E-01 -2.6831E-01 -3.4236E-04  9.8502E-02
 -1.6221E-01 -2.3227E-02 -1.5978E-01  9.7626E-02 -5.2243E-02  2.3427E-04
 -4.8164E-02 -1.9611E-02  5.4718E-04  5.2111E-02  1.3268E-02  8.6220E-03
  1.2009E-01 -7.8419E-02 -2.5505E-01 -2.2544E-01  1.7293E-01  2.4614E-02
 -4.5077E-01 -9.1348E-02 -2.1578E-01  9.0244E-02 -4.3669E-01 -1.1453E-01
 -4.3669E-01 -1.1453E-01  2.1578E-01 -9.0244E-02 -4.5077E-01 -9.1348E-02
 -1.7293E-01 -2.4614E-02 -2.5505E-01 -2.2544E-01 -1.2009E-01  7.8419E-02
  1.3268E-02  8.6220E-03 -5.4718E-04 -5.2111E-02 -4.8164E-02 -1.9611E-02
  5.2243E-02 -2.3427E-04 -1.5978E-01  9.7626E-02  1.6221E-01  2.3227E-02
  3.4236E-04 -9.8502E-02 -4.2985E-01 -2.6831E-01  2.5677E-01  2.4555E-02
 -5.2420E-01 -1.5218E-02 -3.3732E-01 -1.2893E-01 -5.9381E-01 -2.5065E-01
   54.500000000000000     
 -5.8510E-01 -2.3284E-01  3.4041E-01  9.5890E-02 -5.2452E-01 -2.0220E-02
 -2.6236E-01 -3.2507E-03 -4.2614E-01 -2.5992E-01  5.3000E-04  1.0051E-01
 -1.6427E-01 -2.3668E-02 -1.5692E-01  9.6259E-02 -5.1626E-02 -2.7530E-03
 -4.8989E-02 -1.8554E-02  1.1560E-03  5.3277E-02  1.3598E-02  8.6787E-03
  1.2100E-01 -8.0549E-02 -2.5421E-01 -2.1942E-01  1.7441E-01  1.0896E-02
 -4.4838E-01 -9.5259E-02 -2.1890E-01  1.1522E-01 -4.3044E-01 -1.0165E-01
 -4.3044E-01 -1.0165E-01  2.1890E-01 -1.1522E-01 -4.4838E-01 -9.5259E-02
 -1.7441E-01 -1.0896E-02 -2.5421E-01 -2.1942E-01 -1.2100E-01  8.0549E-02
  1.3598E-02  8.6787E-03 -1.1560E-03 -5.3277E-02 -4.8989E-02 -1.8554E-02
  5.1626E-02  2.7530E-03 -1.5692E-01  9.6259E-02  1.6427E-01  2.3668E-02
 -5.3000E-04 -1.0051E-01 -4.2614E-01 -2.5992E-01  2.6236E-01  3.2507E-03
 -5.2452E-01 -2.0220E-02 -3.4041E-01 -9.5890E-02 -5.8510E-01 -2.3284E-01
   55.000000000000000     
 -5.7615E-01 -2.1529E-01  3.4334E-01  6.3337E-02 -5.2488E-01 -2.5228E-02
 -2.6783E-01  1.7698E-02 -4.2223E-01 -2.5156E-01  1.4284E-03  1.0252E-01
 -1.6629E-01 -2.4081E-02 -1.5402E-01  9.4857E-02 -5.0989E-02 -5.7616E-03
 -4.9799E-02 -1.7455E-02  1.7839E-03  5.4443E-02  1.3929E-02  8.7295E-03
  1.2186E-01 -8.2694E-02 -2.5330E-01 -2.1341E-01  1.7582E-01 -2.5735E-03
 -4.4597E-01 -9.9172E-02 -2.2194E-01  1.3981E-01 -4.2401E-01 -8.8982E-02
 -4.2401E-01 -8.8982E-02  2.2194E-01 -1.3981E-01 -4.4597E-01 -9.9172E-02
 -1.7582E-01  2.5735E-03 -2.5330E-01 -2.1341E-01 -1.2186E-01  8.2694E-02
  1.3929E-02  8.7295E-03 -1.7839E-03 -5.4443E-02 -4.9799E-02 -1.7455E-02
  5.0989E-02  5.7616E-03 -1.5402E-01  9.4857E-02  1.6629E-01  2.4081E-02
 -1.4284E-03 -1.0252E-01 -4.2223E-01 -2.5156E-01  2.6783E-01 -1.7698E-02
 -5.2488E-01 -2.5228E-02 -3.4334E-01 -6.3337E-02 -5.7615E-01 -2.1529E-01
   55.500000000000000     
 -5.6696E-01 -1.9800E-01  3.4610E-01  3.1268E-02 -5.2525E-01 -3.0220E-02
 -2.7317E-01  3.8298E-02 -4.1815E-01 -2.4325E-01  2.3523E-03  1.0453E-01
 -1.6826E-01 -2.4467E-02 -1.5106E-01  9.3422E-02 -5.0332E-02 -8.7883E-03
 -5.0592E-02 -1.6314E-02  2.4309E-03  5.5607E-02  1.4260E-02  8.7744E-03
  1.2268E-01 -8.4853E-02 -2.5230E-01 -2.0739E-01  1.7716E-01 -1.5802E-02
 -4.4354E-01 -1.0307E-01 -2.2489E-01  1.6401E-01 -4.1739E-01 -7.6512E-02
 -4.1739E-01 -7.6512E-02  2.2489E-01 -1.6401E-01 -4.4354E-01 -1.0307E-01
 -1.7716E-01  1.5802E-02 -2.5230E-01 -2.0739E-01 -1.2268E-01  8.4853E-02
  1.4260E-02  8.7744E-03 -2.4309E-03 -5.5607E-02 -5.0592E-02 -1.6314E-02
  5.0332E-02  8.7883E-03 -1.5106E-01  9.3422E-02  1.6826E-01  2.4467E-02
 -2.3523E-03 -1.0453E-01 -4.1815E-01 -2.4325E-01  2.7317E-01 -3.8298E-02
 -5.2525E-01 -3.0220E-02 -3.4610E-01 -3.1268E-02 -5.6696E-01 -1.9800E-01
   56.000000000000000     
 -5.5755E-01 -1.8098E-01  3.4870E-01 -3.2416E-04 -5.2564E-01 -3.5172E-02
 -2.7840E-01  5.8554E-02 -4.1388E-01 -2.3499E-01  3.3013E-03  1.0654E-01
 -1.7019E-01 -2.4824E-02 -1.4806E-01  9.1954E-02 -4.9656E-02 -1.1830E-02
 -5.1368E-02 -1.5131E-02  3.0967E-03  5.6769E-02  1.4592E-02  8.8132E-03
  1.2346E-01 -8.7025E-02 -2.5123E-01 -2.0137E-01  1.7844E-01 -2.8797E-02
 -4.4108E-01 -1.0694E-01 -2.2774E-01  1.8783E-01 -4.1061E-01 -6.4245E-02
 -4.1061E-01 -6.4245E-02  2.2774E-01 -1.8783E-01 -4.4108E-01 -1.0694E-01
 -1.7844E-01  2.8797E-02 -2.5123E-01 -2.0137E-01 -1.2346E-01  8.7025E-02
  1.4592E-02  8.8132E-03 -3.0967E-03 -5.6769E-02 -5.1368E-02 -1.5131E-02
  4.9656E-02  1.1830E-02 -1.4806E-01  9.1954E-02  1.7019E-01  2.4824E-02
 -3.3013E-03 -1.0654E-01 -4.1388E-01 -2.3499E-01  2.7840E-01 -5.8554E-02
 -5.2564E-01 -3.5172E-02 -3.4870E-01  3.2416E-04 -5.5755E-01 -1.8098E-01
   56.500000000000000     
 -5.4793E-01 -1.6423E-01  3.5112E-01 -3.1446E-02 -5.2602E-01 -4.0062E-02
 -2.8349E-01  7.8476E-02 -4.0944E-01 -2.2676E-01  4.2748E-03  1.0855E-01
 -1.7207E-01 -2.5154E-02 -1.4501E-01  9.0451E-02 -4.8960E-02 -1.4883E-02
 -5.2124E-02 -1.3908E-02  3.7813E-03  5.7927E-02  1.4925E-02  8.8458E-03
  1.2419E-01 -8.9208E-02 -2.5009E-01 -1.9535E-01  1.7965E-01 -4.1566E-02
 -4.3858E-01 -1.1076E-01 -2.3050E-01  2.1128E-01 -4.0366E-01 -5.2183E-02
 -4.0366E-01 -5.2183E-02  2.3050E-01 -2.1128E-01 -4.3858E-01 -1.1076E-01
 -1.7965E-01  4.1566E-02 -2.5009E-01 -1.9535E-01 -1.2419E-01  8.9208E-02
  1.4925E-02  8.8458E-03 -3.7813E-03 -5.7927E-02 -5.2124E-02 -1.3908E-02
  4.8960E-02  1.4883E-02 -1.4501E-01  9.0451E-02  1.7207E-01  2.5154E-02
 -4.2748E-03 -1.0855E-01 -4.0944E-01 -2.2676E-01  2.8349E-01 -7.8476E-02
 -5.2602E-01 -4.0062E-02 -3.5112E-01  3.1446E-02 -5.4793E-01 -1.6423E-01
   57.000000000000000     
 -5.3812E-01 -1.4775E-01  3.5339E-01 -6.2104E-02 -5.2639E-01 -4.4868E-02
 -2.8846E-01  9.8068E-02 -4.0483E-01 -2.1858E-01  5.2723E-03  1.1055E-01
 -1.7390E-01 -2.5456E-02 -1.4192E-01  8.8915E-02 -4.8244E-02 -1.7943E-02
 -5.2861E-02 -1.2646E-02  4.4844E-03  5.9080E-02  1.5258E-02  8.8718E-03
  1.2488E-01 -9.1401E-02 -2.4888E-01 -1.8934E-01  1.8080E-01 -5.4115E-02
 -4.3605E-01 -1.1452E-01 -2.3317E-01  2.3436E-01 -3.9657E-01 -4.0326E-02
 -3.9657E-01 -4.0326E-02  2.3317E-01 -2.3436E-01 -4.3605E-01 -1.1452E-01
 -1.8080E-01  5.4115E-02 -2.4888E-01 -1.8934E-01 -1.2488E-01  9.1401E-02
  1.5258E-02  8.8718E-03 -4.4844E-03 -5.9080E-02 -5.2861E-02 -1.2646E-02
  4.8244E-02  1.7943E-02 -1.4192E-01  8.8915E-02  1.7390E-01  2.5456E-02
 -5.2723E-03 -1.1055E-01 -4.0483E-01 -2.1858E-01  2.8846E-01 -9.8068E-02
 -5.2639E-01 -4.4868E-02 -3.5339E-01  6.2104E-02 -5.3812E-01 -1.4775E-01
   57.500000000000000     
 -5.2812E-01 -1.3153E-01  3.5548E-01 -9.2305E-02 -5.2675E-01 -4.9570E-02
 -2.9330E-01  1.1734E-01 -4.0005E-01 -2.1044E-01  6.2932E-03  1.1255E-01
 -1.7568E-01 -2.5731E-02 -1.3878E-01  8.7345E-02 -4.7508E-02 -2.1009E-02
 -5.3577E-02 -1.1344E-02  5.2058E-03  6.0227E-02  1.5591E-02  8.8913E-03
  1.2552E-01 -9.3602E-02 -2.4761E-01 -1.8332E-01  1.8188E-01 -6.6454E-02
 -4.3347E-01 -1.1820E-01 -2.3575E-01  2.5707E-01 -3.8933E-01 -2.8675E-02
 -3.8933E-01 -2.8675E-02  2.3575E-01 -2.5707E-01 -4.3347E-01 -1.1820E-01
 -1.8188E-01  6.6454E-02 -2.4761E-01 -1.8332E-01 -1.2552E-01  9.3602E-02
  1.5591E-02  8.8913E-03 -5.2058E-03 -6.0227E-02 -5.3577E-02 -1.1344E-02
  4.7508E-02  2.1009E-02 -1.3878E-01  8.7345E-02  1.7568E-01  2.5731E-02
 -6.2932E-03 -1.1255E-01 -4.0005E-01 -2.1044E-01  2.9330E-01 -1.1734E-01
 -5.2675E-01 -4.9570E-02 -3.5548E-01  9.2305E-02 -5.2812E-01 -1.3153E-01
   58.000000000000000     
 -5.1796E-01 -1.1559E-01  3.5741E-01 -1.2206E-01 -5.2708E-01 -5.4148E-02
 -2.9800E-01  1.3630E-01 -3.9512E-01 -2.0235E-01  7.3368E-03  1.1454E-01
 -1.7742E-01 -2.5978E-02 -1.3560E-01  8.5741E-02 -4.6753E-02 -2.4075E-02
 -5.4271E-02 -1.0002E-02  5.9452E-03  6.1365E-02  1.5924E-02  8.9039E-03
  1.2612E-01 -9.5810E-02 -2.4627E-01 -1.7730E-01  1.8289E-01 -7.8588E-02
 -4.3085E-01 -1.2179E-01 -2.3824E-01  2.7942E-01 -3.8196E-01 -1.7229E-02
 -3.8196E-01 -1.7229E-02  2.3824E-01 -2.7942E-01 -4.3085E-01 -1.2179E-01
 -1.8289E-01  7.8588E-02 -2.4627E-01 -1.7730E-01 -1.2612E-01  9.5810E-02
  1.5924E-02  8.9039E-03 -5.9452E-03 -6.1365E-02 -5.4271E-02 -1.0002E-02
  4.6753E-02  2.4075E-02 -1.3560E-01  8.5741E-02  1.7742E-01  2.5978E-02
 -7.3368E-03 -1.1454E-01 -3.9512E-01 -2.0235E-01  2.9800E-01 -1.3630E-01
 -5.2708E-01 -5.4148E-02 -3.5741E-01  1.2206E-01 -5.1796E-01 -1.1559E-01
   58.500000000000000     
 -5.0763E-01 -9.9926E-02  3.5917E-01 -1.5136E-01 -5.2736E-01 -5.8584E-02
 -3.0257E-01  1.5494E-01 -3.9003E-01 -1.9431E-01  8.4023E-03  1.1653E-01
 -1.7910E-01 -2.6197E-02 -1.3239E-01  8.4102E-02 -4.5978E-02 -2.7139E-02
 -5.4944E-02 -8.6229E-03  6.7026E-03  6.2494E-02  1.6256E-02  8.9096E-03
  1.2667E-01 -9.8023E-02 -2.4487E-01 -1.7127E-01  1.8384E-01 -9.0526E-02
 -4.2817E-01 -1.2528E-01 -2.4063E-01  3.0141E-01 -3.7447E-01 -5.9886E-03
 -3.7447E-01 -5.9886E-03  2.4063E-01 -3.0141E-01 -4.2817E-01 -1.2528E-01
 -1.8384E-01  9.0526E-02 -2.4487E-01 -1.7127E-01 -1.2667E-01  9.8023E-02
  1.6256E-02  8.9096E-03 -6.7026E-03 -6.2494E-02 -5.4944E-02 -8.6229E-03
  4.5978E-02  2.7139E-02 -1.3239E-01  8.4102E-02  1.7910E-01  2.6197E-02
 -8.4023E-03 -1.1653E-01 -3.9003E-01 -1.9431E-01  3.0257E-01 -1.5494E-01
 -5.2736E-01 -5.8584E-02 -3.5917E-01  1.5136E-01 -5.0763E-01 -9.9926E-02
   59.000000000000000     
 -4.9716E-01 -8.4529E-02  3.6077E-01 -1.8023E-01 -5.2760E-01 -6.2860E-02
 -3.0700E-01  1.7329E-01 -3.8479E-01 -1.8631E-01  9.4890E-03  1.1850E-01
 -1.8074E-01 -2.6389E-02 -1.2913E-01  8.2429E-02 -4.5183E-02 -3.0197E-02
 -5.5593E-02 -7.2052E-03  7.4774E-03  6.3613E-02  1.6588E-02  8.9081E-03
  1.2718E-01 -1.0024E-01 -2.4342E-01 -1.6525E-01  1.8473E-01 -1.0227E-01
 -4.2544E-01 -1.2865E-01 -2.4293E-01  3.2305E-01 -3.6686E-01  5.0456E-03
 -3.6686E-01  5.0456E-03  2.4293E-01 -3.2305E-01 -4.2544E-01 -1.2865E-01
 -1.8473E-01  1.0227E-01 -2.4342E-01 -1.6525E-01 -1.2718E-01  1.0024E-01
  1.6588E-02  8.9081E-03 -7.4774E-03 -6.3613E-02 -5.5593E-02 -7.2052E-03
  4.5183E-02  3.0197E-02 -1.2913E-01  8.2429E-02  1.8074E-01  2.6389E-02
 -9.4890E-03 -1.1850E-01 -3.8479E-01 -1.8631E-01  3.0700E-01 -1.7329E-01
 -5.2760E-01 -6.2860E-02 -3.6077E-01  1.8023E-01 -4.9716E-01 -8.4529E-02
   59.500000000000000     
 -4.8656E-01 -6.9404E-02  3.6220E-01 -2.0866E-01 -5.2779E-01 -6.6960E-02
 -3.1128E-01  1.9134E-01 -3.7942E-01 -1.7835E-01  1.0596E-02  1.2047E-01
 -1.8233E-01 -2.6554E-02 -1.2584E-01  8.0721E-02 -4.4368E-02 -3.3246E-02
 -5.6220E-02 -5.7498E-03  8.2694E-03  6.4720E-02  1.6920E-02  8.8992E-03
  1.2764E-01 -1.0246E-01 -2.4191E-01 -1.5923E-01  1.8554E-01 -1.1384E-01
 -4.2264E-01 -1.3189E-01 -2.4513E-01  3.4434E-01 -3.5914E-01  1.5874E-02
 -3.5914E-01  1.5874E-02  2.4513E-01 -3.4434E-01 -4.2264E-01 -1.3189E-01
 -1.8554E-01  1.1384E-01 -2.4191E-01 -1.5923E-01 -1.2764E-01  1.0246E-01
  1.6920E-02  8.8992E-03 -8.2694E-03 -6.4720E-02 -5.6220E-02 -5.7498E-03
  4.4368E-02  3.3246E-02 -1.2584E-01  8.0721E-02  1.8233E-01  2.6554E-02
 -1.0596E-02 -1.2047E-01 -3.7942E-01 -1.7835E-01  3.1128E-01 -1.9134E-01
 -5.2779E-01 -6.6960E-02 -3.6220E-01  2.0866E-01 -4.8656E-01 -6.9404E-02
   60.000000000000000     
 -4.7584E-01 -5.4553E-02  3.6345E-01 -2.3666E-01 -5.2790E-01 -7.0868E-02
 -3.1543E-01  2.0910E-01 -3.7390E-01 -1.7044E-01  1.1723E-02  1.2242E-01
 -1.8386E-01 -2.6691E-02 -1.2251E-01  7.8979E-02 -4.3533E-02 -3.6282E-02
 -5.6822E-02 -4.2570E-03  9.0783E-03  6.5814E-02  1.7250E-02  8.8829E-03
  1.2805E-01 -1.0468E-01 -2.4034E-01 -1.5320E-01  1.8630E-01 -1.2522E-01
 -4.1978E-01 -1.3499E-01 -2.4723E-01  3.6527E-01 -3.5133E-01  2.6496E-02
 -3.5133E-01  2.6496E-02  2.4723E-01 -3.6527E-01 -4.1978E-01 -1.3499E-01
 -1.8630E-01  1.2522E-01 -2.4034E-01 -1.5320E-01 -1.2805E-01  1.0468E-01
  1.7250E-02  8.8829E-03 -9.0783E-03 -6.5814E-02 -5.6822E-02 -4.2570E-03
  4.3533E-02  3.6282E-02 -1.2251E-01  7.8979E-02  1.8386E-01  2.6691E-02
 -1.1723E-02 -1.2242E-01 -3.7390E-01 -1.7044E-01  3.1543E-01 -2.0910E-01
 -5.2790E-01 -7.0868E-02 -3.6345E-01  2.3666E-01 -4.7584E-01 -5.4553E-02
