   19.900   0.879034       0.867046E-02   0.986361E-02
   19.900   0.231294E-01   0.408397E-03   0.176571E-01
# For Channel #  3: l = 1, j =  0.5, c#  1
    0.900   0.807656E-01   0.178805        2.21388    
    1.000   0.109259       0.214584        1.96399    
    1.100   0.143124       0.251630        1.75812    
    1.200   0.182493       0.289330        1.58543    
    1.300   0.227383       0.327071        1.43841    
    1.400   0.277700       0.364253        1.31168    
    1.500   0.333231       0.400305        1.20128    
    1.600   0.393652       0.434693        1.10426    
    1.700   0.458531       0.466930        1.01832    
    1.800   0.527341       0.496590       0.941687    
    1.900   0.599472       0.523312       0.872955    
    2.000   0.674245       0.546805       0.810990    
    2.100   0.750934       0.566857       0.754869    
    2.200   0.828785       0.583330       0.703837    
    2.300   0.907038       0.596164       0.657264    
    2.400   0.984947       0.605371       0.614623    
    2.500    1.06180       0.611032       0.575467    
    2.600    1.13694       0.613289       0.539419    
    2.700    1.20978       0.612335       0.506152    
    2.800    1.27981       0.608406       0.475386    
    2.900    1.34661       0.601771       0.446877    
    3.000    1.40986       0.592719       0.420411    
    3.100    1.46930       0.581555       0.395803    
    3.200    1.52481       0.568581       0.372888    
    3.300    1.57630       0.554099       0.351519    
    3.400    1.62379       0.538395       0.331567    
    3.500    1.66735       0.521740       0.312916    
    3.600    1.70710       0.504383       0.295462    
    3.700    1.74319       0.486548       0.279113    
    3.800    1.77583       0.468435       0.263783    
    3.900    1.80523       0.450220       0.249398    
    4.000    1.83161       0.432053       0.235887    
    4.100    1.85520       0.414059       0.223189    
    4.200    1.87624       0.396346       0.211245    
    4.300    1.89495       0.378997       0.200004    
    4.400    1.91154       0.362081       0.189418    
    4.500    1.92623       0.345650       0.179443    
    4.600    1.93921       0.329742       0.170039    
    4.700    1.95066       0.314384       0.161168    
    4.800    1.96073       0.299594       0.152797    
    4.900    1.96959       0.285380       0.144893    
    5.000    1.97737       0.271745       0.137427    
    5.100    1.98419       0.258685       0.130373    
    5.200    1.99017       0.246194       0.123705    
    5.300    1.99540       0.234259       0.117399    
    5.400    1.99998       0.222867       0.111435    
    5.500    2.00398       0.212002       0.105791    
    5.600    2.00748       0.201648       0.100448    
    5.700    2.01053       0.191785       0.953906E-01
    5.800    2.01319       0.182396       0.906005E-01
    5.900    2.01551       0.173460       0.860629E-01
    6.000    2.01753       0.164960       0.817634E-01
    6.100    2.01929       0.156876       0.776885E-01
    6.200    2.02083       0.149189       0.738256E-01
    6.300    2.02217       0.141881       0.701630E-01
    6.400    2.02333       0.134935       0.666896E-01
    6.500    2.02434       0.128333       0.633948E-01
    6.600    2.02523       0.122058       0.602690E-01
    6.700    2.02599       0.116096       0.573030E-01
    6.800    2.02666       0.110429       0.544882E-01
    6.900    2.02724       0.105044       0.518163E-01
    7.000    2.02775       0.999267E-01   0.492797E-01
    7.100    2.02818       0.950636E-01   0.468713E-01
    7.200    2.02857       0.904419E-01   0.445842E-01
    7.300    2.02890       0.860496E-01   0.424120E-01
    7.400    2.02919       0.818749E-01   0.403487E-01
    7.500    2.02944       0.779070E-01   0.383885E-01
    7.600    2.02965       0.741354E-01   0.365262E-01
    7.700    2.02984       0.705502E-01   0.347565E-01
    7.800    2.03001       0.671419E-01   0.330747E-01
    7.900    2.03015       0.639017E-01   0.314763E-01
    8.000    2.03027       0.608209E-01   0.299570E-01
    8.100    2.03038       0.578916E-01   0.285127E-01
    8.200    2.03047       0.551062E-01   0.271396E-01
    8.300    2.03056       0.524573E-01   0.258340E-01
    8.400    2.03063       0.499382E-01   0.245925E-01
    8.500    2.03069       0.475423E-01   0.234119E-01
    8.600    2.03074       0.452634E-01   0.222891E-01
    8.700    2.03079       0.430957E-01   0.212212E-01
    8.800    2.03083       0.410336E-01   0.202054E-01
    8.900    2.03086       0.390719E-01   0.192391E-01
    9.000    2.03089       0.372055E-01   0.183198E-01
    9.100    2.03092       0.354297E-01   0.174452E-01
    9.200    2.03094       0.337400E-01   0.166130E-01
    9.300    2.03096       0.321322E-01   0.158212E-01
    9.400    2.03098       0.306021E-01   0.150677E-01
    9.500    2.03099       0.291459E-01   0.143506E-01
    9.600    2.03101       0.277601E-01   0.136681E-01
    9.700    2.03102       0.264411E-01   0.130186E-01
    9.800    2.03103       0.251856E-01   0.124004E-01
    9.900    2.03104       0.239905E-01   0.118119E-01
   10.000    2.03104       0.228528E-01   0.112518E-01
   10.100    2.03105       0.217698E-01   0.107185E-01
   10.200    2.03105       0.207388E-01   0.102109E-01
   10.300    2.03106       0.197572E-01   0.972754E-02
   10.400    2.03106       0.188226E-01   0.926736E-02
   10.500    2.03107       0.179327E-01   0.882922E-02
   10.600    2.03107       0.170854E-01   0.841202E-02
   10.700    2.03107       0.162786E-01   0.801475E-02
   10.800    2.03108       0.155102E-01   0.763645E-02
   10.900    2.03108       0.147785E-01   0.727620E-02
   11.000    2.03108       0.140817E-01   0.693312E-02
   11.100    2.03108       0.134181E-01   0.660637E-02
   11.200    2.03108       0.127860E-01   0.629518E-02
   11.300    2.03108       0.121840E-01   0.599878E-02
   11.400    2.03108       0.116106E-01   0.571648E-02
   11.500    2.03109       0.110645E-01   0.544758E-02
   11.600    2.03109       0.105443E-01   0.519144E-02
   11.700    2.03109       0.100487E-01   0.494745E-02
   11.800    2.03109       0.957663E-02   0.471503E-02
   11.900    2.03109       0.912692E-02   0.449361E-02
   12.000    2.03109       0.869850E-02   0.428268E-02
   12.100    2.03109       0.829035E-02   0.408173E-02
   12.200    2.03109       0.790151E-02   0.389028E-02
   12.300    2.03109       0.753104E-02   0.370788E-02
   12.400    2.03109       0.717807E-02   0.353410E-02
   12.500    2.03109       0.684176E-02   0.336852E-02
   12.600    2.03109       0.652133E-02   0.321075E-02
   12.700    2.03109       0.621601E-02   0.306043E-02
   12.800    2.03109       0.592508E-02   0.291719E-02
   12.900    2.03109       0.564785E-02   0.278070E-02
   13.000    2.03109       0.538369E-02   0.265064E-02
   13.100    2.03109       0.513196E-02   0.252670E-02
   13.200    2.03109       0.489207E-02   0.240859E-02
   13.300    2.03109       0.466347E-02   0.229604E-02
   13.400    2.03109       0.444561E-02   0.218878E-02
   13.500    2.03109       0.423799E-02   0.208656E-02
   13.600    2.03109       0.404013E-02   0.198914E-02
   13.700    2.03109       0.385155E-02   0.189630E-02
   13.800    2.03109       0.367183E-02   0.180781E-02
   13.900    2.03109       0.350054E-02   0.172348E-02
   14.000    2.03109       0.333728E-02   0.164310E-02
   14.100    2.03109       0.318168E-02   0.156649E-02
   14.200    2.03109       0.303337E-02   0.149347E-02
   14.300    2.03109       0.289200E-02   0.142387E-02
   14.400    2.03109       0.275726E-02   0.135753E-02
   14.500    2.03109       0.262883E-02   0.129429E-02
   14.600    2.03109       0.250641E-02   0.123402E-02
   14.700    2.03109       0.238971E-02   0.117657E-02
   14.800    2.03109       0.227847E-02   0.112180E-02
   14.900    2.03109       0.217244E-02   0.106959E-02
   15.000    2.03109       0.207136E-02   0.101983E-02
   15.100    2.03109       0.197501E-02   0.972387E-03
   15.200    2.03109       0.188315E-02   0.927163E-03
   15.300    2.03109       0.179559E-02   0.884051E-03
   15.400    2.03109       0.171211E-02   0.842953E-03
   15.500    2.03109       0.163253E-02   0.803772E-03
   15.600    2.03109       0.155667E-02   0.766420E-03
   15.700    2.03109       0.148434E-02   0.730811E-03
   15.800    2.03109       0.141539E-02   0.696862E-03
   15.900    2.03109       0.134965E-02   0.664497E-03
   16.000    2.03109       0.128698E-02   0.633640E-03
   16.100    2.03109       0.122723E-02   0.604221E-03
   16.200    2.03109       0.117026E-02   0.576173E-03
   16.300    2.03109       0.111595E-02   0.549432E-03
   16.400    2.03109       0.106416E-02   0.523936E-03
   16.500    2.03109       0.101479E-02   0.499627E-03
   16.600    2.03109       0.967714E-03   0.476450E-03
   16.700    2.03109       0.922830E-03   0.454352E-03
   16.800    2.03109       0.880034E-03   0.433282E-03
   16.900    2.03109       0.839230E-03   0.413192E-03
   17.000    2.03109       0.800323E-03   0.394036E-03
   17.100    2.03109       0.763226E-03   0.375771E-03
   17.200    2.03109       0.727853E-03   0.358356E-03
   17.300    2.03109       0.694125E-03   0.341750E-03
   17.400    2.03109       0.661964E-03   0.325916E-03
   17.500    2.03109       0.631298E-03   0.310817E-03
   17.600    2.03109       0.602057E-03   0.296420E-03
   17.700    2.03109       0.574173E-03   0.282692E-03
   17.800    2.03109       0.547585E-03   0.269601E-03
   17.900    2.03109       0.522231E-03   0.257119E-03
   18.000    2.03109       0.498054E-03   0.245215E-03
   18.100    2.03109       0.475000E-03   0.233864E-03
   18.200    2.03109       0.453015E-03   0.223040E-03
   18.300    2.03109       0.432051E-03   0.212719E-03
   18.400    2.03109       0.412059E-03   0.202876E-03
   18.500    2.03109       0.392994E-03   0.193489E-03
   18.600    2.03109       0.374814E-03   0.184538E-03
   18.700    2.03109       0.357477E-03   0.176002E-03
   18.800    2.03109       0.340943E-03   0.167862E-03
   18.900    2.03109       0.325176E-03   0.160099E-03
   19.000    2.03109       0.310140E-03   0.152696E-03
   19.100    2.03109       0.295801E-03   0.145636E-03
   19.200    2.03109       0.282126E-03   0.138904E-03
   19.300    2.03109       0.269085E-03   0.132483E-03
   19.400    2.03109       0.256648E-03   0.126360E-03
   19.500    2.03109       0.244787E-03   0.120520E-03
   19.600    2.03109       0.233475E-03   0.114951E-03
   19.700    2.03109       0.222687E-03   0.109639E-03
   19.800    2.03109       0.212398E-03   0.104574E-03
   19.900    2.03109       0.202586E-03   0.997427E-04
 &
# For Channel #  4: l = 1, j =  1.5, c#  1
    0.900   0.125716       0.191626        1.52427    
    1.000   0.171843       0.230039        1.33866    
    1.100   0.227580       0.269842        1.18570    
    1.200   0.293505       0.310371        1.05746    
    1.300   0.370043       0.350962       0.948436    
    1.400   0.457441       0.390956       0.854660    
    1.500   0.555755       0.429719       0.773216    
    1.600   0.664835       0.466649       0.701902    
    1.700   0.784314       0.501192       0.639019    
    1.800   0.913608       0.532851       0.583238    
    1.900    1.05192       0.561197       0.533498    
    2.000    1.19825       0.585877       0.488945    
    2.100    1.35141       0.606619       0.448879    
    2.200    1.51006       0.623237       0.412724    
    2.300    1.67274       0.635633       0.379995    
    2.400    1.83790       0.643797       0.350289    
    2.500    2.00396       0.647798       0.323259    
    2.600    2.16934       0.647788       0.298611    
    2.700    2.33251       0.643982       0.276090    
    2.800    2.49203       0.636658       0.255477    
    2.900    2.64662       0.626138       0.236580    
    3.000    2.79514       0.612782       0.219231    
    3.100    2.93665       0.596968       0.203282    
    3.200    3.07040       0.579084       0.188602    
    3.300    3.19586       0.559519       0.175076    
    3.400    3.31269       0.538645       0.162600    
    3.500    3.42076       0.516817       0.151083    
    3.600    3.52007       0.494360       0.140440    
    3.700    3.61079       0.471567       0.130599    
    3.800    3.69321       0.448698       0.121492    
    3.900    3.76771       0.425976       0.113060    
    4.000    3.83473       0.403589       0.105246    
    4.100    3.89477       0.381693       0.980014E-01
    4.200    3.94835       0.360411       0.912814E-01
    4.300    3.99600       0.339839       0.850448E-01
    4.400    4.03825       0.320047       0.792540E-01
    4.500    4.07560       0.301084       0.738747E-01
    4.600    4.10854       0.282979       0.688758E-01
    4.700    4.13753       0.265748       0.642285E-01
    4.800    4.16299       0.249391       0.599066E-01
    4.900    4.18532       0.233900       0.558859E-01
    5.000    4.20486       0.219259       0.521443E-01
    5.100    4.22195       0.205445       0.486613E-01
    5.200    4.23687       0.192431       0.454181E-01
    5.300    4.24989       0.180185       0.423975E-01
    5.400    4.26124       0.168674       0.395834E-01
    5.500    4.27113       0.157866       0.369611E-01
    5.600    4.27973       0.147724       0.345170E-01
    5.700    4.28721       0.138214       0.322385E-01
    5.800    4.29372       0.129301       0.301140E-01
    5.900    4.29938       0.120953       0.281326E-01
    6.000    4.30429       0.113136       0.262844E-01
    6.100    4.30856       0.105819       0.245601E-01
    6.200    4.31226       0.989717E-01   0.229512E-01
    6.300    4.31548       0.925659E-01   0.214497E-01
    6.400    4.31827       0.865738E-01   0.200483E-01
    6.500    4.32069       0.809696E-01   0.187400E-01
    6.600    4.32279       0.757288E-01   0.175185E-01
    6.700    4.32461       0.708283E-01   0.163780E-01
    6.800    4.32619       0.662461E-01   0.153128E-01
    6.900    4.32756       0.619620E-01   0.143180E-01
    7.000    4.32875       0.579564E-01   0.133887E-01
    7.100    4.32978       0.542115E-01   0.125206E-01
    7.200    4.33067       0.507103E-01   0.117096E-01
    7.300    4.33144       0.474368E-01   0.109517E-01
    7.400    4.33212       0.443763E-01   0.102436E-01
    7.500    4.33270       0.415147E-01   0.958172E-02
    7.600    4.33320       0.388392E-01   0.896315E-02
    7.700    4.33364       0.363374E-01   0.838497E-02
    7.800    4.33402       0.339981E-01   0.784449E-02
    7.900    4.33435       0.318107E-01   0.733921E-02
    8.000    4.33463       0.297651E-01   0.686681E-02
    8.100    4.33488       0.278521E-01   0.642512E-02
    8.200    4.33509       0.260630E-01   0.601210E-02
    8.300    4.33528       0.243898E-01   0.562589E-02
    8.400    4.33544       0.228248E-01   0.526470E-02
    8.500    4.33558       0.213610E-01   0.492690E-02
    8.600    4.33570       0.199917E-01   0.461096E-02
    8.700    4.33580       0.187109E-01   0.431545E-02
    8.800    4.33589       0.175128E-01   0.403902E-02
    8.900    4.33597       0.163919E-01   0.378043E-02
    9.000    4.33604       0.153432E-01   0.353853E-02
    9.100    4.33610       0.143621E-01   0.331221E-02
    9.200    4.33615       0.134441E-01   0.310047E-02
    9.300    4.33619       0.125852E-01   0.290236E-02
    9.400    4.33623       0.117815E-01   0.271699E-02
    9.500    4.33627       0.110294E-01   0.254353E-02
    9.600    4.33629       0.103257E-01   0.238122E-02
    9.700    4.33632       0.966707E-02   0.222933E-02
    9.800    4.33634       0.905072E-02   0.208718E-02
    9.900    4.33636       0.847389E-02   0.195415E-02
   10.000    4.33638       0.793402E-02   0.182964E-02
   10.100    4.33639       0.742873E-02   0.171311E-02
   10.200    4.33640       0.695578E-02   0.160404E-02
   10.300    4.33641       0.651310E-02   0.150196E-02
   10.400    4.33642       0.609873E-02   0.140640E-02
   10.500    4.33643       0.571085E-02   0.131695E-02
   10.600    4.33644       0.534775E-02   0.123321E-02
   10.700    4.33644       0.500784E-02   0.115483E-02
   10.800    4.33645       0.468964E-02   0.108145E-02
   10.900    4.33645       0.439174E-02   0.101275E-02
   11.000    4.33646       0.411285E-02   0.948435E-03
   11.100    4.33646       0.385174E-02   0.888222E-03
   11.200    4.33646       0.360727E-02   0.831847E-03
   11.300    4.33647       0.337838E-02   0.779064E-03
   11.400    4.33647       0.316407E-02   0.729643E-03
   11.500    4.33647       0.296341E-02   0.683370E-03
   11.600    4.33647       0.277552E-02   0.640041E-03
   11.700    4.33647       0.259959E-02   0.599470E-03
   11.800    4.33647       0.243484E-02   0.561480E-03
   11.900    4.33647       0.228057E-02   0.525905E-03
   12.000    4.33648       0.213611E-02   0.492592E-03
   12.100    4.33648       0.200083E-02   0.461396E-03
   12.200    4.33648       0.187415E-02   0.432182E-03
   12.300    4.33648       0.175551E-02   0.404824E-03
   12.400    4.33648       0.164440E-02   0.379202E-03
   12.500    4.33648       0.154035E-02   0.355207E-03
   12.600    4.33648       0.144290E-02   0.332735E-03
   12.700    4.33648       0.135163E-02   0.311689E-03
   12.800    4.33648       0.126616E-02   0.291978E-03
   12.900    4.33648       0.118610E-02   0.273516E-03
   13.000    4.33648       0.111112E-02   0.256225E-03
   13.100    4.33648       0.104089E-02   0.240030E-03
   13.200    4.33648       0.975107E-03   0.224861E-03
   13.300    4.33648       0.913496E-03   0.210654E-03
   13.400    4.33648       0.855787E-03   0.197346E-03
   13.500    4.33648       0.801732E-03   0.184881E-03
   13.600    4.33648       0.751099E-03   0.173205E-03
   13.700    4.33648       0.703672E-03   0.162268E-03
   13.800    4.33648       0.659246E-03   0.152023E-03
   13.900    4.33648       0.617631E-03   0.142427E-03
   14.000    4.33648       0.578649E-03   0.133438E-03
   14.100    4.33648       0.542133E-03   0.125017E-03
   14.200    4.33648       0.507925E-03   0.117128E-03
   14.300    4.33648       0.475881E-03   0.109739E-03
   14.400    4.33648       0.445862E-03   0.102817E-03
   14.500    4.33648       0.417741E-03   0.963317E-04
   14.600    4.33648       0.391396E-03   0.902567E-04
   14.700    4.33648       0.366717E-03   0.845655E-04
   14.800    4.33648       0.343596E-03   0.792338E-04
   14.900    4.33648       0.321935E-03   0.742389E-04
   15.000    4.33648       0.301643E-03   0.695594E-04
   15.100    4.33648       0.282632E-03   0.651754E-04
   15.200    4.33648       0.264821E-03   0.610682E-04
   15.300    4.33648       0.248134E-03   0.572202E-04
   15.400    4.33648       0.232501E-03   0.536151E-04
   15.500    4.33648       0.217854E-03   0.502376E-04
   15.600    4.33648       0.204132E-03   0.470731E-04
   15.700    4.33648       0.191275E-03   0.441083E-04
   15.800    4.33648       0.179229E-03   0.413305E-04
   15.900    4.33648       0.167943E-03   0.387279E-04
   16.000    4.33648       0.157368E-03   0.362894E-04
   16.100    4.33648       0.147461E-03   0.340047E-04
   16.200    4.33648       0.138178E-03   0.318640E-04
   16.300    4.33648       0.129480E-03   0.298583E-04
   16.400    4.33648       0.121331E-03   0.279790E-04
   16.500    4.33648       0.113695E-03   0.262182E-04
   16.600    4.33648       0.106540E-03   0.245683E-04
   16.700    4.33648       0.998362E-04   0.230224E-04
   16.800    4.33648       0.935548E-04   0.215739E-04
   16.900    4.33648       0.876690E-04   0.202166E-04
   17.000    4.33648       0.821541E-04   0.189449E-04
   17.100    4.33648       0.769864E-04   0.177532E-04
   17.200    4.33648       0.721442E-04   0.166366E-04
   17.300    4.33648       0.676070E-04   0.155903E-04
   17.400    4.33648       0.633554E-04   0.146099E-04
   17.500    4.33648       0.593715E-04   0.136912E-04
   17.600    4.33648       0.556384E-04   0.128303E-04
   17.700    4.33648       0.521403E-04   0.120236E-04
   17.800    4.33648       0.488623E-04   0.112677E-04
   17.900    4.33648       0.457907E-04   0.105594E-04
   18.000    4.33648       0.429123E-04   0.989566E-05
   18.100    4.33648       0.402151E-04   0.927367E-05
   18.200    4.33648       0.376876E-04   0.869082E-05
   18.300    4.33648       0.353191E-04   0.814464E-05
   18.400    4.33648       0.330996E-04   0.763282E-05
   18.500    4.33648       0.310197E-04   0.715319E-05
   18.600    4.33648       0.290706E-04   0.670374E-05
   18.700    4.33648       0.272441E-04   0.628254E-05
   18.800    4.33648       0.255325E-04   0.588784E-05
   18.900    4.33648       0.239285E-04   0.551796E-05
   19.000    4.33648       0.224254E-04   0.517133E-05
   19.100    4.33648       0.210168E-04   0.484650E-05
   19.200    4.33648       0.196967E-04   0.454209E-05
   19.300    4.33648       0.184596E-04   0.425682E-05
   19.400    4.33648       0.173003E-04   0.398948E-05
   19.500    4.33648       0.162139E-04   0.373894E-05
   19.600    4.33648       0.151957E-04   0.350415E-05
   19.700    4.33648       0.142415E-04   0.328412E-05
   19.800    4.33648       0.133473E-04   0.307791E-05
   19.900    4.33648       0.125093E-04   0.288466E-05
 &
# For Channel #  5: l = 0, j =  0.5, c#  1
    0.900   0.475679       0.367458       0.772491    
    1.000   0.503295       0.377798       0.750650    
    1.100   0.521360       0.380294       0.729426    
    1.200   0.528999       0.374955       0.708802    
    1.300   0.525528       0.361963       0.688761    
    1.400   0.510482       0.341659       0.669287    
    1.500   0.483629       0.314535       0.650363    
    1.600   0.444979       0.281216       0.631975    
    1.700   0.394790       0.242443       0.614106    
    1.800   0.333560       0.199049       0.596743    
    1.900   0.262017       0.151936       0.579870    
    2.000   0.181100       0.102046       0.563475    
    2.100   0.919287E-01   0.503350E-01   0.547543    
    2.200  -0.423011E-02  -0.225068E-02   0.532062    
    2.300  -0.105999      -0.548036E-01   0.517018    
    2.400  -0.211936      -0.106477       0.502400    
    2.500  -0.320574      -0.156503       0.488195    
    2.600  -0.430470      -0.204211       0.474392    
    2.700  -0.540242      -0.249040       0.460979    
    2.800  -0.648608      -0.290540       0.447945    
    2.900  -0.754416      -0.328382       0.435280    
    3.000  -0.856668      -0.362347       0.422972    
    3.100  -0.954533      -0.392325       0.411013    
    3.200   -1.04735      -0.418305       0.399392    
    3.300   -1.13465      -0.440358       0.388100    
    3.400   -1.21611      -0.458627       0.377126    
    3.500   -1.29156      -0.473310       0.366463    
    3.600   -1.36098      -0.484648       0.356102    
    3.700   -1.42445      -0.492907       0.346033    
    3.800   -1.48215      -0.498372       0.336250    
    3.900   -1.53433      -0.501330       0.326742    
    4.000   -1.58129      -0.502067       0.317504    
    4.100   -1.62338      -0.500857       0.308527    
    4.200   -1.66096      -0.497961       0.299804    
    4.300   -1.69439      -0.493621       0.291327    
    4.400   -1.72404      -0.488057       0.283090    
    4.500   -1.75026      -0.481471       0.275086    
    4.600   -1.77339      -0.474042       0.267308    
    4.700   -1.79376      -0.465928       0.259750    
    4.800   -1.81165      -0.457271       0.252406    
    4.900   -1.82735      -0.448192       0.245269    
    5.000   -1.84110      -0.438796       0.238334    
    5.100   -1.85312      -0.429174       0.231596    
    5.200   -1.86363      -0.419404       0.225047    
    5.300   -1.87279      -0.409551       0.218684    
    5.400   -1.88079      -0.399670       0.212501    
    5.500   -1.88776      -0.389809       0.206493    
    5.600   -1.89383      -0.380005       0.200655    
    5.700   -1.89911      -0.370290       0.194981    
    5.800   -1.90370      -0.360690       0.189468    
    5.900   -1.90769      -0.351227       0.184111    
    6.000   -1.91116      -0.341917       0.178906    
    6.100   -1.91418      -0.332774       0.173847    
    6.200   -1.91679      -0.323808       0.168932    
    6.300   -1.91907      -0.315025       0.164155    
    6.400   -1.92104      -0.306433       0.159514    
    6.500   -1.92276      -0.298035       0.155004    
    6.600   -1.92424      -0.289832       0.150621    
    6.700   -1.92553      -0.281826       0.146363    
    6.800   -1.92665      -0.274017       0.142224    
    6.900   -1.92762      -0.266403       0.138203    
    7.000   -1.92847      -0.258984       0.134295    
    7.100   -1.92920      -0.251757       0.130498    
    7.200   -1.92983      -0.244719       0.126809    
    7.300   -1.93038      -0.237868       0.123223    
    7.400   -1.93086      -0.231199       0.119739    
    7.500   -1.93127      -0.224710       0.116354    
    7.600   -1.93163      -0.218397       0.113064    
    7.700   -1.93194      -0.212256       0.109867    
    7.800   -1.93221      -0.206284       0.106761    
    7.900   -1.93244      -0.200475       0.103742    
    8.000   -1.93264      -0.194828       0.100809    
    8.100   -1.93282      -0.189336       0.979585E-01
    8.200   -1.93297      -0.183997       0.951888E-01
    8.300   -1.93310      -0.178807       0.924975E-01
    8.400   -1.93322      -0.173762       0.898822E-01
    8.500   -1.93332      -0.168857       0.873408E-01
    8.600   -1.93340      -0.164090       0.848713E-01
    8.700   -1.93348      -0.159457       0.824717E-01
    8.800   -1.93354      -0.154954       0.801398E-01
    8.900   -1.93360      -0.150577       0.778739E-01
    9.000   -1.93365      -0.146323       0.756721E-01
    9.100   -1.93369      -0.142189       0.735326E-01
    9.200   -1.93373      -0.138171       0.714535E-01
    9.300   -1.93376      -0.134267       0.694332E-01
    9.400   -1.93378      -0.130472       0.674700E-01
    9.500   -1.93381      -0.126785       0.655624E-01
    9.600   -1.93383      -0.123202       0.637086E-01
    9.700   -1.93385      -0.119719       0.619073E-01
    9.800   -1.93386      -0.116335       0.601569E-01
    9.900   -1.93388      -0.113047       0.584561E-01
   10.000   -1.93389      -0.109851       0.568033E-01
   10.100   -1.93390      -0.106746       0.551972E-01
   10.200   -1.93391      -0.103728       0.536365E-01
   10.300   -1.93391      -0.100796       0.521200E-01
   10.400   -1.93392      -0.979460E-01   0.506464E-01
   10.500   -1.93393      -0.951769E-01   0.492144E-01
   10.600   -1.93393      -0.924861E-01   0.478229E-01
   10.700   -1.93393      -0.898713E-01   0.464707E-01
   10.800   -1.93394      -0.873305E-01   0.451568E-01
   10.900   -1.93394      -0.848614E-01   0.438800E-01
   11.000   -1.93394      -0.824621E-01   0.426393E-01
   11.100   -1.93395      -0.801307E-01   0.414338E-01
   11.200   -1.93395      -0.778651E-01   0.402622E-01
   11.300   -1.93395      -0.756636E-01   0.391239E-01
   11.400   -1.93395      -0.735244E-01   0.380177E-01
   11.500   -1.93395      -0.714456E-01   0.369428E-01
   11.600   -1.93396      -0.694256E-01   0.358982E-01
   11.700   -1.93396      -0.674626E-01   0.348832E-01
   11.800   -1.93396      -0.655552E-01   0.338969E-01
   11.900   -1.93396      -0.637017E-01   0.329385E-01
   12.000   -1.93396      -0.619006E-01   0.320072E-01
   12.100   -1.93396      -0.601505E-01   0.311022E-01
   12.200   -1.93396      -0.584498E-01   0.302228E-01
   12.300   -1.93396      -0.567972E-01   0.293683E-01
   12.400   -1.93396      -0.551913E-01   0.285380E-01
   12.500   -1.93396      -0.536308E-01   0.277311E-01
   12.600   -1.93396      -0.521144E-01   0.269470E-01
   12.700   -1.93396      -0.506409E-01   0.261851E-01
   12.800   -1.93396      -0.492091E-01   0.254447E-01
   12.900   -1.93396      -0.478178E-01   0.247253E-01
   13.000   -1.93396      -0.464658E-01   0.240262E-01
   13.100   -1.93396      -0.451520E-01   0.233469E-01
   13.200   -1.93396      -0.438754E-01   0.226868E-01
   13.300   -1.93396      -0.426348E-01   0.220453E-01
   13.400   -1.93396      -0.414294E-01   0.214220E-01
   13.500   -1.93396      -0.402580E-01   0.208163E-01
   13.600   -1.93396      -0.391197E-01   0.202278E-01
   13.700   -1.93396      -0.380136E-01   0.196558E-01
   13.800   -1.93396      -0.369388E-01   0.191001E-01
   13.900   -1.93396      -0.358944E-01   0.185600E-01
   14.000   -1.93396      -0.348795E-01   0.180353E-01
   14.100   -1.93396      -0.338933E-01   0.175253E-01
   14.200   -1.93396      -0.329350E-01   0.170298E-01
   14.300   -1.93396      -0.320038E-01   0.165483E-01
   14.400   -1.93396      -0.310989E-01   0.160804E-01
   14.500   -1.93396      -0.302196E-01   0.156258E-01
   14.600   -1.93396      -0.293652E-01   0.151840E-01
   14.700   -1.93396      -0.285349E-01   0.147546E-01
   14.800   -1.93396      -0.277281E-01   0.143375E-01
   14.900   -1.93396      -0.269441E-01   0.139321E-01
   15.000   -1.93396      -0.261823E-01   0.135382E-01
   15.100   -1.93396      -0.254420E-01   0.131554E-01
   15.200   -1.93396      -0.247227E-01   0.127834E-01
   15.300   -1.93396      -0.240237E-01   0.124220E-01
   15.400   -1.93396      -0.233444E-01   0.120708E-01
   15.500   -1.93396      -0.226844E-01   0.117295E-01
   15.600   -1.93396      -0.220430E-01   0.113978E-01
   15.700   -1.93396      -0.214197E-01   0.110756E-01
   15.800   -1.93396      -0.208141E-01   0.107624E-01
   15.900   -1.93396      -0.202256E-01   0.104581E-01
   16.000   -1.93396      -0.196537E-01   0.101624E-01
   16.100   -1.93396      -0.190981E-01   0.987509E-02
   16.200   -1.93396      -0.185581E-01   0.959588E-02
   16.300   -1.93396      -0.180334E-01   0.932456E-02
   16.400   -1.93396      -0.175235E-01   0.906092E-02
   16.500   -1.93396      -0.170280E-01   0.880473E-02
   16.600   -1.93396      -0.165466E-01   0.855578E-02
   16.700   -1.93396      -0.160787E-01   0.831387E-02
   16.800   -1.93396      -0.156241E-01   0.807880E-02
   16.900   -1.93396      -0.151823E-01   0.785038E-02
   17.000   -1.93396      -0.147531E-01   0.762842E-02
   17.100   -1.93396      -0.143359E-01   0.741273E-02
   17.200   -1.93396      -0.139306E-01   0.720314E-02
   17.300   -1.93396      -0.135367E-01   0.699948E-02
   17.400   -1.93396      -0.131540E-01   0.680157E-02
   17.500   -1.93396      -0.127821E-01   0.660927E-02
   17.600   -1.93396      -0.124207E-01   0.642239E-02
   17.700   -1.93396      -0.120695E-01   0.624081E-02
   17.800   -1.93396      -0.117282E-01   0.606435E-02
   17.900   -1.93396      -0.113966E-01   0.589289E-02
   18.000   -1.93396      -0.110744E-01   0.572627E-02
   18.100   -1.93396      -0.107613E-01   0.556436E-02
   18.200   -1.93396      -0.104570E-01   0.540704E-02
   18.300   -1.93396      -0.101613E-01   0.525416E-02
   18.400   -1.93396      -0.987404E-02   0.510560E-02
   18.500   -1.93396      -0.959486E-02   0.496124E-02
   18.600   -1.93396      -0.932357E-02   0.482097E-02
   18.700   -1.93396      -0.905996E-02   0.468466E-02
   18.800   -1.93396      -0.880379E-02   0.455220E-02
   18.900   -1.93396      -0.855487E-02   0.442349E-02
   19.000   -1.93396      -0.831299E-02   0.429842E-02
   19.100   -1.93396      -0.807795E-02   0.417689E-02
   19.200   -1.93396      -0.784955E-02   0.405879E-02
   19.300   -1.93396      -0.762761E-02   0.394403E-02
   19.400   -1.93396      -0.741195E-02   0.383252E-02
   19.500   -1.93396      -0.720238E-02   0.372416E-02
   19.600   -1.93396      -0.699874E-02   0.361886E-02
   19.700   -1.93396      -0.680085E-02   0.351654E-02
   19.800   -1.93396      -0.660857E-02   0.341711E-02
   19.900   -1.93396      -0.642171E-02   0.332049E-02
 &
# For Channel #  6: l = 2, j =  2.5, c#  1
    0.900   0.623386E-02   0.798033E-01    12.8016    
    1.000   0.102917E-01   0.105829        10.2829    
    1.100   0.161119E-01   0.135675        8.42081    
    1.200   0.241276E-01   0.169036        7.00590    
    1.300   0.347897E-01   0.205471        5.90608    
    1.400   0.485486E-01   0.244426        5.03466    
    1.500   0.658335E-01   0.285246        4.33285    
    1.600   0.870305E-01   0.327201        3.75961    
    1.700   0.112461       0.369504        3.28561    
    1.800   0.142362       0.411347        2.88945    
    1.900   0.176866       0.451921        2.55517    
    2.000   0.215988       0.490446        2.27071    
    2.100   0.259619       0.526198        2.02681    
    2.200   0.307517       0.558535        1.81627    
    2.300   0.359318       0.586911        1.63341    
    2.400   0.414536       0.610900        1.47370    
    2.500   0.472589       0.630199        1.33350    
    2.600   0.532815       0.644641        1.20988    
    2.700   0.594499       0.654185        1.10040    
    2.800   0.656899       0.658917        1.00307    
    2.900   0.719279       0.659034       0.916242    
    3.000   0.780933       0.654831       0.838524    
    3.100   0.841210       0.646679       0.768749    
    3.200   0.899533       0.635007       0.705930    
    3.300   0.955413       0.620279       0.649226    
    3.400    1.00846       0.602977       0.597918    
    3.500    1.05838       0.583579       0.551389    
    3.600    1.10498       0.562549       0.509103    
    3.700    1.14815       0.540321       0.470600    
    3.800    1.18788       0.517292       0.435476    
    3.900    1.22419       0.493814       0.403379    
    4.000    1.25720       0.470196       0.374002    
    4.100    1.28705       0.446701       0.347073    
    4.200    1.31391       0.423545       0.322353    
    4.300    1.33798       0.400901       0.299631    
    4.400    1.35947       0.378908       0.278718    
    4.500    1.37858       0.357669       0.259448    
    4.600    1.39552       0.337259       0.241672    
    4.700    1.41051       0.317726       0.225256    
    4.800    1.42373       0.299099       0.210081    
    4.900    1.43537       0.281391       0.196040    
    5.000    1.44560       0.264598       0.183037    
    5.100    1.45457       0.248709       0.170984    
    5.200    1.46244       0.233701       0.159803    
    5.300    1.46931       0.219549       0.149423    
    5.400    1.47532       0.206219       0.139779    
    5.500    1.48057       0.193678       0.130813    
    5.600    1.48515       0.181889       0.122472    
    5.700    1.48914       0.170814       0.114707    
    5.800    1.49261       0.160417       0.107474    
    5.900    1.49564       0.150660       0.100733    
    6.000    1.49827       0.141506       0.944465E-01
    6.100    1.50056       0.132921       0.885812E-01
    6.200    1.50255       0.124871       0.831060E-01
    6.300    1.50428       0.117323       0.779926E-01
    6.400    1.50578       0.110246       0.732147E-01
    6.500    1.50709       0.103610       0.687485E-01
    6.600    1.50823       0.973887E-01   0.645717E-01
    6.700    1.50921       0.915549E-01   0.606642E-01
    6.800    1.51006       0.860842E-01   0.570070E-01
    6.900    1.51081       0.809534E-01   0.535829E-01
    7.000    1.51145       0.761406E-01   0.503758E-01
    7.100    1.51201       0.716256E-01   0.473711E-01
    7.200    1.51249       0.673891E-01   0.445549E-01
    7.300    1.51292       0.634134E-01   0.419147E-01
    7.400    1.51328       0.596816E-01   0.394386E-01
    7.500    1.51360       0.561783E-01   0.371158E-01
    7.600    1.51387       0.528888E-01   0.349361E-01
    7.700    1.51411       0.497995E-01   0.328903E-01
    7.800    1.51432       0.468976E-01   0.309695E-01
    7.900    1.51450       0.441712E-01   0.291656E-01
    8.000    1.51465       0.416093E-01   0.274712E-01
    8.100    1.51479       0.392015E-01   0.258792E-01
    8.200    1.51490       0.369380E-01   0.243831E-01
    8.300    1.51500       0.348099E-01   0.229768E-01
    8.400    1.51509       0.328087E-01   0.216546E-01
    8.500    1.51517       0.309265E-01   0.204112E-01
    8.600    1.51523       0.291558E-01   0.192418E-01
    8.700    1.51529       0.274899E-01   0.181417E-01
    8.800    1.51534       0.259222E-01   0.171065E-01
    8.900    1.51538       0.244467E-01   0.161324E-01
    9.000    1.51542       0.230578E-01   0.152154E-01
    9.100    1.51545       0.217502E-01   0.143522E-01
    9.200    1.51548       0.205189E-01   0.135395E-01
    9.300    1.51551       0.193593E-01   0.127741E-01
    9.400    1.51553       0.182670E-01   0.120532E-01
    9.500    1.51555       0.172381E-01   0.113742E-01
    9.600    1.51556       0.162687E-01   0.107344E-01
    9.700    1.51558       0.153552E-01   0.101316E-01
    9.800    1.51559       0.144944E-01   0.956354E-02
    9.900    1.51560       0.136830E-01   0.902811E-02
   10.000    1.51561       0.129181E-01   0.852340E-02
   10.100    1.51561       0.121970E-01   0.804758E-02
   10.200    1.51562       0.115171E-01   0.759895E-02
   10.300    1.51563       0.108760E-01   0.717591E-02
   10.400    1.51563       0.102714E-01   0.677694E-02
   10.500    1.51564       0.970105E-02   0.640065E-02
   10.600    1.51564       0.916309E-02   0.604569E-02
   10.700    1.51564       0.865558E-02   0.571083E-02
   10.800    1.51565       0.817676E-02   0.539490E-02
   10.900    1.51565       0.772495E-02   0.509679E-02
   11.000    1.51565       0.729859E-02   0.481548E-02
   11.100    1.51565       0.689621E-02   0.454999E-02
   11.200    1.51565       0.651643E-02   0.429942E-02
   11.300    1.51566       0.615794E-02   0.406289E-02
   11.400    1.51566       0.581953E-02   0.383961E-02
   11.500    1.51566       0.550004E-02   0.362881E-02
   11.600    1.51566       0.519839E-02   0.342979E-02
   11.700    1.51566       0.491356E-02   0.324186E-02
   11.800    1.51566       0.464459E-02   0.306440E-02
   11.900    1.51566       0.439058E-02   0.289681E-02
   12.000    1.51566       0.415068E-02   0.273853E-02
   12.100    1.51566       0.392409E-02   0.258903E-02
   12.200    1.51566       0.371005E-02   0.244781E-02
   12.300    1.51566       0.350786E-02   0.231441E-02
   12.400    1.51566       0.331685E-02   0.218838E-02
   12.500    1.51566       0.313639E-02   0.206932E-02
   12.600    1.51566       0.296588E-02   0.195682E-02
   12.700    1.51566       0.280477E-02   0.185052E-02
   12.800    1.51566       0.265252E-02   0.175007E-02
   12.900    1.51566       0.250865E-02   0.165515E-02
   13.000    1.51566       0.237268E-02   0.156544E-02
   13.100    1.51566       0.224417E-02   0.148065E-02
   13.200    1.51566       0.212271E-02   0.140052E-02
   13.300    1.51566       0.200790E-02   0.132477E-02
   13.400    1.51566       0.189938E-02   0.125317E-02
   13.500    1.51566       0.179679E-02   0.118548E-02
   13.600    1.51566       0.169980E-02   0.112149E-02
   13.700    1.51566       0.160810E-02   0.106099E-02
   13.800    1.51566       0.152141E-02   0.100379E-02
   13.900    1.51566       0.143944E-02   0.949709E-03
   14.000    1.51566       0.136193E-02   0.898572E-03
   14.100    1.51566       0.128864E-02   0.850216E-03
   14.200    1.51566       0.121934E-02   0.804490E-03
   14.300    1.51566       0.115379E-02   0.761247E-03
   14.400    1.51566       0.109181E-02   0.720351E-03
   14.500    1.51566       0.103319E-02   0.681673E-03
   14.600    1.51566       0.977743E-03   0.645092E-03
   14.700    1.51566       0.925301E-03   0.610492E-03
   14.800    1.51566       0.875697E-03   0.577764E-03
   14.900    1.51566       0.828776E-03   0.546807E-03
   15.000    1.51566       0.784392E-03   0.517523E-03
   15.100    1.51566       0.742404E-03   0.489821E-03
   15.200    1.51566       0.702684E-03   0.463614E-03
   15.300    1.51566       0.665106E-03   0.438821E-03
   15.400    1.51566       0.629554E-03   0.415365E-03
   15.500    1.51566       0.595918E-03   0.393173E-03
   15.600    1.51566       0.564093E-03   0.372176E-03
   15.700    1.51566       0.533982E-03   0.352308E-03
   15.800    1.51566       0.505489E-03   0.333510E-03
   15.900    1.51566       0.478529E-03   0.315722E-03
   16.000    1.51566       0.453017E-03   0.298890E-03
   16.100    1.51566       0.428875E-03   0.282961E-03
   16.200    1.51566       0.406029E-03   0.267888E-03
   16.300    1.51566       0.384408E-03   0.253623E-03
   16.400    1.51566       0.363947E-03   0.240123E-03
   16.500    1.51566       0.344582E-03   0.227347E-03
   16.600    1.51566       0.326254E-03   0.215255E-03
   16.700    1.51566       0.308908E-03   0.203810E-03
   16.800    1.51566       0.292490E-03   0.192978E-03
   16.900    1.51566       0.276950E-03   0.182725E-03
   17.000    1.51566       0.262241E-03   0.173020E-03
   17.100    1.51566       0.248317E-03   0.163834E-03
   17.200    1.51566       0.235138E-03   0.155139E-03
   17.300    1.51566       0.222662E-03   0.146907E-03
   17.400    1.51566       0.210852E-03   0.139115E-03
   17.500    1.51566       0.199673E-03   0.131739E-03
   17.600    1.51566       0.189089E-03   0.124756E-03
   17.700    1.51566       0.179069E-03   0.118146E-03
   17.800    1.51566       0.169584E-03   0.111887E-03
   17.900    1.51566       0.160603E-03   0.105962E-03
   18.000    1.51566       0.152101E-03   0.100353E-03
   18.100    1.51566       0.144051E-03   0.950414E-04
   18.200    1.51566       0.136429E-03   0.900129E-04
   18.300    1.51566       0.129213E-03   0.852518E-04
   18.400    1.51566       0.122380E-03   0.807437E-04
   18.500    1.51566       0.115911E-03   0.764753E-04
   18.600    1.51566       0.109785E-03   0.724336E-04
   18.700    1.51566       0.103984E-03   0.686065E-04
   18.800    1.51566       0.984919E-04   0.649826E-04
   18.900    1.51566       0.932907E-04   0.615510E-04
   19.000    1.51566       0.883655E-04   0.583015E-04
   19.100    1.51566       0.837016E-04   0.552243E-04
   19.200    1.51566       0.792848E-04   0.523103E-04
   19.300    1.51566       0.751022E-04   0.495507E-04
   19.400    1.51566       0.711412E-04   0.469373E-04
   19.500    1.51566       0.673900E-04   0.444624E-04
   19.600    1.51566       0.638375E-04   0.421185E-04
   19.700    1.51566       0.604730E-04   0.398987E-04
   19.800    1.51566       0.572865E-04   0.377963E-04
   19.900    1.51566       0.542687E-04   0.358052E-04
 &
# For Channel #  7: l = 1, j =  1.5, c#  1
    0.900   0.257697E-01   0.118716        4.60682    
    1.000   0.347749E-01   0.143558        4.12820    
    1.100   0.454495E-01   0.169768        3.73531    
    1.200   0.578317E-01   0.197019        3.40677    
    1.300   0.719276E-01   0.224975        3.12779    
    1.400   0.877107E-01   0.253292        2.88781    
    1.500   0.105122       0.281628        2.67907    
    1.600   0.124070       0.309648        2.49575    
    1.700   0.144434       0.337024        2.33341    
    1.800   0.166065       0.363447        2.18858    
    1.900   0.188790       0.388630        2.05853    
    2.000   0.212414       0.412310        1.94106    
    2.100   0.236727       0.434256        1.83442    
    2.200   0.261505       0.454271        1.73714    
    2.300   0.286522       0.472194        1.64802    
    2.400   0.311548       0.487907        1.56607    
    2.500   0.336361       0.501329        1.49045    
    2.600   0.360749       0.512421        1.42044    
    2.700   0.384517       0.521185        1.35543    
    2.800   0.407490       0.527657        1.29490    
    2.900   0.429515       0.531912        1.23840    
    3.000   0.450468       0.534052        1.18555    
    3.100   0.470253       0.534205        1.13599    
    3.200   0.488800       0.532520        1.08944    
    3.300   0.506067       0.529160        1.04563    
    3.400   0.522038       0.524297        1.00433    
    3.500   0.536720       0.518108       0.965324    
    3.600   0.550138       0.510769       0.928438    
    3.700   0.562336       0.502449       0.893505    
    3.800   0.573369       0.493313       0.860378    
    3.900   0.583302       0.483514       0.828924    
    4.000   0.592209       0.473190       0.799026    
    4.100   0.600164       0.462470       0.770573    
    4.200   0.607245       0.451468       0.743469    
    4.300   0.613528       0.440282       0.717624    
    4.400   0.619087       0.429000       0.692957    
    4.500   0.623993       0.417697       0.669393    
    4.600   0.628314       0.406435       0.646866    
    4.700   0.632113       0.395268       0.625312    
    4.800   0.635446       0.384238       0.604674    
    4.900   0.638366       0.373380       0.584900    
    5.000   0.640921       0.362722       0.565940    
    5.100   0.643153       0.352286       0.547749    
    5.200   0.645101       0.342088       0.530286    
    5.300   0.646801       0.332140       0.513512    
    5.400   0.648282       0.322449       0.497391    
    5.500   0.649571       0.313021       0.481889    
    5.600   0.650693       0.303858       0.466976    
    5.700   0.651669       0.294959       0.452621    
    5.800   0.652518       0.286324       0.438798    
    5.900   0.653256       0.277948       0.425482    
    6.000   0.653896       0.269829       0.412648    
    6.100   0.654453       0.261961       0.400274    
    6.200   0.654936       0.254337       0.388339    
    6.300   0.655355       0.246953       0.376824    
    6.400   0.655719       0.239802       0.365709    
    6.500   0.656035       0.232877       0.354977    
    6.600   0.656309       0.226172       0.344612    
    6.700   0.656547       0.219679       0.334597    
    6.800   0.656753       0.213392       0.324919    
    6.900   0.656932       0.207303       0.315563    
    7.000   0.657087       0.201408       0.306516    
    7.100   0.657221       0.195698       0.297766    
    7.200   0.657338       0.190168       0.289300    
    7.300   0.657439       0.184811       0.281108    
    7.400   0.657527       0.179622       0.273178    
    7.500   0.657603       0.174594       0.265501    
    7.600   0.657669       0.169723       0.258067    
    7.700   0.657726       0.165001       0.250867    
    7.800   0.657775       0.160425       0.243891    
    7.900   0.657818       0.155990       0.237132    
    8.000   0.657855       0.151689       0.230581    
    8.100   0.657888       0.147519       0.224232    
    8.200   0.657916       0.143476       0.218076    
    8.300   0.657940       0.139554       0.212107    
    8.400   0.657961       0.135749       0.206318    
    8.500   0.657979       0.132059       0.200704    
    8.600   0.657995       0.128478       0.195256    
    8.700   0.658009       0.125003       0.189971    
    8.800   0.658020       0.121630       0.184843    
    8.900   0.658031       0.118357       0.179865    
    9.000   0.658040       0.115179       0.175033    
    9.100   0.658047       0.112094       0.170343    
    9.200   0.658054       0.109098       0.165789    
    9.300   0.658060       0.106189       0.161366    
    9.400   0.658065       0.103363       0.157072    
    9.500   0.658069       0.100619       0.152900    
    9.600   0.658073       0.979530E-01   0.148848    
    9.700   0.658076       0.953630E-01   0.144912    
    9.800   0.658079       0.928465E-01   0.141087    
    9.900   0.658081       0.904012E-01   0.137371    
   10.000   0.658084       0.880248E-01   0.133759    
   10.100   0.658085       0.857151E-01   0.130249    
   10.200   0.658087       0.834702E-01   0.126838    
   10.300   0.658088       0.812879E-01   0.123521    
   10.400   0.658090       0.791664E-01   0.120297    
   10.500   0.658091       0.771038E-01   0.117163    
   10.600   0.658092       0.750982E-01   0.114115    
   10.700   0.658092       0.731480E-01   0.111152    
   10.800   0.658093       0.712514E-01   0.108270    
   10.900   0.658094       0.694069E-01   0.105467    
   11.000   0.658094       0.676129E-01   0.102740    
   11.100   0.658095       0.658678E-01   0.100089    
   11.200   0.658095       0.641702E-01   0.975091E-01
   11.300   0.658095       0.625188E-01   0.949996E-01
   11.400   0.658096       0.609121E-01   0.925581E-01
   11.500   0.658096       0.593488E-01   0.901826E-01
   11.600   0.658096       0.578276E-01   0.878711E-01
   11.700   0.658096       0.563474E-01   0.856218E-01
   11.800   0.658096       0.549069E-01   0.834330E-01
   11.900   0.658097       0.535050E-01   0.813027E-01
   12.000   0.658097       0.521406E-01   0.792294E-01
   12.100   0.658097       0.508126E-01   0.772114E-01
   12.200   0.658097       0.495199E-01   0.752471E-01
   12.300   0.658097       0.482616E-01   0.733350E-01
   12.400   0.658097       0.470366E-01   0.714736E-01
   12.500   0.658097       0.458440E-01   0.696615E-01
   12.600   0.658097       0.446829E-01   0.678972E-01
   12.700   0.658097       0.435525E-01   0.661794E-01
   12.800   0.658097       0.424518E-01   0.645068E-01
   12.900   0.658097       0.413800E-01   0.628782E-01
   13.000   0.658097       0.403363E-01   0.612923E-01
   13.100   0.658097       0.393200E-01   0.597479E-01
   13.200   0.658097       0.383302E-01   0.582439E-01
   13.300   0.658097       0.373662E-01   0.567791E-01
   13.400   0.658097       0.364274E-01   0.553525E-01
   13.500   0.658097       0.355129E-01   0.539631E-01
   13.600   0.658097       0.346223E-01   0.526097E-01
   13.700   0.658097       0.337547E-01   0.512914E-01
   13.800   0.658097       0.329096E-01   0.500072E-01
   13.900   0.658097       0.320864E-01   0.487563E-01
   14.000   0.658097       0.312844E-01   0.475376E-01
   14.100   0.658097       0.305031E-01   0.463504E-01
   14.200   0.658097       0.297419E-01   0.451938E-01
   14.300   0.658097       0.290003E-01   0.440669E-01
   14.400   0.658097       0.282778E-01   0.429690E-01
   14.500   0.658097       0.275738E-01   0.418992E-01
   14.600   0.658097       0.268878E-01   0.408569E-01
   14.700   0.658097       0.262194E-01   0.398412E-01
   14.800   0.658097       0.255681E-01   0.388515E-01
   14.900   0.658097       0.249334E-01   0.378871E-01
   15.000   0.658097       0.243149E-01   0.369472E-01
   15.100   0.658097       0.237121E-01   0.360313E-01
   15.200   0.658097       0.231247E-01   0.351387E-01
   15.300   0.658097       0.225522E-01   0.342688E-01
   15.400   0.658097       0.219943E-01   0.334210E-01
   15.500   0.658097       0.214505E-01   0.325947E-01
   15.600   0.658097       0.209204E-01   0.317893E-01
   15.700   0.658097       0.204038E-01   0.310043E-01
   15.800   0.658097       0.199003E-01   0.302391E-01
   15.900   0.658097       0.194095E-01   0.294933E-01
   16.000   0.658097       0.189310E-01   0.287663E-01
   16.100   0.658097       0.184647E-01   0.280576E-01
   16.200   0.658097       0.180100E-01   0.273668E-01
   16.300   0.658097       0.175669E-01   0.266934E-01
   16.400   0.658097       0.171348E-01   0.260369E-01
   16.500   0.658097       0.167136E-01   0.253969E-01
   16.600   0.658097       0.163030E-01   0.247730E-01
   16.700   0.658097       0.159027E-01   0.241647E-01
   16.800   0.658097       0.155124E-01   0.235716E-01
   16.900   0.658097       0.151319E-01   0.229935E-01
   17.000   0.658097       0.147609E-01   0.224297E-01
   17.100   0.658097       0.143992E-01   0.218801E-01
   17.200   0.658097       0.140465E-01   0.213442E-01
   17.300   0.658097       0.137027E-01   0.208217E-01
   17.400   0.658097       0.133674E-01   0.203122E-01
   17.500   0.658097       0.130404E-01   0.198154E-01
   17.600   0.658097       0.127216E-01   0.193309E-01
   17.700   0.658097       0.124108E-01   0.188586E-01
   17.800   0.658097       0.121076E-01   0.183979E-01
   17.900   0.658097       0.118120E-01   0.179488E-01
   18.000   0.658097       0.115238E-01   0.175107E-01
   18.100   0.658097       0.112427E-01   0.170836E-01
   18.200   0.658097       0.109685E-01   0.166670E-01
   18.300   0.658097       0.107012E-01   0.162608E-01
   18.400   0.658097       0.104405E-01   0.158646E-01
   18.500   0.658097       0.101862E-01   0.154783E-01
   18.600   0.658097       0.993823E-02   0.151015E-01
   18.700   0.658097       0.969639E-02   0.147340E-01
   18.800   0.658097       0.946052E-02   0.143756E-01
   18.900   0.658097       0.923048E-02   0.140260E-01
   19.000   0.658097       0.900611E-02   0.136851E-01
   19.100   0.658097       0.878728E-02   0.133526E-01
   19.200   0.658097       0.857385E-02   0.130282E-01
   19.300   0.658097       0.836567E-02   0.127119E-01
   19.400   0.658097       0.816262E-02   0.124034E-01
   19.500   0.658097       0.796457E-02   0.121024E-01
   19.600   0.658097       0.777138E-02   0.118089E-01
   19.700   0.658097       0.758295E-02   0.115225E-01
   19.800   0.658097       0.739915E-02   0.112433E-01
   19.900   0.658097       0.721986E-02   0.109708E-01
 &
# For Channel #  8: l = 1, j =  0.5, c#  1
    0.900   0.905596E-01   0.184991        2.04275    
    1.000   0.122662       0.221878        1.80887    
    1.100   0.160888       0.260016        1.61613    
    1.200   0.205412       0.298760        1.45444    
    1.300   0.256281       0.337467        1.31678    
    1.400   0.313411       0.375511        1.19814    
    1.500   0.376585       0.412296        1.09483    
    1.600   0.445455       0.447267        1.00407    
    1.700   0.519551       0.479920       0.923721    
    1.800   0.598286       0.509816       0.852129    
    1.900   0.680973       0.536587       0.787971    
    2.000   0.766846       0.559939       0.730184    
    2.100   0.855076       0.579660       0.677905    
    2.200   0.944796       0.595620       0.630422    
    2.300    1.03513       0.607769       0.587144    
    2.400    1.12520       0.616134       0.547575    
    2.500    1.21419       0.620812       0.511296    
    2.600    1.30133       0.621965       0.477948    
    2.700    1.38590       0.619808       0.447224    
    2.800    1.46732       0.614600       0.418860    
    2.900    1.54506       0.606630       0.392625    
    3.000    1.61875       0.596212       0.368316    
    3.100    1.68808       0.583669       0.345759    
    3.200    1.75287       0.569325       0.324795    
    3.300    1.81303       0.553496       0.305288    
    3.400    1.86855       0.536485       0.287113    
    3.500    1.91950       0.518575       0.270161    
    3.600    1.96602       0.500025       0.254333    
    3.700    2.00829       0.481067       0.239540    
    3.800    2.04653       0.461908       0.225704    
    3.900    2.08097       0.442726       0.212750    
    4.000    2.11189       0.423674       0.200614    
    4.100    2.13955       0.404878       0.189235    
    4.200    2.16422       0.386443       0.178560    
    4.300    2.18616       0.368453       0.168539    
    4.400    2.20562       0.350972       0.159126    
    4.500    2.22285       0.334050       0.150280    
    4.600    2.23807       0.317721       0.141962    
    4.700    2.25149       0.302008       0.134137    
    4.800    2.26331       0.286924       0.126772    
    4.900    2.27370       0.272474       0.119838    
    5.000    2.28282       0.258657       0.113306    
    5.100    2.29082       0.245463       0.107151    
    5.200    2.29783       0.232883       0.101349    
    5.300    2.30396       0.220901       0.958787E-01
    5.400    2.30932       0.209499       0.907186E-01
    5.500    2.31401       0.198658       0.858499E-01
    5.600    2.31811       0.188358       0.812549E-01
    5.700    2.32168       0.178577       0.769170E-01
    5.800    2.32480       0.169294       0.728208E-01
    5.900    2.32752       0.160487       0.689519E-01
    6.000    2.32989       0.152134       0.652968E-01
    6.100    2.33195       0.144215       0.618429E-01
    6.200    2.33375       0.136708       0.585785E-01
    6.300    2.33532       0.129593       0.554926E-01
    6.400    2.33668       0.122851       0.525749E-01
    6.500    2.33787       0.116462       0.498157E-01
    6.600    2.33890       0.110410       0.472059E-01
    6.700    2.33980       0.104675       0.447370E-01
    6.800    2.34058       0.992429E-01   0.424011E-01
    6.900    2.34126       0.940965E-01   0.401906E-01
    7.000    2.34185       0.892210E-01   0.380986E-01
    7.100    2.34236       0.846021E-01   0.361183E-01
    7.200    2.34281       0.802262E-01   0.342437E-01
    7.300    2.34319       0.760805E-01   0.324687E-01
    7.400    2.34353       0.721526E-01   0.307880E-01
    7.500    2.34382       0.684309E-01   0.291963E-01
    7.600    2.34408       0.649044E-01   0.276887E-01
    7.700    2.34430       0.615628E-01   0.262607E-01
    7.800    2.34449       0.583961E-01   0.249078E-01
    7.900    2.34466       0.553951E-01   0.236261E-01
    8.000    2.34480       0.525508E-01   0.224116E-01
    8.100    2.34493       0.498550E-01   0.212608E-01
    8.200    2.34504       0.472997E-01   0.201701E-01
    8.300    2.34513       0.448774E-01   0.191364E-01
    8.400    2.34521       0.425811E-01   0.181566E-01
    8.500    2.34529       0.404041E-01   0.172278E-01
    8.600    2.34535       0.383401E-01   0.163473E-01
    8.700    2.34540       0.363830E-01   0.155125E-01
    8.800    2.34545       0.345273E-01   0.147210E-01
    8.900    2.34549       0.327676E-01   0.139705E-01
    9.000    2.34553       0.310988E-01   0.132588E-01
    9.100    2.34556       0.295161E-01   0.125839E-01
    9.200    2.34558       0.280151E-01   0.119438E-01
    9.300    2.34561       0.265913E-01   0.113366E-01
    9.400    2.34563       0.252408E-01   0.107608E-01
    9.500    2.34564       0.239597E-01   0.102146E-01
    9.600    2.34566       0.227445E-01   0.969641E-02
    9.700    2.34567       0.215915E-01   0.920485E-02
    9.800    2.34568       0.204977E-01   0.873850E-02
    9.900    2.34569       0.194600E-01   0.829604E-02
   10.000    2.34570       0.184753E-01   0.787623E-02
   10.100    2.34571       0.175409E-01   0.747789E-02
   10.200    2.34571       0.166544E-01   0.709991E-02
   10.300    2.34572       0.158130E-01   0.674123E-02
   10.400    2.34573       0.150146E-01   0.640084E-02
   10.500    2.34573       0.142569E-01   0.607782E-02
   10.600    2.34573       0.135378E-01   0.577124E-02
   10.700    2.34574       0.128553E-01   0.548027E-02
   10.800    2.34574       0.122075E-01   0.520411E-02
   10.900    2.34574       0.115926E-01   0.494198E-02
   11.000    2.34574       0.110090E-01   0.469317E-02
   11.100    2.34575       0.104550E-01   0.445699E-02
   11.200    2.34575       0.992905E-02   0.423279E-02
   11.300    2.34575       0.942981E-02   0.401996E-02
   11.400    2.34575       0.895586E-02   0.381791E-02
   11.500    2.34575       0.850591E-02   0.362609E-02
   11.600    2.34575       0.807874E-02   0.344399E-02
   11.700    2.34575       0.767317E-02   0.327109E-02
   11.800    2.34575       0.728810E-02   0.310694E-02
   11.900    2.34575       0.692250E-02   0.295108E-02
   12.000    2.34575       0.657535E-02   0.280309E-02
   12.100    2.34575       0.624573E-02   0.266257E-02
   12.200    2.34575       0.593274E-02   0.252914E-02
   12.300    2.34576       0.563553E-02   0.240244E-02
   12.400    2.34576       0.535331E-02   0.228213E-02
   12.500    2.34576       0.508530E-02   0.216787E-02
   12.600    2.34576       0.483079E-02   0.205937E-02
   12.700    2.34576       0.458909E-02   0.195634E-02
   12.800    2.34576       0.435955E-02   0.185848E-02
   12.900    2.34576       0.414156E-02   0.176555E-02
   13.000    2.34576       0.393452E-02   0.167729E-02
   13.100    2.34576       0.373789E-02   0.159347E-02
   13.200    2.34576       0.355114E-02   0.151386E-02
   13.300    2.34576       0.337376E-02   0.143824E-02
   13.400    2.34576       0.320529E-02   0.136642E-02
   13.500    2.34576       0.304528E-02   0.129821E-02
   13.600    2.34576       0.289328E-02   0.123341E-02
   13.700    2.34576       0.274892E-02   0.117187E-02
   13.800    2.34576       0.261178E-02   0.111341E-02
   13.900    2.34576       0.248152E-02   0.105788E-02
   14.000    2.34576       0.235779E-02   0.100513E-02
   14.100    2.34576       0.224025E-02   0.955022E-03
   14.200    2.34576       0.212859E-02   0.907423E-03
   14.300    2.34576       0.202253E-02   0.862207E-03
   14.400    2.34576       0.192177E-02   0.819253E-03
   14.500    2.34576       0.182605E-02   0.778447E-03
   14.600    2.34576       0.173511E-02   0.739682E-03
   14.700    2.34576       0.164873E-02   0.702855E-03
   14.800    2.34576       0.156666E-02   0.667868E-03
   14.900    2.34576       0.148869E-02   0.634629E-03
   15.000    2.34576       0.141461E-02   0.603051E-03
   15.100    2.34576       0.134423E-02   0.573049E-03
   15.200    2.34576       0.127737E-02   0.544545E-03
   15.300    2.34576       0.121385E-02   0.517464E-03
   15.400    2.34576       0.115349E-02   0.491734E-03
   15.500    2.34576       0.109614E-02   0.467288E-03
   15.600    2.34576       0.104166E-02   0.444062E-03
   15.700    2.34576       0.989893E-03   0.421993E-03
   15.800    2.34576       0.940706E-03   0.401024E-03
   15.900    2.34576       0.893971E-03   0.381101E-03
   16.000    2.34576       0.849564E-03   0.362171E-03
   16.100    2.34576       0.807370E-03   0.344183E-03
   16.200    2.34576       0.767278E-03   0.327092E-03
   16.300    2.34576       0.729183E-03   0.310852E-03
   16.400    2.34576       0.692984E-03   0.295420E-03
   16.500    2.34576       0.658587E-03   0.280757E-03
   16.600    2.34576       0.625902E-03   0.266823E-03
   16.700    2.34576       0.594844E-03   0.253583E-03
   16.800    2.34576       0.565331E-03   0.241002E-03
   16.900    2.34576       0.537286E-03   0.229046E-03
   17.000    2.34576       0.510636E-03   0.217685E-03
   17.100    2.34576       0.485311E-03   0.206889E-03
   17.200    2.34576       0.461245E-03   0.196630E-03
   17.300    2.34576       0.438376E-03   0.186880E-03
   17.400    2.34576       0.416643E-03   0.177616E-03
   17.500    2.34576       0.395990E-03   0.168811E-03
   17.600    2.34576       0.376364E-03   0.160444E-03
   17.700    2.34576       0.357712E-03   0.152493E-03
   17.800    2.34576       0.339986E-03   0.144937E-03
   17.900    2.34576       0.323141E-03   0.137756E-03
   18.000    2.34576       0.307133E-03   0.130931E-03
   18.100    2.34576       0.291919E-03   0.124446E-03
   18.200    2.34576       0.277460E-03   0.118282E-03
   18.300    2.34576       0.263719E-03   0.112424E-03
   18.400    2.34576       0.250660E-03   0.106857E-03
   18.500    2.34576       0.238249E-03   0.101566E-03
   18.600    2.34576       0.226454E-03   0.965376E-04
   18.700    2.34576       0.215244E-03   0.917587E-04
   18.800    2.34576       0.204589E-03   0.872167E-04
   18.900    2.34576       0.194463E-03   0.829001E-04
   19.000    2.34576       0.184840E-03   0.787974E-04
   19.100    2.34576       0.175693E-03   0.748982E-04
   19.200    2.34576       0.167000E-03   0.711923E-04
   19.300    2.34576       0.158738E-03   0.676701E-04
   19.400    2.34576       0.150885E-03   0.643224E-04
   19.500    2.34576       0.143421E-03   0.611407E-04
   19.600    2.34576       0.136327E-03   0.581166E-04
   19.700    2.34576       0.129585E-03   0.552423E-04
   19.800    2.34576       0.123177E-03   0.525104E-04
   19.900    2.34576       0.117086E-03   0.499139E-04
 &
# For Channel #  9: l = 1, j =  1.5, c#  1
    0.900   0.815894E-01   0.166667        2.04275    
    1.000   0.110902       0.200607        1.80887    
    1.100   0.146034       0.236011        1.61613    
    1.200   0.187248       0.272341        1.45444    
    1.300   0.234704       0.309054        1.31678    
    1.400   0.288452       0.345607        1.19814    
    1.500   0.348425       0.381466        1.09483    
    1.600   0.414437       0.416123        1.00407    
    1.700   0.486181       0.449095       0.923721    
    1.800   0.563230       0.479944       0.852129    
    1.900   0.645045       0.508277       0.787971    
    2.000   0.730988       0.533755       0.730184    
    2.100   0.820327       0.556104       0.677905    
    2.200   0.912264       0.575111       0.630422    
    2.300    1.00595       0.590635       0.587144    
    2.400    1.10049       0.602602       0.547575    
    2.500    1.19502       0.611008       0.511296    
    2.600    1.28866       0.615911       0.477948    
    2.700    1.38059       0.617433       0.447224    
    2.800    1.47006       0.615747       0.418860    
    2.900    1.55638       0.611073       0.392625    
    3.000    1.63899       0.603665       0.368316    
    3.100    1.71740       0.593807       0.345759    
    3.200    1.79128       0.581799       0.324795    
    3.300    1.86036       0.567945       0.305288    
    3.400    1.92452       0.552554       0.287113    
    3.500    1.98371       0.535919       0.270161    
    3.600    2.03798       0.518324       0.254333    
    3.700    2.08745       0.500029       0.239540    
    3.800    2.13232       0.481272       0.225704    
    3.900    2.17281       0.462264       0.212750    
    4.000    2.20918       0.443191       0.200614    
    4.100    2.24172       0.424212       0.189235    
    4.200    2.27073       0.405462       0.178560    
    4.300    2.29650       0.387050       0.168539    
    4.400    2.31932       0.369066       0.159126    
    4.500    2.33949       0.351579       0.150280    
    4.600    2.35726       0.334642       0.141962    
    4.700    2.37290       0.318293       0.134137    
    4.800    2.38662       0.302556       0.126772    
    4.900    2.39864       0.287448       0.119838    
    5.000    2.40917       0.272973       0.113306    
    5.100    2.41837       0.259131       0.107151    
    5.200    2.42640       0.245914       0.101349    
    5.300    2.43340       0.233312       0.958787E-01
    5.400    2.43951       0.221309       0.907186E-01
    5.500    2.44482       0.209888       0.858499E-01
    5.600    2.44945       0.199030       0.812549E-01
    5.700    2.45347       0.188714       0.769170E-01
    5.800    2.45697       0.178919       0.728208E-01
    5.900    2.46001       0.169622       0.689519E-01
    6.000    2.46265       0.160803       0.652968E-01
    6.100    2.46495       0.152439       0.618429E-01
    6.200    2.46694       0.144510       0.585785E-01
    6.300    2.46866       0.136993       0.554926E-01
    6.400    2.47016       0.129869       0.525749E-01
    6.500    2.47146       0.123118       0.498157E-01
    6.600    2.47259       0.116721       0.472059E-01
    6.700    2.47357       0.110660       0.447370E-01
    6.800    2.47442       0.104918       0.424011E-01
    6.900    2.47516       0.994780E-01   0.401906E-01
    7.000    2.47579       0.943242E-01   0.380986E-01
    7.100    2.47635       0.894415E-01   0.361183E-01
    7.200    2.47683       0.848156E-01   0.342437E-01
    7.300    2.47724       0.804329E-01   0.324687E-01
    7.400    2.47760       0.762804E-01   0.307880E-01
    7.500    2.47792       0.723459E-01   0.291963E-01
    7.600    2.47819       0.686178E-01   0.276887E-01
    7.700    2.47842       0.650850E-01   0.262607E-01
    7.800    2.47862       0.617371E-01   0.249078E-01
    7.900    2.47880       0.585644E-01   0.236261E-01
    8.000    2.47895       0.555574E-01   0.224116E-01
    8.100    2.47909       0.527073E-01   0.212608E-01
    8.200    2.47920       0.500058E-01   0.201701E-01
    8.300    2.47930       0.474449E-01   0.191364E-01
    8.400    2.47939       0.450172E-01   0.181566E-01
    8.500    2.47946       0.427157E-01   0.172278E-01
    8.600    2.47953       0.405335E-01   0.163473E-01
    8.700    2.47958       0.384645E-01   0.155125E-01
    8.800    2.47963       0.365026E-01   0.147210E-01
    8.900    2.47967       0.346422E-01   0.139705E-01
    9.000    2.47971       0.328779E-01   0.132588E-01
    9.100    2.47974       0.312047E-01   0.125839E-01
    9.200    2.47977       0.296178E-01   0.119438E-01
    9.300    2.47979       0.281125E-01   0.113366E-01
    9.400    2.47981       0.266848E-01   0.107608E-01
    9.500    2.47983       0.253304E-01   0.102146E-01
    9.600    2.47985       0.240456E-01   0.969641E-02
    9.700    2.47986       0.228267E-01   0.920485E-02
    9.800    2.47987       0.216704E-01   0.873850E-02
    9.900    2.47988       0.205732E-01   0.829604E-02
   10.000    2.47989       0.195322E-01   0.787623E-02
   10.100    2.47990       0.185444E-01   0.747789E-02
   10.200    2.47991       0.176071E-01   0.709991E-02
   10.300    2.47991       0.167176E-01   0.674123E-02
   10.400    2.47992       0.158736E-01   0.640084E-02
   10.500    2.47992       0.150725E-01   0.607782E-02
   10.600    2.47992       0.143122E-01   0.577124E-02
   10.700    2.47993       0.135907E-01   0.548027E-02
   10.800    2.47993       0.129058E-01   0.520411E-02
   10.900    2.47993       0.122558E-01   0.494198E-02
   11.000    2.47993       0.116387E-01   0.469317E-02
   11.100    2.47994       0.110530E-01   0.445699E-02
   11.200    2.47994       0.104971E-01   0.423279E-02
   11.300    2.47994       0.996925E-02   0.401996E-02
   11.400    2.47994       0.946819E-02   0.381791E-02
   11.500    2.47994       0.899250E-02   0.362609E-02
   11.600    2.47994       0.854089E-02   0.344399E-02
   11.700    2.47994       0.811212E-02   0.327109E-02
   11.800    2.47994       0.770503E-02   0.310694E-02
   11.900    2.47994       0.731850E-02   0.295108E-02
   12.000    2.47994       0.695150E-02   0.280309E-02
   12.100    2.47994       0.660302E-02   0.266257E-02
   12.200    2.47995       0.627213E-02   0.252914E-02
   12.300    2.47995       0.595792E-02   0.240244E-02
   12.400    2.47995       0.565955E-02   0.228213E-02
   12.500    2.47995       0.537621E-02   0.216787E-02
   12.600    2.47995       0.510714E-02   0.205937E-02
   12.700    2.47995       0.485161E-02   0.195634E-02
   12.800    2.47995       0.460894E-02   0.185848E-02
   12.900    2.47995       0.437848E-02   0.176555E-02
   13.000    2.47995       0.415960E-02   0.167729E-02
   13.100    2.47995       0.395172E-02   0.159347E-02
   13.200    2.47995       0.375428E-02   0.151386E-02
   13.300    2.47995       0.356676E-02   0.143824E-02
   13.400    2.47995       0.338865E-02   0.136642E-02
   13.500    2.47995       0.321948E-02   0.129821E-02
   13.600    2.47995       0.305880E-02   0.123341E-02
   13.700    2.47995       0.290617E-02   0.117187E-02
   13.800    2.47995       0.276119E-02   0.111341E-02
   13.900    2.47995       0.262348E-02   0.105788E-02
   14.000    2.47995       0.249267E-02   0.100513E-02
   14.100    2.47995       0.236840E-02   0.955022E-03
   14.200    2.47995       0.225036E-02   0.907423E-03
   14.300    2.47995       0.213823E-02   0.862207E-03
   14.400    2.47995       0.203170E-02   0.819253E-03
   14.500    2.47995       0.193051E-02   0.778447E-03
   14.600    2.47995       0.183437E-02   0.739682E-03
   14.700    2.47995       0.174304E-02   0.702855E-03
   14.800    2.47995       0.165628E-02   0.667868E-03
   14.900    2.47995       0.157385E-02   0.634629E-03
   15.000    2.47995       0.149553E-02   0.603051E-03
   15.100    2.47995       0.142113E-02   0.573049E-03
   15.200    2.47995       0.135044E-02   0.544545E-03
   15.300    2.47995       0.128328E-02   0.517464E-03
   15.400    2.47995       0.121948E-02   0.491734E-03
   15.500    2.47995       0.115885E-02   0.467288E-03
   15.600    2.47995       0.110125E-02   0.444062E-03
   15.700    2.47995       0.104652E-02   0.421993E-03
   15.800    2.47995       0.994520E-03   0.401024E-03
   15.900    2.47995       0.945111E-03   0.381101E-03
   16.000    2.47995       0.898164E-03   0.362171E-03
   16.100    2.47995       0.853557E-03   0.344183E-03
   16.200    2.47995       0.811171E-03   0.327092E-03
   16.300    2.47995       0.770896E-03   0.310852E-03
   16.400    2.47995       0.732627E-03   0.295420E-03
   16.500    2.47995       0.696262E-03   0.280757E-03
   16.600    2.47995       0.661708E-03   0.266823E-03
   16.700    2.47995       0.628873E-03   0.253583E-03
   16.800    2.47995       0.597671E-03   0.241002E-03
   16.900    2.47995       0.568022E-03   0.229046E-03
   17.000    2.47995       0.539847E-03   0.217685E-03
   17.100    2.47995       0.513074E-03   0.206889E-03
   17.200    2.47995       0.487631E-03   0.196630E-03
   17.300    2.47995       0.463454E-03   0.186880E-03
   17.400    2.47995       0.440477E-03   0.177616E-03
   17.500    2.47995       0.418643E-03   0.168811E-03
   17.600    2.47995       0.397894E-03   0.160444E-03
   17.700    2.47995       0.378175E-03   0.152493E-03
   17.800    2.47995       0.359436E-03   0.144937E-03
   17.900    2.47995       0.341627E-03   0.137756E-03
   18.000    2.47995       0.324703E-03   0.130931E-03
   18.100    2.47995       0.308618E-03   0.124446E-03
   18.200    2.47995       0.293333E-03   0.118282E-03
   18.300    2.47995       0.278806E-03   0.112424E-03
   18.400    2.47995       0.264999E-03   0.106857E-03
   18.500    2.47995       0.251878E-03   0.101566E-03
   18.600    2.47995       0.239408E-03   0.965376E-04
   18.700    2.47995       0.227557E-03   0.917587E-04
   18.800    2.47995       0.216293E-03   0.872167E-04
   18.900    2.47995       0.205588E-03   0.829001E-04
   19.000    2.47995       0.195414E-03   0.787974E-04
   19.100    2.47995       0.185744E-03   0.748982E-04
   19.200    2.47995       0.176553E-03   0.711923E-04
   19.300    2.47995       0.167818E-03   0.676701E-04
   19.400    2.47995       0.159516E-03   0.643224E-04
   19.500    2.47995       0.151626E-03   0.611407E-04
   19.600    2.47995       0.144126E-03   0.581166E-04
   19.700    2.47995       0.136998E-03   0.552423E-04
   19.800    2.47995       0.130223E-03   0.525104E-04
   19.900    2.47995       0.123784E-03   0.499139E-04
 &
# For Channel # 10: l = 2, j =  2.5, c#  1
    0.900   0.786958E-03   0.598617E-01    76.0673    
    1.000   0.129557E-02   0.797051E-01    61.5213    
    1.100   0.202217E-02   0.102644        50.7593    
    1.200   0.301867E-02   0.128517        42.5742    
    1.300   0.433835E-02   0.157068        36.2046    
    1.400   0.603361E-02   0.187952        31.1509    
    1.500   0.815343E-02   0.220747        27.0741    
    1.600   0.107408E-01   0.254964        23.7378    
    1.700   0.138303E-01   0.290065        20.9732    
    1.800   0.174456E-01   0.325477        18.6566    
    1.900   0.215980E-01   0.360611        16.6965    
    2.000   0.262847E-01   0.394880        15.0232    
    2.100   0.314879E-01   0.427717        13.5835    
    2.200   0.371754E-01   0.458594        12.3359    
    2.300   0.433005E-01   0.487036        11.2478    
    2.400   0.498040E-01   0.512639        10.2931    
    2.500   0.566159E-01   0.535074        9.45095    
    2.600   0.636582E-01   0.554101        8.70433    
    2.700   0.708475E-01   0.569570        8.03938    
    2.800   0.780991E-01   0.581420        7.44465    
    2.900   0.853289E-01   0.589676        6.91062    
    3.000   0.924577E-01   0.594442        6.42935    
    3.100   0.994126E-01   0.595892        5.99413    
    3.200   0.106130       0.594254        5.59931    
    3.300   0.112556       0.589800        5.24006    
    3.400   0.118649       0.582834        4.91226    
    3.500   0.124377       0.573673        4.61238    
    3.600   0.129720       0.562640        4.33735    
    3.700   0.134667       0.550053        4.08453    
    3.800   0.139218       0.536215        3.85161    
    3.900   0.143378       0.521408        3.63658    
    4.000   0.147160       0.505888        3.43767    
    4.100   0.150580       0.489887        3.25334    
    4.200   0.153659       0.473606        3.08220    
    4.300   0.156419       0.457218        2.92304    
    4.400   0.158883       0.440869        2.77480    
    4.500   0.161077       0.424681        2.63650    
    4.600   0.163025       0.408752        2.50730    
    4.700   0.164748       0.393161        2.38643    
    4.800   0.166270       0.377966        2.27321    
    4.900   0.167611       0.363214        2.16700    
    5.000   0.168791       0.348937        2.06727    
    5.100   0.169827       0.335154        1.97350    
    5.200   0.170736       0.321878        1.88524    
    5.300   0.171532       0.309113        1.80208    
    5.400   0.172228       0.296859        1.72364    
    5.500   0.172837       0.285109        1.64958    
    5.600   0.173368       0.273853        1.57960    
    5.700   0.173832       0.263079        1.51341    
    5.800   0.174236       0.252772        1.45074    
    5.900   0.174589       0.242917        1.39137    
    6.000   0.174896       0.233498        1.33507    
    6.100   0.175163       0.224496        1.28164    
    6.200   0.175396       0.215894        1.23089    
    6.300   0.175599       0.207676        1.18267    
    6.400   0.175775       0.199822        1.13681    
    6.500   0.175928       0.192318        1.09316    
    6.600   0.176061       0.185145        1.05160    
    6.700   0.176177       0.178289        1.01199    
    6.800   0.176278       0.171734       0.974226    
    6.900   0.176365       0.165465       0.938199    
    7.000   0.176441       0.159469       0.903808    
    7.100   0.176507       0.153731       0.870961    
    7.200   0.176564       0.148238       0.839573    
    7.300   0.176614       0.142980       0.809563    
    7.400   0.176657       0.137944       0.780857    
    7.500   0.176695       0.133119       0.753384    
    7.600   0.176727       0.128495       0.727080    
    7.700   0.176755       0.124062       0.701883    
    7.800   0.176780       0.119810       0.677737    
    7.900   0.176801       0.115732       0.654586    
    8.000   0.176820       0.111818       0.632382    
    8.100   0.176836       0.108060       0.611078    
    8.200   0.176850       0.104452       0.590627    
    8.300   0.176862       0.100986       0.570990    
    8.400   0.176872       0.976557E-01   0.552126    
    8.500   0.176881       0.944545E-01   0.533999    
    8.600   0.176889       0.913764E-01   0.516574    
    8.700   0.176896       0.884159E-01   0.499818    
    8.800   0.176902       0.855676E-01   0.483701    
    8.900   0.176907       0.828265E-01   0.468192    
    9.000   0.176912       0.801877E-01   0.453264    
    9.100   0.176915       0.776468E-01   0.438892    
    9.200   0.176919       0.751994E-01   0.425050    
    9.300   0.176922       0.728414E-01   0.411715    
    9.400   0.176924       0.705689E-01   0.398865    
    9.500   0.176926       0.683783E-01   0.386479    
    9.600   0.176928       0.662662E-01   0.374537    
    9.700   0.176930       0.642291E-01   0.363020    
    9.800   0.176931       0.622639E-01   0.351910    
    9.900   0.176933       0.603676E-01   0.341190    
   10.000   0.176934       0.585375E-01   0.330844    
   10.100   0.176935       0.567707E-01   0.320857    
   10.200   0.176936       0.550648E-01   0.311214    
   10.300   0.176936       0.534172E-01   0.301901    
   10.400   0.176937       0.518256E-01   0.292904    
   10.500   0.176937       0.502878E-01   0.284212    
   10.600   0.176938       0.488017E-01   0.275812    
   10.700   0.176938       0.473652E-01   0.267693    
   10.800   0.176939       0.459764E-01   0.259844    
   10.900   0.176939       0.446336E-01   0.252254    
   11.000   0.176939       0.433348E-01   0.244914    
   11.100   0.176939       0.420786E-01   0.237813    
   11.200   0.176940       0.408631E-01   0.230944    
   11.300   0.176940       0.396870E-01   0.224296    
   11.400   0.176940       0.385487E-01   0.217863    
   11.500   0.176940       0.374468E-01   0.211636    
   11.600   0.176940       0.363801E-01   0.205607    
   11.700   0.176940       0.353471E-01   0.199769    
   11.800   0.176940       0.343468E-01   0.194115    
   11.900   0.176940       0.333779E-01   0.188639    
   12.000   0.176940       0.324393E-01   0.183334    
   12.100   0.176941       0.315299E-01   0.178195    
   12.200   0.176941       0.306486E-01   0.173214    
   12.300   0.176941       0.297946E-01   0.168387    
   12.400   0.176941       0.289667E-01   0.163709    
   12.500   0.176941       0.281642E-01   0.159173    
   12.600   0.176941       0.273861E-01   0.154776    
   12.700   0.176941       0.266317E-01   0.150512    
   12.800   0.176941       0.259000E-01   0.146377    
   12.900   0.176941       0.251903E-01   0.142366    
   13.000   0.176941       0.245020E-01   0.138475    
   13.100   0.176941       0.238341E-01   0.134701    
   13.200   0.176941       0.231861E-01   0.131039    
   13.300   0.176941       0.225574E-01   0.127485    
   13.400   0.176941       0.219472E-01   0.124037    
   13.500   0.176941       0.213549E-01   0.120690    
   13.600   0.176941       0.207800E-01   0.117441    
   13.700   0.176941       0.202219E-01   0.114286    
   13.800   0.176941       0.196801E-01   0.111224    
   13.900   0.176941       0.191540E-01   0.108251    
   14.000   0.176941       0.186431E-01   0.105363    
   14.100   0.176941       0.181469E-01   0.102559    
   14.200   0.176941       0.176650E-01   0.998354E-01
   14.300   0.176941       0.171968E-01   0.971897E-01
   14.400   0.176941       0.167421E-01   0.946196E-01
   14.500   0.176941       0.163003E-01   0.921227E-01
   14.600   0.176941       0.158710E-01   0.896966E-01
   14.700   0.176941       0.154539E-01   0.873392E-01
   14.800   0.176941       0.150485E-01   0.850482E-01
   14.900   0.176941       0.146545E-01   0.828217E-01
   15.000   0.176941       0.142716E-01   0.806577E-01
   15.100   0.176941       0.138994E-01   0.785542E-01
   15.200   0.176941       0.135376E-01   0.765094E-01
   15.300   0.176941       0.131859E-01   0.745214E-01
   15.400   0.176941       0.128439E-01   0.725887E-01
   15.500   0.176941       0.125114E-01   0.707094E-01
   15.600   0.176941       0.121880E-01   0.688819E-01
   15.700   0.176941       0.118736E-01   0.671048E-01
   15.800   0.176941       0.115678E-01   0.653765E-01
   15.900   0.176941       0.112703E-01   0.636955E-01
   16.000   0.176941       0.109810E-01   0.620604E-01
   16.100   0.176941       0.106996E-01   0.604700E-01
   16.200   0.176941       0.104258E-01   0.589227E-01
   16.300   0.176941       0.101595E-01   0.574175E-01
   16.400   0.176941       0.990037E-02   0.559530E-01
   16.500   0.176941       0.964824E-02   0.545280E-01
   16.600   0.176941       0.940290E-02   0.531415E-01
   16.700   0.176941       0.916416E-02   0.517922E-01
   16.800   0.176941       0.893182E-02   0.504792E-01
   16.900   0.176941       0.870570E-02   0.492012E-01
   17.000   0.176941       0.848563E-02   0.479575E-01
   17.100   0.176941       0.827142E-02   0.467468E-01
   17.200   0.176941       0.806291E-02   0.455684E-01
   17.300   0.176941       0.785994E-02   0.444213E-01
   17.400   0.176941       0.766234E-02   0.433046E-01
   17.500   0.176941       0.746998E-02   0.422174E-01
   17.600   0.176941       0.728268E-02   0.411589E-01
   17.700   0.176941       0.710033E-02   0.401283E-01
   17.800   0.176941       0.692276E-02   0.391248E-01
   17.900   0.176941       0.674986E-02   0.381476E-01
   18.000   0.176941       0.658149E-02   0.371960E-01
   18.100   0.176941       0.641752E-02   0.362693E-01
   18.200   0.176941       0.625783E-02   0.353668E-01
   18.300   0.176941       0.610230E-02   0.344878E-01
   18.400   0.176941       0.595081E-02   0.336317E-01
   18.500   0.176941       0.580326E-02   0.327978E-01
   18.600   0.176941       0.565954E-02   0.319855E-01
   18.700   0.176941       0.551953E-02   0.311943E-01
   18.800   0.176941       0.538315E-02   0.304235E-01
   18.900   0.176941       0.525028E-02   0.296725E-01
   19.000   0.176941       0.512083E-02   0.289409E-01
   19.100   0.176941       0.499471E-02   0.282282E-01
   19.200   0.176941       0.487183E-02   0.275337E-01
   19.300   0.176941       0.475209E-02   0.268570E-01
   19.400   0.176941       0.463543E-02   0.261977E-01
   19.500   0.176941       0.452174E-02   0.255552E-01
   19.600   0.176941       0.441096E-02   0.249290E-01
   19.700   0.176940       0.430300E-02   0.243189E-01
   19.800   0.176940       0.419778E-02   0.237243E-01
   19.900   0.176940       0.409524E-02   0.231447E-01
 &
# For Channel # 11: l = 2, j =  2.5, c#  1
    0.900   0.528719E-02   0.773830E-01    14.6359    
    1.000   0.872469E-02   0.102671        11.7679    
    1.100   0.136519E-01   0.131701        9.64709    
    1.200   0.204329E-01   0.164185        8.03532    
    1.300   0.294463E-01   0.199710        6.78218    
    1.400   0.410688E-01   0.237748        5.78901    
    1.500   0.556587E-01   0.277674        4.98887    
    1.600   0.735370E-01   0.318789        4.33508    
    1.700   0.949695E-01   0.360337        3.79424    
    1.800   0.120150       0.401539        3.34199    
    1.900   0.149184       0.441611        2.96017    
    2.000   0.182081       0.479794        2.63506    
    2.100   0.218741       0.515383        2.35613    
    2.200   0.258959       0.547744        2.11518    
    2.300   0.302423       0.576336        1.90573    
    2.400   0.348725       0.600731        1.72265    
    2.500   0.397373       0.620619        1.56180    
    2.600   0.447814       0.635817        1.41983    
    2.700   0.499446       0.646267        1.29397    
    2.800   0.551652       0.652031        1.18196    
    2.900   0.603817       0.653283        1.08192    
    3.000   0.655353       0.650290       0.992274    
    3.100   0.705718       0.643396       0.911689    
    3.200   0.754434       0.633003       0.839044    
    3.300   0.801096       0.619553       0.773382    
    3.400   0.845380       0.603504       0.713885    
    3.500   0.887045       0.585318       0.659851    
    3.600   0.925932       0.565441       0.610673    
    3.700   0.961954       0.544296       0.565823    
    3.800   0.995093       0.522269       0.524844    
    3.900    1.02539       0.499709       0.487337    
    4.000    1.05292       0.476919       0.452949    
    4.100    1.07781       0.454161       0.421372    
    4.200    1.10021       0.431653       0.392335    
    4.300    1.12028       0.409571       0.365595    
    4.400    1.13820       0.388057       0.340940    
    4.500    1.15413       0.367220       0.318178    
    4.600    1.16826       0.347138       0.297141    
    4.700    1.18076       0.327867       0.277675    
    4.800    1.19179       0.309441       0.259644    
    4.900    1.20149       0.291876       0.242928    
    5.000    1.21002       0.275176       0.227414    
    5.100    1.21751       0.259334       0.213004    
    5.200    1.22406       0.244333       0.199608    
    5.300    1.22980       0.230150       0.187144    
    5.400    1.23481       0.216759       0.175540    
    5.500    1.23919       0.204128       0.164727    
    5.600    1.24301       0.192225       0.154645    
    5.700    1.24634       0.181016       0.145238    
    5.800    1.24924       0.170466       0.136456    
    5.900    1.25176       0.160541       0.128252    
    6.000    1.25396       0.151206       0.120583    
    6.100    1.25587       0.142430       0.113411    
    6.200    1.25753       0.134179       0.106700    
    6.300    1.25898       0.126423       0.100417    
    6.400    1.26023       0.119133       0.945323E-01
    6.500    1.26132       0.112280       0.890177E-01
    6.600    1.26227       0.105839       0.838479E-01
    6.700    1.26309       0.997830E-01   0.789991E-01
    6.800    1.26380       0.940897E-01   0.744496E-01
    6.900    1.26442       0.887363E-01   0.701793E-01
    7.000    1.26496       0.837018E-01   0.661694E-01
    7.100    1.26543       0.789663E-01   0.624028E-01
    7.200    1.26583       0.745114E-01   0.588635E-01
    7.300    1.26618       0.703197E-01   0.555367E-01
    7.400    1.26649       0.663748E-01   0.524085E-01
    7.500    1.26675       0.626615E-01   0.494662E-01
    7.600    1.26698       0.591655E-01   0.466979E-01
    7.700    1.26718       0.558734E-01   0.440927E-01
    7.800    1.26736       0.527728E-01   0.416401E-01
    7.900    1.26750       0.498519E-01   0.393307E-01
    8.000    1.26763       0.470996E-01   0.371555E-01
    8.100    1.26775       0.445059E-01   0.351063E-01
    8.200    1.26785       0.420610E-01   0.331752E-01
    8.300    1.26793       0.397559E-01   0.313550E-01
    8.400    1.26800       0.375823E-01   0.296390E-01
    8.500    1.26807       0.355323E-01   0.280208E-01
    8.600    1.26812       0.335984E-01   0.264946E-01
    8.700    1.26817       0.317739E-01   0.250549E-01
    8.800    1.26821       0.300521E-01   0.236964E-01
    8.900    1.26825       0.284270E-01   0.224144E-01
    9.000    1.26828       0.268929E-01   0.212043E-01
    9.100    1.26831       0.254446E-01   0.200619E-01
    9.200    1.26833       0.240769E-01   0.189831E-01
    9.300    1.26835       0.227852E-01   0.179644E-01
    9.400    1.26837       0.215650E-01   0.170022E-01
    9.500    1.26838       0.204123E-01   0.160932E-01
    9.600    1.26840       0.193231E-01   0.152343E-01
    9.700    1.26841       0.182938E-01   0.144227E-01
    9.800    1.26842       0.173210E-01   0.136556E-01
    9.900    1.26843       0.164015E-01   0.129306E-01
   10.000    1.26843       0.155321E-01   0.122451E-01
   10.100    1.26844       0.147102E-01   0.115970E-01
   10.200    1.26845       0.139329E-01   0.109842E-01
   10.300    1.26845       0.131977E-01   0.104046E-01
   10.400    1.26845       0.125024E-01   0.985642E-02
   10.500    1.26846       0.118447E-01   0.933785E-02
   10.600    1.26846       0.112224E-01   0.884725E-02
   10.700    1.26846       0.106336E-01   0.838305E-02
   10.800    1.26847       0.100764E-01   0.794380E-02
   10.900    1.26847       0.954916E-02   0.752810E-02
   11.000    1.26847       0.905010E-02   0.713466E-02
   11.100    1.26847       0.857771E-02   0.676224E-02
   11.200    1.26847       0.813052E-02   0.640969E-02
   11.300    1.26847       0.770714E-02   0.607591E-02
   11.400    1.26848       0.730627E-02   0.575988E-02
   11.500    1.26848       0.692668E-02   0.546063E-02
   11.600    1.26848       0.656720E-02   0.517723E-02
   11.700    1.26848       0.622675E-02   0.490884E-02
   11.800    1.26848       0.590429E-02   0.465463E-02
   11.900    1.26848       0.559885E-02   0.441383E-02
   12.000    1.26848       0.530950E-02   0.418572E-02
   12.100    1.26848       0.503537E-02   0.396961E-02
   12.200    1.26848       0.477565E-02   0.376486E-02
   12.300    1.26848       0.452955E-02   0.357085E-02
   12.400    1.26848       0.429636E-02   0.338701E-02
   12.500    1.26848       0.407537E-02   0.321280E-02
   12.600    1.26848       0.386593E-02   0.304769E-02
   12.700    1.26848       0.366743E-02   0.289120E-02
   12.800    1.26848       0.347929E-02   0.274288E-02
   12.900    1.26848       0.330094E-02   0.260228E-02
   13.000    1.26848       0.313187E-02   0.246899E-02
   13.100    1.26848       0.297160E-02   0.234264E-02
   13.200    1.26848       0.281964E-02   0.222285E-02
   13.300    1.26848       0.267556E-02   0.210926E-02
   13.400    1.26848       0.253895E-02   0.200157E-02
   13.500    1.26848       0.240941E-02   0.189945E-02
   13.600    1.26848       0.228657E-02   0.180261E-02
   13.700    1.26848       0.217008E-02   0.171077E-02
   13.800    1.26848       0.205959E-02   0.162367E-02
   13.900    1.26848       0.195481E-02   0.154106E-02
   14.000    1.26848       0.185542E-02   0.146271E-02
   14.100    1.26848       0.176115E-02   0.138839E-02
   14.200    1.26848       0.167172E-02   0.131789E-02
   14.300    1.26848       0.158689E-02   0.125101E-02
   14.400    1.26848       0.150641E-02   0.118757E-02
   14.500    1.26848       0.143006E-02   0.112738E-02
   14.600    1.26848       0.135763E-02   0.107028E-02
   14.700    1.26848       0.128890E-02   0.101610E-02
   14.800    1.26848       0.122369E-02   0.964691E-03
   14.900    1.26848       0.116182E-02   0.915912E-03
   15.000    1.26848       0.110310E-02   0.869625E-03
   15.100    1.26848       0.104739E-02   0.825701E-03
   15.200    1.26848       0.994513E-03   0.784019E-03
   15.300    1.26848       0.944335E-03   0.744461E-03
   15.400    1.26848       0.896714E-03   0.706919E-03
   15.500    1.26848       0.851516E-03   0.671288E-03
   15.600    1.26848       0.808619E-03   0.637470E-03
   15.700    1.26848       0.767902E-03   0.605371E-03
   15.800    1.26848       0.729255E-03   0.574903E-03
   15.900    1.26848       0.692569E-03   0.545983E-03
   16.000    1.26848       0.657746E-03   0.518530E-03
   16.100    1.26848       0.624689E-03   0.492469E-03
   16.200    1.26848       0.593307E-03   0.467730E-03
   16.300    1.26848       0.563515E-03   0.444244E-03
   16.400    1.26848       0.535231E-03   0.421946E-03
   16.500    1.26848       0.508379E-03   0.400777E-03
   16.600    1.26848       0.482884E-03   0.380679E-03
   16.700    1.26848       0.458678E-03   0.361596E-03
   16.800    1.26848       0.435695E-03   0.343477E-03
   16.900    1.26848       0.413872E-03   0.326273E-03
   17.000    1.26848       0.393150E-03   0.309937E-03
   17.100    1.26848       0.373474E-03   0.294426E-03
   17.200    1.26848       0.354789E-03   0.279696E-03
   17.300    1.26848       0.337046E-03   0.265708E-03
   17.400    1.26848       0.320196E-03   0.252425E-03
   17.500    1.26848       0.304195E-03   0.239810E-03
   17.600    1.26848       0.288999E-03   0.227830E-03
   17.700    1.26848       0.274567E-03   0.216453E-03
   17.800    1.26848       0.260860E-03   0.205647E-03
   17.900    1.26848       0.247842E-03   0.195385E-03
   18.000    1.26848       0.235478E-03   0.185638E-03
   18.100    1.26848       0.223735E-03   0.176380E-03
   18.200    1.26848       0.212581E-03   0.167587E-03
   18.300    1.26848       0.201986E-03   0.159235E-03
   18.400    1.26848       0.191923E-03   0.151301E-03
   18.500    1.26848       0.182364E-03   0.143765E-03
   18.600    1.26848       0.173284E-03   0.136607E-03
   18.700    1.26848       0.164658E-03   0.129807E-03
   18.800    1.26848       0.156465E-03   0.123348E-03
   18.900    1.26848       0.148681E-03   0.117212E-03
   19.000    1.26848       0.141287E-03   0.111383E-03
   19.100    1.26848       0.134262E-03   0.105845E-03
   19.200    1.26848       0.127589E-03   0.100584E-03
   19.300    1.26848       0.121249E-03   0.955861E-04
   19.400    1.26848       0.115226E-03   0.908377E-04
   19.500    1.26848       0.109504E-03   0.863265E-04
   19.600    1.26848       0.104067E-03   0.820404E-04
   19.700    1.26848       0.989011E-04   0.779682E-04
   19.800    1.26848       0.939933E-04   0.740991E-04
   19.900    1.26848       0.893301E-04   0.704229E-04
 &
# For Channel # 12: l = 0, j =  0.5, c#  1
    0.900   0.704305       0.451114       0.640510    
    1.000   0.751134       0.457874       0.609578    
    1.100   0.782270       0.453825       0.580139    
    1.200   0.795391       0.439153       0.552122    
    1.300   0.788455       0.414300       0.525458    
    1.400   0.759772       0.379948       0.500081    
    1.500   0.708073       0.336993       0.475930    
    1.600   0.632565       0.286518       0.452946    
    1.700   0.532978       0.229752       0.431071    
    1.800   0.409584       0.168033       0.410253    
    1.900   0.263208       0.102767       0.390441    
    2.000   0.952147E-01   0.353803E-01   0.371585    
    2.100  -0.925280E-01  -0.327216E-01   0.353640    
    2.200  -0.297703      -0.100195       0.336561    
    2.300  -0.517619      -0.165797       0.320307    
    2.400  -0.749300      -0.228415       0.304838    
    2.500  -0.989586      -0.287095       0.290117    
    2.600   -1.23524      -0.341057       0.276106    
    2.700   -1.48306      -0.389705       0.262772    
    2.800   -1.72996      -0.432631       0.250081    
    2.900   -1.97310      -0.469606       0.238004    
    3.000   -2.20993      -0.500570       0.226510    
    3.100   -2.43824      -0.525614       0.215571    
    3.200   -2.65623      -0.544952       0.205160    
    3.300   -2.86249      -0.558906       0.195252    
    3.400   -3.05600      -0.567874       0.185823    
    3.500   -3.23614      -0.572307       0.176849    
    3.600   -3.40262      -0.572688       0.168308    
    3.700   -3.55545      -0.569510       0.160180    
    3.800   -3.69488      -0.563262       0.152444    
    3.900   -3.82138      -0.554412       0.145082    
    4.000   -3.93556      -0.543403       0.138075    
    4.100   -4.03815      -0.530641       0.131407    
    4.200   -4.12994      -0.516494       0.125061    
    4.300   -4.21176      -0.501290       0.119021    
    4.400   -4.28446      -0.485315       0.113273    
    4.500   -4.34885      -0.468819       0.107803    
    4.600   -4.40574      -0.452014       0.102597    
    4.700   -4.45588      -0.435080       0.976419E-01
    4.800   -4.49998      -0.418167       0.929264E-01
    4.900   -4.53870      -0.401396       0.884386E-01
    5.000   -4.57263      -0.384868       0.841676E-01
    5.100   -4.60234      -0.368660       0.801028E-01
    5.200   -4.62831      -0.352836       0.762344E-01
    5.300   -4.65098      -0.337442       0.725527E-01
    5.400   -4.67077      -0.322511       0.690489E-01
    5.500   -4.68801      -0.308069       0.657142E-01
    5.600   -4.70304      -0.294131       0.625406E-01
    5.700   -4.71611      -0.280705       0.595203E-01
    5.800   -4.72749      -0.267793       0.566459E-01
    5.900   -4.73739      -0.255394       0.539102E-01
    6.000   -4.74599      -0.243501       0.513067E-01
    6.100   -4.75346      -0.232106       0.488289E-01
    6.200   -4.75996      -0.221199       0.464708E-01
    6.300   -4.76559      -0.210766       0.442265E-01
    6.400   -4.77049      -0.200793       0.420906E-01
    6.500   -4.77474      -0.191266       0.400579E-01
    6.600   -4.77843      -0.182170       0.381234E-01
    6.700   -4.78163      -0.173488       0.362823E-01
    6.800   -4.78440      -0.165206       0.345300E-01
    6.900   -4.78681      -0.157306       0.328625E-01
    7.000   -4.78890      -0.149775       0.312754E-01
    7.100   -4.79072      -0.142596       0.297650E-01
    7.200   -4.79229      -0.135754       0.283275E-01
    7.300   -4.79365      -0.129234       0.269595E-01
    7.400   -4.79483      -0.123023       0.256575E-01
    7.500   -4.79586      -0.117107       0.244184E-01
    7.600   -4.79675      -0.111472       0.232392E-01
    7.700   -4.79752      -0.106106       0.221169E-01
    7.800   -4.79819      -0.100996       0.210487E-01
    7.900   -4.79877      -0.961299E-01   0.200322E-01
    8.000   -4.79927      -0.914970E-01   0.190648E-01
    8.100   -4.79970      -0.870862E-01   0.181441E-01
    8.200   -4.80008      -0.828870E-01   0.172678E-01
    8.300   -4.80041      -0.788895E-01   0.164339E-01
    8.400   -4.80069      -0.750840E-01   0.156402E-01
    8.500   -4.80094      -0.714616E-01   0.148849E-01
    8.600   -4.80115      -0.680135E-01   0.141661E-01
    8.700   -4.80134      -0.647313E-01   0.134819E-01
    8.800   -4.80150      -0.616073E-01   0.128308E-01
    8.900   -4.80164      -0.586337E-01   0.122112E-01
    9.000   -4.80176      -0.558035E-01   0.116215E-01
    9.100   -4.80186      -0.531097E-01   0.110602E-01
    9.200   -4.80195      -0.505458E-01   0.105261E-01
    9.300   -4.80203      -0.481055E-01   0.100177E-01
    9.400   -4.80210      -0.457829E-01   0.953394E-02
    9.500   -4.80216      -0.435724E-01   0.907351E-02
    9.600   -4.80221      -0.414686E-01   0.863532E-02
    9.700   -4.80225      -0.394663E-01   0.821829E-02
    9.800   -4.80229      -0.375606E-01   0.782139E-02
    9.900   -4.80233      -0.357469E-01   0.744367E-02
   10.000   -4.80235      -0.340208E-01   0.708419E-02
   10.100   -4.80238      -0.323779E-01   0.674206E-02
   10.200   -4.80240      -0.308144E-01   0.641646E-02
   10.300   -4.80242      -0.293264E-01   0.610659E-02
   10.400   -4.80244      -0.279102E-01   0.581168E-02
   10.500   -4.80245      -0.265624E-01   0.553101E-02
   10.600   -4.80246      -0.252797E-01   0.526390E-02
   10.700   -4.80247      -0.240589E-01   0.500968E-02
   10.800   -4.80248      -0.228970E-01   0.476775E-02
   10.900   -4.80249      -0.217913E-01   0.453749E-02
   11.000   -4.80250      -0.207389E-01   0.431836E-02
   11.100   -4.80250      -0.197374E-01   0.410981E-02
   11.200   -4.80251      -0.187842E-01   0.391133E-02
   11.300   -4.80251      -0.178771E-01   0.372244E-02
   11.400   -4.80252      -0.170137E-01   0.354267E-02
   11.500   -4.80252      -0.161921E-01   0.337158E-02
   11.600   -4.80252      -0.154101E-01   0.320875E-02
   11.700   -4.80253      -0.146659E-01   0.305379E-02
   11.800   -4.80253      -0.139576E-01   0.290631E-02
   11.900   -4.80253      -0.132836E-01   0.276595E-02
   12.000   -4.80253      -0.126421E-01   0.263238E-02
   12.100   -4.80253      -0.120315E-01   0.250525E-02
   12.200   -4.80253      -0.114505E-01   0.238426E-02
   12.300   -4.80254      -0.108975E-01   0.226912E-02
   12.400   -4.80254      -0.103712E-01   0.215953E-02
   12.500   -4.80254      -0.987037E-02   0.205524E-02
   12.600   -4.80254      -0.939369E-02   0.195598E-02
   12.700   -4.80254      -0.894003E-02   0.186152E-02
   12.800   -4.80254      -0.850829E-02   0.177162E-02
   12.900   -4.80254      -0.809739E-02   0.168606E-02
   13.000   -4.80254      -0.770634E-02   0.160464E-02
   13.100   -4.80254      -0.733417E-02   0.152714E-02
   13.200   -4.80254      -0.697997E-02   0.145339E-02
   13.300   -4.80254      -0.664289E-02   0.138320E-02
   13.400   -4.80254      -0.632208E-02   0.131640E-02
   13.500   -4.80254      -0.601676E-02   0.125283E-02
   13.600   -4.80254      -0.572619E-02   0.119232E-02
   13.700   -4.80254      -0.544965E-02   0.113474E-02
   13.800   -4.80254      -0.518646E-02   0.107994E-02
   13.900   -4.80254      -0.493599E-02   0.102779E-02
   14.000   -4.80254      -0.469761E-02   0.978151E-03
   14.100   -4.80254      -0.447075E-02   0.930913E-03
   14.200   -4.80254      -0.425484E-02   0.885955E-03
   14.300   -4.80254      -0.404936E-02   0.843169E-03
   14.400   -4.80254      -0.385380E-02   0.802449E-03
   14.500   -4.80254      -0.366768E-02   0.763696E-03
   14.600   -4.80254      -0.349056E-02   0.726814E-03
   14.700   -4.80254      -0.332198E-02   0.691714E-03
   14.800   -4.80254      -0.316155E-02   0.658308E-03
   14.900   -4.80254      -0.300887E-02   0.626516E-03
   15.000   -4.80254      -0.286356E-02   0.596259E-03
   15.100   -4.80254      -0.272527E-02   0.567463E-03
   15.200   -4.80254      -0.259365E-02   0.540059E-03
   15.300   -4.80254      -0.246840E-02   0.513977E-03
   15.400   -4.80254      -0.234919E-02   0.489155E-03
   15.500   -4.80254      -0.223574E-02   0.465532E-03
   15.600   -4.80254      -0.212776E-02   0.443050E-03
   15.700   -4.80254      -0.202501E-02   0.421653E-03
   15.800   -4.80254      -0.192721E-02   0.401290E-03
   15.900   -4.80254      -0.183414E-02   0.381910E-03
   16.000   -4.80254      -0.174556E-02   0.363466E-03
   16.100   -4.80254      -0.166126E-02   0.345913E-03
   16.200   -4.80254      -0.158103E-02   0.329208E-03
   16.300   -4.80254      -0.150468E-02   0.313309E-03
   16.400   -4.80254      -0.143201E-02   0.298178E-03
   16.500   -4.80254      -0.136286E-02   0.283778E-03
   16.600   -4.80254      -0.129704E-02   0.270073E-03
   16.700   -4.80254      -0.123440E-02   0.257030E-03
   16.800   -4.80254      -0.117479E-02   0.244617E-03
   16.900   -4.80254      -0.111805E-02   0.232804E-03
   17.000   -4.80254      -0.106406E-02   0.221561E-03
   17.100   -4.80254      -0.101267E-02   0.210861E-03
   17.200   -4.80254      -0.963762E-03   0.200678E-03
   17.300   -4.80254      -0.917219E-03   0.190986E-03
   17.400   -4.80254      -0.872923E-03   0.181763E-03
   17.500   -4.80254      -0.830766E-03   0.172985E-03
   17.600   -4.80254      -0.790645E-03   0.164631E-03
   17.700   -4.80254      -0.752462E-03   0.156680E-03
   17.800   -4.80254      -0.716123E-03   0.149113E-03
   17.900   -4.80254      -0.681538E-03   0.141912E-03
   18.000   -4.80254      -0.648624E-03   0.135059E-03
   18.100   -4.80254      -0.617300E-03   0.128536E-03
   18.200   -4.80254      -0.587488E-03   0.122329E-03
   18.300   -4.80254      -0.559116E-03   0.116421E-03
   18.400   -4.80254      -0.532114E-03   0.110798E-03
   18.500   -4.80254      -0.506416E-03   0.105448E-03
   18.600   -4.80254      -0.481960E-03   0.100355E-03
   18.700   -4.80254      -0.458684E-03   0.955086E-04
   18.800   -4.80254      -0.436532E-03   0.908961E-04
   18.900   -4.80254      -0.415451E-03   0.865064E-04
   19.000   -4.80254      -0.395387E-03   0.823287E-04
   19.100   -4.80254      -0.376292E-03   0.783527E-04
   19.200   -4.80254      -0.358120E-03   0.745687E-04
   19.300   -4.80254      -0.340825E-03   0.709675E-04
   19.400   -4.80254      -0.324365E-03   0.675402E-04
   19.500   -4.80254      -0.308700E-03   0.642785E-04
   19.600   -4.80254      -0.293792E-03   0.611742E-04
   19.700   -4.80254      -0.279603E-03   0.582199E-04
   19.800   -4.80254      -0.266100E-03   0.554082E-04
   19.900   -4.80254      -0.253249E-03   0.527323E-04
 &
