Running on jalapeno
 FRESCOX - version 7.2-4-g8e5699f: Coupled Reaction Channels             on gfortran                      

 Assuming NAMELIST input.

 12C(d,p)13C(3.089 MeV,1/2+) CCBA                                                                                        

   0.100  20.000   0.200   0.200  20.000   0.000   0.000   0.000   0.000   0.000

 Centre-of-mass Range is    202 * 0.1000 fm., Maximum at  20.00 fm., Interpolating NL forms every  0.20 fm.
 Non - locality width is    101 * 0.2000 fm., Maximum of  20.00 fm., Centred at  0.00 fm.
 2-Nucleon Separation of      0 * 0.2000 fm., Maximum of   0.00 fm., Minimum at  0.00 fm.
 Maximum single particle bins of 20.0000 fm.
               M,Mint =          201         201


 Range of total J is     0.0 <= J <=    18.0 (at least     0.0) and Absorbtion =>     0.0000 mb.
 Dry Run = F, CC set limits =  0  0, Relativistic kinematics =   , Both/Far/Near Analyses =  1                     

 Cross Sections (and up to T0 for 0=projectile) for Theta from   0.0 to 180.0 in steps of  0.5 degrees, DGAM=0, grace=T,  Coordinates = 1 (Mads,Tran)

 Lower Radial Cutoff = maximum of -1.60*L*h &       0.0 fm.,  Lower Cutoff for Couplings =   0.0  fm.


 Iterate Couplings between   1 and 100 times, to  0.010 % if sooner.            Convergence failures are fatal
  Block solved exactly =   8 chs., with Pade = 1 & Isocen =  =0, NOSOL = F, CCREAL = F, initwf =  0
    Small channels are  0.00E+00 and small couplings are  1.00E-12 of unitarity

  NL quadrature with   48 Gaussian points, Calculate multipoles up to    28 from   0
  M-transfers for lp+lt greater than or equal to  6, Angular Integration Cutoff below  0.3906 %


 Trace switches are :  CHANS =  1, LISTCC =  1, TRENEG =  0, CDETR =  0, SMATS =  1, XSTABL =  3, NLPL =  0

                       WAVES =  0, LAMPL = -2, VEFF =  1, KFUS =  0, WDISK =  2, BPM =  2, MELFIL =  0

                       CDCC =  0, NFUS =  0, TCFILE =  0

 CAUTION: WAVE FUNCTIONS ARE NOT IMPROVED BY PADE ACCELERATION - ONLY THE S-MATRIX ELEMENTS.

          WAVE FUNCTIONS SIMPLY RESCALED BY S-MATRIX CORRECTIONS

 Using unit mass = 1.000000 amu and 1/fine-structure constant = 137.03599 ( 1.000000 * true ) with hc = 197.32705 MeV.fm,
  thus 2*amu/hbar^2 = 0.0478450 = 1/20.9008 and Coulomb constant = 0.1574855 so e^2 =  1.43996515, and nuclear magneton= 0.1261183

 Now pre-scan input and save to file 3



 *********** PARTITION NUMBER  1 ******************************************************************************************

   PROJ=2H         MASS=  2.0141 Z=   1.0,        # STATES=    2T, TARG=12C      MASS= 12.0000 Z=   6.0,     Q-VALUE =   0.0000 MeV

   MIXPOT =  0: no couplings (default)

     1:  J= 1.0+ (B# 1), E=  0.0000, K= 0.0              Potl#  1       J= 0.0+ (B# 1), E=  0.0000, K= 0.0    

     2:  J= 1.0+ (B# 1), E=  0.0000, K= 0.0              Potl#  1       J= 2.0+ (B# 1), E=  4.4389, K= 0.0    
                                  (Just State  1)


 *********** PARTITION NUMBER  2 ******************************************************************************************

   PROJ=1H         MASS=  1.0078 Z=   1.0,        # STATES=    4T, TARG=13C      MASS= 13.0033 Z=   6.0,     Q-VALUE =   2.7220 MeV

   MIXPOT =  0: no couplings (default)

     1:  J= 0.5+ (B# 1), E=  0.0000, K= 0.5              Potl#  2       J= 0.5+ (B# 1), E=  3.0890, K= 0.5    

     2:  J= 0.5+ (B# 1), E=  0.0000, K= 0.5              Potl#  2       J= 0.5+ (B# 1), E=  3.0890, K= 0.5    
                                  (Just State  1)

     3:  J= 0.5+ (B# 1), E=  0.0000, K= 0.5              Potl#  2       J= 0.5+ (B# 1), E=  3.0890, K= 0.5    
                                  (Just State  1)

     4:  J= 0.5+ (B# 1), E=  0.0000, K= 0.5              Potl#  2       J= 0.5+ (B# 1), E=  3.0890, K= 0.5    
                                  (Just State  1)


 ************************************************************************************************************************************

 The following POTENTIALS are defined :

  KP#       TYPE      IT    SHAPE      at     V1        r1        a1        V2        r2        a2        A-in     A-used


                                            A#1       A#2        r0c       ac                                                h @ 1
    1    0=Coulomb       0=CHARGE (WS)  1    12.000     0.000    1.3000    0.0000    0.0000    0.0000     0.000    12.000   0.10000

                                           Mn(E1)    Mn(E2)    Mn(E3)  .....
    1   13=Targ. table  10=derivatives  2    0.0000   -6.1600    0.0000    0.0000    0.0000    0.0000     0.000     2.976= RADIUS

          Coulomb reduced matrix element   2 <-  1 of k = 2 (at   2 from   1 p)  ==   -6.1600
              Step 2 <- 1 of k =  2 (Potl. beta =-0.48549)  1 @   2
                                     Beta of targ. =-0.48549 (using radius of 2.976 fm.).
              Step 1 <- 2 of k =  2 (Potl. beta =-0.00000)  1 @   2
              Step 2 <- 2 of k =  2 (Potl. beta = 0.00000)  1 @   2

    1    1=Volume        0=Woods-Saxon  3  119.6000    0.9000    0.8000    0.0000    0.0000    0.0000     0.000    12.000

    1    2=Surface       0=Woods-Saxon  3    0.0000    0.0000    0.0000   11.6000    1.4520    0.6210     0.000    12.000

                                            Def1      Def2      Def3   .....
    1   13=Targ. table  11=quadrat,k>0  4    0.0000   -1.4400    0.0000    0.0000    0.0000    0.0000     0.000     3.324= RADIUS

          Nuclear reduced matrix element   2 <-  1 of k = 2 (at   4 from   3 p)  ==   -1.4400
              Step 2 <- 1 of k =  2 (Potl. beta =-0.43318)  1 @   4
                                     Beta of targ. =-0.43318 (using radius of 3.324 fm.).
              Step 1 <- 2 of k =  2 (Potl. beta =-0.00000)  1 @   4
              Step 2 <- 2 of k =  2 (Potl. beta = 0.00000)  1 @   4

    1    3=Projtl S.O.   0=Woods-Saxon  5    1.3000    0.9000    0.8000    0.0000    0.0000    0.0000     0.000    12.000
   --------------------------------------------------------------------------------------------------------------------

                                            A#1       A#2        r0c       ac                                                h @ 2
    2    0=Coulomb       0=CHARGE (WS)  6    13.000     0.000    1.1230    0.0000    0.0000    0.0000     0.000    13.000   0.10000

    2    1=Volume        0=Woods-Saxon  7   55.1000    1.1230    0.5700    0.0000    0.0000    0.0000     0.000    13.000

    2    2=Surface       0=Woods-Saxon  8    0.0000    0.0000    0.0000    8.0000    1.1230    0.5000     0.000    13.000

    2    3=Projtl S.O.   0=Woods-Saxon  9    5.5000    1.1230    0.5700    0.0000    0.0000    0.0000     0.000    13.000
   --------------------------------------------------------------------------------------------------------------------

                                            A#1       A#2        r0c       ac                                                h @ 0
    3    0=Coulomb       0=CHARGE (WS) 10     1.000     0.000    1.2500    0.0000    0.0000    0.0000     0.000     1.000   0.10000

    3    1=Volume        5=RSC T=0     11    1.0000    0.0000    1.0000    0.0000    0.0000    0.0000     0.000     1.000

    3    3=Projtl S.O.   5=RSC T=0     12    1.0000    0.0000    1.0000    0.0000    0.0000    0.0000     0.000     1.000

    3    4=Target S.O.   5=RSC T=0     13    1.0000    0.0000    1.0000    0.0000    0.0000    0.0000     0.000     1.000

    3    7=Prj+Targ Tr   5=RSC T=0     14    1.0000    0.0000    1.0000    0.0000    0.0000    0.0000     0.000     1.000
   --------------------------------------------------------------------------------------------------------------------

                                            A#1       A#2        r0c       ac                                                h @ 0
    4    0=Coulomb       0=CHARGE (WS) 15    13.000     0.000    1.3000    0.0000    0.0000    0.0000     0.000    13.000   0.10000

    4    1=Volume        0=Woods-Saxon 16   60.0000    1.3000    0.7000    0.0000    0.0000    0.0000     0.000    13.000

    4    3=Projtl S.O.   0=Woods-Saxon 17    6.5000    1.3000    0.7000    0.0000    0.0000    0.0000     0.000    13.000


 ************************************************************************************************************************************

 The following    real SINGLE-PARTICLE FORM FACTORS are  constructed:


 No.   P1 P2 IN KIND T N  L  S1 IA J/S  IB BIND XFER  BE    SC PC FIL AFRAC Adjust  to  Z  Mass   K     Norm    rms      D0     D   ANC/Gsp

 The following  2 components are in a group labelled    1 for   1.0+

    1:  2  1  1  3   * 1  0 0.5  1 0.5   1   3   0   2.2336  0  0  0 0.0000 BE  2.2336; 0. 1.009 0.2321 0.9670  3.980 -125.4 -129.2  0.8790

    2:  2  1  1  3     1  2 0.5  1 1.5   1   3   0   2.2336  0  0  0 0.0000 BE  2.2336; 0. 1.009 0.2321 0.2546  2.417   -7.6   -8.3  0.0231

 Overall sq,rms norms & radius =  1.0000  1.0000,  3.8976, & Overall D0 & D =  -132.93  -137.52
 ------------------------------------------------------------------------------------------------------------------------------------

    Parameters      Mismatch   Nodes -> 2 in ch  1

      1.000000    10.68970931     2    55
      0.991271     5.18822894     2    55
      0.975281     2.43955776     2    55
      0.948515     1.07089226     2    55
      0.911276     0.40201915     2    55
      0.875602     0.10391639     2    55
      0.858899     0.01087574     2    55
      0.856720     0.00014407     2    55
      0.856691     0.00000003     2    55

 For Channel #  1 with l = 0,  j =  0.5, around core state #  1

   R    Y(R)
   0.00  -0.0000E+00,    0.20   1.0947E-01,    0.40   2.0957E-01,    0.60   2.9183E-01,    0.80   3.4943E-01,    1.00   3.7780E-01, 
   1.20   3.7496E-01,    1.40   3.4166E-01,    1.60   2.8122E-01,    1.80   1.9905E-01,    2.00   1.0205E-01,    2.20  -2.2507E-03, 
   2.40  -1.0648E-01,    2.60  -2.0421E-01,    2.80  -2.9054E-01,    3.00  -3.6235E-01,    3.20  -4.1831E-01,    3.40  -4.5863E-01, 
   3.60  -4.8465E-01,    3.80  -4.9837E-01,    4.00  -5.0207E-01,    4.20  -4.9796E-01,    4.40  -4.8806E-01,    4.60  -4.7404E-01, 
   4.80  -4.5727E-01,    5.00  -4.3880E-01,    5.20  -4.1940E-01,    5.40  -3.9967E-01,    5.60  -3.8000E-01,    5.80  -3.6069E-01, 
   6.00  -3.4192E-01,    6.20  -3.2381E-01,    6.40  -3.0643E-01,    6.60  -2.8983E-01,    6.80  -2.7402E-01,    7.00  -2.5898E-01, 
   7.20  -2.4472E-01,    7.40  -2.3120E-01,    7.60  -2.1840E-01,    7.80  -2.0628E-01,    8.00  -1.9483E-01,    8.20  -1.8400E-01, 
   8.40  -1.7376E-01,    8.60  -1.6409E-01,    8.80  -1.5495E-01,    9.00  -1.4632E-01,    9.20  -1.3817E-01,    9.40  -1.3047E-01, 
   9.60  -1.2320E-01,    9.80  -1.1634E-01,   10.00  -1.0985E-01,   10.20  -1.0373E-01,   10.40  -9.7946E-02,   10.60  -9.2486E-02, 
  10.80  -8.7330E-02,   11.00  -8.2462E-02,   11.20  -7.7865E-02,   11.40  -7.3524E-02,   11.60  -6.9426E-02,   11.80  -6.5555E-02, 
  12.00  -6.1901E-02,   12.20  -5.8450E-02,   12.40  -5.5191E-02,   12.60  -5.2114E-02,   12.80  -4.9209E-02,   13.00  -4.6466E-02, 
  13.20  -4.3875E-02,   13.40  -4.1429E-02,   13.60  -3.9120E-02,   13.80  -3.6939E-02,   14.00  -3.4880E-02,   14.20  -3.2935E-02, 
  14.40  -3.1099E-02,   14.60  -2.9365E-02,   14.80  -2.7728E-02,   15.00  -2.6182E-02,   15.20  -2.4723E-02,   15.40  -2.3344E-02, 
  15.60  -2.2043E-02,   15.80  -2.0814E-02,   16.00  -1.9654E-02,   16.20  -1.8558E-02,   16.40  -1.7523E-02,   16.60  -1.6547E-02, 
  16.80  -1.5624E-02,   17.00  -1.4753E-02,   17.20  -1.3931E-02,   17.40  -1.3154E-02,   17.60  -1.2421E-02,   17.80  -1.1728E-02, 
  18.00  -1.1074E-02,   18.20  -1.0457E-02,   18.40  -9.8740E-03,   18.60  -9.3236E-03,   18.80  -8.8038E-03,   19.00  -8.3130E-03, 
  19.20  -7.8496E-03,   19.40  -7.4119E-03,   19.60  -6.9987E-03,   19.80  -6.6086E-03,   20.00  -6.2401E-03, 

    At R=   19.900, ANC in ch  2 is    -1.93396

    2:  1  2  2  0     2  0 0.5  1 0.5   0   4   0   1.8570  1  3  0 0.0000 VR  0.8567; 0. 1.003 0.2868 1.0000  5.044  113.1  154.8 -1.9340

    Parameters      Mismatch   Nodes -> 1 in ch  1

      1.000000    -0.11469888     1    40
      1.023138     0.00990774     1    40
      1.021446     0.00006356     1    40

 For Channel #  1 with l = 2,  j =  2.5, around core state #  1

   R    Y(R)
   0.00   0.0000E+00,    0.20   1.0048E-03,    0.40   7.8640E-03,    0.60   2.5612E-02,    0.80   5.7767E-02,    1.00   1.0583E-01, 
   1.20   1.6904E-01,    1.40   2.4443E-01,    1.60   3.2720E-01,    1.80   4.1135E-01,    2.00   4.9045E-01,    2.20   5.5853E-01, 
   2.40   6.1090E-01,    2.60   6.4464E-01,    2.80   6.5892E-01,    3.00   6.5483E-01,    3.20   6.3501E-01,    3.40   6.0298E-01, 
   3.60   5.6255E-01,    3.80   5.1729E-01,    4.00   4.7020E-01,    4.20   4.2354E-01,    4.40   3.7891E-01,    4.60   3.3726E-01, 
   4.80   2.9910E-01,    5.00   2.6460E-01,    5.20   2.3370E-01,    5.40   2.0622E-01,    5.60   1.8189E-01,    5.80   1.6042E-01, 
   6.00   1.4151E-01,    6.20   1.2487E-01,    6.40   1.1025E-01,    6.60   9.7389E-02,    6.80   8.6084E-02,    7.00   7.6141E-02, 
   7.20   6.7389E-02,    7.40   5.9682E-02,    7.60   5.2889E-02,    7.80   4.6898E-02,    8.00   4.1609E-02,    8.20   3.6938E-02, 
   8.40   3.2809E-02,    8.60   2.9156E-02,    8.80   2.5922E-02,    9.00   2.3058E-02,    9.20   2.0519E-02,    9.40   1.8267E-02, 
   9.60   1.6269E-02,    9.80   1.4494E-02,   10.00   1.2918E-02,   10.20   1.1517E-02,   10.40   1.0271E-02,   10.60   9.1631E-03, 
  10.80   8.1768E-03,   11.00   7.2986E-03,   11.20   6.5164E-03,   11.40   5.8195E-03,   11.60   5.1984E-03,   11.80   4.6446E-03, 
  12.00   4.1507E-03,   12.20   3.7101E-03,   12.40   3.3169E-03,   12.60   2.9659E-03,   12.80   2.6525E-03,   13.00   2.3727E-03, 
  13.20   2.1227E-03,   13.40   1.8994E-03,   13.60   1.6998E-03,   13.80   1.5214E-03,   14.00   1.3619E-03,   14.20   1.2193E-03, 
  14.40   1.0918E-03,   14.60   9.7774E-04,   14.80   8.7570E-04,   15.00   7.8439E-04,   15.20   7.0268E-04,   15.40   6.2955E-04, 
  15.60   5.6409E-04,   15.80   5.0549E-04,   16.00   4.5302E-04,   16.20   4.0603E-04,   16.40   3.6395E-04,   16.60   3.2625E-04, 
  16.80   2.9249E-04,   17.00   2.6224E-04,   17.20   2.3514E-04,   17.40   2.1085E-04,   17.60   1.8909E-04,   17.80   1.6958E-04, 
  18.00   1.5210E-04,   18.20   1.3643E-04,   18.40   1.2238E-04,   18.60   1.0979E-04,   18.80   9.8492E-05,   19.00   8.8366E-05, 
  19.20   7.9285E-05,   19.40   7.1141E-05,   19.60   6.3837E-05,   19.80   5.7287E-05,   20.00   5.1410E-05, 

    At R=   19.900, ANC in ch  3 is     1.51566

    3:  1  2  2  0     1  2 0.5  1 2.5   0   4   0   6.2959  1  3  0 0.0000 VR  1.0214; 0. 1.003 0.5281 1.0000  3.362  -42.2  -73.8  1.5157

    Parameters      Mismatch   Nodes -> 1 in ch  1

      1.000000    -0.66840971     1    35
      1.306384     0.42821069     1    35
      1.239704     0.06870242     1    35
      1.224613     0.00223631     1    35
      1.224088     0.00000249     1    35

 For Channel #  1 with l = 2,  j =  1.5, around core state #  1

   R    Y(R)
   0.00   0.0000E+00,    0.20   1.1875E-03,    0.40   9.2746E-03,    0.60   3.0069E-02,    0.80   6.7359E-02,    1.00   1.2229E-01, 
   1.20   1.9318E-01,    1.40   2.7575E-01,    1.60   3.6379E-01,    1.80   4.5013E-01,    2.00   5.2771E-01,    2.20   5.9062E-01, 
   2.40   6.3485E-01,    2.60   6.5871E-01,    2.80   6.6271E-01,    3.00   6.4920E-01,    3.20   6.2166E-01,    3.40   5.8403E-01, 
   3.60   5.4011E-01,    3.80   4.9321E-01,    4.00   4.4590E-01,    4.20   4.0003E-01,    4.40   3.5680E-01,    4.60   3.1689E-01, 
   4.80   2.8061E-01,    5.00   2.4797E-01,    5.20   2.1885E-01,    5.40   1.9302E-01,    5.60   1.7019E-01,    5.80   1.5007E-01, 
   6.00   1.3236E-01,    6.20   1.1679E-01,    6.40   1.0310E-01,    6.60   9.1075E-02,    6.80   8.0502E-02,    7.00   7.1203E-02, 
   7.20   6.3019E-02,    7.40   5.5811E-02,    7.60   4.9459E-02,    7.80   4.3856E-02,    8.00   3.8911E-02,    8.20   3.4543E-02, 
   8.40   3.0681E-02,    8.60   2.7265E-02,    8.80   2.4242E-02,    9.00   2.1563E-02,    9.20   1.9189E-02,    9.40   1.7083E-02, 
   9.60   1.5214E-02,    9.80   1.3555E-02,   10.00   1.2081E-02,   10.20   1.0770E-02,   10.40   9.6055E-03,   10.60   8.5691E-03, 
  10.80   7.6467E-03,   11.00   6.8254E-03,   11.20   6.0940E-03,   11.40   5.4423E-03,   11.60   4.8614E-03,   11.80   4.3435E-03, 
  12.00   3.8816E-03,   12.20   3.4695E-03,   12.40   3.1018E-03,   12.60   2.7736E-03,   12.80   2.4806E-03,   13.00   2.2189E-03, 
  13.20   1.9851E-03,   13.40   1.7762E-03,   13.60   1.5896E-03,   13.80   1.4228E-03,   14.00   1.2736E-03,   14.20   1.1403E-03, 
  14.40   1.0210E-03,   14.60   9.1436E-04,   14.80   8.1893E-04,   15.00   7.3354E-04,   15.20   6.5713E-04,   15.40   5.8874E-04, 
  15.60   5.2752E-04,   15.80   4.7272E-04,   16.00   4.2365E-04,   16.20   3.7971E-04,   16.40   3.4035E-04,   16.60   3.0510E-04, 
  16.80   2.7353E-04,   17.00   2.4524E-04,   17.20   2.1989E-04,   17.40   1.9718E-04,   17.60   1.7683E-04,   17.80   1.5859E-04, 
  18.00   1.4224E-04,   18.20   1.2758E-04,   18.40   1.1445E-04,   18.60   1.0267E-04,   18.80   9.2107E-05,   19.00   8.2637E-05, 
  19.20   7.4145E-05,   19.40   6.6529E-05,   19.60   5.9699E-05,   19.80   5.3573E-05,   20.00   4.8078E-05, 

    At R=   19.900, ANC in ch  4 is     1.41741

    4:  1  2  2  0     1  2 0.5  1 1.5   0   4   0   6.2959  1  3  0 0.0000 VR  1.2241; 0. 1.003 0.5281 1.0000  3.268  -39.9  -68.4  1.4174

 ************************************************************************************************************************************

 TWO-way COUPLING # 1 for partitions  2 <-  1 of KIND  7,   0 -2  0 -1 -1 & P1,P2 =    0.0000   0.0000 : for J <=    18.5 & R <  19.7 fm.


 data =  1  1  1  1  1.0000,  so  < [2H       #  1] / [1H       #  1]  * Eigen-form #  1>  =   1.0000            BE =  2.234     1

 data =  2  1  1  2 -0.8974,  so  < [13C      #  1] / [12C      #  1]  * Eigen-form #  2>  =  -0.8974            BE =  1.857     2

 data =  2  1  2  3  0.3124,  so  < [13C      #  1] / [12C      #  2]  * Eigen-form #  3>  =   0.3124            BE =  6.296     3

 data =  2  1  2  4  0.1509,  so  < [13C      #  1] / [12C      #  2]  * Eigen-form #  4>  =   0.1509            BE =  6.296     4

 data =  2  2  1  2 -0.8974,  so  < [13C      #  2] / [12C      #  1]  * Eigen-form #  2>  =  -0.8974            BE =  1.857     2

 data =  2  2  2  3  0.0000,  so  < [13C      #  2] / [12C      #  2]  * Eigen-form #  3>  =   0.0000            BE =  6.296     3

 data =  2  3  1  2  0.0000,  so  < [13C      #  3] / [12C      #  1]  * Eigen-form #  2>  =   0.0000            BE =  1.857     2

 data =  2  3  2  3  0.3124,  so  < [13C      #  3] / [12C      #  2]  * Eigen-form #  3>  =   0.3124            BE =  6.296     3

 data =  2  3  2  4  0.0000,  so  < [13C      #  3] / [12C      #  2]  * Eigen-form #  4>  =   0.0000            BE =  6.296     4

 data =  2  4  1  2  0.0000,  so  < [13C      #  4] / [12C      #  1]  * Eigen-form #  2>  =   0.0000            BE =  1.857     2

 data =  2  4  2  3  0.0000,  so  < [13C      #  4] / [12C      #  2]  * Eigen-form #  3>  =   0.0000            BE =  6.296     3

 data =  2  4  2  4  0.1509,  so  < [13C      #  4] / [12C      #  2]  * Eigen-form #  4>  =   0.1509            BE =  6.296     4
  LOCF =           17
  USED(1,*) =  T F F F
  USED(2,*) =  F T T T
 KNT =   2, KNP =   1: NK,NG,loc=   1   1   1      18  T  T  F
 KNT =   2, KNP =   1: NK,NG,loc=   1   1   1      18
 KNT =   3, KNP =   1: NK,NG,loc=   2   2   2      19  T  T  F
 KNT =   3, KNP =   1: NK,NG,loc=   2   2   2      19
 KNT =   4, KNP =   1: NK,NG,loc=   3   3   3      20  T  T  F
 KNT =   4, KNP =   1: NK,NG,loc=   3   3   3      20

     So FINITE-RANGE TRANSFER : IP1 = 0 (POST    ), IP2=-2 =NONO+COMPLEX,  for   3 pairs of bound states summed into   3 pairs
      The main coupling potential is that binding the transferred particle to the 1H       core.

          Using between 1H       & 12C      the potential No.   2, and subtracting optical potential No.  2

   A real*8 is            8  bytes
   NLL,NLN,NLO =          99         101         101
0File   9 needs RL =   19998    REAL*8 numbers, and NR =    88. i.e.   14.08 Megabytes
   File            9  RECL =      161600
0RECOMMENDED NON-LOCAL WIDTH IS GREATER THAN    8.20 FM.,  RECOMMENDED CENTRATION   0.10, after    0.10 secs.
0Relative non-local usages (rms) are
    0.000   0.000   0.000   0.000   0.000   0.000   0.000   0.000   0.000   0.000   0.000   0.000   0.000   0.000   0.000
    0.000   0.000   0.000   0.000   0.000   0.000   0.000   0.000   0.000   0.000   0.002   0.005   0.009   0.015   0.025
    0.039   0.059   0.086   0.119   0.158   0.198   0.235   0.269   0.300   0.337   0.386   0.456   0.561   0.770   1.370
    3.350   9.774  27.954  56.998  52.526 100.000  58.385  33.861  19.462   8.577   3.503   1.336   0.703   0.564   0.486
    0.411   0.341   0.281   0.230   0.188   0.153   0.125   0.102   0.083   0.068   0.055   0.045   0.037   0.030   0.025
    0.020   0.017   0.014   0.011   0.009   0.008   0.006   0.005   0.004   0.003   0.003   0.002   0.002   0.002   0.001
    0.001   0.001   0.001   0.001   0.000   0.000   0.000   0.000   0.000   0.000   0.000
0Binding Energies: (2H       # 1 / 1H       # 1)(BE =  2.234)-(13C      # 1 / 12C      # 1)(BE =  1.857)- DISCREPANCY = -0.0096
0Binding Energies: (2H       # 1 / 1H       # 1)(BE =  2.234)-(13C      # 2 / 12C      # 1)(BE =  1.857)- DISCREPANCY = -0.0096
0Binding Energies: (2H       # 1 / 1H       # 1)(BE =  2.234)-(13C      # 1 / 12C      # 2)(BE =  6.296)- DISCREPANCY = -0.0096
0Binding Energies: (2H       # 1 / 1H       # 1)(BE =  2.234)-(13C      # 3 / 12C      # 2)(BE =  6.296)- DISCREPANCY = -0.0096
0Binding Energies: (2H       # 1 / 1H       # 1)(BE =  2.234)-(13C      # 4 / 12C      # 2)(BE =  6.296)- DISCREPANCY = -0.0096

 ************************************************************************************************************************************

 TWO-way COUPLING # 2 for partitions  2 <-  1 of KIND  8,   0  0  0***  0 & P1,P2 =    0.0000   0.0000 : for J <=    18.5 & R <  19.7 fm.

  LOCF =           17
  USED(1,*) =  T F F F
  USED(2,*) =  F T T T
 KNT =   2, KNP =   1: NK,NG,loc=   1   1   1      18  T  T  F
 KNT =   2, KNP =   1: NK,NG,loc=   1   1   1      18
 KNT =   3, KNP =   1: NK,NG,loc=   2   2   2      19  T  T  F
 KNT =   3, KNP =   1: NK,NG,loc=   2   2   2      19
 KNT =   4, KNP =   1: NK,NG,loc=   3   3   3      20  T  T  F
 KNT =   4, KNP =   1: NK,NG,loc=   3   3   3      20

     So NON-ORTHOGONALITY SUPPLEMENT for an  IC7=0 (POST)  coupling

   A real*8 is            8  bytes
   NLL,NLN,NLO =          99         101         101
0File  11 needs RL =    9999    REAL*8 numbers, and NR =    88. i.e.    7.04 Megabytes
   File           11  RECL =       80800
0RECOMMENDED NON-LOCAL WIDTH IS GREATER THAN   16.60 FM.,  RECOMMENDED CENTRATION  -1.70, after    0.04 secs.
0Relative non-local usages (rms) are
    0.059   0.093   0.122   0.152   0.184   0.218   0.256   0.298   0.345   0.398   0.458   0.525   0.601   0.686   0.783
    0.893   1.017   1.158   1.319   1.502   1.711   1.948   2.218   2.524   2.871   3.263   3.705   4.200   4.753   5.367
    6.043   6.782   7.586   8.455   9.399  10.438  11.618  13.025  14.806  17.179  20.430  24.890  30.904  38.812  48.919
   61.410  76.008  90.848 100.000  95.171  82.999  74.648  66.063  54.730  46.190  40.245  34.660  28.872  23.265  18.280
   14.133  10.833   8.274   6.319   4.835   3.709   2.855   2.204   1.707   1.326   1.033   0.807   0.632   0.496   0.390
    0.307   0.242   0.192   0.152   0.120   0.095   0.076   0.060   0.048   0.038   0.030   0.024   0.019   0.015   0.012
    0.010   0.008   0.006   0.005   0.004   0.003   0.002   0.002   0.001   0.001   0.001

 Incoming partition  1 in excitation state # 1,   Laboratory Energy given for partition  1 Nucleus 1 in Excitation pair 1

0Lab. ENERGY ranges :

   from    16.0000     to   0.00000     in        0 intervals
   from    0.00000     to   0.00000     in        0 intervals
   from    0.00000     to   0.00000     in        0 intervals

 Largest real,imaginary parts of any form factor at R=   19.00 are   7.58E-02  5.06E-10 MeV
 Finished all Couplings @   0.157178000    

 Non-symmetric Hamiltonian
1***********************************************************************************************************************************
************************************************************************************************************************************

        INCOMING 2H       ;    LABORATORY 2H       ENERGY =   16.000     MeV.

 ***********************************************************************************************************************************
 ***********************************************************************************************************************************

 Allocate arrays for            7  channels, of which            7  need wfs.

 #########################################################################################################################
 #                                                                                                                       #
 # Total SPIN and PARITY =     0.0 -,      7 channels,    7 in 1st block.  Rmin & Coul turning =    0.0 6.306E-01 fm.    #
 #                                                                                                                       #
 #########################################################################################################################



    C Projectl Target   #   EX.   (L  Proj) J  + Targ = Jtotal     E-cm      Re K     Re Eta     RM*K            CH                     G-REL
    1 2H       12C      #    1: I   1 1.0    0.0  0.0     0.0    13.70049   1.06325   0.33525   21.2650   0.10941   0.49259 1 1 1   1  1.00000
    2 2H       12C      #    2:     1 1.0    2.0  2.0     0.0     9.26159   0.87420   0.40775   17.4840  -0.42787  -0.27173 1 1 1   2  1.00000
    3 2H       12C      #    2:     3 1.0    2.0  2.0     0.0     9.26159   0.87420   0.40775   17.4840   0.18907   0.47507 1 1 1   2  1.00000
    4 1H       13C      #    1:     1 0.5    0.5  0.5     0.0    13.33349   0.77245   0.25026   15.4489  -0.29641   0.40913 2 1 2   1  1.00000
    5 1H       13C      #    2:     1 0.5    0.5  0.5     0.0    13.33349   0.77245   0.25026   15.4489  -0.29641   0.40913 2 1 2   2  1.00000
    6 1H       13C      #    3:     1 0.5    0.5  0.5     0.0    13.33349   0.77245   0.25026   15.4489  -0.29641   0.40913 2 1 2   3  1.00000
    7 1H       13C      #    4:     1 0.5    0.5  0.5     0.0    13.33349   0.77245   0.25026   15.4489  -0.29641   0.40913 2 1 2   4  1.00000

L-couplings:

   1  4  2  1   18  1  0  0.5  1  1  0.0  0.5   1  1.00000  1.00000 -0.89740  1.00000-8.974000220000E-01  0.28209   -0.253

   1  5  2  1   18  1  0  0.5  1  1  0.0  0.5   1  1.00000  1.00000 -0.89740  1.00000-8.974000220000E-01  0.28209   -0.253

   2  4  3  1   19  2  2  2.5  1  1  2.0  0.5   1  1.00000  0.69282  0.31240  1.00000 2.164370779205E-01 -0.39894   -0.086

   2  4  4  1   20  3  2  1.5  1  1  2.0  0.5   1  1.00000 -0.14142  0.15090  1.00000-2.134048350474E-02 -0.39894    0.009

   2  6  3  1   19  2  2  2.5  1  1  2.0  0.5   1  1.00000  0.69282  0.31240  1.00000 2.164370779205E-01 -0.39894   -0.086

   2  7  4  1   20  3  2  1.5  1  1  2.0  0.5   1  1.00000 -0.14142  0.15090  1.00000-2.134048350474E-02 -0.39894    0.009

   3  4  3  1   19  2  2  2.5  3  1  2.0  0.5   3  1.00000  0.17638  0.31240  1.00000 5.510218293142E-02  0.31987    0.018

   3  4  4  1   20  3  2  1.5  3  1  2.0  0.5   3  1.00000  0.86410  0.15090  1.00000 1.303925080366E-01  0.31987    0.042

   3  6  3  1   19  2  2  2.5  3  1  2.0  0.5   3  1.00000  0.17638  0.31240  1.00000 5.510218293142E-02  0.31987    0.018

   3  7  4  1   20  3  2  1.5  3  1  2.0  0.5   3  1.00000  0.86410  0.15090  1.00000 1.303925080366E-01  0.31987    0.042

L-couplings:

   1  4  2  1   18  1  0  0.5  1  1  0.0  0.5   1  1.00000  1.00000 -0.89740  1.00000-8.974000220000E-01  0.28209   -0.253

   1  5  2  1   18  1  0  0.5  1  1  0.0  0.5   1  1.00000  1.00000 -0.89740  1.00000-8.974000220000E-01  0.28209   -0.253

   2  4  3  1   19  2  2  2.5  1  1  2.0  0.5   1  1.00000  0.69282  0.31240  1.00000 2.164370779205E-01 -0.39894   -0.086

   2  4  4  1   20  3  2  1.5  1  1  2.0  0.5   1  1.00000 -0.14142  0.15090  1.00000-2.134048350474E-02 -0.39894    0.009

   2  6  3  1   19  2  2  2.5  1  1  2.0  0.5   1  1.00000  0.69282  0.31240  1.00000 2.164370779205E-01 -0.39894   -0.086

   2  7  4  1   20  3  2  1.5  1  1  2.0  0.5   1  1.00000 -0.14142  0.15090  1.00000-2.134048350474E-02 -0.39894    0.009

   3  4  3  1   19  2  2  2.5  3  1  2.0  0.5   3  1.00000  0.17638  0.31240  1.00000 5.510218293142E-02  0.31987    0.018

   3  4  4  1   20  3  2  1.5  3  1  2.0  0.5   3  1.00000  0.86410  0.15090  1.00000 1.303925080366E-01  0.31987    0.042

   3  6  3  1   19  2  2  2.5  3  1  2.0  0.5   3  1.00000  0.17638  0.31240  1.00000 5.510218293142E-02  0.31987    0.018

   3  7  4  1   20  3  2  1.5  3  1  2.0  0.5   3  1.00000  0.86410  0.15090  1.00000 1.303925080366E-01  0.31987    0.042
 Src-osrc corr   4   1 o,n=  21.67948  20.49071
 Src-osrc corr   5   1 o,n=  16.88355  16.05708
 Src-osrc corr   4   2 o,n=  20.49071  19.66747
 Src-osrc corr   6   2 o,n=   3.65978  11.82088
 Src-osrc corr   7   2 o,n=   1.82973   3.06447
 Src-osrc corr   4   3 o,n=  19.66747  22.17139
 Src-osrc corr   6   3 o,n=  11.82088  14.35225
 Src-osrc corr   7   3 o,n=   3.06447  10.53742
 Src-osrc corr   4   1 o,n=  21.67948  20.49071
 Src-osrc corr   5   1 o,n=  16.88355  16.05708
 Src-osrc corr   4   2 o,n=  20.49071  19.66747
 Src-osrc corr   6   2 o,n=   3.65978  11.82088
 Src-osrc corr   7   2 o,n=   1.82973   3.06447
 Src-osrc corr   4   3 o,n=  19.66747  22.17139
 Src-osrc corr   6   3 o,n=  11.82088  14.35225
 Src-osrc corr   7   3 o,n=   3.06447  10.53742
 Src-osrc corr   4   1 o,n=  25.37498  24.54680
 Src-osrc corr   5   1 o,n=  19.39368  18.98825
 Src-osrc corr   4   2 o,n=  24.54680  23.64746
 Src-osrc corr   6   2 o,n=   4.44576  12.49380
 Src-osrc corr   7   2 o,n=   2.24456   3.44633
 Src-osrc corr   4   3 o,n=  23.64746  25.84114
 Src-osrc corr   6   3 o,n=  12.49380  15.05121
 Src-osrc corr   7   3 o,n=   3.44633  10.84950
 Psi(EL) renorm. by  8.17E-01-2.63E-01, Conv =  0.57301 %
 Src-osrc corr   4   1 o,n=  27.24001  26.79394
 Src-osrc corr   5   1 o,n=  20.86740  20.83849
 Src-osrc corr   4   2 o,n=  26.79394  25.82134
 Src-osrc corr   6   2 o,n=   4.44812  12.82001
 Src-osrc corr   7   2 o,n=   2.44930   3.64645
 Src-osrc corr   4   3 o,n=  25.82134  28.14774
 Src-osrc corr   6   3 o,n=  12.82001  15.43941
 Src-osrc corr   7   3 o,n=   3.64645  11.17904
 Src-osrc corr   4   1 o,n=  26.90143  26.60263
 Src-osrc corr   5   1 o,n=  20.64068  20.73711
 Src-osrc corr   4   2 o,n=  26.60263  25.54121
 Src-osrc corr   6   2 o,n=   4.33894  12.53157
 Src-osrc corr   7   2 o,n=   2.40371   3.55927
 Src-osrc corr   4   3 o,n=  25.54121  27.67715
 Src-osrc corr   6   3 o,n=  12.53157  15.10032
 Src-osrc corr   7   3 o,n=   3.55927  10.95911
 Psi(EL) renorm. by  1.06E+00-9.74E-02, Conv =  0.48043 %
 Src-osrc corr   4   1 o,n=  27.56251  27.41466
 Src-osrc corr   5   1 o,n=  21.17153  21.40540
 Src-osrc corr   4   2 o,n=  27.41466  26.40015
 Src-osrc corr   6   2 o,n=   4.40395  12.67077
 Src-osrc corr   7   2 o,n=   2.45205   3.59953
 Src-osrc corr   4   3 o,n=  26.40015  28.49709
 Src-osrc corr   6   3 o,n=  12.67077  15.25503
 Src-osrc corr   7   3 o,n=   3.59953  11.04422
 Src-osrc corr   4   1 o,n=  27.45640  27.39879
 Src-osrc corr   5   1 o,n=  21.07487  21.37576
 Src-osrc corr   4   2 o,n=  27.39879  26.33525
 Src-osrc corr   6   2 o,n=   4.36750  12.65326
 Src-osrc corr   7   2 o,n=   2.43890   3.58175
 Src-osrc corr   4   3 o,n=  26.33525  28.47906
 Src-osrc corr   6   3 o,n=  12.65326  15.22652
 Src-osrc corr   7   3 o,n=   3.58175  11.00846
 Src-osrc corr   4   1 o,n=  27.20539  27.20140
 Src-osrc corr   5   1 o,n=  20.88947  21.23144
 Src-osrc corr   4   2 o,n=  27.20140  26.11299
 Src-osrc corr   6   2 o,n=   4.31301  12.51585
 Src-osrc corr   7   2 o,n=   2.41255   3.53581
 Src-osrc corr   4   3 o,n=  26.11299  28.16460
 Src-osrc corr   6   3 o,n=  12.51585  15.06573
 Src-osrc corr   7   3 o,n=   3.53581  10.90706
 Src-osrc corr   4   1 o,n=  27.09620  27.10680
 Src-osrc corr   5   1 o,n=  20.75927  21.09692
 Src-osrc corr   4   2 o,n=  27.10680  26.05286
 Src-osrc corr   6   2 o,n=   4.31564  12.57095
 Src-osrc corr   7   2 o,n=   2.42137   3.54321
 Src-osrc corr   4   3 o,n=  26.05286  28.13985
 Src-osrc corr   6   3 o,n=  12.57095  15.12913
 Src-osrc corr   7   3 o,n=   3.54321  10.95188
 Src-osrc corr   4   1 o,n=  26.78763  26.80879
 Src-osrc corr   5   1 o,n=  20.48221  20.81743
 Src-osrc corr   4   2 o,n=  26.80879  25.72939
 Src-osrc corr   6   2 o,n=   4.28444  12.53237
 Src-osrc corr   7   2 o,n=   2.40446   3.52332
 Src-osrc corr   4   3 o,n=  25.72939  27.84458
 Src-osrc corr   6   3 o,n=  12.53237  15.08150
 Src-osrc corr   7   3 o,n=   3.52332  10.91660
 Src-osrc corr   4   1 o,n=  26.64081  26.65728
 Src-osrc corr   5   1 o,n=  20.35336  20.67739
 Src-osrc corr   4   2 o,n=  26.65728  25.58843
 Src-osrc corr   6   2 o,n=   4.27000  12.50607
 Src-osrc corr   7   2 o,n=   2.39875   3.51248
 Src-osrc corr   4   3 o,n=  25.58843  27.68441
 Src-osrc corr   6   3 o,n=  12.50607  15.05200
 Src-osrc corr   7   3 o,n=   3.51248  10.90355
 Src-osrc corr   4   1 o,n=  26.44927  26.44027
 Src-osrc corr   5   1 o,n=  20.15310  20.43950
 Src-osrc corr   4   2 o,n=  26.44027  25.40053
 Src-osrc corr   6   2 o,n=   4.27072  12.54952
 Src-osrc corr   7   2 o,n=   2.40303   3.51908
 Src-osrc corr   4   3 o,n=  25.40053  27.54378
 Src-osrc corr   6   3 o,n=  12.54952  15.10346
 Src-osrc corr   7   3 o,n=   3.51908  10.94209
 Src-osrc corr   4   1 o,n=  26.27201  26.25614
 Src-osrc corr   5   1 o,n=  19.98903  20.26209
 Src-osrc corr   4   2 o,n=  26.25614  25.21232
 Src-osrc corr   6   2 o,n=   4.25840  12.53806
 Src-osrc corr   7   2 o,n=   2.39613   3.51148
 Src-osrc corr   4   3 o,n=  25.21232  27.37457
 Src-osrc corr   6   3 o,n=  12.53806  15.08924
 Src-osrc corr   7   3 o,n=   3.51148  10.93209
 Src-osrc corr   4   1 o,n=  26.21673  26.18182
 Src-osrc corr   5   1 o,n=  19.92739  20.17735
 Src-osrc corr   4   2 o,n=  26.18182  25.16032
 Src-osrc corr   6   2 o,n=   4.26234  12.55895
 Src-osrc corr   7   2 o,n=   2.40045   3.51634
 Src-osrc corr   4   3 o,n=  25.16032  27.33186
 Src-osrc corr   6   3 o,n=  12.55895  15.11492
 Src-osrc corr   7   3 o,n=   3.51634  10.95401
 Src-osrc corr   4   1 o,n=  26.09553  26.03704
 Src-osrc corr   5   1 o,n=  19.79737  20.01644
 Src-osrc corr   4   2 o,n=  26.03704  25.03835
 Src-osrc corr   6   2 o,n=   4.26573  12.59437
 Src-osrc corr   7   2 o,n=   2.40484   3.52337
 Src-osrc corr   4   3 o,n=  25.03835  27.24613
 Src-osrc corr   6   3 o,n=  12.59437  15.15706
 Src-osrc corr   7   3 o,n=   3.52337  10.98557
 Src-osrc corr   4   1 o,n=  26.03374  25.96863
 Src-osrc corr   5   1 o,n=  19.73534  19.94428
 Src-osrc corr   4   2 o,n=  25.96863  24.97613
 Src-osrc corr   6   2 o,n=   4.26472  12.60079
 Src-osrc corr   7   2 o,n=   2.40462   3.52347
 Src-osrc corr   4   3 o,n=  24.97613  27.19619
 Src-osrc corr   6   3 o,n=  12.60079  15.16428
 Src-osrc corr   7   3 o,n=   3.52347  10.99072
 Src-osrc corr   4   1 o,n=  26.02342  25.94228
 Src-osrc corr   5   1 o,n=  19.71278  19.90268
 Src-osrc corr   4   2 o,n=  25.94228  24.97138
 Src-osrc corr   6   2 o,n=   4.27288  12.63082
 Src-osrc corr   7   2 o,n=   2.41121   3.53181
 Src-osrc corr   4   3 o,n=  24.97138  27.20605
 Src-osrc corr   6   3 o,n=  12.63082  15.20035
 Src-osrc corr   7   3 o,n=   3.53181  11.01839
 Src-osrc corr   4   1 o,n=  25.96446  25.86948
 Src-osrc corr   5   1 o,n=  19.64633  19.81792
 Src-osrc corr   4   2 o,n=  25.86948  24.91479
 Src-osrc corr   6   2 o,n=   4.27647  12.65566
 Src-osrc corr   7   2 o,n=   2.41502   3.53738
 Src-osrc corr   4   3 o,n=  24.91479  27.17179
 Src-osrc corr   6   3 o,n=  12.65566  15.22990
 Src-osrc corr   7   3 o,n=   3.53738  11.04066
 Reaction Xsec     0.0-/ 1 @ 1 =     8.479 , Out:   0.000#   0.746    0.827    0.426    0.028    8.560/   6.443f
 Allocate arrays for           15  channels, of which           15  need wfs.

 Total SPIN, PARITY =     1.0 +,     15 chs,     15 cc.  Rmin & Coul turning =    0.1    1.7
 Src-osrc corr   8   1 o,n=  12.66385  12.45865
 Src-osrc corr  10   1 o,n=  10.36591  10.69400
 Src-osrc corr   8   4 o,n=  12.45865  11.77091
 Src-osrc corr   9   4 o,n=   0.03055   1.85366
 Src-osrc corr  13   4 o,n=   0.06551   2.00855
 Src-osrc corr  14   4 o,n=   1.53683   6.64616
 Src-osrc corr  15   4 o,n=   0.03704   1.32117
 Src-osrc corr   8   5 o,n=  11.77091  11.82308
 Src-osrc corr   9   5 o,n=   1.85366   1.85101
 Src-osrc corr  12   5 o,n=   3.80841   7.31245
 Src-osrc corr  13   5 o,n=   2.00855   5.39949
 Src-osrc corr  14   5 o,n=   6.64616  13.89056
 Src-osrc corr   8   6 o,n=  11.82308  16.05530
 Src-osrc corr   9   6 o,n=   1.85101   0.03043
 Src-osrc corr  12   6 o,n=   7.31245  24.19445
 Src-osrc corr  13   6 o,n=   5.39949   0.69522
 Src-osrc corr  15   6 o,n=   1.32117   0.03666
 Src-osrc corr   8   1 o,n=  12.66385  12.45865
 Src-osrc corr  10   1 o,n=  10.36591  10.69400
 Src-osrc corr   8   4 o,n=  12.45865  11.77091
 Src-osrc corr   9   4 o,n=   0.03055   1.85366
 Src-osrc corr  13   4 o,n=   0.06551   2.00855
 Src-osrc corr  14   4 o,n=   1.53683   6.64616
 Src-osrc corr  15   4 o,n=   0.03704   1.32117
 Src-osrc corr   8   5 o,n=  11.77091  11.82308
 Src-osrc corr   9   5 o,n=   1.85366   1.85101
 Src-osrc corr  12   5 o,n=   3.80841   7.31245
 Src-osrc corr  13   5 o,n=   2.00855   5.39949
 Src-osrc corr  14   5 o,n=   6.64616  13.89056
 Src-osrc corr   8   6 o,n=  11.82308  16.05530
 Src-osrc corr   9   6 o,n=   1.85101   0.03043
 Src-osrc corr  12   6 o,n=   7.31245  24.19445
 Src-osrc corr  13   6 o,n=   5.39949   0.69522
 Src-osrc corr  15   6 o,n=   1.32117   0.03666
 Src-osrc corr   8   1 o,n=  15.35388  15.22478
 Src-osrc corr  10   1 o,n=  11.24026  11.95398
 Src-osrc corr   9   2 o,n=   0.05288   0.05327
 Src-osrc corr  11   2 o,n=   0.00189   0.00223
 Src-osrc corr   9   3 o,n=   0.05327   0.05248
 Src-osrc corr  13   3 o,n=   0.10487   0.10431
 Src-osrc corr  15   3 o,n=   0.06705   0.06702
 Src-osrc corr   8   4 o,n=  15.22478  14.68814
 Src-osrc corr   9   4 o,n=   0.05248   1.89947
 Src-osrc corr  13   4 o,n=   0.10431   2.06433
 Src-osrc corr  14   4 o,n=   1.95088   7.06586
 Src-osrc corr  15   4 o,n=   0.06702   1.35839
 Src-osrc corr   8   5 o,n=  14.68814  14.83256
 Src-osrc corr   9   5 o,n=   1.89947   1.90160
 Src-osrc corr  12   5 o,n=   5.48629   8.79103
 Src-osrc corr  13   5 o,n=   2.06433   5.51756
 Src-osrc corr  14   5 o,n=   7.06586  14.47643
 Src-osrc corr   8   6 o,n=  14.83256  18.85012
 Src-osrc corr   9   6 o,n=   1.90160   0.05341
 Src-osrc corr  12   6 o,n=   8.79103  25.92896
 Src-osrc corr  13   6 o,n=   5.51756   0.72548
 Src-osrc corr  15   6 o,n=   1.35839   0.06473
 Src-osrc corr   9   7 o,n=   0.05341   0.05345
 Src-osrc corr  13   7 o,n=   0.72548   0.72547
 Src-osrc corr  15   7 o,n=   0.06473   0.06542
 Src-osrc corr   8   1 o,n=  16.94905  17.01233
 Src-osrc corr  10   1 o,n=  11.68037  12.74099
 Src-osrc corr   9   2 o,n=   0.06014   0.06050
 Src-osrc corr  11   2 o,n=   0.00278   0.00331
 Src-osrc corr   9   3 o,n=   0.06050   0.06030
 Src-osrc corr  13   3 o,n=   0.13889   0.13868
 Src-osrc corr  15   3 o,n=   0.09162   0.09160
 Src-osrc corr   8   4 o,n=  17.01233  16.67838
 Src-osrc corr   9   4 o,n=   0.06030   1.99836
 Src-osrc corr  13   4 o,n=   0.13868   2.18131
 Src-osrc corr  14   4 o,n=   2.10428   7.53378
 Src-osrc corr  15   4 o,n=   0.09160   1.43265
 Src-osrc corr   8   5 o,n=  16.67838  17.20719
 Src-osrc corr   9   5 o,n=   1.99836   2.01013
 Src-osrc corr  12   5 o,n=   6.00260   9.55980
 Src-osrc corr  13   5 o,n=   2.18131   5.80514
 Src-osrc corr  14   5 o,n=   7.53378  15.40540
 Src-osrc corr   8   6 o,n=  17.20719  21.50648
 Src-osrc corr   9   6 o,n=   2.01013   0.05977
 Src-osrc corr  12   6 o,n=   9.55980  27.87193
 Src-osrc corr  13   6 o,n=   5.80514   0.76814
 Src-osrc corr  15   6 o,n=   1.43265   0.09087
 Src-osrc corr   9   7 o,n=   0.05977   0.05918
 Src-osrc corr  13   7 o,n=   0.76814   0.76830
 Src-osrc corr  15   7 o,n=   0.09087   0.09160
 Src-osrc corr   8   1 o,n=  16.46944  16.78022
 Src-osrc corr  10   1 o,n=  11.15841  12.44726
 Src-osrc corr   9   2 o,n=   0.05758   0.05833
 Src-osrc corr  11   2 o,n=   0.00394   0.00467
 Src-osrc corr   9   3 o,n=   0.05833   0.05814
 Src-osrc corr  13   3 o,n=   0.13202   0.13180
 Src-osrc corr  15   3 o,n=   0.08677   0.08674
 Src-osrc corr   8   4 o,n=  16.78022  16.45256
 Src-osrc corr   9   4 o,n=   0.05814   1.96195
 Src-osrc corr  13   4 o,n=   0.13180   2.14098
 Src-osrc corr  14   4 o,n=   2.08135   7.41565
 Src-osrc corr  15   4 o,n=   0.08674   1.40495
 Src-osrc corr   8   5 o,n=  16.45256  16.91269
 Src-osrc corr   9   5 o,n=   1.96195   1.97196
 Src-osrc corr  12   5 o,n=   5.93825   9.41243
 Src-osrc corr  13   5 o,n=   2.14098   5.70023
 Src-osrc corr  14   5 o,n=   7.41565  15.14989
 Src-osrc corr   8   6 o,n=  16.91269  20.96132
 Src-osrc corr   9   6 o,n=   1.97196   0.05747
 Src-osrc corr  12   6 o,n=   9.41243  27.40827
 Src-osrc corr  13   6 o,n=   5.70023   0.75178
 Src-osrc corr  15   6 o,n=   1.40495   0.08616
 Src-osrc corr   9   7 o,n=   0.05747   0.05697
 Src-osrc corr  13   7 o,n=   0.75178   0.75192
 Src-osrc corr  15   7 o,n=   0.08616   0.08653
 Src-osrc corr   8   1 o,n=  16.91933  17.64849
 Src-osrc corr  10   1 o,n=  10.96866  12.75806
 Src-osrc corr   9   2 o,n=   0.06179   0.06280
 Src-osrc corr  11   2 o,n=   0.00574   0.00680
 Src-osrc corr   9   3 o,n=   0.06280   0.06261
 Src-osrc corr  13   3 o,n=   0.14204   0.14177
 Src-osrc corr  15   3 o,n=   0.09414   0.09410
 Src-osrc corr   8   4 o,n=  17.64849  17.43900
 Src-osrc corr   9   4 o,n=   0.06261   1.97306
 Src-osrc corr  13   4 o,n=   0.14177   2.15555
 Src-osrc corr  14   4 o,n=   2.16562   7.55815
 Src-osrc corr  15   4 o,n=   0.09410   1.41156
 Src-osrc corr   8   5 o,n=  17.43900  18.03646
 Src-osrc corr   9   5 o,n=   1.97306   1.98306
 Src-osrc corr  12   5 o,n=   6.26196   9.76100
 Src-osrc corr  13   5 o,n=   2.15555   5.72464
 Src-osrc corr  14   5 o,n=   7.55815  15.37622
 Src-osrc corr   8   6 o,n=  18.03646  22.06476
 Src-osrc corr   9   6 o,n=   1.98306   0.06188
 Src-osrc corr  12   6 o,n=   9.76100  27.98354
 Src-osrc corr  13   6 o,n=   5.72464   0.75744
 Src-osrc corr  15   6 o,n=   1.41156   0.09368
 Src-osrc corr   9   7 o,n=   0.06188   0.06143
 Src-osrc corr  13   7 o,n=   0.75744   0.75757
 Src-osrc corr  15   7 o,n=   0.09368   0.09392
 Psi(EL) renorm. by  9.54E-01 1.02E-01, Conv =  1.19448 %
 Src-osrc corr   8   1 o,n=  18.01290  19.04267
 Src-osrc corr  10   1 o,n=  11.17726  13.26004
 Src-osrc corr   9   2 o,n=   0.06877   0.06980
 Src-osrc corr  11   2 o,n=   0.00598   0.00707
 Src-osrc corr   9   3 o,n=   0.06980   0.06968
 Src-osrc corr  13   3 o,n=   0.16330   0.16310
 Src-osrc corr  15   3 o,n=   0.10724   0.10720
 Src-osrc corr   8   4 o,n=  19.04267  19.01850
 Src-osrc corr   9   4 o,n=   0.06968   2.03191
 Src-osrc corr  13   4 o,n=   0.16310   2.22482
 Src-osrc corr  14   4 o,n=   2.28958   7.93636
 Src-osrc corr  15   4 o,n=   0.10720   1.45510
 Src-osrc corr   8   5 o,n=  19.01850  19.99739
 Src-osrc corr   9   5 o,n=   2.03191   2.04273
 Src-osrc corr  12   5 o,n=   6.68929  10.38094
 Src-osrc corr  13   5 o,n=   2.22482   5.89082
 Src-osrc corr  14   5 o,n=   7.93636  16.11233
 Src-osrc corr   8   6 o,n=  19.99739  24.37974
 Src-osrc corr   9   6 o,n=   2.04273   0.06861
 Src-osrc corr  12   6 o,n=  10.38094  29.52502
 Src-osrc corr  13   6 o,n=   5.89082   0.78791
 Src-osrc corr  15   6 o,n=   1.45510   0.10706
 Src-osrc corr   9   7 o,n=   0.06861   0.06804
 Src-osrc corr  13   7 o,n=   0.78791   0.78803
 Src-osrc corr  15   7 o,n=   0.10706   0.10717
 Psi(EL) renorm. by  1.07E+00-1.81E-01, Conv =  1.81389 %
 Src-osrc corr   8   1 o,n=  17.53310  18.89090
 Src-osrc corr  10   1 o,n=  10.67104  13.13077
 Src-osrc corr   9   2 o,n=   0.06716   0.06838
 Src-osrc corr  11   2 o,n=   0.00661   0.00782
 Src-osrc corr   9   3 o,n=   0.06838   0.06825
 Src-osrc corr  13   3 o,n=   0.15960   0.15939
 Src-osrc corr  15   3 o,n=   0.10458   0.10455
 Src-osrc corr   8   4 o,n=  18.89090  18.87809
 Src-osrc corr   9   4 o,n=   0.06825   1.99906
 Src-osrc corr  13   4 o,n=   0.15939   2.18901
 Src-osrc corr  14   4 o,n=   2.26638   7.83426
 Src-osrc corr  15   4 o,n=   0.10455   1.43038
 Src-osrc corr   8   5 o,n=  18.87809  19.82664
 Src-osrc corr   9   5 o,n=   1.99906   2.00896
 Src-osrc corr  12   5 o,n=   6.62865  10.24994
 Src-osrc corr  13   5 o,n=   2.18901   5.79557
 Src-osrc corr  14   5 o,n=   7.83426  15.89166
 Src-osrc corr   8   6 o,n=  19.82664  24.05488
 Src-osrc corr   9   6 o,n=   2.00896   0.06716
 Src-osrc corr  12   6 o,n=  10.24994  29.12877
 Src-osrc corr  13   6 o,n=   5.79557   0.77416
 Src-osrc corr  15   6 o,n=   1.43038   0.10454
 Src-osrc corr   9   7 o,n=   0.06716   0.06665
 Src-osrc corr  13   7 o,n=   0.77416   0.77426
 Src-osrc corr  15   7 o,n=   0.10454   0.10446
 Psi(EL) renorm. by  1.17E+00-1.65E-01, Conv =  0.85559 %
 Src-osrc corr   8   1 o,n=  17.87765  19.90181
 Src-osrc corr  10   1 o,n=  10.34264  13.46691
 Src-osrc corr   9   2 o,n=   0.06965   0.07103
 Src-osrc corr  11   2 o,n=   0.00747   0.00884
 Src-osrc corr   9   3 o,n=   0.07103   0.07090
 Src-osrc corr  13   3 o,n=   0.16828   0.16808
 Src-osrc corr  15   3 o,n=   0.11085   0.11082
 Src-osrc corr   8   4 o,n=  19.90181  19.99624
 Src-osrc corr   9   4 o,n=   0.07090   1.99422
 Src-osrc corr  13   4 o,n=   0.16808   2.18653
 Src-osrc corr  14   4 o,n=   2.32107   7.94640
 Src-osrc corr  15   4 o,n=   0.11082   1.42596
 Src-osrc corr   8   5 o,n=  19.99624  21.08430
 Src-osrc corr   9   5 o,n=   1.99422   2.00422
 Src-osrc corr  12   5 o,n=   6.84984  10.50810
 Src-osrc corr  13   5 o,n=   2.18653   5.77587
 Src-osrc corr  14   5 o,n=   7.94640  16.06717
 Src-osrc corr   8   6 o,n=  21.08430  25.36724
 Src-osrc corr   9   6 o,n=   2.00422   0.06981
 Src-osrc corr  12   6 o,n=  10.50810  29.59414
 Src-osrc corr  13   6 o,n=   5.77587   0.77516
 Src-osrc corr  15   6 o,n=   1.42596   0.11112
 Src-osrc corr   9   7 o,n=   0.06981   0.06925
 Src-osrc corr  13   7 o,n=   0.77516   0.77524
 Src-osrc corr  15   7 o,n=   0.11112   0.11093
 Psi(EL) renorm. by  1.02E+00-2.08E-01, Conv =  1.07381 %
 Src-osrc corr   8   1 o,n=  19.17784  21.78746
 Src-osrc corr  10   1 o,n=  10.74929  14.30654
 Src-osrc corr   9   2 o,n=   0.07746   0.07891
 Src-osrc corr  11   2 o,n=   0.00791   0.00934
 Src-osrc corr   9   3 o,n=   0.07891   0.07886
 Src-osrc corr  13   3 o,n=   0.18941   0.18929
 Src-osrc corr  15   3 o,n=   0.12358   0.12355
 Src-osrc corr   8   4 o,n=  21.78746  22.06564
 Src-osrc corr   9   4 o,n=   0.07886   2.04870
 Src-osrc corr  13   4 o,n=   0.18929   2.25045
 Src-osrc corr  14   4 o,n=   2.44192   8.36379
 Src-osrc corr  15   4 o,n=   0.12355   1.46624
 Src-osrc corr   8   5 o,n=  22.06564  23.53290
 Src-osrc corr   9   5 o,n=   2.04870   2.05993
 Src-osrc corr  12   5 o,n=   7.27044  11.16237
 Src-osrc corr  13   5 o,n=   2.25045   5.92847
 Src-osrc corr  14   5 o,n=   8.36379  16.88735
 Src-osrc corr   8   6 o,n=  23.53290  28.29012
 Src-osrc corr   9   6 o,n=   2.05993   0.07768
 Src-osrc corr  12   6 o,n=  11.16237  31.29680
 Src-osrc corr  13   6 o,n=   5.92847   0.80539
 Src-osrc corr  15   6 o,n=   1.46624   0.12418
 Src-osrc corr   9   7 o,n=   0.07768   0.07710
 Src-osrc corr  13   7 o,n=   0.80539   0.80547
 Src-osrc corr  15   7 o,n=   0.12418   0.12384
 Src-osrc corr   8   1 o,n=  18.71597  21.74310
 Src-osrc corr  10   1 o,n=  10.23215  14.29531
 Src-osrc corr   9   2 o,n=   0.07572   0.07725
 Src-osrc corr  11   2 o,n=   0.00814   0.00962
 Src-osrc corr   9   3 o,n=   0.07725   0.07718
 Src-osrc corr  13   3 o,n=   0.18632   0.18621
 Src-osrc corr  15   3 o,n=   0.12145   0.12143
 Src-osrc corr   8   4 o,n=  21.74310  22.03291
 Src-osrc corr   9   4 o,n=   0.07718   2.00948
 Src-osrc corr  13   4 o,n=   0.18621   2.20809
 Src-osrc corr  14   4 o,n=   2.41150   8.25058
 Src-osrc corr  15   4 o,n=   0.12143   1.43712
 Src-osrc corr   8   5 o,n=  22.03291  23.48300
 Src-osrc corr   9   5 o,n=   2.00948   2.02012
 Src-osrc corr  12   5 o,n=   7.19230  11.01398
 Src-osrc corr  13   5 o,n=   2.20809   5.81496
 Src-osrc corr  14   5 o,n=   8.25058  16.64523
 Src-osrc corr   8   6 o,n=  23.48300  28.13929
 Src-osrc corr   9   6 o,n=   2.02012   0.07602
 Src-osrc corr  12   6 o,n=  11.01398  30.87867
 Src-osrc corr  13   6 o,n=   5.81496   0.78971
 Src-osrc corr  15   6 o,n=   1.43712   0.12224
 Src-osrc corr   9   7 o,n=   0.07602   0.07547
 Src-osrc corr  13   7 o,n=   0.78971   0.78976
 Src-osrc corr  15   7 o,n=   0.12224   0.12180
 Psi(EL) renorm. by  6.44E-01-1.53E-01, Conv =  1.61859 %
 Src-osrc corr   8   1 o,n=  19.51488  23.43441
 Src-osrc corr  10   1 o,n=  10.33780  15.21330
 Src-osrc corr   9   2 o,n=   0.07997   0.08170
 Src-osrc corr  11   2 o,n=   0.00911   0.01077
 Src-osrc corr   9   3 o,n=   0.08170   0.08165
 Src-osrc corr  13   3 o,n=   0.19897   0.19890
 Src-osrc corr  15   3 o,n=   0.12985   0.12983
 Src-osrc corr   8   4 o,n=  23.43441  23.84947
 Src-osrc corr   9   4 o,n=   0.08165   2.00368
 Src-osrc corr  13   4 o,n=   0.19890   2.20528
 Src-osrc corr  14   4 o,n=   2.47108   8.41438
 Src-osrc corr  15   4 o,n=   0.12983   1.43267
 Src-osrc corr   8   5 o,n=  23.84947  25.50896
 Src-osrc corr   9   5 o,n=   2.00368   2.01508
 Src-osrc corr  12   5 o,n=   7.44383  11.34805
 Src-osrc corr  13   5 o,n=   2.20528   5.79187
 Src-osrc corr  14   5 o,n=   8.41438  16.92422
 Src-osrc corr   8   6 o,n=  25.50896  30.39959
 Src-osrc corr   9   6 o,n=   2.01508   0.08068
 Src-osrc corr  12   6 o,n=  11.34805  31.60153
 Src-osrc corr  13   6 o,n=   5.79187   0.79356
 Src-osrc corr  15   6 o,n=   1.43267   0.13116
 Src-osrc corr   9   7 o,n=   0.08068   0.08009
 Src-osrc corr  13   7 o,n=   0.79356   0.79359
 Src-osrc corr  15   7 o,n=   0.13116   0.13058
 Psi(EL) renorm. by  5.07E-01-3.29E-01, Conv =  1.68577 %
 Src-osrc corr   8   1 o,n=  21.06152  25.73351
 Src-osrc corr  10   1 o,n=  11.16724  16.62830
 Src-osrc corr   9   2 o,n=   0.08879   0.09058
 Src-osrc corr  11   2 o,n=   0.00947   0.01118
 Src-osrc corr   9   3 o,n=   0.09058   0.09059
 Src-osrc corr  13   3 o,n=   0.22099   0.22098
 Src-osrc corr  15   3 o,n=   0.14274   0.14273
 Src-osrc corr   8   4 o,n=  25.73351  26.33249
 Src-osrc corr   9   4 o,n=   0.09059   2.05685
 Src-osrc corr  13   4 o,n=   0.22098   2.26744
 Src-osrc corr  14   4 o,n=   2.58962   8.88428
 Src-osrc corr  15   4 o,n=   0.14273   1.47219
 Src-osrc corr   8   5 o,n=  26.33249  28.38272
 Src-osrc corr   9   5 o,n=   2.05685   2.06983
 Src-osrc corr  12   5 o,n=   7.86282  12.06493
 Src-osrc corr  13   5 o,n=   2.26744   5.93983
 Src-osrc corr  14   5 o,n=   8.88428  17.84935
 Src-osrc corr   8   6 o,n=  28.38272  33.90870
 Src-osrc corr   9   6 o,n=   2.06983   0.08968
 Src-osrc corr  12   6 o,n=  12.06493  33.50994
 Src-osrc corr  13   6 o,n=   5.93983   0.82426
 Src-osrc corr  15   6 o,n=   1.47219   0.14450
 Src-osrc corr   9   7 o,n=   0.08968   0.08912
 Src-osrc corr  13   7 o,n=   0.82426   0.82431
 Src-osrc corr  15   7 o,n=   0.14450   0.14378
 Psi(EL) renorm. by  5.42E-01-1.14E-01, Conv =  1.15035 %
 Src-osrc corr   8   1 o,n=  20.78753  25.99748
 Src-osrc corr  10   1 o,n=  10.89266  16.96607
 Src-osrc corr   9   2 o,n=   0.08747   0.08934
 Src-osrc corr  11   2 o,n=   0.00980   0.01159
 Src-osrc corr   9   3 o,n=   0.08934   0.08934
 Src-osrc corr  13   3 o,n=   0.21908   0.21909
 Src-osrc corr  15   3 o,n=   0.14133   0.14132
 Src-osrc corr   8   4 o,n=  25.99748  26.61543
 Src-osrc corr   9   4 o,n=   0.08934   2.00788
 Src-osrc corr  13   4 o,n=   0.21909   2.21495
 Src-osrc corr  14   4 o,n=   2.55303   8.76303
 Src-osrc corr  15   4 o,n=   0.14132   1.43636
 Src-osrc corr   8   5 o,n=  26.61543  28.66948
 Src-osrc corr   9   5 o,n=   2.00788   2.02070
 Src-osrc corr  12   5 o,n=   7.77745  11.91979
 Src-osrc corr  13   5 o,n=   2.21495   5.79812
 Src-osrc corr  14   5 o,n=   8.76303  17.59425
 Src-osrc corr   8   6 o,n=  28.66948  34.14445
 Src-osrc corr   9   6 o,n=   2.02070   0.08857
 Src-osrc corr  12   6 o,n=  11.91979  33.10513
 Src-osrc corr  13   6 o,n=   5.79812   0.80604
 Src-osrc corr  15   6 o,n=   1.43636   0.14341
 Src-osrc corr   9   7 o,n=   0.08857   0.08803
 Src-osrc corr  13   7 o,n=   0.80604   0.80606
 Src-osrc corr  15   7 o,n=   0.14341   0.14261
 Psi(EL) renorm. by  5.27E-01-7.12E-02, Conv =  0.46686 %
 Src-osrc corr   8   1 o,n=  22.24382  28.51810
 Src-osrc corr  10   1 o,n=  11.85054  18.95677
 Src-osrc corr   9   2 o,n=   0.09458   0.09672
 Src-osrc corr  11   2 o,n=   0.01109   0.01310
 Src-osrc corr   9   3 o,n=   0.09672   0.09674
 Src-osrc corr  13   3 o,n=   0.23704   0.23710
 Src-osrc corr  15   3 o,n=   0.15257   0.15257
 Src-osrc corr   8   4 o,n=  28.51810  29.28452
 Src-osrc corr   9   4 o,n=   0.09674   2.01140
 Src-osrc corr  13   4 o,n=   0.23710   2.22279
 Src-osrc corr  14   4 o,n=   2.62913   9.02791
 Src-osrc corr  15   4 o,n=   0.15257   1.43939
 Src-osrc corr   8   5 o,n=  29.28452  31.61786
 Src-osrc corr   9   5 o,n=   2.01140   2.02561
 Src-osrc corr  12   5 o,n=   8.09860  12.43029
 Src-osrc corr  13   5 o,n=   2.22279   5.80032
 Src-osrc corr  14   5 o,n=   9.02791  18.07520
 Src-osrc corr   8   6 o,n=  31.61786  37.52132
 Src-osrc corr   9   6 o,n=   2.02561   0.09636
 Src-osrc corr  12   6 o,n=  12.43029  34.26828
 Src-osrc corr  13   6 o,n=   5.80032   0.81646
 Src-osrc corr  15   6 o,n=   1.43939   0.15537
 Src-osrc corr   9   7 o,n=   0.09636   0.09584
 Src-osrc corr  13   7 o,n=   0.81646   0.81647
 Src-osrc corr  15   7 o,n=   0.15537   0.15439
 Psi(EL) renorm. by  5.36E-01-9.69E-02, Conv =  0.24130 %
 Src-osrc corr   8   1 o,n=  24.00572  31.13822
 Src-osrc corr  10   1 o,n=  13.06621  21.01426
 Src-osrc corr   9   2 o,n=   0.10415   0.10633
 Src-osrc corr  11   2 o,n=   0.01139   0.01346
 Src-osrc corr   9   3 o,n=   0.10633   0.10641
 Src-osrc corr  13   3 o,n=   0.25982   0.25994
 Src-osrc corr  15   3 o,n=   0.16556   0.16556
 Src-osrc corr   8   4 o,n=  31.13822  32.09070
 Src-osrc corr   9   4 o,n=   0.10641   2.06526
 Src-osrc corr  13   4 o,n=   0.25994   2.28540
 Src-osrc corr  14   4 o,n=   2.74498   9.55663
 Src-osrc corr  15   4 o,n=   0.16556   1.48033
 Src-osrc corr   8   5 o,n=  32.09070  34.82490
 Src-osrc corr   9   5 o,n=   2.06526   2.08138
 Src-osrc corr  12   5 o,n=   8.51476  13.26411
 Src-osrc corr  13   5 o,n=   2.28540   5.95089
 Src-osrc corr  14   5 o,n=   9.55663  19.12228
 Src-osrc corr   8   6 o,n=  34.82490  41.44406
 Src-osrc corr   9   6 o,n=   2.08138   0.10618
 Src-osrc corr  12   6 o,n=  13.26411  36.42246
 Src-osrc corr  13   6 o,n=   5.95089   0.84822
 Src-osrc corr  15   6 o,n=   1.48033   0.16891
 Src-osrc corr   9   7 o,n=   0.10618   0.10570
 Src-osrc corr  13   7 o,n=   0.84822   0.84825
 Src-osrc corr  15   7 o,n=   0.16891   0.16780
 Psi(EL) renorm. by  5.58E-01-6.68E-02, Conv =  0.27753 %
 Src-osrc corr   8   1 o,n=  24.12124  31.90911
 Src-osrc corr  10   1 o,n=  13.31281  21.98688
 Src-osrc corr   9   2 o,n=   0.10419   0.10653
 Src-osrc corr  11   2 o,n=   0.01213   0.01436
 Src-osrc corr   9   3 o,n=   0.10653   0.10661
 Src-osrc corr  13   3 o,n=   0.26049   0.26063
 Src-osrc corr  15   3 o,n=   0.16558   0.16559
 Src-osrc corr   8   4 o,n=  31.90911  32.89502
 Src-osrc corr   9   4 o,n=   0.10661   2.01120
 Src-osrc corr  13   4 o,n=   0.26063   2.22772
 Src-osrc corr  14   4 o,n=   2.70907   9.46484
 Src-osrc corr  15   4 o,n=   0.16559   1.44120
 Src-osrc corr   8   5 o,n=  32.89502  35.66901
 Src-osrc corr   9   5 o,n=   2.01120   2.02733
 Src-osrc corr  12   5 o,n=   8.44943  13.21812
 Src-osrc corr  13   5 o,n=   2.22772   5.79251
 Src-osrc corr  14   5 o,n=   9.46484  18.92425
 Src-osrc corr   8   6 o,n=  35.66901  42.31408
 Src-osrc corr   9   6 o,n=   2.02733   0.10668
 Src-osrc corr  12   6 o,n=  13.21812  36.16272
 Src-osrc corr  13   6 o,n=   5.79251   0.82960
 Src-osrc corr  15   6 o,n=   1.44120   0.16944
 Src-osrc corr   9   7 o,n=   0.10668   0.10625
 Src-osrc corr  13   7 o,n=   0.82960   0.82961
 Src-osrc corr  15   7 o,n=   0.16944   0.16822
 Psi(EL) renorm. by  5.22E-01-1.22E-01, Conv =  0.48133 %
 Src-osrc corr   8   1 o,n=  26.27725  35.25106
 Src-osrc corr  10   1 o,n=  15.00531  24.87101
 Src-osrc corr   9   2 o,n=   0.11449   0.11714
 Src-osrc corr  11   2 o,n=   0.01366   0.01616
 Src-osrc corr   9   3 o,n=   0.11714   0.11725
 Src-osrc corr  13   3 o,n=   0.28437   0.28456
 Src-osrc corr  15   3 o,n=   0.17999   0.18001
 Src-osrc corr   8   4 o,n=  35.25106  36.41481
 Src-osrc corr   9   4 o,n=   0.11725   2.03626
 Src-osrc corr  13   4 o,n=   0.28456   2.25916
 Src-osrc corr  14   4 o,n=   2.81048   9.89194
 Src-osrc corr  15   4 o,n=   0.18001   1.46170
 Src-osrc corr   8   5 o,n=  36.41481  39.54650
 Src-osrc corr   9   5 o,n=   2.03626   2.05475
 Src-osrc corr  12   5 o,n=   8.86652  14.03905
 Src-osrc corr  13   5 o,n=   2.25916   5.85585
 Src-osrc corr  14   5 o,n=   9.89194  19.72983
 Src-osrc corr   8   6 o,n=  39.54650  46.80976
 Src-osrc corr   9   6 o,n=   2.05475   0.11786
 Src-osrc corr  12   6 o,n=  14.03905  37.99251
 Src-osrc corr  13   6 o,n=   5.85585   0.85108
 Src-osrc corr  15   6 o,n=   1.46170   0.18476
 Src-osrc corr   9   7 o,n=   0.11786   0.11746
 Src-osrc corr  13   7 o,n=   0.85108   0.85109
 Src-osrc corr  15   7 o,n=   0.18476   0.18332
 Psi(EL) renorm. by  5.21E-01-1.49E-01, Conv =  0.28429 %
 Src-osrc corr   8   1 o,n=  28.24188  38.14900
 Src-osrc corr  10   1 o,n=  16.46277  27.25570
 Src-osrc corr   9   2 o,n=   0.12477   0.12748
 Src-osrc corr  11   2 o,n=   0.01405   0.01663
 Src-osrc corr   9   3 o,n=   0.12748   0.12764
 Src-osrc corr  13   3 o,n=   0.30806   0.30831
 Src-osrc corr  15   3 o,n=   0.19317   0.19319
 Src-osrc corr   8   4 o,n=  38.14900  39.50428
 Src-osrc corr   9   4 o,n=   0.12764   2.09530
 Src-osrc corr  13   4 o,n=   0.30831   2.32697
 Src-osrc corr  14   4 o,n=   2.92616  10.52264
 Src-osrc corr  15   4 o,n=   0.19319   1.50830
 Src-osrc corr   8   5 o,n=  39.50428  43.05190
 Src-osrc corr   9   5 o,n=   2.09530   2.11637
 Src-osrc corr  12   5 o,n=   9.28791  14.99951
 Src-osrc corr  13   5 o,n=   2.32697   6.02309
 Src-osrc corr  14   5 o,n=  10.52264  20.97366
 Src-osrc corr   8   6 o,n=  43.05190  51.08889
 Src-osrc corr   9   6 o,n=   2.11637   0.12847
 Src-osrc corr  12   6 o,n=  14.99951  40.58025
 Src-osrc corr  13   6 o,n=   6.02309   0.88603
 Src-osrc corr  15   6 o,n=   1.50830   0.19861
 Src-osrc corr   9   7 o,n=   0.12847   0.12814
 Src-osrc corr  13   7 o,n=   0.88603   0.88608
 Src-osrc corr  15   7 o,n=   0.19861   0.19704
 Psi(EL) renorm. by  5.23E-01-1.61E-01, Conv =  0.35086 %
 Src-osrc corr   8   1 o,n=  28.90207  39.56432
 Src-osrc corr  10   1 o,n=  17.24843  28.81789
 Src-osrc corr   9   2 o,n=   0.12704   0.13002
 Src-osrc corr  11   2 o,n=   0.01530   0.01813
 Src-osrc corr   9   3 o,n=   0.13002   0.13017
 Src-osrc corr  13   3 o,n=   0.31280   0.31309
 Src-osrc corr  15   3 o,n=   0.19547   0.19550
 Src-osrc corr   8   4 o,n=  39.56432  40.97518
 Src-osrc corr   9   4 o,n=   0.13017   2.04773
 Src-osrc corr  13   4 o,n=   0.31309   2.27663
 Src-osrc corr  14   4 o,n=   2.90244  10.55129
 Src-osrc corr  15   4 o,n=   0.19550   1.47499
 Src-osrc corr   8   5 o,n=  40.97518  44.61551
 Src-osrc corr   9   5 o,n=   2.04773   2.06968
 Src-osrc corr  12   5 o,n=   9.28144  15.10570
 Src-osrc corr  13   5 o,n=   2.27663   5.88200
 Src-osrc corr  14   5 o,n=  10.55129  20.99643
 Src-osrc corr   8   6 o,n=  44.61551  52.78669
 Src-osrc corr   9   6 o,n=   2.06968   0.13148
 Src-osrc corr  12   6 o,n=  15.10570  40.83449
 Src-osrc corr  13   6 o,n=   5.88200   0.87203
 Src-osrc corr  15   6 o,n=   1.47499   0.20164
 Src-osrc corr   9   7 o,n=   0.13148   0.13121
 Src-osrc corr  13   7 o,n=   0.87203   0.87207
 Src-osrc corr  15   7 o,n=   0.20164   0.19989
 Psi(EL) renorm. by  5.10E-01-1.30E-01, Conv =  0.28442 %
 Src-osrc corr   8   1 o,n=  31.72415  43.67119
 Src-osrc corr  10   1 o,n=  19.45254  32.29279
 Src-osrc corr   9   2 o,n=   0.14056   0.14388
 Src-osrc corr  11   2 o,n=   0.01702   0.02015
 Src-osrc corr   9   3 o,n=   0.14388   0.14408
 Src-osrc corr  13   3 o,n=   0.34293   0.34326
 Src-osrc corr  15   3 o,n=   0.21326   0.21330
 Src-osrc corr   8   4 o,n=  43.67119  45.29414
 Src-osrc corr   9   4 o,n=   0.14408   2.11289
 Src-osrc corr  13   4 o,n=   0.34326   2.35121
 Src-osrc corr  14   4 o,n=   3.03905  11.27697
 Src-osrc corr  15   4 o,n=   0.21330   1.52839
 Src-osrc corr   8   5 o,n=  45.29414  49.37779
 Src-osrc corr   9   5 o,n=   2.11289   2.14012
 Src-osrc corr  12   5 o,n=   9.82085  16.17862
 Src-osrc corr  13   5 o,n=   2.35121   6.06582
 Src-osrc corr  14   5 o,n=  11.27697  22.39011
 Src-osrc corr   8   6 o,n=  49.37779  58.35782
 Src-osrc corr   9   6 o,n=   2.14012   0.14600
 Src-osrc corr  12   6 o,n=  16.17862  43.85566
 Src-osrc corr  13   6 o,n=   6.06582   0.91371
 Src-osrc corr  15   6 o,n=   1.52839   0.22052
 Src-osrc corr   9   7 o,n=   0.14600   0.14578
 Src-osrc corr  13   7 o,n=   0.91371   0.91380
 Src-osrc corr  15   7 o,n=   0.22052   0.21852
 Psi(EL) renorm. by  4.99E-01-1.24E-01, Conv =  0.06341 %
 Src-osrc corr   8   1 o,n=  33.90958  46.85218
 Src-osrc corr  10   1 o,n=  21.10174  34.93256
 Src-osrc corr   9   2 o,n=   0.15172   0.15515
 Src-osrc corr  11   2 o,n=   0.01762   0.02088
 Src-osrc corr   9   3 o,n=   0.15515   0.15539
 Src-osrc corr  13   3 o,n=   0.36797   0.36836
 Src-osrc corr  15   3 o,n=   0.22690   0.22694
 Src-osrc corr   8   4 o,n=  46.85218  48.67600
 Src-osrc corr   9   4 o,n=   0.15539   2.18861
 Src-osrc corr  13   4 o,n=   0.36836   2.43608
 Src-osrc corr  14   4 o,n=   3.16048  12.07932
 Src-osrc corr  15   4 o,n=   0.22694   1.59211
 Src-osrc corr   8   5 o,n=  48.67600  53.19760
 Src-osrc corr   9   5 o,n=   2.18861   2.22159
 Src-osrc corr  12   5 o,n=  10.26534  17.19814
 Src-osrc corr  13   5 o,n=   2.43608   6.29009
 Src-osrc corr  14   5 o,n=  12.07932  24.02042
 Src-osrc corr   8   6 o,n=  53.19760  63.00726
 Src-osrc corr   9   6 o,n=   2.22159   0.15761
 Src-osrc corr  12   6 o,n=  17.19814  47.07316
 Src-osrc corr  13   6 o,n=   6.29009   0.96051
 Src-osrc corr  15   6 o,n=   1.59211   0.23497
 Src-osrc corr   9   7 o,n=   0.15761   0.15748
 Src-osrc corr  13   7 o,n=   0.96051   0.96070
 Src-osrc corr  15   7 o,n=   0.23497   0.23282
 Psi(EL) renorm. by  4.89E-01-9.02E-02, Conv =  0.04304 %
 Src-osrc corr   8   1 o,n=  35.21459  49.00576
 Src-osrc corr  10   1 o,n=  22.38373  37.05531
 Src-osrc corr   9   2 o,n=   0.15691   0.16071
 Src-osrc corr  11   2 o,n=   0.01939   0.02299
 Src-osrc corr   9   3 o,n=   0.16071   0.16094
 Src-osrc corr  13   3 o,n=   0.37825   0.37868
 Src-osrc corr  15   3 o,n=   0.23237   0.23242
 Src-osrc corr   8   4 o,n=  49.00576  50.91542
 Src-osrc corr   9   4 o,n=   0.16094   2.17407
 Src-osrc corr  13   4 o,n=   0.37868   2.42053
 Src-osrc corr  14   4 o,n=   3.16526  12.30462
 Src-osrc corr  15   4 o,n=   0.23242   1.58879
 Src-osrc corr   8   5 o,n=  50.91542  55.60044
 Src-osrc corr   9   5 o,n=   2.17407   2.21369
 Src-osrc corr  12   5 o,n=  10.36709  17.48695
 Src-osrc corr  13   5 o,n=   2.42053   6.25610
 Src-osrc corr  14   5 o,n=  12.30462  24.49682
 Src-osrc corr   8   6 o,n=  55.60044  65.68608
 Src-osrc corr   9   6 o,n=   2.21369   0.16380
 Src-osrc corr  12   6 o,n=  17.48695  48.05604
 Src-osrc corr  13   6 o,n=   6.25610   0.96397
 Src-osrc corr  15   6 o,n=   1.58879   0.24140
 Src-osrc corr   9   7 o,n=   0.16380   0.16374
 Src-osrc corr  13   7 o,n=   0.96397   0.96418
 Src-osrc corr  15   7 o,n=   0.24140   0.23902
 Psi(EL) renorm. by  4.72E-01-7.78E-02, Conv =  0.05656 %
 Src-osrc corr   8   1 o,n=  38.65754  53.83485
 Src-osrc corr  10   1 o,n=  24.99158  41.04087
 Src-osrc corr   9   2 o,n=   0.17363   0.17781
 Src-osrc corr  11   2 o,n=   0.02129   0.02524
 Src-osrc corr   9   3 o,n=   0.17781   0.17810
 Src-osrc corr  13   3 o,n=   0.41488   0.41536
 Src-osrc corr  15   3 o,n=   0.25373   0.25379
 Src-osrc corr   8   4 o,n=  53.83485  55.99501
 Src-osrc corr   9   4 o,n=   0.17810   2.32014
 Src-osrc corr  13   4 o,n=   0.41536   2.57938
 Src-osrc corr  14   4 o,n=   3.34826  13.28623
 Src-osrc corr  15   4 o,n=   0.25379   1.70577
 Src-osrc corr   8   5 o,n=  55.99501  61.21553
 Src-osrc corr   9   5 o,n=   2.32014   2.36982
 Src-osrc corr  12   5 o,n=  11.05632  18.82784
 Src-osrc corr  13   5 o,n=   2.57938   6.68999
 Src-osrc corr  14   5 o,n=  13.28623  26.51541
 Src-osrc corr   8   6 o,n=  61.21553  72.30541
 Src-osrc corr   9   6 o,n=   2.36982   0.18161
 Src-osrc corr  12   6 o,n=  18.82784  51.99907
 Src-osrc corr  13   6 o,n=   6.68999   1.03940
 Src-osrc corr  15   6 o,n=   1.70577   0.26401
 Src-osrc corr   9   7 o,n=   0.18161   0.18162
 Src-osrc corr  13   7 o,n=   1.03940   1.03968
 Src-osrc corr  15   7 o,n=   0.26401   0.26134
 Psi(EL) renorm. by  4.63E-01-6.24E-02, Conv =  0.00281 %
 Reaction Xsec     1.0+/ 0 @ 1 =    25.921 , Out:   0.259#   1.539    0.298    0.360    0.033    5.114/  23.687f
 Src-osrc corr   9   2 o,n=   7.19507   8.05699
 Src-osrc corr  11   2 o,n=   9.47369   9.88556
 Src-osrc corr   9   3 o,n=   8.05699   8.25831
 Src-osrc corr  13   3 o,n=   2.62116   4.22433
 Src-osrc corr  15   3 o,n=   1.22258   1.27854
 Src-osrc corr   8   4 o,n=   0.03980   1.22114
 Src-osrc corr   9   4 o,n=   8.25831   7.81012
 Src-osrc corr  13   4 o,n=   4.22433   5.43936
 Src-osrc corr  14   4 o,n=   0.05368   4.78912
 Src-osrc corr  15   4 o,n=   1.27854   1.47458
 Src-osrc corr   8   5 o,n=   1.22114   1.37882
 Src-osrc corr   9   5 o,n=   7.81012   8.88714
 Src-osrc corr  12   5 o,n=   0.09126   4.04917
 Src-osrc corr  13   5 o,n=   5.43936  10.87133
 Src-osrc corr  14   5 o,n=   4.78912   1.22234
 Src-osrc corr   8   6 o,n=   1.37882   0.04728
 Src-osrc corr   9   6 o,n=   8.88714   9.18585
 Src-osrc corr  12   6 o,n=   4.04917   0.10784
 Src-osrc corr  13   6 o,n=  10.87133  11.91857
 Src-osrc corr  15   6 o,n=   1.47458   1.20803
 Src-osrc corr   9   7 o,n=   9.18585  10.24970
 Src-osrc corr  13   7 o,n=  11.91857  13.10719
 Src-osrc corr  15   7 o,n=   1.20803   9.08206
 Src-osrc corr   9   2 o,n=   7.19507   8.05699
 Src-osrc corr  11   2 o,n=   9.47369   9.88556
 Src-osrc corr   9   3 o,n=   8.05699   8.25831
 Src-osrc corr  13   3 o,n=   2.62116   4.22433
 Src-osrc corr  15   3 o,n=   1.22258   1.27854
 Src-osrc corr   8   4 o,n=   0.03980   1.22114
 Src-osrc corr   9   4 o,n=   8.25831   7.81012
 Src-osrc corr  13   4 o,n=   4.22433   5.43936
 Src-osrc corr  14   4 o,n=   0.05368   4.78912
 Src-osrc corr  15   4 o,n=   1.27854   1.47458
 Src-osrc corr   8   5 o,n=   1.22114   1.37882
 Src-osrc corr   9   5 o,n=   7.81012   8.88714
 Src-osrc corr  12   5 o,n=   0.09126   4.04917
 Src-osrc corr  13   5 o,n=   5.43936  10.87133
 Src-osrc corr  14   5 o,n=   4.78912   1.22234
 Src-osrc corr   8   6 o,n=   1.37882   0.04728
 Src-osrc corr   9   6 o,n=   8.88714   9.18585
 Src-osrc corr  12   6 o,n=   4.04917   0.10784
 Src-osrc corr  13   6 o,n=  10.87133  11.91857
 Src-osrc corr  15   6 o,n=   1.47458   1.20803
 Src-osrc corr   9   7 o,n=   9.18585  10.24970
 Src-osrc corr  13   7 o,n=  11.91857  13.10719
 Src-osrc corr  15   7 o,n=   1.20803   9.08206
 Psi(EL) renorm. by  1.03E+00 1.06E-01, Conv =  0.53922 %
 Src-osrc corr   8   1 o,n=   0.04769   0.04848
 Src-osrc corr  10   1 o,n=   0.00280   0.00376
 Src-osrc corr   9   2 o,n=   7.01167   8.54758
 Src-osrc corr  11   2 o,n=   9.72463  10.68757
 Src-osrc corr   9   3 o,n=   8.54758   8.75490
 Src-osrc corr  13   3 o,n=   3.10040   4.47708
 Src-osrc corr  15   3 o,n=   1.55170   1.59124
 Src-osrc corr   8   4 o,n=   0.04848   1.20067
 Src-osrc corr   9   4 o,n=   8.75490   8.29692
 Src-osrc corr  13   4 o,n=   4.47708   5.62545
 Src-osrc corr  14   4 o,n=   0.06740   4.68357
 Src-osrc corr  15   4 o,n=   1.59124   1.67066
 Src-osrc corr   8   5 o,n=   1.20067   1.35787
 Src-osrc corr   9   5 o,n=   8.29692   8.87979
 Src-osrc corr  12   5 o,n=   0.10079   3.96688
 Src-osrc corr  13   5 o,n=   5.62545  10.83411
 Src-osrc corr  14   5 o,n=   4.68357   1.19847
 Src-osrc corr   8   6 o,n=   1.35787   0.05881
 Src-osrc corr   9   6 o,n=   8.87979   9.12321
 Src-osrc corr  12   6 o,n=   3.96688   0.11821
 Src-osrc corr  13   6 o,n=  10.83411  11.84502
 Src-osrc corr  15   6 o,n=   1.67066   1.42569
 Src-osrc corr   9   7 o,n=   9.12321   9.98329
 Src-osrc corr  13   7 o,n=  11.84502  13.03083
 Src-osrc corr  15   7 o,n=   1.42569   9.12022
 Src-osrc corr   8   1 o,n=   0.05157   0.05345
 Src-osrc corr  10   1 o,n=   0.00611   0.00855
 Src-osrc corr   9   2 o,n=   7.95460   9.62599
 Src-osrc corr  11   2 o,n=  10.67746  11.79641
 Src-osrc corr   9   3 o,n=   9.62599   9.81419
 Src-osrc corr  13   3 o,n=   2.99594   4.49148
 Src-osrc corr  15   3 o,n=   1.53727   1.57921
 Src-osrc corr   8   4 o,n=   0.05345   1.23139
 Src-osrc corr   9   4 o,n=   9.81419   9.30693
 Src-osrc corr  13   4 o,n=   4.49148   5.68888
 Src-osrc corr  14   4 o,n=   0.07602   4.79939
 Src-osrc corr  15   4 o,n=   1.57921   1.66614
 Src-osrc corr   8   5 o,n=   1.23139   1.39830
 Src-osrc corr   9   5 o,n=   9.30693   9.85187
 Src-osrc corr  12   5 o,n=   0.10568   4.06566
 Src-osrc corr  13   5 o,n=   5.68888  11.07723
 Src-osrc corr  14   5 o,n=   4.79939   1.23291
 Src-osrc corr   8   6 o,n=   1.39830   0.06633
 Src-osrc corr   9   6 o,n=   9.85187  10.10021
 Src-osrc corr  12   6 o,n=   4.06566   0.12834
 Src-osrc corr  13   6 o,n=  11.07723  12.12067
 Src-osrc corr  15   6 o,n=   1.66614   1.41121
 Src-osrc corr   9   7 o,n=  10.10021  10.99870
 Src-osrc corr  13   7 o,n=  12.12067  13.35104
 Src-osrc corr  15   7 o,n=   1.41121   9.31874
 Src-osrc corr   8   1 o,n=   0.04822   0.05016
 Src-osrc corr  10   1 o,n=   0.00651   0.00924
 Src-osrc corr   9   2 o,n=   8.21344   9.97497
 Src-osrc corr  11   2 o,n=  10.82328  12.03702
 Src-osrc corr   9   3 o,n=   9.97497  10.14221
 Src-osrc corr  13   3 o,n=   2.86496   4.35042
 Src-osrc corr  15   3 o,n=   1.46374   1.49798
 Src-osrc corr   8   4 o,n=   0.05016   1.19243
 Src-osrc corr   9   4 o,n=  10.14221   9.59767
 Src-osrc corr  13   4 o,n=   4.35042   5.51967
 Src-osrc corr  14   4 o,n=   0.06875   4.65925
 Src-osrc corr  15   4 o,n=   1.49798   1.59809
 Src-osrc corr   8   5 o,n=   1.19243   1.35310
 Src-osrc corr   9   5 o,n=   9.59767   9.96274
 Src-osrc corr  12   5 o,n=   0.09638   3.94507
 Src-osrc corr  13   5 o,n=   5.51967  10.76860
 Src-osrc corr  14   5 o,n=   4.65925   1.19373
 Src-osrc corr   8   6 o,n=   1.35310   0.06236
 Src-osrc corr   9   6 o,n=   9.96274  10.19327
 Src-osrc corr  12   6 o,n=   3.94507   0.11805
 Src-osrc corr  13   6 o,n=  10.76860  11.78403
 Src-osrc corr  15   6 o,n=   1.59809   1.35067
 Src-osrc corr   9   7 o,n=  10.19327  10.98982
 Src-osrc corr  13   7 o,n=  11.78403  12.99925
 Src-osrc corr  15   7 o,n=   1.35067   9.06236
 Src-osrc corr   8   1 o,n=   0.05080   0.05397
 Src-osrc corr  10   1 o,n=   0.00952   0.01353
 Src-osrc corr   9   2 o,n=   8.39168  10.29720
 Src-osrc corr  11   2 o,n=  11.03131  12.38493
 Src-osrc corr   9   3 o,n=  10.29720  10.46630
 Src-osrc corr  13   3 o,n=   2.90700   4.36340
 Src-osrc corr  15   3 o,n=   1.49360   1.52902
 Src-osrc corr   8   4 o,n=   0.05397   1.19380
 Src-osrc corr   9   4 o,n=  10.46630   9.92865
 Src-osrc corr  13   4 o,n=   4.36340   5.52757
 Src-osrc corr  14   4 o,n=   0.07274   4.65439
 Src-osrc corr  15   4 o,n=   1.52902   1.61439
 Src-osrc corr   8   5 o,n=   1.19380   1.35362
 Src-osrc corr   9   5 o,n=   9.92865  10.21720
 Src-osrc corr  12   5 o,n=   0.10130   3.94323
 Src-osrc corr  13   5 o,n=   5.52757  10.76069
 Src-osrc corr  14   5 o,n=   4.65439   1.19333
 Src-osrc corr   8   6 o,n=   1.35362   0.06745
 Src-osrc corr   9   6 o,n=  10.21720  10.43523
 Src-osrc corr  12   6 o,n=   3.94323   0.12638
 Src-osrc corr  13   6 o,n=  10.76069  11.77368
 Src-osrc corr  15   6 o,n=   1.61439   1.37008
 Src-osrc corr   9   7 o,n=  10.43523  11.17982
 Src-osrc corr  13   7 o,n=  11.77368  12.98899
 Src-osrc corr  15   7 o,n=   1.37008   9.07070
 Src-osrc corr   8   1 o,n=   0.05161   0.05541
 Src-osrc corr  10   1 o,n=   0.01066   0.01554
 Src-osrc corr   9   2 o,n=   8.75818  10.66065
 Src-osrc corr  11   2 o,n=  11.36312  12.72896
 Src-osrc corr   9   3 o,n=  10.66065  10.82059
 Src-osrc corr  13   3 o,n=   2.84921   4.32676
 Src-osrc corr  15   3 o,n=   1.45894   1.49292
 Src-osrc corr   8   4 o,n=   0.05541   1.19003
 Src-osrc corr   9   4 o,n=  10.82059  10.26163
 Src-osrc corr  13   4 o,n=   4.32676   5.49187
 Src-osrc corr  14   4 o,n=   0.07132   4.63915
 Src-osrc corr  15   4 o,n=   1.49292   1.59064
 Src-osrc corr   8   5 o,n=   1.19003   1.34782
 Src-osrc corr   9   5 o,n=  10.26163  10.52334
 Src-osrc corr  12   5 o,n=   0.10068   3.92890
 Src-osrc corr  13   5 o,n=   5.49187  10.72133
 Src-osrc corr  14   5 o,n=   4.63915   1.18801
 Src-osrc corr   8   6 o,n=   1.34782   0.07020
 Src-osrc corr   9   6 o,n=  10.52334  10.74213
 Src-osrc corr  12   6 o,n=   3.92890   0.12815
 Src-osrc corr  13   6 o,n=  10.72133  11.73322
 Src-osrc corr  15   6 o,n=   1.59064   1.34533
 Src-osrc corr   9   7 o,n=  10.74213  11.47030
 Src-osrc corr  13   7 o,n=  11.73322  12.94495
 Src-osrc corr  15   7 o,n=   1.34533   9.01840
 Src-osrc corr   8   1 o,n=   0.04884   0.05271
 Src-osrc corr  10   1 o,n=   0.01105   0.01616
 Src-osrc corr   9   2 o,n=   8.90374  10.84439
 Src-osrc corr  11   2 o,n=  11.45285  12.86342
 Src-osrc corr   9   3 o,n=  10.84439  10.99620
 Src-osrc corr  13   3 o,n=   2.80032   4.26935
 Src-osrc corr  15   3 o,n=   1.42939   1.46084
 Src-osrc corr   8   4 o,n=   0.05271   1.17194
 Src-osrc corr   9   4 o,n=  10.99620  10.42606
 Src-osrc corr  13   4 o,n=   4.26935   5.42086
 Src-osrc corr  14   4 o,n=   0.06863   4.57631
 Src-osrc corr  15   4 o,n=   1.46084   1.56321
 Src-osrc corr   8   5 o,n=   1.17194   1.32687
 Src-osrc corr   9   5 o,n=  10.42606  10.60533
 Src-osrc corr  12   5 o,n=   0.09667   3.87490
 Src-osrc corr  13   5 o,n=   5.42086  10.58571
 Src-osrc corr  14   5 o,n=   4.57631   1.17085
 Src-osrc corr   8   6 o,n=   1.32687   0.06678
 Src-osrc corr   9   6 o,n=  10.60533  10.81539
 Src-osrc corr  12   6 o,n=   3.87490   0.12369
 Src-osrc corr  13   6 o,n=  10.58571  11.58467
 Src-osrc corr  15   6 o,n=   1.56321   1.32153
 Src-osrc corr   9   7 o,n=  10.81539  11.49421
 Src-osrc corr  13   7 o,n=  11.58467  12.79015
 Src-osrc corr  15   7 o,n=   1.32153   8.90847
 Src-osrc corr   8   1 o,n=   0.04834   0.05311
 Src-osrc corr  10   1 o,n=   0.01333   0.01950
 Src-osrc corr   9   2 o,n=   8.98165  10.93358
 Src-osrc corr  11   2 o,n=  11.54099  12.96512
 Src-osrc corr   9   3 o,n=  10.93358  11.08485
 Src-osrc corr  13   3 o,n=   2.80458   4.27203
 Src-osrc corr  15   3 o,n=   1.43196   1.46399
 Src-osrc corr   8   4 o,n=   0.05311   1.17332
 Src-osrc corr   9   4 o,n=  11.08485  10.51343
 Src-osrc corr  13   4 o,n=   4.27203   5.42419
 Src-osrc corr  14   4 o,n=   0.06974   4.58026
 Src-osrc corr  15   4 o,n=   1.46399   1.56546
 Src-osrc corr   8   5 o,n=   1.17332   1.32669
 Src-osrc corr   9   5 o,n=  10.51343  10.68813
 Src-osrc corr  12   5 o,n=   0.09802   3.87791
 Src-osrc corr  13   5 o,n=   5.42419  10.59290
 Src-osrc corr  14   5 o,n=   4.58026   1.17147
 Src-osrc corr   8   6 o,n=   1.32669   0.06790
 Src-osrc corr   9   6 o,n=  10.68813  10.89775
 Src-osrc corr  12   6 o,n=   3.87791   0.12827
 Src-osrc corr  13   6 o,n=  10.59290  11.59278
 Src-osrc corr  15   6 o,n=   1.56546   1.32372
 Src-osrc corr   9   7 o,n=  10.89775  11.56979
 Src-osrc corr  13   7 o,n=  11.59278  12.79686
 Src-osrc corr  15   7 o,n=   1.32372   8.91069
 Src-osrc corr   8   1 o,n=   0.04789   0.05333
 Src-osrc corr  10   1 o,n=   0.01477   0.02176
 Src-osrc corr   9   2 o,n=   9.12139  11.05900
 Src-osrc corr  11   2 o,n=  11.66366  13.08104
 Src-osrc corr   9   3 o,n=  11.05900  11.20584
 Src-osrc corr  13   3 o,n=   2.77879   4.25383
 Src-osrc corr  15   3 o,n=   1.41511   1.44653
 Src-osrc corr   8   4 o,n=   0.05333   1.17050
 Src-osrc corr   9   4 o,n=  11.20584  10.62490
 Src-osrc corr  13   4 o,n=   4.25383   5.40499
 Src-osrc corr  14   4 o,n=   0.06889   4.56944
 Src-osrc corr  15   4 o,n=   1.44653   1.55395
 Src-osrc corr   8   5 o,n=   1.17050   1.32160
 Src-osrc corr   9   5 o,n=  10.62490  10.78976
 Src-osrc corr  12   5 o,n=   0.09731   3.86727
 Src-osrc corr  13   5 o,n=   5.40499  10.56623
 Src-osrc corr  14   5 o,n=   4.56944   1.16722
 Src-osrc corr   8   6 o,n=   1.32160   0.06892
 Src-osrc corr   9   6 o,n=  10.78976  11.00040
 Src-osrc corr  12   6 o,n=   3.86727   0.12979
 Src-osrc corr  13   6 o,n=  10.56623  11.56476
 Src-osrc corr  15   6 o,n=   1.55395   1.31193
 Src-osrc corr   9   7 o,n=  11.00040  11.66511
 Src-osrc corr  13   7 o,n=  11.56476  12.76536
 Src-osrc corr  15   7 o,n=   1.31193   8.87798
 Src-osrc corr   8   1 o,n=   0.04559   0.05104
 Src-osrc corr  10   1 o,n=   0.01507   0.02220
 Src-osrc corr   9   2 o,n=   9.15638  11.10096
 Src-osrc corr  11   2 o,n=  11.68693  13.11339
 Src-osrc corr   9   3 o,n=  11.10096  11.24559
 Src-osrc corr  13   3 o,n=   2.76758   4.23950
 Src-osrc corr  15   3 o,n=   1.40762   1.43849
 Src-osrc corr   8   4 o,n=   0.05104   1.16475
 Src-osrc corr   9   4 o,n=  11.24559  10.66191
 Src-osrc corr  13   4 o,n=   4.23950   5.38669
 Src-osrc corr  14   4 o,n=   0.06837   4.55232
 Src-osrc corr  15   4 o,n=   1.43849   1.54705
 Src-osrc corr   8   5 o,n=   1.16475   1.31488
 Src-osrc corr   9   5 o,n=  10.66191  10.80531
 Src-osrc corr  12   5 o,n=   0.09599   3.85235
 Src-osrc corr  13   5 o,n=   5.38669  10.52994
 Src-osrc corr  14   5 o,n=   4.55232   1.16271
 Src-osrc corr   8   6 o,n=   1.31488   0.06607
 Src-osrc corr   9   6 o,n=  10.80531  11.01379
 Src-osrc corr  12   6 o,n=   3.85235   0.12844
 Src-osrc corr  13   6 o,n=  10.52994  11.52484
 Src-osrc corr  15   6 o,n=   1.54705   1.30604
 Src-osrc corr   9   7 o,n=  11.01379  11.66473
 Src-osrc corr  13   7 o,n=  11.52484  12.72341
 Src-osrc corr  15   7 o,n=   1.30604   8.84798
 Src-osrc corr   8   1 o,n=   0.04351   0.04980
 Src-osrc corr  10   1 o,n=   0.01715   0.02526
 Src-osrc corr   9   2 o,n=   9.17794  11.11190
 Src-osrc corr  11   2 o,n=  11.71317  13.13077
 Src-osrc corr   9   3 o,n=  11.11190  11.25596
 Src-osrc corr  13   3 o,n=   2.76821   4.24162
 Src-osrc corr  15   3 o,n=   1.40750   1.43867
 Src-osrc corr   8   4 o,n=   0.04980   1.16521
 Src-osrc corr   9   4 o,n=  11.25596  10.67071
 Src-osrc corr  13   4 o,n=   4.24162   5.38975
 Src-osrc corr  14   4 o,n=   0.06878   4.55625
 Src-osrc corr  15   4 o,n=   1.43867   1.54783
 Src-osrc corr   8   5 o,n=   1.16521   1.31357
 Src-osrc corr   9   5 o,n=  10.67071  10.82067
 Src-osrc corr  12   5 o,n=   0.09601   3.85462
 Src-osrc corr  13   5 o,n=   5.38975  10.53722
 Src-osrc corr  14   5 o,n=   4.55625   1.16296
 Src-osrc corr   8   6 o,n=   1.31357   0.06542
 Src-osrc corr   9   6 o,n=  10.82067  11.03051
 Src-osrc corr  12   6 o,n=   3.85462   0.13165
 Src-osrc corr  13   6 o,n=  10.53722  11.53312
 Src-osrc corr  15   6 o,n=   1.54783   1.30646
 Src-osrc corr   9   7 o,n=  11.03051  11.68368
 Src-osrc corr  13   7 o,n=  11.53312  12.73062
 Src-osrc corr  15   7 o,n=   1.30646   8.84991
 Reaction Xsec     1.0+/ 2 @ 2 =    26.172 , Out:   6.900#   0.899    0.091    0.301    0.030    7.012/  24.844f

 Total SPIN, PARITY =     1.0 -,     13 chs,     13 cc.  Rmin & Coul turning =    0.1    1.7
 Src-osrc corr   6   1 o,n=  17.31942  16.38869
 Src-osrc corr   7   1 o,n=  12.96242  12.34855
 Src-osrc corr   8   1 o,n=  13.24048  12.60891
 Src-osrc corr   9   1 o,n=  10.33783   9.90181
 Src-osrc corr   6   2 o,n=  16.38869  16.06566
 Src-osrc corr   7   2 o,n=  12.34855  11.70051
 Src-osrc corr  11   2 o,n=   2.02862   4.37499
 Src-osrc corr  12   2 o,n=   1.28710   2.72739
 Src-osrc corr  13   2 o,n=   1.08572   2.31735
 Src-osrc corr   6   3 o,n=  16.06566  15.37977
 Src-osrc corr   7   3 o,n=  11.70051  13.70614
 Src-osrc corr  10   3 o,n=   3.24301   7.79147
 Src-osrc corr  11   3 o,n=   4.37499  13.87094
 Src-osrc corr  12   3 o,n=   2.72739   4.14779
 Src-osrc corr  13   3 o,n=   2.31735   4.73076
 Src-osrc corr   6   4 o,n=  15.37977  15.43411
 Src-osrc corr   7   4 o,n=  13.70614  14.99303
 Src-osrc corr  10   4 o,n=   7.79147   6.90465
 Src-osrc corr  11   4 o,n=  13.87094  15.77354
 Src-osrc corr  12   4 o,n=   4.14779  10.77002
 Src-osrc corr  13   4 o,n=   4.73076   3.25910
 Src-osrc corr   6   5 o,n=  15.43411  17.74364
 Src-osrc corr   7   5 o,n=  14.99303  17.16569
 Src-osrc corr  10   5 o,n=   6.90465  17.87923
 Src-osrc corr  11   5 o,n=  15.77354  13.86787
 Src-osrc corr  13   5 o,n=   3.25910  10.98881
 Src-osrc corr   6   1 o,n=  17.31942  16.38869
 Src-osrc corr   7   1 o,n=  12.96242  12.34855
 Src-osrc corr   8   1 o,n=  13.24048  12.60891
 Src-osrc corr   9   1 o,n=  10.33783   9.90181
 Src-osrc corr   6   2 o,n=  16.38869  16.06566
 Src-osrc corr   7   2 o,n=  12.34855  11.70051
 Src-osrc corr  11   2 o,n=   2.02862   4.37499
 Src-osrc corr  12   2 o,n=   1.28710   2.72739
 Src-osrc corr  13   2 o,n=   1.08572   2.31735
 Src-osrc corr   6   3 o,n=  16.06566  15.37977
 Src-osrc corr   7   3 o,n=  11.70051  13.70614
 Src-osrc corr  10   3 o,n=   3.24301   7.79147
 Src-osrc corr  11   3 o,n=   4.37499  13.87094
 Src-osrc corr  12   3 o,n=   2.72739   4.14779
 Src-osrc corr  13   3 o,n=   2.31735   4.73076
 Src-osrc corr   6   4 o,n=  15.37977  15.43411
 Src-osrc corr   7   4 o,n=  13.70614  14.99303
 Src-osrc corr  10   4 o,n=   7.79147   6.90465
 Src-osrc corr  11   4 o,n=  13.87094  15.77354
 Src-osrc corr  12   4 o,n=   4.14779  10.77002
 Src-osrc corr  13   4 o,n=   4.73076   3.25910
 Src-osrc corr   6   5 o,n=  15.43411  17.74364
 Src-osrc corr   7   5 o,n=  14.99303  17.16569
 Src-osrc corr  10   5 o,n=   6.90465  17.87923
 Src-osrc corr  11   5 o,n=  15.77354  13.86787
 Src-osrc corr  13   5 o,n=   3.25910  10.98881
 Src-osrc corr   6   1 o,n=  21.96885  21.21983
 Src-osrc corr   7   1 o,n=  15.88581  15.46559
 Src-osrc corr   8   1 o,n=  16.19061  15.85158
 Src-osrc corr   9   1 o,n=  12.26064  12.06900
 Src-osrc corr   6   2 o,n=  21.21983  20.91713
 Src-osrc corr   7   2 o,n=  15.46559  14.89625
 Src-osrc corr  11   2 o,n=   2.61710   4.95295
 Src-osrc corr  12   2 o,n=   1.68782   3.09460
 Src-osrc corr  13   2 o,n=   1.58342   2.82542
 Src-osrc corr   6   3 o,n=  20.91713  20.30997
 Src-osrc corr   7   3 o,n=  14.89625  16.78556
 Src-osrc corr  10   3 o,n=   4.64598   9.04351
 Src-osrc corr  11   3 o,n=   4.95295  14.86149
 Src-osrc corr  12   3 o,n=   3.09460   4.57322
 Src-osrc corr  13   3 o,n=   2.82542   5.31455
 Src-osrc corr   6   4 o,n=  20.30997  20.36280
 Src-osrc corr   7   4 o,n=  16.78556  18.04184
 Src-osrc corr  10   4 o,n=   9.04351   8.12688
 Src-osrc corr  11   4 o,n=  14.86149  16.83561
 Src-osrc corr  12   4 o,n=   4.57322  11.40503
 Src-osrc corr  13   4 o,n=   5.31455   3.74746
 Src-osrc corr   6   5 o,n=  20.36280  22.55284
 Src-osrc corr   7   5 o,n=  18.04184  20.22566
 Src-osrc corr  10   5 o,n=   8.12688  19.51467
 Src-osrc corr  11   5 o,n=  16.83561  14.85296
 Src-osrc corr  13   5 o,n=   3.74746  11.64810
 Psi(EL) renorm. by  8.54E-01-2.24E-01, Conv =  0.98648 %
 Src-osrc corr   6   1 o,n=  23.58779  23.08208
 Src-osrc corr   7   1 o,n=  16.57330  16.34281
 Src-osrc corr   8   1 o,n=  17.11767  16.97368
 Src-osrc corr   9   1 o,n=  12.61254  12.56714
 Src-osrc corr   6   2 o,n=  23.08208  22.79361
 Src-osrc corr   7   2 o,n=  16.34281  15.85006
 Src-osrc corr  11   2 o,n=   2.55455   5.13299
 Src-osrc corr  12   2 o,n=   1.82338   3.32095
 Src-osrc corr  13   2 o,n=   1.79810   3.05541
 Src-osrc corr   6   3 o,n=  22.79361  22.22605
 Src-osrc corr   7   3 o,n=  15.85006  17.86632
 Src-osrc corr  10   3 o,n=   5.03211   9.72248
 Src-osrc corr  11   3 o,n=   5.13299  15.65856
 Src-osrc corr  12   3 o,n=   3.32095   4.88699
 Src-osrc corr  13   3 o,n=   3.05541   5.67147
 Src-osrc corr   6   4 o,n=  22.22605  22.46500
 Src-osrc corr   7   4 o,n=  17.86632  19.22441
 Src-osrc corr  10   4 o,n=   9.72248   8.75474
 Src-osrc corr  11   4 o,n=  15.65856  17.71416
 Src-osrc corr  12   4 o,n=   4.88699  11.98920
 Src-osrc corr  13   4 o,n=   5.67147   4.09727
 Src-osrc corr   6   5 o,n=  22.46500  24.92964
 Src-osrc corr   7   5 o,n=  19.22441  21.54431
 Src-osrc corr  10   5 o,n=   8.75474  20.70808
 Src-osrc corr  11   5 o,n=  17.71416  15.64477
 Src-osrc corr  13   5 o,n=   4.09727  12.29624
 Src-osrc corr   6   1 o,n=  23.65683  23.34984
 Src-osrc corr   7   1 o,n=  16.46279  16.35475
 Src-osrc corr   8   1 o,n=  17.25820  17.28375
 Src-osrc corr   9   1 o,n=  12.54084  12.60470
 Src-osrc corr   6   2 o,n=  23.34984  23.07399
 Src-osrc corr   7   2 o,n=  16.35475  15.85650
 Src-osrc corr  11   2 o,n=   2.50659   5.03305
 Src-osrc corr  12   2 o,n=   1.80008   3.26525
 Src-osrc corr  13   2 o,n=   1.77552   2.98748
 Src-osrc corr   6   3 o,n=  23.07399  22.47346
 Src-osrc corr   7   3 o,n=  15.85650  17.72098
 Src-osrc corr  10   3 o,n=   4.95714   9.54867
 Src-osrc corr  11   3 o,n=   5.03305  15.33571
 Src-osrc corr  12   3 o,n=   3.26525   4.79734
 Src-osrc corr  13   3 o,n=   2.98748   5.53396
 Src-osrc corr   6   4 o,n=  22.47346  22.66746
 Src-osrc corr   7   4 o,n=  17.72098  19.00897
 Src-osrc corr  10   4 o,n=   9.54867   8.60200
 Src-osrc corr  11   4 o,n=  15.33571  17.35143
 Src-osrc corr  12   4 o,n=   4.79734  11.76044
 Src-osrc corr  13   4 o,n=   5.53396   3.98118
 Src-osrc corr   6   5 o,n=  22.66746  24.93592
 Src-osrc corr   7   5 o,n=  19.00897  21.24041
 Src-osrc corr  10   5 o,n=   8.60200  20.31011
 Src-osrc corr  11   5 o,n=  17.35143  15.32242
 Src-osrc corr  13   5 o,n=   3.98118  12.03522
 Psi(EL) renorm. by  1.03E+00-1.31E-01, Conv =  1.04585 %
 Src-osrc corr   6   1 o,n=  24.74881  24.53555
 Src-osrc corr   7   1 o,n=  17.06847  17.02778
 Src-osrc corr   8   1 o,n=  17.97412  18.04748
 Src-osrc corr   9   1 o,n=  12.95438  13.06493
 Src-osrc corr   6   2 o,n=  24.53555  24.29331
 Src-osrc corr   7   2 o,n=  17.02778  16.63468
 Src-osrc corr  11   2 o,n=   2.60172   5.25574
 Src-osrc corr  12   2 o,n=   1.89867   3.42616
 Src-osrc corr  13   2 o,n=   1.88774   3.12679
 Src-osrc corr   6   3 o,n=  24.29331  23.85204
 Src-osrc corr   7   3 o,n=  16.63468  18.63475
 Src-osrc corr  10   3 o,n=   5.24816  10.03501
 Src-osrc corr  11   3 o,n=   5.25574  15.99505
 Src-osrc corr  12   3 o,n=   3.42616   5.02213
 Src-osrc corr  13   3 o,n=   3.12679   5.77187
 Src-osrc corr   6   4 o,n=  23.85204  24.12088
 Src-osrc corr   7   4 o,n=  18.63475  19.97210
 Src-osrc corr  10   4 o,n=  10.03501   9.05525
 Src-osrc corr  11   4 o,n=  15.99505  18.07831
 Src-osrc corr  12   4 o,n=   5.02213  12.21659
 Src-osrc corr  13   4 o,n=   5.77187   4.18244
 Src-osrc corr   6   5 o,n=  24.12088  26.47712
 Src-osrc corr   7   5 o,n=  19.97210  22.27850
 Src-osrc corr  10   5 o,n=   9.05525  21.17972
 Src-osrc corr  11   5 o,n=  18.07831  15.97992
 Src-osrc corr  13   5 o,n=   4.18244  12.53354
 Psi(EL) renorm. by  1.01E+00-1.08E-01, Conv =  0.54849 %
 Src-osrc corr   6   1 o,n=  24.33344  24.20211
 Src-osrc corr   7   1 o,n=  16.62051  16.61763
 Src-osrc corr   8   1 o,n=  17.52160  17.60450
 Src-osrc corr   9   1 o,n=  12.49488  12.61524
 Src-osrc corr   6   2 o,n=  24.20211  23.97596
 Src-osrc corr   7   2 o,n=  16.61763  16.27829
 Src-osrc corr  11   2 o,n=   2.57156   5.29442
 Src-osrc corr  12   2 o,n=   1.90073   3.46565
 Src-osrc corr  13   2 o,n=   1.88845   3.12962
 Src-osrc corr   6   3 o,n=  23.97596  23.62840
 Src-osrc corr   7   3 o,n=  16.27829  18.31327
 Src-osrc corr  10   3 o,n=   5.24122  10.14365
 Src-osrc corr  11   3 o,n=   5.29442  16.18979
 Src-osrc corr  12   3 o,n=   3.46565   5.08533
 Src-osrc corr  13   3 o,n=   3.12962   5.80921
 Src-osrc corr   6   4 o,n=  23.62840  23.98107
 Src-osrc corr   7   4 o,n=  18.31327  19.69622
 Src-osrc corr  10   4 o,n=  10.14365   9.15539
 Src-osrc corr  11   4 o,n=  16.18979  18.28144
 Src-osrc corr  12   4 o,n=   5.08533  12.32201
 Src-osrc corr  13   4 o,n=   5.80921   4.24441
 Src-osrc corr   6   5 o,n=  23.98107  26.42988
 Src-osrc corr   7   5 o,n=  19.69622  22.04767
 Src-osrc corr  10   5 o,n=   9.15539  21.37156
 Src-osrc corr  11   5 o,n=  18.28144  16.17408
 Src-osrc corr  13   5 o,n=   4.24441  12.66317
 Psi(EL) renorm. by  9.90E-01-1.10E-01, Conv =  0.22643 %
 Src-osrc corr   6   1 o,n=  24.42633  24.37866
 Src-osrc corr   7   1 o,n=  16.60977  16.65541
 Src-osrc corr   8   1 o,n=  17.61440  17.76311
 Src-osrc corr   9   1 o,n=  12.48949  12.65185
 Src-osrc corr   6   2 o,n=  24.37866  24.16597
 Src-osrc corr   7   2 o,n=  16.65541  16.33581
 Src-osrc corr  11   2 o,n=   2.55958   5.27801
 Src-osrc corr  12   2 o,n=   1.90075   3.46076
 Src-osrc corr  13   2 o,n=   1.89122   3.11492
 Src-osrc corr   6   3 o,n=  24.16597  23.84776
 Src-osrc corr   7   3 o,n=  16.33581  18.34386
 Src-osrc corr  10   3 o,n=   5.23823  10.12800
 Src-osrc corr  11   3 o,n=   5.27801  16.13366
 Src-osrc corr  12   3 o,n=   3.46076   5.07374
 Src-osrc corr  13   3 o,n=   3.11492   5.77712
 Src-osrc corr   6   4 o,n=  23.84776  24.18069
 Src-osrc corr   7   4 o,n=  18.34386  19.70072
 Src-osrc corr  10   4 o,n=  10.12800   9.14504
 Src-osrc corr  11   4 o,n=  16.13366  18.21827
 Src-osrc corr  12   4 o,n=   5.07374  12.28752
 Src-osrc corr  13   4 o,n=   5.77712   4.21685
 Src-osrc corr   6   5 o,n=  24.18069  26.56410
 Src-osrc corr   7   5 o,n=  19.70072  22.02212
 Src-osrc corr  10   5 o,n=   9.14504  21.31656
 Src-osrc corr  11   5 o,n=  18.21827  16.11791
 Src-osrc corr  13   5 o,n=   4.21685  12.63959
 Src-osrc corr   6   1 o,n=  24.36109  24.29573
 Src-osrc corr   7   1 o,n=  16.48760  16.50527
 Src-osrc corr   8   1 o,n=  17.38418  17.47757
 Src-osrc corr   9   1 o,n=  12.30393  12.42228
 Src-osrc corr   6   2 o,n=  24.29573  24.10882
 Src-osrc corr   7   2 o,n=  16.50527  16.26461
 Src-osrc corr  11   2 o,n=   2.58448   5.40905
 Src-osrc corr  12   2 o,n=   1.94675   3.56181
 Src-osrc corr  13   2 o,n=   1.94467   3.18912
 Src-osrc corr   6   3 o,n=  24.10882  23.92951
 Src-osrc corr   7   3 o,n=  16.26461  18.43345
 Src-osrc corr  10   3 o,n=   5.36143  10.42351
 Src-osrc corr  11   3 o,n=   5.40905  16.58455
 Src-osrc corr  12   3 o,n=   3.56181   5.22198
 Src-osrc corr  13   3 o,n=   3.18912   5.92546
 Src-osrc corr   6   4 o,n=  23.92951  24.31780
 Src-osrc corr   7   4 o,n=  18.43345  19.85439
 Src-osrc corr  10   4 o,n=  10.42351   9.41598
 Src-osrc corr  11   4 o,n=  16.58455  18.71890
 Src-osrc corr  12   4 o,n=   5.22198  12.61528
 Src-osrc corr  13   4 o,n=   5.92546   4.34559
 Src-osrc corr   6   5 o,n=  24.31780  26.86654
 Src-osrc corr   7   5 o,n=  19.85439  22.26109
 Src-osrc corr  10   5 o,n=   9.41598  21.90563
 Src-osrc corr  11   5 o,n=  18.71890  16.56773
 Src-osrc corr  13   5 o,n=   4.34559  13.01746
 Src-osrc corr   6   1 o,n=  23.84589  23.81056
 Src-osrc corr   7   1 o,n=  16.04973  16.06934
 Src-osrc corr   8   1 o,n=  16.88057  16.97783
 Src-osrc corr   9   1 o,n=  11.87862  11.98660
 Src-osrc corr   6   2 o,n=  23.81056  23.63495
 Src-osrc corr   7   2 o,n=  16.06934  15.86130
 Src-osrc corr  11   2 o,n=   2.56025   5.41763
 Src-osrc corr  12   2 o,n=   1.94124   3.57498
 Src-osrc corr  13   2 o,n=   1.93875   3.18164
 Src-osrc corr   6   3 o,n=  23.63495  23.51696
 Src-osrc corr   7   3 o,n=  15.86130  18.05736
 Src-osrc corr  10   3 o,n=   5.33689  10.45588
 Src-osrc corr  11   3 o,n=   5.41763  16.65824
 Src-osrc corr  12   3 o,n=   3.57498   5.24514
 Src-osrc corr  13   3 o,n=   3.18164   5.93232
 Src-osrc corr   6   4 o,n=  23.51696  23.94353
 Src-osrc corr   7   4 o,n=  18.05736  19.50632
 Src-osrc corr  10   4 o,n=  10.45588   9.44534
 Src-osrc corr  11   4 o,n=  16.65824  18.79564
 Src-osrc corr  12   4 o,n=   5.24514  12.65984
 Src-osrc corr  13   4 o,n=   5.93232   4.36706
 Src-osrc corr   6   5 o,n=  23.94353  26.57916
 Src-osrc corr   7   5 o,n=  19.50632  21.94105
 Src-osrc corr  10   5 o,n=   9.44534  21.97713
 Src-osrc corr  11   5 o,n=  18.79564  16.64125
 Src-osrc corr  13   5 o,n=   4.36706  13.08484
 Src-osrc corr   6   1 o,n=  23.90951  23.86886
 Src-osrc corr   7   1 o,n=  16.07196  16.08082
 Src-osrc corr   8   1 o,n=  16.88364  16.96532
 Src-osrc corr   9   1 o,n=  11.88488  11.97644
 Src-osrc corr   6   2 o,n=  23.86886  23.70689
 Src-osrc corr   7   2 o,n=  16.08082  15.90547
 Src-osrc corr  11   2 o,n=   2.56845   5.45819
 Src-osrc corr  12   2 o,n=   1.95924   3.60848
 Src-osrc corr  13   2 o,n=   1.96352   3.20852
 Src-osrc corr   6   3 o,n=  23.70689  23.64204
 Src-osrc corr   7   3 o,n=  15.90547  18.16455
 Src-osrc corr  10   3 o,n=   5.38803  10.55679
 Src-osrc corr  11   3 o,n=   5.45819  16.79381
 Src-osrc corr  12   3 o,n=   3.60848   5.29208
 Src-osrc corr  13   3 o,n=   3.20852   5.97827
 Src-osrc corr   6   4 o,n=  23.64204  24.06939
 Src-osrc corr   7   4 o,n=  18.16455  19.62335
 Src-osrc corr  10   4 o,n=  10.55679   9.53929
 Src-osrc corr  11   4 o,n=  16.79381  18.94908
 Src-osrc corr  12   4 o,n=   5.29208  12.77107
 Src-osrc corr  13   4 o,n=   5.97827   4.40198
 Src-osrc corr   6   5 o,n=  24.06939  26.72761
 Src-osrc corr   7   5 o,n=  19.62335  22.07640
 Src-osrc corr  10   5 o,n=   9.53929  22.17844
 Src-osrc corr  11   5 o,n=  18.94908  16.77643
 Src-osrc corr  13   5 o,n=   4.40198  13.22488
 Src-osrc corr   6   1 o,n=  23.60794  23.52099
 Src-osrc corr   7   1 o,n=  15.82824  15.78778
 Src-osrc corr   8   1 o,n=  16.48438  16.49709
 Src-osrc corr   9   1 o,n=  11.61621  11.64589
 Src-osrc corr   6   2 o,n=  23.52099  23.37868
 Src-osrc corr   7   2 o,n=  15.78778  15.67194
 Src-osrc corr  11   2 o,n=   2.57717   5.54843
 Src-osrc corr  12   2 o,n=   1.98719   3.67972
 Src-osrc corr  13   2 o,n=   1.99904   3.26085
 Src-osrc corr   6   3 o,n=  23.37868  23.41850
 Src-osrc corr   7   3 o,n=  15.67194  18.07294
 Src-osrc corr  10   3 o,n=   5.46208  10.76515
 Src-osrc corr  11   3 o,n=   5.54843  17.12375
 Src-osrc corr  12   3 o,n=   3.67972   5.39879
 Src-osrc corr  13   3 o,n=   3.26085   6.08711
 Src-osrc corr   6   4 o,n=  23.41850  23.88820
 Src-osrc corr   7   4 o,n=  18.07294  19.59007
 Src-osrc corr  10   4 o,n=  10.76515   9.72857
 Src-osrc corr  11   4 o,n=  17.12375  19.31818
 Src-osrc corr  12   4 o,n=   5.39879  13.02123
 Src-osrc corr  13   4 o,n=   6.08711   4.49620
 Src-osrc corr   6   5 o,n=  23.88820  26.69264
 Src-osrc corr   7   5 o,n=  19.59007  22.11975
 Src-osrc corr  10   5 o,n=   9.72857  22.61956
 Src-osrc corr  11   5 o,n=  19.31818  17.10565
 Src-osrc corr  13   5 o,n=   4.49620  13.52170
 Src-osrc corr   6   1 o,n=  23.33861  23.26006
 Src-osrc corr   7   1 o,n=  15.60218  15.55567
 Src-osrc corr   8   1 o,n=  16.20160  16.21066
 Src-osrc corr   9   1 o,n=  11.39230  11.40905
 Src-osrc corr   6   2 o,n=  23.26006  23.12759
 Src-osrc corr   7   2 o,n=  15.55567  15.46677
 Src-osrc corr  11   2 o,n=   2.56875   5.56656
 Src-osrc corr  12   2 o,n=   1.98995   3.69707
 Src-osrc corr  13   2 o,n=   2.00464   3.26733
 Src-osrc corr   6   3 o,n=  23.12759  23.21473
 Src-osrc corr   7   3 o,n=  15.46677  17.90588
 Src-osrc corr  10   3 o,n=   5.46711  10.81490
 Src-osrc corr  11   3 o,n=   5.56656  17.20648
 Src-osrc corr  12   3 o,n=   3.69707   5.42573
 Src-osrc corr  13   3 o,n=   3.26733   6.10779
 Src-osrc corr   6   4 o,n=  23.21473  23.70473
 Src-osrc corr   7   4 o,n=  17.90588  19.44370
 Src-osrc corr  10   4 o,n=  10.81490   9.77423
 Src-osrc corr  11   4 o,n=  17.20648  19.40889
 Src-osrc corr  12   4 o,n=   5.42573  13.08262
 Src-osrc corr  13   4 o,n=   6.10779   4.52054
 Src-osrc corr   6   5 o,n=  23.70473  26.56922
 Src-osrc corr   7   5 o,n=  19.44370  21.99743
 Src-osrc corr  10   5 o,n=   9.77423  22.72596
 Src-osrc corr  11   5 o,n=  19.40889  17.18817
 Src-osrc corr  13   5 o,n=   4.52054  13.60633
 Psi(EL) renorm. by  8.98E-01-5.21E-02, Conv =  0.25231 %
 Src-osrc corr   6   1 o,n=  23.40707  23.29164
 Src-osrc corr   7   1 o,n=  15.64961  15.57200
 Src-osrc corr   8   1 o,n=  16.18583  16.14884
 Src-osrc corr   9   1 o,n=  11.41805  11.39783
 Src-osrc corr   6   2 o,n=  23.29164  23.17261
 Src-osrc corr   7   2 o,n=  15.57200  15.52006
 Src-osrc corr  11   2 o,n=   2.58474   5.63012
 Src-osrc corr  12   2 o,n=   2.01530   3.74644
 Src-osrc corr  13   2 o,n=   2.03866   3.31151
 Src-osrc corr   6   3 o,n=  23.17261  23.31966
 Src-osrc corr   7   3 o,n=  15.52006  18.05605
 Src-osrc corr  10   3 o,n=   5.54053  10.96395
 Src-osrc corr  11   3 o,n=   5.63012  17.42034
 Src-osrc corr  12   3 o,n=   3.74644   5.49686
 Src-osrc corr  13   3 o,n=   3.31151   6.18584
 Src-osrc corr   6   4 o,n=  23.31966  23.82018
 Src-osrc corr   7   4 o,n=  18.05605  19.61974
 Src-osrc corr  10   4 o,n=  10.96395   9.91108
 Src-osrc corr  11   4 o,n=  17.42034  19.65079
 Src-osrc corr  12   4 o,n=   5.49686  13.25331
 Src-osrc corr  13   4 o,n=   6.18584   4.58170
 Src-osrc corr   6   5 o,n=  23.82018  26.74317
 Src-osrc corr   7   5 o,n=  19.61974  22.21305
 Src-osrc corr  10   5 o,n=   9.91108  23.03286
 Src-osrc corr  11   5 o,n=  19.65079  17.40151
 Src-osrc corr  13   5 o,n=   4.58170  13.81163
 Psi(EL) renorm. by  8.87E-01-5.82E-02, Conv =  0.20814 %
 Src-osrc corr   6   1 o,n=  23.17011  23.01751
 Src-osrc corr   7   1 o,n=  15.46743  15.35061
 Src-osrc corr   8   1 o,n=  15.87958  15.79070
 Src-osrc corr   9   1 o,n=  11.22430  11.15561
 Src-osrc corr   6   2 o,n=  23.01751  22.91357
 Src-osrc corr   7   2 o,n=  15.35061  15.34338
 Src-osrc corr  11   2 o,n=   2.58999   5.69593
 Src-osrc corr  12   2 o,n=   2.03561   3.79902
 Src-osrc corr  13   2 o,n=   2.06635   3.35176
 Src-osrc corr   6   3 o,n=  22.91357  23.13703
 Src-osrc corr   7   3 o,n=  15.34338  17.98997
 Src-osrc corr  10   3 o,n=   5.59553  11.11881
 Src-osrc corr  11   3 o,n=   5.69593  17.66431
 Src-osrc corr  12   3 o,n=   3.79902   5.57576
 Src-osrc corr  13   3 o,n=   3.35176   6.26797
 Src-osrc corr   6   4 o,n=  23.13703  23.66764
 Src-osrc corr   7   4 o,n=  17.98997  19.59867
 Src-osrc corr  10   4 o,n=  11.11881  10.05146
 Src-osrc corr  11   4 o,n=  17.66431  19.92499
 Src-osrc corr  12   4 o,n=   5.57576  13.44323
 Src-osrc corr  13   4 o,n=   6.26797   4.65234
 Src-osrc corr   6   5 o,n=  23.66764  26.70166
 Src-osrc corr   7   5 o,n=  19.59867  22.25162
 Src-osrc corr  10   5 o,n=  10.05146  23.36702
 Src-osrc corr  11   5 o,n=  19.92499  17.64495
 Src-osrc corr  13   5 o,n=   4.65234  14.04071
 Psi(EL) renorm. by  8.70E-01-9.35E-02, Conv =  0.35919 %
 Src-osrc corr   6   1 o,n=  23.10648  22.95276
 Src-osrc corr   7   1 o,n=  15.40413  15.28015
 Src-osrc corr   8   1 o,n=  15.77957  15.68238
 Src-osrc corr   9   1 o,n=  11.15399  11.07340
 Src-osrc corr   6   2 o,n=  22.95276  22.85803
 Src-osrc corr   7   2 o,n=  15.28015  15.29803
 Src-osrc corr  11   2 o,n=   2.59263   5.72576
 Src-osrc corr  12   2 o,n=   2.04579   3.82353
 Src-osrc corr  13   2 o,n=   2.08121   3.37005
 Src-osrc corr   6   3 o,n=  22.85803  23.12245
 Src-osrc corr   7   3 o,n=  15.29803  17.99179
 Src-osrc corr  10   3 o,n=   5.62457  11.19241
 Src-osrc corr  11   3 o,n=   5.72576  17.77236
 Src-osrc corr  12   3 o,n=   3.82353   5.61165
 Src-osrc corr  13   3 o,n=   3.37005   6.30350
 Src-osrc corr   6   4 o,n=  23.12245  23.66565
 Src-osrc corr   7   4 o,n=  17.99179  19.61796
 Src-osrc corr  10   4 o,n=  11.19241  10.11928
 Src-osrc corr  11   4 o,n=  17.77236  20.04570
 Src-osrc corr  12   4 o,n=   5.61165  13.52712
 Src-osrc corr  13   4 o,n=   6.30350   4.68469
 Src-osrc corr   6   5 o,n=  23.66565  26.74639
 Src-osrc corr   7   5 o,n=  19.61796  22.29424
 Src-osrc corr  10   5 o,n=  10.11928  23.51768
 Src-osrc corr  11   5 o,n=  20.04570  17.75273
 Src-osrc corr  13   5 o,n=   4.68469  14.14838
 Psi(EL) renorm. by  9.14E-01-1.54E-01, Conv =  0.48529 %
 Src-osrc corr   6   1 o,n=  23.17378  22.98270
 Src-osrc corr   7   1 o,n=  15.45505  15.30058
 Src-osrc corr   8   1 o,n=  15.76776  15.62485
 Src-osrc corr   9   1 o,n=  11.18748  11.07095
 Src-osrc corr   6   2 o,n=  22.98270  22.90028
 Src-osrc corr   7   2 o,n=  15.30058  15.35362
 Src-osrc corr  11   2 o,n=   2.60810   5.78956
 Src-osrc corr  12   2 o,n=   2.07055   3.87303
 Src-osrc corr  13   2 o,n=   2.11479   3.41500
 Src-osrc corr   6   3 o,n=  22.90028  23.22096
 Src-osrc corr   7   3 o,n=  15.35362  18.14458
 Src-osrc corr  10   3 o,n=   5.69656  11.34191
 Src-osrc corr  11   3 o,n=   5.78956  17.98975
 Src-osrc corr  12   3 o,n=   3.87303   5.68349
 Src-osrc corr  13   3 o,n=   3.41500   6.38364
 Src-osrc corr   6   4 o,n=  23.22096  23.77746
 Src-osrc corr   7   4 o,n=  18.14458  19.79973
 Src-osrc corr  10   4 o,n=  11.34191  10.25602
 Src-osrc corr  11   4 o,n=  17.98975  20.29171
 Src-osrc corr  12   4 o,n=   5.68349  13.70063
 Src-osrc corr  13   4 o,n=   6.38364   4.74834
 Src-osrc corr   6   5 o,n=  23.77746  26.92501
 Src-osrc corr   7   5 o,n=  19.79973  22.51899
 Src-osrc corr  10   5 o,n=  10.25602  23.82898
 Src-osrc corr  11   5 o,n=  20.29171  17.96960
 Src-osrc corr  13   5 o,n=   4.74834  14.35630
 Psi(EL) renorm. by  9.25E-01-1.48E-01, Conv =  0.16029 %
 Src-osrc corr   6   1 o,n=  23.04245  22.82956
 Src-osrc corr   7   1 o,n=  15.35150  15.17252
 Src-osrc corr   8   1 o,n=  15.58482  15.41012
 Src-osrc corr   9   1 o,n=  11.07793  10.93022
 Src-osrc corr   6   2 o,n=  22.82956  22.75873
 Src-osrc corr   7   2 o,n=  15.17252  15.25911
 Src-osrc corr  11   2 o,n=   2.61218   5.83800
 Src-osrc corr  12   2 o,n=   2.08622   3.91220
 Src-osrc corr  13   2 o,n=   2.13715   3.44608
 Src-osrc corr   6   3 o,n=  22.75873  23.13480
 Src-osrc corr   7   3 o,n=  15.25911  18.13188
 Src-osrc corr  10   3 o,n=   5.74004  11.45823
 Src-osrc corr  11   3 o,n=   5.83800  18.16903
 Src-osrc corr  12   3 o,n=   3.91220   5.74189
 Src-osrc corr  13   3 o,n=   3.44608   6.44499
 Src-osrc corr   6   4 o,n=  23.13480  23.71160
 Src-osrc corr   7   4 o,n=  18.13188  19.81900
 Src-osrc corr  10   4 o,n=  11.45823  10.36162
 Src-osrc corr  11   4 o,n=  18.16903  20.49383
 Src-osrc corr  12   4 o,n=   5.74189  13.84289
 Src-osrc corr  13   4 o,n=   6.44499   4.80088
 Src-osrc corr   6   5 o,n=  23.71160  26.93813
 Src-osrc corr   7   5 o,n=  19.81900  22.58132
 Src-osrc corr  10   5 o,n=  10.36162  24.08009
 Src-osrc corr  11   5 o,n=  20.49383  18.14849
 Src-osrc corr  13   5 o,n=   4.80088  14.53054
 Psi(EL) renorm. by  9.30E-01-1.49E-01, Conv =  0.09020 %
 Src-osrc corr   6   1 o,n=  23.08123  22.86307
 Src-osrc corr   7   1 o,n=  15.36856  15.18241
 Src-osrc corr   8   1 o,n=  15.57983  15.39448
 Src-osrc corr   9   1 o,n=  11.08564  10.92710
 Src-osrc corr   6   2 o,n=  22.86307  22.80077
 Src-osrc corr   7   2 o,n=  15.18241  15.29242
 Src-osrc corr  11   2 o,n=   2.61913   5.87264
 Src-osrc corr  12   2 o,n=   2.09958   3.93982
 Src-osrc corr  13   2 o,n=   2.15608   3.46969
 Src-osrc corr   6   3 o,n=  22.80077  23.21350
 Src-osrc corr   7   3 o,n=  15.29242  18.21621
 Src-osrc corr  10   3 o,n=   5.77925  11.54214
 Src-osrc corr  11   3 o,n=   5.87264  18.28831
 Src-osrc corr  12   3 o,n=   3.93982   5.78174
 Src-osrc corr  13   3 o,n=   3.46969   6.48729
 Src-osrc corr   6   4 o,n=  23.21350  23.79938
 Src-osrc corr   7   4 o,n=  18.21621  19.91916
 Src-osrc corr  10   4 o,n=  11.54214  10.43888
 Src-osrc corr  11   4 o,n=  18.28831  20.62805
 Src-osrc corr  12   4 o,n=   5.78174  13.93738
 Src-osrc corr  13   4 o,n=   6.48729   4.83672
 Src-osrc corr   6   5 o,n=  23.79938  27.06624
 Src-osrc corr   7   5 o,n=  19.91916  22.70431
 Src-osrc corr  10   5 o,n=  10.43888  24.25101
 Src-osrc corr  11   5 o,n=  20.62805  18.26747
 Src-osrc corr  13   5 o,n=   4.83672  14.64887
 Psi(EL) renorm. by  9.33E-01-1.38E-01, Conv =  0.05008 %
 Src-osrc corr   6   1 o,n=  23.13316  22.88637
 Src-osrc corr   7   1 o,n=  15.40733  15.19721
 Src-osrc corr   8   1 o,n=  15.56938  15.34820
 Src-osrc corr   9   1 o,n=  11.11389  10.92681
 Src-osrc corr   6   2 o,n=  22.88637  22.83459
 Src-osrc corr   7   2 o,n=  15.19721  15.33748
 Src-osrc corr  11   2 o,n=   2.63059   5.92628
 Src-osrc corr  12   2 o,n=   2.12013   3.98204
 Src-osrc corr  13   2 o,n=   2.18471   3.50801
 Src-osrc corr   6   3 o,n=  22.83459  23.29518
 Src-osrc corr   7   3 o,n=  15.33748  18.34498
 Src-osrc corr  10   3 o,n=   5.83905  11.66972
 Src-osrc corr  11   3 o,n=   5.92628  18.47453
 Src-osrc corr  12   3 o,n=   3.98204   5.84324
 Src-osrc corr  13   3 o,n=   3.50801   6.55591
 Src-osrc corr   6   4 o,n=  23.29518  23.89350
 Src-osrc corr   7   4 o,n=  18.34498  20.07388
 Src-osrc corr  10   4 o,n=  11.66972  10.55532
 Src-osrc corr  11   4 o,n=  18.47453  20.83914
 Src-osrc corr  12   4 o,n=   5.84324  14.08758
 Src-osrc corr  13   4 o,n=   6.55591   4.89169
 Src-osrc corr   6   5 o,n=  23.89350  27.22138
 Src-osrc corr   7   5 o,n=  20.07388  22.89713
 Src-osrc corr  10   5 o,n=  10.55532  24.51970
 Src-osrc corr  11   5 o,n=  20.83914  18.45325
 Src-osrc corr  13   5 o,n=   4.89169  14.83026
 Psi(EL) renorm. by  9.30E-01-1.27E-01, Conv =  0.00775 %
 Reaction Xsec     1.0-/ 1 @ 1 =    24.842 , Out:   0.000#   3.320    2.976    1.296    0.196    0.045   17.009f

 Total SPIN, PARITY =     2.0 +,     15 chs,     15 cc.  Rmin & Coul turning =    0.3    2.6
 Src-osrc corr   8   1 o,n=   5.61411   6.32169
 Src-osrc corr   9   1 o,n=  10.11994   9.69236
 Src-osrc corr  10   1 o,n=   7.49778   7.82155
 Src-osrc corr  11   1 o,n=  10.76752  10.33865
 Src-osrc corr   8   2 o,n=   6.32169   6.40088
 Src-osrc corr   9   2 o,n=   9.69236  10.20515
 Src-osrc corr  12   2 o,n=   2.22740   2.58165
 Src-osrc corr  13   2 o,n=   1.39584   4.49357
 Src-osrc corr  14   2 o,n=   0.79607   1.94708
 Src-osrc corr  15   2 o,n=   0.65551   1.34598
 Src-osrc corr   8   3 o,n=   6.40088   6.23339
 Src-osrc corr   9   3 o,n=  10.20515  10.44332
 Src-osrc corr  12   3 o,n=   2.58165   2.53596
 Src-osrc corr  13   3 o,n=   4.49357   5.97588
 Src-osrc corr  14   3 o,n=   1.94708   4.10661
 Src-osrc corr  15   3 o,n=   1.34598   1.04180
 Src-osrc corr   8   4 o,n=   6.23339   6.03876
 Src-osrc corr   9   4 o,n=  10.44332  10.65517
 Src-osrc corr  12   4 o,n=   2.53596   3.31349
 Src-osrc corr  15   4 o,n=   1.04180   1.14729
 Src-osrc corr   8   5 o,n=   6.03876   5.87303
 Src-osrc corr   9   5 o,n=  10.65517  11.75601
 Src-osrc corr  12   5 o,n=   3.31349   4.96302
 Src-osrc corr  13   5 o,n=   5.97588  10.25609
 Src-osrc corr  14   5 o,n=   4.10661   4.55330
 Src-osrc corr  15   5 o,n=   1.14729   1.76598
 Src-osrc corr   8   6 o,n=   5.87303   5.77287
 Src-osrc corr   9   6 o,n=  11.75601  11.94374
 Src-osrc corr  12   6 o,n=   4.96302   4.58508
 Src-osrc corr  13   6 o,n=  10.25609  10.67510
 Src-osrc corr  14   6 o,n=   4.55330   6.65904
 Src-osrc corr  15   6 o,n=   1.76598   2.01493
 Src-osrc corr   8   7 o,n=   5.77287   6.61791
 Src-osrc corr   9   7 o,n=  11.94374  13.69482
 Src-osrc corr  12   7 o,n=   4.58508  12.91227
 Src-osrc corr  15   7 o,n=   2.01493   8.68212
 Src-osrc corr   8   1 o,n=   5.61411   6.32169
 Src-osrc corr   9   1 o,n=  10.11994   9.69236
 Src-osrc corr  10   1 o,n=   7.49778   7.82155
 Src-osrc corr  11   1 o,n=  10.76752  10.33865
 Src-osrc corr   8   2 o,n=   6.32169   6.40088
 Src-osrc corr   9   2 o,n=   9.69236  10.20515
 Src-osrc corr  12   2 o,n=   2.22740   2.58165
 Src-osrc corr  13   2 o,n=   1.39584   4.49357
 Src-osrc corr  14   2 o,n=   0.79607   1.94708
 Src-osrc corr  15   2 o,n=   0.65551   1.34598
 Src-osrc corr   8   3 o,n=   6.40088   6.23339
 Src-osrc corr   9   3 o,n=  10.20515  10.44332
 Src-osrc corr  12   3 o,n=   2.58165   2.53596
 Src-osrc corr  13   3 o,n=   4.49357   5.97588
 Src-osrc corr  14   3 o,n=   1.94708   4.10661
 Src-osrc corr  15   3 o,n=   1.34598   1.04180
 Src-osrc corr   8   4 o,n=   6.23339   6.03876
 Src-osrc corr   9   4 o,n=  10.44332  10.65517
 Src-osrc corr  12   4 o,n=   2.53596   3.31349
 Src-osrc corr  15   4 o,n=   1.04180   1.14729
 Src-osrc corr   8   5 o,n=   6.03876   5.87303
 Src-osrc corr   9   5 o,n=  10.65517  11.75601
 Src-osrc corr  12   5 o,n=   3.31349   4.96302
 Src-osrc corr  13   5 o,n=   5.97588  10.25609
 Src-osrc corr  14   5 o,n=   4.10661   4.55330
 Src-osrc corr  15   5 o,n=   1.14729   1.76598
 Src-osrc corr   8   6 o,n=   5.87303   5.77287
 Src-osrc corr   9   6 o,n=  11.75601  11.94374
 Src-osrc corr  12   6 o,n=   4.96302   4.58508
 Src-osrc corr  13   6 o,n=  10.25609  10.67510
 Src-osrc corr  14   6 o,n=   4.55330   6.65904
 Src-osrc corr  15   6 o,n=   1.76598   2.01493
 Src-osrc corr   8   7 o,n=   5.77287   6.61791
 Src-osrc corr   9   7 o,n=  11.94374  13.69482
 Src-osrc corr  12   7 o,n=   4.58508  12.91227
 Src-osrc corr  15   7 o,n=   2.01493   8.68212
 Src-osrc corr   8   1 o,n=   4.90575   6.20739
 Src-osrc corr   9   1 o,n=  10.20431  10.05267
 Src-osrc corr  10   1 o,n=   7.29184   7.96746
 Src-osrc corr  11   1 o,n=  11.04075  10.84591
 Src-osrc corr   8   2 o,n=   6.20739   6.30631
 Src-osrc corr   9   2 o,n=  10.05267  10.61396
 Src-osrc corr  12   2 o,n=   3.21739   3.37976
 Src-osrc corr  13   2 o,n=   1.65534   4.55170
 Src-osrc corr  14   2 o,n=   0.94569   2.00208
 Src-osrc corr  15   2 o,n=   0.95386   1.54064
 Src-osrc corr   8   3 o,n=   6.30631   6.15845
 Src-osrc corr   9   3 o,n=  10.61396  10.82289
 Src-osrc corr  12   3 o,n=   3.37976   3.47113
 Src-osrc corr  13   3 o,n=   4.55170   6.00914
 Src-osrc corr  14   3 o,n=   2.00208   4.11099
 Src-osrc corr  15   3 o,n=   1.54064   1.23674
 Src-osrc corr   8   4 o,n=   6.15845   5.98522
 Src-osrc corr   9   4 o,n=  10.82289  11.00722
 Src-osrc corr  12   4 o,n=   3.47113   3.99585
 Src-osrc corr  15   4 o,n=   1.23674   1.30173
 Src-osrc corr   8   5 o,n=   5.98522   5.80763
 Src-osrc corr   9   5 o,n=  11.00722  12.01457
 Src-osrc corr  12   5 o,n=   3.99585   5.55361
 Src-osrc corr  13   5 o,n=   6.00914  10.23004
 Src-osrc corr  14   5 o,n=   4.11099   4.54958
 Src-osrc corr  15   5 o,n=   1.30173   1.95523
 Src-osrc corr   8   6 o,n=   5.80763   5.70954
 Src-osrc corr   9   6 o,n=  12.01457  12.16732
 Src-osrc corr  12   6 o,n=   5.55361   5.19260
 Src-osrc corr  13   6 o,n=  10.23004  10.65622
 Src-osrc corr  14   6 o,n=   4.54958   6.69078
 Src-osrc corr  15   6 o,n=   1.95523   2.19045
 Src-osrc corr   8   7 o,n=   5.70954   6.19450
 Src-osrc corr   9   7 o,n=  12.16732  13.83386
 Src-osrc corr  12   7 o,n=   5.19260  13.54789
 Src-osrc corr  15   7 o,n=   2.19045   8.83596
 Src-osrc corr   8   1 o,n=   5.27097   6.60609
 Src-osrc corr   9   1 o,n=  10.85904  10.75853
 Src-osrc corr  10   1 o,n=   7.68594   8.45455
 Src-osrc corr  11   1 o,n=  11.61176  11.48139
 Src-osrc corr   8   2 o,n=   6.60609   6.70321
 Src-osrc corr   9   2 o,n=  10.75853  11.33221
 Src-osrc corr  12   2 o,n=   3.36847   3.50687
 Src-osrc corr  13   2 o,n=   1.65596   4.64590
 Src-osrc corr  14   2 o,n=   0.99447   2.07054
 Src-osrc corr  15   2 o,n=   1.00534   1.61525
 Src-osrc corr   8   3 o,n=   6.70321   6.55721
 Src-osrc corr   9   3 o,n=  11.33221  11.57341
 Src-osrc corr  12   3 o,n=   3.50687   3.59586
 Src-osrc corr  13   3 o,n=   4.64590   6.16273
 Src-osrc corr  14   3 o,n=   2.07054   4.24681
 Src-osrc corr  15   3 o,n=   1.61525   1.30345
 Src-osrc corr   8   4 o,n=   6.55721   6.39032
 Src-osrc corr   9   4 o,n=  11.57341  11.77126
 Src-osrc corr  12   4 o,n=   3.59586   4.14318
 Src-osrc corr  15   4 o,n=   1.30345   1.35675
 Src-osrc corr   8   5 o,n=   6.39032   6.22950
 Src-osrc corr   9   5 o,n=  11.77126  12.82373
 Src-osrc corr  12   5 o,n=   4.14318   5.74761
 Src-osrc corr  13   5 o,n=   6.16273  10.53306
 Src-osrc corr  14   5 o,n=   4.24681   4.69909
 Src-osrc corr  15   5 o,n=   1.35675   2.04250
 Src-osrc corr   8   6 o,n=   6.22950   6.13820
 Src-osrc corr   9   6 o,n=  12.82373  12.99463
 Src-osrc corr  12   6 o,n=   5.74761   5.37092
 Src-osrc corr  13   6 o,n=  10.53306  10.96904
 Src-osrc corr  14   6 o,n=   4.69909   6.88309
 Src-osrc corr  15   6 o,n=   2.04250   2.28035
 Src-osrc corr   8   7 o,n=   6.13820   6.73220
 Src-osrc corr   9   7 o,n=  12.99463  14.74249
 Src-osrc corr  12   7 o,n=   5.37092  13.97906
 Src-osrc corr  15   7 o,n=   2.28035   9.09969
 Src-osrc corr   8   1 o,n=   5.20622   6.67566
 Src-osrc corr   9   1 o,n=  10.61323  10.58246
 Src-osrc corr  10   1 o,n=   7.63292   8.49946
 Src-osrc corr  11   1 o,n=  11.42917  11.34555
 Src-osrc corr   8   2 o,n=   6.67566   6.76530
 Src-osrc corr   9   2 o,n=  10.58246  11.13414
 Src-osrc corr  12   2 o,n=   3.22878   3.37255
 Src-osrc corr  13   2 o,n=   1.59921   4.53401
 Src-osrc corr  14   2 o,n=   0.96714   2.02034
 Src-osrc corr  15   2 o,n=   0.96167   1.55408
 Src-osrc corr   8   3 o,n=   6.76530   6.61910
 Src-osrc corr   9   3 o,n=  11.13414  11.33641
 Src-osrc corr  12   3 o,n=   3.37255   3.46333
 Src-osrc corr  13   3 o,n=   4.53401   6.01320
 Src-osrc corr  14   3 o,n=   2.02034   4.14166
 Src-osrc corr  15   3 o,n=   1.55408   1.24770
 Src-osrc corr   8   4 o,n=   6.61910   6.44737
 Src-osrc corr   9   4 o,n=  11.33641  11.51351
 Src-osrc corr  12   4 o,n=   3.46333   3.99468
 Src-osrc corr  15   4 o,n=   1.24770   1.28956
 Src-osrc corr   8   5 o,n=   6.44737   6.26276
 Src-osrc corr   9   5 o,n=  11.51351  12.49647
 Src-osrc corr  12   5 o,n=   3.99468   5.56209
 Src-osrc corr  13   5 o,n=   6.01320  10.26944
 Src-osrc corr  14   5 o,n=   4.14166   4.58207
 Src-osrc corr  15   5 o,n=   1.28956   1.97089
 Src-osrc corr   8   6 o,n=   6.26276   6.16767
 Src-osrc corr   9   6 o,n=  12.49647  12.64753
 Src-osrc corr  12   6 o,n=   5.56209   5.18451
 Src-osrc corr  13   6 o,n=  10.26944  10.70440
 Src-osrc corr  14   6 o,n=   4.58207   6.74659
 Src-osrc corr  15   6 o,n=   1.97089   2.19099
 Src-osrc corr   8   7 o,n=   6.16767   6.58312
 Src-osrc corr   9   7 o,n=  12.64753  14.31225
 Src-osrc corr  12   7 o,n=   5.18451  13.63891
 Src-osrc corr  15   7 o,n=   2.19099   8.86300
 Src-osrc corr   8   1 o,n=   5.16316   6.77785
 Src-osrc corr   9   1 o,n=  10.53440  10.60278
 Src-osrc corr  10   1 o,n=   7.49779   8.49430
 Src-osrc corr  11   1 o,n=  11.40305  11.40038
 Src-osrc corr   8   2 o,n=   6.77785   6.86926
 Src-osrc corr   9   2 o,n=  10.60278  11.17601
 Src-osrc corr  12   2 o,n=   3.31267   3.43202
 Src-osrc corr  13   2 o,n=   1.61623   4.51382
 Src-osrc corr  14   2 o,n=   0.98335   2.01419
 Src-osrc corr  15   2 o,n=   0.98370   1.56039
 Src-osrc corr   8   3 o,n=   6.86926   6.72920
 Src-osrc corr   9   3 o,n=  11.17601  11.37940
 Src-osrc corr  12   3 o,n=   3.43202   3.53780
 Src-osrc corr  13   3 o,n=   4.51382   5.98965
 Src-osrc corr  14   3 o,n=   2.01419   4.12490
 Src-osrc corr  15   3 o,n=   1.56039   1.25406
 Src-osrc corr   8   4 o,n=   6.72920   6.56529
 Src-osrc corr   9   4 o,n=  11.37940  11.55212
 Src-osrc corr  12   4 o,n=   3.53780   4.03770
 Src-osrc corr  15   4 o,n=   1.25406   1.28738
 Src-osrc corr   8   5 o,n=   6.56529   6.38738
 Src-osrc corr   9   5 o,n=  11.55212  12.51370
 Src-osrc corr  12   5 o,n=   4.03770   5.59148
 Src-osrc corr  13   5 o,n=   5.98965  10.23092
 Src-osrc corr  14   5 o,n=   4.12490   4.56314
 Src-osrc corr  15   5 o,n=   1.28738   1.97572
 Src-osrc corr   8   6 o,n=   6.38738   6.29418
 Src-osrc corr   9   6 o,n=  12.51370  12.65340
 Src-osrc corr  12   6 o,n=   5.59148   5.21221
 Src-osrc corr  13   6 o,n=  10.23092  10.66973
 Src-osrc corr  14   6 o,n=   4.56314   6.74741
 Src-osrc corr  15   6 o,n=   1.97572   2.19156
 Src-osrc corr   8   7 o,n=   6.29418   6.62834
 Src-osrc corr   9   7 o,n=  12.65340  14.27695
 Src-osrc corr  12   7 o,n=   5.21221  13.70202
 Src-osrc corr  15   7 o,n=   2.19156   8.87155
 Src-osrc corr   8   1 o,n=   5.28185   6.89863
 Src-osrc corr   9   1 o,n=  10.65461  10.73577
 Src-osrc corr  10   1 o,n=   7.64549   8.66485
 Src-osrc corr  11   1 o,n=  11.52258  11.53551
 Src-osrc corr   8   2 o,n=   6.89863   6.98746
 Src-osrc corr   9   2 o,n=  10.73577  11.30185
 Src-osrc corr  12   2 o,n=   3.28362   3.40432
 Src-osrc corr  13   2 o,n=   1.60366   4.50223
 Src-osrc corr  14   2 o,n=   0.97606   2.00796
 Src-osrc corr  15   2 o,n=   0.97938   1.55814
 Src-osrc corr   8   3 o,n=   6.98746   6.84622
 Src-osrc corr   9   3 o,n=  11.30185  11.50115
 Src-osrc corr  12   3 o,n=   3.40432   3.50779
 Src-osrc corr  13   3 o,n=   4.50223   5.97745
 Src-osrc corr  14   3 o,n=   2.00796   4.11746
 Src-osrc corr  15   3 o,n=   1.55814   1.25202
 Src-osrc corr   8   4 o,n=   6.84622   6.68047
 Src-osrc corr   9   4 o,n=  11.50115  11.67203
 Src-osrc corr  12   4 o,n=   3.50779   4.01249
 Src-osrc corr  15   4 o,n=   1.25202   1.28357
 Src-osrc corr   8   5 o,n=   6.68047   6.49915
 Src-osrc corr   9   5 o,n=  11.67203  12.62780
 Src-osrc corr  12   5 o,n=   4.01249   5.56655
 Src-osrc corr  13   5 o,n=   5.97745  10.21487
 Src-osrc corr  14   5 o,n=   4.11746   4.55525
 Src-osrc corr  15   5 o,n=   1.28357   1.97309
 Src-osrc corr   8   6 o,n=   6.49915   6.40558
 Src-osrc corr   9   6 o,n=  12.62780  12.76578
 Src-osrc corr  12   6 o,n=   5.56655   5.18782
 Src-osrc corr  13   6 o,n=  10.21487  10.65232
 Src-osrc corr  14   6 o,n=   4.55525   6.73171
 Src-osrc corr  15   6 o,n=   1.97309   2.18653
 Src-osrc corr   8   7 o,n=   6.40558   6.72030
 Src-osrc corr   9   7 o,n=  12.76578  14.38016
 Src-osrc corr  12   7 o,n=   5.18782  13.65090
 Src-osrc corr  15   7 o,n=   2.18653   8.84692
 Src-osrc corr   8   1 o,n=   5.48508   7.12021
 Src-osrc corr   9   1 o,n=  10.61582  10.73915
 Src-osrc corr  10   1 o,n=   7.72789   8.80592
 Src-osrc corr  11   1 o,n=  11.50557  11.55264
 Src-osrc corr   8   2 o,n=   7.12021   7.20552
 Src-osrc corr   9   2 o,n=  10.73915  11.29347
 Src-osrc corr  12   2 o,n=   3.21428   3.34033
 Src-osrc corr  13   2 o,n=   1.57656   4.45338
 Src-osrc corr  14   2 o,n=   0.96104   1.98443
 Src-osrc corr  15   2 o,n=   0.95843   1.53079
 Src-osrc corr   8   3 o,n=   7.20552   7.06406
 Src-osrc corr   9   3 o,n=  11.29347  11.47368
 Src-osrc corr  12   3 o,n=   3.34033   3.44221
 Src-osrc corr  13   3 o,n=   4.45338   5.91141
 Src-osrc corr  14   3 o,n=   1.98443   4.06945
 Src-osrc corr  15   3 o,n=   1.53079   1.22746
 Src-osrc corr   8   4 o,n=   7.06406   6.89614
 Src-osrc corr   9   4 o,n=  11.47368  11.63425
 Src-osrc corr  12   4 o,n=   3.44221   3.94224
 Src-osrc corr  15   4 o,n=   1.22746   1.25422
 Src-osrc corr   8   5 o,n=   6.89614   6.70527
 Src-osrc corr   9   5 o,n=  11.63425  12.55513
 Src-osrc corr  12   5 o,n=   3.94224   5.47961
 Src-osrc corr  13   5 o,n=   5.91141  10.09698
 Src-osrc corr  14   5 o,n=   4.06945   4.50191
 Src-osrc corr  15   5 o,n=   1.25422   1.94085
 Src-osrc corr   8   6 o,n=   6.70527   6.60968
 Src-osrc corr   9   6 o,n=  12.55513  12.68273
 Src-osrc corr  12   6 o,n=   5.47961   5.09900
 Src-osrc corr  13   6 o,n=  10.09698  10.53472
 Src-osrc corr  14   6 o,n=   4.50191   6.67230
 Src-osrc corr  15   6 o,n=   1.94085   2.14641
 Src-osrc corr   8   7 o,n=   6.60968   6.82916
 Src-osrc corr   9   7 o,n=  12.68273  14.25551
 Src-osrc corr  12   7 o,n=   5.09900  13.50141
 Src-osrc corr  15   7 o,n=   2.14641   8.74324
 Src-osrc corr   8   1 o,n=   5.53577   7.19517
 Src-osrc corr   9   1 o,n=  10.61195  10.76188
 Src-osrc corr  10   1 o,n=   7.73345   8.84663
 Src-osrc corr  11   1 o,n=  11.51096  11.58100
 Src-osrc corr   8   2 o,n=   7.19517   7.28016
 Src-osrc corr   9   2 o,n=  10.76188  11.31838
 Src-osrc corr  12   2 o,n=   3.21250   3.33591
 Src-osrc corr  13   2 o,n=   1.57360   4.44172
 Src-osrc corr  14   2 o,n=   0.96052   1.97878
 Src-osrc corr  15   2 o,n=   0.95799   1.52729
 Src-osrc corr   8   3 o,n=   7.28016   7.13978
 Src-osrc corr   9   3 o,n=  11.31838  11.49621
 Src-osrc corr  12   3 o,n=   3.33591   3.43875
 Src-osrc corr  13   3 o,n=   4.44172   5.89697
 Src-osrc corr  14   3 o,n=   1.97878   4.05869
 Src-osrc corr  15   3 o,n=   1.52729   1.22438
 Src-osrc corr   8   4 o,n=   7.13978   6.97299
 Src-osrc corr   9   4 o,n=  11.49621  11.65449
 Src-osrc corr  12   4 o,n=   3.43875   3.93489
 Src-osrc corr  15   4 o,n=   1.22438   1.24903
 Src-osrc corr   8   5 o,n=   6.97299   6.78229
 Src-osrc corr   9   5 o,n=  11.65449  12.56634
 Src-osrc corr  12   5 o,n=   3.93489   5.46766
 Src-osrc corr  13   5 o,n=   5.89697  10.07256
 Src-osrc corr  14   5 o,n=   4.05869   4.49002
 Src-osrc corr  15   5 o,n=   1.24903   1.93637
 Src-osrc corr   8   6 o,n=   6.78229   6.68668
 Src-osrc corr   9   6 o,n=  12.56634  12.68979
 Src-osrc corr  12   6 o,n=   5.46766   5.08608
 Src-osrc corr  13   6 o,n=  10.07256  10.51101
 Src-osrc corr  14   6 o,n=   4.49002   6.66331
 Src-osrc corr  15   6 o,n=   1.93637   2.13991
 Src-osrc corr   8   7 o,n=   6.68668   6.87535
 Src-osrc corr   9   7 o,n=  12.68979  14.24632
 Src-osrc corr  12   7 o,n=   5.08608  13.48736
 Src-osrc corr  15   7 o,n=   2.13991   8.72931
 Src-osrc corr   8   1 o,n=   5.61159   7.26954
 Src-osrc corr   9   1 o,n=  10.67455  10.82822
 Src-osrc corr  10   1 o,n=   7.82803   8.94861
 Src-osrc corr  11   1 o,n=  11.56811  11.64391
 Src-osrc corr   8   2 o,n=   7.26954   7.35268
 Src-osrc corr   9   2 o,n=  10.82822  11.37694
 Src-osrc corr  12   2 o,n=   3.18272   3.31020
 Src-osrc corr  13   2 o,n=   1.56349   4.43075
 Src-osrc corr  14   2 o,n=   0.95329   1.97243
 Src-osrc corr  15   2 o,n=   0.95137   1.52139
 Src-osrc corr   8   3 o,n=   7.35268   7.21105
 Src-osrc corr   9   3 o,n=  11.37694  11.54822
 Src-osrc corr  12   3 o,n=   3.31020   3.41061
 Src-osrc corr  13   3 o,n=   4.43075   5.88228
 Src-osrc corr  14   3 o,n=   1.97243   4.04773
 Src-osrc corr  15   3 o,n=   1.52139   1.21918
 Src-osrc corr   8   4 o,n=   7.21105   7.04210
 Src-osrc corr   9   4 o,n=  11.54822  11.70370
 Src-osrc corr  12   4 o,n=   3.41061   3.91000
 Src-osrc corr  15   4 o,n=   1.21918   1.24323
 Src-osrc corr   8   5 o,n=   7.04210   6.84697
 Src-osrc corr   9   5 o,n=  11.70370  12.60740
 Src-osrc corr  12   5 o,n=   3.91000   5.44038
 Src-osrc corr  13   5 o,n=   5.88228  10.04689
 Src-osrc corr  14   5 o,n=   4.04773   4.47800
 Src-osrc corr  15   5 o,n=   1.24323   1.92946
 Src-osrc corr   8   6 o,n=   6.84697   6.75030
 Src-osrc corr   9   6 o,n=  12.60740  12.72849
 Src-osrc corr  12   6 o,n=   5.44038   5.05903
 Src-osrc corr  13   6 o,n=  10.04689  10.48439
 Src-osrc corr  14   6 o,n=   4.47800   6.64483
 Src-osrc corr  15   6 o,n=   1.92946   2.13092
 Src-osrc corr   8   7 o,n=   6.75030   6.91434
 Src-osrc corr   9   7 o,n=  12.72849  14.27519
 Src-osrc corr  12   7 o,n=   5.05903  13.43265
 Src-osrc corr  15   7 o,n=   2.13092   8.69820
 Src-osrc corr   8   1 o,n=   5.69810   7.36406
 Src-osrc corr   9   1 o,n=  10.68898  10.85713
 Src-osrc corr  10   1 o,n=   7.88639   9.02723
 Src-osrc corr  11   1 o,n=  11.58582  11.67456
 Src-osrc corr   8   2 o,n=   7.36406   7.44577
 Src-osrc corr   9   2 o,n=  10.85713  11.40054
 Src-osrc corr  12   2 o,n=   3.15664   3.28717
 Src-osrc corr  13   2 o,n=   1.55399   4.41579
 Src-osrc corr  14   2 o,n=   0.94734   1.96470
 Src-osrc corr  15   2 o,n=   0.94397   1.51249
 Src-osrc corr   8   3 o,n=   7.44577   7.30373
 Src-osrc corr   9   3 o,n=  11.40054  11.56451
 Src-osrc corr  12   3 o,n=   3.28717   3.38631
 Src-osrc corr  13   3 o,n=   4.41579   5.86165
 Src-osrc corr  14   3 o,n=   1.96470   4.03222
 Src-osrc corr  15   3 o,n=   1.51249   1.21124
 Src-osrc corr   8   4 o,n=   7.30373   7.13359
 Src-osrc corr   9   4 o,n=  11.56451  11.71622
 Src-osrc corr  12   4 o,n=   3.38631   3.88534
 Src-osrc corr  15   4 o,n=   1.21124   1.23391
 Src-osrc corr   8   5 o,n=   7.13359   6.93472
 Src-osrc corr   9   5 o,n=  11.71622  12.60757
 Src-osrc corr  12   5 o,n=   3.88534   5.41053
 Src-osrc corr  13   5 o,n=   5.86165  10.00937
 Src-osrc corr  14   5 o,n=   4.03222   4.46078
 Src-osrc corr  15   5 o,n=   1.23391   1.91896
 Src-osrc corr   8   6 o,n=   6.93472   6.83708
 Src-osrc corr   9   6 o,n=  12.60757  12.72489
 Src-osrc corr  12   6 o,n=   5.41053   5.02842
 Src-osrc corr  13   6 o,n=  10.00937  10.44697
 Src-osrc corr  14   6 o,n=   4.46078   6.62543
 Src-osrc corr  15   6 o,n=   1.91896   2.11776
 Src-osrc corr   8   7 o,n=   6.83708   6.96548
 Src-osrc corr   9   7 o,n=  12.72489  14.25711
 Src-osrc corr  12   7 o,n=   5.02842  13.38162
 Src-osrc corr  15   7 o,n=   2.11776   8.66371
 Src-osrc corr   8   1 o,n=   5.71524   7.38430
 Src-osrc corr   9   1 o,n=  10.70475  10.87660
 Src-osrc corr  10   1 o,n=   7.90670   9.05251
 Src-osrc corr  11   1 o,n=  11.59956  11.69228
 Src-osrc corr   8   2 o,n=   7.38430   7.46554
 Src-osrc corr   9   2 o,n=  10.87660  11.41834
 Src-osrc corr  12   2 o,n=   3.14977   3.28106
 Src-osrc corr  13   2 o,n=   1.55160   4.41200
 Src-osrc corr  14   2 o,n=   0.94556   1.96240
 Src-osrc corr  15   2 o,n=   0.94247   1.51073
 Src-osrc corr   8   3 o,n=   7.46554   7.32336
 Src-osrc corr   9   3 o,n=  11.41834  11.58037
 Src-osrc corr  12   3 o,n=   3.28106   3.37954
 Src-osrc corr  13   3 o,n=   4.41200   5.85657
 Src-osrc corr  14   3 o,n=   1.96240   4.02812
 Src-osrc corr  15   3 o,n=   1.51073   1.20972
 Src-osrc corr   8   4 o,n=   7.32336   7.15286
 Src-osrc corr   9   4 o,n=  11.58037  11.73108
 Src-osrc corr  12   4 o,n=   3.37954   3.87909
 Src-osrc corr  15   4 o,n=   1.20972   1.23214
 Src-osrc corr   8   5 o,n=   7.15286   6.95298
 Src-osrc corr   9   5 o,n=  11.73108  12.61933
 Src-osrc corr  12   5 o,n=   3.87909   5.40297
 Src-osrc corr  13   5 o,n=   5.85657  10.00025
 Src-osrc corr  14   5 o,n=   4.02812   4.45628
 Src-osrc corr  15   5 o,n=   1.23214   1.91682
 Src-osrc corr   8   6 o,n=   6.95298   6.85498
 Src-osrc corr   9   6 o,n=  12.61933  12.73540
 Src-osrc corr  12   6 o,n=   5.40297   5.02078
 Src-osrc corr  13   6 o,n=  10.00025  10.43771
 Src-osrc corr  14   6 o,n=   4.45628   6.61983
 Src-osrc corr  15   6 o,n=   1.91682   2.11493
 Src-osrc corr   8   7 o,n=   6.85498   6.97270
 Src-osrc corr   9   7 o,n=  12.73540  14.26273
 Src-osrc corr  12   7 o,n=   5.02078  13.36751
 Src-osrc corr  15   7 o,n=   2.11493   8.65481
 Src-osrc corr   8   1 o,n=   5.74545   7.41269
 Src-osrc corr   9   1 o,n=  10.73480  10.90640
 Src-osrc corr  10   1 o,n=   7.94920   9.09538
 Src-osrc corr  11   1 o,n=  11.62504  11.71879
 Src-osrc corr   8   2 o,n=   7.41269   7.49299
 Src-osrc corr   9   2 o,n=  10.90640  11.44378
 Src-osrc corr  12   2 o,n=   3.13605   3.26959
 Src-osrc corr  13   2 o,n=   1.54733   4.40730
 Src-osrc corr  14   2 o,n=   0.94212   1.95953
 Src-osrc corr  15   2 o,n=   0.93933   1.50793
 Src-osrc corr   8   3 o,n=   7.49299   7.35011
 Src-osrc corr   9   3 o,n=  11.44378  11.60236
 Src-osrc corr  12   3 o,n=   3.26959   3.36681
 Src-osrc corr  13   3 o,n=   4.40730   5.84988
 Src-osrc corr  14   3 o,n=   1.95953   4.02287
 Src-osrc corr  15   3 o,n=   1.50793   1.20730
 Src-osrc corr   8   4 o,n=   7.35011   7.17843
 Src-osrc corr   9   4 o,n=  11.60236  11.75166
 Src-osrc corr  12   4 o,n=   3.36681   3.86794
 Src-osrc corr  15   4 o,n=   1.20730   1.22962
 Src-osrc corr   8   5 o,n=   7.17843   6.97620
 Src-osrc corr   9   5 o,n=  11.75166  12.63601
 Src-osrc corr  12   5 o,n=   3.86794   5.39050
 Src-osrc corr  13   5 o,n=   5.84988   9.98792
 Src-osrc corr  14   5 o,n=   4.02287   4.45050
 Src-osrc corr  15   5 o,n=   1.22962   1.91350
 Src-osrc corr   8   6 o,n=   6.97620   6.87756
 Src-osrc corr   9   6 o,n=  12.63601  12.75100
 Src-osrc corr  12   6 o,n=   5.39050   5.00852
 Src-osrc corr  13   6 o,n=   9.98792  10.42487
 Src-osrc corr  14   6 o,n=   4.45050   6.61066
 Src-osrc corr  15   6 o,n=   1.91350   2.11070
 Src-osrc corr   8   7 o,n=   6.87756   6.98348
 Src-osrc corr   9   7 o,n=  12.75100  14.27406
 Src-osrc corr  12   7 o,n=   5.00852  13.34104
 Src-osrc corr  15   7 o,n=   2.11070   8.63948
 Reaction Xsec     2.0+/ 2 @ 1 =    44.006 , Out:   0.000#   1.368    0.638    0.994    0.076    0.010   40.919f
 Allocate arrays for           17  channels, of which           17  need wfs.

 Total SPIN, PARITY =     2.0 -,     17 chs,     17 cc.  Rmin & Coul turning =    0.3    2.6
 Src-osrc corr  10   1 o,n=  21.36971  20.38635
 Src-osrc corr  12   1 o,n=  16.40277  15.73118
 Src-osrc corr  10   3 o,n=  20.38635  20.08912
 Src-osrc corr  11   3 o,n=   0.01665   0.89589
 Src-osrc corr  15   3 o,n=   0.03431   1.35302
 Src-osrc corr  16   3 o,n=   1.44249   2.76500
 Src-osrc corr  10   4 o,n=  20.08912  19.46440
 Src-osrc corr  11   4 o,n=   0.89589   0.56332
 Src-osrc corr  14   4 o,n=   4.06206   3.97195
 Src-osrc corr  15   4 o,n=   1.35302   1.90717
 Src-osrc corr  16   4 o,n=   2.76500   6.85551
 Src-osrc corr  17   4 o,n=   0.01926   0.49320
 Src-osrc corr  10   5 o,n=  19.46440  19.15310
 Src-osrc corr  11   5 o,n=   0.56332   0.01587
 Src-osrc corr  14   5 o,n=   3.97195   6.07174
 Src-osrc corr  15   5 o,n=   1.90717   0.46944
 Src-osrc corr  16   5 o,n=   6.85551   8.47269
 Src-osrc corr  17   5 o,n=   0.49320   0.01834
 Src-osrc corr  10   6 o,n=  19.15310  19.12353
 Src-osrc corr  11   6 o,n=   0.01587   0.54512
 Src-osrc corr  14   6 o,n=   6.07174   5.88828
 Src-osrc corr  15   6 o,n=   0.46944   0.59389
 Src-osrc corr  16   6 o,n=   8.47269   9.17271
 Src-osrc corr  17   6 o,n=   0.01834   0.47231
 Src-osrc corr  10   7 o,n=  19.12353  18.99208
 Src-osrc corr  11   7 o,n=   0.54512   0.69153
 Src-osrc corr  14   7 o,n=   5.88828   6.56284
 Src-osrc corr  15   7 o,n=   0.59389   2.28143
 Src-osrc corr  16   7 o,n=   9.17271  12.20657
 Src-osrc corr  17   7 o,n=   0.47231   0.87727
 Src-osrc corr  10   8 o,n=  18.99208  21.75347
 Src-osrc corr  11   8 o,n=   0.69153   0.01290
 Src-osrc corr  14   8 o,n=   6.56284  22.78516
 Src-osrc corr  15   8 o,n=   2.28143   0.46623
 Src-osrc corr  17   8 o,n=   0.87727   0.15514
 Src-osrc corr  10   1 o,n=  21.36971  20.38635
 Src-osrc corr  12   1 o,n=  16.40277  15.73118
 Src-osrc corr  10   3 o,n=  20.38635  20.08912
 Src-osrc corr  11   3 o,n=   0.01665   0.89589
 Src-osrc corr  15   3 o,n=   0.03431   1.35302
 Src-osrc corr  16   3 o,n=   1.44249   2.76500
 Src-osrc corr  10   4 o,n=  20.08912  19.46440
 Src-osrc corr  11   4 o,n=   0.89589   0.56332
 Src-osrc corr  14   4 o,n=   4.06206   3.97195
 Src-osrc corr  15   4 o,n=   1.35302   1.90717
 Src-osrc corr  16   4 o,n=   2.76500   6.85551
 Src-osrc corr  17   4 o,n=   0.01926   0.49320
 Src-osrc corr  10   5 o,n=  19.46440  19.15310
 Src-osrc corr  11   5 o,n=   0.56332   0.01587
 Src-osrc corr  14   5 o,n=   3.97195   6.07174
 Src-osrc corr  15   5 o,n=   1.90717   0.46944
 Src-osrc corr  16   5 o,n=   6.85551   8.47269
 Src-osrc corr  17   5 o,n=   0.49320   0.01834
 Src-osrc corr  10   6 o,n=  19.15310  19.12353
 Src-osrc corr  11   6 o,n=   0.01587   0.54512
 Src-osrc corr  14   6 o,n=   6.07174   5.88828
 Src-osrc corr  15   6 o,n=   0.46944   0.59389
 Src-osrc corr  16   6 o,n=   8.47269   9.17271
 Src-osrc corr  17   6 o,n=   0.01834   0.47231
 Src-osrc corr  10   7 o,n=  19.12353  18.99208
 Src-osrc corr  11   7 o,n=   0.54512   0.69153
 Src-osrc corr  14   7 o,n=   5.88828   6.56284
 Src-osrc corr  15   7 o,n=   0.59389   2.28143
 Src-osrc corr  16   7 o,n=   9.17271  12.20657
 Src-osrc corr  17   7 o,n=   0.47231   0.87727
 Src-osrc corr  10   8 o,n=  18.99208  21.75347
 Src-osrc corr  11   8 o,n=   0.69153   0.01290
 Src-osrc corr  14   8 o,n=   6.56284  22.78516
 Src-osrc corr  15   8 o,n=   2.28143   0.46623
 Src-osrc corr  17   8 o,n=   0.87727   0.15514
 Src-osrc corr  10   1 o,n=  25.80173  25.21201
 Src-osrc corr  12   1 o,n=  18.73773  18.55564
 Src-osrc corr  11   2 o,n=   0.02696   0.02700
 Src-osrc corr  13   2 o,n=   0.00033   0.00036
 Src-osrc corr  10   3 o,n=  25.21201  24.92786
 Src-osrc corr  11   3 o,n=   0.02700   0.89801
 Src-osrc corr  15   3 o,n=   0.05516   1.36016
 Src-osrc corr  16   3 o,n=   1.70513   2.98099
 Src-osrc corr  10   4 o,n=  24.92786  24.32524
 Src-osrc corr  11   4 o,n=   0.89801   0.56493
 Src-osrc corr  14   4 o,n=   5.86024   5.59029
 Src-osrc corr  15   4 o,n=   1.36016   1.90285
 Src-osrc corr  16   4 o,n=   2.98099   7.11105
 Src-osrc corr  17   4 o,n=   0.03085   0.49346
 Src-osrc corr  10   5 o,n=  24.32524  23.99111
 Src-osrc corr  11   5 o,n=   0.56493   0.02598
 Src-osrc corr  14   5 o,n=   5.59029   7.43919
 Src-osrc corr  15   5 o,n=   1.90285   0.47328
 Src-osrc corr  16   5 o,n=   7.11105   8.74462
 Src-osrc corr  17   5 o,n=   0.49346   0.02972
 Src-osrc corr  10   6 o,n=  23.99111  23.96347
 Src-osrc corr  11   6 o,n=   0.02598   0.55393
 Src-osrc corr  14   6 o,n=   7.43919   7.26080
 Src-osrc corr  15   6 o,n=   0.47328   0.60694
 Src-osrc corr  16   6 o,n=   8.74462   9.45123
 Src-osrc corr  17   6 o,n=   0.02972   0.48224
 Src-osrc corr  10   7 o,n=  23.96347  23.82634
 Src-osrc corr  11   7 o,n=   0.55393   0.70079
 Src-osrc corr  14   7 o,n=   7.26080   7.92260
 Src-osrc corr  15   7 o,n=   0.60694   2.29981
 Src-osrc corr  16   7 o,n=   9.45123  12.51374
 Src-osrc corr  17   7 o,n=   0.48224   0.88881
 Src-osrc corr  10   8 o,n=  23.82634  26.23357
 Src-osrc corr  11   8 o,n=   0.70079   0.02231
 Src-osrc corr  14   8 o,n=   7.92260  24.28731
 Src-osrc corr  15   8 o,n=   2.29981   0.46821
 Src-osrc corr  17   8 o,n=   0.88881   0.16287
 Src-osrc corr  11   9 o,n=   0.02231   0.02234
 Src-osrc corr  15   9 o,n=   0.46821   0.46817
 Src-osrc corr  17   9 o,n=   0.16287   0.16295
 Psi(EL) renorm. by  8.35E-01-1.47E-01, Conv =  1.37155 %
 Src-osrc corr  10   1 o,n=  27.97014  27.75333
 Src-osrc corr  12   1 o,n=  20.09001  20.27502
 Src-osrc corr  11   2 o,n=   0.02754   0.02761
 Src-osrc corr  13   2 o,n=   0.00041   0.00045
 Src-osrc corr  10   3 o,n=  27.75333  27.49374
 Src-osrc corr  11   3 o,n=   0.02761   0.91809
 Src-osrc corr  15   3 o,n=   0.04325   1.38326
 Src-osrc corr  16   3 o,n=   1.75676   3.08777
 Src-osrc corr  10   4 o,n=  27.49374  26.95094
 Src-osrc corr  11   4 o,n=   0.91809   0.57855
 Src-osrc corr  14   4 o,n=   6.45711   6.24737
 Src-osrc corr  15   4 o,n=   1.38326   1.93381
 Src-osrc corr  16   4 o,n=   3.08777   7.34744
 Src-osrc corr  17   4 o,n=   0.02048   0.49642
 Src-osrc corr  10   5 o,n=  26.95094  26.63228
 Src-osrc corr  11   5 o,n=   0.57855   0.02650
 Src-osrc corr  14   5 o,n=   6.24737   8.04842
 Src-osrc corr  15   5 o,n=   1.93381   0.47398
 Src-osrc corr  16   5 o,n=   7.34744   9.03167
 Src-osrc corr  17   5 o,n=   0.49642   0.01997
 Src-osrc corr  10   6 o,n=  26.63228  26.62512
 Src-osrc corr  11   6 o,n=   0.02650   0.56389
 Src-osrc corr  14   6 o,n=   8.04842   7.86480
 Src-osrc corr  15   6 o,n=   0.47398   0.61926
 Src-osrc corr  16   6 o,n=   9.03167   9.75004
 Src-osrc corr  17   6 o,n=   0.01997   0.48273
 Src-osrc corr  10   7 o,n=  26.62512  26.66917
 Src-osrc corr  11   7 o,n=   0.56389   0.71699
 Src-osrc corr  14   7 o,n=   7.86480   8.54839
 Src-osrc corr  15   7 o,n=   0.61926   2.32940
 Src-osrc corr  16   7 o,n=   9.75004  12.86920
 Src-osrc corr  17   7 o,n=   0.48273   0.89795
 Src-osrc corr  10   8 o,n=  26.66917  29.18054
 Src-osrc corr  11   8 o,n=   0.71699   0.02524
 Src-osrc corr  14   8 o,n=   8.54839  25.37726
 Src-osrc corr  15   8 o,n=   2.32940   0.46564
 Src-osrc corr  17   8 o,n=   0.89795   0.15526
 Src-osrc corr  11   9 o,n=   0.02524   0.02512
 Src-osrc corr  15   9 o,n=   0.46564   0.46566
 Src-osrc corr  17   9 o,n=   0.15526   0.15526
 Src-osrc corr  10   1 o,n=  27.64226  27.58418
 Src-osrc corr  12   1 o,n=  19.89786  20.22904
 Src-osrc corr  11   2 o,n=   0.02546   0.02557
 Src-osrc corr  13   2 o,n=   0.00080   0.00080
 Src-osrc corr  10   3 o,n=  27.58418  27.32739
 Src-osrc corr  11   3 o,n=   0.02557   0.89758
 Src-osrc corr  15   3 o,n=   0.03875   1.35180
 Src-osrc corr  16   3 o,n=   1.72289   3.03162
 Src-osrc corr  10   4 o,n=  27.32739  26.78136
 Src-osrc corr  11   4 o,n=   0.89758   0.56479
 Src-osrc corr  14   4 o,n=   6.33164   6.13269
 Src-osrc corr  15   4 o,n=   1.35180   1.88964
 Src-osrc corr  16   4 o,n=   3.03162   7.21406
 Src-osrc corr  17   4 o,n=   0.01789   0.48444
 Src-osrc corr  10   5 o,n=  26.78136  26.44144
 Src-osrc corr  11   5 o,n=   0.56479   0.02441
 Src-osrc corr  14   5 o,n=   6.13269   7.89490
 Src-osrc corr  15   5 o,n=   1.88964   0.46144
 Src-osrc corr  16   5 o,n=   7.21406   8.86692
 Src-osrc corr  17   5 o,n=   0.48444   0.01750
 Src-osrc corr  10   6 o,n=  26.44144  26.43110
 Src-osrc corr  11   6 o,n=   0.02441   0.55447
 Src-osrc corr  14   6 o,n=   7.89490   7.71520
 Src-osrc corr  15   6 o,n=   0.46144   0.60750
 Src-osrc corr  16   6 o,n=   8.86692   9.57360
 Src-osrc corr  17   6 o,n=   0.01750   0.47380
 Src-osrc corr  10   7 o,n=  26.43110  26.43629
 Src-osrc corr  11   7 o,n=   0.55447   0.70463
 Src-osrc corr  14   7 o,n=   7.71520   8.38468
 Src-osrc corr  15   7 o,n=   0.60750   2.29121
 Src-osrc corr  16   7 o,n=   9.57360  12.64228
 Src-osrc corr  17   7 o,n=   0.47380   0.88289
 Src-osrc corr  10   8 o,n=  26.43629  28.73472
 Src-osrc corr  11   8 o,n=   0.70463   0.02331
 Src-osrc corr  14   8 o,n=   8.38468  24.92290
 Src-osrc corr  15   8 o,n=   2.29121   0.45361
 Src-osrc corr  17   8 o,n=   0.88289   0.15135
 Src-osrc corr  11   9 o,n=   0.02331   0.02329
 Src-osrc corr  15   9 o,n=   0.45361   0.45360
 Src-osrc corr  17   9 o,n=   0.15135   0.15135
 Psi(EL) renorm. by  1.03E+00-1.06E-01, Conv =  0.73061 %
 Src-osrc corr  10   1 o,n=  28.36770  28.52580
 Src-osrc corr  12   1 o,n=  20.42889  20.94709
 Src-osrc corr  11   2 o,n=   0.02608   0.02627
 Src-osrc corr  13   2 o,n=   0.00202   0.00207
 Src-osrc corr  10   3 o,n=  28.52580  28.28686
 Src-osrc corr  11   3 o,n=   0.02627   0.89966
 Src-osrc corr  15   3 o,n=   0.03595   1.35234
 Src-osrc corr  16   3 o,n=   1.74680   3.07735
 Src-osrc corr  10   4 o,n=  28.28686  27.78786
 Src-osrc corr  11   4 o,n=   0.89966   0.56587
 Src-osrc corr  14   4 o,n=   6.49445   6.32258
 Src-osrc corr  15   4 o,n=   1.35234   1.88981
 Src-osrc corr  16   4 o,n=   3.07735   7.31090
 Src-osrc corr  17   4 o,n=   0.01549   0.48366
 Src-osrc corr  10   5 o,n=  27.78786  27.48547
 Src-osrc corr  11   5 o,n=   0.56587   0.02511
 Src-osrc corr  14   5 o,n=   6.32258   8.07643
 Src-osrc corr  15   5 o,n=   1.88981   0.45995
 Src-osrc corr  16   5 o,n=   7.31090   8.98297
 Src-osrc corr  17   5 o,n=   0.48366   0.01526
 Src-osrc corr  10   6 o,n=  27.48547  27.47835
 Src-osrc corr  11   6 o,n=   0.02511   0.55831
 Src-osrc corr  14   6 o,n=   8.07643   7.89627
 Src-osrc corr  15   6 o,n=   0.45995   0.61373
 Src-osrc corr  16   6 o,n=   8.98297   9.69401
 Src-osrc corr  17   6 o,n=   0.01526   0.47550
 Src-osrc corr  10   7 o,n=  27.47835  27.50852
 Src-osrc corr  11   7 o,n=   0.55831   0.70824
 Src-osrc corr  14   7 o,n=   7.89627   8.56812
 Src-osrc corr  15   7 o,n=   0.61373   2.29873
 Src-osrc corr  16   7 o,n=   9.69401  12.78216
 Src-osrc corr  17   7 o,n=   0.47550   0.88748
 Src-osrc corr  10   8 o,n=  27.50852  29.75005
 Src-osrc corr  11   8 o,n=   0.70824   0.02448
 Src-osrc corr  14   8 o,n=   8.56812  25.22506
 Src-osrc corr  15   8 o,n=   2.29873   0.45152
 Src-osrc corr  17   8 o,n=   0.88748   0.15071
 Src-osrc corr  11   9 o,n=   0.02448   0.02451
 Src-osrc corr  15   9 o,n=   0.45152   0.45148
 Src-osrc corr  17   9 o,n=   0.15071   0.15096
 Src-osrc corr  10   1 o,n=  28.08071  28.32662
 Src-osrc corr  12   1 o,n=  20.10744  20.66955
 Src-osrc corr  11   2 o,n=   0.02536   0.02550
 Src-osrc corr  13   2 o,n=   0.00149   0.00156
 Src-osrc corr  10   3 o,n=  28.32662  28.09747
 Src-osrc corr  11   3 o,n=   0.02550   0.90586
 Src-osrc corr  15   3 o,n=   0.03245   1.36012
 Src-osrc corr  16   3 o,n=   1.74937   3.10860
 Src-osrc corr  10   4 o,n=  28.09747  27.62980
 Src-osrc corr  11   4 o,n=   0.90586   0.56941
 Src-osrc corr  14   4 o,n=   6.51729   6.38361
 Src-osrc corr  15   4 o,n=   1.36012   1.90028
 Src-osrc corr  16   4 o,n=   3.10860   7.39661
 Src-osrc corr  17   4 o,n=   0.01289   0.48543
 Src-osrc corr  10   5 o,n=  27.62980  27.36251
 Src-osrc corr  11   5 o,n=   0.56941   0.02445
 Src-osrc corr  14   5 o,n=   6.38361   8.15858
 Src-osrc corr  15   5 o,n=   1.90028   0.46071
 Src-osrc corr  16   5 o,n=   7.39661   9.08936
 Src-osrc corr  17   5 o,n=   0.48543   0.01287
 Src-osrc corr  10   6 o,n=  27.36251  27.36184
 Src-osrc corr  11   6 o,n=   0.02445   0.55964
 Src-osrc corr  14   6 o,n=   8.15858   7.97646
 Src-osrc corr  15   6 o,n=   0.46071   0.61932
 Src-osrc corr  16   6 o,n=   9.08936   9.80207
 Src-osrc corr  17   6 o,n=   0.01287   0.47544
 Src-osrc corr  10   7 o,n=  27.36184  27.45786
 Src-osrc corr  11   7 o,n=   0.55964   0.70910
 Src-osrc corr  14   7 o,n=   7.97646   8.65521
 Src-osrc corr  15   7 o,n=   0.61932   2.29831
 Src-osrc corr  16   7 o,n=   9.80207  12.89978
 Src-osrc corr  17   7 o,n=   0.47544   0.88890
 Src-osrc corr  10   8 o,n=  27.45786  29.85284
 Src-osrc corr  11   8 o,n=   0.70910   0.02447
 Src-osrc corr  14   8 o,n=   8.65521  25.41091
 Src-osrc corr  15   8 o,n=   2.29831   0.45195
 Src-osrc corr  17   8 o,n=   0.88890   0.14903
 Src-osrc corr  11   9 o,n=   0.02447   0.02443
 Src-osrc corr  15   9 o,n=   0.45195   0.45194
 Src-osrc corr  17   9 o,n=   0.14903   0.14920
 Src-osrc corr  10   1 o,n=  27.75534  28.05737
 Src-osrc corr  12   1 o,n=  19.87260  20.48336
 Src-osrc corr  11   2 o,n=   0.02509   0.02525
 Src-osrc corr  13   2 o,n=   0.00163   0.00170
 Src-osrc corr  10   3 o,n=  28.05737  27.83056
 Src-osrc corr  11   3 o,n=   0.02525   0.89660
 Src-osrc corr  15   3 o,n=   0.03181   1.34609
 Src-osrc corr  16   3 o,n=   1.72933   3.08084
 Src-osrc corr  10   4 o,n=  27.83056  27.36456
 Src-osrc corr  11   4 o,n=   0.89660   0.56338
 Src-osrc corr  14   4 o,n=   6.44300   6.31601
 Src-osrc corr  15   4 o,n=   1.34609   1.88060
 Src-osrc corr  16   4 o,n=   3.08084   7.33573
 Src-osrc corr  17   4 o,n=   0.01182   0.48014
 Src-osrc corr  10   5 o,n=  27.36456  27.09175
 Src-osrc corr  11   5 o,n=   0.56338   0.02417
 Src-osrc corr  14   5 o,n=   6.31601   8.07882
 Src-osrc corr  15   5 o,n=   1.88060   0.45591
 Src-osrc corr  16   5 o,n=   7.33573   9.01502
 Src-osrc corr  17   5 o,n=   0.48014   0.01181
 Src-osrc corr  10   6 o,n=  27.09175  27.08953
 Src-osrc corr  11   6 o,n=   0.02417   0.55600
 Src-osrc corr  14   6 o,n=   8.07882   7.89857
 Src-osrc corr  15   6 o,n=   0.45591   0.61519
 Src-osrc corr  16   6 o,n=   9.01502   9.72276
 Src-osrc corr  17   6 o,n=   0.01181   0.47201
 Src-osrc corr  10   7 o,n=  27.08953  27.16728
 Src-osrc corr  11   7 o,n=   0.55600   0.70421
 Src-osrc corr  14   7 o,n=   7.89857   8.57069
 Src-osrc corr  15   7 o,n=   0.61519   2.28300
 Src-osrc corr  16   7 o,n=   9.72276  12.79971
 Src-osrc corr  17   7 o,n=   0.47201   0.88290
 Src-osrc corr  10   8 o,n=  27.16728  29.46943
 Src-osrc corr  11   8 o,n=   0.70421   0.02424
 Src-osrc corr  14   8 o,n=   8.57069  25.20682
 Src-osrc corr  15   8 o,n=   2.28300   0.44733
 Src-osrc corr  17   8 o,n=   0.88290   0.14762
 Src-osrc corr  11   9 o,n=   0.02424   0.02424
 Src-osrc corr  15   9 o,n=   0.44733   0.44731
 Src-osrc corr  17   9 o,n=   0.14762   0.14780
 Src-osrc corr  10   1 o,n=  27.54895  27.86629
 Src-osrc corr  12   1 o,n=  19.61492  20.21350
 Src-osrc corr  11   2 o,n=   0.02579   0.02594
 Src-osrc corr  13   2 o,n=   0.00196   0.00201
 Src-osrc corr  10   3 o,n=  27.86629  27.65021
 Src-osrc corr  11   3 o,n=   0.02594   0.90171
 Src-osrc corr  15   3 o,n=   0.03138   1.35270
 Src-osrc corr  16   3 o,n=   1.73549   3.11066
 Src-osrc corr  10   4 o,n=  27.65021  27.21524
 Src-osrc corr  11   4 o,n=   0.90171   0.56649
 Src-osrc corr  14   4 o,n=   6.49145   6.38742
 Src-osrc corr  15   4 o,n=   1.35270   1.88936
 Src-osrc corr  16   4 o,n=   3.11066   7.41407
 Src-osrc corr  17   4 o,n=   0.01016   0.48179
 Src-osrc corr  10   5 o,n=  27.21524  26.97429
 Src-osrc corr  11   5 o,n=   0.56649   0.02485
 Src-osrc corr  14   5 o,n=   6.38742   8.16815
 Src-osrc corr  15   5 o,n=   1.88936   0.45777
 Src-osrc corr  16   5 o,n=   7.41407   9.11199
 Src-osrc corr  17   5 o,n=   0.48179   0.01023
 Src-osrc corr  10   6 o,n=  26.97429  26.97455
 Src-osrc corr  11   6 o,n=   0.02485   0.56000
 Src-osrc corr  14   6 o,n=   8.16815   7.98658
 Src-osrc corr  15   6 o,n=   0.45777   0.62220
 Src-osrc corr  16   6 o,n=   9.11199   9.82465
 Src-osrc corr  17   6 o,n=   0.01023   0.47449
 Src-osrc corr  10   7 o,n=  26.97455  27.07778
 Src-osrc corr  11   7 o,n=   0.56000   0.70853
 Src-osrc corr  14   7 o,n=   7.98658   8.66383
 Src-osrc corr  15   7 o,n=   0.62220   2.29415
 Src-osrc corr  16   7 o,n=   9.82465  12.92483
 Src-osrc corr  17   7 o,n=   0.47449   0.88826
 Src-osrc corr  10   8 o,n=  27.07778  29.46569
 Src-osrc corr  11   8 o,n=   0.70853   0.02536
 Src-osrc corr  14   8 o,n=   8.66383  25.44664
 Src-osrc corr  15   8 o,n=   2.29415   0.44892
 Src-osrc corr  17   8 o,n=   0.88826   0.14756
 Src-osrc corr  11   9 o,n=   0.02536   0.02536
 Src-osrc corr  15   9 o,n=   0.44892   0.44890
 Src-osrc corr  17   9 o,n=   0.14756   0.14783
 Src-osrc corr  10   1 o,n=  26.99780  27.31521
 Src-osrc corr  12   1 o,n=  19.09434  19.67180
 Src-osrc corr  11   2 o,n=   0.02556   0.02571
 Src-osrc corr  13   2 o,n=   0.00177   0.00183
 Src-osrc corr  10   3 o,n=  27.31521  27.10423
 Src-osrc corr  11   3 o,n=   0.02571   0.90470
 Src-osrc corr  15   3 o,n=   0.03047   1.35679
 Src-osrc corr  16   3 o,n=   1.72980   3.12152
 Src-osrc corr  10   4 o,n=  27.10423  26.68616
 Src-osrc corr  11   4 o,n=   0.90470   0.56816
 Src-osrc corr  14   4 o,n=   6.47042   6.38781
 Src-osrc corr  15   4 o,n=   1.35679   1.89472
 Src-osrc corr  16   4 o,n=   3.12152   7.45229
 Src-osrc corr  17   4 o,n=   0.00883   0.48269
 Src-osrc corr  10   5 o,n=  26.68616  26.46578
 Src-osrc corr  11   5 o,n=   0.56816   0.02466
 Src-osrc corr  14   5 o,n=   6.38781   8.18542
 Src-osrc corr  15   5 o,n=   1.89472   0.45861
 Src-osrc corr  16   5 o,n=   7.45229   9.16057
 Src-osrc corr  17   5 o,n=   0.48269   0.00898
 Src-osrc corr  10   6 o,n=  26.46578  26.46917
 Src-osrc corr  11   6 o,n=   0.02466   0.56055
 Src-osrc corr  14   6 o,n=   8.18542   8.00279
 Src-osrc corr  15   6 o,n=   0.45861   0.62556
 Src-osrc corr  16   6 o,n=   9.16057   9.87415
 Src-osrc corr  17   6 o,n=   0.00898   0.47446
 Src-osrc corr  10   7 o,n=  26.46917  26.60588
 Src-osrc corr  11   7 o,n=   0.56055   0.70879
 Src-osrc corr  14   7 o,n=   8.00279   8.68377
 Src-osrc corr  15   7 o,n=   0.62556   2.29358
 Src-osrc corr  16   7 o,n=   9.87415  12.98044
 Src-osrc corr  17   7 o,n=   0.47446   0.88884
 Src-osrc corr  10   8 o,n=  26.60588  29.11321
 Src-osrc corr  11   8 o,n=   0.70879   0.02548
 Src-osrc corr  14   8 o,n=   8.68377  25.52580
 Src-osrc corr  15   8 o,n=   2.29358   0.44975
 Src-osrc corr  17   8 o,n=   0.88884   0.14677
 Src-osrc corr  11   9 o,n=   0.02548   0.02546
 Src-osrc corr  15   9 o,n=   0.44975   0.44974
 Src-osrc corr  17   9 o,n=   0.14677   0.14698
 Src-osrc corr  10   1 o,n=  26.80034  27.10001
 Src-osrc corr  12   1 o,n=  18.90607  19.46012
 Src-osrc corr  11   2 o,n=   0.02612   0.02629
 Src-osrc corr  13   2 o,n=   0.00198   0.00205
 Src-osrc corr  10   3 o,n=  27.10001  26.89191
 Src-osrc corr  11   3 o,n=   0.02629   0.90382
 Src-osrc corr  15   3 o,n=   0.03144   1.35546
 Src-osrc corr  16   3 o,n=   1.72578   3.12102
 Src-osrc corr  10   4 o,n=  26.89191  26.48081
 Src-osrc corr  11   4 o,n=   0.90382   0.56763
 Src-osrc corr  14   4 o,n=   6.46618   6.38782
 Src-osrc corr  15   4 o,n=   1.35546   1.89265
 Src-osrc corr  16   4 o,n=   3.12102   7.45537
 Src-osrc corr  17   4 o,n=   0.00873   0.48211
 Src-osrc corr  10   5 o,n=  26.48081  26.26587
 Src-osrc corr  11   5 o,n=   0.56763   0.02521
 Src-osrc corr  14   5 o,n=   6.38782   8.18770
 Src-osrc corr  15   5 o,n=   1.89265   0.45859
 Src-osrc corr  16   5 o,n=   7.45537   9.16492
 Src-osrc corr  17   5 o,n=   0.48211   0.00884
 Src-osrc corr  10   6 o,n=  26.26587  26.26896
 Src-osrc corr  11   6 o,n=   0.02521   0.56126
 Src-osrc corr  14   6 o,n=   8.18770   8.00527
 Src-osrc corr  15   6 o,n=   0.45859   0.62700
 Src-osrc corr  16   6 o,n=   9.16492   9.87918
 Src-osrc corr  17   6 o,n=   0.00884   0.47493
 Src-osrc corr  10   7 o,n=  26.26896  26.40215
 Src-osrc corr  11   7 o,n=   0.56126   0.70946
 Src-osrc corr  14   7 o,n=   8.00527   8.68578
 Src-osrc corr  15   7 o,n=   0.62700   2.29511
 Src-osrc corr  16   7 o,n=   9.87918  12.98937
 Src-osrc corr  17   7 o,n=   0.47493   0.88967
 Src-osrc corr  10   8 o,n=  26.40215  28.89916
 Src-osrc corr  11   8 o,n=   0.70946   0.02603
 Src-osrc corr  14   8 o,n=   8.68578  25.54907
 Src-osrc corr  15   8 o,n=   2.29511   0.44971
 Src-osrc corr  17   8 o,n=   0.88967   0.14699
 Src-osrc corr  11   9 o,n=   0.02603   0.02604
 Src-osrc corr  15   9 o,n=   0.44971   0.44969
 Src-osrc corr  17   9 o,n=   0.14699   0.14723
 Src-osrc corr  10   1 o,n=  26.48205  26.73008
 Src-osrc corr  12   1 o,n=  18.54181  19.02843
 Src-osrc corr  11   2 o,n=   0.02701   0.02717
 Src-osrc corr  13   2 o,n=   0.00209   0.00214
 Src-osrc corr  10   3 o,n=  26.73008  26.52943
 Src-osrc corr  11   3 o,n=   0.02717   0.91062
 Src-osrc corr  15   3 o,n=   0.03251   1.36529
 Src-osrc corr  16   3 o,n=   1.73218   3.14935
 Src-osrc corr  10   4 o,n=  26.52943  26.14160
 Src-osrc corr  11   4 o,n=   0.91062   0.57190
 Src-osrc corr  14   4 o,n=   6.50993   6.44721
 Src-osrc corr  15   4 o,n=   1.36529   1.90588
 Src-osrc corr  16   4 o,n=   3.14935   7.53174
 Src-osrc corr  17   4 o,n=   0.00836   0.48528
 Src-osrc corr  10   5 o,n=  26.14160  25.95313
 Src-osrc corr  11   5 o,n=   0.57190   0.02610
 Src-osrc corr  14   5 o,n=   6.44721   8.26885
 Src-osrc corr  15   5 o,n=   1.90588   0.46208
 Src-osrc corr  16   5 o,n=   7.53174   9.25997
 Src-osrc corr  17   5 o,n=   0.48528   0.00848
 Src-osrc corr  10   6 o,n=  25.95313  25.95832
 Src-osrc corr  11   6 o,n=   0.02610   0.56575
 Src-osrc corr  14   6 o,n=   8.26885   8.08476
 Src-osrc corr  15   6 o,n=   0.46208   0.63447
 Src-osrc corr  16   6 o,n=   9.25997   9.98012
 Src-osrc corr  17   6 o,n=   0.00848   0.47836
 Src-osrc corr  10   7 o,n=  25.95832  26.11456
 Src-osrc corr  11   7 o,n=   0.56575   0.71464
 Src-osrc corr  14   7 o,n=   8.08476   8.77162
 Src-osrc corr  15   7 o,n=   0.63447   2.30956
 Src-osrc corr  16   7 o,n=   9.98012  13.11780
 Src-osrc corr  17   7 o,n=   0.47836   0.89620
 Src-osrc corr  10   8 o,n=  26.11456  28.71688
 Src-osrc corr  11   8 o,n=   0.71464   0.02717
 Src-osrc corr  14   8 o,n=   8.77162  25.80258
 Src-osrc corr  15   8 o,n=   2.30956   0.45301
 Src-osrc corr  17   8 o,n=   0.89620   0.14789
 Src-osrc corr  11   9 o,n=   0.02717   0.02717
 Src-osrc corr  15   9 o,n=   0.45301   0.45300
 Src-osrc corr  17   9 o,n=   0.14789   0.14816
 Src-osrc corr  10   1 o,n=  26.13541  26.36177
 Src-osrc corr  12   1 o,n=  18.19817  18.65467
 Src-osrc corr  11   2 o,n=   0.02715   0.02732
 Src-osrc corr  13   2 o,n=   0.00204   0.00210
 Src-osrc corr  10   3 o,n=  26.36177  26.16511
 Src-osrc corr  11   3 o,n=   0.02732   0.91356
 Src-osrc corr  15   3 o,n=   0.03276   1.36962
 Src-osrc corr  16   3 o,n=   1.73119   3.16059
 Src-osrc corr  10   4 o,n=  26.16511  25.79039
 Src-osrc corr  11   4 o,n=   0.91356   0.57366
 Src-osrc corr  14   4 o,n=   6.51187   6.46138
 Src-osrc corr  15   4 o,n=   1.36962   1.91160
 Src-osrc corr  16   4 o,n=   3.16059   7.56611
 Src-osrc corr  17   4 o,n=   0.00807   0.48659
 Src-osrc corr  10   5 o,n=  25.79039  25.61765
 Src-osrc corr  11   5 o,n=   0.57366   0.02627
 Src-osrc corr  14   5 o,n=   6.46138   8.29595
 Src-osrc corr  15   5 o,n=   1.91160   0.46349
 Src-osrc corr  16   5 o,n=   7.56611   9.30324
 Src-osrc corr  17   5 o,n=   0.48659   0.00822
 Src-osrc corr  10   6 o,n=  25.61765  25.62464
 Src-osrc corr  11   6 o,n=   0.02627   0.56709
 Src-osrc corr  14   6 o,n=   8.29595   8.11098
 Src-osrc corr  15   6 o,n=   0.46349   0.63790
 Src-osrc corr  16   6 o,n=   9.30324  10.02534
 Src-osrc corr  17   6 o,n=   0.00822   0.47936
 Src-osrc corr  10   7 o,n=  25.62464  25.80062
 Src-osrc corr  11   7 o,n=   0.56709   0.71608
 Src-osrc corr  14   7 o,n=   8.11098   8.80107
 Src-osrc corr  15   7 o,n=   0.63790   2.31307
 Src-osrc corr  16   7 o,n=  10.02534  13.17302
 Src-osrc corr  17   7 o,n=   0.47936   0.89822
 Src-osrc corr  10   8 o,n=  25.80062  28.48463
 Src-osrc corr  11   8 o,n=   0.71608   0.02748
 Src-osrc corr  14   8 o,n=   8.80107  25.90203
 Src-osrc corr  15   8 o,n=   2.31307   0.45439
 Src-osrc corr  17   8 o,n=   0.89822   0.14804
 Src-osrc corr  11   9 o,n=   0.02748   0.02747
 Src-osrc corr  15   9 o,n=   0.45439   0.45437
 Src-osrc corr  17   9 o,n=   0.14804   0.14828
 Src-osrc corr  10   1 o,n=  26.07990  26.26622
 Src-osrc corr  12   1 o,n=  18.10055  18.51160
 Src-osrc corr  11   2 o,n=   0.02788   0.02807
 Src-osrc corr  13   2 o,n=   0.00223   0.00229
 Src-osrc corr  10   3 o,n=  26.26622  26.07322
 Src-osrc corr  11   3 o,n=   0.02807   0.91653
 Src-osrc corr  15   3 o,n=   0.03405   1.37406
 Src-osrc corr  16   3 o,n=   1.73646   3.17480
 Src-osrc corr  10   4 o,n=  26.07322  25.70912
 Src-osrc corr  11   4 o,n=   0.91653   0.57562
 Src-osrc corr  14   4 o,n=   6.54917   6.50234
 Src-osrc corr  15   4 o,n=   1.37406   1.91752
 Src-osrc corr  16   4 o,n=   3.17480   7.60226
 Src-osrc corr  17   4 o,n=   0.00847   0.48818
 Src-osrc corr  10   5 o,n=  25.70912  25.54744
 Src-osrc corr  11   5 o,n=   0.57562   0.02701
 Src-osrc corr  14   5 o,n=   6.50234   8.34490
 Src-osrc corr  15   5 o,n=   1.91752   0.46540
 Src-osrc corr  16   5 o,n=   7.60226   9.34798
 Src-osrc corr  17   5 o,n=   0.48818   0.00860
 Src-osrc corr  10   6 o,n=  25.54744  25.55474
 Src-osrc corr  11   6 o,n=   0.02701   0.56980
 Src-osrc corr  14   6 o,n=   8.34490   8.15930
 Src-osrc corr  15   6 o,n=   0.46540   0.64192
 Src-osrc corr  16   6 o,n=   9.34798  10.07352
 Src-osrc corr  17   6 o,n=   0.00860   0.48164
 Src-osrc corr  10   7 o,n=  25.55474  25.73432
 Src-osrc corr  11   7 o,n=   0.56980   0.71932
 Src-osrc corr  14   7 o,n=   8.15930   8.85200
 Src-osrc corr  15   7 o,n=   0.64192   2.32235
 Src-osrc corr  16   7 o,n=  10.07352  13.23702
 Src-osrc corr  17   7 o,n=   0.48164   0.90228
 Src-osrc corr  10   8 o,n=  25.73432  28.44587
 Src-osrc corr  11   8 o,n=   0.71932   0.02821
 Src-osrc corr  14   8 o,n=   8.85200  26.04281
 Src-osrc corr  15   8 o,n=   2.32235   0.45619
 Src-osrc corr  17   8 o,n=   0.90228   0.14896
 Src-osrc corr  11   9 o,n=   0.02821   0.02822
 Src-osrc corr  15   9 o,n=   0.45619   0.45618
 Src-osrc corr  17   9 o,n=   0.14896   0.14923
 Src-osrc corr  10   1 o,n=  25.86906  26.00237
 Src-osrc corr  12   1 o,n=  17.83854  18.18756
 Src-osrc corr  11   2 o,n=   0.02866   0.02884
 Src-osrc corr  13   2 o,n=   0.00229   0.00234
 Src-osrc corr  10   3 o,n=  26.00237  25.81528
 Src-osrc corr  11   3 o,n=   0.02884   0.92278
 Src-osrc corr  15   3 o,n=   0.03526   1.38328
 Src-osrc corr  16   3 o,n=   1.74387   3.20020
 Src-osrc corr  10   4 o,n=  25.81528  25.46983
 Src-osrc corr  11   4 o,n=   0.92278   0.57957
 Src-osrc corr  14   4 o,n=   6.59585   6.55977
 Src-osrc corr  15   4 o,n=   1.38328   1.92995
 Src-osrc corr  16   4 o,n=   3.20020   7.66922
 Src-osrc corr  17   4 o,n=   0.00875   0.49135
 Src-osrc corr  10   5 o,n=  25.46983  25.32951
 Src-osrc corr  11   5 o,n=   0.57957   0.02780
 Src-osrc corr  14   5 o,n=   6.55977   8.42061
 Src-osrc corr  15   5 o,n=   1.92995   0.46875
 Src-osrc corr  16   5 o,n=   7.66922   9.43118
 Src-osrc corr  17   5 o,n=   0.49135   0.00892
 Src-osrc corr  10   6 o,n=  25.32951  25.33841
 Src-osrc corr  11   6 o,n=   0.02780   0.57389
 Src-osrc corr  14   6 o,n=   8.42061   8.23350
 Src-osrc corr  15   6 o,n=   0.46875   0.64852
 Src-osrc corr  16   6 o,n=   9.43118  10.16221
 Src-osrc corr  17   6 o,n=   0.00892   0.48500
 Src-osrc corr  10   7 o,n=  25.33841  25.53608
 Src-osrc corr  11   7 o,n=   0.57389   0.72417
 Src-osrc corr  14   7 o,n=   8.23350   8.93200
 Src-osrc corr  15   7 o,n=   0.64852   2.33610
 Src-osrc corr  16   7 o,n=  10.16221  13.35118
 Src-osrc corr  17   7 o,n=   0.48500   0.90846
 Src-osrc corr  10   8 o,n=  25.53608  28.33800
 Src-osrc corr  11   8 o,n=   0.72417   0.02914
 Src-osrc corr  14   8 o,n=   8.93200  26.27574
 Src-osrc corr  15   8 o,n=   2.33610   0.45938
 Src-osrc corr  17   8 o,n=   0.90846   0.15008
 Src-osrc corr  11   9 o,n=   0.02914   0.02914
 Src-osrc corr  15   9 o,n=   0.45938   0.45937
 Src-osrc corr  17   9 o,n=   0.15008   0.15037
 Src-osrc corr  10   1 o,n=  25.72737  25.84087
 Src-osrc corr  12   1 o,n=  17.67411  17.99828
 Src-osrc corr  11   2 o,n=   0.02892   0.02912
 Src-osrc corr  13   2 o,n=   0.00230   0.00236
 Src-osrc corr  10   3 o,n=  25.84087  25.65747
 Src-osrc corr  11   3 o,n=   0.02912   0.92562
 Src-osrc corr  15   3 o,n=   0.03578   1.38753
 Src-osrc corr  16   3 o,n=   1.74692   3.21306
 Src-osrc corr  10   4 o,n=  25.65747  25.32351
 Src-osrc corr  11   4 o,n=   0.92562   0.58133
 Src-osrc corr  14   4 o,n=   6.61767   6.58907
 Src-osrc corr  15   4 o,n=   1.38753   1.93559
 Src-osrc corr  16   4 o,n=   3.21306   7.70358
 Src-osrc corr  17   4 o,n=   0.00888   0.49278
 Src-osrc corr  10   5 o,n=  25.32351  25.19608
 Src-osrc corr  11   5 o,n=   0.58133   0.02808
 Src-osrc corr  14   5 o,n=   6.58907   8.45950
 Src-osrc corr  15   5 o,n=   1.93559   0.47024
 Src-osrc corr  16   5 o,n=   7.70358   9.47388
 Src-osrc corr  17   5 o,n=   0.49278   0.00907
 Src-osrc corr  10   6 o,n=  25.19608  25.20607
 Src-osrc corr  11   6 o,n=   0.02808   0.57570
 Src-osrc corr  14   6 o,n=   8.45950   8.27161
 Src-osrc corr  15   6 o,n=   0.47024   0.65194
 Src-osrc corr  16   6 o,n=   9.47388  10.20740
 Src-osrc corr  17   6 o,n=   0.00907   0.48651
 Src-osrc corr  10   7 o,n=  25.20607  25.41593
 Src-osrc corr  11   7 o,n=   0.57570   0.72628
 Src-osrc corr  14   7 o,n=   8.27161   8.97305
 Src-osrc corr  15   7 o,n=   0.65194   2.34187
 Src-osrc corr  16   7 o,n=  10.20740  13.40829
 Src-osrc corr  17   7 o,n=   0.48651   0.91126
 Src-osrc corr  10   8 o,n=  25.41593  28.27400
 Src-osrc corr  11   8 o,n=   0.72628   0.02949
 Src-osrc corr  14   8 o,n=   8.97305  26.39170
 Src-osrc corr  15   8 o,n=   2.34187   0.46081
 Src-osrc corr  17   8 o,n=   0.91126   0.15057
 Src-osrc corr  11   9 o,n=   0.02949   0.02949
 Src-osrc corr  15   9 o,n=   0.46081   0.46080
 Src-osrc corr  17   9 o,n=   0.15057   0.15084
 Src-osrc corr  10   1 o,n=  25.74884  25.82590
 Src-osrc corr  12   1 o,n=  17.63912  17.92151
 Src-osrc corr  11   2 o,n=   0.02959   0.02980
 Src-osrc corr  13   2 o,n=   0.00244   0.00250
 Src-osrc corr  10   3 o,n=  25.82590  25.64642
 Src-osrc corr  11   3 o,n=   0.02980   0.92949
 Src-osrc corr  15   3 o,n=   0.03693   1.39329
 Src-osrc corr  16   3 o,n=   1.75494   3.23120
 Src-osrc corr  10   4 o,n=  25.64642  25.32403
 Src-osrc corr  11   4 o,n=   0.92949   0.58384
 Src-osrc corr  14   4 o,n=   6.66701   6.64204
 Src-osrc corr  15   4 o,n=   1.39329   1.94333
 Src-osrc corr  16   4 o,n=   3.23120   7.74810
 Src-osrc corr  17   4 o,n=   0.00936   0.49483
 Src-osrc corr  10   5 o,n=  25.32403  25.20882
 Src-osrc corr  11   5 o,n=   0.58384   0.02877
 Src-osrc corr  14   5 o,n=   6.64204   8.52147
 Src-osrc corr  15   5 o,n=   1.94333   0.47250
 Src-osrc corr  16   5 o,n=   7.74810   9.52876
 Src-osrc corr  17   5 o,n=   0.49483   0.00955
 Src-osrc corr  10   6 o,n=  25.20882  25.21930
 Src-osrc corr  11   6 o,n=   0.02877   0.57882
 Src-osrc corr  14   6 o,n=   8.52147   8.33272
 Src-osrc corr  15   6 o,n=   0.47250   0.65647
 Src-osrc corr  16   6 o,n=   9.52876  10.26633
 Src-osrc corr  17   6 o,n=   0.00955   0.48915
 Src-osrc corr  10   7 o,n=  25.21930  25.43483
 Src-osrc corr  11   7 o,n=   0.57882   0.73006
 Src-osrc corr  14   7 o,n=   8.33272   9.03759
 Src-osrc corr  15   7 o,n=   0.65647   2.35278
 Src-osrc corr  16   7 o,n=  10.26633  13.48570
 Src-osrc corr  17   7 o,n=   0.48915   0.91601
 Src-osrc corr  10   8 o,n=  25.43483  28.33096
 Src-osrc corr  11   8 o,n=   0.73006   0.03018
 Src-osrc corr  14   8 o,n=   9.03759  26.56195
 Src-osrc corr  15   8 o,n=   2.35278   0.46294
 Src-osrc corr  17   8 o,n=   0.91601   0.15159
 Src-osrc corr  11   9 o,n=   0.03018   0.03019
 Src-osrc corr  15   9 o,n=   0.46294   0.46292
 Src-osrc corr  17   9 o,n=   0.15159   0.15188
 Src-osrc corr  10   1 o,n=  25.64072  25.68074
 Src-osrc corr  12   1 o,n=  17.48455  17.72368
 Src-osrc corr  11   2 o,n=   0.03018   0.03039
 Src-osrc corr  13   2 o,n=   0.00248   0.00254
 Src-osrc corr  10   3 o,n=  25.68074  25.50604
 Src-osrc corr  11   3 o,n=   0.03039   0.93424
 Src-osrc corr  15   3 o,n=   0.03791   1.40035
 Src-osrc corr  16   3 o,n=   1.76162   3.25148
 Src-osrc corr  10   4 o,n=  25.50604  25.19832
 Src-osrc corr  11   4 o,n=   0.93424   0.58685
 Src-osrc corr  14   4 o,n=   6.70912   6.69177
 Src-osrc corr  15   4 o,n=   1.40035   1.95281
 Src-osrc corr  16   4 o,n=   3.25148   7.80061
 Src-osrc corr  17   4 o,n=   0.00974   0.49730
 Src-osrc corr  10   5 o,n=  25.19832  25.09937
 Src-osrc corr  11   5 o,n=   0.58685   0.02936
 Src-osrc corr  14   5 o,n=   6.69177   8.58462
 Src-osrc corr  15   5 o,n=   1.95281   0.47506
 Src-osrc corr  16   5 o,n=   7.80061   9.59387
 Src-osrc corr  17   5 o,n=   0.49730   0.00996
 Src-osrc corr  10   6 o,n=  25.09937  25.11096
 Src-osrc corr  11   6 o,n=   0.02936   0.58208
 Src-osrc corr  14   6 o,n=   8.58462   8.39470
 Src-osrc corr  15   6 o,n=   0.47506   0.66167
 Src-osrc corr  16   6 o,n=   9.59387  10.33585
 Src-osrc corr  17   6 o,n=   0.00996   0.49189
 Src-osrc corr  10   7 o,n=  25.11096  25.33929
 Src-osrc corr  11   7 o,n=   0.58208   0.73397
 Src-osrc corr  14   7 o,n=   8.39470   9.10410
 Src-osrc corr  15   7 o,n=   0.66167   2.36386
 Src-osrc corr  16   7 o,n=  10.33585  13.57566
 Src-osrc corr  17   7 o,n=   0.49189   0.92100
 Src-osrc corr  10   8 o,n=  25.33929  28.30275
 Src-osrc corr  11   8 o,n=   0.73397   0.03086
 Src-osrc corr  14   8 o,n=   9.10410  26.75031
 Src-osrc corr  15   8 o,n=   2.36386   0.46538
 Src-osrc corr  17   8 o,n=   0.92100   0.15256
 Src-osrc corr  11   9 o,n=   0.03086   0.03087
 Src-osrc corr  15   9 o,n=   0.46538   0.46536
 Src-osrc corr  17   9 o,n=   0.15256   0.15286
 Src-osrc corr  10   1 o,n=  25.61141  25.63757
 Src-osrc corr  12   1 o,n=  17.42343  17.64474
 Src-osrc corr  11   2 o,n=   0.03047   0.03069
 Src-osrc corr  13   2 o,n=   0.00251   0.00258
 Src-osrc corr  10   3 o,n=  25.63757  25.46621
 Src-osrc corr  11   3 o,n=   0.03069   0.93668
 Src-osrc corr  15   3 o,n=   0.03847   1.40399
 Src-osrc corr  16   3 o,n=   1.76604   3.26384
 Src-osrc corr  10   4 o,n=  25.46621  25.16836
 Src-osrc corr  11   4 o,n=   0.93668   0.58838
 Src-osrc corr  14   4 o,n=   6.73795   6.72561
 Src-osrc corr  15   4 o,n=   1.40399   1.95762
 Src-osrc corr  16   4 o,n=   3.26384   7.83179
 Src-osrc corr  17   4 o,n=   0.00996   0.49854
 Src-osrc corr  10   5 o,n=  25.16836  25.07982
 Src-osrc corr  11   5 o,n=   0.58838   0.02967
 Src-osrc corr  14   5 o,n=   6.72561   8.62555
 Src-osrc corr  15   5 o,n=   1.95762   0.47637
 Src-osrc corr  16   5 o,n=   7.83179   9.63238
 Src-osrc corr  17   5 o,n=   0.49854   0.01020
 Src-osrc corr  10   6 o,n=  25.07982  25.09208
 Src-osrc corr  11   6 o,n=   0.02967   0.58393
 Src-osrc corr  14   6 o,n=   8.62555   8.43499
 Src-osrc corr  15   6 o,n=   0.47637   0.66478
 Src-osrc corr  16   6 o,n=   9.63238  10.37685
 Src-osrc corr  17   6 o,n=   0.01020   0.49346
 Src-osrc corr  10   7 o,n=  25.09208  25.32800
 Src-osrc corr  11   7 o,n=   0.58393   0.73617
 Src-osrc corr  14   7 o,n=   8.43499   9.14689
 Src-osrc corr  15   7 o,n=   0.66478   2.37003
 Src-osrc corr  16   7 o,n=  10.37685  13.62830
 Src-osrc corr  17   7 o,n=   0.49346   0.92388
 Src-osrc corr  10   8 o,n=  25.32800  28.33044
 Src-osrc corr  11   8 o,n=   0.73617   0.03120
 Src-osrc corr  14   8 o,n=   9.14689  26.86328
 Src-osrc corr  15   8 o,n=   2.37003   0.46661
 Src-osrc corr  17   8 o,n=   0.92388   0.15312
 Src-osrc corr  11   9 o,n=   0.03120   0.03121
 Src-osrc corr  15   9 o,n=   0.46661   0.46660
 Src-osrc corr  17   9 o,n=   0.15312   0.15341
 Src-osrc corr  10   1 o,n=  25.65210  25.65110
 Src-osrc corr  12   1 o,n=  17.41298  17.60244
 Src-osrc corr  11   2 o,n=   0.03102   0.03126
 Src-osrc corr  13   2 o,n=   0.00262   0.00268
 Src-osrc corr  10   3 o,n=  25.65110  25.48338
 Src-osrc corr  11   3 o,n=   0.03126   0.94011
 Src-osrc corr  15   3 o,n=   0.03941   1.40910
 Src-osrc corr  16   3 o,n=   1.77340   3.28035
 Src-osrc corr  10   4 o,n=  25.48338  25.19609
 Src-osrc corr  11   4 o,n=   0.94011   0.59059
 Src-osrc corr  14   4 o,n=   6.78334   6.77445
 Src-osrc corr  15   4 o,n=   1.40910   1.96447
 Src-osrc corr  16   4 o,n=   3.28035   7.87217
 Src-osrc corr  17   4 o,n=   0.01038   0.50036
 Src-osrc corr  10   5 o,n=  25.19609  25.11851
 Src-osrc corr  11   5 o,n=   0.59059   0.03023
 Src-osrc corr  14   5 o,n=   6.77445   8.68241
 Src-osrc corr  15   5 o,n=   1.96447   0.47832
 Src-osrc corr  16   5 o,n=   7.87217   9.68214
 Src-osrc corr  17   5 o,n=   0.50036   0.01062
 Src-osrc corr  10   6 o,n=  25.11851  25.13121
 Src-osrc corr  11   6 o,n=   0.03023   0.58672
 Src-osrc corr  14   6 o,n=   8.68241   8.49106
 Src-osrc corr  15   6 o,n=   0.47832   0.66885
 Src-osrc corr  16   6 o,n=   9.68214  10.43027
 Src-osrc corr  17   6 o,n=   0.01062   0.49583
 Src-osrc corr  10   7 o,n=  25.13121  25.37250
 Src-osrc corr  11   7 o,n=   0.58672   0.73956
 Src-osrc corr  14   7 o,n=   8.49106   9.20613
 Src-osrc corr  15   7 o,n=   0.66885   2.37977
 Src-osrc corr  16   7 o,n=  10.43027  13.69842
 Src-osrc corr  17   7 o,n=   0.49583   0.92814
 Src-osrc corr  10   8 o,n=  25.37250  28.41081
 Src-osrc corr  11   8 o,n=   0.73956   0.03177
 Src-osrc corr  14   8 o,n=   9.20613  27.01848
 Src-osrc corr  15   8 o,n=   2.37977   0.46845
 Src-osrc corr  17   8 o,n=   0.92814   0.15403
 Src-osrc corr  11   9 o,n=   0.03177   0.03178
 Src-osrc corr  15   9 o,n=   0.46845   0.46844
 Src-osrc corr  17   9 o,n=   0.15403   0.15433
 Reaction Xsec     2.0-/ 1 @ 1 =    40.515 , Out:   0.226#   4.034    3.898    1.489    0.364    0.025   30.705f
 Src-osrc corr  11   2 o,n=  20.27933  18.42866
 Src-osrc corr  13   2 o,n=  18.68380  16.92488
 Src-osrc corr  10   3 o,n=   0.03942   0.50769
 Src-osrc corr  11   3 o,n=  18.42866  18.52449
 Src-osrc corr  15   3 o,n=   1.24205   2.00616
 Src-osrc corr  16   3 o,n=   0.06110   1.94680
 Src-osrc corr  10   4 o,n=   0.50769   0.37277
 Src-osrc corr  11   4 o,n=  18.52449  18.64870
 Src-osrc corr  14   4 o,n=   0.09824   0.80972
 Src-osrc corr  15   4 o,n=   2.00616   3.37705
 Src-osrc corr  16   4 o,n=   1.94680   0.97796
 Src-osrc corr  17   4 o,n=   0.49731   0.50125
 Src-osrc corr  10   5 o,n=   0.37277   0.03974
 Src-osrc corr  11   5 o,n=  18.64870  18.67598
 Src-osrc corr  14   5 o,n=   0.80972   0.09922
 Src-osrc corr  15   5 o,n=   3.37705   3.64225
 Src-osrc corr  16   5 o,n=   0.97796   0.50267
 Src-osrc corr  17   5 o,n=   0.50125   0.55626
 Src-osrc corr  10   6 o,n=   0.03974   0.42561
 Src-osrc corr  11   6 o,n=  18.67598  18.70373
 Src-osrc corr  14   6 o,n=   0.09922   1.14746
 Src-osrc corr  15   6 o,n=   3.64225   5.46478
 Src-osrc corr  16   6 o,n=   0.50267   3.65425
 Src-osrc corr  17   6 o,n=   0.55626   1.94352
 Src-osrc corr  10   7 o,n=   0.42561   0.71866
 Src-osrc corr  11   7 o,n=  18.70373  19.22381
 Src-osrc corr  14   7 o,n=   1.14746   2.09950
 Src-osrc corr  15   7 o,n=   5.46478   7.63061
 Src-osrc corr  16   7 o,n=   3.65425   0.50262
 Src-osrc corr  17   7 o,n=   1.94352   1.56772
 Src-osrc corr  10   8 o,n=   0.71866   0.04815
 Src-osrc corr  11   8 o,n=  19.22381  19.26245
 Src-osrc corr  14   8 o,n=   2.09950   0.11997
 Src-osrc corr  15   8 o,n=   7.63061   7.81495
 Src-osrc corr  17   8 o,n=   1.56772   1.49330
 Src-osrc corr  11   9 o,n=  19.26245  18.88851
 Src-osrc corr  15   9 o,n=   7.81495   7.54445
 Src-osrc corr  17   9 o,n=   1.49330   7.51074
 Src-osrc corr  11   2 o,n=  20.27933  18.42866
 Src-osrc corr  13   2 o,n=  18.68380  16.92488
 Src-osrc corr  10   3 o,n=   0.03942   0.50769
 Src-osrc corr  11   3 o,n=  18.42866  18.52449
 Src-osrc corr  15   3 o,n=   1.24205   2.00616
 Src-osrc corr  16   3 o,n=   0.06110   1.94680
 Src-osrc corr  10   4 o,n=   0.50769   0.37277
 Src-osrc corr  11   4 o,n=  18.52449  18.64870
 Src-osrc corr  14   4 o,n=   0.09824   0.80972
 Src-osrc corr  15   4 o,n=   2.00616   3.37705
 Src-osrc corr  16   4 o,n=   1.94680   0.97796
 Src-osrc corr  17   4 o,n=   0.49731   0.50125
 Src-osrc corr  10   5 o,n=   0.37277   0.03974
 Src-osrc corr  11   5 o,n=  18.64870  18.67598
 Src-osrc corr  14   5 o,n=   0.80972   0.09922
 Src-osrc corr  15   5 o,n=   3.37705   3.64225
 Src-osrc corr  16   5 o,n=   0.97796   0.50267
 Src-osrc corr  17   5 o,n=   0.50125   0.55626
 Src-osrc corr  10   6 o,n=   0.03974   0.42561
 Src-osrc corr  11   6 o,n=  18.67598  18.70373
 Src-osrc corr  14   6 o,n=   0.09922   1.14746
 Src-osrc corr  15   6 o,n=   3.64225   5.46478
 Src-osrc corr  16   6 o,n=   0.50267   3.65425
 Src-osrc corr  17   6 o,n=   0.55626   1.94352
 Src-osrc corr  10   7 o,n=   0.42561   0.71866
 Src-osrc corr  11   7 o,n=  18.70373  19.22381
 Src-osrc corr  14   7 o,n=   1.14746   2.09950
 Src-osrc corr  15   7 o,n=   5.46478   7.63061
 Src-osrc corr  16   7 o,n=   3.65425   0.50262
 Src-osrc corr  17   7 o,n=   1.94352   1.56772
 Src-osrc corr  10   8 o,n=   0.71866   0.04815
 Src-osrc corr  11   8 o,n=  19.22381  19.26245
 Src-osrc corr  14   8 o,n=   2.09950   0.11997
 Src-osrc corr  15   8 o,n=   7.63061   7.81495
 Src-osrc corr  17   8 o,n=   1.56772   1.49330
 Src-osrc corr  11   9 o,n=  19.26245  18.88851
 Src-osrc corr  15   9 o,n=   7.81495   7.54445
 Src-osrc corr  17   9 o,n=   1.49330   7.51074
 Src-osrc corr  10   1 o,n=   0.03879   0.03957
 Src-osrc corr  12   1 o,n=   0.00331   0.00414
 Src-osrc corr  11   2 o,n=  20.12660  18.39308
 Src-osrc corr  13   2 o,n=  18.40594  16.75625
 Src-osrc corr  10   3 o,n=   0.03957   0.49960
 Src-osrc corr  11   3 o,n=  18.39308  18.50206
 Src-osrc corr  15   3 o,n=   1.31855   2.05700
 Src-osrc corr  16   3 o,n=   0.05525   1.91650
 Src-osrc corr  10   4 o,n=   0.49960   0.36940
 Src-osrc corr  11   4 o,n=  18.50206  18.63703
 Src-osrc corr  14   4 o,n=   0.09097   0.79767
 Src-osrc corr  15   4 o,n=   2.05700   3.40669
 Src-osrc corr  16   4 o,n=   1.91650   0.95989
 Src-osrc corr  17   4 o,n=   0.53165   0.52531
 Src-osrc corr  10   5 o,n=   0.36940   0.04006
 Src-osrc corr  11   5 o,n=  18.63703  18.66484
 Src-osrc corr  14   5 o,n=   0.79767   0.09198
 Src-osrc corr  15   5 o,n=   3.40669   3.66771
 Src-osrc corr  16   5 o,n=   0.95989   0.49169
 Src-osrc corr  17   5 o,n=   0.52531   0.57410
 Src-osrc corr  10   6 o,n=   0.04006   0.41856
 Src-osrc corr  11   6 o,n=  18.66484  18.62761
 Src-osrc corr  14   6 o,n=   0.09198   1.12889
 Src-osrc corr  15   6 o,n=   3.66771   5.44136
 Src-osrc corr  16   6 o,n=   0.49169   3.59724
 Src-osrc corr  17   6 o,n=   0.57410   1.93850
 Src-osrc corr  10   7 o,n=   0.41856   0.70375
 Src-osrc corr  11   7 o,n=  18.62761  19.10971
 Src-osrc corr  14   7 o,n=   1.12889   2.06439
 Src-osrc corr  15   7 o,n=   5.44136   7.55585
 Src-osrc corr  16   7 o,n=   3.59724   0.49201
 Src-osrc corr  17   7 o,n=   1.93850   1.56844
 Src-osrc corr  10   8 o,n=   0.70375   0.04922
 Src-osrc corr  11   8 o,n=  19.10971  19.14566
 Src-osrc corr  14   8 o,n=   2.06439   0.11479
 Src-osrc corr  15   8 o,n=   7.55585   7.73602
 Src-osrc corr  17   8 o,n=   1.56844   1.49520
 Src-osrc corr  11   9 o,n=  19.14566  18.79034
 Src-osrc corr  15   9 o,n=   7.73602   7.46158
 Src-osrc corr  17   9 o,n=   1.49520   7.39176
 Psi(EL) renorm. by  4.92E-01-4.89E-01, Conv =  0.87918 %
 Src-osrc corr  10   1 o,n=   0.04030   0.04198
 Src-osrc corr  12   1 o,n=   0.00585   0.00807
 Src-osrc corr  11   2 o,n=  20.82298  19.38507
 Src-osrc corr  13   2 o,n=  19.32773  17.94826
 Src-osrc corr  10   3 o,n=   0.04198   0.49109
 Src-osrc corr  11   3 o,n=  19.38507  19.49557
 Src-osrc corr  15   3 o,n=   1.15612   1.87712
 Src-osrc corr  16   3 o,n=   0.05429   1.87880
 Src-osrc corr  10   4 o,n=   0.49109   0.36340
 Src-osrc corr  11   4 o,n=  19.49557  19.62867
 Src-osrc corr  14   4 o,n=   0.09106   0.77983
 Src-osrc corr  15   4 o,n=   1.87712   3.19934
 Src-osrc corr  16   4 o,n=   1.87880   0.94432
 Src-osrc corr  17   4 o,n=   0.45048   0.47003
 Src-osrc corr  10   5 o,n=   0.36340   0.04321
 Src-osrc corr  11   5 o,n=  19.62867  19.65539
 Src-osrc corr  14   5 o,n=   0.77983   0.09249
 Src-osrc corr  15   5 o,n=   3.19934   3.45556
 Src-osrc corr  16   5 o,n=   0.94432   0.48501
 Src-osrc corr  17   5 o,n=   0.47003   0.52614
 Src-osrc corr  10   6 o,n=   0.04321   0.40319
 Src-osrc corr  11   6 o,n=  19.65539  19.61821
 Src-osrc corr  14   6 o,n=   0.09249   1.08618
 Src-osrc corr  15   6 o,n=   3.45556   5.22430
 Src-osrc corr  16   6 o,n=   0.48501   3.44835
 Src-osrc corr  17   6 o,n=   0.52614   1.83782
 Src-osrc corr  10   7 o,n=   0.40319   0.67716
 Src-osrc corr  11   7 o,n=  19.61821  20.06473
 Src-osrc corr  14   7 o,n=   1.08618   1.98702
 Src-osrc corr  15   7 o,n=   5.22430   7.32540
 Src-osrc corr  16   7 o,n=   3.44835   0.48626
 Src-osrc corr  17   7 o,n=   1.83782   1.47896
 Src-osrc corr  10   8 o,n=   0.67716   0.05327
 Src-osrc corr  11   8 o,n=  20.06473  20.09798
 Src-osrc corr  14   8 o,n=   1.98702   0.11763
 Src-osrc corr  15   8 o,n=   7.32540   7.50278
 Src-osrc corr  17   8 o,n=   1.47896   1.40796
 Src-osrc corr  11   9 o,n=  20.09798  19.87467
 Src-osrc corr  15   9 o,n=   7.50278   7.29234
 Src-osrc corr  17   9 o,n=   1.40796   7.19224
 Psi(EL) renorm. by  8.40E-01-1.10E-01, Conv =  0.73985 %
 Src-osrc corr  10   1 o,n=   0.03838   0.03995
 Src-osrc corr  12   1 o,n=   0.00567   0.00798
 Src-osrc corr  11   2 o,n=  20.54121  19.09339
 Src-osrc corr  13   2 o,n=  19.05696  17.66624
 Src-osrc corr  10   3 o,n=   0.03995   0.48875
 Src-osrc corr  11   3 o,n=  19.09339  19.20577
 Src-osrc corr  15   3 o,n=   1.14742   1.86943
 Src-osrc corr  16   3 o,n=   0.05414   1.87542
 Src-osrc corr  10   4 o,n=   0.48875   0.36133
 Src-osrc corr  11   4 o,n=  19.20577  19.34169
 Src-osrc corr  14   4 o,n=   0.09056   0.77798
 Src-osrc corr  15   4 o,n=   1.86943   3.19157
 Src-osrc corr  16   4 o,n=   1.87542   0.94284
 Src-osrc corr  17   4 o,n=   0.44721   0.46720
 Src-osrc corr  10   5 o,n=   0.36133   0.04118
 Src-osrc corr  11   5 o,n=  19.34169  19.36956
 Src-osrc corr  14   5 o,n=   0.77798   0.09204
 Src-osrc corr  15   5 o,n=   3.19157   3.44773
 Src-osrc corr  16   5 o,n=   0.94284   0.48436
 Src-osrc corr  17   5 o,n=   0.46720   0.52367
 Src-osrc corr  10   6 o,n=   0.04118   0.40068
 Src-osrc corr  11   6 o,n=  19.36956  19.35047
 Src-osrc corr  14   6 o,n=   0.09204   1.08382
 Src-osrc corr  15   6 o,n=   3.44773   5.21417
 Src-osrc corr  16   6 o,n=   0.48436   3.44230
 Src-osrc corr  17   6 o,n=   0.52367   1.83361
 Src-osrc corr  10   7 o,n=   0.40068   0.67473
 Src-osrc corr  11   7 o,n=  19.35047  19.80037
 Src-osrc corr  14   7 o,n=   1.08382   1.98308
 Src-osrc corr  15   7 o,n=   5.21417   7.31168
 Src-osrc corr  16   7 o,n=   3.44230   0.48556
 Src-osrc corr  17   7 o,n=   1.83361   1.47530
 Src-osrc corr  10   8 o,n=   0.67473   0.05111
 Src-osrc corr  11   8 o,n=  19.80037  19.83379
 Src-osrc corr  14   8 o,n=   1.98308   0.11719
 Src-osrc corr  15   8 o,n=   7.31168   7.48874
 Src-osrc corr  17   8 o,n=   1.47530   1.40443
 Src-osrc corr  11   9 o,n=  19.83379  19.61917
 Src-osrc corr  15   9 o,n=   7.48874   7.27794
 Src-osrc corr  17   9 o,n=   1.40443   7.17712
 Src-osrc corr  10   1 o,n=   0.03882   0.04105
 Src-osrc corr  12   1 o,n=   0.00790   0.01092
 Src-osrc corr  11   2 o,n=  20.23678  18.79693
 Src-osrc corr  13   2 o,n=  18.76109  17.37559
 Src-osrc corr  10   3 o,n=   0.04105   0.48958
 Src-osrc corr  11   3 o,n=  18.79693  18.91408
 Src-osrc corr  15   3 o,n=   1.13938   1.86862
 Src-osrc corr  16   3 o,n=   0.05500   1.88063
 Src-osrc corr  10   4 o,n=   0.48958   0.36310
 Src-osrc corr  11   4 o,n=  18.91408  19.05654
 Src-osrc corr  14   4 o,n=   0.09200   0.78127
 Src-osrc corr  15   4 o,n=   1.86862   3.20202
 Src-osrc corr  16   4 o,n=   1.88063   0.94566
 Src-osrc corr  17   4 o,n=   0.44491   0.46452
 Src-osrc corr  10   5 o,n=   0.36310   0.04256
 Src-osrc corr  11   5 o,n=  19.05654  19.08670
 Src-osrc corr  14   5 o,n=   0.78127   0.09377
 Src-osrc corr  15   5 o,n=   3.20202   3.46026
 Src-osrc corr  16   5 o,n=   0.94566   0.48612
 Src-osrc corr  17   5 o,n=   0.46452   0.52232
 Src-osrc corr  10   6 o,n=   0.04256   0.40200
 Src-osrc corr  11   6 o,n=  19.08670  19.09522
 Src-osrc corr  14   6 o,n=   0.09377   1.08741
 Src-osrc corr  15   6 o,n=   3.46026   5.23076
 Src-osrc corr  16   6 o,n=   0.48612   3.45290
 Src-osrc corr  17   6 o,n=   0.52232   1.83624
 Src-osrc corr  10   7 o,n=   0.40200   0.67681
 Src-osrc corr  11   7 o,n=  19.09522  19.55377
 Src-osrc corr  14   7 o,n=   1.08741   1.98893
 Src-osrc corr  15   7 o,n=   5.23076   7.33013
 Src-osrc corr  16   7 o,n=   3.45290   0.48765
 Src-osrc corr  17   7 o,n=   1.83624   1.47678
 Src-osrc corr  10   8 o,n=   0.67681   0.05278
 Src-osrc corr  11   8 o,n=  19.55377  19.58761
 Src-osrc corr  14   8 o,n=   1.98893   0.12006
 Src-osrc corr  15   8 o,n=   7.33013   7.50743
 Src-osrc corr  17   8 o,n=   1.47678   1.40569
 Src-osrc corr  11   9 o,n=  19.58761  19.37501
 Src-osrc corr  15   9 o,n=   7.50743   7.29135
 Src-osrc corr  17   9 o,n=   1.40569   7.18333
 Src-osrc corr  10   1 o,n=   0.03788   0.04039
 Src-osrc corr  12   1 o,n=   0.00787   0.01149
 Src-osrc corr  11   2 o,n=  20.30585  18.89470
 Src-osrc corr  13   2 o,n=  18.84563  17.48743
 Src-osrc corr  10   3 o,n=   0.04039   0.48576
 Src-osrc corr  11   3 o,n=  18.89470  19.01164
 Src-osrc corr  15   3 o,n=   1.12974   1.85217
 Src-osrc corr  16   3 o,n=   0.05345   1.86898
 Src-osrc corr  10   4 o,n=   0.48576   0.36080
 Src-osrc corr  11   4 o,n=  19.01164  19.15381
 Src-osrc corr  14   4 o,n=   0.09025   0.77586
 Src-osrc corr  15   4 o,n=   1.85217   3.17337
 Src-osrc corr  16   4 o,n=   1.86898   0.94011
 Src-osrc corr  17   4 o,n=   0.43905   0.46032
 Src-osrc corr  10   5 o,n=   0.36080   0.04224
 Src-osrc corr  11   5 o,n=  19.15381  19.18369
 Src-osrc corr  14   5 o,n=   0.77586   0.09227
 Src-osrc corr  15   5 o,n=   3.17337   3.42934
 Src-osrc corr  16   5 o,n=   0.94011   0.48328
 Src-osrc corr  17   5 o,n=   0.46032   0.51773
 Src-osrc corr  10   6 o,n=   0.04224   0.39765
 Src-osrc corr  11   6 o,n=  19.18369  19.18059
 Src-osrc corr  14   6 o,n=   0.09227   1.07836
 Src-osrc corr  15   6 o,n=   3.42934   5.18947
 Src-osrc corr  16   6 o,n=   0.48328   3.42438
 Src-osrc corr  17   6 o,n=   0.51773   1.82188
 Src-osrc corr  10   7 o,n=   0.39765   0.67115
 Src-osrc corr  11   7 o,n=  19.18059  19.63026
 Src-osrc corr  14   7 o,n=   1.07836   1.97302
 Src-osrc corr  15   7 o,n=   5.18947   7.27859
 Src-osrc corr  16   7 o,n=   3.42438   0.48496
 Src-osrc corr  17   7 o,n=   1.82188   1.46495
 Src-osrc corr  10   8 o,n=   0.67115   0.05345
 Src-osrc corr  11   8 o,n=  19.63026  19.66349
 Src-osrc corr  14   8 o,n=   1.97302   0.12076
 Src-osrc corr  15   8 o,n=   7.27859   7.45476
 Src-osrc corr  17   8 o,n=   1.46495   1.39440
 Src-osrc corr  11   9 o,n=  19.66349  19.46229
 Src-osrc corr  15   9 o,n=   7.45476   7.24659
 Src-osrc corr  17   9 o,n=   1.39440   7.13874
 Src-osrc corr  10   1 o,n=   0.03671   0.03921
 Src-osrc corr  12   1 o,n=   0.00812   0.01187
 Src-osrc corr  11   2 o,n=  20.25274  18.83259
 Src-osrc corr  13   2 o,n=  18.79099  17.42394
 Src-osrc corr  10   3 o,n=   0.03921   0.48480
 Src-osrc corr  11   3 o,n=  18.83259  18.94923
 Src-osrc corr  15   3 o,n=   1.13042   1.85273
 Src-osrc corr  16   3 o,n=   0.05341   1.86894
 Src-osrc corr  10   4 o,n=   0.48480   0.36010
 Src-osrc corr  11   4 o,n=  18.94923  19.09111
 Src-osrc corr  14   4 o,n=   0.09012   0.77576
 Src-osrc corr  15   4 o,n=   1.85273   3.17394
 Src-osrc corr  16   4 o,n=   1.86894   0.94024
 Src-osrc corr  17   4 o,n=   0.43991   0.46087
 Src-osrc corr  10   5 o,n=   0.36010   0.04110
 Src-osrc corr  11   5 o,n=  19.09111  19.12100
 Src-osrc corr  14   5 o,n=   0.77576   0.09218
 Src-osrc corr  15   5 o,n=   3.17394   3.42990
 Src-osrc corr  16   5 o,n=   0.94024   0.48344
 Src-osrc corr  17   5 o,n=   0.46087   0.51818
 Src-osrc corr  10   6 o,n=   0.04110   0.39651
 Src-osrc corr  11   6 o,n=  19.12100  19.12008
 Src-osrc corr  14   6 o,n=   0.09218   1.07838
 Src-osrc corr  15   6 o,n=   3.42990   5.19012
 Src-osrc corr  16   6 o,n=   0.48344   3.42463
 Src-osrc corr  17   6 o,n=   0.51818   1.82239
 Src-osrc corr  10   7 o,n=   0.39651   0.67062
 Src-osrc corr  11   7 o,n=  19.12008  19.57075
 Src-osrc corr  14   7 o,n=   1.07838   1.97317
 Src-osrc corr  15   7 o,n=   5.19012   7.27916
 Src-osrc corr  16   7 o,n=   3.42463   0.48519
 Src-osrc corr  17   7 o,n=   1.82239   1.46545
 Src-osrc corr  10   8 o,n=   0.67062   0.05232
 Src-osrc corr  11   8 o,n=  19.57075  19.60403
 Src-osrc corr  14   8 o,n=   1.97317   0.12085
 Src-osrc corr  15   8 o,n=   7.27916   7.45529
 Src-osrc corr  17   8 o,n=   1.46545   1.39491
 Src-osrc corr  11   9 o,n=  19.60403  19.40253
 Src-osrc corr  15   9 o,n=   7.45529   7.24729
 Src-osrc corr  17   9 o,n=   1.39491   7.14025
 Src-osrc corr  10   1 o,n=   0.03623   0.03898
 Src-osrc corr  12   1 o,n=   0.00876   0.01293
 Src-osrc corr  11   2 o,n=  20.17553  18.75595
 Src-osrc corr  13   2 o,n=  18.71700  17.34989
 Src-osrc corr  10   3 o,n=   0.03898   0.48415
 Src-osrc corr  11   3 o,n=  18.75595  18.87371
 Src-osrc corr  15   3 o,n=   1.12789   1.85193
 Src-osrc corr  16   3 o,n=   0.05347   1.86954
 Src-osrc corr  10   4 o,n=   0.48415   0.36016
 Src-osrc corr  11   4 o,n=  18.87371  19.01726
 Src-osrc corr  14   4 o,n=   0.09047   0.77627
 Src-osrc corr  15   4 o,n=   1.85193   3.17552
 Src-osrc corr  16   4 o,n=   1.86954   0.94088
 Src-osrc corr  17   4 o,n=   0.43882   0.45996
 Src-osrc corr  10   5 o,n=   0.36016   0.04107
 Src-osrc corr  11   5 o,n=  19.01726  19.04784
 Src-osrc corr  14   5 o,n=   0.77627   0.09274
 Src-osrc corr  15   5 o,n=   3.17552   3.43193
 Src-osrc corr  16   5 o,n=   0.94088   0.48399
 Src-osrc corr  17   5 o,n=   0.45996   0.51760
 Src-osrc corr  10   6 o,n=   0.04107   0.39595
 Src-osrc corr  11   6 o,n=  19.04784  19.05470
 Src-osrc corr  14   6 o,n=   0.09274   1.07866
 Src-osrc corr  15   6 o,n=   3.43193   5.19312
 Src-osrc corr  16   6 o,n=   0.48399   3.42561
 Src-osrc corr  17   6 o,n=   0.51760   1.82243
 Src-osrc corr  10   7 o,n=   0.39595   0.67046
 Src-osrc corr  11   7 o,n=  19.05470  19.50758
 Src-osrc corr  14   7 o,n=   1.07866   1.97363
 Src-osrc corr  15   7 o,n=   5.19312   7.28263
 Src-osrc corr  16   7 o,n=   3.42561   0.48597
 Src-osrc corr  17   7 o,n=   1.82243   1.46529
 Src-osrc corr  10   8 o,n=   0.67046   0.05264
 Src-osrc corr  11   8 o,n=  19.50758  19.54095
 Src-osrc corr  14   8 o,n=   1.97363   0.12246
 Src-osrc corr  15   8 o,n=   7.28263   7.45875
 Src-osrc corr  17   8 o,n=   1.46529   1.39473
 Src-osrc corr  11   9 o,n=  19.54095  19.34055
 Src-osrc corr  15   9 o,n=   7.45875   7.24962
 Src-osrc corr  17   9 o,n=   1.39473   7.13914
 Reaction Xsec     2.0-/ 3 @ 2 =    46.028 , Out:   5.378#   1.833    2.415    2.030    9.837/   1.334/  39.739f
 Allocate arrays for           18  channels, of which           18  need wfs.

 Total SPIN, PARITY =     3.0 +,     18 chs,     18 cc.  Rmin & Coul turning =    0.4    3.6
 Src-osrc corr  11   1 o,n=  15.57945  14.81768
 Src-osrc corr  13   1 o,n=  16.37092  15.64364
 Src-osrc corr  11   3 o,n=  14.81768  14.96806
 Src-osrc corr  15   3 o,n=   2.65074   2.65399
 Src-osrc corr  17   3 o,n=   0.86608   2.06618
 Src-osrc corr  11   4 o,n=  14.96806  14.96003
 Src-osrc corr  12   4 o,n=   0.00578   0.24048
 Src-osrc corr  15   4 o,n=   2.65399   2.68908
 Src-osrc corr  16   4 o,n=   0.01130   0.48731
 Src-osrc corr  17   4 o,n=   2.06618   2.29526
 Src-osrc corr  11   5 o,n=  14.96003  14.87619
 Src-osrc corr  12   5 o,n=   0.24048   0.22148
 Src-osrc corr  16   5 o,n=   0.48731   0.35757
 Src-osrc corr  17   5 o,n=   2.29526   3.81495
 Src-osrc corr  18   5 o,n=   0.00582   0.24221
 Src-osrc corr  11   6 o,n=  14.87619  14.92335
 Src-osrc corr  12   6 o,n=   0.22148   0.00581
 Src-osrc corr  15   6 o,n=   2.68908   4.80600
 Src-osrc corr  16   6 o,n=   0.35757   0.29142
 Src-osrc corr  17   6 o,n=   3.81495   5.78965
 Src-osrc corr  18   6 o,n=   0.24221   0.05291
 Src-osrc corr  11   7 o,n=  14.92335  14.92075
 Src-osrc corr  12   7 o,n=   0.00581   0.22216
 Src-osrc corr  15   7 o,n=   4.80600   4.74871
 Src-osrc corr  16   7 o,n=   0.29142   0.46295
 Src-osrc corr  17   7 o,n=   5.78965   5.89980
 Src-osrc corr  18   7 o,n=   0.05291   0.19144
 Src-osrc corr  11   8 o,n=  14.92075  14.86303
 Src-osrc corr  12   8 o,n=   0.22216   0.32436
 Src-osrc corr  16   8 o,n=   0.46295   0.67577
 Src-osrc corr  17   8 o,n=   5.89980   6.79989
 Src-osrc corr  18   8 o,n=   0.19144   0.47645
 Src-osrc corr  11   9 o,n=  14.86303  16.81570
 Src-osrc corr  12   9 o,n=   0.32436   0.00533
 Src-osrc corr  15   9 o,n=   4.74871  18.26256
 Src-osrc corr  16   9 o,n=   0.67577   0.47730
 Src-osrc corr  18   9 o,n=   0.47645   0.05754
 Src-osrc corr  11   1 o,n=  15.57945  14.81768
 Src-osrc corr  13   1 o,n=  16.37092  15.64364
 Src-osrc corr  11   3 o,n=  14.81768  14.96806
 Src-osrc corr  15   3 o,n=   2.65074   2.65399
 Src-osrc corr  17   3 o,n=   0.86608   2.06618
 Src-osrc corr  11   4 o,n=  14.96806  14.96003
 Src-osrc corr  12   4 o,n=   0.00578   0.24048
 Src-osrc corr  15   4 o,n=   2.65399   2.68908
 Src-osrc corr  16   4 o,n=   0.01130   0.48731
 Src-osrc corr  17   4 o,n=   2.06618   2.29526
 Src-osrc corr  11   5 o,n=  14.96003  14.87619
 Src-osrc corr  12   5 o,n=   0.24048   0.22148
 Src-osrc corr  16   5 o,n=   0.48731   0.35757
 Src-osrc corr  17   5 o,n=   2.29526   3.81495
 Src-osrc corr  18   5 o,n=   0.00582   0.24221
 Src-osrc corr  11   6 o,n=  14.87619  14.92335
 Src-osrc corr  12   6 o,n=   0.22148   0.00581
 Src-osrc corr  15   6 o,n=   2.68908   4.80600
 Src-osrc corr  16   6 o,n=   0.35757   0.29142
 Src-osrc corr  17   6 o,n=   3.81495   5.78965
 Src-osrc corr  18   6 o,n=   0.24221   0.05291
 Src-osrc corr  11   7 o,n=  14.92335  14.92075
 Src-osrc corr  12   7 o,n=   0.00581   0.22216
 Src-osrc corr  15   7 o,n=   4.80600   4.74871
 Src-osrc corr  16   7 o,n=   0.29142   0.46295
 Src-osrc corr  17   7 o,n=   5.78965   5.89980
 Src-osrc corr  18   7 o,n=   0.05291   0.19144
 Src-osrc corr  11   8 o,n=  14.92075  14.86303
 Src-osrc corr  12   8 o,n=   0.22216   0.32436
 Src-osrc corr  16   8 o,n=   0.46295   0.67577
 Src-osrc corr  17   8 o,n=   5.89980   6.79989
 Src-osrc corr  18   8 o,n=   0.19144   0.47645
 Src-osrc corr  11   9 o,n=  14.86303  16.81570
 Src-osrc corr  12   9 o,n=   0.32436   0.00533
 Src-osrc corr  15   9 o,n=   4.74871  18.26256
 Src-osrc corr  16   9 o,n=   0.67577   0.47730
 Src-osrc corr  18   9 o,n=   0.47645   0.05754
 Src-osrc corr  11   1 o,n=  15.07497  14.69928
 Src-osrc corr  13   1 o,n=  16.07194  15.63652
 Src-osrc corr  12   2 o,n=   0.00590   0.00590
 Src-osrc corr  14   2 o,n=   0.00031   0.00028
 Src-osrc corr  11   3 o,n=  14.69928  14.89678
 Src-osrc corr  15   3 o,n=   3.92807   3.93545
 Src-osrc corr  17   3 o,n=   0.94505   2.06085
 Src-osrc corr  11   4 o,n=  14.89678  14.89052
 Src-osrc corr  12   4 o,n=   0.00590   0.22508
 Src-osrc corr  15   4 o,n=   3.93545   3.96845
 Src-osrc corr  16   4 o,n=   0.01310   0.45483
 Src-osrc corr  17   4 o,n=   2.06085   2.28193
 Src-osrc corr  11   5 o,n=  14.89052  14.82751
 Src-osrc corr  12   5 o,n=   0.22508   0.20705
 Src-osrc corr  16   5 o,n=   0.45483   0.33550
 Src-osrc corr  17   5 o,n=   2.28193   3.75704
 Src-osrc corr  18   5 o,n=   0.00927   0.22848
 Src-osrc corr  11   6 o,n=  14.82751  14.87416
 Src-osrc corr  12   6 o,n=   0.20705   0.00643
 Src-osrc corr  15   6 o,n=   3.96845   5.63123
 Src-osrc corr  16   6 o,n=   0.33550   0.27132
 Src-osrc corr  17   6 o,n=   3.75704   5.67616
 Src-osrc corr  18   6 o,n=   0.22848   0.05015
 Src-osrc corr  11   7 o,n=  14.87416  14.87114
 Src-osrc corr  12   7 o,n=   0.00643   0.21678
 Src-osrc corr  15   7 o,n=   5.63123   5.57559
 Src-osrc corr  16   7 o,n=   0.27132   0.44279
 Src-osrc corr  17   7 o,n=   5.67616   5.78768
 Src-osrc corr  18   7 o,n=   0.05015   0.18898
 Src-osrc corr  11   8 o,n=  14.87114  14.80020
 Src-osrc corr  12   8 o,n=   0.21678   0.31779
 Src-osrc corr  16   8 o,n=   0.44279   0.66068
 Src-osrc corr  17   8 o,n=   5.78768   6.70209
 Src-osrc corr  18   8 o,n=   0.18898   0.46755
 Src-osrc corr  11   9 o,n=  14.80020  16.52372
 Src-osrc corr  12   9 o,n=   0.31779   0.00666
 Src-osrc corr  15   9 o,n=   5.57559  18.95674
 Src-osrc corr  16   9 o,n=   0.66068   0.45697
 Src-osrc corr  18   9 o,n=   0.46755   0.05590
 Src-osrc corr  12  10 o,n=   0.00666   0.00673
 Src-osrc corr  16  10 o,n=   0.45697   0.45697
 Src-osrc corr  18  10 o,n=   0.05590   0.05576
 Psi(EL) renorm. by  1.17E+00-5.04E-02, Conv =  1.09669 %
 Src-osrc corr  11   1 o,n=  16.39438  16.10500
 Src-osrc corr  13   1 o,n=  17.09202  16.80265
 Src-osrc corr  12   2 o,n=   0.01090   0.01094
 Src-osrc corr  14   2 o,n=   0.00015   0.00012
 Src-osrc corr  11   3 o,n=  16.10500  16.31289
 Src-osrc corr  15   3 o,n=   4.70669   4.69519
 Src-osrc corr  17   3 o,n=   0.98450   2.08927
 Src-osrc corr  11   4 o,n=  16.31289  16.30842
 Src-osrc corr  12   4 o,n=   0.01094   0.22671
 Src-osrc corr  15   4 o,n=   4.69519   4.72386
 Src-osrc corr  16   4 o,n=   0.02765   0.45970
 Src-osrc corr  17   4 o,n=   2.08927   2.31708
 Src-osrc corr  11   5 o,n=  16.30842  16.27012
 Src-osrc corr  12   5 o,n=   0.22671   0.20729
 Src-osrc corr  16   5 o,n=   0.45970   0.33743
 Src-osrc corr  17   5 o,n=   2.31708   3.83028
 Src-osrc corr  18   5 o,n=   0.01792   0.22940
 Src-osrc corr  11   6 o,n=  16.27012  16.39422
 Src-osrc corr  12   6 o,n=   0.20729   0.01166
 Src-osrc corr  15   6 o,n=   4.72386   6.29092
 Src-osrc corr  16   6 o,n=   0.33743   0.27814
 Src-osrc corr  17   6 o,n=   3.83028   5.79334
 Src-osrc corr  18   6 o,n=   0.22940   0.05561
 Src-osrc corr  11   7 o,n=  16.39422  16.39172
 Src-osrc corr  12   7 o,n=   0.01166   0.22363
 Src-osrc corr  15   7 o,n=   6.29092   6.23535
 Src-osrc corr  16   7 o,n=   0.27814   0.45321
 Src-osrc corr  17   7 o,n=   5.79334   5.90490
 Src-osrc corr  18   7 o,n=   0.05561   0.19822
 Src-osrc corr  11   8 o,n=  16.39172  16.34355
 Src-osrc corr  12   8 o,n=   0.22363   0.32772
 Src-osrc corr  16   8 o,n=   0.45321   0.68578
 Src-osrc corr  17   8 o,n=   5.90490   6.82436
 Src-osrc corr  18   8 o,n=   0.19822   0.48284
 Src-osrc corr  11   9 o,n=  16.34355  18.34663
 Src-osrc corr  12   9 o,n=   0.32772   0.01235
 Src-osrc corr  15   9 o,n=   6.23535  19.92087
 Src-osrc corr  16   9 o,n=   0.68578   0.46900
 Src-osrc corr  18   9 o,n=   0.48284   0.06165
 Src-osrc corr  12  10 o,n=   0.01235   0.01234
 Src-osrc corr  16  10 o,n=   0.46900   0.46903
 Src-osrc corr  18  10 o,n=   0.06165   0.06169
 Src-osrc corr  11   1 o,n=  15.80286  15.63194
 Src-osrc corr  13   1 o,n=  16.71090  16.48632
 Src-osrc corr  12   2 o,n=   0.00984   0.00974
 Src-osrc corr  14   2 o,n=   0.00060   0.00057
 Src-osrc corr  11   3 o,n=  15.63194  15.84146
 Src-osrc corr  15   3 o,n=   4.53967   4.53611
 Src-osrc corr  17   3 o,n=   0.95562   2.04499
 Src-osrc corr  11   4 o,n=  15.84146  15.83675
 Src-osrc corr  12   4 o,n=   0.00974   0.22108
 Src-osrc corr  15   4 o,n=   4.53611   4.56482
 Src-osrc corr  16   4 o,n=   0.02546   0.44799
 Src-osrc corr  17   4 o,n=   2.04499   2.26854
 Src-osrc corr  11   5 o,n=  15.83675  15.79407
 Src-osrc corr  12   5 o,n=   0.22108   0.20275
 Src-osrc corr  16   5 o,n=   0.44799   0.33023
 Src-osrc corr  17   5 o,n=   2.26854   3.75170
 Src-osrc corr  18   5 o,n=   0.01668   0.22444
 Src-osrc corr  11   6 o,n=  15.79407  15.88631
 Src-osrc corr  12   6 o,n=   0.20275   0.01042
 Src-osrc corr  15   6 o,n=   4.56482   6.09267
 Src-osrc corr  16   6 o,n=   0.33023   0.27021
 Src-osrc corr  17   6 o,n=   3.75170   5.67410
 Src-osrc corr  18   6 o,n=   0.22444   0.05330
 Src-osrc corr  11   7 o,n=  15.88631  15.88354
 Src-osrc corr  12   7 o,n=   0.01042   0.21935
 Src-osrc corr  15   7 o,n=   6.09267   6.03776
 Src-osrc corr  16   7 o,n=   0.27021   0.44507
 Src-osrc corr  17   7 o,n=   5.67410   5.78578
 Src-osrc corr  18   7 o,n=   0.05330   0.19391
 Src-osrc corr  11   8 o,n=  15.88354  15.82479
 Src-osrc corr  12   8 o,n=   0.21935   0.32195
 Src-osrc corr  16   8 o,n=   0.44507   0.67020
 Src-osrc corr  17   8 o,n=   5.78578   6.70323
 Src-osrc corr  18   8 o,n=   0.19391   0.47370
 Src-osrc corr  11   9 o,n=  15.82479  17.64454
 Src-osrc corr  12   9 o,n=   0.32195   0.01128
 Src-osrc corr  15   9 o,n=   6.03776  19.52230
 Src-osrc corr  16   9 o,n=   0.67020   0.46054
 Src-osrc corr  18   9 o,n=   0.47370   0.05931
 Src-osrc corr  12  10 o,n=   0.01128   0.01134
 Src-osrc corr  16  10 o,n=   0.46054   0.46052
 Src-osrc corr  18  10 o,n=   0.05931   0.05934
 Src-osrc corr  11   1 o,n=  15.14717  15.18931
 Src-osrc corr  13   1 o,n=  16.27386  16.18337
 Src-osrc corr  12   2 o,n=   0.00901   0.00910
 Src-osrc corr  14   2 o,n=   0.00104   0.00092
 Src-osrc corr  11   3 o,n=  15.18931  15.41529
 Src-osrc corr  15   3 o,n=   4.54421   4.54864
 Src-osrc corr  17   3 o,n=   0.94611   2.00835
 Src-osrc corr  11   4 o,n=  15.41529  15.41134
 Src-osrc corr  12   4 o,n=   0.00910   0.21299
 Src-osrc corr  15   4 o,n=   4.54864   4.57646
 Src-osrc corr  16   4 o,n=   0.02631   0.43234
 Src-osrc corr  17   4 o,n=   2.00835   2.22920
 Src-osrc corr  11   5 o,n=  15.41134  15.37795
 Src-osrc corr  12   5 o,n=   0.21299   0.19599
 Src-osrc corr  16   5 o,n=   0.43234   0.32026
 Src-osrc corr  17   5 o,n=   2.22920   3.69214
 Src-osrc corr  18   5 o,n=   0.01731   0.21751
 Src-osrc corr  11   6 o,n=  15.37795  15.48192
 Src-osrc corr  12   6 o,n=   0.19599   0.00976
 Src-osrc corr  15   6 o,n=   4.57646   6.03962
 Src-osrc corr  16   6 o,n=   0.32026   0.26066
 Src-osrc corr  17   6 o,n=   3.69214   5.58464
 Src-osrc corr  18   6 o,n=   0.21751   0.05155
 Src-osrc corr  11   7 o,n=  15.48192  15.47901
 Src-osrc corr  12   7 o,n=   0.00976   0.21650
 Src-osrc corr  15   7 o,n=   6.03962   5.98528
 Src-osrc corr  16   7 o,n=   0.26066   0.43703
 Src-osrc corr  17   7 o,n=   5.58464   5.69721
 Src-osrc corr  18   7 o,n=   0.05155   0.19233
 Src-osrc corr  11   8 o,n=  15.47901  15.41569
 Src-osrc corr  12   8 o,n=   0.21650   0.31894
 Src-osrc corr  16   8 o,n=   0.43703   0.66279
 Src-osrc corr  17   8 o,n=   5.69721   6.62095
 Src-osrc corr  18   8 o,n=   0.19233   0.46923
 Src-osrc corr  11   9 o,n=  15.41569  17.09705
 Src-osrc corr  12   9 o,n=   0.31894   0.01089
 Src-osrc corr  15   9 o,n=   5.98528  19.40529
 Src-osrc corr  16   9 o,n=   0.66279   0.45237
 Src-osrc corr  18   9 o,n=   0.46923   0.05808
 Src-osrc corr  12  10 o,n=   0.01089   0.01093
 Src-osrc corr  16  10 o,n=   0.45237   0.45241
 Src-osrc corr  18  10 o,n=   0.05808   0.05806
 Src-osrc corr  11   1 o,n=  15.18201  15.28922
 Src-osrc corr  13   1 o,n=  16.38723  16.35201
 Src-osrc corr  12   2 o,n=   0.00934   0.00947
 Src-osrc corr  14   2 o,n=   0.00062   0.00052
 Src-osrc corr  11   3 o,n=  15.28922  15.51868
 Src-osrc corr  15   3 o,n=   4.59125   4.59375
 Src-osrc corr  17   3 o,n=   0.94577   2.00084
 Src-osrc corr  11   4 o,n=  15.51868  15.51502
 Src-osrc corr  12   4 o,n=   0.00947   0.21156
 Src-osrc corr  15   4 o,n=   4.59375   4.62165
 Src-osrc corr  16   4 o,n=   0.02640   0.42915
 Src-osrc corr  17   4 o,n=   2.00084   2.22195
 Src-osrc corr  11   5 o,n=  15.51502  15.48537
 Src-osrc corr  12   5 o,n=   0.21156   0.19471
 Src-osrc corr  16   5 o,n=   0.42915   0.31804
 Src-osrc corr  17   5 o,n=   2.22195   3.68480
 Src-osrc corr  18   5 o,n=   0.01738   0.21593
 Src-osrc corr  11   6 o,n=  15.48537  15.59900
 Src-osrc corr  12   6 o,n=   0.19471   0.01011
 Src-osrc corr  15   6 o,n=   4.62165   6.06649
 Src-osrc corr  16   6 o,n=   0.31804   0.25869
 Src-osrc corr  17   6 o,n=   3.68480   5.57587
 Src-osrc corr  18   6 o,n=   0.21593   0.05119
 Src-osrc corr  11   7 o,n=  15.59900  15.59611
 Src-osrc corr  12   7 o,n=   0.01011   0.21671
 Src-osrc corr  15   7 o,n=   6.06649   6.01241
 Src-osrc corr  16   7 o,n=   0.25869   0.43575
 Src-osrc corr  17   7 o,n=   5.57587   5.68833
 Src-osrc corr  18   7 o,n=   0.05119   0.19253
 Src-osrc corr  11   8 o,n=  15.59611  15.53383
 Src-osrc corr  12   8 o,n=   0.21671   0.31927
 Src-osrc corr  16   8 o,n=   0.43575   0.66344
 Src-osrc corr  17   8 o,n=   5.68833   6.61065
 Src-osrc corr  18   8 o,n=   0.19253   0.46955
 Src-osrc corr  11   9 o,n=  15.53383  17.20287
 Src-osrc corr  12   9 o,n=   0.31927   0.01130
 Src-osrc corr  15   9 o,n=   6.01241  19.41869
 Src-osrc corr  16   9 o,n=   0.66344   0.45105
 Src-osrc corr  18   9 o,n=   0.46955   0.05787
 Src-osrc corr  12  10 o,n=   0.01130   0.01125
 Src-osrc corr  16  10 o,n=   0.45105   0.45110
 Src-osrc corr  18  10 o,n=   0.05787   0.05811
 Src-osrc corr  11   1 o,n=  15.03566  15.22101
 Src-osrc corr  13   1 o,n=  16.34065  16.36532
 Src-osrc corr  12   2 o,n=   0.00862   0.00871
 Src-osrc corr  14   2 o,n=   0.00066   0.00057
 Src-osrc corr  11   3 o,n=  15.22101  15.44820
 Src-osrc corr  15   3 o,n=   4.47069   4.47775
 Src-osrc corr  17   3 o,n=   0.92701   1.97752
 Src-osrc corr  11   4 o,n=  15.44820  15.44430
 Src-osrc corr  12   4 o,n=   0.00871   0.20913
 Src-osrc corr  15   4 o,n=   4.47775   4.50533
 Src-osrc corr  16   4 o,n=   0.02479   0.42406
 Src-osrc corr  17   4 o,n=   1.97752   2.19646
 Src-osrc corr  11   5 o,n=  15.44430  15.41089
 Src-osrc corr  12   5 o,n=   0.20913   0.19277
 Src-osrc corr  16   5 o,n=   0.42406   0.31480
 Src-osrc corr  17   5 o,n=   2.19646   3.64364
 Src-osrc corr  18   5 o,n=   0.01643   0.21368
 Src-osrc corr  11   6 o,n=  15.41089  15.50375
 Src-osrc corr  12   6 o,n=   0.19277   0.00934
 Src-osrc corr  15   6 o,n=   4.50533   5.93916
 Src-osrc corr  16   6 o,n=   0.31480   0.25513
 Src-osrc corr  17   6 o,n=   3.64364   5.51344
 Src-osrc corr  18   6 o,n=   0.21368   0.05002
 Src-osrc corr  11   7 o,n=  15.50375  15.50071
 Src-osrc corr  12   7 o,n=   0.00934   0.21446
 Src-osrc corr  15   7 o,n=   5.93916   5.88524
 Src-osrc corr  16   7 o,n=   0.25513   0.43225
 Src-osrc corr  17   7 o,n=   5.51344   5.62615
 Src-osrc corr  18   7 o,n=   0.05002   0.19002
 Src-osrc corr  11   8 o,n=  15.50071  15.43190
 Src-osrc corr  12   8 o,n=   0.21446   0.31629
 Src-osrc corr  16   8 o,n=   0.43225   0.65470
 Src-osrc corr  17   8 o,n=   5.62615   6.54851
 Src-osrc corr  18   8 o,n=   0.19002   0.46455
 Src-osrc corr  11   9 o,n=  15.43190  16.98545
 Src-osrc corr  12   9 o,n=   0.31629   0.01060
 Src-osrc corr  15   9 o,n=   5.88524  19.18913
 Src-osrc corr  16   9 o,n=   0.65470   0.44739
 Src-osrc corr  18   9 o,n=   0.46455   0.05654
 Src-osrc corr  12  10 o,n=   0.01060   0.01056
 Src-osrc corr  16  10 o,n=   0.44739   0.44743
 Src-osrc corr  18  10 o,n=   0.05654   0.05674
 Src-osrc corr  11   1 o,n=  14.86485  15.13235
 Src-osrc corr  13   1 o,n=  16.24922  16.33424
 Src-osrc corr  12   2 o,n=   0.00821   0.00833
 Src-osrc corr  14   2 o,n=   0.00077   0.00067
 Src-osrc corr  11   3 o,n=  15.13235  15.36163
 Src-osrc corr  15   3 o,n=   4.41392   4.42453
 Src-osrc corr  17   3 o,n=   0.91674   1.96016
 Src-osrc corr  11   4 o,n=  15.36163  15.35781
 Src-osrc corr  12   4 o,n=   0.00833   0.20649
 Src-osrc corr  15   4 o,n=   4.42453   4.45161
 Src-osrc corr  16   4 o,n=   0.02428   0.41876
 Src-osrc corr  17   4 o,n=   1.96016   2.17778
 Src-osrc corr  11   5 o,n=  15.35781  15.32508
 Src-osrc corr  12   5 o,n=   0.20649   0.19057
 Src-osrc corr  16   5 o,n=   0.41876   0.31132
 Src-osrc corr  17   5 o,n=   2.17778   3.61471
 Src-osrc corr  18   5 o,n=   0.01614   0.21124
 Src-osrc corr  11   6 o,n=  15.32508  15.41343
 Src-osrc corr  12   6 o,n=   0.19057   0.00894
 Src-osrc corr  15   6 o,n=   4.45161   5.87137
 Src-osrc corr  16   6 o,n=   0.31132   0.25172
 Src-osrc corr  17   6 o,n=   3.61471   5.46981
 Src-osrc corr  18   6 o,n=   0.21124   0.04920
 Src-osrc corr  11   7 o,n=  15.41343  15.41030
 Src-osrc corr  12   7 o,n=   0.00894   0.21308
 Src-osrc corr  15   7 o,n=   5.87137   5.81758
 Src-osrc corr  16   7 o,n=   0.25172   0.42940
 Src-osrc corr  17   7 o,n=   5.46981   5.58285
 Src-osrc corr  18   7 o,n=   0.04920   0.18869
 Src-osrc corr  11   8 o,n=  15.41030  15.33809
 Src-osrc corr  12   8 o,n=   0.21308   0.31462
 Src-osrc corr  16   8 o,n=   0.42940   0.64978
 Src-osrc corr  17   8 o,n=   5.58285   6.50692
 Src-osrc corr  18   8 o,n=   0.18869   0.46171
 Src-osrc corr  11   9 o,n=  15.33809  16.81441
 Src-osrc corr  12   9 o,n=   0.31462   0.01025
 Src-osrc corr  15   9 o,n=   5.81758  19.07350
 Src-osrc corr  16   9 o,n=   0.64978   0.44446
 Src-osrc corr  18   9 o,n=   0.46171   0.05573
 Src-osrc corr  12  10 o,n=   0.01025   0.01019
 Src-osrc corr  16  10 o,n=   0.44446   0.44451
 Src-osrc corr  18  10 o,n=   0.05573   0.05592
 Src-osrc corr  11   1 o,n=  14.91345  15.20859
 Src-osrc corr  13   1 o,n=  16.32045  16.43214
 Src-osrc corr  12   2 o,n=   0.00802   0.00814
 Src-osrc corr  14   2 o,n=   0.00070   0.00060
 Src-osrc corr  11   3 o,n=  15.20859  15.43617
 Src-osrc corr  15   3 o,n=   4.38726   4.39846
 Src-osrc corr  17   3 o,n=   0.91115   1.95274
 Src-osrc corr  11   4 o,n=  15.43617  15.43227
 Src-osrc corr  12   4 o,n=   0.00814   0.20579
 Src-osrc corr  15   4 o,n=   4.39846   4.42548
 Src-osrc corr  16   4 o,n=   0.02372   0.41724
 Src-osrc corr  17   4 o,n=   1.95274   2.16984
 Src-osrc corr  11   5 o,n=  15.43227  15.39818
 Src-osrc corr  12   5 o,n=   0.20579   0.18997
 Src-osrc corr  16   5 o,n=   0.41724   0.31025
 Src-osrc corr  17   5 o,n=   2.16984   3.60249
 Src-osrc corr  18   5 o,n=   0.01581   0.21051
 Src-osrc corr  11   6 o,n=  15.39818  15.47987
 Src-osrc corr  12   6 o,n=   0.18997   0.00877
 Src-osrc corr  15   6 o,n=   4.42548   5.84158
 Src-osrc corr  16   6 o,n=   0.31025   0.25065
 Src-osrc corr  17   6 o,n=   3.60249   5.45157
 Src-osrc corr  18   6 o,n=   0.21051   0.04885
 Src-osrc corr  11   7 o,n=  15.47987  15.47668
 Src-osrc corr  12   7 o,n=   0.00877   0.21249
 Src-osrc corr  15   7 o,n=   5.84158   5.78791
 Src-osrc corr  16   7 o,n=   0.25065   0.42841
 Src-osrc corr  17   7 o,n=   5.45157   5.56453
 Src-osrc corr  18   7 o,n=   0.04885   0.18796
 Src-osrc corr  11   8 o,n=  15.47668  15.40238
 Src-osrc corr  12   8 o,n=   0.21249   0.31382
 Src-osrc corr  16   8 o,n=   0.42841   0.64735
 Src-osrc corr  17   8 o,n=   5.56453   6.48728
 Src-osrc corr  18   8 o,n=   0.18796   0.46030
 Src-osrc corr  11   9 o,n=  15.40238  16.83973
 Src-osrc corr  12   9 o,n=   0.31382   0.01008
 Src-osrc corr  15   9 o,n=   5.78791  19.00343
 Src-osrc corr  16   9 o,n=   0.64735   0.44341
 Src-osrc corr  18   9 o,n=   0.46030   0.05531
 Src-osrc corr  12  10 o,n=   0.01008   0.01001
 Src-osrc corr  16  10 o,n=   0.44341   0.44346
 Src-osrc corr  18  10 o,n=   0.05531   0.05551
 Src-osrc corr  11   1 o,n=  14.94302  15.26739
 Src-osrc corr  13   1 o,n=  16.37279  16.51191
 Src-osrc corr  12   2 o,n=   0.00772   0.00782
 Src-osrc corr  14   2 o,n=   0.00070   0.00060
 Src-osrc corr  11   3 o,n=  15.26739  15.49215
 Src-osrc corr  15   3 o,n=   4.33434   4.34735
 Src-osrc corr  17   3 o,n=   0.90295   1.94385
 Src-osrc corr  11   4 o,n=  15.49215  15.48807
 Src-osrc corr  12   4 o,n=   0.00782   0.20511
 Src-osrc corr  15   4 o,n=   4.34735   4.37423
 Src-osrc corr  16   4 o,n=   0.02297   0.41578
 Src-osrc corr  17   4 o,n=   1.94385   2.16001
 Src-osrc corr  11   5 o,n=  15.48807  15.45130
 Src-osrc corr  12   5 o,n=   0.20511   0.18944
 Src-osrc corr  16   5 o,n=   0.41578   0.30930
 Src-osrc corr  17   5 o,n=   2.16001   3.58614
 Src-osrc corr  18   5 o,n=   0.01537   0.20984
 Src-osrc corr  11   6 o,n=  15.45130  15.52100
 Src-osrc corr  12   6 o,n=   0.18944   0.00845
 Src-osrc corr  15   6 o,n=   4.37423   5.78834
 Src-osrc corr  16   6 o,n=   0.30930   0.24958
 Src-osrc corr  17   6 o,n=   3.58614   5.42649
 Src-osrc corr  18   6 o,n=   0.20984   0.04844
 Src-osrc corr  11   7 o,n=  15.52100  15.51774
 Src-osrc corr  12   7 o,n=   0.00845   0.21155
 Src-osrc corr  15   7 o,n=   5.78834   5.73474
 Src-osrc corr  16   7 o,n=   0.24958   0.42727
 Src-osrc corr  17   7 o,n=   5.42649   5.53949
 Src-osrc corr  18   7 o,n=   0.04844   0.18684
 Src-osrc corr  11   8 o,n=  15.51774  15.44011
 Src-osrc corr  12   8 o,n=   0.21155   0.31254
 Src-osrc corr  16   8 o,n=   0.42727   0.64352
 Src-osrc corr  17   8 o,n=   5.53949   6.46169
 Src-osrc corr  18   8 o,n=   0.18684   0.45812
 Src-osrc corr  11   9 o,n=  15.44011  16.82298
 Src-osrc corr  12   9 o,n=   0.31254   0.00977
 Src-osrc corr  15   9 o,n=   5.73474  18.90140
 Src-osrc corr  16   9 o,n=   0.64352   0.44220
 Src-osrc corr  18   9 o,n=   0.45812   0.05476
 Src-osrc corr  12  10 o,n=   0.00977   0.00970
 Src-osrc corr  16  10 o,n=   0.44220   0.44224
 Src-osrc corr  18  10 o,n=   0.05476   0.05495
 Src-osrc corr  11   1 o,n=  14.94498  15.29145
 Src-osrc corr  13   1 o,n=  16.38882  16.54729
 Src-osrc corr  12   2 o,n=   0.00755   0.00765
 Src-osrc corr  14   2 o,n=   0.00072   0.00062
 Src-osrc corr  11   3 o,n=  15.29145  15.51509
 Src-osrc corr  15   3 o,n=   4.30495   4.31920
 Src-osrc corr  17   3 o,n=   0.89827   1.93792
 Src-osrc corr  11   4 o,n=  15.51509  15.51094
 Src-osrc corr  12   4 o,n=   0.00765   0.20449
 Src-osrc corr  15   4 o,n=   4.31920   4.34593
 Src-osrc corr  16   4 o,n=   0.02261   0.41450
 Src-osrc corr  17   4 o,n=   1.93792   2.15353
 Src-osrc corr  11   5 o,n=  15.51094  15.47306
 Src-osrc corr  12   5 o,n=   0.20449   0.18892
 Src-osrc corr  16   5 o,n=   0.41450   0.30843
 Src-osrc corr  17   5 o,n=   2.15353   3.57555
 Src-osrc corr  18   5 o,n=   0.01515   0.20924
 Src-osrc corr  11   6 o,n=  15.47306  15.53697
 Src-osrc corr  12   6 o,n=   0.18892   0.00827
 Src-osrc corr  15   6 o,n=   4.34593   5.75796
 Src-osrc corr  16   6 o,n=   0.30843   0.24870
 Src-osrc corr  17   6 o,n=   3.57555   5.41026
 Src-osrc corr  18   6 o,n=   0.20924   0.04817
 Src-osrc corr  11   7 o,n=  15.53697  15.53367
 Src-osrc corr  12   7 o,n=   0.00827   0.21098
 Src-osrc corr  15   7 o,n=   5.75796   5.70440
 Src-osrc corr  16   7 o,n=   0.24870   0.42644
 Src-osrc corr  17   7 o,n=   5.41026   5.52331
 Src-osrc corr  18   7 o,n=   0.04817   0.18620
 Src-osrc corr  11   8 o,n=  15.53367  15.45409
 Src-osrc corr  12   8 o,n=   0.21098   0.31179
 Src-osrc corr  16   8 o,n=   0.42644   0.64129
 Src-osrc corr  17   8 o,n=   5.52331   6.44539
 Src-osrc corr  18   8 o,n=   0.18620   0.45683
 Src-osrc corr  11   9 o,n=  15.45409  16.80252
 Src-osrc corr  12   9 o,n=   0.31179   0.00959
 Src-osrc corr  15   9 o,n=   5.70440  18.84363
 Src-osrc corr  16   9 o,n=   0.64129   0.44134
 Src-osrc corr  18   9 o,n=   0.45683   0.05443
 Src-osrc corr  12  10 o,n=   0.00959   0.00952
 Src-osrc corr  16  10 o,n=   0.44134   0.44138
 Src-osrc corr  18  10 o,n=   0.05443   0.05462
 Src-osrc corr  11   1 o,n=  14.99452  15.34602
 Src-osrc corr  13   1 o,n=  16.43560  16.60146
 Src-osrc corr  12   2 o,n=   0.00744   0.00755
 Src-osrc corr  14   2 o,n=   0.00071   0.00061
 Src-osrc corr  11   3 o,n=  15.34602  15.56771
 Src-osrc corr  15   3 o,n=   4.28764   4.30224
 Src-osrc corr  17   3 o,n=   0.89537   1.93479
 Src-osrc corr  11   4 o,n=  15.56771  15.56345
 Src-osrc corr  12   4 o,n=   0.00755   0.20434
 Src-osrc corr  15   4 o,n=   4.30224   4.32896
 Src-osrc corr  16   4 o,n=   0.02231   0.41415
 Src-osrc corr  17   4 o,n=   1.93479   2.15005
 Src-osrc corr  11   5 o,n=  15.56345  15.52408
 Src-osrc corr  12   5 o,n=   0.20434   0.18879
 Src-osrc corr  16   5 o,n=   0.41415   0.30817
 Src-osrc corr  17   5 o,n=   2.15005   3.56963
 Src-osrc corr  18   5 o,n=   0.01497   0.20906
 Src-osrc corr  11   6 o,n=  15.52408  15.58221
 Src-osrc corr  12   6 o,n=   0.18879   0.00817
 Src-osrc corr  15   6 o,n=   4.32896   5.74088
 Src-osrc corr  16   6 o,n=   0.30817   0.24843
 Src-osrc corr  17   6 o,n=   3.56963   5.40112
 Src-osrc corr  18   6 o,n=   0.20906   0.04804
 Src-osrc corr  11   7 o,n=  15.58221  15.57887
 Src-osrc corr  12   7 o,n=   0.00817   0.21063
 Src-osrc corr  15   7 o,n=   5.74088   5.68738
 Src-osrc corr  16   7 o,n=   0.24843   0.42606
 Src-osrc corr  17   7 o,n=   5.40112   5.51408
 Src-osrc corr  18   7 o,n=   0.04804   0.18576
 Src-osrc corr  11   8 o,n=  15.57887  15.49785
 Src-osrc corr  12   8 o,n=   0.21063   0.31127
 Src-osrc corr  16   8 o,n=   0.42606   0.63983
 Src-osrc corr  17   8 o,n=   5.51408   6.43505
 Src-osrc corr  18   8 o,n=   0.18576   0.45597
 Src-osrc corr  11   9 o,n=  15.49785  16.82497
 Src-osrc corr  12   9 o,n=   0.31127   0.00948
 Src-osrc corr  15   9 o,n=   5.68738  18.80098
 Src-osrc corr  16   9 o,n=   0.63983   0.44092
 Src-osrc corr  18   9 o,n=   0.45597   0.05423
 Src-osrc corr  12  10 o,n=   0.00948   0.00941
 Src-osrc corr  16  10 o,n=   0.44092   0.44096
 Src-osrc corr  18  10 o,n=   0.05423   0.05442
 Src-osrc corr  11   1 o,n=  15.03335  15.39020
 Src-osrc corr  13   1 o,n=  16.47314  16.64602
 Src-osrc corr  12   2 o,n=   0.00734   0.00744
 Src-osrc corr  14   2 o,n=   0.00070   0.00060
 Src-osrc corr  11   3 o,n=  15.39020  15.61012
 Src-osrc corr  15   3 o,n=   4.26897   4.28407
 Src-osrc corr  17   3 o,n=   0.89259   1.93209
 Src-osrc corr  11   4 o,n=  15.61012  15.60576
 Src-osrc corr  12   4 o,n=   0.00744   0.20424
 Src-osrc corr  15   4 o,n=   4.28407   4.31077
 Src-osrc corr  16   4 o,n=   0.02203   0.41391
 Src-osrc corr  17   4 o,n=   1.93209   2.14700
 Src-osrc corr  11   5 o,n=  15.60576  15.56494
 Src-osrc corr  12   5 o,n=   0.20424   0.18871
 Src-osrc corr  16   5 o,n=   0.41391   0.30800
 Src-osrc corr  17   5 o,n=   2.14700   3.56425
 Src-osrc corr  18   5 o,n=   0.01480   0.20894
 Src-osrc corr  11   6 o,n=  15.56494  15.61739
 Src-osrc corr  12   6 o,n=   0.18871   0.00807
 Src-osrc corr  15   6 o,n=   4.31077   5.72288
 Src-osrc corr  16   6 o,n=   0.30800   0.24822
 Src-osrc corr  17   6 o,n=   3.56425   5.39272
 Src-osrc corr  18   6 o,n=   0.20894   0.04793
 Src-osrc corr  11   7 o,n=  15.61739  15.61402
 Src-osrc corr  12   7 o,n=   0.00807   0.21029
 Src-osrc corr  15   7 o,n=   5.72288   5.66941
 Src-osrc corr  16   7 o,n=   0.24822   0.42574
 Src-osrc corr  17   7 o,n=   5.39272   5.50564
 Src-osrc corr  18   7 o,n=   0.04793   0.18534
 Src-osrc corr  11   8 o,n=  15.61402  15.53160
 Src-osrc corr  12   8 o,n=   0.21029   0.31078
 Src-osrc corr  16   8 o,n=   0.42574   0.63842
 Src-osrc corr  17   8 o,n=   5.50564   6.42595
 Src-osrc corr  18   8 o,n=   0.18534   0.45515
 Src-osrc corr  11   9 o,n=  15.53160  16.83841
 Src-osrc corr  12   9 o,n=   0.31078   0.00937
 Src-osrc corr  15   9 o,n=   5.66941  18.76174
 Src-osrc corr  16   9 o,n=   0.63842   0.44057
 Src-osrc corr  18   9 o,n=   0.45515   0.05405
 Src-osrc corr  12  10 o,n=   0.00937   0.00930
 Src-osrc corr  16  10 o,n=   0.44057   0.44062
 Src-osrc corr  18  10 o,n=   0.05405   0.05423
 Reaction Xsec     3.0+/ 2 @ 1 =    62.134 , Out:   0.012#   1.410    1.512    2.121    0.152    7.210/  56.931f
 Src-osrc corr  12   2 o,n=  16.30464  14.13579
 Src-osrc corr  14   2 o,n=  15.95680  13.78711
 Src-osrc corr  11   4 o,n=   0.03667   0.08806
 Src-osrc corr  12   4 o,n=  14.13579  13.86209
 Src-osrc corr  15   4 o,n=   0.07875   0.23076
 Src-osrc corr  16   4 o,n=   0.36215   1.60486
 Src-osrc corr  17   4 o,n=   0.04446   0.64736
 Src-osrc corr  11   5 o,n=   0.08806   0.10974
 Src-osrc corr  12   5 o,n=  13.86209  13.82681
 Src-osrc corr  16   5 o,n=   1.60486   2.05799
 Src-osrc corr  17   5 o,n=   0.64736   0.06138
 Src-osrc corr  18   5 o,n=   0.14746   0.17039
 Src-osrc corr  11   6 o,n=   0.10974   0.03658
 Src-osrc corr  12   6 o,n=  13.82681  13.82505
 Src-osrc corr  15   6 o,n=   0.23076   0.07865
 Src-osrc corr  16   6 o,n=   2.05799   2.11540
 Src-osrc corr  17   6 o,n=   0.06138   0.17233
 Src-osrc corr  18   6 o,n=   0.17039   0.19111
 Src-osrc corr  11   7 o,n=   0.03658   0.14818
 Src-osrc corr  12   7 o,n=  13.82505  13.73267
 Src-osrc corr  15   7 o,n=   0.07865   1.15639
 Src-osrc corr  16   7 o,n=   2.11540   1.47358
 Src-osrc corr  17   7 o,n=   0.17233   2.53715
 Src-osrc corr  18   7 o,n=   0.19111   0.97405
 Src-osrc corr  11   8 o,n=   0.14818   0.39638
 Src-osrc corr  12   8 o,n=  13.73267  13.81850
 Src-osrc corr  16   8 o,n=   1.47358   1.56612
 Src-osrc corr  17   8 o,n=   2.53715   0.57201
 Src-osrc corr  18   8 o,n=   0.97405   0.82453
 Src-osrc corr  11   9 o,n=   0.39638   0.04424
 Src-osrc corr  12   9 o,n=  13.81850  13.82284
 Src-osrc corr  15   9 o,n=   1.15639   0.09465
 Src-osrc corr  16   9 o,n=   1.56612   1.57868
 Src-osrc corr  18   9 o,n=   0.82453   0.81043
 Src-osrc corr  12  10 o,n=  13.82284  15.11973
 Src-osrc corr  16  10 o,n=   1.57868   2.77840
 Src-osrc corr  18  10 o,n=   0.81043   6.33063
 Src-osrc corr  12   2 o,n=  16.30464  14.13579
 Src-osrc corr  14   2 o,n=  15.95680  13.78711
 Src-osrc corr  11   4 o,n=   0.03667   0.08806
 Src-osrc corr  12   4 o,n=  14.13579  13.86209
 Src-osrc corr  15   4 o,n=   0.07875   0.23076
 Src-osrc corr  16   4 o,n=   0.36215   1.60486
 Src-osrc corr  17   4 o,n=   0.04446   0.64736
 Src-osrc corr  11   5 o,n=   0.08806   0.10974
 Src-osrc corr  12   5 o,n=  13.86209  13.82681
 Src-osrc corr  16   5 o,n=   1.60486   2.05799
 Src-osrc corr  17   5 o,n=   0.64736   0.06138
 Src-osrc corr  18   5 o,n=   0.14746   0.17039
 Src-osrc corr  11   6 o,n=   0.10974   0.03658
 Src-osrc corr  12   6 o,n=  13.82681  13.82505
 Src-osrc corr  15   6 o,n=   0.23076   0.07865
 Src-osrc corr  16   6 o,n=   2.05799   2.11540
 Src-osrc corr  17   6 o,n=   0.06138   0.17233
 Src-osrc corr  18   6 o,n=   0.17039   0.19111
 Src-osrc corr  11   7 o,n=   0.03658   0.14818
 Src-osrc corr  12   7 o,n=  13.82505  13.73267
 Src-osrc corr  15   7 o,n=   0.07865   1.15639
 Src-osrc corr  16   7 o,n=   2.11540   1.47358
 Src-osrc corr  17   7 o,n=   0.17233   2.53715
 Src-osrc corr  18   7 o,n=   0.19111   0.97405
 Src-osrc corr  11   8 o,n=   0.14818   0.39638
 Src-osrc corr  12   8 o,n=  13.73267  13.81850
 Src-osrc corr  16   8 o,n=   1.47358   1.56612
 Src-osrc corr  17   8 o,n=   2.53715   0.57201
 Src-osrc corr  18   8 o,n=   0.97405   0.82453
 Src-osrc corr  11   9 o,n=   0.39638   0.04424
 Src-osrc corr  12   9 o,n=  13.81850  13.82284
 Src-osrc corr  15   9 o,n=   1.15639   0.09465
 Src-osrc corr  16   9 o,n=   1.56612   1.57868
 Src-osrc corr  18   9 o,n=   0.82453   0.81043
 Src-osrc corr  12  10 o,n=  13.82284  15.11973
 Src-osrc corr  16  10 o,n=   1.57868   2.77840
 Src-osrc corr  18  10 o,n=   0.81043   6.33063
 Src-osrc corr  11   1 o,n=   0.03913   0.04003
 Src-osrc corr  13   1 o,n=   0.00352   0.00440
 Src-osrc corr  12   2 o,n=  15.76172  13.64658
 Src-osrc corr  14   2 o,n=  15.39805  13.27970
 Src-osrc corr  11   3 o,n=   0.04003   0.04022
 Src-osrc corr  15   3 o,n=   0.08129   0.08136
 Src-osrc corr  17   3 o,n=   0.04377   0.04361
 Src-osrc corr  11   4 o,n=   0.04022   0.08933
 Src-osrc corr  12   4 o,n=  13.64658  13.37905
 Src-osrc corr  15   4 o,n=   0.08136   0.23031
 Src-osrc corr  16   4 o,n=   0.39424   1.63401
 Src-osrc corr  17   4 o,n=   0.04361   0.63921
 Src-osrc corr  11   5 o,n=   0.08933   0.11026
 Src-osrc corr  12   5 o,n=  13.37905  13.34886
 Src-osrc corr  16   5 o,n=   1.63401   2.09385
 Src-osrc corr  17   5 o,n=   0.63921   0.06067
 Src-osrc corr  18   5 o,n=   0.16138   0.18196
 Src-osrc corr  11   6 o,n=   0.11026   0.04052
 Src-osrc corr  12   6 o,n=  13.34886  13.34761
 Src-osrc corr  15   6 o,n=   0.23031   0.08167
 Src-osrc corr  16   6 o,n=   2.09385   2.15211
 Src-osrc corr  17   6 o,n=   0.06067   0.17037
 Src-osrc corr  18   6 o,n=   0.18196   0.20230
 Src-osrc corr  11   7 o,n=   0.04052   0.15277
 Src-osrc corr  12   7 o,n=  13.34761  13.24791
 Src-osrc corr  15   7 o,n=   0.08167   1.16732
 Src-osrc corr  16   7 o,n=   2.15211   1.45239
 Src-osrc corr  17   7 o,n=   0.17037   2.55539
 Src-osrc corr  18   7 o,n=   0.20230   0.97721
 Src-osrc corr  11   8 o,n=   0.15277   0.40057
 Src-osrc corr  12   8 o,n=  13.24791  13.33025
 Src-osrc corr  16   8 o,n=   1.45239   1.51857
 Src-osrc corr  17   8 o,n=   2.55539   0.57320
 Src-osrc corr  18   8 o,n=   0.97721   0.82879
 Src-osrc corr  11   9 o,n=   0.40057   0.04796
 Src-osrc corr  12   9 o,n=  13.33025  13.33448
 Src-osrc corr  15   9 o,n=   1.16732   0.09901
 Src-osrc corr  16   9 o,n=   1.51857   1.52999
 Src-osrc corr  18   9 o,n=   0.82879   0.81479
 Src-osrc corr  12  10 o,n=  13.33448  14.68051
 Src-osrc corr  16  10 o,n=   1.52999   2.77409
 Src-osrc corr  18  10 o,n=   0.81479   6.36926
 Src-osrc corr  11   1 o,n=   0.04287   0.04438
 Src-osrc corr  13   1 o,n=   0.00574   0.00735
 Src-osrc corr  12   2 o,n=  16.17267  14.10994
 Src-osrc corr  14   2 o,n=  15.85910  13.78268
 Src-osrc corr  11   3 o,n=   0.04438   0.04455
 Src-osrc corr  15   3 o,n=   0.07777   0.07782
 Src-osrc corr  17   3 o,n=   0.03891   0.03883
 Src-osrc corr  11   4 o,n=   0.04455   0.09161
 Src-osrc corr  12   4 o,n=  14.10994  13.88275
 Src-osrc corr  15   4 o,n=   0.07782   0.22457
 Src-osrc corr  16   4 o,n=   0.36768   1.50771
 Src-osrc corr  17   4 o,n=   0.03883   0.62952
 Src-osrc corr  11   5 o,n=   0.09161   0.11061
 Src-osrc corr  12   5 o,n=  13.88275  13.85799
 Src-osrc corr  16   5 o,n=   1.50771   1.93388
 Src-osrc corr  17   5 o,n=   0.62952   0.05657
 Src-osrc corr  18   5 o,n=   0.13501   0.16033
 Src-osrc corr  11   6 o,n=   0.11061   0.04513
 Src-osrc corr  12   6 o,n=  13.85799  13.85697
 Src-osrc corr  15   6 o,n=   0.22457   0.07836
 Src-osrc corr  16   6 o,n=   1.93388   1.98777
 Src-osrc corr  17   6 o,n=   0.05657   0.16604
 Src-osrc corr  18   6 o,n=   0.16033   0.17995
 Src-osrc corr  11   7 o,n=   0.04513   0.15139
 Src-osrc corr  12   7 o,n=  13.85697  13.77037
 Src-osrc corr  15   7 o,n=   0.07836   1.11631
 Src-osrc corr  16   7 o,n=   1.98777   1.40806
 Src-osrc corr  17   7 o,n=   0.16604   2.45321
 Src-osrc corr  18   7 o,n=   0.17995   0.91770
 Src-osrc corr  11   8 o,n=   0.15139   0.38396
 Src-osrc corr  12   8 o,n=  13.77037  13.82915
 Src-osrc corr  16   8 o,n=   1.40806   1.53377
 Src-osrc corr  17   8 o,n=   2.45321   0.55722
 Src-osrc corr  18   8 o,n=   0.91770   0.77577
 Src-osrc corr  11   9 o,n=   0.38396   0.05355
 Src-osrc corr  12   9 o,n=  13.82915  13.83241
 Src-osrc corr  15   9 o,n=   1.11631   0.09699
 Src-osrc corr  16   9 o,n=   1.53377   1.55034
 Src-osrc corr  18   9 o,n=   0.77577   0.76237
 Src-osrc corr  12  10 o,n=  13.83241  15.19502
 Src-osrc corr  16  10 o,n=   1.55034   2.71914
 Src-osrc corr  18  10 o,n=   0.76237   6.19439
 Src-osrc corr  11   1 o,n=   0.04133   0.04291
 Src-osrc corr  13   1 o,n=   0.00582   0.00750
 Src-osrc corr  12   2 o,n=  16.15216  14.08451
 Src-osrc corr  14   2 o,n=  15.83681  13.75565
 Src-osrc corr  11   3 o,n=   0.04291   0.04310
 Src-osrc corr  15   3 o,n=   0.07738   0.07744
 Src-osrc corr  17   3 o,n=   0.03913   0.03898
 Src-osrc corr  11   4 o,n=   0.04310   0.09054
 Src-osrc corr  12   4 o,n=  14.08451  13.85552
 Src-osrc corr  15   4 o,n=   0.07744   0.22423
 Src-osrc corr  16   4 o,n=   0.36911   1.50870
 Src-osrc corr  17   4 o,n=   0.03898   0.62951
 Src-osrc corr  11   5 o,n=   0.09054   0.10920
 Src-osrc corr  12   5 o,n=  13.85552  13.83024
 Src-osrc corr  16   5 o,n=   1.50870   1.93502
 Src-osrc corr  17   5 o,n=   0.62951   0.05661
 Src-osrc corr  18   5 o,n=   0.13559   0.16064
 Src-osrc corr  11   6 o,n=   0.10920   0.04369
 Src-osrc corr  12   6 o,n=  13.83024  13.82918
 Src-osrc corr  15   6 o,n=   0.22423   0.07806
 Src-osrc corr  16   6 o,n=   1.93502   1.98895
 Src-osrc corr  17   6 o,n=   0.05661   0.16604
 Src-osrc corr  18   6 o,n=   0.16064   0.18025
 Src-osrc corr  11   7 o,n=   0.04369   0.14994
 Src-osrc corr  12   7 o,n=  13.82918  13.74393
 Src-osrc corr  15   7 o,n=   0.07806   1.11633
 Src-osrc corr  16   7 o,n=   1.98895   1.40984
 Src-osrc corr  17   7 o,n=   0.16604   2.45363
 Src-osrc corr  18   7 o,n=   0.18025   0.91774
 Src-osrc corr  11   8 o,n=   0.14994   0.38292
 Src-osrc corr  12   8 o,n=  13.74393  13.80327
 Src-osrc corr  16   8 o,n=   1.40984   1.53515
 Src-osrc corr  17   8 o,n=   2.45363   0.55729
 Src-osrc corr  18   8 o,n=   0.91774   0.77585
 Src-osrc corr  11   9 o,n=   0.38292   0.05180
 Src-osrc corr  12   9 o,n=  13.80327  13.80654
 Src-osrc corr  15   9 o,n=   1.11633   0.09645
 Src-osrc corr  16   9 o,n=   1.53515   1.55170
 Src-osrc corr  18   9 o,n=   0.77585   0.76245
 Src-osrc corr  12  10 o,n=  13.80654  15.16688
 Src-osrc corr  16  10 o,n=   1.55170   2.72174
 Src-osrc corr  18  10 o,n=   0.76245   6.19651
 Src-osrc corr  11   1 o,n=   0.04112   0.04318
 Src-osrc corr  13   1 o,n=   0.00750   0.00966
 Src-osrc corr  12   2 o,n=  16.06594  13.99908
 Src-osrc corr  14   2 o,n=  15.75249  13.67176
 Src-osrc corr  11   3 o,n=   0.04318   0.04340
 Src-osrc corr  15   3 o,n=   0.07748   0.07757
 Src-osrc corr  17   3 o,n=   0.03953   0.03928
 Src-osrc corr  11   4 o,n=   0.04340   0.09072
 Src-osrc corr  12   4 o,n=  13.99908  13.77258
 Src-osrc corr  15   4 o,n=   0.07757   0.22457
 Src-osrc corr  16   4 o,n=   0.36930   1.51013
 Src-osrc corr  17   4 o,n=   0.03928   0.63066
 Src-osrc corr  11   5 o,n=   0.09072   0.10874
 Src-osrc corr  12   5 o,n=  13.77258  13.74848
 Src-osrc corr  16   5 o,n=   1.51013   1.93687
 Src-osrc corr  17   5 o,n=   0.63066   0.05690
 Src-osrc corr  18   5 o,n=   0.13516   0.16076
 Src-osrc corr  11   6 o,n=   0.10874   0.04414
 Src-osrc corr  12   6 o,n=  13.74848  13.74755
 Src-osrc corr  15   6 o,n=   0.22457   0.07852
 Src-osrc corr  16   6 o,n=   1.93687   1.99085
 Src-osrc corr  17   6 o,n=   0.05690   0.16659
 Src-osrc corr  18   6 o,n=   0.16076   0.18039
 Src-osrc corr  11   7 o,n=   0.04414   0.15017
 Src-osrc corr  12   7 o,n=  13.74755  13.66038
 Src-osrc corr  15   7 o,n=   0.07852   1.11752
 Src-osrc corr  16   7 o,n=   1.99085   1.40909
 Src-osrc corr  17   7 o,n=   0.16659   2.45616
 Src-osrc corr  18   7 o,n=   0.18039   0.91916
 Src-osrc corr  11   8 o,n=   0.15017   0.38259
 Src-osrc corr  12   8 o,n=  13.66038  13.72018
 Src-osrc corr  16   8 o,n=   1.40909   1.53469
 Src-osrc corr  17   8 o,n=   2.45616   0.55804
 Src-osrc corr  18   8 o,n=   0.91916   0.77703
 Src-osrc corr  11   9 o,n=   0.38259   0.05220
 Src-osrc corr  12   9 o,n=  13.72018  13.72348
 Src-osrc corr  15   9 o,n=   1.11752   0.09735
 Src-osrc corr  16   9 o,n=   1.53469   1.55135
 Src-osrc corr  18   9 o,n=   0.77703   0.76360
 Src-osrc corr  12  10 o,n=  13.72348  15.09002
 Src-osrc corr  16  10 o,n=   1.55135   2.72164
 Src-osrc corr  18  10 o,n=   0.76360   6.20138
 Src-osrc corr  11   1 o,n=   0.04096   0.04321
 Src-osrc corr  13   1 o,n=   0.00807   0.01047
 Src-osrc corr  12   2 o,n=  16.08459  14.02214
 Src-osrc corr  14   2 o,n=  15.77219  13.69572
 Src-osrc corr  11   3 o,n=   0.04321   0.04344
 Src-osrc corr  15   3 o,n=   0.07710   0.07720
 Src-osrc corr  17   3 o,n=   0.03944   0.03917
 Src-osrc corr  11   4 o,n=   0.04344   0.09053
 Src-osrc corr  12   4 o,n=  14.02214  13.79753
 Src-osrc corr  15   4 o,n=   0.07720   0.22380
 Src-osrc corr  16   4 o,n=   0.36819   1.50515
 Src-osrc corr  17   4 o,n=   0.03917   0.62880
 Src-osrc corr  11   5 o,n=   0.09053   0.10811
 Src-osrc corr  12   5 o,n=  13.79753  13.77370
 Src-osrc corr  16   5 o,n=   1.50515   1.93051
 Src-osrc corr  17   5 o,n=   0.62880   0.05677
 Src-osrc corr  18   5 o,n=   0.13482   0.16017
 Src-osrc corr  11   6 o,n=   0.10811   0.04424
 Src-osrc corr  12   6 o,n=  13.77370  13.77279
 Src-osrc corr  15   6 o,n=   0.22380   0.07827
 Src-osrc corr  16   6 o,n=   1.93051   1.98431
 Src-osrc corr  17   6 o,n=   0.05677   0.16620
 Src-osrc corr  18   6 o,n=   0.16017   0.17973
 Src-osrc corr  11   7 o,n=   0.04424   0.14990
 Src-osrc corr  12   7 o,n=  13.77279  13.68520
 Src-osrc corr  15   7 o,n=   0.07827   1.11431
 Src-osrc corr  16   7 o,n=   1.98431   1.40498
 Src-osrc corr  17   7 o,n=   0.16620   2.44967
 Src-osrc corr  18   7 o,n=   0.17973   0.91572
 Src-osrc corr  11   8 o,n=   0.14990   0.38104
 Src-osrc corr  12   8 o,n=  13.68520  13.74331
 Src-osrc corr  16   8 o,n=   1.40498   1.53128
 Src-osrc corr  17   8 o,n=   2.44967   0.55681
 Src-osrc corr  18   8 o,n=   0.91572   0.77411
 Src-osrc corr  11   9 o,n=   0.38104   0.05233
 Src-osrc corr  12   9 o,n=  13.74331  13.74655
 Src-osrc corr  15   9 o,n=   1.11431   0.09736
 Src-osrc corr  16   9 o,n=   1.53128   1.54799
 Src-osrc corr  18   9 o,n=   0.77411   0.76072
 Src-osrc corr  12  10 o,n=  13.74655  15.11252
 Src-osrc corr  16  10 o,n=   1.54799   2.71590
 Src-osrc corr  18  10 o,n=   0.76072   6.18677
 Reaction Xsec     3.0+/ 4 @ 2 =    59.431 , Out:   2.285#   0.133    2.281    2.213    0.935/   0.151/  54.804f

 Total SPIN, PARITY =     3.0 -,     16 chs,     16 cc.  Rmin & Coul turning =    0.4    3.6
 Src-osrc corr   9   1 o,n=  14.79869  13.51194
 Src-osrc corr  10   1 o,n=  13.44565  12.79382
 Src-osrc corr  11   1 o,n=  13.53818  12.30969
 Src-osrc corr  12   1 o,n=  12.17340  11.60433
 Src-osrc corr   9   2 o,n=  13.51194  13.55510
 Src-osrc corr  10   2 o,n=  12.79382  12.87291
 Src-osrc corr  13   2 o,n=   0.99005   1.18775
 Src-osrc corr  14   2 o,n=   1.01841   1.99021
 Src-osrc corr  15   2 o,n=   0.34523   0.97628
 Src-osrc corr   9   3 o,n=  13.55510  13.57752
 Src-osrc corr  10   3 o,n=  12.87291  12.93316
 Src-osrc corr  13   3 o,n=   1.18775   1.35955
 Src-osrc corr  14   3 o,n=   1.99021   2.97643
 Src-osrc corr  15   3 o,n=   0.97628   1.26204
 Src-osrc corr  16   3 o,n=   0.40383   0.59354
 Src-osrc corr   9   4 o,n=  13.57752  13.49743
 Src-osrc corr  10   4 o,n=  12.93316  12.62750
 Src-osrc corr  13   4 o,n=   1.35955   1.48665
 Src-osrc corr  14   4 o,n=   2.97643   3.37775
 Src-osrc corr  15   4 o,n=   1.26204   2.21122
 Src-osrc corr  16   4 o,n=   0.59354   0.52577
 Src-osrc corr   9   5 o,n=  13.49743  13.14344
 Src-osrc corr  10   5 o,n=  12.62750  12.17378
 Src-osrc corr  13   5 o,n=   1.48665   2.23402
 Src-osrc corr  14   5 o,n=   3.37775   3.95010
 Src-osrc corr  15   5 o,n=   2.21122   2.60371
 Src-osrc corr  16   5 o,n=   0.52577   1.84144
 Src-osrc corr   9   6 o,n=  13.14344  13.16080
 Src-osrc corr  10   6 o,n=  12.17378  12.18564
 Src-osrc corr  13   6 o,n=   2.23402   2.88547
 Src-osrc corr  14   6 o,n=   3.95010   5.81811
 Src-osrc corr  15   6 o,n=   2.60371   2.76509
 Src-osrc corr  16   6 o,n=   1.84144   0.77289
 Src-osrc corr   9   7 o,n=  13.16080  13.11007
 Src-osrc corr  10   7 o,n=  12.18564  11.91604
 Src-osrc corr  13   7 o,n=   2.88547   3.17794
 Src-osrc corr  14   7 o,n=   5.81811   5.71183
 Src-osrc corr  15   7 o,n=   2.76509   3.08669
 Src-osrc corr  16   7 o,n=   0.77289   1.27767
 Src-osrc corr   9   8 o,n=  13.11007  13.56287
 Src-osrc corr  10   8 o,n=  11.91604  12.15680
 Src-osrc corr  13   8 o,n=   3.17794   9.05168
 Src-osrc corr  14   8 o,n=   5.71183   5.62631
 Src-osrc corr  16   8 o,n=   1.27767   8.83636
 Src-osrc corr   9   1 o,n=  14.79869  13.51194
 Src-osrc corr  10   1 o,n=  13.44565  12.79382
 Src-osrc corr  11   1 o,n=  13.53818  12.30969
 Src-osrc corr  12   1 o,n=  12.17340  11.60433
 Src-osrc corr   9   2 o,n=  13.51194  13.55510
 Src-osrc corr  10   2 o,n=  12.79382  12.87291
 Src-osrc corr  13   2 o,n=   0.99005   1.18775
 Src-osrc corr  14   2 o,n=   1.01841   1.99021
 Src-osrc corr  15   2 o,n=   0.34523   0.97628
 Src-osrc corr   9   3 o,n=  13.55510  13.57752
 Src-osrc corr  10   3 o,n=  12.87291  12.93316
 Src-osrc corr  13   3 o,n=   1.18775   1.35955
 Src-osrc corr  14   3 o,n=   1.99021   2.97643
 Src-osrc corr  15   3 o,n=   0.97628   1.26204
 Src-osrc corr  16   3 o,n=   0.40383   0.59354
 Src-osrc corr   9   4 o,n=  13.57752  13.49743
 Src-osrc corr  10   4 o,n=  12.93316  12.62750
 Src-osrc corr  13   4 o,n=   1.35955   1.48665
 Src-osrc corr  14   4 o,n=   2.97643   3.37775
 Src-osrc corr  15   4 o,n=   1.26204   2.21122
 Src-osrc corr  16   4 o,n=   0.59354   0.52577
 Src-osrc corr   9   5 o,n=  13.49743  13.14344
 Src-osrc corr  10   5 o,n=  12.62750  12.17378
 Src-osrc corr  13   5 o,n=   1.48665   2.23402
 Src-osrc corr  14   5 o,n=   3.37775   3.95010
 Src-osrc corr  15   5 o,n=   2.21122   2.60371
 Src-osrc corr  16   5 o,n=   0.52577   1.84144
 Src-osrc corr   9   6 o,n=  13.14344  13.16080
 Src-osrc corr  10   6 o,n=  12.17378  12.18564
 Src-osrc corr  13   6 o,n=   2.23402   2.88547
 Src-osrc corr  14   6 o,n=   3.95010   5.81811
 Src-osrc corr  15   6 o,n=   2.60371   2.76509
 Src-osrc corr  16   6 o,n=   1.84144   0.77289
 Src-osrc corr   9   7 o,n=  13.16080  13.11007
 Src-osrc corr  10   7 o,n=  12.18564  11.91604
 Src-osrc corr  13   7 o,n=   2.88547   3.17794
 Src-osrc corr  14   7 o,n=   5.81811   5.71183
 Src-osrc corr  15   7 o,n=   2.76509   3.08669
 Src-osrc corr  16   7 o,n=   0.77289   1.27767
 Src-osrc corr   9   8 o,n=  13.11007  13.56287
 Src-osrc corr  10   8 o,n=  11.91604  12.15680
 Src-osrc corr  13   8 o,n=   3.17794   9.05168
 Src-osrc corr  14   8 o,n=   5.71183   5.62631
 Src-osrc corr  16   8 o,n=   1.27767   8.83636
 Src-osrc corr   9   1 o,n=  14.91790  13.77460
 Src-osrc corr  10   1 o,n=  13.13342  12.55236
 Src-osrc corr  11   1 o,n=  13.50742  12.41032
 Src-osrc corr  12   1 o,n=  11.70498  11.20361
 Src-osrc corr   9   2 o,n=  13.77460  13.82679
 Src-osrc corr  10   2 o,n=  12.55236  12.65917
 Src-osrc corr  13   2 o,n=   1.12076   1.30816
 Src-osrc corr  14   2 o,n=   1.08886   2.05403
 Src-osrc corr  15   2 o,n=   0.35303   0.98761
 Src-osrc corr   9   3 o,n=  13.82679  13.85417
 Src-osrc corr  10   3 o,n=  12.65917  12.73665
 Src-osrc corr  13   3 o,n=   1.30816   1.47697
 Src-osrc corr  14   3 o,n=   2.05403   3.04348
 Src-osrc corr  15   3 o,n=   0.98761   1.27500
 Src-osrc corr  16   3 o,n=   0.44885   0.62339
 Src-osrc corr   9   4 o,n=  13.85417  13.77528
 Src-osrc corr  10   4 o,n=  12.73665  12.41922
 Src-osrc corr  13   4 o,n=   1.47697   1.62716
 Src-osrc corr  14   4 o,n=   3.04348   3.43456
 Src-osrc corr  15   4 o,n=   1.27500   2.21758
 Src-osrc corr  16   4 o,n=   0.62339   0.55488
 Src-osrc corr   9   5 o,n=  13.77528  13.43321
 Src-osrc corr  10   5 o,n=  12.41922  11.92337
 Src-osrc corr  13   5 o,n=   1.62716   2.32125
 Src-osrc corr  14   5 o,n=   3.43456   3.99833
 Src-osrc corr  15   5 o,n=   2.21758   2.60858
 Src-osrc corr  16   5 o,n=   0.55488   1.86561
 Src-osrc corr   9   6 o,n=  13.43321  13.44506
 Src-osrc corr  10   6 o,n=  11.92337  11.91965
 Src-osrc corr  13   6 o,n=   2.32125   2.96455
 Src-osrc corr  14   6 o,n=   3.99833   5.85158
 Src-osrc corr  15   6 o,n=   2.60858   2.76995
 Src-osrc corr  16   6 o,n=   1.86561   0.79632
 Src-osrc corr   9   7 o,n=  13.44506  13.39732
 Src-osrc corr  10   7 o,n=  11.91965  11.64548
 Src-osrc corr  13   7 o,n=   2.96455   3.26133
 Src-osrc corr  14   7 o,n=   5.85158   5.74081
 Src-osrc corr  15   7 o,n=   2.76995   3.05451
 Src-osrc corr  16   7 o,n=   0.79632   1.29772
 Src-osrc corr   9   8 o,n=  13.39732  13.85805
 Src-osrc corr  10   8 o,n=  11.64548  11.89648
 Src-osrc corr  13   8 o,n=   3.26133   8.99417
 Src-osrc corr  14   8 o,n=   5.74081   5.64562
 Src-osrc corr  16   8 o,n=   1.29772   8.76155
 Psi(EL) renorm. by  6.19E-01-1.35E-01, Conv =  0.93176 %
 Src-osrc corr   9   1 o,n=  15.58023  14.63526
 Src-osrc corr  10   1 o,n=  13.43535  13.04006
 Src-osrc corr  11   1 o,n=  14.41653  13.50532
 Src-osrc corr  12   1 o,n=  12.22183  11.88801
 Src-osrc corr   9   2 o,n=  14.63526  14.67754
 Src-osrc corr  10   2 o,n=  13.04006  13.12569
 Src-osrc corr  13   2 o,n=   0.89454   1.07600
 Src-osrc corr  14   2 o,n=   0.95561   1.85221
 Src-osrc corr  15   2 o,n=   0.32155   0.90951
 Src-osrc corr   9   3 o,n=  14.67754  14.70011
 Src-osrc corr  10   3 o,n=  13.12569  13.18668
 Src-osrc corr  13   3 o,n=   1.07600   1.23694
 Src-osrc corr  14   3 o,n=   1.85221   2.77956
 Src-osrc corr  15   3 o,n=   0.90951   1.17842
 Src-osrc corr  16   3 o,n=   0.35269   0.55068
 Src-osrc corr   9   4 o,n=  14.70011  14.62874
 Src-osrc corr  10   4 o,n=  13.18668  12.88028
 Src-osrc corr  13   4 o,n=   1.23694   1.34578
 Src-osrc corr  14   4 o,n=   2.77956   3.16632
 Src-osrc corr  15   4 o,n=   1.17842   2.08701
 Src-osrc corr  16   4 o,n=   0.55068   0.48364
 Src-osrc corr   9   5 o,n=  14.62874  14.26285
 Src-osrc corr  10   5 o,n=  12.88028  12.34039
 Src-osrc corr  13   5 o,n=   1.34578   2.07026
 Src-osrc corr  14   5 o,n=   3.16632   3.71382
 Src-osrc corr  15   5 o,n=   2.08701   2.46161
 Src-osrc corr  16   5 o,n=   0.48364   1.70890
 Src-osrc corr   9   6 o,n=  14.26285  14.24940
 Src-osrc corr  10   6 o,n=  12.34039  12.24770
 Src-osrc corr  13   6 o,n=   2.07026   2.69278
 Src-osrc corr  14   6 o,n=   3.71382   5.50628
 Src-osrc corr  15   6 o,n=   2.46161   2.61498
 Src-osrc corr  16   6 o,n=   1.70890   0.70769
 Src-osrc corr   9   7 o,n=  14.24940  14.21469
 Src-osrc corr  10   7 o,n=  12.24770  12.00179
 Src-osrc corr  13   7 o,n=   2.69278   2.95430
 Src-osrc corr  14   7 o,n=   5.50628   5.41679
 Src-osrc corr  15   7 o,n=   2.61498   2.96457
 Src-osrc corr  16   7 o,n=   0.70769   1.19662
 Src-osrc corr   9   8 o,n=  14.21469  14.72781
 Src-osrc corr  10   8 o,n=  12.00179  12.32474
 Src-osrc corr  13   8 o,n=   2.95430   8.62660
 Src-osrc corr  14   8 o,n=   5.41679   5.35529
 Src-osrc corr  16   8 o,n=   1.19662   8.38752
 Psi(EL) renorm. by  9.08E-01-4.12E-02, Conv =  0.70127 %
 Src-osrc corr   9   1 o,n=  15.35395  14.40153
 Src-osrc corr  10   1 o,n=  13.22419  12.81362
 Src-osrc corr  11   1 o,n=  14.19697  13.27715
 Src-osrc corr  12   1 o,n=  12.01736  11.66784
 Src-osrc corr   9   2 o,n=  14.40153  14.44449
 Src-osrc corr  10   2 o,n=  12.81362  12.90038
 Src-osrc corr  13   2 o,n=   0.89028   1.07268
 Src-osrc corr  14   2 o,n=   0.94830   1.84793
 Src-osrc corr  15   2 o,n=   0.31955   0.90880
 Src-osrc corr   9   3 o,n=  14.44449  14.46748
 Src-osrc corr  10   3 o,n=  12.90038  12.96218
 Src-osrc corr  13   3 o,n=   1.07268   1.23408
 Src-osrc corr  14   3 o,n=   1.84793   2.77703
 Src-osrc corr  15   3 o,n=   0.90880   1.17815
 Src-osrc corr  16   3 o,n=   0.35200   0.55025
 Src-osrc corr   9   4 o,n=  14.46748  14.39630
 Src-osrc corr  10   4 o,n=  12.96218  12.65580
 Src-osrc corr  13   4 o,n=   1.23408   1.34241
 Src-osrc corr  14   4 o,n=   2.77703   3.16384
 Src-osrc corr  15   4 o,n=   1.17815   2.08591
 Src-osrc corr  16   4 o,n=   0.55025   0.48330
 Src-osrc corr   9   5 o,n=  14.39630  14.03865
 Src-osrc corr  10   5 o,n=  12.65580  12.11894
 Src-osrc corr  13   5 o,n=   1.34241   2.06745
 Src-osrc corr  14   5 o,n=   3.16384   3.71100
 Src-osrc corr  15   5 o,n=   2.08591   2.46019
 Src-osrc corr  16   5 o,n=   0.48330   1.70811
 Src-osrc corr   9   6 o,n=  14.03865  14.02838
 Src-osrc corr  10   6 o,n=  12.11894  12.03616
 Src-osrc corr  13   6 o,n=   2.06745   2.68955
 Src-osrc corr  14   6 o,n=   3.71100   5.50137
 Src-osrc corr  15   6 o,n=   2.46019   2.61344
 Src-osrc corr  16   6 o,n=   1.70811   0.70731
 Src-osrc corr   9   7 o,n=  14.02838  13.99346
 Src-osrc corr  10   7 o,n=  12.03616  11.79066
 Src-osrc corr  13   7 o,n=   2.68955   2.95146
 Src-osrc corr  14   7 o,n=   5.50137   5.41168
 Src-osrc corr  15   7 o,n=   2.61344   2.96171
 Src-osrc corr  16   7 o,n=   0.70731   1.19553
 Src-osrc corr   9   8 o,n=  13.99346  14.51788
 Src-osrc corr  10   8 o,n=  11.79066  12.13036
 Src-osrc corr  13   8 o,n=   2.95146   8.61803
 Src-osrc corr  14   8 o,n=   5.41168   5.34976
 Src-osrc corr  16   8 o,n=   1.19553   8.38222
 Src-osrc corr   9   1 o,n=  15.13383  14.20502
 Src-osrc corr  10   1 o,n=  12.94844  12.54294
 Src-osrc corr  11   1 o,n=  13.99535  13.09513
 Src-osrc corr  12   1 o,n=  11.75350  11.40707
 Src-osrc corr   9   2 o,n=  14.20502  14.25015
 Src-osrc corr  10   2 o,n=  12.54294  12.63491
 Src-osrc corr  13   2 o,n=   0.87645   1.06062
 Src-osrc corr  14   2 o,n=   0.93777   1.84724
 Src-osrc corr  15   2 o,n=   0.31619   0.91037
 Src-osrc corr   9   3 o,n=  14.25015  14.27442
 Src-osrc corr  10   3 o,n=  12.63491  12.70016
 Src-osrc corr  13   3 o,n=   1.06062   1.22361
 Src-osrc corr  14   3 o,n=   1.84724   2.78349
 Src-osrc corr  15   3 o,n=   0.91037   1.18165
 Src-osrc corr  16   3 o,n=   0.34414   0.54765
 Src-osrc corr   9   4 o,n=  14.27442  14.20374
 Src-osrc corr  10   4 o,n=  12.70016  12.39223
 Src-osrc corr  13   4 o,n=   1.22361   1.33286
 Src-osrc corr  14   4 o,n=   2.78349   3.17124
 Src-osrc corr  15   4 o,n=   1.18165   2.09016
 Src-osrc corr  16   4 o,n=   0.54765   0.48063
 Src-osrc corr   9   5 o,n=  14.20374  13.86266
 Src-osrc corr  10   5 o,n=  12.39223  11.85443
 Src-osrc corr  13   5 o,n=   1.33286   2.05966
 Src-osrc corr  14   5 o,n=   3.17124   3.71901
 Src-osrc corr  15   5 o,n=   2.09016   2.46461
 Src-osrc corr  16   5 o,n=   0.48063   1.70517
 Src-osrc corr   9   6 o,n=  13.86266  13.85722
 Src-osrc corr  10   6 o,n=  11.85443  11.78596
 Src-osrc corr  13   6 o,n=   2.05966   2.68284
 Src-osrc corr  14   6 o,n=   3.71901   5.50936
 Src-osrc corr  15   6 o,n=   2.46461   2.61800
 Src-osrc corr  16   6 o,n=   1.70517   0.70353
 Src-osrc corr   9   7 o,n=  13.85722  13.82227
 Src-osrc corr  10   7 o,n=  11.78596  11.54166
 Src-osrc corr  13   7 o,n=   2.68284   2.94502
 Src-osrc corr  14   7 o,n=   5.50936   5.41908
 Src-osrc corr  15   7 o,n=   2.61800   2.95970
 Src-osrc corr  16   7 o,n=   0.70353   1.19086
 Src-osrc corr   9   8 o,n=  13.82227  14.36190
 Src-osrc corr  10   8 o,n=  11.54166  11.91202
 Src-osrc corr  13   8 o,n=   2.94502   8.59614
 Src-osrc corr  14   8 o,n=   5.41908   5.35559
 Src-osrc corr  16   8 o,n=   1.19086   8.36792
 Src-osrc corr   9   1 o,n=  15.19854  14.28431
 Src-osrc corr  10   1 o,n=  12.98506  12.59269
 Src-osrc corr  11   1 o,n=  14.06866  13.18280
 Src-osrc corr  12   1 o,n=  11.79849  11.46453
 Src-osrc corr   9   2 o,n=  14.28431  14.32905
 Src-osrc corr  10   2 o,n=  12.59269  12.68415
 Src-osrc corr  13   2 o,n=   0.86917   1.05165
 Src-osrc corr  14   2 o,n=   0.93334   1.83473
 Src-osrc corr  15   2 o,n=   0.31477   0.90376
 Src-osrc corr   9   3 o,n=  14.32905  14.35314
 Src-osrc corr  10   3 o,n=  12.68415  12.74886
 Src-osrc corr  13   3 o,n=   1.05165   1.21318
 Src-osrc corr  14   3 o,n=   1.83473   2.76307
 Src-osrc corr  15   3 o,n=   0.90376   1.17281
 Src-osrc corr  16   3 o,n=   0.34108   0.54361
 Src-osrc corr   9   4 o,n=  14.35314  14.28309
 Src-osrc corr  10   4 o,n=  12.74886  12.44198
 Src-osrc corr  13   4 o,n=   1.21318   1.32112
 Src-osrc corr  14   4 o,n=   2.76307   3.14846
 Src-osrc corr  15   4 o,n=   1.17281   2.07677
 Src-osrc corr  16   4 o,n=   0.54361   0.47713
 Src-osrc corr   9   5 o,n=  14.28309  13.94075
 Src-osrc corr  10   5 o,n=  12.44198  11.89994
 Src-osrc corr  13   5 o,n=   1.32112   2.04522
 Src-osrc corr  14   5 o,n=   3.14846   3.69334
 Src-osrc corr  15   5 o,n=   2.07677   2.44936
 Src-osrc corr  16   5 o,n=   0.47713   1.69501
 Src-osrc corr   9   6 o,n=  13.94075  13.93246
 Src-osrc corr  10   6 o,n=  11.89994  11.82111
 Src-osrc corr  13   6 o,n=   2.04522   2.66524
 Src-osrc corr  14   6 o,n=   3.69334   5.47543
 Src-osrc corr  15   6 o,n=   2.44936   2.60194
 Src-osrc corr  16   6 o,n=   1.69501   0.69932
 Src-osrc corr   9   7 o,n=  13.93246  13.89849
 Src-osrc corr  10   7 o,n=  11.82111  11.57783
 Src-osrc corr  13   7 o,n=   2.66524   2.92386
 Src-osrc corr  14   7 o,n=   5.47543   5.38681
 Src-osrc corr  15   7 o,n=   2.60194   2.94575
 Src-osrc corr  16   7 o,n=   0.69932   1.18461
 Src-osrc corr   9   8 o,n=  13.89849  14.43357
 Src-osrc corr  10   8 o,n=  11.57783  11.94760
 Src-osrc corr  13   8 o,n=   2.92386   8.55603
 Src-osrc corr  14   8 o,n=   5.38681   5.32555
 Src-osrc corr  16   8 o,n=   1.18461   8.32605
 Src-osrc corr   9   1 o,n=  15.13952  14.21693
 Src-osrc corr  10   1 o,n=  12.94375  12.54303
 Src-osrc corr  11   1 o,n=  14.00733  13.11318
 Src-osrc corr  12   1 o,n=  11.75540  11.41325
 Src-osrc corr   9   2 o,n=  14.21693  14.26166
 Src-osrc corr  10   2 o,n=  12.54303  12.63432
 Src-osrc corr  13   2 o,n=   0.87132   1.05403
 Src-osrc corr  14   2 o,n=   0.93372   1.83614
 Src-osrc corr  15   2 o,n=   0.31496   0.90470
 Src-osrc corr   9   3 o,n=  14.26166  14.28574
 Src-osrc corr  10   3 o,n=  12.63432  12.69896
 Src-osrc corr  13   3 o,n=   1.05403   1.21578
 Src-osrc corr  14   3 o,n=   1.83614   2.76557
 Src-osrc corr  15   3 o,n=   0.90470   1.17405
 Src-osrc corr  16   3 o,n=   0.34238   0.54458
 Src-osrc corr   9   4 o,n=  14.28574  14.21557
 Src-osrc corr  10   4 o,n=  12.69896  12.39213
 Src-osrc corr  13   4 o,n=   1.21578   1.32400
 Src-osrc corr  14   4 o,n=   2.76557   3.15133
 Src-osrc corr  15   4 o,n=   1.17405   2.07862
 Src-osrc corr  16   4 o,n=   0.54458   0.47799
 Src-osrc corr   9   5 o,n=  14.21557  13.87398
 Src-osrc corr  10   5 o,n=  12.39213  11.85205
 Src-osrc corr  13   5 o,n=   1.32400   2.04821
 Src-osrc corr  14   5 o,n=   3.15133   3.69664
 Src-osrc corr  15   5 o,n=   2.07862   2.45146
 Src-osrc corr  16   5 o,n=   0.47799   1.69690
 Src-osrc corr   9   6 o,n=  13.87398  13.86659
 Src-osrc corr  10   6 o,n=  11.85205  11.77658
 Src-osrc corr  13   6 o,n=   2.04821   2.66858
 Src-osrc corr  14   6 o,n=   3.69664   5.47979
 Src-osrc corr  15   6 o,n=   2.45146   2.60414
 Src-osrc corr  16   6 o,n=   1.69690   0.70029
 Src-osrc corr   9   7 o,n=  13.86659  13.83236
 Src-osrc corr  10   7 o,n=  11.77658  11.53291
 Src-osrc corr  13   7 o,n=   2.66858   2.92769
 Src-osrc corr  14   7 o,n=   5.47979   5.39102
 Src-osrc corr  15   7 o,n=   2.60414   2.94813
 Src-osrc corr  16   7 o,n=   0.70029   1.18594
 Src-osrc corr   9   8 o,n=  13.83236  14.36866
 Src-osrc corr  10   8 o,n=  11.53291  11.90264
 Src-osrc corr  13   8 o,n=   2.92769   8.56434
 Src-osrc corr  14   8 o,n=   5.39102   5.32959
 Src-osrc corr  16   8 o,n=   1.18594   8.33393
 Src-osrc corr   9   1 o,n=  15.08779  14.16777
 Src-osrc corr  10   1 o,n=  12.88727  12.48593
 Src-osrc corr  11   1 o,n=  13.95904  13.06684
 Src-osrc corr  12   1 o,n=  11.70146  11.35840
 Src-osrc corr   9   2 o,n=  14.16777  14.21284
 Src-osrc corr  10   2 o,n=  12.48593  12.57793
 Src-osrc corr  13   2 o,n=   0.86900   1.05205
 Src-osrc corr  14   2 o,n=   0.93155   1.83530
 Src-osrc corr  15   2 o,n=   0.31425   0.90457
 Src-osrc corr   9   3 o,n=  14.21284  14.23713
 Src-osrc corr  10   3 o,n=  12.57793  12.64304
 Src-osrc corr  13   3 o,n=   1.05205   1.21400
 Src-osrc corr  14   3 o,n=   1.83530   2.76551
 Src-osrc corr  15   3 o,n=   0.90457   1.17413
 Src-osrc corr  16   3 o,n=   0.34130   0.54404
 Src-osrc corr   9   4 o,n=  14.23713  14.16711
 Src-osrc corr  10   4 o,n=  12.64304  12.33605
 Src-osrc corr  13   4 o,n=   1.21400   1.32199
 Src-osrc corr  14   4 o,n=   2.76551   3.15126
 Src-osrc corr  15   4 o,n=   1.17413   2.07829
 Src-osrc corr  16   4 o,n=   0.54404   0.47749
 Src-osrc corr   9   5 o,n=  14.16711  13.82865
 Src-osrc corr  10   5 o,n=  12.33605  11.79598
 Src-osrc corr  13   5 o,n=   1.32199   2.04643
 Src-osrc corr  14   5 o,n=   3.15126   3.69636
 Src-osrc corr  15   5 o,n=   2.07829   2.45093
 Src-osrc corr  16   5 o,n=   0.47749   1.69575
 Src-osrc corr   9   6 o,n=  13.82865  13.82216
 Src-osrc corr  10   6 o,n=  11.79598  11.72308
 Src-osrc corr  13   6 o,n=   2.04643   2.66657
 Src-osrc corr  14   6 o,n=   3.69636   5.47834
 Src-osrc corr  15   6 o,n=   2.45093   2.60354
 Src-osrc corr  16   6 o,n=   1.69575   0.69956
 Src-osrc corr   9   7 o,n=  13.82216  13.78793
 Src-osrc corr  10   7 o,n=  11.72308  11.48003
 Src-osrc corr  13   7 o,n=   2.66657   2.92549
 Src-osrc corr  14   7 o,n=   5.47834   5.38951
 Src-osrc corr  15   7 o,n=   2.60354   2.94619
 Src-osrc corr  16   7 o,n=   0.69956   1.18471
 Src-osrc corr   9   8 o,n=  13.78793  14.32679
 Src-osrc corr  10   8 o,n=  11.48003  11.85564
 Src-osrc corr  13   8 o,n=   2.92549   8.55570
 Src-osrc corr  14   8 o,n=   5.38951   5.32781
 Src-osrc corr  16   8 o,n=   1.18471   8.32645
 Reaction Xsec     3.0-/ 3 @ 1 =    64.105 , Out:   0.000#   2.494    3.062    2.508    0.016    2.044/  56.023f

 Total SPIN, PARITY =     4.0 +,     16 chs,     16 cc.  Rmin & Coul turning =    0.6    4.5
 Src-osrc corr   9   1 o,n=  12.20473  10.45011
 Src-osrc corr  10   1 o,n=  11.57338  10.10171
 Src-osrc corr  11   1 o,n=  11.98519  10.25007
 Src-osrc corr  12   1 o,n=  11.34538   9.86335
 Src-osrc corr   9   2 o,n=  10.45011  10.38481
 Src-osrc corr  10   2 o,n=  10.10171   9.95129
 Src-osrc corr  13   2 o,n=   0.17212   0.37927
 Src-osrc corr  14   2 o,n=   0.26036   1.17158
 Src-osrc corr  15   2 o,n=   0.08650   0.68251
 Src-osrc corr   9   3 o,n=  10.38481  10.37441
 Src-osrc corr  10   3 o,n=   9.95129   9.93134
 Src-osrc corr  13   3 o,n=   0.37927   0.45073
 Src-osrc corr  14   3 o,n=   1.17158   1.67959
 Src-osrc corr  15   3 o,n=   0.68251   0.79419
 Src-osrc corr  16   3 o,n=   0.12134   0.25946
 Src-osrc corr   9   4 o,n=  10.37441  10.37001
 Src-osrc corr  10   4 o,n=   9.93134   9.87486
 Src-osrc corr  13   4 o,n=   0.45073   0.65699
 Src-osrc corr  14   4 o,n=   1.67959   1.52099
 Src-osrc corr  15   4 o,n=   0.79419   0.59176
 Src-osrc corr  16   4 o,n=   0.25946   0.29440
 Src-osrc corr   9   5 o,n=  10.37001  10.32006
 Src-osrc corr  10   5 o,n=   9.87486   9.74282
 Src-osrc corr  13   5 o,n=   0.65699   0.58913
 Src-osrc corr  14   5 o,n=   1.52099   1.25232
 Src-osrc corr  15   5 o,n=   0.59176   0.66477
 Src-osrc corr  16   5 o,n=   0.29440   1.04884
 Src-osrc corr   9   6 o,n=  10.32006  10.32827
 Src-osrc corr  10   6 o,n=   9.74282   9.77092
 Src-osrc corr  13   6 o,n=   0.58913   0.77544
 Src-osrc corr  14   6 o,n=   1.25232   1.36679
 Src-osrc corr  15   6 o,n=   0.66477   0.68781
 Src-osrc corr  16   6 o,n=   1.04884   0.62500
 Src-osrc corr   9   7 o,n=  10.32827  10.32885
 Src-osrc corr  10   7 o,n=   9.77092   9.70930
 Src-osrc corr  13   7 o,n=   0.77544   1.48548
 Src-osrc corr  14   7 o,n=   1.36679   1.47435
 Src-osrc corr  15   7 o,n=   0.68781   1.82289
 Src-osrc corr  16   7 o,n=   0.62500   0.62396
 Src-osrc corr   9   8 o,n=  10.32885  11.82238
 Src-osrc corr  10   8 o,n=   9.70930  11.73733
 Src-osrc corr  13   8 o,n=   1.48548   8.39685
 Src-osrc corr  14   8 o,n=   1.47435   2.19301
 Src-osrc corr  16   8 o,n=   0.62396   7.96133
 Src-osrc corr   9   1 o,n=  12.20473  10.45011
 Src-osrc corr  10   1 o,n=  11.57338  10.10171
 Src-osrc corr  11   1 o,n=  11.98519  10.25007
 Src-osrc corr  12   1 o,n=  11.34538   9.86335
 Src-osrc corr   9   2 o,n=  10.45011  10.38481
 Src-osrc corr  10   2 o,n=  10.10171   9.95129
 Src-osrc corr  13   2 o,n=   0.17212   0.37927
 Src-osrc corr  14   2 o,n=   0.26036   1.17158
 Src-osrc corr  15   2 o,n=   0.08650   0.68251
 Src-osrc corr   9   3 o,n=  10.38481  10.37441
 Src-osrc corr  10   3 o,n=   9.95129   9.93134
 Src-osrc corr  13   3 o,n=   0.37927   0.45073
 Src-osrc corr  14   3 o,n=   1.17158   1.67959
 Src-osrc corr  15   3 o,n=   0.68251   0.79419
 Src-osrc corr  16   3 o,n=   0.12134   0.25946
 Src-osrc corr   9   4 o,n=  10.37441  10.37001
 Src-osrc corr  10   4 o,n=   9.93134   9.87486
 Src-osrc corr  13   4 o,n=   0.45073   0.65699
 Src-osrc corr  14   4 o,n=   1.67959   1.52099
 Src-osrc corr  15   4 o,n=   0.79419   0.59176
 Src-osrc corr  16   4 o,n=   0.25946   0.29440
 Src-osrc corr   9   5 o,n=  10.37001  10.32006
 Src-osrc corr  10   5 o,n=   9.87486   9.74282
 Src-osrc corr  13   5 o,n=   0.65699   0.58913
 Src-osrc corr  14   5 o,n=   1.52099   1.25232
 Src-osrc corr  15   5 o,n=   0.59176   0.66477
 Src-osrc corr  16   5 o,n=   0.29440   1.04884
 Src-osrc corr   9   6 o,n=  10.32006  10.32827
 Src-osrc corr  10   6 o,n=   9.74282   9.77092
 Src-osrc corr  13   6 o,n=   0.58913   0.77544
 Src-osrc corr  14   6 o,n=   1.25232   1.36679
 Src-osrc corr  15   6 o,n=   0.66477   0.68781
 Src-osrc corr  16   6 o,n=   1.04884   0.62500
 Src-osrc corr   9   7 o,n=  10.32827  10.32885
 Src-osrc corr  10   7 o,n=   9.77092   9.70930
 Src-osrc corr  13   7 o,n=   0.77544   1.48548
 Src-osrc corr  14   7 o,n=   1.36679   1.47435
 Src-osrc corr  15   7 o,n=   0.68781   1.82289
 Src-osrc corr  16   7 o,n=   0.62500   0.62396
 Src-osrc corr   9   8 o,n=  10.32885  11.82238
 Src-osrc corr  10   8 o,n=   9.70930  11.73733
 Src-osrc corr  13   8 o,n=   1.48548   8.39685
 Src-osrc corr  14   8 o,n=   1.47435   2.19301
 Src-osrc corr  16   8 o,n=   0.62396   7.96133
 Src-osrc corr   9   1 o,n=  11.80571  10.08829
 Src-osrc corr  10   1 o,n=  11.17296   9.73779
 Src-osrc corr  11   1 o,n=  11.52958   9.83489
 Src-osrc corr  12   1 o,n=  10.90838   9.46026
 Src-osrc corr   9   2 o,n=  10.08829  10.01800
 Src-osrc corr  10   2 o,n=   9.73779   9.57458
 Src-osrc corr  13   2 o,n=   0.22971   0.42807
 Src-osrc corr  14   2 o,n=   0.31137   1.23551
 Src-osrc corr  15   2 o,n=   0.09679   0.71593
 Src-osrc corr   9   3 o,n=  10.01800  10.00694
 Src-osrc corr  10   3 o,n=   9.57458   9.55404
 Src-osrc corr  13   3 o,n=   0.42807   0.50014
 Src-osrc corr  14   3 o,n=   1.23551   1.76841
 Src-osrc corr  15   3 o,n=   0.71593   0.83325
 Src-osrc corr  16   3 o,n=   0.15309   0.28607
 Src-osrc corr   9   4 o,n=  10.00694  10.00284
 Src-osrc corr  10   4 o,n=   9.55404   9.49909
 Src-osrc corr  13   4 o,n=   0.50014   0.71408
 Src-osrc corr  14   4 o,n=   1.76841   1.59719
 Src-osrc corr  15   4 o,n=   0.83325   0.59724
 Src-osrc corr  16   4 o,n=   0.28607   0.32146
 Src-osrc corr   9   5 o,n=  10.00284   9.96457
 Src-osrc corr  10   5 o,n=   9.49909   9.38145
 Src-osrc corr  13   5 o,n=   0.71408   0.59713
 Src-osrc corr  14   5 o,n=   1.59719   1.27841
 Src-osrc corr  15   5 o,n=   0.59724   0.65172
 Src-osrc corr  16   5 o,n=   0.32146   1.08729
 Src-osrc corr   9   6 o,n=   9.96457   9.97574
 Src-osrc corr  10   6 o,n=   9.38145   9.41793
 Src-osrc corr  13   6 o,n=   0.59713   0.78553
 Src-osrc corr  14   6 o,n=   1.27841   1.34273
 Src-osrc corr  15   6 o,n=   0.65172   0.67309
 Src-osrc corr  16   6 o,n=   1.08729   0.65631
 Src-osrc corr   9   7 o,n=   9.97574   9.97515
 Src-osrc corr  10   7 o,n=   9.41793   9.34485
 Src-osrc corr  13   7 o,n=   0.78553   1.54312
 Src-osrc corr  14   7 o,n=   1.34273   1.46066
 Src-osrc corr  15   7 o,n=   0.67309   1.88306
 Src-osrc corr  16   7 o,n=   0.65631   0.64685
 Src-osrc corr   9   8 o,n=   9.97515  11.52947
 Src-osrc corr  10   8 o,n=   9.34485  11.47233
 Src-osrc corr  13   8 o,n=   1.54312   8.69008
 Src-osrc corr  14   8 o,n=   1.46066   2.23540
 Src-osrc corr  16   8 o,n=   0.64685   8.23358
 Src-osrc corr   9   1 o,n=  12.03176  10.38117
 Src-osrc corr  10   1 o,n=  11.35936   9.98222
 Src-osrc corr  11   1 o,n=  11.83515  10.18805
 Src-osrc corr  12   1 o,n=  11.15801   9.75998
 Src-osrc corr   9   2 o,n=  10.38117  10.32393
 Src-osrc corr  10   2 o,n=   9.98222   9.83886
 Src-osrc corr  13   2 o,n=   0.14733   0.32856
 Src-osrc corr  14   2 o,n=   0.28755   1.09919
 Src-osrc corr  15   2 o,n=   0.09085   0.63953
 Src-osrc corr   9   3 o,n=  10.32393  10.31509
 Src-osrc corr  10   3 o,n=   9.83886   9.81849
 Src-osrc corr  13   3 o,n=   0.32856   0.39749
 Src-osrc corr  14   3 o,n=   1.09919   1.57535
 Src-osrc corr  15   3 o,n=   0.63953   0.74424
 Src-osrc corr  16   3 o,n=   0.10776   0.24486
 Src-osrc corr   9   4 o,n=  10.31509  10.31100
 Src-osrc corr  10   4 o,n=   9.81849   9.77049
 Src-osrc corr  13   4 o,n=   0.39749   0.59025
 Src-osrc corr  14   4 o,n=   1.57535   1.42905
 Src-osrc corr  15   4 o,n=   0.74424   0.55358
 Src-osrc corr  16   4 o,n=   0.24486   0.27660
 Src-osrc corr   9   5 o,n=  10.31100  10.25613
 Src-osrc corr  10   5 o,n=   9.77049   9.65078
 Src-osrc corr  13   5 o,n=   0.59025   0.55425
 Src-osrc corr  14   5 o,n=   1.42905   1.17513
 Src-osrc corr  15   5 o,n=   0.55358   0.62589
 Src-osrc corr  16   5 o,n=   0.27660   0.97573
 Src-osrc corr   9   6 o,n=  10.25613  10.25933
 Src-osrc corr  10   6 o,n=   9.65078   9.66405
 Src-osrc corr  13   6 o,n=   0.55425   0.73160
 Src-osrc corr  14   6 o,n=   1.17513   1.29611
 Src-osrc corr  15   6 o,n=   0.62589   0.65005
 Src-osrc corr  16   6 o,n=   0.97573   0.57975
 Src-osrc corr   9   7 o,n=  10.25933  10.26291
 Src-osrc corr  10   7 o,n=   9.66405   9.63969
 Src-osrc corr  13   7 o,n=   0.73160   1.40276
 Src-osrc corr  14   7 o,n=   1.29611   1.41214
 Src-osrc corr  15   7 o,n=   0.65005   1.80233
 Src-osrc corr  16   7 o,n=   0.57975   0.59138
 Src-osrc corr   9   8 o,n=  10.26291  11.81474
 Src-osrc corr  10   8 o,n=   9.63969  11.67713
 Src-osrc corr  13   8 o,n=   1.40276   8.29746
 Src-osrc corr  14   8 o,n=   1.41214   2.14976
 Src-osrc corr  16   8 o,n=   0.59138   7.83498
 Src-osrc corr   9   1 o,n=  12.02978  10.37547
 Src-osrc corr  10   1 o,n=  11.36041   9.98015
 Src-osrc corr  11   1 o,n=  11.82948  10.17925
 Src-osrc corr  12   1 o,n=  11.15537   9.75449
 Src-osrc corr   9   2 o,n=  10.37547  10.31724
 Src-osrc corr  10   2 o,n=   9.98015   9.83428
 Src-osrc corr  13   2 o,n=   0.15062   0.33138
 Src-osrc corr  14   2 o,n=   0.29020   1.10036
 Src-osrc corr  15   2 o,n=   0.09160   0.63994
 Src-osrc corr   9   3 o,n=  10.31724  10.30818
 Src-osrc corr  10   3 o,n=   9.83428   9.81314
 Src-osrc corr  13   3 o,n=   0.33138   0.40015
 Src-osrc corr  14   3 o,n=   1.10036   1.57670
 Src-osrc corr  15   3 o,n=   0.63994   0.74469
 Src-osrc corr  16   3 o,n=   0.10963   0.24543
 Src-osrc corr   9   4 o,n=  10.30818  10.30414
 Src-osrc corr  10   4 o,n=   9.81314   9.76556
 Src-osrc corr  13   4 o,n=   0.40015   0.59234
 Src-osrc corr  14   4 o,n=   1.57670   1.43068
 Src-osrc corr  15   4 o,n=   0.74469   0.55407
 Src-osrc corr  16   4 o,n=   0.24543   0.27708
 Src-osrc corr   9   5 o,n=  10.30414  10.25016
 Src-osrc corr  10   5 o,n=   9.76556   9.64737
 Src-osrc corr  13   5 o,n=   0.59234   0.55477
 Src-osrc corr  14   5 o,n=   1.43068   1.17672
 Src-osrc corr  15   5 o,n=   0.55407   0.62551
 Src-osrc corr  16   5 o,n=   0.27708   0.97508
 Src-osrc corr   9   6 o,n=  10.25016  10.25346
 Src-osrc corr  10   6 o,n=   9.64737   9.66094
 Src-osrc corr  13   6 o,n=   0.55477   0.73166
 Src-osrc corr  14   6 o,n=   1.17672   1.29565
 Src-osrc corr  15   6 o,n=   0.62551   0.64951
 Src-osrc corr  16   6 o,n=   0.97508   0.57973
 Src-osrc corr   9   7 o,n=  10.25346  10.25700
 Src-osrc corr  10   7 o,n=   9.66094   9.63566
 Src-osrc corr  13   7 o,n=   0.73166   1.40242
 Src-osrc corr  14   7 o,n=   1.29565   1.41262
 Src-osrc corr  15   7 o,n=   0.64951   1.80386
 Src-osrc corr  16   7 o,n=   0.57973   0.59143
 Src-osrc corr   9   8 o,n=  10.25700  11.80268
 Src-osrc corr  10   8 o,n=   9.63566  11.66736
 Src-osrc corr  13   8 o,n=   1.40242   8.29980
 Src-osrc corr  14   8 o,n=   1.41262   2.15203
 Src-osrc corr  16   8 o,n=   0.59143   7.83544
 Src-osrc corr   9   1 o,n=  11.95612  10.30082
 Src-osrc corr  10   1 o,n=  11.29109   9.90955
 Src-osrc corr  11   1 o,n=  11.75944  10.10725
 Src-osrc corr  12   1 o,n=  11.08956   9.68680
 Src-osrc corr   9   2 o,n=  10.30082  10.24389
 Src-osrc corr  10   2 o,n=   9.90955   9.76712
 Src-osrc corr  13   2 o,n=   0.14709   0.32737
 Src-osrc corr  14   2 o,n=   0.28946   1.09890
 Src-osrc corr  15   2 o,n=   0.09134   0.63926
 Src-osrc corr   9   3 o,n=  10.24389  10.23514
 Src-osrc corr  10   3 o,n=   9.76712   9.74712
 Src-osrc corr  13   3 o,n=   0.32737   0.39627
 Src-osrc corr  14   3 o,n=   1.09890   1.57466
 Src-osrc corr  15   3 o,n=   0.63926   0.74389
 Src-osrc corr  16   3 o,n=   0.10725   0.24484
 Src-osrc corr   9   4 o,n=  10.23514  10.23102
 Src-osrc corr  10   4 o,n=   9.74712   9.69889
 Src-osrc corr  13   4 o,n=   0.39627   0.58914
 Src-osrc corr  14   4 o,n=   1.57466   1.42875
 Src-osrc corr  15   4 o,n=   0.74389   0.55450
 Src-osrc corr  16   4 o,n=   0.24484   0.27649
 Src-osrc corr   9   5 o,n=  10.23102  10.17549
 Src-osrc corr  10   5 o,n=   9.69889   9.57826
 Src-osrc corr  13   5 o,n=   0.58914   0.55601
 Src-osrc corr  14   5 o,n=   1.42875   1.17663
 Src-osrc corr  15   5 o,n=   0.55450   0.62800
 Src-osrc corr  16   5 o,n=   0.27649   0.97636
 Src-osrc corr   9   6 o,n=  10.17549  10.17876
 Src-osrc corr  10   6 o,n=   9.57826   9.59173
 Src-osrc corr  13   6 o,n=   0.55601   0.73379
 Src-osrc corr  14   6 o,n=   1.17663   1.30074
 Src-osrc corr  15   6 o,n=   0.62800   0.65243
 Src-osrc corr  16   6 o,n=   0.97636   0.57975
 Src-osrc corr   9   7 o,n=  10.17876  10.18237
 Src-osrc corr  10   7 o,n=   9.59173   9.56752
 Src-osrc corr  13   7 o,n=   0.73379   1.40346
 Src-osrc corr  14   7 o,n=   1.30074   1.41601
 Src-osrc corr  15   7 o,n=   0.65243   1.80393
 Src-osrc corr  16   7 o,n=   0.57975   0.59221
 Src-osrc corr   9   8 o,n=  10.18237  11.73809
 Src-osrc corr  10   8 o,n=   9.56752  11.60940
 Src-osrc corr  13   8 o,n=   1.40346   8.30498
 Src-osrc corr  14   8 o,n=   1.41601   2.15294
 Src-osrc corr  16   8 o,n=   0.59221   7.84126
 Src-osrc corr   9   1 o,n=  11.97202  10.32078
 Src-osrc corr  10   1 o,n=  11.30396   9.92604
 Src-osrc corr  11   1 o,n=  11.77482  10.12687
 Src-osrc corr  12   1 o,n=  11.10218   9.70324
 Src-osrc corr   9   2 o,n=  10.32078  10.26425
 Src-osrc corr  10   2 o,n=   9.92604   9.78430
 Src-osrc corr  13   2 o,n=   0.14800   0.32815
 Src-osrc corr  14   2 o,n=   0.28889   1.09767
 Src-osrc corr  15   2 o,n=   0.09111   0.63849
 Src-osrc corr   9   3 o,n=  10.26425  10.25558
 Src-osrc corr  10   3 o,n=   9.78430   9.76447
 Src-osrc corr  13   3 o,n=   0.32815   0.39691
 Src-osrc corr  14   3 o,n=   1.09767   1.57288
 Src-osrc corr  15   3 o,n=   0.63849   0.74300
 Src-osrc corr  16   3 o,n=   0.10787   0.24460
 Src-osrc corr   9   4 o,n=  10.25558  10.25146
 Src-osrc corr  10   4 o,n=   9.76447   9.71636
 Src-osrc corr  13   4 o,n=   0.39691   0.58928
 Src-osrc corr  14   4 o,n=   1.57288   1.42695
 Src-osrc corr  15   4 o,n=   0.74300   0.55242
 Src-osrc corr  16   4 o,n=   0.24460   0.27622
 Src-osrc corr   9   5 o,n=  10.25146  10.19545
 Src-osrc corr  10   5 o,n=   9.71636   9.59506
 Src-osrc corr  13   5 o,n=   0.58928   0.55352
 Src-osrc corr  14   5 o,n=   1.42695   1.17301
 Src-osrc corr  15   5 o,n=   0.55242   0.62443
 Src-osrc corr  16   5 o,n=   0.27622   0.97375
 Src-osrc corr   9   6 o,n=  10.19545  10.19842
 Src-osrc corr  10   6 o,n=   9.59506   9.60740
 Src-osrc corr  13   6 o,n=   0.55352   0.73057
 Src-osrc corr  14   6 o,n=   1.17301   1.29348
 Src-osrc corr  15   6 o,n=   0.62443   0.64865
 Src-osrc corr  16   6 o,n=   0.97375   0.57853
 Src-osrc corr   9   7 o,n=  10.19842  10.20207
 Src-osrc corr  10   7 o,n=   9.60740   9.58419
 Src-osrc corr  13   7 o,n=   0.73057   1.39954
 Src-osrc corr  14   7 o,n=   1.29348   1.40932
 Src-osrc corr  15   7 o,n=   0.64865   1.80005
 Src-osrc corr  16   7 o,n=   0.57853   0.59044
 Src-osrc corr   9   8 o,n=  10.20207  11.75390
 Src-osrc corr  10   8 o,n=   9.58419  11.62139
 Src-osrc corr  13   8 o,n=   1.39954   8.28635
 Src-osrc corr  14   8 o,n=   1.40932   2.14688
 Src-osrc corr  16   8 o,n=   0.59044   7.82313
 Reaction Xsec     4.0+/ 4 @ 1 =    75.805 , Out:   0.000#   0.124    3.021    2.947    0.789/   0.170/  69.712f

 Total SPIN, PARITY =     4.0 -,     18 chs,     18 cc.  Rmin & Coul turning =    0.6    4.5
 Src-osrc corr  11   1 o,n=  19.21580  18.38320
 Src-osrc corr  13   1 o,n=  17.11737  16.40866
 Src-osrc corr  11   3 o,n=  18.38320  18.46438
 Src-osrc corr  15   3 o,n=   1.67301   1.78455
 Src-osrc corr  17   3 o,n=   0.58774   1.42843
 Src-osrc corr  11   4 o,n=  18.46438  18.46156
 Src-osrc corr  12   4 o,n=   0.00128   0.09131
 Src-osrc corr  15   4 o,n=   1.78455   1.79454
 Src-osrc corr  16   4 o,n=   0.00271   0.18385
 Src-osrc corr  17   4 o,n=   1.42843   1.46238
 Src-osrc corr  11   5 o,n=  18.46156  18.34445
 Src-osrc corr  12   5 o,n=   0.09131   0.10503
 Src-osrc corr  15   5 o,n=   1.79454   1.88600
 Src-osrc corr  16   5 o,n=   0.18385   0.32794
 Src-osrc corr  17   5 o,n=   1.46238   2.21073
 Src-osrc corr  18   5 o,n=   0.00150   0.17516
 Src-osrc corr  11   6 o,n=  18.34445  17.46457
 Src-osrc corr  12   6 o,n=   0.10503   0.00127
 Src-osrc corr  15   6 o,n=   1.88600   3.48651
 Src-osrc corr  16   6 o,n=   0.32794   0.00280
 Src-osrc corr  17   6 o,n=   2.21073   3.77220
 Src-osrc corr  18   6 o,n=   0.17516   0.00160
 Src-osrc corr  11   7 o,n=  17.46457  17.46473
 Src-osrc corr  12   7 o,n=   0.00127   0.11150
 Src-osrc corr  15   7 o,n=   3.48651   3.48745
 Src-osrc corr  16   7 o,n=   0.00280   0.15951
 Src-osrc corr  17   7 o,n=   3.77220   3.75928
 Src-osrc corr  18   7 o,n=   0.00160   0.09810
 Src-osrc corr  11   8 o,n=  17.46473  17.40106
 Src-osrc corr  12   8 o,n=   0.11150   0.18657
 Src-osrc corr  15   8 o,n=   3.48745   3.49855
 Src-osrc corr  16   8 o,n=   0.15951   0.61924
 Src-osrc corr  17   8 o,n=   3.75928   3.78872
 Src-osrc corr  18   8 o,n=   0.09810   0.36672
 Src-osrc corr  11   9 o,n=  17.40106  16.45509
 Src-osrc corr  12   9 o,n=   0.18657   0.00130
 Src-osrc corr  15   9 o,n=   3.49855  13.22988
 Src-osrc corr  16   9 o,n=   0.61924   0.00289
 Src-osrc corr  18   9 o,n=   0.36672   0.06181
 Src-osrc corr  11   1 o,n=  19.21580  18.38320
 Src-osrc corr  13   1 o,n=  17.11737  16.40866
 Src-osrc corr  11   3 o,n=  18.38320  18.46438
 Src-osrc corr  15   3 o,n=   1.67301   1.78455
 Src-osrc corr  17   3 o,n=   0.58774   1.42843
 Src-osrc corr  11   4 o,n=  18.46438  18.46156
 Src-osrc corr  12   4 o,n=   0.00128   0.09131
 Src-osrc corr  15   4 o,n=   1.78455   1.79454
 Src-osrc corr  16   4 o,n=   0.00271   0.18385
 Src-osrc corr  17   4 o,n=   1.42843   1.46238
 Src-osrc corr  11   5 o,n=  18.46156  18.34445
 Src-osrc corr  12   5 o,n=   0.09131   0.10503
 Src-osrc corr  15   5 o,n=   1.79454   1.88600
 Src-osrc corr  16   5 o,n=   0.18385   0.32794
 Src-osrc corr  17   5 o,n=   1.46238   2.21073
 Src-osrc corr  18   5 o,n=   0.00150   0.17516
 Src-osrc corr  11   6 o,n=  18.34445  17.46457
 Src-osrc corr  12   6 o,n=   0.10503   0.00127
 Src-osrc corr  15   6 o,n=   1.88600   3.48651
 Src-osrc corr  16   6 o,n=   0.32794   0.00280
 Src-osrc corr  17   6 o,n=   2.21073   3.77220
 Src-osrc corr  18   6 o,n=   0.17516   0.00160
 Src-osrc corr  11   7 o,n=  17.46457  17.46473
 Src-osrc corr  12   7 o,n=   0.00127   0.11150
 Src-osrc corr  15   7 o,n=   3.48651   3.48745
 Src-osrc corr  16   7 o,n=   0.00280   0.15951
 Src-osrc corr  17   7 o,n=   3.77220   3.75928
 Src-osrc corr  18   7 o,n=   0.00160   0.09810
 Src-osrc corr  11   8 o,n=  17.46473  17.40106
 Src-osrc corr  12   8 o,n=   0.11150   0.18657
 Src-osrc corr  15   8 o,n=   3.48745   3.49855
 Src-osrc corr  16   8 o,n=   0.15951   0.61924
 Src-osrc corr  17   8 o,n=   3.75928   3.78872
 Src-osrc corr  18   8 o,n=   0.09810   0.36672
 Src-osrc corr  11   9 o,n=  17.40106  16.45509
 Src-osrc corr  12   9 o,n=   0.18657   0.00130
 Src-osrc corr  15   9 o,n=   3.49855  13.22988
 Src-osrc corr  16   9 o,n=   0.61924   0.00289
 Src-osrc corr  18   9 o,n=   0.36672   0.06181
 Src-osrc corr  11   1 o,n=  18.92959  18.37086
 Src-osrc corr  13   1 o,n=  16.63175  16.17622
 Src-osrc corr  12   2 o,n=   0.00144   0.00146
 Src-osrc corr  14   2 o,n=   0.00007   0.00006
 Src-osrc corr  11   3 o,n=  18.37086  18.47185
 Src-osrc corr  15   3 o,n=   1.83875   1.94442
 Src-osrc corr  17   3 o,n=   0.58699   1.42248
 Src-osrc corr  11   4 o,n=  18.47185  18.46898
 Src-osrc corr  12   4 o,n=   0.00146   0.09109
 Src-osrc corr  15   4 o,n=   1.94442   1.95641
 Src-osrc corr  16   4 o,n=   0.00374   0.18358
 Src-osrc corr  17   4 o,n=   1.42248   1.45511
 Src-osrc corr  11   5 o,n=  18.46898  18.34986
 Src-osrc corr  12   5 o,n=   0.09109   0.10448
 Src-osrc corr  15   5 o,n=   1.95641   2.05183
 Src-osrc corr  16   5 o,n=   0.18358   0.32672
 Src-osrc corr  17   5 o,n=   1.45511   2.18508
 Src-osrc corr  18   5 o,n=   0.00228   0.17475
 Src-osrc corr  11   6 o,n=  18.34986  17.42903
 Src-osrc corr  12   6 o,n=   0.10448   0.00155
 Src-osrc corr  15   6 o,n=   2.05183   3.53531
 Src-osrc corr  16   6 o,n=   0.32672   0.00399
 Src-osrc corr  17   6 o,n=   2.18508   3.72084
 Src-osrc corr  18   6 o,n=   0.17475   0.00243
 Src-osrc corr  11   7 o,n=  17.42903  17.42935
 Src-osrc corr  12   7 o,n=   0.00155   0.10880
 Src-osrc corr  15   7 o,n=   3.53531   3.53664
 Src-osrc corr  16   7 o,n=   0.00399   0.15564
 Src-osrc corr  17   7 o,n=   3.72084   3.70774
 Src-osrc corr  18   7 o,n=   0.00243   0.09621
 Src-osrc corr  11   8 o,n=  17.42935  17.37883
 Src-osrc corr  12   8 o,n=   0.10880   0.18170
 Src-osrc corr  15   8 o,n=   3.53664   3.54872
 Src-osrc corr  16   8 o,n=   0.15564   0.60416
 Src-osrc corr  17   8 o,n=   3.70774   3.72112
 Src-osrc corr  18   8 o,n=   0.09621   0.35842
 Src-osrc corr  11   9 o,n=  17.37883  16.68799
 Src-osrc corr  12   9 o,n=   0.18170   0.00179
 Src-osrc corr  15   9 o,n=   3.54872  12.85391
 Src-osrc corr  16   9 o,n=   0.60416   0.00446
 Src-osrc corr  18   9 o,n=   0.35842   0.06099
 Src-osrc corr  12  10 o,n=   0.00179   0.00182
 Src-osrc corr  16  10 o,n=   0.00446   0.00447
 Src-osrc corr  18  10 o,n=   0.06099   0.06098
 Psi(EL) renorm. by  7.49E-01 5.47E-02, Conv =  1.12062 %
 Src-osrc corr  11   1 o,n=  19.91951  19.57057
 Src-osrc corr  13   1 o,n=  18.01929  17.75012
 Src-osrc corr  12   2 o,n=   0.00104   0.00105
 Src-osrc corr  14   2 o,n=   0.00002   0.00002
 Src-osrc corr  11   3 o,n=  19.57057  19.64904
 Src-osrc corr  15   3 o,n=   1.46928   1.56558
 Src-osrc corr  17   3 o,n=   0.53920   1.31243
 Src-osrc corr  11   4 o,n=  19.64904  19.64636
 Src-osrc corr  12   4 o,n=   0.00105   0.08431
 Src-osrc corr  15   4 o,n=   1.56558   1.57477
 Src-osrc corr  16   4 o,n=   0.00252   0.16968
 Src-osrc corr  17   4 o,n=   1.31243   1.34452
 Src-osrc corr  11   5 o,n=  19.64636  19.53501
 Src-osrc corr  12   5 o,n=   0.08431   0.09680
 Src-osrc corr  15   5 o,n=   1.57477   1.66004
 Src-osrc corr  16   5 o,n=   0.16968   0.30225
 Src-osrc corr  17   5 o,n=   1.34452   2.05045
 Src-osrc corr  18   5 o,n=   0.00151   0.16136
 Src-osrc corr  11   6 o,n=  19.53501  18.67100
 Src-osrc corr  12   6 o,n=   0.09680   0.00108
 Src-osrc corr  15   6 o,n=   1.66004   3.16988
 Src-osrc corr  16   6 o,n=   0.30225   0.00264
 Src-osrc corr  17   6 o,n=   2.05045   3.51173
 Src-osrc corr  18   6 o,n=   0.16136   0.00161
 Src-osrc corr  11   7 o,n=  18.67100  18.67133
 Src-osrc corr  12   7 o,n=   0.00108   0.10373
 Src-osrc corr  15   7 o,n=   3.16988   3.16991
 Src-osrc corr  16   7 o,n=   0.00264   0.14858
 Src-osrc corr  17   7 o,n=   3.51173   3.50114
 Src-osrc corr  18   7 o,n=   0.00161   0.09152
 Src-osrc corr  11   8 o,n=  18.67133  18.62431
 Src-osrc corr  12   8 o,n=   0.10373   0.17445
 Src-osrc corr  15   8 o,n=   3.16991   3.17665
 Src-osrc corr  16   8 o,n=   0.14858   0.57835
 Src-osrc corr  17   8 o,n=   3.50114   3.55348
 Src-osrc corr  18   8 o,n=   0.09152   0.34207
 Src-osrc corr  11   9 o,n=  18.62431  17.92225
 Src-osrc corr  12   9 o,n=   0.17445   0.00126
 Src-osrc corr  15   9 o,n=   3.17665  12.33170
 Src-osrc corr  16   9 o,n=   0.57835   0.00304
 Src-osrc corr  18   9 o,n=   0.34207   0.05744
 Src-osrc corr  12  10 o,n=   0.00126   0.00123
 Src-osrc corr  16  10 o,n=   0.00304   0.00303
 Src-osrc corr  18  10 o,n=   0.05744   0.05747
 Src-osrc corr  11   1 o,n=  19.37727  18.99686
 Src-osrc corr  13   1 o,n=  17.49045  17.18804
 Src-osrc corr  12   2 o,n=   0.00115   0.00113
 Src-osrc corr  14   2 o,n=   0.00010   0.00008
 Src-osrc corr  11   3 o,n=  18.99686  19.07716
 Src-osrc corr  15   3 o,n=   1.46058   1.55834
 Src-osrc corr  17   3 o,n=   0.53531   1.31626
 Src-osrc corr  11   4 o,n=  19.07716  19.07447
 Src-osrc corr  12   4 o,n=   0.00113   0.08494
 Src-osrc corr  15   4 o,n=   1.55834   1.56773
 Src-osrc corr  16   4 o,n=   0.00262   0.17092
 Src-osrc corr  17   4 o,n=   1.31626   1.34852
 Src-osrc corr  11   5 o,n=  19.07447  18.96264
 Src-osrc corr  12   5 o,n=   0.08494   0.09746
 Src-osrc corr  15   5 o,n=   1.56773   1.65432
 Src-osrc corr  16   5 o,n=   0.17092   0.30435
 Src-osrc corr  17   5 o,n=   1.34852   2.05625
 Src-osrc corr  18   5 o,n=   0.00155   0.16245
 Src-osrc corr  11   6 o,n=  18.96264  18.09549
 Src-osrc corr  12   6 o,n=   0.09746   0.00114
 Src-osrc corr  15   6 o,n=   1.65432   3.17204
 Src-osrc corr  16   6 o,n=   0.30435   0.00272
 Src-osrc corr  17   6 o,n=   2.05625   3.52204
 Src-osrc corr  18   6 o,n=   0.16245   0.00164
 Src-osrc corr  11   7 o,n=  18.09549  18.09581
 Src-osrc corr  12   7 o,n=   0.00114   0.10409
 Src-osrc corr  15   7 o,n=   3.17204   3.17219
 Src-osrc corr  16   7 o,n=   0.00272   0.14909
 Src-osrc corr  17   7 o,n=   3.52204   3.51123
 Src-osrc corr  18   7 o,n=   0.00164   0.09182
 Src-osrc corr  11   8 o,n=  18.09581  18.04825
 Src-osrc corr  12   8 o,n=   0.10409   0.17502
 Src-osrc corr  15   8 o,n=   3.17219   3.17948
 Src-osrc corr  16   8 o,n=   0.14909   0.58018
 Src-osrc corr  17   8 o,n=   3.51123   3.56084
 Src-osrc corr  18   8 o,n=   0.09182   0.34319
 Src-osrc corr  11   9 o,n=  18.04825  17.37675
 Src-osrc corr  12   9 o,n=   0.17502   0.00130
 Src-osrc corr  15   9 o,n=   3.17948  12.35552
 Src-osrc corr  16   9 o,n=   0.58018   0.00307
 Src-osrc corr  18   9 o,n=   0.34319   0.05761
 Src-osrc corr  12  10 o,n=   0.00130   0.00125
 Src-osrc corr  16  10 o,n=   0.00307   0.00306
 Src-osrc corr  18  10 o,n=   0.05761   0.05764
 Src-osrc corr  11   1 o,n=  18.98888  18.64703
 Src-osrc corr  13   1 o,n=  17.16107  16.89065
 Src-osrc corr  12   2 o,n=   0.00107   0.00110
 Src-osrc corr  14   2 o,n=   0.00009   0.00007
 Src-osrc corr  11   3 o,n=  18.64703  18.73057
 Src-osrc corr  15   3 o,n=   1.41726   1.51662
 Src-osrc corr  17   3 o,n=   0.52725   1.31327
 Src-osrc corr  11   4 o,n=  18.73057  18.72788
 Src-osrc corr  12   4 o,n=   0.00110   0.08497
 Src-osrc corr  15   4 o,n=   1.51662   1.52590
 Src-osrc corr  16   4 o,n=   0.00260   0.17102
 Src-osrc corr  17   4 o,n=   1.31327   1.34551
 Src-osrc corr  11   5 o,n=  18.72788  18.61607
 Src-osrc corr  12   5 o,n=   0.08497   0.09752
 Src-osrc corr  15   5 o,n=   1.52590   1.61237
 Src-osrc corr  16   5 o,n=   0.17102   0.30453
 Src-osrc corr  17   5 o,n=   1.34551   2.05063
 Src-osrc corr  18   5 o,n=   0.00151   0.16254
 Src-osrc corr  11   6 o,n=  18.61607  17.74806
 Src-osrc corr  12   6 o,n=   0.09752   0.00111
 Src-osrc corr  15   6 o,n=   1.61237   3.13638
 Src-osrc corr  16   6 o,n=   0.30453   0.00269
 Src-osrc corr  17   6 o,n=   2.05063   3.51142
 Src-osrc corr  18   6 o,n=   0.16254   0.00160
 Src-osrc corr  11   7 o,n=  17.74806  17.74841
 Src-osrc corr  12   7 o,n=   0.00111   0.10358
 Src-osrc corr  15   7 o,n=   3.13638   3.13650
 Src-osrc corr  16   7 o,n=   0.00269   0.14837
 Src-osrc corr  17   7 o,n=   3.51142   3.50066
 Src-osrc corr  18   7 o,n=   0.00160   0.09139
 Src-osrc corr  11   8 o,n=  17.74841  17.70249
 Src-osrc corr  12   8 o,n=   0.10358   0.17416
 Src-osrc corr  15   8 o,n=   3.13650   3.14352
 Src-osrc corr  16   8 o,n=   0.14837   0.57748
 Src-osrc corr  17   8 o,n=   3.50066   3.54751
 Src-osrc corr  18   8 o,n=   0.09139   0.34166
 Src-osrc corr  11   9 o,n=  17.70249  17.09453
 Src-osrc corr  12   9 o,n=   0.17416   0.00126
 Src-osrc corr  15   9 o,n=   3.14352  12.25166
 Src-osrc corr  16   9 o,n=   0.57748   0.00303
 Src-osrc corr  18   9 o,n=   0.34166   0.05733
 Src-osrc corr  12  10 o,n=   0.00126   0.00123
 Src-osrc corr  16  10 o,n=   0.00303   0.00302
 Src-osrc corr  18  10 o,n=   0.05733   0.05736
 Src-osrc corr  11   1 o,n=  19.09925  18.77028
 Src-osrc corr  13   1 o,n=  17.27572  17.01779
 Src-osrc corr  12   2 o,n=   0.00112   0.00113
 Src-osrc corr  14   2 o,n=   0.00004   0.00004
 Src-osrc corr  11   3 o,n=  18.77028  18.85281
 Src-osrc corr  15   3 o,n=   1.41396   1.51220
 Src-osrc corr  17   3 o,n=   0.52635   1.30672
 Src-osrc corr  11   4 o,n=  18.85281  18.85014
 Src-osrc corr  12   4 o,n=   0.00113   0.08444
 Src-osrc corr  15   4 o,n=   1.51220   1.52138
 Src-osrc corr  16   4 o,n=   0.00262   0.16995
 Src-osrc corr  17   4 o,n=   1.30672   1.33882
 Src-osrc corr  11   5 o,n=  18.85014  18.73884
 Src-osrc corr  12   5 o,n=   0.08444   0.09689
 Src-osrc corr  15   5 o,n=   1.52138   1.60720
 Src-osrc corr  16   5 o,n=   0.16995   0.30257
 Src-osrc corr  17   5 o,n=   1.33882   2.04189
 Src-osrc corr  18   5 o,n=   0.00153   0.16152
 Src-osrc corr  11   6 o,n=  18.73884  17.87417
 Src-osrc corr  12   6 o,n=   0.09689   0.00114
 Src-osrc corr  15   6 o,n=   1.60720   3.12547
 Src-osrc corr  16   6 o,n=   0.30257   0.00272
 Src-osrc corr  17   6 o,n=   2.04189   3.49750
 Src-osrc corr  18   6 o,n=   0.16152   0.00161
 Src-osrc corr  11   7 o,n=  17.87417  17.87452
 Src-osrc corr  12   7 o,n=   0.00114   0.10321
 Src-osrc corr  15   7 o,n=   3.12547   3.12547
 Src-osrc corr  16   7 o,n=   0.00272   0.14782
 Src-osrc corr  17   7 o,n=   3.49750   3.48699
 Src-osrc corr  18   7 o,n=   0.00161   0.09105
 Src-osrc corr  11   8 o,n=  17.87452  17.82868
 Src-osrc corr  12   8 o,n=   0.10321   0.17350
 Src-osrc corr  15   8 o,n=   3.12547   3.13196
 Src-osrc corr  16   8 o,n=   0.14782   0.57527
 Src-osrc corr  17   8 o,n=   3.48699   3.53687
 Src-osrc corr  18   8 o,n=   0.09105   0.34033
 Src-osrc corr  11   9 o,n=  17.82868  17.21097
 Src-osrc corr  12   9 o,n=   0.17350   0.00129
 Src-osrc corr  15   9 o,n=   3.13196  12.22195
 Src-osrc corr  16   9 o,n=   0.57527   0.00306
 Src-osrc corr  18   9 o,n=   0.34033   0.05713
 Src-osrc corr  12  10 o,n=   0.00129   0.00126
 Src-osrc corr  16  10 o,n=   0.00306   0.00305
 Src-osrc corr  18  10 o,n=   0.05713   0.05716
 Src-osrc corr  11   1 o,n=  18.96249  18.61576
 Src-osrc corr  13   1 o,n=  17.13259  16.85733
 Src-osrc corr  12   2 o,n=   0.00115   0.00116
 Src-osrc corr  14   2 o,n=   0.00004   0.00003
 Src-osrc corr  11   3 o,n=  18.61576  18.69849
 Src-osrc corr  15   3 o,n=   1.41987   1.51837
 Src-osrc corr  17   3 o,n=   0.52672   1.30916
 Src-osrc corr  11   4 o,n=  18.69849  18.69581
 Src-osrc corr  12   4 o,n=   0.00116   0.08464
 Src-osrc corr  15   4 o,n=   1.51837   1.52765
 Src-osrc corr  16   4 o,n=   0.00268   0.17035
 Src-osrc corr  17   4 o,n=   1.30916   1.34133
 Src-osrc corr  11   5 o,n=  18.69581  18.58433
 Src-osrc corr  12   5 o,n=   0.08464   0.09710
 Src-osrc corr  15   5 o,n=   1.52765   1.61395
 Src-osrc corr  16   5 o,n=   0.17035   0.30324
 Src-osrc corr  17   5 o,n=   1.34133   2.04536
 Src-osrc corr  18   5 o,n=   0.00156   0.16187
 Src-osrc corr  11   6 o,n=  18.58433  17.71848
 Src-osrc corr  12   6 o,n=   0.09710   0.00116
 Src-osrc corr  15   6 o,n=   1.61395   3.13323
 Src-osrc corr  16   6 o,n=   0.30324   0.00277
 Src-osrc corr  17   6 o,n=   2.04536   3.50312
 Src-osrc corr  18   6 o,n=   0.16187   0.00164
 Src-osrc corr  11   7 o,n=  17.71848  17.71882
 Src-osrc corr  12   7 o,n=   0.00116   0.10339
 Src-osrc corr  15   7 o,n=   3.13323   3.13328
 Src-osrc corr  16   7 o,n=   0.00277   0.14809
 Src-osrc corr  17   7 o,n=   3.50312   3.49254
 Src-osrc corr  18   7 o,n=   0.00164   0.09121
 Src-osrc corr  11   8 o,n=  17.71882  17.67261
 Src-osrc corr  12   8 o,n=   0.10339   0.17379
 Src-osrc corr  15   8 o,n=   3.13328   3.13999
 Src-osrc corr  16   8 o,n=   0.14809   0.57622
 Src-osrc corr  17   8 o,n=   3.49254   3.54172
 Src-osrc corr  18   8 o,n=   0.09121   0.34090
 Src-osrc corr  11   9 o,n=  17.67261  17.05667
 Src-osrc corr  12   9 o,n=   0.17379   0.00131
 Src-osrc corr  15   9 o,n=   3.13999  12.24255
 Src-osrc corr  16   9 o,n=   0.57622   0.00310
 Src-osrc corr  18   9 o,n=   0.34090   0.05724
 Src-osrc corr  12  10 o,n=   0.00131   0.00128
 Src-osrc corr  16  10 o,n=   0.00310   0.00309
 Src-osrc corr  18  10 o,n=   0.05724   0.05726
 Src-osrc corr  11   1 o,n=  18.88403  18.54014
 Src-osrc corr  13   1 o,n=  17.06068  16.78741
 Src-osrc corr  12   2 o,n=   0.00115   0.00116
 Src-osrc corr  14   2 o,n=   0.00004   0.00003
 Src-osrc corr  11   3 o,n=  18.54014  18.62339
 Src-osrc corr  15   3 o,n=   1.41601   1.51482
 Src-osrc corr  17   3 o,n=   0.52573   1.30912
 Src-osrc corr  11   4 o,n=  18.62339  18.62071
 Src-osrc corr  12   4 o,n=   0.00116   0.08466
 Src-osrc corr  15   4 o,n=   1.51482   1.52409
 Src-osrc corr  16   4 o,n=   0.00269   0.17039
 Src-osrc corr  17   4 o,n=   1.30912   1.34129
 Src-osrc corr  11   5 o,n=  18.62071  18.50921
 Src-osrc corr  12   5 o,n=   0.08466   0.09712
 Src-osrc corr  15   5 o,n=   1.52409   1.61039
 Src-osrc corr  16   5 o,n=   0.17039   0.30331
 Src-osrc corr  17   5 o,n=   1.34129   2.04479
 Src-osrc corr  18   5 o,n=   0.00156   0.16191
 Src-osrc corr  11   6 o,n=  18.50921  17.64320
 Src-osrc corr  12   6 o,n=   0.09712   0.00117
 Src-osrc corr  15   6 o,n=   1.61039   3.12966
 Src-osrc corr  16   6 o,n=   0.30331   0.00278
 Src-osrc corr  17   6 o,n=   2.04479   3.50165
 Src-osrc corr  18   6 o,n=   0.16191   0.00164
 Src-osrc corr  11   7 o,n=  17.64320  17.64354
 Src-osrc corr  12   7 o,n=   0.00117   0.10332
 Src-osrc corr  15   7 o,n=   3.12966   3.12972
 Src-osrc corr  16   7 o,n=   0.00278   0.14798
 Src-osrc corr  17   7 o,n=   3.50165   3.49106
 Src-osrc corr  18   7 o,n=   0.00164   0.09114
 Src-osrc corr  11   8 o,n=  17.64354  17.59760
 Src-osrc corr  12   8 o,n=   0.10332   0.17366
 Src-osrc corr  15   8 o,n=   3.12972   3.13645
 Src-osrc corr  16   8 o,n=   0.14798   0.57579
 Src-osrc corr  17   8 o,n=   3.49106   3.53945
 Src-osrc corr  18   8 o,n=   0.09114   0.34066
 Src-osrc corr  11   9 o,n=  17.59760  16.99173
 Src-osrc corr  12   9 o,n=   0.17366   0.00131
 Src-osrc corr  15   9 o,n=   3.13645  12.22549
 Src-osrc corr  16   9 o,n=   0.57579   0.00310
 Src-osrc corr  18   9 o,n=   0.34066   0.05720
 Src-osrc corr  12  10 o,n=   0.00131   0.00128
 Src-osrc corr  16  10 o,n=   0.00310   0.00309
 Src-osrc corr  18  10 o,n=   0.05720   0.05722
 Reaction Xsec     4.0-/ 3 @ 1 =    81.157 , Out:   0.000#   2.677    3.193    2.503    0.023    3.576/  72.759f
 Src-osrc corr  12   2 o,n=  12.32744   9.46771
 Src-osrc corr  14   2 o,n=  12.17764   9.34025
 Src-osrc corr  11   4 o,n=   0.00564   0.01055
 Src-osrc corr  12   4 o,n=   9.46771   9.26509
 Src-osrc corr  15   4 o,n=   0.01234   0.08971
 Src-osrc corr  16   4 o,n=   0.16696   0.94745
 Src-osrc corr  17   4 o,n=   0.00697   0.18408
 Src-osrc corr  11   5 o,n=   0.01055   0.02469
 Src-osrc corr  12   5 o,n=   9.26509   9.24947
 Src-osrc corr  15   5 o,n=   0.08971   0.05362
 Src-osrc corr  16   5 o,n=   0.94745   1.15358
 Src-osrc corr  17   5 o,n=   0.18408   0.03314
 Src-osrc corr  18   5 o,n=   0.05578   0.07942
 Src-osrc corr  11   6 o,n=   0.02469   0.00520
 Src-osrc corr  12   6 o,n=   9.24947   9.24881
 Src-osrc corr  15   6 o,n=   0.05362   0.01130
 Src-osrc corr  16   6 o,n=   1.15358   1.16563
 Src-osrc corr  17   6 o,n=   0.03314   0.00634
 Src-osrc corr  18   6 o,n=   0.07942   0.08484
 Src-osrc corr  11   7 o,n=   0.00520   0.01279
 Src-osrc corr  12   7 o,n=   9.24881   9.56301
 Src-osrc corr  15   7 o,n=   0.01130   0.49012
 Src-osrc corr  16   7 o,n=   1.16563   1.06114
 Src-osrc corr  17   7 o,n=   0.00634   0.87066
 Src-osrc corr  18   7 o,n=   0.08484   0.34940
 Src-osrc corr  11   8 o,n=   0.01279   0.11044
 Src-osrc corr  12   8 o,n=   9.56301   9.62646
 Src-osrc corr  15   8 o,n=   0.49012   0.34274
 Src-osrc corr  16   8 o,n=   1.06114   1.14645
 Src-osrc corr  17   8 o,n=   0.87066   0.00617
 Src-osrc corr  18   8 o,n=   0.34940   0.28844
 Src-osrc corr  11   9 o,n=   0.11044   0.00525
 Src-osrc corr  12   9 o,n=   9.62646   9.62802
 Src-osrc corr  15   9 o,n=   0.34274   0.01121
 Src-osrc corr  16   9 o,n=   1.14645   1.14969
 Src-osrc corr  18   9 o,n=   0.28844   0.28579
 Src-osrc corr  12  10 o,n=   9.62802  10.08661
 Src-osrc corr  16  10 o,n=   1.14969   1.84790
 Src-osrc corr  18  10 o,n=   0.28579   3.12133
 Src-osrc corr  12   2 o,n=  12.32744   9.46771
 Src-osrc corr  14   2 o,n=  12.17764   9.34025
 Src-osrc corr  11   4 o,n=   0.00564   0.01055
 Src-osrc corr  12   4 o,n=   9.46771   9.26509
 Src-osrc corr  15   4 o,n=   0.01234   0.08971
 Src-osrc corr  16   4 o,n=   0.16696   0.94745
 Src-osrc corr  17   4 o,n=   0.00697   0.18408
 Src-osrc corr  11   5 o,n=   0.01055   0.02469
 Src-osrc corr  12   5 o,n=   9.26509   9.24947
 Src-osrc corr  15   5 o,n=   0.08971   0.05362
 Src-osrc corr  16   5 o,n=   0.94745   1.15358
 Src-osrc corr  17   5 o,n=   0.18408   0.03314
 Src-osrc corr  18   5 o,n=   0.05578   0.07942
 Src-osrc corr  11   6 o,n=   0.02469   0.00520
 Src-osrc corr  12   6 o,n=   9.24947   9.24881
 Src-osrc corr  15   6 o,n=   0.05362   0.01130
 Src-osrc corr  16   6 o,n=   1.15358   1.16563
 Src-osrc corr  17   6 o,n=   0.03314   0.00634
 Src-osrc corr  18   6 o,n=   0.07942   0.08484
 Src-osrc corr  11   7 o,n=   0.00520   0.01279
 Src-osrc corr  12   7 o,n=   9.24881   9.56301
 Src-osrc corr  15   7 o,n=   0.01130   0.49012
 Src-osrc corr  16   7 o,n=   1.16563   1.06114
 Src-osrc corr  17   7 o,n=   0.00634   0.87066
 Src-osrc corr  18   7 o,n=   0.08484   0.34940
 Src-osrc corr  11   8 o,n=   0.01279   0.11044
 Src-osrc corr  12   8 o,n=   9.56301   9.62646
 Src-osrc corr  15   8 o,n=   0.49012   0.34274
 Src-osrc corr  16   8 o,n=   1.06114   1.14645
 Src-osrc corr  17   8 o,n=   0.87066   0.00617
 Src-osrc corr  18   8 o,n=   0.34940   0.28844
 Src-osrc corr  11   9 o,n=   0.11044   0.00525
 Src-osrc corr  12   9 o,n=   9.62646   9.62802
 Src-osrc corr  15   9 o,n=   0.34274   0.01121
 Src-osrc corr  16   9 o,n=   1.14645   1.14969
 Src-osrc corr  18   9 o,n=   0.28844   0.28579
 Src-osrc corr  12  10 o,n=   9.62802  10.08661
 Src-osrc corr  16  10 o,n=   1.14969   1.84790
 Src-osrc corr  18  10 o,n=   0.28579   3.12133
 Src-osrc corr  11   1 o,n=   0.00664   0.00671
 Src-osrc corr  13   1 o,n=   0.00049   0.00052
 Src-osrc corr  12   2 o,n=  12.18718   9.31863
 Src-osrc corr  14   2 o,n=  12.02960   9.18391
 Src-osrc corr  11   3 o,n=   0.00671   0.00671
 Src-osrc corr  15   3 o,n=   0.01511   0.01511
 Src-osrc corr  17   3 o,n=   0.00856   0.00856
 Src-osrc corr  11   4 o,n=   0.00671   0.01110
 Src-osrc corr  12   4 o,n=   9.31863   9.11497
 Src-osrc corr  15   4 o,n=   0.01511   0.09104
 Src-osrc corr  16   4 o,n=   0.17514   0.94791
 Src-osrc corr  17   4 o,n=   0.00856   0.18423
 Src-osrc corr  11   5 o,n=   0.01110   0.02523
 Src-osrc corr  12   5 o,n=   9.11497   9.09962
 Src-osrc corr  15   5 o,n=   0.09104   0.05518
 Src-osrc corr  16   5 o,n=   0.94791   1.15397
 Src-osrc corr  17   5 o,n=   0.18423   0.03376
 Src-osrc corr  18   5 o,n=   0.05853   0.08080
 Src-osrc corr  11   6 o,n=   0.02523   0.00623
 Src-osrc corr  12   6 o,n=   9.09962   9.09897
 Src-osrc corr  15   6 o,n=   0.05518   0.01398
 Src-osrc corr  16   6 o,n=   1.15397   1.16601
 Src-osrc corr  17   6 o,n=   0.03376   0.00784
 Src-osrc corr  18   6 o,n=   0.08080   0.08618
 Src-osrc corr  11   7 o,n=   0.00623   0.01300
 Src-osrc corr  12   7 o,n=   9.09897   9.41508
 Src-osrc corr  15   7 o,n=   0.01398   0.49074
 Src-osrc corr  16   7 o,n=   1.16601   1.06724
 Src-osrc corr  17   7 o,n=   0.00784   0.86961
 Src-osrc corr  18   7 o,n=   0.08618   0.34932
 Src-osrc corr  11   8 o,n=   0.01300   0.11066
 Src-osrc corr  12   8 o,n=   9.41508   9.47877
 Src-osrc corr  15   8 o,n=   0.49074   0.34382
 Src-osrc corr  16   8 o,n=   1.06724   1.15352
 Src-osrc corr  17   8 o,n=   0.86961   0.00774
 Src-osrc corr  18   8 o,n=   0.34932   0.28860
 Src-osrc corr  11   9 o,n=   0.11066   0.00627
 Src-osrc corr  12   9 o,n=   9.47877   9.48034
 Src-osrc corr  15   9 o,n=   0.34382   0.01405
 Src-osrc corr  16   9 o,n=   1.15352   1.15676
 Src-osrc corr  18   9 o,n=   0.28860   0.28596
 Src-osrc corr  12  10 o,n=   9.48034   9.93658
 Src-osrc corr  16  10 o,n=   1.15676   1.85328
 Src-osrc corr  18  10 o,n=   0.28596   3.11936
 Src-osrc corr  11   1 o,n=   0.00615   0.00623
 Src-osrc corr  13   1 o,n=   0.00056   0.00059
 Src-osrc corr  12   2 o,n=  12.27325   9.44874
 Src-osrc corr  14   2 o,n=  12.12014   9.31443
 Src-osrc corr  11   3 o,n=   0.00623   0.00623
 Src-osrc corr  15   3 o,n=   0.01357   0.01357
 Src-osrc corr  17   3 o,n=   0.00771   0.00772
 Src-osrc corr  11   4 o,n=   0.00623   0.01106
 Src-osrc corr  12   4 o,n=   9.44874   9.26135
 Src-osrc corr  15   4 o,n=   0.01357   0.09276
 Src-osrc corr  16   4 o,n=   0.16867   0.91957
 Src-osrc corr  17   4 o,n=   0.00772   0.18973
 Src-osrc corr  11   5 o,n=   0.01106   0.02556
 Src-osrc corr  12   5 o,n=   9.26135   9.24691
 Src-osrc corr  15   5 o,n=   0.09276   0.05570
 Src-osrc corr  16   5 o,n=   0.91957   1.11988
 Src-osrc corr  17   5 o,n=   0.18973   0.03435
 Src-osrc corr  18   5 o,n=   0.05346   0.07783
 Src-osrc corr  11   6 o,n=   0.02556   0.00575
 Src-osrc corr  12   6 o,n=   9.24691   9.24630
 Src-osrc corr  15   6 o,n=   0.05570   0.01243
 Src-osrc corr  16   6 o,n=   1.11988   1.13158
 Src-osrc corr  17   6 o,n=   0.03435   0.00702
 Src-osrc corr  18   6 o,n=   0.07783   0.08310
 Src-osrc corr  11   7 o,n=   0.00575   0.01255
 Src-osrc corr  12   7 o,n=   9.24630   9.56977
 Src-osrc corr  15   7 o,n=   0.01243   0.48251
 Src-osrc corr  16   7 o,n=   1.13158   1.06467
 Src-osrc corr  17   7 o,n=   0.00702   0.85546
 Src-osrc corr  18   7 o,n=   0.08310   0.35203
 Src-osrc corr  11   8 o,n=   0.01255   0.10886
 Src-osrc corr  12   8 o,n=   9.56977   9.63501
 Src-osrc corr  15   8 o,n=   0.48251   0.33771
 Src-osrc corr  16   8 o,n=   1.06467   1.16187
 Src-osrc corr  17   8 o,n=   0.85546   0.00681
 Src-osrc corr  18   8 o,n=   0.35203   0.28966
 Src-osrc corr  11   9 o,n=   0.10886   0.00574
 Src-osrc corr  12   9 o,n=   9.63501   9.63661
 Src-osrc corr  15   9 o,n=   0.33771   0.01237
 Src-osrc corr  16   9 o,n=   1.16187   1.16541
 Src-osrc corr  18   9 o,n=   0.28966   0.28695
 Src-osrc corr  12  10 o,n=   9.63661  10.08867
 Src-osrc corr  16  10 o,n=   1.16541   1.84107
 Src-osrc corr  18  10 o,n=   0.28695   3.09416
 Src-osrc corr  11   1 o,n=   0.00596   0.00605
 Src-osrc corr  13   1 o,n=   0.00062   0.00065
 Src-osrc corr  12   2 o,n=  12.27540   9.45021
 Src-osrc corr  14   2 o,n=  12.12237   9.31603
 Src-osrc corr  11   3 o,n=   0.00605   0.00605
 Src-osrc corr  15   3 o,n=   0.01355   0.01355
 Src-osrc corr  17   3 o,n=   0.00773   0.00773
 Src-osrc corr  11   4 o,n=   0.00605   0.01092
 Src-osrc corr  12   4 o,n=   9.45021   9.26283
 Src-osrc corr  15   4 o,n=   0.01355   0.09271
 Src-osrc corr  16   4 o,n=   0.16871   0.91915
 Src-osrc corr  17   4 o,n=   0.00773   0.18964
 Src-osrc corr  11   5 o,n=   0.01092   0.02541
 Src-osrc corr  12   5 o,n=   9.26283   9.24837
 Src-osrc corr  15   5 o,n=   0.09271   0.05566
 Src-osrc corr  16   5 o,n=   0.91915   1.11934
 Src-osrc corr  17   5 o,n=   0.18964   0.03435
 Src-osrc corr  18   5 o,n=   0.05346   0.07778
 Src-osrc corr  11   6 o,n=   0.02541   0.00557
 Src-osrc corr  12   6 o,n=   9.24837   9.24776
 Src-osrc corr  15   6 o,n=   0.05566   0.01242
 Src-osrc corr  16   6 o,n=   1.11934   1.13103
 Src-osrc corr  17   6 o,n=   0.03435   0.00702
 Src-osrc corr  18   6 o,n=   0.07778   0.08305
 Src-osrc corr  11   7 o,n=   0.00557   0.01242
 Src-osrc corr  12   7 o,n=   9.24776   9.57092
 Src-osrc corr  15   7 o,n=   0.01242   0.48223
 Src-osrc corr  16   7 o,n=   1.13103   1.06433
 Src-osrc corr  17   7 o,n=   0.00702   0.85500
 Src-osrc corr  18   7 o,n=   0.08305   0.35178
 Src-osrc corr  11   8 o,n=   0.01242   0.10867
 Src-osrc corr  12   8 o,n=   9.57092   9.63610
 Src-osrc corr  15   8 o,n=   0.48223   0.33752
 Src-osrc corr  16   8 o,n=   1.06433   1.16154
 Src-osrc corr  17   8 o,n=   0.85500   0.00682
 Src-osrc corr  18   8 o,n=   0.35178   0.28945
 Src-osrc corr  11   9 o,n=   0.10867   0.00555
 Src-osrc corr  12   9 o,n=   9.63610   9.63770
 Src-osrc corr  15   9 o,n=   0.33752   0.01237
 Src-osrc corr  16   9 o,n=   1.16154   1.16509
 Src-osrc corr  18   9 o,n=   0.28945   0.28674
 Src-osrc corr  12  10 o,n=   9.63770  10.08921
 Src-osrc corr  16  10 o,n=   1.16509   1.84037
 Src-osrc corr  18  10 o,n=   0.28674   3.09271
 Src-osrc corr  11   1 o,n=   0.00605   0.00614
 Src-osrc corr  13   1 o,n=   0.00067   0.00070
 Src-osrc corr  12   2 o,n=  12.26238   9.43629
 Src-osrc corr  14   2 o,n=  12.10905   9.30179
 Src-osrc corr  11   3 o,n=   0.00614   0.00614
 Src-osrc corr  15   3 o,n=   0.01362   0.01362
 Src-osrc corr  17   3 o,n=   0.00776   0.00777
 Src-osrc corr  11   4 o,n=   0.00614   0.01099
 Src-osrc corr  12   4 o,n=   9.43629   9.24899
 Src-osrc corr  15   4 o,n=   0.01362   0.09286
 Src-osrc corr  16   4 o,n=   0.16881   0.92037
 Src-osrc corr  17   4 o,n=   0.00777   0.18985
 Src-osrc corr  11   5 o,n=   0.01099   0.02549
 Src-osrc corr  12   5 o,n=   9.24899   9.23462
 Src-osrc corr  15   5 o,n=   0.09286   0.05577
 Src-osrc corr  16   5 o,n=   0.92037   1.12084
 Src-osrc corr  17   5 o,n=   0.18985   0.03439
 Src-osrc corr  18   5 o,n=   0.05348   0.07791
 Src-osrc corr  11   6 o,n=   0.02549   0.00566
 Src-osrc corr  12   6 o,n=   9.23462   9.23401
 Src-osrc corr  15   6 o,n=   0.05577   0.01249
 Src-osrc corr  16   6 o,n=   1.12084   1.13256
 Src-osrc corr  17   6 o,n=   0.03439   0.00705
 Src-osrc corr  18   6 o,n=   0.07791   0.08319
 Src-osrc corr  11   7 o,n=   0.00566   0.01246
 Src-osrc corr  12   7 o,n=   9.23401   9.55768
 Src-osrc corr  15   7 o,n=   0.01249   0.48296
 Src-osrc corr  16   7 o,n=   1.13256   1.06529
 Src-osrc corr  17   7 o,n=   0.00705   0.85623
 Src-osrc corr  18   7 o,n=   0.08319   0.35220
 Src-osrc corr  11   8 o,n=   0.01246   0.10890
 Src-osrc corr  12   8 o,n=   9.55768   9.62296
 Src-osrc corr  15   8 o,n=   0.48296   0.33804
 Src-osrc corr  16   8 o,n=   1.06529   1.16254
 Src-osrc corr  17   8 o,n=   0.85623   0.00685
 Src-osrc corr  18   8 o,n=   0.35220   0.28980
 Src-osrc corr  11   9 o,n=   0.10890   0.00563
 Src-osrc corr  12   9 o,n=   9.62296   9.62456
 Src-osrc corr  15   9 o,n=   0.33804   0.01243
 Src-osrc corr  16   9 o,n=   1.16254   1.16609
 Src-osrc corr  18   9 o,n=   0.28980   0.28709
 Src-osrc corr  12  10 o,n=   9.62456  10.07747
 Src-osrc corr  16  10 o,n=   1.16609   1.84243
 Src-osrc corr  18  10 o,n=   0.28709   3.09673
 Src-osrc corr  11   1 o,n=   0.00601   0.00610
 Src-osrc corr  13   1 o,n=   0.00062   0.00065
 Src-osrc corr  12   2 o,n=  12.26245   9.43823
 Src-osrc corr  14   2 o,n=  12.10936   9.30388
 Src-osrc corr  11   3 o,n=   0.00610   0.00610
 Src-osrc corr  15   3 o,n=   0.01356   0.01356
 Src-osrc corr  17   3 o,n=   0.00772   0.00773
 Src-osrc corr  11   4 o,n=   0.00610   0.01096
 Src-osrc corr  12   4 o,n=   9.43823   9.25114
 Src-osrc corr  15   4 o,n=   0.01356   0.09278
 Src-osrc corr  16   4 o,n=   0.16863   0.91923
 Src-osrc corr  17   4 o,n=   0.00773   0.18976
 Src-osrc corr  11   5 o,n=   0.01096   0.02546
 Src-osrc corr  12   5 o,n=   9.25114   9.23675
 Src-osrc corr  15   5 o,n=   0.09278   0.05571
 Src-osrc corr  16   5 o,n=   0.91923   1.11946
 Src-osrc corr  17   5 o,n=   0.18976   0.03436
 Src-osrc corr  18   5 o,n=   0.05343   0.07780
 Src-osrc corr  11   6 o,n=   0.02546   0.00562
 Src-osrc corr  12   6 o,n=   9.23675   9.23614
 Src-osrc corr  15   6 o,n=   0.05571   0.01243
 Src-osrc corr  16   6 o,n=   1.11946   1.13116
 Src-osrc corr  17   6 o,n=   0.03436   0.00702
 Src-osrc corr  18   6 o,n=   0.07780   0.08308
 Src-osrc corr  11   7 o,n=   0.00562   0.01244
 Src-osrc corr  12   7 o,n=   9.23614   9.55970
 Src-osrc corr  15   7 o,n=   0.01243   0.48238
 Src-osrc corr  16   7 o,n=   1.13116   1.06476
 Src-osrc corr  17   7 o,n=   0.00702   0.85522
 Src-osrc corr  18   7 o,n=   0.08308   0.35200
 Src-osrc corr  11   8 o,n=   0.01244   0.10875
 Src-osrc corr  12   8 o,n=   9.55970   9.62496
 Src-osrc corr  15   8 o,n=   0.48238   0.33762
 Src-osrc corr  16   8 o,n=   1.06476   1.16208
 Src-osrc corr  17   8 o,n=   0.85522   0.00682
 Src-osrc corr  18   8 o,n=   0.35200   0.28962
 Src-osrc corr  11   9 o,n=   0.10875   0.00560
 Src-osrc corr  12   9 o,n=   9.62496   9.62656
 Src-osrc corr  15   9 o,n=   0.33762   0.01237
 Src-osrc corr  16   9 o,n=   1.16208   1.16563
 Src-osrc corr  18   9 o,n=   0.28962   0.28691
 Src-osrc corr  12  10 o,n=   9.62656  10.07867
 Src-osrc corr  16  10 o,n=   1.16563   1.84097
 Src-osrc corr  18  10 o,n=   0.28691   3.09359
 Reaction Xsec     4.0-/ 5 @ 2 =    57.694 , Out:   0.014#   0.930    1.519    1.479    0.255/   0.028/  53.766f

 Total SPIN, PARITY =     5.0 +,     18 chs,     18 cc.  Rmin & Coul turning =    0.8    5.5
 Src-osrc corr  11   1 o,n=  17.40673  14.90775
 Src-osrc corr  13   1 o,n=  17.12017  14.64056
 Src-osrc corr  11   3 o,n=  14.90775  14.88384
 Src-osrc corr  15   3 o,n=   0.26230   0.42619
 Src-osrc corr  17   3 o,n=   0.11772   0.74555
 Src-osrc corr  11   4 o,n=  14.88384  14.88371
 Src-osrc corr  12   4 o,n=   0.00064   0.05614
 Src-osrc corr  15   4 o,n=   0.42619   0.43396
 Src-osrc corr  16   4 o,n=   0.00121   0.11319
 Src-osrc corr  17   4 o,n=   0.74555   0.73344
 Src-osrc corr  11   5 o,n=  14.88371  14.86410
 Src-osrc corr  12   5 o,n=   0.05614   0.07827
 Src-osrc corr  15   5 o,n=   0.43396   0.53780
 Src-osrc corr  16   5 o,n=   0.11319   0.25497
 Src-osrc corr  17   5 o,n=   0.73344   0.60379
 Src-osrc corr  18   5 o,n=   0.00059   0.14731
 Src-osrc corr  11   6 o,n=  14.86410  14.67868
 Src-osrc corr  12   6 o,n=   0.07827   0.00074
 Src-osrc corr  15   6 o,n=   0.53780   1.26626
 Src-osrc corr  16   6 o,n=   0.25497   0.00147
 Src-osrc corr  17   6 o,n=   0.60379   1.15442
 Src-osrc corr  18   6 o,n=   0.14731   0.00075
 Src-osrc corr  11   7 o,n=  14.67868  14.67894
 Src-osrc corr  12   7 o,n=   0.00074   0.04964
 Src-osrc corr  15   7 o,n=   1.26626   1.27829
 Src-osrc corr  16   7 o,n=   0.00147   0.07076
 Src-osrc corr  17   7 o,n=   1.15442   1.13841
 Src-osrc corr  18   7 o,n=   0.00075   0.04391
 Src-osrc corr  11   8 o,n=  14.67894  14.64499
 Src-osrc corr  12   8 o,n=   0.04964   0.09359
 Src-osrc corr  15   8 o,n=   1.27829   1.45379
 Src-osrc corr  16   8 o,n=   0.07076   0.32484
 Src-osrc corr  17   8 o,n=   1.13841   1.37866
 Src-osrc corr  18   8 o,n=   0.04391   0.20577
 Src-osrc corr  11   9 o,n=  14.64499  16.41522
 Src-osrc corr  12   9 o,n=   0.09359   0.00077
 Src-osrc corr  15   9 o,n=   1.45379  11.90028
 Src-osrc corr  16   9 o,n=   0.32484   0.00152
 Src-osrc corr  18   9 o,n=   0.20577   0.03472
 Src-osrc corr  11   1 o,n=  17.40673  14.90775
 Src-osrc corr  13   1 o,n=  17.12017  14.64056
 Src-osrc corr  11   3 o,n=  14.90775  14.88384
 Src-osrc corr  15   3 o,n=   0.26230   0.42619
 Src-osrc corr  17   3 o,n=   0.11772   0.74555
 Src-osrc corr  11   4 o,n=  14.88384  14.88371
 Src-osrc corr  12   4 o,n=   0.00064   0.05614
 Src-osrc corr  15   4 o,n=   0.42619   0.43396
 Src-osrc corr  16   4 o,n=   0.00121   0.11319
 Src-osrc corr  17   4 o,n=   0.74555   0.73344
 Src-osrc corr  11   5 o,n=  14.88371  14.86410
 Src-osrc corr  12   5 o,n=   0.05614   0.07827
 Src-osrc corr  15   5 o,n=   0.43396   0.53780
 Src-osrc corr  16   5 o,n=   0.11319   0.25497
 Src-osrc corr  17   5 o,n=   0.73344   0.60379
 Src-osrc corr  18   5 o,n=   0.00059   0.14731
 Src-osrc corr  11   6 o,n=  14.86410  14.67868
 Src-osrc corr  12   6 o,n=   0.07827   0.00074
 Src-osrc corr  15   6 o,n=   0.53780   1.26626
 Src-osrc corr  16   6 o,n=   0.25497   0.00147
 Src-osrc corr  17   6 o,n=   0.60379   1.15442
 Src-osrc corr  18   6 o,n=   0.14731   0.00075
 Src-osrc corr  11   7 o,n=  14.67868  14.67894
 Src-osrc corr  12   7 o,n=   0.00074   0.04964
 Src-osrc corr  15   7 o,n=   1.26626   1.27829
 Src-osrc corr  16   7 o,n=   0.00147   0.07076
 Src-osrc corr  17   7 o,n=   1.15442   1.13841
 Src-osrc corr  18   7 o,n=   0.00075   0.04391
 Src-osrc corr  11   8 o,n=  14.67894  14.64499
 Src-osrc corr  12   8 o,n=   0.04964   0.09359
 Src-osrc corr  15   8 o,n=   1.27829   1.45379
 Src-osrc corr  16   8 o,n=   0.07076   0.32484
 Src-osrc corr  17   8 o,n=   1.13841   1.37866
 Src-osrc corr  18   8 o,n=   0.04391   0.20577
 Src-osrc corr  11   9 o,n=  14.64499  16.41522
 Src-osrc corr  12   9 o,n=   0.09359   0.00077
 Src-osrc corr  15   9 o,n=   1.45379  11.90028
 Src-osrc corr  16   9 o,n=   0.32484   0.00152
 Src-osrc corr  18   9 o,n=   0.20577   0.03472
 Src-osrc corr  11   1 o,n=  16.78410  14.34094
 Src-osrc corr  13   1 o,n=  16.40453  13.98117
 Src-osrc corr  12   2 o,n=   0.00059   0.00059
 Src-osrc corr  14   2 o,n=   0.00003   0.00002
 Src-osrc corr  11   3 o,n=  14.34094  14.32271
 Src-osrc corr  15   3 o,n=   0.34672   0.50418
 Src-osrc corr  17   3 o,n=   0.13404   0.77941
 Src-osrc corr  11   4 o,n=  14.32271  14.32257
 Src-osrc corr  12   4 o,n=   0.00059   0.05866
 Src-osrc corr  15   4 o,n=   0.50418   0.51248
 Src-osrc corr  16   4 o,n=   0.00102   0.11832
 Src-osrc corr  17   4 o,n=   0.77941   0.76638
 Src-osrc corr  11   5 o,n=  14.32257  14.30284
 Src-osrc corr  12   5 o,n=   0.05866   0.08153
 Src-osrc corr  15   5 o,n=   0.51248   0.62042
 Src-osrc corr  16   5 o,n=   0.11832   0.26560
 Src-osrc corr  17   5 o,n=   0.76638   0.61253
 Src-osrc corr  18   5 o,n=   0.00044   0.15344
 Src-osrc corr  11   6 o,n=  14.30284  14.12792
 Src-osrc corr  12   6 o,n=   0.08153   0.00107
 Src-osrc corr  15   6 o,n=   0.62042   1.29823
 Src-osrc corr  16   6 o,n=   0.26560   0.00209
 Src-osrc corr  17   6 o,n=   0.61253   1.15848
 Src-osrc corr  18   6 o,n=   0.15344   0.00101
 Src-osrc corr  11   7 o,n=  14.12792  14.12818
 Src-osrc corr  12   7 o,n=   0.00107   0.05063
 Src-osrc corr  15   7 o,n=   1.29823   1.31135
 Src-osrc corr  16   7 o,n=   0.00209   0.07192
 Src-osrc corr  17   7 o,n=   1.15848   1.14033
 Src-osrc corr  18   7 o,n=   0.00101   0.04530
 Src-osrc corr  11   8 o,n=  14.12818  14.08971
 Src-osrc corr  12   8 o,n=   0.05063   0.09595
 Src-osrc corr  15   8 o,n=   1.31135   1.50076
 Src-osrc corr  16   8 o,n=   0.07192   0.33299
 Src-osrc corr  17   8 o,n=   1.14033   1.38034
 Src-osrc corr  18   8 o,n=   0.04530   0.21114
 Src-osrc corr  11   9 o,n=  14.08971  15.95089
 Src-osrc corr  12   9 o,n=   0.09595   0.00118
 Src-osrc corr  15   9 o,n=   1.50076  12.23897
 Src-osrc corr  16   9 o,n=   0.33299   0.00232
 Src-osrc corr  18   9 o,n=   0.21114   0.03598
 Src-osrc corr  12  10 o,n=   0.00118   0.00118
 Src-osrc corr  16  10 o,n=   0.00232   0.00232
 Src-osrc corr  18  10 o,n=   0.03598   0.03598
 Src-osrc corr  11   1 o,n=  17.08472  14.74672
 Src-osrc corr  13   1 o,n=  16.82633  14.48941
 Src-osrc corr  12   2 o,n=   0.00060   0.00060
 Src-osrc corr  14   2 o,n=   0.00001   0.00001
 Src-osrc corr  11   3 o,n=  14.74672  14.72647
 Src-osrc corr  15   3 o,n=   0.22100   0.36372
 Src-osrc corr  17   3 o,n=   0.12757   0.71091
 Src-osrc corr  11   4 o,n=  14.72647  14.72634
 Src-osrc corr  12   4 o,n=   0.00060   0.05424
 Src-osrc corr  15   4 o,n=   0.36372   0.37137
 Src-osrc corr  16   4 o,n=   0.00110   0.10926
 Src-osrc corr  17   4 o,n=   0.71091   0.69924
 Src-osrc corr  11   5 o,n=  14.72634  14.70785
 Src-osrc corr  12   5 o,n=   0.05424   0.07589
 Src-osrc corr  15   5 o,n=   0.37137   0.47241
 Src-osrc corr  16   5 o,n=   0.10926   0.24678
 Src-osrc corr  17   5 o,n=   0.69924   0.56428
 Src-osrc corr  18   5 o,n=   0.00052   0.14230
 Src-osrc corr  11   6 o,n=  14.70785  14.52295
 Src-osrc corr  12   6 o,n=   0.07589   0.00073
 Src-osrc corr  15   6 o,n=   0.47241   1.18853
 Src-osrc corr  16   6 o,n=   0.24678   0.00141
 Src-osrc corr  17   6 o,n=   0.56428   1.09824
 Src-osrc corr  18   6 o,n=   0.14230   0.00069
 Src-osrc corr  11   7 o,n=  14.52295  14.52320
 Src-osrc corr  12   7 o,n=   0.00073   0.04772
 Src-osrc corr  15   7 o,n=   1.18853   1.19926
 Src-osrc corr  16   7 o,n=   0.00141   0.06818
 Src-osrc corr  17   7 o,n=   1.09824   1.08607
 Src-osrc corr  18   7 o,n=   0.00069   0.04217
 Src-osrc corr  11   8 o,n=  14.52320  14.49569
 Src-osrc corr  12   8 o,n=   0.04772   0.09045
 Src-osrc corr  15   8 o,n=   1.19926   1.36768
 Src-osrc corr  16   8 o,n=   0.06818   0.31332
 Src-osrc corr  17   8 o,n=   1.08607   1.34839
 Src-osrc corr  18   8 o,n=   0.04217   0.19811
 Src-osrc corr  11   9 o,n=  14.49569  16.35042
 Src-osrc corr  12   9 o,n=   0.09045   0.00066
 Src-osrc corr  15   9 o,n=   1.36768  11.80810
 Src-osrc corr  16   9 o,n=   0.31332   0.00129
 Src-osrc corr  18   9 o,n=   0.19811   0.03310
 Src-osrc corr  12  10 o,n=   0.00066   0.00067
 Src-osrc corr  16  10 o,n=   0.00129   0.00130
 Src-osrc corr  18  10 o,n=   0.03310   0.03311
 Src-osrc corr  11   1 o,n=  17.08337  14.74037
 Src-osrc corr  13   1 o,n=  16.82013  14.47866
 Src-osrc corr  12   2 o,n=   0.00056   0.00057
 Src-osrc corr  14   2 o,n=   0.00003   0.00002
 Src-osrc corr  11   3 o,n=  14.74037  14.71881
 Src-osrc corr  15   3 o,n=   0.22537   0.36786
 Src-osrc corr  17   3 o,n=   0.12849   0.71173
 Src-osrc corr  11   4 o,n=  14.71881  14.71868
 Src-osrc corr  12   4 o,n=   0.00057   0.05427
 Src-osrc corr  15   4 o,n=   0.36786   0.37551
 Src-osrc corr  16   4 o,n=   0.00108   0.10934
 Src-osrc corr  17   4 o,n=   0.71173   0.70006
 Src-osrc corr  11   5 o,n=  14.71868  14.70029
 Src-osrc corr  12   5 o,n=   0.05427   0.07593
 Src-osrc corr  15   5 o,n=   0.37551   0.47640
 Src-osrc corr  16   5 o,n=   0.10934   0.24691
 Src-osrc corr  17   5 o,n=   0.70006   0.56481
 Src-osrc corr  18   5 o,n=   0.00050   0.14238
 Src-osrc corr  11   6 o,n=  14.70029  14.51702
 Src-osrc corr  12   6 o,n=   0.07593   0.00071
 Src-osrc corr  15   6 o,n=   0.47640   1.18960
 Src-osrc corr  16   6 o,n=   0.24691   0.00141
 Src-osrc corr  17   6 o,n=   0.56481   1.09796
 Src-osrc corr  18   6 o,n=   0.14238   0.00069
 Src-osrc corr  11   7 o,n=  14.51702  14.51727
 Src-osrc corr  12   7 o,n=   0.00071   0.04771
 Src-osrc corr  15   7 o,n=   1.18960   1.20032
 Src-osrc corr  16   7 o,n=   0.00141   0.06817
 Src-osrc corr  17   7 o,n=   1.09796   1.08579
 Src-osrc corr  18   7 o,n=   0.00069   0.04218
 Src-osrc corr  11   8 o,n=  14.51727  14.48948
 Src-osrc corr  12   8 o,n=   0.04771   0.09046
 Src-osrc corr  15   8 o,n=   1.20032   1.36883
 Src-osrc corr  16   8 o,n=   0.06817   0.31337
 Src-osrc corr  17   8 o,n=   1.08579   1.34915
 Src-osrc corr  18   8 o,n=   0.04218   0.19814
 Src-osrc corr  11   9 o,n=  14.48948  16.33754
 Src-osrc corr  12   9 o,n=   0.09046   0.00065
 Src-osrc corr  15   9 o,n=   1.36883  11.81723
 Src-osrc corr  16   9 o,n=   0.31337   0.00130
 Src-osrc corr  18   9 o,n=   0.19814   0.03312
 Src-osrc corr  12  10 o,n=   0.00065   0.00066
 Src-osrc corr  16  10 o,n=   0.00130   0.00131
 Src-osrc corr  18  10 o,n=   0.03312   0.03313
 Src-osrc corr  11   1 o,n=  16.97249  14.62878
 Src-osrc corr  13   1 o,n=  16.71290  14.37001
 Src-osrc corr  12   2 o,n=   0.00062   0.00060
 Src-osrc corr  14   2 o,n=   0.00003   0.00002
 Src-osrc corr  11   3 o,n=  14.62878  14.60829
 Src-osrc corr  15   3 o,n=   0.22125   0.36350
 Src-osrc corr  17   3 o,n=   0.12869   0.71148
 Src-osrc corr  11   4 o,n=  14.60829  14.60816
 Src-osrc corr  12   4 o,n=   0.00060   0.05426
 Src-osrc corr  15   4 o,n=   0.36350   0.37114
 Src-osrc corr  16   4 o,n=   0.00107   0.10927
 Src-osrc corr  17   4 o,n=   0.71148   0.69984
 Src-osrc corr  11   5 o,n=  14.60816  14.58967
 Src-osrc corr  12   5 o,n=   0.05426   0.07590
 Src-osrc corr  15   5 o,n=   0.37114   0.47211
 Src-osrc corr  16   5 o,n=   0.10927   0.24679
 Src-osrc corr  17   5 o,n=   0.69984   0.56569
 Src-osrc corr  18   5 o,n=   0.00050   0.14230
 Src-osrc corr  11   6 o,n=  14.58967  14.40502
 Src-osrc corr  12   6 o,n=   0.07590   0.00074
 Src-osrc corr  15   6 o,n=   0.47211   1.18998
 Src-osrc corr  16   6 o,n=   0.24679   0.00138
 Src-osrc corr  17   6 o,n=   0.56569   1.10048
 Src-osrc corr  18   6 o,n=   0.14230   0.00068
 Src-osrc corr  11   7 o,n=  14.40502  14.40527
 Src-osrc corr  12   7 o,n=   0.00074   0.04774
 Src-osrc corr  15   7 o,n=   1.18998   1.20069
 Src-osrc corr  16   7 o,n=   0.00138   0.06821
 Src-osrc corr  17   7 o,n=   1.10048   1.08837
 Src-osrc corr  18   7 o,n=   0.00068   0.04217
 Src-osrc corr  11   8 o,n=  14.40527  14.37732
 Src-osrc corr  12   8 o,n=   0.04774   0.09049
 Src-osrc corr  15   8 o,n=   1.20069   1.36875
 Src-osrc corr  16   8 o,n=   0.06821   0.31343
 Src-osrc corr  17   8 o,n=   1.08837   1.35124
 Src-osrc corr  18   8 o,n=   0.04217   0.19816
 Src-osrc corr  11   9 o,n=  14.37732  16.23433
 Src-osrc corr  12   9 o,n=   0.09049   0.00067
 Src-osrc corr  15   9 o,n=   1.36875  11.81908
 Src-osrc corr  16   9 o,n=   0.31343   0.00127
 Src-osrc corr  18   9 o,n=   0.19816   0.03308
 Src-osrc corr  12  10 o,n=   0.00067   0.00067
 Src-osrc corr  16  10 o,n=   0.00127   0.00127
 Src-osrc corr  18  10 o,n=   0.03308   0.03309
 Src-osrc corr  11   1 o,n=  16.99199  14.65371
 Src-osrc corr  13   1 o,n=  16.73235  14.39484
 Src-osrc corr  12   2 o,n=   0.00058   0.00059
 Src-osrc corr  14   2 o,n=   0.00001   0.00001
 Src-osrc corr  11   3 o,n=  14.65371  14.63395
 Src-osrc corr  15   3 o,n=   0.22151   0.36340
 Src-osrc corr  17   3 o,n=   0.12836   0.71030
 Src-osrc corr  11   4 o,n=  14.63395  14.63382
 Src-osrc corr  12   4 o,n=   0.00059   0.05414
 Src-osrc corr  15   4 o,n=   0.36340   0.37103
 Src-osrc corr  16   4 o,n=   0.00108   0.10906
 Src-osrc corr  17   4 o,n=   0.71030   0.69866
 Src-osrc corr  11   5 o,n=  14.63382  14.61532
 Src-osrc corr  12   5 o,n=   0.05414   0.07575
 Src-osrc corr  15   5 o,n=   0.37103   0.47186
 Src-osrc corr  16   5 o,n=   0.10906   0.24631
 Src-osrc corr  17   5 o,n=   0.69866   0.56375
 Src-osrc corr  18   5 o,n=   0.00051   0.14203
 Src-osrc corr  11   6 o,n=  14.61532  14.42972
 Src-osrc corr  12   6 o,n=   0.07575   0.00072
 Src-osrc corr  15   6 o,n=   0.47186   1.18649
 Src-osrc corr  16   6 o,n=   0.24631   0.00138
 Src-osrc corr  17   6 o,n=   0.56375   1.09702
 Src-osrc corr  18   6 o,n=   0.14203   0.00068
 Src-osrc corr  11   7 o,n=  14.42972  14.42997
 Src-osrc corr  12   7 o,n=   0.00072   0.04764
 Src-osrc corr  15   7 o,n=   1.18649   1.19719
 Src-osrc corr  16   7 o,n=   0.00138   0.06805
 Src-osrc corr  17   7 o,n=   1.09702   1.08489
 Src-osrc corr  18   7 o,n=   0.00068   0.04209
 Src-osrc corr  11   8 o,n=  14.42997  14.40241
 Src-osrc corr  12   8 o,n=   0.04764   0.09029
 Src-osrc corr  15   8 o,n=   1.19719   1.36501
 Src-osrc corr  16   8 o,n=   0.06805   0.31276
 Src-osrc corr  17   8 o,n=   1.08489   1.34720
 Src-osrc corr  18   8 o,n=   0.04209   0.19775
 Src-osrc corr  11   9 o,n=  14.40241  16.25626
 Src-osrc corr  12   9 o,n=   0.09029   0.00064
 Src-osrc corr  15   9 o,n=   1.36501  11.79614
 Src-osrc corr  16   9 o,n=   0.31276   0.00126
 Src-osrc corr  18   9 o,n=   0.19775   0.03304
 Src-osrc corr  12  10 o,n=   0.00064   0.00065
 Src-osrc corr  16  10 o,n=   0.00126   0.00126
 Src-osrc corr  18  10 o,n=   0.03304   0.03305
 Reaction Xsec     5.0+/ 4 @ 1 =    92.534 , Out:   0.000#   0.265    3.850    3.764    0.459/   0.130/  84.654f
 Src-osrc corr  12   2 o,n=   8.81116   6.04264
 Src-osrc corr  14   2 o,n=   8.78355   6.02323
 Src-osrc corr  11   4 o,n=   0.00037   0.00060
 Src-osrc corr  12   4 o,n=   6.04264   5.97963
 Src-osrc corr  15   4 o,n=   0.00081   0.03112
 Src-osrc corr  16   4 o,n=   0.04314   0.32204
 Src-osrc corr  17   4 o,n=   0.00051   0.05437
 Src-osrc corr  11   5 o,n=   0.00060   0.00560
 Src-osrc corr  12   5 o,n=   5.97963   5.97632
 Src-osrc corr  15   5 o,n=   0.03112   0.01271
 Src-osrc corr  16   5 o,n=   0.32204   0.37147
 Src-osrc corr  17   5 o,n=   0.05437   0.00782
 Src-osrc corr  18   5 o,n=   0.01002   0.01848
 Src-osrc corr  11   6 o,n=   0.00560   0.00036
 Src-osrc corr  12   6 o,n=   5.97632   5.97622
 Src-osrc corr  15   6 o,n=   0.01271   0.00079
 Src-osrc corr  16   6 o,n=   0.37147   0.37345
 Src-osrc corr  17   6 o,n=   0.00782   0.00049
 Src-osrc corr  18   6 o,n=   0.01848   0.01950
 Src-osrc corr  11   7 o,n=   0.00036   0.00290
 Src-osrc corr  12   7 o,n=   5.97622   6.10286
 Src-osrc corr  15   7 o,n=   0.00079   0.14081
 Src-osrc corr  16   7 o,n=   0.37345   0.40566
 Src-osrc corr  17   7 o,n=   0.00049   0.22208
 Src-osrc corr  18   7 o,n=   0.01950   0.12820
 Src-osrc corr  11   8 o,n=   0.00290   0.02405
 Src-osrc corr  12   8 o,n=   6.10286   6.12132
 Src-osrc corr  15   8 o,n=   0.14081   0.07567
 Src-osrc corr  16   8 o,n=   0.40566   0.44391
 Src-osrc corr  17   8 o,n=   0.22208   0.00057
 Src-osrc corr  18   8 o,n=   0.12820   0.10592
 Src-osrc corr  11   9 o,n=   0.02405   0.00041
 Src-osrc corr  12   9 o,n=   6.12132   6.12165
 Src-osrc corr  15   9 o,n=   0.07567   0.00093
 Src-osrc corr  16   9 o,n=   0.44391   0.44482
 Src-osrc corr  18   9 o,n=   0.10592   0.10529
 Src-osrc corr  12  10 o,n=   6.12165   6.17120
 Src-osrc corr  16  10 o,n=   0.44482   0.64069
 Src-osrc corr  18  10 o,n=   0.10529   1.00487
 Src-osrc corr  12   2 o,n=   8.81116   6.04264
 Src-osrc corr  14   2 o,n=   8.78355   6.02323
 Src-osrc corr  11   4 o,n=   0.00037   0.00060
 Src-osrc corr  12   4 o,n=   6.04264   5.97963
 Src-osrc corr  15   4 o,n=   0.00081   0.03112
 Src-osrc corr  16   4 o,n=   0.04314   0.32204
 Src-osrc corr  17   4 o,n=   0.00051   0.05437
 Src-osrc corr  11   5 o,n=   0.00060   0.00560
 Src-osrc corr  12   5 o,n=   5.97963   5.97632
 Src-osrc corr  15   5 o,n=   0.03112   0.01271
 Src-osrc corr  16   5 o,n=   0.32204   0.37147
 Src-osrc corr  17   5 o,n=   0.05437   0.00782
 Src-osrc corr  18   5 o,n=   0.01002   0.01848
 Src-osrc corr  11   6 o,n=   0.00560   0.00036
 Src-osrc corr  12   6 o,n=   5.97632   5.97622
 Src-osrc corr  15   6 o,n=   0.01271   0.00079
 Src-osrc corr  16   6 o,n=   0.37147   0.37345
 Src-osrc corr  17   6 o,n=   0.00782   0.00049
 Src-osrc corr  18   6 o,n=   0.01848   0.01950
 Src-osrc corr  11   7 o,n=   0.00036   0.00290
 Src-osrc corr  12   7 o,n=   5.97622   6.10286
 Src-osrc corr  15   7 o,n=   0.00079   0.14081
 Src-osrc corr  16   7 o,n=   0.37345   0.40566
 Src-osrc corr  17   7 o,n=   0.00049   0.22208
 Src-osrc corr  18   7 o,n=   0.01950   0.12820
 Src-osrc corr  11   8 o,n=   0.00290   0.02405
 Src-osrc corr  12   8 o,n=   6.10286   6.12132
 Src-osrc corr  15   8 o,n=   0.14081   0.07567
 Src-osrc corr  16   8 o,n=   0.40566   0.44391
 Src-osrc corr  17   8 o,n=   0.22208   0.00057
 Src-osrc corr  18   8 o,n=   0.12820   0.10592
 Src-osrc corr  11   9 o,n=   0.02405   0.00041
 Src-osrc corr  12   9 o,n=   6.12132   6.12165
 Src-osrc corr  15   9 o,n=   0.07567   0.00093
 Src-osrc corr  16   9 o,n=   0.44391   0.44482
 Src-osrc corr  18   9 o,n=   0.10592   0.10529
 Src-osrc corr  12  10 o,n=   6.12165   6.17120
 Src-osrc corr  16  10 o,n=   0.44482   0.64069
 Src-osrc corr  18  10 o,n=   0.10529   1.00487
 Src-osrc corr  11   1 o,n=   0.00031   0.00030
 Src-osrc corr  13   1 o,n=   0.00004   0.00004
 Src-osrc corr  12   2 o,n=   8.75657   5.99184
 Src-osrc corr  14   2 o,n=   8.72838   5.97194
 Src-osrc corr  11   3 o,n=   0.00030   0.00030
 Src-osrc corr  15   3 o,n=   0.00063   0.00063
 Src-osrc corr  17   3 o,n=   0.00041   0.00041
 Src-osrc corr  11   4 o,n=   0.00030   0.00059
 Src-osrc corr  12   4 o,n=   5.99184   5.92890
 Src-osrc corr  15   4 o,n=   0.00063   0.03092
 Src-osrc corr  16   4 o,n=   0.04398   0.32044
 Src-osrc corr  17   4 o,n=   0.00041   0.05413
 Src-osrc corr  11   5 o,n=   0.00059   0.00553
 Src-osrc corr  12   5 o,n=   5.92890   5.92562
 Src-osrc corr  15   5 o,n=   0.03092   0.01258
 Src-osrc corr  16   5 o,n=   0.32044   0.36965
 Src-osrc corr  17   5 o,n=   0.05413   0.00776
 Src-osrc corr  18   5 o,n=   0.01021   0.01843
 Src-osrc corr  11   6 o,n=   0.00553   0.00029
 Src-osrc corr  12   6 o,n=   5.92562   5.92551
 Src-osrc corr  15   6 o,n=   0.01258   0.00064
 Src-osrc corr  16   6 o,n=   0.36965   0.37162
 Src-osrc corr  17   6 o,n=   0.00776   0.00042
 Src-osrc corr  18   6 o,n=   0.01843   0.01944
 Src-osrc corr  11   7 o,n=   0.00029   0.00288
 Src-osrc corr  12   7 o,n=   5.92551   6.05169
 Src-osrc corr  15   7 o,n=   0.00064   0.13999
 Src-osrc corr  16   7 o,n=   0.37162   0.40472
 Src-osrc corr  17   7 o,n=   0.00042   0.22084
 Src-osrc corr  18   7 o,n=   0.01944   0.12780
 Src-osrc corr  11   8 o,n=   0.00288   0.02386
 Src-osrc corr  12   8 o,n=   6.05169   6.07009
 Src-osrc corr  15   8 o,n=   0.13999   0.07522
 Src-osrc corr  16   8 o,n=   0.40472   0.44294
 Src-osrc corr  17   8 o,n=   0.22084   0.00053
 Src-osrc corr  18   8 o,n=   0.12780   0.10560
 Src-osrc corr  11   9 o,n=   0.02386   0.00038
 Src-osrc corr  12   9 o,n=   6.07009   6.07041
 Src-osrc corr  15   9 o,n=   0.07522   0.00088
 Src-osrc corr  16   9 o,n=   0.44294   0.44384
 Src-osrc corr  18   9 o,n=   0.10560   0.10498
 Src-osrc corr  12  10 o,n=   6.07041   6.11932
 Src-osrc corr  16  10 o,n=   0.44384   0.63845
 Src-osrc corr  18  10 o,n=   0.10498   1.00025
 Src-osrc corr  11   1 o,n=   0.00033   0.00033
 Src-osrc corr  13   1 o,n=   0.00003   0.00002
 Src-osrc corr  12   2 o,n=   8.79349   6.03500
 Src-osrc corr  14   2 o,n=   8.76572   6.01495
 Src-osrc corr  11   3 o,n=   0.00033   0.00033
 Src-osrc corr  15   3 o,n=   0.00077   0.00077
 Src-osrc corr  17   3 o,n=   0.00049   0.00049
 Src-osrc corr  11   4 o,n=   0.00033   0.00061
 Src-osrc corr  12   4 o,n=   6.03500   5.97423
 Src-osrc corr  15   4 o,n=   0.00077   0.03150
 Src-osrc corr  16   4 o,n=   0.04311   0.31869
 Src-osrc corr  17   4 o,n=   0.00049   0.05513
 Src-osrc corr  11   5 o,n=   0.00061   0.00564
 Src-osrc corr  12   5 o,n=   5.97423   5.97103
 Src-osrc corr  15   5 o,n=   0.03150   0.01285
 Src-osrc corr  16   5 o,n=   0.31869   0.36764
 Src-osrc corr  17   5 o,n=   0.05513   0.00793
 Src-osrc corr  18   5 o,n=   0.00978   0.01838
 Src-osrc corr  11   6 o,n=   0.00564   0.00033
 Src-osrc corr  12   6 o,n=   5.97103   5.97093
 Src-osrc corr  15   6 o,n=   0.01285   0.00077
 Src-osrc corr  16   6 o,n=   0.36764   0.36960
 Src-osrc corr  17   6 o,n=   0.00793   0.00048
 Src-osrc corr  18   6 o,n=   0.01838   0.01939
 Src-osrc corr  11   7 o,n=   0.00033   0.00290
 Src-osrc corr  12   7 o,n=   5.97093   6.09950
 Src-osrc corr  15   7 o,n=   0.00077   0.14001
 Src-osrc corr  16   7 o,n=   0.36960   0.40629
 Src-osrc corr  17   7 o,n=   0.00048   0.22075
 Src-osrc corr  18   7 o,n=   0.01939   0.12967
 Src-osrc corr  11   8 o,n=   0.00290   0.02389
 Src-osrc corr  12   8 o,n=   6.09950   6.11824
 Src-osrc corr  15   8 o,n=   0.14001   0.07523
 Src-osrc corr  16   8 o,n=   0.40629   0.44546
 Src-osrc corr  17   8 o,n=   0.22075   0.00057
 Src-osrc corr  18   8 o,n=   0.12967   0.10708
 Src-osrc corr  11   9 o,n=   0.02389   0.00040
 Src-osrc corr  12   9 o,n=   6.11824   6.11858
 Src-osrc corr  15   9 o,n=   0.07523   0.00093
 Src-osrc corr  16   9 o,n=   0.44546   0.44639
 Src-osrc corr  18   9 o,n=   0.10708   0.10645
 Src-osrc corr  12  10 o,n=   6.11858   6.16807
 Src-osrc corr  16  10 o,n=   0.44639   0.63978
 Src-osrc corr  18  10 o,n=   0.10645   1.00292
 Src-osrc corr  11   1 o,n=   0.00034   0.00034
 Src-osrc corr  13   1 o,n=   0.00002   0.00002
 Src-osrc corr  12   2 o,n=   8.79382   6.03527
 Src-osrc corr  14   2 o,n=   8.76606   6.01523
 Src-osrc corr  11   3 o,n=   0.00034   0.00034
 Src-osrc corr  15   3 o,n=   0.00077   0.00077
 Src-osrc corr  17   3 o,n=   0.00049   0.00049
 Src-osrc corr  11   4 o,n=   0.00034   0.00062
 Src-osrc corr  12   4 o,n=   6.03527   5.97451
 Src-osrc corr  15   4 o,n=   0.00077   0.03150
 Src-osrc corr  16   4 o,n=   0.04311   0.31868
 Src-osrc corr  17   4 o,n=   0.00049   0.05513
 Src-osrc corr  11   5 o,n=   0.00062   0.00564
 Src-osrc corr  12   5 o,n=   5.97451   5.97130
 Src-osrc corr  15   5 o,n=   0.03150   0.01285
 Src-osrc corr  16   5 o,n=   0.31868   0.36763
 Src-osrc corr  17   5 o,n=   0.05513   0.00793
 Src-osrc corr  18   5 o,n=   0.00978   0.01838
 Src-osrc corr  11   6 o,n=   0.00564   0.00034
 Src-osrc corr  12   6 o,n=   5.97130   5.97120
 Src-osrc corr  15   6 o,n=   0.01285   0.00077
 Src-osrc corr  16   6 o,n=   0.36763   0.36959
 Src-osrc corr  17   6 o,n=   0.00793   0.00048
 Src-osrc corr  18   6 o,n=   0.01838   0.01939
 Src-osrc corr  11   7 o,n=   0.00034   0.00290
 Src-osrc corr  12   7 o,n=   5.97120   6.09975
 Src-osrc corr  15   7 o,n=   0.00077   0.14000
 Src-osrc corr  16   7 o,n=   0.36959   0.40627
 Src-osrc corr  17   7 o,n=   0.00048   0.22074
 Src-osrc corr  18   7 o,n=   0.01939   0.12966
 Src-osrc corr  11   8 o,n=   0.00290   0.02390
 Src-osrc corr  12   8 o,n=   6.09975   6.11850
 Src-osrc corr  15   8 o,n=   0.14000   0.07523
 Src-osrc corr  16   8 o,n=   0.40627   0.44545
 Src-osrc corr  17   8 o,n=   0.22074   0.00057
 Src-osrc corr  18   8 o,n=   0.12966   0.10707
 Src-osrc corr  11   9 o,n=   0.02390   0.00040
 Src-osrc corr  12   9 o,n=   6.11850   6.11883
 Src-osrc corr  15   9 o,n=   0.07523   0.00094
 Src-osrc corr  16   9 o,n=   0.44545   0.44637
 Src-osrc corr  18   9 o,n=   0.10707   0.10644
 Src-osrc corr  12  10 o,n=   6.11883   6.16831
 Src-osrc corr  16  10 o,n=   0.44637   0.63976
 Src-osrc corr  18  10 o,n=   0.10644   1.00289
 Src-osrc corr  11   1 o,n=   0.00033   0.00033
 Src-osrc corr  13   1 o,n=   0.00003   0.00003
 Src-osrc corr  12   2 o,n=   8.79257   6.03382
 Src-osrc corr  14   2 o,n=   8.76479   6.01376
 Src-osrc corr  11   3 o,n=   0.00033   0.00033
 Src-osrc corr  15   3 o,n=   0.00077   0.00076
 Src-osrc corr  17   3 o,n=   0.00049   0.00049
 Src-osrc corr  11   4 o,n=   0.00033   0.00061
 Src-osrc corr  12   4 o,n=   6.03382   5.97305
 Src-osrc corr  15   4 o,n=   0.00076   0.03150
 Src-osrc corr  16   4 o,n=   0.04312   0.31873
 Src-osrc corr  17   4 o,n=   0.00049   0.05513
 Src-osrc corr  11   5 o,n=   0.00061   0.00564
 Src-osrc corr  12   5 o,n=   5.97305   5.96984
 Src-osrc corr  15   5 o,n=   0.03150   0.01285
 Src-osrc corr  16   5 o,n=   0.31873   0.36769
 Src-osrc corr  17   5 o,n=   0.05513   0.00793
 Src-osrc corr  18   5 o,n=   0.00978   0.01839
 Src-osrc corr  11   6 o,n=   0.00564   0.00033
 Src-osrc corr  12   6 o,n=   5.96984   5.96975
 Src-osrc corr  15   6 o,n=   0.01285   0.00077
 Src-osrc corr  16   6 o,n=   0.36769   0.36965
 Src-osrc corr  17   6 o,n=   0.00793   0.00048
 Src-osrc corr  18   6 o,n=   0.01839   0.01940
 Src-osrc corr  11   7 o,n=   0.00033   0.00290
 Src-osrc corr  12   7 o,n=   5.96975   6.09831
 Src-osrc corr  15   7 o,n=   0.00077   0.14002
 Src-osrc corr  16   7 o,n=   0.36965   0.40632
 Src-osrc corr  17   7 o,n=   0.00048   0.22077
 Src-osrc corr  18   7 o,n=   0.01940   0.12967
 Src-osrc corr  11   8 o,n=   0.00290   0.02390
 Src-osrc corr  12   8 o,n=   6.09831   6.11706
 Src-osrc corr  15   8 o,n=   0.14002   0.07524
 Src-osrc corr  16   8 o,n=   0.40632   0.44549
 Src-osrc corr  17   8 o,n=   0.22077   0.00057
 Src-osrc corr  18   8 o,n=   0.12967   0.10708
 Src-osrc corr  11   9 o,n=   0.02390   0.00040
 Src-osrc corr  12   9 o,n=   6.11706   6.11740
 Src-osrc corr  15   9 o,n=   0.07524   0.00093
 Src-osrc corr  16   9 o,n=   0.44549   0.44642
 Src-osrc corr  18   9 o,n=   0.10708   0.10645
 Src-osrc corr  12  10 o,n=   6.11740   6.16689
 Src-osrc corr  16  10 o,n=   0.44642   0.63985
 Src-osrc corr  18  10 o,n=   0.10645   1.00302
 Reaction Xsec     5.0+/ 6 @ 2 =    25.158 , Out:   0.000#   0.359    0.901    0.895    0.015/   0.949#  23.004f

 Total SPIN, PARITY =     5.0 -,     16 chs,     16 cc.  Rmin & Coul turning =    0.8    5.5
 Src-osrc corr   9   1 o,n=   8.97125   6.88692
 Src-osrc corr  10   1 o,n=   8.44964   6.55756
 Src-osrc corr  11   1 o,n=   8.88655   6.82126
 Src-osrc corr  12   1 o,n=   8.33477   6.45936
 Src-osrc corr   9   2 o,n=   6.88692   6.80319
 Src-osrc corr  10   2 o,n=   6.55756   6.35588
 Src-osrc corr  13   2 o,n=   0.09740   0.20525
 Src-osrc corr  14   2 o,n=   0.12899   0.70708
 Src-osrc corr  15   2 o,n=   0.04641   0.40187
 Src-osrc corr   9   3 o,n=   6.80319   6.79538
 Src-osrc corr  10   3 o,n=   6.35588   6.33379
 Src-osrc corr  13   3 o,n=   0.20525   0.22761
 Src-osrc corr  14   3 o,n=   0.70708   0.90528
 Src-osrc corr  15   3 o,n=   0.40187   0.43772
 Src-osrc corr  16   3 o,n=   0.04425   0.10894
 Src-osrc corr   9   4 o,n=   6.79538   6.79549
 Src-osrc corr  10   4 o,n=   6.33379   6.35442
 Src-osrc corr  13   4 o,n=   0.22761   0.26232
 Src-osrc corr  14   4 o,n=   0.90528   0.88093
 Src-osrc corr  15   4 o,n=   0.43772   0.38220
 Src-osrc corr  16   4 o,n=   0.10894   0.11379
 Src-osrc corr   9   5 o,n=   6.79549   6.89466
 Src-osrc corr  10   5 o,n=   6.35442   6.51965
 Src-osrc corr  13   5 o,n=   0.26232   0.30715
 Src-osrc corr  14   5 o,n=   0.88093   0.77671
 Src-osrc corr  15   5 o,n=   0.38220   0.38452
 Src-osrc corr  16   5 o,n=   0.11379   0.32903
 Src-osrc corr   9   6 o,n=   6.89466   6.90756
 Src-osrc corr  10   6 o,n=   6.51965   6.56896
 Src-osrc corr  13   6 o,n=   0.30715   0.34537
 Src-osrc corr  14   6 o,n=   0.77671   0.80746
 Src-osrc corr  15   6 o,n=   0.38452   0.38912
 Src-osrc corr  16   6 o,n=   0.32903   0.21705
 Src-osrc corr   9   7 o,n=   6.90756   6.91041
 Src-osrc corr  10   7 o,n=   6.56896   6.57425
 Src-osrc corr  13   7 o,n=   0.34537   0.45390
 Src-osrc corr  14   7 o,n=   0.80746   0.89465
 Src-osrc corr  15   7 o,n=   0.38912   1.00420
 Src-osrc corr  16   7 o,n=   0.21705   0.21730
 Src-osrc corr   9   8 o,n=   6.91041   7.46249
 Src-osrc corr  10   8 o,n=   6.57425   7.43162
 Src-osrc corr  13   8 o,n=   0.45390   4.65970
 Src-osrc corr  14   8 o,n=   0.89465   1.53312
 Src-osrc corr  16   8 o,n=   0.21730   4.03626
 Src-osrc corr   9   1 o,n=   8.97125   6.88692
 Src-osrc corr  10   1 o,n=   8.44964   6.55756
 Src-osrc corr  11   1 o,n=   8.88655   6.82126
 Src-osrc corr  12   1 o,n=   8.33477   6.45936
 Src-osrc corr   9   2 o,n=   6.88692   6.80319
 Src-osrc corr  10   2 o,n=   6.55756   6.35588
 Src-osrc corr  13   2 o,n=   0.09740   0.20525
 Src-osrc corr  14   2 o,n=   0.12899   0.70708
 Src-osrc corr  15   2 o,n=   0.04641   0.40187
 Src-osrc corr   9   3 o,n=   6.80319   6.79538
 Src-osrc corr  10   3 o,n=   6.35588   6.33379
 Src-osrc corr  13   3 o,n=   0.20525   0.22761
 Src-osrc corr  14   3 o,n=   0.70708   0.90528
 Src-osrc corr  15   3 o,n=   0.40187   0.43772
 Src-osrc corr  16   3 o,n=   0.04425   0.10894
 Src-osrc corr   9   4 o,n=   6.79538   6.79549
 Src-osrc corr  10   4 o,n=   6.33379   6.35442
 Src-osrc corr  13   4 o,n=   0.22761   0.26232
 Src-osrc corr  14   4 o,n=   0.90528   0.88093
 Src-osrc corr  15   4 o,n=   0.43772   0.38220
 Src-osrc corr  16   4 o,n=   0.10894   0.11379
 Src-osrc corr   9   5 o,n=   6.79549   6.89466
 Src-osrc corr  10   5 o,n=   6.35442   6.51965
 Src-osrc corr  13   5 o,n=   0.26232   0.30715
 Src-osrc corr  14   5 o,n=   0.88093   0.77671
 Src-osrc corr  15   5 o,n=   0.38220   0.38452
 Src-osrc corr  16   5 o,n=   0.11379   0.32903
 Src-osrc corr   9   6 o,n=   6.89466   6.90756
 Src-osrc corr  10   6 o,n=   6.51965   6.56896
 Src-osrc corr  13   6 o,n=   0.30715   0.34537
 Src-osrc corr  14   6 o,n=   0.77671   0.80746
 Src-osrc corr  15   6 o,n=   0.38452   0.38912
 Src-osrc corr  16   6 o,n=   0.32903   0.21705
 Src-osrc corr   9   7 o,n=   6.90756   6.91041
 Src-osrc corr  10   7 o,n=   6.56896   6.57425
 Src-osrc corr  13   7 o,n=   0.34537   0.45390
 Src-osrc corr  14   7 o,n=   0.80746   0.89465
 Src-osrc corr  15   7 o,n=   0.38912   1.00420
 Src-osrc corr  16   7 o,n=   0.21705   0.21730
 Src-osrc corr   9   8 o,n=   6.91041   7.46249
 Src-osrc corr  10   8 o,n=   6.57425   7.43162
 Src-osrc corr  13   8 o,n=   0.45390   4.65970
 Src-osrc corr  14   8 o,n=   0.89465   1.53312
 Src-osrc corr  16   8 o,n=   0.21730   4.03626
 Src-osrc corr   9   1 o,n=   8.92119   6.81177
 Src-osrc corr  10   1 o,n=   8.40917   6.49441
 Src-osrc corr  11   1 o,n=   8.82880   6.74059
 Src-osrc corr  12   1 o,n=   8.28512   6.38858
 Src-osrc corr   9   2 o,n=   6.81177   6.72586
 Src-osrc corr  10   2 o,n=   6.49441   6.28813
 Src-osrc corr  13   2 o,n=   0.11082   0.21548
 Src-osrc corr  14   2 o,n=   0.13952   0.71235
 Src-osrc corr  15   2 o,n=   0.04902   0.40408
 Src-osrc corr   9   3 o,n=   6.72586   6.71784
 Src-osrc corr  10   3 o,n=   6.28813   6.26555
 Src-osrc corr  13   3 o,n=   0.21548   0.23729
 Src-osrc corr  14   3 o,n=   0.71235   0.91170
 Src-osrc corr  15   3 o,n=   0.40408   0.44016
 Src-osrc corr  16   3 o,n=   0.04937   0.11109
 Src-osrc corr   9   4 o,n=   6.71784   6.71795
 Src-osrc corr  10   4 o,n=   6.26555   6.28676
 Src-osrc corr  13   4 o,n=   0.23729   0.27008
 Src-osrc corr  14   4 o,n=   0.91170   0.88765
 Src-osrc corr  15   4 o,n=   0.44016   0.38529
 Src-osrc corr  16   4 o,n=   0.11109   0.11572
 Src-osrc corr   9   5 o,n=   6.71795   6.81802
 Src-osrc corr  10   5 o,n=   6.28676   6.45490
 Src-osrc corr  13   5 o,n=   0.27008   0.31697
 Src-osrc corr  14   5 o,n=   0.88765   0.78466
 Src-osrc corr  15   5 o,n=   0.38529   0.38943
 Src-osrc corr  16   5 o,n=   0.11572   0.32985
 Src-osrc corr   9   6 o,n=   6.81802   6.83101
 Src-osrc corr  10   6 o,n=   6.45490   6.50493
 Src-osrc corr  13   6 o,n=   0.31697   0.35485
 Src-osrc corr  14   6 o,n=   0.78466   0.81936
 Src-osrc corr  15   6 o,n=   0.38943   0.39404
 Src-osrc corr  16   6 o,n=   0.32985   0.21811
 Src-osrc corr   9   7 o,n=   6.83101   6.83400
 Src-osrc corr  10   7 o,n=   6.50493   6.50935
 Src-osrc corr  13   7 o,n=   0.35485   0.45744
 Src-osrc corr  14   7 o,n=   0.81936   0.90716
 Src-osrc corr  15   7 o,n=   0.39404   1.01246
 Src-osrc corr  16   7 o,n=   0.21811   0.22022
 Src-osrc corr   9   8 o,n=   6.83400   7.37719
 Src-osrc corr  10   8 o,n=   6.50935   7.36142
 Src-osrc corr  13   8 o,n=   0.45744   4.68760
 Src-osrc corr  14   8 o,n=   0.90716   1.54666
 Src-osrc corr  16   8 o,n=   0.22022   4.05780
 Src-osrc corr   9   1 o,n=   8.94907   6.88462
 Src-osrc corr  10   1 o,n=   8.42817   6.55389
 Src-osrc corr  11   1 o,n=   8.86087   6.81235
 Src-osrc corr  12   1 o,n=   8.30911   6.44911
 Src-osrc corr   9   2 o,n=   6.88462   6.80669
 Src-osrc corr  10   2 o,n=   6.55389   6.36291
 Src-osrc corr  13   2 o,n=   0.09164   0.19322
 Src-osrc corr  14   2 o,n=   0.13283   0.68177
 Src-osrc corr  15   2 o,n=   0.04756   0.38748
 Src-osrc corr   9   3 o,n=   6.80669   6.79949
 Src-osrc corr  10   3 o,n=   6.36291   6.34198
 Src-osrc corr  13   3 o,n=   0.19322   0.21501
 Src-osrc corr  14   3 o,n=   0.68177   0.87307
 Src-osrc corr  15   3 o,n=   0.38748   0.42207
 Src-osrc corr  16   3 o,n=   0.04118   0.10608
 Src-osrc corr   9   4 o,n=   6.79949   6.79958
 Src-osrc corr  10   4 o,n=   6.34198   6.36367
 Src-osrc corr  13   4 o,n=   0.21501   0.24628
 Src-osrc corr  14   4 o,n=   0.87307   0.85179
 Src-osrc corr  15   4 o,n=   0.42207   0.37578
 Src-osrc corr  16   4 o,n=   0.10608   0.11009
 Src-osrc corr   9   5 o,n=   6.79958   6.90191
 Src-osrc corr  10   5 o,n=   6.36367   6.53694
 Src-osrc corr  13   5 o,n=   0.24628   0.31486
 Src-osrc corr  14   5 o,n=   0.85179   0.76961
 Src-osrc corr  15   5 o,n=   0.37578   0.39388
 Src-osrc corr  16   5 o,n=   0.11009   0.32579
 Src-osrc corr   9   6 o,n=   6.90191   6.91521
 Src-osrc corr  10   6 o,n=   6.53694   6.58830
 Src-osrc corr  13   6 o,n=   0.31486   0.35497
 Src-osrc corr  14   6 o,n=   0.76961   0.82513
 Src-osrc corr  15   6 o,n=   0.39388   0.39939
 Src-osrc corr  16   6 o,n=   0.32579   0.21075
 Src-osrc corr   9   7 o,n=   6.91521   6.91771
 Src-osrc corr  10   7 o,n=   6.58830   6.59361
 Src-osrc corr  13   7 o,n=   0.35497   0.44230
 Src-osrc corr  14   7 o,n=   0.82513   0.90762
 Src-osrc corr  15   7 o,n=   0.39939   0.99392
 Src-osrc corr  16   7 o,n=   0.21075   0.21897
 Src-osrc corr   9   8 o,n=   6.91771   7.46776
 Src-osrc corr  10   8 o,n=   6.59361   7.43023
 Src-osrc corr  13   8 o,n=   0.44230   4.61451
 Src-osrc corr  14   8 o,n=   0.90762   1.52246
 Src-osrc corr  16   8 o,n=   0.21897   3.99257
 Src-osrc corr   9   1 o,n=   8.95190   6.88728
 Src-osrc corr  10   1 o,n=   8.43079   6.55633
 Src-osrc corr  11   1 o,n=   8.86410   6.81546
 Src-osrc corr  12   1 o,n=   8.31199   6.45186
 Src-osrc corr   9   2 o,n=   6.88728   6.80947
 Src-osrc corr  10   2 o,n=   6.55633   6.36567
 Src-osrc corr  13   2 o,n=   0.09158   0.19316
 Src-osrc corr  14   2 o,n=   0.13279   0.68075
 Src-osrc corr  15   2 o,n=   0.04758   0.38686
 Src-osrc corr   9   3 o,n=   6.80947   6.80227
 Src-osrc corr  10   3 o,n=   6.36567   6.34475
 Src-osrc corr  13   3 o,n=   0.19316   0.21490
 Src-osrc corr  14   3 o,n=   0.68075   0.87172
 Src-osrc corr  15   3 o,n=   0.38686   0.42139
 Src-osrc corr  16   3 o,n=   0.04119   0.10586
 Src-osrc corr   9   4 o,n=   6.80227   6.80237
 Src-osrc corr  10   4 o,n=   6.34475   6.36638
 Src-osrc corr  13   4 o,n=   0.21490   0.24605
 Src-osrc corr  14   4 o,n=   0.87172   0.85051
 Src-osrc corr  15   4 o,n=   0.42139   0.37525
 Src-osrc corr  16   4 o,n=   0.10586   0.10985
 Src-osrc corr   9   5 o,n=   6.80237   6.90440
 Src-osrc corr  10   5 o,n=   6.36638   6.53915
 Src-osrc corr  13   5 o,n=   0.24605   0.31449
 Src-osrc corr  14   5 o,n=   0.85051   0.76860
 Src-osrc corr  15   5 o,n=   0.37525   0.39350
 Src-osrc corr  16   5 o,n=   0.10985   0.32510
 Src-osrc corr   9   6 o,n=   6.90440   6.91766
 Src-osrc corr  10   6 o,n=   6.53915   6.59037
 Src-osrc corr  13   6 o,n=   0.31449   0.35451
 Src-osrc corr  14   6 o,n=   0.76860   0.82434
 Src-osrc corr  15   6 o,n=   0.39350   0.39901
 Src-osrc corr  16   6 o,n=   0.32510   0.21028
 Src-osrc corr   9   7 o,n=   6.91766   6.92017
 Src-osrc corr  10   7 o,n=   6.59037   6.59563
 Src-osrc corr  13   7 o,n=   0.35451   0.44131
 Src-osrc corr  14   7 o,n=   0.82434   0.90669
 Src-osrc corr  15   7 o,n=   0.39901   0.99250
 Src-osrc corr  16   7 o,n=   0.21028   0.21855
 Src-osrc corr   9   8 o,n=   6.92017   7.46854
 Src-osrc corr  10   8 o,n=   6.59563   7.43007
 Src-osrc corr  13   8 o,n=   0.44131   4.60760
 Src-osrc corr  14   8 o,n=   0.90669   1.52040
 Src-osrc corr  16   8 o,n=   0.21855   3.98648
 Src-osrc corr   9   1 o,n=   8.94297   6.87688
 Src-osrc corr  10   1 o,n=   8.42272   6.54695
 Src-osrc corr  11   1 o,n=   8.85422   6.80411
 Src-osrc corr  12   1 o,n=   8.30325   6.44180
 Src-osrc corr   9   2 o,n=   6.87688   6.79890
 Src-osrc corr  10   2 o,n=   6.54695   6.35597
 Src-osrc corr  13   2 o,n=   0.09185   0.19335
 Src-osrc corr  14   2 o,n=   0.13304   0.68271
 Src-osrc corr  15   2 o,n=   0.04760   0.38801
 Src-osrc corr   9   3 o,n=   6.79890   6.79170
 Src-osrc corr  10   3 o,n=   6.35597   6.33509
 Src-osrc corr  13   3 o,n=   0.19335   0.21518
 Src-osrc corr  14   3 o,n=   0.68271   0.87425
 Src-osrc corr  15   3 o,n=   0.38801   0.42264
 Src-osrc corr  16   3 o,n=   0.04116   0.10626
 Src-osrc corr   9   4 o,n=   6.79170   6.79179
 Src-osrc corr  10   4 o,n=   6.33509   6.35678
 Src-osrc corr  13   4 o,n=   0.21518   0.24655
 Src-osrc corr  14   4 o,n=   0.87425   0.85289
 Src-osrc corr  15   4 o,n=   0.42264   0.37611
 Src-osrc corr  16   4 o,n=   0.10626   0.11029
 Src-osrc corr   9   5 o,n=   6.79179   6.89411
 Src-osrc corr  10   5 o,n=   6.35678   6.53004
 Src-osrc corr  13   5 o,n=   0.24655   0.31526
 Src-osrc corr  14   5 o,n=   0.85289   0.77018
 Src-osrc corr  15   5 o,n=   0.37611   0.39413
 Src-osrc corr  16   5 o,n=   0.11029   0.32604
 Src-osrc corr   9   6 o,n=   6.89411   6.90741
 Src-osrc corr  10   6 o,n=   6.53004   6.58142
 Src-osrc corr  13   6 o,n=   0.31526   0.35543
 Src-osrc corr  14   6 o,n=   0.77018   0.82575
 Src-osrc corr  15   6 o,n=   0.39413   0.39965
 Src-osrc corr  16   6 o,n=   0.32604   0.21095
 Src-osrc corr   9   7 o,n=   6.90741   6.90992
 Src-osrc corr  10   7 o,n=   6.58142   6.58685
 Src-osrc corr  13   7 o,n=   0.35543   0.44292
 Src-osrc corr  14   7 o,n=   0.82575   0.90835
 Src-osrc corr  15   7 o,n=   0.39965   0.99517
 Src-osrc corr  16   7 o,n=   0.21095   0.21917
 Src-osrc corr   9   8 o,n=   6.90992   7.46146
 Src-osrc corr  10   8 o,n=   6.58685   7.42563
 Src-osrc corr  13   8 o,n=   0.44292   4.62097
 Src-osrc corr  14   8 o,n=   0.90835   1.52424
 Src-osrc corr  16   8 o,n=   0.21917   3.99806
 Src-osrc corr   9   1 o,n=   8.94190   6.87764
 Src-osrc corr  10   1 o,n=   8.42154   6.54742
 Src-osrc corr  11   1 o,n=   8.85367   6.80531
 Src-osrc corr  12   1 o,n=   8.30247   6.44262
 Src-osrc corr   9   2 o,n=   6.87764   6.79981
 Src-osrc corr  10   2 o,n=   6.54742   6.35669
 Src-osrc corr  13   2 o,n=   0.09163   0.19316
 Src-osrc corr  14   2 o,n=   0.13280   0.68163
 Src-osrc corr  15   2 o,n=   0.04755   0.38740
 Src-osrc corr   9   3 o,n=   6.79981   6.79262
 Src-osrc corr  10   3 o,n=   6.35669   6.33581
 Src-osrc corr  13   3 o,n=   0.19316   0.21495
 Src-osrc corr  14   3 o,n=   0.68163   0.87289
 Src-osrc corr  15   3 o,n=   0.38740   0.42198
 Src-osrc corr  16   3 o,n=   0.04116   0.10605
 Src-osrc corr   9   4 o,n=   6.79262   6.79271
 Src-osrc corr  10   4 o,n=   6.33581   6.35749
 Src-osrc corr  13   4 o,n=   0.21495   0.24621
 Src-osrc corr  14   4 o,n=   0.87289   0.85162
 Src-osrc corr  15   4 o,n=   0.42198   0.37572
 Src-osrc corr  16   4 o,n=   0.10605   0.11006
 Src-osrc corr   9   5 o,n=   6.79271   6.89497
 Src-osrc corr  10   5 o,n=   6.35749   6.53066
 Src-osrc corr  13   5 o,n=   0.24621   0.31487
 Src-osrc corr  14   5 o,n=   0.85162   0.76951
 Src-osrc corr  15   5 o,n=   0.37572   0.39390
 Src-osrc corr  16   5 o,n=   0.11006   0.32559
 Src-osrc corr   9   6 o,n=   6.89497   6.90827
 Src-osrc corr  10   6 o,n=   6.53066   6.58200
 Src-osrc corr  13   6 o,n=   0.31487   0.35497
 Src-osrc corr  14   6 o,n=   0.76951   0.82518
 Src-osrc corr  15   6 o,n=   0.39390   0.39941
 Src-osrc corr  16   6 o,n=   0.32559   0.21061
 Src-osrc corr   9   7 o,n=   6.90827   6.91076
 Src-osrc corr  10   7 o,n=   6.58200   6.58736
 Src-osrc corr  13   7 o,n=   0.35497   0.44209
 Src-osrc corr  14   7 o,n=   0.82518   0.90763
 Src-osrc corr  15   7 o,n=   0.39941   0.99376
 Src-osrc corr  16   7 o,n=   0.21061   0.21888
 Src-osrc corr   9   8 o,n=   6.91076   7.46097
 Src-osrc corr  10   8 o,n=   6.58736   7.42408
 Src-osrc corr  13   8 o,n=   0.44209   4.61350
 Src-osrc corr  14   8 o,n=   0.90763   1.52225
 Src-osrc corr  16   8 o,n=   0.21888   3.99163
 Reaction Xsec     5.0-/ 5 @ 1 =    71.970 , Out:   0.000#   1.165    1.845    1.799    0.273/   0.044/  67.161f

 Total SPIN, PARITY =     6.0 +,     16 chs,     16 cc.  Rmin & Coul turning =    0.9    6.4
 Src-osrc corr   9   1 o,n=   6.44730   4.41338
 Src-osrc corr  10   1 o,n=   6.03234   4.14753
 Src-osrc corr  11   1 o,n=   6.43728   4.40872
 Src-osrc corr  12   1 o,n=   6.01244   4.13377
 Src-osrc corr   9   2 o,n=   4.41338   4.38654
 Src-osrc corr  10   2 o,n=   4.14753   4.08314
 Src-osrc corr  13   2 o,n=   0.01817   0.05724
 Src-osrc corr  14   2 o,n=   0.03137   0.23412
 Src-osrc corr  15   2 o,n=   0.01195   0.13315
 Src-osrc corr   9   3 o,n=   4.38654   4.38489
 Src-osrc corr  10   3 o,n=   4.08314   4.07848
 Src-osrc corr  13   3 o,n=   0.05724   0.06250
 Src-osrc corr  14   3 o,n=   0.23412   0.28411
 Src-osrc corr  15   3 o,n=   0.13315   0.14083
 Src-osrc corr  16   3 o,n=   0.00774   0.02734
 Src-osrc corr   9   4 o,n=   4.38489   4.38436
 Src-osrc corr  10   4 o,n=   4.07848   4.08492
 Src-osrc corr  13   4 o,n=   0.06250   0.06730
 Src-osrc corr  14   4 o,n=   0.28411   0.28197
 Src-osrc corr  15   4 o,n=   0.14083   0.13657
 Src-osrc corr  16   4 o,n=   0.02734   0.02775
 Src-osrc corr   9   5 o,n=   4.38436   4.42425
 Src-osrc corr  10   5 o,n=   4.08492   4.15979
 Src-osrc corr  13   5 o,n=   0.06730   0.12483
 Src-osrc corr  14   5 o,n=   0.28197   0.28446
 Src-osrc corr  15   5 o,n=   0.13657   0.15766
 Src-osrc corr  16   5 o,n=   0.02775   0.10967
 Src-osrc corr   9   6 o,n=   4.42425   4.42782
 Src-osrc corr  10   6 o,n=   4.15979   4.17584
 Src-osrc corr  13   6 o,n=   0.12483   0.13645
 Src-osrc corr  14   6 o,n=   0.28446   0.32009
 Src-osrc corr  15   6 o,n=   0.15766   0.15961
 Src-osrc corr  16   6 o,n=   0.10967   0.07085
 Src-osrc corr   9   7 o,n=   4.42782   4.42966
 Src-osrc corr  10   7 o,n=   4.17584   4.17321
 Src-osrc corr  13   7 o,n=   0.13645   0.13215
 Src-osrc corr  14   7 o,n=   0.32009   0.33680
 Src-osrc corr  15   7 o,n=   0.15961   0.30803
 Src-osrc corr  16   7 o,n=   0.07085   0.07609
 Src-osrc corr   9   8 o,n=   4.42966   4.48526
 Src-osrc corr  10   8 o,n=   4.17321   4.31813
 Src-osrc corr  13   8 o,n=   0.13215   1.51983
 Src-osrc corr  14   8 o,n=   0.33680   0.54666
 Src-osrc corr  16   8 o,n=   0.07609   1.27475
 Src-osrc corr   9   1 o,n=   6.44730   4.41338
 Src-osrc corr  10   1 o,n=   6.03234   4.14753
 Src-osrc corr  11   1 o,n=   6.43728   4.40872
 Src-osrc corr  12   1 o,n=   6.01244   4.13377
 Src-osrc corr   9   2 o,n=   4.41338   4.38654
 Src-osrc corr  10   2 o,n=   4.14753   4.08314
 Src-osrc corr  13   2 o,n=   0.01817   0.05724
 Src-osrc corr  14   2 o,n=   0.03137   0.23412
 Src-osrc corr  15   2 o,n=   0.01195   0.13315
 Src-osrc corr   9   3 o,n=   4.38654   4.38489
 Src-osrc corr  10   3 o,n=   4.08314   4.07848
 Src-osrc corr  13   3 o,n=   0.05724   0.06250
 Src-osrc corr  14   3 o,n=   0.23412   0.28411
 Src-osrc corr  15   3 o,n=   0.13315   0.14083
 Src-osrc corr  16   3 o,n=   0.00774   0.02734
 Src-osrc corr   9   4 o,n=   4.38489   4.38436
 Src-osrc corr  10   4 o,n=   4.07848   4.08492
 Src-osrc corr  13   4 o,n=   0.06250   0.06730
 Src-osrc corr  14   4 o,n=   0.28411   0.28197
 Src-osrc corr  15   4 o,n=   0.14083   0.13657
 Src-osrc corr  16   4 o,n=   0.02734   0.02775
 Src-osrc corr   9   5 o,n=   4.38436   4.42425
 Src-osrc corr  10   5 o,n=   4.08492   4.15979
 Src-osrc corr  13   5 o,n=   0.06730   0.12483
 Src-osrc corr  14   5 o,n=   0.28197   0.28446
 Src-osrc corr  15   5 o,n=   0.13657   0.15766
 Src-osrc corr  16   5 o,n=   0.02775   0.10967
 Src-osrc corr   9   6 o,n=   4.42425   4.42782
 Src-osrc corr  10   6 o,n=   4.15979   4.17584
 Src-osrc corr  13   6 o,n=   0.12483   0.13645
 Src-osrc corr  14   6 o,n=   0.28446   0.32009
 Src-osrc corr  15   6 o,n=   0.15766   0.15961
 Src-osrc corr  16   6 o,n=   0.10967   0.07085
 Src-osrc corr   9   7 o,n=   4.42782   4.42966
 Src-osrc corr  10   7 o,n=   4.17584   4.17321
 Src-osrc corr  13   7 o,n=   0.13645   0.13215
 Src-osrc corr  14   7 o,n=   0.32009   0.33680
 Src-osrc corr  15   7 o,n=   0.15961   0.30803
 Src-osrc corr  16   7 o,n=   0.07085   0.07609
 Src-osrc corr   9   8 o,n=   4.42966   4.48526
 Src-osrc corr  10   8 o,n=   4.17321   4.31813
 Src-osrc corr  13   8 o,n=   0.13215   1.51983
 Src-osrc corr  14   8 o,n=   0.33680   0.54666
 Src-osrc corr  16   8 o,n=   0.07609   1.27475
 Src-osrc corr   9   1 o,n=   6.41745   4.38361
 Src-osrc corr  10   1 o,n=   6.00495   4.12025
 Src-osrc corr  11   1 o,n=   6.40731   4.37904
 Src-osrc corr  12   1 o,n=   5.98461   4.10626
 Src-osrc corr   9   2 o,n=   4.38361   4.35665
 Src-osrc corr  10   2 o,n=   4.12025   4.05580
 Src-osrc corr  13   2 o,n=   0.01916   0.05757
 Src-osrc corr  14   2 o,n=   0.03225   0.23287
 Src-osrc corr  15   2 o,n=   0.01221   0.13236
 Src-osrc corr   9   3 o,n=   4.35665   4.35499
 Src-osrc corr  10   3 o,n=   4.05580   4.05114
 Src-osrc corr  13   3 o,n=   0.05757   0.06277
 Src-osrc corr  14   3 o,n=   0.23287   0.28260
 Src-osrc corr  15   3 o,n=   0.13236   0.14000
 Src-osrc corr  16   3 o,n=   0.00808   0.02717
 Src-osrc corr   9   4 o,n=   4.35499   4.35447
 Src-osrc corr  10   4 o,n=   4.05114   4.05755
 Src-osrc corr  13   4 o,n=   0.06277   0.06742
 Src-osrc corr  14   4 o,n=   0.28260   0.28053
 Src-osrc corr  15   4 o,n=   0.14000   0.13598
 Src-osrc corr  16   4 o,n=   0.02717   0.02756
 Src-osrc corr   9   5 o,n=   4.35447   4.39398
 Src-osrc corr  10   5 o,n=   4.05755   4.13198
 Src-osrc corr  13   5 o,n=   0.06742   0.12496
 Src-osrc corr  14   5 o,n=   0.28053   0.28373
 Src-osrc corr  15   5 o,n=   0.13598   0.15731
 Src-osrc corr  16   5 o,n=   0.02756   0.10925
 Src-osrc corr   9   6 o,n=   4.39398   4.39751
 Src-osrc corr  10   6 o,n=   4.13198   4.14794
 Src-osrc corr  13   6 o,n=   0.12496   0.13652
 Src-osrc corr  14   6 o,n=   0.28373   0.31943
 Src-osrc corr  15   6 o,n=   0.15731   0.15925
 Src-osrc corr  16   6 o,n=   0.10925   0.07057
 Src-osrc corr   9   7 o,n=   4.39751   4.39936
 Src-osrc corr  10   7 o,n=   4.14794   4.14523
 Src-osrc corr  13   7 o,n=   0.13652   0.13192
 Src-osrc corr  14   7 o,n=   0.31943   0.33605
 Src-osrc corr  15   7 o,n=   0.15925   0.30673
 Src-osrc corr  16   7 o,n=   0.07057   0.07598
 Src-osrc corr   9   8 o,n=   4.39936   4.45286
 Src-osrc corr  10   8 o,n=   4.14523   4.28776
 Src-osrc corr  13   8 o,n=   0.13192   1.51198
 Src-osrc corr  14   8 o,n=   0.33605   0.54436
 Src-osrc corr  16   8 o,n=   0.07598   1.26812
 Src-osrc corr   9   1 o,n=   6.43738   4.40999
 Src-osrc corr  10   1 o,n=   6.02299   4.14418
 Src-osrc corr  11   1 o,n=   6.42702   4.40465
 Src-osrc corr  12   1 o,n=   6.00278   4.12985
 Src-osrc corr   9   2 o,n=   4.40999   4.38405
 Src-osrc corr  10   2 o,n=   4.14418   4.08159
 Src-osrc corr  13   2 o,n=   0.01735   0.05588
 Src-osrc corr  14   2 o,n=   0.03151   0.23090
 Src-osrc corr  15   2 o,n=   0.01202   0.13131
 Src-osrc corr   9   3 o,n=   4.38405   4.38245
 Src-osrc corr  10   3 o,n=   4.08159   4.07707
 Src-osrc corr  13   3 o,n=   0.05588   0.06107
 Src-osrc corr  14   3 o,n=   0.23090   0.28023
 Src-osrc corr  15   3 o,n=   0.13131   0.13889
 Src-osrc corr  16   3 o,n=   0.00736   0.02712
 Src-osrc corr   9   4 o,n=   4.38245   4.38191
 Src-osrc corr  10   4 o,n=   4.07707   4.08362
 Src-osrc corr  13   4 o,n=   0.06107   0.06546
 Src-osrc corr  14   4 o,n=   0.28023   0.27840
 Src-osrc corr  15   4 o,n=   0.13889   0.13578
 Src-osrc corr  16   4 o,n=   0.02712   0.02745
 Src-osrc corr   9   5 o,n=   4.38191   4.42254
 Src-osrc corr  10   5 o,n=   4.08362   4.15990
 Src-osrc corr  13   5 o,n=   0.06546   0.12575
 Src-osrc corr  14   5 o,n=   0.27840   0.28449
 Src-osrc corr  15   5 o,n=   0.13578   0.15855
 Src-osrc corr  16   5 o,n=   0.02745   0.11088
 Src-osrc corr   9   6 o,n=   4.42254   4.42617
 Src-osrc corr  10   6 o,n=   4.15990   4.17624
 Src-osrc corr  13   6 o,n=   0.12575   0.13759
 Src-osrc corr  14   6 o,n=   0.28449   0.32165
 Src-osrc corr  15   6 o,n=   0.15855   0.16057
 Src-osrc corr  16   6 o,n=   0.11088   0.07134
 Src-osrc corr   9   7 o,n=   4.42617   4.42795
 Src-osrc corr  10   7 o,n=   4.17624   4.17360
 Src-osrc corr  13   7 o,n=   0.13759   0.13353
 Src-osrc corr  14   7 o,n=   0.32165   0.33794
 Src-osrc corr  15   7 o,n=   0.16057   0.30658
 Src-osrc corr  16   7 o,n=   0.07134   0.07698
 Src-osrc corr   9   8 o,n=   4.42795   4.48466
 Src-osrc corr  10   8 o,n=   4.17360   4.31699
 Src-osrc corr  13   8 o,n=   0.13353   1.51516
 Src-osrc corr  14   8 o,n=   0.33794   0.54469
 Src-osrc corr  16   8 o,n=   0.07698   1.27014
 Src-osrc corr   9   1 o,n=   6.43733   4.41002
 Src-osrc corr  10   1 o,n=   6.02294   4.14420
 Src-osrc corr  11   1 o,n=   6.42698   4.40469
 Src-osrc corr  12   1 o,n=   6.00275   4.12989
 Src-osrc corr   9   2 o,n=   4.41002   4.38408
 Src-osrc corr  10   2 o,n=   4.14420   4.08162
 Src-osrc corr  13   2 o,n=   0.01734   0.05587
 Src-osrc corr  14   2 o,n=   0.03150   0.23087
 Src-osrc corr  15   2 o,n=   0.01201   0.13129
 Src-osrc corr   9   3 o,n=   4.38408   4.38249
 Src-osrc corr  10   3 o,n=   4.08162   4.07711
 Src-osrc corr  13   3 o,n=   0.05587   0.06106
 Src-osrc corr  14   3 o,n=   0.23087   0.28019
 Src-osrc corr  15   3 o,n=   0.13129   0.13887
 Src-osrc corr  16   3 o,n=   0.00736   0.02711
 Src-osrc corr   9   4 o,n=   4.38249   4.38195
 Src-osrc corr  10   4 o,n=   4.07711   4.08365
 Src-osrc corr  13   4 o,n=   0.06106   0.06545
 Src-osrc corr  14   4 o,n=   0.28019   0.27836
 Src-osrc corr  15   4 o,n=   0.13887   0.13576
 Src-osrc corr  16   4 o,n=   0.02711   0.02745
 Src-osrc corr   9   5 o,n=   4.38195   4.42256
 Src-osrc corr  10   5 o,n=   4.08365   4.15991
 Src-osrc corr  13   5 o,n=   0.06545   0.12573
 Src-osrc corr  14   5 o,n=   0.27836   0.28445
 Src-osrc corr  15   5 o,n=   0.13576   0.15854
 Src-osrc corr  16   5 o,n=   0.02745   0.11086
 Src-osrc corr   9   6 o,n=   4.42256   4.42620
 Src-osrc corr  10   6 o,n=   4.15991   4.17624
 Src-osrc corr  13   6 o,n=   0.12573   0.13757
 Src-osrc corr  14   6 o,n=   0.28445   0.32161
 Src-osrc corr  15   6 o,n=   0.15854   0.16055
 Src-osrc corr  16   6 o,n=   0.11086   0.07132
 Src-osrc corr   9   7 o,n=   4.42620   4.42797
 Src-osrc corr  10   7 o,n=   4.17624   4.17361
 Src-osrc corr  13   7 o,n=   0.13757   0.13350
 Src-osrc corr  14   7 o,n=   0.32161   0.33790
 Src-osrc corr  15   7 o,n=   0.16055   0.30654
 Src-osrc corr  16   7 o,n=   0.07132   0.07696
 Src-osrc corr   9   8 o,n=   4.42797   4.48467
 Src-osrc corr  10   8 o,n=   4.17361   4.31697
 Src-osrc corr  13   8 o,n=   0.13350   1.51496
 Src-osrc corr  14   8 o,n=   0.33790   0.54462
 Src-osrc corr  16   8 o,n=   0.07696   1.26997
 Src-osrc corr   9   1 o,n=   6.43704   4.40934
 Src-osrc corr  10   1 o,n=   6.02267   4.14359
 Src-osrc corr  11   1 o,n=   6.42665   4.40399
 Src-osrc corr  12   1 o,n=   6.00245   4.12925
 Src-osrc corr   9   2 o,n=   4.40934   4.38339
 Src-osrc corr  10   2 o,n=   4.14359   4.08098
 Src-osrc corr  13   2 o,n=   0.01737   0.05589
 Src-osrc corr  14   2 o,n=   0.03152   0.23096
 Src-osrc corr  15   2 o,n=   0.01202   0.13135
 Src-osrc corr   9   3 o,n=   4.38339   4.38179
 Src-osrc corr  10   3 o,n=   4.08098   4.07647
 Src-osrc corr  13   3 o,n=   0.05589   0.06109
 Src-osrc corr  14   3 o,n=   0.23096   0.28030
 Src-osrc corr  15   3 o,n=   0.13135   0.13892
 Src-osrc corr  16   3 o,n=   0.00737   0.02713
 Src-osrc corr   9   4 o,n=   4.38179   4.38125
 Src-osrc corr  10   4 o,n=   4.07647   4.08301
 Src-osrc corr  13   4 o,n=   0.06109   0.06548
 Src-osrc corr  14   4 o,n=   0.28030   0.27847
 Src-osrc corr  15   4 o,n=   0.13892   0.13580
 Src-osrc corr  16   4 o,n=   0.02713   0.02746
 Src-osrc corr   9   5 o,n=   4.38125   4.42187
 Src-osrc corr  10   5 o,n=   4.08301   4.15929
 Src-osrc corr  13   5 o,n=   0.06548   0.12577
 Src-osrc corr  14   5 o,n=   0.27847   0.28453
 Src-osrc corr  15   5 o,n=   0.13580   0.15857
 Src-osrc corr  16   5 o,n=   0.02746   0.11088
 Src-osrc corr   9   6 o,n=   4.42187   4.42550
 Src-osrc corr  10   6 o,n=   4.15929   4.17562
 Src-osrc corr  13   6 o,n=   0.12577   0.13761
 Src-osrc corr  14   6 o,n=   0.28453   0.32168
 Src-osrc corr  15   6 o,n=   0.15857   0.16058
 Src-osrc corr  16   6 o,n=   0.11088   0.07134
 Src-osrc corr   9   7 o,n=   4.42550   4.42728
 Src-osrc corr  10   7 o,n=   4.17562   4.17298
 Src-osrc corr  13   7 o,n=   0.13761   0.13354
 Src-osrc corr  14   7 o,n=   0.32168   0.33798
 Src-osrc corr  15   7 o,n=   0.16058   0.30664
 Src-osrc corr  16   7 o,n=   0.07134   0.07698
 Src-osrc corr   9   8 o,n=   4.42728   4.48399
 Src-osrc corr  10   8 o,n=   4.17298   4.31643
 Src-osrc corr  13   8 o,n=   0.13354   1.51547
 Src-osrc corr  14   8 o,n=   0.33798   0.54480
 Src-osrc corr  16   8 o,n=   0.07698   1.27039
 Src-osrc corr   9   1 o,n=   6.43659   4.40922
 Src-osrc corr  10   1 o,n=   6.02225   4.14347
 Src-osrc corr  11   1 o,n=   6.42622   4.40387
 Src-osrc corr  12   1 o,n=   6.00204   4.12914
 Src-osrc corr   9   2 o,n=   4.40922   4.38328
 Src-osrc corr  10   2 o,n=   4.14347   4.08089
 Src-osrc corr  13   2 o,n=   0.01735   0.05587
 Src-osrc corr  14   2 o,n=   0.03151   0.23089
 Src-osrc corr  15   2 o,n=   0.01202   0.13131
 Src-osrc corr   9   3 o,n=   4.38328   4.38169
 Src-osrc corr  10   3 o,n=   4.08089   4.07638
 Src-osrc corr  13   3 o,n=   0.05587   0.06106
 Src-osrc corr  14   3 o,n=   0.23089   0.28021
 Src-osrc corr  15   3 o,n=   0.13131   0.13888
 Src-osrc corr  16   3 o,n=   0.00736   0.02712
 Src-osrc corr   9   4 o,n=   4.38169   4.38115
 Src-osrc corr  10   4 o,n=   4.07638   4.08293
 Src-osrc corr  13   4 o,n=   0.06106   0.06545
 Src-osrc corr  14   4 o,n=   0.28021   0.27838
 Src-osrc corr  15   4 o,n=   0.13888   0.13578
 Src-osrc corr  16   4 o,n=   0.02712   0.02745
 Src-osrc corr   9   5 o,n=   4.38115   4.42178
 Src-osrc corr  10   5 o,n=   4.08293   4.15922
 Src-osrc corr  13   5 o,n=   0.06545   0.12576
 Src-osrc corr  14   5 o,n=   0.27838   0.28450
 Src-osrc corr  15   5 o,n=   0.13578   0.15856
 Src-osrc corr  16   5 o,n=   0.02745   0.11088
 Src-osrc corr   9   6 o,n=   4.42178   4.42541
 Src-osrc corr  10   6 o,n=   4.15922   4.17555
 Src-osrc corr  13   6 o,n=   0.12576   0.13760
 Src-osrc corr  14   6 o,n=   0.28450   0.32167
 Src-osrc corr  15   6 o,n=   0.15856   0.16058
 Src-osrc corr  16   6 o,n=   0.11088   0.07134
 Src-osrc corr   9   7 o,n=   4.42541   4.42719
 Src-osrc corr  10   7 o,n=   4.17555   4.17292
 Src-osrc corr  13   7 o,n=   0.13760   0.13354
 Src-osrc corr  14   7 o,n=   0.32167   0.33796
 Src-osrc corr  15   7 o,n=   0.16058   0.30657
 Src-osrc corr  16   7 o,n=   0.07134   0.07698
 Src-osrc corr   9   8 o,n=   4.42719   4.48390
 Src-osrc corr  10   8 o,n=   4.17292   4.31630
 Src-osrc corr  13   8 o,n=   0.13354   1.51511
 Src-osrc corr  14   8 o,n=   0.33796   0.54468
 Src-osrc corr  16   8 o,n=   0.07698   1.27010
 Reaction Xsec     6.0+/ 6 @ 1 =    30.429 , Out:   0.000#   0.412    1.063    1.058    0.012/   2.002#  27.896f

 Total SPIN, PARITY =     6.0 -,     18 chs,     18 cc.  Rmin & Coul turning =    0.9    6.4
 Src-osrc corr  11   1 o,n=  12.30781   9.55057
 Src-osrc corr  13   1 o,n=  12.18045   9.45346
 Src-osrc corr  11   3 o,n=   9.55057   9.40196
 Src-osrc corr  15   3 o,n=   0.14728   0.23217
 Src-osrc corr  17   3 o,n=   0.07388   0.44072
 Src-osrc corr  11   4 o,n=   9.40196   9.40195
 Src-osrc corr  12   4 o,n=   0.00005   0.01768
 Src-osrc corr  15   4 o,n=   0.23217   0.23298
 Src-osrc corr  16   4 o,n=   0.00011   0.03595
 Src-osrc corr  17   4 o,n=   0.44072   0.43895
 Src-osrc corr  11   5 o,n=   9.40195   9.40578
 Src-osrc corr  12   5 o,n=   0.01768   0.02807
 Src-osrc corr  15   5 o,n=   0.23298   0.25158
 Src-osrc corr  16   5 o,n=   0.03595   0.09586
 Src-osrc corr  17   5 o,n=   0.43895   0.37824
 Src-osrc corr  18   5 o,n=   0.00006   0.05848
 Src-osrc corr  11   6 o,n=   9.40578   9.52012
 Src-osrc corr  12   6 o,n=   0.02807   0.00005
 Src-osrc corr  15   6 o,n=   0.25158   0.44763
 Src-osrc corr  16   6 o,n=   0.09586   0.00011
 Src-osrc corr  17   6 o,n=   0.37824   0.42111
 Src-osrc corr  18   6 o,n=   0.05848   0.00006
 Src-osrc corr  11   7 o,n=   9.52012   9.52029
 Src-osrc corr  12   7 o,n=   0.00005   0.01285
 Src-osrc corr  15   7 o,n=   0.44763   0.44562
 Src-osrc corr  16   7 o,n=   0.00011   0.01850
 Src-osrc corr  17   7 o,n=   0.42111   0.42947
 Src-osrc corr  18   7 o,n=   0.00006   0.01104
 Src-osrc corr  11   8 o,n=   9.52029   9.50873
 Src-osrc corr  12   8 o,n=   0.01285   0.02748
 Src-osrc corr  15   8 o,n=   0.44562   0.44745
 Src-osrc corr  16   8 o,n=   0.01850   0.09691
 Src-osrc corr  17   8 o,n=   0.42947   0.76621
 Src-osrc corr  18   8 o,n=   0.01104   0.06281
 Src-osrc corr  11   9 o,n=   9.50873  10.28940
 Src-osrc corr  12   9 o,n=   0.02748   0.00005
 Src-osrc corr  15   9 o,n=   0.44745   7.03647
 Src-osrc corr  16   9 o,n=   0.09691   0.00010
 Src-osrc corr  18   9 o,n=   0.06281   0.01051
 Src-osrc corr  11   1 o,n=  12.30781   9.55057
 Src-osrc corr  13   1 o,n=  12.18045   9.45346
 Src-osrc corr  11   3 o,n=   9.55057   9.40196
 Src-osrc corr  15   3 o,n=   0.14728   0.23217
 Src-osrc corr  17   3 o,n=   0.07388   0.44072
 Src-osrc corr  11   4 o,n=   9.40196   9.40195
 Src-osrc corr  12   4 o,n=   0.00005   0.01768
 Src-osrc corr  15   4 o,n=   0.23217   0.23298
 Src-osrc corr  16   4 o,n=   0.00011   0.03595
 Src-osrc corr  17   4 o,n=   0.44072   0.43895
 Src-osrc corr  11   5 o,n=   9.40195   9.40578
 Src-osrc corr  12   5 o,n=   0.01768   0.02807
 Src-osrc corr  15   5 o,n=   0.23298   0.25158
 Src-osrc corr  16   5 o,n=   0.03595   0.09586
 Src-osrc corr  17   5 o,n=   0.43895   0.37824
 Src-osrc corr  18   5 o,n=   0.00006   0.05848
 Src-osrc corr  11   6 o,n=   9.40578   9.52012
 Src-osrc corr  12   6 o,n=   0.02807   0.00005
 Src-osrc corr  15   6 o,n=   0.25158   0.44763
 Src-osrc corr  16   6 o,n=   0.09586   0.00011
 Src-osrc corr  17   6 o,n=   0.37824   0.42111
 Src-osrc corr  18   6 o,n=   0.05848   0.00006
 Src-osrc corr  11   7 o,n=   9.52012   9.52029
 Src-osrc corr  12   7 o,n=   0.00005   0.01285
 Src-osrc corr  15   7 o,n=   0.44763   0.44562
 Src-osrc corr  16   7 o,n=   0.00011   0.01850
 Src-osrc corr  17   7 o,n=   0.42111   0.42947
 Src-osrc corr  18   7 o,n=   0.00006   0.01104
 Src-osrc corr  11   8 o,n=   9.52029   9.50873
 Src-osrc corr  12   8 o,n=   0.01285   0.02748
 Src-osrc corr  15   8 o,n=   0.44562   0.44745
 Src-osrc corr  16   8 o,n=   0.01850   0.09691
 Src-osrc corr  17   8 o,n=   0.42947   0.76621
 Src-osrc corr  18   8 o,n=   0.01104   0.06281
 Src-osrc corr  11   9 o,n=   9.50873  10.28940
 Src-osrc corr  12   9 o,n=   0.02748   0.00005
 Src-osrc corr  15   9 o,n=   0.44745   7.03647
 Src-osrc corr  16   9 o,n=   0.09691   0.00010
 Src-osrc corr  18   9 o,n=   0.06281   0.01051
 Src-osrc corr  11   1 o,n=  12.17969   9.40308
 Src-osrc corr  13   1 o,n=  12.03995   9.29708
 Src-osrc corr  12   2 o,n=   0.00019   0.00019
 Src-osrc corr  14   2 o,n=   0.00000   0.00000
 Src-osrc corr  11   3 o,n=   9.40308   9.25170
 Src-osrc corr  15   3 o,n=   0.16990   0.25286
 Src-osrc corr  17   3 o,n=   0.07809   0.44493
 Src-osrc corr  11   4 o,n=   9.25170   9.25169
 Src-osrc corr  12   4 o,n=   0.00019   0.01795
 Src-osrc corr  15   4 o,n=   0.25286   0.25361
 Src-osrc corr  16   4 o,n=   0.00042   0.03645
 Src-osrc corr  17   4 o,n=   0.44493   0.44316
 Src-osrc corr  11   5 o,n=   9.25169   9.25566
 Src-osrc corr  12   5 o,n=   0.01795   0.02823
 Src-osrc corr  15   5 o,n=   0.25361   0.27117
 Src-osrc corr  16   5 o,n=   0.03645   0.09648
 Src-osrc corr  17   5 o,n=   0.44316   0.38225
 Src-osrc corr  18   5 o,n=   0.00023   0.05888
 Src-osrc corr  11   6 o,n=   9.25566   9.37211
 Src-osrc corr  12   6 o,n=   0.02823   0.00011
 Src-osrc corr  15   6 o,n=   0.27117   0.46111
 Src-osrc corr  16   6 o,n=   0.09648   0.00024
 Src-osrc corr  17   6 o,n=   0.38225   0.42553
 Src-osrc corr  18   6 o,n=   0.05888   0.00013
 Src-osrc corr  11   7 o,n=   9.37211   9.37229
 Src-osrc corr  12   7 o,n=   0.00011   0.01297
 Src-osrc corr  15   7 o,n=   0.46111   0.45925
 Src-osrc corr  16   7 o,n=   0.00024   0.01868
 Src-osrc corr  17   7 o,n=   0.42553   0.43403
 Src-osrc corr  18   7 o,n=   0.00013   0.01111
 Src-osrc corr  11   8 o,n=   9.37229   9.36026
 Src-osrc corr  12   8 o,n=   0.01297   0.02760
 Src-osrc corr  15   8 o,n=   0.45925   0.45897
 Src-osrc corr  16   8 o,n=   0.01868   0.09740
 Src-osrc corr  17   8 o,n=   0.43403   0.77522
 Src-osrc corr  18   8 o,n=   0.01111   0.06312
 Src-osrc corr  11   9 o,n=   9.36026  10.13952
 Src-osrc corr  12   9 o,n=   0.02760   0.00009
 Src-osrc corr  15   9 o,n=   0.45897   7.09734
 Src-osrc corr  16   9 o,n=   0.09740   0.00021
 Src-osrc corr  18   9 o,n=   0.06312   0.01064
 Src-osrc corr  12  10 o,n=   0.00009   0.00009
 Src-osrc corr  16  10 o,n=   0.00021   0.00021
 Src-osrc corr  18  10 o,n=   0.01064   0.01064
 Src-osrc corr  11   1 o,n=  12.25808   9.53088
 Src-osrc corr  13   1 o,n=  12.12687   9.42602
 Src-osrc corr  12   2 o,n=   0.00009   0.00009
 Src-osrc corr  14   2 o,n=   0.00000   0.00000
 Src-osrc corr  11   3 o,n=   9.53088   9.38666
 Src-osrc corr  15   3 o,n=   0.13730   0.21763
 Src-osrc corr  17   3 o,n=   0.07555   0.42880
 Src-osrc corr  11   4 o,n=   9.38666   9.38664
 Src-osrc corr  12   4 o,n=   0.00009   0.01728
 Src-osrc corr  15   4 o,n=   0.21763   0.21837
 Src-osrc corr  16   4 o,n=   0.00019   0.03509
 Src-osrc corr  17   4 o,n=   0.42880   0.42716
 Src-osrc corr  11   5 o,n=   9.38664   9.39052
 Src-osrc corr  12   5 o,n=   0.01728   0.02745
 Src-osrc corr  15   5 o,n=   0.21837   0.23558
 Src-osrc corr  16   5 o,n=   0.03509   0.09364
 Src-osrc corr  17   5 o,n=   0.42716   0.37146
 Src-osrc corr  18   5 o,n=   0.00010   0.05705
 Src-osrc corr  11   6 o,n=   9.39052   9.50669
 Src-osrc corr  12   6 o,n=   0.02745   0.00013
 Src-osrc corr  15   6 o,n=   0.23558   0.45344
 Src-osrc corr  16   6 o,n=   0.09364   0.00028
 Src-osrc corr  17   6 o,n=   0.37146   0.43661
 Src-osrc corr  18   6 o,n=   0.05705   0.00016
 Src-osrc corr  11   7 o,n=   9.50669   9.50685
 Src-osrc corr  12   7 o,n=   0.00013   0.01279
 Src-osrc corr  15   7 o,n=   0.45344   0.45169
 Src-osrc corr  16   7 o,n=   0.00028   0.01849
 Src-osrc corr  17   7 o,n=   0.43661   0.44463
 Src-osrc corr  18   7 o,n=   0.00016   0.01096
 Src-osrc corr  11   8 o,n=   9.50685   9.49602
 Src-osrc corr  12   8 o,n=   0.01279   0.02748
 Src-osrc corr  15   8 o,n=   0.45169   0.45127
 Src-osrc corr  16   8 o,n=   0.01849   0.09676
 Src-osrc corr  17   8 o,n=   0.44463   0.77168
 Src-osrc corr  18   8 o,n=   0.01096   0.06257
 Src-osrc corr  11   9 o,n=   9.49602  10.28237
 Src-osrc corr  12   9 o,n=   0.02748   0.00018
 Src-osrc corr  15   9 o,n=   0.45127   6.99162
 Src-osrc corr  16   9 o,n=   0.09676   0.00041
 Src-osrc corr  18   9 o,n=   0.06257   0.01033
 Src-osrc corr  12  10 o,n=   0.00018   0.00018
 Src-osrc corr  16  10 o,n=   0.00041   0.00041
 Src-osrc corr  18  10 o,n=   0.01033   0.01033
 Src-osrc corr  11   1 o,n=  12.26199   9.53396
 Src-osrc corr  13   1 o,n=  12.13129   9.42967
 Src-osrc corr  12   2 o,n=   0.00009   0.00009
 Src-osrc corr  14   2 o,n=   0.00000   0.00000
 Src-osrc corr  11   3 o,n=   9.53396   9.38987
 Src-osrc corr  15   3 o,n=   0.13735   0.21778
 Src-osrc corr  17   3 o,n=   0.07557   0.42840
 Src-osrc corr  11   4 o,n=   9.38987   9.38986
 Src-osrc corr  12   4 o,n=   0.00009   0.01727
 Src-osrc corr  15   4 o,n=   0.21778   0.21852
 Src-osrc corr  16   4 o,n=   0.00018   0.03506
 Src-osrc corr  17   4 o,n=   0.42840   0.42676
 Src-osrc corr  11   5 o,n=   9.38986   9.39373
 Src-osrc corr  12   5 o,n=   0.01727   0.02741
 Src-osrc corr  15   5 o,n=   0.21852   0.23569
 Src-osrc corr  16   5 o,n=   0.03506   0.09353
 Src-osrc corr  17   5 o,n=   0.42676   0.37117
 Src-osrc corr  18   5 o,n=   0.00010   0.05699
 Src-osrc corr  11   6 o,n=   9.39373   9.50969
 Src-osrc corr  12   6 o,n=   0.02741   0.00013
 Src-osrc corr  15   6 o,n=   0.23569   0.45297
 Src-osrc corr  16   6 o,n=   0.09353   0.00028
 Src-osrc corr  17   6 o,n=   0.37117   0.43640
 Src-osrc corr  18   6 o,n=   0.05699   0.00016
 Src-osrc corr  11   7 o,n=   9.50969   9.50986
 Src-osrc corr  12   7 o,n=   0.00013   0.01277
 Src-osrc corr  15   7 o,n=   0.45297   0.45121
 Src-osrc corr  16   7 o,n=   0.00028   0.01847
 Src-osrc corr  17   7 o,n=   0.43640   0.44442
 Src-osrc corr  18   7 o,n=   0.00016   0.01095
 Src-osrc corr  11   8 o,n=   9.50986   9.49903
 Src-osrc corr  12   8 o,n=   0.01277   0.02745
 Src-osrc corr  15   8 o,n=   0.45121   0.45065
 Src-osrc corr  16   8 o,n=   0.01847   0.09665
 Src-osrc corr  17   8 o,n=   0.44442   0.77121
 Src-osrc corr  18   8 o,n=   0.01095   0.06250
 Src-osrc corr  11   9 o,n=   9.49903  10.28365
 Src-osrc corr  12   9 o,n=   0.02745   0.00018
 Src-osrc corr  15   9 o,n=   0.45065   6.98526
 Src-osrc corr  16   9 o,n=   0.09665   0.00041
 Src-osrc corr  18   9 o,n=   0.06250   0.01032
 Src-osrc corr  12  10 o,n=   0.00018   0.00018
 Src-osrc corr  16  10 o,n=   0.00041   0.00041
 Src-osrc corr  18  10 o,n=   0.01032   0.01032
 Src-osrc corr  11   1 o,n=  12.24971   9.52060
 Src-osrc corr  13   1 o,n=  12.11789   9.41516
 Src-osrc corr  12   2 o,n=   0.00009   0.00009
 Src-osrc corr  14   2 o,n=   0.00000   0.00000
 Src-osrc corr  11   3 o,n=   9.52060   9.37630
 Src-osrc corr  15   3 o,n=   0.13739   0.21758
 Src-osrc corr  17   3 o,n=   0.07563   0.42911
 Src-osrc corr  11   4 o,n=   9.37630   9.37629
 Src-osrc corr  12   4 o,n=   0.00009   0.01729
 Src-osrc corr  15   4 o,n=   0.21758   0.21832
 Src-osrc corr  16   4 o,n=   0.00019   0.03510
 Src-osrc corr  17   4 o,n=   0.42911   0.42747
 Src-osrc corr  11   5 o,n=   9.37629   9.38016
 Src-osrc corr  12   5 o,n=   0.01729   0.02746
 Src-osrc corr  15   5 o,n=   0.21832   0.23555
 Src-osrc corr  16   5 o,n=   0.03510   0.09370
 Src-osrc corr  17   5 o,n=   0.42747   0.37168
 Src-osrc corr  18   5 o,n=   0.00010   0.05709
 Src-osrc corr  11   6 o,n=   9.38016   9.49613
 Src-osrc corr  12   6 o,n=   0.02746   0.00013
 Src-osrc corr  15   6 o,n=   0.23555   0.45377
 Src-osrc corr  16   6 o,n=   0.09370   0.00028
 Src-osrc corr  17   6 o,n=   0.37168   0.43690
 Src-osrc corr  18   6 o,n=   0.05709   0.00016
 Src-osrc corr  11   7 o,n=   9.49613   9.49630
 Src-osrc corr  12   7 o,n=   0.00013   0.01279
 Src-osrc corr  15   7 o,n=   0.45377   0.45201
 Src-osrc corr  16   7 o,n=   0.00028   0.01851
 Src-osrc corr  17   7 o,n=   0.43690   0.44493
 Src-osrc corr  18   7 o,n=   0.00016   0.01096
 Src-osrc corr  11   8 o,n=   9.49630   9.48546
 Src-osrc corr  12   8 o,n=   0.01279   0.02750
 Src-osrc corr  15   8 o,n=   0.45201   0.45152
 Src-osrc corr  16   8 o,n=   0.01851   0.09681
 Src-osrc corr  17   8 o,n=   0.44493   0.77221
 Src-osrc corr  18   8 o,n=   0.01096   0.06260
 Src-osrc corr  11   9 o,n=   9.48546  10.27279
 Src-osrc corr  12   9 o,n=   0.02750   0.00018
 Src-osrc corr  15   9 o,n=   0.45152   6.99719
 Src-osrc corr  16   9 o,n=   0.09681   0.00042
 Src-osrc corr  18   9 o,n=   0.06260   0.01034
 Src-osrc corr  12  10 o,n=   0.00018   0.00018
 Src-osrc corr  16  10 o,n=   0.00042   0.00042
 Src-osrc corr  18  10 o,n=   0.01034   0.01034
 Src-osrc corr  11   1 o,n=  12.24862   9.52145
 Src-osrc corr  13   1 o,n=  12.11733   9.41647
 Src-osrc corr  12   2 o,n=   0.00009   0.00009
 Src-osrc corr  14   2 o,n=   0.00000   0.00000
 Src-osrc corr  11   3 o,n=   9.52145   9.37736
 Src-osrc corr  15   3 o,n=   0.13726   0.21750
 Src-osrc corr  17   3 o,n=   0.07555   0.42863
 Src-osrc corr  11   4 o,n=   9.37736   9.37735
 Src-osrc corr  12   4 o,n=   0.00009   0.01727
 Src-osrc corr  15   4 o,n=   0.21750   0.21824
 Src-osrc corr  16   4 o,n=   0.00019   0.03507
 Src-osrc corr  17   4 o,n=   0.42863   0.42699
 Src-osrc corr  11   5 o,n=   9.37735   9.38122
 Src-osrc corr  12   5 o,n=   0.01727   0.02743
 Src-osrc corr  15   5 o,n=   0.21824   0.23544
 Src-osrc corr  16   5 o,n=   0.03507   0.09359
 Src-osrc corr  17   5 o,n=   0.42699   0.37135
 Src-osrc corr  18   5 o,n=   0.00010   0.05703
 Src-osrc corr  11   6 o,n=   9.38122   9.49723
 Src-osrc corr  12   6 o,n=   0.02743   0.00013
 Src-osrc corr  15   6 o,n=   0.23544   0.45338
 Src-osrc corr  16   6 o,n=   0.09359   0.00028
 Src-osrc corr  17   6 o,n=   0.37135   0.43669
 Src-osrc corr  18   6 o,n=   0.05703   0.00016
 Src-osrc corr  11   7 o,n=   9.49723   9.49740
 Src-osrc corr  12   7 o,n=   0.00013   0.01278
 Src-osrc corr  15   7 o,n=   0.45338   0.45162
 Src-osrc corr  16   7 o,n=   0.00028   0.01849
 Src-osrc corr  17   7 o,n=   0.43669   0.44472
 Src-osrc corr  18   7 o,n=   0.00016   0.01095
 Src-osrc corr  11   8 o,n=   9.49740   9.48658
 Src-osrc corr  12   8 o,n=   0.01278   0.02747
 Src-osrc corr  15   8 o,n=   0.45162   0.45109
 Src-osrc corr  16   8 o,n=   0.01849   0.09672
 Src-osrc corr  17   8 o,n=   0.44472   0.77165
 Src-osrc corr  18   8 o,n=   0.01095   0.06254
 Src-osrc corr  11   9 o,n=   9.48658  10.27290
 Src-osrc corr  12   9 o,n=   0.02747   0.00018
 Src-osrc corr  15   9 o,n=   0.45109   6.98974
 Src-osrc corr  16   9 o,n=   0.09672   0.00041
 Src-osrc corr  18   9 o,n=   0.06254   0.01033
 Src-osrc corr  12  10 o,n=   0.00018   0.00018
 Src-osrc corr  16  10 o,n=   0.00041   0.00041
 Src-osrc corr  18  10 o,n=   0.01033   0.01033
 Reaction Xsec     6.0-/ 5 @ 1 =    87.444 , Out:   0.000#   1.265    2.148    2.099    0.229/   0.068/  81.931f
 Src-osrc corr  12   2 o,n=   5.46387   3.28465
 Src-osrc corr  14   2 o,n=   5.46261   3.28547
 Src-osrc corr  11   4 o,n=   0.00003   0.00021
 Src-osrc corr  12   4 o,n=   3.28465   3.26881
 Src-osrc corr  15   4 o,n=   0.00008   0.00847
 Src-osrc corr  16   4 o,n=   0.00891   0.09374
 Src-osrc corr  17   4 o,n=   0.00004   0.01325
 Src-osrc corr  11   5 o,n=   0.00021   0.00114
 Src-osrc corr  12   5 o,n=   3.26881   3.26811
 Src-osrc corr  15   5 o,n=   0.00847   0.00266
 Src-osrc corr  16   5 o,n=   0.09374   0.10431
 Src-osrc corr  17   5 o,n=   0.01325   0.00171
 Src-osrc corr  18   5 o,n=   0.00141   0.00407
 Src-osrc corr  11   6 o,n=   0.00114   0.00003
 Src-osrc corr  12   6 o,n=   3.26811   3.26809
 Src-osrc corr  15   6 o,n=   0.00266   0.00007
 Src-osrc corr  16   6 o,n=   0.10431   0.10462
 Src-osrc corr  17   6 o,n=   0.00171   0.00004
 Src-osrc corr  18   6 o,n=   0.00407   0.00425
 Src-osrc corr  11   7 o,n=   0.00003   0.00159
 Src-osrc corr  12   7 o,n=   3.26809   3.30514
 Src-osrc corr  15   7 o,n=   0.00007   0.03607
 Src-osrc corr  16   7 o,n=   0.10462   0.11680
 Src-osrc corr  17   7 o,n=   0.00004   0.05227
 Src-osrc corr  18   7 o,n=   0.00425   0.04006
 Src-osrc corr  11   8 o,n=   0.00159   0.00507
 Src-osrc corr  12   8 o,n=   3.30514   3.30935
 Src-osrc corr  15   8 o,n=   0.03607   0.01580
 Src-osrc corr  16   8 o,n=   0.11680   0.12692
 Src-osrc corr  17   8 o,n=   0.05227   0.00004
 Src-osrc corr  18   8 o,n=   0.04006   0.03364
 Src-osrc corr  11   9 o,n=   0.00507   0.00003
 Src-osrc corr  12   9 o,n=   3.30935   3.30941
 Src-osrc corr  15   9 o,n=   0.01580   0.00007
 Src-osrc corr  16   9 o,n=   0.12692   0.12710
 Src-osrc corr  18   9 o,n=   0.03364   0.03351
 Src-osrc corr  12  10 o,n=   3.30941   3.30229
 Src-osrc corr  16  10 o,n=   0.12710   0.17809
 Src-osrc corr  18  10 o,n=   0.03351   0.27920
 Src-osrc corr  12   2 o,n=   5.46387   3.28465
 Src-osrc corr  14   2 o,n=   5.46261   3.28547
 Src-osrc corr  11   4 o,n=   0.00003   0.00021
 Src-osrc corr  12   4 o,n=   3.28465   3.26881
 Src-osrc corr  15   4 o,n=   0.00008   0.00847
 Src-osrc corr  16   4 o,n=   0.00891   0.09374
 Src-osrc corr  17   4 o,n=   0.00004   0.01325
 Src-osrc corr  11   5 o,n=   0.00021   0.00114
 Src-osrc corr  12   5 o,n=   3.26881   3.26811
 Src-osrc corr  15   5 o,n=   0.00847   0.00266
 Src-osrc corr  16   5 o,n=   0.09374   0.10431
 Src-osrc corr  17   5 o,n=   0.01325   0.00171
 Src-osrc corr  18   5 o,n=   0.00141   0.00407
 Src-osrc corr  11   6 o,n=   0.00114   0.00003
 Src-osrc corr  12   6 o,n=   3.26811   3.26809
 Src-osrc corr  15   6 o,n=   0.00266   0.00007
 Src-osrc corr  16   6 o,n=   0.10431   0.10462
 Src-osrc corr  17   6 o,n=   0.00171   0.00004
 Src-osrc corr  18   6 o,n=   0.00407   0.00425
 Src-osrc corr  11   7 o,n=   0.00003   0.00159
 Src-osrc corr  12   7 o,n=   3.26809   3.30514
 Src-osrc corr  15   7 o,n=   0.00007   0.03607
 Src-osrc corr  16   7 o,n=   0.10462   0.11680
 Src-osrc corr  17   7 o,n=   0.00004   0.05227
 Src-osrc corr  18   7 o,n=   0.00425   0.04006
 Src-osrc corr  11   8 o,n=   0.00159   0.00507
 Src-osrc corr  12   8 o,n=   3.30514   3.30935
 Src-osrc corr  15   8 o,n=   0.03607   0.01580
 Src-osrc corr  16   8 o,n=   0.11680   0.12692
 Src-osrc corr  17   8 o,n=   0.05227   0.00004
 Src-osrc corr  18   8 o,n=   0.04006   0.03364
 Src-osrc corr  11   9 o,n=   0.00507   0.00003
 Src-osrc corr  12   9 o,n=   3.30935   3.30941
 Src-osrc corr  15   9 o,n=   0.01580   0.00007
 Src-osrc corr  16   9 o,n=   0.12692   0.12710
 Src-osrc corr  18   9 o,n=   0.03364   0.03351
 Src-osrc corr  12  10 o,n=   3.30941   3.30229
 Src-osrc corr  16  10 o,n=   0.12710   0.17809
 Src-osrc corr  18  10 o,n=   0.03351   0.27920
 Src-osrc corr  11   1 o,n=   0.00004   0.00004
 Src-osrc corr  13   1 o,n=   0.00000   0.00000
 Src-osrc corr  12   2 o,n=   5.44934   3.27184
 Src-osrc corr  14   2 o,n=   5.44808   3.27266
 Src-osrc corr  11   3 o,n=   0.00004   0.00004
 Src-osrc corr  15   3 o,n=   0.00009   0.00009
 Src-osrc corr  17   3 o,n=   0.00005   0.00005
 Src-osrc corr  11   4 o,n=   0.00004   0.00020
 Src-osrc corr  12   4 o,n=   3.27184   3.25605
 Src-osrc corr  15   4 o,n=   0.00009   0.00845
 Src-osrc corr  16   4 o,n=   0.00899   0.09352
 Src-osrc corr  17   4 o,n=   0.00005   0.01322
 Src-osrc corr  11   5 o,n=   0.00020   0.00113
 Src-osrc corr  12   5 o,n=   3.25605   3.25536
 Src-osrc corr  15   5 o,n=   0.00845   0.00265
 Src-osrc corr  16   5 o,n=   0.09352   0.10406
 Src-osrc corr  17   5 o,n=   0.01322   0.00171
 Src-osrc corr  18   5 o,n=   0.00142   0.00405
 Src-osrc corr  11   6 o,n=   0.00113   0.00004
 Src-osrc corr  12   6 o,n=   3.25536   3.25534
 Src-osrc corr  15   6 o,n=   0.00265   0.00008
 Src-osrc corr  16   6 o,n=   0.10406   0.10436
 Src-osrc corr  17   6 o,n=   0.00171   0.00005
 Src-osrc corr  18   6 o,n=   0.00405   0.00423
 Src-osrc corr  11   7 o,n=   0.00004   0.00159
 Src-osrc corr  12   7 o,n=   3.25534   3.29234
 Src-osrc corr  15   7 o,n=   0.00008   0.03598
 Src-osrc corr  16   7 o,n=   0.10436   0.11664
 Src-osrc corr  17   7 o,n=   0.00005   0.05214
 Src-osrc corr  18   7 o,n=   0.00423   0.04000
 Src-osrc corr  11   8 o,n=   0.00159   0.00505
 Src-osrc corr  12   8 o,n=   3.29234   3.29655
 Src-osrc corr  15   8 o,n=   0.03598   0.01577
 Src-osrc corr  16   8 o,n=   0.11664   0.12676
 Src-osrc corr  17   8 o,n=   0.05214   0.00004
 Src-osrc corr  18   8 o,n=   0.04000   0.03359
 Src-osrc corr  11   9 o,n=   0.00505   0.00004
 Src-osrc corr  12   9 o,n=   3.29655   3.29660
 Src-osrc corr  15   9 o,n=   0.01577   0.00008
 Src-osrc corr  16   9 o,n=   0.12676   0.12694
 Src-osrc corr  18   9 o,n=   0.03359   0.03346
 Src-osrc corr  12  10 o,n=   3.29660   3.28948
 Src-osrc corr  16  10 o,n=   0.12694   0.17777
 Src-osrc corr  18  10 o,n=   0.03346   0.27866
 Src-osrc corr  11   1 o,n=   0.62943   0.46082
 Src-osrc corr  13   1 o,n=   0.63730   0.47265
 Src-osrc corr  12   2 o,n=   5.46082   3.28384
 Src-osrc corr  14   2 o,n=   5.45957   3.28460
 Src-osrc corr  11   3 o,n=   0.46082   0.45692
 Src-osrc corr  15   3 o,n=   0.01146   0.01653
 Src-osrc corr  17   3 o,n=   0.00555   0.03854
 Src-osrc corr  11   4 o,n=   0.45692   0.45701
 Src-osrc corr  12   4 o,n=   3.28384   3.26801
 Src-osrc corr  15   4 o,n=   0.01653   0.01709
 Src-osrc corr  16   4 o,n=   0.00890   0.09410
 Src-osrc corr  17   4 o,n=   0.03854   0.04296
 Src-osrc corr  11   5 o,n=   0.45701   0.45716
 Src-osrc corr  12   5 o,n=   3.26801   3.26804
 Src-osrc corr  15   5 o,n=   0.01709   0.01834
 Src-osrc corr  16   5 o,n=   0.09410   0.10313
 Src-osrc corr  17   5 o,n=   0.04296   0.03369
 Src-osrc corr  18   5 o,n=   0.00139   0.00626
 Src-osrc corr  11   6 o,n=   0.45716   0.45429
 Src-osrc corr  12   6 o,n=   3.26804   3.26757
 Src-osrc corr  15   6 o,n=   0.01834   0.05480
 Src-osrc corr  16   6 o,n=   0.10313   0.10433
 Src-osrc corr  17   6 o,n=   0.03369   0.05050
 Src-osrc corr  18   6 o,n=   0.00626   0.00425
 Src-osrc corr  11   7 o,n=   0.45429   0.45524
 Src-osrc corr  12   7 o,n=   3.26757   3.30579
 Src-osrc corr  15   7 o,n=   0.05480   0.05189
 Src-osrc corr  16   7 o,n=   0.10433   0.11705
 Src-osrc corr  17   7 o,n=   0.05050   0.08139
 Src-osrc corr  18   7 o,n=   0.00425   0.04090
 Src-osrc corr  11   8 o,n=   0.45524   0.45700
 Src-osrc corr  12   8 o,n=   3.30579   3.30756
 Src-osrc corr  15   8 o,n=   0.05189   0.05195
 Src-osrc corr  16   8 o,n=   0.11705   0.12686
 Src-osrc corr  17   8 o,n=   0.08139   0.07057
 Src-osrc corr  18   8 o,n=   0.04090   0.03794
 Src-osrc corr  11   9 o,n=   0.45700   0.57997
 Src-osrc corr  12   9 o,n=   3.30756   3.30929
 Src-osrc corr  15   9 o,n=   0.05195   0.61175
 Src-osrc corr  16   9 o,n=   0.12686   0.12733
 Src-osrc corr  18   9 o,n=   0.03794   0.03429
 Src-osrc corr  12  10 o,n=   3.30929   3.30231
 Src-osrc corr  16  10 o,n=   0.12733   0.17816
 Src-osrc corr  18  10 o,n=   0.03429   0.27947
 Src-osrc corr  11   1 o,n=   0.62943   0.46082
 Src-osrc corr  13   1 o,n=   0.63730   0.47265
 Src-osrc corr  12   2 o,n=   5.46089   3.28389
 Src-osrc corr  14   2 o,n=   5.45963   3.28465
 Src-osrc corr  11   3 o,n=   0.46082   0.45692
 Src-osrc corr  15   3 o,n=   0.01146   0.01653
 Src-osrc corr  17   3 o,n=   0.00555   0.03854
 Src-osrc corr  11   4 o,n=   0.45692   0.45701
 Src-osrc corr  12   4 o,n=   3.28389   3.26806
 Src-osrc corr  15   4 o,n=   0.01653   0.01709
 Src-osrc corr  16   4 o,n=   0.00890   0.09410
 Src-osrc corr  17   4 o,n=   0.03854   0.04296
 Src-osrc corr  11   5 o,n=   0.45701   0.45716
 Src-osrc corr  12   5 o,n=   3.26806   3.26809
 Src-osrc corr  15   5 o,n=   0.01709   0.01834
 Src-osrc corr  16   5 o,n=   0.09410   0.10313
 Src-osrc corr  17   5 o,n=   0.04296   0.03369
 Src-osrc corr  18   5 o,n=   0.00139   0.00626
 Src-osrc corr  11   6 o,n=   0.45716   0.45429
 Src-osrc corr  12   6 o,n=   3.26809   3.26762
 Src-osrc corr  15   6 o,n=   0.01834   0.05480
 Src-osrc corr  16   6 o,n=   0.10313   0.10433
 Src-osrc corr  17   6 o,n=   0.03369   0.05050
 Src-osrc corr  18   6 o,n=   0.00626   0.00425
 Src-osrc corr  11   7 o,n=   0.45429   0.45524
 Src-osrc corr  12   7 o,n=   3.26762   3.30583
 Src-osrc corr  15   7 o,n=   0.05480   0.05189
 Src-osrc corr  16   7 o,n=   0.10433   0.11705
 Src-osrc corr  17   7 o,n=   0.05050   0.08139
 Src-osrc corr  18   7 o,n=   0.00425   0.04090
 Src-osrc corr  11   8 o,n=   0.45524   0.45700
 Src-osrc corr  12   8 o,n=   3.30583   3.30761
 Src-osrc corr  15   8 o,n=   0.05189   0.05195
 Src-osrc corr  16   8 o,n=   0.11705   0.12686
 Src-osrc corr  17   8 o,n=   0.08139   0.07057
 Src-osrc corr  18   8 o,n=   0.04090   0.03794
 Src-osrc corr  11   9 o,n=   0.45700   0.57997
 Src-osrc corr  12   9 o,n=   3.30761   3.30934
 Src-osrc corr  15   9 o,n=   0.05195   0.61175
 Src-osrc corr  16   9 o,n=   0.12686   0.12733
 Src-osrc corr  18   9 o,n=   0.03794   0.03429
 Src-osrc corr  12  10 o,n=   3.30934   3.30236
 Src-osrc corr  16  10 o,n=   0.12733   0.17816
 Src-osrc corr  18  10 o,n=   0.03429   0.27947
 Src-osrc corr  11   1 o,n=   0.02717   0.02167
 Src-osrc corr  13   1 o,n=   0.02592   0.02097
 Src-osrc corr  12   2 o,n=   5.46071   3.28371
 Src-osrc corr  14   2 o,n=   5.45947   3.28448
 Src-osrc corr  11   3 o,n=   0.02167   0.02122
 Src-osrc corr  15   3 o,n=   0.00205   0.00188
 Src-osrc corr  17   3 o,n=   0.00041   0.00167
 Src-osrc corr  11   4 o,n=   0.02122   0.02110
 Src-osrc corr  12   4 o,n=   3.28371   3.26817
 Src-osrc corr  15   4 o,n=   0.00188   0.00918
 Src-osrc corr  16   4 o,n=   0.00890   0.09339
 Src-osrc corr  17   4 o,n=   0.00167   0.01289
 Src-osrc corr  11   5 o,n=   0.02110   0.02057
 Src-osrc corr  12   5 o,n=   3.26817   3.26741
 Src-osrc corr  15   5 o,n=   0.00918   0.00368
 Src-osrc corr  16   5 o,n=   0.09339   0.10439
 Src-osrc corr  17   5 o,n=   0.01289   0.00249
 Src-osrc corr  18   5 o,n=   0.00138   0.00428
 Src-osrc corr  11   6 o,n=   0.02057   0.02145
 Src-osrc corr  12   6 o,n=   3.26741   3.26744
 Src-osrc corr  15   6 o,n=   0.00368   0.00349
 Src-osrc corr  16   6 o,n=   0.10439   0.10434
 Src-osrc corr  17   6 o,n=   0.00249   0.00198
 Src-osrc corr  18   6 o,n=   0.00428   0.00425
 Src-osrc corr  11   7 o,n=   0.02145   0.02067
 Src-osrc corr  12   7 o,n=   3.26744   3.30482
 Src-osrc corr  15   7 o,n=   0.00349   0.03533
 Src-osrc corr  16   7 o,n=   0.10434   0.11697
 Src-osrc corr  17   7 o,n=   0.00198   0.05198
 Src-osrc corr  18   7 o,n=   0.00425   0.04030
 Src-osrc corr  11   8 o,n=   0.02067   0.02147
 Src-osrc corr  12   8 o,n=   3.30482   3.30918
 Src-osrc corr  15   8 o,n=   0.03533   0.01453
 Src-osrc corr  16   8 o,n=   0.11697   0.12708
 Src-osrc corr  17   8 o,n=   0.05198   0.00277
 Src-osrc corr  18   8 o,n=   0.04030   0.03379
 Src-osrc corr  11   9 o,n=   0.02147   0.02586
 Src-osrc corr  12   9 o,n=   3.30918   3.30916
 Src-osrc corr  15   9 o,n=   0.01453   0.02511
 Src-osrc corr  16   9 o,n=   0.12708   0.12734
 Src-osrc corr  18   9 o,n=   0.03379   0.03371
 Src-osrc corr  12  10 o,n=   3.30916   3.30219
 Src-osrc corr  16  10 o,n=   0.12734   0.17816
 Src-osrc corr  18  10 o,n=   0.03371   0.27944
 Src-osrc corr  11   1 o,n=   0.01859   0.01675
 Src-osrc corr  13   1 o,n=   0.01792   0.01634
 Src-osrc corr  12   2 o,n=   5.46072   3.28375
 Src-osrc corr  14   2 o,n=   5.45947   3.28451
 Src-osrc corr  11   3 o,n=   0.01675   0.01713
 Src-osrc corr  15   3 o,n=   0.00075   0.00104
 Src-osrc corr  17   3 o,n=   0.00026   0.00128
 Src-osrc corr  11   4 o,n=   0.01713   0.01703
 Src-osrc corr  12   4 o,n=   3.28375   3.26820
 Src-osrc corr  15   4 o,n=   0.00104   0.00874
 Src-osrc corr  16   4 o,n=   0.00890   0.09345
 Src-osrc corr  17   4 o,n=   0.00128   0.01358
 Src-osrc corr  11   5 o,n=   0.01703   0.01687
 Src-osrc corr  12   5 o,n=   3.26820   3.26745
 Src-osrc corr  15   5 o,n=   0.00874   0.00305
 Src-osrc corr  16   5 o,n=   0.09345   0.10414
 Src-osrc corr  17   5 o,n=   0.01358   0.00213
 Src-osrc corr  18   5 o,n=   0.00139   0.00415
 Src-osrc corr  11   6 o,n=   0.01687   0.01732
 Src-osrc corr  12   6 o,n=   3.26745   3.26748
 Src-osrc corr  15   6 o,n=   0.00305   0.00162
 Src-osrc corr  16   6 o,n=   0.10414   0.10433
 Src-osrc corr  17   6 o,n=   0.00213   0.00192
 Src-osrc corr  18   6 o,n=   0.00415   0.00424
 Src-osrc corr  11   7 o,n=   0.01732   0.01745
 Src-osrc corr  12   7 o,n=   3.26748   3.30488
 Src-osrc corr  15   7 o,n=   0.00162   0.03604
 Src-osrc corr  16   7 o,n=   0.10433   0.11695
 Src-osrc corr  17   7 o,n=   0.00192   0.05249
 Src-osrc corr  18   7 o,n=   0.00424   0.04031
 Src-osrc corr  11   8 o,n=   0.01745   0.02001
 Src-osrc corr  12   8 o,n=   3.30488   3.30917
 Src-osrc corr  15   8 o,n=   0.03604   0.01571
 Src-osrc corr  16   8 o,n=   0.11695   0.12712
 Src-osrc corr  17   8 o,n=   0.05249   0.00158
 Src-osrc corr  18   8 o,n=   0.04031   0.03384
 Src-osrc corr  11   9 o,n=   0.02001   0.01781
 Src-osrc corr  12   9 o,n=   3.30917   3.30921
 Src-osrc corr  15   9 o,n=   0.01571   0.00876
 Src-osrc corr  16   9 o,n=   0.12712   0.12733
 Src-osrc corr  18   9 o,n=   0.03384   0.03372
 Src-osrc corr  12  10 o,n=   3.30921   3.30223
 Src-osrc corr  16  10 o,n=   0.12733   0.17815
 Src-osrc corr  18  10 o,n=   0.03372   0.27942
 Src-osrc corr  11   1 o,n=   0.01653   0.01291
 Src-osrc corr  13   1 o,n=   0.01407   0.01140
 Src-osrc corr  12   2 o,n=   5.46074   3.28377
 Src-osrc corr  14   2 o,n=   5.45947   3.28451
 Src-osrc corr  11   3 o,n=   0.01291   0.01243
 Src-osrc corr  15   3 o,n=   0.00278   0.00289
 Src-osrc corr  17   3 o,n=   0.00019   0.00193
 Src-osrc corr  11   4 o,n=   0.01243   0.01252
 Src-osrc corr  12   4 o,n=   3.28377   3.26819
 Src-osrc corr  15   4 o,n=   0.00289   0.00944
 Src-osrc corr  16   4 o,n=   0.00890   0.09356
 Src-osrc corr  17   4 o,n=   0.00193   0.01406
 Src-osrc corr  11   5 o,n=   0.01252   0.01297
 Src-osrc corr  12   5 o,n=   3.26819   3.26751
 Src-osrc corr  15   5 o,n=   0.00944   0.00405
 Src-osrc corr  16   5 o,n=   0.09356   0.10378
 Src-osrc corr  17   5 o,n=   0.01406   0.00176
 Src-osrc corr  18   5 o,n=   0.00140   0.00395
 Src-osrc corr  11   6 o,n=   0.01297   0.01286
 Src-osrc corr  12   6 o,n=   3.26751   3.26749
 Src-osrc corr  15   6 o,n=   0.00405   0.00298
 Src-osrc corr  16   6 o,n=   0.10378   0.10433
 Src-osrc corr  17   6 o,n=   0.00176   0.00188
 Src-osrc corr  18   6 o,n=   0.00395   0.00425
 Src-osrc corr  11   7 o,n=   0.01286   0.01417
 Src-osrc corr  12   7 o,n=   3.26749   3.30491
 Src-osrc corr  15   7 o,n=   0.00298   0.03812
 Src-osrc corr  16   7 o,n=   0.10433   0.11693
 Src-osrc corr  17   7 o,n=   0.00188   0.05280
 Src-osrc corr  18   7 o,n=   0.00425   0.04032
 Src-osrc corr  11   8 o,n=   0.01417   0.01724
 Src-osrc corr  12   8 o,n=   3.30491   3.30910
 Src-osrc corr  15   8 o,n=   0.03812   0.01850
 Src-osrc corr  16   8 o,n=   0.11693   0.12719
 Src-osrc corr  17   8 o,n=   0.05280   0.00251
 Src-osrc corr  18   8 o,n=   0.04032   0.03390
 Src-osrc corr  11   9 o,n=   0.01724   0.01649
 Src-osrc corr  12   9 o,n=   3.30910   3.30921
 Src-osrc corr  15   9 o,n=   0.01850   0.02135
 Src-osrc corr  16   9 o,n=   0.12719   0.12733
 Src-osrc corr  18   9 o,n=   0.03390   0.03373
 Src-osrc corr  12  10 o,n=   3.30921   3.30224
 Src-osrc corr  16  10 o,n=   0.12733   0.17814
 Src-osrc corr  18  10 o,n=   0.03373   0.27939
 Src-osrc corr  11   1 o,n=   0.00068   0.00063
 Src-osrc corr  13   1 o,n=   0.00061   0.00057
 Src-osrc corr  12   2 o,n=   5.46073   3.28375
 Src-osrc corr  14   2 o,n=   5.45947   3.28451
 Src-osrc corr  11   3 o,n=   0.00063   0.00062
 Src-osrc corr  15   3 o,n=   0.00012   0.00012
 Src-osrc corr  17   3 o,n=   0.00004   0.00009
 Src-osrc corr  11   4 o,n=   0.00062   0.00070
 Src-osrc corr  12   4 o,n=   3.28375   3.26818
 Src-osrc corr  15   4 o,n=   0.00012   0.00849
 Src-osrc corr  16   4 o,n=   0.00890   0.09349
 Src-osrc corr  17   4 o,n=   0.00009   0.01337
 Src-osrc corr  11   5 o,n=   0.00070   0.00148
 Src-osrc corr  12   5 o,n=   3.26818   3.26750
 Src-osrc corr  15   5 o,n=   0.00849   0.00263
 Src-osrc corr  16   5 o,n=   0.09349   0.10403
 Src-osrc corr  17   5 o,n=   0.01337   0.00171
 Src-osrc corr  18   5 o,n=   0.00139   0.00407
 Src-osrc corr  11   6 o,n=   0.00148   0.00064
 Src-osrc corr  12   6 o,n=   3.26750   3.26748
 Src-osrc corr  15   6 o,n=   0.00263   0.00014
 Src-osrc corr  16   6 o,n=   0.10403   0.10434
 Src-osrc corr  17   6 o,n=   0.00171   0.00010
 Src-osrc corr  18   6 o,n=   0.00407   0.00425
 Src-osrc corr  11   7 o,n=   0.00064   0.00189
 Src-osrc corr  12   7 o,n=   3.26748   3.30489
 Src-osrc corr  15   7 o,n=   0.00014   0.03605
 Src-osrc corr  16   7 o,n=   0.10434   0.11695
 Src-osrc corr  17   7 o,n=   0.00010   0.05221
 Src-osrc corr  18   7 o,n=   0.00425   0.04031
 Src-osrc corr  11   8 o,n=   0.00189   0.00532
 Src-osrc corr  12   8 o,n=   3.30489   3.30914
 Src-osrc corr  15   8 o,n=   0.03605   0.01579
 Src-osrc corr  16   8 o,n=   0.11695   0.12717
 Src-osrc corr  17   8 o,n=   0.05221   0.00012
 Src-osrc corr  18   8 o,n=   0.04031   0.03385
 Src-osrc corr  11   9 o,n=   0.00532   0.00077
 Src-osrc corr  12   9 o,n=   3.30914   3.30920
 Src-osrc corr  15   9 o,n=   0.01579   0.00080
 Src-osrc corr  16   9 o,n=   0.12717   0.12734
 Src-osrc corr  18   9 o,n=   0.03385   0.03372
 Src-osrc corr  12  10 o,n=   3.30920   3.30222
 Src-osrc corr  16  10 o,n=   0.12734   0.17816
 Src-osrc corr  18  10 o,n=   0.03372   0.27941
 Src-osrc corr  11   1 o,n=   0.00098   0.00085
 Src-osrc corr  13   1 o,n=   0.00087   0.00075
 Src-osrc corr  12   2 o,n=   5.46072   3.28375
 Src-osrc corr  14   2 o,n=   5.45947   3.28451
 Src-osrc corr  11   3 o,n=   0.00085   0.00083
 Src-osrc corr  15   3 o,n=   0.00012   0.00011
 Src-osrc corr  17   3 o,n=   0.00003   0.00008
 Src-osrc corr  11   4 o,n=   0.00083   0.00086
 Src-osrc corr  12   4 o,n=   3.28375   3.26818
 Src-osrc corr  15   4 o,n=   0.00011   0.00850
 Src-osrc corr  16   4 o,n=   0.00890   0.09348
 Src-osrc corr  17   4 o,n=   0.00008   0.01335
 Src-osrc corr  11   5 o,n=   0.00086   0.00149
 Src-osrc corr  12   5 o,n=   3.26818   3.26749
 Src-osrc corr  15   5 o,n=   0.00850   0.00265
 Src-osrc corr  16   5 o,n=   0.09348   0.10403
 Src-osrc corr  17   5 o,n=   0.01335   0.00171
 Src-osrc corr  18   5 o,n=   0.00139   0.00407
 Src-osrc corr  11   6 o,n=   0.00149   0.00085
 Src-osrc corr  12   6 o,n=   3.26749   3.26748
 Src-osrc corr  15   6 o,n=   0.00265   0.00018
 Src-osrc corr  16   6 o,n=   0.10403   0.10434
 Src-osrc corr  17   6 o,n=   0.00171   0.00009
 Src-osrc corr  18   6 o,n=   0.00407   0.00425
 Src-osrc corr  11   7 o,n=   0.00085   0.00218
 Src-osrc corr  12   7 o,n=   3.26748   3.30489
 Src-osrc corr  15   7 o,n=   0.00018   0.03601
 Src-osrc corr  16   7 o,n=   0.10434   0.11695
 Src-osrc corr  17   7 o,n=   0.00009   0.05224
 Src-osrc corr  18   7 o,n=   0.00425   0.04032
 Src-osrc corr  11   8 o,n=   0.00218   0.00562
 Src-osrc corr  12   8 o,n=   3.30489   3.30914
 Src-osrc corr  15   8 o,n=   0.03601   0.01575
 Src-osrc corr  16   8 o,n=   0.11695   0.12716
 Src-osrc corr  17   8 o,n=   0.05224   0.00012
 Src-osrc corr  18   8 o,n=   0.04032   0.03385
 Src-osrc corr  11   9 o,n=   0.00562   0.00099
 Src-osrc corr  12   9 o,n=   3.30914   3.30920
 Src-osrc corr  15   9 o,n=   0.01575   0.00103
 Src-osrc corr  16   9 o,n=   0.12716   0.12734
 Src-osrc corr  18   9 o,n=   0.03385   0.03372
 Src-osrc corr  12  10 o,n=   3.30920   3.30222
 Src-osrc corr  16  10 o,n=   0.12734   0.17816
 Src-osrc corr  18  10 o,n=   0.03372   0.27941
 Reaction Xsec     6.0-/ 7 @ 2 =     7.946 , Out:   0.251#   0.062    0.364    0.363    0.535#   0.017#   7.157f

 Total SPIN, PARITY =     7.0 +,     18 chs,     18 cc.  Rmin & Coul turning =    1.1    7.4
 Src-osrc corr  11   1 o,n=   8.84861   6.07123
 Src-osrc corr  13   1 o,n=   8.83616   6.06707
 Src-osrc corr  11   3 o,n=   6.07123   6.02115
 Src-osrc corr  15   3 o,n=   0.02626   0.05612
 Src-osrc corr  17   3 o,n=   0.01782   0.13602
 Src-osrc corr  11   4 o,n=   6.02115   6.02114
 Src-osrc corr  12   4 o,n=   0.00000   0.00371
 Src-osrc corr  15   4 o,n=   0.05612   0.05619
 Src-osrc corr  16   4 o,n=   0.00001   0.00755
 Src-osrc corr  17   4 o,n=   0.13602   0.13588
 Src-osrc corr  11   5 o,n=   6.02114   6.02196
 Src-osrc corr  12   5 o,n=   0.00371   0.00663
 Src-osrc corr  15   5 o,n=   0.05619   0.05870
 Src-osrc corr  16   5 o,n=   0.00755   0.02326
 Src-osrc corr  17   5 o,n=   0.13588   0.13005
 Src-osrc corr  18   5 o,n=   0.00000   0.01474
 Src-osrc corr  11   6 o,n=   6.02196   6.06938
 Src-osrc corr  12   6 o,n=   0.00663   0.00000
 Src-osrc corr  15   6 o,n=   0.05870   0.17529
 Src-osrc corr  16   6 o,n=   0.02326   0.00001
 Src-osrc corr  17   6 o,n=   0.13005   0.18541
 Src-osrc corr  18   6 o,n=   0.01474   0.00000
 Src-osrc corr  11   7 o,n=   6.06938   6.06943
 Src-osrc corr  12   7 o,n=   0.00000   0.00345
 Src-osrc corr  15   7 o,n=   0.17529   0.17466
 Src-osrc corr  16   7 o,n=   0.00001   0.00499
 Src-osrc corr  17   7 o,n=   0.18541   0.18688
 Src-osrc corr  18   7 o,n=   0.00000   0.00292
 Src-osrc corr  11   8 o,n=   6.06943   6.06694
 Src-osrc corr  12   8 o,n=   0.00345   0.00825
 Src-osrc corr  15   8 o,n=   0.17466   0.16639
 Src-osrc corr  16   8 o,n=   0.00499   0.02954
 Src-osrc corr  17   8 o,n=   0.18688   0.26350
 Src-osrc corr  18   8 o,n=   0.00292   0.01947
 Src-osrc corr  11   9 o,n=   6.06694   6.14267
 Src-osrc corr  12   9 o,n=   0.00825   0.00000
 Src-osrc corr  15   9 o,n=   0.16639   2.26753
 Src-osrc corr  16   9 o,n=   0.02954   0.00001
 Src-osrc corr  18   9 o,n=   0.01947   0.00326
 Src-osrc corr  11   1 o,n=   8.84861   6.07123
 Src-osrc corr  13   1 o,n=   8.83616   6.06707
 Src-osrc corr  11   3 o,n=   6.07123   6.02115
 Src-osrc corr  15   3 o,n=   0.02626   0.05612
 Src-osrc corr  17   3 o,n=   0.01782   0.13602
 Src-osrc corr  11   4 o,n=   6.02115   6.02114
 Src-osrc corr  12   4 o,n=   0.00000   0.00371
 Src-osrc corr  15   4 o,n=   0.05612   0.05619
 Src-osrc corr  16   4 o,n=   0.00001   0.00755
 Src-osrc corr  17   4 o,n=   0.13602   0.13588
 Src-osrc corr  11   5 o,n=   6.02114   6.02196
 Src-osrc corr  12   5 o,n=   0.00371   0.00663
 Src-osrc corr  15   5 o,n=   0.05619   0.05870
 Src-osrc corr  16   5 o,n=   0.00755   0.02326
 Src-osrc corr  17   5 o,n=   0.13588   0.13005
 Src-osrc corr  18   5 o,n=   0.00000   0.01474
 Src-osrc corr  11   6 o,n=   6.02196   6.06938
 Src-osrc corr  12   6 o,n=   0.00663   0.00000
 Src-osrc corr  15   6 o,n=   0.05870   0.17529
 Src-osrc corr  16   6 o,n=   0.02326   0.00001
 Src-osrc corr  17   6 o,n=   0.13005   0.18541
 Src-osrc corr  18   6 o,n=   0.01474   0.00000
 Src-osrc corr  11   7 o,n=   6.06938   6.06943
 Src-osrc corr  12   7 o,n=   0.00000   0.00345
 Src-osrc corr  15   7 o,n=   0.17529   0.17466
 Src-osrc corr  16   7 o,n=   0.00001   0.00499
 Src-osrc corr  17   7 o,n=   0.18541   0.18688
 Src-osrc corr  18   7 o,n=   0.00000   0.00292
 Src-osrc corr  11   8 o,n=   6.06943   6.06694
 Src-osrc corr  12   8 o,n=   0.00345   0.00825
 Src-osrc corr  15   8 o,n=   0.17466   0.16639
 Src-osrc corr  16   8 o,n=   0.00499   0.02954
 Src-osrc corr  17   8 o,n=   0.18688   0.26350
 Src-osrc corr  18   8 o,n=   0.00292   0.01947
 Src-osrc corr  11   9 o,n=   6.06694   6.14267
 Src-osrc corr  12   9 o,n=   0.00825   0.00000
 Src-osrc corr  15   9 o,n=   0.16639   2.26753
 Src-osrc corr  16   9 o,n=   0.02954   0.00001
 Src-osrc corr  18   9 o,n=   0.01947   0.00326
 Src-osrc corr  11   1 o,n=   8.80105   6.02468
 Src-osrc corr  13   1 o,n=   8.78869   6.02092
 Src-osrc corr  11   3 o,n=   6.02468   5.97456
 Src-osrc corr  15   3 o,n=   0.02789   0.05736
 Src-osrc corr  17   3 o,n=   0.01814   0.13560
 Src-osrc corr  11   4 o,n=   5.97456   5.97455
 Src-osrc corr  12   4 o,n=   0.00002   0.00372
 Src-osrc corr  15   4 o,n=   0.05736   0.05743
 Src-osrc corr  16   4 o,n=   0.00004   0.00755
 Src-osrc corr  17   4 o,n=   0.13560   0.13546
 Src-osrc corr  11   5 o,n=   5.97455   5.97537
 Src-osrc corr  12   5 o,n=   0.00372   0.00660
 Src-osrc corr  15   5 o,n=   0.05743   0.05981
 Src-osrc corr  16   5 o,n=   0.00755   0.02316
 Src-osrc corr  17   5 o,n=   0.13546   0.12974
 Src-osrc corr  18   5 o,n=   0.00002   0.01467
 Src-osrc corr  11   6 o,n=   5.97537   6.02255
 Src-osrc corr  12   6 o,n=   0.00660   0.00001
 Src-osrc corr  15   6 o,n=   0.05981   0.17581
 Src-osrc corr  16   6 o,n=   0.02316   0.00002
 Src-osrc corr  17   6 o,n=   0.12974   0.18529
 Src-osrc corr  18   6 o,n=   0.01467   0.00001
 Src-osrc corr  11   7 o,n=   6.02255   6.02261
 Src-osrc corr  12   7 o,n=   0.00001   0.00345
 Src-osrc corr  15   7 o,n=   0.17581   0.17520
 Src-osrc corr  16   7 o,n=   0.00002   0.00500
 Src-osrc corr  17   7 o,n=   0.18529   0.18676
 Src-osrc corr  18   7 o,n=   0.00001   0.00291
 Src-osrc corr  11   8 o,n=   6.02261   6.02010
 Src-osrc corr  12   8 o,n=   0.00345   0.00823
 Src-osrc corr  15   8 o,n=   0.17520   0.16682
 Src-osrc corr  16   8 o,n=   0.00500   0.02948
 Src-osrc corr  17   8 o,n=   0.18676   0.26317
 Src-osrc corr  18   8 o,n=   0.00291   0.01944
 Src-osrc corr  11   9 o,n=   6.02010   6.09454
 Src-osrc corr  12   9 o,n=   0.00823   0.00001
 Src-osrc corr  15   9 o,n=   0.16682   2.26046
 Src-osrc corr  16   9 o,n=   0.02948   0.00002
 Src-osrc corr  18   9 o,n=   0.01944   0.00326
 Src-osrc corr  11   1 o,n=   8.83317   6.06519
 Src-osrc corr  13   1 o,n=   8.82019   6.06005
 Src-osrc corr  12   2 o,n=   0.00001   0.00001
 Src-osrc corr  14   2 o,n=   0.00000   0.00000
 Src-osrc corr  11   3 o,n=   6.06519   6.01581
 Src-osrc corr  15   3 o,n=   0.02474   0.05433
 Src-osrc corr  17   3 o,n=   0.01792   0.13461
 Src-osrc corr  11   4 o,n=   6.01581   6.01581
 Src-osrc corr  12   4 o,n=   0.00001   0.00368
 Src-osrc corr  15   4 o,n=   0.05433   0.05439
 Src-osrc corr  16   4 o,n=   0.00001   0.00747
 Src-osrc corr  17   4 o,n=   0.13461   0.13448
 Src-osrc corr  11   5 o,n=   6.01581   6.01663
 Src-osrc corr  12   5 o,n=   0.00368   0.00658
 Src-osrc corr  15   5 o,n=   0.05439   0.05681
 Src-osrc corr  16   5 o,n=   0.00747   0.02306
 Src-osrc corr  17   5 o,n=   0.13448   0.12929
 Src-osrc corr  18   5 o,n=   0.00001   0.01460
 Src-osrc corr  11   6 o,n=   6.01663   6.06477
 Src-osrc corr  12   6 o,n=   0.00658   0.00002
 Src-osrc corr  15   6 o,n=   0.05681   0.17625
 Src-osrc corr  16   6 o,n=   0.02306   0.00004
 Src-osrc corr  17   6 o,n=   0.12929   0.18697
 Src-osrc corr  18   6 o,n=   0.01460   0.00002
 Src-osrc corr  11   7 o,n=   6.06477   6.06482
 Src-osrc corr  12   7 o,n=   0.00002   0.00345
 Src-osrc corr  15   7 o,n=   0.17625   0.17565
 Src-osrc corr  16   7 o,n=   0.00004   0.00500
 Src-osrc corr  17   7 o,n=   0.18697   0.18840
 Src-osrc corr  18   7 o,n=   0.00002   0.00293
 Src-osrc corr  11   8 o,n=   6.06482   6.06237
 Src-osrc corr  12   8 o,n=   0.00345   0.00829
 Src-osrc corr  15   8 o,n=   0.17565   0.16771
 Src-osrc corr  16   8 o,n=   0.00500   0.02968
 Src-osrc corr  17   8 o,n=   0.18840   0.26385
 Src-osrc corr  18   8 o,n=   0.00293   0.01957
 Src-osrc corr  11   9 o,n=   6.06237   6.14063
 Src-osrc corr  12   9 o,n=   0.00829   0.00003
 Src-osrc corr  15   9 o,n=   0.16771   2.26290
 Src-osrc corr  16   9 o,n=   0.02968   0.00006
 Src-osrc corr  18   9 o,n=   0.01957   0.00325
 Src-osrc corr  12  10 o,n=   0.00003   0.00003
 Src-osrc corr  16  10 o,n=   0.00006   0.00006
 Src-osrc corr  18  10 o,n=   0.00325   0.00325
 Src-osrc corr  11   1 o,n=   8.83333   6.06537
 Src-osrc corr  13   1 o,n=   8.82036   6.06024
 Src-osrc corr  12   2 o,n=   0.00001   0.00001
 Src-osrc corr  14   2 o,n=   0.00000   0.00000
 Src-osrc corr  11   3 o,n=   6.06537   6.01600
 Src-osrc corr  15   3 o,n=   0.02473   0.05433
 Src-osrc corr  17   3 o,n=   0.01792   0.13460
 Src-osrc corr  11   4 o,n=   6.01600   6.01599
 Src-osrc corr  12   4 o,n=   0.00001   0.00368
 Src-osrc corr  15   4 o,n=   0.05433   0.05439
 Src-osrc corr  16   4 o,n=   0.00001   0.00747
 Src-osrc corr  17   4 o,n=   0.13460   0.13447
 Src-osrc corr  11   5 o,n=   6.01599   6.01681
 Src-osrc corr  12   5 o,n=   0.00368   0.00658
 Src-osrc corr  15   5 o,n=   0.05439   0.05680
 Src-osrc corr  16   5 o,n=   0.00747   0.02305
 Src-osrc corr  17   5 o,n=   0.13447   0.12928
 Src-osrc corr  18   5 o,n=   0.00001   0.01459
 Src-osrc corr  11   6 o,n=   6.01681   6.06494
 Src-osrc corr  12   6 o,n=   0.00658   0.00002
 Src-osrc corr  15   6 o,n=   0.05680   0.17623
 Src-osrc corr  16   6 o,n=   0.02305   0.00003
 Src-osrc corr  17   6 o,n=   0.12928   0.18695
 Src-osrc corr  18   6 o,n=   0.01459   0.00002
 Src-osrc corr  11   7 o,n=   6.06494   6.06499
 Src-osrc corr  12   7 o,n=   0.00002   0.00345
 Src-osrc corr  15   7 o,n=   0.17623   0.17562
 Src-osrc corr  16   7 o,n=   0.00003   0.00500
 Src-osrc corr  17   7 o,n=   0.18695   0.18839
 Src-osrc corr  18   7 o,n=   0.00002   0.00293
 Src-osrc corr  11   8 o,n=   6.06499   6.06255
 Src-osrc corr  12   8 o,n=   0.00345   0.00829
 Src-osrc corr  15   8 o,n=   0.17562   0.16768
 Src-osrc corr  16   8 o,n=   0.00500   0.02967
 Src-osrc corr  17   8 o,n=   0.18839   0.26383
 Src-osrc corr  18   8 o,n=   0.00293   0.01957
 Src-osrc corr  11   9 o,n=   6.06255   6.14077
 Src-osrc corr  12   9 o,n=   0.00829   0.00003
 Src-osrc corr  15   9 o,n=   0.16768   2.26269
 Src-osrc corr  16   9 o,n=   0.02967   0.00006
 Src-osrc corr  18   9 o,n=   0.01957   0.00325
 Src-osrc corr  12  10 o,n=   0.00003   0.00003
 Src-osrc corr  16  10 o,n=   0.00006   0.00006
 Src-osrc corr  18  10 o,n=   0.00325   0.00325
 Src-osrc corr  11   1 o,n=   8.83259   6.06427
 Src-osrc corr  13   1 o,n=   8.81958   6.05911
 Src-osrc corr  12   2 o,n=   0.00001   0.00001
 Src-osrc corr  14   2 o,n=   0.00000   0.00000
 Src-osrc corr  11   3 o,n=   6.06427   6.01488
 Src-osrc corr  15   3 o,n=   0.02476   0.05434
 Src-osrc corr  17   3 o,n=   0.01793   0.13463
 Src-osrc corr  11   4 o,n=   6.01488   6.01487
 Src-osrc corr  12   4 o,n=   0.00001   0.00368
 Src-osrc corr  15   4 o,n=   0.05434   0.05440
 Src-osrc corr  16   4 o,n=   0.00001   0.00747
 Src-osrc corr  17   4 o,n=   0.13463   0.13450
 Src-osrc corr  11   5 o,n=   6.01487   6.01569
 Src-osrc corr  12   5 o,n=   0.00368   0.00658
 Src-osrc corr  15   5 o,n=   0.05440   0.05682
 Src-osrc corr  16   5 o,n=   0.00747   0.02306
 Src-osrc corr  17   5 o,n=   0.13450   0.12931
 Src-osrc corr  18   5 o,n=   0.00001   0.01460
 Src-osrc corr  11   6 o,n=   6.01569   6.06381
 Src-osrc corr  12   6 o,n=   0.00658   0.00001
 Src-osrc corr  15   6 o,n=   0.05682   0.17627
 Src-osrc corr  16   6 o,n=   0.02306   0.00003
 Src-osrc corr  17   6 o,n=   0.12931   0.18698
 Src-osrc corr  18   6 o,n=   0.01460   0.00002
 Src-osrc corr  11   7 o,n=   6.06381   6.06386
 Src-osrc corr  12   7 o,n=   0.00001   0.00345
 Src-osrc corr  15   7 o,n=   0.17627   0.17567
 Src-osrc corr  16   7 o,n=   0.00003   0.00500
 Src-osrc corr  17   7 o,n=   0.18698   0.18842
 Src-osrc corr  18   7 o,n=   0.00002   0.00293
 Src-osrc corr  11   8 o,n=   6.06386   6.06141
 Src-osrc corr  12   8 o,n=   0.00345   0.00829
 Src-osrc corr  15   8 o,n=   0.17567   0.16772
 Src-osrc corr  16   8 o,n=   0.00500   0.02968
 Src-osrc corr  17   8 o,n=   0.18842   0.26387
 Src-osrc corr  18   8 o,n=   0.00293   0.01957
 Src-osrc corr  11   9 o,n=   6.06141   6.13964
 Src-osrc corr  12   9 o,n=   0.00829   0.00003
 Src-osrc corr  15   9 o,n=   0.16772   2.26319
 Src-osrc corr  16   9 o,n=   0.02968   0.00006
 Src-osrc corr  18   9 o,n=   0.01957   0.00325
 Src-osrc corr  12  10 o,n=   0.00003   0.00003
 Src-osrc corr  16  10 o,n=   0.00006   0.00006
 Src-osrc corr  18  10 o,n=   0.00325   0.00325
 Src-osrc corr  11   1 o,n=   8.83211   6.06416
 Src-osrc corr  13   1 o,n=   8.81911   6.05901
 Src-osrc corr  12   2 o,n=   0.00001   0.00001
 Src-osrc corr  14   2 o,n=   0.00000   0.00000
 Src-osrc corr  11   3 o,n=   6.06416   6.01479
 Src-osrc corr  15   3 o,n=   0.02473   0.05432
 Src-osrc corr  17   3 o,n=   0.01792   0.13460
 Src-osrc corr  11   4 o,n=   6.01479   6.01478
 Src-osrc corr  12   4 o,n=   0.00001   0.00368
 Src-osrc corr  15   4 o,n=   0.05432   0.05438
 Src-osrc corr  16   4 o,n=   0.00001   0.00747
 Src-osrc corr  17   4 o,n=   0.13460   0.13446
 Src-osrc corr  11   5 o,n=   6.01478   6.01560
 Src-osrc corr  12   5 o,n=   0.00368   0.00658
 Src-osrc corr  15   5 o,n=   0.05438   0.05679
 Src-osrc corr  16   5 o,n=   0.00747   0.02305
 Src-osrc corr  17   5 o,n=   0.13446   0.12928
 Src-osrc corr  18   5 o,n=   0.00001   0.01459
 Src-osrc corr  11   6 o,n=   6.01560   6.06374
 Src-osrc corr  12   6 o,n=   0.00658   0.00002
 Src-osrc corr  15   6 o,n=   0.05679   0.17627
 Src-osrc corr  16   6 o,n=   0.02305   0.00004
 Src-osrc corr  17   6 o,n=   0.12928   0.18698
 Src-osrc corr  18   6 o,n=   0.01459   0.00002
 Src-osrc corr  11   7 o,n=   6.06374   6.06379
 Src-osrc corr  12   7 o,n=   0.00002   0.00345
 Src-osrc corr  15   7 o,n=   0.17627   0.17566
 Src-osrc corr  16   7 o,n=   0.00004   0.00500
 Src-osrc corr  17   7 o,n=   0.18698   0.18842
 Src-osrc corr  18   7 o,n=   0.00002   0.00293
 Src-osrc corr  11   8 o,n=   6.06379   6.06135
 Src-osrc corr  12   8 o,n=   0.00345   0.00829
 Src-osrc corr  15   8 o,n=   0.17566   0.16772
 Src-osrc corr  16   8 o,n=   0.00500   0.02968
 Src-osrc corr  17   8 o,n=   0.18842   0.26385
 Src-osrc corr  18   8 o,n=   0.00293   0.01957
 Src-osrc corr  11   9 o,n=   6.06135   6.13960
 Src-osrc corr  12   9 o,n=   0.00829   0.00003
 Src-osrc corr  15   9 o,n=   0.16772   2.26281
 Src-osrc corr  16   9 o,n=   0.02968   0.00006
 Src-osrc corr  18   9 o,n=   0.01957   0.00325
 Src-osrc corr  12  10 o,n=   0.00003   0.00003
 Src-osrc corr  16  10 o,n=   0.00006   0.00006
 Src-osrc corr  18  10 o,n=   0.00325   0.00325
 Reaction Xsec     7.0+/ 6 @ 1 =    36.289 , Out:   0.000#   0.455    1.222    1.218    7.048#   3.457#  33.394f
 Src-osrc corr  12   2 o,n=   3.32529   1.72188
 Src-osrc corr  14   2 o,n=   3.32561   1.72243
 Src-osrc corr  11   4 o,n=   0.00000   0.00010
 Src-osrc corr  12   4 o,n=   1.72188   1.71712
 Src-osrc corr  15   4 o,n=   0.00000   0.00221
 Src-osrc corr  16   4 o,n=   0.00118   0.02620
 Src-osrc corr  17   4 o,n=   0.00000   0.00317
 Src-osrc corr  11   5 o,n=   0.00010   0.00025
 Src-osrc corr  12   5 o,n=   1.71712   1.71693
 Src-osrc corr  15   5 o,n=   0.00221   0.00057
 Src-osrc corr  16   5 o,n=   0.02620   0.02857
 Src-osrc corr  17   5 o,n=   0.00317   0.00036
 Src-osrc corr  18   5 o,n=   0.00021   0.00099
 Src-osrc corr  11   6 o,n=   0.00025   0.00000
 Src-osrc corr  12   6 o,n=   1.71693   1.71693
 Src-osrc corr  15   6 o,n=   0.00057   0.00000
 Src-osrc corr  16   6 o,n=   0.02857   0.02862
 Src-osrc corr  17   6 o,n=   0.00036   0.00000
 Src-osrc corr  18   6 o,n=   0.00099   0.00102
 Src-osrc corr  11   7 o,n=   0.00000   0.00054
 Src-osrc corr  12   7 o,n=   1.71693   1.72719
 Src-osrc corr  15   7 o,n=   0.00000   0.00896
 Src-osrc corr  16   7 o,n=   0.02862   0.03123
 Src-osrc corr  17   7 o,n=   0.00000   0.01223
 Src-osrc corr  18   7 o,n=   0.00102   0.01178
 Src-osrc corr  11   8 o,n=   0.00054   0.00107
 Src-osrc corr  12   8 o,n=   1.72719   1.72813
 Src-osrc corr  15   8 o,n=   0.00896   0.00332
 Src-osrc corr  16   8 o,n=   0.03123   0.03365
 Src-osrc corr  17   8 o,n=   0.01223   0.00000
 Src-osrc corr  18   8 o,n=   0.01178   0.01007
 Src-osrc corr  11   9 o,n=   0.00107   0.00000
 Src-osrc corr  12   9 o,n=   1.72813   1.72814
 Src-osrc corr  15   9 o,n=   0.00332   0.00000
 Src-osrc corr  16   9 o,n=   0.03365   0.03368
 Src-osrc corr  18   9 o,n=   0.01007   0.01004
 Src-osrc corr  12  10 o,n=   1.72814   1.72187
 Src-osrc corr  16  10 o,n=   0.03368   0.04708
 Src-osrc corr  18  10 o,n=   0.01004   0.07455
 Src-osrc corr  12   2 o,n=   3.32529   1.72188
 Src-osrc corr  14   2 o,n=   3.32561   1.72243
 Src-osrc corr  11   4 o,n=   0.00000   0.00010
 Src-osrc corr  12   4 o,n=   1.72188   1.71712
 Src-osrc corr  15   4 o,n=   0.00000   0.00221
 Src-osrc corr  16   4 o,n=   0.00118   0.02620
 Src-osrc corr  17   4 o,n=   0.00000   0.00317
 Src-osrc corr  11   5 o,n=   0.00010   0.00025
 Src-osrc corr  12   5 o,n=   1.71712   1.71693
 Src-osrc corr  15   5 o,n=   0.00221   0.00057
 Src-osrc corr  16   5 o,n=   0.02620   0.02857
 Src-osrc corr  17   5 o,n=   0.00317   0.00036
 Src-osrc corr  18   5 o,n=   0.00021   0.00099
 Src-osrc corr  11   6 o,n=   0.00025   0.00000
 Src-osrc corr  12   6 o,n=   1.71693   1.71693
 Src-osrc corr  15   6 o,n=   0.00057   0.00000
 Src-osrc corr  16   6 o,n=   0.02857   0.02862
 Src-osrc corr  17   6 o,n=   0.00036   0.00000
 Src-osrc corr  18   6 o,n=   0.00099   0.00102
 Src-osrc corr  11   7 o,n=   0.00000   0.00054
 Src-osrc corr  12   7 o,n=   1.71693   1.72719
 Src-osrc corr  15   7 o,n=   0.00000   0.00896
 Src-osrc corr  16   7 o,n=   0.02862   0.03123
 Src-osrc corr  17   7 o,n=   0.00000   0.01223
 Src-osrc corr  18   7 o,n=   0.00102   0.01178
 Src-osrc corr  11   8 o,n=   0.00054   0.00107
 Src-osrc corr  12   8 o,n=   1.72719   1.72813
 Src-osrc corr  15   8 o,n=   0.00896   0.00332
 Src-osrc corr  16   8 o,n=   0.03123   0.03365
 Src-osrc corr  17   8 o,n=   0.01223   0.00000
 Src-osrc corr  18   8 o,n=   0.01178   0.01007
 Src-osrc corr  11   9 o,n=   0.00107   0.00000
 Src-osrc corr  12   9 o,n=   1.72813   1.72814
 Src-osrc corr  15   9 o,n=   0.00332   0.00000
 Src-osrc corr  16   9 o,n=   0.03365   0.03368
 Src-osrc corr  18   9 o,n=   0.01007   0.01004
 Src-osrc corr  12  10 o,n=   1.72814   1.72187
 Src-osrc corr  16  10 o,n=   0.03368   0.04708
 Src-osrc corr  18  10 o,n=   0.01004   0.07455
 Src-osrc corr  12   2 o,n=   3.32208   1.71913
 Src-osrc corr  14   2 o,n=   3.32240   1.71968
 Src-osrc corr  11   3 o,n=   0.00000   0.00000
 Src-osrc corr  15   3 o,n=   0.00000   0.00000
 Src-osrc corr  17   3 o,n=   0.00000   0.00000
 Src-osrc corr  11   4 o,n=   0.00000   0.00010
 Src-osrc corr  12   4 o,n=   1.71913   1.71438
 Src-osrc corr  15   4 o,n=   0.00000   0.00220
 Src-osrc corr  16   4 o,n=   0.00118   0.02618
 Src-osrc corr  17   4 o,n=   0.00000   0.00317
 Src-osrc corr  11   5 o,n=   0.00010   0.00025
 Src-osrc corr  12   5 o,n=   1.71438   1.71419
 Src-osrc corr  15   5 o,n=   0.00220   0.00057
 Src-osrc corr  16   5 o,n=   0.02618   0.02854
 Src-osrc corr  17   5 o,n=   0.00317   0.00036
 Src-osrc corr  18   5 o,n=   0.00021   0.00098
 Src-osrc corr  11   6 o,n=   0.00025   0.00000
 Src-osrc corr  12   6 o,n=   1.71419   1.71419
 Src-osrc corr  15   6 o,n=   0.00057   0.00000
 Src-osrc corr  16   6 o,n=   0.02854   0.02860
 Src-osrc corr  17   6 o,n=   0.00036   0.00000
 Src-osrc corr  18   6 o,n=   0.00098   0.00102
 Src-osrc corr  11   7 o,n=   0.00000   0.00054
 Src-osrc corr  12   7 o,n=   1.71419   1.72445
 Src-osrc corr  15   7 o,n=   0.00000   0.00895
 Src-osrc corr  16   7 o,n=   0.02860   0.03122
 Src-osrc corr  17   7 o,n=   0.00000   0.01222
 Src-osrc corr  18   7 o,n=   0.00102   0.01178
 Src-osrc corr  11   8 o,n=   0.00054   0.00107
 Src-osrc corr  12   8 o,n=   1.72445   1.72539
 Src-osrc corr  15   8 o,n=   0.00895   0.00332
 Src-osrc corr  16   8 o,n=   0.03122   0.03363
 Src-osrc corr  17   8 o,n=   0.01222   0.00000
 Src-osrc corr  18   8 o,n=   0.01178   0.01006
 Src-osrc corr  11   9 o,n=   0.00107   0.00000
 Src-osrc corr  12   9 o,n=   1.72539   1.72540
 Src-osrc corr  15   9 o,n=   0.00332   0.00000
 Src-osrc corr  16   9 o,n=   0.03363   0.03367
 Src-osrc corr  18   9 o,n=   0.01006   0.01003
 Src-osrc corr  12  10 o,n=   1.72540   1.71914
 Src-osrc corr  16  10 o,n=   0.03367   0.04705
 Src-osrc corr  18  10 o,n=   0.01003   0.07450
 Src-osrc corr  11   1 o,n=   0.10192   0.06560
 Src-osrc corr  13   1 o,n=   0.10241   0.06648
 Src-osrc corr  12   2 o,n=   3.32485   1.72192
 Src-osrc corr  14   2 o,n=   3.32518   1.72247
 Src-osrc corr  11   3 o,n=   0.06560   0.06687
 Src-osrc corr  15   3 o,n=   0.00064   0.00168
 Src-osrc corr  17   3 o,n=   0.00049   0.00488
 Src-osrc corr  11   4 o,n=   0.06687   0.06691
 Src-osrc corr  12   4 o,n=   1.72192   1.71722
 Src-osrc corr  15   4 o,n=   0.00168   0.00294
 Src-osrc corr  16   4 o,n=   0.00117   0.02611
 Src-osrc corr  17   4 o,n=   0.00488   0.00549
 Src-osrc corr  11   5 o,n=   0.06691   0.06693
 Src-osrc corr  12   5 o,n=   1.71722   1.71700
 Src-osrc corr  15   5 o,n=   0.00294   0.00212
 Src-osrc corr  16   5 o,n=   0.02611   0.02890
 Src-osrc corr  17   5 o,n=   0.00549   0.00455
 Src-osrc corr  18   5 o,n=   0.00020   0.00130
 Src-osrc corr  11   6 o,n=   0.06693   0.06670
 Src-osrc corr  12   6 o,n=   1.71700   1.71702
 Src-osrc corr  15   6 o,n=   0.00212   0.00711
 Src-osrc corr  16   6 o,n=   0.02890   0.02862
 Src-osrc corr  17   6 o,n=   0.00455   0.00676
 Src-osrc corr  18   6 o,n=   0.00130   0.00102
 Src-osrc corr  11   7 o,n=   0.06670   0.06713
 Src-osrc corr  12   7 o,n=   1.71702   1.72735
 Src-osrc corr  15   7 o,n=   0.00711   0.00947
 Src-osrc corr  16   7 o,n=   0.02862   0.03127
 Src-osrc corr  17   7 o,n=   0.00676   0.01508
 Src-osrc corr  18   7 o,n=   0.00102   0.01183
 Src-osrc corr  11   8 o,n=   0.06713   0.06763
 Src-osrc corr  12   8 o,n=   1.72735   1.72826
 Src-osrc corr  15   8 o,n=   0.00947   0.00625
 Src-osrc corr  16   8 o,n=   0.03127   0.03367
 Src-osrc corr  17   8 o,n=   0.01508   0.00850
 Src-osrc corr  18   8 o,n=   0.01183   0.01023
 Src-osrc corr  11   9 o,n=   0.06763   0.08448
 Src-osrc corr  12   9 o,n=   1.72826   1.72830
 Src-osrc corr  15   9 o,n=   0.00625   0.07487
 Src-osrc corr  16   9 o,n=   0.03367   0.03372
 Src-osrc corr  18   9 o,n=   0.01023   0.01008
 Src-osrc corr  12  10 o,n=   1.72830   1.72207
 Src-osrc corr  16  10 o,n=   0.03372   0.04712
 Src-osrc corr  18  10 o,n=   0.01008   0.07469
 Src-osrc corr  11   1 o,n=   0.10192   0.06560
 Src-osrc corr  13   1 o,n=   0.10241   0.06648
 Src-osrc corr  12   2 o,n=   3.32486   1.72193
 Src-osrc corr  14   2 o,n=   3.32518   1.72248
 Src-osrc corr  11   3 o,n=   0.06560   0.06687
 Src-osrc corr  15   3 o,n=   0.00064   0.00168
 Src-osrc corr  17   3 o,n=   0.00049   0.00488
 Src-osrc corr  11   4 o,n=   0.06687   0.06691
 Src-osrc corr  12   4 o,n=   1.72193   1.71722
 Src-osrc corr  15   4 o,n=   0.00168   0.00294
 Src-osrc corr  16   4 o,n=   0.00117   0.02611
 Src-osrc corr  17   4 o,n=   0.00488   0.00549
 Src-osrc corr  11   5 o,n=   0.06691   0.06693
 Src-osrc corr  12   5 o,n=   1.71722   1.71700
 Src-osrc corr  15   5 o,n=   0.00294   0.00212
 Src-osrc corr  16   5 o,n=   0.02611   0.02890
 Src-osrc corr  17   5 o,n=   0.00549   0.00455
 Src-osrc corr  18   5 o,n=   0.00020   0.00130
 Src-osrc corr  11   6 o,n=   0.06693   0.06670
 Src-osrc corr  12   6 o,n=   1.71700   1.71702
 Src-osrc corr  15   6 o,n=   0.00212   0.00711
 Src-osrc corr  16   6 o,n=   0.02890   0.02862
 Src-osrc corr  17   6 o,n=   0.00455   0.00676
 Src-osrc corr  18   6 o,n=   0.00130   0.00102
 Src-osrc corr  11   7 o,n=   0.06670   0.06713
 Src-osrc corr  12   7 o,n=   1.71702   1.72736
 Src-osrc corr  15   7 o,n=   0.00711   0.00947
 Src-osrc corr  16   7 o,n=   0.02862   0.03127
 Src-osrc corr  17   7 o,n=   0.00676   0.01508
 Src-osrc corr  18   7 o,n=   0.00102   0.01183
 Src-osrc corr  11   8 o,n=   0.06713   0.06763
 Src-osrc corr  12   8 o,n=   1.72736   1.72827
 Src-osrc corr  15   8 o,n=   0.00947   0.00625
 Src-osrc corr  16   8 o,n=   0.03127   0.03367
 Src-osrc corr  17   8 o,n=   0.01508   0.00850
 Src-osrc corr  18   8 o,n=   0.01183   0.01023
 Src-osrc corr  11   9 o,n=   0.06763   0.08448
 Src-osrc corr  12   9 o,n=   1.72827   1.72830
 Src-osrc corr  15   9 o,n=   0.00625   0.07487
 Src-osrc corr  16   9 o,n=   0.03367   0.03372
 Src-osrc corr  18   9 o,n=   0.01023   0.01008
 Src-osrc corr  12  10 o,n=   1.72830   1.72207
 Src-osrc corr  16  10 o,n=   0.03372   0.04712
 Src-osrc corr  18  10 o,n=   0.01008   0.07469
 Src-osrc corr  11   1 o,n=   0.00223   0.00157
 Src-osrc corr  13   1 o,n=   0.00218   0.00156
 Src-osrc corr  12   2 o,n=   3.32484   1.72191
 Src-osrc corr  14   2 o,n=   3.32517   1.72246
 Src-osrc corr  11   3 o,n=   0.00157   0.00156
 Src-osrc corr  15   3 o,n=   0.00006   0.00005
 Src-osrc corr  17   3 o,n=   0.00001   0.00010
 Src-osrc corr  11   4 o,n=   0.00156   0.00156
 Src-osrc corr  12   4 o,n=   1.72191   1.71719
 Src-osrc corr  15   4 o,n=   0.00005   0.00224
 Src-osrc corr  16   4 o,n=   0.00117   0.02620
 Src-osrc corr  17   4 o,n=   0.00010   0.00316
 Src-osrc corr  11   5 o,n=   0.00156   0.00164
 Src-osrc corr  12   5 o,n=   1.71719   1.71700
 Src-osrc corr  15   5 o,n=   0.00224   0.00059
 Src-osrc corr  16   5 o,n=   0.02620   0.02858
 Src-osrc corr  17   5 o,n=   0.00316   0.00040
 Src-osrc corr  18   5 o,n=   0.00020   0.00099
 Src-osrc corr  11   6 o,n=   0.00164   0.00157
 Src-osrc corr  12   6 o,n=   1.71700   1.71700
 Src-osrc corr  15   6 o,n=   0.00059   0.00018
 Src-osrc corr  16   6 o,n=   0.02858   0.02862
 Src-osrc corr  17   6 o,n=   0.00040   0.00013
 Src-osrc corr  18   6 o,n=   0.00099   0.00102
 Src-osrc corr  11   7 o,n=   0.00157   0.00165
 Src-osrc corr  12   7 o,n=   1.71700   1.72733
 Src-osrc corr  15   7 o,n=   0.00018   0.00897
 Src-osrc corr  16   7 o,n=   0.02862   0.03126
 Src-osrc corr  17   7 o,n=   0.00013   0.01219
 Src-osrc corr  18   7 o,n=   0.00102   0.01182
 Src-osrc corr  11   8 o,n=   0.00165   0.00206
 Src-osrc corr  12   8 o,n=   1.72733   1.72828
 Src-osrc corr  15   8 o,n=   0.00897   0.00331
 Src-osrc corr  16   8 o,n=   0.03126   0.03368
 Src-osrc corr  17   8 o,n=   0.01219   0.00017
 Src-osrc corr  18   8 o,n=   0.01182   0.01009
 Src-osrc corr  11   9 o,n=   0.00206   0.00195
 Src-osrc corr  12   9 o,n=   1.72828   1.72828
 Src-osrc corr  15   9 o,n=   0.00331   0.00152
 Src-osrc corr  16   9 o,n=   0.03368   0.03372
 Src-osrc corr  18   9 o,n=   0.01009   0.01007
 Src-osrc corr  12  10 o,n=   1.72828   1.72205
 Src-osrc corr  16  10 o,n=   0.03372   0.04712
 Src-osrc corr  18  10 o,n=   0.01007   0.07465
 Src-osrc corr  11   1 o,n=   0.00108   0.00095
 Src-osrc corr  13   1 o,n=   0.00105   0.00096
 Src-osrc corr  12   2 o,n=   3.32484   1.72192
 Src-osrc corr  14   2 o,n=   3.32517   1.72247
 Src-osrc corr  11   3 o,n=   0.00095   0.00098
 Src-osrc corr  15   3 o,n=   0.00005   0.00007
 Src-osrc corr  17   3 o,n=   0.00001   0.00009
 Src-osrc corr  11   4 o,n=   0.00098   0.00099
 Src-osrc corr  12   4 o,n=   1.72192   1.71719
 Src-osrc corr  15   4 o,n=   0.00007   0.00220
 Src-osrc corr  16   4 o,n=   0.00117   0.02620
 Src-osrc corr  17   4 o,n=   0.00009   0.00321
 Src-osrc corr  11   5 o,n=   0.00099   0.00106
 Src-osrc corr  12   5 o,n=   1.71719   1.71701
 Src-osrc corr  15   5 o,n=   0.00220   0.00056
 Src-osrc corr  16   5 o,n=   0.02620   0.02857
 Src-osrc corr  17   5 o,n=   0.00321   0.00036
 Src-osrc corr  18   5 o,n=   0.00020   0.00099
 Src-osrc corr  11   6 o,n=   0.00106   0.00100
 Src-osrc corr  12   6 o,n=   1.71701   1.71701
 Src-osrc corr  15   6 o,n=   0.00056   0.00009
 Src-osrc corr  16   6 o,n=   0.02857   0.02862
 Src-osrc corr  17   6 o,n=   0.00036   0.00010
 Src-osrc corr  18   6 o,n=   0.00099   0.00102
 Src-osrc corr  11   7 o,n=   0.00100   0.00135
 Src-osrc corr  12   7 o,n=   1.71701   1.72733
 Src-osrc corr  15   7 o,n=   0.00009   0.00900
 Src-osrc corr  16   7 o,n=   0.02862   0.03126
 Src-osrc corr  17   7 o,n=   0.00010   0.01224
 Src-osrc corr  18   7 o,n=   0.00102   0.01182
 Src-osrc corr  11   8 o,n=   0.00135   0.00184
 Src-osrc corr  12   8 o,n=   1.72733   1.72828
 Src-osrc corr  15   8 o,n=   0.00900   0.00337
 Src-osrc corr  16   8 o,n=   0.03126   0.03369
 Src-osrc corr  17   8 o,n=   0.01224   0.00008
 Src-osrc corr  18   8 o,n=   0.01182   0.01009
 Src-osrc corr  11   9 o,n=   0.00184   0.00104
 Src-osrc corr  12   9 o,n=   1.72828   1.72829
 Src-osrc corr  15   9 o,n=   0.00337   0.00046
 Src-osrc corr  16   9 o,n=   0.03369   0.03372
 Src-osrc corr  18   9 o,n=   0.01009   0.01007
 Src-osrc corr  12  10 o,n=   1.72829   1.72206
 Src-osrc corr  16  10 o,n=   0.03372   0.04712
 Src-osrc corr  18  10 o,n=   0.01007   0.07464
 Src-osrc corr  11   1 o,n=   0.00181   0.00118
 Src-osrc corr  13   1 o,n=   0.00171   0.00117
 Src-osrc corr  12   2 o,n=   3.32484   1.72192
 Src-osrc corr  14   2 o,n=   3.32517   1.72247
 Src-osrc corr  11   3 o,n=   0.00118   0.00115
 Src-osrc corr  15   3 o,n=   0.00012   0.00012
 Src-osrc corr  17   3 o,n=   0.00001   0.00012
 Src-osrc corr  11   4 o,n=   0.00115   0.00118
 Src-osrc corr  12   4 o,n=   1.72192   1.71719
 Src-osrc corr  15   4 o,n=   0.00012   0.00219
 Src-osrc corr  16   4 o,n=   0.00118   0.02621
 Src-osrc corr  17   4 o,n=   0.00012   0.00323
 Src-osrc corr  11   5 o,n=   0.00118   0.00124
 Src-osrc corr  12   5 o,n=   1.71719   1.71701
 Src-osrc corr  15   5 o,n=   0.00219   0.00055
 Src-osrc corr  16   5 o,n=   0.02621   0.02856
 Src-osrc corr  17   5 o,n=   0.00323   0.00034
 Src-osrc corr  18   5 o,n=   0.00020   0.00098
 Src-osrc corr  11   6 o,n=   0.00124   0.00122
 Src-osrc corr  12   6 o,n=   1.71701   1.71701
 Src-osrc corr  15   6 o,n=   0.00055   0.00018
 Src-osrc corr  16   6 o,n=   0.02856   0.02862
 Src-osrc corr  17   6 o,n=   0.00034   0.00017
 Src-osrc corr  18   6 o,n=   0.00098   0.00102
 Src-osrc corr  11   7 o,n=   0.00122   0.00169
 Src-osrc corr  12   7 o,n=   1.71701   1.72733
 Src-osrc corr  15   7 o,n=   0.00018   0.00901
 Src-osrc corr  16   7 o,n=   0.02862   0.03126
 Src-osrc corr  17   7 o,n=   0.00017   0.01228
 Src-osrc corr  18   7 o,n=   0.00102   0.01182
 Src-osrc corr  11   8 o,n=   0.00169   0.00220
 Src-osrc corr  12   8 o,n=   1.72733   1.72828
 Src-osrc corr  15   8 o,n=   0.00901   0.00340
 Src-osrc corr  16   8 o,n=   0.03126   0.03369
 Src-osrc corr  17   8 o,n=   0.01228   0.00020
 Src-osrc corr  18   8 o,n=   0.01182   0.01010
 Src-osrc corr  11   9 o,n=   0.00220   0.00156
 Src-osrc corr  12   9 o,n=   1.72828   1.72829
 Src-osrc corr  15   9 o,n=   0.00340   0.00148
 Src-osrc corr  16   9 o,n=   0.03369   0.03372
 Src-osrc corr  18   9 o,n=   0.01010   0.01007
 Src-osrc corr  12  10 o,n=   1.72829   1.72206
 Src-osrc corr  16  10 o,n=   0.03372   0.04712
 Src-osrc corr  18  10 o,n=   0.01007   0.07464
 Src-osrc corr  11   1 o,n=   0.00004   0.00003
 Src-osrc corr  13   1 o,n=   0.00004   0.00003
 Src-osrc corr  12   2 o,n=   3.32484   1.72192
 Src-osrc corr  14   2 o,n=   3.32517   1.72247
 Src-osrc corr  11   3 o,n=   0.00003   0.00003
 Src-osrc corr  15   3 o,n=   0.00000   0.00000
 Src-osrc corr  17   3 o,n=   0.00000   0.00000
 Src-osrc corr  11   4 o,n=   0.00003   0.00012
 Src-osrc corr  12   4 o,n=   1.72192   1.71719
 Src-osrc corr  15   4 o,n=   0.00000   0.00221
 Src-osrc corr  16   4 o,n=   0.00117   0.02620
 Src-osrc corr  17   4 o,n=   0.00000   0.00318
 Src-osrc corr  11   5 o,n=   0.00012   0.00026
 Src-osrc corr  12   5 o,n=   1.71719   1.71701
 Src-osrc corr  15   5 o,n=   0.00221   0.00057
 Src-osrc corr  16   5 o,n=   0.02620   0.02857
 Src-osrc corr  17   5 o,n=   0.00318   0.00036
 Src-osrc corr  18   5 o,n=   0.00020   0.00099
 Src-osrc corr  11   6 o,n=   0.00026   0.00003
 Src-osrc corr  12   6 o,n=   1.71701   1.71701
 Src-osrc corr  15   6 o,n=   0.00057   0.00001
 Src-osrc corr  16   6 o,n=   0.02857   0.02862
 Src-osrc corr  17   6 o,n=   0.00036   0.00000
 Src-osrc corr  18   6 o,n=   0.00099   0.00102
 Src-osrc corr  11   7 o,n=   0.00003   0.00054
 Src-osrc corr  12   7 o,n=   1.71701   1.72733
 Src-osrc corr  15   7 o,n=   0.00001   0.00896
 Src-osrc corr  16   7 o,n=   0.02862   0.03126
 Src-osrc corr  17   7 o,n=   0.00000   0.01223
 Src-osrc corr  18   7 o,n=   0.00102   0.01182
 Src-osrc corr  11   8 o,n=   0.00054   0.00108
 Src-osrc corr  12   8 o,n=   1.72733   1.72828
 Src-osrc corr  15   8 o,n=   0.00896   0.00332
 Src-osrc corr  16   8 o,n=   0.03126   0.03368
 Src-osrc corr  17   8 o,n=   0.01223   0.00000
 Src-osrc corr  18   8 o,n=   0.01182   0.01010
 Src-osrc corr  11   9 o,n=   0.00108   0.00004
 Src-osrc corr  12   9 o,n=   1.72828   1.72829
 Src-osrc corr  15   9 o,n=   0.00332   0.00004
 Src-osrc corr  16   9 o,n=   0.03368   0.03372
 Src-osrc corr  18   9 o,n=   0.01010   0.01007
 Src-osrc corr  12  10 o,n=   1.72829   1.72206
 Src-osrc corr  16  10 o,n=   0.03372   0.04712
 Src-osrc corr  18  10 o,n=   0.01007   0.07465
 Src-osrc corr  11   1 o,n=   0.00005   0.00004
 Src-osrc corr  13   1 o,n=   0.00005   0.00004
 Src-osrc corr  12   2 o,n=   3.32484   1.72192
 Src-osrc corr  14   2 o,n=   3.32517   1.72247
 Src-osrc corr  11   3 o,n=   0.00004   0.00004
 Src-osrc corr  15   3 o,n=   0.00000   0.00000
 Src-osrc corr  17   3 o,n=   0.00000   0.00000
 Src-osrc corr  11   4 o,n=   0.00004   0.00012
 Src-osrc corr  12   4 o,n=   1.72192   1.71719
 Src-osrc corr  15   4 o,n=   0.00000   0.00221
 Src-osrc corr  16   4 o,n=   0.00117   0.02620
 Src-osrc corr  17   4 o,n=   0.00000   0.00318
 Src-osrc corr  11   5 o,n=   0.00012   0.00025
 Src-osrc corr  12   5 o,n=   1.71719   1.71701
 Src-osrc corr  15   5 o,n=   0.00221   0.00057
 Src-osrc corr  16   5 o,n=   0.02620   0.02857
 Src-osrc corr  17   5 o,n=   0.00318   0.00036
 Src-osrc corr  18   5 o,n=   0.00020   0.00099
 Src-osrc corr  11   6 o,n=   0.00025   0.00004
 Src-osrc corr  12   6 o,n=   1.71701   1.71701
 Src-osrc corr  15   6 o,n=   0.00057   0.00001
 Src-osrc corr  16   6 o,n=   0.02857   0.02862
 Src-osrc corr  17   6 o,n=   0.00036   0.00000
 Src-osrc corr  18   6 o,n=   0.00099   0.00102
 Src-osrc corr  11   7 o,n=   0.00004   0.00056
 Src-osrc corr  12   7 o,n=   1.71701   1.72733
 Src-osrc corr  15   7 o,n=   0.00001   0.00896
 Src-osrc corr  16   7 o,n=   0.02862   0.03126
 Src-osrc corr  17   7 o,n=   0.00000   0.01223
 Src-osrc corr  18   7 o,n=   0.00102   0.01182
 Src-osrc corr  11   8 o,n=   0.00056   0.00109
 Src-osrc corr  12   8 o,n=   1.72733   1.72828
 Src-osrc corr  15   8 o,n=   0.00896   0.00332
 Src-osrc corr  16   8 o,n=   0.03126   0.03368
 Src-osrc corr  17   8 o,n=   0.01223   0.00000
 Src-osrc corr  18   8 o,n=   0.01182   0.01010
 Src-osrc corr  11   9 o,n=   0.00109   0.00004
 Src-osrc corr  12   9 o,n=   1.72828   1.72829
 Src-osrc corr  15   9 o,n=   0.00332   0.00003
 Src-osrc corr  16   9 o,n=   0.03368   0.03372
 Src-osrc corr  18   9 o,n=   0.01010   0.01007
 Src-osrc corr  12  10 o,n=   1.72829   1.72206
 Src-osrc corr  16  10 o,n=   0.03372   0.04712
 Src-osrc corr  18  10 o,n=   0.01007   0.07465
 Reaction Xsec     7.0+/ 8 @ 2 =     2.364 , Out:   0.001#   3.161/   0.130    0.130    0.005#   0.000#   2.100f

 Total SPIN, PARITY =     7.0 -,     16 chs,     16 cc.  Rmin & Coul turning =    1.1    7.4
 Src-osrc corr   9   1 o,n=   3.99064   2.39692
 Src-osrc corr  10   1 o,n=   3.74442   2.25253
 Src-osrc corr  11   1 o,n=   3.99071   2.39814
 Src-osrc corr  12   1 o,n=   3.74340   2.25323
 Src-osrc corr   9   2 o,n=   2.39692   2.39121
 Src-osrc corr  10   2 o,n=   2.25253   2.23694
 Src-osrc corr  13   2 o,n=   0.00347   0.01483
 Src-osrc corr  14   2 o,n=   0.00657   0.06669
 Src-osrc corr  15   2 o,n=   0.00256   0.03773
 Src-osrc corr   9   3 o,n=   2.39121   2.39095
 Src-osrc corr  10   3 o,n=   2.23694   2.23606
 Src-osrc corr  13   3 o,n=   0.01483   0.01584
 Src-osrc corr  14   3 o,n=   0.06669   0.07768
 Src-osrc corr  15   3 o,n=   0.03773   0.03921
 Src-osrc corr  16   3 o,n=   0.00099   0.00628
 Src-osrc corr   9   4 o,n=   2.39095   2.39073
 Src-osrc corr  10   4 o,n=   2.23606   2.23745
 Src-osrc corr  13   4 o,n=   0.01584   0.01684
 Src-osrc corr  14   4 o,n=   0.07768   0.07731
 Src-osrc corr  15   4 o,n=   0.03921   0.03829
 Src-osrc corr  16   4 o,n=   0.00628   0.00637
 Src-osrc corr   9   5 o,n=   2.39073   2.40199
 Src-osrc corr  10   5 o,n=   2.23745   2.26006
 Src-osrc corr  13   5 o,n=   0.01684   0.03835
 Src-osrc corr  14   5 o,n=   0.07731   0.08065
 Src-osrc corr  15   5 o,n=   0.03829   0.04547
 Src-osrc corr  16   5 o,n=   0.00637   0.03302
 Src-osrc corr   9   6 o,n=   2.40199   2.40274
 Src-osrc corr  10   6 o,n=   2.26006   2.26388
 Src-osrc corr  13   6 o,n=   0.03835   0.04115
 Src-osrc corr  14   6 o,n=   0.08065   0.09098
 Src-osrc corr  15   6 o,n=   0.04547   0.04594
 Src-osrc corr  16   6 o,n=   0.03302   0.02227
 Src-osrc corr   9   7 o,n=   2.40274   2.40351
 Src-osrc corr  10   7 o,n=   2.26388   2.26260
 Src-osrc corr  13   7 o,n=   0.04115   0.04021
 Src-osrc corr  14   7 o,n=   0.09098   0.09392
 Src-osrc corr  15   7 o,n=   0.04594   0.07911
 Src-osrc corr  16   7 o,n=   0.02227   0.02323
 Src-osrc corr   9   8 o,n=   2.40351   2.39365
 Src-osrc corr  10   8 o,n=   2.26260   2.27227
 Src-osrc corr  13   8 o,n=   0.04021   0.42286
 Src-osrc corr  14   8 o,n=   0.09392   0.15551
 Src-osrc corr  16   8 o,n=   0.02323   0.34806
 Src-osrc corr   9   1 o,n=   3.99064   2.39692
 Src-osrc corr  10   1 o,n=   3.74442   2.25253
 Src-osrc corr  11   1 o,n=   3.99071   2.39814
 Src-osrc corr  12   1 o,n=   3.74340   2.25323
 Src-osrc corr   9   2 o,n=   2.39692   2.39121
 Src-osrc corr  10   2 o,n=   2.25253   2.23694
 Src-osrc corr  13   2 o,n=   0.00347   0.01483
 Src-osrc corr  14   2 o,n=   0.00657   0.06669
 Src-osrc corr  15   2 o,n=   0.00256   0.03773
 Src-osrc corr   9   3 o,n=   2.39121   2.39095
 Src-osrc corr  10   3 o,n=   2.23694   2.23606
 Src-osrc corr  13   3 o,n=   0.01483   0.01584
 Src-osrc corr  14   3 o,n=   0.06669   0.07768
 Src-osrc corr  15   3 o,n=   0.03773   0.03921
 Src-osrc corr  16   3 o,n=   0.00099   0.00628
 Src-osrc corr   9   4 o,n=   2.39095   2.39073
 Src-osrc corr  10   4 o,n=   2.23606   2.23745
 Src-osrc corr  13   4 o,n=   0.01584   0.01684
 Src-osrc corr  14   4 o,n=   0.07768   0.07731
 Src-osrc corr  15   4 o,n=   0.03921   0.03829
 Src-osrc corr  16   4 o,n=   0.00628   0.00637
 Src-osrc corr   9   5 o,n=   2.39073   2.40199
 Src-osrc corr  10   5 o,n=   2.23745   2.26006
 Src-osrc corr  13   5 o,n=   0.01684   0.03835
 Src-osrc corr  14   5 o,n=   0.07731   0.08065
 Src-osrc corr  15   5 o,n=   0.03829   0.04547
 Src-osrc corr  16   5 o,n=   0.00637   0.03302
 Src-osrc corr   9   6 o,n=   2.40199   2.40274
 Src-osrc corr  10   6 o,n=   2.26006   2.26388
 Src-osrc corr  13   6 o,n=   0.03835   0.04115
 Src-osrc corr  14   6 o,n=   0.08065   0.09098
 Src-osrc corr  15   6 o,n=   0.04547   0.04594
 Src-osrc corr  16   6 o,n=   0.03302   0.02227
 Src-osrc corr   9   7 o,n=   2.40274   2.40351
 Src-osrc corr  10   7 o,n=   2.26388   2.26260
 Src-osrc corr  13   7 o,n=   0.04115   0.04021
 Src-osrc corr  14   7 o,n=   0.09098   0.09392
 Src-osrc corr  15   7 o,n=   0.04594   0.07911
 Src-osrc corr  16   7 o,n=   0.02227   0.02323
 Src-osrc corr   9   8 o,n=   2.40351   2.39365
 Src-osrc corr  10   8 o,n=   2.26260   2.27227
 Src-osrc corr  13   8 o,n=   0.04021   0.42286
 Src-osrc corr  14   8 o,n=   0.09392   0.15551
 Src-osrc corr  16   8 o,n=   0.02323   0.34806
 Src-osrc corr   9   1 o,n=   3.98107   2.38839
 Src-osrc corr  10   1 o,n=   3.73548   2.24456
 Src-osrc corr  11   1 o,n=   3.98116   2.38965
 Src-osrc corr  12   1 o,n=   3.73445   2.24529
 Src-osrc corr   9   2 o,n=   2.38839   2.38269
 Src-osrc corr  10   2 o,n=   2.24456   2.22900
 Src-osrc corr  13   2 o,n=   0.00355   0.01484
 Src-osrc corr  14   2 o,n=   0.00666   0.06650
 Src-osrc corr  15   2 o,n=   0.00258   0.03761
 Src-osrc corr   9   3 o,n=   2.38269   2.38243
 Src-osrc corr  10   3 o,n=   2.22900   2.22812
 Src-osrc corr  13   3 o,n=   0.01484   0.01585
 Src-osrc corr  14   3 o,n=   0.06650   0.07745
 Src-osrc corr  15   3 o,n=   0.03761   0.03909
 Src-osrc corr  16   3 o,n=   0.00102   0.00625
 Src-osrc corr   9   4 o,n=   2.38243   2.38221
 Src-osrc corr  10   4 o,n=   2.22812   2.22951
 Src-osrc corr  13   4 o,n=   0.01585   0.01683
 Src-osrc corr  14   4 o,n=   0.07745   0.07708
 Src-osrc corr  15   4 o,n=   0.03909   0.03819
 Src-osrc corr  16   4 o,n=   0.00625   0.00634
 Src-osrc corr   9   5 o,n=   2.38221   2.39342
 Src-osrc corr  10   5 o,n=   2.22951   2.25206
 Src-osrc corr  13   5 o,n=   0.01683   0.03832
 Src-osrc corr  14   5 o,n=   0.07708   0.08051
 Src-osrc corr  15   5 o,n=   0.03819   0.04539
 Src-osrc corr  16   5 o,n=   0.00634   0.03296
 Src-osrc corr   9   6 o,n=   2.39342   2.39416
 Src-osrc corr  10   6 o,n=   2.25206   2.25587
 Src-osrc corr  13   6 o,n=   0.03832   0.04111
 Src-osrc corr  14   6 o,n=   0.08051   0.09084
 Src-osrc corr  15   6 o,n=   0.04539   0.04587
 Src-osrc corr  16   6 o,n=   0.03296   0.02222
 Src-osrc corr   9   7 o,n=   2.39416   2.39494
 Src-osrc corr  10   7 o,n=   2.25587   2.25459
 Src-osrc corr  13   7 o,n=   0.04111   0.04016
 Src-osrc corr  14   7 o,n=   0.09084   0.09376
 Src-osrc corr  15   7 o,n=   0.04587   0.07893
 Src-osrc corr  16   7 o,n=   0.02222   0.02319
 Src-osrc corr   9   8 o,n=   2.39494   2.38494
 Src-osrc corr  10   8 o,n=   2.25459   2.26409
 Src-osrc corr  13   8 o,n=   0.04016   0.42179
 Src-osrc corr  14   8 o,n=   0.09376   0.15514
 Src-osrc corr  16   8 o,n=   0.02319   0.34719
 Src-osrc corr   9   1 o,n=   3.98872   2.39652
 Src-osrc corr  10   1 o,n=   3.74261   2.25214
 Src-osrc corr  11   1 o,n=   3.98877   2.39769
 Src-osrc corr  12   1 o,n=   3.74158   2.25279
 Src-osrc corr   9   2 o,n=   2.39652   2.39091
 Src-osrc corr  10   2 o,n=   2.25214   2.23676
 Src-osrc corr  13   2 o,n=   0.00337   0.01470
 Src-osrc corr  14   2 o,n=   0.00656   0.06641
 Src-osrc corr  15   2 o,n=   0.00256   0.03757
 Src-osrc corr   9   3 o,n=   2.39091   2.39066
 Src-osrc corr  10   3 o,n=   2.23676   2.23589
 Src-osrc corr  13   3 o,n=   0.01470   0.01571
 Src-osrc corr  14   3 o,n=   0.06641   0.07735
 Src-osrc corr  15   3 o,n=   0.03757   0.03904
 Src-osrc corr  16   3 o,n=   0.00096   0.00628
 Src-osrc corr   9   4 o,n=   2.39066   2.39044
 Src-osrc corr  10   4 o,n=   2.23589   2.23730
 Src-osrc corr  13   4 o,n=   0.01571   0.01667
 Src-osrc corr  14   4 o,n=   0.07735   0.07701
 Src-osrc corr  15   4 o,n=   0.03904   0.03823
 Src-osrc corr  16   4 o,n=   0.00628   0.00636
 Src-osrc corr   9   5 o,n=   2.39044   2.40184
 Src-osrc corr  10   5 o,n=   2.23730   2.26016
 Src-osrc corr  13   5 o,n=   0.01667   0.03848
 Src-osrc corr  14   5 o,n=   0.07701   0.08073
 Src-osrc corr  15   5 o,n=   0.03823   0.04558
 Src-osrc corr  16   5 o,n=   0.00636   0.03326
 Src-osrc corr   9   6 o,n=   2.40184   2.40260
 Src-osrc corr  10   6 o,n=   2.26016   2.26402
 Src-osrc corr  13   6 o,n=   0.03848   0.04130
 Src-osrc corr  14   6 o,n=   0.08073   0.09118
 Src-osrc corr  15   6 o,n=   0.04558   0.04606
 Src-osrc corr  16   6 o,n=   0.03326   0.02241
 Src-osrc corr   9   7 o,n=   2.40260   2.40337
 Src-osrc corr  10   7 o,n=   2.26402   2.26275
 Src-osrc corr  13   7 o,n=   0.04130   0.04044
 Src-osrc corr  14   7 o,n=   0.09118   0.09408
 Src-osrc corr  15   7 o,n=   0.04606   0.07903
 Src-osrc corr  16   7 o,n=   0.02241   0.02338
 Src-osrc corr   9   8 o,n=   2.40337   2.39386
 Src-osrc corr  10   8 o,n=   2.26275   2.27250
 Src-osrc corr  13   8 o,n=   0.04044   0.42303
 Src-osrc corr  14   8 o,n=   0.09408   0.15542
 Src-osrc corr  16   8 o,n=   0.02338   0.34809
 Src-osrc corr   9   1 o,n=   3.98875   2.39655
 Src-osrc corr  10   1 o,n=   3.74264   2.25216
 Src-osrc corr  11   1 o,n=   3.98880   2.39772
 Src-osrc corr  12   1 o,n=   3.74160   2.25281
 Src-osrc corr   9   2 o,n=   2.39655   2.39094
 Src-osrc corr  10   2 o,n=   2.25216   2.23678
 Src-osrc corr  13   2 o,n=   0.00337   0.01470
 Src-osrc corr  14   2 o,n=   0.00656   0.06641
 Src-osrc corr  15   2 o,n=   0.00256   0.03757
 Src-osrc corr   9   3 o,n=   2.39094   2.39068
 Src-osrc corr  10   3 o,n=   2.23678   2.23591
 Src-osrc corr  13   3 o,n=   0.01470   0.01571
 Src-osrc corr  14   3 o,n=   0.06641   0.07735
 Src-osrc corr  15   3 o,n=   0.03757   0.03904
 Src-osrc corr  16   3 o,n=   0.00096   0.00628
 Src-osrc corr   9   4 o,n=   2.39068   2.39046
 Src-osrc corr  10   4 o,n=   2.23591   2.23732
 Src-osrc corr  13   4 o,n=   0.01571   0.01667
 Src-osrc corr  14   4 o,n=   0.07735   0.07701
 Src-osrc corr  15   4 o,n=   0.03904   0.03823
 Src-osrc corr  16   4 o,n=   0.00628   0.00636
 Src-osrc corr   9   5 o,n=   2.39046   2.40187
 Src-osrc corr  10   5 o,n=   2.23732   2.26018
 Src-osrc corr  13   5 o,n=   0.01667   0.03848
 Src-osrc corr  14   5 o,n=   0.07701   0.08073
 Src-osrc corr  15   5 o,n=   0.03823   0.04558
 Src-osrc corr  16   5 o,n=   0.00636   0.03326
 Src-osrc corr   9   6 o,n=   2.40187   2.40263
 Src-osrc corr  10   6 o,n=   2.26018   2.26404
 Src-osrc corr  13   6 o,n=   0.03848   0.04130
 Src-osrc corr  14   6 o,n=   0.08073   0.09118
 Src-osrc corr  15   6 o,n=   0.04558   0.04606
 Src-osrc corr  16   6 o,n=   0.03326   0.02241
 Src-osrc corr   9   7 o,n=   2.40263   2.40339
 Src-osrc corr  10   7 o,n=   2.26404   2.26277
 Src-osrc corr  13   7 o,n=   0.04130   0.04044
 Src-osrc corr  14   7 o,n=   0.09118   0.09408
 Src-osrc corr  15   7 o,n=   0.04606   0.07903
 Src-osrc corr  16   7 o,n=   0.02241   0.02338
 Src-osrc corr   9   8 o,n=   2.40339   2.39389
 Src-osrc corr  10   8 o,n=   2.26277   2.27252
 Src-osrc corr  13   8 o,n=   0.04044   0.42303
 Src-osrc corr  14   8 o,n=   0.09408   0.15542
 Src-osrc corr  16   8 o,n=   0.02338   0.34808
 Reaction Xsec     7.0-/ 7 @ 1 =     9.265 , Out:   0.000#   0.074    0.420    0.419    0.414#   0.060#   8.352f

 Total SPIN, PARITY =     8.0 +,     16 chs,     16 cc.  Rmin & Coul turning =    1.2    8.3
 Src-osrc corr   9   1 o,n=   2.42008   1.25258
 Src-osrc corr  10   1 o,n=   2.28385   1.18286
 Src-osrc corr  11   1 o,n=   2.42035   1.25297
 Src-osrc corr  12   1 o,n=   2.28407   1.18330
 Src-osrc corr   9   2 o,n=   1.25258   1.25106
 Src-osrc corr  10   2 o,n=   1.18286   1.17852
 Src-osrc corr  13   2 o,n=   0.00052   0.00383
 Src-osrc corr  14   2 o,n=   0.00085   0.01844
 Src-osrc corr  15   2 o,n=   0.00033   0.01043
 Src-osrc corr   9   3 o,n=   1.25106   1.25101
 Src-osrc corr  10   3 o,n=   1.17852   1.17831
 Src-osrc corr  13   3 o,n=   0.00383   0.00404
 Src-osrc corr  14   3 o,n=   0.01844   0.02096
 Src-osrc corr  15   3 o,n=   0.01043   0.01073
 Src-osrc corr  16   3 o,n=   0.00014   0.00151
 Src-osrc corr   9   4 o,n=   1.25101   1.25094
 Src-osrc corr  10   4 o,n=   1.17831   1.17861
 Src-osrc corr  13   4 o,n=   0.00404   0.00436
 Src-osrc corr  14   4 o,n=   0.02096   0.02085
 Src-osrc corr  15   4 o,n=   0.01073   0.01033
 Src-osrc corr  16   4 o,n=   0.00151   0.00154
 Src-osrc corr   9   5 o,n=   1.25094   1.25403
 Src-osrc corr  10   5 o,n=   1.17861   1.18500
 Src-osrc corr  13   5 o,n=   0.00436   0.01088
 Src-osrc corr  14   5 o,n=   0.02085   0.02143
 Src-osrc corr  15   5 o,n=   0.01033   0.01207
 Src-osrc corr  16   5 o,n=   0.00154   0.00951
 Src-osrc corr   9   6 o,n=   1.25403   1.25418
 Src-osrc corr  10   6 o,n=   1.18500   1.18588
 Src-osrc corr  13   6 o,n=   0.01088   0.01152
 Src-osrc corr  14   6 o,n=   0.02143   0.02397
 Src-osrc corr  15   6 o,n=   0.01207   0.01217
 Src-osrc corr  16   6 o,n=   0.00951   0.00672
 Src-osrc corr   9   7 o,n=   1.25418   1.25444
 Src-osrc corr  10   7 o,n=   1.18588   1.18549
 Src-osrc corr  13   7 o,n=   0.01152   0.01165
 Src-osrc corr  14   7 o,n=   0.02397   0.02449
 Src-osrc corr  15   7 o,n=   0.01217   0.01965
 Src-osrc corr  16   7 o,n=   0.00672   0.00683
 Src-osrc corr   9   8 o,n=   1.25444   1.24679
 Src-osrc corr  10   8 o,n=   1.18549   1.18147
 Src-osrc corr  13   8 o,n=   0.01165   0.11330
 Src-osrc corr  14   8 o,n=   0.02449   0.04197
 Src-osrc corr  16   8 o,n=   0.00683   0.09213
 Src-osrc corr   9   1 o,n=   2.42008   1.25258
 Src-osrc corr  10   1 o,n=   2.28385   1.18286
 Src-osrc corr  11   1 o,n=   2.42035   1.25297
 Src-osrc corr  12   1 o,n=   2.28407   1.18330
 Src-osrc corr   9   2 o,n=   1.25258   1.25106
 Src-osrc corr  10   2 o,n=   1.18286   1.17852
 Src-osrc corr  13   2 o,n=   0.00052   0.00383
 Src-osrc corr  14   2 o,n=   0.00085   0.01844
 Src-osrc corr  15   2 o,n=   0.00033   0.01043
 Src-osrc corr   9   3 o,n=   1.25106   1.25101
 Src-osrc corr  10   3 o,n=   1.17852   1.17831
 Src-osrc corr  13   3 o,n=   0.00383   0.00404
 Src-osrc corr  14   3 o,n=   0.01844   0.02096
 Src-osrc corr  15   3 o,n=   0.01043   0.01073
 Src-osrc corr  16   3 o,n=   0.00014   0.00151
 Src-osrc corr   9   4 o,n=   1.25101   1.25094
 Src-osrc corr  10   4 o,n=   1.17831   1.17861
 Src-osrc corr  13   4 o,n=   0.00404   0.00436
 Src-osrc corr  14   4 o,n=   0.02096   0.02085
 Src-osrc corr  15   4 o,n=   0.01073   0.01033
 Src-osrc corr  16   4 o,n=   0.00151   0.00154
 Src-osrc corr   9   5 o,n=   1.25094   1.25403
 Src-osrc corr  10   5 o,n=   1.17861   1.18500
 Src-osrc corr  13   5 o,n=   0.00436   0.01088
 Src-osrc corr  14   5 o,n=   0.02085   0.02143
 Src-osrc corr  15   5 o,n=   0.01033   0.01207
 Src-osrc corr  16   5 o,n=   0.00154   0.00951
 Src-osrc corr   9   6 o,n=   1.25403   1.25418
 Src-osrc corr  10   6 o,n=   1.18500   1.18588
 Src-osrc corr  13   6 o,n=   0.01088   0.01152
 Src-osrc corr  14   6 o,n=   0.02143   0.02397
 Src-osrc corr  15   6 o,n=   0.01207   0.01217
 Src-osrc corr  16   6 o,n=   0.00951   0.00672
 Src-osrc corr   9   7 o,n=   1.25418   1.25444
 Src-osrc corr  10   7 o,n=   1.18588   1.18549
 Src-osrc corr  13   7 o,n=   0.01152   0.01165
 Src-osrc corr  14   7 o,n=   0.02397   0.02449
 Src-osrc corr  15   7 o,n=   0.01217   0.01965
 Src-osrc corr  16   7 o,n=   0.00672   0.00683
 Src-osrc corr   9   8 o,n=   1.25444   1.24679
 Src-osrc corr  10   8 o,n=   1.18549   1.18147
 Src-osrc corr  13   8 o,n=   0.01165   0.11330
 Src-osrc corr  14   8 o,n=   0.02449   0.04197
 Src-osrc corr  16   8 o,n=   0.00683   0.09213
 Src-osrc corr   9   1 o,n=   2.41785   1.25067
 Src-osrc corr  10   1 o,n=   2.28175   1.18106
 Src-osrc corr  11   1 o,n=   2.41812   1.25107
 Src-osrc corr  12   1 o,n=   2.28198   1.18151
 Src-osrc corr   9   2 o,n=   1.25067   1.24915
 Src-osrc corr  10   2 o,n=   1.18106   1.17672
 Src-osrc corr  13   2 o,n=   0.00053   0.00383
 Src-osrc corr  14   2 o,n=   0.00086   0.01842
 Src-osrc corr  15   2 o,n=   0.00034   0.01042
 Src-osrc corr   9   3 o,n=   1.24915   1.24910
 Src-osrc corr  10   3 o,n=   1.17672   1.17651
 Src-osrc corr  13   3 o,n=   0.00383   0.00404
 Src-osrc corr  14   3 o,n=   0.01842   0.02094
 Src-osrc corr  15   3 o,n=   0.01042   0.01072
 Src-osrc corr  16   3 o,n=   0.00014   0.00151
 Src-osrc corr   9   4 o,n=   1.24910   1.24903
 Src-osrc corr  10   4 o,n=   1.17651   1.17681
 Src-osrc corr  13   4 o,n=   0.00404   0.00436
 Src-osrc corr  14   4 o,n=   0.02094   0.02082
 Src-osrc corr  15   4 o,n=   0.01072   0.01032
 Src-osrc corr  16   4 o,n=   0.00151   0.00154
 Src-osrc corr   9   5 o,n=   1.24903   1.25211
 Src-osrc corr  10   5 o,n=   1.17681   1.18319
 Src-osrc corr  13   5 o,n=   0.00436   0.01088
 Src-osrc corr  14   5 o,n=   0.02082   0.02141
 Src-osrc corr  15   5 o,n=   0.01032   0.01206
 Src-osrc corr  16   5 o,n=   0.00154   0.00951
 Src-osrc corr   9   6 o,n=   1.25211   1.25227
 Src-osrc corr  10   6 o,n=   1.18319   1.18408
 Src-osrc corr  13   6 o,n=   0.01088   0.01151
 Src-osrc corr  14   6 o,n=   0.02141   0.02395
 Src-osrc corr  15   6 o,n=   0.01206   0.01216
 Src-osrc corr  16   6 o,n=   0.00951   0.00672
 Src-osrc corr   9   7 o,n=   1.25227   1.25253
 Src-osrc corr  10   7 o,n=   1.18408   1.18368
 Src-osrc corr  13   7 o,n=   0.01151   0.01164
 Src-osrc corr  14   7 o,n=   0.02395   0.02447
 Src-osrc corr  15   7 o,n=   0.01216   0.01963
 Src-osrc corr  16   7 o,n=   0.00672   0.00682
 Src-osrc corr   9   8 o,n=   1.25253   1.24487
 Src-osrc corr  10   8 o,n=   1.18368   1.17966
 Src-osrc corr  13   8 o,n=   0.01164   0.11319
 Src-osrc corr  14   8 o,n=   0.02447   0.04194
 Src-osrc corr  16   8 o,n=   0.00682   0.09205
 Src-osrc corr   9   1 o,n=   2.41979   1.25263
 Src-osrc corr  10   1 o,n=   2.28358   1.18290
 Src-osrc corr  11   1 o,n=   2.42006   1.25302
 Src-osrc corr  12   1 o,n=   2.28381   1.18335
 Src-osrc corr   9   2 o,n=   1.25263   1.25113
 Src-osrc corr  10   2 o,n=   1.18290   1.17859
 Src-osrc corr  13   2 o,n=   0.00051   0.00382
 Src-osrc corr  14   2 o,n=   0.00085   0.01842
 Src-osrc corr  15   2 o,n=   0.00034   0.01042
 Src-osrc corr   9   3 o,n=   1.25113   1.25107
 Src-osrc corr  10   3 o,n=   1.17859   1.17838
 Src-osrc corr  13   3 o,n=   0.00382   0.00403
 Src-osrc corr  14   3 o,n=   0.01842   0.02095
 Src-osrc corr  15   3 o,n=   0.01042   0.01072
 Src-osrc corr  16   3 o,n=   0.00013   0.00151
 Src-osrc corr   9   4 o,n=   1.25107   1.25100
 Src-osrc corr  10   4 o,n=   1.17838   1.17868
 Src-osrc corr  13   4 o,n=   0.00403   0.00434
 Src-osrc corr  14   4 o,n=   0.02095   0.02083
 Src-osrc corr  15   4 o,n=   0.01072   0.01033
 Src-osrc corr  16   4 o,n=   0.00151   0.00154
 Src-osrc corr   9   5 o,n=   1.25100   1.25412
 Src-osrc corr  10   5 o,n=   1.17868   1.18511
 Src-osrc corr  13   5 o,n=   0.00434   0.01090
 Src-osrc corr  14   5 o,n=   0.02083   0.02145
 Src-osrc corr  15   5 o,n=   0.01033   0.01208
 Src-osrc corr  16   5 o,n=   0.00154   0.00955
 Src-osrc corr   9   6 o,n=   1.25412   1.25427
 Src-osrc corr  10   6 o,n=   1.18511   1.18600
 Src-osrc corr  13   6 o,n=   0.01090   0.01154
 Src-osrc corr  14   6 o,n=   0.02145   0.02399
 Src-osrc corr  15   6 o,n=   0.01208   0.01218
 Src-osrc corr  16   6 o,n=   0.00955   0.00674
 Src-osrc corr   9   7 o,n=   1.25427   1.25453
 Src-osrc corr  10   7 o,n=   1.18600   1.18561
 Src-osrc corr  13   7 o,n=   0.01154   0.01168
 Src-osrc corr  14   7 o,n=   0.02399   0.02451
 Src-osrc corr  15   7 o,n=   0.01218   0.01965
 Src-osrc corr  16   7 o,n=   0.00674   0.00685
 Src-osrc corr   9   8 o,n=   1.25453   1.24696
 Src-osrc corr  10   8 o,n=   1.18561   1.18164
 Src-osrc corr  13   8 o,n=   0.01168   0.11343
 Src-osrc corr  14   8 o,n=   0.02451   0.04200
 Src-osrc corr  16   8 o,n=   0.00685   0.09222
 Src-osrc corr   9   1 o,n=   2.41980   1.25264
 Src-osrc corr  10   1 o,n=   2.28358   1.18290
 Src-osrc corr  11   1 o,n=   2.42007   1.25302
 Src-osrc corr  12   1 o,n=   2.28381   1.18335
 Src-osrc corr   9   2 o,n=   1.25264   1.25113
 Src-osrc corr  10   2 o,n=   1.18290   1.17859
 Src-osrc corr  13   2 o,n=   0.00051   0.00382
 Src-osrc corr  14   2 o,n=   0.00085   0.01842
 Src-osrc corr  15   2 o,n=   0.00034   0.01042
 Src-osrc corr   9   3 o,n=   1.25113   1.25108
 Src-osrc corr  10   3 o,n=   1.17859   1.17838
 Src-osrc corr  13   3 o,n=   0.00382   0.00403
 Src-osrc corr  14   3 o,n=   0.01842   0.02095
 Src-osrc corr  15   3 o,n=   0.01042   0.01072
 Src-osrc corr  16   3 o,n=   0.00013   0.00151
 Src-osrc corr   9   4 o,n=   1.25108   1.25101
 Src-osrc corr  10   4 o,n=   1.17838   1.17869
 Src-osrc corr  13   4 o,n=   0.00403   0.00434
 Src-osrc corr  14   4 o,n=   0.02095   0.02083
 Src-osrc corr  15   4 o,n=   0.01072   0.01033
 Src-osrc corr  16   4 o,n=   0.00151   0.00154
 Src-osrc corr   9   5 o,n=   1.25101   1.25412
 Src-osrc corr  10   5 o,n=   1.17869   1.18512
 Src-osrc corr  13   5 o,n=   0.00434   0.01090
 Src-osrc corr  14   5 o,n=   0.02083   0.02145
 Src-osrc corr  15   5 o,n=   0.01033   0.01208
 Src-osrc corr  16   5 o,n=   0.00154   0.00955
 Src-osrc corr   9   6 o,n=   1.25412   1.25428
 Src-osrc corr  10   6 o,n=   1.18512   1.18600
 Src-osrc corr  13   6 o,n=   0.01090   0.01154
 Src-osrc corr  14   6 o,n=   0.02145   0.02399
 Src-osrc corr  15   6 o,n=   0.01208   0.01218
 Src-osrc corr  16   6 o,n=   0.00955   0.00674
 Src-osrc corr   9   7 o,n=   1.25428   1.25454
 Src-osrc corr  10   7 o,n=   1.18600   1.18561
 Src-osrc corr  13   7 o,n=   0.01154   0.01168
 Src-osrc corr  14   7 o,n=   0.02399   0.02451
 Src-osrc corr  15   7 o,n=   0.01218   0.01965
 Src-osrc corr  16   7 o,n=   0.00674   0.00685
 Src-osrc corr   9   8 o,n=   1.25454   1.24696
 Src-osrc corr  10   8 o,n=   1.18561   1.18164
 Src-osrc corr  13   8 o,n=   0.01168   0.11343
 Src-osrc corr  14   8 o,n=   0.02451   0.04200
 Src-osrc corr  16   8 o,n=   0.00685   0.09222
 Reaction Xsec     8.0+/ 8 @ 1 =     2.691 , Out:   0.000#   3.671/   0.148    0.148    0.004#   0.001#   2.392f

 Total SPIN, PARITY =     8.0 -,     18 chs,     18 cc.  Rmin & Coul turning =    1.2    8.3
 Src-osrc corr  11   1 o,n=   5.48194   3.29450
 Src-osrc corr  13   1 o,n=   5.48208   3.29658
 Src-osrc corr  11   3 o,n=   3.29450   3.28368
 Src-osrc corr  15   3 o,n=   0.00471   0.01310
 Src-osrc corr  17   3 o,n=   0.00386   0.03615
 Src-osrc corr  11   4 o,n=   3.28368   3.28368
 Src-osrc corr  12   4 o,n=   0.00000   0.00075
 Src-osrc corr  15   4 o,n=   0.01310   0.01311
 Src-osrc corr  16   4 o,n=   0.00000   0.00152
 Src-osrc corr  17   4 o,n=   0.03615   0.03613
 Src-osrc corr  11   5 o,n=   3.28368   3.28380
 Src-osrc corr  12   5 o,n=   0.00075   0.00149
 Src-osrc corr  15   5 o,n=   0.01311   0.01368
 Src-osrc corr  16   5 o,n=   0.00152   0.00533
 Src-osrc corr  17   5 o,n=   0.03613   0.03514
 Src-osrc corr  18   5 o,n=   0.00000   0.00348
 Src-osrc corr  11   6 o,n=   3.28380   3.29722
 Src-osrc corr  12   6 o,n=   0.00149   0.00000
 Src-osrc corr  15   6 o,n=   0.01368   0.05373
 Src-osrc corr  16   6 o,n=   0.00533   0.00000
 Src-osrc corr  17   6 o,n=   0.03514   0.05409
 Src-osrc corr  18   6 o,n=   0.00348   0.00000
 Src-osrc corr  11   7 o,n=   3.29722   3.29724
 Src-osrc corr  12   7 o,n=   0.00000   0.00081
 Src-osrc corr  15   7 o,n=   0.05373   0.05364
 Src-osrc corr  16   7 o,n=   0.00000   0.00118
 Src-osrc corr  17   7 o,n=   0.05409   0.05429
 Src-osrc corr  18   7 o,n=   0.00000   0.00069
 Src-osrc corr  11   8 o,n=   3.29724   3.29683
 Src-osrc corr  12   8 o,n=   0.00081   0.00212
 Src-osrc corr  15   8 o,n=   0.05364   0.05181
 Src-osrc corr  16   8 o,n=   0.00118   0.00776
 Src-osrc corr  17   8 o,n=   0.05429   0.06892
 Src-osrc corr  18   8 o,n=   0.00069   0.00525
 Src-osrc corr  11   9 o,n=   3.29683   3.28150
 Src-osrc corr  12   9 o,n=   0.00212   0.00000
 Src-osrc corr  15   9 o,n=   0.05181   0.61753
 Src-osrc corr  16   9 o,n=   0.00776   0.00000
 Src-osrc corr  18   9 o,n=   0.00525   0.00088
 Src-osrc corr  11   1 o,n=   5.48194   3.29450
 Src-osrc corr  13   1 o,n=   5.48208   3.29658
 Src-osrc corr  11   3 o,n=   3.29450   3.28368
 Src-osrc corr  15   3 o,n=   0.00471   0.01310
 Src-osrc corr  17   3 o,n=   0.00386   0.03615
 Src-osrc corr  11   4 o,n=   3.28368   3.28368
 Src-osrc corr  12   4 o,n=   0.00000   0.00075
 Src-osrc corr  15   4 o,n=   0.01310   0.01311
 Src-osrc corr  16   4 o,n=   0.00000   0.00152
 Src-osrc corr  17   4 o,n=   0.03615   0.03613
 Src-osrc corr  11   5 o,n=   3.28368   3.28380
 Src-osrc corr  12   5 o,n=   0.00075   0.00149
 Src-osrc corr  15   5 o,n=   0.01311   0.01368
 Src-osrc corr  16   5 o,n=   0.00152   0.00533
 Src-osrc corr  17   5 o,n=   0.03613   0.03514
 Src-osrc corr  18   5 o,n=   0.00000   0.00348
 Src-osrc corr  11   6 o,n=   3.28380   3.29722
 Src-osrc corr  12   6 o,n=   0.00149   0.00000
 Src-osrc corr  15   6 o,n=   0.01368   0.05373
 Src-osrc corr  16   6 o,n=   0.00533   0.00000
 Src-osrc corr  17   6 o,n=   0.03514   0.05409
 Src-osrc corr  18   6 o,n=   0.00348   0.00000
 Src-osrc corr  11   7 o,n=   3.29722   3.29724
 Src-osrc corr  12   7 o,n=   0.00000   0.00081
 Src-osrc corr  15   7 o,n=   0.05373   0.05364
 Src-osrc corr  16   7 o,n=   0.00000   0.00118
 Src-osrc corr  17   7 o,n=   0.05409   0.05429
 Src-osrc corr  18   7 o,n=   0.00000   0.00069
 Src-osrc corr  11   8 o,n=   3.29724   3.29683
 Src-osrc corr  12   8 o,n=   0.00081   0.00212
 Src-osrc corr  15   8 o,n=   0.05364   0.05181
 Src-osrc corr  16   8 o,n=   0.00118   0.00776
 Src-osrc corr  17   8 o,n=   0.05429   0.06892
 Src-osrc corr  18   8 o,n=   0.00069   0.00525
 Src-osrc corr  11   9 o,n=   3.29683   3.28150
 Src-osrc corr  12   9 o,n=   0.00212   0.00000
 Src-osrc corr  15   9 o,n=   0.05181   0.61753
 Src-osrc corr  16   9 o,n=   0.00776   0.00000
 Src-osrc corr  18   9 o,n=   0.00525   0.00088
 Src-osrc corr  11   1 o,n=   5.46834   3.28232
 Src-osrc corr  13   1 o,n=   5.46852   3.28447
 Src-osrc corr  11   3 o,n=   3.28232   3.27151
 Src-osrc corr  15   3 o,n=   0.00483   0.01317
 Src-osrc corr  17   3 o,n=   0.00389   0.03608
 Src-osrc corr  11   4 o,n=   3.27151   3.27151
 Src-osrc corr  12   4 o,n=   0.00000   0.00075
 Src-osrc corr  15   4 o,n=   0.01317   0.01318
 Src-osrc corr  16   4 o,n=   0.00000   0.00152
 Src-osrc corr  17   4 o,n=   0.03608   0.03607
 Src-osrc corr  11   5 o,n=   3.27151   3.27163
 Src-osrc corr  12   5 o,n=   0.00075   0.00148
 Src-osrc corr  15   5 o,n=   0.01318   0.01375
 Src-osrc corr  16   5 o,n=   0.00152   0.00532
 Src-osrc corr  17   5 o,n=   0.03607   0.03508
 Src-osrc corr  18   5 o,n=   0.00000   0.00347
 Src-osrc corr  11   6 o,n=   3.27163   3.28502
 Src-osrc corr  12   6 o,n=   0.00148   0.00000
 Src-osrc corr  15   6 o,n=   0.01375   0.05372
 Src-osrc corr  16   6 o,n=   0.00532   0.00000
 Src-osrc corr  17   6 o,n=   0.03508   0.05404
 Src-osrc corr  18   6 o,n=   0.00347   0.00000
 Src-osrc corr  11   7 o,n=   3.28502   3.28503
 Src-osrc corr  12   7 o,n=   0.00000   0.00081
 Src-osrc corr  15   7 o,n=   0.05372   0.05363
 Src-osrc corr  16   7 o,n=   0.00000   0.00118
 Src-osrc corr  17   7 o,n=   0.05404   0.05425
 Src-osrc corr  18   7 o,n=   0.00000   0.00068
 Src-osrc corr  11   8 o,n=   3.28503   3.28463
 Src-osrc corr  12   8 o,n=   0.00081   0.00212
 Src-osrc corr  15   8 o,n=   0.05363   0.05179
 Src-osrc corr  16   8 o,n=   0.00118   0.00775
 Src-osrc corr  17   8 o,n=   0.05425   0.06885
 Src-osrc corr  18   8 o,n=   0.00068   0.00524
 Src-osrc corr  11   9 o,n=   3.28463   3.26929
 Src-osrc corr  12   9 o,n=   0.00212   0.00000
 Src-osrc corr  15   9 o,n=   0.05179   0.61651
 Src-osrc corr  16   9 o,n=   0.00775   0.00000
 Src-osrc corr  18   9 o,n=   0.00524   0.00088
 Src-osrc corr  11   1 o,n=   5.47911   3.29384
 Src-osrc corr  13   1 o,n=   5.47921   3.29584
 Src-osrc corr  12   2 o,n=   0.00000   0.00000
 Src-osrc corr  14   2 o,n=   0.00000   0.00000
 Src-osrc corr  11   3 o,n=   3.29384   3.28308
 Src-osrc corr  15   3 o,n=   0.00454   0.01294
 Src-osrc corr  17   3 o,n=   0.00387   0.03605
 Src-osrc corr  11   4 o,n=   3.28308   3.28308
 Src-osrc corr  12   4 o,n=   0.00000   0.00075
 Src-osrc corr  15   4 o,n=   0.01294   0.01295
 Src-osrc corr  16   4 o,n=   0.00000   0.00152
 Src-osrc corr  17   4 o,n=   0.03605   0.03603
 Src-osrc corr  11   5 o,n=   3.28308   3.28320
 Src-osrc corr  12   5 o,n=   0.00075   0.00149
 Src-osrc corr  15   5 o,n=   0.01295   0.01351
 Src-osrc corr  16   5 o,n=   0.00152   0.00532
 Src-osrc corr  17   5 o,n=   0.03603   0.03510
 Src-osrc corr  18   5 o,n=   0.00000   0.00347
 Src-osrc corr  11   6 o,n=   3.28320   3.29679
 Src-osrc corr  12   6 o,n=   0.00149   0.00000
 Src-osrc corr  15   6 o,n=   0.01351   0.05386
 Src-osrc corr  16   6 o,n=   0.00532   0.00000
 Src-osrc corr  17   6 o,n=   0.03510   0.05427
 Src-osrc corr  18   6 o,n=   0.00347   0.00000
 Src-osrc corr  11   7 o,n=   3.29679   3.29680
 Src-osrc corr  12   7 o,n=   0.00000   0.00081
 Src-osrc corr  15   7 o,n=   0.05386   0.05377
 Src-osrc corr  16   7 o,n=   0.00000   0.00118
 Src-osrc corr  17   7 o,n=   0.05427   0.05447
 Src-osrc corr  18   7 o,n=   0.00000   0.00069
 Src-osrc corr  11   8 o,n=   3.29680   3.29640
 Src-osrc corr  12   8 o,n=   0.00081   0.00213
 Src-osrc corr  15   8 o,n=   0.05377   0.05198
 Src-osrc corr  16   8 o,n=   0.00118   0.00778
 Src-osrc corr  17   8 o,n=   0.05447   0.06900
 Src-osrc corr  18   8 o,n=   0.00069   0.00526
 Src-osrc corr  11   9 o,n=   3.29640   3.28168
 Src-osrc corr  12   9 o,n=   0.00213   0.00000
 Src-osrc corr  15   9 o,n=   0.05198   0.61806
 Src-osrc corr  16   9 o,n=   0.00778   0.00001
 Src-osrc corr  18   9 o,n=   0.00526   0.00088
 Src-osrc corr  12  10 o,n=   0.00000   0.00000
 Src-osrc corr  16  10 o,n=   0.00001   0.00001
 Src-osrc corr  18  10 o,n=   0.00088   0.00088
 Src-osrc corr  11   1 o,n=   5.47916   3.29388
 Src-osrc corr  13   1 o,n=   5.47926   3.29588
 Src-osrc corr  12   2 o,n=   0.00000   0.00000
 Src-osrc corr  14   2 o,n=   0.00000   0.00000
 Src-osrc corr  11   3 o,n=   3.29388   3.28312
 Src-osrc corr  15   3 o,n=   0.00454   0.01294
 Src-osrc corr  17   3 o,n=   0.00387   0.03605
 Src-osrc corr  11   4 o,n=   3.28312   3.28312
 Src-osrc corr  12   4 o,n=   0.00000   0.00075
 Src-osrc corr  15   4 o,n=   0.01294   0.01295
 Src-osrc corr  16   4 o,n=   0.00000   0.00152
 Src-osrc corr  17   4 o,n=   0.03605   0.03603
 Src-osrc corr  11   5 o,n=   3.28312   3.28324
 Src-osrc corr  12   5 o,n=   0.00075   0.00149
 Src-osrc corr  15   5 o,n=   0.01295   0.01351
 Src-osrc corr  16   5 o,n=   0.00152   0.00532
 Src-osrc corr  17   5 o,n=   0.03603   0.03510
 Src-osrc corr  18   5 o,n=   0.00000   0.00347
 Src-osrc corr  11   6 o,n=   3.28324   3.29683
 Src-osrc corr  12   6 o,n=   0.00149   0.00000
 Src-osrc corr  15   6 o,n=   0.01351   0.05386
 Src-osrc corr  16   6 o,n=   0.00532   0.00000
 Src-osrc corr  17   6 o,n=   0.03510   0.05427
 Src-osrc corr  18   6 o,n=   0.00347   0.00000
 Src-osrc corr  11   7 o,n=   3.29683   3.29685
 Src-osrc corr  12   7 o,n=   0.00000   0.00081
 Src-osrc corr  15   7 o,n=   0.05386   0.05377
 Src-osrc corr  16   7 o,n=   0.00000   0.00118
 Src-osrc corr  17   7 o,n=   0.05427   0.05447
 Src-osrc corr  18   7 o,n=   0.00000   0.00069
 Src-osrc corr  11   8 o,n=   3.29685   3.29644
 Src-osrc corr  12   8 o,n=   0.00081   0.00213
 Src-osrc corr  15   8 o,n=   0.05377   0.05198
 Src-osrc corr  16   8 o,n=   0.00118   0.00778
 Src-osrc corr  17   8 o,n=   0.05447   0.06900
 Src-osrc corr  18   8 o,n=   0.00069   0.00526
 Src-osrc corr  11   9 o,n=   3.29644   3.28172
 Src-osrc corr  12   9 o,n=   0.00213   0.00000
 Src-osrc corr  15   9 o,n=   0.05198   0.61806
 Src-osrc corr  16   9 o,n=   0.00778   0.00001
 Src-osrc corr  18   9 o,n=   0.00526   0.00088
 Src-osrc corr  12  10 o,n=   0.00000   0.00000
 Src-osrc corr  16  10 o,n=   0.00001   0.00001
 Src-osrc corr  18  10 o,n=   0.00088   0.00088
 Src-osrc corr  11   1 o,n=   5.47903   3.29374
 Src-osrc corr  13   1 o,n=   5.47914   3.29573
 Src-osrc corr  12   2 o,n=   0.00000   0.00000
 Src-osrc corr  14   2 o,n=   0.00000   0.00000
 Src-osrc corr  11   3 o,n=   3.29374   3.28298
 Src-osrc corr  15   3 o,n=   0.00454   0.01294
 Src-osrc corr  17   3 o,n=   0.00387   0.03605
 Src-osrc corr  11   4 o,n=   3.28298   3.28297
 Src-osrc corr  12   4 o,n=   0.00000   0.00075
 Src-osrc corr  15   4 o,n=   0.01294   0.01295
 Src-osrc corr  16   4 o,n=   0.00000   0.00152
 Src-osrc corr  17   4 o,n=   0.03605   0.03603
 Src-osrc corr  11   5 o,n=   3.28297   3.28309
 Src-osrc corr  12   5 o,n=   0.00075   0.00149
 Src-osrc corr  15   5 o,n=   0.01295   0.01351
 Src-osrc corr  16   5 o,n=   0.00152   0.00532
 Src-osrc corr  17   5 o,n=   0.03603   0.03510
 Src-osrc corr  18   5 o,n=   0.00000   0.00347
 Src-osrc corr  11   6 o,n=   3.28309   3.29668
 Src-osrc corr  12   6 o,n=   0.00149   0.00000
 Src-osrc corr  15   6 o,n=   0.01351   0.05386
 Src-osrc corr  16   6 o,n=   0.00532   0.00000
 Src-osrc corr  17   6 o,n=   0.03510   0.05427
 Src-osrc corr  18   6 o,n=   0.00347   0.00000
 Src-osrc corr  11   7 o,n=   3.29668   3.29670
 Src-osrc corr  12   7 o,n=   0.00000   0.00081
 Src-osrc corr  15   7 o,n=   0.05386   0.05377
 Src-osrc corr  16   7 o,n=   0.00000   0.00118
 Src-osrc corr  17   7 o,n=   0.05427   0.05447
 Src-osrc corr  18   7 o,n=   0.00000   0.00069
 Src-osrc corr  11   8 o,n=   3.29670   3.29630
 Src-osrc corr  12   8 o,n=   0.00081   0.00213
 Src-osrc corr  15   8 o,n=   0.05377   0.05198
 Src-osrc corr  16   8 o,n=   0.00118   0.00778
 Src-osrc corr  17   8 o,n=   0.05447   0.06900
 Src-osrc corr  18   8 o,n=   0.00069   0.00526
 Src-osrc corr  11   9 o,n=   3.29630   3.28157
 Src-osrc corr  12   9 o,n=   0.00213   0.00000
 Src-osrc corr  15   9 o,n=   0.05198   0.61806
 Src-osrc corr  16   9 o,n=   0.00778   0.00001
 Src-osrc corr  18   9 o,n=   0.00526   0.00088
 Src-osrc corr  12  10 o,n=   0.00000   0.00000
 Src-osrc corr  16  10 o,n=   0.00001   0.00001
 Src-osrc corr  18  10 o,n=   0.00088   0.00088
 Reaction Xsec     8.0-/ 7 @ 1 =    10.673 , Out:   0.000#   0.086    0.476    0.475    0.177#   0.127#   9.636f
 Src-osrc corr  12   2 o,n=   2.07551   0.88820
 Src-osrc corr  14   2 o,n=   2.07556   0.88825
 Src-osrc corr  11   4 o,n=   0.00000   0.00003
 Src-osrc corr  12   4 o,n=   0.88820   0.88673
 Src-osrc corr  15   4 o,n=   0.00000   0.00056
 Src-osrc corr  16   4 o,n=   0.00013   0.00707
 Src-osrc corr  17   4 o,n=   0.00000   0.00076
 Src-osrc corr  11   5 o,n=   0.00003   0.00005
 Src-osrc corr  12   5 o,n=   0.88673   0.88668
 Src-osrc corr  15   5 o,n=   0.00056   0.00012
 Src-osrc corr  16   5 o,n=   0.00707   0.00761
 Src-osrc corr  17   5 o,n=   0.00076   0.00008
 Src-osrc corr  18   5 o,n=   0.00004   0.00025
 Src-osrc corr  11   6 o,n=   0.00005   0.00000
 Src-osrc corr  12   6 o,n=   0.88668   0.88668
 Src-osrc corr  15   6 o,n=   0.00012   0.00000
 Src-osrc corr  16   6 o,n=   0.00761   0.00762
 Src-osrc corr  17   6 o,n=   0.00008   0.00000
 Src-osrc corr  18   6 o,n=   0.00025   0.00025
 Src-osrc corr  11   7 o,n=   0.00000   0.00016
 Src-osrc corr  12   7 o,n=   0.88668   0.88952
 Src-osrc corr  15   7 o,n=   0.00000   0.00217
 Src-osrc corr  16   7 o,n=   0.00762   0.00812
 Src-osrc corr  17   7 o,n=   0.00000   0.00284
 Src-osrc corr  18   7 o,n=   0.00025   0.00336
 Src-osrc corr  11   8 o,n=   0.00016   0.00023
 Src-osrc corr  12   8 o,n=   0.88952   0.88974
 Src-osrc corr  15   8 o,n=   0.00217   0.00070
 Src-osrc corr  16   8 o,n=   0.00812   0.00870
 Src-osrc corr  17   8 o,n=   0.00284   0.00000
 Src-osrc corr  18   8 o,n=   0.00336   0.00291
 Src-osrc corr  11   9 o,n=   0.00023   0.00000
 Src-osrc corr  12   9 o,n=   0.88974   0.88974
 Src-osrc corr  15   9 o,n=   0.00070   0.00000
 Src-osrc corr  16   9 o,n=   0.00870   0.00871
 Src-osrc corr  18   9 o,n=   0.00291   0.00290
 Src-osrc corr  12  10 o,n=   0.88974   0.88712
 Src-osrc corr  16  10 o,n=   0.00871   0.01199
 Src-osrc corr  18  10 o,n=   0.00290   0.01941
 Src-osrc corr  12   2 o,n=   2.07551   0.88820
 Src-osrc corr  14   2 o,n=   2.07556   0.88825
 Src-osrc corr  11   4 o,n=   0.00000   0.00003
 Src-osrc corr  12   4 o,n=   0.88820   0.88673
 Src-osrc corr  15   4 o,n=   0.00000   0.00056
 Src-osrc corr  16   4 o,n=   0.00013   0.00707
 Src-osrc corr  17   4 o,n=   0.00000   0.00076
 Src-osrc corr  11   5 o,n=   0.00003   0.00005
 Src-osrc corr  12   5 o,n=   0.88673   0.88668
 Src-osrc corr  15   5 o,n=   0.00056   0.00012
 Src-osrc corr  16   5 o,n=   0.00707   0.00761
 Src-osrc corr  17   5 o,n=   0.00076   0.00008
 Src-osrc corr  18   5 o,n=   0.00004   0.00025
 Src-osrc corr  11   6 o,n=   0.00005   0.00000
 Src-osrc corr  12   6 o,n=   0.88668   0.88668
 Src-osrc corr  15   6 o,n=   0.00012   0.00000
 Src-osrc corr  16   6 o,n=   0.00761   0.00762
 Src-osrc corr  17   6 o,n=   0.00008   0.00000
 Src-osrc corr  18   6 o,n=   0.00025   0.00025
 Src-osrc corr  11   7 o,n=   0.00000   0.00016
 Src-osrc corr  12   7 o,n=   0.88668   0.88952
 Src-osrc corr  15   7 o,n=   0.00000   0.00217
 Src-osrc corr  16   7 o,n=   0.00762   0.00812
 Src-osrc corr  17   7 o,n=   0.00000   0.00284
 Src-osrc corr  18   7 o,n=   0.00025   0.00336
 Src-osrc corr  11   8 o,n=   0.00016   0.00023
 Src-osrc corr  12   8 o,n=   0.88952   0.88974
 Src-osrc corr  15   8 o,n=   0.00217   0.00070
 Src-osrc corr  16   8 o,n=   0.00812   0.00870
 Src-osrc corr  17   8 o,n=   0.00284   0.00000
 Src-osrc corr  18   8 o,n=   0.00336   0.00291
 Src-osrc corr  11   9 o,n=   0.00023   0.00000
 Src-osrc corr  12   9 o,n=   0.88974   0.88974
 Src-osrc corr  15   9 o,n=   0.00070   0.00000
 Src-osrc corr  16   9 o,n=   0.00870   0.00871
 Src-osrc corr  18   9 o,n=   0.00291   0.00290
 Src-osrc corr  12  10 o,n=   0.88974   0.88712
 Src-osrc corr  16  10 o,n=   0.00871   0.01199
 Src-osrc corr  18  10 o,n=   0.00290   0.01941
 Src-osrc corr  12   2 o,n=   2.07475   0.88759
 Src-osrc corr  14   2 o,n=   2.07480   0.88764
 Src-osrc corr  11   4 o,n=   0.00000   0.00003
 Src-osrc corr  12   4 o,n=   0.88759   0.88612
 Src-osrc corr  15   4 o,n=   0.00000   0.00056
 Src-osrc corr  16   4 o,n=   0.00013   0.00707
 Src-osrc corr  17   4 o,n=   0.00000   0.00076
 Src-osrc corr  11   5 o,n=   0.00003   0.00005
 Src-osrc corr  12   5 o,n=   0.88612   0.88607
 Src-osrc corr  15   5 o,n=   0.00056   0.00012
 Src-osrc corr  16   5 o,n=   0.00707   0.00760
 Src-osrc corr  17   5 o,n=   0.00076   0.00008
 Src-osrc corr  18   5 o,n=   0.00004   0.00025
 Src-osrc corr  11   6 o,n=   0.00005   0.00000
 Src-osrc corr  12   6 o,n=   0.88607   0.88607
 Src-osrc corr  15   6 o,n=   0.00012   0.00000
 Src-osrc corr  16   6 o,n=   0.00760   0.00761
 Src-osrc corr  17   6 o,n=   0.00008   0.00000
 Src-osrc corr  18   6 o,n=   0.00025   0.00025
 Src-osrc corr  11   7 o,n=   0.00000   0.00016
 Src-osrc corr  12   7 o,n=   0.88607   0.88891
 Src-osrc corr  15   7 o,n=   0.00000   0.00217
 Src-osrc corr  16   7 o,n=   0.00761   0.00812
 Src-osrc corr  17   7 o,n=   0.00000   0.00284
 Src-osrc corr  18   7 o,n=   0.00025   0.00335
 Src-osrc corr  11   8 o,n=   0.00016   0.00023
 Src-osrc corr  12   8 o,n=   0.88891   0.88913
 Src-osrc corr  15   8 o,n=   0.00217   0.00070
 Src-osrc corr  16   8 o,n=   0.00812   0.00870
 Src-osrc corr  17   8 o,n=   0.00284   0.00000
 Src-osrc corr  18   8 o,n=   0.00335   0.00291
 Src-osrc corr  11   9 o,n=   0.00023   0.00000
 Src-osrc corr  12   9 o,n=   0.88913   0.88913
 Src-osrc corr  15   9 o,n=   0.00070   0.00000
 Src-osrc corr  16   9 o,n=   0.00870   0.00871
 Src-osrc corr  18   9 o,n=   0.00291   0.00290
 Src-osrc corr  12  10 o,n=   0.88913   0.88651
 Src-osrc corr  16  10 o,n=   0.00871   0.01199
 Src-osrc corr  18  10 o,n=   0.00290   0.01941
 Src-osrc corr  11   1 o,n=   0.01416   0.00826
 Src-osrc corr  13   1 o,n=   0.01422   0.00830
 Src-osrc corr  12   2 o,n=   2.07533   0.88815
 Src-osrc corr  14   2 o,n=   2.07538   0.88820
 Src-osrc corr  11   3 o,n=   0.00826   0.00845
 Src-osrc corr  15   3 o,n=   0.00004   0.00018
 Src-osrc corr  17   3 o,n=   0.00004   0.00055
 Src-osrc corr  11   4 o,n=   0.00845   0.00846
 Src-osrc corr  12   4 o,n=   0.88815   0.88669
 Src-osrc corr  15   4 o,n=   0.00018   0.00061
 Src-osrc corr  16   4 o,n=   0.00013   0.00706
 Src-osrc corr  17   4 o,n=   0.00055   0.00085
 Src-osrc corr  11   5 o,n=   0.00846   0.00847
 Src-osrc corr  12   5 o,n=   0.88669   0.88664
 Src-osrc corr  15   5 o,n=   0.00061   0.00026
 Src-osrc corr  16   5 o,n=   0.00706   0.00766
 Src-osrc corr  17   5 o,n=   0.00085   0.00053
 Src-osrc corr  18   5 o,n=   0.00004   0.00028
 Src-osrc corr  11   6 o,n=   0.00847   0.00843
 Src-osrc corr  12   6 o,n=   0.88664   0.88664
 Src-osrc corr  15   6 o,n=   0.00026   0.00080
 Src-osrc corr  16   6 o,n=   0.00766   0.00762
 Src-osrc corr  17   6 o,n=   0.00053   0.00072
 Src-osrc corr  18   6 o,n=   0.00028   0.00025
 Src-osrc corr  11   7 o,n=   0.00843   0.00857
 Src-osrc corr  12   7 o,n=   0.88664   0.88949
 Src-osrc corr  15   7 o,n=   0.00080   0.00214
 Src-osrc corr  16   7 o,n=   0.00762   0.00813
 Src-osrc corr  17   7 o,n=   0.00072   0.00296
 Src-osrc corr  18   7 o,n=   0.00025   0.00336
 Src-osrc corr  11   8 o,n=   0.00857   0.00864
 Src-osrc corr  12   8 o,n=   0.88949   0.88971
 Src-osrc corr  15   8 o,n=   0.00214   0.00081
 Src-osrc corr  16   8 o,n=   0.00813   0.00871
 Src-osrc corr  17   8 o,n=   0.00296   0.00085
 Src-osrc corr  18   8 o,n=   0.00336   0.00290
 Src-osrc corr  11   9 o,n=   0.00864   0.01046
 Src-osrc corr  12   9 o,n=   0.88971   0.88971
 Src-osrc corr  15   9 o,n=   0.00081   0.00805
 Src-osrc corr  16   9 o,n=   0.00871   0.00871
 Src-osrc corr  18   9 o,n=   0.00290   0.00291
 Src-osrc corr  12  10 o,n=   0.88971   0.88710
 Src-osrc corr  16  10 o,n=   0.00871   0.01200
 Src-osrc corr  18  10 o,n=   0.00291   0.01944
 Src-osrc corr  11   1 o,n=   0.01416   0.00826
 Src-osrc corr  13   1 o,n=   0.01422   0.00830
 Src-osrc corr  12   2 o,n=   2.07533   0.88816
 Src-osrc corr  14   2 o,n=   2.07538   0.88820
 Src-osrc corr  11   3 o,n=   0.00826   0.00845
 Src-osrc corr  15   3 o,n=   0.00004   0.00018
 Src-osrc corr  17   3 o,n=   0.00004   0.00055
 Src-osrc corr  11   4 o,n=   0.00845   0.00846
 Src-osrc corr  12   4 o,n=   0.88816   0.88669
 Src-osrc corr  15   4 o,n=   0.00018   0.00061
 Src-osrc corr  16   4 o,n=   0.00013   0.00706
 Src-osrc corr  17   4 o,n=   0.00055   0.00085
 Src-osrc corr  11   5 o,n=   0.00846   0.00847
 Src-osrc corr  12   5 o,n=   0.88669   0.88664
 Src-osrc corr  15   5 o,n=   0.00061   0.00026
 Src-osrc corr  16   5 o,n=   0.00706   0.00766
 Src-osrc corr  17   5 o,n=   0.00085   0.00053
 Src-osrc corr  18   5 o,n=   0.00004   0.00028
 Src-osrc corr  11   6 o,n=   0.00847   0.00843
 Src-osrc corr  12   6 o,n=   0.88664   0.88664
 Src-osrc corr  15   6 o,n=   0.00026   0.00080
 Src-osrc corr  16   6 o,n=   0.00766   0.00762
 Src-osrc corr  17   6 o,n=   0.00053   0.00072
 Src-osrc corr  18   6 o,n=   0.00028   0.00025
 Src-osrc corr  11   7 o,n=   0.00843   0.00857
 Src-osrc corr  12   7 o,n=   0.88664   0.88949
 Src-osrc corr  15   7 o,n=   0.00080   0.00214
 Src-osrc corr  16   7 o,n=   0.00762   0.00813
 Src-osrc corr  17   7 o,n=   0.00072   0.00296
 Src-osrc corr  18   7 o,n=   0.00025   0.00336
 Src-osrc corr  11   8 o,n=   0.00857   0.00864
 Src-osrc corr  12   8 o,n=   0.88949   0.88971
 Src-osrc corr  15   8 o,n=   0.00214   0.00081
 Src-osrc corr  16   8 o,n=   0.00813   0.00871
 Src-osrc corr  17   8 o,n=   0.00296   0.00085
 Src-osrc corr  18   8 o,n=   0.00336   0.00290
 Src-osrc corr  11   9 o,n=   0.00864   0.01046
 Src-osrc corr  12   9 o,n=   0.88971   0.88971
 Src-osrc corr  15   9 o,n=   0.00081   0.00805
 Src-osrc corr  16   9 o,n=   0.00871   0.00871
 Src-osrc corr  18   9 o,n=   0.00290   0.00291
 Src-osrc corr  12  10 o,n=   0.88971   0.88710
 Src-osrc corr  16  10 o,n=   0.00871   0.01200
 Src-osrc corr  18  10 o,n=   0.00291   0.01944
 Src-osrc corr  11   1 o,n=   0.00014   0.00009
 Src-osrc corr  13   1 o,n=   0.00013   0.00009
 Src-osrc corr  12   2 o,n=   2.07533   0.88815
 Src-osrc corr  14   2 o,n=   2.07538   0.88820
 Src-osrc corr  11   3 o,n=   0.00009   0.00009
 Src-osrc corr  15   3 o,n=   0.00000   0.00000
 Src-osrc corr  17   3 o,n=   0.00000   0.00000
 Src-osrc corr  11   4 o,n=   0.00009   0.00010
 Src-osrc corr  12   4 o,n=   0.88815   0.88669
 Src-osrc corr  15   4 o,n=   0.00000   0.00056
 Src-osrc corr  16   4 o,n=   0.00013   0.00708
 Src-osrc corr  17   4 o,n=   0.00000   0.00076
 Src-osrc corr  11   5 o,n=   0.00010   0.00012
 Src-osrc corr  12   5 o,n=   0.88669   0.88664
 Src-osrc corr  15   5 o,n=   0.00056   0.00012
 Src-osrc corr  16   5 o,n=   0.00708   0.00761
 Src-osrc corr  17   5 o,n=   0.00076   0.00008
 Src-osrc corr  18   5 o,n=   0.00004   0.00025
 Src-osrc corr  11   6 o,n=   0.00012   0.00009
 Src-osrc corr  12   6 o,n=   0.88664   0.88664
 Src-osrc corr  15   6 o,n=   0.00012   0.00001
 Src-osrc corr  16   6 o,n=   0.00761   0.00762
 Src-osrc corr  17   6 o,n=   0.00008   0.00001
 Src-osrc corr  18   6 o,n=   0.00025   0.00025
 Src-osrc corr  11   7 o,n=   0.00009   0.00019
 Src-osrc corr  12   7 o,n=   0.88664   0.88949
 Src-osrc corr  15   7 o,n=   0.00001   0.00218
 Src-osrc corr  16   7 o,n=   0.00762   0.00813
 Src-osrc corr  17   7 o,n=   0.00001   0.00284
 Src-osrc corr  18   7 o,n=   0.00025   0.00336
 Src-osrc corr  11   8 o,n=   0.00019   0.00026
 Src-osrc corr  12   8 o,n=   0.88949   0.88971
 Src-osrc corr  15   8 o,n=   0.00218   0.00070
 Src-osrc corr  16   8 o,n=   0.00813   0.00871
 Src-osrc corr  17   8 o,n=   0.00284   0.00001
 Src-osrc corr  18   8 o,n=   0.00336   0.00291
 Src-osrc corr  11   9 o,n=   0.00026   0.00011
 Src-osrc corr  12   9 o,n=   0.88971   0.88971
 Src-osrc corr  15   9 o,n=   0.00070   0.00007
 Src-osrc corr  16   9 o,n=   0.00871   0.00871
 Src-osrc corr  18   9 o,n=   0.00291   0.00291
 Src-osrc corr  12  10 o,n=   0.88971   0.88710
 Src-osrc corr  16  10 o,n=   0.00871   0.01200
 Src-osrc corr  18  10 o,n=   0.00291   0.01943
 Reaction Xsec     8.0-/ 9 @ 2 =     0.699 , Out:   0.676/   0.386/   0.048    0.048    0.000#   0.000#   0.602f

 Total SPIN, PARITY =     9.0 +,     18 chs,     18 cc.  Rmin & Coul turning =    1.4    9.2
 Src-osrc corr  11   1 o,n=   3.33017   1.72388
 Src-osrc corr  13   1 o,n=   3.33055   1.72452
 Src-osrc corr  11   3 o,n=   1.72388   1.72112
 Src-osrc corr  15   3 o,n=   0.00071   0.00322
 Src-osrc corr  17   3 o,n=   0.00049   0.00965
 Src-osrc corr  11   4 o,n=   1.72112   1.72112
 Src-osrc corr  12   4 o,n=   0.00000   0.00016
 Src-osrc corr  15   4 o,n=   0.00322   0.00323
 Src-osrc corr  16   4 o,n=   0.00000   0.00032
 Src-osrc corr  17   4 o,n=   0.00965   0.00964
 Src-osrc corr  11   5 o,n=   1.72112   1.72113
 Src-osrc corr  12   5 o,n=   0.00016   0.00034
 Src-osrc corr  15   5 o,n=   0.00323   0.00342
 Src-osrc corr  16   5 o,n=   0.00032   0.00125
 Src-osrc corr  17   5 o,n=   0.00964   0.00931
 Src-osrc corr  18   5 o,n=   0.00000   0.00084
 Src-osrc corr  11   6 o,n=   1.72113   1.72486
 Src-osrc corr  12   6 o,n=   0.00034   0.00000
 Src-osrc corr  15   6 o,n=   0.00342   0.01530
 Src-osrc corr  16   6 o,n=   0.00125   0.00000
 Src-osrc corr  17   6 o,n=   0.00931   0.01440
 Src-osrc corr  18   6 o,n=   0.00084   0.00000
 Src-osrc corr  11   7 o,n=   1.72486   1.72487
 Src-osrc corr  12   7 o,n=   0.00000   0.00019
 Src-osrc corr  15   7 o,n=   0.01530   0.01528
 Src-osrc corr  16   7 o,n=   0.00000   0.00027
 Src-osrc corr  17   7 o,n=   0.01440   0.01442
 Src-osrc corr  18   7 o,n=   0.00000   0.00016
 Src-osrc corr  11   8 o,n=   1.72487   1.72482
 Src-osrc corr  12   8 o,n=   0.00019   0.00053
 Src-osrc corr  15   8 o,n=   0.01528   0.01506
 Src-osrc corr  16   8 o,n=   0.00027   0.00197
 Src-osrc corr  17   8 o,n=   0.01442   0.01717
 Src-osrc corr  18   8 o,n=   0.00016   0.00136
 Src-osrc corr  11   9 o,n=   1.72482   1.71370
 Src-osrc corr  12   9 o,n=   0.00053   0.00000
 Src-osrc corr  15   9 o,n=   0.01506   0.16341
 Src-osrc corr  16   9 o,n=   0.00197   0.00000
 Src-osrc corr  18   9 o,n=   0.00136   0.00023
 Src-osrc corr  11   1 o,n=   3.33017   1.72388
 Src-osrc corr  13   1 o,n=   3.33055   1.72452
 Src-osrc corr  11   3 o,n=   1.72388   1.72112
 Src-osrc corr  15   3 o,n=   0.00071   0.00322
 Src-osrc corr  17   3 o,n=   0.00049   0.00965
 Src-osrc corr  11   4 o,n=   1.72112   1.72112
 Src-osrc corr  12   4 o,n=   0.00000   0.00016
 Src-osrc corr  15   4 o,n=   0.00322   0.00323
 Src-osrc corr  16   4 o,n=   0.00000   0.00032
 Src-osrc corr  17   4 o,n=   0.00965   0.00964
 Src-osrc corr  11   5 o,n=   1.72112   1.72113
 Src-osrc corr  12   5 o,n=   0.00016   0.00034
 Src-osrc corr  15   5 o,n=   0.00323   0.00342
 Src-osrc corr  16   5 o,n=   0.00032   0.00125
 Src-osrc corr  17   5 o,n=   0.00964   0.00931
 Src-osrc corr  18   5 o,n=   0.00000   0.00084
 Src-osrc corr  11   6 o,n=   1.72113   1.72486
 Src-osrc corr  12   6 o,n=   0.00034   0.00000
 Src-osrc corr  15   6 o,n=   0.00342   0.01530
 Src-osrc corr  16   6 o,n=   0.00125   0.00000
 Src-osrc corr  17   6 o,n=   0.00931   0.01440
 Src-osrc corr  18   6 o,n=   0.00084   0.00000
 Src-osrc corr  11   7 o,n=   1.72486   1.72487
 Src-osrc corr  12   7 o,n=   0.00000   0.00019
 Src-osrc corr  15   7 o,n=   0.01530   0.01528
 Src-osrc corr  16   7 o,n=   0.00000   0.00027
 Src-osrc corr  17   7 o,n=   0.01440   0.01442
 Src-osrc corr  18   7 o,n=   0.00000   0.00016
 Src-osrc corr  11   8 o,n=   1.72487   1.72482
 Src-osrc corr  12   8 o,n=   0.00019   0.00053
 Src-osrc corr  15   8 o,n=   0.01528   0.01506
 Src-osrc corr  16   8 o,n=   0.00027   0.00197
 Src-osrc corr  17   8 o,n=   0.01442   0.01717
 Src-osrc corr  18   8 o,n=   0.00016   0.00136
 Src-osrc corr  11   9 o,n=   1.72482   1.71370
 Src-osrc corr  12   9 o,n=   0.00053   0.00000
 Src-osrc corr  15   9 o,n=   0.01506   0.16341
 Src-osrc corr  16   9 o,n=   0.00197   0.00000
 Src-osrc corr  18   9 o,n=   0.00136   0.00023
 Src-osrc corr  11   1 o,n=   3.32707   1.72121
 Src-osrc corr  13   1 o,n=   3.32746   1.72186
 Src-osrc corr  11   3 o,n=   1.72121   1.71845
 Src-osrc corr  15   3 o,n=   0.00072   0.00323
 Src-osrc corr  17   3 o,n=   0.00049   0.00964
 Src-osrc corr  11   4 o,n=   1.71845   1.71845
 Src-osrc corr  12   4 o,n=   0.00000   0.00016
 Src-osrc corr  15   4 o,n=   0.00323   0.00323
 Src-osrc corr  16   4 o,n=   0.00000   0.00032
 Src-osrc corr  17   4 o,n=   0.00964   0.00964
 Src-osrc corr  11   5 o,n=   1.71845   1.71846
 Src-osrc corr  12   5 o,n=   0.00016   0.00034
 Src-osrc corr  15   5 o,n=   0.00323   0.00342
 Src-osrc corr  16   5 o,n=   0.00032   0.00125
 Src-osrc corr  17   5 o,n=   0.00964   0.00931
 Src-osrc corr  18   5 o,n=   0.00000   0.00084
 Src-osrc corr  11   6 o,n=   1.71846   1.72219
 Src-osrc corr  12   6 o,n=   0.00034   0.00000
 Src-osrc corr  15   6 o,n=   0.00342   0.01529
 Src-osrc corr  16   6 o,n=   0.00125   0.00000
 Src-osrc corr  17   6 o,n=   0.00931   0.01439
 Src-osrc corr  18   6 o,n=   0.00084   0.00000
 Src-osrc corr  11   7 o,n=   1.72219   1.72220
 Src-osrc corr  12   7 o,n=   0.00000   0.00019
 Src-osrc corr  15   7 o,n=   0.01529   0.01528
 Src-osrc corr  16   7 o,n=   0.00000   0.00027
 Src-osrc corr  17   7 o,n=   0.01439   0.01442
 Src-osrc corr  18   7 o,n=   0.00000   0.00016
 Src-osrc corr  11   8 o,n=   1.72220   1.72215
 Src-osrc corr  12   8 o,n=   0.00019   0.00053
 Src-osrc corr  15   8 o,n=   0.01528   0.01506
 Src-osrc corr  16   8 o,n=   0.00027   0.00197
 Src-osrc corr  17   8 o,n=   0.01442   0.01716
 Src-osrc corr  18   8 o,n=   0.00016   0.00136
 Src-osrc corr  11   9 o,n=   1.72215   1.71105
 Src-osrc corr  12   9 o,n=   0.00053   0.00000
 Src-osrc corr  15   9 o,n=   0.01506   0.16331
 Src-osrc corr  16   9 o,n=   0.00197   0.00000
 Src-osrc corr  18   9 o,n=   0.00136   0.00023
 Src-osrc corr  11   1 o,n=   3.32976   1.72394
 Src-osrc corr  13   1 o,n=   3.33014   1.72457
 Src-osrc corr  11   3 o,n=   1.72394   1.72118
 Src-osrc corr  15   3 o,n=   0.00069   0.00321
 Src-osrc corr  17   3 o,n=   0.00049   0.00965
 Src-osrc corr  11   4 o,n=   1.72118   1.72118
 Src-osrc corr  12   4 o,n=   0.00000   0.00016
 Src-osrc corr  15   4 o,n=   0.00321   0.00322
 Src-osrc corr  16   4 o,n=   0.00000   0.00032
 Src-osrc corr  17   4 o,n=   0.00965   0.00964
 Src-osrc corr  11   5 o,n=   1.72118   1.72119
 Src-osrc corr  12   5 o,n=   0.00016   0.00034
 Src-osrc corr  15   5 o,n=   0.00322   0.00340
 Src-osrc corr  16   5 o,n=   0.00032   0.00125
 Src-osrc corr  17   5 o,n=   0.00964   0.00932
 Src-osrc corr  18   5 o,n=   0.00000   0.00084
 Src-osrc corr  11   6 o,n=   1.72119   1.72496
 Src-osrc corr  12   6 o,n=   0.00034   0.00000
 Src-osrc corr  15   6 o,n=   0.00340   0.01532
 Src-osrc corr  16   6 o,n=   0.00125   0.00000
 Src-osrc corr  17   6 o,n=   0.00932   0.01442
 Src-osrc corr  18   6 o,n=   0.00084   0.00000
 Src-osrc corr  11   7 o,n=   1.72496   1.72496
 Src-osrc corr  12   7 o,n=   0.00000   0.00019
 Src-osrc corr  15   7 o,n=   0.01532   0.01531
 Src-osrc corr  16   7 o,n=   0.00000   0.00027
 Src-osrc corr  17   7 o,n=   0.01442   0.01445
 Src-osrc corr  18   7 o,n=   0.00000   0.00016
 Src-osrc corr  11   8 o,n=   1.72496   1.72492
 Src-osrc corr  12   8 o,n=   0.00019   0.00053
 Src-osrc corr  15   8 o,n=   0.01531   0.01509
 Src-osrc corr  16   8 o,n=   0.00027   0.00197
 Src-osrc corr  17   8 o,n=   0.01445   0.01718
 Src-osrc corr  18   8 o,n=   0.00016   0.00136
 Src-osrc corr  11   9 o,n=   1.72492   1.71392
 Src-osrc corr  12   9 o,n=   0.00053   0.00000
 Src-osrc corr  15   9 o,n=   0.01509   0.16364
 Src-osrc corr  16   9 o,n=   0.00197   0.00000
 Src-osrc corr  18   9 o,n=   0.00136   0.00023
 Src-osrc corr  12  10 o,n=   0.00000   0.00000
 Src-osrc corr  16  10 o,n=   0.00000   0.00000
 Src-osrc corr  18  10 o,n=   0.00023   0.00023
 Src-osrc corr  11   1 o,n=   3.32976   1.72395
 Src-osrc corr  13   1 o,n=   3.33015   1.72458
 Src-osrc corr  11   3 o,n=   1.72395   1.72118
 Src-osrc corr  15   3 o,n=   0.00069   0.00321
 Src-osrc corr  17   3 o,n=   0.00049   0.00965
 Src-osrc corr  11   4 o,n=   1.72118   1.72118
 Src-osrc corr  12   4 o,n=   0.00000   0.00016
 Src-osrc corr  15   4 o,n=   0.00321   0.00322
 Src-osrc corr  16   4 o,n=   0.00000   0.00032
 Src-osrc corr  17   4 o,n=   0.00965   0.00964
 Src-osrc corr  11   5 o,n=   1.72118   1.72120
 Src-osrc corr  12   5 o,n=   0.00016   0.00034
 Src-osrc corr  15   5 o,n=   0.00322   0.00340
 Src-osrc corr  16   5 o,n=   0.00032   0.00125
 Src-osrc corr  17   5 o,n=   0.00964   0.00932
 Src-osrc corr  18   5 o,n=   0.00000   0.00084
 Src-osrc corr  11   6 o,n=   1.72120   1.72497
 Src-osrc corr  12   6 o,n=   0.00034   0.00000
 Src-osrc corr  15   6 o,n=   0.00340   0.01532
 Src-osrc corr  16   6 o,n=   0.00125   0.00000
 Src-osrc corr  17   6 o,n=   0.00932   0.01442
 Src-osrc corr  18   6 o,n=   0.00084   0.00000
 Src-osrc corr  11   7 o,n=   1.72497   1.72497
 Src-osrc corr  12   7 o,n=   0.00000   0.00019
 Src-osrc corr  15   7 o,n=   0.01532   0.01531
 Src-osrc corr  16   7 o,n=   0.00000   0.00027
 Src-osrc corr  17   7 o,n=   0.01442   0.01445
 Src-osrc corr  18   7 o,n=   0.00000   0.00016
 Src-osrc corr  11   8 o,n=   1.72497   1.72492
 Src-osrc corr  12   8 o,n=   0.00019   0.00053
 Src-osrc corr  15   8 o,n=   0.01531   0.01509
 Src-osrc corr  16   8 o,n=   0.00027   0.00197
 Src-osrc corr  17   8 o,n=   0.01445   0.01718
 Src-osrc corr  18   8 o,n=   0.00016   0.00136
 Src-osrc corr  11   9 o,n=   1.72492   1.71392
 Src-osrc corr  12   9 o,n=   0.00053   0.00000
 Src-osrc corr  15   9 o,n=   0.01509   0.16364
 Src-osrc corr  16   9 o,n=   0.00197   0.00000
 Src-osrc corr  18   9 o,n=   0.00136   0.00023
 Src-osrc corr  12  10 o,n=   0.00000   0.00000
 Src-osrc corr  16  10 o,n=   0.00000   0.00000
 Src-osrc corr  18  10 o,n=   0.00023   0.00023
 Reaction Xsec     9.0+/ 8 @ 1 =     3.028 , Out:   0.000#   4.213/   0.165    0.165    0.002#   0.001#   2.693f
 Src-osrc corr  12   2 o,n=   1.30006   0.39142
 Src-osrc corr  14   2 o,n=   1.30005   0.39139
 Src-osrc corr  11   4 o,n=   0.00000   0.00001
 Src-osrc corr  12   4 o,n=   0.39142   0.39102
 Src-osrc corr  15   4 o,n=   0.00000   0.00014
 Src-osrc corr  16   4 o,n=   0.00005   0.00182
 Src-osrc corr  17   4 o,n=   0.00000   0.00018
 Src-osrc corr  11   5 o,n=   0.00001   0.00001
 Src-osrc corr  12   5 o,n=   0.39102   0.39101
 Src-osrc corr  15   5 o,n=   0.00014   0.00003
 Src-osrc corr  16   5 o,n=   0.00182   0.00194
 Src-osrc corr  17   5 o,n=   0.00018   0.00002
 Src-osrc corr  18   5 o,n=   0.00001   0.00006
 Src-osrc corr  11   6 o,n=   0.00001   0.00000
 Src-osrc corr  12   6 o,n=   0.39101   0.39101
 Src-osrc corr  15   6 o,n=   0.00003   0.00000
 Src-osrc corr  16   6 o,n=   0.00194   0.00194
 Src-osrc corr  17   6 o,n=   0.00002   0.00000
 Src-osrc corr  18   6 o,n=   0.00006   0.00006
 Src-osrc corr  11   7 o,n=   0.00000   0.00004
 Src-osrc corr  12   7 o,n=   0.39101   0.39182
 Src-osrc corr  15   7 o,n=   0.00000   0.00052
 Src-osrc corr  16   7 o,n=   0.00194   0.00212
 Src-osrc corr  17   7 o,n=   0.00000   0.00065
 Src-osrc corr  18   7 o,n=   0.00006   0.00094
 Src-osrc corr  11   8 o,n=   0.00004   0.00005
 Src-osrc corr  12   8 o,n=   0.39182   0.39188
 Src-osrc corr  15   8 o,n=   0.00052   0.00015
 Src-osrc corr  16   8 o,n=   0.00212   0.00226
 Src-osrc corr  17   8 o,n=   0.00065   0.00000
 Src-osrc corr  18   8 o,n=   0.00094   0.00082
 Src-osrc corr  11   9 o,n=   0.00005   0.00000
 Src-osrc corr  12   9 o,n=   0.39188   0.39188
 Src-osrc corr  15   9 o,n=   0.00015   0.00000
 Src-osrc corr  16   9 o,n=   0.00226   0.00226
 Src-osrc corr  18   9 o,n=   0.00082   0.00082
 Src-osrc corr  12  10 o,n=   0.39188   0.39106
 Src-osrc corr  16  10 o,n=   0.00226   0.00298
 Src-osrc corr  18  10 o,n=   0.00082   0.00496
 Src-osrc corr  12   2 o,n=   1.30006   0.39142
 Src-osrc corr  14   2 o,n=   1.30005   0.39139
 Src-osrc corr  11   4 o,n=   0.00000   0.00001
 Src-osrc corr  12   4 o,n=   0.39142   0.39102
 Src-osrc corr  15   4 o,n=   0.00000   0.00014
 Src-osrc corr  16   4 o,n=   0.00005   0.00182
 Src-osrc corr  17   4 o,n=   0.00000   0.00018
 Src-osrc corr  11   5 o,n=   0.00001   0.00001
 Src-osrc corr  12   5 o,n=   0.39102   0.39101
 Src-osrc corr  15   5 o,n=   0.00014   0.00003
 Src-osrc corr  16   5 o,n=   0.00182   0.00194
 Src-osrc corr  17   5 o,n=   0.00018   0.00002
 Src-osrc corr  18   5 o,n=   0.00001   0.00006
 Src-osrc corr  11   6 o,n=   0.00001   0.00000
 Src-osrc corr  12   6 o,n=   0.39101   0.39101
 Src-osrc corr  15   6 o,n=   0.00003   0.00000
 Src-osrc corr  16   6 o,n=   0.00194   0.00194
 Src-osrc corr  17   6 o,n=   0.00002   0.00000
 Src-osrc corr  18   6 o,n=   0.00006   0.00006
 Src-osrc corr  11   7 o,n=   0.00000   0.00004
 Src-osrc corr  12   7 o,n=   0.39101   0.39182
 Src-osrc corr  15   7 o,n=   0.00000   0.00052
 Src-osrc corr  16   7 o,n=   0.00194   0.00212
 Src-osrc corr  17   7 o,n=   0.00000   0.00065
 Src-osrc corr  18   7 o,n=   0.00006   0.00094
 Src-osrc corr  11   8 o,n=   0.00004   0.00005
 Src-osrc corr  12   8 o,n=   0.39182   0.39188
 Src-osrc corr  15   8 o,n=   0.00052   0.00015
 Src-osrc corr  16   8 o,n=   0.00212   0.00226
 Src-osrc corr  17   8 o,n=   0.00065   0.00000
 Src-osrc corr  18   8 o,n=   0.00094   0.00082
 Src-osrc corr  11   9 o,n=   0.00005   0.00000
 Src-osrc corr  12   9 o,n=   0.39188   0.39188
 Src-osrc corr  15   9 o,n=   0.00015   0.00000
 Src-osrc corr  16   9 o,n=   0.00226   0.00226
 Src-osrc corr  18   9 o,n=   0.00082   0.00082
 Src-osrc corr  12  10 o,n=   0.39188   0.39106
 Src-osrc corr  16  10 o,n=   0.00226   0.00298
 Src-osrc corr  18  10 o,n=   0.00082   0.00496
 Src-osrc corr  12   2 o,n=   1.29989   0.39129
 Src-osrc corr  14   2 o,n=   1.29988   0.39127
 Src-osrc corr  11   4 o,n=   0.00000   0.00001
 Src-osrc corr  12   4 o,n=   0.39129   0.39089
 Src-osrc corr  15   4 o,n=   0.00000   0.00014
 Src-osrc corr  16   4 o,n=   0.00005   0.00182
 Src-osrc corr  17   4 o,n=   0.00000   0.00018
 Src-osrc corr  11   5 o,n=   0.00001   0.00001
 Src-osrc corr  12   5 o,n=   0.39089   0.39088
 Src-osrc corr  15   5 o,n=   0.00014   0.00003
 Src-osrc corr  16   5 o,n=   0.00182   0.00194
 Src-osrc corr  17   5 o,n=   0.00018   0.00002
 Src-osrc corr  18   5 o,n=   0.00001   0.00006
 Src-osrc corr  11   6 o,n=   0.00001   0.00000
 Src-osrc corr  12   6 o,n=   0.39088   0.39088
 Src-osrc corr  15   6 o,n=   0.00003   0.00000
 Src-osrc corr  16   6 o,n=   0.00194   0.00194
 Src-osrc corr  17   6 o,n=   0.00002   0.00000
 Src-osrc corr  18   6 o,n=   0.00006   0.00006
 Src-osrc corr  11   7 o,n=   0.00000   0.00004
 Src-osrc corr  12   7 o,n=   0.39088   0.39170
 Src-osrc corr  15   7 o,n=   0.00000   0.00052
 Src-osrc corr  16   7 o,n=   0.00194   0.00212
 Src-osrc corr  17   7 o,n=   0.00000   0.00065
 Src-osrc corr  18   7 o,n=   0.00006   0.00094
 Src-osrc corr  11   8 o,n=   0.00004   0.00005
 Src-osrc corr  12   8 o,n=   0.39170   0.39175
 Src-osrc corr  15   8 o,n=   0.00052   0.00015
 Src-osrc corr  16   8 o,n=   0.00212   0.00226
 Src-osrc corr  17   8 o,n=   0.00065   0.00000
 Src-osrc corr  18   8 o,n=   0.00094   0.00082
 Src-osrc corr  11   9 o,n=   0.00005   0.00000
 Src-osrc corr  12   9 o,n=   0.39175   0.39175
 Src-osrc corr  15   9 o,n=   0.00015   0.00000
 Src-osrc corr  16   9 o,n=   0.00226   0.00226
 Src-osrc corr  18   9 o,n=   0.00082   0.00082
 Src-osrc corr  12  10 o,n=   0.39175   0.39093
 Src-osrc corr  16  10 o,n=   0.00226   0.00298
 Src-osrc corr  18  10 o,n=   0.00082   0.00496
 Src-osrc corr  11   1 o,n=   0.00198   0.00106
 Src-osrc corr  13   1 o,n=   0.00198   0.00106
 Src-osrc corr  12   2 o,n=   1.30000   0.39140
 Src-osrc corr  14   2 o,n=   1.29999   0.39137
 Src-osrc corr  11   3 o,n=   0.00106   0.00108
 Src-osrc corr  15   3 o,n=   0.00000   0.00002
 Src-osrc corr  17   3 o,n=   0.00000   0.00006
 Src-osrc corr  11   4 o,n=   0.00108   0.00108
 Src-osrc corr  12   4 o,n=   0.39140   0.39100
 Src-osrc corr  15   4 o,n=   0.00002   0.00014
 Src-osrc corr  16   4 o,n=   0.00005   0.00182
 Src-osrc corr  17   4 o,n=   0.00006   0.00019
 Src-osrc corr  11   5 o,n=   0.00108   0.00108
 Src-osrc corr  12   5 o,n=   0.39100   0.39099
 Src-osrc corr  15   5 o,n=   0.00014   0.00004
 Src-osrc corr  16   5 o,n=   0.00182   0.00195
 Src-osrc corr  17   5 o,n=   0.00019   0.00006
 Src-osrc corr  18   5 o,n=   0.00001   0.00007
 Src-osrc corr  11   6 o,n=   0.00108   0.00107
 Src-osrc corr  12   6 o,n=   0.39099   0.39099
 Src-osrc corr  15   6 o,n=   0.00004   0.00009
 Src-osrc corr  16   6 o,n=   0.00195   0.00194
 Src-osrc corr  17   6 o,n=   0.00006   0.00008
 Src-osrc corr  18   6 o,n=   0.00007   0.00006
 Src-osrc corr  11   7 o,n=   0.00107   0.00111
 Src-osrc corr  12   7 o,n=   0.39099   0.39181
 Src-osrc corr  15   7 o,n=   0.00009   0.00051
 Src-osrc corr  16   7 o,n=   0.00194   0.00212
 Src-osrc corr  17   7 o,n=   0.00008   0.00065
 Src-osrc corr  18   7 o,n=   0.00006   0.00094
 Src-osrc corr  11   8 o,n=   0.00111   0.00112
 Src-osrc corr  12   8 o,n=   0.39181   0.39186
 Src-osrc corr  15   8 o,n=   0.00051   0.00014
 Src-osrc corr  16   8 o,n=   0.00212   0.00226
 Src-osrc corr  17   8 o,n=   0.00065   0.00009
 Src-osrc corr  18   8 o,n=   0.00094   0.00082
 Src-osrc corr  11   9 o,n=   0.00112   0.00130
 Src-osrc corr  12   9 o,n=   0.39186   0.39186
 Src-osrc corr  15   9 o,n=   0.00014   0.00087
 Src-osrc corr  16   9 o,n=   0.00226   0.00227
 Src-osrc corr  18   9 o,n=   0.00082   0.00082
 Src-osrc corr  12  10 o,n=   0.39186   0.39104
 Src-osrc corr  16  10 o,n=   0.00227   0.00299
 Src-osrc corr  18  10 o,n=   0.00082   0.00496
 Src-osrc corr  11   1 o,n=   0.00198   0.00106
 Src-osrc corr  13   1 o,n=   0.00198   0.00106
 Src-osrc corr  12   2 o,n=   1.30000   0.39140
 Src-osrc corr  14   2 o,n=   1.29999   0.39137
 Src-osrc corr  11   3 o,n=   0.00106   0.00108
 Src-osrc corr  15   3 o,n=   0.00000   0.00002
 Src-osrc corr  17   3 o,n=   0.00000   0.00006
 Src-osrc corr  11   4 o,n=   0.00108   0.00108
 Src-osrc corr  12   4 o,n=   0.39140   0.39100
 Src-osrc corr  15   4 o,n=   0.00002   0.00014
 Src-osrc corr  16   4 o,n=   0.00005   0.00182
 Src-osrc corr  17   4 o,n=   0.00006   0.00019
 Src-osrc corr  11   5 o,n=   0.00108   0.00108
 Src-osrc corr  12   5 o,n=   0.39100   0.39099
 Src-osrc corr  15   5 o,n=   0.00014   0.00004
 Src-osrc corr  16   5 o,n=   0.00182   0.00195
 Src-osrc corr  17   5 o,n=   0.00019   0.00006
 Src-osrc corr  18   5 o,n=   0.00001   0.00007
 Src-osrc corr  11   6 o,n=   0.00108   0.00107
 Src-osrc corr  12   6 o,n=   0.39099   0.39099
 Src-osrc corr  15   6 o,n=   0.00004   0.00009
 Src-osrc corr  16   6 o,n=   0.00195   0.00194
 Src-osrc corr  17   6 o,n=   0.00006   0.00008
 Src-osrc corr  18   6 o,n=   0.00007   0.00006
 Src-osrc corr  11   7 o,n=   0.00107   0.00111
 Src-osrc corr  12   7 o,n=   0.39099   0.39181
 Src-osrc corr  15   7 o,n=   0.00009   0.00051
 Src-osrc corr  16   7 o,n=   0.00194   0.00212
 Src-osrc corr  17   7 o,n=   0.00008   0.00065
 Src-osrc corr  18   7 o,n=   0.00006   0.00094
 Src-osrc corr  11   8 o,n=   0.00111   0.00112
 Src-osrc corr  12   8 o,n=   0.39181   0.39186
 Src-osrc corr  15   8 o,n=   0.00051   0.00014
 Src-osrc corr  16   8 o,n=   0.00212   0.00226
 Src-osrc corr  17   8 o,n=   0.00065   0.00009
 Src-osrc corr  18   8 o,n=   0.00094   0.00082
 Src-osrc corr  11   9 o,n=   0.00112   0.00130
 Src-osrc corr  12   9 o,n=   0.39186   0.39186
 Src-osrc corr  15   9 o,n=   0.00014   0.00087
 Src-osrc corr  16   9 o,n=   0.00226   0.00227
 Src-osrc corr  18   9 o,n=   0.00082   0.00082
 Src-osrc corr  12  10 o,n=   0.39186   0.39104
 Src-osrc corr  16  10 o,n=   0.00227   0.00299
 Src-osrc corr  18  10 o,n=   0.00082   0.00496
 Src-osrc corr  11   1 o,n=   0.00001   0.00001
 Src-osrc corr  13   1 o,n=   0.00001   0.00001
 Src-osrc corr  12   2 o,n=   1.30000   0.39140
 Src-osrc corr  14   2 o,n=   1.29999   0.39137
 Src-osrc corr  11   3 o,n=   0.00001   0.00001
 Src-osrc corr  15   3 o,n=   0.00000   0.00000
 Src-osrc corr  17   3 o,n=   0.00000   0.00000
 Src-osrc corr  11   4 o,n=   0.00001   0.00001
 Src-osrc corr  12   4 o,n=   0.39140   0.39100
 Src-osrc corr  15   4 o,n=   0.00000   0.00014
 Src-osrc corr  16   4 o,n=   0.00005   0.00182
 Src-osrc corr  17   4 o,n=   0.00000   0.00018
 Src-osrc corr  11   5 o,n=   0.00001   0.00001
 Src-osrc corr  12   5 o,n=   0.39100   0.39099
 Src-osrc corr  15   5 o,n=   0.00014   0.00003
 Src-osrc corr  16   5 o,n=   0.00182   0.00194
 Src-osrc corr  17   5 o,n=   0.00018   0.00002
 Src-osrc corr  18   5 o,n=   0.00001   0.00006
 Src-osrc corr  11   6 o,n=   0.00001   0.00001
 Src-osrc corr  12   6 o,n=   0.39099   0.39099
 Src-osrc corr  15   6 o,n=   0.00003   0.00000
 Src-osrc corr  16   6 o,n=   0.00194   0.00194
 Src-osrc corr  17   6 o,n=   0.00002   0.00000
 Src-osrc corr  18   6 o,n=   0.00006   0.00006
 Src-osrc corr  11   7 o,n=   0.00001   0.00004
 Src-osrc corr  12   7 o,n=   0.39099   0.39181
 Src-osrc corr  15   7 o,n=   0.00000   0.00052
 Src-osrc corr  16   7 o,n=   0.00194   0.00212
 Src-osrc corr  17   7 o,n=   0.00000   0.00065
 Src-osrc corr  18   7 o,n=   0.00006   0.00094
 Src-osrc corr  11   8 o,n=   0.00004   0.00005
 Src-osrc corr  12   8 o,n=   0.39181   0.39186
 Src-osrc corr  15   8 o,n=   0.00052   0.00015
 Src-osrc corr  16   8 o,n=   0.00212   0.00226
 Src-osrc corr  17   8 o,n=   0.00065   0.00000
 Src-osrc corr  18   8 o,n=   0.00094   0.00083
 Src-osrc corr  11   9 o,n=   0.00005   0.00001
 Src-osrc corr  12   9 o,n=   0.39186   0.39186
 Src-osrc corr  15   9 o,n=   0.00015   0.00000
 Src-osrc corr  16   9 o,n=   0.00226   0.00227
 Src-osrc corr  18   9 o,n=   0.00083   0.00082
 Src-osrc corr  12  10 o,n=   0.39186   0.39104
 Src-osrc corr  16  10 o,n=   0.00227   0.00299
 Src-osrc corr  18  10 o,n=   0.00082   0.00496
 Reaction Xsec     9.0+/10 @ 2 =     0.199 , Out:   0.036/   0.637/   0.013    0.013    0.000#   0.000#   0.172f

 Total SPIN, PARITY =     9.0 -,     16 chs,     16 cc.  Rmin & Coul turning =    1.4    9.2
 Src-osrc corr   9   1 o,n=   1.50593   0.64430
 Src-osrc corr  10   1 o,n=   1.42911   0.61164
 Src-osrc corr  11   1 o,n=   1.50596   0.64433
 Src-osrc corr  12   1 o,n=   1.42915   0.61169
 Src-osrc corr   9   2 o,n=   0.64430   0.64385
 Src-osrc corr  10   2 o,n=   0.61164   0.61038
 Src-osrc corr  13   2 o,n=   0.00007   0.00097
 Src-osrc corr  14   2 o,n=   0.00009   0.00495
 Src-osrc corr  15   2 o,n=   0.00004   0.00280
 Src-osrc corr   9   3 o,n=   0.64385   0.64384
 Src-osrc corr  10   3 o,n=   0.61038   0.61033
 Src-osrc corr  13   3 o,n=   0.00097   0.00102
 Src-osrc corr  14   3 o,n=   0.00495   0.00553
 Src-osrc corr  15   3 o,n=   0.00280   0.00287
 Src-osrc corr  16   3 o,n=   0.00002   0.00037
 Src-osrc corr   9   4 o,n=   0.64384   0.64382
 Src-osrc corr  10   4 o,n=   0.61033   0.61040
 Src-osrc corr  13   4 o,n=   0.00102   0.00113
 Src-osrc corr  14   4 o,n=   0.00553   0.00550
 Src-osrc corr  15   4 o,n=   0.00287   0.00272
 Src-osrc corr  16   4 o,n=   0.00037   0.00038
 Src-osrc corr   9   5 o,n=   0.64382   0.64467
 Src-osrc corr  10   5 o,n=   0.61040   0.61219
 Src-osrc corr  13   5 o,n=   0.00113   0.00302
 Src-osrc corr  14   5 o,n=   0.00550   0.00555
 Src-osrc corr  15   5 o,n=   0.00272   0.00311
 Src-osrc corr  16   5 o,n=   0.00038   0.00267
 Src-osrc corr   9   6 o,n=   0.64467   0.64471
 Src-osrc corr  10   6 o,n=   0.61219   0.61240
 Src-osrc corr  13   6 o,n=   0.00302   0.00316
 Src-osrc corr  14   6 o,n=   0.00555   0.00617
 Src-osrc corr  15   6 o,n=   0.00311   0.00314
 Src-osrc corr  16   6 o,n=   0.00267   0.00196
 Src-osrc corr   9   7 o,n=   0.64471   0.64479
 Src-osrc corr  10   7 o,n=   0.61240   0.61229
 Src-osrc corr  13   7 o,n=   0.00316   0.00329
 Src-osrc corr  14   7 o,n=   0.00617   0.00626
 Src-osrc corr  15   7 o,n=   0.00314   0.00474
 Src-osrc corr  16   7 o,n=   0.00196   0.00196
 Src-osrc corr   9   8 o,n=   0.64479   0.64169
 Src-osrc corr  10   8 o,n=   0.61229   0.60971
 Src-osrc corr  13   8 o,n=   0.00329   0.02956
 Src-osrc corr  14   8 o,n=   0.00626   0.01086
 Src-osrc corr  16   8 o,n=   0.00196   0.02388
 Src-osrc corr   9   1 o,n=   1.50593   0.64430
 Src-osrc corr  10   1 o,n=   1.42911   0.61164
 Src-osrc corr  11   1 o,n=   1.50596   0.64433
 Src-osrc corr  12   1 o,n=   1.42915   0.61169
 Src-osrc corr   9   2 o,n=   0.64430   0.64385
 Src-osrc corr  10   2 o,n=   0.61164   0.61038
 Src-osrc corr  13   2 o,n=   0.00007   0.00097
 Src-osrc corr  14   2 o,n=   0.00009   0.00495
 Src-osrc corr  15   2 o,n=   0.00004   0.00280
 Src-osrc corr   9   3 o,n=   0.64385   0.64384
 Src-osrc corr  10   3 o,n=   0.61038   0.61033
 Src-osrc corr  13   3 o,n=   0.00097   0.00102
 Src-osrc corr  14   3 o,n=   0.00495   0.00553
 Src-osrc corr  15   3 o,n=   0.00280   0.00287
 Src-osrc corr  16   3 o,n=   0.00002   0.00037
 Src-osrc corr   9   4 o,n=   0.64384   0.64382
 Src-osrc corr  10   4 o,n=   0.61033   0.61040
 Src-osrc corr  13   4 o,n=   0.00102   0.00113
 Src-osrc corr  14   4 o,n=   0.00553   0.00550
 Src-osrc corr  15   4 o,n=   0.00287   0.00272
 Src-osrc corr  16   4 o,n=   0.00037   0.00038
 Src-osrc corr   9   5 o,n=   0.64382   0.64467
 Src-osrc corr  10   5 o,n=   0.61040   0.61219
 Src-osrc corr  13   5 o,n=   0.00113   0.00302
 Src-osrc corr  14   5 o,n=   0.00550   0.00555
 Src-osrc corr  15   5 o,n=   0.00272   0.00311
 Src-osrc corr  16   5 o,n=   0.00038   0.00267
 Src-osrc corr   9   6 o,n=   0.64467   0.64471
 Src-osrc corr  10   6 o,n=   0.61219   0.61240
 Src-osrc corr  13   6 o,n=   0.00302   0.00316
 Src-osrc corr  14   6 o,n=   0.00555   0.00617
 Src-osrc corr  15   6 o,n=   0.00311   0.00314
 Src-osrc corr  16   6 o,n=   0.00267   0.00196
 Src-osrc corr   9   7 o,n=   0.64471   0.64479
 Src-osrc corr  10   7 o,n=   0.61240   0.61229
 Src-osrc corr  13   7 o,n=   0.00316   0.00329
 Src-osrc corr  14   7 o,n=   0.00617   0.00626
 Src-osrc corr  15   7 o,n=   0.00314   0.00474
 Src-osrc corr  16   7 o,n=   0.00196   0.00196
 Src-osrc corr   9   8 o,n=   0.64479   0.64169
 Src-osrc corr  10   8 o,n=   0.61229   0.60971
 Src-osrc corr  13   8 o,n=   0.00329   0.02956
 Src-osrc corr  14   8 o,n=   0.00626   0.01086
 Src-osrc corr  16   8 o,n=   0.00196   0.02388
 Src-osrc corr   9   1 o,n=   1.50539   0.64386
 Src-osrc corr  10   1 o,n=   1.42860   0.61123
 Src-osrc corr  11   1 o,n=   1.50542   0.64390
 Src-osrc corr  12   1 o,n=   1.42864   0.61128
 Src-osrc corr   9   2 o,n=   0.64386   0.64341
 Src-osrc corr  10   2 o,n=   0.61123   0.60997
 Src-osrc corr  13   2 o,n=   0.00007   0.00097
 Src-osrc corr  14   2 o,n=   0.00009   0.00495
 Src-osrc corr  15   2 o,n=   0.00004   0.00280
 Src-osrc corr   9   3 o,n=   0.64341   0.64340
 Src-osrc corr  10   3 o,n=   0.60997   0.60992
 Src-osrc corr  13   3 o,n=   0.00097   0.00102
 Src-osrc corr  14   3 o,n=   0.00495   0.00553
 Src-osrc corr  15   3 o,n=   0.00280   0.00286
 Src-osrc corr  16   3 o,n=   0.00002   0.00037
 Src-osrc corr   9   4 o,n=   0.64340   0.64338
 Src-osrc corr  10   4 o,n=   0.60992   0.60998
 Src-osrc corr  13   4 o,n=   0.00102   0.00113
 Src-osrc corr  14   4 o,n=   0.00553   0.00549
 Src-osrc corr  15   4 o,n=   0.00286   0.00272
 Src-osrc corr  16   4 o,n=   0.00037   0.00037
 Src-osrc corr   9   5 o,n=   0.64338   0.64424
 Src-osrc corr  10   5 o,n=   0.60998   0.61178
 Src-osrc corr  13   5 o,n=   0.00113   0.00302
 Src-osrc corr  14   5 o,n=   0.00549   0.00555
 Src-osrc corr  15   5 o,n=   0.00272   0.00311
 Src-osrc corr  16   5 o,n=   0.00037   0.00267
 Src-osrc corr   9   6 o,n=   0.64424   0.64427
 Src-osrc corr  10   6 o,n=   0.61178   0.61199
 Src-osrc corr  13   6 o,n=   0.00302   0.00316
 Src-osrc corr  14   6 o,n=   0.00555   0.00617
 Src-osrc corr  15   6 o,n=   0.00311   0.00314
 Src-osrc corr  16   6 o,n=   0.00267   0.00196
 Src-osrc corr   9   7 o,n=   0.64427   0.64435
 Src-osrc corr  10   7 o,n=   0.61199   0.61188
 Src-osrc corr  13   7 o,n=   0.00316   0.00329
 Src-osrc corr  14   7 o,n=   0.00617   0.00626
 Src-osrc corr  15   7 o,n=   0.00314   0.00474
 Src-osrc corr  16   7 o,n=   0.00196   0.00196
 Src-osrc corr   9   8 o,n=   0.64435   0.64126
 Src-osrc corr  10   8 o,n=   0.61188   0.60930
 Src-osrc corr  13   8 o,n=   0.00329   0.02955
 Src-osrc corr  14   8 o,n=   0.00626   0.01086
 Src-osrc corr  16   8 o,n=   0.00196   0.02387
 Src-osrc corr   9   1 o,n=   1.50580   0.64426
 Src-osrc corr  10   1 o,n=   1.42899   0.61161
 Src-osrc corr  11   1 o,n=   1.50583   0.64429
 Src-osrc corr  12   1 o,n=   1.42903   0.61166
 Src-osrc corr   9   2 o,n=   0.64426   0.64382
 Src-osrc corr  10   2 o,n=   0.61161   0.61035
 Src-osrc corr  13   2 o,n=   0.00007   0.00097
 Src-osrc corr  14   2 o,n=   0.00009   0.00495
 Src-osrc corr  15   2 o,n=   0.00004   0.00280
 Src-osrc corr   9   3 o,n=   0.64382   0.64380
 Src-osrc corr  10   3 o,n=   0.61035   0.61030
 Src-osrc corr  13   3 o,n=   0.00097   0.00102
 Src-osrc corr  14   3 o,n=   0.00495   0.00554
 Src-osrc corr  15   3 o,n=   0.00280   0.00287
 Src-osrc corr  16   3 o,n=   0.00002   0.00037
 Src-osrc corr   9   4 o,n=   0.64380   0.64378
 Src-osrc corr  10   4 o,n=   0.61030   0.61037
 Src-osrc corr  13   4 o,n=   0.00102   0.00113
 Src-osrc corr  14   4 o,n=   0.00554   0.00550
 Src-osrc corr  15   4 o,n=   0.00287   0.00272
 Src-osrc corr  16   4 o,n=   0.00037   0.00038
 Src-osrc corr   9   5 o,n=   0.64378   0.64464
 Src-osrc corr  10   5 o,n=   0.61037   0.61217
 Src-osrc corr  13   5 o,n=   0.00113   0.00302
 Src-osrc corr  14   5 o,n=   0.00550   0.00555
 Src-osrc corr  15   5 o,n=   0.00272   0.00312
 Src-osrc corr  16   5 o,n=   0.00038   0.00268
 Src-osrc corr   9   6 o,n=   0.64464   0.64468
 Src-osrc corr  10   6 o,n=   0.61217   0.61238
 Src-osrc corr  13   6 o,n=   0.00302   0.00316
 Src-osrc corr  14   6 o,n=   0.00555   0.00617
 Src-osrc corr  15   6 o,n=   0.00312   0.00314
 Src-osrc corr  16   6 o,n=   0.00268   0.00197
 Src-osrc corr   9   7 o,n=   0.64468   0.64476
 Src-osrc corr  10   7 o,n=   0.61238   0.61227
 Src-osrc corr  13   7 o,n=   0.00316   0.00329
 Src-osrc corr  14   7 o,n=   0.00617   0.00626
 Src-osrc corr  15   7 o,n=   0.00314   0.00474
 Src-osrc corr  16   7 o,n=   0.00197   0.00197
 Src-osrc corr   9   8 o,n=   0.64476   0.64168
 Src-osrc corr  10   8 o,n=   0.61227   0.60971
 Src-osrc corr  13   8 o,n=   0.00329   0.02960
 Src-osrc corr  14   8 o,n=   0.00626   0.01087
 Src-osrc corr  16   8 o,n=   0.00197   0.02390
 Src-osrc corr   9   1 o,n=   1.50580   0.64426
 Src-osrc corr  10   1 o,n=   1.42899   0.61161
 Src-osrc corr  11   1 o,n=   1.50583   0.64429
 Src-osrc corr  12   1 o,n=   1.42903   0.61166
 Src-osrc corr   9   2 o,n=   0.64426   0.64382
 Src-osrc corr  10   2 o,n=   0.61161   0.61036
 Src-osrc corr  13   2 o,n=   0.00007   0.00097
 Src-osrc corr  14   2 o,n=   0.00009   0.00495
 Src-osrc corr  15   2 o,n=   0.00004   0.00280
 Src-osrc corr   9   3 o,n=   0.64382   0.64380
 Src-osrc corr  10   3 o,n=   0.61036   0.61030
 Src-osrc corr  13   3 o,n=   0.00097   0.00102
 Src-osrc corr  14   3 o,n=   0.00495   0.00554
 Src-osrc corr  15   3 o,n=   0.00280   0.00287
 Src-osrc corr  16   3 o,n=   0.00002   0.00037
 Src-osrc corr   9   4 o,n=   0.64380   0.64378
 Src-osrc corr  10   4 o,n=   0.61030   0.61037
 Src-osrc corr  13   4 o,n=   0.00102   0.00113
 Src-osrc corr  14   4 o,n=   0.00554   0.00550
 Src-osrc corr  15   4 o,n=   0.00287   0.00272
 Src-osrc corr  16   4 o,n=   0.00037   0.00038
 Src-osrc corr   9   5 o,n=   0.64378   0.64465
 Src-osrc corr  10   5 o,n=   0.61037   0.61217
 Src-osrc corr  13   5 o,n=   0.00113   0.00302
 Src-osrc corr  14   5 o,n=   0.00550   0.00555
 Src-osrc corr  15   5 o,n=   0.00272   0.00312
 Src-osrc corr  16   5 o,n=   0.00038   0.00268
 Src-osrc corr   9   6 o,n=   0.64465   0.64468
 Src-osrc corr  10   6 o,n=   0.61217   0.61238
 Src-osrc corr  13   6 o,n=   0.00302   0.00316
 Src-osrc corr  14   6 o,n=   0.00555   0.00617
 Src-osrc corr  15   6 o,n=   0.00312   0.00314
 Src-osrc corr  16   6 o,n=   0.00268   0.00197
 Src-osrc corr   9   7 o,n=   0.64468   0.64476
 Src-osrc corr  10   7 o,n=   0.61238   0.61227
 Src-osrc corr  13   7 o,n=   0.00316   0.00329
 Src-osrc corr  14   7 o,n=   0.00617   0.00626
 Src-osrc corr  15   7 o,n=   0.00314   0.00474
 Src-osrc corr  16   7 o,n=   0.00197   0.00197
 Src-osrc corr   9   8 o,n=   0.64476   0.64168
 Src-osrc corr  10   8 o,n=   0.61227   0.60971
 Src-osrc corr  13   8 o,n=   0.00329   0.02960
 Src-osrc corr  14   8 o,n=   0.00626   0.01087
 Src-osrc corr  16   8 o,n=   0.00197   0.02390
 Reaction Xsec     9.0-/ 9 @ 1 =     0.785 , Out:   0.000#   0.429/   0.053    0.053    0.000#   0.000#   0.678f

 Total SPIN, PARITY =    10.0 +,     16 chs,     16 cc.  Rmin & Coul turning =    1.6   10.2
 Src-osrc corr   9   1 o,n=   0.94097   0.28326
 Src-osrc corr  10   1 o,n=   0.89729   0.27018
 Src-osrc corr  11   1 o,n=   0.94096   0.28325
 Src-osrc corr  12   1 o,n=   0.89728   0.27016
 Src-osrc corr   9   2 o,n=   0.28326   0.28314
 Src-osrc corr  10   2 o,n=   0.27018   0.26984
 Src-osrc corr  13   2 o,n=   0.00002   0.00024
 Src-osrc corr  14   2 o,n=   0.00004   0.00127
 Src-osrc corr  15   2 o,n=   0.00001   0.00072
 Src-osrc corr   9   3 o,n=   0.28314   0.28314
 Src-osrc corr  10   3 o,n=   0.26984   0.26983
 Src-osrc corr  13   3 o,n=   0.00024   0.00025
 Src-osrc corr  14   3 o,n=   0.00127   0.00140
 Src-osrc corr  15   3 o,n=   0.00072   0.00073
 Src-osrc corr  16   3 o,n=   0.00001   0.00009
 Src-osrc corr   9   4 o,n=   0.28314   0.28313
 Src-osrc corr  10   4 o,n=   0.26983   0.26985
 Src-osrc corr  13   4 o,n=   0.00025   0.00029
 Src-osrc corr  14   4 o,n=   0.00140   0.00139
 Src-osrc corr  15   4 o,n=   0.00073   0.00069
 Src-osrc corr  16   4 o,n=   0.00009   0.00009
 Src-osrc corr   9   5 o,n=   0.28313   0.28338
 Src-osrc corr  10   5 o,n=   0.26985   0.27037
 Src-osrc corr  13   5 o,n=   0.00029   0.00084
 Src-osrc corr  14   5 o,n=   0.00139   0.00144
 Src-osrc corr  15   5 o,n=   0.00069   0.00081
 Src-osrc corr  16   5 o,n=   0.00009   0.00074
 Src-osrc corr   9   6 o,n=   0.28338   0.28339
 Src-osrc corr  10   6 o,n=   0.27037   0.27042
 Src-osrc corr  13   6 o,n=   0.00084   0.00087
 Src-osrc corr  14   6 o,n=   0.00144   0.00160
 Src-osrc corr  15   6 o,n=   0.00081   0.00081
 Src-osrc corr  16   6 o,n=   0.00074   0.00056
 Src-osrc corr   9   7 o,n=   0.28339   0.28341
 Src-osrc corr  10   7 o,n=   0.27042   0.27040
 Src-osrc corr  13   7 o,n=   0.00087   0.00092
 Src-osrc corr  14   7 o,n=   0.00160   0.00161
 Src-osrc corr  15   7 o,n=   0.00081   0.00112
 Src-osrc corr  16   7 o,n=   0.00056   0.00056
 Src-osrc corr   9   8 o,n=   0.28341   0.28246
 Src-osrc corr  10   8 o,n=   0.27040   0.26948
 Src-osrc corr  13   8 o,n=   0.00092   0.00754
 Src-osrc corr  14   8 o,n=   0.00161   0.00271
 Src-osrc corr  16   8 o,n=   0.00056   0.00607
 Src-osrc corr   9   1 o,n=   0.94097   0.28326
 Src-osrc corr  10   1 o,n=   0.89729   0.27018
 Src-osrc corr  11   1 o,n=   0.94096   0.28325
 Src-osrc corr  12   1 o,n=   0.89728   0.27016
 Src-osrc corr   9   2 o,n=   0.28326   0.28314
 Src-osrc corr  10   2 o,n=   0.27018   0.26984
 Src-osrc corr  13   2 o,n=   0.00002   0.00024
 Src-osrc corr  14   2 o,n=   0.00004   0.00127
 Src-osrc corr  15   2 o,n=   0.00001   0.00072
 Src-osrc corr   9   3 o,n=   0.28314   0.28314
 Src-osrc corr  10   3 o,n=   0.26984   0.26983
 Src-osrc corr  13   3 o,n=   0.00024   0.00025
 Src-osrc corr  14   3 o,n=   0.00127   0.00140
 Src-osrc corr  15   3 o,n=   0.00072   0.00073
 Src-osrc corr  16   3 o,n=   0.00001   0.00009
 Src-osrc corr   9   4 o,n=   0.28314   0.28313
 Src-osrc corr  10   4 o,n=   0.26983   0.26985
 Src-osrc corr  13   4 o,n=   0.00025   0.00029
 Src-osrc corr  14   4 o,n=   0.00140   0.00139
 Src-osrc corr  15   4 o,n=   0.00073   0.00069
 Src-osrc corr  16   4 o,n=   0.00009   0.00009
 Src-osrc corr   9   5 o,n=   0.28313   0.28338
 Src-osrc corr  10   5 o,n=   0.26985   0.27037
 Src-osrc corr  13   5 o,n=   0.00029   0.00084
 Src-osrc corr  14   5 o,n=   0.00139   0.00144
 Src-osrc corr  15   5 o,n=   0.00069   0.00081
 Src-osrc corr  16   5 o,n=   0.00009   0.00074
 Src-osrc corr   9   6 o,n=   0.28338   0.28339
 Src-osrc corr  10   6 o,n=   0.27037   0.27042
 Src-osrc corr  13   6 o,n=   0.00084   0.00087
 Src-osrc corr  14   6 o,n=   0.00144   0.00160
 Src-osrc corr  15   6 o,n=   0.00081   0.00081
 Src-osrc corr  16   6 o,n=   0.00074   0.00056
 Src-osrc corr   9   7 o,n=   0.28339   0.28341
 Src-osrc corr  10   7 o,n=   0.27042   0.27040
 Src-osrc corr  13   7 o,n=   0.00087   0.00092
 Src-osrc corr  14   7 o,n=   0.00160   0.00161
 Src-osrc corr  15   7 o,n=   0.00081   0.00112
 Src-osrc corr  16   7 o,n=   0.00056   0.00056
 Src-osrc corr   9   8 o,n=   0.28341   0.28246
 Src-osrc corr  10   8 o,n=   0.27040   0.26948
 Src-osrc corr  13   8 o,n=   0.00092   0.00754
 Src-osrc corr  14   8 o,n=   0.00161   0.00271
 Src-osrc corr  16   8 o,n=   0.00056   0.00607
 Src-osrc corr   9   1 o,n=   0.94085   0.28317
 Src-osrc corr  10   1 o,n=   0.89717   0.27009
 Src-osrc corr  11   1 o,n=   0.94084   0.28316
 Src-osrc corr  12   1 o,n=   0.89716   0.27007
 Src-osrc corr   9   2 o,n=   0.28317   0.28305
 Src-osrc corr  10   2 o,n=   0.27009   0.26976
 Src-osrc corr  13   2 o,n=   0.00002   0.00024
 Src-osrc corr  14   2 o,n=   0.00004   0.00127
 Src-osrc corr  15   2 o,n=   0.00001   0.00072
 Src-osrc corr   9   3 o,n=   0.28305   0.28305
 Src-osrc corr  10   3 o,n=   0.26976   0.26974
 Src-osrc corr  13   3 o,n=   0.00024   0.00025
 Src-osrc corr  14   3 o,n=   0.00127   0.00140
 Src-osrc corr  15   3 o,n=   0.00072   0.00073
 Src-osrc corr  16   3 o,n=   0.00001   0.00009
 Src-osrc corr   9   4 o,n=   0.28305   0.28304
 Src-osrc corr  10   4 o,n=   0.26974   0.26976
 Src-osrc corr  13   4 o,n=   0.00025   0.00029
 Src-osrc corr  14   4 o,n=   0.00140   0.00139
 Src-osrc corr  15   4 o,n=   0.00073   0.00069
 Src-osrc corr  16   4 o,n=   0.00009   0.00009
 Src-osrc corr   9   5 o,n=   0.28304   0.28329
 Src-osrc corr  10   5 o,n=   0.26976   0.27028
 Src-osrc corr  13   5 o,n=   0.00029   0.00084
 Src-osrc corr  14   5 o,n=   0.00139   0.00144
 Src-osrc corr  15   5 o,n=   0.00069   0.00081
 Src-osrc corr  16   5 o,n=   0.00009   0.00074
 Src-osrc corr   9   6 o,n=   0.28329   0.28330
 Src-osrc corr  10   6 o,n=   0.27028   0.27033
 Src-osrc corr  13   6 o,n=   0.00084   0.00087
 Src-osrc corr  14   6 o,n=   0.00144   0.00160
 Src-osrc corr  15   6 o,n=   0.00081   0.00081
 Src-osrc corr  16   6 o,n=   0.00074   0.00056
 Src-osrc corr   9   7 o,n=   0.28330   0.28332
 Src-osrc corr  10   7 o,n=   0.27033   0.27031
 Src-osrc corr  13   7 o,n=   0.00087   0.00092
 Src-osrc corr  14   7 o,n=   0.00160   0.00161
 Src-osrc corr  15   7 o,n=   0.00081   0.00112
 Src-osrc corr  16   7 o,n=   0.00056   0.00056
 Src-osrc corr   9   8 o,n=   0.28332   0.28237
 Src-osrc corr  10   8 o,n=   0.27031   0.26940
 Src-osrc corr  13   8 o,n=   0.00092   0.00754
 Src-osrc corr  14   8 o,n=   0.00161   0.00271
 Src-osrc corr  16   8 o,n=   0.00056   0.00607
 Reaction Xsec    10.0+/10 @ 1 =     0.212 , Out:   0.000#   0.704/   0.015    0.015    0.000#   0.000#   0.182f

 Total SPIN, PARITY =    10.0 -,     18 chs,     18 cc.  Rmin & Coul turning =    1.6   10.2
 Src-osrc corr  11   1 o,n=   2.07675   0.88858
 Src-osrc corr  13   1 o,n=   2.07680   0.88864
 Src-osrc corr  11   3 o,n=   0.88858   0.88780
 Src-osrc corr  15   3 o,n=   0.00010   0.00080
 Src-osrc corr  17   3 o,n=   0.00005   0.00254
 Src-osrc corr  11   4 o,n=   0.88780   0.88780
 Src-osrc corr  12   4 o,n=   0.00000   0.00003
 Src-osrc corr  15   4 o,n=   0.00080   0.00080
 Src-osrc corr  16   4 o,n=   0.00000   0.00007
 Src-osrc corr  17   4 o,n=   0.00254   0.00254
 Src-osrc corr  11   5 o,n=   0.88780   0.88780
 Src-osrc corr  12   5 o,n=   0.00003   0.00008
 Src-osrc corr  15   5 o,n=   0.00080   0.00087
 Src-osrc corr  16   5 o,n=   0.00007   0.00029
 Src-osrc corr  17   5 o,n=   0.00254   0.00243
 Src-osrc corr  18   5 o,n=   0.00000   0.00020
 Src-osrc corr  11   6 o,n=   0.88780   0.88886
 Src-osrc corr  12   6 o,n=   0.00008   0.00000
 Src-osrc corr  15   6 o,n=   0.00087   0.00425
 Src-osrc corr  16   6 o,n=   0.00029   0.00000
 Src-osrc corr  17   6 o,n=   0.00243   0.00375
 Src-osrc corr  18   6 o,n=   0.00020   0.00000
 Src-osrc corr  11   7 o,n=   0.88886   0.88886
 Src-osrc corr  12   7 o,n=   0.00000   0.00004
 Src-osrc corr  15   7 o,n=   0.00425   0.00425
 Src-osrc corr  16   7 o,n=   0.00000   0.00006
 Src-osrc corr  17   7 o,n=   0.00375   0.00376
 Src-osrc corr  18   7 o,n=   0.00000   0.00004
 Src-osrc corr  11   8 o,n=   0.88886   0.88886
 Src-osrc corr  12   8 o,n=   0.00004   0.00013
 Src-osrc corr  15   8 o,n=   0.00425   0.00426
 Src-osrc corr  16   8 o,n=   0.00006   0.00049
 Src-osrc corr  17   8 o,n=   0.00376   0.00424
 Src-osrc corr  18   8 o,n=   0.00004   0.00035
 Src-osrc corr  11   9 o,n=   0.88886   0.88444
 Src-osrc corr  12   9 o,n=   0.00013   0.00000
 Src-osrc corr  15   9 o,n=   0.00426   0.04235
 Src-osrc corr  16   9 o,n=   0.00049   0.00000
 Src-osrc corr  18   9 o,n=   0.00035   0.00006
 Src-osrc corr  11   1 o,n=   2.07675   0.88858
 Src-osrc corr  13   1 o,n=   2.07680   0.88864
 Src-osrc corr  11   3 o,n=   0.88858   0.88780
 Src-osrc corr  15   3 o,n=   0.00010   0.00080
 Src-osrc corr  17   3 o,n=   0.00005   0.00254
 Src-osrc corr  11   4 o,n=   0.88780   0.88780
 Src-osrc corr  12   4 o,n=   0.00000   0.00003
 Src-osrc corr  15   4 o,n=   0.00080   0.00080
 Src-osrc corr  16   4 o,n=   0.00000   0.00007
 Src-osrc corr  17   4 o,n=   0.00254   0.00254
 Src-osrc corr  11   5 o,n=   0.88780   0.88780
 Src-osrc corr  12   5 o,n=   0.00003   0.00008
 Src-osrc corr  15   5 o,n=   0.00080   0.00087
 Src-osrc corr  16   5 o,n=   0.00007   0.00029
 Src-osrc corr  17   5 o,n=   0.00254   0.00243
 Src-osrc corr  18   5 o,n=   0.00000   0.00020
 Src-osrc corr  11   6 o,n=   0.88780   0.88886
 Src-osrc corr  12   6 o,n=   0.00008   0.00000
 Src-osrc corr  15   6 o,n=   0.00087   0.00425
 Src-osrc corr  16   6 o,n=   0.00029   0.00000
 Src-osrc corr  17   6 o,n=   0.00243   0.00375
 Src-osrc corr  18   6 o,n=   0.00020   0.00000
 Src-osrc corr  11   7 o,n=   0.88886   0.88886
 Src-osrc corr  12   7 o,n=   0.00000   0.00004
 Src-osrc corr  15   7 o,n=   0.00425   0.00425
 Src-osrc corr  16   7 o,n=   0.00000   0.00006
 Src-osrc corr  17   7 o,n=   0.00375   0.00376
 Src-osrc corr  18   7 o,n=   0.00000   0.00004
 Src-osrc corr  11   8 o,n=   0.88886   0.88886
 Src-osrc corr  12   8 o,n=   0.00004   0.00013
 Src-osrc corr  15   8 o,n=   0.00425   0.00426
 Src-osrc corr  16   8 o,n=   0.00006   0.00049
 Src-osrc corr  17   8 o,n=   0.00376   0.00424
 Src-osrc corr  18   8 o,n=   0.00004   0.00035
 Src-osrc corr  11   9 o,n=   0.88886   0.88444
 Src-osrc corr  12   9 o,n=   0.00013   0.00000
 Src-osrc corr  15   9 o,n=   0.00426   0.04235
 Src-osrc corr  16   9 o,n=   0.00049   0.00000
 Src-osrc corr  18   9 o,n=   0.00035   0.00006
 Src-osrc corr  11   1 o,n=   2.07600   0.88798
 Src-osrc corr  13   1 o,n=   2.07605   0.88804
 Src-osrc corr  11   3 o,n=   0.88798   0.88720
 Src-osrc corr  15   3 o,n=   0.00010   0.00080
 Src-osrc corr  17   3 o,n=   0.00005   0.00254
 Src-osrc corr  11   4 o,n=   0.88720   0.88720
 Src-osrc corr  12   4 o,n=   0.00000   0.00003
 Src-osrc corr  15   4 o,n=   0.00080   0.00080
 Src-osrc corr  16   4 o,n=   0.00000   0.00007
 Src-osrc corr  17   4 o,n=   0.00254   0.00254
 Src-osrc corr  11   5 o,n=   0.88720   0.88720
 Src-osrc corr  12   5 o,n=   0.00003   0.00008
 Src-osrc corr  15   5 o,n=   0.00080   0.00087
 Src-osrc corr  16   5 o,n=   0.00007   0.00029
 Src-osrc corr  17   5 o,n=   0.00254   0.00243
 Src-osrc corr  18   5 o,n=   0.00000   0.00020
 Src-osrc corr  11   6 o,n=   0.88720   0.88826
 Src-osrc corr  12   6 o,n=   0.00008   0.00000
 Src-osrc corr  15   6 o,n=   0.00087   0.00425
 Src-osrc corr  16   6 o,n=   0.00029   0.00000
 Src-osrc corr  17   6 o,n=   0.00243   0.00375
 Src-osrc corr  18   6 o,n=   0.00020   0.00000
 Src-osrc corr  11   7 o,n=   0.88826   0.88826
 Src-osrc corr  12   7 o,n=   0.00000   0.00004
 Src-osrc corr  15   7 o,n=   0.00425   0.00425
 Src-osrc corr  16   7 o,n=   0.00000   0.00006
 Src-osrc corr  17   7 o,n=   0.00375   0.00376
 Src-osrc corr  18   7 o,n=   0.00000   0.00004
 Src-osrc corr  11   8 o,n=   0.88826   0.88826
 Src-osrc corr  12   8 o,n=   0.00004   0.00013
 Src-osrc corr  15   8 o,n=   0.00425   0.00426
 Src-osrc corr  16   8 o,n=   0.00006   0.00049
 Src-osrc corr  17   8 o,n=   0.00376   0.00424
 Src-osrc corr  18   8 o,n=   0.00004   0.00035
 Src-osrc corr  11   9 o,n=   0.88826   0.88384
 Src-osrc corr  12   9 o,n=   0.00013   0.00000
 Src-osrc corr  15   9 o,n=   0.00426   0.04234
 Src-osrc corr  16   9 o,n=   0.00049   0.00000
 Src-osrc corr  18   9 o,n=   0.00035   0.00006
 Src-osrc corr  11   1 o,n=   2.07657   0.88853
 Src-osrc corr  13   1 o,n=   2.07662   0.88860
 Src-osrc corr  11   3 o,n=   0.88853   0.88775
 Src-osrc corr  15   3 o,n=   0.00010   0.00080
 Src-osrc corr  17   3 o,n=   0.00005   0.00254
 Src-osrc corr  11   4 o,n=   0.88775   0.88775
 Src-osrc corr  12   4 o,n=   0.00000   0.00003
 Src-osrc corr  15   4 o,n=   0.00080   0.00080
 Src-osrc corr  16   4 o,n=   0.00000   0.00007
 Src-osrc corr  17   4 o,n=   0.00254   0.00254
 Src-osrc corr  11   5 o,n=   0.88775   0.88775
 Src-osrc corr  12   5 o,n=   0.00003   0.00008
 Src-osrc corr  15   5 o,n=   0.00080   0.00087
 Src-osrc corr  16   5 o,n=   0.00007   0.00029
 Src-osrc corr  17   5 o,n=   0.00254   0.00243
 Src-osrc corr  18   5 o,n=   0.00000   0.00020
 Src-osrc corr  11   6 o,n=   0.88775   0.88882
 Src-osrc corr  12   6 o,n=   0.00008   0.00000
 Src-osrc corr  15   6 o,n=   0.00087   0.00426
 Src-osrc corr  16   6 o,n=   0.00029   0.00000
 Src-osrc corr  17   6 o,n=   0.00243   0.00376
 Src-osrc corr  18   6 o,n=   0.00020   0.00000
 Src-osrc corr  11   7 o,n=   0.88882   0.88882
 Src-osrc corr  12   7 o,n=   0.00000   0.00004
 Src-osrc corr  15   7 o,n=   0.00426   0.00426
 Src-osrc corr  16   7 o,n=   0.00000   0.00006
 Src-osrc corr  17   7 o,n=   0.00376   0.00376
 Src-osrc corr  18   7 o,n=   0.00000   0.00004
 Src-osrc corr  11   8 o,n=   0.88882   0.88882
 Src-osrc corr  12   8 o,n=   0.00004   0.00013
 Src-osrc corr  15   8 o,n=   0.00426   0.00426
 Src-osrc corr  16   8 o,n=   0.00006   0.00049
 Src-osrc corr  17   8 o,n=   0.00376   0.00425
 Src-osrc corr  18   8 o,n=   0.00004   0.00035
 Src-osrc corr  11   9 o,n=   0.88882   0.88442
 Src-osrc corr  12   9 o,n=   0.00013   0.00000
 Src-osrc corr  15   9 o,n=   0.00426   0.04240
 Src-osrc corr  16   9 o,n=   0.00049   0.00000
 Src-osrc corr  18   9 o,n=   0.00035   0.00006
 Src-osrc corr  11   1 o,n=   2.07657   0.88853
 Src-osrc corr  13   1 o,n=   2.07662   0.88860
 Src-osrc corr  11   3 o,n=   0.88853   0.88775
 Src-osrc corr  15   3 o,n=   0.00010   0.00080
 Src-osrc corr  17   3 o,n=   0.00005   0.00254
 Src-osrc corr  11   4 o,n=   0.88775   0.88775
 Src-osrc corr  12   4 o,n=   0.00000   0.00003
 Src-osrc corr  15   4 o,n=   0.00080   0.00080
 Src-osrc corr  16   4 o,n=   0.00000   0.00007
 Src-osrc corr  17   4 o,n=   0.00254   0.00254
 Src-osrc corr  11   5 o,n=   0.88775   0.88775
 Src-osrc corr  12   5 o,n=   0.00003   0.00008
 Src-osrc corr  15   5 o,n=   0.00080   0.00087
 Src-osrc corr  16   5 o,n=   0.00007   0.00029
 Src-osrc corr  17   5 o,n=   0.00254   0.00243
 Src-osrc corr  18   5 o,n=   0.00000   0.00020
 Src-osrc corr  11   6 o,n=   0.88775   0.88882
 Src-osrc corr  12   6 o,n=   0.00008   0.00000
 Src-osrc corr  15   6 o,n=   0.00087   0.00426
 Src-osrc corr  16   6 o,n=   0.00029   0.00000
 Src-osrc corr  17   6 o,n=   0.00243   0.00376
 Src-osrc corr  18   6 o,n=   0.00020   0.00000
 Src-osrc corr  11   7 o,n=   0.88882   0.88882
 Src-osrc corr  12   7 o,n=   0.00000   0.00004
 Src-osrc corr  15   7 o,n=   0.00426   0.00426
 Src-osrc corr  16   7 o,n=   0.00000   0.00006
 Src-osrc corr  17   7 o,n=   0.00376   0.00376
 Src-osrc corr  18   7 o,n=   0.00000   0.00004
 Src-osrc corr  11   8 o,n=   0.88882   0.88882
 Src-osrc corr  12   8 o,n=   0.00004   0.00013
 Src-osrc corr  15   8 o,n=   0.00426   0.00426
 Src-osrc corr  16   8 o,n=   0.00006   0.00049
 Src-osrc corr  17   8 o,n=   0.00376   0.00425
 Src-osrc corr  18   8 o,n=   0.00004   0.00035
 Src-osrc corr  11   9 o,n=   0.88882   0.88442
 Src-osrc corr  12   9 o,n=   0.00013   0.00000
 Src-osrc corr  15   9 o,n=   0.00426   0.04240
 Src-osrc corr  16   9 o,n=   0.00049   0.00000
 Src-osrc corr  18   9 o,n=   0.00035   0.00006
 Src-osrc corr  12  10 o,n=   0.00000   0.00000
 Src-osrc corr  16  10 o,n=   0.00000   0.00000
 Src-osrc corr  18  10 o,n=   0.00006   0.00006
 Reaction Xsec    10.0-/ 9 @ 1 =     0.870 , Out:   0.000#   0.475/   0.059    0.059    0.000#   0.000#   0.751f
 Src-osrc corr  12   2 o,n=   0.82742   0.14516
 Src-osrc corr  14   2 o,n=   0.82741   0.14514
 Src-osrc corr  11   4 o,n=   0.00000   0.00000
 Src-osrc corr  12   4 o,n=   0.14516   0.14509
 Src-osrc corr  15   4 o,n=   0.00000   0.00004
 Src-osrc corr  16   4 o,n=   0.00002   0.00044
 Src-osrc corr  17   4 o,n=   0.00000   0.00005
 Src-osrc corr  11   5 o,n=   0.00000   0.00000
 Src-osrc corr  12   5 o,n=   0.14509   0.14508
 Src-osrc corr  15   5 o,n=   0.00004   0.00001
 Src-osrc corr  16   5 o,n=   0.00044   0.00047
 Src-osrc corr  17   5 o,n=   0.00005   0.00000
 Src-osrc corr  18   5 o,n=   0.00000   0.00002
 Src-osrc corr  11   6 o,n=   0.00000   0.00000
 Src-osrc corr  12   6 o,n=   0.14508   0.14508
 Src-osrc corr  15   6 o,n=   0.00001   0.00000
 Src-osrc corr  16   6 o,n=   0.00047   0.00047
 Src-osrc corr  17   6 o,n=   0.00000   0.00000
 Src-osrc corr  18   6 o,n=   0.00002   0.00002
 Src-osrc corr  11   7 o,n=   0.00000   0.00001
 Src-osrc corr  12   7 o,n=   0.14508   0.14533
 Src-osrc corr  15   7 o,n=   0.00000   0.00012
 Src-osrc corr  16   7 o,n=   0.00047   0.00059
 Src-osrc corr  17   7 o,n=   0.00000   0.00015
 Src-osrc corr  18   7 o,n=   0.00002   0.00026
 Src-osrc corr  11   8 o,n=   0.00001   0.00001
 Src-osrc corr  12   8 o,n=   0.14533   0.14534
 Src-osrc corr  15   8 o,n=   0.00012   0.00003
 Src-osrc corr  16   8 o,n=   0.00059   0.00063
 Src-osrc corr  17   8 o,n=   0.00015   0.00000
 Src-osrc corr  18   8 o,n=   0.00026   0.00023
 Src-osrc corr  11   9 o,n=   0.00001   0.00000
 Src-osrc corr  12   9 o,n=   0.14534   0.14534
 Src-osrc corr  15   9 o,n=   0.00003   0.00000
 Src-osrc corr  16   9 o,n=   0.00063   0.00063
 Src-osrc corr  18   9 o,n=   0.00023   0.00023
 Src-osrc corr  12  10 o,n=   0.14534   0.14515
 Src-osrc corr  16  10 o,n=   0.00063   0.00079
 Src-osrc corr  18  10 o,n=   0.00023   0.00126
 Src-osrc corr  12   2 o,n=   0.82742   0.14516
 Src-osrc corr  14   2 o,n=   0.82741   0.14514
 Src-osrc corr  11   4 o,n=   0.00000   0.00000
 Src-osrc corr  12   4 o,n=   0.14516   0.14509
 Src-osrc corr  15   4 o,n=   0.00000   0.00004
 Src-osrc corr  16   4 o,n=   0.00002   0.00044
 Src-osrc corr  17   4 o,n=   0.00000   0.00005
 Src-osrc corr  11   5 o,n=   0.00000   0.00000
 Src-osrc corr  12   5 o,n=   0.14509   0.14508
 Src-osrc corr  15   5 o,n=   0.00004   0.00001
 Src-osrc corr  16   5 o,n=   0.00044   0.00047
 Src-osrc corr  17   5 o,n=   0.00005   0.00000
 Src-osrc corr  18   5 o,n=   0.00000   0.00002
 Src-osrc corr  11   6 o,n=   0.00000   0.00000
 Src-osrc corr  12   6 o,n=   0.14508   0.14508
 Src-osrc corr  15   6 o,n=   0.00001   0.00000
 Src-osrc corr  16   6 o,n=   0.00047   0.00047
 Src-osrc corr  17   6 o,n=   0.00000   0.00000
 Src-osrc corr  18   6 o,n=   0.00002   0.00002
 Src-osrc corr  11   7 o,n=   0.00000   0.00001
 Src-osrc corr  12   7 o,n=   0.14508   0.14533
 Src-osrc corr  15   7 o,n=   0.00000   0.00012
 Src-osrc corr  16   7 o,n=   0.00047   0.00059
 Src-osrc corr  17   7 o,n=   0.00000   0.00015
 Src-osrc corr  18   7 o,n=   0.00002   0.00026
 Src-osrc corr  11   8 o,n=   0.00001   0.00001
 Src-osrc corr  12   8 o,n=   0.14533   0.14534
 Src-osrc corr  15   8 o,n=   0.00012   0.00003
 Src-osrc corr  16   8 o,n=   0.00059   0.00063
 Src-osrc corr  17   8 o,n=   0.00015   0.00000
 Src-osrc corr  18   8 o,n=   0.00026   0.00023
 Src-osrc corr  11   9 o,n=   0.00001   0.00000
 Src-osrc corr  12   9 o,n=   0.14534   0.14534
 Src-osrc corr  15   9 o,n=   0.00003   0.00000
 Src-osrc corr  16   9 o,n=   0.00063   0.00063
 Src-osrc corr  18   9 o,n=   0.00023   0.00023
 Src-osrc corr  12  10 o,n=   0.14534   0.14515
 Src-osrc corr  16  10 o,n=   0.00063   0.00079
 Src-osrc corr  18  10 o,n=   0.00023   0.00126
 Reaction Xsec    10.0-/11 @ 2 =     0.054 , Out:   0.000#   0.648/   2.685/   2.685/   0.000#   0.000#   0.048f

 Total SPIN, PARITY =    11.0 +,     18 chs,     18 cc.  Rmin & Coul turning =    1.7   11.1
 Src-osrc corr  11   1 o,n=   1.30038   0.39148
 Src-osrc corr  13   1 o,n=   1.30036   0.39146
 Src-osrc corr  11   3 o,n=   0.39148   0.39127
 Src-osrc corr  15   3 o,n=   0.00003   0.00019
 Src-osrc corr  17   3 o,n=   0.00002   0.00065
 Src-osrc corr  11   4 o,n=   0.39127   0.39127
 Src-osrc corr  12   4 o,n=   0.00000   0.00001
 Src-osrc corr  15   4 o,n=   0.00019   0.00020
 Src-osrc corr  16   4 o,n=   0.00000   0.00001
 Src-osrc corr  17   4 o,n=   0.00065   0.00065
 Src-osrc corr  11   5 o,n=   0.39127   0.39127
 Src-osrc corr  12   5 o,n=   0.00001   0.00002
 Src-osrc corr  15   5 o,n=   0.00020   0.00022
 Src-osrc corr  16   5 o,n=   0.00001   0.00007
 Src-osrc corr  17   5 o,n=   0.00065   0.00061
 Src-osrc corr  18   5 o,n=   0.00000   0.00005
 Src-osrc corr  11   6 o,n=   0.39127   0.39159
 Src-osrc corr  12   6 o,n=   0.00002   0.00000
 Src-osrc corr  15   6 o,n=   0.00022   0.00118
 Src-osrc corr  16   6 o,n=   0.00007   0.00000
 Src-osrc corr  17   6 o,n=   0.00061   0.00099
 Src-osrc corr  18   6 o,n=   0.00005   0.00000
 Src-osrc corr  11   7 o,n=   0.39159   0.39159
 Src-osrc corr  12   7 o,n=   0.00000   0.00001
 Src-osrc corr  15   7 o,n=   0.00118   0.00118
 Src-osrc corr  16   7 o,n=   0.00000   0.00001
 Src-osrc corr  17   7 o,n=   0.00099   0.00099
 Src-osrc corr  18   7 o,n=   0.00000   0.00001
 Src-osrc corr  11   8 o,n=   0.39159   0.39159
 Src-osrc corr  12   8 o,n=   0.00001   0.00003
 Src-osrc corr  15   8 o,n=   0.00118   0.00119
 Src-osrc corr  16   8 o,n=   0.00001   0.00012
 Src-osrc corr  17   8 o,n=   0.00099   0.00108
 Src-osrc corr  18   8 o,n=   0.00001   0.00009
 Src-osrc corr  11   9 o,n=   0.39159   0.39024
 Src-osrc corr  12   9 o,n=   0.00003   0.00000
 Src-osrc corr  15   9 o,n=   0.00119   0.01076
 Src-osrc corr  16   9 o,n=   0.00012   0.00000
 Src-osrc corr  18   9 o,n=   0.00009   0.00001
 Src-osrc corr  11   1 o,n=   1.30038   0.39148
 Src-osrc corr  13   1 o,n=   1.30036   0.39146
 Src-osrc corr  11   3 o,n=   0.39148   0.39127
 Src-osrc corr  15   3 o,n=   0.00003   0.00019
 Src-osrc corr  17   3 o,n=   0.00002   0.00065
 Src-osrc corr  11   4 o,n=   0.39127   0.39127
 Src-osrc corr  12   4 o,n=   0.00000   0.00001
 Src-osrc corr  15   4 o,n=   0.00019   0.00020
 Src-osrc corr  16   4 o,n=   0.00000   0.00001
 Src-osrc corr  17   4 o,n=   0.00065   0.00065
 Src-osrc corr  11   5 o,n=   0.39127   0.39127
 Src-osrc corr  12   5 o,n=   0.00001   0.00002
 Src-osrc corr  15   5 o,n=   0.00020   0.00022
 Src-osrc corr  16   5 o,n=   0.00001   0.00007
 Src-osrc corr  17   5 o,n=   0.00065   0.00061
 Src-osrc corr  18   5 o,n=   0.00000   0.00005
 Src-osrc corr  11   6 o,n=   0.39127   0.39159
 Src-osrc corr  12   6 o,n=   0.00002   0.00000
 Src-osrc corr  15   6 o,n=   0.00022   0.00118
 Src-osrc corr  16   6 o,n=   0.00007   0.00000
 Src-osrc corr  17   6 o,n=   0.00061   0.00099
 Src-osrc corr  18   6 o,n=   0.00005   0.00000
 Src-osrc corr  11   7 o,n=   0.39159   0.39159
 Src-osrc corr  12   7 o,n=   0.00000   0.00001
 Src-osrc corr  15   7 o,n=   0.00118   0.00118
 Src-osrc corr  16   7 o,n=   0.00000   0.00001
 Src-osrc corr  17   7 o,n=   0.00099   0.00099
 Src-osrc corr  18   7 o,n=   0.00000   0.00001
 Src-osrc corr  11   8 o,n=   0.39159   0.39159
 Src-osrc corr  12   8 o,n=   0.00001   0.00003
 Src-osrc corr  15   8 o,n=   0.00118   0.00119
 Src-osrc corr  16   8 o,n=   0.00001   0.00012
 Src-osrc corr  17   8 o,n=   0.00099   0.00108
 Src-osrc corr  18   8 o,n=   0.00001   0.00009
 Src-osrc corr  11   9 o,n=   0.39159   0.39024
 Src-osrc corr  12   9 o,n=   0.00003   0.00000
 Src-osrc corr  15   9 o,n=   0.00119   0.01076
 Src-osrc corr  16   9 o,n=   0.00012   0.00000
 Src-osrc corr  18   9 o,n=   0.00009   0.00001
 Src-osrc corr  11   1 o,n=   1.30021   0.39136
 Src-osrc corr  13   1 o,n=   1.30020   0.39134
 Src-osrc corr  11   3 o,n=   0.39136   0.39115
 Src-osrc corr  15   3 o,n=   0.00003   0.00019
 Src-osrc corr  17   3 o,n=   0.00002   0.00065
 Src-osrc corr  11   4 o,n=   0.39115   0.39115
 Src-osrc corr  12   4 o,n=   0.00000   0.00001
 Src-osrc corr  15   4 o,n=   0.00019   0.00020
 Src-osrc corr  16   4 o,n=   0.00000   0.00001
 Src-osrc corr  17   4 o,n=   0.00065   0.00065
 Src-osrc corr  11   5 o,n=   0.39115   0.39115
 Src-osrc corr  12   5 o,n=   0.00001   0.00002
 Src-osrc corr  15   5 o,n=   0.00020   0.00022
 Src-osrc corr  16   5 o,n=   0.00001   0.00007
 Src-osrc corr  17   5 o,n=   0.00065   0.00061
 Src-osrc corr  18   5 o,n=   0.00000   0.00005
 Src-osrc corr  11   6 o,n=   0.39115   0.39146
 Src-osrc corr  12   6 o,n=   0.00002   0.00000
 Src-osrc corr  15   6 o,n=   0.00022   0.00118
 Src-osrc corr  16   6 o,n=   0.00007   0.00000
 Src-osrc corr  17   6 o,n=   0.00061   0.00099
 Src-osrc corr  18   6 o,n=   0.00005   0.00000
 Src-osrc corr  11   7 o,n=   0.39146   0.39146
 Src-osrc corr  12   7 o,n=   0.00000   0.00001
 Src-osrc corr  15   7 o,n=   0.00118   0.00118
 Src-osrc corr  16   7 o,n=   0.00000   0.00001
 Src-osrc corr  17   7 o,n=   0.00099   0.00099
 Src-osrc corr  18   7 o,n=   0.00000   0.00001
 Src-osrc corr  11   8 o,n=   0.39146   0.39147
 Src-osrc corr  12   8 o,n=   0.00001   0.00003
 Src-osrc corr  15   8 o,n=   0.00118   0.00119
 Src-osrc corr  16   8 o,n=   0.00001   0.00012
 Src-osrc corr  17   8 o,n=   0.00099   0.00108
 Src-osrc corr  18   8 o,n=   0.00001   0.00009
 Src-osrc corr  11   9 o,n=   0.39147   0.39012
 Src-osrc corr  12   9 o,n=   0.00003   0.00000
 Src-osrc corr  15   9 o,n=   0.00119   0.01076
 Src-osrc corr  16   9 o,n=   0.00012   0.00000
 Src-osrc corr  18   9 o,n=   0.00009   0.00001
 Reaction Xsec    11.0+/10 @ 1 =     0.232 , Out:   0.000#   0.771/   0.016    0.016    0.000#   0.000#   0.199f
 Src-osrc corr  12   2 o,n=   0.57090   0.07570
 Src-osrc corr  14   2 o,n=   0.57089   0.07569
 Src-osrc corr  11   4 o,n=   0.00000   0.00000
 Src-osrc corr  12   4 o,n=   0.07570   0.07569
 Src-osrc corr  15   4 o,n=   0.00000   0.00001
 Src-osrc corr  16   4 o,n=   0.00001   0.00011
 Src-osrc corr  17   4 o,n=   0.00000   0.00001
 Src-osrc corr  11   5 o,n=   0.00000   0.00000
 Src-osrc corr  12   5 o,n=   0.07569   0.07569
 Src-osrc corr  15   5 o,n=   0.00001   0.00000
 Src-osrc corr  16   5 o,n=   0.00011   0.00012
 Src-osrc corr  17   5 o,n=   0.00001   0.00000
 Src-osrc corr  18   5 o,n=   0.00000   0.00000
 Src-osrc corr  11   6 o,n=   0.00000   0.00000
 Src-osrc corr  12   6 o,n=   0.07569   0.07569
 Src-osrc corr  15   6 o,n=   0.00000   0.00000
 Src-osrc corr  16   6 o,n=   0.00012   0.00012
 Src-osrc corr  17   6 o,n=   0.00000   0.00000
 Src-osrc corr  18   6 o,n=   0.00000   0.00000
 Src-osrc corr  11   7 o,n=   0.00000   0.00000
 Src-osrc corr  12   7 o,n=   0.07569   0.07577
 Src-osrc corr  15   7 o,n=   0.00000   0.00003
 Src-osrc corr  16   7 o,n=   0.00012   0.00019
 Src-osrc corr  17   7 o,n=   0.00000   0.00003
 Src-osrc corr  18   7 o,n=   0.00000   0.00008
 Src-osrc corr  11   8 o,n=   0.00000   0.00000
 Src-osrc corr  12   8 o,n=   0.07577   0.07578
 Src-osrc corr  15   8 o,n=   0.00003   0.00001
 Src-osrc corr  16   8 o,n=   0.00019   0.00020
 Src-osrc corr  17   8 o,n=   0.00003   0.00000
 Src-osrc corr  18   8 o,n=   0.00008   0.00007
 Src-osrc corr  11   9 o,n=   0.00000   0.00000
 Src-osrc corr  12   9 o,n=   0.07578   0.07578
 Src-osrc corr  15   9 o,n=   0.00001   0.00000
 Src-osrc corr  16   9 o,n=   0.00020   0.00020
 Src-osrc corr  18   9 o,n=   0.00007   0.00007
 Src-osrc corr  12  10 o,n=   0.07578   0.07574
 Src-osrc corr  16  10 o,n=   0.00020   0.00025
 Src-osrc corr  18  10 o,n=   0.00007   0.00034
 Src-osrc corr  12   2 o,n=   0.57090   0.07570
 Src-osrc corr  14   2 o,n=   0.57089   0.07569
 Src-osrc corr  11   4 o,n=   0.00000   0.00000
 Src-osrc corr  12   4 o,n=   0.07570   0.07569
 Src-osrc corr  15   4 o,n=   0.00000   0.00001
 Src-osrc corr  16   4 o,n=   0.00001   0.00011
 Src-osrc corr  17   4 o,n=   0.00000   0.00001
 Src-osrc corr  11   5 o,n=   0.00000   0.00000
 Src-osrc corr  12   5 o,n=   0.07569   0.07569
 Src-osrc corr  15   5 o,n=   0.00001   0.00000
 Src-osrc corr  16   5 o,n=   0.00011   0.00012
 Src-osrc corr  17   5 o,n=   0.00001   0.00000
 Src-osrc corr  18   5 o,n=   0.00000   0.00000
 Src-osrc corr  11   6 o,n=   0.00000   0.00000
 Src-osrc corr  12   6 o,n=   0.07569   0.07569
 Src-osrc corr  15   6 o,n=   0.00000   0.00000
 Src-osrc corr  16   6 o,n=   0.00012   0.00012
 Src-osrc corr  17   6 o,n=   0.00000   0.00000
 Src-osrc corr  18   6 o,n=   0.00000   0.00000
 Src-osrc corr  11   7 o,n=   0.00000   0.00000
 Src-osrc corr  12   7 o,n=   0.07569   0.07577
 Src-osrc corr  15   7 o,n=   0.00000   0.00003
 Src-osrc corr  16   7 o,n=   0.00012   0.00019
 Src-osrc corr  17   7 o,n=   0.00000   0.00003
 Src-osrc corr  18   7 o,n=   0.00000   0.00008
 Src-osrc corr  11   8 o,n=   0.00000   0.00000
 Src-osrc corr  12   8 o,n=   0.07577   0.07578
 Src-osrc corr  15   8 o,n=   0.00003   0.00001
 Src-osrc corr  16   8 o,n=   0.00019   0.00020
 Src-osrc corr  17   8 o,n=   0.00003   0.00000
 Src-osrc corr  18   8 o,n=   0.00008   0.00007
 Src-osrc corr  11   9 o,n=   0.00000   0.00000
 Src-osrc corr  12   9 o,n=   0.07578   0.07578
 Src-osrc corr  15   9 o,n=   0.00001   0.00000
 Src-osrc corr  16   9 o,n=   0.00020   0.00020
 Src-osrc corr  18   9 o,n=   0.00007   0.00007
 Src-osrc corr  12  10 o,n=   0.07578   0.07574
 Src-osrc corr  16  10 o,n=   0.00020   0.00025
 Src-osrc corr  18  10 o,n=   0.00007   0.00034
 Reaction Xsec    11.0+/12 @ 2 =     0.016 , Out:   0.000#   0.490/   1.365/   1.365/   0.000#   0.000#   0.013f

 Total SPIN, PARITY =    11.0 -,     16 chs,     16 cc.  Rmin & Coul turning =    1.7   11.1
 Src-osrc corr   9   1 o,n=   0.59768   0.10484
 Src-osrc corr  10   1 o,n=   0.57226   0.10040
 Src-osrc corr  11   1 o,n=   0.59767   0.10483
 Src-osrc corr  12   1 o,n=   0.57225   0.10039
 Src-osrc corr   9   2 o,n=   0.10484   0.10482
 Src-osrc corr  10   2 o,n=   0.10040   0.10033
 Src-osrc corr  13   2 o,n=   0.00001   0.00006
 Src-osrc corr  14   2 o,n=   0.00002   0.00031
 Src-osrc corr  15   2 o,n=   0.00001   0.00018
 Src-osrc corr   9   3 o,n=   0.10482   0.10482
 Src-osrc corr  10   3 o,n=   0.10033   0.10033
 Src-osrc corr  13   3 o,n=   0.00006   0.00006
 Src-osrc corr  14   3 o,n=   0.00031   0.00034
 Src-osrc corr  15   3 o,n=   0.00018   0.00018
 Src-osrc corr  16   3 o,n=   0.00000   0.00002
 Src-osrc corr   9   4 o,n=   0.10482   0.10481
 Src-osrc corr  10   4 o,n=   0.10033   0.10034
 Src-osrc corr  13   4 o,n=   0.00006   0.00007
 Src-osrc corr  14   4 o,n=   0.00034   0.00034
 Src-osrc corr  15   4 o,n=   0.00018   0.00017
 Src-osrc corr  16   4 o,n=   0.00002   0.00002
 Src-osrc corr   9   5 o,n=   0.10481   0.10489
 Src-osrc corr  10   5 o,n=   0.10034   0.10050
 Src-osrc corr  13   5 o,n=   0.00007   0.00024
 Src-osrc corr  14   5 o,n=   0.00034   0.00039
 Src-osrc corr  15   5 o,n=   0.00017   0.00022
 Src-osrc corr  16   5 o,n=   0.00002   0.00021
 Src-osrc corr   9   6 o,n=   0.10489   0.10489
 Src-osrc corr  10   6 o,n=   0.10050   0.10051
 Src-osrc corr  13   6 o,n=   0.00024   0.00025
 Src-osrc corr  14   6 o,n=   0.00039   0.00044
 Src-osrc corr  15   6 o,n=   0.00022   0.00022
 Src-osrc corr  16   6 o,n=   0.00021   0.00016
 Src-osrc corr   9   7 o,n=   0.10489   0.10490
 Src-osrc corr  10   7 o,n=   0.10051   0.10050
 Src-osrc corr  13   7 o,n=   0.00025   0.00026
 Src-osrc corr  14   7 o,n=   0.00044   0.00044
 Src-osrc corr  15   7 o,n=   0.00022   0.00028
 Src-osrc corr  16   7 o,n=   0.00016   0.00016
 Src-osrc corr   9   8 o,n=   0.10490   0.10468
 Src-osrc corr  10   8 o,n=   0.10050   0.10029
 Src-osrc corr  13   8 o,n=   0.00026   0.00191
 Src-osrc corr  14   8 o,n=   0.00044   0.00069
 Src-osrc corr  16   8 o,n=   0.00016   0.00154
 Src-osrc corr   9   1 o,n=   0.59768   0.10484
 Src-osrc corr  10   1 o,n=   0.57226   0.10040
 Src-osrc corr  11   1 o,n=   0.59767   0.10483
 Src-osrc corr  12   1 o,n=   0.57225   0.10039
 Src-osrc corr   9   2 o,n=   0.10484   0.10482
 Src-osrc corr  10   2 o,n=   0.10040   0.10033
 Src-osrc corr  13   2 o,n=   0.00001   0.00006
 Src-osrc corr  14   2 o,n=   0.00002   0.00031
 Src-osrc corr  15   2 o,n=   0.00001   0.00018
 Src-osrc corr   9   3 o,n=   0.10482   0.10482
 Src-osrc corr  10   3 o,n=   0.10033   0.10033
 Src-osrc corr  13   3 o,n=   0.00006   0.00006
 Src-osrc corr  14   3 o,n=   0.00031   0.00034
 Src-osrc corr  15   3 o,n=   0.00018   0.00018
 Src-osrc corr  16   3 o,n=   0.00000   0.00002
 Src-osrc corr   9   4 o,n=   0.10482   0.10481
 Src-osrc corr  10   4 o,n=   0.10033   0.10034
 Src-osrc corr  13   4 o,n=   0.00006   0.00007
 Src-osrc corr  14   4 o,n=   0.00034   0.00034
 Src-osrc corr  15   4 o,n=   0.00018   0.00017
 Src-osrc corr  16   4 o,n=   0.00002   0.00002
 Src-osrc corr   9   5 o,n=   0.10481   0.10489
 Src-osrc corr  10   5 o,n=   0.10034   0.10050
 Src-osrc corr  13   5 o,n=   0.00007   0.00024
 Src-osrc corr  14   5 o,n=   0.00034   0.00039
 Src-osrc corr  15   5 o,n=   0.00017   0.00022
 Src-osrc corr  16   5 o,n=   0.00002   0.00021
 Src-osrc corr   9   6 o,n=   0.10489   0.10489
 Src-osrc corr  10   6 o,n=   0.10050   0.10051
 Src-osrc corr  13   6 o,n=   0.00024   0.00025
 Src-osrc corr  14   6 o,n=   0.00039   0.00044
 Src-osrc corr  15   6 o,n=   0.00022   0.00022
 Src-osrc corr  16   6 o,n=   0.00021   0.00016
 Src-osrc corr   9   7 o,n=   0.10489   0.10490
 Src-osrc corr  10   7 o,n=   0.10051   0.10050
 Src-osrc corr  13   7 o,n=   0.00025   0.00026
 Src-osrc corr  14   7 o,n=   0.00044   0.00044
 Src-osrc corr  15   7 o,n=   0.00022   0.00028
 Src-osrc corr  16   7 o,n=   0.00016   0.00016
 Src-osrc corr   9   8 o,n=   0.10490   0.10468
 Src-osrc corr  10   8 o,n=   0.10050   0.10029
 Src-osrc corr  13   8 o,n=   0.00026   0.00191
 Src-osrc corr  14   8 o,n=   0.00044   0.00069
 Src-osrc corr  16   8 o,n=   0.00016   0.00154
 Reaction Xsec    11.0-/11 @ 1 =     0.059 , Out:   0.000#   0.710/   2.940/   2.940/   0.000#   0.000#   0.052f

 Total SPIN, PARITY =    12.0 +,     16 chs,     16 cc.  Rmin & Coul turning =    1.9   12.1
 Src-osrc corr   9   1 o,n=   0.41169   0.05458
 Src-osrc corr  10   1 o,n=   0.39554   0.05245
 Src-osrc corr  11   1 o,n=   0.41168   0.05458
 Src-osrc corr  12   1 o,n=   0.39554   0.05244
 Src-osrc corr   9   2 o,n=   0.05458   0.05458
 Src-osrc corr  10   2 o,n=   0.05245   0.05244
 Src-osrc corr  13   2 o,n=   0.00000   0.00001
 Src-osrc corr  14   2 o,n=   0.00001   0.00008
 Src-osrc corr  15   2 o,n=   0.00000   0.00004
 Src-osrc corr   9   3 o,n=   0.05458   0.05458
 Src-osrc corr  10   3 o,n=   0.05244   0.05244
 Src-osrc corr  13   3 o,n=   0.00001   0.00001
 Src-osrc corr  14   3 o,n=   0.00008   0.00008
 Src-osrc corr  15   3 o,n=   0.00004   0.00004
 Src-osrc corr  16   3 o,n=   0.00000   0.00000
 Src-osrc corr   9   4 o,n=   0.05458   0.05458
 Src-osrc corr  10   4 o,n=   0.05244   0.05244
 Src-osrc corr  13   4 o,n=   0.00001   0.00002
 Src-osrc corr  14   4 o,n=   0.00008   0.00008
 Src-osrc corr  15   4 o,n=   0.00004   0.00005
 Src-osrc corr  16   4 o,n=   0.00000   0.00000
 Src-osrc corr   9   5 o,n=   0.05458   0.05461
 Src-osrc corr  10   5 o,n=   0.05244   0.05249
 Src-osrc corr  13   5 o,n=   0.00002   0.00007
 Src-osrc corr  14   5 o,n=   0.00008   0.00013
 Src-osrc corr  15   5 o,n=   0.00005   0.00007
 Src-osrc corr  16   5 o,n=   0.00000   0.00006
 Src-osrc corr   9   6 o,n=   0.05461   0.05461
 Src-osrc corr  10   6 o,n=   0.05249   0.05250
 Src-osrc corr  13   6 o,n=   0.00007   0.00008
 Src-osrc corr  14   6 o,n=   0.00013   0.00014
 Src-osrc corr  15   6 o,n=   0.00007   0.00007
 Src-osrc corr  16   6 o,n=   0.00006   0.00005
 Src-osrc corr   9   7 o,n=   0.05461   0.05461
 Src-osrc corr  10   7 o,n=   0.05250   0.05250
 Src-osrc corr  13   7 o,n=   0.00008   0.00008
 Src-osrc corr  14   7 o,n=   0.00014   0.00014
 Src-osrc corr  15   7 o,n=   0.00007   0.00009
 Src-osrc corr  16   7 o,n=   0.00005   0.00005
 Src-osrc corr   9   8 o,n=   0.05461   0.05457
 Src-osrc corr  10   8 o,n=   0.05250   0.05246
 Src-osrc corr  13   8 o,n=   0.00008   0.00050
 Src-osrc corr  14   8 o,n=   0.00014   0.00020
 Src-osrc corr  16   8 o,n=   0.00005   0.00040
 Src-osrc corr   9   1 o,n=   0.41169   0.05458
 Src-osrc corr  10   1 o,n=   0.39554   0.05245
 Src-osrc corr  11   1 o,n=   0.41168   0.05458
 Src-osrc corr  12   1 o,n=   0.39554   0.05244
 Src-osrc corr   9   2 o,n=   0.05458   0.05458
 Src-osrc corr  10   2 o,n=   0.05245   0.05244
 Src-osrc corr  13   2 o,n=   0.00000   0.00001
 Src-osrc corr  14   2 o,n=   0.00001   0.00008
 Src-osrc corr  15   2 o,n=   0.00000   0.00004
 Src-osrc corr   9   3 o,n=   0.05458   0.05458
 Src-osrc corr  10   3 o,n=   0.05244   0.05244
 Src-osrc corr  13   3 o,n=   0.00001   0.00001
 Src-osrc corr  14   3 o,n=   0.00008   0.00008
 Src-osrc corr  15   3 o,n=   0.00004   0.00004
 Src-osrc corr  16   3 o,n=   0.00000   0.00000
 Src-osrc corr   9   4 o,n=   0.05458   0.05458
 Src-osrc corr  10   4 o,n=   0.05244   0.05244
 Src-osrc corr  13   4 o,n=   0.00001   0.00002
 Src-osrc corr  14   4 o,n=   0.00008   0.00008
 Src-osrc corr  15   4 o,n=   0.00004   0.00005
 Src-osrc corr  16   4 o,n=   0.00000   0.00000
 Src-osrc corr   9   5 o,n=   0.05458   0.05461
 Src-osrc corr  10   5 o,n=   0.05244   0.05249
 Src-osrc corr  13   5 o,n=   0.00002   0.00007
 Src-osrc corr  14   5 o,n=   0.00008   0.00013
 Src-osrc corr  15   5 o,n=   0.00005   0.00007
 Src-osrc corr  16   5 o,n=   0.00000   0.00006
 Src-osrc corr   9   6 o,n=   0.05461   0.05461
 Src-osrc corr  10   6 o,n=   0.05249   0.05250
 Src-osrc corr  13   6 o,n=   0.00007   0.00008
 Src-osrc corr  14   6 o,n=   0.00013   0.00014
 Src-osrc corr  15   6 o,n=   0.00007   0.00007
 Src-osrc corr  16   6 o,n=   0.00006   0.00005
 Src-osrc corr   9   7 o,n=   0.05461   0.05461
 Src-osrc corr  10   7 o,n=   0.05250   0.05250
 Src-osrc corr  13   7 o,n=   0.00008   0.00008
 Src-osrc corr  14   7 o,n=   0.00014   0.00014
 Src-osrc corr  15   7 o,n=   0.00007   0.00009
 Src-osrc corr  16   7 o,n=   0.00005   0.00005
 Src-osrc corr   9   8 o,n=   0.05461   0.05457
 Src-osrc corr  10   8 o,n=   0.05250   0.05246
 Src-osrc corr  13   8 o,n=   0.00008   0.00050
 Src-osrc corr  14   8 o,n=   0.00014   0.00020
 Src-osrc corr  16   8 o,n=   0.00005   0.00040
 Reaction Xsec    12.0+/12 @ 1 =     0.018 , Out:   0.000#   0.532/   1.484/   1.484/   0.000#   0.000#   0.014f

 Total SPIN, PARITY =    12.0 -,     18 chs,     18 cc.  Rmin & Coul turning =    1.9   12.1
 Src-osrc corr  11   1 o,n=   0.82751   0.14517
 Src-osrc corr  13   1 o,n=   0.82749   0.14515
 Src-osrc corr  11   3 o,n=   0.14517   0.14512
 Src-osrc corr  15   3 o,n=   0.00001   0.00005
 Src-osrc corr  17   3 o,n=   0.00001   0.00016
 Src-osrc corr  11   4 o,n=   0.14512   0.14512
 Src-osrc corr  12   4 o,n=   0.00000   0.00000
 Src-osrc corr  15   4 o,n=   0.00005   0.00005
 Src-osrc corr  16   4 o,n=   0.00000   0.00000
 Src-osrc corr  17   4 o,n=   0.00016   0.00016
 Src-osrc corr  11   5 o,n=   0.14512   0.14512
 Src-osrc corr  12   5 o,n=   0.00000   0.00000
 Src-osrc corr  15   5 o,n=   0.00005   0.00005
 Src-osrc corr  16   5 o,n=   0.00000   0.00001
 Src-osrc corr  17   5 o,n=   0.00016   0.00015
 Src-osrc corr  18   5 o,n=   0.00000   0.00001
 Src-osrc corr  11   6 o,n=   0.14512   0.14522
 Src-osrc corr  12   6 o,n=   0.00000   0.00000
 Src-osrc corr  15   6 o,n=   0.00005   0.00033
 Src-osrc corr  16   6 o,n=   0.00001   0.00000
 Src-osrc corr  17   6 o,n=   0.00015   0.00028
 Src-osrc corr  18   6 o,n=   0.00001   0.00000
 Src-osrc corr  11   7 o,n=   0.14522   0.14522
 Src-osrc corr  12   7 o,n=   0.00000   0.00000
 Src-osrc corr  15   7 o,n=   0.00033   0.00033
 Src-osrc corr  16   7 o,n=   0.00000   0.00000
 Src-osrc corr  17   7 o,n=   0.00028   0.00028
 Src-osrc corr  18   7 o,n=   0.00000   0.00000
 Src-osrc corr  11   8 o,n=   0.14522   0.14522
 Src-osrc corr  12   8 o,n=   0.00000   0.00001
 Src-osrc corr  15   8 o,n=   0.00033   0.00034
 Src-osrc corr  16   8 o,n=   0.00000   0.00003
 Src-osrc corr  17   8 o,n=   0.00028   0.00030
 Src-osrc corr  18   8 o,n=   0.00000   0.00002
 Src-osrc corr  11   9 o,n=   0.14522   0.14491
 Src-osrc corr  12   9 o,n=   0.00001   0.00000
 Src-osrc corr  15   9 o,n=   0.00034   0.00273
 Src-osrc corr  16   9 o,n=   0.00003   0.00000
 Src-osrc corr  18   9 o,n=   0.00002   0.00000
 Src-osrc corr  11   1 o,n=   0.82751   0.14517
 Src-osrc corr  13   1 o,n=   0.82749   0.14515
 Src-osrc corr  11   3 o,n=   0.14517   0.14512
 Src-osrc corr  15   3 o,n=   0.00001   0.00005
 Src-osrc corr  17   3 o,n=   0.00001   0.00016
 Src-osrc corr  11   4 o,n=   0.14512   0.14512
 Src-osrc corr  12   4 o,n=   0.00000   0.00000
 Src-osrc corr  15   4 o,n=   0.00005   0.00005
 Src-osrc corr  16   4 o,n=   0.00000   0.00000
 Src-osrc corr  17   4 o,n=   0.00016   0.00016
 Src-osrc corr  11   5 o,n=   0.14512   0.14512
 Src-osrc corr  12   5 o,n=   0.00000   0.00000
 Src-osrc corr  15   5 o,n=   0.00005   0.00005
 Src-osrc corr  16   5 o,n=   0.00000   0.00001
 Src-osrc corr  17   5 o,n=   0.00016   0.00015
 Src-osrc corr  18   5 o,n=   0.00000   0.00001
 Src-osrc corr  11   6 o,n=   0.14512   0.14522
 Src-osrc corr  12   6 o,n=   0.00000   0.00000
 Src-osrc corr  15   6 o,n=   0.00005   0.00033
 Src-osrc corr  16   6 o,n=   0.00001   0.00000
 Src-osrc corr  17   6 o,n=   0.00015   0.00028
 Src-osrc corr  18   6 o,n=   0.00001   0.00000
 Src-osrc corr  11   7 o,n=   0.14522   0.14522
 Src-osrc corr  12   7 o,n=   0.00000   0.00000
 Src-osrc corr  15   7 o,n=   0.00033   0.00033
 Src-osrc corr  16   7 o,n=   0.00000   0.00000
 Src-osrc corr  17   7 o,n=   0.00028   0.00028
 Src-osrc corr  18   7 o,n=   0.00000   0.00000
 Src-osrc corr  11   8 o,n=   0.14522   0.14522
 Src-osrc corr  12   8 o,n=   0.00000   0.00001
 Src-osrc corr  15   8 o,n=   0.00033   0.00034
 Src-osrc corr  16   8 o,n=   0.00000   0.00003
 Src-osrc corr  17   8 o,n=   0.00028   0.00030
 Src-osrc corr  18   8 o,n=   0.00000   0.00002
 Src-osrc corr  11   9 o,n=   0.14522   0.14491
 Src-osrc corr  12   9 o,n=   0.00001   0.00000
 Src-osrc corr  15   9 o,n=   0.00034   0.00273
 Src-osrc corr  16   9 o,n=   0.00003   0.00000
 Src-osrc corr  18   9 o,n=   0.00002   0.00000
 Reaction Xsec    12.0-/11 @ 1 =     0.064 , Out:   0.000#   0.772/   3.196/   3.196/   0.000#   0.000#   0.057f
 Src-osrc corr  12   2 o,n=   0.42569   0.06594
 Src-osrc corr  14   2 o,n=   0.42569   0.06594
 Src-osrc corr  11   4 o,n=   0.00000   0.00000
 Src-osrc corr  12   4 o,n=   0.06594   0.06595
 Src-osrc corr  15   4 o,n=   0.00000   0.00000
 Src-osrc corr  16   4 o,n=   0.00001   0.00003
 Src-osrc corr  17   4 o,n=   0.00000   0.00000
 Src-osrc corr  11   5 o,n=   0.00000   0.00000
 Src-osrc corr  12   5 o,n=   0.06595   0.06595
 Src-osrc corr  15   5 o,n=   0.00000   0.00000
 Src-osrc corr  16   5 o,n=   0.00003   0.00004
 Src-osrc corr  17   5 o,n=   0.00000   0.00000
 Src-osrc corr  18   5 o,n=   0.00000   0.00000
 Src-osrc corr  11   6 o,n=   0.00000   0.00000
 Src-osrc corr  12   6 o,n=   0.06595   0.06595
 Src-osrc corr  15   6 o,n=   0.00000   0.00000
 Src-osrc corr  16   6 o,n=   0.00004   0.00004
 Src-osrc corr  17   6 o,n=   0.00000   0.00000
 Src-osrc corr  18   6 o,n=   0.00000   0.00000
 Src-osrc corr  11   7 o,n=   0.00000   0.00000
 Src-osrc corr  12   7 o,n=   0.06595   0.06597
 Src-osrc corr  15   7 o,n=   0.00000   0.00001
 Src-osrc corr  16   7 o,n=   0.00004   0.00007
 Src-osrc corr  17   7 o,n=   0.00000   0.00001
 Src-osrc corr  18   7 o,n=   0.00000   0.00002
 Src-osrc corr  11   8 o,n=   0.00000   0.00000
 Src-osrc corr  12   8 o,n=   0.06597   0.06597
 Src-osrc corr  15   8 o,n=   0.00001   0.00000
 Src-osrc corr  16   8 o,n=   0.00007   0.00008
 Src-osrc corr  17   8 o,n=   0.00001   0.00000
 Src-osrc corr  18   8 o,n=   0.00002   0.00002
 Src-osrc corr  11   9 o,n=   0.00000   0.00000
 Src-osrc corr  12   9 o,n=   0.06597   0.06597
 Src-osrc corr  15   9 o,n=   0.00000   0.00000
 Src-osrc corr  16   9 o,n=   0.00008   0.00008
 Src-osrc corr  18   9 o,n=   0.00002   0.00002
 Src-osrc corr  12  10 o,n=   0.06597   0.06598
 Src-osrc corr  16  10 o,n=   0.00008   0.00009
 Src-osrc corr  18  10 o,n=   0.00002   0.00010
 Src-osrc corr  12   2 o,n=   0.42569   0.06594
 Src-osrc corr  14   2 o,n=   0.42569   0.06594
 Src-osrc corr  11   4 o,n=   0.00000   0.00000
 Src-osrc corr  12   4 o,n=   0.06594   0.06595
 Src-osrc corr  15   4 o,n=   0.00000   0.00000
 Src-osrc corr  16   4 o,n=   0.00001   0.00003
 Src-osrc corr  17   4 o,n=   0.00000   0.00000
 Src-osrc corr  11   5 o,n=   0.00000   0.00000
 Src-osrc corr  12   5 o,n=   0.06595   0.06595
 Src-osrc corr  15   5 o,n=   0.00000   0.00000
 Src-osrc corr  16   5 o,n=   0.00003   0.00004
 Src-osrc corr  17   5 o,n=   0.00000   0.00000
 Src-osrc corr  18   5 o,n=   0.00000   0.00000
 Src-osrc corr  11   6 o,n=   0.00000   0.00000
 Src-osrc corr  12   6 o,n=   0.06595   0.06595
 Src-osrc corr  15   6 o,n=   0.00000   0.00000
 Src-osrc corr  16   6 o,n=   0.00004   0.00004
 Src-osrc corr  17   6 o,n=   0.00000   0.00000
 Src-osrc corr  18   6 o,n=   0.00000   0.00000
 Src-osrc corr  11   7 o,n=   0.00000   0.00000
 Src-osrc corr  12   7 o,n=   0.06595   0.06597
 Src-osrc corr  15   7 o,n=   0.00000   0.00001
 Src-osrc corr  16   7 o,n=   0.00004   0.00007
 Src-osrc corr  17   7 o,n=   0.00000   0.00001
 Src-osrc corr  18   7 o,n=   0.00000   0.00002
 Src-osrc corr  11   8 o,n=   0.00000   0.00000
 Src-osrc corr  12   8 o,n=   0.06597   0.06597
 Src-osrc corr  15   8 o,n=   0.00001   0.00000
 Src-osrc corr  16   8 o,n=   0.00007   0.00008
 Src-osrc corr  17   8 o,n=   0.00001   0.00000
 Src-osrc corr  18   8 o,n=   0.00002   0.00002
 Src-osrc corr  11   9 o,n=   0.00000   0.00000
 Src-osrc corr  12   9 o,n=   0.06597   0.06597
 Src-osrc corr  15   9 o,n=   0.00000   0.00000
 Src-osrc corr  16   9 o,n=   0.00008   0.00008
 Src-osrc corr  18   9 o,n=   0.00002   0.00002
 Src-osrc corr  12  10 o,n=   0.06597   0.06598
 Src-osrc corr  16  10 o,n=   0.00008   0.00009
 Src-osrc corr  18  10 o,n=   0.00002   0.00010
 Reaction Xsec    12.0-/13 @ 2 =     7.659/, Out:   0.000#   0.328/   1.896/   1.896/   0.000#   0.000#   0.004f

 Total SPIN, PARITY =    13.0 +,     18 chs,     18 cc.  Rmin & Coul turning =    2.0   13.0
 Src-osrc corr  11   1 o,n=   0.57092   0.07570
 Src-osrc corr  13   1 o,n=   0.57092   0.07569
 Src-osrc corr  11   3 o,n=   0.07570   0.07569
 Src-osrc corr  15   3 o,n=   0.00001   0.00001
 Src-osrc corr  17   3 o,n=   0.00000   0.00004
 Src-osrc corr  11   4 o,n=   0.07569   0.07569
 Src-osrc corr  12   4 o,n=   0.00000   0.00000
 Src-osrc corr  15   4 o,n=   0.00001   0.00001
 Src-osrc corr  16   4 o,n=   0.00000   0.00000
 Src-osrc corr  17   4 o,n=   0.00004   0.00004
 Src-osrc corr  11   5 o,n=   0.07569   0.07569
 Src-osrc corr  12   5 o,n=   0.00000   0.00000
 Src-osrc corr  15   5 o,n=   0.00001   0.00001
 Src-osrc corr  16   5 o,n=   0.00000   0.00000
 Src-osrc corr  17   5 o,n=   0.00004   0.00004
 Src-osrc corr  18   5 o,n=   0.00000   0.00000
 Src-osrc corr  11   6 o,n=   0.07569   0.07572
 Src-osrc corr  12   6 o,n=   0.00000   0.00000
 Src-osrc corr  15   6 o,n=   0.00001   0.00010
 Src-osrc corr  16   6 o,n=   0.00000   0.00000
 Src-osrc corr  17   6 o,n=   0.00004   0.00009
 Src-osrc corr  18   6 o,n=   0.00000   0.00000
 Src-osrc corr  11   7 o,n=   0.07572   0.07572
 Src-osrc corr  12   7 o,n=   0.00000   0.00000
 Src-osrc corr  15   7 o,n=   0.00010   0.00010
 Src-osrc corr  16   7 o,n=   0.00000   0.00000
 Src-osrc corr  17   7 o,n=   0.00009   0.00009
 Src-osrc corr  18   7 o,n=   0.00000   0.00000
 Src-osrc corr  11   8 o,n=   0.07572   0.07572
 Src-osrc corr  12   8 o,n=   0.00000   0.00000
 Src-osrc corr  15   8 o,n=   0.00010   0.00010
 Src-osrc corr  16   8 o,n=   0.00000   0.00001
 Src-osrc corr  17   8 o,n=   0.00009   0.00009
 Src-osrc corr  18   8 o,n=   0.00000   0.00001
 Src-osrc corr  11   9 o,n=   0.07572   0.07567
 Src-osrc corr  12   9 o,n=   0.00000   0.00000
 Src-osrc corr  15   9 o,n=   0.00010   0.00072
 Src-osrc corr  16   9 o,n=   0.00001   0.00000
 Src-osrc corr  18   9 o,n=   0.00001   0.00000
 Src-osrc corr  11   1 o,n=   0.57092   0.07570
 Src-osrc corr  13   1 o,n=   0.57092   0.07569
 Src-osrc corr  11   3 o,n=   0.07570   0.07569
 Src-osrc corr  15   3 o,n=   0.00001   0.00001
 Src-osrc corr  17   3 o,n=   0.00000   0.00004
 Src-osrc corr  11   4 o,n=   0.07569   0.07569
 Src-osrc corr  12   4 o,n=   0.00000   0.00000
 Src-osrc corr  15   4 o,n=   0.00001   0.00001
 Src-osrc corr  16   4 o,n=   0.00000   0.00000
 Src-osrc corr  17   4 o,n=   0.00004   0.00004
 Src-osrc corr  11   5 o,n=   0.07569   0.07569
 Src-osrc corr  12   5 o,n=   0.00000   0.00000
 Src-osrc corr  15   5 o,n=   0.00001   0.00001
 Src-osrc corr  16   5 o,n=   0.00000   0.00000
 Src-osrc corr  17   5 o,n=   0.00004   0.00004
 Src-osrc corr  18   5 o,n=   0.00000   0.00000
 Src-osrc corr  11   6 o,n=   0.07569   0.07572
 Src-osrc corr  12   6 o,n=   0.00000   0.00000
 Src-osrc corr  15   6 o,n=   0.00001   0.00010
 Src-osrc corr  16   6 o,n=   0.00000   0.00000
 Src-osrc corr  17   6 o,n=   0.00004   0.00009
 Src-osrc corr  18   6 o,n=   0.00000   0.00000
 Src-osrc corr  11   7 o,n=   0.07572   0.07572
 Src-osrc corr  12   7 o,n=   0.00000   0.00000
 Src-osrc corr  15   7 o,n=   0.00010   0.00010
 Src-osrc corr  16   7 o,n=   0.00000   0.00000
 Src-osrc corr  17   7 o,n=   0.00009   0.00009
 Src-osrc corr  18   7 o,n=   0.00000   0.00000
 Src-osrc corr  11   8 o,n=   0.07572   0.07572
 Src-osrc corr  12   8 o,n=   0.00000   0.00000
 Src-osrc corr  15   8 o,n=   0.00010   0.00010
 Src-osrc corr  16   8 o,n=   0.00000   0.00001
 Src-osrc corr  17   8 o,n=   0.00009   0.00009
 Src-osrc corr  18   8 o,n=   0.00000   0.00001
 Src-osrc corr  11   9 o,n=   0.07572   0.07567
 Src-osrc corr  12   9 o,n=   0.00000   0.00000
 Src-osrc corr  15   9 o,n=   0.00010   0.00072
 Src-osrc corr  16   9 o,n=   0.00001   0.00000
 Src-osrc corr  18   9 o,n=   0.00001   0.00000
 Reaction Xsec    13.0+/12 @ 1 =     0.019 , Out:   0.000#   0.575/   1.602/   1.602/   0.000#   0.000#   0.015f
 Src-osrc corr  12   2 o,n=   0.31382   0.05203
 Src-osrc corr  14   2 o,n=   0.31382   0.05202
 Src-osrc corr  11   4 o,n=   0.00000   0.00000
 Src-osrc corr  12   4 o,n=   0.05203   0.05203
 Src-osrc corr  15   4 o,n=   0.00000   0.00000
 Src-osrc corr  16   4 o,n=   0.00000   0.00002
 Src-osrc corr  17   4 o,n=   0.00000   0.00000
 Src-osrc corr  11   5 o,n=   0.00000   0.00000
 Src-osrc corr  12   5 o,n=   0.05203   0.05203
 Src-osrc corr  15   5 o,n=   0.00000   0.00000
 Src-osrc corr  16   5 o,n=   0.00002   0.00002
 Src-osrc corr  17   5 o,n=   0.00000   0.00000
 Src-osrc corr  18   5 o,n=   0.00000   0.00000
 Src-osrc corr  11   6 o,n=   0.00000   0.00000
 Src-osrc corr  12   6 o,n=   0.05203   0.05203
 Src-osrc corr  15   6 o,n=   0.00000   0.00000
 Src-osrc corr  16   6 o,n=   0.00002   0.00002
 Src-osrc corr  17   6 o,n=   0.00000   0.00000
 Src-osrc corr  18   6 o,n=   0.00000   0.00000
 Src-osrc corr  11   7 o,n=   0.00000   0.00000
 Src-osrc corr  12   7 o,n=   0.05203   0.05204
 Src-osrc corr  15   7 o,n=   0.00000   0.00000
 Src-osrc corr  16   7 o,n=   0.00002   0.00003
 Src-osrc corr  17   7 o,n=   0.00000   0.00000
 Src-osrc corr  18   7 o,n=   0.00000   0.00001
 Src-osrc corr  11   8 o,n=   0.00000   0.00000
 Src-osrc corr  12   8 o,n=   0.05204   0.05204
 Src-osrc corr  15   8 o,n=   0.00000   0.00000
 Src-osrc corr  16   8 o,n=   0.00003   0.00003
 Src-osrc corr  17   8 o,n=   0.00000   0.00000
 Src-osrc corr  18   8 o,n=   0.00001   0.00001
 Src-osrc corr  11   9 o,n=   0.00000   0.00000
 Src-osrc corr  12   9 o,n=   0.05204   0.05204
 Src-osrc corr  15   9 o,n=   0.00000   0.00000
 Src-osrc corr  16   9 o,n=   0.00003   0.00003
 Src-osrc corr  18   9 o,n=   0.00001   0.00001
 Src-osrc corr  12  10 o,n=   0.05204   0.05205
 Src-osrc corr  16  10 o,n=   0.00003   0.00004
 Src-osrc corr  18  10 o,n=   0.00001   0.00004
 Src-osrc corr  12   2 o,n=   0.31382   0.05203
 Src-osrc corr  14   2 o,n=   0.31382   0.05202
 Src-osrc corr  11   4 o,n=   0.00000   0.00000
 Src-osrc corr  12   4 o,n=   0.05203   0.05203
 Src-osrc corr  15   4 o,n=   0.00000   0.00000
 Src-osrc corr  16   4 o,n=   0.00000   0.00002
 Src-osrc corr  17   4 o,n=   0.00000   0.00000
 Src-osrc corr  11   5 o,n=   0.00000   0.00000
 Src-osrc corr  12   5 o,n=   0.05203   0.05203
 Src-osrc corr  15   5 o,n=   0.00000   0.00000
 Src-osrc corr  16   5 o,n=   0.00002   0.00002
 Src-osrc corr  17   5 o,n=   0.00000   0.00000
 Src-osrc corr  18   5 o,n=   0.00000   0.00000
 Src-osrc corr  11   6 o,n=   0.00000   0.00000
 Src-osrc corr  12   6 o,n=   0.05203   0.05203
 Src-osrc corr  15   6 o,n=   0.00000   0.00000
 Src-osrc corr  16   6 o,n=   0.00002   0.00002
 Src-osrc corr  17   6 o,n=   0.00000   0.00000
 Src-osrc corr  18   6 o,n=   0.00000   0.00000
 Src-osrc corr  11   7 o,n=   0.00000   0.00000
 Src-osrc corr  12   7 o,n=   0.05203   0.05204
 Src-osrc corr  15   7 o,n=   0.00000   0.00000
 Src-osrc corr  16   7 o,n=   0.00002   0.00003
 Src-osrc corr  17   7 o,n=   0.00000   0.00000
 Src-osrc corr  18   7 o,n=   0.00000   0.00001
 Src-osrc corr  11   8 o,n=   0.00000   0.00000
 Src-osrc corr  12   8 o,n=   0.05204   0.05204
 Src-osrc corr  15   8 o,n=   0.00000   0.00000
 Src-osrc corr  16   8 o,n=   0.00003   0.00003
 Src-osrc corr  17   8 o,n=   0.00000   0.00000
 Src-osrc corr  18   8 o,n=   0.00001   0.00001
 Src-osrc corr  11   9 o,n=   0.00000   0.00000
 Src-osrc corr  12   9 o,n=   0.05204   0.05204
 Src-osrc corr  15   9 o,n=   0.00000   0.00000
 Src-osrc corr  16   9 o,n=   0.00003   0.00003
 Src-osrc corr  18   9 o,n=   0.00001   0.00001
 Src-osrc corr  12  10 o,n=   0.05204   0.05205
 Src-osrc corr  16  10 o,n=   0.00003   0.00004
 Src-osrc corr  18  10 o,n=   0.00001   0.00004
 Reaction Xsec    13.0+/14 @ 2 =     4.641/, Out:   0.000#   0.255/   1.777/   1.777/   0.000#   0.000#   0.001f

 Total SPIN, PARITY =    13.0 -,     16 chs,     16 cc.  Rmin & Coul turning =    2.0   13.0
 Src-osrc corr   9   1 o,n=   0.30654   0.04748
 Src-osrc corr  10   1 o,n=   0.29539   0.04576
 Src-osrc corr  11   1 o,n=   0.30653   0.04748
 Src-osrc corr  12   1 o,n=   0.29538   0.04575
 Src-osrc corr   9   2 o,n=   0.04748   0.04748
 Src-osrc corr  10   2 o,n=   0.04576   0.04576
 Src-osrc corr  13   2 o,n=   0.00000   0.00001
 Src-osrc corr  14   2 o,n=   0.00000   0.00002
 Src-osrc corr  15   2 o,n=   0.00000   0.00001
 Src-osrc corr   9   3 o,n=   0.04748   0.04748
 Src-osrc corr  10   3 o,n=   0.04576   0.04576
 Src-osrc corr  13   3 o,n=   0.00001   0.00001
 Src-osrc corr  14   3 o,n=   0.00002   0.00003
 Src-osrc corr  15   3 o,n=   0.00001   0.00001
 Src-osrc corr  16   3 o,n=   0.00000   0.00000
 Src-osrc corr   9   4 o,n=   0.04748   0.04748
 Src-osrc corr  10   4 o,n=   0.04576   0.04576
 Src-osrc corr  13   4 o,n=   0.00001   0.00000
 Src-osrc corr  14   4 o,n=   0.00003   0.00003
 Src-osrc corr  15   4 o,n=   0.00001   0.00002
 Src-osrc corr  16   4 o,n=   0.00000   0.00000
 Src-osrc corr   9   5 o,n=   0.04748   0.04749
 Src-osrc corr  10   5 o,n=   0.04576   0.04578
 Src-osrc corr  13   5 o,n=   0.00000   0.00003
 Src-osrc corr  14   5 o,n=   0.00003   0.00005
 Src-osrc corr  15   5 o,n=   0.00002   0.00003
 Src-osrc corr  16   5 o,n=   0.00000   0.00002
 Src-osrc corr   9   6 o,n=   0.04749   0.04749
 Src-osrc corr  10   6 o,n=   0.04578   0.04578
 Src-osrc corr  13   6 o,n=   0.00003   0.00003
 Src-osrc corr  14   6 o,n=   0.00005   0.00005
 Src-osrc corr  15   6 o,n=   0.00003   0.00003
 Src-osrc corr  16   6 o,n=   0.00002   0.00002
 Src-osrc corr   9   7 o,n=   0.04749   0.04749
 Src-osrc corr  10   7 o,n=   0.04578   0.04578
 Src-osrc corr  13   7 o,n=   0.00003   0.00002
 Src-osrc corr  14   7 o,n=   0.00005   0.00005
 Src-osrc corr  15   7 o,n=   0.00003   0.00003
 Src-osrc corr  16   7 o,n=   0.00002   0.00002
 Src-osrc corr   9   8 o,n=   0.04749   0.04750
 Src-osrc corr  10   8 o,n=   0.04578   0.04578
 Src-osrc corr  13   8 o,n=   0.00002   0.00015
 Src-osrc corr  14   8 o,n=   0.00005   0.00008
 Src-osrc corr  16   8 o,n=   0.00002   0.00012
 Src-osrc corr   9   1 o,n=   0.30654   0.04748
 Src-osrc corr  10   1 o,n=   0.29539   0.04576
 Src-osrc corr  11   1 o,n=   0.30653   0.04748
 Src-osrc corr  12   1 o,n=   0.29538   0.04575
 Src-osrc corr   9   2 o,n=   0.04748   0.04748
 Src-osrc corr  10   2 o,n=   0.04576   0.04576
 Src-osrc corr  13   2 o,n=   0.00000   0.00001
 Src-osrc corr  14   2 o,n=   0.00000   0.00002
 Src-osrc corr  15   2 o,n=   0.00000   0.00001
 Src-osrc corr   9   3 o,n=   0.04748   0.04748
 Src-osrc corr  10   3 o,n=   0.04576   0.04576
 Src-osrc corr  13   3 o,n=   0.00001   0.00001
 Src-osrc corr  14   3 o,n=   0.00002   0.00003
 Src-osrc corr  15   3 o,n=   0.00001   0.00001
 Src-osrc corr  16   3 o,n=   0.00000   0.00000
 Src-osrc corr   9   4 o,n=   0.04748   0.04748
 Src-osrc corr  10   4 o,n=   0.04576   0.04576
 Src-osrc corr  13   4 o,n=   0.00001   0.00000
 Src-osrc corr  14   4 o,n=   0.00003   0.00003
 Src-osrc corr  15   4 o,n=   0.00001   0.00002
 Src-osrc corr  16   4 o,n=   0.00000   0.00000
 Src-osrc corr   9   5 o,n=   0.04748   0.04749
 Src-osrc corr  10   5 o,n=   0.04576   0.04578
 Src-osrc corr  13   5 o,n=   0.00000   0.00003
 Src-osrc corr  14   5 o,n=   0.00003   0.00005
 Src-osrc corr  15   5 o,n=   0.00002   0.00003
 Src-osrc corr  16   5 o,n=   0.00000   0.00002
 Src-osrc corr   9   6 o,n=   0.04749   0.04749
 Src-osrc corr  10   6 o,n=   0.04578   0.04578
 Src-osrc corr  13   6 o,n=   0.00003   0.00003
 Src-osrc corr  14   6 o,n=   0.00005   0.00005
 Src-osrc corr  15   6 o,n=   0.00003   0.00003
 Src-osrc corr  16   6 o,n=   0.00002   0.00002
 Src-osrc corr   9   7 o,n=   0.04749   0.04749
 Src-osrc corr  10   7 o,n=   0.04578   0.04578
 Src-osrc corr  13   7 o,n=   0.00003   0.00002
 Src-osrc corr  14   7 o,n=   0.00005   0.00005
 Src-osrc corr  15   7 o,n=   0.00003   0.00003
 Src-osrc corr  16   7 o,n=   0.00002   0.00002
 Src-osrc corr   9   8 o,n=   0.04749   0.04750
 Src-osrc corr  10   8 o,n=   0.04578   0.04578
 Src-osrc corr  13   8 o,n=   0.00002   0.00015
 Src-osrc corr  14   8 o,n=   0.00005   0.00008
 Src-osrc corr  16   8 o,n=   0.00002   0.00012
 Reaction Xsec    13.0-/13 @ 1 =     8.266/, Out:   0.000#   0.354/   2.048/   2.048/   0.000#   0.000#   0.004f

 Total SPIN, PARITY =    14.0 +,     16 chs,     16 cc.  Rmin & Coul turning =    2.2   13.9
 Src-osrc corr   9   1 o,n=   0.22570   0.03742
 Src-osrc corr  10   1 o,n=   0.21805   0.03615
 Src-osrc corr  11   1 o,n=   0.22570   0.03742
 Src-osrc corr  12   1 o,n=   0.21804   0.03615
 Src-osrc corr   9   2 o,n=   0.03742   0.03742
 Src-osrc corr  10   2 o,n=   0.03615   0.03615
 Src-osrc corr  13   2 o,n=   0.00000   0.00000
 Src-osrc corr  14   2 o,n=   0.00000   0.00001
 Src-osrc corr  15   2 o,n=   0.00000   0.00001
 Src-osrc corr   9   3 o,n=   0.03742   0.03742
 Src-osrc corr  10   3 o,n=   0.03615   0.03615
 Src-osrc corr  13   3 o,n=   0.00000   0.00000
 Src-osrc corr  14   3 o,n=   0.00001   0.00001
 Src-osrc corr  15   3 o,n=   0.00001   0.00001
 Src-osrc corr  16   3 o,n=   0.00000   0.00000
 Src-osrc corr   9   4 o,n=   0.03742   0.03742
 Src-osrc corr  10   4 o,n=   0.03615   0.03615
 Src-osrc corr  13   4 o,n=   0.00000   0.00000
 Src-osrc corr  14   4 o,n=   0.00001   0.00001
 Src-osrc corr  15   4 o,n=   0.00001   0.00001
 Src-osrc corr  16   4 o,n=   0.00000   0.00000
 Src-osrc corr   9   5 o,n=   0.03742   0.03742
 Src-osrc corr  10   5 o,n=   0.03615   0.03616
 Src-osrc corr  13   5 o,n=   0.00000   0.00001
 Src-osrc corr  14   5 o,n=   0.00001   0.00002
 Src-osrc corr  15   5 o,n=   0.00001   0.00001
 Src-osrc corr  16   5 o,n=   0.00000   0.00001
 Src-osrc corr   9   6 o,n=   0.03742   0.03742
 Src-osrc corr  10   6 o,n=   0.03616   0.03616
 Src-osrc corr  13   6 o,n=   0.00001   0.00001
 Src-osrc corr  14   6 o,n=   0.00002   0.00002
 Src-osrc corr  15   6 o,n=   0.00001   0.00001
 Src-osrc corr  16   6 o,n=   0.00001   0.00001
 Src-osrc corr   9   7 o,n=   0.03742   0.03742
 Src-osrc corr  10   7 o,n=   0.03616   0.03616
 Src-osrc corr  13   7 o,n=   0.00001   0.00001
 Src-osrc corr  14   7 o,n=   0.00002   0.00002
 Src-osrc corr  15   7 o,n=   0.00001   0.00001
 Src-osrc corr  16   7 o,n=   0.00001   0.00001
 Src-osrc corr   9   8 o,n=   0.03742   0.03743
 Src-osrc corr  10   8 o,n=   0.03616   0.03617
 Src-osrc corr  13   8 o,n=   0.00001   0.00006
 Src-osrc corr  14   8 o,n=   0.00002   0.00003
 Src-osrc corr  16   8 o,n=   0.00001   0.00004
 Src-osrc corr   9   1 o,n=   0.22570   0.03742
 Src-osrc corr  10   1 o,n=   0.21805   0.03615
 Src-osrc corr  11   1 o,n=   0.22570   0.03742
 Src-osrc corr  12   1 o,n=   0.21804   0.03615
 Src-osrc corr   9   2 o,n=   0.03742   0.03742
 Src-osrc corr  10   2 o,n=   0.03615   0.03615
 Src-osrc corr  13   2 o,n=   0.00000   0.00000
 Src-osrc corr  14   2 o,n=   0.00000   0.00001
 Src-osrc corr  15   2 o,n=   0.00000   0.00001
 Src-osrc corr   9   3 o,n=   0.03742   0.03742
 Src-osrc corr  10   3 o,n=   0.03615   0.03615
 Src-osrc corr  13   3 o,n=   0.00000   0.00000
 Src-osrc corr  14   3 o,n=   0.00001   0.00001
 Src-osrc corr  15   3 o,n=   0.00001   0.00001
 Src-osrc corr  16   3 o,n=   0.00000   0.00000
 Src-osrc corr   9   4 o,n=   0.03742   0.03742
 Src-osrc corr  10   4 o,n=   0.03615   0.03615
 Src-osrc corr  13   4 o,n=   0.00000   0.00000
 Src-osrc corr  14   4 o,n=   0.00001   0.00001
 Src-osrc corr  15   4 o,n=   0.00001   0.00001
 Src-osrc corr  16   4 o,n=   0.00000   0.00000
 Src-osrc corr   9   5 o,n=   0.03742   0.03742
 Src-osrc corr  10   5 o,n=   0.03615   0.03616
 Src-osrc corr  13   5 o,n=   0.00000   0.00001
 Src-osrc corr  14   5 o,n=   0.00001   0.00002
 Src-osrc corr  15   5 o,n=   0.00001   0.00001
 Src-osrc corr  16   5 o,n=   0.00000   0.00001
 Src-osrc corr   9   6 o,n=   0.03742   0.03742
 Src-osrc corr  10   6 o,n=   0.03616   0.03616
 Src-osrc corr  13   6 o,n=   0.00001   0.00001
 Src-osrc corr  14   6 o,n=   0.00002   0.00002
 Src-osrc corr  15   6 o,n=   0.00001   0.00001
 Src-osrc corr  16   6 o,n=   0.00001   0.00001
 Src-osrc corr   9   7 o,n=   0.03742   0.03742
 Src-osrc corr  10   7 o,n=   0.03616   0.03616
 Src-osrc corr  13   7 o,n=   0.00001   0.00001
 Src-osrc corr  14   7 o,n=   0.00002   0.00002
 Src-osrc corr  15   7 o,n=   0.00001   0.00001
 Src-osrc corr  16   7 o,n=   0.00001   0.00001
 Src-osrc corr   9   8 o,n=   0.03742   0.03743
 Src-osrc corr  10   8 o,n=   0.03616   0.03617
 Src-osrc corr  13   8 o,n=   0.00001   0.00006
 Src-osrc corr  14   8 o,n=   0.00002   0.00003
 Src-osrc corr  16   8 o,n=   0.00001   0.00004
 Reaction Xsec    14.0+/14 @ 1 =     4.984/, Out:   0.000#   0.274/   1.909/   1.909/   0.000#   0.000#   0.001f

 Total SPIN, PARITY =    14.0 -,     18 chs,     18 cc.  Rmin & Coul turning =    2.2   13.9
 Src-osrc corr  11   1 o,n=   0.42570   0.06594
 Src-osrc corr  13   1 o,n=   0.42570   0.06594
 Src-osrc corr  11   3 o,n=   0.06594   0.06594
 Src-osrc corr  15   3 o,n=   0.00000   0.00000
 Src-osrc corr  17   3 o,n=   0.00000   0.00001
 Src-osrc corr  11   4 o,n=   0.06594   0.06594
 Src-osrc corr  12   4 o,n=   0.00000   0.00000
 Src-osrc corr  15   4 o,n=   0.00000   0.00000
 Src-osrc corr  16   4 o,n=   0.00000   0.00000
 Src-osrc corr  17   4 o,n=   0.00001   0.00001
 Src-osrc corr  11   5 o,n=   0.06594   0.06594
 Src-osrc corr  12   5 o,n=   0.00000   0.00000
 Src-osrc corr  15   5 o,n=   0.00000   0.00000
 Src-osrc corr  16   5 o,n=   0.00000   0.00000
 Src-osrc corr  17   5 o,n=   0.00001   0.00001
 Src-osrc corr  18   5 o,n=   0.00000   0.00000
 Src-osrc corr  11   6 o,n=   0.06594   0.06595
 Src-osrc corr  12   6 o,n=   0.00000   0.00000
 Src-osrc corr  15   6 o,n=   0.00000   0.00003
 Src-osrc corr  16   6 o,n=   0.00000   0.00000
 Src-osrc corr  17   6 o,n=   0.00001   0.00003
 Src-osrc corr  18   6 o,n=   0.00000   0.00000
 Src-osrc corr  11   7 o,n=   0.06595   0.06595
 Src-osrc corr  12   7 o,n=   0.00000   0.00000
 Src-osrc corr  15   7 o,n=   0.00003   0.00003
 Src-osrc corr  16   7 o,n=   0.00000   0.00000
 Src-osrc corr  17   7 o,n=   0.00003   0.00003
 Src-osrc corr  18   7 o,n=   0.00000   0.00000
 Src-osrc corr  11   8 o,n=   0.06595   0.06595
 Src-osrc corr  12   8 o,n=   0.00000   0.00000
 Src-osrc corr  15   8 o,n=   0.00003   0.00003
 Src-osrc corr  16   8 o,n=   0.00000   0.00000
 Src-osrc corr  17   8 o,n=   0.00003   0.00003
 Src-osrc corr  18   8 o,n=   0.00000   0.00000
 Src-osrc corr  11   9 o,n=   0.06595   0.06596
 Src-osrc corr  12   9 o,n=   0.00000   0.00000
 Src-osrc corr  15   9 o,n=   0.00003   0.00021
 Src-osrc corr  16   9 o,n=   0.00000   0.00000
 Src-osrc corr  18   9 o,n=   0.00000   0.00000
 Src-osrc corr  11   1 o,n=   0.42570   0.06594
 Src-osrc corr  13   1 o,n=   0.42570   0.06594
 Src-osrc corr  11   3 o,n=   0.06594   0.06594
 Src-osrc corr  15   3 o,n=   0.00000   0.00000
 Src-osrc corr  17   3 o,n=   0.00000   0.00001
 Src-osrc corr  11   4 o,n=   0.06594   0.06594
 Src-osrc corr  12   4 o,n=   0.00000   0.00000
 Src-osrc corr  15   4 o,n=   0.00000   0.00000
 Src-osrc corr  16   4 o,n=   0.00000   0.00000
 Src-osrc corr  17   4 o,n=   0.00001   0.00001
 Src-osrc corr  11   5 o,n=   0.06594   0.06594
 Src-osrc corr  12   5 o,n=   0.00000   0.00000
 Src-osrc corr  15   5 o,n=   0.00000   0.00000
 Src-osrc corr  16   5 o,n=   0.00000   0.00000
 Src-osrc corr  17   5 o,n=   0.00001   0.00001
 Src-osrc corr  18   5 o,n=   0.00000   0.00000
 Src-osrc corr  11   6 o,n=   0.06594   0.06595
 Src-osrc corr  12   6 o,n=   0.00000   0.00000
 Src-osrc corr  15   6 o,n=   0.00000   0.00003
 Src-osrc corr  16   6 o,n=   0.00000   0.00000
 Src-osrc corr  17   6 o,n=   0.00001   0.00003
 Src-osrc corr  18   6 o,n=   0.00000   0.00000
 Src-osrc corr  11   7 o,n=   0.06595   0.06595
 Src-osrc corr  12   7 o,n=   0.00000   0.00000
 Src-osrc corr  15   7 o,n=   0.00003   0.00003
 Src-osrc corr  16   7 o,n=   0.00000   0.00000
 Src-osrc corr  17   7 o,n=   0.00003   0.00003
 Src-osrc corr  18   7 o,n=   0.00000   0.00000
 Src-osrc corr  11   8 o,n=   0.06595   0.06595
 Src-osrc corr  12   8 o,n=   0.00000   0.00000
 Src-osrc corr  15   8 o,n=   0.00003   0.00003
 Src-osrc corr  16   8 o,n=   0.00000   0.00000
 Src-osrc corr  17   8 o,n=   0.00003   0.00003
 Src-osrc corr  18   8 o,n=   0.00000   0.00000
 Src-osrc corr  11   9 o,n=   0.06595   0.06596
 Src-osrc corr  12   9 o,n=   0.00000   0.00000
 Src-osrc corr  15   9 o,n=   0.00003   0.00021
 Src-osrc corr  16   9 o,n=   0.00000   0.00000
 Src-osrc corr  18   9 o,n=   0.00000   0.00000
 Reaction Xsec    14.0-/13 @ 1 =     8.881/, Out:   0.000#   0.381/   2.199/   2.199/   0.000#   0.000#   0.004f
 Src-osrc corr  12   2 o,n=   0.21583   0.03091
 Src-osrc corr  14   2 o,n=   0.21583   0.03091
 Src-osrc corr  11   4 o,n=   0.00000   0.00000
 Src-osrc corr  12   4 o,n=   0.03091   0.03092
 Src-osrc corr  15   4 o,n=   0.00000   0.00000
 Src-osrc corr  16   4 o,n=   0.00000   0.00001
 Src-osrc corr  17   4 o,n=   0.00000   0.00000
 Src-osrc corr  11   5 o,n=   0.00000   0.00000
 Src-osrc corr  12   5 o,n=   0.03092   0.03092
 Src-osrc corr  15   5 o,n=   0.00000   0.00000
 Src-osrc corr  16   5 o,n=   0.00001   0.00001
 Src-osrc corr  17   5 o,n=   0.00000   0.00000
 Src-osrc corr  18   5 o,n=   0.00000   0.00000
 Src-osrc corr  11   6 o,n=   0.00000   0.00000
 Src-osrc corr  12   6 o,n=   0.03092   0.03092
 Src-osrc corr  15   6 o,n=   0.00000   0.00000
 Src-osrc corr  16   6 o,n=   0.00001   0.00001
 Src-osrc corr  17   6 o,n=   0.00000   0.00000
 Src-osrc corr  18   6 o,n=   0.00000   0.00000
 Src-osrc corr  11   7 o,n=   0.00000   0.00000
 Src-osrc corr  12   7 o,n=   0.03092   0.03092
 Src-osrc corr  15   7 o,n=   0.00000   0.00000
 Src-osrc corr  16   7 o,n=   0.00001   0.00001
 Src-osrc corr  17   7 o,n=   0.00000   0.00000
 Src-osrc corr  18   7 o,n=   0.00000   0.00000
 Src-osrc corr  11   8 o,n=   0.00000   0.00000
 Src-osrc corr  12   8 o,n=   0.03092   0.03092
 Src-osrc corr  15   8 o,n=   0.00000   0.00000
 Src-osrc corr  16   8 o,n=   0.00001   0.00001
 Src-osrc corr  17   8 o,n=   0.00000   0.00000
 Src-osrc corr  18   8 o,n=   0.00000   0.00000
 Src-osrc corr  11   9 o,n=   0.00000   0.00000
 Src-osrc corr  12   9 o,n=   0.03092   0.03092
 Src-osrc corr  15   9 o,n=   0.00000   0.00000
 Src-osrc corr  16   9 o,n=   0.00001   0.00001
 Src-osrc corr  18   9 o,n=   0.00000   0.00000
 Src-osrc corr  12  10 o,n=   0.03092   0.03092
 Src-osrc corr  16  10 o,n=   0.00001   0.00002
 Src-osrc corr  18  10 o,n=   0.00000   0.00002
 Src-osrc corr  12   2 o,n=   0.21583   0.03091
 Src-osrc corr  14   2 o,n=   0.21583   0.03091
 Src-osrc corr  11   4 o,n=   0.00000   0.00000
 Src-osrc corr  12   4 o,n=   0.03091   0.03092
 Src-osrc corr  15   4 o,n=   0.00000   0.00000
 Src-osrc corr  16   4 o,n=   0.00000   0.00001
 Src-osrc corr  17   4 o,n=   0.00000   0.00000
 Src-osrc corr  11   5 o,n=   0.00000   0.00000
 Src-osrc corr  12   5 o,n=   0.03092   0.03092
 Src-osrc corr  15   5 o,n=   0.00000   0.00000
 Src-osrc corr  16   5 o,n=   0.00001   0.00001
 Src-osrc corr  17   5 o,n=   0.00000   0.00000
 Src-osrc corr  18   5 o,n=   0.00000   0.00000
 Src-osrc corr  11   6 o,n=   0.00000   0.00000
 Src-osrc corr  12   6 o,n=   0.03092   0.03092
 Src-osrc corr  15   6 o,n=   0.00000   0.00000
 Src-osrc corr  16   6 o,n=   0.00001   0.00001
 Src-osrc corr  17   6 o,n=   0.00000   0.00000
 Src-osrc corr  18   6 o,n=   0.00000   0.00000
 Src-osrc corr  11   7 o,n=   0.00000   0.00000
 Src-osrc corr  12   7 o,n=   0.03092   0.03092
 Src-osrc corr  15   7 o,n=   0.00000   0.00000
 Src-osrc corr  16   7 o,n=   0.00001   0.00001
 Src-osrc corr  17   7 o,n=   0.00000   0.00000
 Src-osrc corr  18   7 o,n=   0.00000   0.00000
 Src-osrc corr  11   8 o,n=   0.00000   0.00000
 Src-osrc corr  12   8 o,n=   0.03092   0.03092
 Src-osrc corr  15   8 o,n=   0.00000   0.00000
 Src-osrc corr  16   8 o,n=   0.00001   0.00001
 Src-osrc corr  17   8 o,n=   0.00000   0.00000
 Src-osrc corr  18   8 o,n=   0.00000   0.00000
 Src-osrc corr  11   9 o,n=   0.00000   0.00000
 Src-osrc corr  12   9 o,n=   0.03092   0.03092
 Src-osrc corr  15   9 o,n=   0.00000   0.00000
 Src-osrc corr  16   9 o,n=   0.00001   0.00001
 Src-osrc corr  18   9 o,n=   0.00000   0.00000
 Src-osrc corr  12  10 o,n=   0.03092   0.03092
 Src-osrc corr  16  10 o,n=   0.00001   0.00002
 Src-osrc corr  18  10 o,n=   0.00000   0.00002
 Reaction Xsec    14.0-/15 @ 2 =     2.050/, Out:   0.000#   0.207/   0.880/   0.880/   0.000#   0.000#   0.000f

 Total SPIN, PARITY =    15.0 +,     18 chs,     18 cc.  Rmin & Coul turning =    2.4   14.9
 Src-osrc corr  11   1 o,n=   0.31382   0.05203
 Src-osrc corr  13   1 o,n=   0.31382   0.05202
 Src-osrc corr  11   3 o,n=   0.05203   0.05203
 Src-osrc corr  15   3 o,n=   0.00000   0.00000
 Src-osrc corr  17   3 o,n=   0.00000   0.00001
 Src-osrc corr  11   4 o,n=   0.05203   0.05203
 Src-osrc corr  12   4 o,n=   0.00000   0.00000
 Src-osrc corr  15   4 o,n=   0.00000   0.00000
 Src-osrc corr  16   4 o,n=   0.00000   0.00000
 Src-osrc corr  17   4 o,n=   0.00001   0.00001
 Src-osrc corr  11   5 o,n=   0.05203   0.05203
 Src-osrc corr  12   5 o,n=   0.00000   0.00000
 Src-osrc corr  15   5 o,n=   0.00000   0.00000
 Src-osrc corr  16   5 o,n=   0.00000   0.00000
 Src-osrc corr  17   5 o,n=   0.00001   0.00001
 Src-osrc corr  18   5 o,n=   0.00000   0.00000
 Src-osrc corr  11   6 o,n=   0.05203   0.05203
 Src-osrc corr  12   6 o,n=   0.00000   0.00000
 Src-osrc corr  15   6 o,n=   0.00000   0.00001
 Src-osrc corr  16   6 o,n=   0.00000   0.00000
 Src-osrc corr  17   6 o,n=   0.00001   0.00001
 Src-osrc corr  18   6 o,n=   0.00000   0.00000
 Src-osrc corr  11   7 o,n=   0.05203   0.05203
 Src-osrc corr  12   7 o,n=   0.00000   0.00000
 Src-osrc corr  15   7 o,n=   0.00001   0.00001
 Src-osrc corr  16   7 o,n=   0.00000   0.00000
 Src-osrc corr  17   7 o,n=   0.00001   0.00001
 Src-osrc corr  18   7 o,n=   0.00000   0.00000
 Src-osrc corr  11   8 o,n=   0.05203   0.05203
 Src-osrc corr  12   8 o,n=   0.00000   0.00000
 Src-osrc corr  15   8 o,n=   0.00001   0.00001
 Src-osrc corr  16   8 o,n=   0.00000   0.00000
 Src-osrc corr  17   8 o,n=   0.00001   0.00001
 Src-osrc corr  18   8 o,n=   0.00000   0.00000
 Src-osrc corr  11   9 o,n=   0.05203   0.05204
 Src-osrc corr  12   9 o,n=   0.00000   0.00000
 Src-osrc corr  15   9 o,n=   0.00001   0.00008
 Src-osrc corr  16   9 o,n=   0.00000   0.00000
 Src-osrc corr  18   9 o,n=   0.00000   0.00000
 Src-osrc corr  11   1 o,n=   0.31382   0.05203
 Src-osrc corr  13   1 o,n=   0.31382   0.05202
 Src-osrc corr  11   3 o,n=   0.05203   0.05203
 Src-osrc corr  15   3 o,n=   0.00000   0.00000
 Src-osrc corr  17   3 o,n=   0.00000   0.00001
 Src-osrc corr  11   4 o,n=   0.05203   0.05203
 Src-osrc corr  12   4 o,n=   0.00000   0.00000
 Src-osrc corr  15   4 o,n=   0.00000   0.00000
 Src-osrc corr  16   4 o,n=   0.00000   0.00000
 Src-osrc corr  17   4 o,n=   0.00001   0.00001
 Src-osrc corr  11   5 o,n=   0.05203   0.05203
 Src-osrc corr  12   5 o,n=   0.00000   0.00000
 Src-osrc corr  15   5 o,n=   0.00000   0.00000
 Src-osrc corr  16   5 o,n=   0.00000   0.00000
 Src-osrc corr  17   5 o,n=   0.00001   0.00001
 Src-osrc corr  18   5 o,n=   0.00000   0.00000
 Src-osrc corr  11   6 o,n=   0.05203   0.05203
 Src-osrc corr  12   6 o,n=   0.00000   0.00000
 Src-osrc corr  15   6 o,n=   0.00000   0.00001
 Src-osrc corr  16   6 o,n=   0.00000   0.00000
 Src-osrc corr  17   6 o,n=   0.00001   0.00001
 Src-osrc corr  18   6 o,n=   0.00000   0.00000
 Src-osrc corr  11   7 o,n=   0.05203   0.05203
 Src-osrc corr  12   7 o,n=   0.00000   0.00000
 Src-osrc corr  15   7 o,n=   0.00001   0.00001
 Src-osrc corr  16   7 o,n=   0.00000   0.00000
 Src-osrc corr  17   7 o,n=   0.00001   0.00001
 Src-osrc corr  18   7 o,n=   0.00000   0.00000
 Src-osrc corr  11   8 o,n=   0.05203   0.05203
 Src-osrc corr  12   8 o,n=   0.00000   0.00000
 Src-osrc corr  15   8 o,n=   0.00001   0.00001
 Src-osrc corr  16   8 o,n=   0.00000   0.00000
 Src-osrc corr  17   8 o,n=   0.00001   0.00001
 Src-osrc corr  18   8 o,n=   0.00000   0.00000
 Src-osrc corr  11   9 o,n=   0.05203   0.05204
 Src-osrc corr  12   9 o,n=   0.00000   0.00000
 Src-osrc corr  15   9 o,n=   0.00001   0.00008
 Src-osrc corr  16   9 o,n=   0.00000   0.00000
 Src-osrc corr  18   9 o,n=   0.00000   0.00000
 Reaction Xsec    15.0+/14 @ 1 =     5.328/, Out:   0.000#   0.293/   2.041/   2.041/   0.000#   0.000#   0.001f
 Src-osrc corr  12   2 o,n=   0.13769   0.01357
 Src-osrc corr  14   2 o,n=   0.13769   0.01357
 Src-osrc corr  11   4 o,n=   0.00000   0.00000
 Src-osrc corr  12   4 o,n=   0.01357   0.01357
 Src-osrc corr  15   4 o,n=   0.00000   0.00000
 Src-osrc corr  16   4 o,n=   0.00000   0.00000
 Src-osrc corr  17   4 o,n=   0.00000   0.00000
 Src-osrc corr  11   5 o,n=   0.00000   0.00000
 Src-osrc corr  12   5 o,n=   0.01357   0.01357
 Src-osrc corr  15   5 o,n=   0.00000   0.00000
 Src-osrc corr  16   5 o,n=   0.00000   0.00000
 Src-osrc corr  17   5 o,n=   0.00000   0.00000
 Src-osrc corr  18   5 o,n=   0.00000   0.00000
 Src-osrc corr  11   6 o,n=   0.00000   0.00000
 Src-osrc corr  12   6 o,n=   0.01357   0.01357
 Src-osrc corr  15   6 o,n=   0.00000   0.00000
 Src-osrc corr  16   6 o,n=   0.00000   0.00000
 Src-osrc corr  17   6 o,n=   0.00000   0.00000
 Src-osrc corr  18   6 o,n=   0.00000   0.00000
 Src-osrc corr  11   7 o,n=   0.00000   0.00000
 Src-osrc corr  12   7 o,n=   0.01357   0.01357
 Src-osrc corr  15   7 o,n=   0.00000   0.00000
 Src-osrc corr  16   7 o,n=   0.00000   0.00001
 Src-osrc corr  17   7 o,n=   0.00000   0.00000
 Src-osrc corr  18   7 o,n=   0.00000   0.00000
 Src-osrc corr  11   8 o,n=   0.00000   0.00000
 Src-osrc corr  12   8 o,n=   0.01357   0.01357
 Src-osrc corr  15   8 o,n=   0.00000   0.00000
 Src-osrc corr  16   8 o,n=   0.00001   0.00001
 Src-osrc corr  17   8 o,n=   0.00000   0.00000
 Src-osrc corr  18   8 o,n=   0.00000   0.00000
 Src-osrc corr  11   9 o,n=   0.00000   0.00000
 Src-osrc corr  12   9 o,n=   0.01357   0.01357
 Src-osrc corr  15   9 o,n=   0.00000   0.00000
 Src-osrc corr  16   9 o,n=   0.00001   0.00001
 Src-osrc corr  18   9 o,n=   0.00000   0.00000
 Src-osrc corr  12  10 o,n=   0.01357   0.01357
 Src-osrc corr  16  10 o,n=   0.00001   0.00001
 Src-osrc corr  18  10 o,n=   0.00000   0.00001
 Src-osrc corr  12   2 o,n=   0.13769   0.01357
 Src-osrc corr  14   2 o,n=   0.13769   0.01357
 Src-osrc corr  11   4 o,n=   0.00000   0.00000
 Src-osrc corr  12   4 o,n=   0.01357   0.01357
 Src-osrc corr  15   4 o,n=   0.00000   0.00000
 Src-osrc corr  16   4 o,n=   0.00000   0.00000
 Src-osrc corr  17   4 o,n=   0.00000   0.00000
 Src-osrc corr  11   5 o,n=   0.00000   0.00000
 Src-osrc corr  12   5 o,n=   0.01357   0.01357
 Src-osrc corr  15   5 o,n=   0.00000   0.00000
 Src-osrc corr  16   5 o,n=   0.00000   0.00000
 Src-osrc corr  17   5 o,n=   0.00000   0.00000
 Src-osrc corr  18   5 o,n=   0.00000   0.00000
 Src-osrc corr  11   6 o,n=   0.00000   0.00000
 Src-osrc corr  12   6 o,n=   0.01357   0.01357
 Src-osrc corr  15   6 o,n=   0.00000   0.00000
 Src-osrc corr  16   6 o,n=   0.00000   0.00000
 Src-osrc corr  17   6 o,n=   0.00000   0.00000
 Src-osrc corr  18   6 o,n=   0.00000   0.00000
 Src-osrc corr  11   7 o,n=   0.00000   0.00000
 Src-osrc corr  12   7 o,n=   0.01357   0.01357
 Src-osrc corr  15   7 o,n=   0.00000   0.00000
 Src-osrc corr  16   7 o,n=   0.00000   0.00001
 Src-osrc corr  17   7 o,n=   0.00000   0.00000
 Src-osrc corr  18   7 o,n=   0.00000   0.00000
 Src-osrc corr  11   8 o,n=   0.00000   0.00000
 Src-osrc corr  12   8 o,n=   0.01357   0.01357
 Src-osrc corr  15   8 o,n=   0.00000   0.00000
 Src-osrc corr  16   8 o,n=   0.00001   0.00001
 Src-osrc corr  17   8 o,n=   0.00000   0.00000
 Src-osrc corr  18   8 o,n=   0.00000   0.00000
 Src-osrc corr  11   9 o,n=   0.00000   0.00000
 Src-osrc corr  12   9 o,n=   0.01357   0.01357
 Src-osrc corr  15   9 o,n=   0.00000   0.00000
 Src-osrc corr  16   9 o,n=   0.00001   0.00001
 Src-osrc corr  18   9 o,n=   0.00000   0.00000
 Src-osrc corr  12  10 o,n=   0.01357   0.01357
 Src-osrc corr  16  10 o,n=   0.00001   0.00001
 Src-osrc corr  18  10 o,n=   0.00000   0.00001
 Reaction Xsec    15.0+/16 @ 2 =     0.577/, Out:   0.000#   0.132/   0.251/   0.251/   0.000#   0.000#  -0.000f

 Total SPIN, PARITY =    15.0 -,     16 chs,     16 cc.  Rmin & Coul turning =    2.4   14.9
 Src-osrc corr   9   1 o,n=   0.15506   0.02221
 Src-osrc corr  10   1 o,n=   0.15014   0.02150
 Src-osrc corr  11   1 o,n=   0.15506   0.02221
 Src-osrc corr  12   1 o,n=   0.15014   0.02150
 Src-osrc corr   9   2 o,n=   0.02221   0.02221
 Src-osrc corr  10   2 o,n=   0.02150   0.02151
 Src-osrc corr  13   2 o,n=   0.00000   0.00000
 Src-osrc corr  14   2 o,n=   0.00000   0.00001
 Src-osrc corr  15   2 o,n=   0.00000   0.00000
 Src-osrc corr   9   3 o,n=   0.02221   0.02221
 Src-osrc corr  10   3 o,n=   0.02151   0.02151
 Src-osrc corr  13   3 o,n=   0.00000   0.00000
 Src-osrc corr  14   3 o,n=   0.00001   0.00001
 Src-osrc corr  15   3 o,n=   0.00000   0.00000
 Src-osrc corr  16   3 o,n=   0.00000   0.00000
 Src-osrc corr   9   4 o,n=   0.02221   0.02221
 Src-osrc corr  10   4 o,n=   0.02151   0.02151
 Src-osrc corr  13   4 o,n=   0.00000   0.00000
 Src-osrc corr  14   4 o,n=   0.00001   0.00001
 Src-osrc corr  15   4 o,n=   0.00000   0.00000
 Src-osrc corr  16   4 o,n=   0.00000   0.00000
 Src-osrc corr   9   5 o,n=   0.02221   0.02221
 Src-osrc corr  10   5 o,n=   0.02151   0.02151
 Src-osrc corr  13   5 o,n=   0.00000   0.00000
 Src-osrc corr  14   5 o,n=   0.00001   0.00001
 Src-osrc corr  15   5 o,n=   0.00000   0.00001
 Src-osrc corr  16   5 o,n=   0.00000   0.00000
 Src-osrc corr   9   6 o,n=   0.02221   0.02221
 Src-osrc corr  10   6 o,n=   0.02151   0.02151
 Src-osrc corr  13   6 o,n=   0.00000   0.00000
 Src-osrc corr  14   6 o,n=   0.00001   0.00001
 Src-osrc corr  15   6 o,n=   0.00001   0.00001
 Src-osrc corr  16   6 o,n=   0.00000   0.00000
 Src-osrc corr   9   7 o,n=   0.02221   0.02221
 Src-osrc corr  10   7 o,n=   0.02151   0.02151
 Src-osrc corr  13   7 o,n=   0.00000   0.00000
 Src-osrc corr  14   7 o,n=   0.00001   0.00001
 Src-osrc corr  15   7 o,n=   0.00001   0.00001
 Src-osrc corr  16   7 o,n=   0.00000   0.00000
 Src-osrc corr   9   8 o,n=   0.02221   0.02222
 Src-osrc corr  10   8 o,n=   0.02151   0.02151
 Src-osrc corr  13   8 o,n=   0.00000   0.00002
 Src-osrc corr  14   8 o,n=   0.00001   0.00001
 Src-osrc corr  16   8 o,n=   0.00000   0.00002
 Src-osrc corr   9   1 o,n=   0.15506   0.02221
 Src-osrc corr  10   1 o,n=   0.15014   0.02150
 Src-osrc corr  11   1 o,n=   0.15506   0.02221
 Src-osrc corr  12   1 o,n=   0.15014   0.02150
 Src-osrc corr   9   2 o,n=   0.02221   0.02221
 Src-osrc corr  10   2 o,n=   0.02150   0.02151
 Src-osrc corr  13   2 o,n=   0.00000   0.00000
 Src-osrc corr  14   2 o,n=   0.00000   0.00001
 Src-osrc corr  15   2 o,n=   0.00000   0.00000
 Src-osrc corr   9   3 o,n=   0.02221   0.02221
 Src-osrc corr  10   3 o,n=   0.02151   0.02151
 Src-osrc corr  13   3 o,n=   0.00000   0.00000
 Src-osrc corr  14   3 o,n=   0.00001   0.00001
 Src-osrc corr  15   3 o,n=   0.00000   0.00000
 Src-osrc corr  16   3 o,n=   0.00000   0.00000
 Src-osrc corr   9   4 o,n=   0.02221   0.02221
 Src-osrc corr  10   4 o,n=   0.02151   0.02151
 Src-osrc corr  13   4 o,n=   0.00000   0.00000
 Src-osrc corr  14   4 o,n=   0.00001   0.00001
 Src-osrc corr  15   4 o,n=   0.00000   0.00000
 Src-osrc corr  16   4 o,n=   0.00000   0.00000
 Src-osrc corr   9   5 o,n=   0.02221   0.02221
 Src-osrc corr  10   5 o,n=   0.02151   0.02151
 Src-osrc corr  13   5 o,n=   0.00000   0.00000
 Src-osrc corr  14   5 o,n=   0.00001   0.00001
 Src-osrc corr  15   5 o,n=   0.00000   0.00001
 Src-osrc corr  16   5 o,n=   0.00000   0.00000
 Src-osrc corr   9   6 o,n=   0.02221   0.02221
 Src-osrc corr  10   6 o,n=   0.02151   0.02151
 Src-osrc corr  13   6 o,n=   0.00000   0.00000
 Src-osrc corr  14   6 o,n=   0.00001   0.00001
 Src-osrc corr  15   6 o,n=   0.00001   0.00001
 Src-osrc corr  16   6 o,n=   0.00000   0.00000
 Src-osrc corr   9   7 o,n=   0.02221   0.02221
 Src-osrc corr  10   7 o,n=   0.02151   0.02151
 Src-osrc corr  13   7 o,n=   0.00000   0.00000
 Src-osrc corr  14   7 o,n=   0.00001   0.00001
 Src-osrc corr  15   7 o,n=   0.00001   0.00001
 Src-osrc corr  16   7 o,n=   0.00000   0.00000
 Src-osrc corr   9   8 o,n=   0.02221   0.02222
 Src-osrc corr  10   8 o,n=   0.02151   0.02151
 Src-osrc corr  13   8 o,n=   0.00000   0.00002
 Src-osrc corr  14   8 o,n=   0.00001   0.00001
 Src-osrc corr  16   8 o,n=   0.00000   0.00002
 Reaction Xsec    15.0-/15 @ 1 =     2.192/, Out:   0.000#   0.221/   0.940/   0.940/   0.000#   0.000#   0.000f

 Total SPIN, PARITY =    16.0 +,     16 chs,     16 cc.  Rmin & Coul turning =    2.5   15.8
 Src-osrc corr   9   1 o,n=   0.09882   0.00974
 Src-osrc corr  10   1 o,n=   0.09587   0.00945
 Src-osrc corr  11   1 o,n=   0.09882   0.00974
 Src-osrc corr  12   1 o,n=   0.09587   0.00945
 Src-osrc corr   9   2 o,n=   0.00974   0.00974
 Src-osrc corr  10   2 o,n=   0.00945   0.00945
 Src-osrc corr  13   2 o,n=   0.00000   0.00000
 Src-osrc corr  14   2 o,n=   0.00000   0.00000
 Src-osrc corr  15   2 o,n=   0.00000   0.00000
 Src-osrc corr   9   3 o,n=   0.00974   0.00974
 Src-osrc corr  10   3 o,n=   0.00945   0.00945
 Src-osrc corr  13   3 o,n=   0.00000   0.00000
 Src-osrc corr  14   3 o,n=   0.00000   0.00000
 Src-osrc corr  15   3 o,n=   0.00000   0.00000
 Src-osrc corr  16   3 o,n=   0.00000   0.00000
 Src-osrc corr   9   4 o,n=   0.00974   0.00974
 Src-osrc corr  10   4 o,n=   0.00945   0.00945
 Src-osrc corr  13   4 o,n=   0.00000   0.00000
 Src-osrc corr  14   4 o,n=   0.00000   0.00000
 Src-osrc corr  15   4 o,n=   0.00000   0.00000
 Src-osrc corr  16   4 o,n=   0.00000   0.00000
 Src-osrc corr   9   5 o,n=   0.00974   0.00974
 Src-osrc corr  10   5 o,n=   0.00945   0.00945
 Src-osrc corr  13   5 o,n=   0.00000   0.00000
 Src-osrc corr  14   5 o,n=   0.00000   0.00000
 Src-osrc corr  15   5 o,n=   0.00000   0.00000
 Src-osrc corr  16   5 o,n=   0.00000   0.00000
 Src-osrc corr   9   6 o,n=   0.00974   0.00974
 Src-osrc corr  10   6 o,n=   0.00945   0.00945
 Src-osrc corr  13   6 o,n=   0.00000   0.00000
 Src-osrc corr  14   6 o,n=   0.00000   0.00000
 Src-osrc corr  15   6 o,n=   0.00000   0.00000
 Src-osrc corr  16   6 o,n=   0.00000   0.00000
 Src-osrc corr   9   7 o,n=   0.00974   0.00974
 Src-osrc corr  10   7 o,n=   0.00945   0.00945
 Src-osrc corr  13   7 o,n=   0.00000   0.00000
 Src-osrc corr  14   7 o,n=   0.00000   0.00001
 Src-osrc corr  15   7 o,n=   0.00000   0.00000
 Src-osrc corr  16   7 o,n=   0.00000   0.00000
 Src-osrc corr   9   8 o,n=   0.00974   0.00974
 Src-osrc corr  10   8 o,n=   0.00945   0.00945
 Src-osrc corr  13   8 o,n=   0.00000   0.00001
 Src-osrc corr  14   8 o,n=   0.00001   0.00001
 Src-osrc corr  16   8 o,n=   0.00000   0.00001
 Src-osrc corr   9   1 o,n=   0.09882   0.00974
 Src-osrc corr  10   1 o,n=   0.09587   0.00945
 Src-osrc corr  11   1 o,n=   0.09882   0.00974
 Src-osrc corr  12   1 o,n=   0.09587   0.00945
 Src-osrc corr   9   2 o,n=   0.00974   0.00974
 Src-osrc corr  10   2 o,n=   0.00945   0.00945
 Src-osrc corr  13   2 o,n=   0.00000   0.00000
 Src-osrc corr  14   2 o,n=   0.00000   0.00000
 Src-osrc corr  15   2 o,n=   0.00000   0.00000
 Src-osrc corr   9   3 o,n=   0.00974   0.00974
 Src-osrc corr  10   3 o,n=   0.00945   0.00945
 Src-osrc corr  13   3 o,n=   0.00000   0.00000
 Src-osrc corr  14   3 o,n=   0.00000   0.00000
 Src-osrc corr  15   3 o,n=   0.00000   0.00000
 Src-osrc corr  16   3 o,n=   0.00000   0.00000
 Src-osrc corr   9   4 o,n=   0.00974   0.00974
 Src-osrc corr  10   4 o,n=   0.00945   0.00945
 Src-osrc corr  13   4 o,n=   0.00000   0.00000
 Src-osrc corr  14   4 o,n=   0.00000   0.00000
 Src-osrc corr  15   4 o,n=   0.00000   0.00000
 Src-osrc corr  16   4 o,n=   0.00000   0.00000
 Src-osrc corr   9   5 o,n=   0.00974   0.00974
 Src-osrc corr  10   5 o,n=   0.00945   0.00945
 Src-osrc corr  13   5 o,n=   0.00000   0.00000
 Src-osrc corr  14   5 o,n=   0.00000   0.00000
 Src-osrc corr  15   5 o,n=   0.00000   0.00000
 Src-osrc corr  16   5 o,n=   0.00000   0.00000
 Src-osrc corr   9   6 o,n=   0.00974   0.00974
 Src-osrc corr  10   6 o,n=   0.00945   0.00945
 Src-osrc corr  13   6 o,n=   0.00000   0.00000
 Src-osrc corr  14   6 o,n=   0.00000   0.00000
 Src-osrc corr  15   6 o,n=   0.00000   0.00000
 Src-osrc corr  16   6 o,n=   0.00000   0.00000
 Src-osrc corr   9   7 o,n=   0.00974   0.00974
 Src-osrc corr  10   7 o,n=   0.00945   0.00945
 Src-osrc corr  13   7 o,n=   0.00000   0.00000
 Src-osrc corr  14   7 o,n=   0.00000   0.00001
 Src-osrc corr  15   7 o,n=   0.00000   0.00000
 Src-osrc corr  16   7 o,n=   0.00000   0.00000
 Src-osrc corr   9   8 o,n=   0.00974   0.00974
 Src-osrc corr  10   8 o,n=   0.00945   0.00945
 Src-osrc corr  13   8 o,n=   0.00000   0.00001
 Src-osrc corr  14   8 o,n=   0.00001   0.00001
 Src-osrc corr  16   8 o,n=   0.00000   0.00001
 Reaction Xsec    16.0+/16 @ 1 =     0.614/, Out:   0.000#   0.141/   0.267/   0.267/   0.000#   0.000#  -0.000f

 Total SPIN, PARITY =    16.0 -,     18 chs,     18 cc.  Rmin & Coul turning =    2.5   15.8
 Src-osrc corr  11   1 o,n=   0.21583   0.03091
 Src-osrc corr  13   1 o,n=   0.21583   0.03091
 Src-osrc corr  11   3 o,n=   0.03091   0.03091
 Src-osrc corr  15   3 o,n=   0.00000   0.00000
 Src-osrc corr  17   3 o,n=   0.00000   0.00000
 Src-osrc corr  11   4 o,n=   0.03091   0.03091
 Src-osrc corr  12   4 o,n=   0.00000   0.00000
 Src-osrc corr  15   4 o,n=   0.00000   0.00000
 Src-osrc corr  16   4 o,n=   0.00000   0.00000
 Src-osrc corr  17   4 o,n=   0.00000   0.00000
 Src-osrc corr  11   5 o,n=   0.03091   0.03091
 Src-osrc corr  12   5 o,n=   0.00000   0.00000
 Src-osrc corr  15   5 o,n=   0.00000   0.00000
 Src-osrc corr  16   5 o,n=   0.00000   0.00000
 Src-osrc corr  17   5 o,n=   0.00000   0.00000
 Src-osrc corr  18   5 o,n=   0.00000   0.00000
 Src-osrc corr  11   6 o,n=   0.03091   0.03092
 Src-osrc corr  12   6 o,n=   0.00000   0.00000
 Src-osrc corr  15   6 o,n=   0.00000   0.00001
 Src-osrc corr  16   6 o,n=   0.00000   0.00000
 Src-osrc corr  17   6 o,n=   0.00000   0.00001
 Src-osrc corr  18   6 o,n=   0.00000   0.00000
 Src-osrc corr  11   7 o,n=   0.03092   0.03092
 Src-osrc corr  12   7 o,n=   0.00000   0.00000
 Src-osrc corr  15   7 o,n=   0.00001   0.00001
 Src-osrc corr  16   7 o,n=   0.00000   0.00000
 Src-osrc corr  17   7 o,n=   0.00001   0.00001
 Src-osrc corr  18   7 o,n=   0.00000   0.00000
 Src-osrc corr  11   8 o,n=   0.03092   0.03092
 Src-osrc corr  12   8 o,n=   0.00000   0.00000
 Src-osrc corr  15   8 o,n=   0.00001   0.00001
 Src-osrc corr  16   8 o,n=   0.00000   0.00000
 Src-osrc corr  17   8 o,n=   0.00001   0.00001
 Src-osrc corr  18   8 o,n=   0.00000   0.00000
 Src-osrc corr  11   9 o,n=   0.03092   0.03092
 Src-osrc corr  12   9 o,n=   0.00000   0.00000
 Src-osrc corr  15   9 o,n=   0.00001   0.00003
 Src-osrc corr  16   9 o,n=   0.00000   0.00000
 Src-osrc corr  18   9 o,n=   0.00000   0.00000
 Src-osrc corr  11   1 o,n=   0.21583   0.03091
 Src-osrc corr  13   1 o,n=   0.21583   0.03091
 Src-osrc corr  11   3 o,n=   0.03091   0.03091
 Src-osrc corr  15   3 o,n=   0.00000   0.00000
 Src-osrc corr  17   3 o,n=   0.00000   0.00000
 Src-osrc corr  11   4 o,n=   0.03091   0.03091
 Src-osrc corr  12   4 o,n=   0.00000   0.00000
 Src-osrc corr  15   4 o,n=   0.00000   0.00000
 Src-osrc corr  16   4 o,n=   0.00000   0.00000
 Src-osrc corr  17   4 o,n=   0.00000   0.00000
 Src-osrc corr  11   5 o,n=   0.03091   0.03091
 Src-osrc corr  12   5 o,n=   0.00000   0.00000
 Src-osrc corr  15   5 o,n=   0.00000   0.00000
 Src-osrc corr  16   5 o,n=   0.00000   0.00000
 Src-osrc corr  17   5 o,n=   0.00000   0.00000
 Src-osrc corr  18   5 o,n=   0.00000   0.00000
 Src-osrc corr  11   6 o,n=   0.03091   0.03092
 Src-osrc corr  12   6 o,n=   0.00000   0.00000
 Src-osrc corr  15   6 o,n=   0.00000   0.00001
 Src-osrc corr  16   6 o,n=   0.00000   0.00000
 Src-osrc corr  17   6 o,n=   0.00000   0.00001
 Src-osrc corr  18   6 o,n=   0.00000   0.00000
 Src-osrc corr  11   7 o,n=   0.03092   0.03092
 Src-osrc corr  12   7 o,n=   0.00000   0.00000
 Src-osrc corr  15   7 o,n=   0.00001   0.00001
 Src-osrc corr  16   7 o,n=   0.00000   0.00000
 Src-osrc corr  17   7 o,n=   0.00001   0.00001
 Src-osrc corr  18   7 o,n=   0.00000   0.00000
 Src-osrc corr  11   8 o,n=   0.03092   0.03092
 Src-osrc corr  12   8 o,n=   0.00000   0.00000
 Src-osrc corr  15   8 o,n=   0.00001   0.00001
 Src-osrc corr  16   8 o,n=   0.00000   0.00000
 Src-osrc corr  17   8 o,n=   0.00001   0.00001
 Src-osrc corr  18   8 o,n=   0.00000   0.00000
 Src-osrc corr  11   9 o,n=   0.03092   0.03092
 Src-osrc corr  12   9 o,n=   0.00000   0.00000
 Src-osrc corr  15   9 o,n=   0.00001   0.00003
 Src-osrc corr  16   9 o,n=   0.00000   0.00000
 Src-osrc corr  18   9 o,n=   0.00000   0.00000
 Reaction Xsec    16.0-/15 @ 1 =     2.333/, Out:   0.000#   0.235/   1.001/   1.001/   0.000#   0.000#   0.000f
 Src-osrc corr  12   2 o,n=   0.08234   0.00585
 Src-osrc corr  14   2 o,n=   0.08234   0.00585
 Src-osrc corr  11   4 o,n=   0.00000   0.00000
 Src-osrc corr  12   4 o,n=   0.00585   0.00585
 Src-osrc corr  15   4 o,n=   0.00000   0.00000
 Src-osrc corr  16   4 o,n=   0.00000   0.00000
 Src-osrc corr  17   4 o,n=   0.00000   0.00000
 Src-osrc corr  11   5 o,n=   0.00000   0.00000
 Src-osrc corr  12   5 o,n=   0.00585   0.00585
 Src-osrc corr  15   5 o,n=   0.00000   0.00000
 Src-osrc corr  16   5 o,n=   0.00000   0.00000
 Src-osrc corr  17   5 o,n=   0.00000   0.00000
 Src-osrc corr  18   5 o,n=   0.00000   0.00000
 Src-osrc corr  11   6 o,n=   0.00000   0.00000
 Src-osrc corr  12   6 o,n=   0.00585   0.00585
 Src-osrc corr  15   6 o,n=   0.00000   0.00000
 Src-osrc corr  16   6 o,n=   0.00000   0.00000
 Src-osrc corr  17   6 o,n=   0.00000   0.00000
 Src-osrc corr  18   6 o,n=   0.00000   0.00000
 Src-osrc corr  11   7 o,n=   0.00000   0.00000
 Src-osrc corr  12   7 o,n=   0.00585   0.00585
 Src-osrc corr  15   7 o,n=   0.00000   0.00000
 Src-osrc corr  16   7 o,n=   0.00000   0.00000
 Src-osrc corr  17   7 o,n=   0.00000   0.00000
 Src-osrc corr  18   7 o,n=   0.00000   0.00000
 Src-osrc corr  11   8 o,n=   0.00000   0.00000
 Src-osrc corr  12   8 o,n=   0.00585   0.00585
 Src-osrc corr  15   8 o,n=   0.00000   0.00000
 Src-osrc corr  16   8 o,n=   0.00000   0.00000
 Src-osrc corr  17   8 o,n=   0.00000   0.00000
 Src-osrc corr  18   8 o,n=   0.00000   0.00000
 Src-osrc corr  11   9 o,n=   0.00000   0.00000
 Src-osrc corr  12   9 o,n=   0.00585   0.00585
 Src-osrc corr  15   9 o,n=   0.00000   0.00000
 Src-osrc corr  16   9 o,n=   0.00000   0.00000
 Src-osrc corr  18   9 o,n=   0.00000   0.00000
 Src-osrc corr  12  10 o,n=   0.00585   0.00585
 Src-osrc corr  16  10 o,n=   0.00000   0.00000
 Src-osrc corr  18  10 o,n=   0.00000   0.00000
 Src-osrc corr  12   2 o,n=   0.08234   0.00585
 Src-osrc corr  14   2 o,n=   0.08234   0.00585
 Src-osrc corr  11   4 o,n=   0.00000   0.00000
 Src-osrc corr  12   4 o,n=   0.00585   0.00585
 Src-osrc corr  15   4 o,n=   0.00000   0.00000
 Src-osrc corr  16   4 o,n=   0.00000   0.00000
 Src-osrc corr  17   4 o,n=   0.00000   0.00000
 Src-osrc corr  11   5 o,n=   0.00000   0.00000
 Src-osrc corr  12   5 o,n=   0.00585   0.00585
 Src-osrc corr  15   5 o,n=   0.00000   0.00000
 Src-osrc corr  16   5 o,n=   0.00000   0.00000
 Src-osrc corr  17   5 o,n=   0.00000   0.00000
 Src-osrc corr  18   5 o,n=   0.00000   0.00000
 Src-osrc corr  11   6 o,n=   0.00000   0.00000
 Src-osrc corr  12   6 o,n=   0.00585   0.00585
 Src-osrc corr  15   6 o,n=   0.00000   0.00000
 Src-osrc corr  16   6 o,n=   0.00000   0.00000
 Src-osrc corr  17   6 o,n=   0.00000   0.00000
 Src-osrc corr  18   6 o,n=   0.00000   0.00000
 Src-osrc corr  11   7 o,n=   0.00000   0.00000
 Src-osrc corr  12   7 o,n=   0.00585   0.00585
 Src-osrc corr  15   7 o,n=   0.00000   0.00000
 Src-osrc corr  16   7 o,n=   0.00000   0.00000
 Src-osrc corr  17   7 o,n=   0.00000   0.00000
 Src-osrc corr  18   7 o,n=   0.00000   0.00000
 Src-osrc corr  11   8 o,n=   0.00000   0.00000
 Src-osrc corr  12   8 o,n=   0.00585   0.00585
 Src-osrc corr  15   8 o,n=   0.00000   0.00000
 Src-osrc corr  16   8 o,n=   0.00000   0.00000
 Src-osrc corr  17   8 o,n=   0.00000   0.00000
 Src-osrc corr  18   8 o,n=   0.00000   0.00000
 Src-osrc corr  11   9 o,n=   0.00000   0.00000
 Src-osrc corr  12   9 o,n=   0.00585   0.00585
 Src-osrc corr  15   9 o,n=   0.00000   0.00000
 Src-osrc corr  16   9 o,n=   0.00000   0.00000
 Src-osrc corr  18   9 o,n=   0.00000   0.00000
 Src-osrc corr  12  10 o,n=   0.00585   0.00585
 Src-osrc corr  16  10 o,n=   0.00000   0.00000
 Src-osrc corr  18  10 o,n=   0.00000   0.00000
 Reaction Xsec    16.0-/17 @ 2 =     0.110/, Out:   0.000#   0.058/   0.045/   0.045/   0.000#   0.000#  -0.000f

 Total SPIN, PARITY =    17.0 +,     18 chs,     18 cc.  Rmin & Coul turning =    2.7   16.8
 Src-osrc corr  11   1 o,n=   0.13769   0.01357
 Src-osrc corr  13   1 o,n=   0.13769   0.01357
 Src-osrc corr  11   3 o,n=   0.01357   0.01357
 Src-osrc corr  15   3 o,n=   0.00000   0.00000
 Src-osrc corr  17   3 o,n=   0.00000   0.00000
 Src-osrc corr  11   4 o,n=   0.01357   0.01357
 Src-osrc corr  12   4 o,n=   0.00000   0.00000
 Src-osrc corr  15   4 o,n=   0.00000   0.00000
 Src-osrc corr  16   4 o,n=   0.00000   0.00000
 Src-osrc corr  17   4 o,n=   0.00000   0.00000
 Src-osrc corr  11   5 o,n=   0.01357   0.01357
 Src-osrc corr  12   5 o,n=   0.00000   0.00000
 Src-osrc corr  15   5 o,n=   0.00000   0.00000
 Src-osrc corr  16   5 o,n=   0.00000   0.00000
 Src-osrc corr  17   5 o,n=   0.00000   0.00000
 Src-osrc corr  18   5 o,n=   0.00000   0.00000
 Src-osrc corr  11   6 o,n=   0.01357   0.01357
 Src-osrc corr  12   6 o,n=   0.00000   0.00000
 Src-osrc corr  15   6 o,n=   0.00000   0.00000
 Src-osrc corr  16   6 o,n=   0.00000   0.00000
 Src-osrc corr  17   6 o,n=   0.00000   0.00000
 Src-osrc corr  18   6 o,n=   0.00000   0.00000
 Src-osrc corr  11   7 o,n=   0.01357   0.01357
 Src-osrc corr  12   7 o,n=   0.00000   0.00000
 Src-osrc corr  15   7 o,n=   0.00000   0.00000
 Src-osrc corr  16   7 o,n=   0.00000   0.00000
 Src-osrc corr  17   7 o,n=   0.00000   0.00000
 Src-osrc corr  18   7 o,n=   0.00000   0.00000
 Src-osrc corr  11   8 o,n=   0.01357   0.01357
 Src-osrc corr  12   8 o,n=   0.00000   0.00000
 Src-osrc corr  15   8 o,n=   0.00000   0.00000
 Src-osrc corr  16   8 o,n=   0.00000   0.00000
 Src-osrc corr  17   8 o,n=   0.00000   0.00000
 Src-osrc corr  18   8 o,n=   0.00000   0.00000
 Src-osrc corr  11   9 o,n=   0.01357   0.01357
 Src-osrc corr  12   9 o,n=   0.00000   0.00000
 Src-osrc corr  15   9 o,n=   0.00000   0.00001
 Src-osrc corr  16   9 o,n=   0.00000   0.00000
 Src-osrc corr  18   9 o,n=   0.00000   0.00000
 Src-osrc corr  11   1 o,n=   0.13769   0.01357
 Src-osrc corr  13   1 o,n=   0.13769   0.01357
 Src-osrc corr  11   3 o,n=   0.01357   0.01357
 Src-osrc corr  15   3 o,n=   0.00000   0.00000
 Src-osrc corr  17   3 o,n=   0.00000   0.00000
 Src-osrc corr  11   4 o,n=   0.01357   0.01357
 Src-osrc corr  12   4 o,n=   0.00000   0.00000
 Src-osrc corr  15   4 o,n=   0.00000   0.00000
 Src-osrc corr  16   4 o,n=   0.00000   0.00000
 Src-osrc corr  17   4 o,n=   0.00000   0.00000
 Src-osrc corr  11   5 o,n=   0.01357   0.01357
 Src-osrc corr  12   5 o,n=   0.00000   0.00000
 Src-osrc corr  15   5 o,n=   0.00000   0.00000
 Src-osrc corr  16   5 o,n=   0.00000   0.00000
 Src-osrc corr  17   5 o,n=   0.00000   0.00000
 Src-osrc corr  18   5 o,n=   0.00000   0.00000
 Src-osrc corr  11   6 o,n=   0.01357   0.01357
 Src-osrc corr  12   6 o,n=   0.00000   0.00000
 Src-osrc corr  15   6 o,n=   0.00000   0.00000
 Src-osrc corr  16   6 o,n=   0.00000   0.00000
 Src-osrc corr  17   6 o,n=   0.00000   0.00000
 Src-osrc corr  18   6 o,n=   0.00000   0.00000
 Src-osrc corr  11   7 o,n=   0.01357   0.01357
 Src-osrc corr  12   7 o,n=   0.00000   0.00000
 Src-osrc corr  15   7 o,n=   0.00000   0.00000
 Src-osrc corr  16   7 o,n=   0.00000   0.00000
 Src-osrc corr  17   7 o,n=   0.00000   0.00000
 Src-osrc corr  18   7 o,n=   0.00000   0.00000
 Src-osrc corr  11   8 o,n=   0.01357   0.01357
 Src-osrc corr  12   8 o,n=   0.00000   0.00000
 Src-osrc corr  15   8 o,n=   0.00000   0.00000
 Src-osrc corr  16   8 o,n=   0.00000   0.00000
 Src-osrc corr  17   8 o,n=   0.00000   0.00000
 Src-osrc corr  18   8 o,n=   0.00000   0.00000
 Src-osrc corr  11   9 o,n=   0.01357   0.01357
 Src-osrc corr  12   9 o,n=   0.00000   0.00000
 Src-osrc corr  15   9 o,n=   0.00000   0.00001
 Src-osrc corr  16   9 o,n=   0.00000   0.00000
 Src-osrc corr  18   9 o,n=   0.00000   0.00000
 Reaction Xsec    17.0+/16 @ 1 =     0.651/, Out:   0.000#   0.149/   0.283/   0.283/   0.000#   0.000#  -0.000f
 Src-osrc corr  12   2 o,n=   0.04651   0.00525
 Src-osrc corr  14   2 o,n=   0.04651   0.00525
 Src-osrc corr  11   4 o,n=   0.00000   0.00000
 Src-osrc corr  12   4 o,n=   0.00525   0.00525
 Src-osrc corr  15   4 o,n=   0.00000   0.00000
 Src-osrc corr  16   4 o,n=   0.00000   0.00000
 Src-osrc corr  17   4 o,n=   0.00000   0.00000
 Src-osrc corr  11   5 o,n=   0.00000   0.00000
 Src-osrc corr  12   5 o,n=   0.00525   0.00525
 Src-osrc corr  15   5 o,n=   0.00000   0.00000
 Src-osrc corr  16   5 o,n=   0.00000   0.00000
 Src-osrc corr  17   5 o,n=   0.00000   0.00000
 Src-osrc corr  18   5 o,n=   0.00000   0.00000
 Src-osrc corr  11   6 o,n=   0.00000   0.00000
 Src-osrc corr  12   6 o,n=   0.00525   0.00525
 Src-osrc corr  15   6 o,n=   0.00000   0.00000
 Src-osrc corr  16   6 o,n=   0.00000   0.00000
 Src-osrc corr  17   6 o,n=   0.00000   0.00000
 Src-osrc corr  18   6 o,n=   0.00000   0.00000
 Src-osrc corr  11   7 o,n=   0.00000   0.00000
 Src-osrc corr  12   7 o,n=   0.00525   0.00525
 Src-osrc corr  15   7 o,n=   0.00000   0.00000
 Src-osrc corr  16   7 o,n=   0.00000   0.00000
 Src-osrc corr  17   7 o,n=   0.00000   0.00000
 Src-osrc corr  18   7 o,n=   0.00000   0.00000
 Src-osrc corr  11   8 o,n=   0.00000   0.00000
 Src-osrc corr  12   8 o,n=   0.00525   0.00525
 Src-osrc corr  15   8 o,n=   0.00000   0.00000
 Src-osrc corr  16   8 o,n=   0.00000   0.00000
 Src-osrc corr  17   8 o,n=   0.00000   0.00000
 Src-osrc corr  18   8 o,n=   0.00000   0.00000
 Src-osrc corr  11   9 o,n=   0.00000   0.00000
 Src-osrc corr  12   9 o,n=   0.00525   0.00525
 Src-osrc corr  15   9 o,n=   0.00000   0.00000
 Src-osrc corr  16   9 o,n=   0.00000   0.00000
 Src-osrc corr  18   9 o,n=   0.00000   0.00000
 Src-osrc corr  12  10 o,n=   0.00525   0.00525
 Src-osrc corr  16  10 o,n=   0.00000   0.00000
 Src-osrc corr  18  10 o,n=   0.00000   0.00000
 Src-osrc corr  12   2 o,n=   0.04651   0.00525
 Src-osrc corr  14   2 o,n=   0.04651   0.00525
 Src-osrc corr  11   4 o,n=   0.00000   0.00000
 Src-osrc corr  12   4 o,n=   0.00525   0.00525
 Src-osrc corr  15   4 o,n=   0.00000   0.00000
 Src-osrc corr  16   4 o,n=   0.00000   0.00000
 Src-osrc corr  17   4 o,n=   0.00000   0.00000
 Src-osrc corr  11   5 o,n=   0.00000   0.00000
 Src-osrc corr  12   5 o,n=   0.00525   0.00525
 Src-osrc corr  15   5 o,n=   0.00000   0.00000
 Src-osrc corr  16   5 o,n=   0.00000   0.00000
 Src-osrc corr  17   5 o,n=   0.00000   0.00000
 Src-osrc corr  18   5 o,n=   0.00000   0.00000
 Src-osrc corr  11   6 o,n=   0.00000   0.00000
 Src-osrc corr  12   6 o,n=   0.00525   0.00525
 Src-osrc corr  15   6 o,n=   0.00000   0.00000
 Src-osrc corr  16   6 o,n=   0.00000   0.00000
 Src-osrc corr  17   6 o,n=   0.00000   0.00000
 Src-osrc corr  18   6 o,n=   0.00000   0.00000
 Src-osrc corr  11   7 o,n=   0.00000   0.00000
 Src-osrc corr  12   7 o,n=   0.00525   0.00525
 Src-osrc corr  15   7 o,n=   0.00000   0.00000
 Src-osrc corr  16   7 o,n=   0.00000   0.00000
 Src-osrc corr  17   7 o,n=   0.00000   0.00000
 Src-osrc corr  18   7 o,n=   0.00000   0.00000
 Src-osrc corr  11   8 o,n=   0.00000   0.00000
 Src-osrc corr  12   8 o,n=   0.00525   0.00525
 Src-osrc corr  15   8 o,n=   0.00000   0.00000
 Src-osrc corr  16   8 o,n=   0.00000   0.00000
 Src-osrc corr  17   8 o,n=   0.00000   0.00000
 Src-osrc corr  18   8 o,n=   0.00000   0.00000
 Src-osrc corr  11   9 o,n=   0.00000   0.00000
 Src-osrc corr  12   9 o,n=   0.00525   0.00525
 Src-osrc corr  15   9 o,n=   0.00000   0.00000
 Src-osrc corr  16   9 o,n=   0.00000   0.00000
 Src-osrc corr  18   9 o,n=   0.00000   0.00000
 Src-osrc corr  12  10 o,n=   0.00525   0.00525
 Src-osrc corr  16  10 o,n=   0.00000   0.00000
 Src-osrc corr  18  10 o,n=   0.00000   0.00000
 Reaction Xsec    17.0+/18 @ 2 =     0.016/, Out:   0.000#   0.017/   5.469#   5.469#   0.000#   0.000#  -0.000f

 Total SPIN, PARITY =    17.0 -,     16 chs,     16 cc.  Rmin & Coul turning =    2.7   16.8
 Src-osrc corr   9   1 o,n=   0.05905   0.00419
 Src-osrc corr  10   1 o,n=   0.05738   0.00408
 Src-osrc corr  11   1 o,n=   0.05905   0.00419
 Src-osrc corr  12   1 o,n=   0.05738   0.00408
 Src-osrc corr   9   2 o,n=   0.00419   0.00419
 Src-osrc corr  10   2 o,n=   0.00408   0.00408
 Src-osrc corr  13   2 o,n=   0.00000   0.00000
 Src-osrc corr  14   2 o,n=   0.00000   0.00000
 Src-osrc corr  15   2 o,n=   0.00000   0.00000
 Src-osrc corr   9   3 o,n=   0.00419   0.00419
 Src-osrc corr  10   3 o,n=   0.00408   0.00408
 Src-osrc corr  13   3 o,n=   0.00000   0.00000
 Src-osrc corr  14   3 o,n=   0.00000   0.00000
 Src-osrc corr  15   3 o,n=   0.00000   0.00000
 Src-osrc corr  16   3 o,n=   0.00000   0.00000
 Src-osrc corr   9   4 o,n=   0.00419   0.00419
 Src-osrc corr  10   4 o,n=   0.00408   0.00408
 Src-osrc corr  13   4 o,n=   0.00000   0.00000
 Src-osrc corr  14   4 o,n=   0.00000   0.00000
 Src-osrc corr  15   4 o,n=   0.00000   0.00000
 Src-osrc corr  16   4 o,n=   0.00000   0.00000
 Src-osrc corr   9   5 o,n=   0.00419   0.00419
 Src-osrc corr  10   5 o,n=   0.00408   0.00408
 Src-osrc corr  13   5 o,n=   0.00000   0.00000
 Src-osrc corr  14   5 o,n=   0.00000   0.00000
 Src-osrc corr  15   5 o,n=   0.00000   0.00000
 Src-osrc corr  16   5 o,n=   0.00000   0.00000
 Src-osrc corr   9   6 o,n=   0.00419   0.00419
 Src-osrc corr  10   6 o,n=   0.00408   0.00408
 Src-osrc corr  13   6 o,n=   0.00000   0.00000
 Src-osrc corr  14   6 o,n=   0.00000   0.00000
 Src-osrc corr  15   6 o,n=   0.00000   0.00000
 Src-osrc corr  16   6 o,n=   0.00000   0.00000
 Src-osrc corr   9   7 o,n=   0.00419   0.00419
 Src-osrc corr  10   7 o,n=   0.00408   0.00408
 Src-osrc corr  13   7 o,n=   0.00000   0.00000
 Src-osrc corr  14   7 o,n=   0.00000   0.00000
 Src-osrc corr  15   7 o,n=   0.00000   0.00000
 Src-osrc corr  16   7 o,n=   0.00000   0.00000
 Src-osrc corr   9   8 o,n=   0.00419   0.00419
 Src-osrc corr  10   8 o,n=   0.00408   0.00408
 Src-osrc corr  13   8 o,n=   0.00000   0.00000
 Src-osrc corr  14   8 o,n=   0.00000   0.00000
 Src-osrc corr  16   8 o,n=   0.00000   0.00000
 Src-osrc corr   9   1 o,n=   0.05905   0.00419
 Src-osrc corr  10   1 o,n=   0.05738   0.00408
 Src-osrc corr  11   1 o,n=   0.05905   0.00419
 Src-osrc corr  12   1 o,n=   0.05738   0.00408
 Src-osrc corr   9   2 o,n=   0.00419   0.00419
 Src-osrc corr  10   2 o,n=   0.00408   0.00408
 Src-osrc corr  13   2 o,n=   0.00000   0.00000
 Src-osrc corr  14   2 o,n=   0.00000   0.00000
 Src-osrc corr  15   2 o,n=   0.00000   0.00000
 Src-osrc corr   9   3 o,n=   0.00419   0.00419
 Src-osrc corr  10   3 o,n=   0.00408   0.00408
 Src-osrc corr  13   3 o,n=   0.00000   0.00000
 Src-osrc corr  14   3 o,n=   0.00000   0.00000
 Src-osrc corr  15   3 o,n=   0.00000   0.00000
 Src-osrc corr  16   3 o,n=   0.00000   0.00000
 Src-osrc corr   9   4 o,n=   0.00419   0.00419
 Src-osrc corr  10   4 o,n=   0.00408   0.00408
 Src-osrc corr  13   4 o,n=   0.00000   0.00000
 Src-osrc corr  14   4 o,n=   0.00000   0.00000
 Src-osrc corr  15   4 o,n=   0.00000   0.00000
 Src-osrc corr  16   4 o,n=   0.00000   0.00000
 Src-osrc corr   9   5 o,n=   0.00419   0.00419
 Src-osrc corr  10   5 o,n=   0.00408   0.00408
 Src-osrc corr  13   5 o,n=   0.00000   0.00000
 Src-osrc corr  14   5 o,n=   0.00000   0.00000
 Src-osrc corr  15   5 o,n=   0.00000   0.00000
 Src-osrc corr  16   5 o,n=   0.00000   0.00000
 Src-osrc corr   9   6 o,n=   0.00419   0.00419
 Src-osrc corr  10   6 o,n=   0.00408   0.00408
 Src-osrc corr  13   6 o,n=   0.00000   0.00000
 Src-osrc corr  14   6 o,n=   0.00000   0.00000
 Src-osrc corr  15   6 o,n=   0.00000   0.00000
 Src-osrc corr  16   6 o,n=   0.00000   0.00000
 Src-osrc corr   9   7 o,n=   0.00419   0.00419
 Src-osrc corr  10   7 o,n=   0.00408   0.00408
 Src-osrc corr  13   7 o,n=   0.00000   0.00000
 Src-osrc corr  14   7 o,n=   0.00000   0.00000
 Src-osrc corr  15   7 o,n=   0.00000   0.00000
 Src-osrc corr  16   7 o,n=   0.00000   0.00000
 Src-osrc corr   9   8 o,n=   0.00419   0.00419
 Src-osrc corr  10   8 o,n=   0.00408   0.00408
 Src-osrc corr  13   8 o,n=   0.00000   0.00000
 Src-osrc corr  14   8 o,n=   0.00000   0.00000
 Src-osrc corr  16   8 o,n=   0.00000   0.00000
 Reaction Xsec    17.0-/17 @ 1 =     0.117/, Out:   0.000#   0.062/   0.048/   0.048/   0.000#   0.000#  -0.000f

 Total SPIN, PARITY =    18.0 +,     16 chs,     16 cc.  Rmin & Coul turning =    2.8   17.7
 Src-osrc corr   9   1 o,n=   0.03333   0.00376
 Src-osrc corr  10   1 o,n=   0.03244   0.00366
 Src-osrc corr  11   1 o,n=   0.03333   0.00376
 Src-osrc corr  12   1 o,n=   0.03244   0.00366
 Src-osrc corr   9   2 o,n=   0.00376   0.00376
 Src-osrc corr  10   2 o,n=   0.00366   0.00366
 Src-osrc corr  13   2 o,n=   0.00000   0.00000
 Src-osrc corr  14   2 o,n=   0.00000   0.00000
 Src-osrc corr  15   2 o,n=   0.00000   0.00000
 Src-osrc corr   9   3 o,n=   0.00376   0.00376
 Src-osrc corr  10   3 o,n=   0.00366   0.00366
 Src-osrc corr  13   3 o,n=   0.00000   0.00000
 Src-osrc corr  14   3 o,n=   0.00000   0.00000
 Src-osrc corr  15   3 o,n=   0.00000   0.00000
 Src-osrc corr  16   3 o,n=   0.00000   0.00000
 Src-osrc corr   9   4 o,n=   0.00376   0.00376
 Src-osrc corr  10   4 o,n=   0.00366   0.00366
 Src-osrc corr  13   4 o,n=   0.00000   0.00000
 Src-osrc corr  14   4 o,n=   0.00000   0.00000
 Src-osrc corr  15   4 o,n=   0.00000   0.00000
 Src-osrc corr  16   4 o,n=   0.00000   0.00000
 Src-osrc corr   9   5 o,n=   0.00376   0.00376
 Src-osrc corr  10   5 o,n=   0.00366   0.00366
 Src-osrc corr  13   5 o,n=   0.00000   0.00000
 Src-osrc corr  14   5 o,n=   0.00000   0.00000
 Src-osrc corr  15   5 o,n=   0.00000   0.00000
 Src-osrc corr  16   5 o,n=   0.00000   0.00000
 Src-osrc corr   9   6 o,n=   0.00376   0.00376
 Src-osrc corr  10   6 o,n=   0.00366   0.00366
 Src-osrc corr  13   6 o,n=   0.00000   0.00000
 Src-osrc corr  14   6 o,n=   0.00000   0.00000
 Src-osrc corr  15   6 o,n=   0.00000   0.00000
 Src-osrc corr  16   6 o,n=   0.00000   0.00000
 Src-osrc corr   9   7 o,n=   0.00376   0.00376
 Src-osrc corr  10   7 o,n=   0.00366   0.00366
 Src-osrc corr  13   7 o,n=   0.00000   0.00000
 Src-osrc corr  14   7 o,n=   0.00000   0.00000
 Src-osrc corr  15   7 o,n=   0.00000   0.00000
 Src-osrc corr  16   7 o,n=   0.00000   0.00000
 Src-osrc corr   9   8 o,n=   0.00376   0.00376
 Src-osrc corr  10   8 o,n=   0.00366   0.00366
 Src-osrc corr  13   8 o,n=   0.00000   0.00000
 Src-osrc corr  14   8 o,n=   0.00000   0.00000
 Src-osrc corr  16   8 o,n=   0.00000   0.00000
 Reaction Xsec    18.0+/18 @ 1 =     5.987#, Out:   0.000#   0.018/   5.782#   5.782#   0.000#   0.000#  -0.000f

 Total SPIN, PARITY =    18.0 -,     18 chs,     18 cc.  Rmin & Coul turning =    2.8   17.7
 Src-osrc corr  11   1 o,n=   0.08234   0.00585
 Src-osrc corr  13   1 o,n=   0.08234   0.00585
 Src-osrc corr  11   3 o,n=   0.00585   0.00585
 Src-osrc corr  15   3 o,n=   0.00000   0.00000
 Src-osrc corr  17   3 o,n=   0.00000   0.00000
 Src-osrc corr  11   4 o,n=   0.00585   0.00585
 Src-osrc corr  12   4 o,n=   0.00000   0.00000
 Src-osrc corr  15   4 o,n=   0.00000   0.00000
 Src-osrc corr  16   4 o,n=   0.00000   0.00000
 Src-osrc corr  17   4 o,n=   0.00000   0.00000
 Src-osrc corr  11   5 o,n=   0.00585   0.00585
 Src-osrc corr  12   5 o,n=   0.00000   0.00000
 Src-osrc corr  15   5 o,n=   0.00000   0.00000
 Src-osrc corr  16   5 o,n=   0.00000   0.00000
 Src-osrc corr  17   5 o,n=   0.00000   0.00000
 Src-osrc corr  18   5 o,n=   0.00000   0.00000
 Src-osrc corr  11   6 o,n=   0.00585   0.00585
 Src-osrc corr  12   6 o,n=   0.00000   0.00000
 Src-osrc corr  15   6 o,n=   0.00000   0.00000
 Src-osrc corr  16   6 o,n=   0.00000   0.00000
 Src-osrc corr  17   6 o,n=   0.00000   0.00000
 Src-osrc corr  18   6 o,n=   0.00000   0.00000
 Src-osrc corr  11   7 o,n=   0.00585   0.00585
 Src-osrc corr  12   7 o,n=   0.00000   0.00000
 Src-osrc corr  15   7 o,n=   0.00000   0.00000
 Src-osrc corr  16   7 o,n=   0.00000   0.00000
 Src-osrc corr  17   7 o,n=   0.00000   0.00000
 Src-osrc corr  18   7 o,n=   0.00000   0.00000
 Src-osrc corr  11   8 o,n=   0.00585   0.00585
 Src-osrc corr  12   8 o,n=   0.00000   0.00000
 Src-osrc corr  15   8 o,n=   0.00000   0.00000
 Src-osrc corr  16   8 o,n=   0.00000   0.00000
 Src-osrc corr  17   8 o,n=   0.00000   0.00000
 Src-osrc corr  18   8 o,n=   0.00000   0.00000
 Src-osrc corr  11   9 o,n=   0.00585   0.00585
 Src-osrc corr  12   9 o,n=   0.00000   0.00000
 Src-osrc corr  15   9 o,n=   0.00000   0.00001
 Src-osrc corr  16   9 o,n=   0.00000   0.00000
 Src-osrc corr  18   9 o,n=   0.00000   0.00000
 Src-osrc corr  11   1 o,n=   0.08234   0.00585
 Src-osrc corr  13   1 o,n=   0.08234   0.00585
 Src-osrc corr  11   3 o,n=   0.00585   0.00585
 Src-osrc corr  15   3 o,n=   0.00000   0.00000
 Src-osrc corr  17   3 o,n=   0.00000   0.00000
 Src-osrc corr  11   4 o,n=   0.00585   0.00585
 Src-osrc corr  12   4 o,n=   0.00000   0.00000
 Src-osrc corr  15   4 o,n=   0.00000   0.00000
 Src-osrc corr  16   4 o,n=   0.00000   0.00000
 Src-osrc corr  17   4 o,n=   0.00000   0.00000
 Src-osrc corr  11   5 o,n=   0.00585   0.00585
 Src-osrc corr  12   5 o,n=   0.00000   0.00000
 Src-osrc corr  15   5 o,n=   0.00000   0.00000
 Src-osrc corr  16   5 o,n=   0.00000   0.00000
 Src-osrc corr  17   5 o,n=   0.00000   0.00000
 Src-osrc corr  18   5 o,n=   0.00000   0.00000
 Src-osrc corr  11   6 o,n=   0.00585   0.00585
 Src-osrc corr  12   6 o,n=   0.00000   0.00000
 Src-osrc corr  15   6 o,n=   0.00000   0.00000
 Src-osrc corr  16   6 o,n=   0.00000   0.00000
 Src-osrc corr  17   6 o,n=   0.00000   0.00000
 Src-osrc corr  18   6 o,n=   0.00000   0.00000
 Src-osrc corr  11   7 o,n=   0.00585   0.00585
 Src-osrc corr  12   7 o,n=   0.00000   0.00000
 Src-osrc corr  15   7 o,n=   0.00000   0.00000
 Src-osrc corr  16   7 o,n=   0.00000   0.00000
 Src-osrc corr  17   7 o,n=   0.00000   0.00000
 Src-osrc corr  18   7 o,n=   0.00000   0.00000
 Src-osrc corr  11   8 o,n=   0.00585   0.00585
 Src-osrc corr  12   8 o,n=   0.00000   0.00000
 Src-osrc corr  15   8 o,n=   0.00000   0.00000
 Src-osrc corr  16   8 o,n=   0.00000   0.00000
 Src-osrc corr  17   8 o,n=   0.00000   0.00000
 Src-osrc corr  18   8 o,n=   0.00000   0.00000
 Src-osrc corr  11   9 o,n=   0.00585   0.00585
 Src-osrc corr  12   9 o,n=   0.00000   0.00000
 Src-osrc corr  15   9 o,n=   0.00000   0.00001
 Src-osrc corr  16   9 o,n=   0.00000   0.00000
 Src-osrc corr  18   9 o,n=   0.00000   0.00000
 Reaction Xsec    18.0-/17 @ 1 =     0.123/, Out:   0.000#   0.065/   0.051/   0.051/   0.000#   0.000#  -0.000f
 Src-osrc corr  12   2 o,n=   0.02487   0.00402
 Src-osrc corr  14   2 o,n=   0.02487   0.00402
 Src-osrc corr  11   4 o,n=   0.00000   0.00000
 Src-osrc corr  12   4 o,n=   0.00402   0.00402
 Src-osrc corr  15   4 o,n=   0.00000   0.00000
 Src-osrc corr  16   4 o,n=   0.00000   0.00000
 Src-osrc corr  17   4 o,n=   0.00000   0.00000
 Src-osrc corr  11   5 o,n=   0.00000   0.00000
 Src-osrc corr  12   5 o,n=   0.00402   0.00402
 Src-osrc corr  15   5 o,n=   0.00000   0.00000
 Src-osrc corr  16   5 o,n=   0.00000   0.00000
 Src-osrc corr  17   5 o,n=   0.00000   0.00000
 Src-osrc corr  18   5 o,n=   0.00000   0.00000
 Src-osrc corr  11   6 o,n=   0.00000   0.00000
 Src-osrc corr  12   6 o,n=   0.00402   0.00402
 Src-osrc corr  15   6 o,n=   0.00000   0.00000
 Src-osrc corr  16   6 o,n=   0.00000   0.00000
 Src-osrc corr  17   6 o,n=   0.00000   0.00000
 Src-osrc corr  18   6 o,n=   0.00000   0.00000
 Src-osrc corr  11   7 o,n=   0.00000   0.00000
 Src-osrc corr  12   7 o,n=   0.00402   0.00402
 Src-osrc corr  15   7 o,n=   0.00000   0.00000
 Src-osrc corr  16   7 o,n=   0.00000   0.00000
 Src-osrc corr  17   7 o,n=   0.00000   0.00000
 Src-osrc corr  18   7 o,n=   0.00000   0.00000
 Src-osrc corr  11   8 o,n=   0.00000   0.00000
 Src-osrc corr  12   8 o,n=   0.00402   0.00402
 Src-osrc corr  15   8 o,n=   0.00000   0.00000
 Src-osrc corr  16   8 o,n=   0.00000   0.00000
 Src-osrc corr  17   8 o,n=   0.00000   0.00000
 Src-osrc corr  18   8 o,n=   0.00000   0.00000
 Src-osrc corr  11   9 o,n=   0.00000   0.00000
 Src-osrc corr  12   9 o,n=   0.00402   0.00402
 Src-osrc corr  15   9 o,n=   0.00000   0.00000
 Src-osrc corr  16   9 o,n=   0.00000   0.00000
 Src-osrc corr  18   9 o,n=   0.00000   0.00000
 Src-osrc corr  12  10 o,n=   0.00402   0.00402
 Src-osrc corr  16  10 o,n=   0.00000   0.00000
 Src-osrc corr  18  10 o,n=   0.00000   0.00000
 Reaction Xsec    18.0-/19 @ 2 =     1.501#, Out:   0.000#   3.570#   0.471#   0.471#   0.000#   0.000#  -0.000f
 Finished all CC sets @    8.45632172    
0CUMULATIVE REACTION cross section               =        999.35740  <L> =     3.96  <L**2> =     18.7
0CUMULATIVE  ELASTIC cross section               =          0.00000
0CUMULATIVE outgoing cross sections in partition 1 :    0.00073   25.67238
0CUMULATIVE outgoing cross sections in partition 2 :   38.69599   33.43471    0.92933    0.11615
0Cumulative ABSORBTION by Imaginary Potentials    =       900.50812  <L> =     4.00  <L**2> =     19.0
   Fusion for specific 2H       M-states :     898.636120     904.252109     898.636120
0CUMULATIVE OUTGOING cross section               =         98.84928
 Strength functions * 10^4 for L=0-2  =   0.60162   0.62412   6.31237 (with r0= 1.35 fm).  R' =   0.113 fm
 To convert to S-factors (MeV.mb = keV.b),  multiply by  1.1260E+02


 CROSS SECTIONS FOR OUTGOING 2H       & 12C      in state #   1 with spins & parities 1.0  + &  0.0  +;  0

     0.01 deg.: X-S =   4.285737E+15 mb/sr,
+                                         /R =   1.000001E+00

     0.50 deg.: X-S =   6.842523E+08 mb/sr,
+                                         /R =   9.978513E-01

     1.00 deg.: X-S =   4.231390E+07 mb/sr,
+                                         /R =   9.872704E-01

     1.50 deg.: X-S =   8.202486E+06 mb/sr,
+                                         /R =   9.688041E-01

     2.00 deg.: X-S =   2.529235E+06 mb/sr,
+                                         /R =   9.440523E-01

     2.50 deg.: X-S =   1.003817E+06 mb/sr,
+                                         /R =   9.146438E-01

     3.00 deg.: X-S =   4.669565E+05 mb/sr,
+                                         /R =   8.821411E-01

     3.50 deg.: X-S =   2.423456E+05 mb/sr,
+                                         /R =   8.480320E-01

     4.00 deg.: X-S =   1.363392E+05 mb/sr,
+                                         /R =   8.137347E-01

     4.50 deg.: X-S =   8.166773E+04 mb/sr,
+                                         /R =   7.806009E-01

     5.00 deg.: X-S =   5.148839E+04 mb/sr,
+                                         /R =   7.499169E-01

     5.50 deg.: X-S =   3.390938E+04 mb/sr,
+                                         /R =   7.229006E-01

     6.00 deg.: X-S =   2.321370E+04 mb/sr,
+                                         /R =   7.006975E-01

     6.50 deg.: X-S =   1.646631E+04 mb/sr,
+                                         /R =   6.843732E-01

     7.00 deg.: X-S =   1.207693E+04 mb/sr,
+                                         /R =   6.749061E-01

     7.50 deg.: X-S =    9144.307715 mb/sr,
+                                         /R =   6.731789E-01

     8.00 deg.: X-S =    7137.824360 mb/sr,
+                                         /R =   6.799696E-01

     8.50 deg.: X-S =    5734.774836 mb/sr,
+                                         /R =   6.959432E-01

     9.00 deg.: X-S =    4733.299793 mb/sr,
+                                         /R =   7.216436E-01

     9.50 deg.: X-S =    4004.014825 mb/sr,
+                                         /R =   7.574863E-01

    10.00 deg.: X-S =    3462.202876 mb/sr,
+                                         /R =   8.037521E-01

    10.50 deg.: X-S =    3051.347717 mb/sr,
+                                         /R =   8.605822E-01

    11.00 deg.: X-S =    2733.122860 mb/sr,
+                                         /R =   9.279748E-01

    11.50 deg.: X-S =    2481.160382 mb/sr,
+                                         /R =   1.005783E+00

    12.00 deg.: X-S =    2277.089766 mb/sr,
+                                         /R =   1.093715E+00

    12.50 deg.: X-S =    2107.971434 mb/sr,
+                                         /R =   1.191333E+00

    13.00 deg.: X-S =    1964.605019 mb/sr,
+                                         /R =   1.298063E+00

    13.50 deg.: X-S =    1840.396635 mb/sr,
+                                         /R =   1.413192E+00

    14.00 deg.: X-S =    1730.589525 mb/sr,
+                                         /R =   1.535881E+00

    14.50 deg.: X-S =    1631.734654 mb/sr,
+                                         /R =   1.665169E+00

    15.00 deg.: X-S =    1541.322015 mb/sr,
+                                         /R =   1.799988E+00

    15.50 deg.: X-S =    1457.521031 mb/sr,
+                                         /R =   1.939171E+00

    16.00 deg.: X-S =    1378.995915 mb/sr,
+                                         /R =   2.081468E+00

    16.50 deg.: X-S =    1304.773115 mb/sr,
+                                         /R =   2.225558E+00

    17.00 deg.: X-S =    1234.145338 mb/sr,
+                                         /R =   2.370065E+00

    17.50 deg.: X-S =    1166.601524 mb/sr,
+                                         /R =   2.513576E+00

    18.00 deg.: X-S =    1101.775376 mb/sr,
+                                         /R =   2.654657E+00

    18.50 deg.: X-S =    1039.407301 mb/sr,
+                                         /R =   2.791868E+00

    19.00 deg.: X-S =     979.316097 mb/sr,
+                                         /R =   2.923785E+00

    19.50 deg.: X-S =     921.377796 mb/sr,
+                                         /R =   3.049011E+00

    20.00 deg.: X-S =     865.509784 mb/sr,
+                                         /R =   3.166201E+00

    20.50 deg.: X-S =     811.658852 mb/sr,
+                                         /R =   3.274071E+00

    21.00 deg.: X-S =     759.792180 mb/sr,
+                                         /R =   3.371418E+00

    21.50 deg.: X-S =     709.890542 mb/sr,
+                                         /R =   3.457134E+00

    22.00 deg.: X-S =     661.943175 mb/sr,
+                                         /R =   3.530219E+00

    22.50 deg.: X-S =     615.943934 mb/sr,
+                                         /R =   3.589795E+00

    23.00 deg.: X-S =     571.888418 mb/sr,
+                                         /R =   3.635115E+00

    23.50 deg.: X-S =     529.771848 mb/sr,
+                                         /R =   3.665572E+00

    24.00 deg.: X-S =     489.587527 mb/sr,
+                                         /R =   3.680710E+00

    24.50 deg.: X-S =     451.325743 mb/sr,
+                                         /R =   3.680225E+00

    25.00 deg.: X-S =     414.973029 mb/sr,
+                                         /R =   3.663974E+00

    25.50 deg.: X-S =     380.511692 mb/sr,
+                                         /R =   3.631974E+00

    26.00 deg.: X-S =     347.919551 mb/sr,
+                                         /R =   3.584400E+00

    26.50 deg.: X-S =     317.169845 mb/sr,
+                                         /R =   3.521591E+00

    27.00 deg.: X-S =     288.231267 mb/sr,
+                                         /R =   3.444036E+00

    27.50 deg.: X-S =     261.068100 mb/sr,
+                                         /R =   3.352378E+00

    28.00 deg.: X-S =     235.640425 mb/sr,
+                                         /R =   3.247402E+00

    28.50 deg.: X-S =     211.904388 mb/sr,
+                                         /R =   3.130027E+00

    29.00 deg.: X-S =     189.812513 mb/sr,
+                                         /R =   3.001297E+00

    29.50 deg.: X-S =     169.314042 mb/sr,
+                                         /R =   2.862368E+00

    30.00 deg.: X-S =     150.355295 mb/sr,
+                                         /R =   2.714496E+00

    30.50 deg.: X-S =     132.880043 mb/sr,
+                                         /R =   2.559025E+00

    31.00 deg.: X-S =     116.829889 mb/sr,
+                                         /R =   2.397369E+00

    31.50 deg.: X-S =     102.144646 mb/sr,
+                                         /R =   2.230999E+00

    32.00 deg.: X-S =      88.762712 mb/sr,
+                                         /R =   2.061429E+00

    32.50 deg.: X-S =      76.621434 mb/sr,
+                                         /R =   1.890196E+00

    33.00 deg.: X-S =      65.657466 mb/sr,
+                                         /R =   1.718846E+00

    33.50 deg.: X-S =      55.807106 mb/sr,
+                                         /R =   1.548918E+00

    34.00 deg.: X-S =      47.006626 mb/sr,
+                                         /R =   1.381930E+00

    34.50 deg.: X-S =      39.192571 mb/sr,
+                                         /R =   1.219359E+00

    35.00 deg.: X-S =      32.302055 mb/sr,
+                                         /R =   1.062632E+00

    35.50 deg.: X-S =      26.273023 mb/sr,
+                                         /R =   9.131074E-01

    36.00 deg.: X-S =      21.044501 mb/sr,
+                                         /R =   7.720646E-01

    36.50 deg.: X-S =      16.556823 mb/sr,
+                                         /R =   6.406913E-01

    37.00 deg.: X-S =      12.751830 mb/sr,
+                                         /R =   5.200724E-01

    37.50 deg.: X-S =       9.573060 mb/sr,
+                                         /R =   4.111811E-01

    38.00 deg.: X-S =       6.965906 mb/sr,
+                                         /R =   3.148697E-01

    38.50 deg.: X-S =       4.877760 mb/sr,
+                                         /R =   2.318635E-01

    39.00 deg.: X-S =       3.258128 mb/sr,
+                                         /R =   1.627551E-01

    39.50 deg.: X-S =       2.058737 mb/sr,
+                                         /R =   1.080003E-01

    40.00 deg.: X-S =       1.233611 mb/sr,
+                                         /R =   6.791577E-02

    40.50 deg.: X-S =       0.739138 mb/sr,
+                                         /R =   4.267793E-02

    41.00 deg.: X-S =       0.534112 mb/sr,
+                                         /R =   3.232358E-02

    41.50 deg.: X-S =       0.579762 mb/sr,
+                                         /R =   3.675158E-02

    42.00 deg.: X-S =       0.839763 mb/sr,
+                                         /R =   5.572617E-02

    42.50 deg.: X-S =       1.280238 mb/sr,
+                                         /R =   8.888151E-02

    43.00 deg.: X-S =       1.869736 mb/sr,
+                                         /R =   1.357274E-01

    43.50 deg.: X-S =       2.579206 mb/sr,
+                                         /R =   1.956563E-01

    44.00 deg.: X-S =       3.381958 mb/sr,
+                                         /R =   2.679510E-01

    44.50 deg.: X-S =       4.253606 mb/sr,
+                                         /R =   3.517939E-01

    45.00 deg.: X-S =       5.172013 mb/sr,
+                                         /R =   4.462763E-01

    45.50 deg.: X-S =       6.117219 mb/sr,
+                                         /R =   5.504090E-01

    46.00 deg.: X-S =       7.071364 mb/sr,
+                                         /R =   6.631332E-01

    46.50 deg.: X-S =       8.018605 mb/sr,
+                                         /R =   7.833321E-01

    47.00 deg.: X-S =       8.945029 mb/sr,
+                                         /R =   9.098421E-01

    47.50 deg.: X-S =       9.838556 mb/sr,
+                                         /R =   1.041465E+00

    48.00 deg.: X-S =      10.688847 mb/sr,
+                                         /R =   1.176981E+00

    48.50 deg.: X-S =      11.487202 mb/sr,
+                                         /R =   1.315159E+00

    49.00 deg.: X-S =      12.226456 mb/sr,
+                                         /R =   1.454769E+00

    49.50 deg.: X-S =      12.900883 mb/sr,
+                                         /R =   1.594593E+00

    50.00 deg.: X-S =      13.506088 mb/sr,
+                                         /R =   1.733437E+00

    50.50 deg.: X-S =      14.038906 mb/sr,
+                                         /R =   1.870144E+00

    51.00 deg.: X-S =      14.497302 mb/sr,
+                                         /R =   2.003596E+00

    51.50 deg.: X-S =      14.880269 mb/sr,
+                                         /R =   2.132733E+00

    52.00 deg.: X-S =      15.187728 mb/sr,
+                                         /R =   2.256557E+00

    52.50 deg.: X-S =      15.420438 mb/sr,
+                                         /R =   2.374136E+00

    53.00 deg.: X-S =      15.579901 mb/sr,
+                                         /R =   2.484620E+00

    53.50 deg.: X-S =      15.668268 mb/sr,
+                                         /R =   2.587239E+00

    54.00 deg.: X-S =      15.688260 mb/sr,
+                                         /R =   2.681312E+00

    54.50 deg.: X-S =      15.643082 mb/sr,
+                                         /R =   2.766250E+00

    55.00 deg.: X-S =      15.536348 mb/sr,
+                                         /R =   2.841560E+00

    55.50 deg.: X-S =      15.372003 mb/sr,
+                                         /R =   2.906846E+00

    56.00 deg.: X-S =      15.154259 mb/sr,
+                                         /R =   2.961812E+00

    56.50 deg.: X-S =      14.887525 mb/sr,
+                                         /R =   3.006258E+00

    57.00 deg.: X-S =      14.576350 mb/sr,
+                                         /R =   3.040087E+00

    57.50 deg.: X-S =      14.225369 mb/sr,
+                                         /R =   3.063295E+00

    58.00 deg.: X-S =      13.839247 mb/sr,
+                                         /R =   3.075976E+00

    58.50 deg.: X-S =      13.422635 mb/sr,
+                                         /R =   3.078313E+00

    59.00 deg.: X-S =      12.980129 mb/sr,
+                                         /R =   3.070576E+00

    59.50 deg.: X-S =      12.516231 mb/sr,
+                                         /R =   3.053120E+00

    60.00 deg.: X-S =      12.035314 mb/sr,
+                                         /R =   3.026377E+00

    60.50 deg.: X-S =      11.541594 mb/sr,
+                                         /R =   2.990848E+00

    61.00 deg.: X-S =      11.039108 mb/sr,
+                                         /R =   2.947101E+00

    61.50 deg.: X-S =      10.531684 mb/sr,
+                                         /R =   2.895763E+00

    62.00 deg.: X-S =      10.022932 mb/sr,
+                                         /R =   2.837512E+00

    62.50 deg.: X-S =       9.516224 mb/sr,
+                                         /R =   2.773068E+00

    63.00 deg.: X-S =       9.014684 mb/sr,
+                                         /R =   2.703189E+00

    63.50 deg.: X-S =       8.521180 mb/sr,
+                                         /R =   2.628661E+00

    64.00 deg.: X-S =       8.038318 mb/sr,
+                                         /R =   2.550290E+00

    64.50 deg.: X-S =       7.568442 mb/sr,
+                                         /R =   2.468895E+00

    65.00 deg.: X-S =       7.113631 mb/sr,
+                                         /R =   2.385300E+00

    65.50 deg.: X-S =       6.675700 mb/sr,
+                                         /R =   2.300326E+00

    66.00 deg.: X-S =       6.256207 mb/sr,
+                                         /R =   2.214786E+00

    66.50 deg.: X-S =       5.856458 mb/sr,
+                                         /R =   2.129473E+00

    67.00 deg.: X-S =       5.477513 mb/sr,
+                                         /R =   2.045158E+00

    67.50 deg.: X-S =       5.120196 mb/sr,
+                                         /R =   1.962583E+00

    68.00 deg.: X-S =       4.785107 mb/sr,
+                                         /R =   1.882451E+00

    68.50 deg.: X-S =       4.472627 mb/sr,
+                                         /R =   1.805427E+00

    69.00 deg.: X-S =       4.182940 mb/sr,
+                                         /R =   1.732125E+00

    69.50 deg.: X-S =       3.916035 mb/sr,
+                                         /R =   1.663113E+00

    70.00 deg.: X-S =       3.671727 mb/sr,
+                                         /R =   1.598899E+00

    70.50 deg.: X-S =       3.449668 mb/sr,
+                                         /R =   1.539938E+00

    71.00 deg.: X-S =       3.249362 mb/sr,
+                                         /R =   1.486620E+00

    71.50 deg.: X-S =       3.070178 mb/sr,
+                                         /R =   1.439273E+00

    72.00 deg.: X-S =       2.911365 mb/sr,
+                                         /R =   1.398160E+00

    72.50 deg.: X-S =       2.772066 mb/sr,
+                                         /R =   1.363481E+00

    73.00 deg.: X-S =       2.651332 mb/sr,
+                                         /R =   1.335365E+00

    73.50 deg.: X-S =       2.548136 mb/sr,
+                                         /R =   1.313880E+00

    74.00 deg.: X-S =       2.461387 mb/sr,
+                                         /R =   1.299025E+00

    74.50 deg.: X-S =       2.389939 mb/sr,
+                                         /R =   1.290737E+00

    75.00 deg.: X-S =       2.332611 mb/sr,
+                                         /R =   1.288892E+00

    75.50 deg.: X-S =       2.288191 mb/sr,
+                                         /R =   1.293303E+00

    76.00 deg.: X-S =       2.255452 mb/sr,
+                                         /R =   1.303728E+00

    76.50 deg.: X-S =       2.233160 mb/sr,
+                                         /R =   1.319872E+00

    77.00 deg.: X-S =       2.220087 mb/sr,
+                                         /R =   1.341386E+00

    77.50 deg.: X-S =       2.215018 mb/sr,
+                                         /R =   1.367879E+00

    78.00 deg.: X-S =       2.216758 mb/sr,
+                                         /R =   1.398914E+00

    78.50 deg.: X-S =       2.224145 mb/sr,
+                                         /R =   1.434018E+00

    79.00 deg.: X-S =       2.236052 mb/sr,
+                                         /R =   1.472684E+00

    79.50 deg.: X-S =       2.251396 mb/sr,
+                                         /R =   1.514377E+00

    80.00 deg.: X-S =       2.269143 mb/sr,
+                                         /R =   1.558538E+00

    80.50 deg.: X-S =       2.288312 mb/sr,
+                                         /R =   1.604591E+00

    81.00 deg.: X-S =       2.307982 mb/sr,
+                                         /R =   1.651945E+00

    81.50 deg.: X-S =       2.327292 mb/sr,
+                                         /R =   1.700004E+00

    82.00 deg.: X-S =       2.345447 mb/sr,
+                                         /R =   1.748167E+00

    82.50 deg.: X-S =       2.361718 mb/sr,
+                                         /R =   1.795836E+00

    83.00 deg.: X-S =       2.375445 mb/sr,
+                                         /R =   1.842420E+00

    83.50 deg.: X-S =       2.386036 mb/sr,
+                                         /R =   1.887343E+00

    84.00 deg.: X-S =       2.392973 mb/sr,
+                                         /R =   1.930043E+00

    84.50 deg.: X-S =       2.395804 mb/sr,
+                                         /R =   1.969981E+00

    85.00 deg.: X-S =       2.394150 mb/sr,
+                                         /R =   2.006644E+00

    85.50 deg.: X-S =       2.387697 mb/sr,
+                                         /R =   2.039549E+00

    86.00 deg.: X-S =       2.376203 mb/sr,
+                                         /R =   2.068247E+00

    86.50 deg.: X-S =       2.359487 mb/sr,
+                                         /R =   2.092327E+00

    87.00 deg.: X-S =       2.337436 mb/sr,
+                                         /R =   2.111418E+00

    87.50 deg.: X-S =       2.309996 mb/sr,
+                                         /R =   2.125192E+00

    88.00 deg.: X-S =       2.277170 mb/sr,
+                                         /R =   2.133370E+00

    88.50 deg.: X-S =       2.239021 mb/sr,
+                                         /R =   2.135717E+00

    89.00 deg.: X-S =       2.195660 mb/sr,
+                                         /R =   2.132052E+00

    89.50 deg.: X-S =       2.147251 mb/sr,
+                                         /R =   2.122244E+00

    90.00 deg.: X-S =       2.094003 mb/sr,
+                                         /R =   2.106216E+00

    90.50 deg.: X-S =       2.036166 mb/sr,
+                                         /R =   2.083942E+00

    91.00 deg.: X-S =       1.974030 mb/sr,
+                                         /R =   2.055453E+00

    91.50 deg.: X-S =       1.907920 mb/sr,
+                                         /R =   2.020832E+00

    92.00 deg.: X-S =       1.838192 mb/sr,
+                                         /R =   1.980217E+00

    92.50 deg.: X-S =       1.765231 mb/sr,
+                                         /R =   1.933799E+00

    93.00 deg.: X-S =       1.689445 mb/sr,
+                                         /R =   1.881821E+00

    93.50 deg.: X-S =       1.611262 mb/sr,
+                                         /R =   1.824577E+00

    94.00 deg.: X-S =       1.531127 mb/sr,
+                                         /R =   1.762409E+00

    94.50 deg.: X-S =       1.449500 mb/sr,
+                                         /R =   1.695708E+00

    95.00 deg.: X-S =       1.366847 mb/sr,
+                                         /R =   1.624909E+00

    95.50 deg.: X-S =       1.283644 mb/sr,
+                                         /R =   1.550490E+00

    96.00 deg.: X-S =       1.200369 mb/sr,
+                                         /R =   1.472971E+00

    96.50 deg.: X-S =       1.117499 mb/sr,
+                                         /R =   1.392906E+00

    97.00 deg.: X-S =       1.035511 mb/sr,
+                                         /R =   1.310885E+00

    97.50 deg.: X-S =       0.954872 mb/sr,
+                                         /R =   1.227529E+00

    98.00 deg.: X-S =       0.876044 mb/sr,
+                                         /R =   1.143486E+00

    98.50 deg.: X-S =       0.799477 mb/sr,
+                                         /R =   1.059428E+00

    99.00 deg.: X-S =       0.725609 mb/sr,
+                                         /R =   9.760458E-01

    99.50 deg.: X-S =       0.654860 mb/sr,
+                                         /R =   8.940493E-01

   100.00 deg.: X-S =       0.587635 mb/sr,
+                                         /R =   8.141592E-01

   100.50 deg.: X-S =       0.524319 mb/sr,
+                                         /R =   7.371053E-01

   101.00 deg.: X-S =       0.465276 mb/sr,
+                                         /R =   6.636220E-01

   101.50 deg.: X-S =       0.410848 mb/sr,
+                                         /R =   5.944445E-01

   102.00 deg.: X-S =       0.361351 mb/sr,
+                                         /R =   5.303048E-01

   102.50 deg.: X-S =       0.317080 mb/sr,
+                                         /R =   4.719277E-01

   103.00 deg.: X-S =       0.278301 mb/sr,
+                                         /R =   4.200270E-01

   103.50 deg.: X-S =       0.245253 mb/sr,
+                                         /R =   3.753015E-01

   104.00 deg.: X-S =       0.218151 mb/sr,
+                                         /R =   3.384313E-01

   104.50 deg.: X-S =       0.197177 mb/sr,
+                                         /R =   3.100741E-01

   105.00 deg.: X-S =       0.182488 mb/sr,
+                                         /R =   2.908614E-01

   105.50 deg.: X-S =       0.174211 mb/sr,
+                                         /R =   2.813955E-01

   106.00 deg.: X-S =       0.172444 mb/sr,
+                                         /R =   2.822457E-01

   106.50 deg.: X-S =       0.177256 mb/sr,
+                                         /R =   2.939450E-01

   107.00 deg.: X-S =       0.188687 mb/sr,
+                                         /R =   3.169876E-01

   107.50 deg.: X-S =       0.206749 mb/sr,
+                                         /R =   3.518254E-01

   108.00 deg.: X-S =       0.231425 mb/sr,
+                                         /R =   3.988655E-01

   108.50 deg.: X-S =       0.262670 mb/sr,
+                                         /R =   4.584679E-01

   109.00 deg.: X-S =       0.300412 mb/sr,
+                                         /R =   5.309426E-01

   109.50 deg.: X-S =       0.344552 mb/sr,
+                                         /R =   6.165479E-01

   110.00 deg.: X-S =       0.394965 mb/sr,
+                                         /R =   7.154885E-01

   110.50 deg.: X-S =       0.451501 mb/sr,
+                                         /R =   8.279133E-01

   111.00 deg.: X-S =       0.513983 mb/sr,
+                                         /R =   9.539144E-01

   111.50 deg.: X-S =       0.582215 mb/sr,
+                                         /R =   1.093526E+00

   112.00 deg.: X-S =       0.655974 mb/sr,
+                                         /R =   1.246721E+00

   112.50 deg.: X-S =       0.735019 mb/sr,
+                                         /R =   1.413416E+00

   113.00 deg.: X-S =       0.819087 mb/sr,
+                                         /R =   1.593463E+00

   113.50 deg.: X-S =       0.907895 mb/sr,
+                                         /R =   1.786655E+00

   114.00 deg.: X-S =       1.001143 mb/sr,
+                                         /R =   1.992724E+00

   114.50 deg.: X-S =       1.098514 mb/sr,
+                                         /R =   2.211341E+00

   115.00 deg.: X-S =       1.199677 mb/sr,
+                                         /R =   2.442117E+00

   115.50 deg.: X-S =       1.304283 mb/sr,
+                                         /R =   2.684602E+00

   116.00 deg.: X-S =       1.411975 mb/sr,
+                                         /R =   2.938289E+00

   116.50 deg.: X-S =       1.522381 mb/sr,
+                                         /R =   3.202613E+00

   117.00 deg.: X-S =       1.635121 mb/sr,
+                                         /R =   3.476952E+00

   117.50 deg.: X-S =       1.749805 mb/sr,
+                                         /R =   3.760631E+00

   118.00 deg.: X-S =       1.866037 mb/sr,
+                                         /R =   4.052922E+00

   118.50 deg.: X-S =       1.983415 mb/sr,
+                                         /R =   4.353048E+00

   119.00 deg.: X-S =       2.101532 mb/sr,
+                                         /R =   4.660184E+00

   119.50 deg.: X-S =       2.219978 mb/sr,
+                                         /R =   4.973458E+00

   120.00 deg.: X-S =       2.338344 mb/sr,
+                                         /R =   5.291960E+00

   120.50 deg.: X-S =       2.456219 mb/sr,
+                                         /R =   5.614737E+00

   121.00 deg.: X-S =       2.573194 mb/sr,
+                                         /R =   5.940805E+00

   121.50 deg.: X-S =       2.688864 mb/sr,
+                                         /R =   6.269143E+00

   122.00 deg.: X-S =       2.802827 mb/sr,
+                                         /R =   6.598707E+00

   122.50 deg.: X-S =       2.914687 mb/sr,
+                                         /R =   6.928425E+00

   123.00 deg.: X-S =       3.024056 mb/sr,
+                                         /R =   7.257206E+00

   123.50 deg.: X-S =       3.130556 mb/sr,
+                                         /R =   7.583945E+00

   124.00 deg.: X-S =       3.233816 mb/sr,
+                                         /R =   7.907524E+00

   124.50 deg.: X-S =       3.333477 mb/sr,
+                                         /R =   8.226817E+00

   125.00 deg.: X-S =       3.429194 mb/sr,
+                                         /R =   8.540698E+00

   125.50 deg.: X-S =       3.520636 mb/sr,
+                                         /R =   8.848042E+00

   126.00 deg.: X-S =       3.607484 mb/sr,
+                                         /R =   9.147733E+00

   126.50 deg.: X-S =       3.689438 mb/sr,
+                                         /R =   9.438665E+00

   127.00 deg.: X-S =       3.766213 mb/sr,
+                                         /R =   9.719751E+00

   127.50 deg.: X-S =       3.837544 mb/sr,
+                                         /R =   9.989925E+00

   128.00 deg.: X-S =       3.903184 mb/sr,
+                                         /R =   1.024815E+01

   128.50 deg.: X-S =       3.962907 mb/sr,
+                                         /R =   1.049341E+01

   129.00 deg.: X-S =       4.016506 mb/sr,
+                                         /R =   1.072475E+01

   129.50 deg.: X-S =       4.063798 mb/sr,
+                                         /R =   1.094122E+01

   130.00 deg.: X-S =       4.104621 mb/sr,
+                                         /R =   1.114196E+01

   130.50 deg.: X-S =       4.138835 mb/sr,
+                                         /R =   1.132611E+01

   131.00 deg.: X-S =       4.166325 mb/sr,
+                                         /R =   1.149292E+01

   131.50 deg.: X-S =       4.187000 mb/sr,
+                                         /R =   1.164165E+01

   132.00 deg.: X-S =       4.200792 mb/sr,
+                                         /R =   1.177165E+01

   132.50 deg.: X-S =       4.207659 mb/sr,
+                                         /R =   1.188233E+01

   133.00 deg.: X-S =       4.207582 mb/sr,
+                                         /R =   1.197317E+01

   133.50 deg.: X-S =       4.200569 mb/sr,
+                                         /R =   1.204373E+01

   134.00 deg.: X-S =       4.186651 mb/sr,
+                                         /R =   1.209363E+01

   134.50 deg.: X-S =       4.165884 mb/sr,
+                                         /R =   1.212258E+01

   135.00 deg.: X-S =       4.138350 mb/sr,
+                                         /R =   1.213037E+01

   135.50 deg.: X-S =       4.104154 mb/sr,
+                                         /R =   1.211688E+01

   136.00 deg.: X-S =       4.063425 mb/sr,
+                                         /R =   1.208207E+01

   136.50 deg.: X-S =       4.016317 mb/sr,
+                                         /R =   1.202597E+01

   137.00 deg.: X-S =       3.963004 mb/sr,
+                                         /R =   1.194873E+01

   137.50 deg.: X-S =       3.903685 mb/sr,
+                                         /R =   1.185055E+01

   138.00 deg.: X-S =       3.838580 mb/sr,
+                                         /R =   1.173176E+01

   138.50 deg.: X-S =       3.767929 mb/sr,
+                                         /R =   1.159273E+01

   139.00 deg.: X-S =       3.691991 mb/sr,
+                                         /R =   1.143396E+01

   139.50 deg.: X-S =       3.611046 mb/sr,
+                                         /R =   1.125601E+01

   140.00 deg.: X-S =       3.525392 mb/sr,
+                                         /R =   1.105952E+01

   140.50 deg.: X-S =       3.435340 mb/sr,
+                                         /R =   1.084523E+01

   141.00 deg.: X-S =       3.341221 mb/sr,
+                                         /R =   1.061395E+01

   141.50 deg.: X-S =       3.243376 mb/sr,
+                                         /R =   1.036656E+01

   142.00 deg.: X-S =       3.142163 mb/sr,
+                                         /R =   1.010403E+01

   142.50 deg.: X-S =       3.037948 mb/sr,
+                                         /R =   9.827377E+00

   143.00 deg.: X-S =       2.931108 mb/sr,
+                                         /R =   9.537702E+00

   143.50 deg.: X-S =       2.822030 mb/sr,
+                                         /R =   9.236156E+00

   144.00 deg.: X-S =       2.711105 mb/sr,
+                                         /R =   8.923951E+00

   144.50 deg.: X-S =       2.598732 mb/sr,
+                                         /R =   8.602347E+00

   145.00 deg.: X-S =       2.485313 mb/sr,
+                                         /R =   8.272650E+00

   145.50 deg.: X-S =       2.371252 mb/sr,
+                                         /R =   7.936206E+00

   146.00 deg.: X-S =       2.256953 mb/sr,
+                                         /R =   7.594396E+00

   146.50 deg.: X-S =       2.142819 mb/sr,
+                                         /R =   7.248626E+00

   147.00 deg.: X-S =       2.029253 mb/sr,
+                                         /R =   6.900325E+00

   147.50 deg.: X-S =       1.916649 mb/sr,
+                                         /R =   6.550935E+00

   148.00 deg.: X-S =       1.805399 mb/sr,
+                                         /R =   6.201908E+00

   148.50 deg.: X-S =       1.695885 mb/sr,
+                                         /R =   5.854694E+00

   149.00 deg.: X-S =       1.588482 mb/sr,
+                                         /R =   5.510739E+00

   149.50 deg.: X-S =       1.483552 mb/sr,
+                                         /R =   5.171476E+00

   150.00 deg.: X-S =       1.381446 mb/sr,
+                                         /R =   4.838318E+00

   150.50 deg.: X-S =       1.282501 mb/sr,
+                                         /R =   4.512651E+00

   151.00 deg.: X-S =       1.187041 mb/sr,
+                                         /R =   4.195828E+00

   151.50 deg.: X-S =       1.095371 mb/sr,
+                                         /R =   3.889160E+00

   152.00 deg.: X-S =       1.007780 mb/sr,
+                                         /R =   3.593914E+00

   152.50 deg.: X-S =       0.924537 mb/sr,
+                                         /R =   3.311301E+00

   153.00 deg.: X-S =       0.845893 mb/sr,
+                                         /R =   3.042474E+00

   153.50 deg.: X-S =       0.772076 mb/sr,
+                                         /R =   2.788520E+00

   154.00 deg.: X-S =       0.703293 mb/sr,
+                                         /R =   2.550456E+00

   154.50 deg.: X-S =       0.639730 mb/sr,
+                                         /R =   2.329221E+00

   155.00 deg.: X-S =       0.581547 mb/sr,
+                                         /R =   2.125675E+00

   155.50 deg.: X-S =       0.528882 mb/sr,
+                                         /R =   1.940588E+00

   156.00 deg.: X-S =       0.481846 mb/sr,
+                                         /R =   1.774646E+00

   156.50 deg.: X-S =       0.440528 mb/sr,
+                                         /R =   1.628435E+00

   157.00 deg.: X-S =       0.404989 mb/sr,
+                                         /R =   1.502447E+00

   157.50 deg.: X-S =       0.375265 mb/sr,
+                                         /R =   1.397075E+00

   158.00 deg.: X-S =       0.351369 mb/sr,
+                                         /R =   1.312608E+00

   158.50 deg.: X-S =       0.333284 mb/sr,
+                                         /R =   1.249232E+00

   159.00 deg.: X-S =       0.320972 mb/sr,
+                                         /R =   1.207026E+00

   159.50 deg.: X-S =       0.314365 mb/sr,
+                                         /R =   1.185966E+00

   160.00 deg.: X-S =       0.313375 mb/sr,
+                                         /R =   1.185920E+00

   160.50 deg.: X-S =       0.317886 mb/sr,
+                                         /R =   1.206651E+00

   161.00 deg.: X-S =       0.327759 mb/sr,
+                                         /R =   1.247817E+00

   161.50 deg.: X-S =       0.342834 mb/sr,
+                                         /R =   1.308975E+00

   162.00 deg.: X-S =       0.362926 mb/sr,
+                                         /R =   1.389578E+00

   162.50 deg.: X-S =       0.387829 mb/sr,
+                                         /R =   1.488983E+00

   163.00 deg.: X-S =       0.417320 mb/sr,
+                                         /R =   1.606450E+00

   163.50 deg.: X-S =       0.451151 mb/sr,
+                                         /R =   1.741151E+00

   164.00 deg.: X-S =       0.489061 mb/sr,
+                                         /R =   1.892167E+00

   164.50 deg.: X-S =       0.530769 mb/sr,
+                                         /R =   2.058500E+00

   165.00 deg.: X-S =       0.575981 mb/sr,
+                                         /R =   2.239071E+00

   165.50 deg.: X-S =       0.624387 mb/sr,
+                                         /R =   2.432734E+00

   166.00 deg.: X-S =       0.675665 mb/sr,
+                                         /R =   2.638274E+00

   166.50 deg.: X-S =       0.729483 mb/sr,
+                                         /R =   2.854418E+00

   167.00 deg.: X-S =       0.785499 mb/sr,
+                                         /R =   3.079840E+00

   167.50 deg.: X-S =       0.843363 mb/sr,
+                                         /R =   3.313171E+00

   168.00 deg.: X-S =       0.902719 mb/sr,
+                                         /R =   3.553001E+00

   168.50 deg.: X-S =       0.963207 mb/sr,
+                                         /R =   3.797892E+00

   169.00 deg.: X-S =       1.024466 mb/sr,
+                                         /R =   4.046382E+00

   169.50 deg.: X-S =       1.086131 mb/sr,
+                                         /R =   4.296993E+00

   170.00 deg.: X-S =       1.147840 mb/sr,
+                                         /R =   4.548244E+00

   170.50 deg.: X-S =       1.209234 mb/sr,
+                                         /R =   4.798652E+00

   171.00 deg.: X-S =       1.269958 mb/sr,
+                                         /R =   5.046745E+00

   171.50 deg.: X-S =       1.329662 mb/sr,
+                                         /R =   5.291068E+00

   172.00 deg.: X-S =       1.388006 mb/sr,
+                                         /R =   5.530191E+00

   172.50 deg.: X-S =       1.444659 mb/sr,
+                                         /R =   5.762718E+00

   173.00 deg.: X-S =       1.499299 mb/sr,
+                                         /R =   5.987293E+00

   173.50 deg.: X-S =       1.551619 mb/sr,
+                                         /R =   6.202609E+00

   174.00 deg.: X-S =       1.601326 mb/sr,
+                                         /R =   6.407416E+00

   174.50 deg.: X-S =       1.648142 mb/sr,
+                                         /R =   6.600523E+00

   175.00 deg.: X-S =       1.691805 mb/sr,
+                                         /R =   6.780812E+00

   175.50 deg.: X-S =       1.732074 mb/sr,
+                                         /R =   6.947238E+00

   176.00 deg.: X-S =       1.768725 mb/sr,
+                                         /R =   7.098837E+00

   176.50 deg.: X-S =       1.801554 mb/sr,
+                                         /R =   7.234733E+00

   177.00 deg.: X-S =       1.830382 mb/sr,
+                                         /R =   7.354139E+00

   177.50 deg.: X-S =       1.855048 mb/sr,
+                                         /R =   7.456366E+00

   178.00 deg.: X-S =       1.875417 mb/sr,
+                                         /R =   7.540824E+00

   178.50 deg.: X-S =       1.891377 mb/sr,
+                                         /R =   7.607024E+00

   179.00 deg.: X-S =       1.902840 mb/sr,
+                                         /R =   7.654584E+00

   179.50 deg.: X-S =       1.909743 mb/sr,
+                                         /R =   7.683231E+00

   179.99 deg.: X-S =       1.912047 mb/sr,
+                                         /R =   7.692794E+00

                                           Integrated  4.1014E+10 mb, over [   0.000, 180.000] at    16.0000 MeV 

 CROSS SECTIONS FOR OUTGOING 2H       & 12C      in state #   2 with spins & parities 1.0  + &  2.0  +;  0

     0.00 deg.: X-S =       8.078648 mb/sr,
+                                         REAC   2.5672E+01 mb

     0.50 deg.: X-S =       8.078391 mb/sr,

     1.00 deg.: X-S =       8.077598 mb/sr,

     1.50 deg.: X-S =       8.076200 mb/sr,

     2.00 deg.: X-S =       8.074089 mb/sr,

     2.50 deg.: X-S =       8.071112 mb/sr,

     3.00 deg.: X-S =       8.067085 mb/sr,

     3.50 deg.: X-S =       8.061788 mb/sr,

     4.00 deg.: X-S =       8.054978 mb/sr,

     4.50 deg.: X-S =       8.046393 mb/sr,

     5.00 deg.: X-S =       8.035759 mb/sr,

     5.50 deg.: X-S =       8.022796 mb/sr,

     6.00 deg.: X-S =       8.007228 mb/sr,

     6.50 deg.: X-S =       7.988790 mb/sr,

     7.00 deg.: X-S =       7.967234 mb/sr,

     7.50 deg.: X-S =       7.942337 mb/sr,

     8.00 deg.: X-S =       7.913910 mb/sr,

     8.50 deg.: X-S =       7.881797 mb/sr,

     9.00 deg.: X-S =       7.845886 mb/sr,

     9.50 deg.: X-S =       7.806110 mb/sr,

    10.00 deg.: X-S =       7.762451 mb/sr,

    10.50 deg.: X-S =       7.714937 mb/sr,

    11.00 deg.: X-S =       7.663646 mb/sr,

    11.50 deg.: X-S =       7.608706 mb/sr,

    12.00 deg.: X-S =       7.550285 mb/sr,

    12.50 deg.: X-S =       7.488595 mb/sr,

    13.00 deg.: X-S =       7.423882 mb/sr,

    13.50 deg.: X-S =       7.356424 mb/sr,

    14.00 deg.: X-S =       7.286521 mb/sr,

    14.50 deg.: X-S =       7.214490 mb/sr,

    15.00 deg.: X-S =       7.140656 mb/sr,

    15.50 deg.: X-S =       7.065346 mb/sr,

    16.00 deg.: X-S =       6.988882 mb/sr,

    16.50 deg.: X-S =       6.911573 mb/sr,

    17.00 deg.: X-S =       6.833710 mb/sr,

    17.50 deg.: X-S =       6.755556 mb/sr,

    18.00 deg.: X-S =       6.677349 mb/sr,

    18.50 deg.: X-S =       6.599292 mb/sr,

    19.00 deg.: X-S =       6.521551 mb/sr,

    19.50 deg.: X-S =       6.444257 mb/sr,

    20.00 deg.: X-S =       6.367500 mb/sr,

    20.50 deg.: X-S =       6.291336 mb/sr,

    21.00 deg.: X-S =       6.215783 mb/sr,

    21.50 deg.: X-S =       6.140825 mb/sr,

    22.00 deg.: X-S =       6.066417 mb/sr,

    22.50 deg.: X-S =       5.992486 mb/sr,

    23.00 deg.: X-S =       5.918936 mb/sr,

    23.50 deg.: X-S =       5.845653 mb/sr,

    24.00 deg.: X-S =       5.772510 mb/sr,

    24.50 deg.: X-S =       5.699368 mb/sr,

    25.00 deg.: X-S =       5.626085 mb/sr,

    25.50 deg.: X-S =       5.552518 mb/sr,

    26.00 deg.: X-S =       5.478524 mb/sr,

    26.50 deg.: X-S =       5.403970 mb/sr,

    27.00 deg.: X-S =       5.328730 mb/sr,

    27.50 deg.: X-S =       5.252688 mb/sr,

    28.00 deg.: X-S =       5.175742 mb/sr,

    28.50 deg.: X-S =       5.097806 mb/sr,

    29.00 deg.: X-S =       5.018809 mb/sr,

    29.50 deg.: X-S =       4.938693 mb/sr,

    30.00 deg.: X-S =       4.857420 mb/sr,

    30.50 deg.: X-S =       4.774967 mb/sr,

    31.00 deg.: X-S =       4.691326 mb/sr,

    31.50 deg.: X-S =       4.606505 mb/sr,

    32.00 deg.: X-S =       4.520528 mb/sr,

    32.50 deg.: X-S =       4.433430 mb/sr,

    33.00 deg.: X-S =       4.345262 mb/sr,

    33.50 deg.: X-S =       4.256088 mb/sr,

    34.00 deg.: X-S =       4.165981 mb/sr,

    34.50 deg.: X-S =       4.075028 mb/sr,

    35.00 deg.: X-S =       3.983326 mb/sr,

    35.50 deg.: X-S =       3.890982 mb/sr,

    36.00 deg.: X-S =       3.798115 mb/sr,

    36.50 deg.: X-S =       3.704850 mb/sr,

    37.00 deg.: X-S =       3.611325 mb/sr,

    37.50 deg.: X-S =       3.517683 mb/sr,

    38.00 deg.: X-S =       3.424080 mb/sr,

    38.50 deg.: X-S =       3.330676 mb/sr,

    39.00 deg.: X-S =       3.237640 mb/sr,

    39.50 deg.: X-S =       3.145151 mb/sr,

    40.00 deg.: X-S =       3.053391 mb/sr,

    40.50 deg.: X-S =       2.962549 mb/sr,

    41.00 deg.: X-S =       2.872820 mb/sr,

    41.50 deg.: X-S =       2.784403 mb/sr,

    42.00 deg.: X-S =       2.697499 mb/sr,

    42.50 deg.: X-S =       2.612312 mb/sr,

    43.00 deg.: X-S =       2.529047 mb/sr,

    43.50 deg.: X-S =       2.447907 mb/sr,

    44.00 deg.: X-S =       2.369094 mb/sr,

    44.50 deg.: X-S =       2.292803 mb/sr,

    45.00 deg.: X-S =       2.219227 mb/sr,

    45.50 deg.: X-S =       2.148549 mb/sr,

    46.00 deg.: X-S =       2.080944 mb/sr,

    46.50 deg.: X-S =       2.016574 mb/sr,

    47.00 deg.: X-S =       1.955592 mb/sr,

    47.50 deg.: X-S =       1.898132 mb/sr,

    48.00 deg.: X-S =       1.844316 mb/sr,

    48.50 deg.: X-S =       1.794247 mb/sr,

    49.00 deg.: X-S =       1.748011 mb/sr,

    49.50 deg.: X-S =       1.705674 mb/sr,

    50.00 deg.: X-S =       1.667282 mb/sr,

    50.50 deg.: X-S =       1.632861 mb/sr,

    51.00 deg.: X-S =       1.602418 mb/sr,

    51.50 deg.: X-S =       1.575938 mb/sr,

    52.00 deg.: X-S =       1.553387 mb/sr,

    52.50 deg.: X-S =       1.534709 mb/sr,

    53.00 deg.: X-S =       1.519833 mb/sr,

    53.50 deg.: X-S =       1.508668 mb/sr,

    54.00 deg.: X-S =       1.501108 mb/sr,

    54.50 deg.: X-S =       1.497030 mb/sr,

    55.00 deg.: X-S =       1.496299 mb/sr,

    55.50 deg.: X-S =       1.498766 mb/sr,

    56.00 deg.: X-S =       1.504275 mb/sr,

    56.50 deg.: X-S =       1.512658 mb/sr,

    57.00 deg.: X-S =       1.523740 mb/sr,

    57.50 deg.: X-S =       1.537342 mb/sr,

    58.00 deg.: X-S =       1.553280 mb/sr,

    58.50 deg.: X-S =       1.571367 mb/sr,

    59.00 deg.: X-S =       1.591416 mb/sr,

    59.50 deg.: X-S =       1.613238 mb/sr,

    60.00 deg.: X-S =       1.636647 mb/sr,

    60.50 deg.: X-S =       1.661457 mb/sr,

    61.00 deg.: X-S =       1.687487 mb/sr,

    61.50 deg.: X-S =       1.714558 mb/sr,

    62.00 deg.: X-S =       1.742495 mb/sr,

    62.50 deg.: X-S =       1.771129 mb/sr,

    63.00 deg.: X-S =       1.800294 mb/sr,

    63.50 deg.: X-S =       1.829831 mb/sr,

    64.00 deg.: X-S =       1.859585 mb/sr,

    64.50 deg.: X-S =       1.889409 mb/sr,

    65.00 deg.: X-S =       1.919158 mb/sr,

    65.50 deg.: X-S =       1.948697 mb/sr,

    66.00 deg.: X-S =       1.977893 mb/sr,

    66.50 deg.: X-S =       2.006621 mb/sr,

    67.00 deg.: X-S =       2.034761 mb/sr,

    67.50 deg.: X-S =       2.062199 mb/sr,

    68.00 deg.: X-S =       2.088828 mb/sr,

    68.50 deg.: X-S =       2.114544 mb/sr,

    69.00 deg.: X-S =       2.139253 mb/sr,

    69.50 deg.: X-S =       2.162863 mb/sr,

    70.00 deg.: X-S =       2.185290 mb/sr,

    70.50 deg.: X-S =       2.206455 mb/sr,

    71.00 deg.: X-S =       2.226288 mb/sr,

    71.50 deg.: X-S =       2.244720 mb/sr,

    72.00 deg.: X-S =       2.261693 mb/sr,

    72.50 deg.: X-S =       2.277153 mb/sr,

    73.00 deg.: X-S =       2.291052 mb/sr,

    73.50 deg.: X-S =       2.303350 mb/sr,

    74.00 deg.: X-S =       2.314011 mb/sr,

    74.50 deg.: X-S =       2.323007 mb/sr,

    75.00 deg.: X-S =       2.330315 mb/sr,

    75.50 deg.: X-S =       2.335919 mb/sr,

    76.00 deg.: X-S =       2.339809 mb/sr,

    76.50 deg.: X-S =       2.341980 mb/sr,

    77.00 deg.: X-S =       2.342433 mb/sr,

    77.50 deg.: X-S =       2.341174 mb/sr,

    78.00 deg.: X-S =       2.338216 mb/sr,

    78.50 deg.: X-S =       2.333576 mb/sr,

    79.00 deg.: X-S =       2.327273 mb/sr,

    79.50 deg.: X-S =       2.319335 mb/sr,

    80.00 deg.: X-S =       2.309792 mb/sr,

    80.50 deg.: X-S =       2.298676 mb/sr,

    81.00 deg.: X-S =       2.286025 mb/sr,

    81.50 deg.: X-S =       2.271880 mb/sr,

    82.00 deg.: X-S =       2.256283 mb/sr,

    82.50 deg.: X-S =       2.239281 mb/sr,

    83.00 deg.: X-S =       2.220921 mb/sr,

    83.50 deg.: X-S =       2.201253 mb/sr,

    84.00 deg.: X-S =       2.180329 mb/sr,

    84.50 deg.: X-S =       2.158202 mb/sr,

    85.00 deg.: X-S =       2.134926 mb/sr,

    85.50 deg.: X-S =       2.110555 mb/sr,

    86.00 deg.: X-S =       2.085147 mb/sr,

    86.50 deg.: X-S =       2.058758 mb/sr,

    87.00 deg.: X-S =       2.031444 mb/sr,

    87.50 deg.: X-S =       2.003263 mb/sr,

    88.00 deg.: X-S =       1.974273 mb/sr,

    88.50 deg.: X-S =       1.944531 mb/sr,

    89.00 deg.: X-S =       1.914096 mb/sr,

    89.50 deg.: X-S =       1.883024 mb/sr,

    90.00 deg.: X-S =       1.851374 mb/sr,

    90.50 deg.: X-S =       1.819205 mb/sr,

    91.00 deg.: X-S =       1.786573 mb/sr,

    91.50 deg.: X-S =       1.753538 mb/sr,

    92.00 deg.: X-S =       1.720156 mb/sr,

    92.50 deg.: X-S =       1.686486 mb/sr,

    93.00 deg.: X-S =       1.652587 mb/sr,

    93.50 deg.: X-S =       1.618516 mb/sr,

    94.00 deg.: X-S =       1.584332 mb/sr,

    94.50 deg.: X-S =       1.550095 mb/sr,

    95.00 deg.: X-S =       1.515863 mb/sr,

    95.50 deg.: X-S =       1.481695 mb/sr,

    96.00 deg.: X-S =       1.447651 mb/sr,

    96.50 deg.: X-S =       1.413791 mb/sr,

    97.00 deg.: X-S =       1.380176 mb/sr,

    97.50 deg.: X-S =       1.346865 mb/sr,

    98.00 deg.: X-S =       1.313921 mb/sr,

    98.50 deg.: X-S =       1.281404 mb/sr,

    99.00 deg.: X-S =       1.249376 mb/sr,

    99.50 deg.: X-S =       1.217898 mb/sr,

   100.00 deg.: X-S =       1.187032 mb/sr,

   100.50 deg.: X-S =       1.156839 mb/sr,

   101.00 deg.: X-S =       1.127382 mb/sr,

   101.50 deg.: X-S =       1.098721 mb/sr,

   102.00 deg.: X-S =       1.070916 mb/sr,

   102.50 deg.: X-S =       1.044029 mb/sr,

   103.00 deg.: X-S =       1.018117 mb/sr,

   103.50 deg.: X-S =       0.993239 mb/sr,

   104.00 deg.: X-S =       0.969451 mb/sr,

   104.50 deg.: X-S =       0.946810 mb/sr,

   105.00 deg.: X-S =       0.925367 mb/sr,

   105.50 deg.: X-S =       0.905175 mb/sr,

   106.00 deg.: X-S =       0.886282 mb/sr,

   106.50 deg.: X-S =       0.868735 mb/sr,

   107.00 deg.: X-S =       0.852577 mb/sr,

   107.50 deg.: X-S =       0.837848 mb/sr,

   108.00 deg.: X-S =       0.824586 mb/sr,

   108.50 deg.: X-S =       0.812824 mb/sr,

   109.00 deg.: X-S =       0.802591 mb/sr,

   109.50 deg.: X-S =       0.793913 mb/sr,

   110.00 deg.: X-S =       0.786810 mb/sr,

   110.50 deg.: X-S =       0.781300 mb/sr,

   111.00 deg.: X-S =       0.777395 mb/sr,

   111.50 deg.: X-S =       0.775102 mb/sr,

   112.00 deg.: X-S =       0.774422 mb/sr,

   112.50 deg.: X-S =       0.775355 mb/sr,

   113.00 deg.: X-S =       0.777893 mb/sr,

   113.50 deg.: X-S =       0.782022 mb/sr,

   114.00 deg.: X-S =       0.787726 mb/sr,

   114.50 deg.: X-S =       0.794983 mb/sr,

   115.00 deg.: X-S =       0.803765 mb/sr,

   115.50 deg.: X-S =       0.814040 mb/sr,

   116.00 deg.: X-S =       0.825770 mb/sr,

   116.50 deg.: X-S =       0.838916 mb/sr,

   117.00 deg.: X-S =       0.853430 mb/sr,

   117.50 deg.: X-S =       0.869262 mb/sr,

   118.00 deg.: X-S =       0.886358 mb/sr,

   118.50 deg.: X-S =       0.904659 mb/sr,

   119.00 deg.: X-S =       0.924103 mb/sr,

   119.50 deg.: X-S =       0.944624 mb/sr,

   120.00 deg.: X-S =       0.966153 mb/sr,

   120.50 deg.: X-S =       0.988617 mb/sr,

   121.00 deg.: X-S =       1.011942 mb/sr,

   121.50 deg.: X-S =       1.036048 mb/sr,

   122.00 deg.: X-S =       1.060856 mb/sr,

   122.50 deg.: X-S =       1.086283 mb/sr,

   123.00 deg.: X-S =       1.112246 mb/sr,

   123.50 deg.: X-S =       1.138656 mb/sr,

   124.00 deg.: X-S =       1.165428 mb/sr,

   124.50 deg.: X-S =       1.192473 mb/sr,

   125.00 deg.: X-S =       1.219702 mb/sr,

   125.50 deg.: X-S =       1.247024 mb/sr,

   126.00 deg.: X-S =       1.274350 mb/sr,

   126.50 deg.: X-S =       1.301590 mb/sr,

   127.00 deg.: X-S =       1.328654 mb/sr,

   127.50 deg.: X-S =       1.355454 mb/sr,

   128.00 deg.: X-S =       1.381902 mb/sr,

   128.50 deg.: X-S =       1.407912 mb/sr,

   129.00 deg.: X-S =       1.433400 mb/sr,

   129.50 deg.: X-S =       1.458283 mb/sr,

   130.00 deg.: X-S =       1.482481 mb/sr,

   130.50 deg.: X-S =       1.505918 mb/sr,

   131.00 deg.: X-S =       1.528519 mb/sr,

   131.50 deg.: X-S =       1.550214 mb/sr,

   132.00 deg.: X-S =       1.570936 mb/sr,

   132.50 deg.: X-S =       1.590624 mb/sr,

   133.00 deg.: X-S =       1.609218 mb/sr,

   133.50 deg.: X-S =       1.626666 mb/sr,

   134.00 deg.: X-S =       1.642920 mb/sr,

   134.50 deg.: X-S =       1.657936 mb/sr,

   135.00 deg.: X-S =       1.671676 mb/sr,

   135.50 deg.: X-S =       1.684110 mb/sr,

   136.00 deg.: X-S =       1.695212 mb/sr,

   136.50 deg.: X-S =       1.704961 mb/sr,

   137.00 deg.: X-S =       1.713343 mb/sr,

   137.50 deg.: X-S =       1.720352 mb/sr,

   138.00 deg.: X-S =       1.725985 mb/sr,

   138.50 deg.: X-S =       1.730248 mb/sr,

   139.00 deg.: X-S =       1.733151 mb/sr,

   139.50 deg.: X-S =       1.734713 mb/sr,

   140.00 deg.: X-S =       1.734955 mb/sr,

   140.50 deg.: X-S =       1.733908 mb/sr,

   141.00 deg.: X-S =       1.731605 mb/sr,

   141.50 deg.: X-S =       1.728086 mb/sr,

   142.00 deg.: X-S =       1.723397 mb/sr,

   142.50 deg.: X-S =       1.717587 mb/sr,

   143.00 deg.: X-S =       1.710712 mb/sr,

   143.50 deg.: X-S =       1.702829 mb/sr,

   144.00 deg.: X-S =       1.694002 mb/sr,

   144.50 deg.: X-S =       1.684298 mb/sr,

   145.00 deg.: X-S =       1.673784 mb/sr,

   145.50 deg.: X-S =       1.662533 mb/sr,

   146.00 deg.: X-S =       1.650621 mb/sr,

   146.50 deg.: X-S =       1.638122 mb/sr,

   147.00 deg.: X-S =       1.625115 mb/sr,

   147.50 deg.: X-S =       1.611679 mb/sr,

   148.00 deg.: X-S =       1.597893 mb/sr,

   148.50 deg.: X-S =       1.583838 mb/sr,

   149.00 deg.: X-S =       1.569593 mb/sr,

   149.50 deg.: X-S =       1.555237 mb/sr,

   150.00 deg.: X-S =       1.540850 mb/sr,

   150.50 deg.: X-S =       1.526508 mb/sr,

   151.00 deg.: X-S =       1.512287 mb/sr,

   151.50 deg.: X-S =       1.498261 mb/sr,

   152.00 deg.: X-S =       1.484502 mb/sr,

   152.50 deg.: X-S =       1.471078 mb/sr,

   153.00 deg.: X-S =       1.458057 mb/sr,

   153.50 deg.: X-S =       1.445500 mb/sr,

   154.00 deg.: X-S =       1.433468 mb/sr,

   154.50 deg.: X-S =       1.422017 mb/sr,

   155.00 deg.: X-S =       1.411198 mb/sr,

   155.50 deg.: X-S =       1.401061 mb/sr,

   156.00 deg.: X-S =       1.391649 mb/sr,

   156.50 deg.: X-S =       1.383001 mb/sr,

   157.00 deg.: X-S =       1.375152 mb/sr,

   157.50 deg.: X-S =       1.368133 mb/sr,

   158.00 deg.: X-S =       1.361968 mb/sr,

   158.50 deg.: X-S =       1.356678 mb/sr,

   159.00 deg.: X-S =       1.352277 mb/sr,

   159.50 deg.: X-S =       1.348776 mb/sr,

   160.00 deg.: X-S =       1.346180 mb/sr,

   160.50 deg.: X-S =       1.344488 mb/sr,

   161.00 deg.: X-S =       1.343695 mb/sr,

   161.50 deg.: X-S =       1.343791 mb/sr,

   162.00 deg.: X-S =       1.344760 mb/sr,

   162.50 deg.: X-S =       1.346582 mb/sr,

   163.00 deg.: X-S =       1.349232 mb/sr,

   163.50 deg.: X-S =       1.352680 mb/sr,

   164.00 deg.: X-S =       1.356893 mb/sr,

   164.50 deg.: X-S =       1.361831 mb/sr,

   165.00 deg.: X-S =       1.367452 mb/sr,

   165.50 deg.: X-S =       1.373711 mb/sr,

   166.00 deg.: X-S =       1.380559 mb/sr,

   166.50 deg.: X-S =       1.387941 mb/sr,

   167.00 deg.: X-S =       1.395804 mb/sr,

   167.50 deg.: X-S =       1.404089 mb/sr,

   168.00 deg.: X-S =       1.412735 mb/sr,

   168.50 deg.: X-S =       1.421682 mb/sr,

   169.00 deg.: X-S =       1.430866 mb/sr,

   169.50 deg.: X-S =       1.440224 mb/sr,

   170.00 deg.: X-S =       1.449689 mb/sr,

   170.50 deg.: X-S =       1.459198 mb/sr,

   171.00 deg.: X-S =       1.468686 mb/sr,

   171.50 deg.: X-S =       1.478088 mb/sr,

   172.00 deg.: X-S =       1.487342 mb/sr,

   172.50 deg.: X-S =       1.496386 mb/sr,

   173.00 deg.: X-S =       1.505159 mb/sr,

   173.50 deg.: X-S =       1.513604 mb/sr,

   174.00 deg.: X-S =       1.521666 mb/sr,

   174.50 deg.: X-S =       1.529290 mb/sr,

   175.00 deg.: X-S =       1.536428 mb/sr,

   175.50 deg.: X-S =       1.543034 mb/sr,

   176.00 deg.: X-S =       1.549064 mb/sr,

   176.50 deg.: X-S =       1.554479 mb/sr,

   177.00 deg.: X-S =       1.559244 mb/sr,

   177.50 deg.: X-S =       1.563330 mb/sr,

   178.00 deg.: X-S =       1.566709 mb/sr,

   178.50 deg.: X-S =       1.569359 mb/sr,

   179.00 deg.: X-S =       1.571265 mb/sr,

   179.50 deg.: X-S =       1.572413 mb/sr,

   180.00 deg.: X-S =       1.572797 mb/sr,

                                           Integrated  2.5672E+01 mb, over [   0.000, 180.000] at    16.0000 MeV 

 CROSS SECTIONS FOR OUTGOING 1H       & 13C      in state #   1 with spins & parities 0.5  + &  0.5  +;  0

     0.00 deg.: X-S =      89.047196 mb/sr,
+                                         REAC   3.8696E+01 mb

     0.50 deg.: X-S =      88.873790 mb/sr,

     1.00 deg.: X-S =      88.355469 mb/sr,

     1.50 deg.: X-S =      87.497888 mb/sr,

     2.00 deg.: X-S =      86.310359 mb/sr,

     2.50 deg.: X-S =      84.805691 mb/sr,

     3.00 deg.: X-S =      82.999957 mb/sr,

     3.50 deg.: X-S =      80.912223 mb/sr,

     4.00 deg.: X-S =      78.564217 mb/sr,

     4.50 deg.: X-S =      75.979963 mb/sr,

     5.00 deg.: X-S =      73.185384 mb/sr,

     5.50 deg.: X-S =      70.207888 mb/sr,

     6.00 deg.: X-S =      67.075933 mb/sr,

     6.50 deg.: X-S =      63.818596 mb/sr,

     7.00 deg.: X-S =      60.465152 mb/sr,

     7.50 deg.: X-S =      57.044659 mb/sr,

     8.00 deg.: X-S =      53.585576 mb/sr,

     8.50 deg.: X-S =      50.115407 mb/sr,

     9.00 deg.: X-S =      46.660383 mb/sr,

     9.50 deg.: X-S =      43.245180 mb/sr,

    10.00 deg.: X-S =      39.892689 mb/sr,

    10.50 deg.: X-S =      36.623825 mb/sr,

    11.00 deg.: X-S =      33.457387 mb/sr,

    11.50 deg.: X-S =      30.409958 mb/sr,

    12.00 deg.: X-S =      27.495858 mb/sr,

    12.50 deg.: X-S =      24.727131 mb/sr,

    13.00 deg.: X-S =      22.113573 mb/sr,

    13.50 deg.: X-S =      19.662796 mb/sr,

    14.00 deg.: X-S =      17.380316 mb/sr,

    14.50 deg.: X-S =      15.269672 mb/sr,

    15.00 deg.: X-S =      13.332562 mb/sr,

    15.50 deg.: X-S =      11.568990 mb/sr,

    16.00 deg.: X-S =       9.977431 mb/sr,

    16.50 deg.: X-S =       8.554996 mb/sr,

    17.00 deg.: X-S =       7.297597 mb/sr,

    17.50 deg.: X-S =       6.200115 mb/sr,

    18.00 deg.: X-S =       5.256560 mb/sr,

    18.50 deg.: X-S =       4.460223 mb/sr,

    19.00 deg.: X-S =       3.803817 mb/sr,

    19.50 deg.: X-S =       3.279612 mb/sr,

    20.00 deg.: X-S =       2.879551 mb/sr,

    20.50 deg.: X-S =       2.595359 mb/sr,

    21.00 deg.: X-S =       2.418633 mb/sr,

    21.50 deg.: X-S =       2.340929 mb/sr,

    22.00 deg.: X-S =       2.353824 mb/sr,

    22.50 deg.: X-S =       2.448983 mb/sr,

    23.00 deg.: X-S =       2.618200 mb/sr,

    23.50 deg.: X-S =       2.853440 mb/sr,

    24.00 deg.: X-S =       3.146871 mb/sr,

    24.50 deg.: X-S =       3.490890 mb/sr,

    25.00 deg.: X-S =       3.878138 mb/sr,

    25.50 deg.: X-S =       4.301523 mb/sr,

    26.00 deg.: X-S =       4.754225 mb/sr,

    26.50 deg.: X-S =       5.229708 mb/sr,

    27.00 deg.: X-S =       5.721732 mb/sr,

    27.50 deg.: X-S =       6.224356 mb/sr,

    28.00 deg.: X-S =       6.731946 mb/sr,

    28.50 deg.: X-S =       7.239186 mb/sr,

    29.00 deg.: X-S =       7.741080 mb/sr,

    29.50 deg.: X-S =       8.232965 mb/sr,

    30.00 deg.: X-S =       8.710516 mb/sr,

    30.50 deg.: X-S =       9.169756 mb/sr,

    31.00 deg.: X-S =       9.607063 mb/sr,

    31.50 deg.: X-S =      10.019181 mb/sr,

    32.00 deg.: X-S =      10.403222 mb/sr,

    32.50 deg.: X-S =      10.756678 mb/sr,

    33.00 deg.: X-S =      11.077421 mb/sr,

    33.50 deg.: X-S =      11.363708 mb/sr,

    34.00 deg.: X-S =      11.614179 mb/sr,

    34.50 deg.: X-S =      11.827855 mb/sr,

    35.00 deg.: X-S =      12.004131 mb/sr,

    35.50 deg.: X-S =      12.142768 mb/sr,

    36.00 deg.: X-S =      12.243877 mb/sr,

    36.50 deg.: X-S =      12.307908 mb/sr,

    37.00 deg.: X-S =      12.335625 mb/sr,

    37.50 deg.: X-S =      12.328083 mb/sr,

    38.00 deg.: X-S =      12.286609 mb/sr,

    38.50 deg.: X-S =      12.212762 mb/sr,

    39.00 deg.: X-S =      12.108313 mb/sr,

    39.50 deg.: X-S =      11.975207 mb/sr,

    40.00 deg.: X-S =      11.815530 mb/sr,

    40.50 deg.: X-S =      11.631479 mb/sr,

    41.00 deg.: X-S =      11.425324 mb/sr,

    41.50 deg.: X-S =      11.199378 mb/sr,

    42.00 deg.: X-S =      10.955963 mb/sr,

    42.50 deg.: X-S =      10.697386 mb/sr,

    43.00 deg.: X-S =      10.425906 mb/sr,

    43.50 deg.: X-S =      10.143711 mb/sr,

    44.00 deg.: X-S =       9.852902 mb/sr,

    44.50 deg.: X-S =       9.555465 mb/sr,

    45.00 deg.: X-S =       9.253266 mb/sr,

    45.50 deg.: X-S =       8.948032 mb/sr,

    46.00 deg.: X-S =       8.641350 mb/sr,

    46.50 deg.: X-S =       8.334656 mb/sr,

    47.00 deg.: X-S =       8.029236 mb/sr,

    47.50 deg.: X-S =       7.726228 mb/sr,

    48.00 deg.: X-S =       7.426622 mb/sr,

    48.50 deg.: X-S =       7.131269 mb/sr,

    49.00 deg.: X-S =       6.840889 mb/sr,

    49.50 deg.: X-S =       6.556074 mb/sr,

    50.00 deg.: X-S =       6.277304 mb/sr,

    50.50 deg.: X-S =       6.004955 mb/sr,

    51.00 deg.: X-S =       5.739310 mb/sr,

    51.50 deg.: X-S =       5.480569 mb/sr,

    52.00 deg.: X-S =       5.228862 mb/sr,

    52.50 deg.: X-S =       4.984260 mb/sr,

    53.00 deg.: X-S =       4.746782 mb/sr,

    53.50 deg.: X-S =       4.516408 mb/sr,

    54.00 deg.: X-S =       4.293083 mb/sr,

    54.50 deg.: X-S =       4.076732 mb/sr,

    55.00 deg.: X-S =       3.867261 mb/sr,

    55.50 deg.: X-S =       3.664562 mb/sr,

    56.00 deg.: X-S =       3.468527 mb/sr,

    56.50 deg.: X-S =       3.279041 mb/sr,

    57.00 deg.: X-S =       3.095993 mb/sr,

    57.50 deg.: X-S =       2.919279 mb/sr,

    58.00 deg.: X-S =       2.748799 mb/sr,

    58.50 deg.: X-S =       2.584461 mb/sr,

    59.00 deg.: X-S =       2.426185 mb/sr,

    59.50 deg.: X-S =       2.273897 mb/sr,

    60.00 deg.: X-S =       2.127536 mb/sr,

    60.50 deg.: X-S =       1.987045 mb/sr,

    61.00 deg.: X-S =       1.852378 mb/sr,

    61.50 deg.: X-S =       1.723497 mb/sr,

    62.00 deg.: X-S =       1.600365 mb/sr,

    62.50 deg.: X-S =       1.482953 mb/sr,

    63.00 deg.: X-S =       1.371231 mb/sr,

    63.50 deg.: X-S =       1.265172 mb/sr,

    64.00 deg.: X-S =       1.164748 mb/sr,

    64.50 deg.: X-S =       1.069926 mb/sr,

    65.00 deg.: X-S =       0.980671 mb/sr,

    65.50 deg.: X-S =       0.896941 mb/sr,

    66.00 deg.: X-S =       0.818688 mb/sr,

    66.50 deg.: X-S =       0.745857 mb/sr,

    67.00 deg.: X-S =       0.678383 mb/sr,

    67.50 deg.: X-S =       0.616191 mb/sr,

    68.00 deg.: X-S =       0.559197 mb/sr,

    68.50 deg.: X-S =       0.507307 mb/sr,

    69.00 deg.: X-S =       0.460416 mb/sr,

    69.50 deg.: X-S =       0.418410 mb/sr,

    70.00 deg.: X-S =       0.381166 mb/sr,

    70.50 deg.: X-S =       0.348549 mb/sr,

    71.00 deg.: X-S =       0.320420 mb/sr,

    71.50 deg.: X-S =       0.296629 mb/sr,

    72.00 deg.: X-S =       0.277021 mb/sr,

    72.50 deg.: X-S =       0.261435 mb/sr,

    73.00 deg.: X-S =       0.249707 mb/sr,

    73.50 deg.: X-S =       0.241668 mb/sr,

    74.00 deg.: X-S =       0.237148 mb/sr,

    74.50 deg.: X-S =       0.235974 mb/sr,

    75.00 deg.: X-S =       0.237976 mb/sr,

    75.50 deg.: X-S =       0.242982 mb/sr,

    76.00 deg.: X-S =       0.250824 mb/sr,

    76.50 deg.: X-S =       0.261334 mb/sr,

    77.00 deg.: X-S =       0.274349 mb/sr,

    77.50 deg.: X-S =       0.289710 mb/sr,

    78.00 deg.: X-S =       0.307262 mb/sr,

    78.50 deg.: X-S =       0.326854 mb/sr,

    79.00 deg.: X-S =       0.348340 mb/sr,

    79.50 deg.: X-S =       0.371581 mb/sr,

    80.00 deg.: X-S =       0.396441 mb/sr,

    80.50 deg.: X-S =       0.422790 mb/sr,

    81.00 deg.: X-S =       0.450506 mb/sr,

    81.50 deg.: X-S =       0.479468 mb/sr,

    82.00 deg.: X-S =       0.509562 mb/sr,

    82.50 deg.: X-S =       0.540680 mb/sr,

    83.00 deg.: X-S =       0.572717 mb/sr,

    83.50 deg.: X-S =       0.605574 mb/sr,

    84.00 deg.: X-S =       0.639155 mb/sr,

    84.50 deg.: X-S =       0.673367 mb/sr,

    85.00 deg.: X-S =       0.708122 mb/sr,

    85.50 deg.: X-S =       0.743336 mb/sr,

    86.00 deg.: X-S =       0.778927 mb/sr,

    86.50 deg.: X-S =       0.814815 mb/sr,

    87.00 deg.: X-S =       0.850924 mb/sr,

    87.50 deg.: X-S =       0.887179 mb/sr,

    88.00 deg.: X-S =       0.923508 mb/sr,

    88.50 deg.: X-S =       0.959840 mb/sr,

    89.00 deg.: X-S =       0.996106 mb/sr,

    89.50 deg.: X-S =       1.032240 mb/sr,

    90.00 deg.: X-S =       1.068174 mb/sr,

    90.50 deg.: X-S =       1.103844 mb/sr,

    91.00 deg.: X-S =       1.139187 mb/sr,

    91.50 deg.: X-S =       1.174139 mb/sr,

    92.00 deg.: X-S =       1.208639 mb/sr,

    92.50 deg.: X-S =       1.242626 mb/sr,

    93.00 deg.: X-S =       1.276040 mb/sr,

    93.50 deg.: X-S =       1.308822 mb/sr,

    94.00 deg.: X-S =       1.340914 mb/sr,

    94.50 deg.: X-S =       1.372259 mb/sr,

    95.00 deg.: X-S =       1.402801 mb/sr,

    95.50 deg.: X-S =       1.432485 mb/sr,

    96.00 deg.: X-S =       1.461257 mb/sr,

    96.50 deg.: X-S =       1.489066 mb/sr,

    97.00 deg.: X-S =       1.515859 mb/sr,

    97.50 deg.: X-S =       1.541589 mb/sr,

    98.00 deg.: X-S =       1.566206 mb/sr,

    98.50 deg.: X-S =       1.589665 mb/sr,

    99.00 deg.: X-S =       1.611922 mb/sr,

    99.50 deg.: X-S =       1.632937 mb/sr,

   100.00 deg.: X-S =       1.652669 mb/sr,

   100.50 deg.: X-S =       1.671081 mb/sr,

   101.00 deg.: X-S =       1.688141 mb/sr,

   101.50 deg.: X-S =       1.703816 mb/sr,

   102.00 deg.: X-S =       1.718079 mb/sr,

   102.50 deg.: X-S =       1.730905 mb/sr,

   103.00 deg.: X-S =       1.742274 mb/sr,

   103.50 deg.: X-S =       1.752166 mb/sr,

   104.00 deg.: X-S =       1.760569 mb/sr,

   104.50 deg.: X-S =       1.767471 mb/sr,

   105.00 deg.: X-S =       1.772867 mb/sr,

   105.50 deg.: X-S =       1.776755 mb/sr,

   106.00 deg.: X-S =       1.779135 mb/sr,

   106.50 deg.: X-S =       1.780013 mb/sr,

   107.00 deg.: X-S =       1.779400 mb/sr,

   107.50 deg.: X-S =       1.777309 mb/sr,

   108.00 deg.: X-S =       1.773758 mb/sr,

   108.50 deg.: X-S =       1.768768 mb/sr,

   109.00 deg.: X-S =       1.762364 mb/sr,

   109.50 deg.: X-S =       1.754577 mb/sr,

   110.00 deg.: X-S =       1.745438 mb/sr,

   110.50 deg.: X-S =       1.734984 mb/sr,

   111.00 deg.: X-S =       1.723253 mb/sr,

   111.50 deg.: X-S =       1.710288 mb/sr,

   112.00 deg.: X-S =       1.696132 mb/sr,

   112.50 deg.: X-S =       1.680835 mb/sr,

   113.00 deg.: X-S =       1.664443 mb/sr,

   113.50 deg.: X-S =       1.647010 mb/sr,

   114.00 deg.: X-S =       1.628588 mb/sr,

   114.50 deg.: X-S =       1.609232 mb/sr,

   115.00 deg.: X-S =       1.588996 mb/sr,

   115.50 deg.: X-S =       1.567937 mb/sr,

   116.00 deg.: X-S =       1.546113 mb/sr,

   116.50 deg.: X-S =       1.523580 mb/sr,

   117.00 deg.: X-S =       1.500395 mb/sr,

   117.50 deg.: X-S =       1.476616 mb/sr,

   118.00 deg.: X-S =       1.452300 mb/sr,

   118.50 deg.: X-S =       1.427503 mb/sr,

   119.00 deg.: X-S =       1.402279 mb/sr,

   119.50 deg.: X-S =       1.376684 mb/sr,

   120.00 deg.: X-S =       1.350769 mb/sr,

   120.50 deg.: X-S =       1.324588 mb/sr,

   121.00 deg.: X-S =       1.298190 mb/sr,

   121.50 deg.: X-S =       1.271625 mb/sr,

   122.00 deg.: X-S =       1.244938 mb/sr,

   122.50 deg.: X-S =       1.218176 mb/sr,

   123.00 deg.: X-S =       1.191381 mb/sr,

   123.50 deg.: X-S =       1.164596 mb/sr,

   124.00 deg.: X-S =       1.137859 mb/sr,

   124.50 deg.: X-S =       1.111209 mb/sr,

   125.00 deg.: X-S =       1.084681 mb/sr,

   125.50 deg.: X-S =       1.058309 mb/sr,

   126.00 deg.: X-S =       1.032124 mb/sr,

   126.50 deg.: X-S =       1.006156 mb/sr,

   127.00 deg.: X-S =       0.980434 mb/sr,

   127.50 deg.: X-S =       0.954982 mb/sr,

   128.00 deg.: X-S =       0.929825 mb/sr,

   128.50 deg.: X-S =       0.904985 mb/sr,

   129.00 deg.: X-S =       0.880482 mb/sr,

   129.50 deg.: X-S =       0.856336 mb/sr,

   130.00 deg.: X-S =       0.832563 mb/sr,

   130.50 deg.: X-S =       0.809178 mb/sr,

   131.00 deg.: X-S =       0.786196 mb/sr,

   131.50 deg.: X-S =       0.763629 mb/sr,

   132.00 deg.: X-S =       0.741486 mb/sr,

   132.50 deg.: X-S =       0.719779 mb/sr,

   133.00 deg.: X-S =       0.698515 mb/sr,

   133.50 deg.: X-S =       0.677700 mb/sr,

   134.00 deg.: X-S =       0.657340 mb/sr,

   134.50 deg.: X-S =       0.637439 mb/sr,

   135.00 deg.: X-S =       0.618001 mb/sr,

   135.50 deg.: X-S =       0.599027 mb/sr,

   136.00 deg.: X-S =       0.580518 mb/sr,

   136.50 deg.: X-S =       0.562473 mb/sr,

   137.00 deg.: X-S =       0.544893 mb/sr,

   137.50 deg.: X-S =       0.527774 mb/sr,

   138.00 deg.: X-S =       0.511114 mb/sr,

   138.50 deg.: X-S =       0.494908 mb/sr,

   139.00 deg.: X-S =       0.479154 mb/sr,

   139.50 deg.: X-S =       0.463845 mb/sr,

   140.00 deg.: X-S =       0.448975 mb/sr,

   140.50 deg.: X-S =       0.434538 mb/sr,

   141.00 deg.: X-S =       0.420528 mb/sr,

   141.50 deg.: X-S =       0.406936 mb/sr,

   142.00 deg.: X-S =       0.393755 mb/sr,

   142.50 deg.: X-S =       0.380976 mb/sr,

   143.00 deg.: X-S =       0.368591 mb/sr,

   143.50 deg.: X-S =       0.356592 mb/sr,

   144.00 deg.: X-S =       0.344969 mb/sr,

   144.50 deg.: X-S =       0.333713 mb/sr,

   145.00 deg.: X-S =       0.322815 mb/sr,

   145.50 deg.: X-S =       0.312265 mb/sr,

   146.00 deg.: X-S =       0.302055 mb/sr,

   146.50 deg.: X-S =       0.292175 mb/sr,

   147.00 deg.: X-S =       0.282616 mb/sr,

   147.50 deg.: X-S =       0.273369 mb/sr,

   148.00 deg.: X-S =       0.264424 mb/sr,

   148.50 deg.: X-S =       0.255774 mb/sr,

   149.00 deg.: X-S =       0.247409 mb/sr,

   149.50 deg.: X-S =       0.239322 mb/sr,

   150.00 deg.: X-S =       0.231503 mb/sr,

   150.50 deg.: X-S =       0.223945 mb/sr,

   151.00 deg.: X-S =       0.216641 mb/sr,

   151.50 deg.: X-S =       0.209582 mb/sr,

   152.00 deg.: X-S =       0.202762 mb/sr,

   152.50 deg.: X-S =       0.196174 mb/sr,

   153.00 deg.: X-S =       0.189810 mb/sr,

   153.50 deg.: X-S =       0.183665 mb/sr,

   154.00 deg.: X-S =       0.177731 mb/sr,

   154.50 deg.: X-S =       0.172003 mb/sr,

   155.00 deg.: X-S =       0.166475 mb/sr,

   155.50 deg.: X-S =       0.161141 mb/sr,

   156.00 deg.: X-S =       0.155995 mb/sr,

   156.50 deg.: X-S =       0.151032 mb/sr,

   157.00 deg.: X-S =       0.146248 mb/sr,

   157.50 deg.: X-S =       0.141636 mb/sr,

   158.00 deg.: X-S =       0.137193 mb/sr,

   158.50 deg.: X-S =       0.132912 mb/sr,

   159.00 deg.: X-S =       0.128791 mb/sr,

   159.50 deg.: X-S =       0.124824 mb/sr,

   160.00 deg.: X-S =       0.121006 mb/sr,

   160.50 deg.: X-S =       0.117335 mb/sr,

   161.00 deg.: X-S =       0.113805 mb/sr,

   161.50 deg.: X-S =       0.110414 mb/sr,

   162.00 deg.: X-S =       0.107156 mb/sr,

   162.50 deg.: X-S =       0.104029 mb/sr,

   163.00 deg.: X-S =       0.101030 mb/sr,

   163.50 deg.: X-S =       0.098154 mb/sr,

   164.00 deg.: X-S =       0.095398 mb/sr,

   164.50 deg.: X-S =       0.092760 mb/sr,

   165.00 deg.: X-S =       0.090236 mb/sr,

   165.50 deg.: X-S =       0.087824 mb/sr,

   166.00 deg.: X-S =       0.085520 mb/sr,

   166.50 deg.: X-S =       0.083322 mb/sr,

   167.00 deg.: X-S =       0.081228 mb/sr,

   167.50 deg.: X-S =       0.079235 mb/sr,

   168.00 deg.: X-S =       0.077340 mb/sr,

   168.50 deg.: X-S =       0.075541 mb/sr,

   169.00 deg.: X-S =       0.073836 mb/sr,

   169.50 deg.: X-S =       0.072224 mb/sr,

   170.00 deg.: X-S =       0.070701 mb/sr,

   170.50 deg.: X-S =       0.069266 mb/sr,

   171.00 deg.: X-S =       0.067917 mb/sr,

   171.50 deg.: X-S =       0.066652 mb/sr,

   172.00 deg.: X-S =       0.065470 mb/sr,

   172.50 deg.: X-S =       0.064369 mb/sr,

   173.00 deg.: X-S =       0.063346 mb/sr,

   173.50 deg.: X-S =       0.062401 mb/sr,

   174.00 deg.: X-S =       0.061533 mb/sr,

   174.50 deg.: X-S =       0.060739 mb/sr,

   175.00 deg.: X-S =       0.060019 mb/sr,

   175.50 deg.: X-S =       0.059371 mb/sr,

   176.00 deg.: X-S =       0.058795 mb/sr,

   176.50 deg.: X-S =       0.058289 mb/sr,

   177.00 deg.: X-S =       0.057852 mb/sr,

   177.50 deg.: X-S =       0.057484 mb/sr,

   178.00 deg.: X-S =       0.057183 mb/sr,

   178.50 deg.: X-S =       0.056950 mb/sr,

   179.00 deg.: X-S =       0.056784 mb/sr,

   179.50 deg.: X-S =       0.056685 mb/sr,

   180.00 deg.: X-S =       0.056652 mb/sr,

                                           Integrated  3.8692E+01 mb, over [   0.000, 180.000] at    16.0000 MeV 

 CROSS SECTIONS FOR OUTGOING 1H       & 13C      in state #   2 with spins & parities 0.5  + &  0.5  +;  0

     0.00 deg.: X-S =      92.286733 mb/sr,
+                                         REAC   3.3435E+01 mb

     0.50 deg.: X-S =      92.113727 mb/sr,

     1.00 deg.: X-S =      91.596582 mb/sr,

     1.50 deg.: X-S =      90.740886 mb/sr,

     2.00 deg.: X-S =      89.555839 mb/sr,

     2.50 deg.: X-S =      88.054094 mb/sr,

     3.00 deg.: X-S =      86.251530 mb/sr,

     3.50 deg.: X-S =      84.166980 mb/sr,

     4.00 deg.: X-S =      81.821907 mb/sr,

     4.50 deg.: X-S =      79.240038 mb/sr,

     5.00 deg.: X-S =      76.446977 mb/sr,

     5.50 deg.: X-S =      73.469787 mb/sr,

     6.00 deg.: X-S =      70.336568 mb/sr,

     6.50 deg.: X-S =      67.076030 mb/sr,

     7.00 deg.: X-S =      63.717071 mb/sr,

     7.50 deg.: X-S =      60.288376 mb/sr,

     8.00 deg.: X-S =      56.818034 mb/sr,

     8.50 deg.: X-S =      53.333189 mb/sr,

     9.00 deg.: X-S =      49.859725 mb/sr,

     9.50 deg.: X-S =      46.421992 mb/sr,

    10.00 deg.: X-S =      43.042578 mb/sr,

    10.50 deg.: X-S =      39.742121 mb/sr,

    11.00 deg.: X-S =      36.539173 mb/sr,

    11.50 deg.: X-S =      33.450105 mb/sr,

    12.00 deg.: X-S =      30.489058 mb/sr,

    12.50 deg.: X-S =      27.667934 mb/sr,

    13.00 deg.: X-S =      24.996426 mb/sr,

    13.50 deg.: X-S =      22.482079 mb/sr,

    14.00 deg.: X-S =      20.130385 mb/sr,

    14.50 deg.: X-S =      17.944895 mb/sr,

    15.00 deg.: X-S =      15.927354 mb/sr,

    15.50 deg.: X-S =      14.077857 mb/sr,

    16.00 deg.: X-S =      12.394998 mb/sr,

    16.50 deg.: X-S =      10.876043 mb/sr,

    17.00 deg.: X-S =       9.517088 mb/sr,

    17.50 deg.: X-S =       8.313231 mb/sr,

    18.00 deg.: X-S =       7.258719 mb/sr,

    18.50 deg.: X-S =       6.347109 mb/sr,

    19.00 deg.: X-S =       5.571397 mb/sr,

    19.50 deg.: X-S =       4.924155 mb/sr,

    20.00 deg.: X-S =       4.397645 mb/sr,

    20.50 deg.: X-S =       3.983921 mb/sr,

    21.00 deg.: X-S =       3.674922 mb/sr,

    21.50 deg.: X-S =       3.462551 mb/sr,

    22.00 deg.: X-S =       3.338743 mb/sr,

    22.50 deg.: X-S =       3.295519 mb/sr,

    23.00 deg.: X-S =       3.325033 mb/sr,

    23.50 deg.: X-S =       3.419612 mb/sr,

    24.00 deg.: X-S =       3.571785 mb/sr,

    24.50 deg.: X-S =       3.774303 mb/sr,

    25.00 deg.: X-S =       4.020165 mb/sr,

    25.50 deg.: X-S =       4.302625 mb/sr,

    26.00 deg.: X-S =       4.615208 mb/sr,

    26.50 deg.: X-S =       4.951719 mb/sr,

    27.00 deg.: X-S =       5.306246 mb/sr,

    27.50 deg.: X-S =       5.673174 mb/sr,

    28.00 deg.: X-S =       6.047187 mb/sr,

    28.50 deg.: X-S =       6.423276 mb/sr,

    29.00 deg.: X-S =       6.796746 mb/sr,

    29.50 deg.: X-S =       7.163223 mb/sr,

    30.00 deg.: X-S =       7.518663 mb/sr,

    30.50 deg.: X-S =       7.859359 mb/sr,

    31.00 deg.: X-S =       8.181948 mb/sr,

    31.50 deg.: X-S =       8.483421 mb/sr,

    32.00 deg.: X-S =       8.761124 mb/sr,

    32.50 deg.: X-S =       9.012769 mb/sr,

    33.00 deg.: X-S =       9.236435 mb/sr,

    33.50 deg.: X-S =       9.430569 mb/sr,

    34.00 deg.: X-S =       9.593984 mb/sr,

    34.50 deg.: X-S =       9.725860 mb/sr,

    35.00 deg.: X-S =       9.825729 mb/sr,

    35.50 deg.: X-S =       9.893473 mb/sr,

    36.00 deg.: X-S =       9.929303 mb/sr,

    36.50 deg.: X-S =       9.933746 mb/sr,

    37.00 deg.: X-S =       9.907626 mb/sr,

    37.50 deg.: X-S =       9.852035 mb/sr,

    38.00 deg.: X-S =       9.768311 mb/sr,

    38.50 deg.: X-S =       9.658009 mb/sr,

    39.00 deg.: X-S =       9.522868 mb/sr,

    39.50 deg.: X-S =       9.364781 mb/sr,

    40.00 deg.: X-S =       9.185761 mb/sr,

    40.50 deg.: X-S =       8.987910 mb/sr,

    41.00 deg.: X-S =       8.773383 mb/sr,

    41.50 deg.: X-S =       8.544358 mb/sr,

    42.00 deg.: X-S =       8.303007 mb/sr,

    42.50 deg.: X-S =       8.051466 mb/sr,

    43.00 deg.: X-S =       7.791809 mb/sr,

    43.50 deg.: X-S =       7.526029 mb/sr,

    44.00 deg.: X-S =       7.256014 mb/sr,

    44.50 deg.: X-S =       6.983530 mb/sr,

    45.00 deg.: X-S =       6.710214 mb/sr,

    45.50 deg.: X-S =       6.437560 mb/sr,

    46.00 deg.: X-S =       6.166912 mb/sr,

    46.50 deg.: X-S =       5.899464 mb/sr,

    47.00 deg.: X-S =       5.636260 mb/sr,

    47.50 deg.: X-S =       5.378195 mb/sr,

    48.00 deg.: X-S =       5.126019 mb/sr,

    48.50 deg.: X-S =       4.880349 mb/sr,

    49.00 deg.: X-S =       4.641672 mb/sr,

    49.50 deg.: X-S =       4.410359 mb/sr,

    50.00 deg.: X-S =       4.186675 mb/sr,

    50.50 deg.: X-S =       3.970789 mb/sr,

    51.00 deg.: X-S =       3.762787 mb/sr,

    51.50 deg.: X-S =       3.562686 mb/sr,

    52.00 deg.: X-S =       3.370440 mb/sr,

    52.50 deg.: X-S =       3.185955 mb/sr,

    53.00 deg.: X-S =       3.009097 mb/sr,

    53.50 deg.: X-S =       2.839704 mb/sr,

    54.00 deg.: X-S =       2.677592 mb/sr,

    54.50 deg.: X-S =       2.522562 mb/sr,

    55.00 deg.: X-S =       2.374410 mb/sr,

    55.50 deg.: X-S =       2.232929 mb/sr,

    56.00 deg.: X-S =       2.097913 mb/sr,

    56.50 deg.: X-S =       1.969166 mb/sr,

    57.00 deg.: X-S =       1.846498 mb/sr,

    57.50 deg.: X-S =       1.729731 mb/sr,

    58.00 deg.: X-S =       1.618701 mb/sr,

    58.50 deg.: X-S =       1.513253 mb/sr,

    59.00 deg.: X-S =       1.413248 mb/sr,

    59.50 deg.: X-S =       1.318560 mb/sr,

    60.00 deg.: X-S =       1.229071 mb/sr,

    60.50 deg.: X-S =       1.144678 mb/sr,

    61.00 deg.: X-S =       1.065284 mb/sr,

    61.50 deg.: X-S =       0.990801 mb/sr,

    62.00 deg.: X-S =       0.921145 mb/sr,

    62.50 deg.: X-S =       0.856239 mb/sr,

    63.00 deg.: X-S =       0.796004 mb/sr,

    63.50 deg.: X-S =       0.740366 mb/sr,

    64.00 deg.: X-S =       0.689245 mb/sr,

    64.50 deg.: X-S =       0.642563 mb/sr,

    65.00 deg.: X-S =       0.600234 mb/sr,

    65.50 deg.: X-S =       0.562169 mb/sr,

    66.00 deg.: X-S =       0.528270 mb/sr,

    66.50 deg.: X-S =       0.498436 mb/sr,

    67.00 deg.: X-S =       0.472553 mb/sr,

    67.50 deg.: X-S =       0.450503 mb/sr,

    68.00 deg.: X-S =       0.432158 mb/sr,

    68.50 deg.: X-S =       0.417384 mb/sr,

    69.00 deg.: X-S =       0.406037 mb/sr,

    69.50 deg.: X-S =       0.397967 mb/sr,

    70.00 deg.: X-S =       0.393019 mb/sr,

    70.50 deg.: X-S =       0.391031 mb/sr,

    71.00 deg.: X-S =       0.391838 mb/sr,

    71.50 deg.: X-S =       0.395272 mb/sr,

    72.00 deg.: X-S =       0.401161 mb/sr,

    72.50 deg.: X-S =       0.409335 mb/sr,

    73.00 deg.: X-S =       0.419623 mb/sr,

    73.50 deg.: X-S =       0.431856 mb/sr,

    74.00 deg.: X-S =       0.445867 mb/sr,

    74.50 deg.: X-S =       0.461496 mb/sr,

    75.00 deg.: X-S =       0.478583 mb/sr,

    75.50 deg.: X-S =       0.496978 mb/sr,

    76.00 deg.: X-S =       0.516534 mb/sr,

    76.50 deg.: X-S =       0.537114 mb/sr,

    77.00 deg.: X-S =       0.558587 mb/sr,

    77.50 deg.: X-S =       0.580829 mb/sr,

    78.00 deg.: X-S =       0.603726 mb/sr,

    78.50 deg.: X-S =       0.627170 mb/sr,

    79.00 deg.: X-S =       0.651062 mb/sr,

    79.50 deg.: X-S =       0.675312 mb/sr,

    80.00 deg.: X-S =       0.699835 mb/sr,

    80.50 deg.: X-S =       0.724556 mb/sr,

    81.00 deg.: X-S =       0.749405 mb/sr,

    81.50 deg.: X-S =       0.774319 mb/sr,

    82.00 deg.: X-S =       0.799241 mb/sr,

    82.50 deg.: X-S =       0.824120 mb/sr,

    83.00 deg.: X-S =       0.848910 mb/sr,

    83.50 deg.: X-S =       0.873567 mb/sr,

    84.00 deg.: X-S =       0.898054 mb/sr,

    84.50 deg.: X-S =       0.922335 mb/sr,

    85.00 deg.: X-S =       0.946378 mb/sr,

    85.50 deg.: X-S =       0.970152 mb/sr,

    86.00 deg.: X-S =       0.993629 mb/sr,

    86.50 deg.: X-S =       1.016781 mb/sr,

    87.00 deg.: X-S =       1.039583 mb/sr,

    87.50 deg.: X-S =       1.062009 mb/sr,

    88.00 deg.: X-S =       1.084034 mb/sr,

    88.50 deg.: X-S =       1.105631 mb/sr,

    89.00 deg.: X-S =       1.126777 mb/sr,

    89.50 deg.: X-S =       1.147444 mb/sr,

    90.00 deg.: X-S =       1.167606 mb/sr,

    90.50 deg.: X-S =       1.187237 mb/sr,

    91.00 deg.: X-S =       1.206308 mb/sr,

    91.50 deg.: X-S =       1.224792 mb/sr,

    92.00 deg.: X-S =       1.242659 mb/sr,

    92.50 deg.: X-S =       1.259879 mb/sr,

    93.00 deg.: X-S =       1.276421 mb/sr,

    93.50 deg.: X-S =       1.292256 mb/sr,

    94.00 deg.: X-S =       1.307350 mb/sr,

    94.50 deg.: X-S =       1.321674 mb/sr,

    95.00 deg.: X-S =       1.335194 mb/sr,

    95.50 deg.: X-S =       1.347879 mb/sr,

    96.00 deg.: X-S =       1.359697 mb/sr,

    96.50 deg.: X-S =       1.370618 mb/sr,

    97.00 deg.: X-S =       1.380610 mb/sr,

    97.50 deg.: X-S =       1.389644 mb/sr,

    98.00 deg.: X-S =       1.397691 mb/sr,

    98.50 deg.: X-S =       1.404725 mb/sr,

    99.00 deg.: X-S =       1.410718 mb/sr,

    99.50 deg.: X-S =       1.415648 mb/sr,

   100.00 deg.: X-S =       1.419492 mb/sr,

   100.50 deg.: X-S =       1.422230 mb/sr,

   101.00 deg.: X-S =       1.423845 mb/sr,

   101.50 deg.: X-S =       1.424322 mb/sr,

   102.00 deg.: X-S =       1.423649 mb/sr,

   102.50 deg.: X-S =       1.421817 mb/sr,

   103.00 deg.: X-S =       1.418821 mb/sr,

   103.50 deg.: X-S =       1.414657 mb/sr,

   104.00 deg.: X-S =       1.409327 mb/sr,

   104.50 deg.: X-S =       1.402834 mb/sr,

   105.00 deg.: X-S =       1.395188 mb/sr,

   105.50 deg.: X-S =       1.386399 mb/sr,

   106.00 deg.: X-S =       1.376482 mb/sr,

   106.50 deg.: X-S =       1.365457 mb/sr,

   107.00 deg.: X-S =       1.353345 mb/sr,

   107.50 deg.: X-S =       1.340172 mb/sr,

   108.00 deg.: X-S =       1.325967 mb/sr,

   108.50 deg.: X-S =       1.310763 mb/sr,

   109.00 deg.: X-S =       1.294595 mb/sr,

   109.50 deg.: X-S =       1.277502 mb/sr,

   110.00 deg.: X-S =       1.259524 mb/sr,

   110.50 deg.: X-S =       1.240706 mb/sr,

   111.00 deg.: X-S =       1.221093 mb/sr,

   111.50 deg.: X-S =       1.200733 mb/sr,

   112.00 deg.: X-S =       1.179677 mb/sr,

   112.50 deg.: X-S =       1.157975 mb/sr,

   113.00 deg.: X-S =       1.135681 mb/sr,

   113.50 deg.: X-S =       1.112846 mb/sr,

   114.00 deg.: X-S =       1.089527 mb/sr,

   114.50 deg.: X-S =       1.065778 mb/sr,

   115.00 deg.: X-S =       1.041652 mb/sr,

   115.50 deg.: X-S =       1.017206 mb/sr,

   116.00 deg.: X-S =       0.992494 mb/sr,

   116.50 deg.: X-S =       0.967569 mb/sr,

   117.00 deg.: X-S =       0.942484 mb/sr,

   117.50 deg.: X-S =       0.917292 mb/sr,

   118.00 deg.: X-S =       0.892043 mb/sr,

   118.50 deg.: X-S =       0.866788 mb/sr,

   119.00 deg.: X-S =       0.841573 mb/sr,

   119.50 deg.: X-S =       0.816445 mb/sr,

   120.00 deg.: X-S =       0.791449 mb/sr,

   120.50 deg.: X-S =       0.766628 mb/sr,

   121.00 deg.: X-S =       0.742021 mb/sr,

   121.50 deg.: X-S =       0.717668 mb/sr,

   122.00 deg.: X-S =       0.693605 mb/sr,

   122.50 deg.: X-S =       0.669867 mb/sr,

   123.00 deg.: X-S =       0.646486 mb/sr,

   123.50 deg.: X-S =       0.623492 mb/sr,

   124.00 deg.: X-S =       0.600913 mb/sr,

   124.50 deg.: X-S =       0.578775 mb/sr,

   125.00 deg.: X-S =       0.557102 mb/sr,

   125.50 deg.: X-S =       0.535915 mb/sr,

   126.00 deg.: X-S =       0.515234 mb/sr,

   126.50 deg.: X-S =       0.495076 mb/sr,

   127.00 deg.: X-S =       0.475458 mb/sr,

   127.50 deg.: X-S =       0.456392 mb/sr,

   128.00 deg.: X-S =       0.437892 mb/sr,

   128.50 deg.: X-S =       0.419967 mb/sr,

   129.00 deg.: X-S =       0.402626 mb/sr,

   129.50 deg.: X-S =       0.385876 mb/sr,

   130.00 deg.: X-S =       0.369721 mb/sr,

   130.50 deg.: X-S =       0.354167 mb/sr,

   131.00 deg.: X-S =       0.339215 mb/sr,

   131.50 deg.: X-S =       0.324867 mb/sr,

   132.00 deg.: X-S =       0.311122 mb/sr,

   132.50 deg.: X-S =       0.297980 mb/sr,

   133.00 deg.: X-S =       0.285437 mb/sr,

   133.50 deg.: X-S =       0.273490 mb/sr,

   134.00 deg.: X-S =       0.262135 mb/sr,

   134.50 deg.: X-S =       0.251367 mb/sr,

   135.00 deg.: X-S =       0.241178 mb/sr,

   135.50 deg.: X-S =       0.231563 mb/sr,

   136.00 deg.: X-S =       0.222513 mb/sr,

   136.50 deg.: X-S =       0.214020 mb/sr,

   137.00 deg.: X-S =       0.206074 mb/sr,

   137.50 deg.: X-S =       0.198667 mb/sr,

   138.00 deg.: X-S =       0.191788 mb/sr,

   138.50 deg.: X-S =       0.185427 mb/sr,

   139.00 deg.: X-S =       0.179573 mb/sr,

   139.50 deg.: X-S =       0.174214 mb/sr,

   140.00 deg.: X-S =       0.169341 mb/sr,

   140.50 deg.: X-S =       0.164940 mb/sr,

   141.00 deg.: X-S =       0.161001 mb/sr,

   141.50 deg.: X-S =       0.157511 mb/sr,

   142.00 deg.: X-S =       0.154459 mb/sr,

   142.50 deg.: X-S =       0.151833 mb/sr,

   143.00 deg.: X-S =       0.149620 mb/sr,

   143.50 deg.: X-S =       0.147808 mb/sr,

   144.00 deg.: X-S =       0.146386 mb/sr,

   144.50 deg.: X-S =       0.145341 mb/sr,

   145.00 deg.: X-S =       0.144662 mb/sr,

   145.50 deg.: X-S =       0.144337 mb/sr,

   146.00 deg.: X-S =       0.144353 mb/sr,

   146.50 deg.: X-S =       0.144699 mb/sr,

   147.00 deg.: X-S =       0.145364 mb/sr,

   147.50 deg.: X-S =       0.146335 mb/sr,

   148.00 deg.: X-S =       0.147600 mb/sr,

   148.50 deg.: X-S =       0.149148 mb/sr,

   149.00 deg.: X-S =       0.150968 mb/sr,

   149.50 deg.: X-S =       0.153048 mb/sr,

   150.00 deg.: X-S =       0.155376 mb/sr,

   150.50 deg.: X-S =       0.157940 mb/sr,

   151.00 deg.: X-S =       0.160729 mb/sr,

   151.50 deg.: X-S =       0.163731 mb/sr,

   152.00 deg.: X-S =       0.166935 mb/sr,

   152.50 deg.: X-S =       0.170330 mb/sr,

   153.00 deg.: X-S =       0.173902 mb/sr,

   153.50 deg.: X-S =       0.177643 mb/sr,

   154.00 deg.: X-S =       0.181538 mb/sr,

   154.50 deg.: X-S =       0.185579 mb/sr,

   155.00 deg.: X-S =       0.189752 mb/sr,

   155.50 deg.: X-S =       0.194047 mb/sr,

   156.00 deg.: X-S =       0.198454 mb/sr,

   156.50 deg.: X-S =       0.202960 mb/sr,

   157.00 deg.: X-S =       0.207556 mb/sr,

   157.50 deg.: X-S =       0.212231 mb/sr,

   158.00 deg.: X-S =       0.216974 mb/sr,

   158.50 deg.: X-S =       0.221776 mb/sr,

   159.00 deg.: X-S =       0.226627 mb/sr,

   159.50 deg.: X-S =       0.231517 mb/sr,

   160.00 deg.: X-S =       0.236438 mb/sr,

   160.50 deg.: X-S =       0.241380 mb/sr,

   161.00 deg.: X-S =       0.246334 mb/sr,

   161.50 deg.: X-S =       0.251293 mb/sr,

   162.00 deg.: X-S =       0.256248 mb/sr,

   162.50 deg.: X-S =       0.261191 mb/sr,

   163.00 deg.: X-S =       0.266115 mb/sr,

   163.50 deg.: X-S =       0.271012 mb/sr,

   164.00 deg.: X-S =       0.275875 mb/sr,

   164.50 deg.: X-S =       0.280698 mb/sr,

   165.00 deg.: X-S =       0.285472 mb/sr,

   165.50 deg.: X-S =       0.290191 mb/sr,

   166.00 deg.: X-S =       0.294849 mb/sr,

   166.50 deg.: X-S =       0.299438 mb/sr,

   167.00 deg.: X-S =       0.303951 mb/sr,

   167.50 deg.: X-S =       0.308382 mb/sr,

   168.00 deg.: X-S =       0.312724 mb/sr,

   168.50 deg.: X-S =       0.316970 mb/sr,

   169.00 deg.: X-S =       0.321112 mb/sr,

   169.50 deg.: X-S =       0.325144 mb/sr,

   170.00 deg.: X-S =       0.329057 mb/sr,

   170.50 deg.: X-S =       0.332845 mb/sr,

   171.00 deg.: X-S =       0.336500 mb/sr,

   171.50 deg.: X-S =       0.340015 mb/sr,

   172.00 deg.: X-S =       0.343381 mb/sr,

   172.50 deg.: X-S =       0.346591 mb/sr,

   173.00 deg.: X-S =       0.349638 mb/sr,

   173.50 deg.: X-S =       0.352514 mb/sr,

   174.00 deg.: X-S =       0.355211 mb/sr,

   174.50 deg.: X-S =       0.357723 mb/sr,

   175.00 deg.: X-S =       0.360042 mb/sr,

   175.50 deg.: X-S =       0.362163 mb/sr,

   176.00 deg.: X-S =       0.364078 mb/sr,

   176.50 deg.: X-S =       0.365782 mb/sr,

   177.00 deg.: X-S =       0.367271 mb/sr,

   177.50 deg.: X-S =       0.368538 mb/sr,

   178.00 deg.: X-S =       0.369581 mb/sr,

   178.50 deg.: X-S =       0.370395 mb/sr,

   179.00 deg.: X-S =       0.370979 mb/sr,

   179.50 deg.: X-S =       0.371330 mb/sr,

   180.00 deg.: X-S =       0.371447 mb/sr,

                                           Integrated  3.3431E+01 mb, over [   0.000, 180.000] at    16.0000 MeV 

 CROSS SECTIONS FOR OUTGOING 1H       & 13C      in state #   3 with spins & parities 0.5  + &  0.5  +;  0

     0.00 deg.: X-S =       0.087550 mb/sr,
+                                         REAC   9.2933E-01 mb

     0.50 deg.: X-S =       0.087555 mb/sr,

     1.00 deg.: X-S =       0.087572 mb/sr,

     1.50 deg.: X-S =       0.087600 mb/sr,

     2.00 deg.: X-S =       0.087639 mb/sr,

     2.50 deg.: X-S =       0.087690 mb/sr,

     3.00 deg.: X-S =       0.087752 mb/sr,

     3.50 deg.: X-S =       0.087827 mb/sr,

     4.00 deg.: X-S =       0.087912 mb/sr,

     4.50 deg.: X-S =       0.088010 mb/sr,

     5.00 deg.: X-S =       0.088121 mb/sr,

     5.50 deg.: X-S =       0.088243 mb/sr,

     6.00 deg.: X-S =       0.088379 mb/sr,

     6.50 deg.: X-S =       0.088527 mb/sr,

     7.00 deg.: X-S =       0.088689 mb/sr,

     7.50 deg.: X-S =       0.088865 mb/sr,

     8.00 deg.: X-S =       0.089054 mb/sr,

     8.50 deg.: X-S =       0.089257 mb/sr,

     9.00 deg.: X-S =       0.089475 mb/sr,

     9.50 deg.: X-S =       0.089708 mb/sr,

    10.00 deg.: X-S =       0.089956 mb/sr,

    10.50 deg.: X-S =       0.090218 mb/sr,

    11.00 deg.: X-S =       0.090497 mb/sr,

    11.50 deg.: X-S =       0.090791 mb/sr,

    12.00 deg.: X-S =       0.091101 mb/sr,

    12.50 deg.: X-S =       0.091427 mb/sr,

    13.00 deg.: X-S =       0.091770 mb/sr,

    13.50 deg.: X-S =       0.092128 mb/sr,

    14.00 deg.: X-S =       0.092504 mb/sr,

    14.50 deg.: X-S =       0.092895 mb/sr,

    15.00 deg.: X-S =       0.093304 mb/sr,

    15.50 deg.: X-S =       0.093728 mb/sr,

    16.00 deg.: X-S =       0.094169 mb/sr,

    16.50 deg.: X-S =       0.094627 mb/sr,

    17.00 deg.: X-S =       0.095100 mb/sr,

    17.50 deg.: X-S =       0.095589 mb/sr,

    18.00 deg.: X-S =       0.096094 mb/sr,

    18.50 deg.: X-S =       0.096614 mb/sr,

    19.00 deg.: X-S =       0.097148 mb/sr,

    19.50 deg.: X-S =       0.097697 mb/sr,

    20.00 deg.: X-S =       0.098260 mb/sr,

    20.50 deg.: X-S =       0.098835 mb/sr,

    21.00 deg.: X-S =       0.099424 mb/sr,

    21.50 deg.: X-S =       0.100024 mb/sr,

    22.00 deg.: X-S =       0.100635 mb/sr,

    22.50 deg.: X-S =       0.101256 mb/sr,

    23.00 deg.: X-S =       0.101887 mb/sr,

    23.50 deg.: X-S =       0.102527 mb/sr,

    24.00 deg.: X-S =       0.103173 mb/sr,

    24.50 deg.: X-S =       0.103827 mb/sr,

    25.00 deg.: X-S =       0.104485 mb/sr,

    25.50 deg.: X-S =       0.105148 mb/sr,

    26.00 deg.: X-S =       0.105814 mb/sr,

    26.50 deg.: X-S =       0.106482 mb/sr,

    27.00 deg.: X-S =       0.107151 mb/sr,

    27.50 deg.: X-S =       0.107818 mb/sr,

    28.00 deg.: X-S =       0.108484 mb/sr,

    28.50 deg.: X-S =       0.109146 mb/sr,

    29.00 deg.: X-S =       0.109804 mb/sr,

    29.50 deg.: X-S =       0.110456 mb/sr,

    30.00 deg.: X-S =       0.111100 mb/sr,

    30.50 deg.: X-S =       0.111735 mb/sr,

    31.00 deg.: X-S =       0.112359 mb/sr,

    31.50 deg.: X-S =       0.112972 mb/sr,

    32.00 deg.: X-S =       0.113571 mb/sr,

    32.50 deg.: X-S =       0.114156 mb/sr,

    33.00 deg.: X-S =       0.114724 mb/sr,

    33.50 deg.: X-S =       0.115275 mb/sr,

    34.00 deg.: X-S =       0.115807 mb/sr,

    34.50 deg.: X-S =       0.116318 mb/sr,

    35.00 deg.: X-S =       0.116807 mb/sr,

    35.50 deg.: X-S =       0.117274 mb/sr,

    36.00 deg.: X-S =       0.117715 mb/sr,

    36.50 deg.: X-S =       0.118131 mb/sr,

    37.00 deg.: X-S =       0.118520 mb/sr,

    37.50 deg.: X-S =       0.118880 mb/sr,

    38.00 deg.: X-S =       0.119211 mb/sr,

    38.50 deg.: X-S =       0.119512 mb/sr,

    39.00 deg.: X-S =       0.119781 mb/sr,

    39.50 deg.: X-S =       0.120017 mb/sr,

    40.00 deg.: X-S =       0.120220 mb/sr,

    40.50 deg.: X-S =       0.120388 mb/sr,

    41.00 deg.: X-S =       0.120521 mb/sr,

    41.50 deg.: X-S =       0.120617 mb/sr,

    42.00 deg.: X-S =       0.120677 mb/sr,

    42.50 deg.: X-S =       0.120699 mb/sr,

    43.00 deg.: X-S =       0.120684 mb/sr,

    43.50 deg.: X-S =       0.120629 mb/sr,

    44.00 deg.: X-S =       0.120536 mb/sr,

    44.50 deg.: X-S =       0.120403 mb/sr,

    45.00 deg.: X-S =       0.120230 mb/sr,

    45.50 deg.: X-S =       0.120018 mb/sr,

    46.00 deg.: X-S =       0.119765 mb/sr,

    46.50 deg.: X-S =       0.119472 mb/sr,

    47.00 deg.: X-S =       0.119139 mb/sr,

    47.50 deg.: X-S =       0.118766 mb/sr,

    48.00 deg.: X-S =       0.118353 mb/sr,

    48.50 deg.: X-S =       0.117900 mb/sr,

    49.00 deg.: X-S =       0.117407 mb/sr,

    49.50 deg.: X-S =       0.116875 mb/sr,

    50.00 deg.: X-S =       0.116305 mb/sr,

    50.50 deg.: X-S =       0.115696 mb/sr,

    51.00 deg.: X-S =       0.115049 mb/sr,

    51.50 deg.: X-S =       0.114365 mb/sr,

    52.00 deg.: X-S =       0.113644 mb/sr,

    52.50 deg.: X-S =       0.112888 mb/sr,

    53.00 deg.: X-S =       0.112096 mb/sr,

    53.50 deg.: X-S =       0.111270 mb/sr,

    54.00 deg.: X-S =       0.110411 mb/sr,

    54.50 deg.: X-S =       0.109520 mb/sr,

    55.00 deg.: X-S =       0.108597 mb/sr,

    55.50 deg.: X-S =       0.107643 mb/sr,

    56.00 deg.: X-S =       0.106661 mb/sr,

    56.50 deg.: X-S =       0.105650 mb/sr,

    57.00 deg.: X-S =       0.104612 mb/sr,

    57.50 deg.: X-S =       0.103547 mb/sr,

    58.00 deg.: X-S =       0.102459 mb/sr,

    58.50 deg.: X-S =       0.101347 mb/sr,

    59.00 deg.: X-S =       0.100212 mb/sr,

    59.50 deg.: X-S =       0.099057 mb/sr,

    60.00 deg.: X-S =       0.097882 mb/sr,

    60.50 deg.: X-S =       0.096689 mb/sr,

    61.00 deg.: X-S =       0.095479 mb/sr,

    61.50 deg.: X-S =       0.094253 mb/sr,

    62.00 deg.: X-S =       0.093013 mb/sr,

    62.50 deg.: X-S =       0.091761 mb/sr,

    63.00 deg.: X-S =       0.090497 mb/sr,

    63.50 deg.: X-S =       0.089223 mb/sr,

    64.00 deg.: X-S =       0.087941 mb/sr,

    64.50 deg.: X-S =       0.086651 mb/sr,

    65.00 deg.: X-S =       0.085356 mb/sr,

    65.50 deg.: X-S =       0.084056 mb/sr,

    66.00 deg.: X-S =       0.082753 mb/sr,

    66.50 deg.: X-S =       0.081448 mb/sr,

    67.00 deg.: X-S =       0.080144 mb/sr,

    67.50 deg.: X-S =       0.078840 mb/sr,

    68.00 deg.: X-S =       0.077538 mb/sr,

    68.50 deg.: X-S =       0.076241 mb/sr,

    69.00 deg.: X-S =       0.074948 mb/sr,

    69.50 deg.: X-S =       0.073661 mb/sr,

    70.00 deg.: X-S =       0.072382 mb/sr,

    70.50 deg.: X-S =       0.071112 mb/sr,

    71.00 deg.: X-S =       0.069852 mb/sr,

    71.50 deg.: X-S =       0.068602 mb/sr,

    72.00 deg.: X-S =       0.067365 mb/sr,

    72.50 deg.: X-S =       0.066141 mb/sr,

    73.00 deg.: X-S =       0.064932 mb/sr,

    73.50 deg.: X-S =       0.063738 mb/sr,

    74.00 deg.: X-S =       0.062561 mb/sr,

    74.50 deg.: X-S =       0.061401 mb/sr,

    75.00 deg.: X-S =       0.060259 mb/sr,

    75.50 deg.: X-S =       0.059137 mb/sr,

    76.00 deg.: X-S =       0.058035 mb/sr,

    76.50 deg.: X-S =       0.056954 mb/sr,

    77.00 deg.: X-S =       0.055895 mb/sr,

    77.50 deg.: X-S =       0.054859 mb/sr,

    78.00 deg.: X-S =       0.053846 mb/sr,

    78.50 deg.: X-S =       0.052857 mb/sr,

    79.00 deg.: X-S =       0.051893 mb/sr,

    79.50 deg.: X-S =       0.050954 mb/sr,

    80.00 deg.: X-S =       0.050041 mb/sr,

    80.50 deg.: X-S =       0.049155 mb/sr,

    81.00 deg.: X-S =       0.048295 mb/sr,

    81.50 deg.: X-S =       0.047463 mb/sr,

    82.00 deg.: X-S =       0.046659 mb/sr,

    82.50 deg.: X-S =       0.045884 mb/sr,

    83.00 deg.: X-S =       0.045137 mb/sr,

    83.50 deg.: X-S =       0.044419 mb/sr,

    84.00 deg.: X-S =       0.043730 mb/sr,

    84.50 deg.: X-S =       0.043070 mb/sr,

    85.00 deg.: X-S =       0.042440 mb/sr,

    85.50 deg.: X-S =       0.041841 mb/sr,

    86.00 deg.: X-S =       0.041271 mb/sr,

    86.50 deg.: X-S =       0.040731 mb/sr,

    87.00 deg.: X-S =       0.040221 mb/sr,

    87.50 deg.: X-S =       0.039741 mb/sr,

    88.00 deg.: X-S =       0.039292 mb/sr,

    88.50 deg.: X-S =       0.038873 mb/sr,

    89.00 deg.: X-S =       0.038483 mb/sr,

    89.50 deg.: X-S =       0.038124 mb/sr,

    90.00 deg.: X-S =       0.037795 mb/sr,

    90.50 deg.: X-S =       0.037495 mb/sr,

    91.00 deg.: X-S =       0.037224 mb/sr,

    91.50 deg.: X-S =       0.036983 mb/sr,

    92.00 deg.: X-S =       0.036770 mb/sr,

    92.50 deg.: X-S =       0.036586 mb/sr,

    93.00 deg.: X-S =       0.036431 mb/sr,

    93.50 deg.: X-S =       0.036304 mb/sr,

    94.00 deg.: X-S =       0.036204 mb/sr,

    94.50 deg.: X-S =       0.036131 mb/sr,

    95.00 deg.: X-S =       0.036085 mb/sr,

    95.50 deg.: X-S =       0.036066 mb/sr,

    96.00 deg.: X-S =       0.036072 mb/sr,

    96.50 deg.: X-S =       0.036104 mb/sr,

    97.00 deg.: X-S =       0.036161 mb/sr,

    97.50 deg.: X-S =       0.036242 mb/sr,

    98.00 deg.: X-S =       0.036347 mb/sr,

    98.50 deg.: X-S =       0.036476 mb/sr,

    99.00 deg.: X-S =       0.036627 mb/sr,

    99.50 deg.: X-S =       0.036800 mb/sr,

   100.00 deg.: X-S =       0.036995 mb/sr,

   100.50 deg.: X-S =       0.037211 mb/sr,

   101.00 deg.: X-S =       0.037447 mb/sr,

   101.50 deg.: X-S =       0.037703 mb/sr,

   102.00 deg.: X-S =       0.037977 mb/sr,

   102.50 deg.: X-S =       0.038270 mb/sr,

   103.00 deg.: X-S =       0.038581 mb/sr,

   103.50 deg.: X-S =       0.038909 mb/sr,

   104.00 deg.: X-S =       0.039254 mb/sr,

   104.50 deg.: X-S =       0.039614 mb/sr,

   105.00 deg.: X-S =       0.039989 mb/sr,

   105.50 deg.: X-S =       0.040378 mb/sr,

   106.00 deg.: X-S =       0.040781 mb/sr,

   106.50 deg.: X-S =       0.041197 mb/sr,

   107.00 deg.: X-S =       0.041625 mb/sr,

   107.50 deg.: X-S =       0.042065 mb/sr,

   108.00 deg.: X-S =       0.042516 mb/sr,

   108.50 deg.: X-S =       0.042977 mb/sr,

   109.00 deg.: X-S =       0.043448 mb/sr,

   109.50 deg.: X-S =       0.043928 mb/sr,

   110.00 deg.: X-S =       0.044416 mb/sr,

   110.50 deg.: X-S =       0.044912 mb/sr,

   111.00 deg.: X-S =       0.045415 mb/sr,

   111.50 deg.: X-S =       0.045925 mb/sr,

   112.00 deg.: X-S =       0.046441 mb/sr,

   112.50 deg.: X-S =       0.046962 mb/sr,

   113.00 deg.: X-S =       0.047487 mb/sr,

   113.50 deg.: X-S =       0.048017 mb/sr,

   114.00 deg.: X-S =       0.048551 mb/sr,

   114.50 deg.: X-S =       0.049088 mb/sr,

   115.00 deg.: X-S =       0.049628 mb/sr,

   115.50 deg.: X-S =       0.050171 mb/sr,

   116.00 deg.: X-S =       0.050715 mb/sr,

   116.50 deg.: X-S =       0.051260 mb/sr,

   117.00 deg.: X-S =       0.051807 mb/sr,

   117.50 deg.: X-S =       0.052355 mb/sr,

   118.00 deg.: X-S =       0.052903 mb/sr,

   118.50 deg.: X-S =       0.053451 mb/sr,

   119.00 deg.: X-S =       0.053999 mb/sr,

   119.50 deg.: X-S =       0.054547 mb/sr,

   120.00 deg.: X-S =       0.055094 mb/sr,

   120.50 deg.: X-S =       0.055640 mb/sr,

   121.00 deg.: X-S =       0.056185 mb/sr,

   121.50 deg.: X-S =       0.056729 mb/sr,

   122.00 deg.: X-S =       0.057272 mb/sr,

   122.50 deg.: X-S =       0.057814 mb/sr,

   123.00 deg.: X-S =       0.058354 mb/sr,

   123.50 deg.: X-S =       0.058893 mb/sr,

   124.00 deg.: X-S =       0.059431 mb/sr,

   124.50 deg.: X-S =       0.059967 mb/sr,

   125.00 deg.: X-S =       0.060502 mb/sr,

   125.50 deg.: X-S =       0.061036 mb/sr,

   126.00 deg.: X-S =       0.061569 mb/sr,

   126.50 deg.: X-S =       0.062101 mb/sr,

   127.00 deg.: X-S =       0.062633 mb/sr,

   127.50 deg.: X-S =       0.063164 mb/sr,

   128.00 deg.: X-S =       0.063695 mb/sr,

   128.50 deg.: X-S =       0.064226 mb/sr,

   129.00 deg.: X-S =       0.064757 mb/sr,

   129.50 deg.: X-S =       0.065289 mb/sr,

   130.00 deg.: X-S =       0.065822 mb/sr,

   130.50 deg.: X-S =       0.066356 mb/sr,

   131.00 deg.: X-S =       0.066892 mb/sr,

   131.50 deg.: X-S =       0.067430 mb/sr,

   132.00 deg.: X-S =       0.067970 mb/sr,

   132.50 deg.: X-S =       0.068513 mb/sr,

   133.00 deg.: X-S =       0.069060 mb/sr,

   133.50 deg.: X-S =       0.069611 mb/sr,

   134.00 deg.: X-S =       0.070165 mb/sr,

   134.50 deg.: X-S =       0.070725 mb/sr,

   135.00 deg.: X-S =       0.071289 mb/sr,

   135.50 deg.: X-S =       0.071859 mb/sr,

   136.00 deg.: X-S =       0.072435 mb/sr,

   136.50 deg.: X-S =       0.073018 mb/sr,

   137.00 deg.: X-S =       0.073608 mb/sr,

   137.50 deg.: X-S =       0.074205 mb/sr,

   138.00 deg.: X-S =       0.074810 mb/sr,

   138.50 deg.: X-S =       0.075424 mb/sr,

   139.00 deg.: X-S =       0.076046 mb/sr,

   139.50 deg.: X-S =       0.076678 mb/sr,

   140.00 deg.: X-S =       0.077319 mb/sr,

   140.50 deg.: X-S =       0.077970 mb/sr,

   141.00 deg.: X-S =       0.078632 mb/sr,

   141.50 deg.: X-S =       0.079305 mb/sr,

   142.00 deg.: X-S =       0.079989 mb/sr,

   142.50 deg.: X-S =       0.080684 mb/sr,

   143.00 deg.: X-S =       0.081391 mb/sr,

   143.50 deg.: X-S =       0.082110 mb/sr,

   144.00 deg.: X-S =       0.082842 mb/sr,

   144.50 deg.: X-S =       0.083586 mb/sr,

   145.00 deg.: X-S =       0.084342 mb/sr,

   145.50 deg.: X-S =       0.085111 mb/sr,

   146.00 deg.: X-S =       0.085893 mb/sr,

   146.50 deg.: X-S =       0.086688 mb/sr,

   147.00 deg.: X-S =       0.087496 mb/sr,

   147.50 deg.: X-S =       0.088316 mb/sr,

   148.00 deg.: X-S =       0.089150 mb/sr,

   148.50 deg.: X-S =       0.089996 mb/sr,

   149.00 deg.: X-S =       0.090854 mb/sr,

   149.50 deg.: X-S =       0.091725 mb/sr,

   150.00 deg.: X-S =       0.092608 mb/sr,

   150.50 deg.: X-S =       0.093503 mb/sr,

   151.00 deg.: X-S =       0.094409 mb/sr,

   151.50 deg.: X-S =       0.095327 mb/sr,

   152.00 deg.: X-S =       0.096255 mb/sr,

   152.50 deg.: X-S =       0.097193 mb/sr,

   153.00 deg.: X-S =       0.098141 mb/sr,

   153.50 deg.: X-S =       0.099097 mb/sr,

   154.00 deg.: X-S =       0.100063 mb/sr,

   154.50 deg.: X-S =       0.101036 mb/sr,

   155.00 deg.: X-S =       0.102016 mb/sr,

   155.50 deg.: X-S =       0.103002 mb/sr,

   156.00 deg.: X-S =       0.103994 mb/sr,

   156.50 deg.: X-S =       0.104991 mb/sr,

   157.00 deg.: X-S =       0.105991 mb/sr,

   157.50 deg.: X-S =       0.106994 mb/sr,

   158.00 deg.: X-S =       0.108000 mb/sr,

   158.50 deg.: X-S =       0.109006 mb/sr,

   159.00 deg.: X-S =       0.110012 mb/sr,

   159.50 deg.: X-S =       0.111017 mb/sr,

   160.00 deg.: X-S =       0.112020 mb/sr,

   160.50 deg.: X-S =       0.113019 mb/sr,

   161.00 deg.: X-S =       0.114015 mb/sr,

   161.50 deg.: X-S =       0.115004 mb/sr,

   162.00 deg.: X-S =       0.115987 mb/sr,

   162.50 deg.: X-S =       0.116961 mb/sr,

   163.00 deg.: X-S =       0.117927 mb/sr,

   163.50 deg.: X-S =       0.118882 mb/sr,

   164.00 deg.: X-S =       0.119826 mb/sr,

   164.50 deg.: X-S =       0.120756 mb/sr,

   165.00 deg.: X-S =       0.121673 mb/sr,

   165.50 deg.: X-S =       0.122574 mb/sr,

   166.00 deg.: X-S =       0.123458 mb/sr,

   166.50 deg.: X-S =       0.124325 mb/sr,

   167.00 deg.: X-S =       0.125173 mb/sr,

   167.50 deg.: X-S =       0.126000 mb/sr,

   168.00 deg.: X-S =       0.126806 mb/sr,

   168.50 deg.: X-S =       0.127589 mb/sr,

   169.00 deg.: X-S =       0.128349 mb/sr,

   169.50 deg.: X-S =       0.129083 mb/sr,

   170.00 deg.: X-S =       0.129792 mb/sr,

   170.50 deg.: X-S =       0.130473 mb/sr,

   171.00 deg.: X-S =       0.131127 mb/sr,

   171.50 deg.: X-S =       0.131751 mb/sr,

   172.00 deg.: X-S =       0.132345 mb/sr,

   172.50 deg.: X-S =       0.132908 mb/sr,

   173.00 deg.: X-S =       0.133439 mb/sr,

   173.50 deg.: X-S =       0.133937 mb/sr,

   174.00 deg.: X-S =       0.134401 mb/sr,

   174.50 deg.: X-S =       0.134832 mb/sr,

   175.00 deg.: X-S =       0.135227 mb/sr,

   175.50 deg.: X-S =       0.135586 mb/sr,

   176.00 deg.: X-S =       0.135910 mb/sr,

   176.50 deg.: X-S =       0.136196 mb/sr,

   177.00 deg.: X-S =       0.136446 mb/sr,

   177.50 deg.: X-S =       0.136657 mb/sr,

   178.00 deg.: X-S =       0.136831 mb/sr,

   178.50 deg.: X-S =       0.136966 mb/sr,

   179.00 deg.: X-S =       0.137063 mb/sr,

   179.50 deg.: X-S =       0.137121 mb/sr,

   180.00 deg.: X-S =       0.137141 mb/sr,

                                           Integrated  9.2932E-01 mb, over [   0.000, 180.000] at    16.0000 MeV 

 CROSS SECTIONS FOR OUTGOING 1H       & 13C      in state #   4 with spins & parities 0.5  + &  0.5  +;  0

     0.00 deg.: X-S =       0.010519 mb/sr,
+                                         REAC   1.1615E-01 mb

     0.50 deg.: X-S =       0.010520 mb/sr,

     1.00 deg.: X-S =       0.010523 mb/sr,

     1.50 deg.: X-S =       0.010528 mb/sr,

     2.00 deg.: X-S =       0.010534 mb/sr,

     2.50 deg.: X-S =       0.010543 mb/sr,

     3.00 deg.: X-S =       0.010554 mb/sr,

     3.50 deg.: X-S =       0.010566 mb/sr,

     4.00 deg.: X-S =       0.010581 mb/sr,

     4.50 deg.: X-S =       0.010597 mb/sr,

     5.00 deg.: X-S =       0.010616 mb/sr,

     5.50 deg.: X-S =       0.010636 mb/sr,

     6.00 deg.: X-S =       0.010659 mb/sr,

     6.50 deg.: X-S =       0.010683 mb/sr,

     7.00 deg.: X-S =       0.010710 mb/sr,

     7.50 deg.: X-S =       0.010739 mb/sr,

     8.00 deg.: X-S =       0.010770 mb/sr,

     8.50 deg.: X-S =       0.010803 mb/sr,

     9.00 deg.: X-S =       0.010838 mb/sr,

     9.50 deg.: X-S =       0.010876 mb/sr,

    10.00 deg.: X-S =       0.010916 mb/sr,

    10.50 deg.: X-S =       0.010957 mb/sr,

    11.00 deg.: X-S =       0.011002 mb/sr,

    11.50 deg.: X-S =       0.011048 mb/sr,

    12.00 deg.: X-S =       0.011097 mb/sr,

    12.50 deg.: X-S =       0.011148 mb/sr,

    13.00 deg.: X-S =       0.011201 mb/sr,

    13.50 deg.: X-S =       0.011257 mb/sr,

    14.00 deg.: X-S =       0.011315 mb/sr,

    14.50 deg.: X-S =       0.011375 mb/sr,

    15.00 deg.: X-S =       0.011437 mb/sr,

    15.50 deg.: X-S =       0.011502 mb/sr,

    16.00 deg.: X-S =       0.011569 mb/sr,

    16.50 deg.: X-S =       0.011638 mb/sr,

    17.00 deg.: X-S =       0.011709 mb/sr,

    17.50 deg.: X-S =       0.011783 mb/sr,

    18.00 deg.: X-S =       0.011858 mb/sr,

    18.50 deg.: X-S =       0.011936 mb/sr,

    19.00 deg.: X-S =       0.012015 mb/sr,

    19.50 deg.: X-S =       0.012097 mb/sr,

    20.00 deg.: X-S =       0.012180 mb/sr,

    20.50 deg.: X-S =       0.012265 mb/sr,

    21.00 deg.: X-S =       0.012352 mb/sr,

    21.50 deg.: X-S =       0.012440 mb/sr,

    22.00 deg.: X-S =       0.012530 mb/sr,

    22.50 deg.: X-S =       0.012621 mb/sr,

    23.00 deg.: X-S =       0.012713 mb/sr,

    23.50 deg.: X-S =       0.012807 mb/sr,

    24.00 deg.: X-S =       0.012902 mb/sr,

    24.50 deg.: X-S =       0.012997 mb/sr,

    25.00 deg.: X-S =       0.013093 mb/sr,

    25.50 deg.: X-S =       0.013190 mb/sr,

    26.00 deg.: X-S =       0.013288 mb/sr,

    26.50 deg.: X-S =       0.013386 mb/sr,

    27.00 deg.: X-S =       0.013484 mb/sr,

    27.50 deg.: X-S =       0.013582 mb/sr,

    28.00 deg.: X-S =       0.013679 mb/sr,

    28.50 deg.: X-S =       0.013777 mb/sr,

    29.00 deg.: X-S =       0.013874 mb/sr,

    29.50 deg.: X-S =       0.013971 mb/sr,

    30.00 deg.: X-S =       0.014067 mb/sr,

    30.50 deg.: X-S =       0.014161 mb/sr,

    31.00 deg.: X-S =       0.014255 mb/sr,

    31.50 deg.: X-S =       0.014347 mb/sr,

    32.00 deg.: X-S =       0.014438 mb/sr,

    32.50 deg.: X-S =       0.014527 mb/sr,

    33.00 deg.: X-S =       0.014614 mb/sr,

    33.50 deg.: X-S =       0.014699 mb/sr,

    34.00 deg.: X-S =       0.014782 mb/sr,

    34.50 deg.: X-S =       0.014863 mb/sr,

    35.00 deg.: X-S =       0.014941 mb/sr,

    35.50 deg.: X-S =       0.015016 mb/sr,

    36.00 deg.: X-S =       0.015088 mb/sr,

    36.50 deg.: X-S =       0.015157 mb/sr,

    37.00 deg.: X-S =       0.015223 mb/sr,

    37.50 deg.: X-S =       0.015286 mb/sr,

    38.00 deg.: X-S =       0.015345 mb/sr,

    38.50 deg.: X-S =       0.015400 mb/sr,

    39.00 deg.: X-S =       0.015451 mb/sr,

    39.50 deg.: X-S =       0.015499 mb/sr,

    40.00 deg.: X-S =       0.015542 mb/sr,

    40.50 deg.: X-S =       0.015581 mb/sr,

    41.00 deg.: X-S =       0.015615 mb/sr,

    41.50 deg.: X-S =       0.015646 mb/sr,

    42.00 deg.: X-S =       0.015671 mb/sr,

    42.50 deg.: X-S =       0.015692 mb/sr,

    43.00 deg.: X-S =       0.015708 mb/sr,

    43.50 deg.: X-S =       0.015719 mb/sr,

    44.00 deg.: X-S =       0.015725 mb/sr,

    44.50 deg.: X-S =       0.015726 mb/sr,

    45.00 deg.: X-S =       0.015723 mb/sr,

    45.50 deg.: X-S =       0.015713 mb/sr,

    46.00 deg.: X-S =       0.015699 mb/sr,

    46.50 deg.: X-S =       0.015680 mb/sr,

    47.00 deg.: X-S =       0.015655 mb/sr,

    47.50 deg.: X-S =       0.015625 mb/sr,

    48.00 deg.: X-S =       0.015590 mb/sr,

    48.50 deg.: X-S =       0.015549 mb/sr,

    49.00 deg.: X-S =       0.015503 mb/sr,

    49.50 deg.: X-S =       0.015452 mb/sr,

    50.00 deg.: X-S =       0.015395 mb/sr,

    50.50 deg.: X-S =       0.015333 mb/sr,

    51.00 deg.: X-S =       0.015267 mb/sr,

    51.50 deg.: X-S =       0.015194 mb/sr,

    52.00 deg.: X-S =       0.015117 mb/sr,

    52.50 deg.: X-S =       0.015035 mb/sr,

    53.00 deg.: X-S =       0.014948 mb/sr,

    53.50 deg.: X-S =       0.014856 mb/sr,

    54.00 deg.: X-S =       0.014759 mb/sr,

    54.50 deg.: X-S =       0.014657 mb/sr,

    55.00 deg.: X-S =       0.014550 mb/sr,

    55.50 deg.: X-S =       0.014440 mb/sr,

    56.00 deg.: X-S =       0.014324 mb/sr,

    56.50 deg.: X-S =       0.014204 mb/sr,

    57.00 deg.: X-S =       0.014080 mb/sr,

    57.50 deg.: X-S =       0.013952 mb/sr,

    58.00 deg.: X-S =       0.013820 mb/sr,

    58.50 deg.: X-S =       0.013685 mb/sr,

    59.00 deg.: X-S =       0.013545 mb/sr,

    59.50 deg.: X-S =       0.013402 mb/sr,

    60.00 deg.: X-S =       0.013256 mb/sr,

    60.50 deg.: X-S =       0.013106 mb/sr,

    61.00 deg.: X-S =       0.012953 mb/sr,

    61.50 deg.: X-S =       0.012797 mb/sr,

    62.00 deg.: X-S =       0.012639 mb/sr,

    62.50 deg.: X-S =       0.012477 mb/sr,

    63.00 deg.: X-S =       0.012314 mb/sr,

    63.50 deg.: X-S =       0.012148 mb/sr,

    64.00 deg.: X-S =       0.011980 mb/sr,

    64.50 deg.: X-S =       0.011810 mb/sr,

    65.00 deg.: X-S =       0.011638 mb/sr,

    65.50 deg.: X-S =       0.011465 mb/sr,

    66.00 deg.: X-S =       0.011290 mb/sr,

    66.50 deg.: X-S =       0.011114 mb/sr,

    67.00 deg.: X-S =       0.010937 mb/sr,

    67.50 deg.: X-S =       0.010759 mb/sr,

    68.00 deg.: X-S =       0.010580 mb/sr,

    68.50 deg.: X-S =       0.010401 mb/sr,

    69.00 deg.: X-S =       0.010221 mb/sr,

    69.50 deg.: X-S =       0.010041 mb/sr,

    70.00 deg.: X-S =       0.009861 mb/sr,

    70.50 deg.: X-S =       0.009682 mb/sr,

    71.00 deg.: X-S =       0.009502 mb/sr,

    71.50 deg.: X-S =       0.009323 mb/sr,

    72.00 deg.: X-S =       0.009145 mb/sr,

    72.50 deg.: X-S =       0.008968 mb/sr,

    73.00 deg.: X-S =       0.008791 mb/sr,

    73.50 deg.: X-S =       0.008616 mb/sr,

    74.00 deg.: X-S =       0.008442 mb/sr,

    74.50 deg.: X-S =       0.008269 mb/sr,

    75.00 deg.: X-S =       0.008098 mb/sr,

    75.50 deg.: X-S =       0.007929 mb/sr,

    76.00 deg.: X-S =       0.007762 mb/sr,

    76.50 deg.: X-S =       0.007597 mb/sr,

    77.00 deg.: X-S =       0.007434 mb/sr,

    77.50 deg.: X-S =       0.007273 mb/sr,

    78.00 deg.: X-S =       0.007115 mb/sr,

    78.50 deg.: X-S =       0.006959 mb/sr,

    79.00 deg.: X-S =       0.006807 mb/sr,

    79.50 deg.: X-S =       0.006657 mb/sr,

    80.00 deg.: X-S =       0.006509 mb/sr,

    80.50 deg.: X-S =       0.006365 mb/sr,

    81.00 deg.: X-S =       0.006225 mb/sr,

    81.50 deg.: X-S =       0.006087 mb/sr,

    82.00 deg.: X-S =       0.005953 mb/sr,

    82.50 deg.: X-S =       0.005822 mb/sr,

    83.00 deg.: X-S =       0.005695 mb/sr,

    83.50 deg.: X-S =       0.005572 mb/sr,

    84.00 deg.: X-S =       0.005452 mb/sr,

    84.50 deg.: X-S =       0.005337 mb/sr,

    85.00 deg.: X-S =       0.005225 mb/sr,

    85.50 deg.: X-S =       0.005117 mb/sr,

    86.00 deg.: X-S =       0.005013 mb/sr,

    86.50 deg.: X-S =       0.004913 mb/sr,

    87.00 deg.: X-S =       0.004818 mb/sr,

    87.50 deg.: X-S =       0.004726 mb/sr,

    88.00 deg.: X-S =       0.004639 mb/sr,

    88.50 deg.: X-S =       0.004556 mb/sr,

    89.00 deg.: X-S =       0.004478 mb/sr,

    89.50 deg.: X-S =       0.004404 mb/sr,

    90.00 deg.: X-S =       0.004334 mb/sr,

    90.50 deg.: X-S =       0.004269 mb/sr,

    91.00 deg.: X-S =       0.004208 mb/sr,

    91.50 deg.: X-S =       0.004151 mb/sr,

    92.00 deg.: X-S =       0.004099 mb/sr,

    92.50 deg.: X-S =       0.004052 mb/sr,

    93.00 deg.: X-S =       0.004009 mb/sr,

    93.50 deg.: X-S =       0.003970 mb/sr,

    94.00 deg.: X-S =       0.003936 mb/sr,

    94.50 deg.: X-S =       0.003906 mb/sr,

    95.00 deg.: X-S =       0.003881 mb/sr,

    95.50 deg.: X-S =       0.003860 mb/sr,

    96.00 deg.: X-S =       0.003844 mb/sr,

    96.50 deg.: X-S =       0.003832 mb/sr,

    97.00 deg.: X-S =       0.003824 mb/sr,

    97.50 deg.: X-S =       0.003820 mb/sr,

    98.00 deg.: X-S =       0.003821 mb/sr,

    98.50 deg.: X-S =       0.003826 mb/sr,

    99.00 deg.: X-S =       0.003834 mb/sr,

    99.50 deg.: X-S =       0.003847 mb/sr,

   100.00 deg.: X-S =       0.003864 mb/sr,

   100.50 deg.: X-S =       0.003885 mb/sr,

   101.00 deg.: X-S =       0.003910 mb/sr,

   101.50 deg.: X-S =       0.003939 mb/sr,

   102.00 deg.: X-S =       0.003972 mb/sr,

   102.50 deg.: X-S =       0.004008 mb/sr,

   103.00 deg.: X-S =       0.004047 mb/sr,

   103.50 deg.: X-S =       0.004091 mb/sr,

   104.00 deg.: X-S =       0.004137 mb/sr,

   104.50 deg.: X-S =       0.004188 mb/sr,

   105.00 deg.: X-S =       0.004241 mb/sr,

   105.50 deg.: X-S =       0.004297 mb/sr,

   106.00 deg.: X-S =       0.004357 mb/sr,

   106.50 deg.: X-S =       0.004420 mb/sr,

   107.00 deg.: X-S =       0.004485 mb/sr,

   107.50 deg.: X-S =       0.004554 mb/sr,

   108.00 deg.: X-S =       0.004625 mb/sr,

   108.50 deg.: X-S =       0.004698 mb/sr,

   109.00 deg.: X-S =       0.004774 mb/sr,

   109.50 deg.: X-S =       0.004853 mb/sr,

   110.00 deg.: X-S =       0.004933 mb/sr,

   110.50 deg.: X-S =       0.005016 mb/sr,

   111.00 deg.: X-S =       0.005101 mb/sr,

   111.50 deg.: X-S =       0.005188 mb/sr,

   112.00 deg.: X-S =       0.005277 mb/sr,

   112.50 deg.: X-S =       0.005368 mb/sr,

   113.00 deg.: X-S =       0.005460 mb/sr,

   113.50 deg.: X-S =       0.005554 mb/sr,

   114.00 deg.: X-S =       0.005649 mb/sr,

   114.50 deg.: X-S =       0.005745 mb/sr,

   115.00 deg.: X-S =       0.005843 mb/sr,

   115.50 deg.: X-S =       0.005941 mb/sr,

   116.00 deg.: X-S =       0.006041 mb/sr,

   116.50 deg.: X-S =       0.006141 mb/sr,

   117.00 deg.: X-S =       0.006243 mb/sr,

   117.50 deg.: X-S =       0.006345 mb/sr,

   118.00 deg.: X-S =       0.006447 mb/sr,

   118.50 deg.: X-S =       0.006550 mb/sr,

   119.00 deg.: X-S =       0.006653 mb/sr,

   119.50 deg.: X-S =       0.006756 mb/sr,

   120.00 deg.: X-S =       0.006860 mb/sr,

   120.50 deg.: X-S =       0.006963 mb/sr,

   121.00 deg.: X-S =       0.007067 mb/sr,

   121.50 deg.: X-S =       0.007170 mb/sr,

   122.00 deg.: X-S =       0.007273 mb/sr,

   122.50 deg.: X-S =       0.007376 mb/sr,

   123.00 deg.: X-S =       0.007478 mb/sr,

   123.50 deg.: X-S =       0.007580 mb/sr,

   124.00 deg.: X-S =       0.007681 mb/sr,

   124.50 deg.: X-S =       0.007782 mb/sr,

   125.00 deg.: X-S =       0.007881 mb/sr,

   125.50 deg.: X-S =       0.007980 mb/sr,

   126.00 deg.: X-S =       0.008078 mb/sr,

   126.50 deg.: X-S =       0.008175 mb/sr,

   127.00 deg.: X-S =       0.008271 mb/sr,

   127.50 deg.: X-S =       0.008366 mb/sr,

   128.00 deg.: X-S =       0.008460 mb/sr,

   128.50 deg.: X-S =       0.008552 mb/sr,

   129.00 deg.: X-S =       0.008643 mb/sr,

   129.50 deg.: X-S =       0.008733 mb/sr,

   130.00 deg.: X-S =       0.008822 mb/sr,

   130.50 deg.: X-S =       0.008909 mb/sr,

   131.00 deg.: X-S =       0.008994 mb/sr,

   131.50 deg.: X-S =       0.009079 mb/sr,

   132.00 deg.: X-S =       0.009161 mb/sr,

   132.50 deg.: X-S =       0.009242 mb/sr,

   133.00 deg.: X-S =       0.009322 mb/sr,

   133.50 deg.: X-S =       0.009400 mb/sr,

   134.00 deg.: X-S =       0.009476 mb/sr,

   134.50 deg.: X-S =       0.009550 mb/sr,

   135.00 deg.: X-S =       0.009623 mb/sr,

   135.50 deg.: X-S =       0.009694 mb/sr,

   136.00 deg.: X-S =       0.009764 mb/sr,

   136.50 deg.: X-S =       0.009832 mb/sr,

   137.00 deg.: X-S =       0.009898 mb/sr,

   137.50 deg.: X-S =       0.009962 mb/sr,

   138.00 deg.: X-S =       0.010025 mb/sr,

   138.50 deg.: X-S =       0.010086 mb/sr,

   139.00 deg.: X-S =       0.010146 mb/sr,

   139.50 deg.: X-S =       0.010203 mb/sr,

   140.00 deg.: X-S =       0.010259 mb/sr,

   140.50 deg.: X-S =       0.010314 mb/sr,

   141.00 deg.: X-S =       0.010367 mb/sr,

   141.50 deg.: X-S =       0.010418 mb/sr,

   142.00 deg.: X-S =       0.010468 mb/sr,

   142.50 deg.: X-S =       0.010516 mb/sr,

   143.00 deg.: X-S =       0.010562 mb/sr,

   143.50 deg.: X-S =       0.010607 mb/sr,

   144.00 deg.: X-S =       0.010651 mb/sr,

   144.50 deg.: X-S =       0.010693 mb/sr,

   145.00 deg.: X-S =       0.010734 mb/sr,

   145.50 deg.: X-S =       0.010773 mb/sr,

   146.00 deg.: X-S =       0.010811 mb/sr,

   146.50 deg.: X-S =       0.010848 mb/sr,

   147.00 deg.: X-S =       0.010883 mb/sr,

   147.50 deg.: X-S =       0.010918 mb/sr,

   148.00 deg.: X-S =       0.010950 mb/sr,

   148.50 deg.: X-S =       0.010982 mb/sr,

   149.00 deg.: X-S =       0.011013 mb/sr,

   149.50 deg.: X-S =       0.011043 mb/sr,

   150.00 deg.: X-S =       0.011071 mb/sr,

   150.50 deg.: X-S =       0.011099 mb/sr,

   151.00 deg.: X-S =       0.011125 mb/sr,

   151.50 deg.: X-S =       0.011151 mb/sr,

   152.00 deg.: X-S =       0.011175 mb/sr,

   152.50 deg.: X-S =       0.011199 mb/sr,

   153.00 deg.: X-S =       0.011222 mb/sr,

   153.50 deg.: X-S =       0.011244 mb/sr,

   154.00 deg.: X-S =       0.011265 mb/sr,

   154.50 deg.: X-S =       0.011286 mb/sr,

   155.00 deg.: X-S =       0.011306 mb/sr,

   155.50 deg.: X-S =       0.011325 mb/sr,

   156.00 deg.: X-S =       0.011343 mb/sr,

   156.50 deg.: X-S =       0.011361 mb/sr,

   157.00 deg.: X-S =       0.011379 mb/sr,

   157.50 deg.: X-S =       0.011395 mb/sr,

   158.00 deg.: X-S =       0.011412 mb/sr,

   158.50 deg.: X-S =       0.011427 mb/sr,

   159.00 deg.: X-S =       0.011442 mb/sr,

   159.50 deg.: X-S =       0.011457 mb/sr,

   160.00 deg.: X-S =       0.011471 mb/sr,

   160.50 deg.: X-S =       0.011485 mb/sr,

   161.00 deg.: X-S =       0.011498 mb/sr,

   161.50 deg.: X-S =       0.011511 mb/sr,

   162.00 deg.: X-S =       0.011524 mb/sr,

   162.50 deg.: X-S =       0.011536 mb/sr,

   163.00 deg.: X-S =       0.011548 mb/sr,

   163.50 deg.: X-S =       0.011559 mb/sr,

   164.00 deg.: X-S =       0.011570 mb/sr,

   164.50 deg.: X-S =       0.011581 mb/sr,

   165.00 deg.: X-S =       0.011591 mb/sr,

   165.50 deg.: X-S =       0.011601 mb/sr,

   166.00 deg.: X-S =       0.011611 mb/sr,

   166.50 deg.: X-S =       0.011620 mb/sr,

   167.00 deg.: X-S =       0.011629 mb/sr,

   167.50 deg.: X-S =       0.011638 mb/sr,

   168.00 deg.: X-S =       0.011646 mb/sr,

   168.50 deg.: X-S =       0.011654 mb/sr,

   169.00 deg.: X-S =       0.011662 mb/sr,

   169.50 deg.: X-S =       0.011670 mb/sr,

   170.00 deg.: X-S =       0.011677 mb/sr,

   170.50 deg.: X-S =       0.011684 mb/sr,

   171.00 deg.: X-S =       0.011690 mb/sr,

   171.50 deg.: X-S =       0.011696 mb/sr,

   172.00 deg.: X-S =       0.011702 mb/sr,

   172.50 deg.: X-S =       0.011708 mb/sr,

   173.00 deg.: X-S =       0.011713 mb/sr,

   173.50 deg.: X-S =       0.011718 mb/sr,

   174.00 deg.: X-S =       0.011722 mb/sr,

   174.50 deg.: X-S =       0.011726 mb/sr,

   175.00 deg.: X-S =       0.011730 mb/sr,

   175.50 deg.: X-S =       0.011734 mb/sr,

   176.00 deg.: X-S =       0.011737 mb/sr,

   176.50 deg.: X-S =       0.011739 mb/sr,

   177.00 deg.: X-S =       0.011742 mb/sr,

   177.50 deg.: X-S =       0.011744 mb/sr,

   178.00 deg.: X-S =       0.011745 mb/sr,

   178.50 deg.: X-S =       0.011747 mb/sr,

   179.00 deg.: X-S =       0.011748 mb/sr,

   179.50 deg.: X-S =       0.011748 mb/sr,

   180.00 deg.: X-S =       0.011748 mb/sr,

                                           Integrated  1.1615E-01 mb, over [   0.000, 180.000] at    16.0000 MeV 
 Finished all xsecs @    8.47565556    



 Mean components of Elastic Optical Potential generated by channel couplings of type  1

     0.200     0.0000     0.0000     0.0000     0.0000     0.0000     0.0000
     0.400     0.0000     0.0000     0.0000     0.0000     0.0000     0.0000
     0.600     0.0000     0.0000     0.0000     0.0000     0.0000     0.0000
     0.800    39.6078    -9.5735    47.5319    -7.2283    -0.2094     0.0001
     1.000    38.9006   -10.3101    45.1554    -6.9767    -0.2723    -0.0009
     1.200    37.6069   -10.1800    43.1930    -6.4856    -0.2740    -0.0082
     1.400    36.0741    -9.2941    41.1591    -5.4882    -0.2112    -0.0238
     1.600    34.3403    -8.0507    36.8878    -3.9894    -0.1549    -0.0361
     1.800    32.5433    -6.9493    30.3819    -2.6827    -0.1185    -0.0369
     2.000    30.8466    -6.3666    24.2653    -2.2364    -0.0646    -0.0359
     2.200    29.2670    -6.4414    19.9657    -2.6729     0.0073    -0.0415
     2.400    27.9870    -6.9735    17.5735    -3.6260     0.0663    -0.0499
     2.600    26.6327    -7.2955    16.3433    -4.5238     0.0903    -0.0543
     2.800    25.1499    -6.7041    16.0869    -4.8381     0.1023    -0.0572
     3.000    23.2242    -4.9980    16.1752    -4.3115     0.1308    -0.0636
     3.200    20.6890    -2.5868    15.8930    -3.0104     0.1676    -0.0658
     3.400    17.7048    -0.1488    14.9065    -1.2723     0.1863    -0.0540
     3.600    14.4158     1.7650    13.1374     0.4517     0.1755    -0.0312
     3.800    11.2731     2.9163    10.9981     1.8109     0.1440    -0.0082
     4.000     8.4811     3.2848     8.7616     2.5706     0.1050     0.0061
     4.200     6.2466     3.0948     6.7569     2.7764     0.0705     0.0105
     4.400     4.5827     2.5867     5.1226     2.5771     0.0453     0.0083
     4.600     3.3197     1.9462     3.8277     2.1206     0.0301     0.0025
     4.800     2.4969     1.3593     2.9138     1.6366     0.0211    -0.0018
     5.000     1.8632     0.8425     2.2339     1.1462     0.0177    -0.0060
     5.200     1.4568     0.4746     1.7691     0.7686     0.0155    -0.0078
     5.400     1.1459     0.1916     1.4338     0.4551     0.0149    -0.0089
     5.600     0.9357     0.0227     1.1947     0.2464     0.0137    -0.0088
     5.800     0.7742    -0.0953     1.0192     0.0916     0.0129    -0.0082
     6.000     0.6564    -0.1476     0.8824     0.0025     0.0115    -0.0073
     6.200     0.5640    -0.1865     0.7792    -0.0614     0.0103    -0.0062
     6.400     0.4904    -0.1797     0.6868    -0.0820     0.0085    -0.0053
     6.600     0.4349    -0.1830     0.6178    -0.0989     0.0071    -0.0043
     6.800     0.3836    -0.1592     0.5488    -0.0917     0.0055    -0.0036
     7.000     0.3473    -0.1462     0.4959    -0.0852     0.0043    -0.0029
     7.200     0.3079    -0.1215     0.4386    -0.0672     0.0030    -0.0025
     7.400     0.2873    -0.0999     0.4036    -0.0508     0.0023    -0.0023
     7.600     0.2391    -0.0694     0.3319    -0.0212     0.0014    -0.0017
     7.800     0.2603    -0.0474     0.3548     0.0003     0.0015    -0.0023
     8.000     0.1958    -0.0553     0.2363    -0.0064     0.0005    -0.0020
     8.200     0.2012     0.0360     0.2773     0.0987     0.0015    -0.0012
     8.400     0.1918    -0.0031     0.2280     0.0332     0.0010    -0.0020
     8.600     0.1126     0.0441     0.1025     0.1111     0.0023    -0.0005
     8.800     0.1894     0.0953     0.2451     0.1638     0.0018    -0.0016
     9.000     0.1076     0.0621     0.1027     0.1050     0.0023    -0.0003
     9.200     0.0781     0.0987     0.0544     0.1588     0.0028     0.0006
     9.400     0.1347     0.1136     0.1758     0.1720     0.0021    -0.0014
     9.600     0.0626     0.0786     0.0496     0.1135     0.0020     0.0006
     9.800     0.0395     0.0938     0.0114     0.1415     0.0023     0.0012
    10.000     0.0951     0.0850     0.1358     0.1239     0.0015    -0.0016
    10.200     0.0316     0.0582     0.0168     0.0836     0.0011     0.0008
    10.400     0.0186     0.0650    -0.0068     0.1003     0.0014     0.0013
    10.600     0.0692     0.0509     0.1082     0.0753     0.0006    -0.0021
    10.800    -0.0058     0.0397    -0.0458     0.0579     0.0007     0.0021
    11.000     0.0506     0.0405     0.0778     0.0642     0.0006    -0.0018
    11.200     0.0083     0.0245    -0.0059     0.0318     0.0002     0.0006
    11.400     0.0029     0.0322    -0.0181     0.0426     0.0003     0.0011
    11.600     0.0308     0.0238     0.0449     0.0423     0.0005    -0.0013
    11.800     0.0017     0.0166    -0.0107     0.0155    -0.0001     0.0006
    12.000    -0.0038     0.0233    -0.0212     0.0215    -0.0001     0.0011
    12.200     0.0196     0.0142     0.0271     0.0305     0.0007    -0.0010
    12.400    -0.0135     0.0175    -0.0325     0.0039    -0.0005     0.0014
    12.600     0.0118     0.0125     0.0146     0.0250     0.0006    -0.0005
    12.800    -0.0045     0.0102    -0.0117     0.0050    -0.0002     0.0005
    13.000    -0.0074     0.0135    -0.0157     0.0079    -0.0001     0.0007
    13.200     0.0054     0.0084     0.0058     0.0159     0.0003    -0.0002
    13.400    -0.0036     0.0066    -0.0071     0.0037    -0.0001     0.0003
    13.600    -0.0045     0.0070    -0.0082     0.0039    -0.0001     0.0003
    13.800     0.0008     0.0058     0.0004     0.0089     0.0001    -0.0000
    14.000    -0.0023     0.0038    -0.0038     0.0025    -0.0000     0.0001
    14.200    -0.0027     0.0034    -0.0043     0.0018    -0.0000     0.0001
    14.400    -0.0012     0.0036    -0.0016     0.0042     0.0000     0.0000
    14.600    -0.0016     0.0020    -0.0023     0.0013    -0.0000     0.0000
    14.800    -0.0019     0.0016    -0.0026     0.0005    -0.0001     0.0000
    15.000    -0.0015     0.0018    -0.0017     0.0016    -0.0000     0.0000
    15.200    -0.0012     0.0007    -0.0017    -0.0004    -0.0000    -0.0000
    15.400    -0.0014     0.0008    -0.0015     0.0004    -0.0000     0.0000
    15.600    -0.0010     0.0003    -0.0012    -0.0003    -0.0000    -0.0000
    15.800    -0.0008     0.0001    -0.0009    -0.0005    -0.0000    -0.0000
    16.000    -0.0010     0.0000    -0.0011    -0.0003    -0.0000    -0.0000
    16.200    -0.0004    -0.0000    -0.0004    -0.0005    -0.0000    -0.0000
    16.400    -0.0005    -0.0002    -0.0007    -0.0004    -0.0000    -0.0000
    16.600    -0.0003    -0.0001    -0.0002    -0.0004     0.0000     0.0000
    16.800    -0.0002    -0.0002    -0.0004    -0.0003    -0.0000    -0.0000
    17.000    -0.0002    -0.0001    -0.0001    -0.0002     0.0000     0.0000
    17.200    -0.0001    -0.0002    -0.0002    -0.0002     0.0000    -0.0000
    17.400    -0.0001    -0.0001    -0.0001    -0.0001    -0.0000     0.0000
    17.600    -0.0001    -0.0001    -0.0001    -0.0001     0.0000    -0.0000
    17.800    -0.0001    -0.0001    -0.0001    -0.0001    -0.0000     0.0000
    18.000    -0.0001     0.0000    -0.0000    -0.0000     0.0000     0.0000
    18.200    -0.0001    -0.0001    -0.0001    -0.0000    -0.0000    -0.0000
    18.400    -0.0002     0.0001    -0.0000     0.0001     0.0000     0.0000
    18.600    -0.0002     0.0000    -0.0001     0.0000     0.0000     0.0000
    18.800    -0.0002     0.0000    -0.0001     0.0000     0.0000     0.0000
    19.000    -0.0002     0.0002    -0.0001     0.0001     0.0000     0.0000
    19.200     0.0000     0.0000     0.0000     0.0000     0.0000     0.0000
    19.400     0.0000     0.0000     0.0000     0.0000     0.0000     0.0000
    19.600     0.0000     0.0000     0.0000     0.0000     0.0000     0.0000
    19.800     0.0000     0.0000     0.0000     0.0000     0.0000     0.0000
    20.000     0.0000     0.0000     0.0000     0.0000     0.0000     0.0000

 BPM: Using the real scalar part of the  Elastic Channel Potential

 Incident energy (cm) =  13.700. Fusion inside radius of   3.550 fm.

 L =  0, Barrier =  3.47-12.68, Peak @  7.60  3.47, Tl = 1.0000: Xsec-F =  27.789 mb
 L =  1, Barrier =  4.78-12.22, Peak @  7.00  4.78, Tl = 1.0000: Xsec-F =  83.368 mb
 L =  2, Barrier =  7.43-11.09, Peak @  6.20  7.43, Tl = 0.9999: Xsec-F = 138.935 mb
 L =  3, Barrier = 10.56 -8.92, Peak @  5.50 10.56, Tl = 0.9951: Xsec-F = 193.568 mb
 L =  4, Barrier = 15.43 -5.15, Peak @  4.70 15.43, Tl = 0.8905: Xsec-F = 222.724 mb
 L =  5, Barrier = 15.43  1.54, Turn @  0.00  4.80, Tl = 0.3215: Xsec-F =  98.275 mb
 L =  6, Barrier = 15.43 12.74, Turn @  0.00  6.20, Tl = 0.0267: Xsec-F =   9.634 mb
 L =  7, Barrier = 15.43 25.83, Turn @  0.00  7.30, Tl = 0.0016: Xsec-F =   0.676 mb
 L =  8, Barrier = 15.43 40.79, Turn @  0.00  8.20, Tl = 0.0001: Xsec-F =   0.039 mb
0Cumulative FUSION cross section by BPM (case 1)   =  0.775E+03  <L> =     3.08  <L**2> =     11.3

 BPM: Using the real scalar part of the  Elastic Channel Potential
 Including CRC local equivalent potential.

 Incident energy (cm) =  13.700. Fusion inside radius of   3.550 fm.

 L =  0, Barrier =  3.82-12.43, Peak @  7.00  3.82, Tl = 1.0000: Xsec-F =  27.789 mb
 L =  1, Barrier =  7.63-11.89, Peak @  6.50  7.63, Tl = 0.9999: Xsec-F =  83.364 mb
 L =  2, Barrier =  7.50-10.54, Peak @  5.60  7.50, Tl = 0.9999: Xsec-F = 138.927 mb
 L =  3, Barrier = 26.41 -6.03, Peak @  3.70 26.41, Tl = 0.8078: Xsec-F = 157.130 mb
 L =  4, Barrier = 26.41  1.41, Turn @  0.00  3.90, Tl = 0.4515: Xsec-F = 112.914 mb
 L =  5, Barrier = 26.41 10.76, Turn @  0.00  5.20, Tl = 0.1241: Xsec-F =  37.921 mb
 L =  6, Barrier = 26.41 21.98, Turn @  0.00  6.30, Tl = 0.0130: Xsec-F =   4.692 mb
 L =  7, Barrier = 26.41 35.07, Turn @  0.00  7.30, Tl = 0.0009: Xsec-F =   0.382 mb
 L =  8, Barrier = 26.41 50.04, Turn @  0.00  8.30, Tl = 0.0001: Xsec-F =   0.024 mb
0Cumulative FUSION cross section by BPM (case 2)   =  0.563E+03  <L> =     2.67  <L**2> =      8.9
0Fusion at  16.000 MeV: Bare =  7.750E+02, Actual =  9.005E+02, BPM-equiv =  5.631E+02 mb

  The following files have been created:
   3:local copy of User input.            6:standard output.                   
   8:single-particle & scattering wfs.   12:transfer kernels.                  
  13:total cross sections/state.         15:local equivalent potentials.       
  16:tables of cross sections.           17:output scattering waves.           
  35:Astrophysics S-factors  / Ecm.      37:output scattering FAM amplitudes.  
  39:cross sections for each Ecm.        40:all cross sectns. for each Elab.   
  46:bs wave functions & ANC ratios.     55:Single-particle wfns.              
  56:Fusion for each Jtotal.             58:Single-particle wfns.              
  59:Single-particle vertex functions.   75:S-factors for lab energies.        
  90:average polarisation potential.     91:polarisation potl for rereading.   
 201:Separate cross sections.           202:Separate cross sections.           
 203:Separate cross sections.           204:Separate cross sections.           
 205:Separate cross sections.           206:Separate cross sections.           

 PARAMETERS : MAXQRN   MLOC  LMAX1 MCLIST     MFNL  MPWCOUP
    ALLOWED :     39     17     38     10      324        0
    REQUIRED:      3     17     22      4       88        0


 ACCURACY ANALYSIS at    16.000 MeV :

  Elastic h*k = 0.106 so OK       compared with 0.200

   Real(S-el) > 0.01 first at J =       1.0
   Real(S-el) > 0.10 first at J =       1.0
   Real(S-el) > 0.50 first at J =       4.0
   Real(S-el) > 0.90 first at J =       6.0
   Real(S-el) > 0.99 first at J =       7.0
   R-turn =    17.71 fm    at J =      18.0

 Forward-angle excitation cut off below   2.077 deg by max JT =      18.0
                              and below   1.807 deg by max R.


 1: Recommended RNL: non-local width >   8.20 cf:  20.00 fm: OK      
    Recommended CENTRE: centration   ~   0.10 cf:   0.00 fm


 2: Recommended RNL: non-local width >  16.60 cf:  20.00 fm: OK      
    Recommended CENTRE: centration   ~  -1.70 cf:   0.00 fm

 Total CPU  0 time =       8.48 seconds
