Running on jalapeno
 FRESCOX - version 7.2-4-g8e5699f: Coupled Reaction Channels             on gfortran                      

 Assuming NAMELIST input.

 12C(d,p)13C | Ed=16 MeV | CCBA | Ex=6.864 MeV | CoSMo FSU9 raw signed amplitudes                                        

   0.100  55.000   0.200   0.200  30.000  -6.000   0.000   0.000   0.000   0.000

 Centre-of-mass Range is    552 * 0.1000 fm., Maximum at  55.00 fm., Interpolating NL forms every  0.20 fm.
 Non - locality width is    151 * 0.2000 fm., Maximum of  30.00 fm., Centred at -6.00 fm.
 2-Nucleon Separation of      0 * 0.2000 fm., Maximum of   0.00 fm., Minimum at  0.00 fm.
 Maximum single particle bins of 55.0000 fm.
               M,Mint =          551         551


 Range of total J is     0.0 <= J <=    20.0 (at least     0.0) and Absorbtion =>     0.0000 mb.
 Dry Run = F, CC set limits =  0  0, Relativistic kinematics =   , Both/Far/Near Analyses =  1                     

 Cross Sections (and up to T0 for 0=projectile) for Theta from   0.0 to  60.0 in steps of  0.5 degrees, DGAM=0, grace=T,  Coordinates = 1 (Mads,Tran)

 Lower Radial Cutoff = maximum of -1.60*L*h &       0.0 fm.,  Lower Cutoff for Couplings =   0.0  fm.


 Iterate Couplings between   1 and   1 times, to  0.000 % if sooner.                                          
  Block solved exactly =   2 chs., with Pade = 0 & Isocen =  =0, NOSOL = F, CCREAL = F, initwf =  0
    Small channels are  0.00E+00 and small couplings are  1.00E-12 of unitarity

  NL quadrature with   48 Gaussian points, Calculate multipoles up to    30 from   0
  M-transfers for lp+lt greater than or equal to  6, Angular Integration Cutoff below  0.3906 %


 Trace switches are :  CHANS =  1, LISTCC =  1, TRENEG =  0, CDETR =  0, SMATS =  2, XSTABL =  3, NLPL =  0

                       WAVES =  0, LAMPL = -3, VEFF =  1, KFUS =  0, WDISK =  0, BPM =  1, MELFIL =  0

                       CDCC =  0, NFUS =  0, TCFILE =  0

 Using unit mass = 1.000000 amu and 1/fine-structure constant = 137.03599 ( 1.000000 * true ) with hc = 197.32705 MeV.fm,
  thus 2*amu/hbar^2 = 0.0478450 = 1/20.9008 and Coulomb constant = 0.1574855 so e^2 =  1.43996515, and nuclear magneton= 0.1261183

 Now pre-scan input and save to file 3



 *********** PARTITION NUMBER  1 ******************************************************************************************

   PROJ=2H         MASS=  2.0141 Z=   1.0,        # STATES=    2T, TARG=12C      MASS= 12.0000 Z=   6.0,     Q-VALUE =   0.0000 MeV

   MIXPOT =  0: no couplings (default)

     1:  J= 1.0+ (B# 1), E=  0.0000, K= 0.0              Potl#  1       J= 0.0+ (B# 1), E=  0.0000, K= 0.0    

     2:  J= 1.0+ (B# 1), E=  0.0000, K= 0.0              Potl#  1       J= 2.0+ (B# 1), E=  4.4389, K= 0.0    
                                  (Just State  1)


 *********** PARTITION NUMBER  2 ******************************************************************************************

   PROJ=1H         MASS=  1.0078 Z=   1.0,        # STATES=    5T, TARG=13C      MASS= 13.0034 Z=   6.0,     Q-VALUE =   2.7217 MeV

   MIXPOT =  0: no couplings (default)

     1:  J= 0.5+ (B# 1), E=  0.0000, K= 0.5              Potl#  2       J= 2.5+ (B# 1), E=  6.8640, K= 0.5    

     2:  J= 0.5+ (B# 1), E=  0.0000, K= 0.5              Potl#  2       J= 2.5+ (B# 1), E=  6.8640, K= 0.5    
                                  (Just State  1)

     3:  J= 0.5+ (B# 1), E=  0.0000, K= 0.5              Potl#  2       J= 2.5+ (B# 1), E=  6.8640, K= 0.5    
                                  (Just State  1)

     4:  J= 0.5+ (B# 1), E=  0.0000, K= 0.5              Potl#  2       J= 2.5+ (B# 1), E=  6.8640, K= 0.5    
                                  (Just State  1)

     5:  J= 0.5+ (B# 1), E=  0.0000, K= 0.5              Potl#  2       J= 2.5+ (B# 1), E=  6.8640, K= 0.5    
                                  (Just State  1)


 ************************************************************************************************************************************

 The following POTENTIALS are defined :

  KP#       TYPE      IT    SHAPE      at     V1        r1        a1        V2        r2        a2        A-in     A-used


                                            A#1       A#2        r0c       ac                                                h @ 1
    1    0=Coulomb       0=CHARGE (WS)  1    12.000     0.000    1.3000    0.0000    0.0000    0.0000     0.000    12.000   0.10000

                                           Mn(E1)    Mn(E2)    Mn(E3)  .....
    1   13=Targ. table  10=derivatives  2    0.0000   -6.1600    0.0000    0.0000    0.0000    0.0000     0.000     2.976= RADIUS

          Coulomb reduced matrix element   2 <-  1 of k = 2 (at   2 from   1 p)  ==   -6.1600
              Step 2 <- 1 of k =  2 (Potl. beta =-0.48549)  1 @   2
                                     Beta of targ. =-0.48549 (using radius of 2.976 fm.).
              Step 1 <- 2 of k =  2 (Potl. beta =-0.00000)  1 @   2
              Step 2 <- 2 of k =  2 (Potl. beta = 0.00000)  1 @   2

    1    1=Volume        0=Woods-Saxon  3  110.7000    0.9000    0.8010    0.0000    0.0000    0.0000     0.000    12.000

    1    2=Surface       0=Woods-Saxon  3    0.0000    0.0000    0.0000    9.2000    1.4200    0.7940     0.000    12.000

                                            Def1      Def2      Def3   .....
    1   13=Targ. table  10=derivatives  4    0.0000   -1.4400    0.0000    0.0000    0.0000    0.0000     0.000     3.251= RADIUS

          Nuclear reduced matrix element   2 <-  1 of k = 2 (at   4 from   3 p)  ==   -1.4400
              Step 2 <- 1 of k =  2 (Potl. beta =-0.44294)  1 @   4
                                     Beta of targ. =-0.44294 (using radius of 3.251 fm.).
              Step 1 <- 2 of k =  2 (Potl. beta =-0.00000)  1 @   4
              Step 2 <- 2 of k =  2 (Potl. beta = 0.00000)  1 @   4

    1    3=Projtl S.O.   0=Woods-Saxon  5    4.6600    0.9000    0.5510    0.0000    0.0000    0.0000     0.000    12.000
   --------------------------------------------------------------------------------------------------------------------

                                            A#1       A#2        r0c       ac                                                h @ 2
    2    0=Coulomb       0=CHARGE (WS)  6    13.000     0.000    1.1404    0.0000    0.0000    0.0000     0.000    13.000   0.10000

    2    1=Volume        0=Woods-Saxon  7   60.2330    1.1404    0.5700    0.0000    0.0000    0.0000     0.000    13.000

    2    2=Surface       0=Woods-Saxon  8    0.0000    0.0000    0.0000    9.7970    1.1404    0.5000     0.000    13.000

    2    3=Projtl S.O.   0=Woods-Saxon  9    5.5000    1.1404    0.5700    0.0000    0.0000    0.0000     0.000    13.000
   --------------------------------------------------------------------------------------------------------------------

                                            A#1       A#2        r0c       ac                                                h @ 0
    3    0=Coulomb       0=CHARGE (WS) 10     1.000     0.000    1.2500    0.0000    0.0000    0.0000     0.000     1.000   0.10000

    3    1=Volume        5=RSC T=0     11    1.0000    0.0000    1.0000    0.0000    0.0000    0.0000     0.000     1.000

    3    3=Projtl S.O.   5=RSC T=0     12    1.0000    0.0000    1.0000    0.0000    0.0000    0.0000     0.000     1.000

    3    4=Target S.O.   5=RSC T=0     13    1.0000    0.0000    1.0000    0.0000    0.0000    0.0000     0.000     1.000

    3    7=Prj+Targ Tr   5=RSC T=0     14    1.0000    0.0000    1.0000    0.0000    0.0000    0.0000     0.000     1.000
   --------------------------------------------------------------------------------------------------------------------

                                            A#1       A#2        r0c       ac                                                h @ 0
    4    0=Coulomb       0=CHARGE (WS) 15    12.000     0.000    1.2500    0.0000    0.0000    0.0000     0.000    12.000   0.10000

    4    1=Volume        0=Woods-Saxon 16   50.0000    1.2500    0.6500    0.0000    0.0000    0.0000     0.000    12.000

    4    3=Projtl S.O.   0=Woods-Saxon 17    6.0000    1.2500    0.6500    0.0000    0.0000    0.0000     0.000    12.000


 ************************************************************************************************************************************

 The following    real SINGLE-PARTICLE FORM FACTORS are  constructed:


 No.   P1 P2 IN KIND T N  L  S1 IA J/S  IB BIND XFER  BE    SC PC FIL AFRAC Adjust  to  Z  Mass   K     Norm    rms      D0     D   ANC/Gsp

    Parameters      Mismatch   Nodes -> 1 in ch  1

      2.224600     0.00085590     1    22
      2.233565     0.00000059     1    22

 For Channel #  1 with l = 0,  j =  0.5, around core state #  1

   R    Y(R)
   0.00   0.0000E+00,    0.20   3.1761E-03,    0.40   4.6973E-02,    0.60   1.6251E-01,    0.80   3.0264E-01,    1.00   4.1526E-01, 
   1.20   4.8549E-01,    1.40   5.2046E-01,    1.60   5.3183E-01,    1.80   5.2901E-01,    2.00   5.1815E-01,    2.20   5.0297E-01, 
   2.40   4.8561E-01,    2.60   4.6729E-01,    2.80   4.4869E-01,    3.00   4.3022E-01,    3.20   4.1210E-01,    3.40   3.9446E-01, 
   3.60   3.7737E-01,    3.80   3.6087E-01,    4.00   3.4499E-01,    4.20   3.2972E-01,    4.40   3.1506E-01,    4.60   3.0100E-01, 
   4.80   2.8753E-01,    5.00   2.7464E-01,    5.20   2.6230E-01,    5.40   2.5050E-01,    5.60   2.3921E-01,    5.80   2.2842E-01, 
   6.00   2.1810E-01,    6.20   2.0825E-01,    6.40   1.9883E-01,    6.60   1.8984E-01,    6.80   1.8124E-01,    7.00   1.7304E-01, 
   7.20   1.6520E-01,    7.40   1.5772E-01,    7.60   1.5057E-01,    7.80   1.4375E-01,    8.00   1.3723E-01,    8.20   1.3101E-01, 
   8.40   1.2507E-01,    8.60   1.1940E-01,    8.80   1.1399E-01,    9.00   1.0882E-01,    9.20   1.0389E-01,    9.40   9.9175E-02, 
   9.60   9.4678E-02,    9.80   9.0384E-02,   10.00   8.6285E-02,   10.20   8.2371E-02,   10.40   7.8635E-02,   10.60   7.5069E-02, 
  10.80   7.1664E-02,   11.00   6.8413E-02,   11.20   6.5310E-02,   11.40   6.2348E-02,   11.60   5.9520E-02,   11.80   5.6820E-02, 
  12.00   5.4243E-02,   12.20   5.1783E-02,   12.40   4.9434E-02,   12.60   4.7191E-02,   12.80   4.5051E-02,   13.00   4.3007E-02, 
  13.20   4.1057E-02,   13.40   3.9194E-02,   13.60   3.7416E-02,   13.80   3.5719E-02,   14.00   3.4099E-02,   14.20   3.2552E-02, 
  14.40   3.1076E-02,   14.60   2.9666E-02,   14.80   2.8320E-02,   15.00   2.7036E-02,   15.20   2.5809E-02,   15.40   2.4639E-02, 
  15.60   2.3521E-02,   15.80   2.2454E-02,   16.00   2.1436E-02,   16.20   2.0463E-02,   16.40   1.9535E-02,   16.60   1.8649E-02, 
  16.80   1.7803E-02,   17.00   1.6996E-02,   17.20   1.6225E-02,   17.40   1.5489E-02,   17.60   1.4786E-02,   17.80   1.4115E-02, 
  18.00   1.3475E-02,   18.20   1.2864E-02,   18.40   1.2280E-02,   18.60   1.1723E-02,   18.80   1.1192E-02,   19.00   1.0684E-02, 
  19.20   1.0199E-02,   19.40   9.7367E-03,   19.60   9.2950E-03,   19.80   8.8734E-03,   20.00   8.4709E-03,   20.20   8.0867E-03, 
  20.40   7.7198E-03,   20.60   7.3697E-03,   20.80   7.0354E-03,   21.00   6.7163E-03,   21.20   6.4116E-03,   21.40   6.1208E-03, 
  21.60   5.8431E-03,   21.80   5.5781E-03,   22.00   5.3251E-03,   22.20   5.0835E-03,   22.40   4.8529E-03,   22.60   4.6328E-03, 
  22.80   4.4227E-03,   23.00   4.2220E-03,   23.20   4.0305E-03,   23.40   3.8477E-03,   23.60   3.6732E-03,   23.80   3.5066E-03, 
  24.00   3.3475E-03,   24.20   3.1957E-03,   24.40   3.0507E-03,   24.60   2.9123E-03,   24.80   2.7802E-03,   25.00   2.6541E-03, 
  25.20   2.5337E-03,   25.40   2.4188E-03,   25.60   2.3091E-03,   25.80   2.2043E-03,   26.00   2.1043E-03,   26.20   2.0089E-03, 
  26.40   1.9178E-03,   26.60   1.8308E-03,   26.80   1.7477E-03,   27.00   1.6685E-03,   27.20   1.5928E-03,   27.40   1.5205E-03, 
  27.60   1.4516E-03,   27.80   1.3857E-03,   28.00   1.3229E-03,   28.20   1.2628E-03,   28.40   1.2056E-03,   28.60   1.1509E-03, 
  28.80   1.0987E-03,   29.00   1.0488E-03,   29.20   1.0013E-03,   29.40   9.5585E-04,   29.60   9.1249E-04,   29.80   8.7110E-04, 
  30.00   8.3159E-04,   30.20   7.9387E-04,   30.40   7.5786E-04,   30.60   7.2348E-04,   30.80   6.9066E-04,   31.00   6.5933E-04, 
  31.20   6.2943E-04,   31.40   6.0088E-04,   31.60   5.7362E-04,   31.80   5.4760E-04,   32.00   5.2276E-04,   32.20   4.9905E-04, 
  32.40   4.7641E-04,   32.60   4.5480E-04,   32.80   4.3417E-04,   33.00   4.1448E-04,   33.20   3.9568E-04,   33.40   3.7773E-04, 
  33.60   3.6060E-04,   33.80   3.4424E-04,   34.00   3.2862E-04,   34.20   3.1372E-04,   34.40   2.9949E-04,   34.60   2.8590E-04, 
  34.80   2.7293E-04,   35.00   2.6055E-04,   35.20   2.4873E-04,   35.40   2.3745E-04,   35.60   2.2668E-04,   35.80   2.1640E-04, 
  36.00   2.0658E-04,   36.20   1.9721E-04,   36.40   1.8827E-04,   36.60   1.7973E-04,   36.80   1.7157E-04,   37.00   1.6379E-04, 
  37.20   1.5636E-04,   37.40   1.4927E-04,   37.60   1.4250E-04,   37.80   1.3604E-04,   38.00   1.2986E-04,   38.20   1.2397E-04, 
  38.40   1.1835E-04,   38.60   1.1298E-04,   38.80   1.0786E-04,   39.00   1.0296E-04,   39.20   9.8294E-05,   39.40   9.3836E-05, 
  39.60   8.9579E-05,   39.80   8.5516E-05,   40.00   8.1637E-05,   40.20   7.7934E-05,   40.40   7.4399E-05,   40.60   7.1024E-05, 
  40.80   6.7802E-05,   41.00   6.4727E-05,   41.20   6.1791E-05,   41.40   5.8988E-05,   41.60   5.6312E-05,   41.80   5.3758E-05, 
  42.00   5.1319E-05,   42.20   4.8992E-05,   42.40   4.6769E-05,   42.60   4.4648E-05,   42.80   4.2623E-05,   43.00   4.0689E-05, 
  43.20   3.8844E-05,   43.40   3.7082E-05,   43.60   3.5400E-05,   43.80   3.3794E-05,   44.00   3.2261E-05,   44.20   3.0798E-05, 
  44.40   2.9401E-05,   44.60   2.8067E-05,   44.80   2.6794E-05,   45.00   2.5579E-05,   45.20   2.4418E-05,   45.40   2.3311E-05, 
  45.60   2.2253E-05,   45.80   2.1244E-05,   46.00   2.0280E-05,   46.20   1.9360E-05,   46.40   1.8482E-05,   46.60   1.7644E-05, 
  46.80   1.6843E-05,   47.00   1.6079E-05,   47.20   1.5350E-05,   47.40   1.4654E-05,   47.60   1.3989E-05,   47.80   1.3355E-05, 
  48.00   1.2749E-05,   48.20   1.2170E-05,   48.40   1.1618E-05,   48.60   1.1091E-05,   48.80   1.0588E-05,   49.00   1.0108E-05, 
  49.20   9.6495E-06,   49.40   9.2118E-06,   49.60   8.7940E-06,   49.80   8.3951E-06,   50.00   8.0143E-06,   50.20   7.6507E-06, 
  50.40   7.3037E-06,   50.60   6.9724E-06,   50.80   6.6561E-06,   51.00   6.3542E-06,   51.20   6.0660E-06,   51.40   5.7908E-06, 
  51.60   5.5282E-06,   51.80   5.2774E-06,   52.00   5.0380E-06,   52.20   4.8095E-06,   52.40   4.5913E-06,   52.60   4.3831E-06, 
  52.80   4.1843E-06,   53.00   3.9945E-06,   53.20   3.8133E-06,   53.40   3.6403E-06,   53.60   3.4752E-06,   53.80   3.3175E-06, 
  54.00   3.1671E-06,   54.20   3.0234E-06,   54.40   2.8863E-06,   54.60   2.7553E-06,   54.80   2.6304E-06,   55.00   2.5110E-06, 

 For Channel #  2 with l = 2,  j =  1.5, around core state #  1

   R    Y(R)
   0.00   0.0000E+00,    0.20   1.1967E-03,    0.40   1.8951E-02,    0.60   6.7506E-02,    0.80   1.2495E-01,    1.00   1.6603E-01, 
   1.20   1.8505E-01,    1.40   1.8763E-01,    1.60   1.8072E-01,    1.80   1.6925E-01,    2.00   1.5612E-01,    2.20   1.4283E-01, 
   2.40   1.3011E-01,    2.60   1.1827E-01,    2.80   1.0742E-01,    3.00   9.7570E-02,    3.20   8.8660E-02,    3.40   8.0626E-02, 
   3.60   7.3391E-02,    3.80   6.6879E-02,    4.00   6.1017E-02,    4.20   5.5737E-02,    4.40   5.0980E-02,    4.60   4.6688E-02, 
   4.80   4.2812E-02,    5.00   3.9308E-02,    5.20   3.6137E-02,    5.40   3.3262E-02,    5.60   3.0654E-02,    5.80   2.8283E-02, 
   6.00   2.6126E-02,    6.20   2.4160E-02,    6.40   2.2366E-02,    6.60   2.0727E-02,    6.80   1.9228E-02,    7.00   1.7855E-02, 
   7.20   1.6595E-02,    7.40   1.5438E-02,    7.60   1.4374E-02,    7.80   1.3395E-02,    8.00   1.2493E-02,    8.20   1.1660E-02, 
   8.40   1.0891E-02,    8.60   1.0180E-02,    8.80   9.5214E-03,    9.00   8.9116E-03,    9.20   8.3460E-03,    9.40   7.8211E-03, 
   9.60   7.3333E-03,    9.80   6.8798E-03,   10.00   6.4578E-03,   10.20   6.0647E-03,   10.40   5.6984E-03,   10.60   5.3566E-03, 
  10.80   5.0377E-03,   11.00   4.7397E-03,   11.20   4.4613E-03,   11.40   4.2008E-03,   11.60   3.9571E-03,   11.80   3.7289E-03, 
  12.00   3.5151E-03,   12.20   3.3146E-03,   12.40   3.1267E-03,   12.60   2.9503E-03,   12.80   2.7846E-03,   13.00   2.6291E-03, 
  13.20   2.4829E-03,   13.40   2.3455E-03,   13.60   2.2163E-03,   13.80   2.0947E-03,   14.00   1.9803E-03,   14.20   1.8726E-03, 
  14.40   1.7711E-03,   14.60   1.6754E-03,   14.80   1.5853E-03,   15.00   1.5003E-03,   15.20   1.4202E-03,   15.40   1.3446E-03, 
  15.60   1.2733E-03,   15.80   1.2059E-03,   16.00   1.1423E-03,   16.20   1.0823E-03,   16.40   1.0255E-03,   16.60   9.7192E-04, 
  16.80   9.2125E-04,   17.00   8.7336E-04,   17.20   8.2807E-04,   17.40   7.8523E-04,   17.60   7.4471E-04,   17.80   7.0638E-04, 
  18.00   6.7010E-04,   18.20   6.3576E-04,   18.40   6.0325E-04,   18.60   5.7248E-04,   18.80   5.4333E-04,   19.00   5.1572E-04, 
  19.20   4.8957E-04,   19.40   4.6479E-04,   19.60   4.4131E-04,   19.80   4.1906E-04,   20.00   3.9796E-04,   20.20   3.7797E-04, 
  20.40   3.5901E-04,   20.60   3.4103E-04,   20.80   3.2398E-04,   21.00   3.0780E-04,   21.20   2.9246E-04,   21.40   2.7791E-04, 
  21.60   2.6410E-04,   21.80   2.5099E-04,   22.00   2.3855E-04,   22.20   2.2675E-04,   22.40   2.1554E-04,   22.60   2.0491E-04, 
  22.80   1.9481E-04,   23.00   1.8522E-04,   23.20   1.7611E-04,   23.40   1.6746E-04,   23.60   1.5925E-04,   23.80   1.5144E-04, 
  24.00   1.4403E-04,   24.20   1.3699E-04,   24.40   1.3030E-04,   24.60   1.2394E-04,   24.80   1.1790E-04,   25.00   1.1216E-04, 
  25.20   1.0671E-04,   25.40   1.0152E-04,   25.60   9.6595E-05,   25.80   9.1911E-05,   26.00   8.7457E-05,   26.20   8.3223E-05, 
  26.40   7.9198E-05,   26.60   7.5370E-05,   26.80   7.1731E-05,   27.00   6.8270E-05,   27.20   6.4979E-05,   27.40   6.1849E-05, 
  27.60   5.8872E-05,   27.80   5.6041E-05,   28.00   5.3347E-05,   28.20   5.0785E-05,   28.40   4.8348E-05,   28.60   4.6030E-05, 
  28.80   4.3824E-05,   29.00   4.1725E-05,   29.20   3.9728E-05,   29.40   3.7828E-05,   29.60   3.6020E-05,   29.80   3.4299E-05, 
  30.00   3.2662E-05,   30.20   3.1104E-05,   30.40   2.9621E-05,   30.60   2.8209E-05,   30.80   2.6866E-05,   31.00   2.5587E-05, 
  31.20   2.4370E-05,   31.40   2.3211E-05,   31.60   2.2109E-05,   31.80   2.1059E-05,   32.00   2.0059E-05,   32.20   1.9107E-05, 
  32.40   1.8201E-05,   32.60   1.7339E-05,   32.80   1.6517E-05,   33.00   1.5735E-05,   33.20   1.4990E-05,   33.40   1.4281E-05, 
  33.60   1.3606E-05,   33.80   1.2963E-05,   34.00   1.2351E-05,   34.20   1.1767E-05,   34.40   1.1212E-05,   34.60   1.0683E-05, 
  34.80   1.0179E-05,   35.00   9.6992E-06,   35.20   9.2421E-06,   35.40   8.8068E-06,   35.60   8.3921E-06,   35.80   7.9971E-06, 
  36.00   7.6208E-06,   36.20   7.2624E-06,   36.40   6.9210E-06,   36.60   6.5957E-06,   36.80   6.2858E-06,   37.00   5.9906E-06, 
  37.20   5.7093E-06,   37.40   5.4414E-06,   37.60   5.1861E-06,   37.80   4.9428E-06,   38.00   4.7111E-06,   38.20   4.4903E-06, 
  38.40   4.2799E-06,   38.60   4.0794E-06,   38.80   3.8883E-06,   39.00   3.7063E-06,   39.20   3.5329E-06,   39.40   3.3676E-06, 
  39.60   3.2101E-06,   39.80   3.0600E-06,   40.00   2.9169E-06,   40.20   2.7806E-06,   40.40   2.6507E-06,   40.60   2.5269E-06, 
  40.80   2.4089E-06,   41.00   2.2964E-06,   41.20   2.1893E-06,   41.40   2.0871E-06,   41.60   1.9898E-06,   41.80   1.8970E-06, 
  42.00   1.8085E-06,   42.20   1.7242E-06,   42.40   1.6439E-06,   42.60   1.5673E-06,   42.80   1.4943E-06,   43.00   1.4247E-06, 
  43.20   1.3584E-06,   43.40   1.2951E-06,   43.60   1.2349E-06,   43.80   1.1774E-06,   44.00   1.1226E-06,   44.20   1.0704E-06, 
  44.40   1.0207E-06,   44.60   9.7320E-07,   44.80   9.2797E-07,   45.00   8.8485E-07,   45.20   8.4374E-07,   45.40   8.0455E-07, 
  45.60   7.6719E-07,   45.80   7.3156E-07,   46.00   6.9760E-07,   46.20   6.6522E-07,   46.40   6.3435E-07,   46.60   6.0492E-07, 
  46.80   5.7686E-07,   47.00   5.5010E-07,   47.20   5.2459E-07,   47.40   5.0027E-07,   47.60   4.7708E-07,   47.80   4.5497E-07, 
  48.00   4.3389E-07,   48.20   4.1378E-07,   48.40   3.9461E-07,   48.60   3.7634E-07,   48.80   3.5891E-07,   49.00   3.4229E-07, 
  49.20   3.2644E-07,   49.40   3.1133E-07,   49.60   2.9693E-07,   49.80   2.8319E-07,   50.00   2.7008E-07,   50.20   2.5759E-07, 
  50.40   2.4568E-07,   50.60   2.3431E-07,   50.80   2.2348E-07,   51.00   2.1315E-07,   51.20   2.0329E-07,   51.40   1.9390E-07, 
  51.60   1.8494E-07,   51.80   1.7639E-07,   52.00   1.6824E-07,   52.20   1.6047E-07,   52.40   1.5306E-07,   52.60   1.4599E-07, 
  52.80   1.3925E-07,   53.00   1.3282E-07,   53.20   1.2669E-07,   53.40   1.2084E-07,   53.60   1.1526E-07,   53.80   1.0994E-07, 
  54.00   1.0487E-07,   54.20   1.0003E-07,   54.40   9.5417E-08,   54.60   9.1016E-08,   54.80   8.6818E-08,   55.00   8.2815E-08, 

 The following  2 components are in a group labelled    1 for   1.0+

 No.   P1 P2 IN KIND T N  L  S1 IA J/S  IB BIND XFER  BE    SC PC FIL AFRAC Adjust  to  Z  Mass   K     Norm    rms      D0     D   ANC/Gsp

    At R=   54.900, ANC in ch  1 is     0.87897

    1:  2  1  1  3   * 1  0 0.5  1 0.5   1   3   0   2.2336  0  3  0 0.0000 BE  2.2336; 0. 1.009 0.2321 0.9671  3.990 -125.3 -129.2  0.8790

    At R=   54.900, ANC in ch  2 is     0.02313

    2:  2  1  1  3     1  2 0.5  1 1.5   1   3   0   2.2336  0  3  0 0.0000 BE  2.2336; 0. 1.009 0.2321 0.2546  2.418   -7.6   -8.3  0.0231

 Overall sq,rms norms & radius =  1.0000  1.0000,  3.9074, & Overall D0 & D =  -132.92  -137.51
 ------------------------------------------------------------------------------------------------------------------------------------

 For Channel #  1 with l = 2,  j =  2.5, around core state #  1

   R    Y(R)
   0.00   0.0000E+00,    0.20   9.9165E-04,    0.40   7.7568E-03,    0.60   2.5236E-02,    0.80   5.6833E-02,    1.00   1.0391E-01, 
   1.20   1.6556E-01,    1.40   2.3870E-01,    1.60   3.1844E-01,    1.80   3.9881E-01,    2.00   4.7358E-01,    2.20   5.3715E-01, 
   2.40   5.8534E-01,    2.60   6.1589E-01,    2.80   6.2857E-01,    3.00   6.2496E-01,    3.20   6.0786E-01,    3.40   5.8068E-01, 
   3.60   5.4684E-01,    3.80   5.0932E-01,    4.00   4.7050E-01,    4.20   4.3211E-01,    4.40   3.9528E-01,    4.60   3.6069E-01, 
   4.80   3.2868E-01,    5.00   2.9935E-01,    5.20   2.7266E-01,    5.40   2.4846E-01,    5.60   2.2659E-01,    5.80   2.0683E-01, 
   6.00   1.8901E-01,    6.20   1.7291E-01,    6.40   1.5837E-01,    6.60   1.4521E-01,    6.80   1.3330E-01,    7.00   1.2250E-01, 
   7.20   1.1269E-01,    7.40   1.0378E-01,    7.60   9.5659E-02,    7.80   8.8256E-02,    8.00   8.1496E-02,    8.20   7.5317E-02, 
   8.40   6.9661E-02,    8.60   6.4477E-02,    8.80   5.9721E-02,    9.00   5.5352E-02,    9.20   5.1336E-02,    9.40   4.7639E-02, 
   9.60   4.4234E-02,    9.80   4.1094E-02,   10.00   3.8197E-02,   10.20   3.5522E-02,   10.40   3.3049E-02,   10.60   3.0762E-02, 
  10.80   2.8645E-02,   11.00   2.6685E-02,   11.20   2.4868E-02,   11.40   2.3183E-02,   11.60   2.1621E-02,   11.80   2.0170E-02, 
  12.00   1.8822E-02,   12.20   1.7571E-02,   12.40   1.6407E-02,   12.60   1.5324E-02,   12.80   1.4317E-02,   13.00   1.3380E-02, 
  13.20   1.2507E-02,   13.40   1.1693E-02,   13.60   1.0935E-02,   13.80   1.0229E-02,   14.00   9.5702E-03,   14.20   8.9557E-03, 
  14.40   8.3823E-03,   14.60   7.8471E-03,   14.80   7.3474E-03,   15.00   6.8808E-03,   15.20   6.4449E-03,   15.40   6.0376E-03, 
  15.60   5.6570E-03,   15.80   5.3011E-03,   16.00   4.9684E-03,   16.20   4.6572E-03,   16.40   4.3662E-03,   16.60   4.0938E-03, 
  16.80   3.8390E-03,   17.00   3.6005E-03,   17.20   3.3772E-03,   17.40   3.1681E-03,   17.60   2.9724E-03,   17.80   2.7890E-03, 
  18.00   2.6172E-03,   18.20   2.4563E-03,   18.40   2.3055E-03,   18.60   2.1641E-03,   18.80   2.0316E-03,   19.00   1.9075E-03, 
  19.20   1.7910E-03,   19.40   1.6818E-03,   19.60   1.5794E-03,   19.80   1.4834E-03,   20.00   1.3933E-03,   20.20   1.3088E-03, 
  20.40   1.2295E-03,   20.60   1.1551E-03,   20.80   1.0853E-03,   21.00   1.0198E-03,   21.20   9.5829E-04,   21.40   9.0055E-04, 
  21.60   8.4635E-04,   21.80   7.9546E-04,   22.00   7.4768E-04,   22.20   7.0281E-04,   22.40   6.6067E-04,   22.60   6.2110E-04, 
  22.80   5.8393E-04,   23.00   5.4901E-04,   23.20   5.1621E-04,   23.40   4.8539E-04,   23.60   4.5644E-04,   23.80   4.2923E-04, 
  24.00   4.0367E-04,   24.20   3.7965E-04,   24.40   3.5707E-04,   24.60   3.3585E-04,   24.80   3.1591E-04,   25.00   2.9716E-04, 
  25.20   2.7954E-04,   25.40   2.6297E-04,   25.60   2.4740E-04,   25.80   2.3275E-04,   26.00   2.1899E-04,   26.20   2.0604E-04, 
  26.40   1.9387E-04,   26.60   1.8242E-04,   26.80   1.7166E-04,   27.00   1.6153E-04,   27.20   1.5201E-04,   27.40   1.4305E-04, 
  27.60   1.3463E-04,   27.80   1.2671E-04,   28.00   1.1925E-04,   28.20   1.1224E-04,   28.40   1.0565E-04,   28.60   9.9440E-05, 
  28.80   9.3601E-05,   29.00   8.8108E-05,   29.20   8.2940E-05,   29.40   7.8077E-05,   29.60   7.3501E-05,   29.80   6.9195E-05, 
  30.00   6.5144E-05,   30.20   6.1330E-05,   30.40   5.7742E-05,   30.60   5.4365E-05,   30.80   5.1186E-05,   31.00   4.8195E-05, 
  31.20   4.5379E-05,   31.40   4.2729E-05,   31.60   4.0235E-05,   31.80   3.7887E-05,   32.00   3.5677E-05,   32.20   3.3596E-05, 
  32.40   3.1638E-05,   32.60   2.9794E-05,   32.80   2.8058E-05,   33.00   2.6424E-05,   33.20   2.4886E-05,   33.40   2.3437E-05, 
  33.60   2.2074E-05,   33.80   2.0790E-05,   34.00   1.9581E-05,   34.20   1.8442E-05,   34.40   1.7370E-05,   34.60   1.6361E-05, 
  34.80   1.5411E-05,   35.00   1.4516E-05,   35.20   1.3673E-05,   35.40   1.2880E-05,   35.60   1.2132E-05,   35.80   1.1429E-05, 
  36.00   1.0766E-05,   36.20   1.0142E-05,   36.40   9.5537E-06,   36.60   9.0001E-06,   36.80   8.4786E-06,   37.00   7.9875E-06, 
  37.20   7.5249E-06,   37.40   7.0893E-06,   37.60   6.6789E-06,   37.80   6.2924E-06,   38.00   5.9283E-06,   38.20   5.5853E-06, 
  38.40   5.2623E-06,   38.60   4.9580E-06,   38.80   4.6714E-06,   39.00   4.4014E-06,   39.20   4.1470E-06,   39.40   3.9074E-06, 
  39.60   3.6817E-06,   39.80   3.4691E-06,   40.00   3.2687E-06,   40.20   3.0800E-06,   40.40   2.9022E-06,   40.60   2.7347E-06, 
  40.80   2.5769E-06,   41.00   2.4282E-06,   41.20   2.2882E-06,   41.40   2.1562E-06,   41.60   2.0319E-06,   41.80   1.9147E-06, 
  42.00   1.8043E-06,   42.20   1.7003E-06,   42.40   1.6024E-06,   42.60   1.5100E-06,   42.80   1.4230E-06,   43.00   1.3411E-06, 
  43.20   1.2638E-06,   43.40   1.1911E-06,   43.60   1.1225E-06,   43.80   1.0579E-06,   44.00   9.9698E-07,   44.20   9.3960E-07, 
  44.40   8.8553E-07,   44.60   8.3458E-07,   44.80   7.8657E-07,   45.00   7.4133E-07,   45.20   6.9869E-07,   45.40   6.5851E-07, 
  45.60   6.2065E-07,   45.80   5.8497E-07,   46.00   5.5134E-07,   46.20   5.1966E-07,   46.40   4.8979E-07,   46.60   4.6165E-07, 
  46.80   4.3512E-07,   47.00   4.1013E-07,   47.20   3.8657E-07,   47.40   3.6437E-07,   47.60   3.4344E-07,   47.80   3.2372E-07, 
  48.00   3.0513E-07,   48.20   2.8762E-07,   48.40   2.7111E-07,   48.60   2.5554E-07,   48.80   2.4088E-07,   49.00   2.2706E-07, 
  49.20   2.1403E-07,   49.40   2.0175E-07,   49.60   1.9017E-07,   49.80   1.7927E-07,   50.00   1.6898E-07,   50.20   1.5929E-07, 
  50.40   1.5016E-07,   50.60   1.4155E-07,   50.80   1.3343E-07,   51.00   1.2578E-07,   51.20   1.1857E-07,   51.40   1.1178E-07, 
  51.60   1.0537E-07,   51.80   9.9331E-08,   52.00   9.3639E-08,   52.20   8.8274E-08,   52.40   8.3217E-08,   52.60   7.8449E-08, 
  52.80   7.3955E-08,   53.00   6.9719E-08,   53.20   6.5726E-08,   53.40   6.1962E-08,   53.60   5.8414E-08,   53.80   5.5069E-08, 
  54.00   5.1916E-08,   54.20   4.8944E-08,   54.40   4.6142E-08,   54.60   4.3501E-08,   54.80   4.1011E-08,   55.00   3.8664E-08, 

    At R=   54.900, ANC in ch  3 is     0.29575

    3:  1  2  2  0     1  2 0.5  1 2.5   0   4   0   1.9141  1  1  0 0.0000 VR  1.1671; 0. 1.005 0.2915 1.0000  3.641  -32.3  -38.2  0.2957

 For Channel #  1 with l = 0,  j =  0.5, around core state #  2

   R    Y(R)
   0.00  -0.0000E+00,    0.20   1.2609E-01,    0.40   2.3963E-01,    0.60   3.2947E-01,    0.80   3.8698E-01,    1.00   4.0694E-01, 
   1.20   3.8799E-01,    1.40   3.3267E-01,    1.60   2.4696E-01,    1.80   1.3944E-01,    2.00   2.0111E-02,    2.20  -1.0092E-01, 
   2.40  -2.1467E-01,    2.60  -3.1426E-01,    2.80  -3.9539E-01,    3.00  -4.5639E-01,    3.20  -4.9780E-01,    3.40  -5.2173E-01, 
   3.60  -5.3108E-01,    3.80  -5.2904E-01,    4.00  -5.1854E-01,    4.20  -5.0216E-01,    4.40  -4.8192E-01,    4.60  -4.5940E-01, 
   4.80  -4.3575E-01,    5.00  -4.1179E-01,    5.20  -3.8808E-01,    5.40  -3.6500E-01,    5.60  -3.4279E-01,    5.80  -3.2156E-01, 
   6.00  -3.0141E-01,    6.20  -2.8236E-01,    6.40  -2.6439E-01,    6.60  -2.4748E-01,    6.80  -2.3160E-01,    7.00  -2.1671E-01, 
   7.20  -2.0274E-01,    7.40  -1.8966E-01,    7.60  -1.7741E-01,    7.80  -1.6594E-01,    8.00  -1.5520E-01,    8.20  -1.4516E-01, 
   8.40  -1.3576E-01,    8.60  -1.2697E-01,    8.80  -1.1875E-01,    9.00  -1.1106E-01,    9.20  -1.0387E-01,    9.40  -9.7142E-02, 
   9.60  -9.0850E-02,    9.80  -8.4966E-02,   10.00  -7.9462E-02,   10.20  -7.4315E-02,   10.40  -6.9501E-02,   10.60  -6.4999E-02, 
  10.80  -6.0788E-02,   11.00  -5.6850E-02,   11.20  -5.3168E-02,   11.40  -4.9723E-02,   11.60  -4.6502E-02,   11.80  -4.3490E-02, 
  12.00  -4.0673E-02,   12.20  -3.8038E-02,   12.40  -3.5574E-02,   12.60  -3.3269E-02,   12.80  -3.1114E-02,   13.00  -2.9099E-02, 
  13.20  -2.7214E-02,   13.40  -2.5451E-02,   13.60  -2.3802E-02,   13.80  -2.2260E-02,   14.00  -2.0818E-02,   14.20  -1.9470E-02, 
  14.40  -1.8208E-02,   14.60  -1.7029E-02,   14.80  -1.5926E-02,   15.00  -1.4894E-02,   15.20  -1.3929E-02,   15.40  -1.3027E-02, 
  15.60  -1.2183E-02,   15.80  -1.1394E-02,   16.00  -1.0656E-02,   16.20  -9.9654E-03,   16.40  -9.3199E-03,   16.60  -8.7161E-03, 
  16.80  -8.1515E-03,   17.00  -7.6234E-03,   17.20  -7.1296E-03,   17.40  -6.6677E-03,   17.60  -6.2358E-03,   17.80  -5.8318E-03, 
  18.00  -5.4541E-03,   18.20  -5.1007E-03,   18.40  -4.7703E-03,   18.60  -4.4613E-03,   18.80  -4.1723E-03,   19.00  -3.9020E-03, 
  19.20  -3.6492E-03,   19.40  -3.4128E-03,   19.60  -3.1918E-03,   19.80  -2.9850E-03,   20.00  -2.7916E-03,   20.20  -2.6108E-03, 
  20.40  -2.4417E-03,   20.60  -2.2835E-03,   20.80  -2.1356E-03,   21.00  -1.9972E-03,   21.20  -1.8678E-03,   21.40  -1.7469E-03, 
  21.60  -1.6337E-03,   21.80  -1.5279E-03,   22.00  -1.4289E-03,   22.20  -1.3363E-03,   22.40  -1.2498E-03,   22.60  -1.1688E-03, 
  22.80  -1.0931E-03,   23.00  -1.0223E-03,   23.20  -9.5605E-04,   23.40  -8.9412E-04,   23.60  -8.3620E-04,   23.80  -7.8203E-04, 
  24.00  -7.3137E-04,   24.20  -6.8399E-04,   24.40  -6.3968E-04,   24.60  -5.9824E-04,   24.80  -5.5949E-04,   25.00  -5.2325E-04, 
  25.20  -4.8935E-04,   25.40  -4.5765E-04,   25.60  -4.2800E-04,   25.80  -4.0028E-04,   26.00  -3.7435E-04,   26.20  -3.5010E-04, 
  26.40  -3.2742E-04,   26.60  -3.0621E-04,   26.80  -2.8637E-04,   27.00  -2.6782E-04,   27.20  -2.5047E-04,   27.40  -2.3425E-04, 
  27.60  -2.1907E-04,   27.80  -2.0488E-04,   28.00  -1.9161E-04,   28.20  -1.7920E-04,   28.40  -1.6759E-04,   28.60  -1.5673E-04, 
  28.80  -1.4658E-04,   29.00  -1.3708E-04,   29.20  -1.2820E-04,   29.40  -1.1990E-04,   29.60  -1.1213E-04,   29.80  -1.0487E-04, 
  30.00  -9.8074E-05,   30.20  -9.1720E-05,   30.40  -8.5779E-05,   30.60  -8.0222E-05,   30.80  -7.5025E-05,   31.00  -7.0165E-05, 
  31.20  -6.5620E-05,   31.40  -6.1369E-05,   31.60  -5.7394E-05,   31.80  -5.3676E-05,   32.00  -5.0198E-05,   32.20  -4.6947E-05, 
  32.40  -4.3905E-05,   32.60  -4.1061E-05,   32.80  -3.8401E-05,   33.00  -3.5914E-05,   33.20  -3.3587E-05,   33.40  -3.1411E-05, 
  33.60  -2.9377E-05,   33.80  -2.7474E-05,   34.00  -2.5694E-05,   34.20  -2.4029E-05,   34.40  -2.2473E-05,   34.60  -2.1017E-05, 
  34.80  -1.9656E-05,   35.00  -1.8382E-05,   35.20  -1.7191E-05,   35.40  -1.6078E-05,   35.60  -1.5036E-05,   35.80  -1.4062E-05, 
  36.00  -1.3151E-05,   36.20  -1.2299E-05,   36.40  -1.1503E-05,   36.60  -1.0757E-05,   36.80  -1.0061E-05,   37.00  -9.4089E-06, 
  37.20  -8.7994E-06,   37.40  -8.2293E-06,   37.60  -7.6962E-06,   37.80  -7.1977E-06,   38.00  -6.7314E-06,   38.20  -6.2954E-06, 
  38.40  -5.8875E-06,   38.60  -5.5062E-06,   38.80  -5.1495E-06,   39.00  -4.8159E-06,   39.20  -4.5039E-06,   39.40  -4.2121E-06, 
  39.60  -3.9393E-06,   39.80  -3.6841E-06,   40.00  -3.4454E-06,   40.20  -3.2222E-06,   40.40  -3.0135E-06,   40.60  -2.8183E-06, 
  40.80  -2.6357E-06,   41.00  -2.4650E-06,   41.20  -2.3053E-06,   41.40  -2.1560E-06,   41.60  -2.0163E-06,   41.80  -1.8857E-06, 
  42.00  -1.7635E-06,   42.20  -1.6493E-06,   42.40  -1.5425E-06,   42.60  -1.4425E-06,   42.80  -1.3491E-06,   43.00  -1.2617E-06, 
  43.20  -1.1800E-06,   43.40  -1.1035E-06,   43.60  -1.0320E-06,   43.80  -9.6518E-07,   44.00  -9.0266E-07,   44.20  -8.4418E-07, 
  44.40  -7.8950E-07,   44.60  -7.3835E-07,   44.80  -6.9052E-07,   45.00  -6.4579E-07,   45.20  -6.0396E-07,   45.40  -5.6483E-07, 
  45.60  -5.2824E-07,   45.80  -4.9402E-07,   46.00  -4.6202E-07,   46.20  -4.3209E-07,   46.40  -4.0410E-07,   46.60  -3.7792E-07, 
  46.80  -3.5344E-07,   47.00  -3.3054E-07,   47.20  -3.0913E-07,   47.40  -2.8911E-07,   47.60  -2.7038E-07,   47.80  -2.5286E-07, 
  48.00  -2.3648E-07,   48.20  -2.2116E-07,   48.40  -2.0684E-07,   48.60  -1.9344E-07,   48.80  -1.8091E-07,   49.00  -1.6919E-07, 
  49.20  -1.5823E-07,   49.40  -1.4798E-07,   49.60  -1.3839E-07,   49.80  -1.2943E-07,   50.00  -1.2104E-07,   50.20  -1.1320E-07, 
  50.40  -1.0587E-07,   50.60  -9.9010E-08,   50.80  -9.2596E-08,   51.00  -8.6598E-08,   51.20  -8.0988E-08,   51.40  -7.5742E-08, 
  51.60  -7.0835E-08,   51.80  -6.6247E-08,   52.00  -6.1955E-08,   52.20  -5.7942E-08,   52.40  -5.4188E-08,   52.60  -5.0678E-08, 
  52.80  -4.7395E-08,   53.00  -4.4325E-08,   53.20  -4.1453E-08,   53.40  -3.8768E-08,   53.60  -3.6257E-08,   53.80  -3.3908E-08, 
  54.00  -3.1711E-08,   54.20  -2.9657E-08,   54.40  -2.7736E-08,   54.60  -2.5939E-08,   54.80  -2.4259E-08,   55.00  -2.2687E-08, 

    At R=   54.900, ANC in ch  4 is    -2.26189

    4:  1  2  2  0     2  0 0.5  2 0.5   1   4   0   2.5248  1  1  0 0.0000 VR  1.2008; 0. 1.006 0.3349 1.0000  4.506  126.3  180.5 -2.2619

 For Channel #  1 with l = 2,  j =  2.5, around core state #  2

   R    Y(R)
   0.00   0.0000E+00,    0.20   1.0313E-03,    0.40   8.0645E-03,    0.60   2.6222E-02,    0.80   5.9009E-02,    1.00   1.0778E-01, 
   1.20   1.7151E-01,    1.40   2.4689E-01,    1.60   3.2878E-01,    1.80   4.1091E-01,    2.00   4.8680E-01,    2.20   5.5069E-01, 
   2.40   5.9832E-01,    2.60   6.2750E-01,    2.80   6.3816E-01,    3.00   6.3207E-01,    3.20   6.1227E-01,    3.40   5.8236E-01, 
   3.60   5.4592E-01,    3.80   5.0604E-01,    4.00   4.6516E-01,    4.20   4.2502E-01,    4.40   3.8676E-01,    4.60   3.5101E-01, 
   4.80   3.1809E-01,    5.00   2.8807E-01,    5.20   2.6087E-01,    5.40   2.3632E-01,    5.60   2.1423E-01,    5.80   1.9437E-01, 
   6.00   1.7653E-01,    6.20   1.6049E-01,    6.40   1.4606E-01,    6.60   1.3307E-01,    6.80   1.2137E-01,    7.00   1.1081E-01, 
   7.20   1.0126E-01,    7.40   9.2628E-02,    7.60   8.4807E-02,    7.80   7.7713E-02,    8.00   7.1270E-02,    8.20   6.5412E-02, 
   8.40   6.0079E-02,    8.60   5.5219E-02,    8.80   5.0786E-02,    9.00   4.6737E-02,    9.20   4.3036E-02,    9.40   3.9651E-02, 
   9.60   3.6551E-02,    9.80   3.3710E-02,   10.00   3.1105E-02,   10.20   2.8715E-02,   10.40   2.6519E-02,   10.60   2.4501E-02, 
  10.80   2.2646E-02,   11.00   2.0939E-02,   11.20   1.9367E-02,   11.40   1.7920E-02,   11.60   1.6585E-02,   11.80   1.5355E-02, 
  12.00   1.4221E-02,   12.20   1.3174E-02,   12.40   1.2207E-02,   12.60   1.1314E-02,   12.80   1.0489E-02,   13.00   9.7270E-03, 
  13.20   9.0221E-03,   13.40   8.3700E-03,   13.60   7.7667E-03,   13.80   7.2084E-03,   14.00   6.6915E-03,   14.20   6.2128E-03, 
  14.40   5.7694E-03,   14.60   5.3586E-03,   14.80   4.9779E-03,   15.00   4.6249E-03,   15.20   4.2977E-03,   15.40   3.9942E-03, 
  15.60   3.7127E-03,   15.80   3.4515E-03,   16.00   3.2091E-03,   16.20   2.9841E-03,   16.40   2.7753E-03,   16.60   2.5814E-03, 
  16.80   2.4013E-03,   17.00   2.2340E-03,   17.20   2.0786E-03,   17.40   1.9343E-03,   17.60   1.8001E-03,   17.80   1.6754E-03, 
  18.00   1.5595E-03,   18.20   1.4518E-03,   18.40   1.3516E-03,   18.60   1.2585E-03,   18.80   1.1718E-03,   19.00   1.0913E-03, 
  19.20   1.0163E-03,   19.40   9.4659E-04,   19.60   8.8171E-04,   19.80   8.2135E-04,   20.00   7.6517E-04,   20.20   7.1288E-04, 
  20.40   6.6422E-04,   20.60   6.1891E-04,   20.80   5.7674E-04,   21.00   5.3747E-04,   21.20   5.0091E-04,   21.40   4.6686E-04, 
  21.60   4.3515E-04,   21.80   4.0562E-04,   22.00   3.7812E-04,   22.20   3.5250E-04,   22.40   3.2863E-04,   22.60   3.0639E-04, 
  22.80   2.8568E-04,   23.00   2.6637E-04,   23.20   2.4839E-04,   23.40   2.3163E-04,   23.60   2.1601E-04,   23.80   2.0145E-04, 
  24.00   1.8788E-04,   24.20   1.7523E-04,   24.40   1.6344E-04,   24.60   1.5245E-04,   24.80   1.4221E-04,   25.00   1.3266E-04, 
  25.20   1.2375E-04,   25.40   1.1545E-04,   25.60   1.0771E-04,   25.80   1.0049E-04,   26.00   9.3755E-05,   26.20   8.7477E-05, 
  26.40   8.1621E-05,   26.60   7.6161E-05,   26.80   7.1068E-05,   27.00   6.6317E-05,   27.20   6.1886E-05,   27.40   5.7753E-05, 
  27.60   5.3898E-05,   27.80   5.0301E-05,   28.00   4.6946E-05,   28.20   4.3815E-05,   28.40   4.0895E-05,   28.60   3.8170E-05, 
  28.80   3.5628E-05,   29.00   3.3255E-05,   29.20   3.1042E-05,   29.40   2.8977E-05,   29.60   2.7049E-05,   29.80   2.5251E-05, 
  30.00   2.3572E-05,   30.20   2.2006E-05,   30.40   2.0544E-05,   30.60   1.9180E-05,   30.80   1.7907E-05,   31.00   1.6718E-05, 
  31.20   1.5609E-05,   31.40   1.4574E-05,   31.60   1.3607E-05,   31.80   1.2705E-05,   32.00   1.1863E-05,   32.20   1.1077E-05, 
  32.40   1.0343E-05,   32.60   9.6584E-06,   32.80   9.0190E-06,   33.00   8.4220E-06,   33.20   7.8647E-06,   33.40   7.3444E-06, 
  33.60   6.8586E-06,   33.80   6.4051E-06,   34.00   5.9817E-06,   34.20   5.5863E-06,   34.40   5.2172E-06,   34.60   4.8725E-06, 
  34.80   4.5506E-06,   35.00   4.2501E-06,   35.20   3.9695E-06,   35.40   3.7075E-06,   35.60   3.4628E-06,   35.80   3.2343E-06, 
  36.00   3.0209E-06,   36.20   2.8216E-06,   36.40   2.6356E-06,   36.60   2.4618E-06,   36.80   2.2995E-06,   37.00   2.1479E-06, 
  37.20   2.0064E-06,   37.40   1.8742E-06,   37.60   1.7507E-06,   37.80   1.6354E-06,   38.00   1.5277E-06,   38.20   1.4271E-06, 
  38.40   1.3332E-06,   38.60   1.2454E-06,   38.80   1.1634E-06,   39.00   1.0869E-06,   39.20   1.0154E-06,   39.40   9.4858E-07, 
  39.60   8.8619E-07,   39.80   8.2791E-07,   40.00   7.7347E-07,   40.20   7.2262E-07,   40.40   6.7512E-07,   40.60   6.3075E-07, 
  40.80   5.8930E-07,   41.00   5.5057E-07,   41.20   5.1440E-07,   41.40   4.8061E-07,   41.60   4.4904E-07,   41.80   4.1955E-07, 
  42.00   3.9200E-07,   42.20   3.6626E-07,   42.40   3.4222E-07,   42.60   3.1975E-07,   42.80   2.9877E-07,   43.00   2.7916E-07, 
  43.20   2.6084E-07,   43.40   2.4373E-07,   43.60   2.2774E-07,   43.80   2.1280E-07,   44.00   1.9884E-07,   44.20   1.8580E-07, 
  44.40   1.7361E-07,   44.60   1.6223E-07,   44.80   1.5159E-07,   45.00   1.4166E-07,   45.20   1.3237E-07,   45.40   1.2370E-07, 
  45.60   1.1559E-07,   45.80   1.0801E-07,   46.00   1.0094E-07,   46.20   9.4324E-08,   46.40   8.8144E-08,   46.60   8.2370E-08, 
  46.80   7.6975E-08,   47.00   7.1934E-08,   47.20   6.7223E-08,   47.40   6.2821E-08,   47.60   5.8708E-08,   47.80   5.4864E-08, 
  48.00   5.1273E-08,   48.20   4.7916E-08,   48.40   4.4780E-08,   48.60   4.1849E-08,   48.80   3.9110E-08,   49.00   3.6551E-08, 
  49.20   3.4160E-08,   49.40   3.1925E-08,   49.60   2.9836E-08,   49.80   2.7884E-08,   50.00   2.6060E-08,   50.20   2.4356E-08, 
  50.40   2.2763E-08,   50.60   2.1274E-08,   50.80   1.9883E-08,   51.00   1.8583E-08,   51.20   1.7368E-08,   51.40   1.6232E-08, 
  51.60   1.5171E-08,   51.80   1.4179E-08,   52.00   1.3252E-08,   52.20   1.2386E-08,   52.40   1.1577E-08,   52.60   1.0820E-08, 
  52.80   1.0113E-08,   53.00   9.4522E-09,   53.20   8.8346E-09,   53.40   8.2574E-09,   53.60   7.7179E-09,   53.80   7.2137E-09, 
  54.00   6.7425E-09,   54.20   6.3021E-09,   54.40   5.8904E-09,   54.60   5.5057E-09,   54.80   5.1461E-09,   55.00   4.8101E-09, 

    At R=   54.900, ANC in ch  5 is     0.40927

    5:  1  2  2  0     1  2 0.5  2 2.5   1   4   0   2.5248  1  1  0 0.0000 VR  1.1965; 0. 1.006 0.3349 1.0000  3.540  -33.1  -41.2  0.4093

 For Channel #  1 with l = 2,  j =  1.5, around core state #  2

   R    Y(R)
   0.00   0.0000E+00,    0.20   1.2308E-03,    0.40   9.5988E-03,    0.60   3.1046E-02,    0.80   6.9316E-02,    1.00   1.2531E-01, 
   1.20   1.9692E-01,    1.40   2.7938E-01,    1.60   3.6607E-01,    1.80   4.4959E-01,    2.00   5.2298E-01,    2.20   5.8081E-01, 
   2.40   6.1981E-01,    2.60   6.3917E-01,    2.80   6.4019E-01,    3.00   6.2574E-01,    3.20   5.9948E-01,    3.40   5.6517E-01, 
   3.60   5.2618E-01,    3.80   4.8524E-01,    4.00   4.4437E-01,    4.20   4.0494E-01,    4.40   3.6780E-01,    4.60   3.3339E-01, 
   4.80   3.0187E-01,    5.00   2.7323E-01,    5.20   2.4734E-01,    5.40   2.2402E-01,    5.60   2.0305E-01,    5.80   1.8422E-01, 
   6.00   1.6730E-01,    6.20   1.5209E-01,    6.40   1.3842E-01,    6.60   1.2611E-01,    6.80   1.1502E-01,    7.00   1.0501E-01, 
   7.20   9.5967E-02,    7.40   8.7785E-02,    7.60   8.0373E-02,    7.80   7.3650E-02,    8.00   6.7544E-02,    8.20   6.1993E-02, 
   8.40   5.6939E-02,    8.60   5.2333E-02,    8.80   4.8131E-02,    9.00   4.4294E-02,    9.20   4.0787E-02,    9.40   3.7579E-02, 
   9.60   3.4641E-02,    9.80   3.1949E-02,   10.00   2.9480E-02,   10.20   2.7214E-02,   10.40   2.5133E-02,   10.60   2.3221E-02, 
  10.80   2.1462E-02,   11.00   1.9844E-02,   11.20   1.8355E-02,   11.40   1.6983E-02,   11.60   1.5719E-02,   11.80   1.4553E-02, 
  12.00   1.3478E-02,   12.20   1.2485E-02,   12.40   1.1569E-02,   12.60   1.0723E-02,   12.80   9.9413E-03,   13.00   9.2187E-03, 
  13.20   8.5506E-03,   13.40   7.9326E-03,   13.60   7.3608E-03,   13.80   6.8317E-03,   14.00   6.3418E-03,   14.20   5.8881E-03, 
  14.40   5.4679E-03,   14.60   5.0785E-03,   14.80   4.7177E-03,   15.00   4.3832E-03,   15.20   4.0731E-03,   15.40   3.7855E-03, 
  15.60   3.5186E-03,   15.80   3.2711E-03,   16.00   3.0414E-03,   16.20   2.8282E-03,   16.40   2.6302E-03,   16.60   2.4464E-03, 
  16.80   2.2758E-03,   17.00   2.1173E-03,   17.20   1.9700E-03,   17.40   1.8332E-03,   17.60   1.7060E-03,   17.80   1.5879E-03, 
  18.00   1.4780E-03,   18.20   1.3759E-03,   18.40   1.2810E-03,   18.60   1.1927E-03,   18.80   1.1106E-03,   19.00   1.0342E-03, 
  19.20   9.6320E-04,   19.40   8.9712E-04,   19.60   8.3563E-04,   19.80   7.7842E-04,   20.00   7.2518E-04,   20.20   6.7563E-04, 
  20.40   6.2950E-04,   20.60   5.8657E-04,   20.80   5.4660E-04,   21.00   5.0938E-04,   21.20   4.7473E-04,   21.40   4.4246E-04, 
  21.60   4.1241E-04,   21.80   3.8443E-04,   22.00   3.5836E-04,   22.20   3.3407E-04,   22.40   3.1145E-04,   22.60   2.9038E-04, 
  22.80   2.7075E-04,   23.00   2.5245E-04,   23.20   2.3541E-04,   23.40   2.1952E-04,   23.60   2.0472E-04,   23.80   1.9092E-04, 
  24.00   1.7806E-04,   24.20   1.6607E-04,   24.40   1.5490E-04,   24.60   1.4449E-04,   24.80   1.3478E-04,   25.00   1.2572E-04, 
  25.20   1.1728E-04,   25.40   1.0941E-04,   25.60   1.0208E-04,   25.80   9.5235E-05,   26.00   8.8855E-05,   26.20   8.2905E-05, 
  26.40   7.7356E-05,   26.60   7.2180E-05,   26.80   6.7354E-05,   27.00   6.2851E-05,   27.20   5.8652E-05,   27.40   5.4735E-05, 
  27.60   5.1081E-05,   27.80   4.7672E-05,   28.00   4.4492E-05,   28.20   4.1525E-05,   28.40   3.8757E-05,   28.60   3.6175E-05, 
  28.80   3.3766E-05,   29.00   3.1517E-05,   29.20   2.9420E-05,   29.40   2.7462E-05,   29.60   2.5636E-05,   29.80   2.3931E-05, 
  30.00   2.2340E-05,   30.20   2.0856E-05,   30.40   1.9470E-05,   30.60   1.8177E-05,   30.80   1.6971E-05,   31.00   1.5844E-05, 
  31.20   1.4793E-05,   31.40   1.3812E-05,   31.60   1.2896E-05,   31.80   1.2041E-05,   32.00   1.1243E-05,   32.20   1.0498E-05, 
  32.40   9.8028E-06,   32.60   9.1537E-06,   32.80   8.5476E-06,   33.00   7.9819E-06,   33.20   7.4537E-06,   33.40   6.9606E-06, 
  33.60   6.5002E-06,   33.80   6.0704E-06,   34.00   5.6690E-06,   34.20   5.2943E-06,   34.40   4.9445E-06,   34.60   4.6178E-06, 
  34.80   4.3128E-06,   35.00   4.0280E-06,   35.20   3.7620E-06,   35.40   3.5137E-06,   35.60   3.2818E-06,   35.80   3.0652E-06, 
  36.00   2.8630E-06,   36.20   2.6742E-06,   36.40   2.4978E-06,   36.60   2.3331E-06,   36.80   2.1793E-06,   37.00   2.0357E-06, 
  37.20   1.9015E-06,   37.40   1.7762E-06,   37.60   1.6592E-06,   37.80   1.5499E-06,   38.00   1.4479E-06,   38.20   1.3525E-06, 
  38.40   1.2635E-06,   38.60   1.1803E-06,   38.80   1.1026E-06,   39.00   1.0301E-06,   39.20   9.6231E-07,   39.40   8.9901E-07, 
  39.60   8.3988E-07,   39.80   7.8464E-07,   40.00   7.3305E-07,   40.20   6.8486E-07,   40.40   6.3984E-07,   40.60   5.9778E-07, 
  40.80   5.5850E-07,   41.00   5.2180E-07,   41.20   4.8752E-07,   41.40   4.5549E-07,   41.60   4.2557E-07,   41.80   3.9762E-07, 
  42.00   3.7151E-07,   42.20   3.4712E-07,   42.40   3.2433E-07,   42.60   3.0304E-07,   42.80   2.8315E-07,   43.00   2.6457E-07, 
  43.20   2.4721E-07,   43.40   2.3099E-07,   43.60   2.1583E-07,   43.80   2.0168E-07,   44.00   1.8845E-07,   44.20   1.7609E-07, 
  44.40   1.6454E-07,   44.60   1.5375E-07,   44.80   1.4367E-07,   45.00   1.3425E-07,   45.20   1.2545E-07,   45.40   1.1723E-07, 
  45.60   1.0955E-07,   45.80   1.0237E-07,   46.00   9.5661E-08,   46.20   8.9394E-08,   46.40   8.3538E-08,   46.60   7.8066E-08, 
  46.80   7.2952E-08,   47.00   6.8174E-08,   47.20   6.3710E-08,   47.40   5.9538E-08,   47.60   5.5640E-08,   47.80   5.1997E-08, 
  48.00   4.8593E-08,   48.20   4.5412E-08,   48.40   4.2440E-08,   48.60   3.9662E-08,   48.80   3.7066E-08,   49.00   3.4641E-08, 
  49.20   3.2374E-08,   49.40   3.0256E-08,   49.60   2.8277E-08,   49.80   2.6427E-08,   50.00   2.4698E-08,   50.20   2.3083E-08, 
  50.40   2.1573E-08,   50.60   2.0162E-08,   50.80   1.8844E-08,   51.00   1.7612E-08,   51.20   1.6460E-08,   51.40   1.5384E-08, 
  51.60   1.4378E-08,   51.80   1.3438E-08,   52.00   1.2560E-08,   52.20   1.1739E-08,   52.40   1.0972E-08,   52.60   1.0255E-08, 
  52.80   9.5845E-09,   53.00   8.9582E-09,   53.20   8.3729E-09,   53.40   7.8258E-09,   53.60   7.3146E-09,   53.80   6.8367E-09, 
  54.00   6.3901E-09,   54.20   5.9727E-09,   54.40   5.5826E-09,   54.60   5.2180E-09,   54.80   4.8772E-09,   55.00   4.5587E-09, 

    At R=   54.900, ANC in ch  6 is     0.38788

    6:  1  2  2  0     1  2 0.5  2 1.5   1   4   0   2.5248  1  1  0 0.0000 VR  1.4643; 0. 1.006 0.3349 1.0000  3.443  -31.5  -38.8  0.3879

 ************************************************************************************************************************************

 ONE-way COUPLING # 1 for partitions -2 <-  1 of KIND  7,   0 -1  0 -1 -1 & P1,P2 =    0.0000   0.0000 : for J <=    20.5 & R <  54.7 fm.


 data =  1  1  1  1  1.0000,  so  < [2H       #  1] / [1H       #  1]  * Eigen-form #  1>  =   1.0000            BE =  2.234     2

 data =  2  1  1  3 -0.0432,  so  < [13C      #  1] / [12C      #  1]  * Eigen-form #  3>  =  -0.0432            BE =  1.914     3

 data =  2  1  2  4  0.8570,  so  < [13C      #  1] / [12C      #  2]  * Eigen-form #  4>  =   0.8570            BE =  2.525     4

 data =  2  1  2  5 -0.4742,  so  < [13C      #  1] / [12C      #  2]  * Eigen-form #  5>  =  -0.4742            BE =  2.525     5

 data =  2  1  2  6  0.0034,  so  < [13C      #  1] / [12C      #  2]  * Eigen-form #  6>  =   0.0034            BE =  2.525     6

 data =  2  2  1  3 -0.0432,  so  < [13C      #  2] / [12C      #  1]  * Eigen-form #  3>  =  -0.0432            BE =  1.914     3

 data =  2  3  2  4  0.8570,  so  < [13C      #  3] / [12C      #  2]  * Eigen-form #  4>  =   0.8570            BE =  2.525     4

 data =  2  4  2  5 -0.4742,  so  < [13C      #  4] / [12C      #  2]  * Eigen-form #  5>  =  -0.4742            BE =  2.525     5

 data =  2  5  2  6  0.0034,  so  < [13C      #  5] / [12C      #  2]  * Eigen-form #  6>  =   0.0034            BE =  2.525     6
  LOCF =           17
  USED(1,*) =  T F F F F F
  USED(2,*) =  F F T T T T
 KNT =   3, KNP =   1: NK,NG,loc=   1   1   1      18  T  T  F
 KNT =   3, KNP =   1: NK,NG,loc=   1   1   1      18
 KNT =   4, KNP =   1: NK,NG,loc=   2   2   2      19  T  T  F
 KNT =   4, KNP =   1: NK,NG,loc=   2   2   2      19
 KNT =   5, KNP =   1: NK,NG,loc=   3   3   3      20  T  T  F
 KNT =   5, KNP =   1: NK,NG,loc=   3   3   3      20
 KNT =   6, KNP =   1: NK,NG,loc=   4   4   4      21  T  T  F
 KNT =   6, KNP =   1: NK,NG,loc=   4   4   4      21

     So FINITE-RANGE TRANSFER : IP1 = 0 (POST    ), IP2=-1 =COMPLEX     ,  for   4 pairs of bound states summed into   4 pairs
      The main coupling potential is that binding the transferred particle to the 1H       core.

          Using between 1H       & 12C      the potential No.   2, and subtracting optical potential No.  2

   A real*8 is            8  bytes
   NLL,NLN,NLO =         275         276         151
0File   9 needs RL =   83050    REAL*8 numbers, and NR =   125. i.e.   83.05 Megabytes
   File            9  RECL =      664400
0RECOMMENDED NON-LOCAL WIDTH IS GREATER THAN    8.00 FM.,  RECOMMENDED CENTRATION   0.00, after    0.53 secs.
0Relative non-local usages (rms) are
    0.000   0.000   0.000   0.000   0.000   0.000   0.000   0.000   0.000   0.000   0.000   0.000   0.000   0.000   0.000
    0.000   0.000   0.000   0.000   0.000   0.000   0.000   0.000   0.000   0.000   0.000   0.000   0.000   0.000   0.000
    0.000   0.000   0.000   0.000   0.000   0.000   0.000   0.000   0.000   0.000   0.000   0.000   0.000   0.000   0.000
    0.000   0.000   0.000   0.000   0.000   0.000   0.000   0.000   0.000   0.000   0.000   0.000   0.000   0.000   0.000
    0.000   0.000   0.000   0.000   0.000   0.000   0.000   0.000   0.000   0.000   0.000   0.000   0.000   0.000   0.000
    0.000   0.000   0.000   0.000   0.001   0.003   0.006   0.010   0.017   0.027   0.043   0.066   0.097   0.138   0.185
    0.236   0.285   0.327   0.362   0.395   0.434   0.488   0.573   0.754   1.317   3.250   9.607  27.690  56.394  51.653
  100.000  56.973  31.696  18.152   8.019   3.126   1.152   0.621   0.501   0.423   0.349   0.284   0.229   0.184   0.147
    0.118   0.094   0.076   0.061   0.049   0.039   0.031   0.025   0.020   0.016   0.013   0.011   0.009   0.007   0.006
    0.004   0.004   0.003   0.002   0.002   0.002   0.001   0.001   0.001   0.001   0.001   0.000   0.000   0.000   0.000
    0.000
0Binding Energies: (2H       # 1 / 1H       # 1)(BE =  2.234)-(13C      # 1 / 12C      # 1)(BE =  1.914)- DISCREPANCY =  3.8228
0Binding Energies: (2H       # 1 / 1H       # 1)(BE =  2.234)-(13C      # 2 / 12C      # 1)(BE =  1.914)- DISCREPANCY =  3.8228
0Binding Energies: (2H       # 1 / 1H       # 1)(BE =  2.234)-(13C      # 1 / 12C      # 2)(BE =  2.525)- DISCREPANCY = -0.0054
0Binding Energies: (2H       # 1 / 1H       # 1)(BE =  2.234)-(13C      # 3 / 12C      # 2)(BE =  2.525)- DISCREPANCY = -0.0054
0Binding Energies: (2H       # 1 / 1H       # 1)(BE =  2.234)-(13C      # 4 / 12C      # 2)(BE =  2.525)- DISCREPANCY = -0.0054
0Binding Energies: (2H       # 1 / 1H       # 1)(BE =  2.234)-(13C      # 5 / 12C      # 2)(BE =  2.525)- DISCREPANCY = -0.0054

 Incoming partition  1 in excitation state # 1,   Laboratory Energy given for partition  1 Nucleus 1 in Excitation pair 1

0Lab. ENERGY ranges :

   from    16.0000     to   0.00000     in        0 intervals
   from    0.00000     to   0.00000     in        0 intervals
   from    0.00000     to   0.00000     in        0 intervals

 Largest real,imaginary parts of any form factor at R=   54.00 are   2.67E-02  6.42E-27 MeV
 Finished all Couplings @   0.547743022    

 Non-symmetric Hamiltonian
1***********************************************************************************************************************************
************************************************************************************************************************************

        INCOMING 2H       ;    LABORATORY 2H       ENERGY =   16.000     MeV.

 ***********************************************************************************************************************************
 ***********************************************************************************************************************************

 Allocate arrays for            8  channels, of which            8  need wfs.

 #########################################################################################################################
 #                                                                                                                       #
 # Total SPIN and PARITY =     0.0 -,      8 channels,    3 in 1st block.  Rmin & Coul turning =    0.0 6.306E-01 fm.    #
 #                                                                                                                       #
 #########################################################################################################################



    C Projectl Target   #   EX.   (L  Proj) J  + Targ = Jtotal     E-cm      Re K     Re Eta     RM*K            CH                     G-REL
    1 2H       12C      #    1: I   1 1.0    0.0  0.0     0.0    13.70049   1.06325   0.33525   58.4787   0.44109   0.23866 1 1 1   1  1.00000
    2 2H       12C      #    2:     1 1.0    2.0  2.0     0.0     9.26159   0.87420   0.40775   48.0809  -0.38240   0.32562 1 1 1   2  1.00000
    3 2H       12C      #    2:     3 1.0    2.0  2.0     0.0     9.26159   0.87420   0.40775   48.0809   0.48530  -0.13154 1 1 1   2  1.00000
    4 1H       13C      #    1:     3 0.5    2.5  2.5     0.0     9.55819   0.65401   0.29558   35.9705   0.38830   0.32015 2 1 2   1  1.00000
    5 1H       13C      #    2:     3 0.5    2.5  2.5     0.0     9.55819   0.65401   0.29558   35.9705   0.38830   0.32015 2 1 2   2  1.00000
    6 1H       13C      #    3:     3 0.5    2.5  2.5     0.0     9.55819   0.65401   0.29558   35.9705   0.38830   0.32015 2 1 2   3  1.00000
    7 1H       13C      #    4:     3 0.5    2.5  2.5     0.0     9.55819   0.65401   0.29558   35.9705   0.38830   0.32015 2 1 2   4  1.00000
    8 1H       13C      #    5:     3 0.5    2.5  2.5     0.0     9.55819   0.65401   0.29558   35.9705   0.38830   0.32015 2 1 2   5  1.00000

L-couplings:

   1  4  3  1   18  1  2  2.5  1  3  0.0  2.5   1  1.00000  1.00000 -0.04316  1.00000-4.315989840000E-02  0.48860   -0.021

   1  5  3  1   18  1  2  2.5  1  3  0.0  2.5   1  1.00000  1.00000 -0.04316  1.00000-4.315989840000E-02  0.48860   -0.021

   2  4  5  1   20  3  2  2.5  1  3  2.0  2.5   1  1.00000  0.30237 -0.47418  1.00000-1.433776488416E-01  0.48860   -0.070

   2  4  6  1   21  4  2  1.5  1  3  2.0  2.5   1  1.00000 -0.22678  0.00345  1.00000-7.818988849589E-04  0.48860   -0.000

   2  7  5  1   20  3  2  2.5  1  3  2.0  2.5   1  1.00000  0.30237 -0.47418  1.00000-1.433776488416E-01  0.48860   -0.070

   2  8  6  1   21  4  2  1.5  1  3  2.0  2.5   1  1.00000 -0.22678  0.00345  1.00000-7.818988849589E-04  0.48860   -0.000

   3  4  4  1   19  2  0  0.5  3  3  2.0  2.5   3  1.00000  1.00000  0.85705  1.00000 8.570489880000E-01  0.28209    0.242

   3  4  5  1   20  3  2  2.5  3  3  2.0  2.5   3  1.00000  0.55549 -0.47418  1.00000-2.634015601364E-01 -0.32574    0.086

   3  4  6  1   21  4  2  1.5  3  3  2.0  2.5   3  1.00000  0.74066  0.00345  1.00000 2.553671064801E-03 -0.32574   -0.001

   3  6  4  1   19  2  0  0.5  3  3  2.0  2.5   3  1.00000  1.00000  0.85705  1.00000 8.570489880000E-01  0.28209    0.242

   3  7  5  1   20  3  2  2.5  3  3  2.0  2.5   3  1.00000  0.55549 -0.47418  1.00000-2.634015601364E-01 -0.32574    0.086

   3  8  6  1   21  4  2  1.5  3  3  2.0  2.5   3  1.00000  0.74066  0.00345  1.00000 2.553671064801E-03 -0.32574   -0.001
   S-matrix    1 =   -0.13461  -0.10784 for L=    1, J=    0.0 channel on core I =   0.0 from L=    1,  Acc. loss =  0.0 D.
 Elastic phase shift   1 =  -70.651  50.348 deg. for the L =    1, J =    0.0 channel.
       0.0 -0.13461196 -0.10783601i: elastic S-matrix  @@      0.02  0   0 F  0  2  2  T
 Reaction Xsec     0.0-/ 1 @ 1 =     8.988 , Out:   0.000#   0.636    4.870/   0.136/   5.915/   0.466/   0.008#   8.340f

 Allocate arrays for           22  channels, of which           22  need wfs.

 Total SPIN, PARITY =     1.0 +,     22 chs,      7 cc.  Rmin & Coul turning =    0.1    1.7
   S-matrix    1 =    0.21675  -0.11446 for L=    0, J=    1.0 channel on core I =   0.0 from L=    0,  Acc. loss =  0.0 D.
 Elastic phase shift   1 =  -13.918  40.279 deg. for the L =    0, J =    1.0 channel.
       1.0  0.21675412 -0.11445642i: elastic S-matrix  @@      0.11  0   0 F  0  2  2  T
 Reaction Xsec     1.0+/ 0 @ 1 =    26.120 , Out:   0.000#   1.369    0.078    1.003/   0.247    0.042    0.676#  24.382f

   S-matrix    2 =   -0.12955   0.14283 for L=    2, J=    1.0 channel on core I =   0.0 from L=    2,  Acc. loss =  0.0 D.
 Elastic phase shift   2 =   66.105  47.153 deg. for the L =    2, J =    1.0 channel.
       1.0 -0.12955060  0.14282938i: elastic S-matrix  @@      0.06  0   0 F  0  2  2  T
 Reaction Xsec     1.0+/ 2 @ 2 =    26.756 , Out:   0.000#   1.060    0.068    0.153/   0.081    0.892/   0.502#  25.545f


 Total SPIN, PARITY =     1.0 -,     20 chs,      5 cc.  Rmin & Coul turning =    0.1    1.7
   S-matrix    1 =   -0.06817  -0.15869 for L=    1, J=    1.0 channel on core I =   0.0 from L=    1,  Acc. loss =  0.0 D.
 Elastic phase shift   1 =  -56.624  50.309 deg. for the L =    1, J =    1.0 channel.
       1.0 -0.06817351 -0.15868842i: elastic S-matrix  @@      0.11  0   0 F  0  2  2  T
 Reaction Xsec     1.0-/ 1 @ 1 =    26.960 , Out:   0.000#   2.260    0.107    1.597/   0.211    0.028    0.280#  24.354f

 Allocate arrays for           32  channels, of which           32  need wfs.

 Total SPIN, PARITY =     2.0 +,     32 chs,      7 cc.  Rmin & Coul turning =    0.3    2.6
   S-matrix    1 =   -0.22181   0.03275 for L=    2, J=    2.0 channel on core I =   0.0 from L=    2,  Acc. loss =  0.0 D.
 Elastic phase shift   1 =   85.800  42.833 deg. for the L =    2, J =    2.0 channel.
       2.0 -0.22181311  0.03275357i: elastic S-matrix  @@      0.19  0   0 F  0  2  2  T
 Reaction Xsec     2.0+/ 2 @ 1 =    43.987 , Out:   0.000#   1.438    0.110    1.532/   0.255    0.058    0.888#  42.125f

 Allocate arrays for           34  channels, of which           34  need wfs.

 Total SPIN, PARITY =     2.0 -,     34 chs,      9 cc.  Rmin & Coul turning =    0.3    2.6
   S-matrix    1 =    0.09265  -0.16552 for L=    1, J=    2.0 channel on core I =   0.0 from L=    1,  Acc. loss =  0.0 D.
 Elastic phase shift   1 =  -30.381  47.623 deg. for the L =    1, J =    2.0 channel.
       2.0  0.09265086 -0.16552365i: elastic S-matrix  @@      0.22  0   0 F  0  2  2  T
 Reaction Xsec     2.0-/ 1 @ 1 =    44.649 , Out:   0.000#   3.183    0.267    4.281/   0.716    0.139    1.420#  40.341f

   S-matrix    2 =    0.10787  -0.14072 for L=    3, J=    2.0 channel on core I =   0.0 from L=    3,  Acc. loss =  0.0 D.
 Elastic phase shift   2 =  -26.264  49.557 deg. for the L =    3, J =    2.0 channel.
       2.0  0.10786897 -0.14072100i: elastic S-matrix  @@      0.12  0   0 F  0  2  2  T
 Reaction Xsec     2.0-/ 3 @ 2 =    44.860 , Out:   0.000#   1.334    0.024    1.220/   0.022    3.040/   1.311#  43.475f

 Allocate arrays for           40  channels, of which           40  need wfs.

 Total SPIN, PARITY =     3.0 +,     40 chs,     10 cc.  Rmin & Coul turning =    0.4    3.6
   S-matrix    1 =   -0.14887  -0.16609 for L=    2, J=    3.0 channel on core I =   0.0 from L=    2,  Acc. loss =  0.0 D.
 Elastic phase shift   1 =  -65.935  42.983 deg. for the L =    2, J =    3.0 channel.
       3.0 -0.14887137 -0.16608990i: elastic S-matrix  @@      0.21  0   0 F  0  2  2  T
 Reaction Xsec     3.0+/ 2 @ 1 =    61.616 , Out:   0.000#   2.124    0.097    5.086/   0.377    0.169    1.749#  58.844f

   S-matrix    2 =    0.13894  -0.07385 for L=    4, J=    3.0 channel on core I =   0.0 from L=    4,  Acc. loss =  0.0 D.
 Elastic phase shift   2 =  -13.996  52.979 deg. for the L =    4, J =    3.0 channel.
       3.0  0.13893608 -0.07384939i: elastic S-matrix  @@      0.13  0   0 F  0  2  2  T
 Reaction Xsec     3.0+/ 4 @ 2 =    63.237 , Out:   0.000#   1.010    0.035    0.382/   0.030    1.135/   2.211#  62.161f


 Total SPIN, PARITY =     3.0 -,     38 chs,      8 cc.  Rmin & Coul turning =    0.4    3.6
   S-matrix    1 =    0.06703   0.03102 for L=    3, J=    3.0 channel on core I =   0.0 from L=    3,  Acc. loss =  0.0 D.
 Elastic phase shift   1 =   12.418  74.644 deg. for the L =    3, J =    3.0 channel.
       3.0  0.06703117  0.03102278i: elastic S-matrix  @@      0.21  0   0 F  0  2  2  T
 Reaction Xsec     3.0-/ 3 @ 1 =    64.488 , Out:   0.000#   2.756    0.096    8.839/   0.191    0.122    2.015#  61.314f


 Total SPIN, PARITY =     4.0 +,     38 chs,      8 cc.  Rmin & Coul turning =    0.6    4.5
   S-matrix    1 =    0.20319  -0.13845 for L=    4, J=    4.0 channel on core I =   0.0 from L=    4,  Acc. loss =  0.0 D.
 Elastic phase shift   1 =  -17.136  40.191 deg. for the L =    4, J =    4.0 channel.
       4.0  0.20318504 -0.13845298i: elastic S-matrix  @@      0.20  0   0 F  0  2  2  T
 Reaction Xsec     4.0+/ 4 @ 1 =    78.328 , Out:   0.000#   0.414    0.030    0.412/   0.110    0.098    1.708#  77.677f


 Total SPIN, PARITY =     4.0 -,     40 chs,     10 cc.  Rmin & Coul turning =    0.6    4.5
   S-matrix    1 =   -0.13730  -0.04483 for L=    3, J=    4.0 channel on core I =   0.0 from L=    3,  Acc. loss =  0.0 D.
 Elastic phase shift   1 =  -80.958  55.431 deg. for the L =    3, J =    4.0 channel.
       4.0 -0.13730307 -0.04483310i: elastic S-matrix  @@      0.22  0   0 F  0  2  2  T
 Reaction Xsec     4.0-/ 3 @ 1 =    81.629 , Out:   0.000#   2.370    0.181    0.010    0.473    0.329    2.007#  78.267f

   S-matrix    2 =    0.50222   0.09255 for L=    5, J=    4.0 channel on core I =   0.0 from L=    5,  Acc. loss =  0.0 D.
 Elastic phase shift   2 =    5.221  19.252 deg. for the L =    5, J =    4.0 channel.
       4.0  0.50221574  0.09255271i: elastic S-matrix  @@      0.13  0   0 F  0  2  2  T
 Reaction Xsec     4.0-/ 5 @ 2 =    61.627 , Out:   0.000#   0.980    0.014    2.561/   0.014    3.050/   0.791#  60.614f


 Total SPIN, PARITY =     5.0 +,     40 chs,     10 cc.  Rmin & Coul turning =    0.8    5.5
   S-matrix    1 =    0.25789   0.00505 for L=    4, J=    5.0 channel on core I =   0.0 from L=    4,  Acc. loss =  0.0 D.
 Elastic phase shift   1 =    0.560  38.818 deg. for the L =    4, J =    5.0 channel.
       5.0  0.25789320  0.00504619i: elastic S-matrix  @@      0.22  0   0 F  0  2  2  T
 Reaction Xsec     5.0+/ 4 @ 1 =    95.115 , Out:   0.000#   1.415    0.205    0.016    0.013    0.179    0.174#  93.287f

   S-matrix    2 =    0.80075   0.08464 for L=    6, J=    5.0 channel on core I =   0.0 from L=    6,  Acc. loss =  0.0 D.
 Elastic phase shift   2 =    3.017   6.207 deg. for the L =    6, J =    5.0 channel.
       5.0  0.80074942  0.08464235i: elastic S-matrix  @@      0.13  0   0 F  0  2  2  T
 Reaction Xsec     5.0+/ 6 @ 2 =    35.830 , Out:   0.000#   0.643    3.992/   1.135/   2.313/   0.361/   0.033#  35.179f


 Total SPIN, PARITY =     5.0 -,     38 chs,      8 cc.  Rmin & Coul turning =    0.8    5.5
   S-matrix    1 =    0.47715   0.08154 for L=    5, J=    5.0 channel on core I =   0.0 from L=    5,  Acc. loss =  0.0 D.
 Elastic phase shift   1 =    4.849  20.785 deg. for the L =    5, J =    5.0 channel.
       5.0  0.47714665  0.08154141i: elastic S-matrix  @@      0.21  0   0 F  0  2  2  T
 Reaction Xsec     5.0-/ 5 @ 1 =    78.019 , Out:   0.000#   1.273    0.102    0.012    0.061    0.013    0.789#  76.557f


 Total SPIN, PARITY =     6.0 +,     38 chs,      8 cc.  Rmin & Coul turning =    0.9    6.4
   S-matrix    1 =    0.79543   0.08869 for L=    6, J=    6.0 channel on core I =   0.0 from L=    6,  Acc. loss =  0.0 D.
 Elastic phase shift   1 =    3.181   6.380 deg. for the L =    6, J =    6.0 channel.
       6.0  0.79542799  0.08868920i: elastic S-matrix  @@      0.21  0   0 F  0  2  2  T
 Reaction Xsec     6.0+/ 6 @ 1 =    43.283 , Out:   0.000#   0.706    0.026    5.209/   0.010    0.651/   0.035#  42.534f


 Total SPIN, PARITY =     6.0 -,     40 chs,     10 cc.  Rmin & Coul turning =    0.9    6.4
   S-matrix    1 =    0.46306   0.03796 for L=    5, J=    6.0 channel on core I =   0.0 from L=    5,  Acc. loss =  0.0 D.
 Elastic phase shift   1 =    2.343  21.960 deg. for the L =    5, J =    6.0 channel.
       6.0  0.46305522  0.03796304i: elastic S-matrix  @@      0.23  0   0 F  0  2  2  T
 Reaction Xsec     6.0-/ 5 @ 1 =    94.427 , Out:   0.000#   1.292    0.225    0.023    0.205    0.071    0.336#  92.611f

   S-matrix    2 =    0.93077   0.03981 for L=    7, J=    6.0 channel on core I =   0.0 from L=    7,  Acc. loss =  0.0 D.
 Elastic phase shift   2 =    1.225   2.029 deg. for the L =    7, J =    6.0 channel.
       6.0  0.93076646  0.03981454i: elastic S-matrix  @@      0.13  0   0 F  0  2  2  T
 Reaction Xsec     6.0-/ 7 @ 2 =    15.906 , Out:   0.000#   0.136    0.661/   0.363/   0.109/   0.013/   0.001#  15.769f


 Total SPIN, PARITY =     7.0 +,     40 chs,     10 cc.  Rmin & Coul turning =    1.1    7.4
   S-matrix    1 =    0.78773   0.09277 for L=    6, J=    7.0 channel on core I =   0.0 from L=    6,  Acc. loss =  0.0 D.
 Elastic phase shift   1 =    3.358   6.638 deg. for the L =    6, J =    7.0 channel.
       7.0  0.78772992  0.09276535i: elastic S-matrix  @@      0.22  0   0 F  0  2  2  T
 Reaction Xsec     7.0+/ 6 @ 1 =    51.532 , Out:   0.000#   0.717    0.056    0.012    0.020    1.206/   0.020#  50.727f

   S-matrix    2 =    0.97658   0.01531 for L=    8, J=    7.0 channel on core I =   0.0 from L=    8,  Acc. loss =  0.0 D.
 Elastic phase shift   2 =    0.449   0.675 deg. for the L =    8, J =    7.0 channel.
       7.0  0.97657674  0.01531254i: elastic S-matrix  @@      0.13  0   0 F  0  2  2  T
 Reaction Xsec     7.0+/ 8 @ 2 =     6.400 , Out:   0.000#   0.015    0.130/   0.105/   2.903#   0.250#   0.000#   6.385f


 Total SPIN, PARITY =     7.0 -,     38 chs,      8 cc.  Rmin & Coul turning =    1.1    7.4
   S-matrix    1 =    0.93018   0.04117 for L=    7, J=    7.0 channel on core I =   0.0 from L=    7,  Acc. loss =  0.0 D.
 Elastic phase shift   1 =    1.267   2.046 deg. for the L =    7, J =    7.0 channel.
       7.0  0.93017594  0.04116541i: elastic S-matrix  @@      0.22  0   0 F  0  2  2  T
 Reaction Xsec     7.0-/ 7 @ 1 =    18.491 , Out:   0.000#   0.161    3.348/   1.553/   0.496/   0.024/   0.001#  18.325f


 Total SPIN, PARITY =     8.0 +,     38 chs,      8 cc.  Rmin & Coul turning =    1.2    8.3
   S-matrix    1 =    0.97652   0.01563 for L=    8, J=    8.0 channel on core I =   0.0 from L=    8,  Acc. loss =  0.0 D.
 Elastic phase shift   1 =    0.458   0.677 deg. for the L =    8, J =    8.0 channel.
       8.0  0.97651866  0.01562769i: elastic S-matrix  @@      0.21  0   0 F  0  2  2  T
 Reaction Xsec     8.0+/ 8 @ 1 =     7.270 , Out:   0.000#   0.018    0.551/   0.427/   0.012/   0.518#   0.000#   7.252f


 Total SPIN, PARITY =     8.0 -,     40 chs,     10 cc.  Rmin & Coul turning =    1.2    8.3
   S-matrix    1 =    0.92943   0.04274 for L=    7, J=    8.0 channel on core I =   0.0 from L=    7,  Acc. loss =  0.0 D.
 Elastic phase shift   1 =    1.317   2.066 deg. for the L =    7, J =    8.0 channel.
       8.0  0.92942623  0.04274145i: elastic S-matrix  @@      0.22  0   0 F  0  2  2  T
 Reaction Xsec     8.0-/ 7 @ 1 =    21.155 , Out:   0.000#   0.186    7.393/   3.261/   1.117/   0.040/   0.001#  20.957f

   S-matrix    2 =    0.99209   0.00549 for L=    9, J=    8.0 channel on core I =   0.0 from L=    9,  Acc. loss =  0.0 D.
 Elastic phase shift   2 =    0.158   0.227 deg. for the L =    9, J =    8.0 channel.
       8.0  0.99208708  0.00548607i: elastic S-matrix  @@      0.13  0   0 F  0  2  2  T
 Reaction Xsec     8.0-/ 9 @ 2 =     2.478 , Out:   0.000#   1.765/   0.031/   0.029/   0.063#   0.004#   0.000#   2.476f


 Total SPIN, PARITY =     9.0 +,     40 chs,     10 cc.  Rmin & Coul turning =    1.4    9.2
   S-matrix    1 =    0.97645   0.01599 for L=    8, J=    9.0 channel on core I =   0.0 from L=    8,  Acc. loss =  0.0 D.
 Elastic phase shift   1 =    0.469   0.679 deg. for the L =    8, J =    9.0 channel.
       9.0  0.97645024  0.01598585i: elastic S-matrix  @@      0.23  0   0 F  0  2  2  T
 Reaction Xsec     9.0+/ 8 @ 1 =     8.147 , Out:   0.000#   0.020    1.128/   0.866/   0.025/   0.885#   0.000#   8.125f

   S-matrix    2 =    0.99733   0.00191 for L=   10, J=    9.0 channel on core I =   0.0 from L=   10,  Acc. loss =  0.0 D.
 Elastic phase shift   2 =    0.055   0.077 deg. for the L =   10, J =    9.0 channel.
       9.0  0.99732633  0.00191085i: elastic S-matrix  @@      0.13  0   0 F  0  2  2  T
 Reaction Xsec     9.0+/10 @ 2 =     0.939 , Out:   0.000#   0.704/   8.227#   8.032#   0.009#   0.000#   0.000#   0.939f


 Total SPIN, PARITY =     9.0 -,     38 chs,      8 cc.  Rmin & Coul turning =    1.4    9.2
   S-matrix    1 =    0.99208   0.00556 for L=    9, J=    9.0 channel on core I =   0.0 from L=    9,  Acc. loss =  0.0 D.
 Elastic phase shift   1 =    0.160   0.227 deg. for the L =    9, J =    9.0 channel.
       9.0  0.99208145  0.00555611i: elastic S-matrix  @@      0.21  0   0 F  0  2  2  T
 Reaction Xsec     9.0-/ 9 @ 1 =     2.771 , Out:   0.000#   1.976/   0.124/   0.115/   0.246#   0.010#   0.000#   2.769f


 Total SPIN, PARITY =    10.0 +,     38 chs,      8 cc.  Rmin & Coul turning =    1.6   10.2
   S-matrix    1 =    0.99733   0.00193 for L=   10, J=   10.0 channel on core I =   0.0 from L=   10,  Acc. loss =  0.0 D.
 Elastic phase shift   1 =    0.055   0.077 deg. for the L =   10, J =   10.0 channel.
      10.0  0.99732578  0.00192637i: elastic S-matrix  @@      0.21  0   0 F  0  2  2  T
 Reaction Xsec    10.0+/10 @ 1 =     1.038 , Out:   0.000#   0.778/   0.031/   0.031/   0.033#   0.001#   0.000#   1.037f


 Total SPIN, PARITY =    10.0 -,     40 chs,     10 cc.  Rmin & Coul turning =    1.6   10.2
   S-matrix    1 =    0.99208   0.00563 for L=    9, J=   10.0 channel on core I =   0.0 from L=    9,  Acc. loss =  0.0 D.
 Elastic phase shift   1 =    0.163   0.227 deg. for the L =    9, J =   10.0 channel.
      10.0  0.99207506  0.00563421i: elastic S-matrix  @@      0.22  0   0 F  0  2  2  T
 Reaction Xsec    10.0-/ 9 @ 1 =     3.065 , Out:   0.000#   2.190/   0.246/   0.228/   0.489#   0.018#   0.000#   3.062f

   S-matrix    2 =    0.99910   0.00066 for L=   11, J=   10.0 channel on core I =   0.0 from L=   11,  Acc. loss =  0.0 D.
 Elastic phase shift   2 =    0.019   0.026 deg. for the L =   11, J =   10.0 channel.
      10.0  0.99909756  0.00065708i: elastic S-matrix  @@      0.13  0   0 F  0  2  2  T
 Reaction Xsec    10.0-/11 @ 2 =     0.351 , Out:   0.000#   0.551/   2.213#   2.189#   0.003#   0.000#   0.000#   0.350f


 Total SPIN, PARITY =    11.0 +,     40 chs,     10 cc.  Rmin & Coul turning =    1.7   11.1
   S-matrix    1 =    0.99733   0.00194 for L=   10, J=   11.0 channel on core I =   0.0 from L=   10,  Acc. loss =  0.0 D.
 Elastic phase shift   1 =    0.056   0.077 deg. for the L =   10, J =   11.0 channel.
      11.0  0.99732517  0.00194346i: elastic S-matrix  @@      0.22  0   0 F  0  2  2  T
 Reaction Xsec    11.0+/10 @ 1 =     1.137 , Out:   0.000#   0.852/   0.061/   0.060/   0.064#   0.002#   0.000#   1.136f

   S-matrix    2 =    0.99970   0.00022 for L=   12, J=   11.0 channel on core I =   0.0 from L=   12,  Acc. loss =  0.0 D.
 Elastic phase shift   2 =    0.006   0.009 deg. for the L =   12, J =   11.0 channel.
      11.0  0.99969596  0.00022443i: elastic S-matrix  @@      0.14  0   0 F  0  2  2  T
 Reaction Xsec    11.0+/12 @ 2 =     0.130 , Out:   0.000#   0.409/   0.598#   0.594#   0.001#   0.000#   0.000#   0.129f


 Total SPIN, PARITY =    11.0 -,     38 chs,      8 cc.  Rmin & Coul turning =    1.7   11.1
   S-matrix    1 =    0.99910   0.00066 for L=   11, J=   11.0 channel on core I =   0.0 from L=   11,  Acc. loss =  0.0 D.
 Elastic phase shift   1 =    0.019   0.026 deg. for the L =   11, J =   11.0 channel.
      11.0  0.99909751  0.00066052i: elastic S-matrix  @@      0.22  0   0 F  0  2  2  T
 Reaction Xsec    11.0-/11 @ 1 =     0.384 , Out:   0.000#   0.604/   8.198#   8.145#   0.009#   0.000#   0.000#   0.384f


 Total SPIN, PARITY =    12.0 +,     38 chs,      8 cc.  Rmin & Coul turning =    1.9   12.1
   S-matrix    1 =    0.99970   0.00023 for L=   12, J=   12.0 channel on core I =   0.0 from L=   12,  Acc. loss =  0.0 D.
 Elastic phase shift   1 =    0.006   0.009 deg. for the L =   12, J =   12.0 channel.
      12.0  0.99969596  0.00022519i: elastic S-matrix  @@      0.22  0   0 F  0  2  2  T
 Reaction Xsec    12.0+/12 @ 1 =     0.141 , Out:   0.000#   0.445/   2.176#   2.167#   0.002#   0.000#   0.000#   0.140f


 Total SPIN, PARITY =    12.0 -,     40 chs,     10 cc.  Rmin & Coul turning =    1.9   12.1
   S-matrix    1 =    0.99910   0.00066 for L=   11, J=   12.0 channel on core I =   0.0 from L=   11,  Acc. loss =  0.0 D.
 Elastic phase shift   1 =    0.019   0.026 deg. for the L =   11, J =   12.0 channel.
      12.0  0.99909745  0.00066428i: elastic S-matrix  @@      0.23  0   0 F  0  2  2  T
 Reaction Xsec    12.0-/11 @ 1 =     0.418 , Out:   0.000#   0.656/   0.016/   0.016/   0.018#   0.000#   0.000#   0.417f

   S-matrix    2 =    0.99990   0.00008 for L=   13, J=   12.0 channel on core I =   0.0 from L=   13,  Acc. loss =  0.0 D.
 Elastic phase shift   2 =    0.002   0.003 deg. for the L =   13, J =   12.0 channel.
      12.0  0.99989778  0.00007636i: elastic S-matrix  @@      0.14  0   0 F  0  2  2  T
 Reaction Xsec    12.0-/13 @ 2 =     0.047 , Out:   0.000#   0.285/   0.162#   0.161#   0.000#   0.000#   0.000#   0.047f


 Total SPIN, PARITY =    13.0 +,     40 chs,     10 cc.  Rmin & Coul turning =    2.0   13.0
   S-matrix    1 =    0.99970   0.00023 for L=   12, J=   13.0 channel on core I =   0.0 from L=   12,  Acc. loss =  0.0 D.
 Elastic phase shift   1 =    0.006   0.009 deg. for the L =   12, J =   13.0 channel.
      13.0  0.99969595  0.00022602i: elastic S-matrix  @@      0.23  0   0 F  0  2  2  T
 Reaction Xsec    13.0+/12 @ 1 =     0.152 , Out:   0.000#   0.481/   4.134#   4.122#   0.004#   0.000#   0.000#   0.152f

   S-matrix    2 =    0.99997   0.00003 for L=   14, J=   13.0 channel on core I =   0.0 from L=   14,  Acc. loss =  0.0 D.
 Elastic phase shift   2 =    0.001   0.001 deg. for the L =   14, J =   13.0 channel.
      13.0  0.99996570  0.00002593i: elastic S-matrix  @@      0.13  0   0 F  0  2  2  T
 Reaction Xsec    13.0+/14 @ 2 =     0.017 , Out:   0.000#   0.194/   0.044#   0.043#   0.000#   0.000#   0.000#   0.017f


 Total SPIN, PARITY =    13.0 -,     38 chs,      8 cc.  Rmin & Coul turning =    2.0   13.0
   S-matrix    1 =    0.99990   0.00008 for L=   13, J=   13.0 channel on core I =   0.0 from L=   13,  Acc. loss =  0.0 D.
 Elastic phase shift   1 =    0.002   0.003 deg. for the L =   13, J =   13.0 channel.
      13.0  0.99989778  0.00007653i: elastic S-matrix  @@      0.21  0   0 F  0  2  2  T
 Reaction Xsec    13.0-/13 @ 1 =     0.051 , Out:   0.000#   0.308/   0.579#   0.577#   0.000#   0.000#   0.000#   0.051f


 Total SPIN, PARITY =    14.0 +,     38 chs,      8 cc.  Rmin & Coul turning =    2.2   13.9
   S-matrix    1 =    0.99997   0.00003 for L=   14, J=   14.0 channel on core I =   0.0 from L=   14,  Acc. loss =  0.0 D.
 Elastic phase shift   1 =    0.001   0.001 deg. for the L =   14, J =   14.0 channel.
      14.0  0.99996570  0.00002597i: elastic S-matrix  @@      0.21  0   0 F  0  2  2  T
 Reaction Xsec    14.0+/14 @ 1 =     0.018 , Out:   0.000#   0.208/   0.154#   0.154#   0.000#   0.000#   0.000#   0.018f


 Total SPIN, PARITY =    14.0 -,     40 chs,     10 cc.  Rmin & Coul turning =    2.2   13.9
   S-matrix    1 =    0.99990   0.00008 for L=   13, J=   14.0 channel on core I =   0.0 from L=   13,  Acc. loss =  0.0 D.
 Elastic phase shift   1 =    0.002   0.003 deg. for the L =   13, J =   14.0 channel.
      14.0  0.99989778  0.00007671i: elastic S-matrix  @@      0.21  0   0 F  0  2  2  T
 Reaction Xsec    14.0-/13 @ 1 =     0.055 , Out:   0.000#   0.331/   1.090#   1.086#   0.001#   0.000#   0.000#   0.055f

   S-matrix    2 =    0.99999   0.00001 for L=   15, J=   14.0 channel on core I =   0.0 from L=   15,  Acc. loss =  0.0 D.
 Elastic phase shift   2 =    0.000   0.000 deg. for the L =   15, J =   14.0 channel.
      14.0  0.99998851  0.00000881i: elastic S-matrix  @@      0.13  0   0 F  0  2  2  T
 Reaction Xsec    14.0-/15 @ 2 =     6.171/, Out:   0.000#   0.130/   0.012#   0.012#   0.000#   0.000#   0.000#   0.006f


 Total SPIN, PARITY =    15.0 +,     40 chs,     10 cc.  Rmin & Coul turning =    2.4   14.9
   S-matrix    1 =    0.99997   0.00003 for L=   14, J=   15.0 channel on core I =   0.0 from L=   14,  Acc. loss =  0.0 D.
 Elastic phase shift   1 =    0.001   0.001 deg. for the L =   14, J =   15.0 channel.
      15.0  0.99996570  0.00002601i: elastic S-matrix  @@      0.22  0   0 F  0  2  2  T
 Reaction Xsec    15.0+/14 @ 1 =     0.020 , Out:   0.000#   0.223/   0.288#   0.287#   0.000#   0.000#   0.000#   0.019f

   S-matrix    2 =    1.00000   0.00000 for L=   16, J=   15.0 channel on core I =   0.0 from L=   16,  Acc. loss =  0.0 D.
 Elastic phase shift   2 =    0.000   0.000 deg. for the L =   16, J =   15.0 channel.
      15.0  0.99999616  0.00000302i: elastic S-matrix  @@      0.13  0   0 F  0  2  2  T
 Reaction Xsec    15.0+/16 @ 2 =     2.205/, Out:   0.000#   0.088/   0.003#   0.003#   0.000#   0.000#   0.000#   0.002f


 Total SPIN, PARITY =    15.0 -,     38 chs,      8 cc.  Rmin & Coul turning =    2.4   14.9
   S-matrix    1 =    0.99999   0.00001 for L=   15, J=   15.0 channel on core I =   0.0 from L=   15,  Acc. loss =  0.0 D.
 Elastic phase shift   1 =    0.000   0.000 deg. for the L =   15, J =   15.0 channel.
      15.0  0.99998851  0.00000882i: elastic S-matrix  @@      0.21  0   0 F  0  2  2  T
 Reaction Xsec    15.0-/15 @ 1 =     6.597/, Out:   0.000#   0.139/   0.041#   0.041#   0.000#   0.000#   0.000#   0.006f


 Total SPIN, PARITY =    16.0 +,     38 chs,      8 cc.  Rmin & Coul turning =    2.5   15.8
   S-matrix    1 =    1.00000   0.00000 for L=   16, J=   16.0 channel on core I =   0.0 from L=   16,  Acc. loss =  0.0 D.
 Elastic phase shift   1 =    0.000   0.000 deg. for the L =   16, J =   16.0 channel.
      16.0  0.99999616  0.00000302i: elastic S-matrix  @@      0.21  0   0 F  0  2  2  T
 Reaction Xsec    16.0+/16 @ 1 =     2.348/, Out:   0.000#   0.093/   0.011#   0.011#   0.000#   0.000#   0.000#   0.002f


 Total SPIN, PARITY =    16.0 -,     40 chs,     10 cc.  Rmin & Coul turning =    2.5   15.8
   S-matrix    1 =    0.99999   0.00001 for L=   15, J=   16.0 channel on core I =   0.0 from L=   15,  Acc. loss =  0.0 D.
 Elastic phase shift   1 =    0.000   0.000 deg. for the L =   15, J =   16.0 channel.
      16.0  0.99998851  0.00000883i: elastic S-matrix  @@      0.22  0   0 F  0  2  2  T
 Reaction Xsec    16.0-/15 @ 1 =     7.022/, Out:   0.000#   0.148/   0.076#   0.076#   0.000#   0.000#   0.000#   0.007f

   S-matrix    2 =    1.00000   0.00000 for L=   17, J=   16.0 channel on core I =   0.0 from L=   17,  Acc. loss =  0.0 D.
 Elastic phase shift   2 =    0.000   0.000 deg. for the L =   17, J =   16.0 channel.
      16.0  0.99999872  0.00000105i: elastic S-matrix  @@      0.13  0   0 F  0  2  2  T
 Reaction Xsec    16.0-/17 @ 2 =     0.784/, Out:   0.000#   0.059/   0.001#   0.001#   0.000#   0.000#   0.000#   0.001f


 Total SPIN, PARITY =    17.0 +,     40 chs,     10 cc.  Rmin & Coul turning =    2.7   16.8
   S-matrix    1 =    1.00000   0.00000 for L=   16, J=   17.0 channel on core I =   0.0 from L=   16,  Acc. loss =  0.0 D.
 Elastic phase shift   1 =    0.000   0.000 deg. for the L =   16, J =   17.0 channel.
      17.0  0.99999616  0.00000302i: elastic S-matrix  @@      0.23  0   0 F  0  2  2  T
 Reaction Xsec    17.0+/16 @ 1 =     2.490/, Out:   0.000#   0.099/   0.020#   0.020#   0.000#   0.000#   0.000#   0.002f

   S-matrix    2 =    1.00000   0.00000 for L=   18, J=   17.0 channel on core I =   0.0 from L=   18,  Acc. loss =  0.0 D.
 Elastic phase shift   2 =    0.000   0.000 deg. for the L =   18, J =   17.0 channel.
      17.0  0.99999957  0.00000039i: elastic S-matrix  @@      0.13  0   0 F  0  2  2  T
 Reaction Xsec    17.0+/18 @ 2 =     0.277/, Out:   0.000#   0.039/   0.000#   0.000#   0.000#   0.000#   0.000#   0.000f


 Total SPIN, PARITY =    17.0 -,     38 chs,      8 cc.  Rmin & Coul turning =    2.7   16.8
   S-matrix    1 =    1.00000   0.00000 for L=   17, J=   17.0 channel on core I =   0.0 from L=   17,  Acc. loss =  0.0 D.
 Elastic phase shift   1 =    0.000   0.000 deg. for the L =   17, J =   17.0 channel.
      17.0  0.99999872  0.00000105i: elastic S-matrix  @@      0.21  0   0 F  0  2  2  T
 Reaction Xsec    17.0-/17 @ 1 =     0.831/, Out:   0.000#   0.062/   0.003#   0.003#   0.000#   0.000#   0.000#   0.001f


 Total SPIN, PARITY =    18.0 +,     38 chs,      8 cc.  Rmin & Coul turning =    2.8   17.7
   S-matrix    1 =    1.00000   0.00000 for L=   18, J=   18.0 channel on core I =   0.0 from L=   18,  Acc. loss =  0.0 D.
 Elastic phase shift   1 =    0.000   0.000 deg. for the L =   18, J =   18.0 channel.
      18.0  0.99999957  0.00000039i: elastic S-matrix  @@      0.21  0   0 F  0  2  2  T
 Reaction Xsec    18.0+/18 @ 1 =     0.293/, Out:   0.000#   0.042/   0.001#   0.001#   0.000#   0.000#   0.000#   0.000f


 Total SPIN, PARITY =    18.0 -,     40 chs,     10 cc.  Rmin & Coul turning =    2.8   17.7
   S-matrix    1 =    1.00000   0.00000 for L=   17, J=   18.0 channel on core I =   0.0 from L=   17,  Acc. loss =  0.0 D.
 Elastic phase shift   1 =    0.000   0.000 deg. for the L =   17, J =   18.0 channel.
      18.0  0.99999872  0.00000105i: elastic S-matrix  @@      0.22  0   0 F  0  2  2  T
 Reaction Xsec    18.0-/17 @ 1 =     0.879/, Out:   0.000#   0.066/   0.005#   0.005#   0.000#   0.000#   0.000#   0.001f

   S-matrix    2 =    1.00000   0.00000 for L=   19, J=   18.0 channel on core I =   0.0 from L=   19,  Acc. loss =  0.0 D.
 Elastic phase shift   2 =    0.000   0.000 deg. for the L =   19, J =   18.0 channel.
      18.0  0.99999986  0.00000017i: elastic S-matrix  @@      0.13  0   0 F  0  2  2  T
 Reaction Xsec    18.0-/19 @ 2 =     0.098/, Out:   0.000#   0.027/   0.000#   0.001#   0.000#   0.000#   0.000#   0.000f


 Total SPIN, PARITY =    19.0 +,     40 chs,     10 cc.  Rmin & Coul turning =    3.0   18.7
   S-matrix    1 =    1.00000   0.00000 for L=   18, J=   19.0 channel on core I =   0.0 from L=   18,  Acc. loss =  0.0 D.
 Elastic phase shift   1 =    0.000   0.000 deg. for the L =   18, J =   19.0 channel.
      19.0  0.99999957  0.00000039i: elastic S-matrix  @@      0.22  0   0 F  0  2  2  T
 Reaction Xsec    19.0+/18 @ 1 =     0.309/, Out:   0.000#   0.044/   0.001#   0.001#   0.000#   0.000#   0.000#   0.000f

   S-matrix    2 =    1.00000   0.00000 for L=   20, J=   19.0 channel on core I =   0.0 from L=   20,  Acc. loss =  0.0 D.
 Elastic phase shift   2 =    0.000   0.000 deg. for the L =   20, J =   19.0 channel.
0****** WARNING : ACCURACY LOSS IN ERWIN = 14.3 DIGITS, SO EXPECT ERRORS OF   0.0000 % OF UNITARITY

   182473980142047.66        55025892.238809936        2.2204460492503131E-016
      19.0  0.99999995  0.00000008i: elastic S-matrix  @@      0.14  0   0 F  0  2  2  T
 Reaction Xsec    19.0+/20 @ 2 =     0.034/, Out:   0.000#   0.018/   0.000#   0.000#   0.000#   0.000#   0.000#   0.000f


 Total SPIN, PARITY =    19.0 -,     38 chs,      8 cc.  Rmin & Coul turning =    3.0   18.7
   S-matrix    1 =    1.00000   0.00000 for L=   19, J=   19.0 channel on core I =   0.0 from L=   19,  Acc. loss =  0.0 D.
 Elastic phase shift   1 =    0.000   0.000 deg. for the L =   19, J =   19.0 channel.
0****** WARNING : ACCURACY LOSS IN ERWIN = 14.3 DIGITS, SO EXPECT ERRORS OF   0.0000 % OF UNITARITY

   182224765594977.59        644723.59995730536        2.2204460492503131E-016
      19.0  0.99999986  0.00000017i: elastic S-matrix  @@      0.21  0   0 F  0  2  2  T
 Reaction Xsec    19.0-/19 @ 1 =     0.103/, Out:   0.000#   0.028/   0.000#   0.000#   0.000#   0.000#   0.000#   0.000f


 Total SPIN, PARITY =    20.0 +,     38 chs,      8 cc.  Rmin & Coul turning =    3.2   19.6
   S-matrix    1 =    1.00000   0.00000 for L=   20, J=   20.0 channel on core I =   0.0 from L=   20,  Acc. loss =  0.0 D.
 Elastic phase shift   1 =    0.000   0.000 deg. for the L =   20, J =   20.0 channel.
0****** WARNING : ACCURACY LOSS IN ERWIN = 14.6 DIGITS, SO EXPECT ERRORS OF   0.0000 % OF UNITARITY

   407286592043292.44        16546886.821664372        2.2204460492503131E-016
      20.0  0.99999995  0.00000008i: elastic S-matrix  @@      0.21  0   0 F  0  2  2  T
 Reaction Xsec    20.0+/20 @ 1 =     0.036/, Out:   0.000#   0.019/   0.000#   0.000#   0.000#   0.000#   0.000#   0.000f


 Total SPIN, PARITY =    20.0 -,     40 chs,     10 cc.  Rmin & Coul turning =    3.2   19.6
   S-matrix    1 =    1.00000   0.00000 for L=   19, J=   20.0 channel on core I =   0.0 from L=   19,  Acc. loss =  0.0 D.
 Elastic phase shift   1 =    0.000   0.000 deg. for the L =   19, J =   20.0 channel.
      20.0  0.99999986  0.00000017i: elastic S-matrix  @@      0.22  0   0 F  0  2  2  T
 Reaction Xsec    20.0-/19 @ 1 =     0.108/, Out:   0.000#   0.030/   0.000#   0.000#   0.000#   0.000#   0.000#   0.000f

   S-matrix    2 =    1.00000   0.00000 for L=   21, J=   20.0 channel on core I =   0.0 from L=   21,  Acc. loss =  0.0 D.
 Elastic phase shift   2 =    0.000   0.000 deg. for the L =   21, J =   20.0 channel.
      20.0  0.99999998  0.00000006i: elastic S-matrix  @@      0.13  0   0 F  0  2  2  T
 Reaction Xsec    20.0-/21 @ 2 =     0.012/, Out:   0.000#   0.012/   0.041#   0.028#   0.000#   0.000#   0.000#  -0.000f

 Finished all CC sets @    11.5572786    
0CUMULATIVE REACTION cross section               =       1122.06340  <L> =     4.22  <L**2> =     21.5
0CUMULATIVE  ELASTIC cross section               =          0.00000
0CUMULATIVE outgoing cross sections in partition 1 :    0.00000   27.52935
0CUMULATIVE outgoing cross sections in partition 2 :    1.74285    0.11415    3.04625    1.26006    0.00002
0Cumulative ABSORBTION by Imaginary Potentials    =      1088.37073  <L> =     4.25  <L**2> =     21.7
   Fusion for specific 2H       M-states :    1088.424795    1088.262597    1088.424795
0CUMULATIVE OUTGOING cross section               =         33.69267
 Strength functions * 10^4 for L=0-2  =   0.60622   0.68128   6.31465 (with r0= 1.35 fm).  R' =   0.144 fm
 To convert to S-factors (MeV.mb = keV.b),  multiply by  1.1260E+02


 CROSS SECTIONS FOR OUTGOING 2H       & 12C      in state #   1 with spins & parities 1.0  + &  0.0  +;  0

     0.01 deg.: X-S =   4.285738E+15 mb/sr,
+                                         /R =   1.000001E+00

     0.50 deg.: X-S =   6.840434E+08 mb/sr,
+                                         /R =   9.975467E-01

     1.00 deg.: X-S =   4.226301E+07 mb/sr,
+                                         /R =   9.860830E-01

     1.50 deg.: X-S =   8.182653E+06 mb/sr,
+                                         /R =   9.664616E-01

     2.00 deg.: X-S =   2.519779E+06 mb/sr,
+                                         /R =   9.405226E-01

     2.50 deg.: X-S =   9.988130E+05 mb/sr,
+                                         /R =   9.100839E-01

     3.00 deg.: X-S =   4.641624E+05 mb/sr,
+                                         /R =   8.768627E-01

     3.50 deg.: X-S =   2.407581E+05 mb/sr,
+                                         /R =   8.424770E-01

     4.00 deg.: X-S =   1.354545E+05 mb/sr,
+                                         /R =   8.084545E-01

     4.50 deg.: X-S =   8.121137E+04 mb/sr,
+                                         /R =   7.762389E-01

     5.00 deg.: X-S =   5.130122E+04 mb/sr,
+                                         /R =   7.471908E-01

     5.50 deg.: X-S =   3.389460E+04 mb/sr,
+                                         /R =   7.225855E-01

     6.00 deg.: X-S =   2.331011E+04 mb/sr,
+                                         /R =   7.036076E-01

     6.50 deg.: X-S =   1.663402E+04 mb/sr,
+                                         /R =   6.913437E-01

     7.00 deg.: X-S =   1.228930E+04 mb/sr,
+                                         /R =   6.867737E-01

     7.50 deg.: X-S =    9383.151031 mb/sr,
+                                         /R =   6.907619E-01

     8.00 deg.: X-S =    7390.576097 mb/sr,
+                                         /R =   7.040474E-01

     8.50 deg.: X-S =    5992.633262 mb/sr,
+                                         /R =   7.272356E-01

     9.00 deg.: X-S =    4990.060651 mb/sr,
+                                         /R =   7.607896E-01

     9.50 deg.: X-S =    4255.295247 mb/sr,
+                                         /R =   8.050239E-01

    10.00 deg.: X-S =    3704.918154 mb/sr,
+                                         /R =   8.600985E-01

    10.50 deg.: X-S =    3283.352081 mb/sr,
+                                         /R =   9.260152E-01

    11.00 deg.: X-S =    2952.958786 mb/sr,
+                                         /R =   1.002616E+00

    11.50 deg.: X-S =    2687.881001 mb/sr,
+                                         /R =   1.089581E+00

    12.00 deg.: X-S =    2470.131294 mb/sr,
+                                         /R =   1.186435E+00

    12.50 deg.: X-S =    2287.060328 mb/sr,
+                                         /R =   1.292547E+00

    13.00 deg.: X-S =    2129.689538 mb/sr,
+                                         /R =   1.407139E+00

    13.50 deg.: X-S =    1991.595756 mb/sr,
+                                         /R =   1.529294E+00

    14.00 deg.: X-S =    1868.154331 mb/sr,
+                                         /R =   1.657968E+00

    14.50 deg.: X-S =    1756.018768 mb/sr,
+                                         /R =   1.792000E+00

    15.00 deg.: X-S =    1652.758656 mb/sr,
+                                         /R =   1.930126E+00

    15.50 deg.: X-S =    1556.604965 mb/sr,
+                                         /R =   2.070998E+00

    16.00 deg.: X-S =    1466.269041 mb/sr,
+                                         /R =   2.213199E+00

    16.50 deg.: X-S =    1380.812793 mb/sr,
+                                         /R =   2.355259E+00

    17.00 deg.: X-S =    1299.554792 mb/sr,
+                                         /R =   2.495678E+00

    17.50 deg.: X-S =    1222.001836 mb/sr,
+                                         /R =   2.632942E+00

    18.00 deg.: X-S =    1147.798718 mb/sr,
+                                         /R =   2.765547E+00

    18.50 deg.: X-S =    1076.691134 mb/sr,
+                                         /R =   2.892013E+00

    19.00 deg.: X-S =    1008.498161 mb/sr,
+                                         /R =   3.010909E+00

    19.50 deg.: X-S =     943.091724 mb/sr,
+                                         /R =   3.120867E+00

    20.00 deg.: X-S =     880.381255 mb/sr,
+                                         /R =   3.220604E+00

    20.50 deg.: X-S =     820.302192 mb/sr,
+                                         /R =   3.308936E+00

    21.00 deg.: X-S =     762.807361 mb/sr,
+                                         /R =   3.384797E+00

    21.50 deg.: X-S =     707.860525 mb/sr,
+                                         /R =   3.447248E+00

    22.00 deg.: X-S =     655.431583 mb/sr,
+                                         /R =   3.495492E+00

    22.50 deg.: X-S =     605.493012 mb/sr,
+                                         /R =   3.528886E+00

    23.00 deg.: X-S =     558.017277 mb/sr,
+                                         /R =   3.546945E+00

    23.50 deg.: X-S =     512.974966 mb/sr,
+                                         /R =   3.549352E+00

    24.00 deg.: X-S =     470.333504 mb/sr,
+                                         /R =   3.535958E+00

    24.50 deg.: X-S =     430.056297 mb/sr,
+                                         /R =   3.506789E+00

    25.00 deg.: X-S =     392.102224 mb/sr,
+                                         /R =   3.462038E+00

    25.50 deg.: X-S =     356.425380 mb/sr,
+                                         /R =   3.402071E+00

    26.00 deg.: X-S =     322.975039 mb/sr,
+                                         /R =   3.327413E+00

    26.50 deg.: X-S =     291.695753 mb/sr,
+                                         /R =   3.238747E+00

    27.00 deg.: X-S =     262.527588 mb/sr,
+                                         /R =   3.136906E+00

    27.50 deg.: X-S =     235.406435 mb/sr,
+                                         /R =   3.022856E+00

    28.00 deg.: X-S =     210.264391 mb/sr,
+                                         /R =   2.897690E+00

    28.50 deg.: X-S =     187.030188 mb/sr,
+                                         /R =   2.762612E+00

    29.00 deg.: X-S =     165.629651 mb/sr,
+                                         /R =   2.618920E+00

    29.50 deg.: X-S =     145.986167 mb/sr,
+                                         /R =   2.467994E+00

    30.00 deg.: X-S =     128.021172 mb/sr,
+                                         /R =   2.311278E+00

    30.50 deg.: X-S =     111.654627 mb/sr,
+                                         /R =   2.150262E+00

    31.00 deg.: X-S =      96.805494 mb/sr,
+                                         /R =   1.986465E+00

    31.50 deg.: X-S =      83.392192 mb/sr,
+                                         /R =   1.821416E+00

    32.00 deg.: X-S =      71.333037 mb/sr,
+                                         /R =   1.656642E+00

    32.50 deg.: X-S =      60.546662 mb/sr,
+                                         /R =   1.493643E+00

    33.00 deg.: X-S =      50.952408 mb/sr,
+                                         /R =   1.333882E+00

    33.50 deg.: X-S =      42.470693 mb/sr,
+                                         /R =   1.178768E+00

    34.00 deg.: X-S =      35.023349 mb/sr,
+                                         /R =   1.029638E+00

    34.50 deg.: X-S =      28.533930 mb/sr,
+                                         /R =   8.877476E-01

    35.00 deg.: X-S =      22.927993 mb/sr,
+                                         /R =   7.542561E-01

    35.50 deg.: X-S =      18.133343 mb/sr,
+                                         /R =   6.302164E-01

    36.00 deg.: X-S =      14.080251 mb/sr,
+                                         /R =   5.165655E-01

    36.50 deg.: X-S =      10.701644 mb/sr,
+                                         /R =   4.141163E-01

    37.00 deg.: X-S =       7.933262 mb/sr,
+                                         /R =   3.235513E-01

    37.50 deg.: X-S =       5.713784 mb/sr,
+                                         /R =   2.454179E-01

    38.00 deg.: X-S =       3.984938 mb/sr,
+                                         /R =   1.801253E-01

    38.50 deg.: X-S =       2.691568 mb/sr,
+                                         /R =   1.279433E-01

    39.00 deg.: X-S =       1.781692 mb/sr,
+                                         /R =   8.900189E-02

    39.50 deg.: X-S =       1.206525 mb/sr,
+                                         /R =   6.329370E-02

    40.00 deg.: X-S =       0.920485 mb/sr,
+                                         /R =   5.067678E-02

    40.50 deg.: X-S =       0.881180 mb/sr,
+                                         /R =   5.087942E-02

    41.00 deg.: X-S =       1.049371 mb/sr,
+                                         /R =   6.350617E-02

    41.50 deg.: X-S =       1.388924 mb/sr,
+                                         /R =   8.804502E-02

    42.00 deg.: X-S =       1.866740 mb/sr,
+                                         /R =   1.238757E-01

    42.50 deg.: X-S =       2.452676 mb/sr,
+                                         /R =   1.702789E-01

    43.00 deg.: X-S =       3.119454 mb/sr,
+                                         /R =   2.264466E-01

    43.50 deg.: X-S =       3.842553 mb/sr,
+                                         /R =   2.914926E-01

    44.00 deg.: X-S =       4.600103 mb/sr,
+                                         /R =   3.644641E-01

    44.50 deg.: X-S =       5.372758 mb/sr,
+                                         /R =   4.443533E-01

    45.00 deg.: X-S =       6.143576 mb/sr,
+                                         /R =   5.301093E-01

    45.50 deg.: X-S =       6.897883 mb/sr,
+                                         /R =   6.206508E-01

    46.00 deg.: X-S =       7.623142 mb/sr,
+                                         /R =   7.148775E-01

    46.50 deg.: X-S =       8.308815 mb/sr,
+                                         /R =   8.116824E-01

    47.00 deg.: X-S =       8.946226 mb/sr,
+                                         /R =   9.099638E-01

    47.50 deg.: X-S =       9.528422 mb/sr,
+                                         /R =   1.008636E+00

    48.00 deg.: X-S =      10.050037 mb/sr,
+                                         /R =   1.106640E+00

    48.50 deg.: X-S =      10.507158 mb/sr,
+                                         /R =   1.202955E+00

    49.00 deg.: X-S =      10.897190 mb/sr,
+                                         /R =   1.296606E+00

    49.50 deg.: X-S =      11.218728 mb/sr,
+                                         /R =   1.386673E+00

    50.00 deg.: X-S =      11.471435 mb/sr,
+                                         /R =   1.472300E+00

    50.50 deg.: X-S =      11.655916 mb/sr,
+                                         /R =   1.552702E+00

    51.00 deg.: X-S =      11.773603 mb/sr,
+                                         /R =   1.627168E+00

    51.50 deg.: X-S =      11.826651 mb/sr,
+                                         /R =   1.695070E+00

    52.00 deg.: X-S =      11.817824 mb/sr,
+                                         /R =   1.755864E+00

    52.50 deg.: X-S =      11.750403 mb/sr,
+                                         /R =   1.809096E+00

    53.00 deg.: X-S =      11.628091 mb/sr,
+                                         /R =   1.854401E+00

    53.50 deg.: X-S =      11.454925 mb/sr,
+                                         /R =   1.891507E+00

    54.00 deg.: X-S =      11.235197 mb/sr,
+                                         /R =   1.920230E+00

    54.50 deg.: X-S =      10.973381 mb/sr,
+                                         /R =   1.940482E+00

    55.00 deg.: X-S =      10.674064 mb/sr,
+                                         /R =   1.952261E+00

    55.50 deg.: X-S =      10.341884 mb/sr,
+                                         /R =   1.955651E+00

    56.00 deg.: X-S =       9.981475 mb/sr,
+                                         /R =   1.950821E+00

    56.50 deg.: X-S =       9.597418 mb/sr,
+                                         /R =   1.938020E+00

    57.00 deg.: X-S =       9.194195 mb/sr,
+                                         /R =   1.917569E+00

    57.50 deg.: X-S =       8.776154 mb/sr,
+                                         /R =   1.889860E+00

    58.00 deg.: X-S =       8.347473 mb/sr,
+                                         /R =   1.855348E+00

    58.50 deg.: X-S =       7.912131 mb/sr,
+                                         /R =   1.814548E+00

    59.00 deg.: X-S =       7.473888 mb/sr,
+                                         /R =   1.768021E+00

    59.50 deg.: X-S =       7.036263 mb/sr,
+                                         /R =   1.716376E+00

    60.00 deg.: X-S =       6.602523 mb/sr,
+                                         /R =   1.660258E+00

                                           Integrated  4.1014E+10 mb, over [   0.000,  60.000] at    16.0000 MeV 

 CROSS SECTIONS FOR OUTGOING 2H       & 12C      in state #   2 with spins & parities 1.0  + &  2.0  +;  0

     0.00 deg.: X-S =       7.147125 mb/sr,
+                                         REAC   2.7529E+01 mb

     0.50 deg.: X-S =       7.148014 mb/sr,

     1.00 deg.: X-S =       7.150657 mb/sr,

     1.50 deg.: X-S =       7.154982 mb/sr,

     2.00 deg.: X-S =       7.160869 mb/sr,

     2.50 deg.: X-S =       7.168158 mb/sr,

     3.00 deg.: X-S =       7.176652 mb/sr,

     3.50 deg.: X-S =       7.186123 mb/sr,

     4.00 deg.: X-S =       7.196321 mb/sr,

     4.50 deg.: X-S =       7.206980 mb/sr,

     5.00 deg.: X-S =       7.217829 mb/sr,

     5.50 deg.: X-S =       7.228600 mb/sr,

     6.00 deg.: X-S =       7.239034 mb/sr,

     6.50 deg.: X-S =       7.248893 mb/sr,

     7.00 deg.: X-S =       7.257965 mb/sr,

     7.50 deg.: X-S =       7.266070 mb/sr,

     8.00 deg.: X-S =       7.273067 mb/sr,

     8.50 deg.: X-S =       7.278857 mb/sr,

     9.00 deg.: X-S =       7.283385 mb/sr,

     9.50 deg.: X-S =       7.286642 mb/sr,

    10.00 deg.: X-S =       7.288665 mb/sr,

    10.50 deg.: X-S =       7.289534 mb/sr,

    11.00 deg.: X-S =       7.289368 mb/sr,

    11.50 deg.: X-S =       7.288322 mb/sr,

    12.00 deg.: X-S =       7.286580 mb/sr,

    12.50 deg.: X-S =       7.284349 mb/sr,

    13.00 deg.: X-S =       7.281851 mb/sr,

    13.50 deg.: X-S =       7.279317 mb/sr,

    14.00 deg.: X-S =       7.276974 mb/sr,

    14.50 deg.: X-S =       7.275041 mb/sr,

    15.00 deg.: X-S =       7.273722 mb/sr,

    15.50 deg.: X-S =       7.273192 mb/sr,

    16.00 deg.: X-S =       7.273597 mb/sr,

    16.50 deg.: X-S =       7.275044 mb/sr,

    17.00 deg.: X-S =       7.277596 mb/sr,

    17.50 deg.: X-S =       7.281269 mb/sr,

    18.00 deg.: X-S =       7.286029 mb/sr,

    18.50 deg.: X-S =       7.291788 mb/sr,

    19.00 deg.: X-S =       7.298407 mb/sr,

    19.50 deg.: X-S =       7.305694 mb/sr,

    20.00 deg.: X-S =       7.313405 mb/sr,

    20.50 deg.: X-S =       7.321251 mb/sr,

    21.00 deg.: X-S =       7.328899 mb/sr,

    21.50 deg.: X-S =       7.335976 mb/sr,

    22.00 deg.: X-S =       7.342077 mb/sr,

    22.50 deg.: X-S =       7.346769 mb/sr,

    23.00 deg.: X-S =       7.349600 mb/sr,

    23.50 deg.: X-S =       7.350102 mb/sr,

    24.00 deg.: X-S =       7.347803 mb/sr,

    24.50 deg.: X-S =       7.342229 mb/sr,

    25.00 deg.: X-S =       7.332913 mb/sr,

    25.50 deg.: X-S =       7.319404 mb/sr,

    26.00 deg.: X-S =       7.301268 mb/sr,

    26.50 deg.: X-S =       7.278096 mb/sr,

    27.00 deg.: X-S =       7.249512 mb/sr,

    27.50 deg.: X-S =       7.215173 mb/sr,

    28.00 deg.: X-S =       7.174775 mb/sr,

    28.50 deg.: X-S =       7.128056 mb/sr,

    29.00 deg.: X-S =       7.074800 mb/sr,

    29.50 deg.: X-S =       7.014838 mb/sr,

    30.00 deg.: X-S =       6.948048 mb/sr,

    30.50 deg.: X-S =       6.874359 mb/sr,

    31.00 deg.: X-S =       6.793750 mb/sr,

    31.50 deg.: X-S =       6.706249 mb/sr,

    32.00 deg.: X-S =       6.611935 mb/sr,

    32.50 deg.: X-S =       6.510935 mb/sr,

    33.00 deg.: X-S =       6.403422 mb/sr,

    33.50 deg.: X-S =       6.289616 mb/sr,

    34.00 deg.: X-S =       6.169782 mb/sr,

    34.50 deg.: X-S =       6.044225 mb/sr,

    35.00 deg.: X-S =       5.913291 mb/sr,

    35.50 deg.: X-S =       5.777362 mb/sr,

    36.00 deg.: X-S =       5.636853 mb/sr,

    36.50 deg.: X-S =       5.492212 mb/sr,

    37.00 deg.: X-S =       5.343914 mb/sr,

    37.50 deg.: X-S =       5.192456 mb/sr,

    38.00 deg.: X-S =       5.038358 mb/sr,

    38.50 deg.: X-S =       4.882157 mb/sr,

    39.00 deg.: X-S =       4.724403 mb/sr,

    39.50 deg.: X-S =       4.565654 mb/sr,

    40.00 deg.: X-S =       4.406474 mb/sr,

    40.50 deg.: X-S =       4.247429 mb/sr,

    41.00 deg.: X-S =       4.089082 mb/sr,

    41.50 deg.: X-S =       3.931989 mb/sr,

    42.00 deg.: X-S =       3.776696 mb/sr,

    42.50 deg.: X-S =       3.623734 mb/sr,

    43.00 deg.: X-S =       3.473616 mb/sr,

    43.50 deg.: X-S =       3.326835 mb/sr,

    44.00 deg.: X-S =       3.183859 mb/sr,

    44.50 deg.: X-S =       3.045128 mb/sr,

    45.00 deg.: X-S =       2.911054 mb/sr,

    45.50 deg.: X-S =       2.782014 mb/sr,

    46.00 deg.: X-S =       2.658353 mb/sr,

    46.50 deg.: X-S =       2.540380 mb/sr,

    47.00 deg.: X-S =       2.428366 mb/sr,

    47.50 deg.: X-S =       2.322545 mb/sr,

    48.00 deg.: X-S =       2.223112 mb/sr,

    48.50 deg.: X-S =       2.130226 mb/sr,

    49.00 deg.: X-S =       2.044004 mb/sr,

    49.50 deg.: X-S =       1.964528 mb/sr,

    50.00 deg.: X-S =       1.891842 mb/sr,

    50.50 deg.: X-S =       1.825954 mb/sr,

    51.00 deg.: X-S =       1.766839 mb/sr,

    51.50 deg.: X-S =       1.714436 mb/sr,

    52.00 deg.: X-S =       1.668655 mb/sr,

    52.50 deg.: X-S =       1.629375 mb/sr,

    53.00 deg.: X-S =       1.596449 mb/sr,

    53.50 deg.: X-S =       1.569701 mb/sr,

    54.00 deg.: X-S =       1.548935 mb/sr,

    54.50 deg.: X-S =       1.533931 mb/sr,

    55.00 deg.: X-S =       1.524450 mb/sr,

    55.50 deg.: X-S =       1.520235 mb/sr,

    56.00 deg.: X-S =       1.521013 mb/sr,

    56.50 deg.: X-S =       1.526501 mb/sr,

    57.00 deg.: X-S =       1.536399 mb/sr,

    57.50 deg.: X-S =       1.550402 mb/sr,

    58.00 deg.: X-S =       1.568194 mb/sr,

    58.50 deg.: X-S =       1.589456 mb/sr,

    59.00 deg.: X-S =       1.613863 mb/sr,

    59.50 deg.: X-S =       1.641088 mb/sr,

    60.00 deg.: X-S =       1.670805 mb/sr,

                                           Integrated  1.3516E+01 mb, over [   0.000,  60.000] at    16.0000 MeV 

 CROSS SECTIONS FOR OUTGOING 1H       & 13C      in state #   1 with spins & parities 0.5  + &  2.5  +;  0

     0.00 deg.: X-S =       0.252176 mb/sr,
+                                         REAC   1.7429E+00 mb

     0.50 deg.: X-S =       0.252309 mb/sr,

     1.00 deg.: X-S =       0.252707 mb/sr,

     1.50 deg.: X-S =       0.253369 mb/sr,

     2.00 deg.: X-S =       0.254291 mb/sr,

     2.50 deg.: X-S =       0.255468 mb/sr,

     3.00 deg.: X-S =       0.256894 mb/sr,

     3.50 deg.: X-S =       0.258562 mb/sr,

     4.00 deg.: X-S =       0.260465 mb/sr,

     4.50 deg.: X-S =       0.262592 mb/sr,

     5.00 deg.: X-S =       0.264933 mb/sr,

     5.50 deg.: X-S =       0.267478 mb/sr,

     6.00 deg.: X-S =       0.270215 mb/sr,

     6.50 deg.: X-S =       0.273131 mb/sr,

     7.00 deg.: X-S =       0.276213 mb/sr,

     7.50 deg.: X-S =       0.279448 mb/sr,

     8.00 deg.: X-S =       0.282822 mb/sr,

     8.50 deg.: X-S =       0.286320 mb/sr,

     9.00 deg.: X-S =       0.289928 mb/sr,

     9.50 deg.: X-S =       0.293630 mb/sr,

    10.00 deg.: X-S =       0.297413 mb/sr,

    10.50 deg.: X-S =       0.301259 mb/sr,

    11.00 deg.: X-S =       0.305155 mb/sr,

    11.50 deg.: X-S =       0.309084 mb/sr,

    12.00 deg.: X-S =       0.313031 mb/sr,

    12.50 deg.: X-S =       0.316980 mb/sr,

    13.00 deg.: X-S =       0.320916 mb/sr,

    13.50 deg.: X-S =       0.324822 mb/sr,

    14.00 deg.: X-S =       0.328683 mb/sr,

    14.50 deg.: X-S =       0.332484 mb/sr,

    15.00 deg.: X-S =       0.336209 mb/sr,

    15.50 deg.: X-S =       0.339842 mb/sr,

    16.00 deg.: X-S =       0.343370 mb/sr,

    16.50 deg.: X-S =       0.346777 mb/sr,

    17.00 deg.: X-S =       0.350048 mb/sr,

    17.50 deg.: X-S =       0.353171 mb/sr,

    18.00 deg.: X-S =       0.356132 mb/sr,

    18.50 deg.: X-S =       0.358919 mb/sr,

    19.00 deg.: X-S =       0.361518 mb/sr,

    19.50 deg.: X-S =       0.363920 mb/sr,

    20.00 deg.: X-S =       0.366113 mb/sr,

    20.50 deg.: X-S =       0.368089 mb/sr,

    21.00 deg.: X-S =       0.369838 mb/sr,

    21.50 deg.: X-S =       0.371352 mb/sr,

    22.00 deg.: X-S =       0.372625 mb/sr,

    22.50 deg.: X-S =       0.373650 mb/sr,

    23.00 deg.: X-S =       0.374423 mb/sr,

    23.50 deg.: X-S =       0.374939 mb/sr,

    24.00 deg.: X-S =       0.375196 mb/sr,

    24.50 deg.: X-S =       0.375191 mb/sr,

    25.00 deg.: X-S =       0.374922 mb/sr,

    25.50 deg.: X-S =       0.374390 mb/sr,

    26.00 deg.: X-S =       0.373594 mb/sr,

    26.50 deg.: X-S =       0.372535 mb/sr,

    27.00 deg.: X-S =       0.371215 mb/sr,

    27.50 deg.: X-S =       0.369637 mb/sr,

    28.00 deg.: X-S =       0.367804 mb/sr,

    28.50 deg.: X-S =       0.365718 mb/sr,

    29.00 deg.: X-S =       0.363386 mb/sr,

    29.50 deg.: X-S =       0.360811 mb/sr,

    30.00 deg.: X-S =       0.357999 mb/sr,

    30.50 deg.: X-S =       0.354956 mb/sr,

    31.00 deg.: X-S =       0.351689 mb/sr,

    31.50 deg.: X-S =       0.348204 mb/sr,

    32.00 deg.: X-S =       0.344509 mb/sr,

    32.50 deg.: X-S =       0.340613 mb/sr,

    33.00 deg.: X-S =       0.336523 mb/sr,

    33.50 deg.: X-S =       0.332249 mb/sr,

    34.00 deg.: X-S =       0.327800 mb/sr,

    34.50 deg.: X-S =       0.323187 mb/sr,

    35.00 deg.: X-S =       0.318419 mb/sr,

    35.50 deg.: X-S =       0.313507 mb/sr,

    36.00 deg.: X-S =       0.308462 mb/sr,

    36.50 deg.: X-S =       0.303296 mb/sr,

    37.00 deg.: X-S =       0.298020 mb/sr,

    37.50 deg.: X-S =       0.292646 mb/sr,

    38.00 deg.: X-S =       0.287186 mb/sr,

    38.50 deg.: X-S =       0.281653 mb/sr,

    39.00 deg.: X-S =       0.276058 mb/sr,

    39.50 deg.: X-S =       0.270414 mb/sr,

    40.00 deg.: X-S =       0.264732 mb/sr,

    40.50 deg.: X-S =       0.259026 mb/sr,

    41.00 deg.: X-S =       0.253306 mb/sr,

    41.50 deg.: X-S =       0.247585 mb/sr,

    42.00 deg.: X-S =       0.241874 mb/sr,

    42.50 deg.: X-S =       0.236184 mb/sr,

    43.00 deg.: X-S =       0.230525 mb/sr,

    43.50 deg.: X-S =       0.224909 mb/sr,

    44.00 deg.: X-S =       0.219346 mb/sr,

    44.50 deg.: X-S =       0.213844 mb/sr,

    45.00 deg.: X-S =       0.208414 mb/sr,

    45.50 deg.: X-S =       0.203063 mb/sr,

    46.00 deg.: X-S =       0.197801 mb/sr,

    46.50 deg.: X-S =       0.192635 mb/sr,

    47.00 deg.: X-S =       0.187573 mb/sr,

    47.50 deg.: X-S =       0.182621 mb/sr,

    48.00 deg.: X-S =       0.177786 mb/sr,

    48.50 deg.: X-S =       0.173074 mb/sr,

    49.00 deg.: X-S =       0.168490 mb/sr,

    49.50 deg.: X-S =       0.164041 mb/sr,

    50.00 deg.: X-S =       0.159730 mb/sr,

    50.50 deg.: X-S =       0.155561 mb/sr,

    51.00 deg.: X-S =       0.151540 mb/sr,

    51.50 deg.: X-S =       0.147668 mb/sr,

    52.00 deg.: X-S =       0.143948 mb/sr,

    52.50 deg.: X-S =       0.140384 mb/sr,

    53.00 deg.: X-S =       0.136977 mb/sr,

    53.50 deg.: X-S =       0.133729 mb/sr,

    54.00 deg.: X-S =       0.130639 mb/sr,

    54.50 deg.: X-S =       0.127710 mb/sr,

    55.00 deg.: X-S =       0.124940 mb/sr,

    55.50 deg.: X-S =       0.122329 mb/sr,

    56.00 deg.: X-S =       0.119877 mb/sr,

    56.50 deg.: X-S =       0.117582 mb/sr,

    57.00 deg.: X-S =       0.115442 mb/sr,

    57.50 deg.: X-S =       0.113455 mb/sr,

    58.00 deg.: X-S =       0.111618 mb/sr,

    58.50 deg.: X-S =       0.109928 mb/sr,

    59.00 deg.: X-S =       0.108381 mb/sr,

    59.50 deg.: X-S =       0.106975 mb/sr,

    60.00 deg.: X-S =       0.105705 mb/sr,

                                           Integrated  7.6869E-01 mb, over [   0.000,  60.000] at    16.0000 MeV 

 CROSS SECTIONS FOR OUTGOING 1H       & 13C      in state #   2 with spins & parities 0.5  + &  2.5  +;  0

     0.00 deg.: X-S =       0.103841 mb/sr,
+                                         REAC   1.1415E-01 mb

     0.50 deg.: X-S =       0.103817 mb/sr,

     1.00 deg.: X-S =       0.103745 mb/sr,

     1.50 deg.: X-S =       0.103623 mb/sr,

     2.00 deg.: X-S =       0.103454 mb/sr,

     2.50 deg.: X-S =       0.103235 mb/sr,

     3.00 deg.: X-S =       0.102967 mb/sr,

     3.50 deg.: X-S =       0.102650 mb/sr,

     4.00 deg.: X-S =       0.102284 mb/sr,

     4.50 deg.: X-S =       0.101868 mb/sr,

     5.00 deg.: X-S =       0.101402 mb/sr,

     5.50 deg.: X-S =       0.100886 mb/sr,

     6.00 deg.: X-S =       0.100321 mb/sr,

     6.50 deg.: X-S =       0.099706 mb/sr,

     7.00 deg.: X-S =       0.099042 mb/sr,

     7.50 deg.: X-S =       0.098329 mb/sr,

     8.00 deg.: X-S =       0.097568 mb/sr,

     8.50 deg.: X-S =       0.096759 mb/sr,

     9.00 deg.: X-S =       0.095904 mb/sr,

     9.50 deg.: X-S =       0.095004 mb/sr,

    10.00 deg.: X-S =       0.094059 mb/sr,

    10.50 deg.: X-S =       0.093072 mb/sr,

    11.00 deg.: X-S =       0.092043 mb/sr,

    11.50 deg.: X-S =       0.090973 mb/sr,

    12.00 deg.: X-S =       0.089865 mb/sr,

    12.50 deg.: X-S =       0.088720 mb/sr,

    13.00 deg.: X-S =       0.087539 mb/sr,

    13.50 deg.: X-S =       0.086324 mb/sr,

    14.00 deg.: X-S =       0.085077 mb/sr,

    14.50 deg.: X-S =       0.083799 mb/sr,

    15.00 deg.: X-S =       0.082491 mb/sr,

    15.50 deg.: X-S =       0.081155 mb/sr,

    16.00 deg.: X-S =       0.079793 mb/sr,

    16.50 deg.: X-S =       0.078406 mb/sr,

    17.00 deg.: X-S =       0.076995 mb/sr,

    17.50 deg.: X-S =       0.075563 mb/sr,

    18.00 deg.: X-S =       0.074109 mb/sr,

    18.50 deg.: X-S =       0.072637 mb/sr,

    19.00 deg.: X-S =       0.071146 mb/sr,

    19.50 deg.: X-S =       0.069640 mb/sr,

    20.00 deg.: X-S =       0.068119 mb/sr,

    20.50 deg.: X-S =       0.066585 mb/sr,

    21.00 deg.: X-S =       0.065040 mb/sr,

    21.50 deg.: X-S =       0.063485 mb/sr,

    22.00 deg.: X-S =       0.061923 mb/sr,

    22.50 deg.: X-S =       0.060355 mb/sr,

    23.00 deg.: X-S =       0.058782 mb/sr,

    23.50 deg.: X-S =       0.057207 mb/sr,

    24.00 deg.: X-S =       0.055633 mb/sr,

    24.50 deg.: X-S =       0.054060 mb/sr,

    25.00 deg.: X-S =       0.052490 mb/sr,

    25.50 deg.: X-S =       0.050927 mb/sr,

    26.00 deg.: X-S =       0.049371 mb/sr,

    26.50 deg.: X-S =       0.047824 mb/sr,

    27.00 deg.: X-S =       0.046289 mb/sr,

    27.50 deg.: X-S =       0.044767 mb/sr,

    28.00 deg.: X-S =       0.043260 mb/sr,

    28.50 deg.: X-S =       0.041769 mb/sr,

    29.00 deg.: X-S =       0.040296 mb/sr,

    29.50 deg.: X-S =       0.038843 mb/sr,

    30.00 deg.: X-S =       0.037411 mb/sr,

    30.50 deg.: X-S =       0.036000 mb/sr,

    31.00 deg.: X-S =       0.034613 mb/sr,

    31.50 deg.: X-S =       0.033251 mb/sr,

    32.00 deg.: X-S =       0.031914 mb/sr,

    32.50 deg.: X-S =       0.030604 mb/sr,

    33.00 deg.: X-S =       0.029321 mb/sr,

    33.50 deg.: X-S =       0.028066 mb/sr,

    34.00 deg.: X-S =       0.026840 mb/sr,

    34.50 deg.: X-S =       0.025644 mb/sr,

    35.00 deg.: X-S =       0.024478 mb/sr,

    35.50 deg.: X-S =       0.023343 mb/sr,

    36.00 deg.: X-S =       0.022239 mb/sr,

    36.50 deg.: X-S =       0.021167 mb/sr,

    37.00 deg.: X-S =       0.020128 mb/sr,

    37.50 deg.: X-S =       0.019121 mb/sr,

    38.00 deg.: X-S =       0.018148 mb/sr,

    38.50 deg.: X-S =       0.017207 mb/sr,

    39.00 deg.: X-S =       0.016300 mb/sr,

    39.50 deg.: X-S =       0.015427 mb/sr,

    40.00 deg.: X-S =       0.014587 mb/sr,

    40.50 deg.: X-S =       0.013781 mb/sr,

    41.00 deg.: X-S =       0.013009 mb/sr,

    41.50 deg.: X-S =       0.012270 mb/sr,

    42.00 deg.: X-S =       0.011564 mb/sr,

    42.50 deg.: X-S =       0.010891 mb/sr,

    43.00 deg.: X-S =       0.010251 mb/sr,

    43.50 deg.: X-S =       0.009643 mb/sr,

    44.00 deg.: X-S =       0.009066 mb/sr,

    44.50 deg.: X-S =       0.008520 mb/sr,

    45.00 deg.: X-S =       0.008005 mb/sr,

    45.50 deg.: X-S =       0.007520 mb/sr,

    46.00 deg.: X-S =       0.007064 mb/sr,

    46.50 deg.: X-S =       0.006636 mb/sr,

    47.00 deg.: X-S =       0.006236 mb/sr,

    47.50 deg.: X-S =       0.005863 mb/sr,

    48.00 deg.: X-S =       0.005516 mb/sr,

    48.50 deg.: X-S =       0.005195 mb/sr,

    49.00 deg.: X-S =       0.004897 mb/sr,

    49.50 deg.: X-S =       0.004624 mb/sr,

    50.00 deg.: X-S =       0.004373 mb/sr,

    50.50 deg.: X-S =       0.004144 mb/sr,

    51.00 deg.: X-S =       0.003936 mb/sr,

    51.50 deg.: X-S =       0.003748 mb/sr,

    52.00 deg.: X-S =       0.003579 mb/sr,

    52.50 deg.: X-S =       0.003429 mb/sr,

    53.00 deg.: X-S =       0.003297 mb/sr,

    53.50 deg.: X-S =       0.003181 mb/sr,

    54.00 deg.: X-S =       0.003082 mb/sr,

    54.50 deg.: X-S =       0.002997 mb/sr,

    55.00 deg.: X-S =       0.002927 mb/sr,

    55.50 deg.: X-S =       0.002870 mb/sr,

    56.00 deg.: X-S =       0.002825 mb/sr,

    56.50 deg.: X-S =       0.002792 mb/sr,

    57.00 deg.: X-S =       0.002770 mb/sr,

    57.50 deg.: X-S =       0.002759 mb/sr,

    58.00 deg.: X-S =       0.002756 mb/sr,

    58.50 deg.: X-S =       0.002762 mb/sr,

    59.00 deg.: X-S =       0.002776 mb/sr,

    59.50 deg.: X-S =       0.002797 mb/sr,

    60.00 deg.: X-S =       0.002824 mb/sr,

                                           Integrated  8.0928E-02 mb, over [   0.000,  60.000] at    16.0000 MeV 

 CROSS SECTIONS FOR OUTGOING 1H       & 13C      in state #   3 with spins & parities 0.5  + &  2.5  +;  0

     0.00 deg.: X-S =       0.435437 mb/sr,
+                                         REAC   3.0462E+00 mb

     0.50 deg.: X-S =       0.435494 mb/sr,

     1.00 deg.: X-S =       0.435666 mb/sr,

     1.50 deg.: X-S =       0.435953 mb/sr,

     2.00 deg.: X-S =       0.436352 mb/sr,

     2.50 deg.: X-S =       0.436863 mb/sr,

     3.00 deg.: X-S =       0.437483 mb/sr,

     3.50 deg.: X-S =       0.438211 mb/sr,

     4.00 deg.: X-S =       0.439044 mb/sr,

     4.50 deg.: X-S =       0.439979 mb/sr,

     5.00 deg.: X-S =       0.441012 mb/sr,

     5.50 deg.: X-S =       0.442139 mb/sr,

     6.00 deg.: X-S =       0.443357 mb/sr,

     6.50 deg.: X-S =       0.444660 mb/sr,

     7.00 deg.: X-S =       0.446044 mb/sr,

     7.50 deg.: X-S =       0.447504 mb/sr,

     8.00 deg.: X-S =       0.449034 mb/sr,

     8.50 deg.: X-S =       0.450627 mb/sr,

     9.00 deg.: X-S =       0.452279 mb/sr,

     9.50 deg.: X-S =       0.453982 mb/sr,

    10.00 deg.: X-S =       0.455730 mb/sr,

    10.50 deg.: X-S =       0.457515 mb/sr,

    11.00 deg.: X-S =       0.459331 mb/sr,

    11.50 deg.: X-S =       0.461170 mb/sr,

    12.00 deg.: X-S =       0.463024 mb/sr,

    12.50 deg.: X-S =       0.464886 mb/sr,

    13.00 deg.: X-S =       0.466748 mb/sr,

    13.50 deg.: X-S =       0.468600 mb/sr,

    14.00 deg.: X-S =       0.470437 mb/sr,

    14.50 deg.: X-S =       0.472248 mb/sr,

    15.00 deg.: X-S =       0.474025 mb/sr,

    15.50 deg.: X-S =       0.475761 mb/sr,

    16.00 deg.: X-S =       0.477447 mb/sr,

    16.50 deg.: X-S =       0.479074 mb/sr,

    17.00 deg.: X-S =       0.480634 mb/sr,

    17.50 deg.: X-S =       0.482119 mb/sr,

    18.00 deg.: X-S =       0.483521 mb/sr,

    18.50 deg.: X-S =       0.484831 mb/sr,

    19.00 deg.: X-S =       0.486041 mb/sr,

    19.50 deg.: X-S =       0.487145 mb/sr,

    20.00 deg.: X-S =       0.488133 mb/sr,

    20.50 deg.: X-S =       0.489000 mb/sr,

    21.00 deg.: X-S =       0.489737 mb/sr,

    21.50 deg.: X-S =       0.490339 mb/sr,

    22.00 deg.: X-S =       0.490798 mb/sr,

    22.50 deg.: X-S =       0.491109 mb/sr,

    23.00 deg.: X-S =       0.491265 mb/sr,

    23.50 deg.: X-S =       0.491261 mb/sr,

    24.00 deg.: X-S =       0.491093 mb/sr,

    24.50 deg.: X-S =       0.490755 mb/sr,

    25.00 deg.: X-S =       0.490244 mb/sr,

    25.50 deg.: X-S =       0.489555 mb/sr,

    26.00 deg.: X-S =       0.488686 mb/sr,

    26.50 deg.: X-S =       0.487634 mb/sr,

    27.00 deg.: X-S =       0.486396 mb/sr,

    27.50 deg.: X-S =       0.484971 mb/sr,

    28.00 deg.: X-S =       0.483358 mb/sr,

    28.50 deg.: X-S =       0.481556 mb/sr,

    29.00 deg.: X-S =       0.479565 mb/sr,

    29.50 deg.: X-S =       0.477385 mb/sr,

    30.00 deg.: X-S =       0.475018 mb/sr,

    30.50 deg.: X-S =       0.472464 mb/sr,

    31.00 deg.: X-S =       0.469727 mb/sr,

    31.50 deg.: X-S =       0.466808 mb/sr,

    32.00 deg.: X-S =       0.463711 mb/sr,

    32.50 deg.: X-S =       0.460440 mb/sr,

    33.00 deg.: X-S =       0.456999 mb/sr,

    33.50 deg.: X-S =       0.453393 mb/sr,

    34.00 deg.: X-S =       0.449626 mb/sr,

    34.50 deg.: X-S =       0.445705 mb/sr,

    35.00 deg.: X-S =       0.441636 mb/sr,

    35.50 deg.: X-S =       0.437426 mb/sr,

    36.00 deg.: X-S =       0.433081 mb/sr,

    36.50 deg.: X-S =       0.428610 mb/sr,

    37.00 deg.: X-S =       0.424019 mb/sr,

    37.50 deg.: X-S =       0.419318 mb/sr,

    38.00 deg.: X-S =       0.414514 mb/sr,

    38.50 deg.: X-S =       0.409617 mb/sr,

    39.00 deg.: X-S =       0.404636 mb/sr,

    39.50 deg.: X-S =       0.399579 mb/sr,

    40.00 deg.: X-S =       0.394457 mb/sr,

    40.50 deg.: X-S =       0.389280 mb/sr,

    41.00 deg.: X-S =       0.384056 mb/sr,

    41.50 deg.: X-S =       0.378797 mb/sr,

    42.00 deg.: X-S =       0.373511 mb/sr,

    42.50 deg.: X-S =       0.368209 mb/sr,

    43.00 deg.: X-S =       0.362902 mb/sr,

    43.50 deg.: X-S =       0.357598 mb/sr,

    44.00 deg.: X-S =       0.352309 mb/sr,

    44.50 deg.: X-S =       0.347043 mb/sr,

    45.00 deg.: X-S =       0.341811 mb/sr,

    45.50 deg.: X-S =       0.336621 mb/sr,

    46.00 deg.: X-S =       0.331484 mb/sr,

    46.50 deg.: X-S =       0.326409 mb/sr,

    47.00 deg.: X-S =       0.321403 mb/sr,

    47.50 deg.: X-S =       0.316477 mb/sr,

    48.00 deg.: X-S =       0.311637 mb/sr,

    48.50 deg.: X-S =       0.306893 mb/sr,

    49.00 deg.: X-S =       0.302251 mb/sr,

    49.50 deg.: X-S =       0.297719 mb/sr,

    50.00 deg.: X-S =       0.293303 mb/sr,

    50.50 deg.: X-S =       0.289011 mb/sr,

    51.00 deg.: X-S =       0.284847 mb/sr,

    51.50 deg.: X-S =       0.280817 mb/sr,

    52.00 deg.: X-S =       0.276927 mb/sr,

    52.50 deg.: X-S =       0.273181 mb/sr,

    53.00 deg.: X-S =       0.269583 mb/sr,

    53.50 deg.: X-S =       0.266136 mb/sr,

    54.00 deg.: X-S =       0.262844 mb/sr,

    54.50 deg.: X-S =       0.259710 mb/sr,

    55.00 deg.: X-S =       0.256735 mb/sr,

    55.50 deg.: X-S =       0.253921 mb/sr,

    56.00 deg.: X-S =       0.251269 mb/sr,

    56.50 deg.: X-S =       0.248781 mb/sr,

    57.00 deg.: X-S =       0.246455 mb/sr,

    57.50 deg.: X-S =       0.244292 mb/sr,

    58.00 deg.: X-S =       0.242291 mb/sr,

    58.50 deg.: X-S =       0.240451 mb/sr,

    59.00 deg.: X-S =       0.238770 mb/sr,

    59.50 deg.: X-S =       0.237247 mb/sr,

    60.00 deg.: X-S =       0.235877 mb/sr,

                                           Integrated  1.1794E+00 mb, over [   0.000,  60.000] at    16.0000 MeV 

 CROSS SECTIONS FOR OUTGOING 1H       & 13C      in state #   4 with spins & parities 0.5  + &  2.5  +;  0

     0.00 deg.: X-S =       0.350388 mb/sr,
+                                         REAC   1.2601E+00 mb

     0.50 deg.: X-S =       0.350322 mb/sr,

     1.00 deg.: X-S =       0.350124 mb/sr,

     1.50 deg.: X-S =       0.349793 mb/sr,

     2.00 deg.: X-S =       0.349331 mb/sr,

     2.50 deg.: X-S =       0.348738 mb/sr,

     3.00 deg.: X-S =       0.348015 mb/sr,

     3.50 deg.: X-S =       0.347163 mb/sr,

     4.00 deg.: X-S =       0.346183 mb/sr,

     4.50 deg.: X-S =       0.345078 mb/sr,

     5.00 deg.: X-S =       0.343848 mb/sr,

     5.50 deg.: X-S =       0.342495 mb/sr,

     6.00 deg.: X-S =       0.341022 mb/sr,

     6.50 deg.: X-S =       0.339431 mb/sr,

     7.00 deg.: X-S =       0.337723 mb/sr,

     7.50 deg.: X-S =       0.335902 mb/sr,

     8.00 deg.: X-S =       0.333970 mb/sr,

     8.50 deg.: X-S =       0.331930 mb/sr,

     9.00 deg.: X-S =       0.329784 mb/sr,

     9.50 deg.: X-S =       0.327537 mb/sr,

    10.00 deg.: X-S =       0.325190 mb/sr,

    10.50 deg.: X-S =       0.322748 mb/sr,

    11.00 deg.: X-S =       0.320213 mb/sr,

    11.50 deg.: X-S =       0.317589 mb/sr,

    12.00 deg.: X-S =       0.314881 mb/sr,

    12.50 deg.: X-S =       0.312090 mb/sr,

    13.00 deg.: X-S =       0.309221 mb/sr,

    13.50 deg.: X-S =       0.306279 mb/sr,

    14.00 deg.: X-S =       0.303266 mb/sr,

    14.50 deg.: X-S =       0.300186 mb/sr,

    15.00 deg.: X-S =       0.297043 mb/sr,

    15.50 deg.: X-S =       0.293842 mb/sr,

    16.00 deg.: X-S =       0.290586 mb/sr,

    16.50 deg.: X-S =       0.287279 mb/sr,

    17.00 deg.: X-S =       0.283925 mb/sr,

    17.50 deg.: X-S =       0.280528 mb/sr,

    18.00 deg.: X-S =       0.277092 mb/sr,

    18.50 deg.: X-S =       0.273620 mb/sr,

    19.00 deg.: X-S =       0.270116 mb/sr,

    19.50 deg.: X-S =       0.266585 mb/sr,

    20.00 deg.: X-S =       0.263030 mb/sr,

    20.50 deg.: X-S =       0.259455 mb/sr,

    21.00 deg.: X-S =       0.255863 mb/sr,

    21.50 deg.: X-S =       0.252258 mb/sr,

    22.00 deg.: X-S =       0.248643 mb/sr,

    22.50 deg.: X-S =       0.245022 mb/sr,

    23.00 deg.: X-S =       0.241399 mb/sr,

    23.50 deg.: X-S =       0.237775 mb/sr,

    24.00 deg.: X-S =       0.234156 mb/sr,

    24.50 deg.: X-S =       0.230543 mb/sr,

    25.00 deg.: X-S =       0.226940 mb/sr,

    25.50 deg.: X-S =       0.223350 mb/sr,

    26.00 deg.: X-S =       0.219775 mb/sr,

    26.50 deg.: X-S =       0.216218 mb/sr,

    27.00 deg.: X-S =       0.212682 mb/sr,

    27.50 deg.: X-S =       0.209170 mb/sr,

    28.00 deg.: X-S =       0.205683 mb/sr,

    28.50 deg.: X-S =       0.202224 mb/sr,

    29.00 deg.: X-S =       0.198796 mb/sr,

    29.50 deg.: X-S =       0.195400 mb/sr,

    30.00 deg.: X-S =       0.192038 mb/sr,

    30.50 deg.: X-S =       0.188713 mb/sr,

    31.00 deg.: X-S =       0.185426 mb/sr,

    31.50 deg.: X-S =       0.182179 mb/sr,

    32.00 deg.: X-S =       0.178973 mb/sr,

    32.50 deg.: X-S =       0.175810 mb/sr,

    33.00 deg.: X-S =       0.172692 mb/sr,

    33.50 deg.: X-S =       0.169619 mb/sr,

    34.00 deg.: X-S =       0.166594 mb/sr,

    34.50 deg.: X-S =       0.163617 mb/sr,

    35.00 deg.: X-S =       0.160689 mb/sr,

    35.50 deg.: X-S =       0.157811 mb/sr,

    36.00 deg.: X-S =       0.154985 mb/sr,

    36.50 deg.: X-S =       0.152210 mb/sr,

    37.00 deg.: X-S =       0.149489 mb/sr,

    37.50 deg.: X-S =       0.146820 mb/sr,

    38.00 deg.: X-S =       0.144206 mb/sr,

    38.50 deg.: X-S =       0.141647 mb/sr,

    39.00 deg.: X-S =       0.139143 mb/sr,

    39.50 deg.: X-S =       0.136694 mb/sr,

    40.00 deg.: X-S =       0.134301 mb/sr,

    40.50 deg.: X-S =       0.131965 mb/sr,

    41.00 deg.: X-S =       0.129685 mb/sr,

    41.50 deg.: X-S =       0.127461 mb/sr,

    42.00 deg.: X-S =       0.125295 mb/sr,

    42.50 deg.: X-S =       0.123185 mb/sr,

    43.00 deg.: X-S =       0.121132 mb/sr,

    43.50 deg.: X-S =       0.119136 mb/sr,

    44.00 deg.: X-S =       0.117197 mb/sr,

    44.50 deg.: X-S =       0.115315 mb/sr,

    45.00 deg.: X-S =       0.113490 mb/sr,

    45.50 deg.: X-S =       0.111720 mb/sr,

    46.00 deg.: X-S =       0.110007 mb/sr,

    46.50 deg.: X-S =       0.108350 mb/sr,

    47.00 deg.: X-S =       0.106749 mb/sr,

    47.50 deg.: X-S =       0.105203 mb/sr,

    48.00 deg.: X-S =       0.103712 mb/sr,

    48.50 deg.: X-S =       0.102275 mb/sr,

    49.00 deg.: X-S =       0.100893 mb/sr,

    49.50 deg.: X-S =       0.099564 mb/sr,

    50.00 deg.: X-S =       0.098288 mb/sr,

    50.50 deg.: X-S =       0.097065 mb/sr,

    51.00 deg.: X-S =       0.095894 mb/sr,

    51.50 deg.: X-S =       0.094774 mb/sr,

    52.00 deg.: X-S =       0.093705 mb/sr,

    52.50 deg.: X-S =       0.092687 mb/sr,

    53.00 deg.: X-S =       0.091718 mb/sr,

    53.50 deg.: X-S =       0.090797 mb/sr,

    54.00 deg.: X-S =       0.089925 mb/sr,

    54.50 deg.: X-S =       0.089100 mb/sr,

    55.00 deg.: X-S =       0.088321 mb/sr,

    55.50 deg.: X-S =       0.087588 mb/sr,

    56.00 deg.: X-S =       0.086900 mb/sr,

    56.50 deg.: X-S =       0.086256 mb/sr,

    57.00 deg.: X-S =       0.085654 mb/sr,

    57.50 deg.: X-S =       0.085095 mb/sr,

    58.00 deg.: X-S =       0.084577 mb/sr,

    58.50 deg.: X-S =       0.084100 mb/sr,

    59.00 deg.: X-S =       0.083661 mb/sr,

    59.50 deg.: X-S =       0.083261 mb/sr,

    60.00 deg.: X-S =       0.082897 mb/sr,

                                           Integrated  4.8995E-01 mb, over [   0.000,  60.000] at    16.0000 MeV 

 CROSS SECTIONS FOR OUTGOING 1H       & 13C      in state #   5 with spins & parities 0.5  + &  2.5  +;  0

     0.00 deg.: X-S =   2.000941E-06 mb/sr,
+                                         REAC   1.6954E-05 mb

     0.50 deg.: X-S =   2.000629E-06 mb/sr,

     1.00 deg.: X-S =   1.999692E-06 mb/sr,

     1.50 deg.: X-S =   1.998134E-06 mb/sr,

     2.00 deg.: X-S =   1.995955E-06 mb/sr,

     2.50 deg.: X-S =   1.993162E-06 mb/sr,

     3.00 deg.: X-S =   1.989757E-06 mb/sr,

     3.50 deg.: X-S =   1.985749E-06 mb/sr,

     4.00 deg.: X-S =   1.981143E-06 mb/sr,

     4.50 deg.: X-S =   1.975948E-06 mb/sr,

     5.00 deg.: X-S =   1.970174E-06 mb/sr,

     5.50 deg.: X-S =   1.963831E-06 mb/sr,

     6.00 deg.: X-S =   1.956930E-06 mb/sr,

     6.50 deg.: X-S =   1.949483E-06 mb/sr,

     7.00 deg.: X-S =   1.941504E-06 mb/sr,

     7.50 deg.: X-S =   1.933006E-06 mb/sr,

     8.00 deg.: X-S =   1.924004E-06 mb/sr,

     8.50 deg.: X-S =   1.914514E-06 mb/sr,

     9.00 deg.: X-S =   1.904553E-06 mb/sr,

     9.50 deg.: X-S =   1.894137E-06 mb/sr,

    10.00 deg.: X-S =   1.883285E-06 mb/sr,

    10.50 deg.: X-S =   1.872013E-06 mb/sr,

    11.00 deg.: X-S =   1.860342E-06 mb/sr,

    11.50 deg.: X-S =   1.848291E-06 mb/sr,

    12.00 deg.: X-S =   1.835879E-06 mb/sr,

    12.50 deg.: X-S =   1.823126E-06 mb/sr,

    13.00 deg.: X-S =   1.810054E-06 mb/sr,

    13.50 deg.: X-S =   1.796682E-06 mb/sr,

    14.00 deg.: X-S =   1.783033E-06 mb/sr,

    14.50 deg.: X-S =   1.769127E-06 mb/sr,

    15.00 deg.: X-S =   1.754985E-06 mb/sr,

    15.50 deg.: X-S =   1.740629E-06 mb/sr,

    16.00 deg.: X-S =   1.726080E-06 mb/sr,

    16.50 deg.: X-S =   1.711359E-06 mb/sr,

    17.00 deg.: X-S =   1.696488E-06 mb/sr,

    17.50 deg.: X-S =   1.681488E-06 mb/sr,

    18.00 deg.: X-S =   1.666380E-06 mb/sr,

    18.50 deg.: X-S =   1.651184E-06 mb/sr,

    19.00 deg.: X-S =   1.635920E-06 mb/sr,

    19.50 deg.: X-S =   1.620609E-06 mb/sr,

    20.00 deg.: X-S =   1.605270E-06 mb/sr,

    20.50 deg.: X-S =   1.589923E-06 mb/sr,

    21.00 deg.: X-S =   1.574586E-06 mb/sr,

    21.50 deg.: X-S =   1.559277E-06 mb/sr,

    22.00 deg.: X-S =   1.544014E-06 mb/sr,

    22.50 deg.: X-S =   1.528814E-06 mb/sr,

    23.00 deg.: X-S =   1.513694E-06 mb/sr,

    23.50 deg.: X-S =   1.498669E-06 mb/sr,

    24.00 deg.: X-S =   1.483756E-06 mb/sr,

    24.50 deg.: X-S =   1.468968E-06 mb/sr,

    25.00 deg.: X-S =   1.454319E-06 mb/sr,

    25.50 deg.: X-S =   1.439824E-06 mb/sr,

    26.00 deg.: X-S =   1.425494E-06 mb/sr,

    26.50 deg.: X-S =   1.411341E-06 mb/sr,

    27.00 deg.: X-S =   1.397376E-06 mb/sr,

    27.50 deg.: X-S =   1.383610E-06 mb/sr,

    28.00 deg.: X-S =   1.370053E-06 mb/sr,

    28.50 deg.: X-S =   1.356714E-06 mb/sr,

    29.00 deg.: X-S =   1.343600E-06 mb/sr,

    29.50 deg.: X-S =   1.330719E-06 mb/sr,

    30.00 deg.: X-S =   1.318079E-06 mb/sr,

    30.50 deg.: X-S =   1.305685E-06 mb/sr,

    31.00 deg.: X-S =   1.293543E-06 mb/sr,

    31.50 deg.: X-S =   1.281658E-06 mb/sr,

    32.00 deg.: X-S =   1.270034E-06 mb/sr,

    32.50 deg.: X-S =   1.258674E-06 mb/sr,

    33.00 deg.: X-S =   1.247583E-06 mb/sr,

    33.50 deg.: X-S =   1.236761E-06 mb/sr,

    34.00 deg.: X-S =   1.226211E-06 mb/sr,

    34.50 deg.: X-S =   1.215935E-06 mb/sr,

    35.00 deg.: X-S =   1.205934E-06 mb/sr,

    35.50 deg.: X-S =   1.196207E-06 mb/sr,

    36.00 deg.: X-S =   1.186755E-06 mb/sr,

    36.50 deg.: X-S =   1.177577E-06 mb/sr,

    37.00 deg.: X-S =   1.168673E-06 mb/sr,

    37.50 deg.: X-S =   1.160042E-06 mb/sr,

    38.00 deg.: X-S =   1.151682E-06 mb/sr,

    38.50 deg.: X-S =   1.143591E-06 mb/sr,

    39.00 deg.: X-S =   1.135768E-06 mb/sr,

    39.50 deg.: X-S =   1.128210E-06 mb/sr,

    40.00 deg.: X-S =   1.120915E-06 mb/sr,

    40.50 deg.: X-S =   1.113881E-06 mb/sr,

    41.00 deg.: X-S =   1.107105E-06 mb/sr,

    41.50 deg.: X-S =   1.100584E-06 mb/sr,

    42.00 deg.: X-S =   1.094315E-06 mb/sr,

    42.50 deg.: X-S =   1.088295E-06 mb/sr,

    43.00 deg.: X-S =   1.082522E-06 mb/sr,

    43.50 deg.: X-S =   1.076992E-06 mb/sr,

    44.00 deg.: X-S =   1.071704E-06 mb/sr,

    44.50 deg.: X-S =   1.066653E-06 mb/sr,

    45.00 deg.: X-S =   1.061837E-06 mb/sr,

    45.50 deg.: X-S =   1.057253E-06 mb/sr,

    46.00 deg.: X-S =   1.052899E-06 mb/sr,

    46.50 deg.: X-S =   1.048772E-06 mb/sr,

    47.00 deg.: X-S =   1.044869E-06 mb/sr,

    47.50 deg.: X-S =   1.041189E-06 mb/sr,

    48.00 deg.: X-S =   1.037730E-06 mb/sr,

    48.50 deg.: X-S =   1.034488E-06 mb/sr,

    49.00 deg.: X-S =   1.031463E-06 mb/sr,

    49.50 deg.: X-S =   1.028652E-06 mb/sr,

    50.00 deg.: X-S =   1.026054E-06 mb/sr,

    50.50 deg.: X-S =   1.023668E-06 mb/sr,

    51.00 deg.: X-S =   1.021492E-06 mb/sr,

    51.50 deg.: X-S =   1.019525E-06 mb/sr,

    52.00 deg.: X-S =   1.017767E-06 mb/sr,

    52.50 deg.: X-S =   1.016216E-06 mb/sr,

    53.00 deg.: X-S =   1.014871E-06 mb/sr,

    53.50 deg.: X-S =   1.013733E-06 mb/sr,

    54.00 deg.: X-S =   1.012800E-06 mb/sr,

    54.50 deg.: X-S =   1.012073E-06 mb/sr,

    55.00 deg.: X-S =   1.011551E-06 mb/sr,

    55.50 deg.: X-S =   1.011234E-06 mb/sr,

    56.00 deg.: X-S =   1.011122E-06 mb/sr,

    56.50 deg.: X-S =   1.011214E-06 mb/sr,

    57.00 deg.: X-S =   1.011512E-06 mb/sr,

    57.50 deg.: X-S =   1.012014E-06 mb/sr,

    58.00 deg.: X-S =   1.012721E-06 mb/sr,

    58.50 deg.: X-S =   1.013633E-06 mb/sr,

    59.00 deg.: X-S =   1.014751E-06 mb/sr,

    59.50 deg.: X-S =   1.016073E-06 mb/sr,

    60.00 deg.: X-S =   1.017601E-06 mb/sr,

                                           Integrated  3.8643E-06 mb, over [   0.000,  60.000] at    16.0000 MeV 
 Finished all xsecs @    11.5651932    



 Mean components of Elastic Optical Potential generated by channel couplings of type  1

     0.200     0.0000     0.0000     0.0000     0.0000     0.0000     0.0000
     0.400     0.0000     0.0000     0.0000     0.0000     0.0000     0.0000
     0.600     0.0000     0.0000     0.0000     0.0000     0.0000     0.0000
     0.800     0.0000     0.0000     0.0000     0.0000     0.0000     0.0000
     1.000     0.0000     0.0000     0.0000     0.0000     0.0000     0.0000
     1.200     0.0000     0.0000     0.0000     0.0000     0.0000     0.0000
     1.400     0.0000     0.0000     0.0000     0.0000     0.0000     0.0000
     1.600     0.0000     0.0000     0.0000     0.0000     0.0000     0.0000
     1.800     0.0000     0.0000     0.0000     0.0000     0.0000     0.0000
     2.000     0.0000     0.0000     0.0000     0.0000     0.0000     0.0000
     2.200     0.0000     0.0000     0.0000     0.0000     0.0000     0.0000
     2.400     0.0000     0.0000     0.0000     0.0000     0.0000     0.0000
     2.600     0.0000     0.0000     0.0000     0.0000     0.0000     0.0000
     2.800     0.0000     0.0000     0.0000     0.0000     0.0000     0.0000
     3.000     0.0000     0.0000     0.0000     0.0000     0.0000     0.0000
     3.200     0.0000     0.0000     0.0000     0.0000     0.0000     0.0000
     3.400     0.0000     0.0000     0.0000     0.0000     0.0000     0.0000
     3.600     0.0000     0.0000     0.0000     0.0000     0.0000     0.0000
     3.800     0.0000     0.0000     0.0000     0.0000     0.0000     0.0000
     4.000     0.0000     0.0000     0.0000     0.0000     0.0000     0.0000
     4.200     0.0000     0.0000     0.0000     0.0000     0.0000     0.0000
     4.400     0.0000     0.0000     0.0000     0.0000     0.0000     0.0000
     4.600     0.0000     0.0000     0.0000     0.0000     0.0000     0.0000
     4.800     0.0000     0.0000     0.0000     0.0000     0.0000     0.0000
     5.000     0.0000     0.0000     0.0000     0.0000     0.0000     0.0000
     5.200     0.0000     0.0000     0.0000     0.0000     0.0000     0.0000
     5.400     0.0000     0.0000     0.0000     0.0000     0.0000     0.0000
     5.600     0.0000     0.0000     0.0000     0.0000     0.0000     0.0000
     5.800     0.0000     0.0000     0.0000     0.0000     0.0000     0.0000
     6.000     0.0000     0.0000     0.0000     0.0000     0.0000     0.0000
     6.200     0.0000     0.0000     0.0000     0.0000     0.0000     0.0000
     6.400     0.0000     0.0000     0.0000     0.0000     0.0000     0.0000
     6.600     0.0000     0.0000     0.0000     0.0000     0.0000     0.0000
     6.800     0.0000     0.0000     0.0000     0.0000     0.0000     0.0000
     7.000     0.0000     0.0000     0.0000     0.0000     0.0000     0.0000
     7.200     0.0000     0.0000     0.0000     0.0000     0.0000     0.0000
     7.400     0.0000     0.0000     0.0000     0.0000     0.0000     0.0000
     7.600     0.0000     0.0000     0.0000     0.0000     0.0000     0.0000
     7.800     0.0000     0.0000     0.0000     0.0000     0.0000     0.0000
     8.000     0.0000     0.0000     0.0000     0.0000     0.0000     0.0000
     8.200     0.0000     0.0000     0.0000     0.0000     0.0000     0.0000
     8.400     0.0000     0.0000     0.0000     0.0000     0.0000     0.0000
     8.600     0.0000     0.0000     0.0000     0.0000     0.0000     0.0000
     8.800     0.0000     0.0000     0.0000     0.0000     0.0000     0.0000
     9.000     0.0000     0.0000     0.0000     0.0000     0.0000     0.0000
     9.200     0.0000     0.0000     0.0000     0.0000     0.0000     0.0000
     9.400     0.0000     0.0000     0.0000     0.0000     0.0000     0.0000
     9.600     0.0000     0.0000     0.0000     0.0000     0.0000     0.0000
     9.800     0.0000     0.0000     0.0000     0.0000     0.0000     0.0000
    10.000     0.0000     0.0000     0.0000     0.0000     0.0000     0.0000
    10.200     0.0000     0.0000     0.0000     0.0000     0.0000     0.0000
    10.400     0.0000     0.0000     0.0000     0.0000     0.0000     0.0000
    10.600     0.0000     0.0000     0.0000     0.0000     0.0000     0.0000
    10.800     0.0000     0.0000     0.0000     0.0000     0.0000     0.0000
    11.000     0.0000     0.0000     0.0000     0.0000     0.0000     0.0000
    11.200     0.0000     0.0000     0.0000     0.0000     0.0000     0.0000
    11.400     0.0000     0.0000     0.0000     0.0000     0.0000     0.0000
    11.600     0.0000     0.0000     0.0000     0.0000     0.0000     0.0000
    11.800     0.0000     0.0000     0.0000     0.0000     0.0000     0.0000
    12.000     0.0000     0.0000     0.0000     0.0000     0.0000     0.0000
    12.200     0.0000     0.0000     0.0000     0.0000     0.0000     0.0000
    12.400     0.0000     0.0000     0.0000     0.0000     0.0000     0.0000
    12.600     0.0000     0.0000     0.0000     0.0000     0.0000     0.0000
    12.800     0.0000     0.0000     0.0000     0.0000     0.0000     0.0000
    13.000     0.0000     0.0000     0.0000     0.0000     0.0000     0.0000
    13.200     0.0000     0.0000     0.0000     0.0000     0.0000     0.0000
    13.400     0.0000     0.0000     0.0000     0.0000     0.0000     0.0000
    13.600     0.0000     0.0000     0.0000     0.0000     0.0000     0.0000
    13.800     0.0000     0.0000     0.0000     0.0000     0.0000     0.0000
    14.000     0.0000     0.0000     0.0000     0.0000     0.0000     0.0000
    14.200     0.0000     0.0000     0.0000     0.0000     0.0000     0.0000
    14.400     0.0000     0.0000     0.0000     0.0000     0.0000     0.0000
    14.600     0.0000     0.0000     0.0000     0.0000     0.0000     0.0000
    14.800     0.0000     0.0000     0.0000     0.0000     0.0000     0.0000
    15.000     0.0000     0.0000     0.0000     0.0000     0.0000     0.0000
    15.200     0.0000     0.0000     0.0000     0.0000     0.0000     0.0000
    15.400     0.0000     0.0000     0.0000     0.0000     0.0000     0.0000
    15.600     0.0000     0.0000     0.0000     0.0000     0.0000     0.0000
    15.800     0.0000     0.0000     0.0000     0.0000     0.0000     0.0000
    16.000     0.0000     0.0000     0.0000     0.0000     0.0000     0.0000
    16.200     0.0000     0.0000     0.0000     0.0000     0.0000     0.0000
    16.400     0.0000     0.0000     0.0000     0.0000     0.0000     0.0000
    16.600     0.0000     0.0000     0.0000     0.0000     0.0000     0.0000
    16.800     0.0000     0.0000     0.0000     0.0000     0.0000     0.0000
    17.000     0.0000     0.0000     0.0000     0.0000     0.0000     0.0000
    17.200     0.0000     0.0000     0.0000     0.0000     0.0000     0.0000
    17.400     0.0000     0.0000     0.0000     0.0000     0.0000     0.0000
    17.600     0.0000     0.0000     0.0000     0.0000     0.0000     0.0000
    17.800     0.0000     0.0000     0.0000     0.0000     0.0000     0.0000
    18.000     0.0000     0.0000     0.0000     0.0000     0.0000     0.0000
    18.200     0.0000     0.0000     0.0000     0.0000     0.0000     0.0000
    18.400     0.0000     0.0000     0.0000     0.0000     0.0000     0.0000
    18.600     0.0000     0.0000     0.0000     0.0000     0.0000     0.0000
    18.800     0.0000     0.0000     0.0000     0.0000     0.0000     0.0000
    19.000     0.0000     0.0000     0.0000     0.0000     0.0000     0.0000
    19.200     0.0000     0.0000     0.0000     0.0000     0.0000     0.0000
    19.400     0.0000     0.0000     0.0000     0.0000     0.0000     0.0000
    19.600     0.0000     0.0000     0.0000     0.0000     0.0000     0.0000
    19.800     0.0000     0.0000     0.0000     0.0000     0.0000     0.0000
    20.000     0.0000     0.0000     0.0000     0.0000     0.0000     0.0000
    20.200     0.0000     0.0000     0.0000     0.0000     0.0000     0.0000
    20.400     0.0000     0.0000     0.0000     0.0000     0.0000     0.0000
    20.600     0.0000     0.0000     0.0000     0.0000     0.0000     0.0000
    20.800     0.0000     0.0000     0.0000     0.0000     0.0000     0.0000
    21.000     0.0000     0.0000     0.0000     0.0000     0.0000     0.0000
    21.200     0.0000     0.0000     0.0000     0.0000     0.0000     0.0000
    21.400     0.0000     0.0000     0.0000     0.0000     0.0000     0.0000
    21.600     0.0000     0.0000     0.0000     0.0000     0.0000     0.0000
    21.800     0.0000     0.0000     0.0000     0.0000     0.0000     0.0000
    22.000     0.0000     0.0000     0.0000     0.0000     0.0000     0.0000
    22.200     0.0000     0.0000     0.0000     0.0000     0.0000     0.0000
    22.400     0.0000     0.0000     0.0000     0.0000     0.0000     0.0000
    22.600     0.0000     0.0000     0.0000     0.0000     0.0000     0.0000
    22.800     0.0000     0.0000     0.0000     0.0000     0.0000     0.0000
    23.000     0.0000     0.0000     0.0000     0.0000     0.0000     0.0000
    23.200     0.0000     0.0000     0.0000     0.0000     0.0000     0.0000
    23.400     0.0000     0.0000     0.0000     0.0000     0.0000     0.0000
    23.600     0.0000     0.0000     0.0000     0.0000     0.0000     0.0000
    23.800     0.0000     0.0000     0.0000     0.0000     0.0000     0.0000
    24.000     0.0000     0.0000     0.0000     0.0000     0.0000     0.0000
    24.200     0.0000     0.0000     0.0000     0.0000     0.0000     0.0000
    24.400     0.0000     0.0000     0.0000     0.0000     0.0000     0.0000
    24.600     0.0000     0.0000     0.0000     0.0000     0.0000     0.0000
    24.800     0.0000     0.0000     0.0000     0.0000     0.0000     0.0000
    25.000     0.0000     0.0000     0.0000     0.0000     0.0000     0.0000
    25.200     0.0000     0.0000     0.0000     0.0000     0.0000     0.0000
    25.400     0.0000     0.0000     0.0000     0.0000     0.0000     0.0000
    25.600     0.0000     0.0000     0.0000     0.0000     0.0000     0.0000
    25.800     0.0000     0.0000     0.0000     0.0000     0.0000     0.0000
    26.000     0.0000     0.0000     0.0000     0.0000     0.0000     0.0000
    26.200     0.0000     0.0000     0.0000     0.0000     0.0000     0.0000
    26.400     0.0000     0.0000     0.0000     0.0000     0.0000     0.0000
    26.600     0.0000     0.0000     0.0000     0.0000     0.0000     0.0000
    26.800     0.0000     0.0000     0.0000     0.0000     0.0000     0.0000
    27.000     0.0000     0.0000     0.0000     0.0000     0.0000     0.0000
    27.200     0.0000     0.0000     0.0000     0.0000     0.0000     0.0000
    27.400     0.0000     0.0000     0.0000     0.0000     0.0000     0.0000
    27.600     0.0000     0.0000     0.0000     0.0000     0.0000     0.0000
    27.800     0.0000     0.0000     0.0000     0.0000     0.0000     0.0000
    28.000     0.0000     0.0000     0.0000     0.0000     0.0000     0.0000
    28.200     0.0000     0.0000     0.0000     0.0000     0.0000     0.0000
    28.400     0.0000     0.0000     0.0000     0.0000     0.0000     0.0000
    28.600     0.0000     0.0000     0.0000     0.0000     0.0000     0.0000
    28.800     0.0000     0.0000     0.0000     0.0000     0.0000     0.0000
    29.000     0.0000     0.0000     0.0000     0.0000     0.0000     0.0000
    29.200     0.0000     0.0000     0.0000     0.0000     0.0000     0.0000
    29.400     0.0000     0.0000     0.0000     0.0000     0.0000     0.0000
    29.600     0.0000     0.0000     0.0000     0.0000     0.0000     0.0000
    29.800     0.0000     0.0000     0.0000     0.0000     0.0000     0.0000
    30.000     0.0000     0.0000     0.0000     0.0000     0.0000     0.0000
    30.200     0.0000     0.0000     0.0000     0.0000     0.0000     0.0000
    30.400     0.0000     0.0000     0.0000     0.0000     0.0000     0.0000
    30.600     0.0000     0.0000     0.0000     0.0000     0.0000     0.0000
    30.800     0.0000     0.0000     0.0000     0.0000     0.0000     0.0000
    31.000     0.0000     0.0000     0.0000     0.0000     0.0000     0.0000
    31.200     0.0000     0.0000     0.0000     0.0000     0.0000     0.0000
    31.400     0.0000     0.0000     0.0000     0.0000     0.0000     0.0000
    31.600     0.0000     0.0000     0.0000     0.0000     0.0000     0.0000
    31.800     0.0000     0.0000     0.0000     0.0000     0.0000     0.0000
    32.000     0.0000     0.0000     0.0000     0.0000     0.0000     0.0000
    32.200     0.0000     0.0000     0.0000     0.0000     0.0000     0.0000
    32.400     0.0000     0.0000     0.0000     0.0000     0.0000     0.0000
    32.600     0.0000     0.0000     0.0000     0.0000     0.0000     0.0000
    32.800     0.0000     0.0000     0.0000     0.0000     0.0000     0.0000
    33.000     0.0000     0.0000     0.0000     0.0000     0.0000     0.0000
    33.200     0.0000     0.0000     0.0000     0.0000     0.0000     0.0000
    33.400     0.0000     0.0000     0.0000     0.0000     0.0000     0.0000
    33.600     0.0000     0.0000     0.0000     0.0000     0.0000     0.0000
    33.800     0.0000     0.0000     0.0000     0.0000     0.0000     0.0000
    34.000     0.0000     0.0000     0.0000     0.0000     0.0000     0.0000
    34.200     0.0000     0.0000     0.0000     0.0000     0.0000     0.0000
    34.400     0.0000     0.0000     0.0000     0.0000     0.0000     0.0000
    34.600     0.0000     0.0000     0.0000     0.0000     0.0000     0.0000
    34.800     0.0000     0.0000     0.0000     0.0000     0.0000     0.0000
    35.000     0.0000     0.0000     0.0000     0.0000     0.0000     0.0000
    35.200     0.0000     0.0000     0.0000     0.0000     0.0000     0.0000
    35.400     0.0000     0.0000     0.0000     0.0000     0.0000     0.0000
    35.600     0.0000     0.0000     0.0000     0.0000     0.0000     0.0000
    35.800     0.0000     0.0000     0.0000     0.0000     0.0000     0.0000
    36.000     0.0000     0.0000     0.0000     0.0000     0.0000     0.0000
    36.200     0.0000     0.0000     0.0000     0.0000     0.0000     0.0000
    36.400     0.0000     0.0000     0.0000     0.0000     0.0000     0.0000
    36.600     0.0000     0.0000     0.0000     0.0000     0.0000     0.0000
    36.800     0.0000     0.0000     0.0000     0.0000     0.0000     0.0000
    37.000     0.0000     0.0000     0.0000     0.0000     0.0000     0.0000
    37.200     0.0000     0.0000     0.0000     0.0000     0.0000     0.0000
    37.400     0.0000     0.0000     0.0000     0.0000     0.0000     0.0000
    37.600     0.0000     0.0000     0.0000     0.0000     0.0000     0.0000
    37.800     0.0000     0.0000     0.0000     0.0000     0.0000     0.0000
    38.000     0.0000     0.0000     0.0000     0.0000     0.0000     0.0000
    38.200     0.0000     0.0000     0.0000     0.0000     0.0000     0.0000
    38.400     0.0000     0.0000     0.0000     0.0000     0.0000     0.0000
    38.600     0.0000     0.0000     0.0000     0.0000     0.0000     0.0000
    38.800     0.0000     0.0000     0.0000     0.0000     0.0000     0.0000
    39.000     0.0000     0.0000     0.0000     0.0000     0.0000     0.0000
    39.200     0.0000     0.0000     0.0000     0.0000     0.0000     0.0000
    39.400     0.0000     0.0000     0.0000     0.0000     0.0000     0.0000
    39.600     0.0000     0.0000     0.0000     0.0000     0.0000     0.0000
    39.800     0.0000     0.0000     0.0000     0.0000     0.0000     0.0000
    40.000     0.0000     0.0000     0.0000     0.0000     0.0000     0.0000
    40.200     0.0000     0.0000     0.0000     0.0000     0.0000     0.0000
    40.400     0.0000     0.0000     0.0000     0.0000     0.0000     0.0000
    40.600     0.0000     0.0000     0.0000     0.0000     0.0000     0.0000
    40.800     0.0000     0.0000     0.0000     0.0000     0.0000     0.0000
    41.000     0.0000     0.0000     0.0000     0.0000     0.0000     0.0000
    41.200     0.0000     0.0000     0.0000     0.0000     0.0000     0.0000
    41.400     0.0000     0.0000     0.0000     0.0000     0.0000     0.0000
    41.600     0.0000     0.0000     0.0000     0.0000     0.0000     0.0000
    41.800     0.0000     0.0000     0.0000     0.0000     0.0000     0.0000
    42.000     0.0000     0.0000     0.0000     0.0000     0.0000     0.0000
    42.200     0.0000     0.0000     0.0000     0.0000     0.0000     0.0000
    42.400     0.0000     0.0000     0.0000     0.0000     0.0000     0.0000
    42.600     0.0000     0.0000     0.0000     0.0000     0.0000     0.0000
    42.800     0.0000     0.0000     0.0000     0.0000     0.0000     0.0000
    43.000     0.0000     0.0000     0.0000     0.0000     0.0000     0.0000
    43.200     0.0000     0.0000     0.0000     0.0000     0.0000     0.0000
    43.400     0.0000     0.0000     0.0000     0.0000     0.0000     0.0000
    43.600     0.0000     0.0000     0.0000     0.0000     0.0000     0.0000
    43.800     0.0000     0.0000     0.0000     0.0000     0.0000     0.0000
    44.000     0.0000     0.0000     0.0000     0.0000     0.0000     0.0000
    44.200     0.0000     0.0000     0.0000     0.0000     0.0000     0.0000
    44.400     0.0000     0.0000     0.0000     0.0000     0.0000     0.0000
    44.600     0.0000     0.0000     0.0000     0.0000     0.0000     0.0000
    44.800     0.0000     0.0000     0.0000     0.0000     0.0000     0.0000
    45.000     0.0000     0.0000     0.0000     0.0000     0.0000     0.0000
    45.200     0.0000     0.0000     0.0000     0.0000     0.0000     0.0000
    45.400     0.0000     0.0000     0.0000     0.0000     0.0000     0.0000
    45.600     0.0000     0.0000     0.0000     0.0000     0.0000     0.0000
    45.800     0.0000     0.0000     0.0000     0.0000     0.0000     0.0000
    46.000     0.0000     0.0000     0.0000     0.0000     0.0000     0.0000
    46.200     0.0000     0.0000     0.0000     0.0000     0.0000     0.0000
    46.400     0.0000     0.0000     0.0000     0.0000     0.0000     0.0000
    46.600     0.0000     0.0000     0.0000     0.0000     0.0000     0.0000
    46.800     0.0000     0.0000     0.0000     0.0000     0.0000     0.0000
    47.000     0.0000     0.0000     0.0000     0.0000     0.0000     0.0000
    47.200     0.0000     0.0000     0.0000     0.0000     0.0000     0.0000
    47.400     0.0000     0.0000     0.0000     0.0000     0.0000     0.0000
    47.600     0.0000     0.0000     0.0000     0.0000     0.0000     0.0000
    47.800     0.0000     0.0000     0.0000     0.0000     0.0000     0.0000
    48.000     0.0000     0.0000     0.0000     0.0000     0.0000     0.0000
    48.200     0.0000     0.0000     0.0000     0.0000     0.0000     0.0000
    48.400     0.0000     0.0000     0.0000     0.0000     0.0000     0.0000
    48.600     0.0000     0.0000     0.0000     0.0000     0.0000     0.0000
    48.800     0.0000     0.0000     0.0000     0.0000     0.0000     0.0000
    49.000     0.0000     0.0000     0.0000     0.0000     0.0000     0.0000
    49.200     0.0000     0.0000     0.0000     0.0000     0.0000     0.0000
    49.400     0.0000     0.0000     0.0000     0.0000     0.0000     0.0000
    49.600     0.0000     0.0000     0.0000     0.0000     0.0000     0.0000
    49.800     0.0000     0.0000     0.0000     0.0000     0.0000     0.0000
    50.000     0.0000     0.0000     0.0000     0.0000     0.0000     0.0000
    50.200     0.0000     0.0000     0.0000     0.0000     0.0000     0.0000
    50.400     0.0000     0.0000     0.0000     0.0000     0.0000     0.0000
    50.600     0.0000     0.0000     0.0000     0.0000     0.0000     0.0000
    50.800     0.0000     0.0000     0.0000     0.0000     0.0000     0.0000
    51.000     0.0000     0.0000     0.0000     0.0000     0.0000     0.0000
    51.200     0.0000     0.0000     0.0000     0.0000     0.0000     0.0000
    51.400     0.0000     0.0000     0.0000     0.0000     0.0000     0.0000
    51.600     0.0000     0.0000     0.0000     0.0000     0.0000     0.0000
    51.800     0.0000     0.0000     0.0000     0.0000     0.0000     0.0000
    52.000     0.0000     0.0000     0.0000     0.0000     0.0000     0.0000
    52.200     0.0000     0.0000     0.0000     0.0000     0.0000     0.0000
    52.400     0.0000     0.0000     0.0000     0.0000     0.0000     0.0000
    52.600     0.0000     0.0000     0.0000     0.0000     0.0000     0.0000
    52.800     0.0000     0.0000     0.0000     0.0000     0.0000     0.0000
    53.000     0.0000     0.0000     0.0000     0.0000     0.0000     0.0000
    53.200     0.0000     0.0000     0.0000     0.0000     0.0000     0.0000
    53.400     0.0000     0.0000     0.0000     0.0000     0.0000     0.0000
    53.600     0.0000     0.0000     0.0000     0.0000     0.0000     0.0000
    53.800     0.0000     0.0000     0.0000     0.0000     0.0000     0.0000
    54.000     0.0000     0.0000     0.0000     0.0000     0.0000     0.0000
    54.200     0.0000     0.0000     0.0000     0.0000     0.0000     0.0000
    54.400     0.0000     0.0000     0.0000     0.0000     0.0000     0.0000
    54.600     0.0000     0.0000     0.0000     0.0000     0.0000     0.0000
    54.800     0.0000     0.0000     0.0000     0.0000     0.0000     0.0000
    55.000     0.0000     0.0000     0.0000     0.0000     0.0000     0.0000

 BPM: Using the real scalar part of the  Elastic Channel Potential

 Incident energy (cm) =  13.700. Fusion inside radius of   3.550 fm.

0Cumulative FUSION cross section by BPM (case 1)   =  0.758E+03  <L> =     3.04  <L**2> =     11.0

 BPM: Using the real scalar part of the  Elastic Channel Potential
 Including CRC local equivalent potential.

 Incident energy (cm) =  13.700. Fusion inside radius of   3.550 fm.

0Cumulative FUSION cross section by BPM (case 2)   =  0.758E+03  <L> =     3.04  <L**2> =     11.0
0Fusion at  16.000 MeV: Bare =  7.579E+02, Actual =  1.088E+03, BPM-equiv =  7.579E+02 mb

  The following files have been created:
   3:local copy of User input.            6:standard output.                   
   7:elastic  S-matrix elements.         12:transfer kernels.                  
  13:total cross sections/state.         15:local equivalent potentials.       
  16:tables of cross sections.           35:Astrophysics S-factors  / Ecm.     
  38:cross sections for each J/pi.       39:cross sections for each Ecm.       
  40:all cross sectns. for each Elab.    45:scat phase shift as E functions.   
  46:bs wave functions & ANC ratios.     55:Single-particle wfns.              
  56:Fusion for each Jtotal.             58:Single-particle wfns.              
  59:Single-particle vertex functions.   75:S-factors for lab energies.        
  90:average polarisation potential.     91:polarisation potl for rereading.   
 201:Separate cross sections.           202:Separate cross sections.           
 203:Separate cross sections.           204:Separate cross sections.           
 205:Separate cross sections.           206:Separate cross sections.           
 207:Separate cross sections.           

 PARAMETERS : MAXQRN   MLOC  LMAX1 MCLIST     MFNL  MPWCOUP
    ALLOWED :     44     17     40     10     1600        0
    REQUIRED:      4     17     24      4      126        0


 ACCURACY ANALYSIS at    16.000 MeV :

  Elastic h*k = 0.106 so OK       compared with 0.200

   Real(S-el) > 0.01 first at J =       1.0
   Real(S-el) > 0.10 first at J =       1.0
   Real(S-el) > 0.50 first at J =       4.0
   Real(S-el) > 0.90 first at J =       6.0
   Real(S-el) > 0.99 first at J =       8.0
   R-turn =    19.59 fm    at J =      20.0

 Forward-angle excitation cut off below   1.874 deg by max JT =      20.0
                              and below   0.657 deg by max R.


 1: Recommended RNL: non-local width >   8.00 cf:  30.00 fm: OK      
    Recommended CENTRE: centration   ~   0.00 cf:  -6.00 fm

 Total CPU  0 time =      11.58 seconds
