Running on jalapeno
 FRESCOX - version 7.2-4-g8e5699f: Coupled Reaction Channels             on gfortran                      

 Assuming NAMELIST input.

 9Be(6Li,d)13C at 32 MeV -- 9.894 MeV state                                                                              

   0.080  18.000   0.160   0.020  15.000   0.120   0.000   0.000   0.000   0.000

 Centre-of-mass Range is    226 * 0.0800 fm., Maximum at  17.92 fm., Interpolating NL forms every  0.16 fm.
 Non - locality width is    753 * 0.0200 fm., Maximum of  15.04 fm., Centred at  0.08 fm.
 2-Nucleon Separation of      0 * 0.1600 fm., Maximum of   0.00 fm., Minimum at  0.00 fm.
 Maximum single particle bins of 17.9200 fm.
               M,Mint =          225         225


 Range of total J is     0.0 <= J <=    25.0 (at least     0.0) and Absorbtion =>     0.0000 mb.
 Dry Run = F, CC set limits =  0  0, Relativistic kinematics =   , Both/Far/Near Analyses =  1                     

 Cross Sections (and up to T0 for 0=projectile) for Theta from   0.0 to 180.0 in steps of  0.5 degrees, DGAM=0, grace=T,  Coordinates = 1 (Mads,Tran)

 Lower Radial Cutoff = maximum of -3.50*L*h &       0.0 fm.,  Lower Cutoff for Couplings =   0.0  fm.


 Iterate Couplings between   1 and   1 times, to  0.000 % if sooner.                                          
  Block solved exactly =   1 chs., with Pade = 0 & Isocen =  =0, NOSOL = F, CCREAL = F, initwf =  0
    Small channels are  0.00E+00 and small couplings are  1.00E-12 of unitarity

  NL quadrature with   48 Gaussian points, Calculate multipoles up to    35 from   0
  M-transfers for lp+lt greater than or equal to  6, Angular Integration Cutoff below  0.3906 %


 Trace switches are :  CHANS =  1, LISTCC =  1, TRENEG =  0, CDETR =  0, SMATS =  1, XSTABL =  3, NLPL =  0

                       WAVES =  0, LAMPL = -2, VEFF =  1, KFUS =  0, WDISK =  2, BPM =  2, MELFIL =  0

                       CDCC =  0, NFUS =  0, TCFILE =  0

 Using unit mass = 1.000000 amu and 1/fine-structure constant = 137.03599 ( 1.000000 * true ) with hc = 197.32705 MeV.fm,
  thus 2*amu/hbar^2 = 0.0478450 = 1/20.9008 and Coulomb constant = 0.1574855 so e^2 =  1.43996515, and nuclear magneton= 0.1261183

 Now pre-scan input and save to file 3



 *********** PARTITION NUMBER  1 ******************************************************************************************

   PROJ=6Li        MASS=  6.0151 Z=   3.0,        # STATES=    1T, TARG=9Be      MASS=  9.0121 Z=   4.0,     Q-VALUE =   0.0000 MeV

   MIXPOT =  0: no couplings (default)

     1:  J= 1.0+ (B# 1), E=  0.0000, K= 0.0              Potl#  1       J= 1.5- (B#-1), E=  0.0000, K= 0.5    


 *********** PARTITION NUMBER  2 ******************************************************************************************

   PROJ=2H         MASS=  2.0141 Z=   1.0,        # STATES=    1T, TARG=13C_L0   MASS= 13.0034 Z=   6.0,     Q-VALUE =   9.1730 MeV

   MIXPOT =  0: no couplings (default)

     1:  J= 1.0+ (B# 1), E=  0.0000, K= 0.0              Potl#  2       J= 1.5- (B#-1), E=  9.8940, K= 0.5    


 *********** PARTITION NUMBER  3 ******************************************************************************************

   PROJ=2H         MASS=  2.0141 Z=   1.0,        # STATES=    1T, TARG=13C_L2   MASS= 13.0034 Z=   6.0,     Q-VALUE =   9.1730 MeV

   MIXPOT =  0: no couplings (default)

     1:  J= 1.0+ (B# 1), E=  0.0000, K= 0.0              Potl#  2       J= 1.5- (B#-1), E=  9.8940, K= 0.5    


 *********** PARTITION NUMBER  4 ******************************************************************************************

   PROJ=2H         MASS=  2.0141 Z=   1.0,        # STATES=    1T, TARG=13C_L02  MASS= 13.0034 Z=   6.0,     Q-VALUE =   9.1730 MeV

   MIXPOT =  0: no couplings (default)

     1:  J= 1.0+ (B# 1), E=  0.0000, K= 0.0              Potl#  2       J= 1.5- (B#-1), E=  9.8940, K= 0.5    


 ************************************************************************************************************************************

 The following POTENTIALS are defined :

  KP#       TYPE      IT    SHAPE      at     V1        r1        a1        V2        r2        a2        A-in     A-used


                                            A#1       A#2        r0c       ac                                                h @ 1
    1    0=Coulomb       0=CHARGE (WS)  1     9.000     0.000    2.3400    0.0000    0.0000    0.0000     0.000     9.000   0.08000

    1    1=Volume        0=Woods-Saxon  2  174.0000    1.2200    0.7500    5.8400    2.8100    0.6300     0.000     9.000
   --------------------------------------------------------------------------------------------------------------------

                                            A#1       A#2        r0c       ac                                                h @ 4
    2    0=Coulomb       0=CHARGE (WS)  3    13.000     0.000    1.3000    0.0000    0.0000    0.0000     0.000    13.000   0.08000

    2    1=Volume        0=Woods-Saxon  4   92.4100    1.0380    0.7900    0.0000    0.0000    0.0000     0.000    13.000

    2    2=Surface       0=Woods-Saxon  5    0.0000    0.0000    0.0000    9.7500    1.4260    0.6930     0.000    13.000
   --------------------------------------------------------------------------------------------------------------------

                                            A#1       A#2        r0c       ac                                                h @ 0
    3    0=Coulomb       0=CHARGE (WS)  6     1.000     0.000    1.9000    0.0000    0.0000    0.0000     0.000     1.000   0.08000

    3    1=Volume        0=Woods-Saxon  7   79.9000    1.9000    0.6500    0.0000    0.0000    0.0000     0.000     1.000
   --------------------------------------------------------------------------------------------------------------------

                                            A#1       A#2        r0c       ac                                                h @ 0
    4    0=Coulomb       0=CHARGE (WS)  8     1.000     0.000    2.7600    0.0000    0.0000    0.0000     0.000     1.000   0.08000

    4    1=Volume        0=Woods-Saxon  9   50.0000    2.7600    0.6500    0.0000    0.0000    0.0000     0.000     1.000


 ************************************************************************************************************************************

 The following    real SINGLE-PARTICLE FORM FACTORS are  constructed:


 No.   P1 P2 IN KIND T N  L  S1 IA J/S  IB BIND XFER  BE    SC PC FIL AFRAC Adjust  to  Z  Mass   K     Norm    rms      D0     D   ANC/Gsp

    1:  2  1  1  0     2  0 0.0  1 0.0   0   3   0   1.4740  1  0  0 0.0000 VR  0.9698; 2. 4.001 0.3074 1.0000  4.066   68.3   67.8 -2.5409

    2:  1  2  2  0     3  0 0.0  1 0.0   0   4   0   0.7480  1  0  0 0.0000 VR  1.2105; 2. 3.991 0.3146 1.0000  3.921  -24.8   -7.3  1.48E+02

    3:  3  1  1  0     2  0 0.0  1 0.0   0   3   0   1.4740  1  0  0 0.0000 VR  0.9698; 2. 4.001 0.3074 1.0000  4.066   68.3   67.8 -2.5409

    4:  1  3  2  0     2  2 0.0  1 2.0   0   4   0   0.7480  1  0  0 0.0000 VR  1.2561; 2. 3.991 0.3146 1.0000  3.510    5.8   -6.0-37.9503

    5:  4  1  1  0     2  0 0.0  1 0.0   0   3   0   1.4740  1  0  0 0.0000 VR  0.9698; 2. 4.001 0.3074 1.0000  4.066   68.3   67.8 -2.5409

    6:  1  4  2  0     3  0 0.0  1 0.0   0   4   0   0.7480  1  0  0 0.0000 VR  1.2105; 2. 3.991 0.3146 1.0000  3.921  -24.8   -7.3  1.48E+02

    7:  1  4  2  0     2  2 0.0  1 2.0   0   4   0   0.7480  1  0  0 0.0000 VR  1.2561; 2. 3.991 0.3146 1.0000  3.510    5.8   -6.0-37.9503

 ************************************************************************************************************************************

 ONE-way COUPLING # 1 for partitions -2 <-  1 of KIND  7,   0 -1  0 -1 -1 & P1,P2 =    0.0000   0.0000 : for J <=    25.5 & R <  17.7 fm.


 data =  1  1  1  1  0.8307,  so  < [6Li      #  1] / [2H       #  1]  * Eigen-form #  1>  =   0.8307            BE =  1.474     1

 data = -2  1  1  2  7.0001,  so  < [13C_L0   #  1] / [9Be      #  1]  * Eigen-form #  2>  =   7.0001            BE =  0.748     2
  LOCF =            9
  USED(1,*) =  T F F F F F F
  USED(2,*) =  F T F F F F F
 KNT =   2, KNP =   1: NK,NG,loc=   1   1   1      10  T  T  F
 KNT =   2, KNP =   1: NK,NG,loc=   1   1   1      10

     So FINITE-RANGE TRANSFER : IP1 = 0 (POST    ), IP2=-1 =COMPLEX     ,  for   1 pairs of bound states summed into   1 pairs
      The main coupling potential is that binding the transferred particle to the 2H       core.

          Using between 2H       & 9Be      the potential No.   2, and subtracting optical potential No.  2

   A real*8 is            8  bytes
   NLL,NLN,NLO =         112         113         189
0File   9 needs RL =   42336    REAL*8 numbers, and NR =    37. i.e.   12.53 Megabytes
   File            9  RECL =      338688
0RECOMMENDED NON-LOCAL WIDTH IS GREATER THAN   14.04 FM.,  RECOMMENDED CENTRATION   1.22, after    0.28 secs.
0Relative non-local usages (rms) are
    0.005   0.005   0.005   0.005   0.005   0.006   0.006   0.006   0.006   0.006   0.007   0.007   0.007   0.007   0.007
    0.008   0.008   0.008   0.008   0.009   0.009   0.009   0.009   0.010   0.010   0.010   0.011   0.011   0.011   0.011
    0.012   0.012   0.012   0.013   0.013   0.013   0.014   0.014   0.015   0.015   0.015   0.016   0.016   0.016   0.017
    0.017   0.018   0.018   0.019   0.019   0.020   0.020   0.020   0.021   0.021   0.022   0.023   0.023   0.024   0.024
    0.024   0.025   0.026   0.026   0.027   0.027   0.028   0.029   0.029   0.030   0.030   0.031   0.032   0.032   0.033
    0.034   0.035   0.035   0.036   0.037   0.038   0.038   0.039   0.040   0.041   0.042   0.043   0.044   0.045   0.046
    0.047   0.048   0.050   0.051   0.053   0.054   0.055   0.057   0.059   0.060   0.062   0.064   0.066   0.069   0.071
    0.073   0.075   0.078   0.080   0.083   0.087   0.090   0.094   0.097   0.100   0.103   0.106   0.112   0.117   0.122
    0.127   0.132   0.136   0.140   0.144   0.152   0.160   0.167   0.173   0.179   0.185   0.191   0.195   0.206   0.217
    0.226   0.235   0.243   0.250   0.257   0.263   0.277   0.290   0.302   0.313   0.323   0.332   0.340   0.347   0.365
    0.381   0.396   0.410   0.422   0.432   0.442   0.451   0.472   0.491   0.509   0.525   0.539   0.552   0.563   0.573
    0.598   0.620   0.641   0.659   0.676   0.690   0.703   0.714   0.742   0.768   0.791   0.812   0.831   0.847   0.861
    0.873   0.905   0.933   0.959   0.982   1.003   1.021   1.036   1.050   1.083   1.114   1.142   1.167   1.189   1.208
    1.225   1.239   1.274   1.305   1.334   1.360   1.383   1.403   1.421   1.437   1.470   1.501   1.529   1.555   1.578
    1.599   1.618   1.636   1.666   1.695   1.722   1.747   1.770   1.793   1.814   1.834   1.862   1.889   1.915   1.941
    1.967   1.993   2.019   2.046   2.075   2.106   2.137   2.170   2.204   2.241   2.280   2.321   2.364   2.411   2.460
    2.513   2.569   2.630   2.694   2.761   2.843   2.928   3.017   3.109   3.206   3.307   3.412   3.521   3.670   3.821
    3.973   4.128   4.284   4.442   4.602   4.763   5.008   5.247   5.483   5.714   5.943   6.169   6.392   6.612   6.966
    7.306   7.632   7.947   8.251   8.544   8.825   9.096   9.551   9.980  10.385  10.766  11.124  11.459  11.772  12.062
   12.564  13.028  13.455  13.844  14.195  14.510  14.786  15.025  15.455  15.835  16.165  16.445  16.674  16.851  16.976
   17.048  17.219  17.334  17.392  17.393  17.335  17.220  17.048  16.820  16.560  16.247  15.884  15.473  15.018  14.524
   13.995  13.439  12.983  12.534  12.110  11.733  11.425  11.208  11.105  11.132  12.615  14.063  15.492  16.911  18.323
   19.727  21.122  22.503  25.968  29.054  31.854  34.421  36.787  38.973  40.992  42.850  46.908  50.540  53.804  56.736
   59.361  61.696  63.753  65.542  69.382  72.789  75.794  78.415  80.671  82.572  84.130  85.352  88.157  90.557  92.567
   94.199  95.462  96.371  96.955  97.220  98.445  99.325  99.850 100.000  99.774  99.179  98.239  96.987  95.454  93.676
   91.687  89.545  87.272  84.882  82.384  79.786  77.100  74.315  71.445  68.502  65.498  62.447  59.380  56.314  53.288
   50.325  47.457  44.713  42.118  39.690  37.435  35.367  33.497  31.831  30.367  29.104  28.034  27.145  26.420  25.838
   25.376  25.011  24.721  24.484  24.278  24.088  23.898  23.698  23.476  23.227  22.946  22.630  22.277  21.889  21.465
   21.011  20.528  20.020  19.491  18.947  18.391  17.831  17.268  16.710  16.159  15.619  15.095  14.589  14.105  13.642
   13.203  12.789  12.400  12.035  11.694  11.375  11.076  10.796  10.534  10.287  10.052   9.830   9.617   9.414   9.218
    9.029   8.847   8.670   8.499   8.334   8.175   8.022   7.875   7.734   7.600   7.472   7.351   7.237   7.130   7.029
    6.933   6.843   6.758   6.677   6.600   6.525   6.452   6.381   6.310   6.239   6.168   6.095   6.021   5.945   5.866
    5.785   5.702   5.616   5.528   5.437   5.345   5.250   5.154   5.058   4.960   4.863   4.766   4.670   4.575   4.483
    4.393   4.306   4.223   4.143   4.068   3.998   3.932   3.872   3.817   3.767   3.723   3.685   3.652   3.624   3.600
    3.582   3.567   3.557   3.550   3.546   3.544   3.545   3.548   3.553   3.559   3.565   3.572   3.579   3.586   3.593
    3.599   3.604   3.609   3.612   3.614   3.615   3.614   3.612   3.609   3.604   3.597   3.589   3.579   3.568   3.555
    3.541   3.525   3.507   3.488   3.468   3.446   3.423   3.399   3.374   3.348   3.320   3.292   3.262   3.232   3.201
    3.169   3.136   3.103   3.069   3.035   3.000   2.964   2.928   2.892   2.856   2.819   2.782   2.745   2.708   2.670
    2.633   2.595   2.558   2.521   2.483   2.446   2.409   2.372   2.335   2.298   2.262   2.226   2.190   2.154   2.119
    2.083   2.049   2.014   1.980   1.946   1.913   1.880   1.847   1.814   1.782   1.751   1.720   1.689   1.659   1.629
    1.599   1.570   1.541   1.513   1.485   1.457   1.430   1.403   1.377   1.351   1.326   1.301   1.276   1.252   1.228
    1.205   1.181   1.159   1.136   1.115   1.093   1.072   1.051   1.031   1.011   0.991   0.971   0.952   0.934   0.915
    0.897   0.880   0.862   0.845   0.829   0.812   0.796   0.780   0.765   0.750   0.735   0.720   0.706   0.692   0.678
    0.664   0.651   0.638   0.625   0.613   0.601   0.589   0.577   0.565   0.554   0.543   0.532   0.521   0.511   0.500
    0.490   0.480   0.471   0.461   0.452   0.443   0.434   0.425   0.417   0.408   0.400   0.392   0.384   0.376   0.369
    0.361   0.354   0.347   0.340   0.333   0.326   0.320   0.313   0.307   0.301   0.295   0.289   0.283   0.277   0.271
    0.266   0.261   0.255   0.250   0.245   0.240   0.235   0.231   0.226   0.221   0.217   0.213   0.208   0.204   0.200
    0.196   0.192   0.188   0.184   0.181   0.177   0.173   0.170   0.166   0.163   0.160   0.157   0.153   0.150   0.147
    0.144   0.141   0.139   0.136   0.133   0.130   0.128   0.125   0.123   0.120   0.118   0.115   0.113   0.111   0.109
    0.106   0.104   0.102   0.100   0.098   0.096   0.094   0.092   0.090   0.089   0.087   0.085   0.083   0.082   0.080
    0.078   0.077   0.075
0Binding Energies: (6Li      # 1 / 2H       # 1)(BE =  1.474)-(13C_L0   # 1 / 9Be      # 1)(BE =  0.748)- DISCREPANCY = -0.0050

 ************************************************************************************************************************************

 ONE-way COUPLING # 2 for partitions -3 <-  1 of KIND  7,   0 -1  0 -1 -1 & P1,P2 =    0.0000   0.0000 : for J <=    25.5 & R <  17.7 fm.


 data =  1  1  1  3  0.8307,  so  < [6Li      #  1] / [2H       #  1]  * Eigen-form #  3>  =   0.8307            BE =  1.474     3

 data = -2  1  1  4  2.3500,  so  < [13C_L2   #  1] / [9Be      #  1]  * Eigen-form #  4>  =   2.3500            BE =  0.748     4
  LOCF =            9
  USED(1,*) =  F F T F F F F
  USED(2,*) =  F F F T F F F
 KNT =   4, KNP =   3: NK,NG,loc=   1   1   1      10  T  T  F
 KNT =   4, KNP =   3: NK,NG,loc=   1   1   1      10

     So FINITE-RANGE TRANSFER : IP1 = 0 (POST    ), IP2=-1 =COMPLEX     ,  for   1 pairs of bound states summed into   1 pairs
      The main coupling potential is that binding the transferred particle to the 2H       core.

          Using between 2H       & 9Be      the potential No.   2, and subtracting optical potential No.  2

0RECOMMENDED NON-LOCAL WIDTH IS GREATER THAN    9.24 FM.,  RECOMMENDED CENTRATION  -0.28, after    0.27 secs.
0Relative non-local usages (rms) are
    0.001   0.001   0.001   0.001   0.001   0.001   0.001   0.001   0.001   0.001   0.001   0.001   0.001   0.001   0.001
    0.001   0.001   0.001   0.001   0.001   0.001   0.002   0.002   0.002   0.002   0.002   0.002   0.002   0.002   0.002
    0.002   0.002   0.002   0.002   0.002   0.003   0.003   0.003   0.003   0.003   0.003   0.003   0.003   0.003   0.003
    0.004   0.004   0.004   0.004   0.004   0.004   0.004   0.004   0.005   0.005   0.005   0.005   0.005   0.005   0.005
    0.006   0.006   0.006   0.006   0.006   0.007   0.007   0.007   0.007   0.007   0.007   0.008   0.008   0.008   0.008
    0.008   0.009   0.009   0.009   0.009   0.010   0.010   0.010   0.010   0.010   0.011   0.011   0.011   0.012   0.012
    0.012   0.012   0.013   0.013   0.013   0.014   0.014   0.014   0.015   0.015   0.015   0.016   0.016   0.016   0.017
    0.017   0.018   0.018   0.019   0.019   0.020   0.021   0.021   0.022   0.023   0.024   0.025   0.026   0.027   0.028
    0.029   0.030   0.032   0.033   0.035   0.037   0.039   0.041   0.043   0.045   0.047   0.050   0.052   0.055   0.059
    0.062   0.065   0.069   0.072   0.076   0.080   0.085   0.090   0.095   0.100   0.105   0.110   0.116   0.121   0.129
    0.137   0.144   0.152   0.159   0.166   0.173   0.181   0.192   0.203   0.214   0.225   0.235   0.245   0.255   0.264
    0.281   0.296   0.311   0.326   0.340   0.354   0.367   0.380   0.403   0.424   0.445   0.465   0.484   0.502   0.520
    0.537   0.568   0.597   0.625   0.652   0.678   0.702   0.726   0.748   0.791   0.830   0.868   0.904   0.938   0.970
    1.002   1.031   1.088   1.141   1.191   1.239   1.284   1.328   1.368   1.408   1.482   1.553   1.619   1.682   1.742
    1.798   1.852   1.903   2.001   2.093   2.179   2.261   2.339   2.412   2.482   2.548   2.674   2.793   2.905   3.010
    3.110   3.205   3.295   3.380   3.541   3.692   3.835   3.970   4.098   4.219   4.333   4.442   4.645   4.837   5.018
    5.189   5.351   5.505   5.651   5.790   6.045   6.287   6.515   6.731   6.936   7.131   7.317   7.493   7.812   8.114
    8.400   8.672   8.930   9.175   9.409   9.631  10.025  10.399  10.753  11.090  11.409  11.712  12.000  12.273  12.748
   13.197  13.623  14.025  14.406  14.766  15.107  15.428  15.969  16.478  16.959  17.410  17.834  18.231  18.601  18.946
   19.502  20.022  20.506  20.955  21.369  21.748  22.093  22.404  22.876  23.307  23.697  24.044  24.350  24.615  24.837
   25.017  25.263  25.465  25.622  25.733  25.799  25.819  25.792  25.720  25.617  25.469  25.277  25.042  24.764  24.445
   24.086  23.690  23.312  22.904  22.471  22.017  21.548  21.071  20.592  20.118  20.250  20.411  20.607  20.845  21.128
   21.461  21.845  22.279  24.313  26.236  28.069  29.824  31.507  33.124  34.678  36.172  39.452  42.463  45.245  47.823
   50.218  52.444  54.510  56.423  59.874  63.038  65.938  68.593  71.014  73.211  75.195  76.975  79.830  82.420  84.753
   86.837  88.679  90.296  91.702  92.897  94.628  96.126  97.393  98.419  99.192  99.708  99.972 100.000  99.806  99.411
   98.831  98.098  97.224  96.216  95.083  93.825  92.443  90.930  89.295  87.541  85.670  83.685  81.599  79.415  77.158
   74.827  72.444  70.019  67.570  65.103  62.623  60.136  57.655  55.184  52.730  50.298  47.897  45.531  43.204  40.923
   38.691  36.513  34.393  32.333  30.338  28.409  26.548  24.758  23.040  21.395  19.824  18.327  16.905  15.556  14.282
   13.081  11.951  10.893   9.904   8.984   8.129   7.339   6.611   5.944   5.335   4.782   4.282   3.833   3.433   3.079
    2.769   2.498   2.265   2.066   1.898   1.756   1.638   1.539   1.457   1.387   1.328   1.277   1.233   1.193   1.158
    1.125   1.096   1.070   1.046   1.024   1.005   0.988   0.973   0.959   0.948   0.938   0.929   0.920   0.913   0.906
    0.898   0.891   0.883   0.875   0.866   0.855   0.844   0.832   0.819   0.805   0.789   0.773   0.755   0.737   0.718
    0.698   0.677   0.656   0.634   0.612   0.590   0.568   0.545   0.523   0.500   0.478   0.456   0.435   0.414   0.393
    0.373   0.354   0.335   0.317   0.300   0.284   0.268   0.253   0.240   0.227   0.215   0.204   0.194   0.185   0.177
    0.169   0.163   0.157   0.152   0.148   0.145   0.142   0.139   0.137   0.135   0.134   0.133   0.132   0.131   0.130
    0.129   0.128   0.128   0.127   0.126   0.126   0.125   0.124   0.123   0.122   0.121   0.120   0.119   0.118   0.116
    0.115   0.114   0.112   0.111   0.109   0.107   0.106   0.104   0.102   0.101   0.099   0.097   0.095   0.094   0.092
    0.090   0.088   0.087   0.085   0.083   0.081   0.079   0.078   0.076   0.074   0.073   0.071   0.069   0.068   0.066
    0.065   0.063   0.061   0.060   0.058   0.057   0.056   0.054   0.053   0.051   0.050   0.049   0.048   0.046   0.045
    0.044   0.043   0.042   0.041   0.039   0.038   0.037   0.036   0.035   0.034   0.034   0.033   0.032   0.031   0.030
    0.029   0.028   0.028   0.027   0.026   0.025   0.025   0.024   0.023   0.023   0.022   0.021   0.021   0.020   0.020
    0.019   0.019   0.018   0.018   0.017   0.017   0.016   0.016   0.015   0.015   0.014   0.014   0.014   0.013   0.013
    0.013   0.012   0.012   0.012   0.011   0.011   0.011   0.010   0.010   0.010   0.009   0.009   0.009   0.009   0.008
    0.008   0.008   0.008   0.008   0.007   0.007   0.007   0.007   0.007   0.006   0.006   0.006   0.006   0.006   0.006
    0.005   0.005   0.005   0.005   0.005   0.005   0.005   0.004   0.004   0.004   0.004   0.004   0.004   0.004   0.004
    0.004   0.003   0.003   0.003   0.003   0.003   0.003   0.003   0.003   0.003   0.003   0.003   0.003   0.002   0.002
    0.002   0.002   0.002   0.002   0.002   0.002   0.002   0.002   0.002   0.002   0.002   0.002   0.002   0.002   0.002
    0.002   0.002   0.001   0.001   0.001   0.001   0.001   0.001   0.001   0.001   0.001   0.001   0.001   0.001   0.001
    0.001   0.001   0.001   0.001   0.001   0.001   0.001   0.001   0.001   0.001   0.001   0.001   0.001   0.001   0.001
    0.001   0.001   0.001   0.001   0.001   0.001   0.001   0.001   0.001   0.001   0.001   0.001   0.001   0.000   0.000
    0.000   0.000   0.000
0Binding Energies: (6Li      # 1 / 2H       # 1)(BE =  1.474)-(13C_L2   # 1 / 9Be      # 1)(BE =  0.748)- DISCREPANCY = -0.0050

 ************************************************************************************************************************************

 ONE-way COUPLING # 3 for partitions -4 <-  1 of KIND  7,   0 -1  0 -1 -1 & P1,P2 =    0.0000   0.0000 : for J <=    25.5 & R <  17.7 fm.


 data =  1  1  1  5  0.8307,  so  < [6Li      #  1] / [2H       #  1]  * Eigen-form #  5>  =   0.8307            BE =  1.474     5

 data =  2  1  1  6  7.0001,  so  < [13C_L02  #  1] / [9Be      #  1]  * Eigen-form #  6>  =   7.0001            BE =  0.748     6

 data = -2  1  1  7  2.3500,  so  < [13C_L02  #  1] / [9Be      #  1]  * Eigen-form #  7>  =   2.3500            BE =  0.748     7
  LOCF =            9
  USED(1,*) =  F F F F T F F
  USED(2,*) =  F F F F F T T
 KNT =   6, KNP =   5: NK,NG,loc=   1   1   1      10  T  T  F
 KNT =   6, KNP =   5: NK,NG,loc=   1   1   1      10
 KNT =   7, KNP =   5: NK,NG,loc=   2   2   2      11  T  T  F
 KNT =   7, KNP =   5: NK,NG,loc=   2   2   2      11

     So FINITE-RANGE TRANSFER : IP1 = 0 (POST    ), IP2=-1 =COMPLEX     ,  for   2 pairs of bound states summed into   2 pairs
      The main coupling potential is that binding the transferred particle to the 2H       core.

          Using between 2H       & 9Be      the potential No.   2, and subtracting optical potential No.  2

0RECOMMENDED NON-LOCAL WIDTH IS GREATER THAN   13.70 FM.,  RECOMMENDED CENTRATION   1.21, after    0.53 secs.
0Relative non-local usages (rms) are
    0.004   0.004   0.004   0.004   0.005   0.005   0.005   0.005   0.005   0.005   0.006   0.006   0.006   0.006   0.006
    0.006   0.007   0.007   0.007   0.007   0.007   0.008   0.008   0.008   0.008   0.009   0.009   0.009   0.009   0.010
    0.010   0.010   0.010   0.011   0.011   0.011   0.011   0.012   0.012   0.013   0.013   0.013   0.013   0.014   0.014
    0.014   0.015   0.015   0.016   0.016   0.016   0.017   0.017   0.018   0.018   0.018   0.019   0.019   0.020   0.020
    0.021   0.021   0.022   0.022   0.023   0.023   0.024   0.024   0.024   0.025   0.026   0.026   0.027   0.027   0.028
    0.028   0.029   0.030   0.030   0.031   0.032   0.032   0.033   0.034   0.035   0.035   0.036   0.037   0.038   0.039
    0.040   0.041   0.042   0.043   0.044   0.045   0.047   0.048   0.049   0.051   0.052   0.054   0.056   0.058   0.060
    0.061   0.063   0.065   0.067   0.070   0.073   0.076   0.079   0.082   0.084   0.087   0.089   0.094   0.098   0.103
    0.107   0.111   0.114   0.118   0.121   0.128   0.134   0.140   0.146   0.151   0.156   0.161   0.165   0.174   0.183
    0.191   0.198   0.205   0.211   0.217   0.223   0.235   0.246   0.256   0.266   0.275   0.283   0.290   0.296   0.312
    0.326   0.339   0.351   0.361   0.371   0.380   0.388   0.406   0.424   0.439   0.454   0.467   0.478   0.489   0.498
    0.521   0.541   0.560   0.577   0.593   0.607   0.619   0.630   0.657   0.681   0.703   0.723   0.742   0.758   0.773
    0.786   0.817   0.845   0.871   0.895   0.916   0.935   0.953   0.968   1.004   1.037   1.067   1.095   1.120   1.143
    1.164   1.182   1.223   1.261   1.296   1.328   1.358   1.385   1.411   1.433   1.480   1.524   1.565   1.603   1.639
    1.672   1.703   1.732   1.786   1.838   1.887   1.933   1.977   2.018   2.058   2.095   2.162   2.225   2.285   2.343
    2.399   2.453   2.506   2.556   2.641   2.722   2.801   2.877   2.952   3.024   3.095   3.165   3.278   3.388   3.495
    3.599   3.701   3.801   3.899   3.996   4.153   4.305   4.453   4.598   4.739   4.877   5.013   5.146   5.365   5.577
    5.782   5.981   6.174   6.363   6.548   6.728   7.028   7.316   7.593   7.861   8.119   8.369   8.611   8.846   9.239
    9.613   9.971  10.313  10.640  10.952  11.250  11.535  12.013  12.465  12.891  13.293  13.670  14.023  14.353  14.660
   15.175  15.653  16.095  16.502  16.873  17.209  17.509  17.773  18.214  18.609  18.958  19.262  19.518  19.728  19.890
   20.004  20.203  20.351  20.448  20.493  20.486  20.427  20.317  20.155  19.965  19.726  19.441  19.113  18.744  18.337
   17.897  17.428  17.023  16.609  16.198  15.803  15.437  15.113  14.847  14.652  15.513  16.411  17.349  18.325  19.336
   20.376  21.442  22.525  25.560  28.307  30.831  33.169  35.344  37.372  39.262  41.020  44.864  48.325  51.457  54.293
   56.856  59.163  61.226  63.054  66.789  70.134  73.114  75.751  78.060  80.053  81.739  83.130  85.958  88.422  90.535
   92.308  93.750  94.877  95.714  96.266  97.652  98.728  99.486  99.911 100.000  99.756  99.199  98.356  97.254  95.925
   94.398  92.723  90.918  88.997  86.968  84.837  82.612  80.285  77.868  75.371  72.801  70.169  67.500  64.804  62.115
   59.443  56.818  54.256  51.776  49.390  47.100  44.913  42.838  40.878  39.034  37.308  35.699  34.205  32.821  31.543
   30.363  29.273  28.265  27.330  26.459  25.642  24.871  24.138  23.435  22.756  22.095  21.448  20.811  20.181  19.557
   18.939  18.326  17.718  17.116  16.523  15.939  15.368  14.810  14.268  13.745  13.241  12.759  12.299  11.865  11.454
   11.068  10.706  10.370  10.055   9.763   9.492   9.238   9.002   8.781   8.572   8.376   8.189   8.011   7.841   7.678
    7.520   7.368   7.220   7.078   6.941   6.808   6.680   6.558   6.441   6.329   6.224   6.123   6.029   5.939   5.855
    5.776   5.701   5.630   5.563   5.499   5.436   5.376   5.316   5.257   5.198   5.138   5.077   5.015   4.951   4.885
    4.817   4.747   4.675   4.601   4.525   4.448   4.369   4.288   4.207   4.126   4.045   3.963   3.883   3.804   3.727
    3.652   3.579   3.509   3.443   3.380   3.321   3.267   3.216   3.170   3.129   3.092   3.060   3.032   3.009   2.989
    2.974   2.962   2.953   2.947   2.944   2.942   2.943   2.946   2.949   2.954   2.959   2.965   2.971   2.977   2.982
    2.987   2.992   2.995   2.998   3.000   3.001   3.000   2.999   2.996   2.992   2.986   2.979   2.971   2.962   2.951
    2.939   2.926   2.911   2.895   2.879   2.861   2.842   2.822   2.801   2.779   2.756   2.732   2.708   2.683   2.657
    2.630   2.603   2.575   2.547   2.519   2.490   2.460   2.431   2.400   2.370   2.340   2.309   2.278   2.247   2.216
    2.185   2.154   2.123   2.092   2.061   2.030   1.999   1.968   1.938   1.907   1.877   1.847   1.817   1.788   1.758
    1.729   1.700   1.672   1.643   1.615   1.587   1.560   1.533   1.506   1.479   1.453   1.427   1.402   1.376   1.352
    1.327   1.303   1.279   1.255   1.232   1.209   1.187   1.165   1.143   1.121   1.100   1.080   1.059   1.039   1.019
    1.000   0.980   0.962   0.943   0.925   0.907   0.890   0.872   0.855   0.839   0.822   0.806   0.790   0.775   0.760
    0.745   0.730   0.716   0.702   0.688   0.674   0.661   0.648   0.635   0.622   0.610   0.598   0.586   0.574   0.563
    0.551   0.540   0.530   0.519   0.509   0.498   0.488   0.479   0.469   0.460   0.450   0.441   0.432   0.424   0.415
    0.407   0.399   0.391   0.383   0.375   0.368   0.360   0.353   0.346   0.339   0.332   0.325   0.319   0.312   0.306
    0.300   0.294   0.288   0.282   0.276   0.271   0.265   0.260   0.255   0.249   0.244   0.240   0.235   0.230   0.225
    0.221   0.216   0.212   0.208   0.203   0.199   0.195   0.191   0.187   0.184   0.180   0.176   0.173   0.169   0.166
    0.163   0.159   0.156   0.153   0.150   0.147   0.144   0.141   0.138   0.135   0.133   0.130   0.127   0.125   0.122
    0.120   0.117   0.115   0.113   0.110   0.108   0.106   0.104   0.102   0.100   0.098   0.096   0.094   0.092   0.090
    0.088   0.086   0.085   0.083   0.081   0.080   0.078   0.077   0.075   0.074   0.072   0.071   0.069   0.068   0.066
    0.065   0.064   0.063
0Binding Energies: (6Li      # 1 / 2H       # 1)(BE =  1.474)-(13C_L02  # 1 / 9Be      # 1)(BE =  0.748)- DISCREPANCY = -0.0050

 Incoming partition  1 in excitation state # 1,   Laboratory Energy given for partition  1 Nucleus 1 in Excitation pair 1

0Lab. ENERGY ranges :

   from    32.0000     to   0.00000     in        0 intervals
   from    0.00000     to   0.00000     in        0 intervals
   from    0.00000     to   0.00000     in        0 intervals

 Largest real,imaginary parts of any form factor at R=   17.12 are   8.41E-02  9.86E-08 MeV
 Finished all Couplings @    1.09877205    

 Non-symmetric Hamiltonian
1***********************************************************************************************************************************
************************************************************************************************************************************

        INCOMING 6Li      ;    LABORATORY 6Li      ENERGY =   32.000     MeV.

 ***********************************************************************************************************************************
 ***********************************************************************************************************************************

 Allocate arrays for           12  channels, of which           12  need wfs.

 #########################################################################################################################
 #                                                                                                                       #
 # Total SPIN and PARITY =     0.5 +,     12 channels,    3 in 1st block.  Rmin & Coul turning =    0.0 9.004E-01 fm.    #
 #                                                                                                                       #
 #########################################################################################################################



    C Projectl Target   #   EX.   (L  Proj) J  + Targ = Jtotal     E-cm      Re K     Re Eta     RM*K            CH                     G-REL
    1 6Li      9Be      #    1: I   1 1.0    1.0  1.5     0.5    19.19101   1.81996   0.81935   32.6138  -0.11664  -0.49313 1 1 1   1  1.00000
    2 6Li      9Be      #    1: I   1 1.0    2.0  1.5     0.5    19.19101   1.81996   0.81935   32.6138  -0.11664  -0.49313 1 1 1   1  1.00000
    3 6Li      9Be      #    1: I   3 1.0    2.0  1.5     0.5    19.19101   1.81996   0.81935   32.6138  -0.27778   0.42532 1 1 1   1  1.00000
    4 2H       13C_L0   #    1:     1 1.0    1.0  1.5     0.5    18.47001   1.24143   0.29035   22.2464  -0.39324   0.31498 2 1 2   1  1.00000
    5 2H       13C_L0   #    1:     1 1.0    2.0  1.5     0.5    18.47001   1.24143   0.29035   22.2464  -0.39324   0.31498 2 1 2   1  1.00000
    6 2H       13C_L0   #    1:     3 1.0    2.0  1.5     0.5    18.47001   1.24143   0.29035   22.2464   0.49555  -0.10467 2 1 2   1  1.00000
    7 2H       13C_L2   #    1:     1 1.0    1.0  1.5     0.5    18.47001   1.24143   0.29035   22.2464  -0.39324   0.31498 3 1 3   1  1.00000
    8 2H       13C_L2   #    1:     1 1.0    2.0  1.5     0.5    18.47001   1.24143   0.29035   22.2464  -0.39324   0.31498 3 1 3   1  1.00000
    9 2H       13C_L2   #    1:     3 1.0    2.0  1.5     0.5    18.47001   1.24143   0.29035   22.2464   0.49555  -0.10467 3 1 3   1  1.00000
   10 2H       13C_L02  #    1:     1 1.0    1.0  1.5     0.5    18.47001   1.24143   0.29035   22.2464  -0.39324   0.31498 4 1 4   1  1.00000
   11 2H       13C_L02  #    1:     1 1.0    2.0  1.5     0.5    18.47001   1.24143   0.29035   22.2464  -0.39324   0.31498 4 1 4   1  1.00000
   12 2H       13C_L02  #    1:     3 1.0    2.0  1.5     0.5    18.47001   1.24143   0.29035   22.2464   0.49555  -0.10467 4 1 4   1  1.00000

L-couplings:

   1  4  2  1   10  1  0  0.0  1  1  1.0  1.0   1  1.00000  1.00000  7.00010  0.83070 5.814983046296E+00  0.28209    1.640

   2  5  2  1   10  1  0  0.0  1  1  2.0  2.0   1  1.00000  1.00000  7.00010  0.83070 5.814983046296E+00  0.28209    1.640

   3  6  2  1   10  1  0  0.0  3  3  2.0  2.0   3  1.00000  1.00000  7.00010  0.83070 5.814983046296E+00  0.28209    1.640

L-couplings:

   1  7  4  3   10  1  2  2.0  1  1  1.0  1.0   1  0.70711 -0.50000  2.35000  0.83070-6.901874376930E-01 -0.39894    0.275

   1  8  4  3   10  1  2  2.0  1  1  1.0  2.0   1 -0.54772 -0.86603  2.35000  0.83070 9.259836167388E-01 -0.39894   -0.369

   1  9  4  3   10  1  2  2.0  1  3  1.0  2.0   1 -0.54772  0.57735  2.35000  0.83070-6.173224111592E-01  0.48860   -0.302

   2  7  4  3   10  1  2  2.0  1  1  2.0  1.0   1  0.70711  0.67082  2.35000  0.83070 9.259836167388E-01 -0.39894   -0.369

   2  8  4  3   10  1  2  2.0  1  1  2.0  2.0   1  0.83666  0.59161  2.35000  0.83070 9.662624127702E-01 -0.39894   -0.385

   2  9  4  3   10  1  2  2.0  1  3  2.0  2.0   1  0.83666  0.16903  2.35000  0.83070 2.760749750772E-01  0.48860    0.135

   3  7  4  3   10  1  2  2.0  3  1  2.0  1.0   3  0.70711 -0.68313  2.35000  0.83070-9.429755591099E-01  0.31987   -0.302

   3  8  4  3   10  1  2  2.0  3  1  2.0  2.0   3  0.83666  0.25820  2.35000  0.83070 4.217114902581E-01  0.31987    0.135

   3  9  4  3   10  1  2  2.0  3  3  2.0  2.0   3  0.83666  0.82808  2.35000  0.83070 1.352485639381E+00 -0.32574   -0.441

L-couplings:

   1 10  6  5   10  1  0  0.0  1  1  1.0  1.0   1  1.00000  1.00000  7.00010  0.83070 5.814983046296E+00  0.28209    1.640

   1 10  7  5   11  2  2  2.0  1  1  1.0  1.0   1  0.70711 -0.50000  2.35000  0.83070-6.901874376930E-01 -0.39894    0.275

   1 11  7  5   11  2  2  2.0  1  1  1.0  2.0   1 -0.54772 -0.86603  2.35000  0.83070 9.259836167388E-01 -0.39894   -0.369

   1 12  7  5   11  2  2  2.0  1  3  1.0  2.0   1 -0.54772  0.57735  2.35000  0.83070-6.173224111592E-01  0.48860   -0.302

   2 10  7  5   11  2  2  2.0  1  1  2.0  1.0   1  0.70711  0.67082  2.35000  0.83070 9.259836167388E-01 -0.39894   -0.369

   2 11  6  5   10  1  0  0.0  1  1  2.0  2.0   1  1.00000  1.00000  7.00010  0.83070 5.814983046296E+00  0.28209    1.640

   2 11  7  5   11  2  2  2.0  1  1  2.0  2.0   1  0.83666  0.59161  2.35000  0.83070 9.662624127702E-01 -0.39894   -0.385

   2 12  7  5   11  2  2  2.0  1  3  2.0  2.0   1  0.83666  0.16903  2.35000  0.83070 2.760749750772E-01  0.48860    0.135

   3 10  7  5   11  2  2  2.0  3  1  2.0  1.0   3  0.70711 -0.68313  2.35000  0.83070-9.429755591099E-01  0.31987   -0.302

   3 11  7  5   11  2  2  2.0  3  1  2.0  2.0   3  0.83666  0.25820  2.35000  0.83070 4.217114902581E-01  0.31987    0.135

   3 12  6  5   10  1  0  0.0  3  3  2.0  2.0   3  1.00000  1.00000  7.00010  0.83070 5.814983046296E+00  0.28209    1.640

   3 12  7  5   11  2  2  2.0  3  3  2.0  2.0   3  0.83666  0.82808  2.35000  0.83070 1.352485639381E+00 -0.32574   -0.441
 Reaction Xsec     0.5+/ 1 @ 1 =     1.546 , Out:   0.000#   0.364/   0.113/   0.376/   1.545f
 Reaction Xsec     0.5+/ 1 @ 2 =     1.546 , Out:   0.000#   0.364/   0.129/   0.637/   1.545f
 Reaction Xsec     0.5+/ 3 @ 3 =     1.545 , Out:   0.000#   3.875/   0.449/   6.546/   1.534f

 Total SPIN, PARITY =     0.5 -,     12 chs,      3 cc.  Rmin & Coul turning =    0.0    0.9

L-couplings:

   1  4  2  1   10  1  0  0.0  0  0  1.0  1.0   0  1.00000  1.00000  7.00010  0.83070 5.814983046296E+00  0.28209    1.640

   2  5  2  1   10  1  0  0.0  2  2  1.0  1.0   2  1.00000  1.00000  7.00010  0.83070 5.814983046296E+00  0.28209    1.640

   3  6  2  1   10  1  0  0.0  2  2  2.0  2.0   2  1.00000  1.00000  7.00010  0.83070 5.814983046296E+00  0.28209    1.640

L-couplings:

   1  8  4  3   10  1  2  2.0  0  2  1.0  1.0   0  0.70711  0.44721  2.35000  0.83070 6.173224111592E-01  0.63078    0.389

   1  9  4  3   10  1  2  2.0  0  2  1.0  2.0   0 -0.54772  0.57735  2.35000  0.83070-6.173224111592E-01  0.63078   -0.389

   2  7  4  3   10  1  2  2.0  2  0  1.0  1.0   2  0.70711  1.00000  2.35000  0.83070 1.380374875386E+00  0.28209    0.389

   2  8  4  3   10  1  2  2.0  2  2  1.0  1.0   2  0.70711  0.59161  2.35000  0.83070 8.166407893370E-01 -0.33717   -0.275

   2  9  4  3   10  1  2  2.0  2  2  1.0  2.0   2 -0.54772 -0.76376  2.35000  0.83070 8.166407893370E-01 -0.33717   -0.275

   3  7  4  3   10  1  2  2.0  2  0  2.0  1.0   2  0.70711 -1.00000  2.35000  0.83070-1.380374875386E+00  0.28209   -0.389

   3  8  4  3   10  1  2  2.0  2  2  2.0  1.0   2  0.70711  0.59161  2.35000  0.83070 8.166407893370E-01 -0.33717   -0.275

   3  9  4  3   10  1  2  2.0  2  2  2.0  2.0   2  0.83666  0.50000  2.35000  0.83070 8.166407893370E-01 -0.33717   -0.275

L-couplings:

   1 10  6  5   10  1  0  0.0  0  0  1.0  1.0   0  1.00000  1.00000  7.00010  0.83070 5.814983046296E+00  0.28209    1.640

   1 11  7  5   11  2  2  2.0  0  2  1.0  1.0   0  0.70711  0.44721  2.35000  0.83070 6.173224111592E-01  0.63078    0.389

   1 12  7  5   11  2  2  2.0  0  2  1.0  2.0   0 -0.54772  0.57735  2.35000  0.83070-6.173224111592E-01  0.63078   -0.389

   2 10  7  5   11  2  2  2.0  2  0  1.0  1.0   2  0.70711  1.00000  2.35000  0.83070 1.380374875386E+00  0.28209    0.389

   2 11  6  5   10  1  0  0.0  2  2  1.0  1.0   2  1.00000  1.00000  7.00010  0.83070 5.814983046296E+00  0.28209    1.640

   2 11  7  5   11  2  2  2.0  2  2  1.0  1.0   2  0.70711  0.59161  2.35000  0.83070 8.166407893370E-01 -0.33717   -0.275

   2 12  7  5   11  2  2  2.0  2  2  1.0  2.0   2 -0.54772 -0.76376  2.35000  0.83070 8.166407893370E-01 -0.33717   -0.275

   3 10  7  5   11  2  2  2.0  2  0  2.0  1.0   2  0.70711 -1.00000  2.35000  0.83070-1.380374875386E+00  0.28209   -0.389

   3 11  7  5   11  2  2  2.0  2  2  2.0  1.0   2  0.70711  0.59161  2.35000  0.83070 8.166407893370E-01 -0.33717   -0.275

   3 12  6  5   10  1  0  0.0  2  2  2.0  2.0   2  1.00000  1.00000  7.00010  0.83070 5.814983046296E+00  0.28209    1.640

   3 12  7  5   11  2  2  2.0  2  2  2.0  2.0   2  0.83666  0.50000  2.35000  0.83070 8.166407893370E-01 -0.33717   -0.275
 Reaction Xsec     0.5-/ 0 @ 1 =     1.546 , Out:   0.000#   0.813/   8.412#   0.822/   1.544f
 Reaction Xsec     0.5-/ 2 @ 2 =     1.546 , Out:   0.000#   0.209/   0.198/   0.407/   1.545f
 Reaction Xsec     0.5-/ 2 @ 3 =     1.546 , Out:   0.000#   0.209/   0.198/   0.407/   1.545f
 Allocate arrays for           20  channels, of which           20  need wfs.

 Total SPIN, PARITY =     1.5 +,     20 chs,      5 cc.  Rmin & Coul turning =    0.2    1.3
 Reaction Xsec     1.5+/ 1 @ 1 =     3.092 , Out:   0.000#   0.721/   0.188/   0.909/   3.090f
 Reaction Xsec     1.5+/ 1 @ 2 =     3.092 , Out:   0.000#   0.721/   0.203/   1.081/   3.090f
 Reaction Xsec     1.5+/ 1 @ 3 =     3.092 , Out:   0.000#   0.721/   0.232/   0.954/   3.090f
 Reaction Xsec     1.5+/ 3 @ 4 =     3.090 , Out:   0.000#   7.749/   0.765/   8.514/   3.073f
 Reaction Xsec     1.5+/ 3 @ 5 =     3.090 , Out:   0.000#   7.749/   0.865/   0.012    3.069f

 Total SPIN, PARITY =     1.5 -,     20 chs,      5 cc.  Rmin & Coul turning =    0.2    1.3
 Reaction Xsec     1.5-/ 0 @ 1 =     3.092 , Out:   0.000#   2.823/   0.022/   2.845/   3.086f
 Reaction Xsec     1.5-/ 2 @ 2 =     3.093 , Out:   0.000#   0.417/   0.309/   0.729/   3.091f
 Reaction Xsec     1.5-/ 2 @ 3 =     3.093 , Out:   0.000#   0.417/   0.348/   0.767/   3.091f
 Reaction Xsec     1.5-/ 2 @ 4 =     3.093 , Out:   0.000#   0.417/   0.381/   0.798/   3.091f
 Reaction Xsec     1.5-/ 4 @ 5 =     3.095 , Out:   0.000#   5.715/   1.562/   0.010    3.078f
 Allocate arrays for           24  channels, of which           24  need wfs.

 Total SPIN, PARITY =     2.5 +,     24 chs,      6 cc.  Rmin & Coul turning =    0.6    1.9
 Reaction Xsec     2.5+/ 1 @ 1 =     4.638 , Out:   0.000#   0.034    0.533/   0.033    4.570f
 Reaction Xsec     2.5+/ 1 @ 2 =     4.638 , Out:   0.000#   0.034    0.830/   0.028    4.575f
 Reaction Xsec     2.5+/ 3 @ 3 =     4.635 , Out:   0.000#   0.012    0.804/   7.647/   4.615f
 Reaction Xsec     2.5+/ 3 @ 4 =     4.635 , Out:   0.000#   0.012    1.062/   0.011    4.611f
 Reaction Xsec     2.5+/ 3 @ 5 =     4.635 , Out:   0.000#   0.012    1.307/   0.018    4.603f
 Reaction Xsec     2.5+/ 5 @ 6 =     4.659 , Out:   0.000#   9.737/   2.094/   0.015    4.632f

 Total SPIN, PARITY =     2.5 -,     24 chs,      6 cc.  Rmin & Coul turning =    0.6    1.9
 Reaction Xsec     2.5-/ 0 @ 1 =     4.638 , Out:   0.000#   0.057    0.093/   0.058    4.523f
 Reaction Xsec     2.5-/ 2 @ 2 =     4.639 , Out:   0.000#   0.484/   0.257/   0.798/   4.637f
 Reaction Xsec     2.5-/ 2 @ 3 =     4.639 , Out:   0.000#   0.484/   0.478/   0.761/   4.637f
 Reaction Xsec     2.5-/ 2 @ 4 =     4.639 , Out:   0.000#   0.484/   0.758/   1.147/   4.636f
 Reaction Xsec     2.5-/ 4 @ 5 =     4.643 , Out:   0.000#   8.573/   3.351/   0.011    4.620f
 Reaction Xsec     2.5-/ 4 @ 6 =     4.643 , Out:   0.000#   8.573/   2.463/   0.015    4.617f

 Total SPIN, PARITY =     3.5 +,     24 chs,      6 cc.  Rmin & Coul turning =    0.8    2.4
 Reaction Xsec     3.5+/ 1 @ 1 =     6.184 , Out:   0.000#   0.115    0.534/   0.124    5.944f
 Reaction Xsec     3.5+/ 3 @ 2 =     6.180 , Out:   0.000#   0.017    0.444/   0.020    6.142f
 Reaction Xsec     3.5+/ 3 @ 3 =     6.180 , Out:   0.000#   0.017    1.084/   0.012    6.149f
 Reaction Xsec     3.5+/ 3 @ 4 =     6.180 , Out:   0.000#   0.017    1.984/   0.016    6.145f
 Reaction Xsec     3.5+/ 5 @ 5 =     6.212 , Out:   0.000#   0.013    3.950/   0.015    6.180f
 Reaction Xsec     3.5+/ 5 @ 6 =     6.212 , Out:   0.000#   0.013    2.874/   0.020    6.177f

 Total SPIN, PARITY =     3.5 -,     24 chs,      6 cc.  Rmin & Coul turning =    0.8    2.4
 Reaction Xsec     3.5-/ 2 @ 1 =     6.185 , Out:   0.000#   0.013    0.359/   0.015    6.157f
 Reaction Xsec     3.5-/ 2 @ 2 =     6.185 , Out:   0.000#   0.013    0.829/   8.665/   6.162f
 Reaction Xsec     3.5-/ 4 @ 3 =     6.190 , Out:   0.000#   0.011    1.054/   7.571/   6.170f
 Reaction Xsec     3.5-/ 4 @ 4 =     6.190 , Out:   0.000#   0.011    4.354/   0.014    6.161f
 Reaction Xsec     3.5-/ 4 @ 5 =     6.190 , Out:   0.000#   0.011    3.429/   0.020    6.156f
 Reaction Xsec     3.5-/ 6 @ 6 =     6.207 , Out:   0.000#   2.023/   5.459/   8.012/   6.192f

 Total SPIN, PARITY =     4.5 +,     24 chs,      6 cc.  Rmin & Coul turning =    1.1    2.9
 Reaction Xsec     4.5+/ 3 @ 1 =     7.724 , Out:   0.000#   0.041    0.416/   0.047    7.636f
 Reaction Xsec     4.5+/ 3 @ 2 =     7.724 , Out:   0.000#   0.041    1.069/   0.031    7.651f
 Reaction Xsec     4.5+/ 5 @ 3 =     7.765 , Out:   0.000#   0.016    0.696/   0.012    7.736f
 Reaction Xsec     4.5+/ 5 @ 4 =     7.765 , Out:   0.000#   0.016    4.677/   0.019    7.726f
 Reaction Xsec     4.5+/ 5 @ 5 =     7.765 , Out:   0.000#   0.016    3.611/   0.025    7.721f
 Reaction Xsec     4.5+/ 7 @ 6 =     7.836 , Out:   0.000#   7.284/   1.835/   0.011    7.816f

 Total SPIN, PARITY =     4.5 -,     24 chs,      6 cc.  Rmin & Coul turning =    1.1    2.9
 Reaction Xsec     4.5-/ 2 @ 1 =     7.731 , Out:   0.000#   0.066    0.379/   0.075    7.590f
 Reaction Xsec     4.5-/ 4 @ 2 =     7.738 , Out:   0.000#   0.014    0.291/   0.017    7.706f
 Reaction Xsec     4.5-/ 4 @ 3 =     7.738 , Out:   0.000#   0.014    1.248/   0.010    7.712f
 Reaction Xsec     4.5-/ 4 @ 4 =     7.738 , Out:   0.000#   0.014    6.854/   0.018    7.699f
 Reaction Xsec     4.5-/ 6 @ 5 =     7.759 , Out:   0.000#   2.529/   9.747/   0.012    7.735f
 Reaction Xsec     4.5-/ 6 @ 6 =     7.759 , Out:   0.000#   2.529/   6.963/   0.010    7.739f

 Total SPIN, PARITY =     5.5 +,     24 chs,      6 cc.  Rmin & Coul turning =    1.4    3.5
 Reaction Xsec     5.5+/ 3 @ 1 =     9.269 , Out:   0.000#   0.060    0.324/   0.068    9.141f
 Reaction Xsec     5.5+/ 5 @ 2 =     9.318 , Out:   0.000#   0.019    0.190/   0.022    9.277f
 Reaction Xsec     5.5+/ 5 @ 3 =     9.318 , Out:   0.000#   0.019    0.806/   0.015    9.283f
 Reaction Xsec     5.5+/ 5 @ 4 =     9.318 , Out:   0.000#   0.019    6.831/   0.023    9.269f
 Reaction Xsec     5.5+/ 7 @ 5 =     9.404 , Out:   0.000#   8.740/   2.792/   9.993/   9.382f
 Reaction Xsec     5.5+/ 7 @ 6 =     9.404 , Out:   0.000#   8.740/   2.222/   0.014    9.379f

 Total SPIN, PARITY =     5.5 -,     24 chs,      6 cc.  Rmin & Coul turning =    1.4    3.5
 Reaction Xsec     5.5-/ 4 @ 1 =     9.285 , Out:   0.000#   0.014    0.242/   0.017    9.253f
 Reaction Xsec     5.5-/ 4 @ 2 =     9.285 , Out:   0.000#   0.014    0.573/   9.669/   9.261f
 Reaction Xsec     5.5-/ 6 @ 3 =     9.311 , Out:   0.000#   2.959/   0.665/   2.909/   9.304f
 Reaction Xsec     5.5-/ 6 @ 4 =     9.311 , Out:   0.000#   2.959/   0.011    0.014    9.283f
 Reaction Xsec     5.5-/ 6 @ 5 =     9.311 , Out:   0.000#   2.959/   8.340/   0.012    9.288f
 Reaction Xsec     5.5-/ 8 @ 6 =     9.446 , Out:   0.000#   1.921/   7.514/   9.982/   9.426f

 Total SPIN, PARITY =     6.5 +,     24 chs,      6 cc.  Rmin & Coul turning =    1.7    4.0
 Reaction Xsec     6.5+/ 5 @ 1 =    10.871 , Out:   0.000#   0.018    0.152/   0.021   10.833f
 Reaction Xsec     6.5+/ 5 @ 2 =    10.871 , Out:   0.000#   0.018    0.327/   0.014   10.840f
 Reaction Xsec     6.5+/ 7 @ 3 =    10.971 , Out:   0.000#   0.010    0.343/   7.565/  10.953f
 Reaction Xsec     6.5+/ 7 @ 4 =    10.971 , Out:   0.000#   0.010    3.164/   0.012   10.946f
 Reaction Xsec     6.5+/ 7 @ 5 =    10.971 , Out:   0.000#   0.010    2.603/   0.016   10.942f
 Reaction Xsec     6.5+/ 9 @ 6 =    10.452 , Out:   0.000#   1.099/   6.642/   8.041/  10.436f

 Total SPIN, PARITY =     6.5 -,     24 chs,      6 cc.  Rmin & Coul turning =    1.7    4.0
 Reaction Xsec     6.5-/ 4 @ 1 =    10.833 , Out:   0.000#   9.984/   0.155/   0.012   10.810f
 Reaction Xsec     6.5-/ 6 @ 2 =    10.863 , Out:   0.000#   3.503/   0.051/   4.085/  10.855f
 Reaction Xsec     6.5-/ 6 @ 3 =    10.863 , Out:   0.000#   3.503/   0.675/   3.372/  10.855f
 Reaction Xsec     6.5-/ 6 @ 4 =    10.863 , Out:   0.000#   3.503/   0.013    0.016   10.830f
 Reaction Xsec     6.5-/ 8 @ 5 =    11.020 , Out:   0.000#   2.241/   0.011    0.013   10.993f
 Reaction Xsec     6.5-/ 8 @ 6 =    11.020 , Out:   0.000#   2.241/   8.834/   0.012   10.997f

 Total SPIN, PARITY =     7.5 +,     24 chs,      6 cc.  Rmin & Coul turning =    1.9    4.6
 Reaction Xsec     7.5+/ 5 @ 1 =    12.424 , Out:   0.000#   0.016    0.115/   0.018   12.391f
 Reaction Xsec     7.5+/ 7 @ 2 =    12.538 , Out:   0.000#   0.012    0.132/   0.014   12.512f
 Reaction Xsec     7.5+/ 7 @ 3 =    12.538 , Out:   0.000#   0.012    0.371/   8.746/  12.517f
 Reaction Xsec     7.5+/ 7 @ 4 =    12.538 , Out:   0.000#   0.012    3.645/   0.013   12.510f
 Reaction Xsec     7.5+/ 9 @ 5 =    11.945 , Out:   0.000#   1.255/   9.579/   0.011   11.924f
 Reaction Xsec     7.5+/ 9 @ 6 =    11.945 , Out:   0.000#   1.255/   7.631/   9.217/  11.927f

 Total SPIN, PARITY =     7.5 -,     24 chs,      6 cc.  Rmin & Coul turning =    1.9    4.6
 Reaction Xsec     7.5-/ 6 @ 1 =    12.414 , Out:   0.000#   4.553/   0.055/   5.313/  12.405f
 Reaction Xsec     7.5-/ 6 @ 2 =    12.414 , Out:   0.000#   4.553/   0.098/   3.570/  12.406f
 Reaction Xsec     7.5-/ 8 @ 3 =    12.594 , Out:   0.000#   2.565/   0.430/   2.311/  12.589f
 Reaction Xsec     7.5-/ 8 @ 4 =    12.594 , Out:   0.000#   2.565/   0.013    0.015   12.564f
 Reaction Xsec     7.5-/ 8 @ 5 =    12.594 , Out:   0.000#   2.565/   0.010    0.013   12.568f
 Reaction Xsec     7.5-/10 @ 6 =    10.158 , Out:   0.000#   0.352/   3.277/   3.730/  10.151f

 Total SPIN, PARITY =     8.5 +,     24 chs,      6 cc.  Rmin & Coul turning =    2.2    5.1
 Reaction Xsec     8.5+/ 7 @ 1 =    14.105 , Out:   0.000#   0.013    0.142/   0.015   14.077f
 Reaction Xsec     8.5+/ 7 @ 2 =    14.105 , Out:   0.000#   0.013    0.279/   9.341/  14.083f
 Reaction Xsec     8.5+/ 9 @ 3 =    13.438 , Out:   0.000#   1.414/   0.279/   1.295/  13.435f
 Reaction Xsec     8.5+/ 9 @ 4 =    13.438 , Out:   0.000#   1.414/   0.011    0.012   13.415f
 Reaction Xsec     8.5+/ 9 @ 5 =    13.438 , Out:   0.000#   1.414/   8.579/   0.010   13.418f
 Reaction Xsec     8.5+/11 @ 6 =     7.560 , Out:   0.000#   0.070/   0.975/   1.057/   7.558f

 Total SPIN, PARITY =     8.5 -,     24 chs,      6 cc.  Rmin & Coul turning =    2.2    5.1
 Reaction Xsec     8.5-/ 6 @ 1 =    13.966 , Out:   0.000#   6.153/   0.064/   7.206/  13.953f
 Reaction Xsec     8.5-/ 8 @ 2 =    14.169 , Out:   0.000#   2.885/   0.032/   3.457/  14.162f
 Reaction Xsec     8.5-/ 8 @ 3 =    14.169 , Out:   0.000#   2.885/   0.434/   2.575/  14.163f
 Reaction Xsec     8.5-/ 8 @ 4 =    14.169 , Out:   0.000#   2.885/   0.014    0.017   14.135f
 Reaction Xsec     8.5-/10 @ 5 =    11.428 , Out:   0.000#   0.396/   4.543/   4.860/  11.418f
 Reaction Xsec     8.5-/10 @ 6 =    11.428 , Out:   0.000#   0.396/   3.700/   4.206/  11.420f

 Total SPIN, PARITY =     9.5 +,     24 chs,      6 cc.  Rmin & Coul turning =    2.5    5.7
 Reaction Xsec     9.5+/ 7 @ 1 =    15.673 , Out:   0.000#   0.014    0.152/   0.017   15.642f
 Reaction Xsec     9.5+/ 9 @ 2 =    14.932 , Out:   0.000#   1.571/   0.019/   1.913/  14.928f
 Reaction Xsec     9.5+/ 9 @ 3 =    14.932 , Out:   0.000#   1.571/   0.280/   1.422/  14.928f
 Reaction Xsec     9.5+/ 9 @ 4 =    14.932 , Out:   0.000#   1.571/   0.012    0.013   14.905f
 Reaction Xsec     9.5+/11 @ 5 =     8.400 , Out:   0.000#   0.078/   1.309/   1.359/   8.397f
 Reaction Xsec     9.5+/11 @ 6 =     8.400 , Out:   0.000#   0.078/   1.086/   1.177/   8.398f

 Total SPIN, PARITY =     9.5 -,     24 chs,      6 cc.  Rmin & Coul turning =    2.5    5.7
 Reaction Xsec     9.5-/ 8 @ 1 =    15.743 , Out:   0.000#   3.214/   0.034/   3.854/  15.736f
 Reaction Xsec     9.5-/ 8 @ 2 =    15.743 , Out:   0.000#   3.214/   0.061/   2.434/  15.737f
 Reaction Xsec     9.5-/10 @ 3 =    12.698 , Out:   0.000#   0.441/   0.104/   0.423/  12.697f
 Reaction Xsec     9.5-/10 @ 4 =    12.698 , Out:   0.000#   0.441/   4.954/   5.305/  12.687f
 Reaction Xsec     9.5-/10 @ 5 =    12.698 , Out:   0.000#   0.441/   4.109/   4.672/  12.689f
 Reaction Xsec     9.5-/12 @ 6 =     4.706 , Out:   0.000#   0.017/   0.228/   0.238/   4.705f

 Total SPIN, PARITY =    10.5 +,     24 chs,      6 cc.  Rmin & Coul turning =    2.8    6.2
 Reaction Xsec    10.5+/ 9 @ 1 =    16.425 , Out:   0.000#   1.731/   0.019/   2.107/  16.421f
 Reaction Xsec    10.5+/ 9 @ 2 =    16.425 , Out:   0.000#   1.731/   0.033/   1.288/  16.422f
 Reaction Xsec    10.5+/11 @ 3 =     9.240 , Out:   0.000#   0.086/   0.025/   0.086/   9.240f
 Reaction Xsec    10.5+/11 @ 4 =     9.240 , Out:   0.000#   0.086/   1.418/   1.473/   9.237f
 Reaction Xsec    10.5+/11 @ 5 =     9.240 , Out:   0.000#   0.086/   1.195/   1.294/   9.237f
 Reaction Xsec    10.5+/13 @ 6 =     2.597 , Out:   0.000#   0.011/   0.049/   0.060/   2.597f

 Total SPIN, PARITY =    10.5 -,     24 chs,      6 cc.  Rmin & Coul turning =    2.8    6.2
 Reaction Xsec    10.5-/ 8 @ 1 =    17.317 , Out:   0.000#   3.617/   0.038/   4.372/  17.309f
 Reaction Xsec    10.5-/10 @ 2 =    13.968 , Out:   0.000#   0.485/   5.566#   0.591/  13.966f
 Reaction Xsec    10.5-/10 @ 3 =    13.968 , Out:   0.000#   0.485/   0.104/   0.459/  13.966f
 Reaction Xsec    10.5-/10 @ 4 =    13.968 , Out:   0.000#   0.485/   5.474/   5.857/  13.956f
 Reaction Xsec    10.5-/12 @ 5 =     5.176 , Out:   0.000#   0.018/   0.298/   0.299/   5.176f
 Reaction Xsec    10.5-/12 @ 6 =     5.176 , Out:   0.000#   0.018/   0.251/   0.262/   5.176f

 Total SPIN, PARITY =    11.5 +,     24 chs,      6 cc.  Rmin & Coul turning =    3.0    6.8
 Reaction Xsec    11.5+/ 9 @ 1 =    17.918 , Out:   0.000#   1.884/   0.021/   2.305/  17.914f
 Reaction Xsec    11.5+/11 @ 2 =    10.080 , Out:   0.000#   0.093/   1.391#   0.115/  10.080f
 Reaction Xsec    11.5+/11 @ 3 =    10.080 , Out:   0.000#   0.093/   0.025/   0.092/  10.080f
 Reaction Xsec    11.5+/11 @ 4 =    10.080 , Out:   0.000#   0.093/   1.552/   1.611/  10.077f
 Reaction Xsec    11.5+/13 @ 5 =     2.834 , Out:   0.000#   0.012/   0.062/   0.070/   2.833f
 Reaction Xsec    11.5+/13 @ 6 =     2.834 , Out:   0.000#   0.012/   0.053/   0.066/   2.834f

 Total SPIN, PARITY =    11.5 -,     24 chs,      6 cc.  Rmin & Coul turning =    3.0    6.8
 Reaction Xsec    11.5-/10 @ 1 =    15.237 , Out:   0.000#   0.529/   5.690#   0.644/  15.236f
 Reaction Xsec    11.5-/10 @ 2 =    15.237 , Out:   0.000#   0.529/   9.492#   0.395/  15.236f
 Reaction Xsec    11.5-/12 @ 3 =     5.647 , Out:   0.000#   0.020/   4.811#   0.019/   5.647f
 Reaction Xsec    11.5-/12 @ 4 =     5.647 , Out:   0.000#   0.020/   0.320/   0.322/   5.646f
 Reaction Xsec    11.5-/12 @ 5 =     5.647 , Out:   0.000#   0.020/   0.274/   0.286/   5.646f
 Reaction Xsec    11.5-/14 @ 6 =     1.334 , Out:   0.000#   4.325#   9.522#   0.016/   1.334f

 Total SPIN, PARITY =    12.5 +,     24 chs,      6 cc.  Rmin & Coul turning =    3.4    7.3
 Reaction Xsec    12.5+/11 @ 1 =    10.920 , Out:   0.000#   0.101/   1.433#   0.124/  10.920f
 Reaction Xsec    12.5+/11 @ 2 =    10.920 , Out:   0.000#   0.101/   2.290#   0.075/  10.920f
 Reaction Xsec    12.5+/13 @ 3 =     3.070 , Out:   0.000#   0.013/   0.926#   0.011/   3.070f
 Reaction Xsec    12.5+/13 @ 4 =     3.070 , Out:   0.000#   0.013/   0.067/   0.075/   3.070f
 Reaction Xsec    12.5+/13 @ 5 =     3.070 , Out:   0.000#   0.013/   0.058/   0.071/   3.070f
 Reaction Xsec    12.5+/15 @ 6 =     0.657 , Out:   0.000#   0.428#   1.570#   2.413#   0.657f

 Total SPIN, PARITY =    12.5 -,     24 chs,      6 cc.  Rmin & Coul turning =    3.4    7.3
 Reaction Xsec    12.5-/10 @ 1 =    16.507 , Out:   0.000#   0.572/   6.107#   0.701/  16.506f
 Reaction Xsec    12.5-/12 @ 2 =     6.117 , Out:   0.000#   0.022/   0.355#   0.026/   6.117f
 Reaction Xsec    12.5-/12 @ 3 =     6.117 , Out:   0.000#   0.022/   4.842#   0.021/   6.117f
 Reaction Xsec    12.5-/12 @ 4 =     6.117 , Out:   0.000#   0.022/   0.348/   0.349/   6.117f
 Reaction Xsec    12.5-/14 @ 5 =     1.445 , Out:   0.000#   4.685#   0.012/   0.017/   1.445f
 Reaction Xsec    12.5-/14 @ 6 =     1.445 , Out:   0.000#   4.685#   0.010/   0.017/   1.445f

 Total SPIN, PARITY =    13.5 +,     24 chs,      6 cc.  Rmin & Coul turning =    3.6    7.9
 Reaction Xsec    13.5+/11 @ 1 =    11.760 , Out:   0.000#   0.109/   1.534#   0.134/  11.760f
 Reaction Xsec    13.5+/13 @ 2 =     3.306 , Out:   0.000#   0.014/   0.121#   0.016/   3.306f
 Reaction Xsec    13.5+/13 @ 3 =     3.306 , Out:   0.000#   0.014/   0.937#   0.012/   3.306f
 Reaction Xsec    13.5+/13 @ 4 =     3.306 , Out:   0.000#   0.014/   0.072/   0.081/   3.306f
 Reaction Xsec    13.5+/15 @ 5 =     0.708 , Out:   0.000#   0.461#   1.939#   2.735#   0.708f
 Reaction Xsec    13.5+/15 @ 6 =     0.708 , Out:   0.000#   0.461#   1.693#   2.600#   0.708f

 Total SPIN, PARITY =    13.5 -,     24 chs,      6 cc.  Rmin & Coul turning =    3.6    7.9
 Reaction Xsec    13.5-/12 @ 1 =     6.588 , Out:   0.000#   0.023/   0.371#   0.028/   6.588f
 Reaction Xsec    13.5-/12 @ 2 =     6.588 , Out:   0.000#   0.023/   0.574#   0.018/   6.588f
 Reaction Xsec    13.5-/14 @ 3 =     1.556 , Out:   0.000#   5.046#   0.165#   4.291#   1.556f
 Reaction Xsec    13.5-/14 @ 4 =     1.556 , Out:   0.000#   5.046#   0.013/   0.018/   1.556f
 Reaction Xsec    13.5-/14 @ 5 =     1.556 , Out:   0.000#   5.046#   0.011/   0.018/   1.556f
 Reaction Xsec    13.5-/16 @ 6 =     0.316 , Out:   0.000#   0.000#   0.225#   0.251#   0.316f

 Total SPIN, PARITY =    14.5 +,     24 chs,      6 cc.  Rmin & Coul turning =    3.9    8.4
 Reaction Xsec    14.5+/13 @ 1 =     3.542 , Out:   0.000#   0.015/   0.127#   0.017/   3.542f
 Reaction Xsec    14.5+/13 @ 2 =     3.542 , Out:   0.000#   0.015/   0.186#   0.012/   3.542f
 Reaction Xsec    14.5+/15 @ 3 =     0.758 , Out:   0.000#   0.494#   0.021#   0.425#   0.758f
 Reaction Xsec    14.5+/15 @ 4 =     0.758 , Out:   0.000#   0.494#   2.060#   2.909#   0.758f
 Reaction Xsec    14.5+/15 @ 5 =     0.758 , Out:   0.000#   0.494#   1.813#   2.785#   0.758f
 Reaction Xsec    14.5+/17 @ 6 =     0.150 , Out:   0.000#   0.003#   0.037#   0.036#   0.150f

 Total SPIN, PARITY =    14.5 -,     24 chs,      6 cc.  Rmin & Coul turning =    3.9    8.4
 Reaction Xsec    14.5-/12 @ 1 =     7.059 , Out:   0.000#   0.025/   0.395#   0.031/   7.059f
 Reaction Xsec    14.5-/14 @ 2 =     1.667 , Out:   0.000#   5.406#   0.030#   6.259#   1.667f
 Reaction Xsec    14.5-/14 @ 3 =     1.667 , Out:   0.000#   5.406#   0.168#   4.600#   1.667f
 Reaction Xsec    14.5-/14 @ 4 =     1.667 , Out:   0.000#   5.406#   0.014/   0.020/   1.667f
 Reaction Xsec    14.5-/16 @ 5 =     0.339 , Out:   0.000#   0.000#   0.274#   0.305#   0.339f
 Reaction Xsec    14.5-/16 @ 6 =     0.339 , Out:   0.000#   0.000#   0.241#   0.269#   0.339f

 Total SPIN, PARITY =    15.5 +,     24 chs,      6 cc.  Rmin & Coul turning =    4.2    9.0
 Reaction Xsec    15.5+/13 @ 1 =     3.778 , Out:   0.000#   0.016/   0.135#   0.019/   3.778f
 Reaction Xsec    15.5+/15 @ 2 =     0.809 , Out:   0.000#   0.527#   0.003#   0.615#   0.809f
 Reaction Xsec    15.5+/15 @ 3 =     0.809 , Out:   0.000#   0.527#   0.021#   0.453#   0.809f
 Reaction Xsec    15.5+/15 @ 4 =     0.809 , Out:   0.000#   0.527#   2.200#   3.106#   0.809f
 Reaction Xsec    15.5+/17 @ 5 =     0.160 , Out:   0.000#   0.004#   0.044#   0.043#   0.160f
 Reaction Xsec    15.5+/17 @ 6 =     0.160 , Out:   0.000#   0.004#   0.039#   0.039#   0.160f

 Total SPIN, PARITY =    15.5 -,     24 chs,      6 cc.  Rmin & Coul turning =    4.2    9.0
 Reaction Xsec    15.5-/14 @ 1 =     1.778 , Out:   0.000#   5.766#   0.032#   6.677#   1.778f
 Reaction Xsec    15.5-/14 @ 2 =     1.778 , Out:   0.000#   5.766#   0.044#   4.757#   1.778f
 Reaction Xsec    15.5-/16 @ 3 =     0.361 , Out:   0.000#   0.000#   0.002#   0.002#   0.361f
 Reaction Xsec    15.5-/16 @ 4 =     0.361 , Out:   0.000#   0.000#   0.290#   0.323#   0.361f
 Reaction Xsec    15.5-/16 @ 5 =     0.361 , Out:   0.000#   0.000#   0.257#   0.287#   0.361f
 Reaction Xsec    15.5-/18 @ 6 =     0.071 , Out:   0.000#   0.000#   0.007#   0.006#   0.071f

 Total SPIN, PARITY =    16.5 +,     24 chs,      6 cc.  Rmin & Coul turning =    4.5    9.5
 Reaction Xsec    16.5+/15 @ 1 =     0.859 , Out:   0.000#   0.560#   0.003#   0.654#   0.859f
 Reaction Xsec    16.5+/15 @ 2 =     0.859 , Out:   0.000#   0.560#   0.004#   0.458#   0.859f
 Reaction Xsec    16.5+/17 @ 3 =     0.170 , Out:   0.000#   0.004#   0.000#   0.004#   0.170f
 Reaction Xsec    16.5+/17 @ 4 =     0.170 , Out:   0.000#   0.004#   0.046#   0.045#   0.170f
 Reaction Xsec    16.5+/17 @ 5 =     0.170 , Out:   0.000#   0.004#   0.041#   0.041#   0.170f
 Reaction Xsec    16.5+/19 @ 6 =     0.033 , Out:   0.000#   0.000#   0.001#   0.001#   0.033f

 Total SPIN, PARITY =    16.5 -,     24 chs,      6 cc.  Rmin & Coul turning =    4.5    9.5
 Reaction Xsec    16.5-/14 @ 1 =     1.889 , Out:   0.000#   6.127#   0.034#   7.108#   1.889f
 Reaction Xsec    16.5-/16 @ 2 =     0.384 , Out:   0.000#   0.000#   0.000#   0.000#   0.384f
 Reaction Xsec    16.5-/16 @ 3 =     0.384 , Out:   0.000#   0.000#   0.002#   0.002#   0.384f
 Reaction Xsec    16.5-/16 @ 4 =     0.384 , Out:   0.000#   0.000#   0.309#   0.344#   0.384f
 Reaction Xsec    16.5-/18 @ 5 =     0.075 , Out:   0.000#   0.000#   0.009#   0.008#   0.075f
 Reaction Xsec    16.5-/18 @ 6 =     0.075 , Out:   0.000#   0.000#   0.008#   0.007#   0.075f

 Total SPIN, PARITY =    17.5 +,     24 chs,      6 cc.  Rmin & Coul turning =    4.7   10.1
 Reaction Xsec    17.5+/15 @ 1 =     0.910 , Out:   0.000#   0.593#   0.003#   0.693#   0.910f
 Reaction Xsec    17.5+/17 @ 2 =     0.180 , Out:   0.000#   0.004#   0.000#   0.004#   0.180f
 Reaction Xsec    17.5+/17 @ 3 =     0.180 , Out:   0.000#   0.004#   0.000#   0.004#   0.180f
 Reaction Xsec    17.5+/17 @ 4 =     0.180 , Out:   0.000#   0.004#   0.049#   0.048#   0.180f
 Reaction Xsec    17.5+/19 @ 5 =     0.035 , Out:   0.000#   0.000#   0.001#   0.001#   0.035f
 Reaction Xsec    17.5+/19 @ 6 =     0.035 , Out:   0.000#   0.000#   0.001#   0.001#   0.035f

 Total SPIN, PARITY =    17.5 -,     24 chs,      6 cc.  Rmin & Coul turning =    4.7   10.1
 Reaction Xsec    17.5-/16 @ 1 =     0.407 , Out:   0.000#   0.000#   0.000#   0.000#   0.407f
 Reaction Xsec    17.5-/16 @ 2 =     0.407 , Out:   0.000#   0.000#   0.000#   0.000#   0.407f
 Reaction Xsec    17.5-/18 @ 3 =     0.079 , Out:   0.000#   0.000#   0.000#   0.000#   0.079f
 Reaction Xsec    17.5-/18 @ 4 =     0.079 , Out:   0.000#   0.000#   0.009#   0.008#   0.079f
 Reaction Xsec    17.5-/18 @ 5 =     0.079 , Out:   0.000#   0.000#   0.008#   0.007#   0.079f
 Reaction Xsec    17.5-/20 @ 6 =     0.015 , Out:   0.000#   0.000#   0.000#   0.000#   0.015f

 Total SPIN, PARITY =    18.5 +,     24 chs,      6 cc.  Rmin & Coul turning =    5.0   10.6
 Reaction Xsec    18.5+/17 @ 1 =     0.190 , Out:   0.000#   0.004#   0.000#   0.005#   0.190f
 Reaction Xsec    18.5+/17 @ 2 =     0.190 , Out:   0.000#   0.004#   0.000#   0.004#   0.190f
 Reaction Xsec    18.5+/19 @ 3 =     0.037 , Out:   0.000#   0.000#   0.000#   0.000#   0.037f
 Reaction Xsec    18.5+/19 @ 4 =     0.037 , Out:   0.000#   0.000#   0.002#   0.001#   0.037f
 Reaction Xsec    18.5+/19 @ 5 =     0.037 , Out:   0.000#   0.000#   0.001#   0.001#   0.037f
 Reaction Xsec    18.5+/21 @ 6 =     7.085/, Out:   0.000#   0.000#   0.000#   0.000#   0.007f

 Total SPIN, PARITY =    18.5 -,     24 chs,      6 cc.  Rmin & Coul turning =    5.0   10.6
 Reaction Xsec    18.5-/16 @ 1 =     0.429 , Out:   0.000#   0.000#   0.000#   0.000#   0.429f
 Reaction Xsec    18.5-/18 @ 2 =     0.084 , Out:   0.000#   0.000#   0.000#   0.000#   0.084f
 Reaction Xsec    18.5-/18 @ 3 =     0.084 , Out:   0.000#   0.000#   0.000#   0.000#   0.084f
 Reaction Xsec    18.5-/18 @ 4 =     0.084 , Out:   0.000#   0.000#   0.010#   0.008#   0.084f
 Reaction Xsec    18.5-/20 @ 5 =     0.016 , Out:   0.000#   0.000#   0.000#   0.000#   0.016f
 Reaction Xsec    18.5-/20 @ 6 =     0.016 , Out:   0.000#   0.000#   0.000#   0.000#   0.016f

 Total SPIN, PARITY =    19.5 +,     24 chs,      6 cc.  Rmin & Coul turning =    5.3   11.2
 Reaction Xsec    19.5+/17 @ 1 =     0.200 , Out:   0.000#   0.005#   0.000#   0.005#   0.200f
 Reaction Xsec    19.5+/19 @ 2 =     0.039 , Out:   0.000#   0.000#   0.000#   0.000#   0.039f
 Reaction Xsec    19.5+/19 @ 3 =     0.039 , Out:   0.000#   0.000#   0.000#   0.000#   0.039f
 Reaction Xsec    19.5+/19 @ 4 =     0.039 , Out:   0.000#   0.000#   0.002#   0.002#   0.039f
 Reaction Xsec    19.5+/21 @ 5 =     7.458/, Out:   0.000#   0.000#   0.000#   0.000#   0.007f
 Reaction Xsec    19.5+/21 @ 6 =     7.458/, Out:   0.000#   0.000#   0.000#   0.000#   0.007f

 Total SPIN, PARITY =    19.5 -,     24 chs,      6 cc.  Rmin & Coul turning =    5.3   11.2
 Reaction Xsec    19.5-/18 @ 1 =     0.088 , Out:   0.000#   0.000#   0.000#   0.000#   0.088f
 Reaction Xsec    19.5-/18 @ 2 =     0.088 , Out:   0.000#   0.000#   0.000#   0.000#   0.088f
 Reaction Xsec    19.5-/20 @ 3 =     0.017 , Out:   0.000#   0.000#   0.000#   0.000#   0.017f
 Reaction Xsec    19.5-/20 @ 4 =     0.017 , Out:   0.000#   0.000#   0.000#   0.000#   0.017f
 Reaction Xsec    19.5-/20 @ 5 =     0.017 , Out:   0.000#   0.000#   0.000#   0.000#   0.017f
 Reaction Xsec    19.5-/22 @ 6 =     3.265/, Out:   0.000#   0.000#   0.000#   0.000#   0.003f

 Total SPIN, PARITY =    20.5 +,     24 chs,      6 cc.  Rmin & Coul turning =    5.6   11.7
 Reaction Xsec    20.5+/19 @ 1 =     0.041 , Out:   0.000#   0.000#   0.000#   0.000#   0.041f
 Reaction Xsec    20.5+/19 @ 2 =     0.041 , Out:   0.000#   0.000#   0.000#   0.000#   0.041f
 Reaction Xsec    20.5+/21 @ 3 =     7.831/, Out:   0.000#   0.000#   0.000#   0.000#   0.008f
 Reaction Xsec    20.5+/21 @ 4 =     7.831/, Out:   0.000#   0.000#   0.000#   0.000#   0.008f
 Reaction Xsec    20.5+/21 @ 5 =     7.831/, Out:   0.000#   0.000#   0.000#   0.000#   0.008f
 Reaction Xsec    20.5+/23 @ 6 =     1.499/, Out:   0.000#   0.000#   0.000#   0.000#   0.001f

 Total SPIN, PARITY =    20.5 -,     24 chs,      6 cc.  Rmin & Coul turning =    5.6   11.7
 Reaction Xsec    20.5-/18 @ 1 =     0.093 , Out:   0.000#   0.000#   0.000#   0.000#   0.093f
 Reaction Xsec    20.5-/20 @ 2 =     0.018 , Out:   0.000#   0.000#   0.000#   0.000#   0.018f
 Reaction Xsec    20.5-/20 @ 3 =     0.018 , Out:   0.000#   0.000#   0.000#   0.000#   0.018f
 Reaction Xsec    20.5-/20 @ 4 =     0.018 , Out:   0.000#   0.000#   0.000#   0.000#   0.018f
 Reaction Xsec    20.5-/22 @ 5 =     3.428/, Out:   0.000#   0.000#   0.000#   0.000#   0.003f
 Reaction Xsec    20.5-/22 @ 6 =     3.428/, Out:   0.000#   0.000#   0.000#   0.000#   0.003f

 Total SPIN, PARITY =    21.5 +,     24 chs,      6 cc.  Rmin & Coul turning =    5.8   12.3
 Reaction Xsec    21.5+/19 @ 1 =     0.043 , Out:   0.000#   0.000#   0.000#   0.000#   0.043f
 Reaction Xsec    21.5+/21 @ 2 =     8.203/, Out:   0.000#   0.000#   0.000#   0.000#   0.008f
 Reaction Xsec    21.5+/21 @ 3 =     8.203/, Out:   0.000#   0.000#   0.000#   0.000#   0.008f
 Reaction Xsec    21.5+/21 @ 4 =     8.203/, Out:   0.000#   0.000#   0.000#   0.000#   0.008f
 Reaction Xsec    21.5+/23 @ 5 =     1.571/, Out:   0.000#   0.000#   0.000#   0.000#   0.002f
 Reaction Xsec    21.5+/23 @ 6 =     1.571/, Out:   0.000#   0.000#   0.000#   0.000#   0.002f

 Total SPIN, PARITY =    21.5 -,     24 chs,      6 cc.  Rmin & Coul turning =    5.8   12.3
 Reaction Xsec    21.5-/20 @ 1 =     0.019 , Out:   0.000#   0.000#   0.000#   0.000#   0.019f
 Reaction Xsec    21.5-/20 @ 2 =     0.019 , Out:   0.000#   0.000#   0.000#   0.000#   0.019f
 Reaction Xsec    21.5-/22 @ 3 =     3.592/, Out:   0.000#   0.000#   0.000#   0.000#   0.004f
 Reaction Xsec    21.5-/22 @ 4 =     3.592/, Out:   0.000#   0.000#   0.000#   0.000#   0.004f
 Reaction Xsec    21.5-/22 @ 5 =     3.592/, Out:   0.000#   0.000#   0.000#   0.000#   0.004f
 Reaction Xsec    21.5-/24 @ 6 =     0.687/, Out:   0.000#   0.000#   0.000#   0.000#   0.001f

 Total SPIN, PARITY =    22.5 +,     24 chs,      6 cc.  Rmin & Coul turning =    6.2   12.8
 Reaction Xsec    22.5+/21 @ 1 =     8.576/, Out:   0.000#   0.000#   0.000#   0.000#   0.009f
 Reaction Xsec    22.5+/21 @ 2 =     8.576/, Out:   0.000#   0.000#   0.000#   0.000#   0.009f
 Reaction Xsec    22.5+/23 @ 3 =     1.642/, Out:   0.000#   0.000#   0.000#   0.000#   0.002f
 Reaction Xsec    22.5+/23 @ 4 =     1.642/, Out:   0.000#   0.000#   0.000#   0.000#   0.002f
 Reaction Xsec    22.5+/23 @ 5 =     1.642/, Out:   0.000#   0.000#   0.000#   0.000#   0.002f
 Reaction Xsec    22.5+/25 @ 6 =     0.314/, Out:   0.000#   0.000#   0.000#   0.000#   0.000f

 Total SPIN, PARITY =    22.5 -,     24 chs,      6 cc.  Rmin & Coul turning =    6.2   12.8
 Reaction Xsec    22.5-/20 @ 1 =     0.020 , Out:   0.000#   0.000#   0.000#   0.000#   0.020f
 Reaction Xsec    22.5-/22 @ 2 =     3.755/, Out:   0.000#   0.000#   0.000#   0.000#   0.004f
 Reaction Xsec    22.5-/22 @ 3 =     3.755/, Out:   0.000#   0.000#   0.000#   0.000#   0.004f
 Reaction Xsec    22.5-/22 @ 4 =     3.755/, Out:   0.000#   0.000#   0.000#   0.000#   0.004f
 Reaction Xsec    22.5-/24 @ 5 =     0.718/, Out:   0.000#   0.000#   0.000#   0.000#   0.001f
 Reaction Xsec    22.5-/24 @ 6 =     0.718/, Out:   0.000#   0.000#   0.000#   0.000#   0.001f

 Total SPIN, PARITY =    23.5 +,     24 chs,      6 cc.  Rmin & Coul turning =    6.4   13.4
 Reaction Xsec    23.5+/21 @ 1 =     8.949/, Out:   0.000#   0.000#   0.000#   0.000#   0.009f
 Reaction Xsec    23.5+/23 @ 2 =     1.714/, Out:   0.000#   0.000#   0.000#   0.000#   0.002f
 Reaction Xsec    23.5+/23 @ 3 =     1.714/, Out:   0.000#   0.000#   0.000#   0.000#   0.002f
 Reaction Xsec    23.5+/23 @ 4 =     1.714/, Out:   0.000#   0.000#   0.000#   0.000#   0.002f
 Reaction Xsec    23.5+/25 @ 5 =     0.327/, Out:   0.000#   0.000#   0.000#   0.000#   0.000f
 Reaction Xsec    23.5+/25 @ 6 =     0.327/, Out:   0.000#   0.000#   0.000#   0.000#   0.000f

 Total SPIN, PARITY =    23.5 -,     24 chs,      6 cc.  Rmin & Coul turning =    6.4   13.4
 Reaction Xsec    23.5-/22 @ 1 =     3.918/, Out:   0.000#   0.000#   0.000#   0.000#   0.004f
 Reaction Xsec    23.5-/22 @ 2 =     3.918/, Out:   0.000#   0.000#   0.000#   0.000#   0.004f
 Reaction Xsec    23.5-/24 @ 3 =     0.749/, Out:   0.000#   0.000#   0.000#   0.000#   0.001f
 Reaction Xsec    23.5-/24 @ 4 =     0.749/, Out:   0.000#   0.000#   0.000#   0.000#   0.001f
 Reaction Xsec    23.5-/24 @ 5 =     0.749/, Out:   0.000#   0.000#   0.000#   0.000#   0.001f
 Reaction Xsec    23.5-/26 @ 6 =     0.143/, Out:   0.000#   0.000#   0.000#   0.000#   0.000f

 Total SPIN, PARITY =    24.5 +,     24 chs,      6 cc.  Rmin & Coul turning =    6.7   13.9
 Reaction Xsec    24.5+/23 @ 1 =     1.785/, Out:   0.000#   0.000#   0.000#   0.000#   0.002f
 Reaction Xsec    24.5+/23 @ 2 =     1.785/, Out:   0.000#   0.000#   0.000#   0.000#   0.002f
 Reaction Xsec    24.5+/25 @ 3 =     0.341/, Out:   0.000#   0.000#   0.000#   0.000#   0.000f
 Reaction Xsec    24.5+/25 @ 4 =     0.341/, Out:   0.000#   0.000#   0.000#   0.000#   0.000f
 Reaction Xsec    24.5+/25 @ 5 =     0.341/, Out:   0.000#   0.000#   0.000#   0.000#   0.000f
 Reaction Xsec    24.5+/27 @ 6 =     0.064/, Out:   0.000#   0.000#   0.000#   0.000#   0.000f

 Total SPIN, PARITY =    24.5 -,     24 chs,      6 cc.  Rmin & Coul turning =    6.7   13.9
 Reaction Xsec    24.5-/22 @ 1 =     4.081/, Out:   0.000#   0.000#   0.000#   0.000#   0.004f
 Reaction Xsec    24.5-/24 @ 2 =     0.780/, Out:   0.000#   0.000#   0.000#   0.000#   0.001f
 Reaction Xsec    24.5-/24 @ 3 =     0.780/, Out:   0.000#   0.000#   0.000#   0.000#   0.001f
 Reaction Xsec    24.5-/24 @ 4 =     0.780/, Out:   0.000#   0.000#   0.000#   0.000#   0.001f
 Reaction Xsec    24.5-/26 @ 5 =     0.149/, Out:   0.000#   0.000#   0.000#   0.000#   0.000f
 Reaction Xsec    24.5-/26 @ 6 =     0.149/, Out:   0.000#   0.000#   0.000#   0.000#   0.000f

 Total SPIN, PARITY =    25.5 +,     24 chs,      6 cc.  Rmin & Coul turning =    7.0   14.5
 Reaction Xsec    25.5+/23 @ 1 =     1.856/, Out:   0.000#   0.000#   0.000#   0.000#   0.002f
 Reaction Xsec    25.5+/25 @ 2 =     0.354/, Out:   0.000#   0.000#   0.000#   0.000#   0.000f
 Reaction Xsec    25.5+/25 @ 3 =     0.354/, Out:   0.000#   0.000#   0.000#   0.000#   0.000f
 Reaction Xsec    25.5+/25 @ 4 =     0.354/, Out:   0.000#   0.000#   0.000#   0.000#   0.000f
 Reaction Xsec    25.5+/27 @ 5 =     0.067/, Out:   0.000#   0.000#   0.000#   0.000#   0.000f
 Reaction Xsec    25.5+/27 @ 6 =     0.067/, Out:   0.000#   0.000#   0.000#   0.000#   0.000f

 Total SPIN, PARITY =    25.5 -,     24 chs,      6 cc.  Rmin & Coul turning =    7.0   14.5
 Reaction Xsec    25.5-/24 @ 1 =     0.811/, Out:   0.000#   0.000#   0.000#   0.000#   0.001f
 Reaction Xsec    25.5-/24 @ 2 =     0.811/, Out:   0.000#   0.000#   0.000#   0.000#   0.001f
 Reaction Xsec    25.5-/26 @ 3 =     0.154/, Out:   0.000#   0.000#   0.000#   0.000#   0.000f
 Reaction Xsec    25.5-/26 @ 4 =     0.154/, Out:   0.000#   0.000#   0.000#   0.000#   0.000f
 Reaction Xsec    25.5-/26 @ 5 =     0.154/, Out:   0.000#   0.000#   0.000#   0.000#   0.000f
 Reaction Xsec    25.5-/28 @ 6 =     0.028/, Out:   0.000#   0.000#   0.000#   0.000#   0.000f
 Finished all CC sets @    5.53017187    
0CUMULATIVE REACTION cross section               =       1349.21920  <L> =     8.06  <L**2> =     75.9
0CUMULATIVE  ELASTIC cross section               =          0.00000
0CUMULATIVE outgoing cross sections in partition 1 :    0.00000
0CUMULATIVE outgoing cross sections in partition 2 :    1.15016
0CUMULATIVE outgoing cross sections in partition 3 :    0.30138
0CUMULATIVE outgoing cross sections in partition 4 :    1.45147
0Cumulative ABSORBTION by Imaginary Potentials    =      1346.31619  <L> =     8.06  <L**2> =     76.0
   Fusion for specific 6Li      M-states :    1346.540294    1355.795616    1346.540294
0CUMULATIVE OUTGOING cross section               =          2.90301
 Strength functions * 10^4 for L=0-2  =   2.13174   2.21340  21.56685 (with r0= 1.35 fm).  R' =  -0.108 fm
 To convert to S-factors (MeV.mb = keV.b),  multiply by  3.3029E+03


 CROSS SECTIONS FOR OUTGOING 6Li      & 9Be      in state #   1 with spins & parities 1.0  + &  1.5  -;  0

     0.01 deg.: X-S =   8.736991E+15 mb/sr,
+                                         /R =   1.000002E+00

     0.50 deg.: X-S =   1.403938E+09 mb/sr,
+                                         /R =   1.004295E+00

     1.00 deg.: X-S =   8.848955E+07 mb/sr,
+                                         /R =   1.012765E+00

     1.50 deg.: X-S =   1.734646E+07 mb/sr,
+                                         /R =   1.004998E+00

     2.00 deg.: X-S =   5.333812E+06 mb/sr,
+                                         /R =   9.765812E-01

     2.50 deg.: X-S =   2.083148E+06 mb/sr,
+                                         /R =   9.310676E-01

     3.00 deg.: X-S =   9.438388E+05 mb/sr,
+                                         /R =   8.746278E-01

     3.50 deg.: X-S =   4.741040E+05 mb/sr,
+                                         /R =   8.137941E-01

     4.00 deg.: X-S =   2.577036E+05 mb/sr,
+                                         /R =   7.544780E-01

     4.50 deg.: X-S =   1.496282E+05 mb/sr,
+                                         /R =   7.015456E-01

     5.00 deg.: X-S =   9.219220E+04 mb/sr,
+                                         /R =   6.586608E-01

     5.50 deg.: X-S =   6.007857E+04 mb/sr,
+                                         /R =   6.282640E-01

     6.00 deg.: X-S =   4.130832E+04 mb/sr,
+                                         /R =   6.116283E-01

     6.50 deg.: X-S =   2.986946E+04 mb/sr,
+                                         /R =   6.089590E-01

     7.00 deg.: X-S =   2.259992E+04 mb/sr,
+                                         /R =   6.195230E-01

     7.50 deg.: X-S =   1.777271E+04 mb/sr,
+                                         /R =   6.417963E-01

     8.00 deg.: X-S =   1.441549E+04 mb/sr,
+                                         /R =   6.736228E-01

     8.50 deg.: X-S =   1.196716E+04 mb/sr,
+                                         /R =   7.123811E-01

     9.00 deg.: X-S =   1.009744E+04 mb/sr,
+                                         /R =   7.551511E-01

     9.50 deg.: X-S =    8608.721292 mb/sr,
+                                         /R =   7.988800E-01

    10.00 deg.: X-S =    7381.162437 mb/sr,
+                                         /R =   8.405396E-01

    10.50 deg.: X-S =    6341.180125 mb/sr,
+                                         /R =   8.772726E-01

    11.00 deg.: X-S =    5442.998511 mb/sr,
+                                         /R =   9.065235E-01

    11.50 deg.: X-S =    4657.660694 mb/sr,
+                                         /R =   9.261495E-01

    12.00 deg.: X-S =    3966.395667 mb/sr,
+                                         /R =   9.345094E-01

    12.50 deg.: X-S =    3356.576106 mb/sr,
+                                         /R =   9.305268E-01

    13.00 deg.: X-S =    2819.242094 mb/sr,
+                                         /R =   9.137277E-01

    13.50 deg.: X-S =    2347.584229 mb/sr,
+                                         /R =   8.842495E-01

    14.00 deg.: X-S =    1936.021013 mb/sr,
+                                         /R =   8.428248E-01

    14.50 deg.: X-S =    1579.647334 mb/sr,
+                                         /R =   7.907382E-01

    15.00 deg.: X-S =    1273.915769 mb/sr,
+                                         /R =   7.297612E-01

    15.50 deg.: X-S =    1014.463885 mb/sr,
+                                         /R =   6.620667E-01

    16.00 deg.: X-S =     797.032497 mb/sr,
+                                         /R =   5.901285E-01

    16.50 deg.: X-S =     617.439572 mb/sr,
+                                         /R =   5.166092E-01

    17.00 deg.: X-S =     471.586967 mb/sr,
+                                         /R =   4.442419E-01

    17.50 deg.: X-S =     355.485209 mb/sr,
+                                         /R =   3.757118E-01

    18.00 deg.: X-S =     265.286636 mb/sr,
+                                         /R =   3.135411E-01

    18.50 deg.: X-S =     197.320680 mb/sr,
+                                         /R =   2.599834E-01

    19.00 deg.: X-S =     148.127262 mb/sr,
+                                         /R =   2.169308E-01

    19.50 deg.: X-S =     114.485852 mb/sr,
+                                         /R =   1.858390E-01

    20.00 deg.: X-S =      93.438751 mb/sr,
+                                         /R =   1.676708E-01

    20.50 deg.: X-S =      82.307894 mb/sr,
+                                         /R =   1.628620E-01

    21.00 deg.: X-S =      78.704995 mb/sr,
+                                         /R =   1.713104E-01

    21.50 deg.: X-S =      80.535181 mb/sr,
+                                         /R =   1.923863E-01

    22.00 deg.: X-S =      85.994554 mb/sr,
+                                         /R =   2.249654E-01

    22.50 deg.: X-S =      93.562269 mb/sr,
+                                         /R =   2.674811E-01

    23.00 deg.: X-S =     101.987845 mb/sr,
+                                         /R =   3.179941E-01

    23.50 deg.: X-S =     110.274477 mb/sr,
+                                         /R =   3.742757E-01

    24.00 deg.: X-S =     117.659168 mb/sr,
+                                         /R =   4.339011E-01

    24.50 deg.: X-S =     123.590483 mb/sr,
+                                         /R =   4.943484E-01

    25.00 deg.: X-S =     127.704709 mb/sr,
+                                         /R =   5.530995E-01

    25.50 deg.: X-S =     129.801168 mb/sr,
+                                         /R =   6.077390E-01

    26.00 deg.: X-S =     129.817340 mb/sr,
+                                         /R =   6.560459E-01

    26.50 deg.: X-S =     127.804425 mb/sr,
+                                         /R =   6.960760E-01

    27.00 deg.: X-S =     123.903857 mb/sr,
+                                         /R =   7.262317E-01

    27.50 deg.: X-S =     118.325213 mb/sr,
+                                         /R =   7.453157E-01

    28.00 deg.: X-S =     111.325863 mb/sr,
+                                         /R =   7.525687E-01

    28.50 deg.: X-S =     103.192644 mb/sr,
+                                         /R =   7.476885E-01

    29.00 deg.: X-S =      94.225725 mb/sr,
+                                         /R =   7.308318E-01

    29.50 deg.: X-S =      84.724768 mb/sr,
+                                         /R =   7.025976E-01

    30.00 deg.: X-S =      74.977432 mb/sr,
+                                         /R =   6.639951E-01

    30.50 deg.: X-S =      65.250168 mb/sr,
+                                         /R =   6.163965E-01

    31.00 deg.: X-S =      55.781226 mb/sr,
+                                         /R =   5.614780E-01

    31.50 deg.: X-S =      46.775745 mb/sr,
+                                         /R =   5.011507E-01

    32.00 deg.: X-S =      38.402735 mb/sr,
+                                         /R =   4.374857E-01

    32.50 deg.: X-S =      30.793774 mb/sr,
+                                         /R =   3.726347E-01

    33.00 deg.: X-S =      24.043180 mb/sr,
+                                         /R =   3.087511E-01

    33.50 deg.: X-S =      18.209436 mb/sr,
+                                         /R =   2.479130E-01

    34.00 deg.: X-S =      13.317641 mb/sr,
+                                         /R =   1.920516E-01

    34.50 deg.: X-S =       9.362742 mb/sr,
+                                         /R =   1.428877E-01

    35.00 deg.: X-S =       6.313345 mb/sr,
+                                         /R =   1.018770E-01

    35.50 deg.: X-S =       4.115880 mb/sr,
+                                         /R =   7.016788E-02

    36.00 deg.: X-S =       2.698957 mb/sr,
+                                         /R =   4.857074E-02

    36.50 deg.: X-S =       1.977723 mb/sr,
+                                         /R =   3.754058E-02

    37.00 deg.: X-S =       1.858096 mb/sr,
+                                         /R =   3.717263E-02

    37.50 deg.: X-S =       2.240749 mb/sr,
+                                         /R =   4.721058E-02

    38.00 deg.: X-S =       3.024752 mb/sr,
+                                         /R =   6.706669E-02

    38.50 deg.: X-S =       4.110803 mb/sr,
+                                         /R =   9.585231E-02

    39.00 deg.: X-S =       5.404000 mb/sr,
+                                         /R =   1.324176E-01

    39.50 deg.: X-S =       6.816122 mb/sr,
+                                         /R =   1.753983E-01

    40.00 deg.: X-S =       8.267426 mb/sr,
+                                         /R =   2.232680E-01

    40.50 deg.: X-S =       9.687949 mb/sr,
+                                         /R =   2.743931E-01

    41.00 deg.: X-S =      11.018353 mb/sr,
+                                         /R =   3.270900E-01

    41.50 deg.: X-S =      12.210336 mb/sr,
+                                         /R =   3.796799E-01

    42.00 deg.: X-S =      13.226661 mb/sr,
+                                         /R =   4.305427E-01

    42.50 deg.: X-S =      14.040848 mb/sr,
+                                         /R =   4.781650E-01

    43.00 deg.: X-S =      14.636574 mb/sr,
+                                         /R =   5.211833E-01

    43.50 deg.: X-S =      15.006854 mb/sr,
+                                         /R =   5.584203E-01

    44.00 deg.: X-S =      15.153038 mb/sr,
+                                         /R =   5.889125E-01

    44.50 deg.: X-S =      15.083687 mb/sr,
+                                         /R =   6.119309E-01

    45.00 deg.: X-S =      14.813379 mb/sr,
+                                         /R =   6.269922E-01

    45.50 deg.: X-S =      14.361487 mb/sr,
+                                         /R =   6.338620E-01

    46.00 deg.: X-S =      13.750964 mb/sr,
+                                         /R =   6.325496E-01

    46.50 deg.: X-S =      13.007182 mb/sr,
+                                         /R =   6.232957E-01

    47.00 deg.: X-S =      12.156848 mb/sr,
+                                         /R =   6.065534E-01

    47.50 deg.: X-S =      11.227009 mb/sr,
+                                         /R =   5.829635E-01

    48.00 deg.: X-S =      10.244187 mb/sr,
+                                         /R =   5.533247E-01

    48.50 deg.: X-S =       9.233632 mb/sr,
+                                         /R =   5.185618E-01

    49.00 deg.: X-S =       8.218712 mb/sr,
+                                         /R =   4.796903E-01

    49.50 deg.: X-S =       7.220433 mb/sr,
+                                         /R =   4.377815E-01

    50.00 deg.: X-S =       6.257100 mb/sr,
+                                         /R =   3.939268E-01

    50.50 deg.: X-S =       5.344091 mb/sr,
+                                         /R =   3.492041E-01

    51.00 deg.: X-S =       4.493761 mb/sr,
+                                         /R =   3.046469E-01

    51.50 deg.: X-S =       3.715434 mb/sr,
+                                         /R =   2.612157E-01

    52.00 deg.: X-S =       3.015502 mb/sr,
+                                         /R =   2.197742E-01

    52.50 deg.: X-S =       2.397586 mb/sr,
+                                         /R =   1.810702E-01

    53.00 deg.: X-S =       1.862773 mb/sr,
+                                         /R =   1.457200E-01

    53.50 deg.: X-S =       1.409890 mb/sr,
+                                         /R =   1.141996E-01

    54.00 deg.: X-S =       1.035814 mb/sr,
+                                         /R =   8.683968E-02

    54.50 deg.: X-S =       0.735804 mb/sr,
+                                         /R =   6.382566E-02

    55.00 deg.: X-S =       0.503839 mb/sr,
+                                         /R =   4.520263E-02

    55.50 deg.: X-S =       0.332950 mb/sr,
+                                         /R =   3.088409E-02

    56.00 deg.: X-S =       0.215544 mb/sr,
+                                         /R =   2.066438E-02

    56.50 deg.: X-S =       0.143701 mb/sr,
+                                         /R =   1.423404E-02

    57.00 deg.: X-S =       0.109451 mb/sr,
+                                         /R =   1.119752E-02

    57.50 deg.: X-S =       0.105012 mb/sr,
+                                         /R =   1.109245E-02

    58.00 deg.: X-S =       0.122996 mb/sr,
+                                         /R =   1.340986E-02

    58.50 deg.: X-S =       0.156579 mb/sr,
+                                         /R =   1.761462E-02

    59.00 deg.: X-S =       0.199635 mb/sr,
+                                         /R =   2.316547E-02

    59.50 deg.: X-S =       0.246825 mb/sr,
+                                         /R =   2.953403E-02

    60.00 deg.: X-S =       0.293661 mb/sr,
+                                         /R =   3.622229E-02

    60.50 deg.: X-S =       0.336535 mb/sr,
+                                         /R =   4.277814E-02

    61.00 deg.: X-S =       0.372710 mb/sr,
+                                         /R =   4.880857E-02

    61.50 deg.: X-S =       0.400301 mb/sr,
+                                         /R =   5.399025E-02

    62.00 deg.: X-S =       0.418216 mb/sr,
+                                         /R =   5.807736E-02

    62.50 deg.: X-S =       0.426093 mb/sr,
+                                         /R =   6.090663E-02

    63.00 deg.: X-S =       0.424220 mb/sr,
+                                         /R =   6.239948E-02

    63.50 deg.: X-S =       0.413436 mb/sr,
+                                         /R =   6.256145E-02

    64.00 deg.: X-S =       0.395038 mb/sr,
+                                         /R =   6.147909E-02

    64.50 deg.: X-S =       0.370681 mb/sr,
+                                         /R =   5.931446E-02

    65.00 deg.: X-S =       0.342274 mb/sr,
+                                         /R =   5.629760E-02

    65.50 deg.: X-S =       0.311886 mb/sr,
+                                         /R =   5.271726E-02

    66.00 deg.: X-S =       0.281654 mb/sr,
+                                         /R =   4.891025E-02

    66.50 deg.: X-S =       0.253697 mb/sr,
+                                         /R =   4.524974E-02

    67.00 deg.: X-S =       0.230046 mb/sr,
+                                         /R =   4.213295E-02

    67.50 deg.: X-S =       0.212575 mb/sr,
+                                         /R =   3.996853E-02

    68.00 deg.: X-S =       0.202951 mb/sr,
+                                         /R =   3.916409E-02

    68.50 deg.: X-S =       0.202589 mb/sr,
+                                         /R =   4.011402E-02

    69.00 deg.: X-S =       0.212619 mb/sr,
+                                         /R =   4.318813E-02

    69.50 deg.: X-S =       0.233872 mb/sr,
+                                         /R =   4.872120E-02

    70.00 deg.: X-S =       0.266863 mb/sr,
+                                         /R =   5.700373E-02

    70.50 deg.: X-S =       0.311793 mb/sr,
+                                         /R =   6.827411E-02

    71.00 deg.: X-S =       0.368556 mb/sr,
+                                         /R =   8.271219E-02

    71.50 deg.: X-S =       0.436757 mb/sr,
+                                         /R =   1.004346E-01

    72.00 deg.: X-S =       0.515729 mb/sr,
+                                         /R =   1.214915E-01

    72.50 deg.: X-S =       0.604565 mb/sr,
+                                         /R =   1.458653E-01

    73.00 deg.: X-S =       0.702144 mb/sr,
+                                         /R =   1.734707E-01

    73.50 deg.: X-S =       0.807171 mb/sr,
+                                         /R =   2.041560E-01

    74.00 deg.: X-S =       0.918206 mb/sr,
+                                         /R =   2.377069E-01

    74.50 deg.: X-S =       1.033709 mb/sr,
+                                         /R =   2.738503E-01

    75.00 deg.: X-S =       1.152069 mb/sr,
+                                         /R =   3.122600E-01

    75.50 deg.: X-S =       1.271644 mb/sr,
+                                         /R =   3.525634E-01

    76.00 deg.: X-S =       1.390794 mb/sr,
+                                         /R =   3.943485E-01

    76.50 deg.: X-S =       1.507915 mb/sr,
+                                         /R =   4.371720E-01

    77.00 deg.: X-S =       1.621463 mb/sr,
+                                         /R =   4.805679E-01

    77.50 deg.: X-S =       1.729988 mb/sr,
+                                         /R =   5.240555E-01

    78.00 deg.: X-S =       1.832148 mb/sr,
+                                         /R =   5.671489E-01

    78.50 deg.: X-S =       1.926735 mb/sr,
+                                         /R =   6.093648E-01

    79.00 deg.: X-S =       2.012687 mb/sr,
+                                         /R =   6.502312E-01

    79.50 deg.: X-S =       2.089101 mb/sr,
+                                         /R =   6.892954E-01

    80.00 deg.: X-S =       2.155240 mb/sr,
+                                         /R =   7.261312E-01

    80.50 deg.: X-S =       2.210540 mb/sr,
+                                         /R =   7.603457E-01

    81.00 deg.: X-S =       2.254607 mb/sr,
+                                         /R =   7.915856E-01

    81.50 deg.: X-S =       2.287222 mb/sr,
+                                         /R =   8.195419E-01

    82.00 deg.: X-S =       2.308332 mb/sr,
+                                         /R =   8.439550E-01

    82.50 deg.: X-S =       2.318044 mb/sr,
+                                         /R =   8.646177E-01

    83.00 deg.: X-S =       2.316619 mb/sr,
+                                         /R =   8.813781E-01

    83.50 deg.: X-S =       2.304457 mb/sr,
+                                         /R =   8.941413E-01

    84.00 deg.: X-S =       2.282088 mb/sr,
+                                         /R =   9.028701E-01

    84.50 deg.: X-S =       2.250158 mb/sr,
+                                         /R =   9.075851E-01

    85.00 deg.: X-S =       2.209414 mb/sr,
+                                         /R =   9.083638E-01

    85.50 deg.: X-S =       2.160691 mb/sr,
+                                         /R =   9.053389E-01

    86.00 deg.: X-S =       2.104893 mb/sr,
+                                         /R =   8.986960E-01

    86.50 deg.: X-S =       2.042984 mb/sr,
+                                         /R =   8.886703E-01

    87.00 deg.: X-S =       1.975965 mb/sr,
+                                         /R =   8.755431E-01

    87.50 deg.: X-S =       1.904866 mb/sr,
+                                         /R =   8.596375E-01

    88.00 deg.: X-S =       1.830727 mb/sr,
+                                         /R =   8.413137E-01

    88.50 deg.: X-S =       1.754585 mb/sr,
+                                         /R =   8.209636E-01

    89.00 deg.: X-S =       1.677465 mb/sr,
+                                         /R =   7.990060E-01

    89.50 deg.: X-S =       1.600362 mb/sr,
+                                         /R =   7.758800E-01

    90.00 deg.: X-S =       1.524233 mb/sr,
+                                         /R =   7.520399E-01

    90.50 deg.: X-S =       1.449988 mb/sr,
+                                         /R =   7.279487E-01

    91.00 deg.: X-S =       1.378478 mb/sr,
+                                         /R =   7.040724E-01

    91.50 deg.: X-S =       1.310487 mb/sr,
+                                         /R =   6.808738E-01

    92.00 deg.: X-S =       1.246729 mb/sr,
+                                         /R =   6.588065E-01

    92.50 deg.: X-S =       1.187840 mb/sr,
+                                         /R =   6.383097E-01

    93.00 deg.: X-S =       1.134370 mb/sr,
+                                         /R =   6.198019E-01

    93.50 deg.: X-S =       1.086787 mb/sr,
+                                         /R =   6.036764E-01

    94.00 deg.: X-S =       1.045467 mb/sr,
+                                         /R =   5.902959E-01

    94.50 deg.: X-S =       1.010701 mb/sr,
+                                         /R =   5.799883E-01

    95.00 deg.: X-S =       0.982684 mb/sr,
+                                         /R =   5.730424E-01

    95.50 deg.: X-S =       0.961527 mb/sr,
+                                         /R =   5.697046E-01

    96.00 deg.: X-S =       0.947251 mb/sr,
+                                         /R =   5.701752E-01

    96.50 deg.: X-S =       0.939793 mb/sr,
+                                         /R =   5.746064E-01

    97.00 deg.: X-S =       0.939008 mb/sr,
+                                         /R =   5.831001E-01

    97.50 deg.: X-S =       0.944673 mb/sr,
+                                         /R =   5.957063E-01

    98.00 deg.: X-S =       0.956494 mb/sr,
+                                         /R =   6.124225E-01

    98.50 deg.: X-S =       0.974109 mb/sr,
+                                         /R =   6.331935E-01

    99.00 deg.: X-S =       0.997094 mb/sr,
+                                         /R =   6.579116E-01

    99.50 deg.: X-S =       1.024972 mb/sr,
+                                         /R =   6.864178E-01

   100.00 deg.: X-S =       1.057216 mb/sr,
+                                         /R =   7.185036E-01

   100.50 deg.: X-S =       1.093261 mb/sr,
+                                         /R =   7.539130E-01

   101.00 deg.: X-S =       1.132507 mb/sr,
+                                         /R =   7.923455E-01

   101.50 deg.: X-S =       1.174331 mb/sr,
+                                         /R =   8.334599E-01

   102.00 deg.: X-S =       1.218090 mb/sr,
+                                         /R =   8.768778E-01

   102.50 deg.: X-S =       1.263133 mb/sr,
+                                         /R =   9.221884E-01

   103.00 deg.: X-S =       1.308809 mb/sr,
+                                         /R =   9.689537E-01

   103.50 deg.: X-S =       1.354470 mb/sr,
+                                         /R =   1.016714E+00

   104.00 deg.: X-S =       1.399486 mb/sr,
+                                         /R =   1.064992E+00

   104.50 deg.: X-S =       1.443245 mb/sr,
+                                         /R =   1.113303E+00

   105.00 deg.: X-S =       1.485167 mb/sr,
+                                         /R =   1.161158E+00

   105.50 deg.: X-S =       1.524705 mb/sr,
+                                         /R =   1.208070E+00

   106.00 deg.: X-S =       1.561357 mb/sr,
+                                         /R =   1.253563E+00

   106.50 deg.: X-S =       1.594666 mb/sr,
+                                         /R =   1.297178E+00

   107.00 deg.: X-S =       1.624230 mb/sr,
+                                         /R =   1.338479E+00

   107.50 deg.: X-S =       1.649703 mb/sr,
+                                         /R =   1.377062E+00

   108.00 deg.: X-S =       1.670805 mb/sr,
+                                         /R =   1.412556E+00

   108.50 deg.: X-S =       1.687315 mb/sr,
+                                         /R =   1.444635E+00

   109.00 deg.: X-S =       1.699087 mb/sr,
+                                         /R =   1.473021E+00

   109.50 deg.: X-S =       1.706037 mb/sr,
+                                         /R =   1.497489E+00

   110.00 deg.: X-S =       1.708156 mb/sr,
+                                         /R =   1.517872E+00

   110.50 deg.: X-S =       1.705504 mb/sr,
+                                         /R =   1.534063E+00

   111.00 deg.: X-S =       1.698208 mb/sr,
+                                         /R =   1.546020E+00

   111.50 deg.: X-S =       1.686463 mb/sr,
+                                         /R =   1.553768E+00

   112.00 deg.: X-S =       1.670528 mb/sr,
+                                         /R =   1.557400E+00

   112.50 deg.: X-S =       1.650722 mb/sr,
+                                         /R =   1.557072E+00

   113.00 deg.: X-S =       1.627418 mb/sr,
+                                         /R =   1.553012E+00

   113.50 deg.: X-S =       1.601040 mb/sr,
+                                         /R =   1.545507E+00

   114.00 deg.: X-S =       1.572054 mb/sr,
+                                         /R =   1.534908E+00

   114.50 deg.: X-S =       1.540962 mb/sr,
+                                         /R =   1.521619E+00

   115.00 deg.: X-S =       1.508296 mb/sr,
+                                         /R =   1.506096E+00

   115.50 deg.: X-S =       1.474604 mb/sr,
+                                         /R =   1.488838E+00

   116.00 deg.: X-S =       1.440449 mb/sr,
+                                         /R =   1.470379E+00

   116.50 deg.: X-S =       1.406392 mb/sr,
+                                         /R =   1.451280E+00

   117.00 deg.: X-S =       1.372988 mb/sr,
+                                         /R =   1.432120E+00

   117.50 deg.: X-S =       1.340775 mb/sr,
+                                         /R =   1.413483E+00

   118.00 deg.: X-S =       1.310262 mb/sr,
+                                         /R =   1.395950E+00

   118.50 deg.: X-S =       1.281924 mb/sr,
+                                         /R =   1.380086E+00

   119.00 deg.: X-S =       1.256191 mb/sr,
+                                         /R =   1.366428E+00

   119.50 deg.: X-S =       1.233440 mb/sr,
+                                         /R =   1.355475E+00

   120.00 deg.: X-S =       1.213987 mb/sr,
+                                         /R =   1.347677E+00

   120.50 deg.: X-S =       1.198081 mb/sr,
+                                         /R =   1.343421E+00

   121.00 deg.: X-S =       1.185899 mb/sr,
+                                         /R =   1.343025E+00

   121.50 deg.: X-S =       1.177540 mb/sr,
+                                         /R =   1.346724E+00

   122.00 deg.: X-S =       1.173023 mb/sr,
+                                         /R =   1.354668E+00

   122.50 deg.: X-S =       1.172285 mb/sr,
+                                         /R =   1.366909E+00

   123.00 deg.: X-S =       1.175182 mb/sr,
+                                         /R =   1.383402E+00

   123.50 deg.: X-S =       1.181485 mb/sr,
+                                         /R =   1.403996E+00

   124.00 deg.: X-S =       1.190891 mb/sr,
+                                         /R =   1.428437E+00

   124.50 deg.: X-S =       1.203020 mb/sr,
+                                         /R =   1.456368E+00

   125.00 deg.: X-S =       1.217425 mb/sr,
+                                         /R =   1.487330E+00

   125.50 deg.: X-S =       1.233598 mb/sr,
+                                         /R =   1.520770E+00

   126.00 deg.: X-S =       1.250978 mb/sr,
+                                         /R =   1.556047E+00

   126.50 deg.: X-S =       1.268964 mb/sr,
+                                         /R =   1.592442E+00

   127.00 deg.: X-S =       1.286923 mb/sr,
+                                         /R =   1.629171E+00

   127.50 deg.: X-S =       1.304204 mb/sr,
+                                         /R =   1.665399E+00

   128.00 deg.: X-S =       1.320151 mb/sr,
+                                         /R =   1.700253E+00

   128.50 deg.: X-S =       1.334114 mb/sr,
+                                         /R =   1.732844E+00

   129.00 deg.: X-S =       1.345467 mb/sr,
+                                         /R =   1.762282E+00

   129.50 deg.: X-S =       1.353620 mb/sr,
+                                         /R =   1.787699E+00

   130.00 deg.: X-S =       1.358032 mb/sr,
+                                         /R =   1.808266E+00

   130.50 deg.: X-S =       1.358225 mb/sr,
+                                         /R =   1.823217E+00

   131.00 deg.: X-S =       1.353795 mb/sr,
+                                         /R =   1.831867E+00

   131.50 deg.: X-S =       1.344425 mb/sr,
+                                         /R =   1.833632E+00

   132.00 deg.: X-S =       1.329896 mb/sr,
+                                         /R =   1.828049E+00

   132.50 deg.: X-S =       1.310092 mb/sr,
+                                         /R =   1.814792E+00

   133.00 deg.: X-S =       1.285010 mb/sr,
+                                         /R =   1.793688E+00

   133.50 deg.: X-S =       1.254760 mb/sr,
+                                         /R =   1.764727E+00

   134.00 deg.: X-S =       1.219574 mb/sr,
+                                         /R =   1.728072E+00

   134.50 deg.: X-S =       1.179799 mb/sr,
+                                         /R =   1.684068E+00

   135.00 deg.: X-S =       1.135900 mb/sr,
+                                         /R =   1.633243E+00

   135.50 deg.: X-S =       1.088452 mb/sr,
+                                         /R =   1.576305E+00

   136.00 deg.: X-S =       1.038133 mb/sr,
+                                         /R =   1.514140E+00

   136.50 deg.: X-S =       0.985716 mb/sr,
+                                         /R =   1.447798E+00

   137.00 deg.: X-S =       0.932054 mb/sr,
+                                         /R =   1.378485E+00

   137.50 deg.: X-S =       0.878068 mb/sr,
+                                         /R =   1.307543E+00

   138.00 deg.: X-S =       0.824731 mb/sr,
+                                         /R =   1.236427E+00

   138.50 deg.: X-S =       0.773045 mb/sr,
+                                         /R =   1.166681E+00

   139.00 deg.: X-S =       0.724032 mb/sr,
+                                         /R =   1.099910E+00

   139.50 deg.: X-S =       0.678700 mb/sr,
+                                         /R =   1.037751E+00

   140.00 deg.: X-S =       0.638036 mb/sr,
+                                         /R =   9.818331E-01

   140.50 deg.: X-S =       0.602972 mb/sr,
+                                         /R =   9.337490E-01

   141.00 deg.: X-S =       0.574374 mb/sr,
+                                         /R =   8.950153E-01

   141.50 deg.: X-S =       0.553014 mb/sr,
+                                         /R =   8.670368E-01

   142.00 deg.: X-S =       0.539555 mb/sr,
+                                         /R =   8.510709E-01

   142.50 deg.: X-S =       0.534531 mb/sr,
+                                         /R =   8.481924E-01

   143.00 deg.: X-S =       0.538331 mb/sr,
+                                         /R =   8.592617E-01

   143.50 deg.: X-S =       0.551186 mb/sr,
+                                         /R =   8.848951E-01

   144.00 deg.: X-S =       0.573156 mb/sr,
+                                         /R =   9.254392E-01

   144.50 deg.: X-S =       0.604126 mb/sr,
+                                         /R =   9.809495E-01

   145.00 deg.: X-S =       0.643795 mb/sr,
+                                         /R =   1.051175E+00

   145.50 deg.: X-S =       0.691681 mb/sr,
+                                         /R =   1.135547E+00

   146.00 deg.: X-S =       0.747121 mb/sr,
+                                         /R =   1.233177E+00

   146.50 deg.: X-S =       0.809276 mb/sr,
+                                         /R =   1.342859E+00

   147.00 deg.: X-S =       0.877142 mb/sr,
+                                         /R =   1.463077E+00

   147.50 deg.: X-S =       0.949567 mb/sr,
+                                         /R =   1.592026E+00

   148.00 deg.: X-S =       1.025264 mb/sr,
+                                         /R =   1.727634E+00

   148.50 deg.: X-S =       1.102834 mb/sr,
+                                         /R =   1.867591E+00

   149.00 deg.: X-S =       1.180792 mb/sr,
+                                         /R =   2.009392E+00

   149.50 deg.: X-S =       1.257589 mb/sr,
+                                         /R =   2.150376E+00

   150.00 deg.: X-S =       1.331646 mb/sr,
+                                         /R =   2.287776E+00

   150.50 deg.: X-S =       1.401385 mb/sr,
+                                         /R =   2.418775E+00

   151.00 deg.: X-S =       1.465258 mb/sr,
+                                         /R =   2.540562E+00

   151.50 deg.: X-S =       1.521780 mb/sr,
+                                         /R =   2.650394E+00

   152.00 deg.: X-S =       1.569568 mb/sr,
+                                         /R =   2.745656E+00

   152.50 deg.: X-S =       1.607367 mb/sr,
+                                         /R =   2.823925E+00

   153.00 deg.: X-S =       1.634083 mb/sr,
+                                         /R =   2.883033E+00

   153.50 deg.: X-S =       1.648815 mb/sr,
+                                         /R =   2.921123E+00

   154.00 deg.: X-S =       1.650881 mb/sr,
+                                         /R =   2.936708E+00

   154.50 deg.: X-S =       1.639837 mb/sr,
+                                         /R =   2.928723E+00

   155.00 deg.: X-S =       1.615505 mb/sr,
+                                         /R =   2.896568E+00

   155.50 deg.: X-S =       1.577982 mb/sr,
+                                         /R =   2.840145E+00

   156.00 deg.: X-S =       1.527655 mb/sr,
+                                         /R =   2.759893E+00

   156.50 deg.: X-S =       1.465205 mb/sr,
+                                         /R =   2.656803E+00

   157.00 deg.: X-S =       1.391610 mb/sr,
+                                         /R =   2.532431E+00

   157.50 deg.: X-S =       1.308135 mb/sr,
+                                         /R =   2.388899E+00

   158.00 deg.: X-S =       1.216329 mb/sr,
+                                         /R =   2.228881E+00

   158.50 deg.: X-S =       1.118003 mb/sr,
+                                         /R =   2.055583E+00

   159.00 deg.: X-S =       1.015210 mb/sr,
+                                         /R =   1.872707E+00

   159.50 deg.: X-S =       0.910219 mb/sr,
+                                         /R =   1.684410E+00

   160.00 deg.: X-S =       0.805483 mb/sr,
+                                         /R =   1.495242E+00

   160.50 deg.: X-S =       0.703600 mb/sr,
+                                         /R =   1.310088E+00

   161.00 deg.: X-S =       0.607276 mb/sr,
+                                         /R =   1.134087E+00

   161.50 deg.: X-S =       0.519281 mb/sr,
+                                         /R =   9.725553E-01

   162.00 deg.: X-S =       0.442401 mb/sr,
+                                         /R =   8.308924E-01

   162.50 deg.: X-S =       0.379388 mb/sr,
+                                         /R =   7.144904E-01

   163.00 deg.: X-S =       0.332917 mb/sr,
+                                         /R =   6.286347E-01

   163.50 deg.: X-S =       0.305530 mb/sr,
+                                         /R =   5.784051E-01

   164.00 deg.: X-S =       0.299590 mb/sr,
+                                         /R =   5.685758E-01

   164.50 deg.: X-S =       0.317235 mb/sr,
+                                         /R =   6.035184E-01

   165.00 deg.: X-S =       0.360331 mb/sr,
+                                         /R =   6.871077E-01

   165.50 deg.: X-S =       0.430429 mb/sr,
+                                         /R =   8.226335E-01

   166.00 deg.: X-S =       0.528734 mb/sr,
+                                         /R =   1.012721E+00

   166.50 deg.: X-S =       0.656067 mb/sr,
+                                         /R =   1.259256E+00

   167.00 deg.: X-S =       0.812838 mb/sr,
+                                         /R =   1.563330E+00

   167.50 deg.: X-S =       0.999031 mb/sr,
+                                         /R =   1.925185E+00

   168.00 deg.: X-S =       1.214185 mb/sr,
+                                         /R =   2.344183E+00

   168.50 deg.: X-S =       1.457387 mb/sr,
+                                         /R =   2.818782E+00

   169.00 deg.: X-S =       1.727276 mb/sr,
+                                         /R =   3.346532E+00

   169.50 deg.: X-S =       2.022050 mb/sr,
+                                         /R =   3.924084E+00

   170.00 deg.: X-S =       2.339479 mb/sr,
+                                         /R =   4.547214E+00

   170.50 deg.: X-S =       2.676931 mb/sr,
+                                         /R =   5.210866E+00

   171.00 deg.: X-S =       3.031399 mb/sr,
+                                         /R =   5.909204E+00

   171.50 deg.: X-S =       3.399540 mb/sr,
+                                         /R =   6.635689E+00

   172.00 deg.: X-S =       3.777717 mb/sr,
+                                         /R =   7.383155E+00

   172.50 deg.: X-S =       4.162048 mb/sr,
+                                         /R =   8.143911E+00

   173.00 deg.: X-S =       4.548454 mb/sr,
+                                         /R =   8.909842E+00

   173.50 deg.: X-S =       4.932726 mb/sr,
+                                         /R =   9.672531E+00

   174.00 deg.: X-S =       5.310574 mb/sr,
+                                         /R =   1.042338E+01

   174.50 deg.: X-S =       5.677696 mb/sr,
+                                         /R =   1.115372E+01

   175.00 deg.: X-S =       6.029841 mb/sr,
+                                         /R =   1.185499E+01

   175.50 deg.: X-S =       6.362867 mb/sr,
+                                         /R =   1.251879E+01

   176.00 deg.: X-S =       6.672808 mb/sr,
+                                         /R =   1.313710E+01

   176.50 deg.: X-S =       6.955933 mb/sr,
+                                         /R =   1.370233E+01

   177.00 deg.: X-S =       7.208799 mb/sr,
+                                         /R =   1.420748E+01

   177.50 deg.: X-S =       7.428309 mb/sr,
+                                         /R =   1.464623E+01

   178.00 deg.: X-S =       7.611756 mb/sr,
+                                         /R =   1.501307E+01

   178.50 deg.: X-S =       7.756865 mb/sr,
+                                         /R =   1.530336E+01

   179.00 deg.: X-S =       7.861830 mb/sr,
+                                         /R =   1.551340E+01

   179.50 deg.: X-S =       7.925339 mb/sr,
+                                         /R =   1.564050E+01

   179.99 deg.: X-S =       7.946589 mb/sr,
+                                         /R =   1.568303E+01

                                           Integrated  8.3612E+10 mb, over [   0.000, 180.000] at    32.0000 MeV 

 CROSS SECTIONS FOR OUTGOING 2H       & 13C_L0   in state #   1 with spins & parities 1.0  + &  1.5  -;  0

     0.00 deg.: X-S =       1.186843 mb/sr,
+                                         REAC   1.1502E+00 mb

     0.50 deg.: X-S =       1.183779 mb/sr,

     1.00 deg.: X-S =       1.174628 mb/sr,

     1.50 deg.: X-S =       1.159509 mb/sr,

     2.00 deg.: X-S =       1.138621 mb/sr,

     2.50 deg.: X-S =       1.112237 mb/sr,

     3.00 deg.: X-S =       1.080699 mb/sr,

     3.50 deg.: X-S =       1.044410 mb/sr,

     4.00 deg.: X-S =       1.003834 mb/sr,

     4.50 deg.: X-S =       0.959479 mb/sr,

     5.00 deg.: X-S =       0.911894 mb/sr,

     5.50 deg.: X-S =       0.861657 mb/sr,

     6.00 deg.: X-S =       0.809368 mb/sr,

     6.50 deg.: X-S =       0.755635 mb/sr,

     7.00 deg.: X-S =       0.701068 mb/sr,

     7.50 deg.: X-S =       0.646269 mb/sr,

     8.00 deg.: X-S =       0.591819 mb/sr,

     8.50 deg.: X-S =       0.538276 mb/sr,

     9.00 deg.: X-S =       0.486162 mb/sr,

     9.50 deg.: X-S =       0.435957 mb/sr,

    10.00 deg.: X-S =       0.388095 mb/sr,

    10.50 deg.: X-S =       0.342960 mb/sr,

    11.00 deg.: X-S =       0.300877 mb/sr,

    11.50 deg.: X-S =       0.262116 mb/sr,

    12.00 deg.: X-S =       0.226887 mb/sr,

    12.50 deg.: X-S =       0.195341 mb/sr,

    13.00 deg.: X-S =       0.167568 mb/sr,

    13.50 deg.: X-S =       0.143603 mb/sr,

    14.00 deg.: X-S =       0.123427 mb/sr,

    14.50 deg.: X-S =       0.106970 mb/sr,

    15.00 deg.: X-S =       0.094114 mb/sr,

    15.50 deg.: X-S =       0.084702 mb/sr,

    16.00 deg.: X-S =       0.078537 mb/sr,

    16.50 deg.: X-S =       0.075394 mb/sr,

    17.00 deg.: X-S =       0.075021 mb/sr,

    17.50 deg.: X-S =       0.077146 mb/sr,

    18.00 deg.: X-S =       0.081483 mb/sr,

    18.50 deg.: X-S =       0.087737 mb/sr,

    19.00 deg.: X-S =       0.095610 mb/sr,

    19.50 deg.: X-S =       0.104805 mb/sr,

    20.00 deg.: X-S =       0.115030 mb/sr,

    20.50 deg.: X-S =       0.126003 mb/sr,

    21.00 deg.: X-S =       0.137455 mb/sr,

    21.50 deg.: X-S =       0.149133 mb/sr,

    22.00 deg.: X-S =       0.160801 mb/sr,

    22.50 deg.: X-S =       0.172245 mb/sr,

    23.00 deg.: X-S =       0.183272 mb/sr,

    23.50 deg.: X-S =       0.193710 mb/sr,

    24.00 deg.: X-S =       0.203413 mb/sr,

    24.50 deg.: X-S =       0.212254 mb/sr,

    25.00 deg.: X-S =       0.220131 mb/sr,

    25.50 deg.: X-S =       0.226964 mb/sr,

    26.00 deg.: X-S =       0.232692 mb/sr,

    26.50 deg.: X-S =       0.237277 mb/sr,

    27.00 deg.: X-S =       0.240696 mb/sr,

    27.50 deg.: X-S =       0.242945 mb/sr,

    28.00 deg.: X-S =       0.244037 mb/sr,

    28.50 deg.: X-S =       0.243994 mb/sr,

    29.00 deg.: X-S =       0.242856 mb/sr,

    29.50 deg.: X-S =       0.240670 mb/sr,

    30.00 deg.: X-S =       0.237493 mb/sr,

    30.50 deg.: X-S =       0.233391 mb/sr,

    31.00 deg.: X-S =       0.228433 mb/sr,

    31.50 deg.: X-S =       0.222695 mb/sr,

    32.00 deg.: X-S =       0.216257 mb/sr,

    32.50 deg.: X-S =       0.209201 mb/sr,

    33.00 deg.: X-S =       0.201608 mb/sr,

    33.50 deg.: X-S =       0.193562 mb/sr,

    34.00 deg.: X-S =       0.185146 mb/sr,

    34.50 deg.: X-S =       0.176441 mb/sr,

    35.00 deg.: X-S =       0.167525 mb/sr,

    35.50 deg.: X-S =       0.158475 mb/sr,

    36.00 deg.: X-S =       0.149365 mb/sr,

    36.50 deg.: X-S =       0.140264 mb/sr,

    37.00 deg.: X-S =       0.131239 mb/sr,

    37.50 deg.: X-S =       0.122350 mb/sr,

    38.00 deg.: X-S =       0.113655 mb/sr,

    38.50 deg.: X-S =       0.105207 mb/sr,

    39.00 deg.: X-S =       0.097055 mb/sr,

    39.50 deg.: X-S =       0.089241 mb/sr,

    40.00 deg.: X-S =       0.081806 mb/sr,

    40.50 deg.: X-S =       0.074783 mb/sr,

    41.00 deg.: X-S =       0.068202 mb/sr,

    41.50 deg.: X-S =       0.062089 mb/sr,

    42.00 deg.: X-S =       0.056466 mb/sr,

    42.50 deg.: X-S =       0.051350 mb/sr,

    43.00 deg.: X-S =       0.046755 mb/sr,

    43.50 deg.: X-S =       0.042692 mb/sr,

    44.00 deg.: X-S =       0.039167 mb/sr,

    44.50 deg.: X-S =       0.036185 mb/sr,

    45.00 deg.: X-S =       0.033747 mb/sr,

    45.50 deg.: X-S =       0.031852 mb/sr,

    46.00 deg.: X-S =       0.030495 mb/sr,

    46.50 deg.: X-S =       0.029672 mb/sr,

    47.00 deg.: X-S =       0.029374 mb/sr,

    47.50 deg.: X-S =       0.029592 mb/sr,

    48.00 deg.: X-S =       0.030314 mb/sr,

    48.50 deg.: X-S =       0.031529 mb/sr,

    49.00 deg.: X-S =       0.033221 mb/sr,

    49.50 deg.: X-S =       0.035375 mb/sr,

    50.00 deg.: X-S =       0.037975 mb/sr,

    50.50 deg.: X-S =       0.041002 mb/sr,

    51.00 deg.: X-S =       0.044438 mb/sr,

    51.50 deg.: X-S =       0.048261 mb/sr,

    52.00 deg.: X-S =       0.052451 mb/sr,

    52.50 deg.: X-S =       0.056983 mb/sr,

    53.00 deg.: X-S =       0.061834 mb/sr,

    53.50 deg.: X-S =       0.066977 mb/sr,

    54.00 deg.: X-S =       0.072387 mb/sr,

    54.50 deg.: X-S =       0.078035 mb/sr,

    55.00 deg.: X-S =       0.083891 mb/sr,

    55.50 deg.: X-S =       0.089924 mb/sr,

    56.00 deg.: X-S =       0.096102 mb/sr,

    56.50 deg.: X-S =       0.102393 mb/sr,

    57.00 deg.: X-S =       0.108762 mb/sr,

    57.50 deg.: X-S =       0.115174 mb/sr,

    58.00 deg.: X-S =       0.121594 mb/sr,

    58.50 deg.: X-S =       0.127985 mb/sr,

    59.00 deg.: X-S =       0.134310 mb/sr,

    59.50 deg.: X-S =       0.140535 mb/sr,

    60.00 deg.: X-S =       0.146621 mb/sr,

    60.50 deg.: X-S =       0.152534 mb/sr,

    61.00 deg.: X-S =       0.158239 mb/sr,

    61.50 deg.: X-S =       0.163702 mb/sr,

    62.00 deg.: X-S =       0.168891 mb/sr,

    62.50 deg.: X-S =       0.173775 mb/sr,

    63.00 deg.: X-S =       0.178326 mb/sr,

    63.50 deg.: X-S =       0.182517 mb/sr,

    64.00 deg.: X-S =       0.186325 mb/sr,

    64.50 deg.: X-S =       0.189729 mb/sr,

    65.00 deg.: X-S =       0.192710 mb/sr,

    65.50 deg.: X-S =       0.195253 mb/sr,

    66.00 deg.: X-S =       0.197348 mb/sr,

    66.50 deg.: X-S =       0.198984 mb/sr,

    67.00 deg.: X-S =       0.200158 mb/sr,

    67.50 deg.: X-S =       0.200868 mb/sr,

    68.00 deg.: X-S =       0.201114 mb/sr,

    68.50 deg.: X-S =       0.200901 mb/sr,

    69.00 deg.: X-S =       0.200238 mb/sr,

    69.50 deg.: X-S =       0.199135 mb/sr,

    70.00 deg.: X-S =       0.197606 mb/sr,

    70.50 deg.: X-S =       0.195665 mb/sr,

    71.00 deg.: X-S =       0.193333 mb/sr,

    71.50 deg.: X-S =       0.190629 mb/sr,

    72.00 deg.: X-S =       0.187576 mb/sr,

    72.50 deg.: X-S =       0.184197 mb/sr,

    73.00 deg.: X-S =       0.180517 mb/sr,

    73.50 deg.: X-S =       0.176564 mb/sr,

    74.00 deg.: X-S =       0.172363 mb/sr,

    74.50 deg.: X-S =       0.167942 mb/sr,

    75.00 deg.: X-S =       0.163328 mb/sr,

    75.50 deg.: X-S =       0.158550 mb/sr,

    76.00 deg.: X-S =       0.153634 mb/sr,

    76.50 deg.: X-S =       0.148608 mb/sr,

    77.00 deg.: X-S =       0.143499 mb/sr,

    77.50 deg.: X-S =       0.138332 mb/sr,

    78.00 deg.: X-S =       0.133132 mb/sr,

    78.50 deg.: X-S =       0.127923 mb/sr,

    79.00 deg.: X-S =       0.122729 mb/sr,

    79.50 deg.: X-S =       0.117571 mb/sr,

    80.00 deg.: X-S =       0.112471 mb/sr,

    80.50 deg.: X-S =       0.107447 mb/sr,

    81.00 deg.: X-S =       0.102518 mb/sr,

    81.50 deg.: X-S =       0.097702 mb/sr,

    82.00 deg.: X-S =       0.093014 mb/sr,

    82.50 deg.: X-S =       0.088470 mb/sr,

    83.00 deg.: X-S =       0.084083 mb/sr,

    83.50 deg.: X-S =       0.079866 mb/sr,

    84.00 deg.: X-S =       0.075830 mb/sr,

    84.50 deg.: X-S =       0.071986 mb/sr,

    85.00 deg.: X-S =       0.068342 mb/sr,

    85.50 deg.: X-S =       0.064908 mb/sr,

    86.00 deg.: X-S =       0.061690 mb/sr,

    86.50 deg.: X-S =       0.058695 mb/sr,

    87.00 deg.: X-S =       0.055928 mb/sr,

    87.50 deg.: X-S =       0.053393 mb/sr,

    88.00 deg.: X-S =       0.051094 mb/sr,

    88.50 deg.: X-S =       0.049032 mb/sr,

    89.00 deg.: X-S =       0.047208 mb/sr,

    89.50 deg.: X-S =       0.045624 mb/sr,

    90.00 deg.: X-S =       0.044277 mb/sr,

    90.50 deg.: X-S =       0.043167 mb/sr,

    91.00 deg.: X-S =       0.042289 mb/sr,

    91.50 deg.: X-S =       0.041641 mb/sr,

    92.00 deg.: X-S =       0.041215 mb/sr,

    92.50 deg.: X-S =       0.041007 mb/sr,

    93.00 deg.: X-S =       0.041008 mb/sr,

    93.50 deg.: X-S =       0.041210 mb/sr,

    94.00 deg.: X-S =       0.041603 mb/sr,

    94.50 deg.: X-S =       0.042176 mb/sr,

    95.00 deg.: X-S =       0.042918 mb/sr,

    95.50 deg.: X-S =       0.043816 mb/sr,

    96.00 deg.: X-S =       0.044856 mb/sr,

    96.50 deg.: X-S =       0.046024 mb/sr,

    97.00 deg.: X-S =       0.047305 mb/sr,

    97.50 deg.: X-S =       0.048683 mb/sr,

    98.00 deg.: X-S =       0.050141 mb/sr,

    98.50 deg.: X-S =       0.051665 mb/sr,

    99.00 deg.: X-S =       0.053236 mb/sr,

    99.50 deg.: X-S =       0.054839 mb/sr,

   100.00 deg.: X-S =       0.056456 mb/sr,

   100.50 deg.: X-S =       0.058071 mb/sr,

   101.00 deg.: X-S =       0.059669 mb/sr,

   101.50 deg.: X-S =       0.061235 mb/sr,

   102.00 deg.: X-S =       0.062753 mb/sr,

   102.50 deg.: X-S =       0.064209 mb/sr,

   103.00 deg.: X-S =       0.065592 mb/sr,

   103.50 deg.: X-S =       0.066889 mb/sr,

   104.00 deg.: X-S =       0.068091 mb/sr,

   104.50 deg.: X-S =       0.069187 mb/sr,

   105.00 deg.: X-S =       0.070171 mb/sr,

   105.50 deg.: X-S =       0.071036 mb/sr,

   106.00 deg.: X-S =       0.071777 mb/sr,

   106.50 deg.: X-S =       0.072391 mb/sr,

   107.00 deg.: X-S =       0.072877 mb/sr,

   107.50 deg.: X-S =       0.073233 mb/sr,

   108.00 deg.: X-S =       0.073460 mb/sr,

   108.50 deg.: X-S =       0.073562 mb/sr,

   109.00 deg.: X-S =       0.073542 mb/sr,

   109.50 deg.: X-S =       0.073405 mb/sr,

   110.00 deg.: X-S =       0.073157 mb/sr,

   110.50 deg.: X-S =       0.072805 mb/sr,

   111.00 deg.: X-S =       0.072356 mb/sr,

   111.50 deg.: X-S =       0.071819 mb/sr,

   112.00 deg.: X-S =       0.071203 mb/sr,

   112.50 deg.: X-S =       0.070518 mb/sr,

   113.00 deg.: X-S =       0.069772 mb/sr,

   113.50 deg.: X-S =       0.068976 mb/sr,

   114.00 deg.: X-S =       0.068139 mb/sr,

   114.50 deg.: X-S =       0.067271 mb/sr,

   115.00 deg.: X-S =       0.066380 mb/sr,

   115.50 deg.: X-S =       0.065476 mb/sr,

   116.00 deg.: X-S =       0.064566 mb/sr,

   116.50 deg.: X-S =       0.063658 mb/sr,

   117.00 deg.: X-S =       0.062758 mb/sr,

   117.50 deg.: X-S =       0.061871 mb/sr,

   118.00 deg.: X-S =       0.061003 mb/sr,

   118.50 deg.: X-S =       0.060157 mb/sr,

   119.00 deg.: X-S =       0.059337 mb/sr,

   119.50 deg.: X-S =       0.058543 mb/sr,

   120.00 deg.: X-S =       0.057776 mb/sr,

   120.50 deg.: X-S =       0.057038 mb/sr,

   121.00 deg.: X-S =       0.056325 mb/sr,

   121.50 deg.: X-S =       0.055637 mb/sr,

   122.00 deg.: X-S =       0.054970 mb/sr,

   122.50 deg.: X-S =       0.054320 mb/sr,

   123.00 deg.: X-S =       0.053684 mb/sr,

   123.50 deg.: X-S =       0.053056 mb/sr,

   124.00 deg.: X-S =       0.052432 mb/sr,

   124.50 deg.: X-S =       0.051804 mb/sr,

   125.00 deg.: X-S =       0.051168 mb/sr,

   125.50 deg.: X-S =       0.050516 mb/sr,

   126.00 deg.: X-S =       0.049844 mb/sr,

   126.50 deg.: X-S =       0.049143 mb/sr,

   127.00 deg.: X-S =       0.048410 mb/sr,

   127.50 deg.: X-S =       0.047637 mb/sr,

   128.00 deg.: X-S =       0.046821 mb/sr,

   128.50 deg.: X-S =       0.045955 mb/sr,

   129.00 deg.: X-S =       0.045036 mb/sr,

   129.50 deg.: X-S =       0.044061 mb/sr,

   130.00 deg.: X-S =       0.043027 mb/sr,

   130.50 deg.: X-S =       0.041933 mb/sr,

   131.00 deg.: X-S =       0.040776 mb/sr,

   131.50 deg.: X-S =       0.039558 mb/sr,

   132.00 deg.: X-S =       0.038280 mb/sr,

   132.50 deg.: X-S =       0.036943 mb/sr,

   133.00 deg.: X-S =       0.035551 mb/sr,

   133.50 deg.: X-S =       0.034107 mb/sr,

   134.00 deg.: X-S =       0.032616 mb/sr,

   134.50 deg.: X-S =       0.031085 mb/sr,

   135.00 deg.: X-S =       0.029519 mb/sr,

   135.50 deg.: X-S =       0.027927 mb/sr,

   136.00 deg.: X-S =       0.026317 mb/sr,

   136.50 deg.: X-S =       0.024697 mb/sr,

   137.00 deg.: X-S =       0.023078 mb/sr,

   137.50 deg.: X-S =       0.021469 mb/sr,

   138.00 deg.: X-S =       0.019880 mb/sr,

   138.50 deg.: X-S =       0.018323 mb/sr,

   139.00 deg.: X-S =       0.016808 mb/sr,

   139.50 deg.: X-S =       0.015347 mb/sr,

   140.00 deg.: X-S =       0.013949 mb/sr,

   140.50 deg.: X-S =       0.012626 mb/sr,

   141.00 deg.: X-S =       0.011389 mb/sr,

   141.50 deg.: X-S =       0.010248 mb/sr,

   142.00 deg.: X-S =       0.009211 mb/sr,

   142.50 deg.: X-S =       0.008289 mb/sr,

   143.00 deg.: X-S =       0.007489 mb/sr,

   143.50 deg.: X-S =       0.006819 mb/sr,

   144.00 deg.: X-S =       0.006286 mb/sr,

   144.50 deg.: X-S =       0.005897 mb/sr,

   145.00 deg.: X-S =       0.005654 mb/sr,

   145.50 deg.: X-S =       0.005564 mb/sr,

   146.00 deg.: X-S =       0.005627 mb/sr,

   146.50 deg.: X-S =       0.005847 mb/sr,

   147.00 deg.: X-S =       0.006223 mb/sr,

   147.50 deg.: X-S =       0.006756 mb/sr,

   148.00 deg.: X-S =       0.007443 mb/sr,

   148.50 deg.: X-S =       0.008283 mb/sr,

   149.00 deg.: X-S =       0.009270 mb/sr,

   149.50 deg.: X-S =       0.010402 mb/sr,

   150.00 deg.: X-S =       0.011671 mb/sr,

   150.50 deg.: X-S =       0.013071 mb/sr,

   151.00 deg.: X-S =       0.014595 mb/sr,

   151.50 deg.: X-S =       0.016236 mb/sr,

   152.00 deg.: X-S =       0.017983 mb/sr,

   152.50 deg.: X-S =       0.019827 mb/sr,

   153.00 deg.: X-S =       0.021759 mb/sr,

   153.50 deg.: X-S =       0.023768 mb/sr,

   154.00 deg.: X-S =       0.025844 mb/sr,

   154.50 deg.: X-S =       0.027975 mb/sr,

   155.00 deg.: X-S =       0.030151 mb/sr,

   155.50 deg.: X-S =       0.032360 mb/sr,

   156.00 deg.: X-S =       0.034592 mb/sr,

   156.50 deg.: X-S =       0.036836 mb/sr,

   157.00 deg.: X-S =       0.039081 mb/sr,

   157.50 deg.: X-S =       0.041316 mb/sr,

   158.00 deg.: X-S =       0.043533 mb/sr,

   158.50 deg.: X-S =       0.045722 mb/sr,

   159.00 deg.: X-S =       0.047874 mb/sr,

   159.50 deg.: X-S =       0.049980 mb/sr,

   160.00 deg.: X-S =       0.052033 mb/sr,

   160.50 deg.: X-S =       0.054027 mb/sr,

   161.00 deg.: X-S =       0.055955 mb/sr,

   161.50 deg.: X-S =       0.057811 mb/sr,

   162.00 deg.: X-S =       0.059591 mb/sr,

   162.50 deg.: X-S =       0.061290 mb/sr,

   163.00 deg.: X-S =       0.062907 mb/sr,

   163.50 deg.: X-S =       0.064437 mb/sr,

   164.00 deg.: X-S =       0.065880 mb/sr,

   164.50 deg.: X-S =       0.067234 mb/sr,

   165.00 deg.: X-S =       0.068498 mb/sr,

   165.50 deg.: X-S =       0.069674 mb/sr,

   166.00 deg.: X-S =       0.070762 mb/sr,

   166.50 deg.: X-S =       0.071764 mb/sr,

   167.00 deg.: X-S =       0.072681 mb/sr,

   167.50 deg.: X-S =       0.073517 mb/sr,

   168.00 deg.: X-S =       0.074273 mb/sr,

   168.50 deg.: X-S =       0.074953 mb/sr,

   169.00 deg.: X-S =       0.075561 mb/sr,

   169.50 deg.: X-S =       0.076101 mb/sr,

   170.00 deg.: X-S =       0.076577 mb/sr,

   170.50 deg.: X-S =       0.076993 mb/sr,

   171.00 deg.: X-S =       0.077353 mb/sr,

   171.50 deg.: X-S =       0.077662 mb/sr,

   172.00 deg.: X-S =       0.077924 mb/sr,

   172.50 deg.: X-S =       0.078144 mb/sr,

   173.00 deg.: X-S =       0.078327 mb/sr,

   173.50 deg.: X-S =       0.078476 mb/sr,

   174.00 deg.: X-S =       0.078595 mb/sr,

   174.50 deg.: X-S =       0.078689 mb/sr,

   175.00 deg.: X-S =       0.078762 mb/sr,

   175.50 deg.: X-S =       0.078816 mb/sr,

   176.00 deg.: X-S =       0.078855 mb/sr,

   176.50 deg.: X-S =       0.078883 mb/sr,

   177.00 deg.: X-S =       0.078901 mb/sr,

   177.50 deg.: X-S =       0.078913 mb/sr,

   178.00 deg.: X-S =       0.078919 mb/sr,

   178.50 deg.: X-S =       0.078923 mb/sr,

   179.00 deg.: X-S =       0.078924 mb/sr,

   179.50 deg.: X-S =       0.078924 mb/sr,

   180.00 deg.: X-S =       0.078925 mb/sr,

                                           Integrated  1.1501E+00 mb, over [   0.000, 180.000] at    32.0000 MeV 

 CROSS SECTIONS FOR OUTGOING 2H       & 13C_L2   in state #   1 with spins & parities 1.0  + &  1.5  -;  0

     0.00 deg.: X-S =       0.314058 mb/sr,
+                                         REAC   3.0138E-01 mb

     0.50 deg.: X-S =       0.313902 mb/sr,

     1.00 deg.: X-S =       0.313431 mb/sr,

     1.50 deg.: X-S =       0.312648 mb/sr,

     2.00 deg.: X-S =       0.311551 mb/sr,

     2.50 deg.: X-S =       0.310141 mb/sr,

     3.00 deg.: X-S =       0.308418 mb/sr,

     3.50 deg.: X-S =       0.306384 mb/sr,

     4.00 deg.: X-S =       0.304040 mb/sr,

     4.50 deg.: X-S =       0.301387 mb/sr,

     5.00 deg.: X-S =       0.298427 mb/sr,

     5.50 deg.: X-S =       0.295164 mb/sr,

     6.00 deg.: X-S =       0.291601 mb/sr,

     6.50 deg.: X-S =       0.287742 mb/sr,

     7.00 deg.: X-S =       0.283595 mb/sr,

     7.50 deg.: X-S =       0.279164 mb/sr,

     8.00 deg.: X-S =       0.274460 mb/sr,

     8.50 deg.: X-S =       0.269491 mb/sr,

     9.00 deg.: X-S =       0.264268 mb/sr,

     9.50 deg.: X-S =       0.258804 mb/sr,

    10.00 deg.: X-S =       0.253112 mb/sr,

    10.50 deg.: X-S =       0.247208 mb/sr,

    11.00 deg.: X-S =       0.241109 mb/sr,

    11.50 deg.: X-S =       0.234834 mb/sr,

    12.00 deg.: X-S =       0.228401 mb/sr,

    12.50 deg.: X-S =       0.221832 mb/sr,

    13.00 deg.: X-S =       0.215149 mb/sr,

    13.50 deg.: X-S =       0.208376 mb/sr,

    14.00 deg.: X-S =       0.201535 mb/sr,

    14.50 deg.: X-S =       0.194653 mb/sr,

    15.00 deg.: X-S =       0.187752 mb/sr,

    15.50 deg.: X-S =       0.180860 mb/sr,

    16.00 deg.: X-S =       0.174002 mb/sr,

    16.50 deg.: X-S =       0.167201 mb/sr,

    17.00 deg.: X-S =       0.160484 mb/sr,

    17.50 deg.: X-S =       0.153873 mb/sr,

    18.00 deg.: X-S =       0.147391 mb/sr,

    18.50 deg.: X-S =       0.141061 mb/sr,

    19.00 deg.: X-S =       0.134902 mb/sr,

    19.50 deg.: X-S =       0.128933 mb/sr,

    20.00 deg.: X-S =       0.123170 mb/sr,

    20.50 deg.: X-S =       0.117629 mb/sr,

    21.00 deg.: X-S =       0.112322 mb/sr,

    21.50 deg.: X-S =       0.107260 mb/sr,

    22.00 deg.: X-S =       0.102452 mb/sr,

    22.50 deg.: X-S =       0.097902 mb/sr,

    23.00 deg.: X-S =       0.093615 mb/sr,

    23.50 deg.: X-S =       0.089593 mb/sr,

    24.00 deg.: X-S =       0.085834 mb/sr,

    24.50 deg.: X-S =       0.082336 mb/sr,

    25.00 deg.: X-S =       0.079093 mb/sr,

    25.50 deg.: X-S =       0.076098 mb/sr,

    26.00 deg.: X-S =       0.073344 mb/sr,

    26.50 deg.: X-S =       0.070818 mb/sr,

    27.00 deg.: X-S =       0.068511 mb/sr,

    27.50 deg.: X-S =       0.066407 mb/sr,

    28.00 deg.: X-S =       0.064495 mb/sr,

    28.50 deg.: X-S =       0.062759 mb/sr,

    29.00 deg.: X-S =       0.061183 mb/sr,

    29.50 deg.: X-S =       0.059752 mb/sr,

    30.00 deg.: X-S =       0.058450 mb/sr,

    30.50 deg.: X-S =       0.057261 mb/sr,

    31.00 deg.: X-S =       0.056171 mb/sr,

    31.50 deg.: X-S =       0.055163 mb/sr,

    32.00 deg.: X-S =       0.054224 mb/sr,

    32.50 deg.: X-S =       0.053339 mb/sr,

    33.00 deg.: X-S =       0.052496 mb/sr,

    33.50 deg.: X-S =       0.051683 mb/sr,

    34.00 deg.: X-S =       0.050888 mb/sr,

    34.50 deg.: X-S =       0.050103 mb/sr,

    35.00 deg.: X-S =       0.049318 mb/sr,

    35.50 deg.: X-S =       0.048526 mb/sr,

    36.00 deg.: X-S =       0.047721 mb/sr,

    36.50 deg.: X-S =       0.046897 mb/sr,

    37.00 deg.: X-S =       0.046050 mb/sr,

    37.50 deg.: X-S =       0.045178 mb/sr,

    38.00 deg.: X-S =       0.044278 mb/sr,

    38.50 deg.: X-S =       0.043350 mb/sr,

    39.00 deg.: X-S =       0.042394 mb/sr,

    39.50 deg.: X-S =       0.041409 mb/sr,

    40.00 deg.: X-S =       0.040399 mb/sr,

    40.50 deg.: X-S =       0.039364 mb/sr,

    41.00 deg.: X-S =       0.038307 mb/sr,

    41.50 deg.: X-S =       0.037233 mb/sr,

    42.00 deg.: X-S =       0.036143 mb/sr,

    42.50 deg.: X-S =       0.035043 mb/sr,

    43.00 deg.: X-S =       0.033935 mb/sr,

    43.50 deg.: X-S =       0.032825 mb/sr,

    44.00 deg.: X-S =       0.031716 mb/sr,

    44.50 deg.: X-S =       0.030612 mb/sr,

    45.00 deg.: X-S =       0.029518 mb/sr,

    45.50 deg.: X-S =       0.028438 mb/sr,

    46.00 deg.: X-S =       0.027374 mb/sr,

    46.50 deg.: X-S =       0.026332 mb/sr,

    47.00 deg.: X-S =       0.025313 mb/sr,

    47.50 deg.: X-S =       0.024321 mb/sr,

    48.00 deg.: X-S =       0.023359 mb/sr,

    48.50 deg.: X-S =       0.022429 mb/sr,

    49.00 deg.: X-S =       0.021533 mb/sr,

    49.50 deg.: X-S =       0.020672 mb/sr,

    50.00 deg.: X-S =       0.019849 mb/sr,

    50.50 deg.: X-S =       0.019062 mb/sr,

    51.00 deg.: X-S =       0.018314 mb/sr,

    51.50 deg.: X-S =       0.017605 mb/sr,

    52.00 deg.: X-S =       0.016934 mb/sr,

    52.50 deg.: X-S =       0.016301 mb/sr,

    53.00 deg.: X-S =       0.015705 mb/sr,

    53.50 deg.: X-S =       0.015146 mb/sr,

    54.00 deg.: X-S =       0.014623 mb/sr,

    54.50 deg.: X-S =       0.014133 mb/sr,

    55.00 deg.: X-S =       0.013676 mb/sr,

    55.50 deg.: X-S =       0.013251 mb/sr,

    56.00 deg.: X-S =       0.012854 mb/sr,

    56.50 deg.: X-S =       0.012486 mb/sr,

    57.00 deg.: X-S =       0.012143 mb/sr,

    57.50 deg.: X-S =       0.011825 mb/sr,

    58.00 deg.: X-S =       0.011529 mb/sr,

    58.50 deg.: X-S =       0.011254 mb/sr,

    59.00 deg.: X-S =       0.010998 mb/sr,

    59.50 deg.: X-S =       0.010760 mb/sr,

    60.00 deg.: X-S =       0.010538 mb/sr,

    60.50 deg.: X-S =       0.010331 mb/sr,

    61.00 deg.: X-S =       0.010138 mb/sr,

    61.50 deg.: X-S =       0.009958 mb/sr,

    62.00 deg.: X-S =       0.009791 mb/sr,

    62.50 deg.: X-S =       0.009635 mb/sr,

    63.00 deg.: X-S =       0.009490 mb/sr,

    63.50 deg.: X-S =       0.009357 mb/sr,

    64.00 deg.: X-S =       0.009234 mb/sr,

    64.50 deg.: X-S =       0.009122 mb/sr,

    65.00 deg.: X-S =       0.009020 mb/sr,

    65.50 deg.: X-S =       0.008930 mb/sr,

    66.00 deg.: X-S =       0.008852 mb/sr,

    66.50 deg.: X-S =       0.008785 mb/sr,

    67.00 deg.: X-S =       0.008731 mb/sr,

    67.50 deg.: X-S =       0.008689 mb/sr,

    68.00 deg.: X-S =       0.008661 mb/sr,

    68.50 deg.: X-S =       0.008648 mb/sr,

    69.00 deg.: X-S =       0.008648 mb/sr,

    69.50 deg.: X-S =       0.008664 mb/sr,

    70.00 deg.: X-S =       0.008695 mb/sr,

    70.50 deg.: X-S =       0.008742 mb/sr,

    71.00 deg.: X-S =       0.008805 mb/sr,

    71.50 deg.: X-S =       0.008884 mb/sr,

    72.00 deg.: X-S =       0.008980 mb/sr,

    72.50 deg.: X-S =       0.009092 mb/sr,

    73.00 deg.: X-S =       0.009220 mb/sr,

    73.50 deg.: X-S =       0.009364 mb/sr,

    74.00 deg.: X-S =       0.009524 mb/sr,

    74.50 deg.: X-S =       0.009699 mb/sr,

    75.00 deg.: X-S =       0.009889 mb/sr,

    75.50 deg.: X-S =       0.010092 mb/sr,

    76.00 deg.: X-S =       0.010308 mb/sr,

    76.50 deg.: X-S =       0.010536 mb/sr,

    77.00 deg.: X-S =       0.010776 mb/sr,

    77.50 deg.: X-S =       0.011025 mb/sr,

    78.00 deg.: X-S =       0.011282 mb/sr,

    78.50 deg.: X-S =       0.011548 mb/sr,

    79.00 deg.: X-S =       0.011819 mb/sr,

    79.50 deg.: X-S =       0.012096 mb/sr,

    80.00 deg.: X-S =       0.012376 mb/sr,

    80.50 deg.: X-S =       0.012658 mb/sr,

    81.00 deg.: X-S =       0.012941 mb/sr,

    81.50 deg.: X-S =       0.013224 mb/sr,

    82.00 deg.: X-S =       0.013505 mb/sr,

    82.50 deg.: X-S =       0.013784 mb/sr,

    83.00 deg.: X-S =       0.014057 mb/sr,

    83.50 deg.: X-S =       0.014326 mb/sr,

    84.00 deg.: X-S =       0.014588 mb/sr,

    84.50 deg.: X-S =       0.014842 mb/sr,

    85.00 deg.: X-S =       0.015088 mb/sr,

    85.50 deg.: X-S =       0.015323 mb/sr,

    86.00 deg.: X-S =       0.015549 mb/sr,

    86.50 deg.: X-S =       0.015763 mb/sr,

    87.00 deg.: X-S =       0.015964 mb/sr,

    87.50 deg.: X-S =       0.016153 mb/sr,

    88.00 deg.: X-S =       0.016329 mb/sr,

    88.50 deg.: X-S =       0.016490 mb/sr,

    89.00 deg.: X-S =       0.016638 mb/sr,

    89.50 deg.: X-S =       0.016771 mb/sr,

    90.00 deg.: X-S =       0.016888 mb/sr,

    90.50 deg.: X-S =       0.016991 mb/sr,

    91.00 deg.: X-S =       0.017079 mb/sr,

    91.50 deg.: X-S =       0.017151 mb/sr,

    92.00 deg.: X-S =       0.017208 mb/sr,

    92.50 deg.: X-S =       0.017251 mb/sr,

    93.00 deg.: X-S =       0.017278 mb/sr,

    93.50 deg.: X-S =       0.017291 mb/sr,

    94.00 deg.: X-S =       0.017290 mb/sr,

    94.50 deg.: X-S =       0.017274 mb/sr,

    95.00 deg.: X-S =       0.017246 mb/sr,

    95.50 deg.: X-S =       0.017204 mb/sr,

    96.00 deg.: X-S =       0.017151 mb/sr,

    96.50 deg.: X-S =       0.017085 mb/sr,

    97.00 deg.: X-S =       0.017009 mb/sr,

    97.50 deg.: X-S =       0.016922 mb/sr,

    98.00 deg.: X-S =       0.016826 mb/sr,

    98.50 deg.: X-S =       0.016720 mb/sr,

    99.00 deg.: X-S =       0.016607 mb/sr,

    99.50 deg.: X-S =       0.016486 mb/sr,

   100.00 deg.: X-S =       0.016359 mb/sr,

   100.50 deg.: X-S =       0.016225 mb/sr,

   101.00 deg.: X-S =       0.016087 mb/sr,

   101.50 deg.: X-S =       0.015945 mb/sr,

   102.00 deg.: X-S =       0.015799 mb/sr,

   102.50 deg.: X-S =       0.015651 mb/sr,

   103.00 deg.: X-S =       0.015501 mb/sr,

   103.50 deg.: X-S =       0.015349 mb/sr,

   104.00 deg.: X-S =       0.015198 mb/sr,

   104.50 deg.: X-S =       0.015047 mb/sr,

   105.00 deg.: X-S =       0.014896 mb/sr,

   105.50 deg.: X-S =       0.014747 mb/sr,

   106.00 deg.: X-S =       0.014601 mb/sr,

   106.50 deg.: X-S =       0.014457 mb/sr,

   107.00 deg.: X-S =       0.014316 mb/sr,

   107.50 deg.: X-S =       0.014179 mb/sr,

   108.00 deg.: X-S =       0.014046 mb/sr,

   108.50 deg.: X-S =       0.013917 mb/sr,

   109.00 deg.: X-S =       0.013793 mb/sr,

   109.50 deg.: X-S =       0.013674 mb/sr,

   110.00 deg.: X-S =       0.013561 mb/sr,

   110.50 deg.: X-S =       0.013452 mb/sr,

   111.00 deg.: X-S =       0.013350 mb/sr,

   111.50 deg.: X-S =       0.013253 mb/sr,

   112.00 deg.: X-S =       0.013162 mb/sr,

   112.50 deg.: X-S =       0.013076 mb/sr,

   113.00 deg.: X-S =       0.012996 mb/sr,

   113.50 deg.: X-S =       0.012922 mb/sr,

   114.00 deg.: X-S =       0.012854 mb/sr,

   114.50 deg.: X-S =       0.012790 mb/sr,

   115.00 deg.: X-S =       0.012733 mb/sr,

   115.50 deg.: X-S =       0.012680 mb/sr,

   116.00 deg.: X-S =       0.012632 mb/sr,

   116.50 deg.: X-S =       0.012589 mb/sr,

   117.00 deg.: X-S =       0.012550 mb/sr,

   117.50 deg.: X-S =       0.012515 mb/sr,

   118.00 deg.: X-S =       0.012484 mb/sr,

   118.50 deg.: X-S =       0.012456 mb/sr,

   119.00 deg.: X-S =       0.012431 mb/sr,

   119.50 deg.: X-S =       0.012410 mb/sr,

   120.00 deg.: X-S =       0.012390 mb/sr,

   120.50 deg.: X-S =       0.012373 mb/sr,

   121.00 deg.: X-S =       0.012358 mb/sr,

   121.50 deg.: X-S =       0.012344 mb/sr,

   122.00 deg.: X-S =       0.012331 mb/sr,

   122.50 deg.: X-S =       0.012319 mb/sr,

   123.00 deg.: X-S =       0.012307 mb/sr,

   123.50 deg.: X-S =       0.012295 mb/sr,

   124.00 deg.: X-S =       0.012283 mb/sr,

   124.50 deg.: X-S =       0.012270 mb/sr,

   125.00 deg.: X-S =       0.012256 mb/sr,

   125.50 deg.: X-S =       0.012241 mb/sr,

   126.00 deg.: X-S =       0.012225 mb/sr,

   126.50 deg.: X-S =       0.012206 mb/sr,

   127.00 deg.: X-S =       0.012186 mb/sr,

   127.50 deg.: X-S =       0.012163 mb/sr,

   128.00 deg.: X-S =       0.012138 mb/sr,

   128.50 deg.: X-S =       0.012111 mb/sr,

   129.00 deg.: X-S =       0.012081 mb/sr,

   129.50 deg.: X-S =       0.012048 mb/sr,

   130.00 deg.: X-S =       0.012012 mb/sr,

   130.50 deg.: X-S =       0.011973 mb/sr,

   131.00 deg.: X-S =       0.011931 mb/sr,

   131.50 deg.: X-S =       0.011886 mb/sr,

   132.00 deg.: X-S =       0.011838 mb/sr,

   132.50 deg.: X-S =       0.011787 mb/sr,

   133.00 deg.: X-S =       0.011733 mb/sr,

   133.50 deg.: X-S =       0.011676 mb/sr,

   134.00 deg.: X-S =       0.011617 mb/sr,

   134.50 deg.: X-S =       0.011556 mb/sr,

   135.00 deg.: X-S =       0.011492 mb/sr,

   135.50 deg.: X-S =       0.011426 mb/sr,

   136.00 deg.: X-S =       0.011359 mb/sr,

   136.50 deg.: X-S =       0.011290 mb/sr,

   137.00 deg.: X-S =       0.011220 mb/sr,

   137.50 deg.: X-S =       0.011149 mb/sr,

   138.00 deg.: X-S =       0.011078 mb/sr,

   138.50 deg.: X-S =       0.011006 mb/sr,

   139.00 deg.: X-S =       0.010935 mb/sr,

   139.50 deg.: X-S =       0.010865 mb/sr,

   140.00 deg.: X-S =       0.010796 mb/sr,

   140.50 deg.: X-S =       0.010728 mb/sr,

   141.00 deg.: X-S =       0.010663 mb/sr,

   141.50 deg.: X-S =       0.010599 mb/sr,

   142.00 deg.: X-S =       0.010539 mb/sr,

   142.50 deg.: X-S =       0.010481 mb/sr,

   143.00 deg.: X-S =       0.010427 mb/sr,

   143.50 deg.: X-S =       0.010378 mb/sr,

   144.00 deg.: X-S =       0.010332 mb/sr,

   144.50 deg.: X-S =       0.010291 mb/sr,

   145.00 deg.: X-S =       0.010255 mb/sr,

   145.50 deg.: X-S =       0.010225 mb/sr,

   146.00 deg.: X-S =       0.010200 mb/sr,

   146.50 deg.: X-S =       0.010181 mb/sr,

   147.00 deg.: X-S =       0.010168 mb/sr,

   147.50 deg.: X-S =       0.010162 mb/sr,

   148.00 deg.: X-S =       0.010161 mb/sr,

   148.50 deg.: X-S =       0.010167 mb/sr,

   149.00 deg.: X-S =       0.010180 mb/sr,

   149.50 deg.: X-S =       0.010200 mb/sr,

   150.00 deg.: X-S =       0.010226 mb/sr,

   150.50 deg.: X-S =       0.010258 mb/sr,

   151.00 deg.: X-S =       0.010297 mb/sr,

   151.50 deg.: X-S =       0.010342 mb/sr,

   152.00 deg.: X-S =       0.010393 mb/sr,

   152.50 deg.: X-S =       0.010451 mb/sr,

   153.00 deg.: X-S =       0.010513 mb/sr,

   153.50 deg.: X-S =       0.010581 mb/sr,

   154.00 deg.: X-S =       0.010654 mb/sr,

   154.50 deg.: X-S =       0.010732 mb/sr,

   155.00 deg.: X-S =       0.010814 mb/sr,

   155.50 deg.: X-S =       0.010899 mb/sr,

   156.00 deg.: X-S =       0.010988 mb/sr,

   156.50 deg.: X-S =       0.011080 mb/sr,

   157.00 deg.: X-S =       0.011174 mb/sr,

   157.50 deg.: X-S =       0.011270 mb/sr,

   158.00 deg.: X-S =       0.011367 mb/sr,

   158.50 deg.: X-S =       0.011465 mb/sr,

   159.00 deg.: X-S =       0.011564 mb/sr,

   159.50 deg.: X-S =       0.011663 mb/sr,

   160.00 deg.: X-S =       0.011761 mb/sr,

   160.50 deg.: X-S =       0.011857 mb/sr,

   161.00 deg.: X-S =       0.011953 mb/sr,

   161.50 deg.: X-S =       0.012046 mb/sr,

   162.00 deg.: X-S =       0.012137 mb/sr,

   162.50 deg.: X-S =       0.012225 mb/sr,

   163.00 deg.: X-S =       0.012311 mb/sr,

   163.50 deg.: X-S =       0.012392 mb/sr,

   164.00 deg.: X-S =       0.012470 mb/sr,

   164.50 deg.: X-S =       0.012544 mb/sr,

   165.00 deg.: X-S =       0.012614 mb/sr,

   165.50 deg.: X-S =       0.012680 mb/sr,

   166.00 deg.: X-S =       0.012741 mb/sr,

   166.50 deg.: X-S =       0.012797 mb/sr,

   167.00 deg.: X-S =       0.012849 mb/sr,

   167.50 deg.: X-S =       0.012897 mb/sr,

   168.00 deg.: X-S =       0.012940 mb/sr,

   168.50 deg.: X-S =       0.012978 mb/sr,

   169.00 deg.: X-S =       0.013012 mb/sr,

   169.50 deg.: X-S =       0.013042 mb/sr,

   170.00 deg.: X-S =       0.013068 mb/sr,

   170.50 deg.: X-S =       0.013090 mb/sr,

   171.00 deg.: X-S =       0.013109 mb/sr,

   171.50 deg.: X-S =       0.013124 mb/sr,

   172.00 deg.: X-S =       0.013136 mb/sr,

   172.50 deg.: X-S =       0.013146 mb/sr,

   173.00 deg.: X-S =       0.013153 mb/sr,

   173.50 deg.: X-S =       0.013158 mb/sr,

   174.00 deg.: X-S =       0.013160 mb/sr,

   174.50 deg.: X-S =       0.013162 mb/sr,

   175.00 deg.: X-S =       0.013162 mb/sr,

   175.50 deg.: X-S =       0.013161 mb/sr,

   176.00 deg.: X-S =       0.013160 mb/sr,

   176.50 deg.: X-S =       0.013158 mb/sr,

   177.00 deg.: X-S =       0.013155 mb/sr,

   177.50 deg.: X-S =       0.013153 mb/sr,

   178.00 deg.: X-S =       0.013151 mb/sr,

   178.50 deg.: X-S =       0.013149 mb/sr,

   179.00 deg.: X-S =       0.013148 mb/sr,

   179.50 deg.: X-S =       0.013147 mb/sr,

   180.00 deg.: X-S =       0.013147 mb/sr,

                                           Integrated  3.0137E-01 mb, over [   0.000, 180.000] at    32.0000 MeV 

 CROSS SECTIONS FOR OUTGOING 2H       & 13C_L02  in state #   1 with spins & parities 1.0  + &  1.5  -;  0

     0.00 deg.: X-S =       1.488338 mb/sr,
+                                         REAC   1.4515E+00 mb

     0.50 deg.: X-S =       1.485138 mb/sr,

     1.00 deg.: X-S =       1.475578 mb/sr,

     1.50 deg.: X-S =       1.459778 mb/sr,

     2.00 deg.: X-S =       1.437936 mb/sr,

     2.50 deg.: X-S =       1.410324 mb/sr,

     3.00 deg.: X-S =       1.377283 mb/sr,

     3.50 deg.: X-S =       1.339219 mb/sr,

     4.00 deg.: X-S =       1.296592 mb/sr,

     4.50 deg.: X-S =       1.249911 mb/sr,

     5.00 deg.: X-S =       1.199727 mb/sr,

     5.50 deg.: X-S =       1.146618 mb/sr,

     6.00 deg.: X-S =       1.091184 mb/sr,

     6.50 deg.: X-S =       1.034039 mb/sr,

     7.00 deg.: X-S =       0.975794 mb/sr,

     7.50 deg.: X-S =       0.917055 mb/sr,

     8.00 deg.: X-S =       0.858411 mb/sr,

     8.50 deg.: X-S =       0.800424 mb/sr,

     9.00 deg.: X-S =       0.743625 mb/sr,

     9.50 deg.: X-S =       0.688506 mb/sr,

    10.00 deg.: X-S =       0.635510 mb/sr,

    10.50 deg.: X-S =       0.585033 mb/sr,

    11.00 deg.: X-S =       0.537416 mb/sr,

    11.50 deg.: X-S =       0.492943 mb/sr,

    12.00 deg.: X-S =       0.451842 mb/sr,

    12.50 deg.: X-S =       0.414281 mb/sr,

    13.00 deg.: X-S =       0.380370 mb/sr,

    13.50 deg.: X-S =       0.350165 mb/sr,

    14.00 deg.: X-S =       0.323669 mb/sr,

    14.50 deg.: X-S =       0.300832 mb/sr,

    15.00 deg.: X-S =       0.281561 mb/sr,

    15.50 deg.: X-S =       0.265721 mb/sr,

    16.00 deg.: X-S =       0.253140 mb/sr,

    16.50 deg.: X-S =       0.243614 mb/sr,

    17.00 deg.: X-S =       0.236915 mb/sr,

    17.50 deg.: X-S =       0.232794 mb/sr,

    18.00 deg.: X-S =       0.230986 mb/sr,

    18.50 deg.: X-S =       0.231217 mb/sr,

    19.00 deg.: X-S =       0.233209 mb/sr,

    19.50 deg.: X-S =       0.236682 mb/sr,

    20.00 deg.: X-S =       0.241361 mb/sr,

    20.50 deg.: X-S =       0.246979 mb/sr,

    21.00 deg.: X-S =       0.253280 mb/sr,

    21.50 deg.: X-S =       0.260021 mb/sr,

    22.00 deg.: X-S =       0.266977 mb/sr,

    22.50 deg.: X-S =       0.273939 mb/sr,

    23.00 deg.: X-S =       0.280720 mb/sr,

    23.50 deg.: X-S =       0.287150 mb/sr,

    24.00 deg.: X-S =       0.293083 mb/sr,

    24.50 deg.: X-S =       0.298391 mb/sr,

    25.00 deg.: X-S =       0.302969 mb/sr,

    25.50 deg.: X-S =       0.306731 mb/sr,

    26.00 deg.: X-S =       0.309611 mb/sr,

    26.50 deg.: X-S =       0.311560 mb/sr,

    27.00 deg.: X-S =       0.312546 mb/sr,

    27.50 deg.: X-S =       0.312556 mb/sr,

    28.00 deg.: X-S =       0.311587 mb/sr,

    28.50 deg.: X-S =       0.309652 mb/sr,

    29.00 deg.: X-S =       0.306775 mb/sr,

    29.50 deg.: X-S =       0.302990 mb/sr,

    30.00 deg.: X-S =       0.298341 mb/sr,

    30.50 deg.: X-S =       0.292877 mb/sr,

    31.00 deg.: X-S =       0.286657 mb/sr,

    31.50 deg.: X-S =       0.279741 mb/sr,

    32.00 deg.: X-S =       0.272196 mb/sr,

    32.50 deg.: X-S =       0.264092 mb/sr,

    33.00 deg.: X-S =       0.255498 mb/sr,

    33.50 deg.: X-S =       0.246487 mb/sr,

    34.00 deg.: X-S =       0.237131 mb/sr,

    34.50 deg.: X-S =       0.227503 mb/sr,

    35.00 deg.: X-S =       0.217672 mb/sr,

    35.50 deg.: X-S =       0.207709 mb/sr,

    36.00 deg.: X-S =       0.197681 mb/sr,

    36.50 deg.: X-S =       0.187652 mb/sr,

    37.00 deg.: X-S =       0.177684 mb/sr,

    37.50 deg.: X-S =       0.167837 mb/sr,

    38.00 deg.: X-S =       0.158165 mb/sr,

    38.50 deg.: X-S =       0.148720 mb/sr,

    39.00 deg.: X-S =       0.139550 mb/sr,

    39.50 deg.: X-S =       0.130699 mb/sr,

    40.00 deg.: X-S =       0.122208 mb/sr,

    40.50 deg.: X-S =       0.114112 mb/sr,

    41.00 deg.: X-S =       0.106445 mb/sr,

    41.50 deg.: X-S =       0.099233 mb/sr,

    42.00 deg.: X-S =       0.092502 mb/sr,

    42.50 deg.: X-S =       0.086274 mb/sr,

    43.00 deg.: X-S =       0.080565 mb/sr,

    43.50 deg.: X-S =       0.075389 mb/sr,

    44.00 deg.: X-S =       0.070758 mb/sr,

    44.50 deg.: X-S =       0.066679 mb/sr,

    45.00 deg.: X-S =       0.063158 mb/sr,

    45.50 deg.: X-S =       0.060196 mb/sr,

    46.00 deg.: X-S =       0.057793 mb/sr,

    46.50 deg.: X-S =       0.055946 mb/sr,

    47.00 deg.: X-S =       0.054651 mb/sr,

    47.50 deg.: X-S =       0.053901 mb/sr,

    48.00 deg.: X-S =       0.053687 mb/sr,

    48.50 deg.: X-S =       0.053997 mb/sr,

    49.00 deg.: X-S =       0.054820 mb/sr,

    49.50 deg.: X-S =       0.056142 mb/sr,

    50.00 deg.: X-S =       0.057946 mb/sr,

    50.50 deg.: X-S =       0.060215 mb/sr,

    51.00 deg.: X-S =       0.062929 mb/sr,

    51.50 deg.: X-S =       0.066070 mb/sr,

    52.00 deg.: X-S =       0.069613 mb/sr,

    52.50 deg.: X-S =       0.073536 mb/sr,

    53.00 deg.: X-S =       0.077813 mb/sr,

    53.50 deg.: X-S =       0.082418 mb/sr,

    54.00 deg.: X-S =       0.087322 mb/sr,

    54.50 deg.: X-S =       0.092495 mb/sr,

    55.00 deg.: X-S =       0.097907 mb/sr,

    55.50 deg.: X-S =       0.103524 mb/sr,

    56.00 deg.: X-S =       0.109313 mb/sr,

    56.50 deg.: X-S =       0.115238 mb/sr,

    57.00 deg.: X-S =       0.121265 mb/sr,

    57.50 deg.: X-S =       0.127355 mb/sr,

    58.00 deg.: X-S =       0.133473 mb/sr,

    58.50 deg.: X-S =       0.139579 mb/sr,

    59.00 deg.: X-S =       0.145635 mb/sr,

    59.50 deg.: X-S =       0.151605 mb/sr,

    60.00 deg.: X-S =       0.157450 mb/sr,

    60.50 deg.: X-S =       0.163135 mb/sr,

    61.00 deg.: X-S =       0.168622 mb/sr,

    61.50 deg.: X-S =       0.173877 mb/sr,

    62.00 deg.: X-S =       0.178869 mb/sr,

    62.50 deg.: X-S =       0.183565 mb/sr,

    63.00 deg.: X-S =       0.187938 mb/sr,

    63.50 deg.: X-S =       0.191960 mb/sr,

    64.00 deg.: X-S =       0.195609 mb/sr,

    64.50 deg.: X-S =       0.198863 mb/sr,

    65.00 deg.: X-S =       0.201705 mb/sr,

    65.50 deg.: X-S =       0.204120 mb/sr,

    66.00 deg.: X-S =       0.206098 mb/sr,

    66.50 deg.: X-S =       0.207630 mb/sr,

    67.00 deg.: X-S =       0.208712 mb/sr,

    67.50 deg.: X-S =       0.209343 mb/sr,

    68.00 deg.: X-S =       0.209526 mb/sr,

    68.50 deg.: X-S =       0.209265 mb/sr,

    69.00 deg.: X-S =       0.208569 mb/sr,

    69.50 deg.: X-S =       0.207450 mb/sr,

    70.00 deg.: X-S =       0.205921 mb/sr,

    70.50 deg.: X-S =       0.204000 mb/sr,

    71.00 deg.: X-S =       0.201704 mb/sr,

    71.50 deg.: X-S =       0.199055 mb/sr,

    72.00 deg.: X-S =       0.196075 mb/sr,

    72.50 deg.: X-S =       0.192787 mb/sr,

    73.00 deg.: X-S =       0.189218 mb/sr,

    73.50 deg.: X-S =       0.185392 mb/sr,

    74.00 deg.: X-S =       0.181336 mb/sr,

    74.50 deg.: X-S =       0.177077 mb/sr,

    75.00 deg.: X-S =       0.172642 mb/sr,

    75.50 deg.: X-S =       0.168058 mb/sr,

    76.00 deg.: X-S =       0.163352 mb/sr,

    76.50 deg.: X-S =       0.158549 mb/sr,

    77.00 deg.: X-S =       0.153676 mb/sr,

    77.50 deg.: X-S =       0.148756 mb/sr,

    78.00 deg.: X-S =       0.143814 mb/sr,

    78.50 deg.: X-S =       0.138873 mb/sr,

    79.00 deg.: X-S =       0.133954 mb/sr,

    79.50 deg.: X-S =       0.129078 mb/sr,

    80.00 deg.: X-S =       0.124264 mb/sr,

    80.50 deg.: X-S =       0.119531 mb/sr,

    81.00 deg.: X-S =       0.114896 mb/sr,

    81.50 deg.: X-S =       0.110375 mb/sr,

    82.00 deg.: X-S =       0.105982 mb/sr,

    82.50 deg.: X-S =       0.101732 mb/sr,

    83.00 deg.: X-S =       0.097635 mb/sr,

    83.50 deg.: X-S =       0.093705 mb/sr,

    84.00 deg.: X-S =       0.089951 mb/sr,

    84.50 deg.: X-S =       0.086383 mb/sr,

    85.00 deg.: X-S =       0.083008 mb/sr,

    85.50 deg.: X-S =       0.079834 mb/sr,

    86.00 deg.: X-S =       0.076867 mb/sr,

    86.50 deg.: X-S =       0.074112 mb/sr,

    87.00 deg.: X-S =       0.071575 mb/sr,

    87.50 deg.: X-S =       0.069257 mb/sr,

    88.00 deg.: X-S =       0.067163 mb/sr,

    88.50 deg.: X-S =       0.065293 mb/sr,

    89.00 deg.: X-S =       0.063648 mb/sr,

    89.50 deg.: X-S =       0.062228 mb/sr,

    90.00 deg.: X-S =       0.061031 mb/sr,

    90.50 deg.: X-S =       0.060055 mb/sr,

    91.00 deg.: X-S =       0.059297 mb/sr,

    91.50 deg.: X-S =       0.058753 mb/sr,

    92.00 deg.: X-S =       0.058416 mb/sr,

    92.50 deg.: X-S =       0.058281 mb/sr,

    93.00 deg.: X-S =       0.058340 mb/sr,

    93.50 deg.: X-S =       0.058585 mb/sr,

    94.00 deg.: X-S =       0.059007 mb/sr,

    94.50 deg.: X-S =       0.059594 mb/sr,

    95.00 deg.: X-S =       0.060335 mb/sr,

    95.50 deg.: X-S =       0.061218 mb/sr,

    96.00 deg.: X-S =       0.062231 mb/sr,

    96.50 deg.: X-S =       0.063358 mb/sr,

    97.00 deg.: X-S =       0.064586 mb/sr,

    97.50 deg.: X-S =       0.065900 mb/sr,

    98.00 deg.: X-S =       0.067285 mb/sr,

    98.50 deg.: X-S =       0.068723 mb/sr,

    99.00 deg.: X-S =       0.070201 mb/sr,

    99.50 deg.: X-S =       0.071702 mb/sr,

   100.00 deg.: X-S =       0.073210 mb/sr,

   100.50 deg.: X-S =       0.074709 mb/sr,

   101.00 deg.: X-S =       0.076186 mb/sr,

   101.50 deg.: X-S =       0.077624 mb/sr,

   102.00 deg.: X-S =       0.079011 mb/sr,

   102.50 deg.: X-S =       0.080334 mb/sr,

   103.00 deg.: X-S =       0.081580 mb/sr,

   103.50 deg.: X-S =       0.082740 mb/sr,

   104.00 deg.: X-S =       0.083802 mb/sr,

   104.50 deg.: X-S =       0.084759 mb/sr,

   105.00 deg.: X-S =       0.085604 mb/sr,

   105.50 deg.: X-S =       0.086331 mb/sr,

   106.00 deg.: X-S =       0.086936 mb/sr,

   106.50 deg.: X-S =       0.087416 mb/sr,

   107.00 deg.: X-S =       0.087770 mb/sr,

   107.50 deg.: X-S =       0.087997 mb/sr,

   108.00 deg.: X-S =       0.088100 mb/sr,

   108.50 deg.: X-S =       0.088080 mb/sr,

   109.00 deg.: X-S =       0.087943 mb/sr,

   109.50 deg.: X-S =       0.087692 mb/sr,

   110.00 deg.: X-S =       0.087334 mb/sr,

   110.50 deg.: X-S =       0.086876 mb/sr,

   111.00 deg.: X-S =       0.086326 mb/sr,

   111.50 deg.: X-S =       0.085693 mb/sr,

   112.00 deg.: X-S =       0.084984 mb/sr,

   112.50 deg.: X-S =       0.084210 mb/sr,

   113.00 deg.: X-S =       0.083380 mb/sr,

   113.50 deg.: X-S =       0.082503 mb/sr,

   114.00 deg.: X-S =       0.081589 mb/sr,

   114.50 deg.: X-S =       0.080647 mb/sr,

   115.00 deg.: X-S =       0.079685 mb/sr,

   115.50 deg.: X-S =       0.078713 mb/sr,

   116.00 deg.: X-S =       0.077737 mb/sr,

   116.50 deg.: X-S =       0.076766 mb/sr,

   117.00 deg.: X-S =       0.075804 mb/sr,

   117.50 deg.: X-S =       0.074858 mb/sr,

   118.00 deg.: X-S =       0.073932 mb/sr,

   118.50 deg.: X-S =       0.073030 mb/sr,

   119.00 deg.: X-S =       0.072153 mb/sr,

   119.50 deg.: X-S =       0.071303 mb/sr,

   120.00 deg.: X-S =       0.070482 mb/sr,

   120.50 deg.: X-S =       0.069688 mb/sr,

   121.00 deg.: X-S =       0.068920 mb/sr,

   121.50 deg.: X-S =       0.068176 mb/sr,

   122.00 deg.: X-S =       0.067453 mb/sr,

   122.50 deg.: X-S =       0.066747 mb/sr,

   123.00 deg.: X-S =       0.066053 mb/sr,

   123.50 deg.: X-S =       0.065367 mb/sr,

   124.00 deg.: X-S =       0.064682 mb/sr,

   124.50 deg.: X-S =       0.063993 mb/sr,

   125.00 deg.: X-S =       0.063294 mb/sr,

   125.50 deg.: X-S =       0.062578 mb/sr,

   126.00 deg.: X-S =       0.061840 mb/sr,

   126.50 deg.: X-S =       0.061072 mb/sr,

   127.00 deg.: X-S =       0.060270 mb/sr,

   127.50 deg.: X-S =       0.059427 mb/sr,

   128.00 deg.: X-S =       0.058538 mb/sr,

   128.50 deg.: X-S =       0.057599 mb/sr,

   129.00 deg.: X-S =       0.056605 mb/sr,

   129.50 deg.: X-S =       0.055553 mb/sr,

   130.00 deg.: X-S =       0.054440 mb/sr,

   130.50 deg.: X-S =       0.053266 mb/sr,

   131.00 deg.: X-S =       0.052029 mb/sr,

   131.50 deg.: X-S =       0.050729 mb/sr,

   132.00 deg.: X-S =       0.049367 mb/sr,

   132.50 deg.: X-S =       0.047946 mb/sr,

   133.00 deg.: X-S =       0.046469 mb/sr,

   133.50 deg.: X-S =       0.044939 mb/sr,

   134.00 deg.: X-S =       0.043362 mb/sr,

   134.50 deg.: X-S =       0.041745 mb/sr,

   135.00 deg.: X-S =       0.040093 mb/sr,

   135.50 deg.: X-S =       0.038415 mb/sr,

   136.00 deg.: X-S =       0.036718 mb/sr,

   136.50 deg.: X-S =       0.035014 mb/sr,

   137.00 deg.: X-S =       0.033310 mb/sr,

   137.50 deg.: X-S =       0.031617 mb/sr,

   138.00 deg.: X-S =       0.029947 mb/sr,

   138.50 deg.: X-S =       0.028310 mb/sr,

   139.00 deg.: X-S =       0.026716 mb/sr,

   139.50 deg.: X-S =       0.025179 mb/sr,

   140.00 deg.: X-S =       0.023708 mb/sr,

   140.50 deg.: X-S =       0.022315 mb/sr,

   141.00 deg.: X-S =       0.021010 mb/sr,

   141.50 deg.: X-S =       0.019805 mb/sr,

   142.00 deg.: X-S =       0.018708 mb/sr,

   142.50 deg.: X-S =       0.017730 mb/sr,

   143.00 deg.: X-S =       0.016879 mb/sr,

   143.50 deg.: X-S =       0.016162 mb/sr,

   144.00 deg.: X-S =       0.015588 mb/sr,

   144.50 deg.: X-S =       0.015162 mb/sr,

   145.00 deg.: X-S =       0.014889 mb/sr,

   145.50 deg.: X-S =       0.014773 mb/sr,

   146.00 deg.: X-S =       0.014818 mb/sr,

   146.50 deg.: X-S =       0.015025 mb/sr,

   147.00 deg.: X-S =       0.015395 mb/sr,

   147.50 deg.: X-S =       0.015929 mb/sr,

   148.00 deg.: X-S =       0.016624 mb/sr,

   148.50 deg.: X-S =       0.017477 mb/sr,

   149.00 deg.: X-S =       0.018486 mb/sr,

   149.50 deg.: X-S =       0.019646 mb/sr,

   150.00 deg.: X-S =       0.020951 mb/sr,

   150.50 deg.: X-S =       0.022394 mb/sr,

   151.00 deg.: X-S =       0.023968 mb/sr,

   151.50 deg.: X-S =       0.025665 mb/sr,

   152.00 deg.: X-S =       0.027475 mb/sr,

   152.50 deg.: X-S =       0.029390 mb/sr,

   153.00 deg.: X-S =       0.031399 mb/sr,

   153.50 deg.: X-S =       0.033491 mb/sr,

   154.00 deg.: X-S =       0.035656 mb/sr,

   154.50 deg.: X-S =       0.037882 mb/sr,

   155.00 deg.: X-S =       0.040159 mb/sr,

   155.50 deg.: X-S =       0.042473 mb/sr,

   156.00 deg.: X-S =       0.044816 mb/sr,

   156.50 deg.: X-S =       0.047174 mb/sr,

   157.00 deg.: X-S =       0.049538 mb/sr,

   157.50 deg.: X-S =       0.051896 mb/sr,

   158.00 deg.: X-S =       0.054238 mb/sr,

   158.50 deg.: X-S =       0.056555 mb/sr,

   159.00 deg.: X-S =       0.058836 mb/sr,

   159.50 deg.: X-S =       0.061075 mb/sr,

   160.00 deg.: X-S =       0.063261 mb/sr,

   160.50 deg.: X-S =       0.065389 mb/sr,

   161.00 deg.: X-S =       0.067450 mb/sr,

   161.50 deg.: X-S =       0.069441 mb/sr,

   162.00 deg.: X-S =       0.071354 mb/sr,

   162.50 deg.: X-S =       0.073186 mb/sr,

   163.00 deg.: X-S =       0.074933 mb/sr,

   163.50 deg.: X-S =       0.076592 mb/sr,

   164.00 deg.: X-S =       0.078161 mb/sr,

   164.50 deg.: X-S =       0.079639 mb/sr,

   165.00 deg.: X-S =       0.081025 mb/sr,

   165.50 deg.: X-S =       0.082319 mb/sr,

   166.00 deg.: X-S =       0.083521 mb/sr,

   166.50 deg.: X-S =       0.084633 mb/sr,

   167.00 deg.: X-S =       0.085657 mb/sr,

   167.50 deg.: X-S =       0.086595 mb/sr,

   168.00 deg.: X-S =       0.087449 mb/sr,

   168.50 deg.: X-S =       0.088223 mb/sr,

   169.00 deg.: X-S =       0.088920 mb/sr,

   169.50 deg.: X-S =       0.089544 mb/sr,

   170.00 deg.: X-S =       0.090100 mb/sr,

   170.50 deg.: X-S =       0.090591 mb/sr,

   171.00 deg.: X-S =       0.091022 mb/sr,

   171.50 deg.: X-S =       0.091397 mb/sr,

   172.00 deg.: X-S =       0.091720 mb/sr,

   172.50 deg.: X-S =       0.091998 mb/sr,

   173.00 deg.: X-S =       0.092233 mb/sr,

   173.50 deg.: X-S =       0.092430 mb/sr,

   174.00 deg.: X-S =       0.092593 mb/sr,

   174.50 deg.: X-S =       0.092727 mb/sr,

   175.00 deg.: X-S =       0.092836 mb/sr,

   175.50 deg.: X-S =       0.092922 mb/sr,

   176.00 deg.: X-S =       0.092990 mb/sr,

   176.50 deg.: X-S =       0.093042 mb/sr,

   177.00 deg.: X-S =       0.093082 mb/sr,

   177.50 deg.: X-S =       0.093111 mb/sr,

   178.00 deg.: X-S =       0.093132 mb/sr,

   178.50 deg.: X-S =       0.093147 mb/sr,

   179.00 deg.: X-S =       0.093156 mb/sr,

   179.50 deg.: X-S =       0.093161 mb/sr,

   180.00 deg.: X-S =       0.093163 mb/sr,

                                           Integrated  1.4514E+00 mb, over [   0.000, 180.000] at    32.0000 MeV 
 Finished all xsecs @    5.65447187    



 Mean components of Elastic Optical Potential generated by channel couplings of type  1

     0.160     0.0000     0.0000     0.0000     0.0000     0.0000     0.0000
     0.320     0.0000     0.0000     0.0000     0.0000     0.0000     0.0000
     0.480     0.0000     0.0000     0.0000     0.0000     0.0000     0.0000
     0.640     0.0000     0.0000     0.0000     0.0000     0.0000     0.0000
     0.800     0.0000     0.0000     0.0000     0.0000     0.0000     0.0000
     0.960     0.0000     0.0000     0.0000     0.0000     0.0000     0.0000
     1.120     0.0000     0.0000     0.0000     0.0000     0.0000     0.0000
     1.280     0.0000     0.0000     0.0000     0.0000     0.0000     0.0000
     1.440     0.0000     0.0000     0.0000     0.0000     0.0000     0.0000
     1.600     0.0000     0.0000     0.0000     0.0000     0.0000     0.0000
     1.760     0.0000     0.0000     0.0000     0.0000     0.0000     0.0000
     1.920     0.0000     0.0000     0.0000     0.0000     0.0000     0.0000
     2.080     0.0000     0.0000     0.0000     0.0000     0.0000     0.0000
     2.240     0.0000     0.0000     0.0000     0.0000     0.0000     0.0000
     2.400     0.0000     0.0000     0.0000     0.0000     0.0000     0.0000
     2.560     0.0000     0.0000     0.0000     0.0000     0.0000     0.0000
     2.720     0.0000     0.0000     0.0000     0.0000     0.0000     0.0000
     2.880     0.0000     0.0000     0.0000     0.0000     0.0000     0.0000
     3.040     0.0000     0.0000     0.0000     0.0000     0.0000     0.0000
     3.200     0.0000     0.0000     0.0000     0.0000     0.0000     0.0000
     3.360     0.0000     0.0000     0.0000     0.0000     0.0000     0.0000
     3.520     0.0000     0.0000     0.0000     0.0000     0.0000     0.0000
     3.680     0.0000     0.0000     0.0000     0.0000     0.0000     0.0000
     3.840     0.0000     0.0000     0.0000     0.0000     0.0000     0.0000
     4.000     0.0000     0.0000     0.0000     0.0000     0.0000     0.0000
     4.160     0.0000     0.0000     0.0000     0.0000     0.0000     0.0000
     4.320     0.0000     0.0000     0.0000     0.0000     0.0000     0.0000
     4.480     0.0000     0.0000     0.0000     0.0000     0.0000     0.0000
     4.640     0.0000     0.0000     0.0000     0.0000     0.0000     0.0000
     4.800     0.0000     0.0000     0.0000     0.0000     0.0000     0.0000
     4.960     0.0000     0.0000     0.0000     0.0000     0.0000     0.0000
     5.120     0.0000     0.0000     0.0000     0.0000     0.0000     0.0000
     5.280     0.0000     0.0000     0.0000     0.0000     0.0000     0.0000
     5.440     0.0000     0.0000     0.0000     0.0000     0.0000     0.0000
     5.600     0.0000     0.0000     0.0000     0.0000     0.0000     0.0000
     5.760     0.0000     0.0000     0.0000     0.0000     0.0000     0.0000
     5.920     0.0000     0.0000     0.0000     0.0000     0.0000     0.0000
     6.080     0.0000     0.0000     0.0000     0.0000     0.0000     0.0000
     6.240     0.0000     0.0000     0.0000     0.0000     0.0000     0.0000
     6.400     0.0000     0.0000     0.0000     0.0000     0.0000     0.0000
     6.560     0.0000     0.0000     0.0000     0.0000     0.0000     0.0000
     6.720     0.0000     0.0000     0.0000     0.0000     0.0000     0.0000
     6.880     0.0000     0.0000     0.0000     0.0000     0.0000     0.0000
     7.040     0.0000     0.0000     0.0000     0.0000     0.0000     0.0000
     7.200     0.0000     0.0000     0.0000     0.0000     0.0000     0.0000
     7.360     0.0000     0.0000     0.0000     0.0000     0.0000     0.0000
     7.520     0.0000     0.0000     0.0000     0.0000     0.0000     0.0000
     7.680     0.0000     0.0000     0.0000     0.0000     0.0000     0.0000
     7.840     0.0000     0.0000     0.0000     0.0000     0.0000     0.0000
     8.000     0.0000     0.0000     0.0000     0.0000     0.0000     0.0000
     8.160     0.0000     0.0000     0.0000     0.0000     0.0000     0.0000
     8.320     0.0000     0.0000     0.0000     0.0000     0.0000     0.0000
     8.480     0.0000     0.0000     0.0000     0.0000     0.0000     0.0000
     8.640     0.0000     0.0000     0.0000     0.0000     0.0000     0.0000
     8.800     0.0000     0.0000     0.0000     0.0000     0.0000     0.0000
     8.960     0.0000     0.0000     0.0000     0.0000     0.0000     0.0000
     9.120     0.0000     0.0000     0.0000     0.0000     0.0000     0.0000
     9.280     0.0000     0.0000     0.0000     0.0000     0.0000     0.0000
     9.440     0.0000     0.0000     0.0000     0.0000     0.0000     0.0000
     9.600     0.0000     0.0000     0.0000     0.0000     0.0000     0.0000
     9.760     0.0000     0.0000     0.0000     0.0000     0.0000     0.0000
     9.920     0.0000     0.0000     0.0000     0.0000     0.0000     0.0000
    10.080     0.0000     0.0000     0.0000     0.0000     0.0000     0.0000
    10.240     0.0000     0.0000     0.0000     0.0000     0.0000     0.0000
    10.400     0.0000     0.0000     0.0000     0.0000     0.0000     0.0000
    10.560     0.0000     0.0000     0.0000     0.0000     0.0000     0.0000
    10.720     0.0000     0.0000     0.0000     0.0000     0.0000     0.0000
    10.880     0.0000     0.0000     0.0000     0.0000     0.0000     0.0000
    11.040     0.0000     0.0000     0.0000     0.0000     0.0000     0.0000
    11.200     0.0000     0.0000     0.0000     0.0000     0.0000     0.0000
    11.360     0.0000     0.0000     0.0000     0.0000     0.0000     0.0000
    11.520     0.0000     0.0000     0.0000     0.0000     0.0000     0.0000
    11.680     0.0000     0.0000     0.0000     0.0000     0.0000     0.0000
    11.840     0.0000     0.0000     0.0000     0.0000     0.0000     0.0000
    12.000     0.0000     0.0000     0.0000     0.0000     0.0000     0.0000
    12.160     0.0000     0.0000     0.0000     0.0000     0.0000     0.0000
    12.320     0.0000     0.0000     0.0000     0.0000     0.0000     0.0000
    12.480     0.0000     0.0000     0.0000     0.0000     0.0000     0.0000
    12.640     0.0000     0.0000     0.0000     0.0000     0.0000     0.0000
    12.800     0.0000     0.0000     0.0000     0.0000     0.0000     0.0000
    12.960     0.0000     0.0000     0.0000     0.0000     0.0000     0.0000
    13.120     0.0000     0.0000     0.0000     0.0000     0.0000     0.0000
    13.280     0.0000     0.0000     0.0000     0.0000     0.0000     0.0000
    13.440     0.0000     0.0000     0.0000     0.0000     0.0000     0.0000
    13.600     0.0000     0.0000     0.0000     0.0000     0.0000     0.0000
    13.760     0.0000     0.0000     0.0000     0.0000     0.0000     0.0000
    13.920     0.0000     0.0000     0.0000     0.0000     0.0000     0.0000
    14.080     0.0000     0.0000     0.0000     0.0000     0.0000     0.0000
    14.240     0.0000     0.0000     0.0000     0.0000     0.0000     0.0000
    14.400     0.0000     0.0000     0.0000     0.0000     0.0000     0.0000
    14.560     0.0000     0.0000     0.0000     0.0000     0.0000     0.0000
    14.720     0.0000     0.0000     0.0000     0.0000     0.0000     0.0000
    14.880     0.0000     0.0000     0.0000     0.0000     0.0000     0.0000
    15.040     0.0000     0.0000     0.0000     0.0000     0.0000     0.0000
    15.200     0.0000     0.0000     0.0000     0.0000     0.0000     0.0000
    15.360     0.0000     0.0000     0.0000     0.0000     0.0000     0.0000
    15.520     0.0000     0.0000     0.0000     0.0000     0.0000     0.0000
    15.680     0.0000     0.0000     0.0000     0.0000     0.0000     0.0000
    15.840     0.0000     0.0000     0.0000     0.0000     0.0000     0.0000
    16.000     0.0000     0.0000     0.0000     0.0000     0.0000     0.0000
    16.160     0.0000     0.0000     0.0000     0.0000     0.0000     0.0000
    16.320     0.0000     0.0000     0.0000     0.0000     0.0000     0.0000
    16.480     0.0000     0.0000     0.0000     0.0000     0.0000     0.0000
    16.640     0.0000     0.0000     0.0000     0.0000     0.0000     0.0000
    16.800     0.0000     0.0000     0.0000     0.0000     0.0000     0.0000
    16.960     0.0000     0.0000     0.0000     0.0000     0.0000     0.0000
    17.120     0.0000     0.0000     0.0000     0.0000     0.0000     0.0000
    17.280     0.0000     0.0000     0.0000     0.0000     0.0000     0.0000
    17.440     0.0000     0.0000     0.0000     0.0000     0.0000     0.0000
    17.600     0.0000     0.0000     0.0000     0.0000     0.0000     0.0000
    17.760     0.0000     0.0000     0.0000     0.0000     0.0000     0.0000
    17.920     0.0000     0.0000     0.0000     0.0000     0.0000     0.0000

 BPM: Using the real scalar part of the  Elastic Channel Potential

 Incident energy (cm) =  19.191. Fusion inside radius of   3.897 fm.

 L =  0, Barrier =  3.62-17.12, Peak @  7.52  3.62, Tl = 1.0000: Xsec-F =   9.485 mb
 L =  1, Barrier =  3.97-16.91, Peak @  7.36  3.97, Tl = 1.0000: Xsec-F =  28.454 mb
 L =  2, Barrier =  4.53-16.46, Peak @  7.12  4.53, Tl = 1.0000: Xsec-F =  47.424 mb
 L =  3, Barrier =  5.83-15.74, Peak @  6.72  5.83, Tl = 1.0000: Xsec-F =  66.393 mb
 L =  4, Barrier =  7.01-14.67, Peak @  6.40  7.01, Tl = 1.0000: Xsec-F =  85.362 mb
 L =  5, Barrier =  8.40-13.18, Peak @  6.08  8.40, Tl = 0.9999: Xsec-F = 104.326 mb
 L =  6, Barrier = 10.05-11.19, Peak @  5.76 10.05, Tl = 0.9991: Xsec-F = 123.189 mb
 L =  7, Barrier = 11.96 -8.61, Peak @  5.44 11.96, Tl = 0.9893: Xsec-F = 140.742 mb
 L =  8, Barrier = 14.06 -5.29, Peak @  5.12 14.06, Tl = 0.9142: Xsec-F = 147.398 mb
 L =  9, Barrier = 16.38 -1.08, Peak @  4.80 16.38, Tl = 0.6025: Xsec-F = 108.568 mb
 L = 10, Barrier = 16.38  4.24, Turn @  0.00  5.92, Tl = 0.0577: Xsec-F =  11.486 mb
 L = 11, Barrier = 16.38 11.10, Turn @  0.00  6.64, Tl = 0.0036: Xsec-F =   0.777 mb
 L = 12, Barrier = 16.38 20.02, Turn @  0.00  7.20, Tl = 0.0002: Xsec-F =   0.055 mb
 L = 13, Barrier = 16.38 29.82, Turn @  0.00  7.84, Tl = 0.0000: Xsec-F =   0.004 mb
0Cumulative FUSION cross section by BPM (case 1)   =  0.874E+03  <L> =     5.94  <L**2> =     40.7

 BPM: Using the real scalar part of the  Elastic Channel Potential
 Including CRC local equivalent potential.

 Incident energy (cm) =  19.191. Fusion inside radius of   3.897 fm.

 L =  0, Barrier =  3.62-17.12, Peak @  7.52  3.62, Tl = 1.0000: Xsec-F =   9.485 mb
 L =  1, Barrier =  3.97-16.91, Peak @  7.36  3.97, Tl = 1.0000: Xsec-F =  28.454 mb
 L =  2, Barrier =  4.53-16.46, Peak @  7.12  4.53, Tl = 1.0000: Xsec-F =  47.424 mb
 L =  3, Barrier =  5.83-15.74, Peak @  6.72  5.83, Tl = 1.0000: Xsec-F =  66.393 mb
 L =  4, Barrier =  7.01-14.67, Peak @  6.40  7.01, Tl = 1.0000: Xsec-F =  85.362 mb
 L =  5, Barrier =  8.40-13.18, Peak @  6.08  8.40, Tl = 0.9999: Xsec-F = 104.326 mb
 L =  6, Barrier = 10.05-11.19, Peak @  5.76 10.05, Tl = 0.9991: Xsec-F = 123.189 mb
 L =  7, Barrier = 11.96 -8.61, Peak @  5.44 11.96, Tl = 0.9893: Xsec-F = 140.742 mb
 L =  8, Barrier = 14.06 -5.29, Peak @  5.12 14.06, Tl = 0.9142: Xsec-F = 147.398 mb
 L =  9, Barrier = 16.38 -1.08, Peak @  4.80 16.38, Tl = 0.6025: Xsec-F = 108.568 mb
 L = 10, Barrier = 16.38  4.24, Turn @  0.00  5.92, Tl = 0.0577: Xsec-F =  11.486 mb
 L = 11, Barrier = 16.38 11.10, Turn @  0.00  6.64, Tl = 0.0036: Xsec-F =   0.777 mb
 L = 12, Barrier = 16.38 20.02, Turn @  0.00  7.20, Tl = 0.0002: Xsec-F =   0.055 mb
 L = 13, Barrier = 16.38 29.82, Turn @  0.00  7.84, Tl = 0.0000: Xsec-F =   0.004 mb
0Cumulative FUSION cross section by BPM (case 2)   =  0.874E+03  <L> =     5.94  <L**2> =     40.7
0Fusion at  32.000 MeV: Bare =  8.737E+02, Actual =  1.346E+03, BPM-equiv =  8.737E+02 mb

  The following files have been created:
   3:local copy of User input.            6:standard output.                   
  12:transfer kernels.                   13:total cross sections/state.        
  15:local equivalent potentials.        16:tables of cross sections.          
  17:output scattering waves.            35:Astrophysics S-factors  / Ecm.     
  37:output scattering FAM amplitudes.   39:cross sections for each Ecm.       
  40:all cross sectns. for each Elab.    46:bs wave functions & ANC ratios.    
  56:Fusion for each Jtotal.             75:S-factors for lab energies.        
  90:average polarisation potential.     91:polarisation potl for rereading.   
 201:Separate cross sections.           202:Separate cross sections.           
 203:Separate cross sections.           204:Separate cross sections.           

 PARAMETERS : MAXQRN   MLOC  LMAX1 MCLIST     MFNL  MPWCOUP
    ALLOWED :      4      9     45      5      576        0
    REQUIRED:      2      9     29      3       66        0


 ACCURACY ANALYSIS at    32.000 MeV :

  Elastic h*k = 0.146 so OK       compared with 0.200

   Real(S-el) > 0.01 first at J =       0.5
   Real(S-el) > 0.10 first at J =       0.5
   Real(S-el) > 0.50 first at J =       8.5
   Real(S-el) > 0.90 first at J =      10.5
   Real(S-el) > 0.99 first at J =      13.5
   R-turn =    14.47 fm    at J =      25.5

 Forward-angle excitation cut off below   3.611 deg by max JT =      25.5
                              and below   2.879 deg by max R.


 1: Recommended RNL: non-local width >  14.04 cf:  15.04 fm: OK      
    Recommended CENTRE: centration   ~   1.22 cf:   0.08 fm


 2: Recommended RNL: non-local width >   9.24 cf:  15.04 fm: OK      
    Recommended CENTRE: centration   ~  -0.28 cf:   0.08 fm


 3: Recommended RNL: non-local width >  13.70 cf:  15.04 fm: OK      
    Recommended CENTRE: centration   ~   1.21 cf:   0.08 fm

 Total CPU  0 time =       5.66 seconds
